30-10-2024 12:28:56 - INFO - Count value updated in GUI!
30-10-2024 12:29:04 - INFO - Sending request to Setting Chmaber Zones to a= 0, b= 0, c= 0, d= 0 with timeout of 5s...
30-10-2024 12:29:04 - INFO - Sending request to Setting Chmaber Zones to a= 0.030348000000000073, b= 0.007587000000000018, c= 0.030348000000000073, d= 0.007587000000000018 with timeout of 5s...
30-10-2024 12:29:04 - INFO - Setting Chmaber Zones to a= 0.030348000000000073, b= 0.007587000000000018, c= 0.030348000000000073, d= 0.007587000000000018 request successfully sent.
30-10-2024 12:29:04 - INFO - Response from moonraker: {'result': 'ok'}
30-10-2024 12:29:04 - INFO - Setting Chmaber Zones to a= 0.030348000000000073, b= 0.007587000000000018, c= 0.030348000000000073, d= 0.007587000000000018 Request successfully executed.
30-10-2024 12:29:04 - INFO - Setting Chmaber Zones to a= 0.030348000000000073, b= 0.007587000000000018, c= 0.030348000000000073, d= 0.007587000000000018 request successfully sent.
30-10-2024 12:29:04 - INFO - Response from moonraker: {'result': 'ok'}
30-10-2024 12:29:04 - INFO - Setting Chmaber Zones to a= 0.030348000000000073, b= 0.007587000000000018, c= 0.030348000000000073, d= 0.007587000000000018 Request successfully executed.
30-10-2024 12:29:04 - INFO - Sending request to Setting Chmaber Zones to a= 0.03009600000000007, b= 0.007524000000000018, c= 0.03009600000000007, d= 0.007524000000000018 with timeout of 5s...
30-10-2024 12:29:04 - INFO - Setting Chmaber Zones to a= 0.03009600000000007, b= 0.007524000000000018, c= 0.03009600000000007, d= 0.007524000000000018 request successfully sent.
30-10-2024 12:29:04 - INFO - Response from moonraker: {'result': 'ok'}
30-10-2024 12:29:04 - INFO - Setting Chmaber Zones to a= 0.03009600000000007, b= 0.007524000000000018, c= 0.03009600000000007, d= 0.007524000000000018 Request successfully executed.
30-10-2024 12:29:04 - INFO - Sending request to Setting Chmaber Zones to a= 0.030144000000000074, b= 0.007536000000000018, c= 0.030144000000000074, d= 0.007536000000000018 with timeout of 5s...
30-10-2024 12:29:04 - INFO - Setting Chmaber Zones to a= 0.030144000000000074, b= 0.007536000000000018, c= 0.030144000000000074, d= 0.007536000000000018 request successfully sent.
30-10-2024 12:29:04 - INFO - Response from moonraker: {'result': 'ok'}
30-10-2024 12:29:04 - INFO - Setting Chmaber Zones to a= 0.030144000000000074, b= 0.007536000000000018, c= 0.030144000000000074, d= 0.007536000000000018 Request successfully executed.
30-10-2024 12:29:05 - INFO - Sending request to Setting Chmaber Zones to a= 0.030192000000000073, b= 0.007548000000000018, c= 0.030192000000000073, d= 0.007548000000000018 with timeout of 5s...
30-10-2024 12:29:05 - INFO - Setting Chmaber Zones to a= 0.030192000000000073, b= 0.007548000000000018, c= 0.030192000000000073, d= 0.007548000000000018 request successfully sent.
30-10-2024 12:29:05 - INFO - Response from moonraker: {'result': 'ok'}
30-10-2024 12:29:05 - INFO - Setting Chmaber Zones to a= 0.030192000000000073, b= 0.007548000000000018, c= 0.030192000000000073, d= 0.007548000000000018 Request successfully executed.
30-10-2024 12:29:05 - INFO - Sending request to Setting Chmaber Zones to a= 0.030240000000000072, b= 0.007560000000000018, c= 0.030240000000000072, d= 0.007560000000000018 with timeout of 5s...
30-10-2024 12:29:05 - INFO - Setting Chmaber Zones to a= 0.030240000000000072, b= 0.007560000000000018, c= 0.030240000000000072, d= 0.007560000000000018 request successfully sent.
30-10-2024 12:29:05 - INFO - Response from moonraker: {'result': 'ok'}
30-10-2024 12:29:05 - INFO - Setting Chmaber Zones to a= 0.030240000000000072, b= 0.007560000000000018, c= 0.030240000000000072, d= 0.007560000000000018 Request successfully executed.
30-10-2024 12:29:05 - INFO - Sending request to Setting Chmaber Zones to a= 0.030288000000000072, b= 0.007572000000000018, c= 0.030288000000000072, d= 0.007572000000000018 with timeout of 5s...
30-10-2024 12:29:05 - INFO - Setting Chmaber Zones to a= 0.030288000000000072, b= 0.007572000000000018, c= 0.030288000000000072, d= 0.007572000000000018 request successfully sent.
30-10-2024 12:29:05 - INFO - Response from moonraker: {'result': 'ok'}
30-10-2024 12:29:05 - INFO - Setting Chmaber Zones to a= 0.030288000000000072, b= 0.007572000000000018, c= 0.030288000000000072, d= 0.007572000000000018 Request successfully executed.
30-10-2024 12:29:05 - INFO - Sending request to Setting Chmaber Zones to a= 0.03033600000000007, b= 0.007584000000000018, c= 0.03033600000000007, d= 0.007584000000000018 with timeout of 5s...
30-10-2024 12:29:05 - INFO - Setting Chmaber Zones to a= 0.03033600000000007, b= 0.007584000000000018, c= 0.03033600000000007, d= 0.007584000000000018 request successfully sent.
30-10-2024 12:29:05 - INFO - Response from moonraker: {'result': 'ok'}
30-10-2024 12:29:05 - INFO - Setting Chmaber Zones to a= 0.03033600000000007, b= 0.007584000000000018, c= 0.03033600000000007, d= 0.007584000000000018 Request successfully executed.
30-10-2024 12:29:05 - INFO - Sending request to Setting Chmaber Zones to a= 0.030384000000000074, b= 0.0075960000000000185, c= 0.030384000000000074, d= 0.0075960000000000185 with timeout of 5s...
30-10-2024 12:29:06 - INFO - Setting Chmaber Zones to a= 0.030384000000000074, b= 0.0075960000000000185, c= 0.030384000000000074, d= 0.0075960000000000185 request successfully sent.
30-10-2024 12:29:06 - INFO - Response from moonraker: {'result': 'ok'}
30-10-2024 12:29:06 - INFO - Setting Chmaber Zones to a= 0.030384000000000074, b= 0.0075960000000000185, c= 0.030384000000000074, d= 0.0075960000000000185 Request successfully executed.
30-10-2024 12:29:06 - INFO - Sending request to Setting Chmaber Zones to a= 0.030432000000000074, b= 0.007608000000000018, c= 0.030432000000000074, d= 0.007608000000000018 with timeout of 5s...
30-10-2024 12:29:06 - INFO - Setting Chmaber Zones to a= 0.030432000000000074, b= 0.007608000000000018, c= 0.030432000000000074, d= 0.007608000000000018 request successfully sent.
30-10-2024 12:29:06 - INFO - Response from moonraker: {'result': 'ok'}
30-10-2024 12:29:06 - INFO - Setting Chmaber Zones to a= 0.030432000000000074, b= 0.007608000000000018, c= 0.030432000000000074, d= 0.007608000000000018 Request successfully executed.
30-10-2024 12:29:06 - INFO - Sending request to Setting Chmaber Zones to a= 0.025422000000000004, b= 0.006355500000000001, c= 0.025422000000000004, d= 0.006355500000000001 with timeout of 5s...
30-10-2024 12:29:06 - INFO - Setting Chmaber Zones to a= 0.025422000000000004, b= 0.006355500000000001, c= 0.025422000000000004, d= 0.006355500000000001 request successfully sent.
30-10-2024 12:29:06 - INFO - Response from moonraker: {'result': 'ok'}
30-10-2024 12:29:06 - INFO - Setting Chmaber Zones to a= 0.025422000000000004, b= 0.006355500000000001, c= 0.025422000000000004, d= 0.006355500000000001 Request successfully executed.
30-10-2024 12:29:06 - INFO - Sending request to Setting Chmaber Zones to a= 0.025512, b= 0.006378, c= 0.025512, d= 0.006378 with timeout of 5s...
30-10-2024 12:29:06 - INFO - Setting Chmaber Zones to a= 0.025512, b= 0.006378, c= 0.025512, d= 0.006378 request successfully sent.
30-10-2024 12:29:06 - INFO - Response from moonraker: {'result': 'ok'}
30-10-2024 12:29:06 - INFO - Setting Chmaber Zones to a= 0.025512, b= 0.006378, c= 0.025512, d= 0.006378 Request successfully executed.
30-10-2024 12:29:06 - INFO - Sending request to Setting Chmaber Zones to a= 0.025552000000000002, b= 0.0063880000000000004, c= 0.025552000000000002, d= 0.0063880000000000004 with timeout of 5s...
30-10-2024 12:29:06 - INFO - Setting Chmaber Zones to a= 0.025552000000000002, b= 0.0063880000000000004, c= 0.025552000000000002, d= 0.0063880000000000004 request successfully sent.
30-10-2024 12:29:06 - INFO - Response from moonraker: {'result': 'ok'}
30-10-2024 12:29:06 - INFO - Setting Chmaber Zones to a= 0.025552000000000002, b= 0.0063880000000000004, c= 0.025552000000000002, d= 0.0063880000000000004 Request successfully executed.
30-10-2024 12:29:06 - INFO - Sending request to Setting Chmaber Zones to a= 0.025592000000000007, b= 0.006398000000000002, c= 0.025592000000000007, d= 0.006398000000000002 with timeout of 5s...
30-10-2024 12:29:07 - INFO - Setting Chmaber Zones to a= 0.025592000000000007, b= 0.006398000000000002, c= 0.025592000000000007, d= 0.006398000000000002 request successfully sent.
30-10-2024 12:29:07 - INFO - Response from moonraker: {'result': 'ok'}
30-10-2024 12:29:07 - INFO - Setting Chmaber Zones to a= 0.025592000000000007, b= 0.006398000000000002, c= 0.025592000000000007, d= 0.006398000000000002 Request successfully executed.
30-10-2024 12:29:07 - INFO - Sending request to Setting Chmaber Zones to a= 0.025632000000000002, b= 0.0064080000000000005, c= 0.025632000000000002, d= 0.0064080000000000005 with timeout of 5s...
30-10-2024 12:29:07 - INFO - Setting Chmaber Zones to a= 0.025632000000000002, b= 0.0064080000000000005, c= 0.025632000000000002, d= 0.0064080000000000005 request successfully sent.
30-10-2024 12:29:07 - INFO - Response from moonraker: {'result': 'ok'}
30-10-2024 12:29:07 - INFO - Setting Chmaber Zones to a= 0.025632000000000002, b= 0.0064080000000000005, c= 0.025632000000000002, d= 0.0064080000000000005 Request successfully executed.
30-10-2024 12:29:07 - INFO - Sending request to Setting Chmaber Zones to a= 0.02061399999999993, b= 0.005153499999999983, c= 0.02061399999999993, d= 0.005153499999999983 with timeout of 5s...
30-10-2024 12:29:07 - INFO - Setting Chmaber Zones to a= 0.02061399999999993, b= 0.005153499999999983, c= 0.02061399999999993, d= 0.005153499999999983 request successfully sent.
30-10-2024 12:29:07 - INFO - Response from moonraker: {'result': 'ok'}
30-10-2024 12:29:07 - INFO - Setting Chmaber Zones to a= 0.02061399999999993, b= 0.005153499999999983, c= 0.02061399999999993, d= 0.005153499999999983 Request successfully executed.
30-10-2024 12:29:07 - INFO - Sending request to Setting Chmaber Zones to a= 0.020695999999999933, b= 0.005173999999999983, c= 0.020695999999999933, d= 0.005173999999999983 with timeout of 5s...
30-10-2024 12:29:07 - INFO - Setting Chmaber Zones to a= 0.020695999999999933, b= 0.005173999999999983, c= 0.020695999999999933, d= 0.005173999999999983 request successfully sent.
30-10-2024 12:29:07 - INFO - Response from moonraker: {'result': 'ok'}
30-10-2024 12:29:07 - INFO - Setting Chmaber Zones to a= 0.020695999999999933, b= 0.005173999999999983, c= 0.020695999999999933, d= 0.005173999999999983 Request successfully executed.
30-10-2024 12:29:07 - INFO - Sending request to Setting Chmaber Zones to a= 0.015670000000000038, b= 0.0039175000000000095, c= 0.015670000000000038, d= 0.0039175000000000095 with timeout of 5s...
30-10-2024 12:29:07 - INFO - Setting Chmaber Zones to a= 0.015670000000000038, b= 0.0039175000000000095, c= 0.015670000000000038, d= 0.0039175000000000095 request successfully sent.
30-10-2024 12:29:07 - INFO - Response from moonraker: {'result': 'ok'}
30-10-2024 12:29:07 - INFO - Setting Chmaber Zones to a= 0.015670000000000038, b= 0.0039175000000000095, c= 0.015670000000000038, d= 0.0039175000000000095 Request successfully executed.
30-10-2024 12:29:07 - INFO - Sending request to Setting Chmaber Zones to a= 0.010685999999999965, b= 0.002671499999999991, c= 0.010685999999999965, d= 0.002671499999999991 with timeout of 5s...
30-10-2024 12:29:08 - INFO - Setting Chmaber Zones to a= 0.010685999999999965, b= 0.002671499999999991, c= 0.010685999999999965, d= 0.002671499999999991 request successfully sent.
30-10-2024 12:29:08 - INFO - Response from moonraker: {'result': 'ok'}
30-10-2024 12:29:08 - INFO - Setting Chmaber Zones to a= 0.010685999999999965, b= 0.002671499999999991, c= 0.010685999999999965, d= 0.002671499999999991 Request successfully executed.
30-10-2024 12:29:08 - INFO - Sending request to Setting Chmaber Zones to a= 0.010751999999999966, b= 0.0026879999999999916, c= 0.010751999999999966, d= 0.0026879999999999916 with timeout of 5s...
30-10-2024 12:29:08 - INFO - Setting Chmaber Zones to a= 0.010751999999999966, b= 0.0026879999999999916, c= 0.010751999999999966, d= 0.0026879999999999916 request successfully sent.
30-10-2024 12:29:08 - INFO - Response from moonraker: {'result': 'ok'}
30-10-2024 12:29:08 - INFO - Setting Chmaber Zones to a= 0.010751999999999966, b= 0.0026879999999999916, c= 0.010751999999999966, d= 0.0026879999999999916 Request successfully executed.
30-10-2024 12:29:08 - INFO - Sending request to Setting Chmaber Zones to a= 0.0057100000000000735, b= 0.0014275000000000184, c= 0.0057100000000000735, d= 0.0014275000000000184 with timeout of 5s...
30-10-2024 12:29:08 - INFO - Setting Chmaber Zones to a= 0.0057100000000000735, b= 0.0014275000000000184, c= 0.0057100000000000735, d= 0.0014275000000000184 request successfully sent.
30-10-2024 12:29:08 - INFO - Response from moonraker: {'result': 'ok'}
30-10-2024 12:29:08 - INFO - Setting Chmaber Zones to a= 0.0057100000000000735, b= 0.0014275000000000184, c= 0.0057100000000000735, d= 0.0014275000000000184 Request successfully executed.
30-10-2024 12:29:08 - INFO - Sending request to Setting Chmaber Zones to a= 0.005768000000000073, b= 0.0014420000000000184, c= 0.005768000000000073, d= 0.0014420000000000184 with timeout of 5s...
30-10-2024 12:29:08 - INFO - Setting Chmaber Zones to a= 0.005768000000000073, b= 0.0014420000000000184, c= 0.005768000000000073, d= 0.0014420000000000184 request successfully sent.
30-10-2024 12:29:08 - INFO - Response from moonraker: {'result': 'ok'}
30-10-2024 12:29:08 - INFO - Setting Chmaber Zones to a= 0.005768000000000073, b= 0.0014420000000000184, c= 0.005768000000000073, d= 0.0014420000000000184 Request successfully executed.
30-10-2024 12:29:08 - INFO - Sending request to Setting Chmaber Zones to a= 0.005776000000000072, b= 0.001444000000000018, c= 0.005776000000000072, d= 0.001444000000000018 with timeout of 5s...
30-10-2024 12:29:08 - INFO - Setting Chmaber Zones to a= 0.005776000000000072, b= 0.001444000000000018, c= 0.005776000000000072, d= 0.001444000000000018 request successfully sent.
30-10-2024 12:29:08 - INFO - Response from moonraker: {'result': 'ok'}
30-10-2024 12:29:08 - INFO - Setting Chmaber Zones to a= 0.005776000000000072, b= 0.001444000000000018, c= 0.005776000000000072, d= 0.001444000000000018 Request successfully executed.
30-10-2024 12:29:08 - INFO - Sending request to Setting Chmaber Zones to a= 0.005784000000000072, b= 0.001446000000000018, c= 0.005784000000000072, d= 0.001446000000000018 with timeout of 5s...
30-10-2024 12:29:09 - INFO - Setting Chmaber Zones to a= 0.005784000000000072, b= 0.001446000000000018, c= 0.005784000000000072, d= 0.001446000000000018 request successfully sent.
30-10-2024 12:29:09 - INFO - Response from moonraker: {'result': 'ok'}
30-10-2024 12:29:09 - INFO - Setting Chmaber Zones to a= 0.005784000000000072, b= 0.001446000000000018, c= 0.005784000000000072, d= 0.001446000000000018 Request successfully executed.
30-10-2024 12:29:09 - INFO - Sending request to Setting Chmaber Zones to a= 0.005792000000000072, b= 0.001448000000000018, c= 0.005792000000000072, d= 0.001448000000000018 with timeout of 5s...
30-10-2024 12:29:09 - INFO - Setting Chmaber Zones to a= 0.005792000000000072, b= 0.001448000000000018, c= 0.005792000000000072, d= 0.001448000000000018 request successfully sent.
30-10-2024 12:29:09 - INFO - Response from moonraker: {'result': 'ok'}
30-10-2024 12:29:09 - INFO - Setting Chmaber Zones to a= 0.005792000000000072, b= 0.001448000000000018, c= 0.005792000000000072, d= 0.001448000000000018 Request successfully executed.
30-10-2024 12:29:09 - INFO - Sending request to Setting Chmaber Zones to a= 0.0058000000000000725, b= 0.0014500000000000181, c= 0.0058000000000000725, d= 0.0014500000000000181 with timeout of 5s...
30-10-2024 12:29:09 - INFO - Setting Chmaber Zones to a= 0.0058000000000000725, b= 0.0014500000000000181, c= 0.0058000000000000725, d= 0.0014500000000000181 request successfully sent.
30-10-2024 12:29:09 - INFO - Response from moonraker: {'result': 'ok'}
30-10-2024 12:29:09 - INFO - Setting Chmaber Zones to a= 0.0058000000000000725, b= 0.0014500000000000181, c= 0.0058000000000000725, d= 0.0014500000000000181 Request successfully executed.
30-10-2024 12:29:09 - INFO - Sending request to Setting Chmaber Zones to a= 0.0005000000000000006, b= 0.00012500000000000014, c= 0.0005000000000000006, d= 0.00012500000000000014 with timeout of 5s...
30-10-2024 12:29:09 - INFO - Setting Chmaber Zones to a= 0.0005000000000000006, b= 0.00012500000000000014, c= 0.0005000000000000006, d= 0.00012500000000000014 request successfully sent.
30-10-2024 12:29:09 - INFO - Response from moonraker: {'result': 'ok'}
30-10-2024 12:29:09 - INFO - Setting Chmaber Zones to a= 0.0005000000000000006, b= 0.00012500000000000014, c= 0.0005000000000000006, d= 0.00012500000000000014 Request successfully executed.
30-10-2024 12:29:09 - INFO - Sending request to Setting Chmaber Zones to a= 0.0005333333333333343, b= 0.00013333333333333358, c= 0.0005333333333333343, d= 0.00013333333333333358 with timeout of 5s...
30-10-2024 12:29:09 - INFO - Setting Chmaber Zones to a= 0.0005333333333333343, b= 0.00013333333333333358, c= 0.0005333333333333343, d= 0.00013333333333333358 request successfully sent.
30-10-2024 12:29:09 - INFO - Response from moonraker: {'result': 'ok'}
30-10-2024 12:29:09 - INFO - Setting Chmaber Zones to a= 0.0005333333333333343, b= 0.00013333333333333358, c= 0.0005333333333333343, d= 0.00013333333333333358 Request successfully executed.
30-10-2024 12:29:09 - INFO - Sending request to Setting Chmaber Zones to a= 0.0, b= 0.0, c= 0.0, d= 0.0 with timeout of 5s...
30-10-2024 12:29:10 - INFO - Setting Chmaber Zones to a= 0.0, b= 0.0, c= 0.0, d= 0.0 request successfully sent.
30-10-2024 12:29:10 - INFO - Response from moonraker: {'result': 'ok'}
30-10-2024 12:29:10 - INFO - Setting Chmaber Zones to a= 0.0, b= 0.0, c= 0.0, d= 0.0 Request successfully executed.
30-10-2024 12:29:10 - INFO - Sending request to Setting Chmaber Zones to a= 0.0, b= 0.0, c= 0.0, d= 0.0 with timeout of 5s...
30-10-2024 12:29:10 - INFO - Setting Chmaber Zones to a= 0.0, b= 0.0, c= 0.0, d= 0.0 request successfully sent.
30-10-2024 12:29:10 - INFO - Response from moonraker: {'result': 'ok'}
30-10-2024 12:29:10 - INFO - Setting Chmaber Zones to a= 0.0, b= 0.0, c= 0.0, d= 0.0 Request successfully executed.
30-10-2024 12:29:10 - INFO - Sending request to Setting Chmaber Zones to a= 0.0, b= 0.0, c= 0.0, d= 0.0 with timeout of 5s...
30-10-2024 12:29:10 - INFO - Setting Chmaber Zones to a= 0.0, b= 0.0, c= 0.0, d= 0.0 request successfully sent.
30-10-2024 12:29:10 - INFO - Response from moonraker: {'result': 'ok'}
30-10-2024 12:29:10 - INFO - Setting Chmaber Zones to a= 0.0, b= 0.0, c= 0.0, d= 0.0 Request successfully executed.
30-10-2024 12:29:10 - INFO - Sending request to Setting Chmaber Zones to a= 0.0, b= 0.0, c= 0.0, d= 0.0 with timeout of 5s...
30-10-2024 12:29:10 - INFO - Setting Chmaber Zones to a= 0.0, b= 0.0, c= 0.0, d= 0.0 request successfully sent.
30-10-2024 12:29:10 - INFO - Response from moonraker: {'result': 'ok'}
30-10-2024 12:29:10 - INFO - Setting Chmaber Zones to a= 0.0, b= 0.0, c= 0.0, d= 0.0 Request successfully executed.
30-10-2024 12:29:10 - INFO - Sending request to Setting Chmaber Zones to a= 0.0, b= 0.0, c= 0.0, d= 0.0 with timeout of 5s...
30-10-2024 12:29:10 - INFO - Setting Chmaber Zones to a= 0.0, b= 0.0, c= 0.0, d= 0.0 request successfully sent.
30-10-2024 12:29:10 - INFO - Response from moonraker: {'result': 'ok'}
30-10-2024 12:29:10 - INFO - Setting Chmaber Zones to a= 0.0, b= 0.0, c= 0.0, d= 0.0 Request successfully executed.
30-10-2024 12:29:11 - INFO - Sending request to Setting Chmaber Zones to a= 0.0, b= 0.0, c= 0.0, d= 0.0 with timeout of 5s...
30-10-2024 12:29:11 - INFO - Setting Chmaber Zones to a= 0.0, b= 0.0, c= 0.0, d= 0.0 request successfully sent.
30-10-2024 12:29:11 - INFO - Response from moonraker: {'result': 'ok'}
30-10-2024 12:29:11 - INFO - Setting Chmaber Zones to a= 0.0, b= 0.0, c= 0.0, d= 0.0 Request successfully executed.
30-10-2024 12:29:11 - INFO - Sending request to Setting Chmaber Zones to a= 0.0, b= 0.0, c= 0.0, d= 0.0 with timeout of 5s...
30-10-2024 12:29:11 - INFO - Setting Chmaber Zones to a= 0.0, b= 0.0, c= 0.0, d= 0.0 request successfully sent.
30-10-2024 12:29:11 - INFO - Response from moonraker: {'result': 'ok'}
30-10-2024 12:29:11 - INFO - Setting Chmaber Zones to a= 0.0, b= 0.0, c= 0.0, d= 0.0 Request successfully executed.
30-10-2024 12:29:11 - INFO - Sending request to Setting Chmaber Zones to a= 0.0, b= 0.0, c= 0.0, d= 0.0 with timeout of 5s...
30-10-2024 12:29:11 - INFO - Setting Chmaber Zones to a= 0.0, b= 0.0, c= 0.0, d= 0.0 request successfully sent.
30-10-2024 12:29:11 - INFO - Response from moonraker: {'result': 'ok'}
30-10-2024 12:29:11 - INFO - Setting Chmaber Zones to a= 0.0, b= 0.0, c= 0.0, d= 0.0 Request successfully executed.
30-10-2024 12:29:11 - INFO - Sending request to Setting Chmaber Zones to a= 0.0, b= 0.0, c= 0.0, d= 0.0 with timeout of 5s...
30-10-2024 12:29:11 - INFO - Setting Chmaber Zones to a= 0.0, b= 0.0, c= 0.0, d= 0.0 request successfully sent.
30-10-2024 12:29:11 - INFO - Response from moonraker: {'result': 'ok'}
30-10-2024 12:29:11 - INFO - Setting Chmaber Zones to a= 0.0, b= 0.0, c= 0.0, d= 0.0 Request successfully executed.
30-10-2024 12:29:11 - INFO - Sending request to Setting Chmaber Zones to a= 0.0, b= 0.0, c= 0.0, d= 0.0 with timeout of 5s...
30-10-2024 12:29:11 - INFO - Setting Chmaber Zones to a= 0.0, b= 0.0, c= 0.0, d= 0.0 request successfully sent.
30-10-2024 12:29:11 - INFO - Response from moonraker: {'result': 'ok'}
30-10-2024 12:29:11 - INFO - Setting Chmaber Zones to a= 0.0, b= 0.0, c= 0.0, d= 0.0 Request successfully executed.
30-10-2024 12:29:12 - INFO - Sending request to Setting Chmaber Zones to a= 0.0, b= 0.0, c= 0.0, d= 0.0 with timeout of 5s...
30-10-2024 12:29:12 - INFO - Setting Chmaber Zones to a= 0.0, b= 0.0, c= 0.0, d= 0.0 request successfully sent.
30-10-2024 12:29:12 - INFO - Response from moonraker: {'result': 'ok'}
30-10-2024 12:29:12 - INFO - Setting Chmaber Zones to a= 0.0, b= 0.0, c= 0.0, d= 0.0 Request successfully executed.
30-10-2024 12:29:12 - INFO - Sending request to Setting Chmaber Zones to a= 0.0, b= 0.0, c= 0.0, d= 0.0 with timeout of 5s...
30-10-2024 12:29:12 - INFO - Setting Chmaber Zones to a= 0.0, b= 0.0, c= 0.0, d= 0.0 request successfully sent.
30-10-2024 12:29:12 - INFO - Response from moonraker: {'result': 'ok'}
30-10-2024 12:29:12 - INFO - Setting Chmaber Zones to a= 0.0, b= 0.0, c= 0.0, d= 0.0 Request successfully executed.
30-10-2024 12:29:12 - INFO - Sending request to Setting Chmaber Zones to a= 0.0, b= 0.0, c= 0.0, d= 0.0 with timeout of 5s...
30-10-2024 12:29:12 - INFO - Setting Chmaber Zones to a= 0.0, b= 0.0, c= 0.0, d= 0.0 request successfully sent.
30-10-2024 12:29:12 - INFO - Response from moonraker: {'result': 'ok'}
30-10-2024 12:29:12 - INFO - Setting Chmaber Zones to a= 0.0, b= 0.0, c= 0.0, d= 0.0 Request successfully executed.
30-10-2024 12:29:12 - INFO - Sending request to Setting Chmaber Zones to a= 0.0, b= 0.0, c= 0.0, d= 0.0 with timeout of 5s...
30-10-2024 12:29:12 - INFO - Setting Chmaber Zones to a= 0.0, b= 0.0, c= 0.0, d= 0.0 request successfully sent.
30-10-2024 12:29:12 - INFO - Response from moonraker: {'result': 'ok'}
30-10-2024 12:29:12 - INFO - Setting Chmaber Zones to a= 0.0, b= 0.0, c= 0.0, d= 0.0 Request successfully executed.
30-10-2024 12:29:12 - INFO - Sending request to Setting Chmaber Zones to a= 0.0, b= 0.0, c= 0.0, d= 0.0 with timeout of 5s...
30-10-2024 12:29:12 - INFO - Setting Chmaber Zones to a= 0.0, b= 0.0, c= 0.0, d= 0.0 request successfully sent.
30-10-2024 12:29:12 - INFO - Response from moonraker: {'result': 'ok'}
30-10-2024 12:29:12 - INFO - Setting Chmaber Zones to a= 0.0, b= 0.0, c= 0.0, d= 0.0 Request successfully executed.
30-10-2024 12:29:13 - INFO - Sending request to Setting Chmaber Zones to a= 0.0, b= 0.0, c= 0.0, d= 0.0 with timeout of 5s...
30-10-2024 12:29:13 - INFO - Setting Chmaber Zones to a= 0.0, b= 0.0, c= 0.0, d= 0.0 request successfully sent.
30-10-2024 12:29:13 - INFO - Response from moonraker: {'result': 'ok'}
30-10-2024 12:29:13 - INFO - Setting Chmaber Zones to a= 0.0, b= 0.0, c= 0.0, d= 0.0 Request successfully executed.
30-10-2024 12:29:13 - INFO - Sending request to Setting Chmaber Zones to a= 0.0, b= 0.0, c= 0.0, d= 0.0 with timeout of 5s...
30-10-2024 12:29:13 - INFO - Setting Chmaber Zones to a= 0.0, b= 0.0, c= 0.0, d= 0.0 request successfully sent.
30-10-2024 12:29:13 - INFO - Response from moonraker: {'result': 'ok'}
30-10-2024 12:29:13 - INFO - Setting Chmaber Zones to a= 0.0, b= 0.0, c= 0.0, d= 0.0 Request successfully executed.
30-10-2024 12:29:13 - INFO - Sending request to Setting Chmaber Zones to a= 0.0, b= 0.0, c= 0.0, d= 0.0 with timeout of 5s...
30-10-2024 12:29:13 - INFO - Setting Chmaber Zones to a= 0.0, b= 0.0, c= 0.0, d= 0.0 request successfully sent.
30-10-2024 12:29:13 - INFO - Response from moonraker: {'result': 'ok'}
30-10-2024 12:29:13 - INFO - Setting Chmaber Zones to a= 0.0, b= 0.0, c= 0.0, d= 0.0 Request successfully executed.
30-10-2024 12:29:13 - INFO - Sending request to Setting Chmaber Zones to a= 0.0, b= 0.0, c= 0.0, d= 0.0 with timeout of 5s...
30-10-2024 12:29:13 - INFO - Setting Chmaber Zones to a= 0.0, b= 0.0, c= 0.0, d= 0.0 request successfully sent.
30-10-2024 12:29:13 - INFO - Response from moonraker: {'result': 'ok'}
30-10-2024 12:29:13 - INFO - Setting Chmaber Zones to a= 0.0, b= 0.0, c= 0.0, d= 0.0 Request successfully executed.
30-10-2024 12:29:13 - INFO - Sending request to Setting Chmaber Zones to a= 0.0, b= 0.0, c= 0.0, d= 0.0 with timeout of 5s...
30-10-2024 12:29:13 - INFO - Setting Chmaber Zones to a= 0.0, b= 0.0, c= 0.0, d= 0.0 request successfully sent.
30-10-2024 12:29:13 - INFO - Response from moonraker: {'result': 'ok'}
30-10-2024 12:29:13 - INFO - Setting Chmaber Zones to a= 0.0, b= 0.0, c= 0.0, d= 0.0 Request successfully executed.
30-10-2024 12:29:14 - INFO - Sending request to Setting Chmaber Zones to a= 0.0, b= 0.0, c= 0.0, d= 0.0 with timeout of 5s...
30-10-2024 12:29:14 - INFO - Setting Chmaber Zones to a= 0.0, b= 0.0, c= 0.0, d= 0.0 request successfully sent.
30-10-2024 12:29:14 - INFO - Response from moonraker: {'result': 'ok'}
30-10-2024 12:29:14 - INFO - Setting Chmaber Zones to a= 0.0, b= 0.0, c= 0.0, d= 0.0 Request successfully executed.
30-10-2024 12:29:14 - INFO - Sending request to Setting Chmaber Zones to a= 0.0, b= 0.0, c= 0.0, d= 0.0 with timeout of 5s...
30-10-2024 12:29:14 - INFO - Setting Chmaber Zones to a= 0.0, b= 0.0, c= 0.0, d= 0.0 request successfully sent.
30-10-2024 12:29:14 - INFO - Response from moonraker: {'result': 'ok'}
30-10-2024 12:29:14 - INFO - Setting Chmaber Zones to a= 0.0, b= 0.0, c= 0.0, d= 0.0 Request successfully executed.
30-10-2024 12:29:14 - INFO - Sending request to Setting Chmaber Zones to a= 0.0, b= 0.0, c= 0.0, d= 0.0 with timeout of 5s...
30-10-2024 12:29:14 - INFO - Setting Chmaber Zones to a= 0.0, b= 0.0, c= 0.0, d= 0.0 request successfully sent.
30-10-2024 12:29:14 - INFO - Response from moonraker: {'result': 'ok'}
30-10-2024 12:29:14 - INFO - Setting Chmaber Zones to a= 0.0, b= 0.0, c= 0.0, d= 0.0 Request successfully executed.
30-10-2024 12:29:14 - INFO - Sending request to Setting Chmaber Zones to a= 0.0, b= 0.0, c= 0.0, d= 0.0 with timeout of 5s...
30-10-2024 12:29:14 - INFO - Setting Chmaber Zones to a= 0.0, b= 0.0, c= 0.0, d= 0.0 request successfully sent.
30-10-2024 12:29:14 - INFO - Response from moonraker: {'result': 'ok'}
30-10-2024 12:29:14 - INFO - Setting Chmaber Zones to a= 0.0, b= 0.0, c= 0.0, d= 0.0 Request successfully executed.
30-10-2024 12:29:14 - INFO - Sending request to Setting Chmaber Zones to a= 0.0, b= 0.0, c= 0.0, d= 0.0 with timeout of 5s...
30-10-2024 12:29:14 - INFO - Setting Chmaber Zones to a= 0.0, b= 0.0, c= 0.0, d= 0.0 request successfully sent.
30-10-2024 12:29:14 - INFO - Response from moonraker: {'result': 'ok'}
30-10-2024 12:29:14 - INFO - Setting Chmaber Zones to a= 0.0, b= 0.0, c= 0.0, d= 0.0 Request successfully executed.
30-10-2024 12:29:15 - INFO - Sending request to Setting Chmaber Zones to a= 0.0, b= 0.0, c= 0.0, d= 0.0 with timeout of 5s...
30-10-2024 12:29:15 - INFO - Setting Chmaber Zones to a= 0.0, b= 0.0, c= 0.0, d= 0.0 request successfully sent.
30-10-2024 12:29:15 - INFO - Response from moonraker: {'result': 'ok'}
30-10-2024 12:29:15 - INFO - Setting Chmaber Zones to a= 0.0, b= 0.0, c= 0.0, d= 0.0 Request successfully executed.
30-10-2024 12:29:15 - INFO - Sending request to Setting Chmaber Zones to a= 0.0, b= 0.0, c= 0.0, d= 0.0 with timeout of 5s...
30-10-2024 12:29:15 - INFO - Setting Chmaber Zones to a= 0.0, b= 0.0, c= 0.0, d= 0.0 request successfully sent.
30-10-2024 12:29:15 - INFO - Response from moonraker: {'result': 'ok'}
30-10-2024 12:29:15 - INFO - Setting Chmaber Zones to a= 0.0, b= 0.0, c= 0.0, d= 0.0 Request successfully executed.
30-10-2024 12:29:15 - INFO - Sending request to Setting Chmaber Zones to a= 0.0, b= 0.0, c= 0.0, d= 0.0 with timeout of 5s...
30-10-2024 12:29:15 - INFO - Setting Chmaber Zones to a= 0.0, b= 0.0, c= 0.0, d= 0.0 request successfully sent.
30-10-2024 12:29:15 - INFO - Response from moonraker: {'result': 'ok'}
30-10-2024 12:29:15 - INFO - Setting Chmaber Zones to a= 0.0, b= 0.0, c= 0.0, d= 0.0 Request successfully executed.
30-10-2024 12:29:15 - INFO - Sending request to Setting Chmaber Zones to a= 0.0, b= 0.0, c= 0.0, d= 0.0 with timeout of 5s...
30-10-2024 12:29:15 - INFO - Setting Chmaber Zones to a= 0.0, b= 0.0, c= 0.0, d= 0.0 request successfully sent.
30-10-2024 12:29:15 - INFO - Response from moonraker: {'result': 'ok'}
30-10-2024 12:29:15 - INFO - Setting Chmaber Zones to a= 0.0, b= 0.0, c= 0.0, d= 0.0 Request successfully executed.
30-10-2024 12:29:15 - INFO - Sending request to Setting Chmaber Zones to a= 0.0, b= 0.0, c= 0.0, d= 0.0 with timeout of 5s...
30-10-2024 12:29:15 - INFO - Setting Chmaber Zones to a= 0.0, b= 0.0, c= 0.0, d= 0.0 request successfully sent.
30-10-2024 12:29:15 - INFO - Response from moonraker: {'result': 'ok'}
30-10-2024 12:29:15 - INFO - Setting Chmaber Zones to a= 0.0, b= 0.0, c= 0.0, d= 0.0 Request successfully executed.
30-10-2024 12:29:16 - INFO - Sending request to Setting Chmaber Zones to a= 0.0, b= 0.0, c= 0.0, d= 0.0 with timeout of 5s...
30-10-2024 12:29:16 - INFO - Setting Chmaber Zones to a= 0.0, b= 0.0, c= 0.0, d= 0.0 request successfully sent.
30-10-2024 12:29:16 - INFO - Response from moonraker: {'result': 'ok'}
30-10-2024 12:29:16 - INFO - Setting Chmaber Zones to a= 0.0, b= 0.0, c= 0.0, d= 0.0 Request successfully executed.
30-10-2024 12:29:16 - INFO - Sending request to Setting Chmaber Zones to a= 0.0, b= 0.0, c= 0.0, d= 0.0 with timeout of 5s...
30-10-2024 12:29:16 - INFO - Setting Chmaber Zones to a= 0.0, b= 0.0, c= 0.0, d= 0.0 request successfully sent.
30-10-2024 12:29:16 - INFO - Response from moonraker: {'result': 'ok'}
30-10-2024 12:29:16 - INFO - Setting Chmaber Zones to a= 0.0, b= 0.0, c= 0.0, d= 0.0 Request successfully executed.
30-10-2024 12:29:16 - INFO - Sending request to Setting Chmaber Zones to a= 0.0, b= 0.0, c= 0.0, d= 0.0 with timeout of 5s...
30-10-2024 12:29:16 - INFO - Setting Chmaber Zones to a= 0.0, b= 0.0, c= 0.0, d= 0.0 request successfully sent.
30-10-2024 12:29:16 - INFO - Response from moonraker: {'result': 'ok'}
30-10-2024 12:29:16 - INFO - Setting Chmaber Zones to a= 0.0, b= 0.0, c= 0.0, d= 0.0 Request successfully executed.
30-10-2024 12:29:16 - INFO - Sending request to Setting Chmaber Zones to a= 0.0, b= 0.0, c= 0.0, d= 0.0 with timeout of 5s...
30-10-2024 12:29:16 - INFO - Setting Chmaber Zones to a= 0.0, b= 0.0, c= 0.0, d= 0.0 request successfully sent.
30-10-2024 12:29:16 - INFO - Response from moonraker: {'result': 'ok'}
30-10-2024 12:29:16 - INFO - Setting Chmaber Zones to a= 0.0, b= 0.0, c= 0.0, d= 0.0 Request successfully executed.
30-10-2024 12:29:16 - INFO - Sending request to Setting Chmaber Zones to a= 0.0, b= 0.0, c= 0.0, d= 0.0 with timeout of 5s...
30-10-2024 12:29:16 - INFO - Setting Chmaber Zones to a= 0.0, b= 0.0, c= 0.0, d= 0.0 request successfully sent.
30-10-2024 12:29:16 - INFO - Response from moonraker: {'result': 'ok'}
30-10-2024 12:29:16 - INFO - Setting Chmaber Zones to a= 0.0, b= 0.0, c= 0.0, d= 0.0 Request successfully executed.
30-10-2024 12:29:17 - INFO - Sending request to Setting Chmaber Zones to a= 0.0, b= 0.0, c= 0.0, d= 0.0 with timeout of 5s...
30-10-2024 12:29:17 - INFO - Setting Chmaber Zones to a= 0.0, b= 0.0, c= 0.0, d= 0.0 request successfully sent.
30-10-2024 12:29:17 - INFO - Response from moonraker: {'result': 'ok'}
30-10-2024 12:29:17 - INFO - Setting Chmaber Zones to a= 0.0, b= 0.0, c= 0.0, d= 0.0 Request successfully executed.
30-10-2024 12:29:17 - INFO - Sending request to Setting Chmaber Zones to a= 0.0, b= 0.0, c= 0.0, d= 0.0 with timeout of 5s...
30-10-2024 12:29:17 - INFO - Setting Chmaber Zones to a= 0.0, b= 0.0, c= 0.0, d= 0.0 request successfully sent.
30-10-2024 12:29:17 - INFO - Response from moonraker: {'result': 'ok'}
30-10-2024 12:29:17 - INFO - Setting Chmaber Zones to a= 0.0, b= 0.0, c= 0.0, d= 0.0 Request successfully executed.
30-10-2024 12:29:17 - INFO - Sending request to Setting Chmaber Zones to a= 0.0, b= 0.0, c= 0.0, d= 0.0 with timeout of 5s...
30-10-2024 12:29:17 - INFO - Setting Chmaber Zones to a= 0.0, b= 0.0, c= 0.0, d= 0.0 request successfully sent.
30-10-2024 12:29:17 - INFO - Response from moonraker: {'result': 'ok'}
30-10-2024 12:29:17 - INFO - Setting Chmaber Zones to a= 0.0, b= 0.0, c= 0.0, d= 0.0 Request successfully executed.
30-10-2024 12:29:17 - INFO - Sending request to Setting Chmaber Zones to a= 0.0, b= 0.0, c= 0.0, d= 0.0 with timeout of 5s...
30-10-2024 12:29:17 - INFO - Setting Chmaber Zones to a= 0.0, b= 0.0, c= 0.0, d= 0.0 request successfully sent.
30-10-2024 12:29:17 - INFO - Response from moonraker: {'result': 'ok'}
30-10-2024 12:29:17 - INFO - Setting Chmaber Zones to a= 0.0, b= 0.0, c= 0.0, d= 0.0 Request successfully executed.
30-10-2024 12:29:17 - INFO - Sending request to Setting Chmaber Zones to a= 0.0, b= 0.0, c= 0.0, d= 0.0 with timeout of 5s...
30-10-2024 12:29:17 - INFO - Setting Chmaber Zones to a= 0.0, b= 0.0, c= 0.0, d= 0.0 request successfully sent.
30-10-2024 12:29:17 - INFO - Response from moonraker: {'result': 'ok'}
30-10-2024 12:29:17 - INFO - Setting Chmaber Zones to a= 0.0, b= 0.0, c= 0.0, d= 0.0 Request successfully executed.
30-10-2024 12:29:18 - INFO - Sending request to Setting Chmaber Zones to a= 0.0, b= 0.0, c= 0.0, d= 0.0 with timeout of 5s...
30-10-2024 12:29:18 - INFO - Setting Chmaber Zones to a= 0.0, b= 0.0, c= 0.0, d= 0.0 request successfully sent.
30-10-2024 12:29:18 - INFO - Response from moonraker: {'result': 'ok'}
30-10-2024 12:29:18 - INFO - Setting Chmaber Zones to a= 0.0, b= 0.0, c= 0.0, d= 0.0 Request successfully executed.
30-10-2024 12:29:18 - INFO - Sending request to Setting Chmaber Zones to a= 0.0, b= 0.0, c= 0.0, d= 0.0 with timeout of 5s...
30-10-2024 12:29:18 - INFO - Setting Chmaber Zones to a= 0.0, b= 0.0, c= 0.0, d= 0.0 request successfully sent.
30-10-2024 12:29:18 - INFO - Response from moonraker: {'result': 'ok'}
30-10-2024 12:29:18 - INFO - Setting Chmaber Zones to a= 0.0, b= 0.0, c= 0.0, d= 0.0 Request successfully executed.
30-10-2024 12:29:18 - INFO - Sending request to Setting Chmaber Zones to a= 0.0, b= 0.0, c= 0.0, d= 0.0 with timeout of 5s...
30-10-2024 12:29:18 - INFO - Setting Chmaber Zones to a= 0.0, b= 0.0, c= 0.0, d= 0.0 request successfully sent.
30-10-2024 12:29:18 - INFO - Response from moonraker: {'result': 'ok'}
30-10-2024 12:29:18 - INFO - Setting Chmaber Zones to a= 0.0, b= 0.0, c= 0.0, d= 0.0 Request successfully executed.
30-10-2024 12:29:18 - INFO - Sending request to Setting Chmaber Zones to a= 0.0, b= 0.0, c= 0.0, d= 0.0 with timeout of 5s...
30-10-2024 12:29:18 - INFO - Setting Chmaber Zones to a= 0.0, b= 0.0, c= 0.0, d= 0.0 request successfully sent.
30-10-2024 12:29:18 - INFO - Response from moonraker: {'result': 'ok'}
30-10-2024 12:29:18 - INFO - Setting Chmaber Zones to a= 0.0, b= 0.0, c= 0.0, d= 0.0 Request successfully executed.
30-10-2024 12:29:18 - INFO - Sending request to Setting Chmaber Zones to a= 0.0, b= 0.0, c= 0.0, d= 0.0 with timeout of 5s...
30-10-2024 12:29:18 - INFO - Setting Chmaber Zones to a= 0.0, b= 0.0, c= 0.0, d= 0.0 request successfully sent.
30-10-2024 12:29:18 - INFO - Response from moonraker: {'result': 'ok'}
30-10-2024 12:29:18 - INFO - Setting Chmaber Zones to a= 0.0, b= 0.0, c= 0.0, d= 0.0 Request successfully executed.
30-10-2024 12:29:19 - INFO - Sending request to Setting Chmaber Zones to a= 0.0, b= 0.0, c= 0.0, d= 0.0 with timeout of 5s...
30-10-2024 12:29:19 - INFO - Setting Chmaber Zones to a= 0.0, b= 0.0, c= 0.0, d= 0.0 request successfully sent.
30-10-2024 12:29:19 - INFO - Response from moonraker: {'result': 'ok'}
30-10-2024 12:29:19 - INFO - Setting Chmaber Zones to a= 0.0, b= 0.0, c= 0.0, d= 0.0 Request successfully executed.
30-10-2024 12:29:19 - INFO - Sending request to Setting Chmaber Zones to a= 0.0, b= 0.0, c= 0.0, d= 0.0 with timeout of 5s...
30-10-2024 12:29:19 - INFO - Setting Chmaber Zones to a= 0.0, b= 0.0, c= 0.0, d= 0.0 request successfully sent.
30-10-2024 12:29:19 - INFO - Response from moonraker: {'result': 'ok'}
30-10-2024 12:29:19 - INFO - Setting Chmaber Zones to a= 0.0, b= 0.0, c= 0.0, d= 0.0 Request successfully executed.
30-10-2024 12:29:19 - INFO - Sending request to Setting Chmaber Zones to a= 0.0, b= 0.0, c= 0.0, d= 0.0 with timeout of 5s...
30-10-2024 12:29:19 - INFO - Setting Chmaber Zones to a= 0.0, b= 0.0, c= 0.0, d= 0.0 request successfully sent.
30-10-2024 12:29:19 - INFO - Response from moonraker: {'result': 'ok'}
30-10-2024 12:29:19 - INFO - Setting Chmaber Zones to a= 0.0, b= 0.0, c= 0.0, d= 0.0 Request successfully executed.
30-10-2024 12:29:19 - INFO - Sending request to Setting Chmaber Zones to a= 0.0, b= 0.0, c= 0.0, d= 0.0 with timeout of 5s...
30-10-2024 12:29:19 - INFO - Setting Chmaber Zones to a= 0.0, b= 0.0, c= 0.0, d= 0.0 request successfully sent.
30-10-2024 12:29:19 - INFO - Response from moonraker: {'result': 'ok'}
30-10-2024 12:29:19 - INFO - Setting Chmaber Zones to a= 0.0, b= 0.0, c= 0.0, d= 0.0 Request successfully executed.
30-10-2024 12:29:19 - INFO - Sending request to Setting Chmaber Zones to a= 0.0, b= 0.0, c= 0.0, d= 0.0 with timeout of 5s...
30-10-2024 12:29:19 - INFO - Setting Chmaber Zones to a= 0.0, b= 0.0, c= 0.0, d= 0.0 request successfully sent.
30-10-2024 12:29:19 - INFO - Response from moonraker: {'result': 'ok'}
30-10-2024 12:29:19 - INFO - Setting Chmaber Zones to a= 0.0, b= 0.0, c= 0.0, d= 0.0 Request successfully executed.
30-10-2024 12:29:20 - INFO - Sending request to Setting Chmaber Zones to a= 0.0, b= 0.0, c= 0.0, d= 0.0 with timeout of 5s...
30-10-2024 12:29:20 - INFO - Setting Chmaber Zones to a= 0.0, b= 0.0, c= 0.0, d= 0.0 request successfully sent.
30-10-2024 12:29:20 - INFO - Response from moonraker: {'result': 'ok'}
30-10-2024 12:29:20 - INFO - Setting Chmaber Zones to a= 0.0, b= 0.0, c= 0.0, d= 0.0 Request successfully executed.
30-10-2024 12:29:20 - INFO - Sending request to Setting Chmaber Zones to a= 0.0, b= 0.0, c= 0.0, d= 0.0 with timeout of 5s...
30-10-2024 12:29:20 - INFO - Setting Chmaber Zones to a= 0.0, b= 0.0, c= 0.0, d= 0.0 request successfully sent.
30-10-2024 12:29:20 - INFO - Response from moonraker: {'result': 'ok'}
30-10-2024 12:29:20 - INFO - Setting Chmaber Zones to a= 0.0, b= 0.0, c= 0.0, d= 0.0 Request successfully executed.
30-10-2024 12:29:20 - INFO - Sending request to Setting Chmaber Zones to a= 0.0, b= 0.0, c= 0.0, d= 0.0 with timeout of 5s...
30-10-2024 12:29:20 - INFO - Setting Chmaber Zones to a= 0.0, b= 0.0, c= 0.0, d= 0.0 request successfully sent.
30-10-2024 12:29:20 - INFO - Response from moonraker: {'result': 'ok'}
30-10-2024 12:29:20 - INFO - Setting Chmaber Zones to a= 0.0, b= 0.0, c= 0.0, d= 0.0 Request successfully executed.
30-10-2024 12:29:20 - INFO - Sending request to Setting Chmaber Zones to a= 0.0, b= 0.0, c= 0.0, d= 0.0 with timeout of 5s...
30-10-2024 12:29:20 - INFO - Setting Chmaber Zones to a= 0.0, b= 0.0, c= 0.0, d= 0.0 request successfully sent.
30-10-2024 12:29:20 - INFO - Response from moonraker: {'result': 'ok'}
30-10-2024 12:29:20 - INFO - Setting Chmaber Zones to a= 0.0, b= 0.0, c= 0.0, d= 0.0 Request successfully executed.
30-10-2024 12:29:20 - INFO - Sending request to Setting Chmaber Zones to a= 0.0, b= 0.0, c= 0.0, d= 0.0 with timeout of 5s...
30-10-2024 12:29:20 - INFO - Setting Chmaber Zones to a= 0.0, b= 0.0, c= 0.0, d= 0.0 request successfully sent.
30-10-2024 12:29:20 - INFO - Response from moonraker: {'result': 'ok'}
30-10-2024 12:29:20 - INFO - Setting Chmaber Zones to a= 0.0, b= 0.0, c= 0.0, d= 0.0 Request successfully executed.
30-10-2024 12:29:21 - INFO - Sending request to Setting Chmaber Zones to a= 0.0, b= 0.0, c= 0.0, d= 0.0 with timeout of 5s...
30-10-2024 12:29:21 - INFO - Setting Chmaber Zones to a= 0.0, b= 0.0, c= 0.0, d= 0.0 request successfully sent.
30-10-2024 12:29:21 - INFO - Response from moonraker: {'result': 'ok'}
30-10-2024 12:29:21 - INFO - Setting Chmaber Zones to a= 0.0, b= 0.0, c= 0.0, d= 0.0 Request successfully executed.
30-10-2024 12:29:21 - INFO - Sending request to Setting Chmaber Zones to a= 0.0, b= 0.0, c= 0.0, d= 0.0 with timeout of 5s...
30-10-2024 12:29:21 - INFO - Setting Chmaber Zones to a= 0.0, b= 0.0, c= 0.0, d= 0.0 request successfully sent.
30-10-2024 12:29:21 - INFO - Response from moonraker: {'result': 'ok'}
30-10-2024 12:29:21 - INFO - Setting Chmaber Zones to a= 0.0, b= 0.0, c= 0.0, d= 0.0 Request successfully executed.
30-10-2024 12:29:21 - INFO - Sending request to Setting Chmaber Zones to a= 0.0, b= 0.0, c= 0.0, d= 0.0 with timeout of 5s...
30-10-2024 12:29:21 - INFO - Setting Chmaber Zones to a= 0.0, b= 0.0, c= 0.0, d= 0.0 request successfully sent.
30-10-2024 12:29:21 - INFO - Response from moonraker: {'result': 'ok'}
30-10-2024 12:29:21 - INFO - Setting Chmaber Zones to a= 0.0, b= 0.0, c= 0.0, d= 0.0 Request successfully executed.
30-10-2024 12:29:21 - INFO - Sending request to Setting Chmaber Zones to a= 0.0, b= 0.0, c= 0.0, d= 0.0 with timeout of 5s...
30-10-2024 12:29:21 - INFO - Setting Chmaber Zones to a= 0.0, b= 0.0, c= 0.0, d= 0.0 request successfully sent.
30-10-2024 12:29:21 - INFO - Response from moonraker: {'result': 'ok'}
30-10-2024 12:29:21 - INFO - Setting Chmaber Zones to a= 0.0, b= 0.0, c= 0.0, d= 0.0 Request successfully executed.
30-10-2024 12:29:21 - INFO - Sending request to Setting Chmaber Zones to a= 0.0, b= 0.0, c= 0.0, d= 0.0 with timeout of 5s...
30-10-2024 12:29:21 - INFO - Setting Chmaber Zones to a= 0.0, b= 0.0, c= 0.0, d= 0.0 request successfully sent.
30-10-2024 12:29:21 - INFO - Response from moonraker: {'result': 'ok'}
30-10-2024 12:29:21 - INFO - Setting Chmaber Zones to a= 0.0, b= 0.0, c= 0.0, d= 0.0 Request successfully executed.
30-10-2024 12:29:22 - INFO - Sending request to Setting Chmaber Zones to a= 0.0, b= 0.0, c= 0.0, d= 0.0 with timeout of 5s...
30-10-2024 12:29:22 - INFO - Setting Chmaber Zones to a= 0.0, b= 0.0, c= 0.0, d= 0.0 request successfully sent.
30-10-2024 12:29:22 - INFO - Response from moonraker: {'result': 'ok'}
30-10-2024 12:29:22 - INFO - Setting Chmaber Zones to a= 0.0, b= 0.0, c= 0.0, d= 0.0 Request successfully executed.
30-10-2024 12:29:22 - INFO - Sending request to Setting Chmaber Zones to a= 0.0, b= 0.0, c= 0.0, d= 0.0 with timeout of 5s...
30-10-2024 12:29:22 - INFO - Setting Chmaber Zones to a= 0.0, b= 0.0, c= 0.0, d= 0.0 request successfully sent.
30-10-2024 12:29:22 - INFO - Response from moonraker: {'result': 'ok'}
30-10-2024 12:29:22 - INFO - Setting Chmaber Zones to a= 0.0, b= 0.0, c= 0.0, d= 0.0 Request successfully executed.
30-10-2024 12:29:22 - INFO - Sending request to Setting Chmaber Zones to a= 0.0, b= 0.0, c= 0.0, d= 0.0 with timeout of 5s...
30-10-2024 12:29:22 - INFO - Setting Chmaber Zones to a= 0.0, b= 0.0, c= 0.0, d= 0.0 request successfully sent.
30-10-2024 12:29:22 - INFO - Response from moonraker: {'result': 'ok'}
30-10-2024 12:29:22 - INFO - Setting Chmaber Zones to a= 0.0, b= 0.0, c= 0.0, d= 0.0 Request successfully executed.
30-10-2024 12:29:22 - INFO - Sending request to Setting Chmaber Zones to a= 0.0, b= 0.0, c= 0.0, d= 0.0 with timeout of 5s...
30-10-2024 12:29:22 - INFO - Setting Chmaber Zones to a= 0.0, b= 0.0, c= 0.0, d= 0.0 request successfully sent.
30-10-2024 12:29:22 - INFO - Response from moonraker: {'result': 'ok'}
30-10-2024 12:29:22 - INFO - Setting Chmaber Zones to a= 0.0, b= 0.0, c= 0.0, d= 0.0 Request successfully executed.
30-10-2024 12:29:22 - INFO - Sending request to Setting Chmaber Zones to a= 0.0, b= 0.0, c= 0.0, d= 0.0 with timeout of 5s...
30-10-2024 12:29:22 - INFO - Setting Chmaber Zones to a= 0.0, b= 0.0, c= 0.0, d= 0.0 request successfully sent.
30-10-2024 12:29:22 - INFO - Response from moonraker: {'result': 'ok'}
30-10-2024 12:29:22 - INFO - Setting Chmaber Zones to a= 0.0, b= 0.0, c= 0.0, d= 0.0 Request successfully executed.
30-10-2024 12:29:23 - INFO - Sending request to Setting Chmaber Zones to a= 0.0, b= 0.0, c= 0.0, d= 0.0 with timeout of 5s...
30-10-2024 12:29:23 - INFO - Setting Chmaber Zones to a= 0.0, b= 0.0, c= 0.0, d= 0.0 request successfully sent.
30-10-2024 12:29:23 - INFO - Response from moonraker: {'result': 'ok'}
30-10-2024 12:29:23 - INFO - Setting Chmaber Zones to a= 0.0, b= 0.0, c= 0.0, d= 0.0 Request successfully executed.
30-10-2024 12:29:23 - INFO - Sending request to Setting Chmaber Zones to a= 0.0, b= 0.0, c= 0.0, d= 0.0 with timeout of 5s...
30-10-2024 12:29:23 - INFO - Setting Chmaber Zones to a= 0.0, b= 0.0, c= 0.0, d= 0.0 request successfully sent.
30-10-2024 12:29:23 - INFO - Response from moonraker: {'result': 'ok'}
30-10-2024 12:29:23 - INFO - Setting Chmaber Zones to a= 0.0, b= 0.0, c= 0.0, d= 0.0 Request successfully executed.
30-10-2024 12:29:23 - INFO - Sending request to Setting Chmaber Zones to a= 0.0, b= 0.0, c= 0.0, d= 0.0 with timeout of 5s...
30-10-2024 12:29:23 - INFO - Setting Chmaber Zones to a= 0.0, b= 0.0, c= 0.0, d= 0.0 request successfully sent.
30-10-2024 12:29:23 - INFO - Response from moonraker: {'result': 'ok'}
30-10-2024 12:29:23 - INFO - Setting Chmaber Zones to a= 0.0, b= 0.0, c= 0.0, d= 0.0 Request successfully executed.
30-10-2024 12:29:23 - INFO - Sending request to Setting Chmaber Zones to a= 0.0, b= 0.0, c= 0.0, d= 0.0 with timeout of 5s...
30-10-2024 12:29:23 - INFO - Setting Chmaber Zones to a= 0.0, b= 0.0, c= 0.0, d= 0.0 request successfully sent.
30-10-2024 12:29:23 - INFO - Response from moonraker: {'result': 'ok'}
30-10-2024 12:29:23 - INFO - Setting Chmaber Zones to a= 0.0, b= 0.0, c= 0.0, d= 0.0 Request successfully executed.
30-10-2024 12:29:23 - INFO - Sending request to Setting Chmaber Zones to a= 0.0, b= 0.0, c= 0.0, d= 0.0 with timeout of 5s...
30-10-2024 12:29:23 - INFO - Setting Chmaber Zones to a= 0.0, b= 0.0, c= 0.0, d= 0.0 request successfully sent.
30-10-2024 12:29:23 - INFO - Response from moonraker: {'result': 'ok'}
30-10-2024 12:29:23 - INFO - Setting Chmaber Zones to a= 0.0, b= 0.0, c= 0.0, d= 0.0 Request successfully executed.
30-10-2024 12:29:24 - INFO - Sending request to Setting Chmaber Zones to a= 0.0, b= 0.0, c= 0.0, d= 0.0 with timeout of 5s...
30-10-2024 12:29:24 - INFO - Setting Chmaber Zones to a= 0.0, b= 0.0, c= 0.0, d= 0.0 request successfully sent.
30-10-2024 12:29:24 - INFO - Response from moonraker: {'result': 'ok'}
30-10-2024 12:29:24 - INFO - Setting Chmaber Zones to a= 0.0, b= 0.0, c= 0.0, d= 0.0 Request successfully executed.
30-10-2024 12:29:24 - INFO - Sending request to Setting Chmaber Zones to a= 0.0, b= 0.0, c= 0.0, d= 0.0 with timeout of 5s...
30-10-2024 12:29:24 - INFO - Setting Chmaber Zones to a= 0.0, b= 0.0, c= 0.0, d= 0.0 request successfully sent.
30-10-2024 12:29:24 - INFO - Response from moonraker: {'result': 'ok'}
30-10-2024 12:29:24 - INFO - Setting Chmaber Zones to a= 0.0, b= 0.0, c= 0.0, d= 0.0 Request successfully executed.
30-10-2024 12:29:24 - INFO - Sending request to Setting Chmaber Zones to a= 0.0, b= 0.0, c= 0.0, d= 0.0 with timeout of 5s...
30-10-2024 12:29:24 - INFO - Setting Chmaber Zones to a= 0.0, b= 0.0, c= 0.0, d= 0.0 request successfully sent.
30-10-2024 12:29:24 - INFO - Response from moonraker: {'result': 'ok'}
30-10-2024 12:29:24 - INFO - Setting Chmaber Zones to a= 0.0, b= 0.0, c= 0.0, d= 0.0 Request successfully executed.
30-10-2024 12:29:24 - INFO - Sending request to Setting Chmaber Zones to a= 0.0, b= 0.0, c= 0.0, d= 0.0 with timeout of 5s...
30-10-2024 12:29:24 - INFO - Setting Chmaber Zones to a= 0.0, b= 0.0, c= 0.0, d= 0.0 request successfully sent.
30-10-2024 12:29:24 - INFO - Response from moonraker: {'result': 'ok'}
30-10-2024 12:29:24 - INFO - Setting Chmaber Zones to a= 0.0, b= 0.0, c= 0.0, d= 0.0 Request successfully executed.
30-10-2024 12:29:24 - INFO - Sending request to Setting Chmaber Zones to a= 0.0, b= 0.0, c= 0.0, d= 0.0 with timeout of 5s...
30-10-2024 12:29:24 - INFO - Setting Chmaber Zones to a= 0.0, b= 0.0, c= 0.0, d= 0.0 request successfully sent.
30-10-2024 12:29:24 - INFO - Response from moonraker: {'result': 'ok'}
30-10-2024 12:29:24 - INFO - Setting Chmaber Zones to a= 0.0, b= 0.0, c= 0.0, d= 0.0 Request successfully executed.
30-10-2024 12:29:25 - INFO - Sending request to Setting Chmaber Zones to a= 0.0, b= 0.0, c= 0.0, d= 0.0 with timeout of 5s...
30-10-2024 12:29:25 - INFO - Setting Chmaber Zones to a= 0.0, b= 0.0, c= 0.0, d= 0.0 request successfully sent.
30-10-2024 12:29:25 - INFO - Response from moonraker: {'result': 'ok'}
30-10-2024 12:29:25 - INFO - Setting Chmaber Zones to a= 0.0, b= 0.0, c= 0.0, d= 0.0 Request successfully executed.
30-10-2024 12:29:25 - INFO - Sending request to Setting Chmaber Zones to a= 0.0, b= 0.0, c= 0.0, d= 0.0 with timeout of 5s...
30-10-2024 12:29:25 - INFO - Setting Chmaber Zones to a= 0.0, b= 0.0, c= 0.0, d= 0.0 request successfully sent.
30-10-2024 12:29:25 - INFO - Response from moonraker: {'result': 'ok'}
30-10-2024 12:29:25 - INFO - Setting Chmaber Zones to a= 0.0, b= 0.0, c= 0.0, d= 0.0 Request successfully executed.
30-10-2024 12:29:25 - INFO - Sending request to Setting Chmaber Zones to a= 0.0, b= 0.0, c= 0.0, d= 0.0 with timeout of 5s...
30-10-2024 12:29:25 - INFO - Setting Chmaber Zones to a= 0.0, b= 0.0, c= 0.0, d= 0.0 request successfully sent.
30-10-2024 12:29:25 - INFO - Response from moonraker: {'result': 'ok'}
30-10-2024 12:29:25 - INFO - Setting Chmaber Zones to a= 0.0, b= 0.0, c= 0.0, d= 0.0 Request successfully executed.
30-10-2024 12:29:25 - INFO - Sending request to Setting Chmaber Zones to a= 0.0, b= 0.0, c= 0.0, d= 0.0 with timeout of 5s...
30-10-2024 12:29:25 - INFO - Setting Chmaber Zones to a= 0.0, b= 0.0, c= 0.0, d= 0.0 request successfully sent.
30-10-2024 12:29:25 - INFO - Response from moonraker: {'result': 'ok'}
30-10-2024 12:29:25 - INFO - Setting Chmaber Zones to a= 0.0, b= 0.0, c= 0.0, d= 0.0 Request successfully executed.
30-10-2024 12:29:25 - INFO - Sending request to Setting Chmaber Zones to a= 0.0, b= 0.0, c= 0.0, d= 0.0 with timeout of 5s...
30-10-2024 12:29:25 - INFO - Setting Chmaber Zones to a= 0.0, b= 0.0, c= 0.0, d= 0.0 request successfully sent.
30-10-2024 12:29:25 - INFO - Response from moonraker: {'result': 'ok'}
30-10-2024 12:29:25 - INFO - Setting Chmaber Zones to a= 0.0, b= 0.0, c= 0.0, d= 0.0 Request successfully executed.
30-10-2024 12:29:26 - INFO - Sending request to Setting Chmaber Zones to a= 0.0, b= 0.0, c= 0.0, d= 0.0 with timeout of 5s...
30-10-2024 12:29:26 - INFO - Setting Chmaber Zones to a= 0.0, b= 0.0, c= 0.0, d= 0.0 request successfully sent.
30-10-2024 12:29:26 - INFO - Response from moonraker: {'result': 'ok'}
30-10-2024 12:29:26 - INFO - Setting Chmaber Zones to a= 0.0, b= 0.0, c= 0.0, d= 0.0 Request successfully executed.
30-10-2024 12:29:26 - INFO - Sending request to Setting Chmaber Zones to a= 0.0, b= 0.0, c= 0.0, d= 0.0 with timeout of 5s...
30-10-2024 12:29:26 - INFO - Setting Chmaber Zones to a= 0.0, b= 0.0, c= 0.0, d= 0.0 request successfully sent.
30-10-2024 12:29:26 - INFO - Response from moonraker: {'result': 'ok'}
30-10-2024 12:29:26 - INFO - Setting Chmaber Zones to a= 0.0, b= 0.0, c= 0.0, d= 0.0 Request successfully executed.
30-10-2024 12:29:26 - INFO - Sending request to Setting Chmaber Zones to a= 0.0, b= 0.0, c= 0.0, d= 0.0 with timeout of 5s...
30-10-2024 12:29:26 - INFO - Setting Chmaber Zones to a= 0.0, b= 0.0, c= 0.0, d= 0.0 request successfully sent.
30-10-2024 12:29:26 - INFO - Response from moonraker: {'result': 'ok'}
30-10-2024 12:29:26 - INFO - Setting Chmaber Zones to a= 0.0, b= 0.0, c= 0.0, d= 0.0 Request successfully executed.
30-10-2024 12:29:26 - INFO - Sending request to Setting Chmaber Zones to a= 0.0, b= 0.0, c= 0.0, d= 0.0 with timeout of 5s...
30-10-2024 12:29:26 - INFO - Setting Chmaber Zones to a= 0.0, b= 0.0, c= 0.0, d= 0.0 request successfully sent.
30-10-2024 12:29:26 - INFO - Response from moonraker: {'result': 'ok'}
30-10-2024 12:29:26 - INFO - Setting Chmaber Zones to a= 0.0, b= 0.0, c= 0.0, d= 0.0 Request successfully executed.
30-10-2024 12:29:26 - INFO - Sending request to Setting Chmaber Zones to a= 0.0, b= 0.0, c= 0.0, d= 0.0 with timeout of 5s...
30-10-2024 12:29:26 - INFO - Setting Chmaber Zones to a= 0.0, b= 0.0, c= 0.0, d= 0.0 request successfully sent.
30-10-2024 12:29:26 - INFO - Response from moonraker: {'result': 'ok'}
30-10-2024 12:29:26 - INFO - Setting Chmaber Zones to a= 0.0, b= 0.0, c= 0.0, d= 0.0 Request successfully executed.
30-10-2024 12:29:27 - INFO - Sending request to Setting Chmaber Zones to a= 0.0, b= 0.0, c= 0.0, d= 0.0 with timeout of 5s...
30-10-2024 12:29:27 - INFO - Setting Chmaber Zones to a= 0.0, b= 0.0, c= 0.0, d= 0.0 request successfully sent.
30-10-2024 12:29:27 - INFO - Response from moonraker: {'result': 'ok'}
30-10-2024 12:29:27 - INFO - Setting Chmaber Zones to a= 0.0, b= 0.0, c= 0.0, d= 0.0 Request successfully executed.
30-10-2024 12:29:27 - INFO - Sending request to Setting Chmaber Zones to a= 0.0, b= 0.0, c= 0.0, d= 0.0 with timeout of 5s...
30-10-2024 12:29:27 - INFO - Setting Chmaber Zones to a= 0.0, b= 0.0, c= 0.0, d= 0.0 request successfully sent.
30-10-2024 12:29:27 - INFO - Response from moonraker: {'result': 'ok'}
30-10-2024 12:29:27 - INFO - Setting Chmaber Zones to a= 0.0, b= 0.0, c= 0.0, d= 0.0 Request successfully executed.
30-10-2024 12:29:27 - INFO - Sending request to Setting Chmaber Zones to a= 0.0, b= 0.0, c= 0.0, d= 0.0 with timeout of 5s...
30-10-2024 12:29:27 - INFO - Setting Chmaber Zones to a= 0.0, b= 0.0, c= 0.0, d= 0.0 request successfully sent.
30-10-2024 12:29:27 - INFO - Response from moonraker: {'result': 'ok'}
30-10-2024 12:29:27 - INFO - Setting Chmaber Zones to a= 0.0, b= 0.0, c= 0.0, d= 0.0 Request successfully executed.
30-10-2024 12:29:27 - INFO - Sending request to Setting Chmaber Zones to a= 0.0, b= 0.0, c= 0.0, d= 0.0 with timeout of 5s...
30-10-2024 12:29:27 - INFO - Setting Chmaber Zones to a= 0.0, b= 0.0, c= 0.0, d= 0.0 request successfully sent.
30-10-2024 12:29:27 - INFO - Response from moonraker: {'result': 'ok'}
30-10-2024 12:29:27 - INFO - Setting Chmaber Zones to a= 0.0, b= 0.0, c= 0.0, d= 0.0 Request successfully executed.
30-10-2024 12:29:27 - INFO - Sending request to Setting Chmaber Zones to a= 0.0, b= 0.0, c= 0.0, d= 0.0 with timeout of 5s...
30-10-2024 12:29:27 - INFO - Setting Chmaber Zones to a= 0.0, b= 0.0, c= 0.0, d= 0.0 request successfully sent.
30-10-2024 12:29:27 - INFO - Response from moonraker: {'result': 'ok'}
30-10-2024 12:29:27 - INFO - Setting Chmaber Zones to a= 0.0, b= 0.0, c= 0.0, d= 0.0 Request successfully executed.
30-10-2024 12:29:28 - INFO - Sending request to Setting Chmaber Zones to a= 0.0, b= 0.0, c= 0.0, d= 0.0 with timeout of 5s...
30-10-2024 12:29:28 - INFO - Setting Chmaber Zones to a= 0.0, b= 0.0, c= 0.0, d= 0.0 request successfully sent.
30-10-2024 12:29:28 - INFO - Response from moonraker: {'result': 'ok'}
30-10-2024 12:29:28 - INFO - Setting Chmaber Zones to a= 0.0, b= 0.0, c= 0.0, d= 0.0 Request successfully executed.
30-10-2024 12:29:28 - INFO - Sending request to Setting Chmaber Zones to a= 0.0, b= 0.0, c= 0.0, d= 0.0 with timeout of 5s...
30-10-2024 12:29:28 - INFO - Setting Chmaber Zones to a= 0.0, b= 0.0, c= 0.0, d= 0.0 request successfully sent.
30-10-2024 12:29:28 - INFO - Response from moonraker: {'result': 'ok'}
30-10-2024 12:29:28 - INFO - Setting Chmaber Zones to a= 0.0, b= 0.0, c= 0.0, d= 0.0 Request successfully executed.
30-10-2024 12:29:28 - INFO - Sending request to Setting Chmaber Zones to a= 0.0, b= 0.0, c= 0.0, d= 0.0 with timeout of 5s...
30-10-2024 12:29:28 - INFO - Setting Chmaber Zones to a= 0.0, b= 0.0, c= 0.0, d= 0.0 request successfully sent.
30-10-2024 12:29:28 - INFO - Response from moonraker: {'result': 'ok'}
30-10-2024 12:29:28 - INFO - Setting Chmaber Zones to a= 0.0, b= 0.0, c= 0.0, d= 0.0 Request successfully executed.
30-10-2024 12:29:28 - INFO - Sending request to Setting Chmaber Zones to a= 0.0, b= 0.0, c= 0.0, d= 0.0 with timeout of 5s...
30-10-2024 12:29:28 - INFO - Setting Chmaber Zones to a= 0.0, b= 0.0, c= 0.0, d= 0.0 request successfully sent.
30-10-2024 12:29:28 - INFO - Response from moonraker: {'result': 'ok'}
30-10-2024 12:29:28 - INFO - Setting Chmaber Zones to a= 0.0, b= 0.0, c= 0.0, d= 0.0 Request successfully executed.
30-10-2024 12:29:28 - INFO - Sending request to Setting Chmaber Zones to a= 0.0, b= 0.0, c= 0.0, d= 0.0 with timeout of 5s...
30-10-2024 12:29:28 - INFO - Setting Chmaber Zones to a= 0.0, b= 0.0, c= 0.0, d= 0.0 request successfully sent.
30-10-2024 12:29:28 - INFO - Response from moonraker: {'result': 'ok'}
30-10-2024 12:29:28 - INFO - Setting Chmaber Zones to a= 0.0, b= 0.0, c= 0.0, d= 0.0 Request successfully executed.
30-10-2024 12:29:29 - INFO - Sending request to Setting Chmaber Zones to a= 0.0, b= 0.0, c= 0.0, d= 0.0 with timeout of 5s...
30-10-2024 12:29:29 - INFO - Setting Chmaber Zones to a= 0.0, b= 0.0, c= 0.0, d= 0.0 request successfully sent.
30-10-2024 12:29:29 - INFO - Response from moonraker: {'result': 'ok'}
30-10-2024 12:29:29 - INFO - Setting Chmaber Zones to a= 0.0, b= 0.0, c= 0.0, d= 0.0 Request successfully executed.
30-10-2024 12:29:29 - INFO - Sending request to Setting Chmaber Zones to a= 0.0, b= 0.0, c= 0.0, d= 0.0 with timeout of 5s...
30-10-2024 12:29:29 - INFO - Setting Chmaber Zones to a= 0.0, b= 0.0, c= 0.0, d= 0.0 request successfully sent.
30-10-2024 12:29:29 - INFO - Response from moonraker: {'result': 'ok'}
30-10-2024 12:29:29 - INFO - Setting Chmaber Zones to a= 0.0, b= 0.0, c= 0.0, d= 0.0 Request successfully executed.
30-10-2024 12:29:29 - INFO - Sending request to Setting Chmaber Zones to a= 0.0, b= 0.0, c= 0.0, d= 0.0 with timeout of 5s...
30-10-2024 12:29:29 - INFO - Setting Chmaber Zones to a= 0.0, b= 0.0, c= 0.0, d= 0.0 request successfully sent.
30-10-2024 12:29:29 - INFO - Response from moonraker: {'result': 'ok'}
30-10-2024 12:29:29 - INFO - Setting Chmaber Zones to a= 0.0, b= 0.0, c= 0.0, d= 0.0 Request successfully executed.
30-10-2024 12:29:29 - INFO - Sending request to Setting Chmaber Zones to a= 0.0, b= 0.0, c= 0.0, d= 0.0 with timeout of 5s...
30-10-2024 12:29:29 - INFO - Setting Chmaber Zones to a= 0.0, b= 0.0, c= 0.0, d= 0.0 request successfully sent.
30-10-2024 12:29:29 - INFO - Response from moonraker: {'result': 'ok'}
30-10-2024 12:29:29 - INFO - Setting Chmaber Zones to a= 0.0, b= 0.0, c= 0.0, d= 0.0 Request successfully executed.
30-10-2024 12:29:29 - INFO - Sending request to Setting Chmaber Zones to a= 0.0, b= 0.0, c= 0.0, d= 0.0 with timeout of 5s...
30-10-2024 12:29:29 - INFO - Setting Chmaber Zones to a= 0.0, b= 0.0, c= 0.0, d= 0.0 request successfully sent.
30-10-2024 12:29:29 - INFO - Response from moonraker: {'result': 'ok'}
30-10-2024 12:29:29 - INFO - Setting Chmaber Zones to a= 0.0, b= 0.0, c= 0.0, d= 0.0 Request successfully executed.
30-10-2024 12:29:30 - INFO - Sending request to Setting Chmaber Zones to a= 0.0, b= 0.0, c= 0.0, d= 0.0 with timeout of 5s...
30-10-2024 12:29:30 - INFO - Setting Chmaber Zones to a= 0.0, b= 0.0, c= 0.0, d= 0.0 request successfully sent.
30-10-2024 12:29:30 - INFO - Response from moonraker: {'result': 'ok'}
30-10-2024 12:29:30 - INFO - Setting Chmaber Zones to a= 0.0, b= 0.0, c= 0.0, d= 0.0 Request successfully executed.
30-10-2024 12:29:30 - INFO - Sending request to Setting Chmaber Zones to a= 0.0, b= 0.0, c= 0.0, d= 0.0 with timeout of 5s...
30-10-2024 12:29:30 - INFO - Setting Chmaber Zones to a= 0.0, b= 0.0, c= 0.0, d= 0.0 request successfully sent.
30-10-2024 12:29:30 - INFO - Response from moonraker: {'result': 'ok'}
30-10-2024 12:29:30 - INFO - Setting Chmaber Zones to a= 0.0, b= 0.0, c= 0.0, d= 0.0 Request successfully executed.
30-10-2024 12:29:30 - INFO - Sending request to Setting Chmaber Zones to a= 0.0, b= 0.0, c= 0.0, d= 0.0 with timeout of 5s...
30-10-2024 12:29:30 - INFO - Setting Chmaber Zones to a= 0.0, b= 0.0, c= 0.0, d= 0.0 request successfully sent.
30-10-2024 12:29:30 - INFO - Response from moonraker: {'result': 'ok'}
30-10-2024 12:29:30 - INFO - Setting Chmaber Zones to a= 0.0, b= 0.0, c= 0.0, d= 0.0 Request successfully executed.
30-10-2024 12:29:30 - INFO - Sending request to Setting Chmaber Zones to a= 0.0, b= 0.0, c= 0.0, d= 0.0 with timeout of 5s...
30-10-2024 12:29:30 - INFO - Setting Chmaber Zones to a= 0.0, b= 0.0, c= 0.0, d= 0.0 request successfully sent.
30-10-2024 12:29:30 - INFO - Response from moonraker: {'result': 'ok'}
30-10-2024 12:29:30 - INFO - Setting Chmaber Zones to a= 0.0, b= 0.0, c= 0.0, d= 0.0 Request successfully executed.
30-10-2024 12:29:30 - INFO - Sending request to Setting Chmaber Zones to a= 0.0, b= 0.0, c= 0.0, d= 0.0 with timeout of 5s...
30-10-2024 12:29:30 - INFO - Setting Chmaber Zones to a= 0.0, b= 0.0, c= 0.0, d= 0.0 request successfully sent.
30-10-2024 12:29:30 - INFO - Response from moonraker: {'result': 'ok'}
30-10-2024 12:29:30 - INFO - Setting Chmaber Zones to a= 0.0, b= 0.0, c= 0.0, d= 0.0 Request successfully executed.
30-10-2024 12:29:31 - INFO - Sending request to Setting Chmaber Zones to a= 0.0, b= 0.0, c= 0.0, d= 0.0 with timeout of 5s...
30-10-2024 12:29:31 - INFO - Setting Chmaber Zones to a= 0.0, b= 0.0, c= 0.0, d= 0.0 request successfully sent.
30-10-2024 12:29:31 - INFO - Response from moonraker: {'result': 'ok'}
30-10-2024 12:29:31 - INFO - Setting Chmaber Zones to a= 0.0, b= 0.0, c= 0.0, d= 0.0 Request successfully executed.
30-10-2024 12:29:31 - INFO - Sending request to Setting Chmaber Zones to a= 0.0, b= 0.0, c= 0.0, d= 0.0 with timeout of 5s...
30-10-2024 12:29:31 - INFO - Setting Chmaber Zones to a= 0.0, b= 0.0, c= 0.0, d= 0.0 request successfully sent.
30-10-2024 12:29:31 - INFO - Response from moonraker: {'result': 'ok'}
30-10-2024 12:29:31 - INFO - Setting Chmaber Zones to a= 0.0, b= 0.0, c= 0.0, d= 0.0 Request successfully executed.
30-10-2024 12:29:31 - INFO - Sending request to Setting Chmaber Zones to a= 0.0, b= 0.0, c= 0.0, d= 0.0 with timeout of 5s...
30-10-2024 12:29:31 - INFO - Setting Chmaber Zones to a= 0.0, b= 0.0, c= 0.0, d= 0.0 request successfully sent.
30-10-2024 12:29:31 - INFO - Response from moonraker: {'result': 'ok'}
30-10-2024 12:29:31 - INFO - Setting Chmaber Zones to a= 0.0, b= 0.0, c= 0.0, d= 0.0 Request successfully executed.
30-10-2024 12:29:31 - INFO - Sending request to Setting Chmaber Zones to a= 0.0, b= 0.0, c= 0.0, d= 0.0 with timeout of 5s...
30-10-2024 12:29:31 - INFO - Setting Chmaber Zones to a= 0.0, b= 0.0, c= 0.0, d= 0.0 request successfully sent.
30-10-2024 12:29:31 - INFO - Response from moonraker: {'result': 'ok'}
30-10-2024 12:29:31 - INFO - Setting Chmaber Zones to a= 0.0, b= 0.0, c= 0.0, d= 0.0 Request successfully executed.
30-10-2024 12:29:31 - INFO - Sending request to Setting Chmaber Zones to a= 0.0, b= 0.0, c= 0.0, d= 0.0 with timeout of 5s...
30-10-2024 12:29:31 - INFO - Setting Chmaber Zones to a= 0.0, b= 0.0, c= 0.0, d= 0.0 request successfully sent.
30-10-2024 12:29:31 - INFO - Response from moonraker: {'result': 'ok'}
30-10-2024 12:29:31 - INFO - Setting Chmaber Zones to a= 0.0, b= 0.0, c= 0.0, d= 0.0 Request successfully executed.
30-10-2024 12:29:32 - INFO - Sending request to Setting Chmaber Zones to a= 0.0, b= 0.0, c= 0.0, d= 0.0 with timeout of 5s...
30-10-2024 12:29:32 - INFO - Setting Chmaber Zones to a= 0.0, b= 0.0, c= 0.0, d= 0.0 request successfully sent.
30-10-2024 12:29:32 - INFO - Response from moonraker: {'result': 'ok'}
30-10-2024 12:29:32 - INFO - Setting Chmaber Zones to a= 0.0, b= 0.0, c= 0.0, d= 0.0 Request successfully executed.
30-10-2024 12:29:32 - INFO - Sending request to Setting Chmaber Zones to a= 0.0, b= 0.0, c= 0.0, d= 0.0 with timeout of 5s...
30-10-2024 12:29:32 - INFO - Setting Chmaber Zones to a= 0.0, b= 0.0, c= 0.0, d= 0.0 request successfully sent.
30-10-2024 12:29:32 - INFO - Response from moonraker: {'result': 'ok'}
30-10-2024 12:29:32 - INFO - Setting Chmaber Zones to a= 0.0, b= 0.0, c= 0.0, d= 0.0 Request successfully executed.
30-10-2024 12:29:32 - INFO - Sending request to Setting Chmaber Zones to a= 0.0, b= 0.0, c= 0.0, d= 0.0 with timeout of 5s...
30-10-2024 12:29:32 - INFO - Setting Chmaber Zones to a= 0.0, b= 0.0, c= 0.0, d= 0.0 request successfully sent.
30-10-2024 12:29:32 - INFO - Response from moonraker: {'result': 'ok'}
30-10-2024 12:29:32 - INFO - Setting Chmaber Zones to a= 0.0, b= 0.0, c= 0.0, d= 0.0 Request successfully executed.
30-10-2024 12:29:32 - INFO - Sending request to Setting Chmaber Zones to a= 0.0, b= 0.0, c= 0.0, d= 0.0 with timeout of 5s...
30-10-2024 12:29:32 - INFO - Setting Chmaber Zones to a= 0.0, b= 0.0, c= 0.0, d= 0.0 request successfully sent.
30-10-2024 12:29:32 - INFO - Response from moonraker: {'result': 'ok'}
30-10-2024 12:29:32 - INFO - Setting Chmaber Zones to a= 0.0, b= 0.0, c= 0.0, d= 0.0 Request successfully executed.
30-10-2024 12:29:32 - INFO - Sending request to Setting Chmaber Zones to a= 0.0, b= 0.0, c= 0.0, d= 0.0 with timeout of 5s...
30-10-2024 12:29:32 - INFO - Setting Chmaber Zones to a= 0.0, b= 0.0, c= 0.0, d= 0.0 request successfully sent.
30-10-2024 12:29:32 - INFO - Response from moonraker: {'result': 'ok'}
30-10-2024 12:29:32 - INFO - Setting Chmaber Zones to a= 0.0, b= 0.0, c= 0.0, d= 0.0 Request successfully executed.
30-10-2024 12:29:33 - INFO - Sending request to Setting Chmaber Zones to a= 0.0, b= 0.0, c= 0.0, d= 0.0 with timeout of 5s...
30-10-2024 12:29:33 - INFO - Setting Chmaber Zones to a= 0.0, b= 0.0, c= 0.0, d= 0.0 request successfully sent.
30-10-2024 12:29:33 - INFO - Response from moonraker: {'result': 'ok'}
30-10-2024 12:29:33 - INFO - Setting Chmaber Zones to a= 0.0, b= 0.0, c= 0.0, d= 0.0 Request successfully executed.
30-10-2024 12:29:33 - INFO - Sending request to Setting Chmaber Zones to a= 0.0, b= 0.0, c= 0.0, d= 0.0 with timeout of 5s...
30-10-2024 12:29:33 - INFO - Setting Chmaber Zones to a= 0.0, b= 0.0, c= 0.0, d= 0.0 request successfully sent.
30-10-2024 12:29:33 - INFO - Response from moonraker: {'result': 'ok'}
30-10-2024 12:29:33 - INFO - Setting Chmaber Zones to a= 0.0, b= 0.0, c= 0.0, d= 0.0 Request successfully executed.
30-10-2024 12:29:33 - INFO - Sending request to Setting Chmaber Zones to a= 0.0, b= 0.0, c= 0.0, d= 0.0 with timeout of 5s...
30-10-2024 12:29:33 - INFO - Setting Chmaber Zones to a= 0.0, b= 0.0, c= 0.0, d= 0.0 request successfully sent.
30-10-2024 12:29:33 - INFO - Response from moonraker: {'result': 'ok'}
30-10-2024 12:29:33 - INFO - Setting Chmaber Zones to a= 0.0, b= 0.0, c= 0.0, d= 0.0 Request successfully executed.
30-10-2024 12:29:33 - INFO - Sending request to Setting Chmaber Zones to a= 0.0, b= 0.0, c= 0.0, d= 0.0 with timeout of 5s...
30-10-2024 12:29:33 - INFO - Setting Chmaber Zones to a= 0.0, b= 0.0, c= 0.0, d= 0.0 request successfully sent.
30-10-2024 12:29:33 - INFO - Response from moonraker: {'result': 'ok'}
30-10-2024 12:29:33 - INFO - Setting Chmaber Zones to a= 0.0, b= 0.0, c= 0.0, d= 0.0 Request successfully executed.
30-10-2024 12:29:33 - INFO - Sending request to Setting Chmaber Zones to a= 0.0, b= 0.0, c= 0.0, d= 0.0 with timeout of 5s...
30-10-2024 12:29:34 - INFO - Setting Chmaber Zones to a= 0.0, b= 0.0, c= 0.0, d= 0.0 request successfully sent.
30-10-2024 12:29:34 - INFO - Response from moonraker: {'result': 'ok'}
30-10-2024 12:29:34 - INFO - Setting Chmaber Zones to a= 0.0, b= 0.0, c= 0.0, d= 0.0 Request successfully executed.
30-10-2024 12:29:34 - INFO - Sending request to Setting Chmaber Zones to a= 0.0, b= 0.0, c= 0.0, d= 0.0 with timeout of 5s...
30-10-2024 12:29:34 - INFO - Setting Chmaber Zones to a= 0.0, b= 0.0, c= 0.0, d= 0.0 request successfully sent.
30-10-2024 12:29:34 - INFO - Response from moonraker: {'result': 'ok'}
30-10-2024 12:29:34 - INFO - Setting Chmaber Zones to a= 0.0, b= 0.0, c= 0.0, d= 0.0 Request successfully executed.
30-10-2024 12:29:34 - INFO - Sending request to Setting Chmaber Zones to a= 0.0, b= 0.0, c= 0.0, d= 0.0 with timeout of 5s...
30-10-2024 12:29:34 - INFO - Setting Chmaber Zones to a= 0.0, b= 0.0, c= 0.0, d= 0.0 request successfully sent.
30-10-2024 12:29:34 - INFO - Response from moonraker: {'result': 'ok'}
30-10-2024 12:29:34 - INFO - Setting Chmaber Zones to a= 0.0, b= 0.0, c= 0.0, d= 0.0 Request successfully executed.
30-10-2024 12:29:34 - INFO - Sending request to Setting Chmaber Zones to a= 0.0, b= 0.0, c= 0.0, d= 0.0 with timeout of 5s...
30-10-2024 12:29:34 - INFO - Setting Chmaber Zones to a= 0.0, b= 0.0, c= 0.0, d= 0.0 request successfully sent.
30-10-2024 12:29:34 - INFO - Response from moonraker: {'result': 'ok'}
30-10-2024 12:29:34 - INFO - Setting Chmaber Zones to a= 0.0, b= 0.0, c= 0.0, d= 0.0 Request successfully executed.
30-10-2024 12:29:34 - INFO - Sending request to Setting Chmaber Zones to a= 0.0, b= 0.0, c= 0.0, d= 0.0 with timeout of 5s...
30-10-2024 12:29:34 - INFO - Setting Chmaber Zones to a= 0.0, b= 0.0, c= 0.0, d= 0.0 request successfully sent.
30-10-2024 12:29:34 - INFO - Response from moonraker: {'result': 'ok'}
30-10-2024 12:29:34 - INFO - Setting Chmaber Zones to a= 0.0, b= 0.0, c= 0.0, d= 0.0 Request successfully executed.
30-10-2024 12:29:34 - INFO - Sending request to Setting Chmaber Zones to a= 0.0, b= 0.0, c= 0.0, d= 0.0 with timeout of 5s...
30-10-2024 12:29:34 - INFO - Setting Chmaber Zones to a= 0.0, b= 0.0, c= 0.0, d= 0.0 request successfully sent.
30-10-2024 12:29:34 - INFO - Response from moonraker: {'result': 'ok'}
30-10-2024 12:29:34 - INFO - Setting Chmaber Zones to a= 0.0, b= 0.0, c= 0.0, d= 0.0 Request successfully executed.
30-10-2024 12:29:35 - INFO - Sending request to Setting Chmaber Zones to a= 0.0, b= 0.0, c= 0.0, d= 0.0 with timeout of 5s...
30-10-2024 12:29:35 - INFO - Setting Chmaber Zones to a= 0.0, b= 0.0, c= 0.0, d= 0.0 request successfully sent.
30-10-2024 12:29:35 - INFO - Response from moonraker: {'result': 'ok'}
30-10-2024 12:29:35 - INFO - Setting Chmaber Zones to a= 0.0, b= 0.0, c= 0.0, d= 0.0 Request successfully executed.
30-10-2024 12:29:35 - INFO - Sending request to Setting Chmaber Zones to a= 0.0, b= 0.0, c= 0.0, d= 0.0 with timeout of 5s...
30-10-2024 12:29:35 - INFO - Setting Chmaber Zones to a= 0.0, b= 0.0, c= 0.0, d= 0.0 request successfully sent.
30-10-2024 12:29:35 - INFO - Response from moonraker: {'result': 'ok'}
30-10-2024 12:29:35 - INFO - Setting Chmaber Zones to a= 0.0, b= 0.0, c= 0.0, d= 0.0 Request successfully executed.
30-10-2024 12:29:35 - INFO - Sending request to Setting Chmaber Zones to a= 0.0, b= 0.0, c= 0.0, d= 0.0 with timeout of 5s...
30-10-2024 12:29:35 - INFO - Setting Chmaber Zones to a= 0.0, b= 0.0, c= 0.0, d= 0.0 request successfully sent.
30-10-2024 12:29:35 - INFO - Response from moonraker: {'result': 'ok'}
30-10-2024 12:29:35 - INFO - Setting Chmaber Zones to a= 0.0, b= 0.0, c= 0.0, d= 0.0 Request successfully executed.
30-10-2024 12:29:35 - INFO - Sending request to Setting Chmaber Zones to a= 0.0, b= 0.0, c= 0.0, d= 0.0 with timeout of 5s...
30-10-2024 12:29:35 - INFO - Setting Chmaber Zones to a= 0.0, b= 0.0, c= 0.0, d= 0.0 request successfully sent.
30-10-2024 12:29:35 - INFO - Response from moonraker: {'result': 'ok'}
30-10-2024 12:29:35 - INFO - Setting Chmaber Zones to a= 0.0, b= 0.0, c= 0.0, d= 0.0 Request successfully executed.
30-10-2024 12:29:35 - INFO - Sending request to Setting Chmaber Zones to a= 0.0, b= 0.0, c= 0.0, d= 0.0 with timeout of 5s...
30-10-2024 12:29:36 - INFO - Setting Chmaber Zones to a= 0.0, b= 0.0, c= 0.0, d= 0.0 request successfully sent.
30-10-2024 12:29:36 - INFO - Response from moonraker: {'result': 'ok'}
30-10-2024 12:29:36 - INFO - Setting Chmaber Zones to a= 0.0, b= 0.0, c= 0.0, d= 0.0 Request successfully executed.
30-10-2024 12:29:36 - INFO - Sending request to Setting Chmaber Zones to a= 0.0, b= 0.0, c= 0.0, d= 0.0 with timeout of 5s...
30-10-2024 12:29:36 - INFO - Setting Chmaber Zones to a= 0.0, b= 0.0, c= 0.0, d= 0.0 request successfully sent.
30-10-2024 12:29:36 - INFO - Response from moonraker: {'result': 'ok'}
30-10-2024 12:29:36 - INFO - Setting Chmaber Zones to a= 0.0, b= 0.0, c= 0.0, d= 0.0 Request successfully executed.
30-10-2024 12:29:36 - INFO - Sending request to Setting Chmaber Zones to a= 0.0, b= 0.0, c= 0.0, d= 0.0 with timeout of 5s...
30-10-2024 12:29:36 - INFO - Setting Chmaber Zones to a= 0.0, b= 0.0, c= 0.0, d= 0.0 request successfully sent.
30-10-2024 12:29:36 - INFO - Response from moonraker: {'result': 'ok'}
30-10-2024 12:29:36 - INFO - Setting Chmaber Zones to a= 0.0, b= 0.0, c= 0.0, d= 0.0 Request successfully executed.
30-10-2024 12:29:36 - INFO - Sending request to Setting Chmaber Zones to a= 0.0, b= 0.0, c= 0.0, d= 0.0 with timeout of 5s...
30-10-2024 12:29:36 - INFO - Setting Chmaber Zones to a= 0.0, b= 0.0, c= 0.0, d= 0.0 request successfully sent.
30-10-2024 12:29:36 - INFO - Response from moonraker: {'result': 'ok'}
30-10-2024 12:29:36 - INFO - Setting Chmaber Zones to a= 0.0, b= 0.0, c= 0.0, d= 0.0 Request successfully executed.
30-10-2024 12:29:36 - INFO - Sending request to Setting Chmaber Zones to a= 0.0, b= 0.0, c= 0.0, d= 0.0 with timeout of 5s...
30-10-2024 12:29:36 - INFO - Setting Chmaber Zones to a= 0.0, b= 0.0, c= 0.0, d= 0.0 request successfully sent.
30-10-2024 12:29:36 - INFO - Response from moonraker: {'result': 'ok'}
30-10-2024 12:29:36 - INFO - Setting Chmaber Zones to a= 0.0, b= 0.0, c= 0.0, d= 0.0 Request successfully executed.
30-10-2024 12:29:36 - INFO - Sending request to Setting Chmaber Zones to a= 0.0, b= 0.0, c= 0.0, d= 0.0 with timeout of 5s...
30-10-2024 12:29:37 - INFO - Setting Chmaber Zones to a= 0.0, b= 0.0, c= 0.0, d= 0.0 request successfully sent.
30-10-2024 12:29:37 - INFO - Response from moonraker: {'result': 'ok'}
30-10-2024 12:29:37 - INFO - Setting Chmaber Zones to a= 0.0, b= 0.0, c= 0.0, d= 0.0 Request successfully executed.
30-10-2024 12:29:37 - INFO - Sending request to Setting Chmaber Zones to a= 0.0, b= 0.0, c= 0.0, d= 0.0 with timeout of 5s...
30-10-2024 12:29:37 - INFO - Setting Chmaber Zones to a= 0.0, b= 0.0, c= 0.0, d= 0.0 request successfully sent.
30-10-2024 12:29:37 - INFO - Response from moonraker: {'result': 'ok'}
30-10-2024 12:29:37 - INFO - Setting Chmaber Zones to a= 0.0, b= 0.0, c= 0.0, d= 0.0 Request successfully executed.
30-10-2024 12:29:37 - INFO - Sending request to Setting Chmaber Zones to a= 0.0, b= 0.0, c= 0.0, d= 0.0 with timeout of 5s...
30-10-2024 12:29:37 - INFO - Setting Chmaber Zones to a= 0.0, b= 0.0, c= 0.0, d= 0.0 request successfully sent.
30-10-2024 12:29:37 - INFO - Response from moonraker: {'result': 'ok'}
30-10-2024 12:29:37 - INFO - Setting Chmaber Zones to a= 0.0, b= 0.0, c= 0.0, d= 0.0 Request successfully executed.
30-10-2024 12:29:37 - INFO - Sending request to Setting Chmaber Zones to a= 0.0, b= 0.0, c= 0.0, d= 0.0 with timeout of 5s...
30-10-2024 12:29:37 - INFO - Setting Chmaber Zones to a= 0.0, b= 0.0, c= 0.0, d= 0.0 request successfully sent.
30-10-2024 12:29:37 - INFO - Response from moonraker: {'result': 'ok'}
30-10-2024 12:29:37 - INFO - Setting Chmaber Zones to a= 0.0, b= 0.0, c= 0.0, d= 0.0 Request successfully executed.
30-10-2024 12:29:37 - INFO - Sending request to Setting Chmaber Zones to a= 0.0, b= 0.0, c= 0.0, d= 0.0 with timeout of 5s...
30-10-2024 12:29:37 - INFO - Setting Chmaber Zones to a= 0.0, b= 0.0, c= 0.0, d= 0.0 request successfully sent.
30-10-2024 12:29:37 - INFO - Response from moonraker: {'result': 'ok'}
30-10-2024 12:29:37 - INFO - Setting Chmaber Zones to a= 0.0, b= 0.0, c= 0.0, d= 0.0 Request successfully executed.
30-10-2024 12:29:37 - INFO - Sending request to Setting Chmaber Zones to a= 0.0, b= 0.0, c= 0.0, d= 0.0 with timeout of 5s...
30-10-2024 12:29:38 - INFO - Setting Chmaber Zones to a= 0.0, b= 0.0, c= 0.0, d= 0.0 request successfully sent.
30-10-2024 12:29:38 - INFO - Response from moonraker: {'result': 'ok'}
30-10-2024 12:29:38 - INFO - Setting Chmaber Zones to a= 0.0, b= 0.0, c= 0.0, d= 0.0 Request successfully executed.
30-10-2024 12:29:38 - INFO - Sending request to Setting Chmaber Zones to a= 0.0, b= 0.0, c= 0.0, d= 0.0 with timeout of 5s...
30-10-2024 12:29:38 - INFO - Setting Chmaber Zones to a= 0.0, b= 0.0, c= 0.0, d= 0.0 request successfully sent.
30-10-2024 12:29:38 - INFO - Response from moonraker: {'result': 'ok'}
30-10-2024 12:29:38 - INFO - Setting Chmaber Zones to a= 0.0, b= 0.0, c= 0.0, d= 0.0 Request successfully executed.
30-10-2024 12:29:38 - INFO - Sending request to Setting Chmaber Zones to a= 0.0, b= 0.0, c= 0.0, d= 0.0 with timeout of 5s...
30-10-2024 12:29:38 - INFO - Setting Chmaber Zones to a= 0.0, b= 0.0, c= 0.0, d= 0.0 request successfully sent.
30-10-2024 12:29:38 - INFO - Response from moonraker: {'result': 'ok'}
30-10-2024 12:29:38 - INFO - Setting Chmaber Zones to a= 0.0, b= 0.0, c= 0.0, d= 0.0 Request successfully executed.
30-10-2024 12:29:38 - INFO - Sending request to Setting Chmaber Zones to a= 0.0, b= 0.0, c= 0.0, d= 0.0 with timeout of 5s...
30-10-2024 12:29:38 - INFO - Setting Chmaber Zones to a= 0.0, b= 0.0, c= 0.0, d= 0.0 request successfully sent.
30-10-2024 12:29:38 - INFO - Response from moonraker: {'result': 'ok'}
30-10-2024 12:29:38 - INFO - Setting Chmaber Zones to a= 0.0, b= 0.0, c= 0.0, d= 0.0 Request successfully executed.
30-10-2024 12:29:38 - INFO - Sending request to Setting Chmaber Zones to a= 0.0, b= 0.0, c= 0.0, d= 0.0 with timeout of 5s...
30-10-2024 12:29:38 - INFO - Setting Chmaber Zones to a= 0.0, b= 0.0, c= 0.0, d= 0.0 request successfully sent.
30-10-2024 12:29:38 - INFO - Response from moonraker: {'result': 'ok'}
30-10-2024 12:29:38 - INFO - Setting Chmaber Zones to a= 0.0, b= 0.0, c= 0.0, d= 0.0 Request successfully executed.
30-10-2024 12:29:38 - INFO - Sending request to Setting Chmaber Zones to a= 0.0, b= 0.0, c= 0.0, d= 0.0 with timeout of 5s...
30-10-2024 12:29:39 - INFO - Setting Chmaber Zones to a= 0.0, b= 0.0, c= 0.0, d= 0.0 request successfully sent.
30-10-2024 12:29:39 - INFO - Response from moonraker: {'result': 'ok'}
30-10-2024 12:29:39 - INFO - Setting Chmaber Zones to a= 0.0, b= 0.0, c= 0.0, d= 0.0 Request successfully executed.
30-10-2024 12:29:39 - INFO - Sending request to Setting Chmaber Zones to a= 0.0, b= 0.0, c= 0.0, d= 0.0 with timeout of 5s...
30-10-2024 12:29:39 - INFO - Setting Chmaber Zones to a= 0.0, b= 0.0, c= 0.0, d= 0.0 request successfully sent.
30-10-2024 12:29:39 - INFO - Response from moonraker: {'result': 'ok'}
30-10-2024 12:29:39 - INFO - Setting Chmaber Zones to a= 0.0, b= 0.0, c= 0.0, d= 0.0 Request successfully executed.
30-10-2024 12:29:39 - INFO - Sending request to Setting Chmaber Zones to a= 0.0, b= 0.0, c= 0.0, d= 0.0 with timeout of 5s...
30-10-2024 12:29:39 - INFO - Setting Chmaber Zones to a= 0.0, b= 0.0, c= 0.0, d= 0.0 request successfully sent.
30-10-2024 12:29:39 - INFO - Response from moonraker: {'result': 'ok'}
30-10-2024 12:29:39 - INFO - Setting Chmaber Zones to a= 0.0, b= 0.0, c= 0.0, d= 0.0 Request successfully executed.
30-10-2024 12:29:39 - INFO - Sending request to Setting Chmaber Zones to a= 0.0, b= 0.0, c= 0.0, d= 0.0 with timeout of 5s...
30-10-2024 12:29:39 - INFO - Setting Chmaber Zones to a= 0.0, b= 0.0, c= 0.0, d= 0.0 request successfully sent.
30-10-2024 12:29:39 - INFO - Response from moonraker: {'result': 'ok'}
30-10-2024 12:29:39 - INFO - Setting Chmaber Zones to a= 0.0, b= 0.0, c= 0.0, d= 0.0 Request successfully executed.
30-10-2024 12:29:39 - INFO - Sending request to Setting Chmaber Zones to a= 0.0, b= 0.0, c= 0.0, d= 0.0 with timeout of 5s...
30-10-2024 12:29:39 - INFO - Setting Chmaber Zones to a= 0.0, b= 0.0, c= 0.0, d= 0.0 request successfully sent.
30-10-2024 12:29:39 - INFO - Response from moonraker: {'result': 'ok'}
30-10-2024 12:29:39 - INFO - Setting Chmaber Zones to a= 0.0, b= 0.0, c= 0.0, d= 0.0 Request successfully executed.
30-10-2024 12:29:40 - INFO - Sending request to Setting Chmaber Zones to a= 0.0, b= 0.0, c= 0.0, d= 0.0 with timeout of 5s...
30-10-2024 12:29:40 - INFO - Setting Chmaber Zones to a= 0.0, b= 0.0, c= 0.0, d= 0.0 request successfully sent.
30-10-2024 12:29:40 - INFO - Response from moonraker: {'result': 'ok'}
30-10-2024 12:29:40 - INFO - Setting Chmaber Zones to a= 0.0, b= 0.0, c= 0.0, d= 0.0 Request successfully executed.
30-10-2024 12:29:40 - INFO - Sending request to Setting Chmaber Zones to a= 0.0, b= 0.0, c= 0.0, d= 0.0 with timeout of 5s...
30-10-2024 12:29:40 - INFO - Setting Chmaber Zones to a= 0.0, b= 0.0, c= 0.0, d= 0.0 request successfully sent.
30-10-2024 12:29:40 - INFO - Response from moonraker: {'result': 'ok'}
30-10-2024 12:29:40 - INFO - Setting Chmaber Zones to a= 0.0, b= 0.0, c= 0.0, d= 0.0 Request successfully executed.
30-10-2024 12:29:40 - INFO - Sending request to Setting Chmaber Zones to a= 0.0, b= 0.0, c= 0.0, d= 0.0 with timeout of 5s...
30-10-2024 12:29:40 - INFO - Setting Chmaber Zones to a= 0.0, b= 0.0, c= 0.0, d= 0.0 request successfully sent.
30-10-2024 12:29:40 - INFO - Response from moonraker: {'result': 'ok'}
30-10-2024 12:29:40 - INFO - Setting Chmaber Zones to a= 0.0, b= 0.0, c= 0.0, d= 0.0 Request successfully executed.
30-10-2024 12:29:40 - INFO - Sending request to Setting Chmaber Zones to a= 0.0, b= 0.0, c= 0.0, d= 0.0 with timeout of 5s...
30-10-2024 12:29:40 - INFO - Setting Chmaber Zones to a= 0.0, b= 0.0, c= 0.0, d= 0.0 request successfully sent.
30-10-2024 12:29:40 - INFO - Response from moonraker: {'result': 'ok'}
30-10-2024 12:29:40 - INFO - Setting Chmaber Zones to a= 0.0, b= 0.0, c= 0.0, d= 0.0 Request successfully executed.
30-10-2024 12:29:40 - INFO - Sending request to Setting Chmaber Zones to a= 0.0, b= 0.0, c= 0.0, d= 0.0 with timeout of 5s...
30-10-2024 12:29:40 - INFO - Setting Chmaber Zones to a= 0.0, b= 0.0, c= 0.0, d= 0.0 request successfully sent.
30-10-2024 12:29:40 - INFO - Response from moonraker: {'result': 'ok'}
30-10-2024 12:29:40 - INFO - Setting Chmaber Zones to a= 0.0, b= 0.0, c= 0.0, d= 0.0 Request successfully executed.
30-10-2024 12:29:41 - INFO - Sending request to Setting Chmaber Zones to a= 0.0, b= 0.0, c= 0.0, d= 0.0 with timeout of 5s...
30-10-2024 12:29:41 - INFO - Setting Chmaber Zones to a= 0.0, b= 0.0, c= 0.0, d= 0.0 request successfully sent.
30-10-2024 12:29:41 - INFO - Response from moonraker: {'result': 'ok'}
30-10-2024 12:29:41 - INFO - Setting Chmaber Zones to a= 0.0, b= 0.0, c= 0.0, d= 0.0 Request successfully executed.
30-10-2024 12:29:41 - INFO - Sending request to Setting Chmaber Zones to a= 0.0, b= 0.0, c= 0.0, d= 0.0 with timeout of 5s...
30-10-2024 12:29:41 - INFO - Setting Chmaber Zones to a= 0.0, b= 0.0, c= 0.0, d= 0.0 request successfully sent.
30-10-2024 12:29:41 - INFO - Response from moonraker: {'result': 'ok'}
30-10-2024 12:29:41 - INFO - Setting Chmaber Zones to a= 0.0, b= 0.0, c= 0.0, d= 0.0 Request successfully executed.
30-10-2024 12:29:41 - INFO - Sending request to Setting Chmaber Zones to a= 0.0, b= 0.0, c= 0.0, d= 0.0 with timeout of 5s...
30-10-2024 12:29:41 - INFO - Setting Chmaber Zones to a= 0.0, b= 0.0, c= 0.0, d= 0.0 request successfully sent.
30-10-2024 12:29:41 - INFO - Response from moonraker: {'result': 'ok'}
30-10-2024 12:29:41 - INFO - Setting Chmaber Zones to a= 0.0, b= 0.0, c= 0.0, d= 0.0 Request successfully executed.
30-10-2024 12:29:41 - INFO - Sending request to Setting Chmaber Zones to a= 0.0, b= 0.0, c= 0.0, d= 0.0 with timeout of 5s...
30-10-2024 12:29:41 - INFO - Setting Chmaber Zones to a= 0.0, b= 0.0, c= 0.0, d= 0.0 request successfully sent.
30-10-2024 12:29:41 - INFO - Response from moonraker: {'result': 'ok'}
30-10-2024 12:29:41 - INFO - Setting Chmaber Zones to a= 0.0, b= 0.0, c= 0.0, d= 0.0 Request successfully executed.
30-10-2024 12:29:41 - INFO - Sending request to Setting Chmaber Zones to a= 0.0, b= 0.0, c= 0.0, d= 0.0 with timeout of 5s...
30-10-2024 12:29:41 - INFO - Setting Chmaber Zones to a= 0.0, b= 0.0, c= 0.0, d= 0.0 request successfully sent.
30-10-2024 12:29:41 - INFO - Response from moonraker: {'result': 'ok'}
30-10-2024 12:29:41 - INFO - Setting Chmaber Zones to a= 0.0, b= 0.0, c= 0.0, d= 0.0 Request successfully executed.
30-10-2024 12:29:42 - INFO - Sending request to Setting Chmaber Zones to a= 0.0, b= 0.0, c= 0.0, d= 0.0 with timeout of 5s...
30-10-2024 12:29:42 - INFO - Setting Chmaber Zones to a= 0.0, b= 0.0, c= 0.0, d= 0.0 request successfully sent.
30-10-2024 12:29:42 - INFO - Response from moonraker: {'result': 'ok'}
30-10-2024 12:29:42 - INFO - Setting Chmaber Zones to a= 0.0, b= 0.0, c= 0.0, d= 0.0 Request successfully executed.
30-10-2024 12:29:42 - INFO - Sending request to Setting Chmaber Zones to a= 0.0, b= 0.0, c= 0.0, d= 0.0 with timeout of 5s...
30-10-2024 12:29:42 - INFO - Setting Chmaber Zones to a= 0.0, b= 0.0, c= 0.0, d= 0.0 request successfully sent.
30-10-2024 12:29:42 - INFO - Response from moonraker: {'result': 'ok'}
30-10-2024 12:29:42 - INFO - Setting Chmaber Zones to a= 0.0, b= 0.0, c= 0.0, d= 0.0 Request successfully executed.
30-10-2024 12:29:42 - INFO - Sending request to Setting Chmaber Zones to a= 0.0, b= 0.0, c= 0.0, d= 0.0 with timeout of 5s...
30-10-2024 12:29:42 - INFO - Setting Chmaber Zones to a= 0.0, b= 0.0, c= 0.0, d= 0.0 request successfully sent.
30-10-2024 12:29:42 - INFO - Response from moonraker: {'result': 'ok'}
30-10-2024 12:29:42 - INFO - Setting Chmaber Zones to a= 0.0, b= 0.0, c= 0.0, d= 0.0 Request successfully executed.
30-10-2024 12:29:42 - INFO - Sending request to Setting Chmaber Zones to a= 0.0, b= 0.0, c= 0.0, d= 0.0 with timeout of 5s...
30-10-2024 12:29:42 - INFO - Setting Chmaber Zones to a= 0.0, b= 0.0, c= 0.0, d= 0.0 request successfully sent.
30-10-2024 12:29:42 - INFO - Response from moonraker: {'result': 'ok'}
30-10-2024 12:29:42 - INFO - Setting Chmaber Zones to a= 0.0, b= 0.0, c= 0.0, d= 0.0 Request successfully executed.
30-10-2024 12:29:42 - INFO - Sending request to Setting Chmaber Zones to a= 0.0, b= 0.0, c= 0.0, d= 0.0 with timeout of 5s...
30-10-2024 12:29:42 - INFO - Setting Chmaber Zones to a= 0.0, b= 0.0, c= 0.0, d= 0.0 request successfully sent.
30-10-2024 12:29:42 - INFO - Response from moonraker: {'result': 'ok'}
30-10-2024 12:29:42 - INFO - Setting Chmaber Zones to a= 0.0, b= 0.0, c= 0.0, d= 0.0 Request successfully executed.
30-10-2024 12:29:43 - INFO - Sending request to Setting Chmaber Zones to a= 0.0, b= 0.0, c= 0.0, d= 0.0 with timeout of 5s...
30-10-2024 12:29:43 - INFO - Setting Chmaber Zones to a= 0.0, b= 0.0, c= 0.0, d= 0.0 request successfully sent.
30-10-2024 12:29:43 - INFO - Response from moonraker: {'result': 'ok'}
30-10-2024 12:29:43 - INFO - Setting Chmaber Zones to a= 0.0, b= 0.0, c= 0.0, d= 0.0 Request successfully executed.
30-10-2024 12:29:43 - INFO - Sending request to Setting Chmaber Zones to a= 0.0, b= 0.0, c= 0.0, d= 0.0 with timeout of 5s...
30-10-2024 12:29:43 - INFO - Setting Chmaber Zones to a= 0.0, b= 0.0, c= 0.0, d= 0.0 request successfully sent.
30-10-2024 12:29:43 - INFO - Response from moonraker: {'result': 'ok'}
30-10-2024 12:29:43 - INFO - Setting Chmaber Zones to a= 0.0, b= 0.0, c= 0.0, d= 0.0 Request successfully executed.
30-10-2024 12:29:43 - INFO - Sending request to Setting Chmaber Zones to a= 0.0, b= 0.0, c= 0.0, d= 0.0 with timeout of 5s...
30-10-2024 12:29:43 - INFO - Setting Chmaber Zones to a= 0.0, b= 0.0, c= 0.0, d= 0.0 request successfully sent.
30-10-2024 12:29:43 - INFO - Response from moonraker: {'result': 'ok'}
30-10-2024 12:29:43 - INFO - Setting Chmaber Zones to a= 0.0, b= 0.0, c= 0.0, d= 0.0 Request successfully executed.
30-10-2024 12:29:43 - INFO - Sending request to Setting Chmaber Zones to a= 0.0, b= 0.0, c= 0.0, d= 0.0 with timeout of 5s...
30-10-2024 12:29:43 - INFO - Setting Chmaber Zones to a= 0.0, b= 0.0, c= 0.0, d= 0.0 request successfully sent.
30-10-2024 12:29:43 - INFO - Response from moonraker: {'result': 'ok'}
30-10-2024 12:29:43 - INFO - Setting Chmaber Zones to a= 0.0, b= 0.0, c= 0.0, d= 0.0 Request successfully executed.
30-10-2024 12:29:43 - INFO - Sending request to Setting Chmaber Zones to a= 0.0, b= 0.0, c= 0.0, d= 0.0 with timeout of 5s...
30-10-2024 12:29:43 - INFO - Setting Chmaber Zones to a= 0.0, b= 0.0, c= 0.0, d= 0.0 request successfully sent.
30-10-2024 12:29:43 - INFO - Response from moonraker: {'result': 'ok'}
30-10-2024 12:29:43 - INFO - Setting Chmaber Zones to a= 0.0, b= 0.0, c= 0.0, d= 0.0 Request successfully executed.
30-10-2024 12:29:44 - INFO - Sending request to Setting Chmaber Zones to a= 0.0, b= 0.0, c= 0.0, d= 0.0 with timeout of 5s...
30-10-2024 12:29:44 - INFO - Setting Chmaber Zones to a= 0.0, b= 0.0, c= 0.0, d= 0.0 request successfully sent.
30-10-2024 12:29:44 - INFO - Response from moonraker: {'result': 'ok'}
30-10-2024 12:29:44 - INFO - Setting Chmaber Zones to a= 0.0, b= 0.0, c= 0.0, d= 0.0 Request successfully executed.
30-10-2024 12:29:44 - INFO - Sending request to Setting Chmaber Zones to a= 0.0, b= 0.0, c= 0.0, d= 0.0 with timeout of 5s...
30-10-2024 12:29:44 - INFO - Setting Chmaber Zones to a= 0.0, b= 0.0, c= 0.0, d= 0.0 request successfully sent.
30-10-2024 12:29:44 - INFO - Response from moonraker: {'result': 'ok'}
30-10-2024 12:29:44 - INFO - Setting Chmaber Zones to a= 0.0, b= 0.0, c= 0.0, d= 0.0 Request successfully executed.
30-10-2024 12:29:44 - INFO - Sending request to Setting Chmaber Zones to a= 0.0, b= 0.0, c= 0.0, d= 0.0 with timeout of 5s...
30-10-2024 12:29:44 - INFO - Setting Chmaber Zones to a= 0.0, b= 0.0, c= 0.0, d= 0.0 request successfully sent.
30-10-2024 12:29:44 - INFO - Response from moonraker: {'result': 'ok'}
30-10-2024 12:29:44 - INFO - Setting Chmaber Zones to a= 0.0, b= 0.0, c= 0.0, d= 0.0 Request successfully executed.
30-10-2024 12:29:44 - INFO - Sending request to Setting Chmaber Zones to a= 0.0, b= 0.0, c= 0.0, d= 0.0 with timeout of 5s...
30-10-2024 12:29:44 - INFO - Setting Chmaber Zones to a= 0.0, b= 0.0, c= 0.0, d= 0.0 request successfully sent.
30-10-2024 12:29:44 - INFO - Response from moonraker: {'result': 'ok'}
30-10-2024 12:29:44 - INFO - Setting Chmaber Zones to a= 0.0, b= 0.0, c= 0.0, d= 0.0 Request successfully executed.
30-10-2024 12:29:44 - INFO - Sending request to Setting Chmaber Zones to a= 0.0, b= 0.0, c= 0.0, d= 0.0 with timeout of 5s...
30-10-2024 12:29:44 - INFO - Setting Chmaber Zones to a= 0.0, b= 0.0, c= 0.0, d= 0.0 request successfully sent.
30-10-2024 12:29:44 - INFO - Response from moonraker: {'result': 'ok'}
30-10-2024 12:29:44 - INFO - Setting Chmaber Zones to a= 0.0, b= 0.0, c= 0.0, d= 0.0 Request successfully executed.
30-10-2024 12:29:45 - INFO - Sending request to Setting Chmaber Zones to a= 0.0, b= 0.0, c= 0.0, d= 0.0 with timeout of 5s...
30-10-2024 12:29:45 - INFO - Setting Chmaber Zones to a= 0.0, b= 0.0, c= 0.0, d= 0.0 request successfully sent.
30-10-2024 12:29:45 - INFO - Response from moonraker: {'result': 'ok'}
30-10-2024 12:29:45 - INFO - Setting Chmaber Zones to a= 0.0, b= 0.0, c= 0.0, d= 0.0 Request successfully executed.
30-10-2024 12:29:45 - INFO - Sending request to Setting Chmaber Zones to a= 0.0, b= 0.0, c= 0.0, d= 0.0 with timeout of 5s...
30-10-2024 12:29:45 - INFO - Setting Chmaber Zones to a= 0.0, b= 0.0, c= 0.0, d= 0.0 request successfully sent.
30-10-2024 12:29:45 - INFO - Response from moonraker: {'result': 'ok'}
30-10-2024 12:29:45 - INFO - Setting Chmaber Zones to a= 0.0, b= 0.0, c= 0.0, d= 0.0 Request successfully executed.
30-10-2024 12:29:45 - INFO - Sending request to Setting Chmaber Zones to a= 0.0, b= 0.0, c= 0.0, d= 0.0 with timeout of 5s...
30-10-2024 12:29:45 - INFO - Setting Chmaber Zones to a= 0.0, b= 0.0, c= 0.0, d= 0.0 request successfully sent.
30-10-2024 12:29:45 - INFO - Response from moonraker: {'result': 'ok'}
30-10-2024 12:29:45 - INFO - Setting Chmaber Zones to a= 0.0, b= 0.0, c= 0.0, d= 0.0 Request successfully executed.
30-10-2024 12:29:45 - INFO - Sending request to Setting Chmaber Zones to a= 0.0, b= 0.0, c= 0.0, d= 0.0 with timeout of 5s...
30-10-2024 12:29:45 - INFO - Setting Chmaber Zones to a= 0.0, b= 0.0, c= 0.0, d= 0.0 request successfully sent.
30-10-2024 12:29:45 - INFO - Response from moonraker: {'result': 'ok'}
30-10-2024 12:29:45 - INFO - Setting Chmaber Zones to a= 0.0, b= 0.0, c= 0.0, d= 0.0 Request successfully executed.
30-10-2024 12:29:45 - INFO - Sending request to Setting Chmaber Zones to a= 0.0, b= 0.0, c= 0.0, d= 0.0 with timeout of 5s...
30-10-2024 12:29:45 - INFO - Setting Chmaber Zones to a= 0.0, b= 0.0, c= 0.0, d= 0.0 request successfully sent.
30-10-2024 12:29:45 - INFO - Response from moonraker: {'result': 'ok'}
30-10-2024 12:29:45 - INFO - Setting Chmaber Zones to a= 0.0, b= 0.0, c= 0.0, d= 0.0 Request successfully executed.
30-10-2024 12:29:46 - INFO - Sending request to Setting Chmaber Zones to a= 0.0, b= 0.0, c= 0.0, d= 0.0 with timeout of 5s...
30-10-2024 12:29:46 - INFO - Setting Chmaber Zones to a= 0.0, b= 0.0, c= 0.0, d= 0.0 request successfully sent.
30-10-2024 12:29:46 - INFO - Response from moonraker: {'result': 'ok'}
30-10-2024 12:29:46 - INFO - Setting Chmaber Zones to a= 0.0, b= 0.0, c= 0.0, d= 0.0 Request successfully executed.
30-10-2024 12:29:46 - INFO - Sending request to Setting Chmaber Zones to a= 0.0, b= 0.0, c= 0.0, d= 0.0 with timeout of 5s...
30-10-2024 12:29:46 - INFO - Setting Chmaber Zones to a= 0.0, b= 0.0, c= 0.0, d= 0.0 request successfully sent.
30-10-2024 12:29:46 - INFO - Response from moonraker: {'result': 'ok'}
30-10-2024 12:29:46 - INFO - Setting Chmaber Zones to a= 0.0, b= 0.0, c= 0.0, d= 0.0 Request successfully executed.
30-10-2024 12:29:46 - INFO - Sending request to Setting Chmaber Zones to a= 0.0, b= 0.0, c= 0.0, d= 0.0 with timeout of 5s...
30-10-2024 12:29:46 - INFO - Setting Chmaber Zones to a= 0.0, b= 0.0, c= 0.0, d= 0.0 request successfully sent.
30-10-2024 12:29:46 - INFO - Response from moonraker: {'result': 'ok'}
30-10-2024 12:29:46 - INFO - Setting Chmaber Zones to a= 0.0, b= 0.0, c= 0.0, d= 0.0 Request successfully executed.
30-10-2024 12:29:46 - INFO - Sending request to Setting Chmaber Zones to a= 0.0, b= 0.0, c= 0.0, d= 0.0 with timeout of 5s...
30-10-2024 12:29:46 - INFO - Setting Chmaber Zones to a= 0.0, b= 0.0, c= 0.0, d= 0.0 request successfully sent.
30-10-2024 12:29:46 - INFO - Response from moonraker: {'result': 'ok'}
30-10-2024 12:29:46 - INFO - Setting Chmaber Zones to a= 0.0, b= 0.0, c= 0.0, d= 0.0 Request successfully executed.
30-10-2024 12:29:46 - INFO - Sending request to Setting Chmaber Zones to a= 0.0, b= 0.0, c= 0.0, d= 0.0 with timeout of 5s...
30-10-2024 12:29:46 - INFO - Setting Chmaber Zones to a= 0.0, b= 0.0, c= 0.0, d= 0.0 request successfully sent.
30-10-2024 12:29:46 - INFO - Response from moonraker: {'result': 'ok'}
30-10-2024 12:29:46 - INFO - Setting Chmaber Zones to a= 0.0, b= 0.0, c= 0.0, d= 0.0 Request successfully executed.
30-10-2024 12:29:47 - INFO - Sending request to Setting Chmaber Zones to a= 0.0, b= 0.0, c= 0.0, d= 0.0 with timeout of 5s...
30-10-2024 12:29:47 - INFO - Setting Chmaber Zones to a= 0.0, b= 0.0, c= 0.0, d= 0.0 request successfully sent.
30-10-2024 12:29:47 - INFO - Response from moonraker: {'result': 'ok'}
30-10-2024 12:29:47 - INFO - Setting Chmaber Zones to a= 0.0, b= 0.0, c= 0.0, d= 0.0 Request successfully executed.
30-10-2024 12:29:47 - INFO - Sending request to Setting Chmaber Zones to a= 0.0, b= 0.0, c= 0.0, d= 0.0 with timeout of 5s...
30-10-2024 12:29:47 - INFO - Setting Chmaber Zones to a= 0.0, b= 0.0, c= 0.0, d= 0.0 request successfully sent.
30-10-2024 12:29:47 - INFO - Response from moonraker: {'result': 'ok'}
30-10-2024 12:29:47 - INFO - Setting Chmaber Zones to a= 0.0, b= 0.0, c= 0.0, d= 0.0 Request successfully executed.
30-10-2024 12:29:47 - INFO - Sending request to pre-layer-gcodes with timeout of 5s...
30-10-2024 12:29:47 - INFO - Sending request to Setting Chmaber Zones to a= 0.0, b= 0.0, c= 0.0, d= 0.0 with timeout of 5s...
30-10-2024 12:29:47 - INFO - Sending request to Setting Chmaber Zones to a= 0.0, b= 0.0, c= 0.0, d= 0.0 with timeout of 5s...
30-10-2024 12:29:47 - INFO - Sending request to Setting Chmaber Zones to a= 0.0, b= 0.0, c= 0.0, d= 0.0 with timeout of 5s...
30-10-2024 12:29:48 - INFO - Sending request to Setting Chmaber Zones to a= 0.0, b= 0.0, c= 0.0, d= 0.0 with timeout of 5s...
30-10-2024 12:29:48 - INFO - Sending request to Setting Chmaber Zones to a= 0.0, b= 0.0, c= 0.0, d= 0.0 with timeout of 5s...
30-10-2024 12:29:48 - INFO - Sending request to Setting Chmaber Zones to a= 0.0, b= 0.0, c= 0.0, d= 0.0 with timeout of 5s...
30-10-2024 12:29:48 - INFO - Sending request to Setting Chmaber Zones to a= 0.0, b= 0.0, c= 0.0, d= 0.0 with timeout of 5s...
30-10-2024 12:29:48 - INFO - Sending request to Setting Chmaber Zones to a= 0.0, b= 0.0, c= 0.0, d= 0.0 with timeout of 5s...
30-10-2024 12:29:49 - INFO - Sending request to Setting Chmaber Zones to a= 0.0, b= 0.0, c= 0.0, d= 0.0 with timeout of 5s...
30-10-2024 12:29:49 - INFO - Sending request to Setting Chmaber Zones to a= 0.0, b= 0.0, c= 0.0, d= 0.0 with timeout of 5s...
30-10-2024 12:29:49 - INFO - Sending request to Setting Chmaber Zones to a= 0.0, b= 0.0, c= 0.0, d= 0.0 with timeout of 5s...
30-10-2024 12:29:49 - INFO - Sending request to Setting Chmaber Zones to a= 0.0, b= 0.0, c= 0.0, d= 0.0 with timeout of 5s...
30-10-2024 12:29:49 - INFO - pre-layer-gcodes request successfully sent.
30-10-2024 12:29:49 - INFO - Response from moonraker: {'result': 'ok'}
30-10-2024 12:29:49 - INFO - Setting Chmaber Zones to a= 0.0, b= 0.0, c= 0.0, d= 0.0 request successfully sent.
30-10-2024 12:29:49 - INFO - pre-layer-gcodes Request successfully executed.
30-10-2024 12:29:49 - INFO - Sending request to pre-layer-gcodes with timeout of 5s...
30-10-2024 12:29:49 - INFO - Response from moonraker: {'result': 'ok'}
30-10-2024 12:29:49 - INFO - Setting Chmaber Zones to a= 0.0, b= 0.0, c= 0.0, d= 0.0 Request successfully executed.
30-10-2024 12:29:49 - INFO - Setting Chmaber Zones to a= 0.0, b= 0.0, c= 0.0, d= 0.0 request successfully sent.
30-10-2024 12:29:49 - INFO - Response from moonraker: {'result': 'ok'}
30-10-2024 12:29:49 - INFO - Setting Chmaber Zones to a= 0.0, b= 0.0, c= 0.0, d= 0.0 Request successfully executed.
30-10-2024 12:29:49 - INFO - Setting Chmaber Zones to a= 0.0, b= 0.0, c= 0.0, d= 0.0 request successfully sent.
30-10-2024 12:29:49 - INFO - Response from moonraker: {'result': 'ok'}
30-10-2024 12:29:49 - INFO - Setting Chmaber Zones to a= 0.0, b= 0.0, c= 0.0, d= 0.0 Request successfully executed.
30-10-2024 12:29:49 - INFO - Setting Chmaber Zones to a= 0.0, b= 0.0, c= 0.0, d= 0.0 request successfully sent.
30-10-2024 12:29:49 - INFO - Response from moonraker: {'result': 'ok'}
30-10-2024 12:29:49 - INFO - Setting Chmaber Zones to a= 0.0, b= 0.0, c= 0.0, d= 0.0 Request successfully executed.
30-10-2024 12:29:49 - INFO - Setting Chmaber Zones to a= 0.0, b= 0.0, c= 0.0, d= 0.0 request successfully sent.
30-10-2024 12:29:49 - INFO - Response from moonraker: {'result': 'ok'}
30-10-2024 12:29:49 - INFO - Setting Chmaber Zones to a= 0.0, b= 0.0, c= 0.0, d= 0.0 Request successfully executed.
30-10-2024 12:29:49 - INFO - Setting Chmaber Zones to a= 0.0, b= 0.0, c= 0.0, d= 0.0 request successfully sent.
30-10-2024 12:29:49 - INFO - Response from moonraker: {'result': 'ok'}
30-10-2024 12:29:49 - INFO - Setting Chmaber Zones to a= 0.0, b= 0.0, c= 0.0, d= 0.0 Request successfully executed.
30-10-2024 12:29:49 - INFO - Setting Chmaber Zones to a= 0.0, b= 0.0, c= 0.0, d= 0.0 request successfully sent.
30-10-2024 12:29:49 - INFO - Response from moonraker: {'result': 'ok'}
30-10-2024 12:29:49 - INFO - Setting Chmaber Zones to a= 0.0, b= 0.0, c= 0.0, d= 0.0 Request successfully executed.
30-10-2024 12:29:49 - INFO - Setting Chmaber Zones to a= 0.0, b= 0.0, c= 0.0, d= 0.0 request successfully sent.
30-10-2024 12:29:49 - INFO - Response from moonraker: {'result': 'ok'}
30-10-2024 12:29:49 - INFO - Setting Chmaber Zones to a= 0.0, b= 0.0, c= 0.0, d= 0.0 Request successfully executed.
30-10-2024 12:29:49 - INFO - Setting Chmaber Zones to a= 0.0, b= 0.0, c= 0.0, d= 0.0 request successfully sent.
30-10-2024 12:29:49 - INFO - Response from moonraker: {'result': 'ok'}
30-10-2024 12:29:49 - INFO - Setting Chmaber Zones to a= 0.0, b= 0.0, c= 0.0, d= 0.0 Request successfully executed.
30-10-2024 12:29:49 - INFO - Setting Chmaber Zones to a= 0.0, b= 0.0, c= 0.0, d= 0.0 request successfully sent.
30-10-2024 12:29:49 - INFO - Response from moonraker: {'result': 'ok'}
30-10-2024 12:29:49 - INFO - Setting Chmaber Zones to a= 0.0, b= 0.0, c= 0.0, d= 0.0 Request successfully executed.
30-10-2024 12:29:49 - INFO - Setting Chmaber Zones to a= 0.0, b= 0.0, c= 0.0, d= 0.0 request successfully sent.
30-10-2024 12:29:49 - INFO - Response from moonraker: {'result': 'ok'}
30-10-2024 12:29:49 - INFO - Setting Chmaber Zones to a= 0.0, b= 0.0, c= 0.0, d= 0.0 Request successfully executed.
30-10-2024 12:29:49 - INFO - Setting Chmaber Zones to a= 0.0, b= 0.0, c= 0.0, d= 0.0 request successfully sent.
30-10-2024 12:29:49 - INFO - Response from moonraker: {'result': 'ok'}
30-10-2024 12:29:49 - INFO - Setting Chmaber Zones to a= 0.0, b= 0.0, c= 0.0, d= 0.0 Request successfully executed.
30-10-2024 12:29:49 - INFO - Sending request to Setting Chmaber Zones to a= 0.0, b= 0.0, c= 0.0, d= 0.0 with timeout of 5s...
30-10-2024 12:29:50 - INFO - Sending request to Setting Chmaber Zones to a= 0.0, b= 0.0, c= 0.0, d= 0.0 with timeout of 5s...
30-10-2024 12:29:50 - INFO - Sending request to Setting Chmaber Zones to a= 0.0, b= 0.0, c= 0.0, d= 0.0 with timeout of 5s...
30-10-2024 12:29:50 - INFO - Sending request to Setting Chmaber Zones to a= 0.0, b= 0.0, c= 0.0, d= 0.0 with timeout of 5s...
30-10-2024 12:29:50 - INFO - Sending request to Setting Chmaber Zones to a= 0.0, b= 0.0, c= 0.0, d= 0.0 with timeout of 5s...
30-10-2024 12:29:50 - INFO - pre-layer-gcodes request successfully sent.
30-10-2024 12:29:50 - INFO - Response from moonraker: {'result': 'ok'}
30-10-2024 12:29:50 - INFO - pre-layer-gcodes Request successfully executed.
30-10-2024 12:29:50 - INFO - Sending request to pre-layer-gcodes with timeout of 5s...
30-10-2024 12:29:50 - INFO - Setting Chmaber Zones to a= 0.0, b= 0.0, c= 0.0, d= 0.0 request successfully sent.
30-10-2024 12:29:50 - INFO - Response from moonraker: {'result': 'ok'}
30-10-2024 12:29:50 - INFO - Setting Chmaber Zones to a= 0.0, b= 0.0, c= 0.0, d= 0.0 Request successfully executed.
30-10-2024 12:29:50 - INFO - Setting Chmaber Zones to a= 0.0, b= 0.0, c= 0.0, d= 0.0 request successfully sent.
30-10-2024 12:29:50 - INFO - Response from moonraker: {'result': 'ok'}
30-10-2024 12:29:50 - INFO - Setting Chmaber Zones to a= 0.0, b= 0.0, c= 0.0, d= 0.0 Request successfully executed.
30-10-2024 12:29:50 - INFO - Setting Chmaber Zones to a= 0.0, b= 0.0, c= 0.0, d= 0.0 request successfully sent.
30-10-2024 12:29:50 - INFO - Response from moonraker: {'result': 'ok'}
30-10-2024 12:29:50 - INFO - Setting Chmaber Zones to a= 0.0, b= 0.0, c= 0.0, d= 0.0 Request successfully executed.
30-10-2024 12:29:50 - INFO - Setting Chmaber Zones to a= 0.0, b= 0.0, c= 0.0, d= 0.0 request successfully sent.
30-10-2024 12:29:50 - INFO - Response from moonraker: {'result': 'ok'}
30-10-2024 12:29:50 - INFO - Setting Chmaber Zones to a= 0.0, b= 0.0, c= 0.0, d= 0.0 Request successfully executed.
30-10-2024 12:29:50 - INFO - Setting Chmaber Zones to a= 0.0, b= 0.0, c= 0.0, d= 0.0 request successfully sent.
30-10-2024 12:29:50 - INFO - Response from moonraker: {'result': 'ok'}
30-10-2024 12:29:50 - INFO - Setting Chmaber Zones to a= 0.0, b= 0.0, c= 0.0, d= 0.0 Request successfully executed.
30-10-2024 12:29:50 - INFO - Sending request to Setting Chmaber Zones to a= 0.0, b= 0.0, c= 0.0, d= 0.0 with timeout of 5s...
30-10-2024 12:29:51 - INFO - Sending request to Setting Chmaber Zones to a= 0.0, b= 0.0, c= 0.0, d= 0.0 with timeout of 5s...
30-10-2024 12:29:51 - INFO - Sending request to Setting Chmaber Zones to a= 0.0, b= 0.0, c= 0.0, d= 0.0 with timeout of 5s...
30-10-2024 12:29:51 - INFO - Sending request to Setting Chmaber Zones to a= 0.0, b= 0.0, c= 0.0, d= 0.0 with timeout of 5s...
30-10-2024 12:29:51 - INFO - Sending request to Setting Chmaber Zones to a= 0.0, b= 0.0, c= 0.0, d= 0.0 with timeout of 5s...
30-10-2024 12:29:51 - INFO - Sending request to Setting Chmaber Zones to a= 0.0, b= 0.0, c= 0.0, d= 0.0 with timeout of 5s...
30-10-2024 12:29:52 - INFO - Sending request to Setting Chmaber Zones to a= 0.0, b= 0.0, c= 0.0, d= 0.0 with timeout of 5s...
30-10-2024 12:29:52 - INFO - Sending request to Setting Chmaber Zones to a= 0.0, b= 0.0, c= 0.0, d= 0.0 with timeout of 5s...
30-10-2024 12:29:52 - INFO - Sending request to Setting Chmaber Zones to a= 0.0, b= 0.0, c= 0.0, d= 0.0 with timeout of 5s...
30-10-2024 12:29:52 - INFO - Sending request to Setting Chmaber Zones to a= 0.0, b= 0.0, c= 0.0, d= 0.0 with timeout of 5s...
30-10-2024 12:29:52 - INFO - Sending request to Setting Chmaber Zones to a= 0.0, b= 0.0, c= 0.0, d= 0.0 with timeout of 5s...
30-10-2024 12:29:53 - INFO - Sending request to Setting Chmaber Zones to a= 0.0, b= 0.0, c= 0.0, d= 0.0 with timeout of 5s...
30-10-2024 12:29:53 - INFO - Sending request to Setting Chmaber Zones to a= 0.0, b= 0.0, c= 0.0, d= 0.0 with timeout of 5s...
30-10-2024 12:29:53 - INFO - Sending request to Setting Chmaber Zones to a= 0.0, b= 0.0, c= 0.0, d= 0.0 with timeout of 5s...
30-10-2024 12:29:53 - INFO - Sending request to Setting Chmaber Zones to a= 0.0, b= 0.0, c= 0.0, d= 0.0 with timeout of 5s...
30-10-2024 12:29:53 - INFO - Sending request to Setting Chmaber Zones to a= 0.0, b= 0.0, c= 0.0, d= 0.0 with timeout of 5s...
30-10-2024 12:29:54 - INFO - Sending request to Setting Chmaber Zones to a= 0.0, b= 0.0, c= 0.0, d= 0.0 with timeout of 5s...
30-10-2024 12:29:54 - INFO - Sending request to Setting Chmaber Zones to a= 0.0, b= 0.0, c= 0.0, d= 0.0 with timeout of 5s...
30-10-2024 12:29:54 - INFO - Sending request to Setting Chmaber Zones to a= 0.0, b= 0.0, c= 0.0, d= 0.0 with timeout of 5s...
30-10-2024 12:29:54 - INFO - pre-layer-gcodes request successfully sent.
30-10-2024 12:29:54 - INFO - Response from moonraker: {'result': 'ok'}
30-10-2024 12:29:54 - INFO - pre-layer-gcodes Request successfully executed.
30-10-2024 12:29:54 - INFO - Sending request to Moving left hopper motors 0.1mm - stage 1 with timeout of 5s...
30-10-2024 12:29:54 - INFO - Setting Chmaber Zones to a= 0.0, b= 0.0, c= 0.0, d= 0.0 request successfully sent.
30-10-2024 12:29:54 - INFO - Response from moonraker: {'result': 'ok'}
30-10-2024 12:29:54 - INFO - Setting Chmaber Zones to a= 0.0, b= 0.0, c= 0.0, d= 0.0 Request successfully executed.
30-10-2024 12:29:54 - INFO - Sending request to Setting Chmaber Zones to a= 0.0, b= 0.0, c= 0.0, d= 0.0 with timeout of 5s...
30-10-2024 12:29:54 - INFO - Setting Chmaber Zones to a= 0.0, b= 0.0, c= 0.0, d= 0.0 request successfully sent.
30-10-2024 12:29:54 - INFO - Response from moonraker: {'result': 'ok'}
30-10-2024 12:29:54 - INFO - Setting Chmaber Zones to a= 0.0, b= 0.0, c= 0.0, d= 0.0 Request successfully executed.
30-10-2024 12:29:54 - INFO - Setting Chmaber Zones to a= 0.0, b= 0.0, c= 0.0, d= 0.0 request successfully sent.
30-10-2024 12:29:54 - INFO - Response from moonraker: {'result': 'ok'}
30-10-2024 12:29:54 - INFO - Setting Chmaber Zones to a= 0.0, b= 0.0, c= 0.0, d= 0.0 Request successfully executed.
30-10-2024 12:29:54 - INFO - Setting Chmaber Zones to a= 0.0, b= 0.0, c= 0.0, d= 0.0 request successfully sent.
30-10-2024 12:29:54 - INFO - Response from moonraker: {'result': 'ok'}
30-10-2024 12:29:54 - INFO - Setting Chmaber Zones to a= 0.0, b= 0.0, c= 0.0, d= 0.0 Request successfully executed.
30-10-2024 12:29:54 - INFO - Setting Chmaber Zones to a= 0.0, b= 0.0, c= 0.0, d= 0.0 request successfully sent.
30-10-2024 12:29:54 - INFO - Response from moonraker: {'result': 'ok'}
30-10-2024 12:29:54 - INFO - Setting Chmaber Zones to a= 0.0, b= 0.0, c= 0.0, d= 0.0 Request successfully executed.
30-10-2024 12:29:54 - INFO - Setting Chmaber Zones to a= 0.0, b= 0.0, c= 0.0, d= 0.0 request successfully sent.
30-10-2024 12:29:54 - INFO - Response from moonraker: {'result': 'ok'}
30-10-2024 12:29:54 - INFO - Setting Chmaber Zones to a= 0.0, b= 0.0, c= 0.0, d= 0.0 Request successfully executed.
30-10-2024 12:29:54 - INFO - Setting Chmaber Zones to a= 0.0, b= 0.0, c= 0.0, d= 0.0 request successfully sent.
30-10-2024 12:29:54 - INFO - Response from moonraker: {'result': 'ok'}
30-10-2024 12:29:54 - INFO - Setting Chmaber Zones to a= 0.0, b= 0.0, c= 0.0, d= 0.0 Request successfully executed.
30-10-2024 12:29:54 - INFO - Setting Chmaber Zones to a= 0.0, b= 0.0, c= 0.0, d= 0.0 request successfully sent.
30-10-2024 12:29:54 - INFO - Response from moonraker: {'result': 'ok'}
30-10-2024 12:29:54 - INFO - Setting Chmaber Zones to a= 0.0, b= 0.0, c= 0.0, d= 0.0 Request successfully executed.
30-10-2024 12:29:54 - INFO - Setting Chmaber Zones to a= 0.0, b= 0.0, c= 0.0, d= 0.0 request successfully sent.
30-10-2024 12:29:54 - INFO - Response from moonraker: {'result': 'ok'}
30-10-2024 12:29:54 - INFO - Setting Chmaber Zones to a= 0.0, b= 0.0, c= 0.0, d= 0.0 Request successfully executed.
30-10-2024 12:29:54 - INFO - Setting Chmaber Zones to a= 0.0, b= 0.0, c= 0.0, d= 0.0 request successfully sent.
30-10-2024 12:29:54 - INFO - Response from moonraker: {'result': 'ok'}
30-10-2024 12:29:54 - INFO - Setting Chmaber Zones to a= 0.0, b= 0.0, c= 0.0, d= 0.0 Request successfully executed.
30-10-2024 12:29:54 - INFO - Setting Chmaber Zones to a= 0.0, b= 0.0, c= 0.0, d= 0.0 request successfully sent.
30-10-2024 12:29:54 - INFO - Response from moonraker: {'result': 'ok'}
30-10-2024 12:29:54 - INFO - Setting Chmaber Zones to a= 0.0, b= 0.0, c= 0.0, d= 0.0 Request successfully executed.
30-10-2024 12:29:54 - INFO - Setting Chmaber Zones to a= 0.0, b= 0.0, c= 0.0, d= 0.0 request successfully sent.
30-10-2024 12:29:54 - INFO - Response from moonraker: {'result': 'ok'}
30-10-2024 12:29:54 - INFO - Setting Chmaber Zones to a= 0.0, b= 0.0, c= 0.0, d= 0.0 Request successfully executed.
30-10-2024 12:29:54 - INFO - Setting Chmaber Zones to a= 0.0, b= 0.0, c= 0.0, d= 0.0 request successfully sent.
30-10-2024 12:29:54 - INFO - Response from moonraker: {'result': 'ok'}
30-10-2024 12:29:54 - INFO - Setting Chmaber Zones to a= 0.0, b= 0.0, c= 0.0, d= 0.0 Request successfully executed.
30-10-2024 12:29:54 - INFO - Setting Chmaber Zones to a= 0.0, b= 0.0, c= 0.0, d= 0.0 request successfully sent.
30-10-2024 12:29:54 - INFO - Setting Chmaber Zones to a= 0.0, b= 0.0, c= 0.0, d= 0.0 request successfully sent.
30-10-2024 12:29:54 - INFO - Setting Chmaber Zones to a= 0.0, b= 0.0, c= 0.0, d= 0.0 request successfully sent.
30-10-2024 12:29:54 - INFO - Response from moonraker: {'result': 'ok'}
30-10-2024 12:29:54 - INFO - Moving left hopper motors 0.1mm - stage 1 request successfully sent.
30-10-2024 12:29:54 - INFO - Setting Chmaber Zones to a= 0.0, b= 0.0, c= 0.0, d= 0.0 request successfully sent.
30-10-2024 12:29:54 - INFO - Response from moonraker: {'result': 'ok'}
30-10-2024 12:29:54 - INFO - Setting Chmaber Zones to a= 0.0, b= 0.0, c= 0.0, d= 0.0 request successfully sent.
30-10-2024 12:29:54 - INFO - Response from moonraker: {'result': 'ok'}
30-10-2024 12:29:54 - INFO - Setting Chmaber Zones to a= 0.0, b= 0.0, c= 0.0, d= 0.0 request successfully sent.
30-10-2024 12:29:54 - INFO - Response from moonraker: {'result': 'ok'}
30-10-2024 12:29:54 - INFO - Setting Chmaber Zones to a= 0.0, b= 0.0, c= 0.0, d= 0.0 Request successfully executed.
30-10-2024 12:29:54 - INFO - Response from moonraker: {'result': 'ok'}
30-10-2024 12:29:54 - INFO - Setting Chmaber Zones to a= 0.0, b= 0.0, c= 0.0, d= 0.0 Request successfully executed.
30-10-2024 12:29:54 - INFO - Setting Chmaber Zones to a= 0.0, b= 0.0, c= 0.0, d= 0.0 request successfully sent.
30-10-2024 12:29:54 - INFO - Setting Chmaber Zones to a= 0.0, b= 0.0, c= 0.0, d= 0.0 Request successfully executed.
30-10-2024 12:29:54 - INFO - Response from moonraker: {'result': 'ok'}
30-10-2024 12:29:54 - INFO - Setting Chmaber Zones to a= 0.0, b= 0.0, c= 0.0, d= 0.0 Request successfully executed.
30-10-2024 12:29:54 - INFO - Response from moonraker: {'result': 'ok'}
30-10-2024 12:29:54 - INFO - Moving left hopper motors 0.1mm - stage 1 Request successfully executed.
30-10-2024 12:29:54 - INFO - Response from moonraker: {'result': 'ok'}
30-10-2024 12:29:54 - INFO - Setting Chmaber Zones to a= 0.0, b= 0.0, c= 0.0, d= 0.0 Request successfully executed.
30-10-2024 12:29:54 - INFO - Sending request to Dwell for 100.0 with timeout of 5s...
30-10-2024 12:29:54 - INFO - Setting Chmaber Zones to a= 0.0, b= 0.0, c= 0.0, d= 0.0 Request successfully executed.
30-10-2024 12:29:54 - INFO - Setting Chmaber Zones to a= 0.0, b= 0.0, c= 0.0, d= 0.0 Request successfully executed.
30-10-2024 12:29:54 - INFO - Dwell for 100.0 request successfully sent.
30-10-2024 12:29:54 - INFO - Response from moonraker: {'result': 'ok'}
30-10-2024 12:29:54 - INFO - Dwell for 100.0 Request successfully executed.
30-10-2024 12:29:54 - INFO - Sending request to Moving left hopper motors - stage 2 with timeout of 5s...
30-10-2024 12:29:54 - INFO - Sending request to Setting Chmaber Zones to a= 0.0, b= 0.0, c= 0.0, d= 0.0 with timeout of 5s...
30-10-2024 12:29:54 - INFO - Moving left hopper motors - stage 2 request successfully sent.
30-10-2024 12:29:54 - INFO - Response from moonraker: {'result': 'ok'}
30-10-2024 12:29:54 - INFO - Moving left hopper motors - stage 2 Request successfully executed.
30-10-2024 12:29:54 - INFO - Sending request to Recoater go RIGHT with timeout of 5s...
30-10-2024 12:29:54 - INFO - Setting Chmaber Zones to a= 0.0, b= 0.0, c= 0.0, d= 0.0 request successfully sent.
30-10-2024 12:29:54 - INFO - Response from moonraker: {'result': 'ok'}
30-10-2024 12:29:54 - INFO - Setting Chmaber Zones to a= 0.0, b= 0.0, c= 0.0, d= 0.0 Request successfully executed.
30-10-2024 12:29:55 - INFO - Sending request to Setting Chmaber Zones to a= 0.0, b= 0.0, c= 0.0, d= 0.0 with timeout of 5s...
30-10-2024 12:29:55 - INFO - Sending request to Setting Chmaber Zones to a= 0.0, b= 0.0, c= 0.0, d= 0.0 with timeout of 5s...
30-10-2024 12:29:55 - INFO - Sending request to Setting Chmaber Zones to a= 0.0, b= 0.0, c= 0.0, d= 0.0 with timeout of 5s...
30-10-2024 12:29:55 - INFO - Sending request to Setting Chmaber Zones to a= 0.0, b= 0.0, c= 0.0, d= 0.0 with timeout of 5s...
30-10-2024 12:29:55 - INFO - Sending request to Setting Chmaber Zones to a= 0.0, b= 0.0, c= 0.0, d= 0.0 with timeout of 5s...
30-10-2024 12:29:56 - INFO - Sending request to Setting Chmaber Zones to a= 0.0, b= 0.0, c= 0.0, d= 0.0 with timeout of 5s...
30-10-2024 12:29:56 - INFO - Sending request to Setting Chmaber Zones to a= 0.0, b= 0.0, c= 0.0, d= 0.0 with timeout of 5s...
30-10-2024 12:29:56 - INFO - Sending request to Setting Chmaber Zones to a= 0.0, b= 0.0, c= 0.0, d= 0.0 with timeout of 5s...
30-10-2024 12:29:56 - INFO - Sending request to Setting Chmaber Zones to a= 0.0, b= 0.0, c= 0.0, d= 0.0 with timeout of 5s...
30-10-2024 12:29:56 - INFO - Sending request to Setting Chmaber Zones to a= 0.0, b= 0.0, c= 0.0, d= 0.0 with timeout of 5s...
30-10-2024 12:29:57 - INFO - Sending request to Setting Chmaber Zones to a= 0.0, b= 0.0, c= 0.0, d= 0.0 with timeout of 5s...
30-10-2024 12:29:57 - INFO - Sending request to Setting Chmaber Zones to a= 0.0, b= 0.0, c= 0.0, d= 0.0 with timeout of 5s...
30-10-2024 12:29:57 - INFO - Sending request to Setting Chmaber Zones to a= 0.0, b= 0.0, c= 0.0, d= 0.0 with timeout of 5s...
30-10-2024 12:29:57 - INFO - Sending request to Setting Chmaber Zones to a= 0.0, b= 0.0, c= 0.0, d= 0.0 with timeout of 5s...
30-10-2024 12:29:57 - INFO - Sending request to Setting Chmaber Zones to a= 0.0, b= 0.0, c= 0.0, d= 0.0 with timeout of 5s...
30-10-2024 12:29:58 - INFO - Sending request to Setting Chmaber Zones to a= 0.0, b= 0.0, c= 0.0, d= 0.0 with timeout of 5s...
30-10-2024 12:29:58 - INFO - Sending request to Setting Chmaber Zones to a= 0.0, b= 0.0, c= 0.0, d= 0.0 with timeout of 5s...
30-10-2024 12:29:58 - INFO - Sending request to Setting Chmaber Zones to a= 0.0, b= 0.0, c= 0.0, d= 0.0 with timeout of 5s...
30-10-2024 12:29:58 - INFO - Sending request to Setting Chmaber Zones to a= 0.0, b= 0.0, c= 0.0, d= 0.0 with timeout of 5s...
30-10-2024 12:29:58 - INFO - Sending request to Setting Chmaber Zones to a= 0.0, b= 0.0, c= 0.0, d= 0.0 with timeout of 5s...
30-10-2024 12:29:59 - INFO - Sending request to Setting Chmaber Zones to a= 0.0, b= 0.0, c= 0.0, d= 0.0 with timeout of 5s...
30-10-2024 12:29:59 - INFO - Sending request to Setting Chmaber Zones to a= 0.0, b= 0.0, c= 0.0, d= 0.0 with timeout of 5s...
30-10-2024 12:29:59 - INFO - Sending request to Setting Chmaber Zones to a= 0.0, b= 0.0, c= 0.0, d= 0.0 with timeout of 5s...
30-10-2024 12:29:59 - INFO - Sending request to Setting Chmaber Zones to a= 0.0, b= 0.0, c= 0.0, d= 0.0 with timeout of 5s...
30-10-2024 12:29:59 - ERROR - E102 : Recoater go RIGHT Request to Moonraker Timed out 
 Recoater go RIGHT not successful
30-10-2024 12:29:59 - INFO - Sending request to Turning on heater with timeout of 5s...
30-10-2024 12:29:59 - INFO - Sending request to Setting Chmaber Zones to a= 0.0, b= 0.0, c= 0.0, d= 0.0 with timeout of 5s...
30-10-2024 12:30:00 - ERROR - E102 : Setting Chmaber Zones to a= 0.0, b= 0.0, c= 0.0, d= 0.0 Request to Moonraker Timed out 
 Setting Chmaber Zones to a= 0.0, b= 0.0, c= 0.0, d= 0.0 not successful
30-10-2024 12:30:00 - INFO - Sending request to Setting Chmaber Zones to a= 0.0, b= 0.0, c= 0.0, d= 0.0 with timeout of 5s...
30-10-2024 12:30:00 - ERROR - E102 : Setting Chmaber Zones to a= 0.0, b= 0.0, c= 0.0, d= 0.0 Request to Moonraker Timed out 
 Setting Chmaber Zones to a= 0.0, b= 0.0, c= 0.0, d= 0.0 not successful
30-10-2024 12:30:00 - INFO - Sending request to Setting Chmaber Zones to a= 0.0, b= 0.0, c= 0.0, d= 0.0 with timeout of 5s...
30-10-2024 12:30:00 - ERROR - E102 : Setting Chmaber Zones to a= 0.0, b= 0.0, c= 0.0, d= 0.0 Request to Moonraker Timed out 
 Setting Chmaber Zones to a= 0.0, b= 0.0, c= 0.0, d= 0.0 not successful
30-10-2024 12:30:00 - INFO - Sending request to Setting Chmaber Zones to a= 0.0, b= 0.0, c= 0.0, d= 0.0 with timeout of 5s...
30-10-2024 12:30:00 - INFO - Setting Chmaber Zones to a= 0.0, b= 0.0, c= 0.0, d= 0.0 request successfully sent.
30-10-2024 12:30:00 - INFO - Response from moonraker: {'result': 'ok'}
30-10-2024 12:30:00 - INFO - Setting Chmaber Zones to a= 0.0, b= 0.0, c= 0.0, d= 0.0 Request successfully executed.
30-10-2024 12:30:00 - INFO - Setting Chmaber Zones to a= 0.0, b= 0.0, c= 0.0, d= 0.0 request successfully sent.
30-10-2024 12:30:00 - INFO - Response from moonraker: {'result': 'ok'}
30-10-2024 12:30:00 - INFO - Setting Chmaber Zones to a= 0.0, b= 0.0, c= 0.0, d= 0.0 Request successfully executed.
30-10-2024 12:30:00 - INFO - Setting Chmaber Zones to a= 0.0, b= 0.0, c= 0.0, d= 0.0 request successfully sent.
30-10-2024 12:30:00 - INFO - Response from moonraker: {'result': 'ok'}
30-10-2024 12:30:00 - INFO - Setting Chmaber Zones to a= 0.0, b= 0.0, c= 0.0, d= 0.0 Request successfully executed.
30-10-2024 12:30:00 - INFO - Setting Chmaber Zones to a= 0.0, b= 0.0, c= 0.0, d= 0.0 request successfully sent.
30-10-2024 12:30:00 - INFO - Response from moonraker: {'result': 'ok'}
30-10-2024 12:30:00 - INFO - Setting Chmaber Zones to a= 0.0, b= 0.0, c= 0.0, d= 0.0 Request successfully executed.
30-10-2024 12:30:00 - INFO - Setting Chmaber Zones to a= 0.0, b= 0.0, c= 0.0, d= 0.0 request successfully sent.
30-10-2024 12:30:00 - INFO - Response from moonraker: {'result': 'ok'}
30-10-2024 12:30:00 - INFO - Setting Chmaber Zones to a= 0.0, b= 0.0, c= 0.0, d= 0.0 Request successfully executed.
30-10-2024 12:30:00 - INFO - Setting Chmaber Zones to a= 0.0, b= 0.0, c= 0.0, d= 0.0 request successfully sent.
30-10-2024 12:30:00 - INFO - Response from moonraker: {'result': 'ok'}
30-10-2024 12:30:00 - INFO - Setting Chmaber Zones to a= 0.0, b= 0.0, c= 0.0, d= 0.0 Request successfully executed.
30-10-2024 12:30:00 - INFO - Setting Chmaber Zones to a= 0.0, b= 0.0, c= 0.0, d= 0.0 request successfully sent.
30-10-2024 12:30:00 - INFO - Response from moonraker: {'result': 'ok'}
30-10-2024 12:30:00 - INFO - Setting Chmaber Zones to a= 0.0, b= 0.0, c= 0.0, d= 0.0 Request successfully executed.
30-10-2024 12:30:00 - INFO - Setting Chmaber Zones to a= 0.0, b= 0.0, c= 0.0, d= 0.0 request successfully sent.
30-10-2024 12:30:00 - INFO - Response from moonraker: {'result': 'ok'}
30-10-2024 12:30:00 - INFO - Setting Chmaber Zones to a= 0.0, b= 0.0, c= 0.0, d= 0.0 Request successfully executed.
30-10-2024 12:30:00 - INFO - Setting Chmaber Zones to a= 0.0, b= 0.0, c= 0.0, d= 0.0 request successfully sent.
30-10-2024 12:30:00 - INFO - Response from moonraker: {'result': 'ok'}
30-10-2024 12:30:00 - INFO - Setting Chmaber Zones to a= 0.0, b= 0.0, c= 0.0, d= 0.0 Request successfully executed.
30-10-2024 12:30:00 - INFO - Setting Chmaber Zones to a= 0.0, b= 0.0, c= 0.0, d= 0.0 request successfully sent.
30-10-2024 12:30:00 - INFO - Response from moonraker: {'result': 'ok'}
30-10-2024 12:30:00 - INFO - Setting Chmaber Zones to a= 0.0, b= 0.0, c= 0.0, d= 0.0 Request successfully executed.
30-10-2024 12:30:00 - INFO - Setting Chmaber Zones to a= 0.0, b= 0.0, c= 0.0, d= 0.0 request successfully sent.
30-10-2024 12:30:00 - INFO - Response from moonraker: {'result': 'ok'}
30-10-2024 12:30:00 - INFO - Setting Chmaber Zones to a= 0.0, b= 0.0, c= 0.0, d= 0.0 Request successfully executed.
30-10-2024 12:30:00 - INFO - Setting Chmaber Zones to a= 0.0, b= 0.0, c= 0.0, d= 0.0 request successfully sent.
30-10-2024 12:30:00 - INFO - Response from moonraker: {'result': 'ok'}
30-10-2024 12:30:00 - INFO - Setting Chmaber Zones to a= 0.0, b= 0.0, c= 0.0, d= 0.0 Request successfully executed.
30-10-2024 12:30:00 - INFO - Setting Chmaber Zones to a= 0.0, b= 0.0, c= 0.0, d= 0.0 request successfully sent.
30-10-2024 12:30:00 - INFO - Response from moonraker: {'result': 'ok'}
30-10-2024 12:30:00 - INFO - Setting Chmaber Zones to a= 0.0, b= 0.0, c= 0.0, d= 0.0 Request successfully executed.
30-10-2024 12:30:00 - INFO - Setting Chmaber Zones to a= 0.0, b= 0.0, c= 0.0, d= 0.0 request successfully sent.
30-10-2024 12:30:00 - INFO - Response from moonraker: {'result': 'ok'}
30-10-2024 12:30:00 - INFO - Setting Chmaber Zones to a= 0.0, b= 0.0, c= 0.0, d= 0.0 Request successfully executed.
30-10-2024 12:30:00 - INFO - Setting Chmaber Zones to a= 0.0, b= 0.0, c= 0.0, d= 0.0 request successfully sent.
30-10-2024 12:30:00 - INFO - Response from moonraker: {'result': 'ok'}
30-10-2024 12:30:00 - INFO - Setting Chmaber Zones to a= 0.0, b= 0.0, c= 0.0, d= 0.0 Request successfully executed.
30-10-2024 12:30:00 - INFO - Setting Chmaber Zones to a= 0.0, b= 0.0, c= 0.0, d= 0.0 request successfully sent.
30-10-2024 12:30:00 - INFO - Response from moonraker: {'result': 'ok'}
30-10-2024 12:30:00 - INFO - Setting Chmaber Zones to a= 0.0, b= 0.0, c= 0.0, d= 0.0 Request successfully executed.
30-10-2024 12:30:00 - INFO - Setting Chmaber Zones to a= 0.0, b= 0.0, c= 0.0, d= 0.0 request successfully sent.
30-10-2024 12:30:00 - INFO - Response from moonraker: {'result': 'ok'}
30-10-2024 12:30:00 - INFO - Setting Chmaber Zones to a= 0.0, b= 0.0, c= 0.0, d= 0.0 Request successfully executed.
30-10-2024 12:30:00 - INFO - Setting Chmaber Zones to a= 0.0, b= 0.0, c= 0.0, d= 0.0 request successfully sent.
30-10-2024 12:30:00 - INFO - Response from moonraker: {'result': 'ok'}
30-10-2024 12:30:00 - INFO - Setting Chmaber Zones to a= 0.0, b= 0.0, c= 0.0, d= 0.0 Request successfully executed.
30-10-2024 12:30:00 - INFO - Setting Chmaber Zones to a= 0.0, b= 0.0, c= 0.0, d= 0.0 request successfully sent.
30-10-2024 12:30:00 - INFO - Response from moonraker: {'result': 'ok'}
30-10-2024 12:30:00 - INFO - Setting Chmaber Zones to a= 0.0, b= 0.0, c= 0.0, d= 0.0 Request successfully executed.
30-10-2024 12:30:00 - INFO - Setting Chmaber Zones to a= 0.0, b= 0.0, c= 0.0, d= 0.0 request successfully sent.
30-10-2024 12:30:00 - INFO - Setting Chmaber Zones to a= 0.0, b= 0.0, c= 0.0, d= 0.0 request successfully sent.
30-10-2024 12:30:00 - INFO - Response from moonraker: {'result': 'ok'}
30-10-2024 12:30:00 - INFO - Response from moonraker: {'result': 'ok'}
30-10-2024 12:30:00 - INFO - Setting Chmaber Zones to a= 0.0, b= 0.0, c= 0.0, d= 0.0 Request successfully executed.
30-10-2024 12:30:00 - INFO - Setting Chmaber Zones to a= 0.0, b= 0.0, c= 0.0, d= 0.0 Request successfully executed.
30-10-2024 12:30:00 - INFO - Turning on heater request successfully sent.
30-10-2024 12:30:00 - INFO - Response from moonraker: {'result': 'ok'}
30-10-2024 12:30:00 - INFO - Turning on heater Request successfully executed.
30-10-2024 12:30:00 - INFO - Setting Chmaber Zones to a= 0.0, b= 0.0, c= 0.0, d= 0.0 request successfully sent.
30-10-2024 12:30:00 - INFO - Response from moonraker: {'result': 'ok'}
30-10-2024 12:30:00 - INFO - Setting Chmaber Zones to a= 0.0, b= 0.0, c= 0.0, d= 0.0 Request successfully executed.
30-10-2024 12:30:00 - INFO - Setting Chmaber Zones to a= 0.0, b= 0.0, c= 0.0, d= 0.0 request successfully sent.
30-10-2024 12:30:00 - INFO - Response from moonraker: {'result': 'ok'}
30-10-2024 12:30:00 - INFO - Setting Chmaber Zones to a= 0.0, b= 0.0, c= 0.0, d= 0.0 Request successfully executed.
30-10-2024 12:30:00 - INFO - Setting Chmaber Zones to a= 0.0, b= 0.0, c= 0.0, d= 0.0 request successfully sent.
30-10-2024 12:30:00 - INFO - Response from moonraker: {'result': 'ok'}
30-10-2024 12:30:00 - INFO - Setting Chmaber Zones to a= 0.0, b= 0.0, c= 0.0, d= 0.0 Request successfully executed.
30-10-2024 12:30:00 - INFO - Setting Chmaber Zones to a= 0.0, b= 0.0, c= 0.0, d= 0.0 request successfully sent.
30-10-2024 12:30:00 - INFO - Response from moonraker: {'result': 'ok'}
30-10-2024 12:30:00 - INFO - Setting Chmaber Zones to a= 0.0, b= 0.0, c= 0.0, d= 0.0 Request successfully executed.
30-10-2024 12:30:00 - INFO - Sending request to Setting Chmaber Zones to a= 0.0, b= 0.0, c= 0.0, d= 0.0 with timeout of 5s...
30-10-2024 12:30:00 - INFO - Setting Chmaber Zones to a= 0.0, b= 0.0, c= 0.0, d= 0.0 request successfully sent.
30-10-2024 12:30:00 - INFO - Response from moonraker: {'result': 'ok'}
30-10-2024 12:30:00 - INFO - Setting Chmaber Zones to a= 0.0, b= 0.0, c= 0.0, d= 0.0 Request successfully executed.
30-10-2024 12:30:00 - INFO - Sending request to Setting Chmaber Zones to a= 0.0, b= 0.0, c= 0.0, d= 0.0 with timeout of 5s...
30-10-2024 12:30:00 - INFO - Setting Chmaber Zones to a= 0.0, b= 0.0, c= 0.0, d= 0.0 request successfully sent.
30-10-2024 12:30:00 - INFO - Response from moonraker: {'result': 'ok'}
30-10-2024 12:30:00 - INFO - Setting Chmaber Zones to a= 0.0, b= 0.0, c= 0.0, d= 0.0 Request successfully executed.
30-10-2024 12:30:01 - INFO - Sending request to Setting Chmaber Zones to a= 0.0, b= 0.0, c= 0.0, d= 0.0 with timeout of 5s...
30-10-2024 12:30:01 - INFO - Setting Chmaber Zones to a= 0.0, b= 0.0, c= 0.0, d= 0.0 request successfully sent.
30-10-2024 12:30:01 - INFO - Response from moonraker: {'result': 'ok'}
30-10-2024 12:30:01 - INFO - Setting Chmaber Zones to a= 0.0, b= 0.0, c= 0.0, d= 0.0 Request successfully executed.
30-10-2024 12:30:01 - INFO - Sending request to Setting Chmaber Zones to a= 0.0, b= 0.0, c= 0.0, d= 0.0 with timeout of 5s...
30-10-2024 12:30:01 - INFO - Setting Chmaber Zones to a= 0.0, b= 0.0, c= 0.0, d= 0.0 request successfully sent.
30-10-2024 12:30:01 - INFO - Response from moonraker: {'result': 'ok'}
30-10-2024 12:30:01 - INFO - Setting Chmaber Zones to a= 0.0, b= 0.0, c= 0.0, d= 0.0 Request successfully executed.
30-10-2024 12:30:01 - INFO - Sending request to Setting Chmaber Zones to a= 0.0, b= 0.0, c= 0.0, d= 0.0 with timeout of 5s...
30-10-2024 12:30:01 - INFO - Setting Chmaber Zones to a= 0.0, b= 0.0, c= 0.0, d= 0.0 request successfully sent.
30-10-2024 12:30:01 - INFO - Response from moonraker: {'result': 'ok'}
30-10-2024 12:30:01 - INFO - Setting Chmaber Zones to a= 0.0, b= 0.0, c= 0.0, d= 0.0 Request successfully executed.
30-10-2024 12:30:01 - INFO - Sending request to Turning off heater with timeout of 5s...
30-10-2024 12:30:01 - INFO - Turning off heater request successfully sent.
30-10-2024 12:30:01 - INFO - Response from moonraker: {'result': 'ok'}
30-10-2024 12:30:01 - INFO - Turning off heater Request successfully executed.
30-10-2024 12:30:01 - INFO - Sending request to Setting Chmaber Zones to a= 0.0, b= 0.0, c= 0.0, d= 0.0 with timeout of 5s...
30-10-2024 12:30:01 - INFO - Setting Chmaber Zones to a= 0.0, b= 0.0, c= 0.0, d= 0.0 request successfully sent.
30-10-2024 12:30:01 - INFO - Response from moonraker: {'result': 'ok'}
30-10-2024 12:30:01 - INFO - Setting Chmaber Zones to a= 0.0, b= 0.0, c= 0.0, d= 0.0 Request successfully executed.
30-10-2024 12:30:01 - INFO - Sending request to Setting Chmaber Zones to a= 0.0, b= 0.0, c= 0.0, d= 0.0 with timeout of 5s...
30-10-2024 12:30:01 - INFO - Setting Chmaber Zones to a= 0.0, b= 0.0, c= 0.0, d= 0.0 request successfully sent.
30-10-2024 12:30:01 - INFO - Response from moonraker: {'result': 'ok'}
30-10-2024 12:30:01 - INFO - Setting Chmaber Zones to a= 0.0, b= 0.0, c= 0.0, d= 0.0 Request successfully executed.
30-10-2024 12:30:02 - INFO - Sending request to Setting Chmaber Zones to a= 0.0, b= 0.0, c= 0.0, d= 0.0 with timeout of 5s...
30-10-2024 12:30:02 - INFO - Setting Chmaber Zones to a= 0.0, b= 0.0, c= 0.0, d= 0.0 request successfully sent.
30-10-2024 12:30:02 - INFO - Response from moonraker: {'result': 'ok'}
30-10-2024 12:30:02 - INFO - Setting Chmaber Zones to a= 0.0, b= 0.0, c= 0.0, d= 0.0 Request successfully executed.
30-10-2024 12:30:02 - INFO - Sending request to Setting Chmaber Zones to a= 0.0, b= 0.0, c= 0.0, d= 0.0 with timeout of 5s...
30-10-2024 12:30:02 - INFO - Setting Chmaber Zones to a= 0.0, b= 0.0, c= 0.0, d= 0.0 request successfully sent.
30-10-2024 12:30:02 - INFO - Response from moonraker: {'result': 'ok'}
30-10-2024 12:30:02 - INFO - Setting Chmaber Zones to a= 0.0, b= 0.0, c= 0.0, d= 0.0 Request successfully executed.
30-10-2024 12:30:02 - INFO - Sending request to Setting Chmaber Zones to a= 0.0, b= 0.0, c= 0.0, d= 0.0 with timeout of 5s...
30-10-2024 12:30:02 - INFO - Setting Chmaber Zones to a= 0.0, b= 0.0, c= 0.0, d= 0.0 request successfully sent.
30-10-2024 12:30:02 - INFO - Response from moonraker: {'result': 'ok'}
30-10-2024 12:30:02 - INFO - Setting Chmaber Zones to a= 0.0, b= 0.0, c= 0.0, d= 0.0 Request successfully executed.
30-10-2024 12:30:02 - INFO - Sending request to Setting Chmaber Zones to a= 0.0, b= 0.0, c= 0.0, d= 0.0 with timeout of 5s...
30-10-2024 12:30:02 - INFO - Setting Chmaber Zones to a= 0.0, b= 0.0, c= 0.0, d= 0.0 request successfully sent.
30-10-2024 12:30:02 - INFO - Response from moonraker: {'result': 'ok'}
30-10-2024 12:30:02 - INFO - Setting Chmaber Zones to a= 0.0, b= 0.0, c= 0.0, d= 0.0 Request successfully executed.
30-10-2024 12:30:02 - INFO - Sending request to Setting Chmaber Zones to a= 0.0, b= 0.0, c= 0.0, d= 0.0 with timeout of 5s...
30-10-2024 12:30:02 - INFO - Setting Chmaber Zones to a= 0.0, b= 0.0, c= 0.0, d= 0.0 request successfully sent.
30-10-2024 12:30:02 - INFO - Response from moonraker: {'result': 'ok'}
30-10-2024 12:30:02 - INFO - Setting Chmaber Zones to a= 0.0, b= 0.0, c= 0.0, d= 0.0 Request successfully executed.
30-10-2024 12:30:03 - INFO - Sending request to Setting Chmaber Zones to a= 0.0, b= 0.0, c= 0.0, d= 0.0 with timeout of 5s...
30-10-2024 12:30:03 - INFO - Setting Chmaber Zones to a= 0.0, b= 0.0, c= 0.0, d= 0.0 request successfully sent.
30-10-2024 12:30:03 - INFO - Response from moonraker: {'result': 'ok'}
30-10-2024 12:30:03 - INFO - Setting Chmaber Zones to a= 0.0, b= 0.0, c= 0.0, d= 0.0 Request successfully executed.
30-10-2024 12:30:03 - INFO - Sending request to Setting Chmaber Zones to a= 0.0, b= 0.0, c= 0.0, d= 0.0 with timeout of 5s...
30-10-2024 12:30:03 - INFO - Setting Chmaber Zones to a= 0.0, b= 0.0, c= 0.0, d= 0.0 request successfully sent.
30-10-2024 12:30:03 - INFO - Response from moonraker: {'result': 'ok'}
30-10-2024 12:30:03 - INFO - Setting Chmaber Zones to a= 0.0, b= 0.0, c= 0.0, d= 0.0 Request successfully executed.
30-10-2024 12:30:03 - INFO - Sending request to Setting Chmaber Zones to a= 0.0, b= 0.0, c= 0.0, d= 0.0 with timeout of 5s...
30-10-2024 12:30:03 - INFO - Setting Chmaber Zones to a= 0.0, b= 0.0, c= 0.0, d= 0.0 request successfully sent.
30-10-2024 12:30:03 - INFO - Response from moonraker: {'result': 'ok'}
30-10-2024 12:30:03 - INFO - Setting Chmaber Zones to a= 0.0, b= 0.0, c= 0.0, d= 0.0 Request successfully executed.
30-10-2024 12:30:03 - INFO - Sending request to Setting Chmaber Zones to a= 0.0, b= 0.0, c= 0.0, d= 0.0 with timeout of 5s...
30-10-2024 12:30:03 - INFO - Setting Chmaber Zones to a= 0.0, b= 0.0, c= 0.0, d= 0.0 request successfully sent.
30-10-2024 12:30:03 - INFO - Response from moonraker: {'result': 'ok'}
30-10-2024 12:30:03 - INFO - Setting Chmaber Zones to a= 0.0, b= 0.0, c= 0.0, d= 0.0 Request successfully executed.
30-10-2024 12:30:03 - INFO - Sending request to Setting Chmaber Zones to a= 0.0, b= 0.0, c= 0.0, d= 0.0 with timeout of 5s...
30-10-2024 12:30:03 - INFO - Setting Chmaber Zones to a= 0.0, b= 0.0, c= 0.0, d= 0.0 request successfully sent.
30-10-2024 12:30:03 - INFO - Response from moonraker: {'result': 'ok'}
30-10-2024 12:30:03 - INFO - Setting Chmaber Zones to a= 0.0, b= 0.0, c= 0.0, d= 0.0 Request successfully executed.
30-10-2024 12:30:04 - INFO - Sending request to Setting Chmaber Zones to a= 0.0, b= 0.0, c= 0.0, d= 0.0 with timeout of 5s...
30-10-2024 12:30:04 - INFO - Setting Chmaber Zones to a= 0.0, b= 0.0, c= 0.0, d= 0.0 request successfully sent.
30-10-2024 12:30:04 - INFO - Response from moonraker: {'result': 'ok'}
30-10-2024 12:30:04 - INFO - Setting Chmaber Zones to a= 0.0, b= 0.0, c= 0.0, d= 0.0 Request successfully executed.
30-10-2024 12:30:04 - INFO - Sending request to Setting Chmaber Zones to a= 0.0, b= 0.0, c= 0.0, d= 0.0 with timeout of 5s...
30-10-2024 12:30:04 - INFO - Setting Chmaber Zones to a= 0.0, b= 0.0, c= 0.0, d= 0.0 request successfully sent.
30-10-2024 12:30:04 - INFO - Response from moonraker: {'result': 'ok'}
30-10-2024 12:30:04 - INFO - Setting Chmaber Zones to a= 0.0, b= 0.0, c= 0.0, d= 0.0 Request successfully executed.
30-10-2024 12:30:04 - INFO - Sending request to Setting Chmaber Zones to a= 0.0, b= 0.0, c= 0.0, d= 0.0 with timeout of 5s...
30-10-2024 12:30:04 - INFO - Setting Chmaber Zones to a= 0.0, b= 0.0, c= 0.0, d= 0.0 request successfully sent.
30-10-2024 12:30:04 - INFO - Response from moonraker: {'result': 'ok'}
30-10-2024 12:30:04 - INFO - Setting Chmaber Zones to a= 0.0, b= 0.0, c= 0.0, d= 0.0 Request successfully executed.
30-10-2024 12:30:04 - INFO - Sending request to Setting Chmaber Zones to a= 0.0, b= 0.0, c= 0.0, d= 0.0 with timeout of 5s...
30-10-2024 12:30:04 - INFO - Setting Chmaber Zones to a= 0.0, b= 0.0, c= 0.0, d= 0.0 request successfully sent.
30-10-2024 12:30:04 - INFO - Response from moonraker: {'result': 'ok'}
30-10-2024 12:30:04 - INFO - Setting Chmaber Zones to a= 0.0, b= 0.0, c= 0.0, d= 0.0 Request successfully executed.
30-10-2024 12:30:04 - INFO - Sending request to Setting Chmaber Zones to a= 0.0, b= 0.0, c= 0.0, d= 0.0 with timeout of 5s...
30-10-2024 12:30:05 - INFO - Setting Chmaber Zones to a= 0.0, b= 0.0, c= 0.0, d= 0.0 request successfully sent.
30-10-2024 12:30:05 - INFO - Response from moonraker: {'result': 'ok'}
30-10-2024 12:30:05 - INFO - Setting Chmaber Zones to a= 0.0, b= 0.0, c= 0.0, d= 0.0 Request successfully executed.
30-10-2024 12:30:05 - INFO - Sending request to Setting Chmaber Zones to a= 0.0, b= 0.0, c= 0.0, d= 0.0 with timeout of 5s...
30-10-2024 12:30:05 - INFO - Setting Chmaber Zones to a= 0.0, b= 0.0, c= 0.0, d= 0.0 request successfully sent.
30-10-2024 12:30:05 - INFO - Response from moonraker: {'result': 'ok'}
30-10-2024 12:30:05 - INFO - Setting Chmaber Zones to a= 0.0, b= 0.0, c= 0.0, d= 0.0 Request successfully executed.
30-10-2024 12:30:05 - INFO - Sending request to Setting Chmaber Zones to a= 0.0, b= 0.0, c= 0.0, d= 0.0 with timeout of 5s...
30-10-2024 12:30:05 - INFO - Setting Chmaber Zones to a= 0.0, b= 0.0, c= 0.0, d= 0.0 request successfully sent.
30-10-2024 12:30:05 - INFO - Response from moonraker: {'result': 'ok'}
30-10-2024 12:30:05 - INFO - Setting Chmaber Zones to a= 0.0, b= 0.0, c= 0.0, d= 0.0 Request successfully executed.
30-10-2024 12:30:05 - INFO - Sending request to Setting Chmaber Zones to a= 0.0, b= 0.0, c= 0.0, d= 0.0 with timeout of 5s...
30-10-2024 12:30:05 - INFO - Setting Chmaber Zones to a= 0.0, b= 0.0, c= 0.0, d= 0.0 request successfully sent.
30-10-2024 12:30:05 - INFO - Response from moonraker: {'result': 'ok'}
30-10-2024 12:30:05 - INFO - Setting Chmaber Zones to a= 0.0, b= 0.0, c= 0.0, d= 0.0 Request successfully executed.
30-10-2024 12:30:05 - INFO - Sending request to Setting Chmaber Zones to a= 0.0, b= 0.0, c= 0.0, d= 0.0 with timeout of 5s...
30-10-2024 12:30:05 - INFO - Setting Chmaber Zones to a= 0.0, b= 0.0, c= 0.0, d= 0.0 request successfully sent.
30-10-2024 12:30:05 - INFO - Response from moonraker: {'result': 'ok'}
30-10-2024 12:30:05 - INFO - Setting Chmaber Zones to a= 0.0, b= 0.0, c= 0.0, d= 0.0 Request successfully executed.
30-10-2024 12:30:06 - INFO - Sending request to Setting Chmaber Zones to a= 0.0, b= 0.0, c= 0.0, d= 0.0 with timeout of 5s...
30-10-2024 12:30:06 - INFO - Setting Chmaber Zones to a= 0.0, b= 0.0, c= 0.0, d= 0.0 request successfully sent.
30-10-2024 12:30:06 - INFO - Response from moonraker: {'result': 'ok'}
30-10-2024 12:30:06 - INFO - Setting Chmaber Zones to a= 0.0, b= 0.0, c= 0.0, d= 0.0 Request successfully executed.
30-10-2024 12:30:06 - INFO - Sending request to Setting Chmaber Zones to a= 0.0, b= 0.0, c= 0.0, d= 0.0 with timeout of 5s...
30-10-2024 12:30:06 - INFO - Setting Chmaber Zones to a= 0.0, b= 0.0, c= 0.0, d= 0.0 request successfully sent.
30-10-2024 12:30:06 - INFO - Response from moonraker: {'result': 'ok'}
30-10-2024 12:30:06 - INFO - Setting Chmaber Zones to a= 0.0, b= 0.0, c= 0.0, d= 0.0 Request successfully executed.
30-10-2024 12:30:06 - INFO - Sending request to Setting Chmaber Zones to a= 0.0, b= 0.0, c= 0.0, d= 0.0 with timeout of 5s...
30-10-2024 12:30:06 - INFO - Setting Chmaber Zones to a= 0.0, b= 0.0, c= 0.0, d= 0.0 request successfully sent.
30-10-2024 12:30:06 - INFO - Response from moonraker: {'result': 'ok'}
30-10-2024 12:30:06 - INFO - Setting Chmaber Zones to a= 0.0, b= 0.0, c= 0.0, d= 0.0 Request successfully executed.
30-10-2024 12:30:06 - INFO - Sending request to Setting Chmaber Zones to a= 0.0, b= 0.0, c= 0.0, d= 0.0 with timeout of 5s...
30-10-2024 12:30:06 - INFO - Setting Chmaber Zones to a= 0.0, b= 0.0, c= 0.0, d= 0.0 request successfully sent.
30-10-2024 12:30:06 - INFO - Response from moonraker: {'result': 'ok'}
30-10-2024 12:30:06 - INFO - Setting Chmaber Zones to a= 0.0, b= 0.0, c= 0.0, d= 0.0 Request successfully executed.
30-10-2024 12:30:06 - INFO - Sending request to Setting Chmaber Zones to a= 0.0, b= 0.0, c= 0.0, d= 0.0 with timeout of 5s...
30-10-2024 12:30:06 - INFO - Setting Chmaber Zones to a= 0.0, b= 0.0, c= 0.0, d= 0.0 request successfully sent.
30-10-2024 12:30:06 - INFO - Response from moonraker: {'result': 'ok'}
30-10-2024 12:30:06 - INFO - Setting Chmaber Zones to a= 0.0, b= 0.0, c= 0.0, d= 0.0 Request successfully executed.
30-10-2024 12:30:07 - INFO - Sending request to Setting Chmaber Zones to a= 0.0, b= 0.0, c= 0.0, d= 0.0 with timeout of 5s...
30-10-2024 12:30:07 - INFO - Setting Chmaber Zones to a= 0.0, b= 0.0, c= 0.0, d= 0.0 request successfully sent.
30-10-2024 12:30:07 - INFO - Response from moonraker: {'result': 'ok'}
30-10-2024 12:30:07 - INFO - Setting Chmaber Zones to a= 0.0, b= 0.0, c= 0.0, d= 0.0 Request successfully executed.
30-10-2024 12:30:07 - INFO - Sending request to Setting Chmaber Zones to a= 0.0, b= 0.0, c= 0.0, d= 0.0 with timeout of 5s...
30-10-2024 12:30:07 - INFO - Setting Chmaber Zones to a= 0.0, b= 0.0, c= 0.0, d= 0.0 request successfully sent.
30-10-2024 12:30:07 - INFO - Response from moonraker: {'result': 'ok'}
30-10-2024 12:30:07 - INFO - Setting Chmaber Zones to a= 0.0, b= 0.0, c= 0.0, d= 0.0 Request successfully executed.
30-10-2024 12:30:07 - INFO - Sending request to Setting Chmaber Zones to a= 0.0, b= 0.0, c= 0.0, d= 0.0 with timeout of 5s...
30-10-2024 12:30:07 - INFO - Setting Chmaber Zones to a= 0.0, b= 0.0, c= 0.0, d= 0.0 request successfully sent.
30-10-2024 12:30:07 - INFO - Response from moonraker: {'result': 'ok'}
30-10-2024 12:30:07 - INFO - Setting Chmaber Zones to a= 0.0, b= 0.0, c= 0.0, d= 0.0 Request successfully executed.
30-10-2024 12:30:07 - INFO - Sending request to Setting Chmaber Zones to a= 0.0, b= 0.0, c= 0.0, d= 0.0 with timeout of 5s...
30-10-2024 12:30:07 - INFO - Setting Chmaber Zones to a= 0.0, b= 0.0, c= 0.0, d= 0.0 request successfully sent.
30-10-2024 12:30:07 - INFO - Response from moonraker: {'result': 'ok'}
30-10-2024 12:30:07 - INFO - Setting Chmaber Zones to a= 0.0, b= 0.0, c= 0.0, d= 0.0 Request successfully executed.
30-10-2024 12:30:07 - INFO - Sending request to Setting Chmaber Zones to a= 0.0, b= 0.0, c= 0.0, d= 0.0 with timeout of 5s...
30-10-2024 12:30:07 - INFO - Setting Chmaber Zones to a= 0.0, b= 0.0, c= 0.0, d= 0.0 request successfully sent.
30-10-2024 12:30:07 - INFO - Response from moonraker: {'result': 'ok'}
30-10-2024 12:30:07 - INFO - Setting Chmaber Zones to a= 0.0, b= 0.0, c= 0.0, d= 0.0 Request successfully executed.
30-10-2024 12:30:08 - INFO - Sending request to Setting Chmaber Zones to a= 0.0, b= 0.0, c= 0.0, d= 0.0 with timeout of 5s...
30-10-2024 12:30:08 - INFO - Setting Chmaber Zones to a= 0.0, b= 0.0, c= 0.0, d= 0.0 request successfully sent.
30-10-2024 12:30:08 - INFO - Response from moonraker: {'result': 'ok'}
30-10-2024 12:30:08 - INFO - Setting Chmaber Zones to a= 0.0, b= 0.0, c= 0.0, d= 0.0 Request successfully executed.
30-10-2024 12:30:08 - INFO - Sending request to Setting Chmaber Zones to a= 0.0, b= 0.0, c= 0.0, d= 0.0 with timeout of 5s...
30-10-2024 12:30:08 - INFO - Setting Chmaber Zones to a= 0.0, b= 0.0, c= 0.0, d= 0.0 request successfully sent.
30-10-2024 12:30:08 - INFO - Response from moonraker: {'result': 'ok'}
30-10-2024 12:30:08 - INFO - Setting Chmaber Zones to a= 0.0, b= 0.0, c= 0.0, d= 0.0 Request successfully executed.
30-10-2024 12:30:08 - INFO - Sending request to Setting Chmaber Zones to a= 0.0, b= 0.0, c= 0.0, d= 0.0 with timeout of 5s...
30-10-2024 12:30:08 - INFO - Setting Chmaber Zones to a= 0.0, b= 0.0, c= 0.0, d= 0.0 request successfully sent.
30-10-2024 12:30:08 - INFO - Response from moonraker: {'result': 'ok'}
30-10-2024 12:30:08 - INFO - Setting Chmaber Zones to a= 0.0, b= 0.0, c= 0.0, d= 0.0 Request successfully executed.
30-10-2024 12:30:08 - INFO - Sending request to Setting Chmaber Zones to a= 0.0, b= 0.0, c= 0.0, d= 0.0 with timeout of 5s...
30-10-2024 12:30:08 - INFO - Setting Chmaber Zones to a= 0.0, b= 0.0, c= 0.0, d= 0.0 request successfully sent.
30-10-2024 12:30:08 - INFO - Response from moonraker: {'result': 'ok'}
30-10-2024 12:30:08 - INFO - Setting Chmaber Zones to a= 0.0, b= 0.0, c= 0.0, d= 0.0 Request successfully executed.
30-10-2024 12:30:08 - INFO - Sending request to Setting Chmaber Zones to a= 0.0, b= 0.0, c= 0.0, d= 0.0 with timeout of 5s...
30-10-2024 12:30:08 - INFO - Setting Chmaber Zones to a= 0.0, b= 0.0, c= 0.0, d= 0.0 request successfully sent.
30-10-2024 12:30:08 - INFO - Response from moonraker: {'result': 'ok'}
30-10-2024 12:30:08 - INFO - Setting Chmaber Zones to a= 0.0, b= 0.0, c= 0.0, d= 0.0 Request successfully executed.
30-10-2024 12:30:09 - INFO - Sending request to Setting Chmaber Zones to a= 0.0, b= 0.0, c= 0.0, d= 0.0 with timeout of 5s...
30-10-2024 12:30:09 - INFO - Setting Chmaber Zones to a= 0.0, b= 0.0, c= 0.0, d= 0.0 request successfully sent.
30-10-2024 12:30:09 - INFO - Response from moonraker: {'result': 'ok'}
30-10-2024 12:30:09 - INFO - Setting Chmaber Zones to a= 0.0, b= 0.0, c= 0.0, d= 0.0 Request successfully executed.
30-10-2024 12:30:09 - INFO - Sending request to Setting Chmaber Zones to a= 0.0, b= 0.0, c= 0.0, d= 0.0 with timeout of 5s...
30-10-2024 12:30:09 - INFO - Setting Chmaber Zones to a= 0.0, b= 0.0, c= 0.0, d= 0.0 request successfully sent.
30-10-2024 12:30:09 - INFO - Response from moonraker: {'result': 'ok'}
30-10-2024 12:30:09 - INFO - Setting Chmaber Zones to a= 0.0, b= 0.0, c= 0.0, d= 0.0 Request successfully executed.
30-10-2024 12:30:09 - INFO - Sending request to Setting Chmaber Zones to a= 0.0, b= 0.0, c= 0.0, d= 0.0 with timeout of 5s...
30-10-2024 12:30:09 - INFO - Setting Chmaber Zones to a= 0.0, b= 0.0, c= 0.0, d= 0.0 request successfully sent.
30-10-2024 12:30:09 - INFO - Response from moonraker: {'result': 'ok'}
30-10-2024 12:30:09 - INFO - Setting Chmaber Zones to a= 0.0, b= 0.0, c= 0.0, d= 0.0 Request successfully executed.
30-10-2024 12:30:09 - INFO - Sending request to Setting Chmaber Zones to a= 0.0, b= 0.0, c= 0.0, d= 0.0 with timeout of 5s...
30-10-2024 12:30:09 - INFO - Setting Chmaber Zones to a= 0.0, b= 0.0, c= 0.0, d= 0.0 request successfully sent.
30-10-2024 12:30:09 - INFO - Response from moonraker: {'result': 'ok'}
30-10-2024 12:30:09 - INFO - Setting Chmaber Zones to a= 0.0, b= 0.0, c= 0.0, d= 0.0 Request successfully executed.
30-10-2024 12:30:09 - INFO - Sending request to Setting Chmaber Zones to a= 0.0, b= 0.0, c= 0.0, d= 0.0 with timeout of 5s...
30-10-2024 12:30:09 - INFO - Setting Chmaber Zones to a= 0.0, b= 0.0, c= 0.0, d= 0.0 request successfully sent.
30-10-2024 12:30:09 - INFO - Response from moonraker: {'result': 'ok'}
30-10-2024 12:30:09 - INFO - Setting Chmaber Zones to a= 0.0, b= 0.0, c= 0.0, d= 0.0 Request successfully executed.
30-10-2024 12:30:10 - INFO - Sending request to Setting Chmaber Zones to a= 0.0, b= 0.0, c= 0.0, d= 0.0 with timeout of 5s...
30-10-2024 12:30:10 - INFO - Setting Chmaber Zones to a= 0.0, b= 0.0, c= 0.0, d= 0.0 request successfully sent.
30-10-2024 12:30:10 - INFO - Response from moonraker: {'result': 'ok'}
30-10-2024 12:30:10 - INFO - Setting Chmaber Zones to a= 0.0, b= 0.0, c= 0.0, d= 0.0 Request successfully executed.
30-10-2024 12:30:10 - INFO - Sending request to Setting Chmaber Zones to a= 0.0, b= 0.0, c= 0.0, d= 0.0 with timeout of 5s...
30-10-2024 12:30:10 - INFO - Setting Chmaber Zones to a= 0.0, b= 0.0, c= 0.0, d= 0.0 request successfully sent.
30-10-2024 12:30:10 - INFO - Response from moonraker: {'result': 'ok'}
30-10-2024 12:30:10 - INFO - Setting Chmaber Zones to a= 0.0, b= 0.0, c= 0.0, d= 0.0 Request successfully executed.
30-10-2024 12:30:10 - INFO - Sending request to Setting Chmaber Zones to a= 0.0, b= 0.0, c= 0.0, d= 0.0 with timeout of 5s...
30-10-2024 12:30:10 - INFO - Setting Chmaber Zones to a= 0.0, b= 0.0, c= 0.0, d= 0.0 request successfully sent.
30-10-2024 12:30:10 - INFO - Response from moonraker: {'result': 'ok'}
30-10-2024 12:30:10 - INFO - Setting Chmaber Zones to a= 0.0, b= 0.0, c= 0.0, d= 0.0 Request successfully executed.
30-10-2024 12:30:10 - INFO - Sending request to Setting Chmaber Zones to a= 0.0, b= 0.0, c= 0.0, d= 0.0 with timeout of 5s...
30-10-2024 12:30:10 - INFO - Setting Chmaber Zones to a= 0.0, b= 0.0, c= 0.0, d= 0.0 request successfully sent.
30-10-2024 12:30:10 - INFO - Response from moonraker: {'result': 'ok'}
30-10-2024 12:30:10 - INFO - Setting Chmaber Zones to a= 0.0, b= 0.0, c= 0.0, d= 0.0 Request successfully executed.
30-10-2024 12:30:10 - INFO - Sending request to Setting Chmaber Zones to a= 0.0, b= 0.0, c= 0.0, d= 0.0 with timeout of 5s...
30-10-2024 12:30:10 - INFO - Setting Chmaber Zones to a= 0.0, b= 0.0, c= 0.0, d= 0.0 request successfully sent.
30-10-2024 12:30:10 - INFO - Response from moonraker: {'result': 'ok'}
30-10-2024 12:30:10 - INFO - Setting Chmaber Zones to a= 0.0, b= 0.0, c= 0.0, d= 0.0 Request successfully executed.
30-10-2024 12:30:11 - INFO - Sending request to Setting Chmaber Zones to a= 0.0, b= 0.0, c= 0.0, d= 0.0 with timeout of 5s...
30-10-2024 12:30:11 - INFO - Setting Chmaber Zones to a= 0.0, b= 0.0, c= 0.0, d= 0.0 request successfully sent.
30-10-2024 12:30:11 - INFO - Response from moonraker: {'result': 'ok'}
30-10-2024 12:30:11 - INFO - Setting Chmaber Zones to a= 0.0, b= 0.0, c= 0.0, d= 0.0 Request successfully executed.
30-10-2024 12:30:11 - INFO - Sending request to Setting Chmaber Zones to a= 0.0, b= 0.0, c= 0.0, d= 0.0 with timeout of 5s...
30-10-2024 12:30:11 - INFO - Setting Chmaber Zones to a= 0.0, b= 0.0, c= 0.0, d= 0.0 request successfully sent.
30-10-2024 12:30:11 - INFO - Response from moonraker: {'result': 'ok'}
30-10-2024 12:30:11 - INFO - Setting Chmaber Zones to a= 0.0, b= 0.0, c= 0.0, d= 0.0 Request successfully executed.
30-10-2024 12:30:11 - INFO - Sending request to Setting Chmaber Zones to a= 0.0, b= 0.0, c= 0.0, d= 0.0 with timeout of 5s...
30-10-2024 12:30:11 - INFO - Setting Chmaber Zones to a= 0.0, b= 0.0, c= 0.0, d= 0.0 request successfully sent.
30-10-2024 12:30:11 - INFO - Response from moonraker: {'result': 'ok'}
30-10-2024 12:30:11 - INFO - Setting Chmaber Zones to a= 0.0, b= 0.0, c= 0.0, d= 0.0 Request successfully executed.
30-10-2024 12:30:11 - INFO - Sending request to Setting Chmaber Zones to a= 0.0, b= 0.0, c= 0.0, d= 0.0 with timeout of 5s...
30-10-2024 12:30:11 - INFO - Setting Chmaber Zones to a= 0.0, b= 0.0, c= 0.0, d= 0.0 request successfully sent.
30-10-2024 12:30:11 - INFO - Response from moonraker: {'result': 'ok'}
30-10-2024 12:30:11 - INFO - Setting Chmaber Zones to a= 0.0, b= 0.0, c= 0.0, d= 0.0 Request successfully executed.
30-10-2024 12:30:11 - INFO - Sending request to Setting Chmaber Zones to a= 0.0, b= 0.0, c= 0.0, d= 0.0 with timeout of 5s...
30-10-2024 12:30:11 - INFO - Setting Chmaber Zones to a= 0.0, b= 0.0, c= 0.0, d= 0.0 request successfully sent.
30-10-2024 12:30:11 - INFO - Response from moonraker: {'result': 'ok'}
30-10-2024 12:30:11 - INFO - Setting Chmaber Zones to a= 0.0, b= 0.0, c= 0.0, d= 0.0 Request successfully executed.
30-10-2024 12:30:12 - INFO - Sending request to Setting Chmaber Zones to a= 0.0, b= 0.0, c= 0.0, d= 0.0 with timeout of 5s...
30-10-2024 12:30:12 - INFO - Setting Chmaber Zones to a= 0.0, b= 0.0, c= 0.0, d= 0.0 request successfully sent.
30-10-2024 12:30:12 - INFO - Response from moonraker: {'result': 'ok'}
30-10-2024 12:30:12 - INFO - Setting Chmaber Zones to a= 0.0, b= 0.0, c= 0.0, d= 0.0 Request successfully executed.
30-10-2024 12:30:12 - INFO - Sending request to Setting Chmaber Zones to a= 0.0, b= 0.0, c= 0.0, d= 0.0 with timeout of 5s...
30-10-2024 12:30:12 - INFO - Setting Chmaber Zones to a= 0.0, b= 0.0, c= 0.0, d= 0.0 request successfully sent.
30-10-2024 12:30:12 - INFO - Response from moonraker: {'result': 'ok'}
30-10-2024 12:30:12 - INFO - Setting Chmaber Zones to a= 0.0, b= 0.0, c= 0.0, d= 0.0 Request successfully executed.
30-10-2024 12:30:12 - INFO - Sending request to Setting Chmaber Zones to a= 0.0, b= 0.0, c= 0.0, d= 0.0 with timeout of 5s...
30-10-2024 12:30:12 - INFO - Setting Chmaber Zones to a= 0.0, b= 0.0, c= 0.0, d= 0.0 request successfully sent.
30-10-2024 12:30:12 - INFO - Response from moonraker: {'result': 'ok'}
30-10-2024 12:30:12 - INFO - Setting Chmaber Zones to a= 0.0, b= 0.0, c= 0.0, d= 0.0 Request successfully executed.
30-10-2024 12:30:12 - INFO - Sending request to Setting Chmaber Zones to a= 0.0, b= 0.0, c= 0.0, d= 0.0 with timeout of 5s...
30-10-2024 12:30:12 - INFO - Setting Chmaber Zones to a= 0.0, b= 0.0, c= 0.0, d= 0.0 request successfully sent.
30-10-2024 12:30:12 - INFO - Response from moonraker: {'result': 'ok'}
30-10-2024 12:30:12 - INFO - Setting Chmaber Zones to a= 0.0, b= 0.0, c= 0.0, d= 0.0 Request successfully executed.
30-10-2024 12:30:12 - INFO - Sending request to Setting Chmaber Zones to a= 0.0, b= 0.0, c= 0.0, d= 0.0 with timeout of 5s...
30-10-2024 12:30:12 - INFO - Setting Chmaber Zones to a= 0.0, b= 0.0, c= 0.0, d= 0.0 request successfully sent.
30-10-2024 12:30:12 - INFO - Response from moonraker: {'result': 'ok'}
30-10-2024 12:30:12 - INFO - Setting Chmaber Zones to a= 0.0, b= 0.0, c= 0.0, d= 0.0 Request successfully executed.
30-10-2024 12:30:13 - INFO - Sending request to Setting Chmaber Zones to a= 0.0, b= 0.0, c= 0.0, d= 0.0 with timeout of 5s...
30-10-2024 12:30:13 - INFO - Setting Chmaber Zones to a= 0.0, b= 0.0, c= 0.0, d= 0.0 request successfully sent.
30-10-2024 12:30:13 - INFO - Response from moonraker: {'result': 'ok'}
30-10-2024 12:30:13 - INFO - Setting Chmaber Zones to a= 0.0, b= 0.0, c= 0.0, d= 0.0 Request successfully executed.
30-10-2024 12:30:13 - INFO - Sending request to Setting Chmaber Zones to a= 0.0, b= 0.0, c= 0.0, d= 0.0 with timeout of 5s...
30-10-2024 12:30:13 - INFO - Setting Chmaber Zones to a= 0.0, b= 0.0, c= 0.0, d= 0.0 request successfully sent.
30-10-2024 12:30:13 - INFO - Response from moonraker: {'result': 'ok'}
30-10-2024 12:30:13 - INFO - Setting Chmaber Zones to a= 0.0, b= 0.0, c= 0.0, d= 0.0 Request successfully executed.
30-10-2024 12:30:13 - INFO - Sending request to Setting Chmaber Zones to a= 0.0, b= 0.0, c= 0.0, d= 0.0 with timeout of 5s...
30-10-2024 12:30:13 - INFO - Setting Chmaber Zones to a= 0.0, b= 0.0, c= 0.0, d= 0.0 request successfully sent.
30-10-2024 12:30:13 - INFO - Response from moonraker: {'result': 'ok'}
30-10-2024 12:30:13 - INFO - Setting Chmaber Zones to a= 0.0, b= 0.0, c= 0.0, d= 0.0 Request successfully executed.
30-10-2024 12:30:13 - INFO - Sending request to Setting Chmaber Zones to a= 0.0, b= 0.0, c= 0.0, d= 0.0 with timeout of 5s...
30-10-2024 12:30:13 - INFO - Setting Chmaber Zones to a= 0.0, b= 0.0, c= 0.0, d= 0.0 request successfully sent.
30-10-2024 12:30:13 - INFO - Response from moonraker: {'result': 'ok'}
30-10-2024 12:30:13 - INFO - Setting Chmaber Zones to a= 0.0, b= 0.0, c= 0.0, d= 0.0 Request successfully executed.
30-10-2024 12:30:13 - INFO - Sending request to Setting Chmaber Zones to a= 0.0, b= 0.0, c= 0.0, d= 0.0 with timeout of 5s...
30-10-2024 12:30:13 - INFO - Setting Chmaber Zones to a= 0.0, b= 0.0, c= 0.0, d= 0.0 request successfully sent.
30-10-2024 12:30:13 - INFO - Response from moonraker: {'result': 'ok'}
30-10-2024 12:30:13 - INFO - Setting Chmaber Zones to a= 0.0, b= 0.0, c= 0.0, d= 0.0 Request successfully executed.
30-10-2024 12:30:14 - INFO - Sending request to Setting Chmaber Zones to a= 0.0, b= 0.0, c= 0.0, d= 0.0 with timeout of 5s...
30-10-2024 12:30:14 - INFO - Setting Chmaber Zones to a= 0.0, b= 0.0, c= 0.0, d= 0.0 request successfully sent.
30-10-2024 12:30:14 - INFO - Response from moonraker: {'result': 'ok'}
30-10-2024 12:30:14 - INFO - Setting Chmaber Zones to a= 0.0, b= 0.0, c= 0.0, d= 0.0 Request successfully executed.
30-10-2024 12:30:14 - INFO - Sending request to Setting Chmaber Zones to a= 0.0, b= 0.0, c= 0.0, d= 0.0 with timeout of 5s...
30-10-2024 12:30:14 - INFO - Setting Chmaber Zones to a= 0.0, b= 0.0, c= 0.0, d= 0.0 request successfully sent.
30-10-2024 12:30:14 - INFO - Response from moonraker: {'result': 'ok'}
30-10-2024 12:30:14 - INFO - Setting Chmaber Zones to a= 0.0, b= 0.0, c= 0.0, d= 0.0 Request successfully executed.
30-10-2024 12:30:14 - INFO - Sending request to Setting Chmaber Zones to a= 0.0, b= 0.0, c= 0.0, d= 0.0 with timeout of 5s...
30-10-2024 12:30:14 - INFO - Setting Chmaber Zones to a= 0.0, b= 0.0, c= 0.0, d= 0.0 request successfully sent.
30-10-2024 12:30:14 - INFO - Response from moonraker: {'result': 'ok'}
30-10-2024 12:30:14 - INFO - Setting Chmaber Zones to a= 0.0, b= 0.0, c= 0.0, d= 0.0 Request successfully executed.
30-10-2024 12:30:14 - INFO - Sending request to Setting Chmaber Zones to a= 0.0, b= 0.0, c= 0.0, d= 0.0 with timeout of 5s...
30-10-2024 12:30:14 - INFO - Setting Chmaber Zones to a= 0.0, b= 0.0, c= 0.0, d= 0.0 request successfully sent.
30-10-2024 12:30:14 - INFO - Response from moonraker: {'result': 'ok'}
30-10-2024 12:30:14 - INFO - Setting Chmaber Zones to a= 0.0, b= 0.0, c= 0.0, d= 0.0 Request successfully executed.
30-10-2024 12:30:14 - INFO - Sending request to Setting Chmaber Zones to a= 0.0, b= 0.0, c= 0.0, d= 0.0 with timeout of 5s...
30-10-2024 12:30:14 - INFO - Setting Chmaber Zones to a= 0.0, b= 0.0, c= 0.0, d= 0.0 request successfully sent.
30-10-2024 12:30:14 - INFO - Response from moonraker: {'result': 'ok'}
30-10-2024 12:30:14 - INFO - Setting Chmaber Zones to a= 0.0, b= 0.0, c= 0.0, d= 0.0 Request successfully executed.
30-10-2024 12:30:15 - INFO - Sending request to Setting Chmaber Zones to a= 0.0, b= 0.0, c= 0.0, d= 0.0 with timeout of 5s...
30-10-2024 12:30:15 - INFO - Setting Chmaber Zones to a= 0.0, b= 0.0, c= 0.0, d= 0.0 request successfully sent.
30-10-2024 12:30:15 - INFO - Response from moonraker: {'result': 'ok'}
30-10-2024 12:30:15 - INFO - Setting Chmaber Zones to a= 0.0, b= 0.0, c= 0.0, d= 0.0 Request successfully executed.
30-10-2024 12:30:15 - INFO - Sending request to Setting Chmaber Zones to a= 0.0, b= 0.0, c= 0.0, d= 0.0 with timeout of 5s...
30-10-2024 12:30:15 - INFO - Setting Chmaber Zones to a= 0.0, b= 0.0, c= 0.0, d= 0.0 request successfully sent.
30-10-2024 12:30:15 - INFO - Response from moonraker: {'result': 'ok'}
30-10-2024 12:30:15 - INFO - Setting Chmaber Zones to a= 0.0, b= 0.0, c= 0.0, d= 0.0 Request successfully executed.
30-10-2024 12:30:15 - INFO - Sending request to Setting Chmaber Zones to a= 0.0, b= 0.0, c= 0.0, d= 0.0 with timeout of 5s...
30-10-2024 12:30:15 - INFO - Setting Chmaber Zones to a= 0.0, b= 0.0, c= 0.0, d= 0.0 request successfully sent.
30-10-2024 12:30:15 - INFO - Response from moonraker: {'result': 'ok'}
30-10-2024 12:30:15 - INFO - Setting Chmaber Zones to a= 0.0, b= 0.0, c= 0.0, d= 0.0 Request successfully executed.
30-10-2024 12:30:15 - INFO - Sending request to Setting Chmaber Zones to a= 0.0, b= 0.0, c= 0.0, d= 0.0 with timeout of 5s...
30-10-2024 12:30:15 - INFO - Setting Chmaber Zones to a= 0.0, b= 0.0, c= 0.0, d= 0.0 request successfully sent.
30-10-2024 12:30:15 - INFO - Response from moonraker: {'result': 'ok'}
30-10-2024 12:30:15 - INFO - Setting Chmaber Zones to a= 0.0, b= 0.0, c= 0.0, d= 0.0 Request successfully executed.
30-10-2024 12:30:15 - INFO - Sending request to Setting Chmaber Zones to a= 0.0, b= 0.0, c= 0.0, d= 0.0 with timeout of 5s...
30-10-2024 12:30:15 - INFO - Setting Chmaber Zones to a= 0.0, b= 0.0, c= 0.0, d= 0.0 request successfully sent.
30-10-2024 12:30:15 - INFO - Response from moonraker: {'result': 'ok'}
30-10-2024 12:30:15 - INFO - Setting Chmaber Zones to a= 0.0, b= 0.0, c= 0.0, d= 0.0 Request successfully executed.
30-10-2024 12:30:16 - INFO - Sending request to Setting Chmaber Zones to a= 0.0, b= 0.0, c= 0.0, d= 0.0 with timeout of 5s...
30-10-2024 12:30:16 - INFO - Setting Chmaber Zones to a= 0.0, b= 0.0, c= 0.0, d= 0.0 request successfully sent.
30-10-2024 12:30:16 - INFO - Response from moonraker: {'result': 'ok'}
30-10-2024 12:30:16 - INFO - Setting Chmaber Zones to a= 0.0, b= 0.0, c= 0.0, d= 0.0 Request successfully executed.
30-10-2024 12:30:16 - INFO - Sending request to Setting Chmaber Zones to a= 0.0, b= 0.0, c= 0.0, d= 0.0 with timeout of 5s...
30-10-2024 12:30:16 - INFO - Setting Chmaber Zones to a= 0.0, b= 0.0, c= 0.0, d= 0.0 request successfully sent.
30-10-2024 12:30:16 - INFO - Response from moonraker: {'result': 'ok'}
30-10-2024 12:30:16 - INFO - Setting Chmaber Zones to a= 0.0, b= 0.0, c= 0.0, d= 0.0 Request successfully executed.
30-10-2024 12:30:16 - INFO - Sending request to Setting Chmaber Zones to a= 0.0, b= 0.0, c= 0.0, d= 0.0 with timeout of 5s...
30-10-2024 12:30:16 - INFO - Setting Chmaber Zones to a= 0.0, b= 0.0, c= 0.0, d= 0.0 request successfully sent.
30-10-2024 12:30:16 - INFO - Response from moonraker: {'result': 'ok'}
30-10-2024 12:30:16 - INFO - Setting Chmaber Zones to a= 0.0, b= 0.0, c= 0.0, d= 0.0 Request successfully executed.
30-10-2024 12:30:16 - INFO - Sending request to Setting Chmaber Zones to a= 0.0, b= 0.0, c= 0.0, d= 0.0 with timeout of 5s...
30-10-2024 12:30:16 - INFO - Setting Chmaber Zones to a= 0.0, b= 0.0, c= 0.0, d= 0.0 request successfully sent.
30-10-2024 12:30:16 - INFO - Response from moonraker: {'result': 'ok'}
30-10-2024 12:30:16 - INFO - Setting Chmaber Zones to a= 0.0, b= 0.0, c= 0.0, d= 0.0 Request successfully executed.
30-10-2024 12:30:16 - INFO - Sending request to Setting Chmaber Zones to a= 0.0, b= 0.0, c= 0.0, d= 0.0 with timeout of 5s...
30-10-2024 12:30:16 - INFO - Setting Chmaber Zones to a= 0.0, b= 0.0, c= 0.0, d= 0.0 request successfully sent.
30-10-2024 12:30:16 - INFO - Response from moonraker: {'result': 'ok'}
30-10-2024 12:30:16 - INFO - Setting Chmaber Zones to a= 0.0, b= 0.0, c= 0.0, d= 0.0 Request successfully executed.
30-10-2024 12:30:17 - INFO - Sending request to Setting Chmaber Zones to a= 0.0, b= 0.0, c= 0.0, d= 0.0 with timeout of 5s...
30-10-2024 12:30:17 - INFO - Setting Chmaber Zones to a= 0.0, b= 0.0, c= 0.0, d= 0.0 request successfully sent.
30-10-2024 12:30:17 - INFO - Response from moonraker: {'result': 'ok'}
30-10-2024 12:30:17 - INFO - Setting Chmaber Zones to a= 0.0, b= 0.0, c= 0.0, d= 0.0 Request successfully executed.
30-10-2024 12:30:17 - INFO - Sending request to Setting Chmaber Zones to a= 0.0, b= 0.0, c= 0.0, d= 0.0 with timeout of 5s...
30-10-2024 12:30:17 - INFO - Setting Chmaber Zones to a= 0.0, b= 0.0, c= 0.0, d= 0.0 request successfully sent.
30-10-2024 12:30:17 - INFO - Response from moonraker: {'result': 'ok'}
30-10-2024 12:30:17 - INFO - Setting Chmaber Zones to a= 0.0, b= 0.0, c= 0.0, d= 0.0 Request successfully executed.
30-10-2024 12:30:17 - INFO - Sending request to Setting Chmaber Zones to a= 0.0, b= 0.0, c= 0.0, d= 0.0 with timeout of 5s...
30-10-2024 12:30:17 - INFO - Setting Chmaber Zones to a= 0.0, b= 0.0, c= 0.0, d= 0.0 request successfully sent.
30-10-2024 12:30:17 - INFO - Response from moonraker: {'result': 'ok'}
30-10-2024 12:30:17 - INFO - Setting Chmaber Zones to a= 0.0, b= 0.0, c= 0.0, d= 0.0 Request successfully executed.
30-10-2024 12:30:17 - INFO - Sending request to Setting Chmaber Zones to a= 0.0, b= 0.0, c= 0.0, d= 0.0 with timeout of 5s...
30-10-2024 12:30:17 - INFO - Setting Chmaber Zones to a= 0.0, b= 0.0, c= 0.0, d= 0.0 request successfully sent.
30-10-2024 12:30:17 - INFO - Response from moonraker: {'result': 'ok'}
30-10-2024 12:30:17 - INFO - Setting Chmaber Zones to a= 0.0, b= 0.0, c= 0.0, d= 0.0 Request successfully executed.
30-10-2024 12:30:17 - INFO - Sending request to Setting Chmaber Zones to a= 0.0, b= 0.0, c= 0.0, d= 0.0 with timeout of 5s...
30-10-2024 12:30:17 - INFO - Setting Chmaber Zones to a= 0.0, b= 0.0, c= 0.0, d= 0.0 request successfully sent.
30-10-2024 12:30:17 - INFO - Response from moonraker: {'result': 'ok'}
30-10-2024 12:30:17 - INFO - Setting Chmaber Zones to a= 0.0, b= 0.0, c= 0.0, d= 0.0 Request successfully executed.
30-10-2024 12:30:18 - INFO - Sending request to Setting Chmaber Zones to a= 0.0, b= 0.0, c= 0.0, d= 0.0 with timeout of 5s...
30-10-2024 12:30:18 - INFO - Setting Chmaber Zones to a= 0.0, b= 0.0, c= 0.0, d= 0.0 request successfully sent.
30-10-2024 12:30:18 - INFO - Response from moonraker: {'result': 'ok'}
30-10-2024 12:30:18 - INFO - Setting Chmaber Zones to a= 0.0, b= 0.0, c= 0.0, d= 0.0 Request successfully executed.
30-10-2024 12:30:18 - INFO - Sending request to Setting Chmaber Zones to a= 0.0, b= 0.0, c= 0.0, d= 0.0 with timeout of 5s...
30-10-2024 12:30:18 - INFO - Setting Chmaber Zones to a= 0.0, b= 0.0, c= 0.0, d= 0.0 request successfully sent.
30-10-2024 12:30:18 - INFO - Response from moonraker: {'result': 'ok'}
30-10-2024 12:30:18 - INFO - Setting Chmaber Zones to a= 0.0, b= 0.0, c= 0.0, d= 0.0 Request successfully executed.
30-10-2024 12:30:18 - INFO - Sending request to Setting Chmaber Zones to a= 0.0, b= 0.0, c= 0.0, d= 0.0 with timeout of 5s...
30-10-2024 12:30:18 - INFO - Setting Chmaber Zones to a= 0.0, b= 0.0, c= 0.0, d= 0.0 request successfully sent.
30-10-2024 12:30:18 - INFO - Response from moonraker: {'result': 'ok'}
30-10-2024 12:30:18 - INFO - Setting Chmaber Zones to a= 0.0, b= 0.0, c= 0.0, d= 0.0 Request successfully executed.
30-10-2024 12:30:18 - INFO - Sending request to Setting Chmaber Zones to a= 0.0, b= 0.0, c= 0.0, d= 0.0 with timeout of 5s...
30-10-2024 12:30:18 - INFO - Setting Chmaber Zones to a= 0.0, b= 0.0, c= 0.0, d= 0.0 request successfully sent.
30-10-2024 12:30:18 - INFO - Response from moonraker: {'result': 'ok'}
30-10-2024 12:30:18 - INFO - Setting Chmaber Zones to a= 0.0, b= 0.0, c= 0.0, d= 0.0 Request successfully executed.
30-10-2024 12:30:18 - INFO - Sending request to Setting Chmaber Zones to a= 0.0, b= 0.0, c= 0.0, d= 0.0 with timeout of 5s...
30-10-2024 12:30:18 - INFO - Setting Chmaber Zones to a= 0.0, b= 0.0, c= 0.0, d= 0.0 request successfully sent.
30-10-2024 12:30:18 - INFO - Response from moonraker: {'result': 'ok'}
30-10-2024 12:30:18 - INFO - Setting Chmaber Zones to a= 0.0, b= 0.0, c= 0.0, d= 0.0 Request successfully executed.
30-10-2024 12:30:19 - INFO - Sending request to Setting Chmaber Zones to a= 0.0, b= 0.0, c= 0.0, d= 0.0 with timeout of 5s...
30-10-2024 12:30:19 - INFO - Setting Chmaber Zones to a= 0.0, b= 0.0, c= 0.0, d= 0.0 request successfully sent.
30-10-2024 12:30:19 - INFO - Response from moonraker: {'result': 'ok'}
30-10-2024 12:30:19 - INFO - Setting Chmaber Zones to a= 0.0, b= 0.0, c= 0.0, d= 0.0 Request successfully executed.
30-10-2024 12:30:19 - INFO - Sending request to Setting Chmaber Zones to a= 0.0, b= 0.0, c= 0.0, d= 0.0 with timeout of 5s...
30-10-2024 12:30:19 - INFO - Setting Chmaber Zones to a= 0.0, b= 0.0, c= 0.0, d= 0.0 request successfully sent.
30-10-2024 12:30:19 - INFO - Response from moonraker: {'result': 'ok'}
30-10-2024 12:30:19 - INFO - Setting Chmaber Zones to a= 0.0, b= 0.0, c= 0.0, d= 0.0 Request successfully executed.
30-10-2024 12:30:19 - INFO - Sending request to Setting Chmaber Zones to a= 0.0, b= 0.0, c= 0.0, d= 0.0 with timeout of 5s...
30-10-2024 12:30:19 - INFO - Setting Chmaber Zones to a= 0.0, b= 0.0, c= 0.0, d= 0.0 request successfully sent.
30-10-2024 12:30:19 - INFO - Response from moonraker: {'result': 'ok'}
30-10-2024 12:30:19 - INFO - Setting Chmaber Zones to a= 0.0, b= 0.0, c= 0.0, d= 0.0 Request successfully executed.
30-10-2024 12:30:19 - INFO - Sending request to Setting Chmaber Zones to a= 0.0, b= 0.0, c= 0.0, d= 0.0 with timeout of 5s...
30-10-2024 12:30:19 - INFO - Setting Chmaber Zones to a= 0.0, b= 0.0, c= 0.0, d= 0.0 request successfully sent.
30-10-2024 12:30:19 - INFO - Response from moonraker: {'result': 'ok'}
30-10-2024 12:30:19 - INFO - Setting Chmaber Zones to a= 0.0, b= 0.0, c= 0.0, d= 0.0 Request successfully executed.
30-10-2024 12:30:19 - INFO - Sending request to Setting Chmaber Zones to a= 0.0, b= 0.0, c= 0.0, d= 0.0 with timeout of 5s...
30-10-2024 12:30:19 - INFO - Setting Chmaber Zones to a= 0.0, b= 0.0, c= 0.0, d= 0.0 request successfully sent.
30-10-2024 12:30:19 - INFO - Response from moonraker: {'result': 'ok'}
30-10-2024 12:30:19 - INFO - Setting Chmaber Zones to a= 0.0, b= 0.0, c= 0.0, d= 0.0 Request successfully executed.
30-10-2024 12:30:20 - INFO - Sending request to Setting Chmaber Zones to a= 0.0, b= 0.0, c= 0.0, d= 0.0 with timeout of 5s...
30-10-2024 12:30:20 - INFO - Setting Chmaber Zones to a= 0.0, b= 0.0, c= 0.0, d= 0.0 request successfully sent.
30-10-2024 12:30:20 - INFO - Response from moonraker: {'result': 'ok'}
30-10-2024 12:30:20 - INFO - Setting Chmaber Zones to a= 0.0, b= 0.0, c= 0.0, d= 0.0 Request successfully executed.
30-10-2024 12:30:20 - INFO - Sending request to Setting Chmaber Zones to a= 0.0, b= 0.0, c= 0.0, d= 0.0 with timeout of 5s...
30-10-2024 12:30:20 - INFO - Setting Chmaber Zones to a= 0.0, b= 0.0, c= 0.0, d= 0.0 request successfully sent.
30-10-2024 12:30:20 - INFO - Response from moonraker: {'result': 'ok'}
30-10-2024 12:30:20 - INFO - Setting Chmaber Zones to a= 0.0, b= 0.0, c= 0.0, d= 0.0 Request successfully executed.
30-10-2024 12:30:20 - INFO - Sending request to Setting Chmaber Zones to a= 0.0, b= 0.0, c= 0.0, d= 0.0 with timeout of 5s...
30-10-2024 12:30:20 - INFO - Setting Chmaber Zones to a= 0.0, b= 0.0, c= 0.0, d= 0.0 request successfully sent.
30-10-2024 12:30:20 - INFO - Response from moonraker: {'result': 'ok'}
30-10-2024 12:30:20 - INFO - Setting Chmaber Zones to a= 0.0, b= 0.0, c= 0.0, d= 0.0 Request successfully executed.
30-10-2024 12:30:20 - INFO - Sending request to Setting Chmaber Zones to a= 0.0, b= 0.0, c= 0.0, d= 0.0 with timeout of 5s...
30-10-2024 12:30:20 - INFO - Setting Chmaber Zones to a= 0.0, b= 0.0, c= 0.0, d= 0.0 request successfully sent.
30-10-2024 12:30:20 - INFO - Response from moonraker: {'result': 'ok'}
30-10-2024 12:30:20 - INFO - Setting Chmaber Zones to a= 0.0, b= 0.0, c= 0.0, d= 0.0 Request successfully executed.
30-10-2024 12:30:20 - INFO - Sending request to Setting Chmaber Zones to a= 0.0, b= 0.0, c= 0.0, d= 0.0 with timeout of 5s...
30-10-2024 12:30:20 - INFO - Setting Chmaber Zones to a= 0.0, b= 0.0, c= 0.0, d= 0.0 request successfully sent.
30-10-2024 12:30:20 - INFO - Response from moonraker: {'result': 'ok'}
30-10-2024 12:30:20 - INFO - Setting Chmaber Zones to a= 0.0, b= 0.0, c= 0.0, d= 0.0 Request successfully executed.
30-10-2024 12:30:21 - INFO - Sending request to Setting Chmaber Zones to a= 0.0, b= 0.0, c= 0.0, d= 0.0 with timeout of 5s...
30-10-2024 12:30:21 - INFO - Setting Chmaber Zones to a= 0.0, b= 0.0, c= 0.0, d= 0.0 request successfully sent.
30-10-2024 12:30:21 - INFO - Response from moonraker: {'result': 'ok'}
30-10-2024 12:30:21 - INFO - Setting Chmaber Zones to a= 0.0, b= 0.0, c= 0.0, d= 0.0 Request successfully executed.
30-10-2024 12:30:21 - INFO - Sending request to Setting Chmaber Zones to a= 0.0, b= 0.0, c= 0.0, d= 0.0 with timeout of 5s...
30-10-2024 12:30:21 - INFO - Setting Chmaber Zones to a= 0.0, b= 0.0, c= 0.0, d= 0.0 request successfully sent.
30-10-2024 12:30:21 - INFO - Response from moonraker: {'result': 'ok'}
30-10-2024 12:30:21 - INFO - Setting Chmaber Zones to a= 0.0, b= 0.0, c= 0.0, d= 0.0 Request successfully executed.
30-10-2024 12:30:21 - INFO - Sending request to Setting Chmaber Zones to a= 0.0, b= 0.0, c= 0.0, d= 0.0 with timeout of 5s...
30-10-2024 12:30:21 - INFO - Setting Chmaber Zones to a= 0.0, b= 0.0, c= 0.0, d= 0.0 request successfully sent.
30-10-2024 12:30:21 - INFO - Response from moonraker: {'result': 'ok'}
30-10-2024 12:30:21 - INFO - Setting Chmaber Zones to a= 0.0, b= 0.0, c= 0.0, d= 0.0 Request successfully executed.
30-10-2024 12:30:21 - INFO - Sending request to Setting Chmaber Zones to a= 0.0, b= 0.0, c= 0.0, d= 0.0 with timeout of 5s...
30-10-2024 12:30:21 - INFO - Setting Chmaber Zones to a= 0.0, b= 0.0, c= 0.0, d= 0.0 request successfully sent.
30-10-2024 12:30:21 - INFO - Response from moonraker: {'result': 'ok'}
30-10-2024 12:30:21 - INFO - Setting Chmaber Zones to a= 0.0, b= 0.0, c= 0.0, d= 0.0 Request successfully executed.
30-10-2024 12:30:21 - INFO - Sending request to Setting Chmaber Zones to a= 0.0, b= 0.0, c= 0.0, d= 0.0 with timeout of 5s...
30-10-2024 12:30:21 - INFO - Setting Chmaber Zones to a= 0.0, b= 0.0, c= 0.0, d= 0.0 request successfully sent.
30-10-2024 12:30:21 - INFO - Response from moonraker: {'result': 'ok'}
30-10-2024 12:30:21 - INFO - Setting Chmaber Zones to a= 0.0, b= 0.0, c= 0.0, d= 0.0 Request successfully executed.
30-10-2024 12:30:22 - INFO - Sending request to Setting Chmaber Zones to a= 0.0, b= 0.0, c= 0.0, d= 0.0 with timeout of 5s...
30-10-2024 12:30:22 - INFO - Setting Chmaber Zones to a= 0.0, b= 0.0, c= 0.0, d= 0.0 request successfully sent.
30-10-2024 12:30:22 - INFO - Response from moonraker: {'result': 'ok'}
30-10-2024 12:30:22 - INFO - Setting Chmaber Zones to a= 0.0, b= 0.0, c= 0.0, d= 0.0 Request successfully executed.
30-10-2024 12:30:22 - INFO - Sending request to Setting Chmaber Zones to a= 0.0, b= 0.0, c= 0.0, d= 0.0 with timeout of 5s...
30-10-2024 12:30:22 - INFO - Setting Chmaber Zones to a= 0.0, b= 0.0, c= 0.0, d= 0.0 request successfully sent.
30-10-2024 12:30:22 - INFO - Response from moonraker: {'result': 'ok'}
30-10-2024 12:30:22 - INFO - Setting Chmaber Zones to a= 0.0, b= 0.0, c= 0.0, d= 0.0 Request successfully executed.
30-10-2024 12:30:22 - INFO - Sending request to Setting Chmaber Zones to a= 0.0, b= 0.0, c= 0.0, d= 0.0 with timeout of 5s...
30-10-2024 12:30:22 - INFO - Setting Chmaber Zones to a= 0.0, b= 0.0, c= 0.0, d= 0.0 request successfully sent.
30-10-2024 12:30:22 - INFO - Response from moonraker: {'result': 'ok'}
30-10-2024 12:30:22 - INFO - Setting Chmaber Zones to a= 0.0, b= 0.0, c= 0.0, d= 0.0 Request successfully executed.
30-10-2024 12:30:22 - INFO - Sending request to Setting Chmaber Zones to a= 0.0, b= 0.0, c= 0.0, d= 0.0 with timeout of 5s...
30-10-2024 12:30:22 - INFO - Setting Chmaber Zones to a= 0.0, b= 0.0, c= 0.0, d= 0.0 request successfully sent.
30-10-2024 12:30:22 - INFO - Response from moonraker: {'result': 'ok'}
30-10-2024 12:30:22 - INFO - Setting Chmaber Zones to a= 0.0, b= 0.0, c= 0.0, d= 0.0 Request successfully executed.
30-10-2024 12:30:22 - INFO - Sending request to Setting Chmaber Zones to a= 0.0, b= 0.0, c= 0.0, d= 0.0 with timeout of 5s...
30-10-2024 12:30:22 - INFO - Setting Chmaber Zones to a= 0.0, b= 0.0, c= 0.0, d= 0.0 request successfully sent.
30-10-2024 12:30:22 - INFO - Response from moonraker: {'result': 'ok'}
30-10-2024 12:30:22 - INFO - Setting Chmaber Zones to a= 0.0, b= 0.0, c= 0.0, d= 0.0 Request successfully executed.
30-10-2024 12:30:23 - INFO - Sending request to Setting Chmaber Zones to a= 0.0, b= 0.0, c= 0.0, d= 0.0 with timeout of 5s...
30-10-2024 12:30:23 - INFO - Setting Chmaber Zones to a= 0.0, b= 0.0, c= 0.0, d= 0.0 request successfully sent.
30-10-2024 12:30:23 - INFO - Response from moonraker: {'result': 'ok'}
30-10-2024 12:30:23 - INFO - Setting Chmaber Zones to a= 0.0, b= 0.0, c= 0.0, d= 0.0 Request successfully executed.
30-10-2024 12:30:23 - INFO - Sending request to Setting Chmaber Zones to a= 0.0, b= 0.0, c= 0.0, d= 0.0 with timeout of 5s...
30-10-2024 12:30:23 - INFO - Setting Chmaber Zones to a= 0.0, b= 0.0, c= 0.0, d= 0.0 request successfully sent.
30-10-2024 12:30:23 - INFO - Response from moonraker: {'result': 'ok'}
30-10-2024 12:30:23 - INFO - Setting Chmaber Zones to a= 0.0, b= 0.0, c= 0.0, d= 0.0 Request successfully executed.
30-10-2024 12:30:23 - INFO - Sending request to Setting Chmaber Zones to a= 0.0, b= 0.0, c= 0.0, d= 0.0 with timeout of 5s...
30-10-2024 12:30:23 - INFO - Setting Chmaber Zones to a= 0.0, b= 0.0, c= 0.0, d= 0.0 request successfully sent.
30-10-2024 12:30:23 - INFO - Response from moonraker: {'result': 'ok'}
30-10-2024 12:30:23 - INFO - Setting Chmaber Zones to a= 0.0, b= 0.0, c= 0.0, d= 0.0 Request successfully executed.
30-10-2024 12:30:23 - INFO - Sending request to Setting Chmaber Zones to a= 0.0, b= 0.0, c= 0.0, d= 0.0 with timeout of 5s...
30-10-2024 12:30:23 - INFO - Setting Chmaber Zones to a= 0.0, b= 0.0, c= 0.0, d= 0.0 request successfully sent.
30-10-2024 12:30:23 - INFO - Response from moonraker: {'result': 'ok'}
30-10-2024 12:30:23 - INFO - Setting Chmaber Zones to a= 0.0, b= 0.0, c= 0.0, d= 0.0 Request successfully executed.
30-10-2024 12:30:23 - INFO - Sending request to Setting Chmaber Zones to a= 0.0, b= 0.0, c= 0.0, d= 0.0 with timeout of 5s...
30-10-2024 12:30:23 - INFO - Setting Chmaber Zones to a= 0.0, b= 0.0, c= 0.0, d= 0.0 request successfully sent.
30-10-2024 12:30:23 - INFO - Response from moonraker: {'result': 'ok'}
30-10-2024 12:30:23 - INFO - Setting Chmaber Zones to a= 0.0, b= 0.0, c= 0.0, d= 0.0 Request successfully executed.
30-10-2024 12:30:24 - INFO - Sending request to Setting Chmaber Zones to a= 0.0, b= 0.0, c= 0.0, d= 0.0 with timeout of 5s...
30-10-2024 12:30:24 - INFO - Setting Chmaber Zones to a= 0.0, b= 0.0, c= 0.0, d= 0.0 request successfully sent.
30-10-2024 12:30:24 - INFO - Response from moonraker: {'result': 'ok'}
30-10-2024 12:30:24 - INFO - Setting Chmaber Zones to a= 0.0, b= 0.0, c= 0.0, d= 0.0 Request successfully executed.
30-10-2024 12:30:24 - INFO - Sending request to Setting Chmaber Zones to a= 0.0, b= 0.0, c= 0.0, d= 0.0 with timeout of 5s...
30-10-2024 12:30:24 - INFO - Setting Chmaber Zones to a= 0.0, b= 0.0, c= 0.0, d= 0.0 request successfully sent.
30-10-2024 12:30:24 - INFO - Response from moonraker: {'result': 'ok'}
30-10-2024 12:30:24 - INFO - Setting Chmaber Zones to a= 0.0, b= 0.0, c= 0.0, d= 0.0 Request successfully executed.
30-10-2024 12:30:24 - INFO - Sending request to Setting Chmaber Zones to a= 0.0, b= 0.0, c= 0.0, d= 0.0 with timeout of 5s...
30-10-2024 12:30:24 - INFO - Setting Chmaber Zones to a= 0.0, b= 0.0, c= 0.0, d= 0.0 request successfully sent.
30-10-2024 12:30:24 - INFO - Response from moonraker: {'result': 'ok'}
30-10-2024 12:30:24 - INFO - Setting Chmaber Zones to a= 0.0, b= 0.0, c= 0.0, d= 0.0 Request successfully executed.
30-10-2024 12:30:24 - INFO - Sending request to Setting Chmaber Zones to a= 0.0, b= 0.0, c= 0.0, d= 0.0 with timeout of 5s...
30-10-2024 12:30:24 - INFO - Setting Chmaber Zones to a= 0.0, b= 0.0, c= 0.0, d= 0.0 request successfully sent.
30-10-2024 12:30:24 - INFO - Response from moonraker: {'result': 'ok'}
30-10-2024 12:30:24 - INFO - Setting Chmaber Zones to a= 0.0, b= 0.0, c= 0.0, d= 0.0 Request successfully executed.
30-10-2024 12:30:24 - INFO - Sending request to Setting Chmaber Zones to a= 0.0, b= 0.0, c= 0.0, d= 0.0 with timeout of 5s...
30-10-2024 12:30:24 - INFO - Setting Chmaber Zones to a= 0.0, b= 0.0, c= 0.0, d= 0.0 request successfully sent.
30-10-2024 12:30:24 - INFO - Response from moonraker: {'result': 'ok'}
30-10-2024 12:30:24 - INFO - Setting Chmaber Zones to a= 0.0, b= 0.0, c= 0.0, d= 0.0 Request successfully executed.
30-10-2024 12:30:25 - INFO - Sending request to Setting Chmaber Zones to a= 0.0, b= 0.0, c= 0.0, d= 0.0 with timeout of 5s...
30-10-2024 12:30:25 - INFO - Setting Chmaber Zones to a= 0.0, b= 0.0, c= 0.0, d= 0.0 request successfully sent.
30-10-2024 12:30:25 - INFO - Response from moonraker: {'result': 'ok'}
30-10-2024 12:30:25 - INFO - Setting Chmaber Zones to a= 0.0, b= 0.0, c= 0.0, d= 0.0 Request successfully executed.
30-10-2024 12:30:25 - INFO - Sending request to Setting Chmaber Zones to a= 0.0, b= 0.0, c= 0.0, d= 0.0 with timeout of 5s...
30-10-2024 12:30:25 - INFO - Setting Chmaber Zones to a= 0.0, b= 0.0, c= 0.0, d= 0.0 request successfully sent.
30-10-2024 12:30:25 - INFO - Response from moonraker: {'result': 'ok'}
30-10-2024 12:30:25 - INFO - Setting Chmaber Zones to a= 0.0, b= 0.0, c= 0.0, d= 0.0 Request successfully executed.
30-10-2024 12:30:25 - INFO - Sending request to Setting Chmaber Zones to a= 0.0, b= 0.0, c= 0.0, d= 0.0 with timeout of 5s...
30-10-2024 12:30:25 - INFO - Setting Chmaber Zones to a= 0.0, b= 0.0, c= 0.0, d= 0.0 request successfully sent.
30-10-2024 12:30:25 - INFO - Response from moonraker: {'result': 'ok'}
30-10-2024 12:30:25 - INFO - Setting Chmaber Zones to a= 0.0, b= 0.0, c= 0.0, d= 0.0 Request successfully executed.
30-10-2024 12:30:25 - INFO - Sending request to Setting Chmaber Zones to a= 0.0, b= 0.0, c= 0.0, d= 0.0 with timeout of 5s...
30-10-2024 12:30:25 - INFO - Setting Chmaber Zones to a= 0.0, b= 0.0, c= 0.0, d= 0.0 request successfully sent.
30-10-2024 12:30:25 - INFO - Response from moonraker: {'result': 'ok'}
30-10-2024 12:30:25 - INFO - Setting Chmaber Zones to a= 0.0, b= 0.0, c= 0.0, d= 0.0 Request successfully executed.
30-10-2024 12:30:25 - INFO - Sending request to Setting Chmaber Zones to a= 0.0, b= 0.0, c= 0.0, d= 0.0 with timeout of 5s...
30-10-2024 12:30:25 - INFO - Setting Chmaber Zones to a= 0.0, b= 0.0, c= 0.0, d= 0.0 request successfully sent.
30-10-2024 12:30:25 - INFO - Response from moonraker: {'result': 'ok'}
30-10-2024 12:30:25 - INFO - Setting Chmaber Zones to a= 0.0, b= 0.0, c= 0.0, d= 0.0 Request successfully executed.
30-10-2024 12:30:26 - INFO - Sending request to Setting Chmaber Zones to a= 0.0, b= 0.0, c= 0.0, d= 0.0 with timeout of 5s...
30-10-2024 12:30:26 - INFO - Setting Chmaber Zones to a= 0.0, b= 0.0, c= 0.0, d= 0.0 request successfully sent.
30-10-2024 12:30:26 - INFO - Response from moonraker: {'result': 'ok'}
30-10-2024 12:30:26 - INFO - Setting Chmaber Zones to a= 0.0, b= 0.0, c= 0.0, d= 0.0 Request successfully executed.
30-10-2024 12:30:26 - INFO - Sending request to Setting Chmaber Zones to a= 0.0, b= 0.0, c= 0.0, d= 0.0 with timeout of 5s...
30-10-2024 12:30:26 - INFO - Setting Chmaber Zones to a= 0.0, b= 0.0, c= 0.0, d= 0.0 request successfully sent.
30-10-2024 12:30:26 - INFO - Response from moonraker: {'result': 'ok'}
30-10-2024 12:30:26 - INFO - Setting Chmaber Zones to a= 0.0, b= 0.0, c= 0.0, d= 0.0 Request successfully executed.
30-10-2024 12:30:26 - INFO - Sending request to Setting Chmaber Zones to a= 0.0, b= 0.0, c= 0.0, d= 0.0 with timeout of 5s...
30-10-2024 12:30:26 - INFO - Setting Chmaber Zones to a= 0.0, b= 0.0, c= 0.0, d= 0.0 request successfully sent.
30-10-2024 12:30:26 - INFO - Response from moonraker: {'result': 'ok'}
30-10-2024 12:30:26 - INFO - Setting Chmaber Zones to a= 0.0, b= 0.0, c= 0.0, d= 0.0 Request successfully executed.
30-10-2024 12:30:26 - INFO - Sending request to Setting Chmaber Zones to a= 0.0, b= 0.0, c= 0.0, d= 0.0 with timeout of 5s...
30-10-2024 12:30:26 - INFO - Setting Chmaber Zones to a= 0.0, b= 0.0, c= 0.0, d= 0.0 request successfully sent.
30-10-2024 12:30:26 - INFO - Response from moonraker: {'result': 'ok'}
30-10-2024 12:30:26 - INFO - Setting Chmaber Zones to a= 0.0, b= 0.0, c= 0.0, d= 0.0 Request successfully executed.
30-10-2024 12:30:26 - INFO - Sending request to Setting Chmaber Zones to a= 0.0, b= 0.0, c= 0.0, d= 0.0 with timeout of 5s...
30-10-2024 12:30:26 - INFO - Setting Chmaber Zones to a= 0.0, b= 0.0, c= 0.0, d= 0.0 request successfully sent.
30-10-2024 12:30:26 - INFO - Response from moonraker: {'result': 'ok'}
30-10-2024 12:30:26 - INFO - Setting Chmaber Zones to a= 0.0, b= 0.0, c= 0.0, d= 0.0 Request successfully executed.
30-10-2024 12:30:27 - INFO - Sending request to Setting Chmaber Zones to a= 0.0, b= 0.0, c= 0.0, d= 0.0 with timeout of 5s...
30-10-2024 12:30:27 - INFO - Setting Chmaber Zones to a= 0.0, b= 0.0, c= 0.0, d= 0.0 request successfully sent.
30-10-2024 12:30:27 - INFO - Response from moonraker: {'result': 'ok'}
30-10-2024 12:30:27 - INFO - Setting Chmaber Zones to a= 0.0, b= 0.0, c= 0.0, d= 0.0 Request successfully executed.
30-10-2024 12:30:27 - INFO - Sending request to Setting Chmaber Zones to a= 0.0, b= 0.0, c= 0.0, d= 0.0 with timeout of 5s...
30-10-2024 12:30:27 - INFO - Setting Chmaber Zones to a= 0.0, b= 0.0, c= 0.0, d= 0.0 request successfully sent.
30-10-2024 12:30:27 - INFO - Response from moonraker: {'result': 'ok'}
30-10-2024 12:30:27 - INFO - Setting Chmaber Zones to a= 0.0, b= 0.0, c= 0.0, d= 0.0 Request successfully executed.
30-10-2024 12:30:27 - INFO - Sending request to Setting Chmaber Zones to a= 0.0, b= 0.0, c= 0.0, d= 0.0 with timeout of 5s...
30-10-2024 12:30:27 - INFO - Setting Chmaber Zones to a= 0.0, b= 0.0, c= 0.0, d= 0.0 request successfully sent.
30-10-2024 12:30:27 - INFO - Response from moonraker: {'result': 'ok'}
30-10-2024 12:30:27 - INFO - Setting Chmaber Zones to a= 0.0, b= 0.0, c= 0.0, d= 0.0 Request successfully executed.
30-10-2024 12:30:27 - INFO - Sending request to Setting Chmaber Zones to a= 0.0, b= 0.0, c= 0.0, d= 0.0 with timeout of 5s...
30-10-2024 12:30:27 - INFO - Setting Chmaber Zones to a= 0.0, b= 0.0, c= 0.0, d= 0.0 request successfully sent.
30-10-2024 12:30:27 - INFO - Response from moonraker: {'result': 'ok'}
30-10-2024 12:30:27 - INFO - Setting Chmaber Zones to a= 0.0, b= 0.0, c= 0.0, d= 0.0 Request successfully executed.
30-10-2024 12:30:27 - INFO - Sending request to Setting Chmaber Zones to a= 0.0, b= 0.0, c= 0.0, d= 0.0 with timeout of 5s...
30-10-2024 12:30:27 - INFO - Setting Chmaber Zones to a= 0.0, b= 0.0, c= 0.0, d= 0.0 request successfully sent.
30-10-2024 12:30:27 - INFO - Response from moonraker: {'result': 'ok'}
30-10-2024 12:30:27 - INFO - Setting Chmaber Zones to a= 0.0, b= 0.0, c= 0.0, d= 0.0 Request successfully executed.
30-10-2024 12:30:28 - INFO - Sending request to Setting Chmaber Zones to a= 0.0, b= 0.0, c= 0.0, d= 0.0 with timeout of 5s...
30-10-2024 12:30:28 - INFO - Setting Chmaber Zones to a= 0.0, b= 0.0, c= 0.0, d= 0.0 request successfully sent.
30-10-2024 12:30:28 - INFO - Response from moonraker: {'result': 'ok'}
30-10-2024 12:30:28 - INFO - Setting Chmaber Zones to a= 0.0, b= 0.0, c= 0.0, d= 0.0 Request successfully executed.
30-10-2024 12:30:28 - INFO - Sending request to Setting Chmaber Zones to a= 0.0, b= 0.0, c= 0.0, d= 0.0 with timeout of 5s...
30-10-2024 12:30:28 - INFO - Setting Chmaber Zones to a= 0.0, b= 0.0, c= 0.0, d= 0.0 request successfully sent.
30-10-2024 12:30:28 - INFO - Response from moonraker: {'result': 'ok'}
30-10-2024 12:30:28 - INFO - Setting Chmaber Zones to a= 0.0, b= 0.0, c= 0.0, d= 0.0 Request successfully executed.
30-10-2024 12:30:28 - INFO - Sending request to Setting Chmaber Zones to a= 0.0, b= 0.0, c= 0.0, d= 0.0 with timeout of 5s...
30-10-2024 12:30:28 - INFO - Setting Chmaber Zones to a= 0.0, b= 0.0, c= 0.0, d= 0.0 request successfully sent.
30-10-2024 12:30:28 - INFO - Response from moonraker: {'result': 'ok'}
30-10-2024 12:30:28 - INFO - Setting Chmaber Zones to a= 0.0, b= 0.0, c= 0.0, d= 0.0 Request successfully executed.
30-10-2024 12:30:28 - INFO - Sending request to Setting Chmaber Zones to a= 0.0, b= 0.0, c= 0.0, d= 0.0 with timeout of 5s...
30-10-2024 12:30:28 - INFO - Setting Chmaber Zones to a= 0.0, b= 0.0, c= 0.0, d= 0.0 request successfully sent.
30-10-2024 12:30:28 - INFO - Response from moonraker: {'result': 'ok'}
30-10-2024 12:30:28 - INFO - Setting Chmaber Zones to a= 0.0, b= 0.0, c= 0.0, d= 0.0 Request successfully executed.
30-10-2024 12:30:28 - INFO - Sending request to Setting Chmaber Zones to a= 0.0, b= 0.0, c= 0.0, d= 0.0 with timeout of 5s...
30-10-2024 12:30:28 - INFO - Setting Chmaber Zones to a= 0.0, b= 0.0, c= 0.0, d= 0.0 request successfully sent.
30-10-2024 12:30:28 - INFO - Response from moonraker: {'result': 'ok'}
30-10-2024 12:30:28 - INFO - Setting Chmaber Zones to a= 0.0, b= 0.0, c= 0.0, d= 0.0 Request successfully executed.
30-10-2024 12:30:29 - INFO - Sending request to Setting Chmaber Zones to a= 0.0, b= 0.0, c= 0.0, d= 0.0 with timeout of 5s...
30-10-2024 12:30:29 - INFO - Setting Chmaber Zones to a= 0.0, b= 0.0, c= 0.0, d= 0.0 request successfully sent.
30-10-2024 12:30:29 - INFO - Response from moonraker: {'result': 'ok'}
30-10-2024 12:30:29 - INFO - Setting Chmaber Zones to a= 0.0, b= 0.0, c= 0.0, d= 0.0 Request successfully executed.
30-10-2024 12:30:29 - INFO - Sending request to Setting Chmaber Zones to a= 0.0, b= 0.0, c= 0.0, d= 0.0 with timeout of 5s...
30-10-2024 12:30:29 - INFO - Setting Chmaber Zones to a= 0.0, b= 0.0, c= 0.0, d= 0.0 request successfully sent.
30-10-2024 12:30:29 - INFO - Response from moonraker: {'result': 'ok'}
30-10-2024 12:30:29 - INFO - Setting Chmaber Zones to a= 0.0, b= 0.0, c= 0.0, d= 0.0 Request successfully executed.
30-10-2024 12:30:29 - INFO - Sending request to Setting Chmaber Zones to a= 0.0, b= 0.0, c= 0.0, d= 0.0 with timeout of 5s...
30-10-2024 12:30:29 - INFO - Setting Chmaber Zones to a= 0.0, b= 0.0, c= 0.0, d= 0.0 request successfully sent.
30-10-2024 12:30:29 - INFO - Response from moonraker: {'result': 'ok'}
30-10-2024 12:30:29 - INFO - Setting Chmaber Zones to a= 0.0, b= 0.0, c= 0.0, d= 0.0 Request successfully executed.
30-10-2024 12:30:29 - INFO - Sending request to Setting Chmaber Zones to a= 0.0, b= 0.0, c= 0.0, d= 0.0 with timeout of 5s...
30-10-2024 12:30:29 - INFO - Setting Chmaber Zones to a= 0.0, b= 0.0, c= 0.0, d= 0.0 request successfully sent.
30-10-2024 12:30:29 - INFO - Response from moonraker: {'result': 'ok'}
30-10-2024 12:30:29 - INFO - Setting Chmaber Zones to a= 0.0, b= 0.0, c= 0.0, d= 0.0 Request successfully executed.
30-10-2024 12:30:29 - INFO - Sending request to Setting Chmaber Zones to a= 0.0, b= 0.0, c= 0.0, d= 0.0 with timeout of 5s...
30-10-2024 12:30:30 - INFO - Setting Chmaber Zones to a= 0.0, b= 0.0, c= 0.0, d= 0.0 request successfully sent.
30-10-2024 12:30:30 - INFO - Response from moonraker: {'result': 'ok'}
30-10-2024 12:30:30 - INFO - Setting Chmaber Zones to a= 0.0, b= 0.0, c= 0.0, d= 0.0 Request successfully executed.
30-10-2024 12:30:30 - INFO - Sending request to Setting Chmaber Zones to a= 0.0, b= 0.0, c= 0.0, d= 0.0 with timeout of 5s...
30-10-2024 12:30:30 - INFO - Setting Chmaber Zones to a= 0.0, b= 0.0, c= 0.0, d= 0.0 request successfully sent.
30-10-2024 12:30:30 - INFO - Response from moonraker: {'result': 'ok'}
30-10-2024 12:30:30 - INFO - Setting Chmaber Zones to a= 0.0, b= 0.0, c= 0.0, d= 0.0 Request successfully executed.
30-10-2024 12:30:30 - INFO - Sending request to Setting Chmaber Zones to a= 0.0, b= 0.0, c= 0.0, d= 0.0 with timeout of 5s...
30-10-2024 12:30:30 - INFO - Setting Chmaber Zones to a= 0.0, b= 0.0, c= 0.0, d= 0.0 request successfully sent.
30-10-2024 12:30:30 - INFO - Response from moonraker: {'result': 'ok'}
30-10-2024 12:30:30 - INFO - Setting Chmaber Zones to a= 0.0, b= 0.0, c= 0.0, d= 0.0 Request successfully executed.
30-10-2024 12:30:30 - INFO - Sending request to Setting Chmaber Zones to a= 0.0, b= 0.0, c= 0.0, d= 0.0 with timeout of 5s...
30-10-2024 12:30:30 - INFO - Setting Chmaber Zones to a= 0.0, b= 0.0, c= 0.0, d= 0.0 request successfully sent.
30-10-2024 12:30:30 - INFO - Response from moonraker: {'result': 'ok'}
30-10-2024 12:30:30 - INFO - Setting Chmaber Zones to a= 0.0, b= 0.0, c= 0.0, d= 0.0 Request successfully executed.
30-10-2024 12:30:30 - INFO - Sending request to Setting Chmaber Zones to a= 0.0, b= 0.0, c= 0.0, d= 0.0 with timeout of 5s...
30-10-2024 12:30:30 - INFO - Setting Chmaber Zones to a= 0.0, b= 0.0, c= 0.0, d= 0.0 request successfully sent.
30-10-2024 12:30:30 - INFO - Response from moonraker: {'result': 'ok'}
30-10-2024 12:30:30 - INFO - Setting Chmaber Zones to a= 0.0, b= 0.0, c= 0.0, d= 0.0 Request successfully executed.
30-10-2024 12:30:30 - INFO - Sending request to Setting Chmaber Zones to a= 0.0, b= 0.0, c= 0.0, d= 0.0 with timeout of 5s...
30-10-2024 12:30:30 - INFO - Setting Chmaber Zones to a= 0.0, b= 0.0, c= 0.0, d= 0.0 request successfully sent.
30-10-2024 12:30:30 - INFO - Response from moonraker: {'result': 'ok'}
30-10-2024 12:30:30 - INFO - Setting Chmaber Zones to a= 0.0, b= 0.0, c= 0.0, d= 0.0 Request successfully executed.
30-10-2024 12:30:31 - INFO - Sending request to Setting Chmaber Zones to a= 0.0, b= 0.0, c= 0.0, d= 0.0 with timeout of 5s...
30-10-2024 12:30:31 - INFO - Setting Chmaber Zones to a= 0.0, b= 0.0, c= 0.0, d= 0.0 request successfully sent.
30-10-2024 12:30:31 - INFO - Response from moonraker: {'result': 'ok'}
30-10-2024 12:30:31 - INFO - Setting Chmaber Zones to a= 0.0, b= 0.0, c= 0.0, d= 0.0 Request successfully executed.
30-10-2024 12:30:31 - INFO - Sending request to Setting Chmaber Zones to a= 0.0, b= 0.0, c= 0.0, d= 0.0 with timeout of 5s...
30-10-2024 12:30:31 - INFO - Setting Chmaber Zones to a= 0.0, b= 0.0, c= 0.0, d= 0.0 request successfully sent.
30-10-2024 12:30:31 - INFO - Response from moonraker: {'result': 'ok'}
30-10-2024 12:30:31 - INFO - Setting Chmaber Zones to a= 0.0, b= 0.0, c= 0.0, d= 0.0 Request successfully executed.
30-10-2024 12:30:31 - INFO - Sending request to Setting Chmaber Zones to a= 0.0, b= 0.0, c= 0.0, d= 0.0 with timeout of 5s...
30-10-2024 12:30:31 - INFO - Setting Chmaber Zones to a= 0.0, b= 0.0, c= 0.0, d= 0.0 request successfully sent.
30-10-2024 12:30:31 - INFO - Response from moonraker: {'result': 'ok'}
30-10-2024 12:30:31 - INFO - Setting Chmaber Zones to a= 0.0, b= 0.0, c= 0.0, d= 0.0 Request successfully executed.
30-10-2024 12:30:31 - INFO - Sending request to Setting Chmaber Zones to a= 0.0, b= 0.0, c= 0.0, d= 0.0 with timeout of 5s...
30-10-2024 12:30:31 - INFO - Setting Chmaber Zones to a= 0.0, b= 0.0, c= 0.0, d= 0.0 request successfully sent.
30-10-2024 12:30:31 - INFO - Response from moonraker: {'result': 'ok'}
30-10-2024 12:30:31 - INFO - Setting Chmaber Zones to a= 0.0, b= 0.0, c= 0.0, d= 0.0 Request successfully executed.
30-10-2024 12:30:31 - INFO - Sending request to Setting Chmaber Zones to a= 0.0, b= 0.0, c= 0.0, d= 0.0 with timeout of 5s...
30-10-2024 12:30:32 - INFO - Setting Chmaber Zones to a= 0.0, b= 0.0, c= 0.0, d= 0.0 request successfully sent.
30-10-2024 12:30:32 - INFO - Response from moonraker: {'result': 'ok'}
30-10-2024 12:30:32 - INFO - Setting Chmaber Zones to a= 0.0, b= 0.0, c= 0.0, d= 0.0 Request successfully executed.
30-10-2024 12:30:32 - INFO - Sending request to Setting Chmaber Zones to a= 0.0, b= 0.0, c= 0.0, d= 0.0 with timeout of 5s...
30-10-2024 12:30:32 - INFO - Setting Chmaber Zones to a= 0.0, b= 0.0, c= 0.0, d= 0.0 request successfully sent.
30-10-2024 12:30:32 - INFO - Response from moonraker: {'result': 'ok'}
30-10-2024 12:30:32 - INFO - Setting Chmaber Zones to a= 0.0, b= 0.0, c= 0.0, d= 0.0 Request successfully executed.
30-10-2024 12:30:32 - INFO - Sending request to Setting Chmaber Zones to a= 0.0, b= 0.0, c= 0.0, d= 0.0 with timeout of 5s...
30-10-2024 12:30:32 - INFO - Setting Chmaber Zones to a= 0.0, b= 0.0, c= 0.0, d= 0.0 request successfully sent.
30-10-2024 12:30:32 - INFO - Response from moonraker: {'result': 'ok'}
30-10-2024 12:30:32 - INFO - Setting Chmaber Zones to a= 0.0, b= 0.0, c= 0.0, d= 0.0 Request successfully executed.
30-10-2024 12:30:32 - INFO - Sending request to Setting Chmaber Zones to a= 0.0, b= 0.0, c= 0.0, d= 0.0 with timeout of 5s...
30-10-2024 12:30:32 - INFO - Setting Chmaber Zones to a= 0.0, b= 0.0, c= 0.0, d= 0.0 request successfully sent.
30-10-2024 12:30:32 - INFO - Response from moonraker: {'result': 'ok'}
30-10-2024 12:30:32 - INFO - Setting Chmaber Zones to a= 0.0, b= 0.0, c= 0.0, d= 0.0 Request successfully executed.
30-10-2024 12:30:32 - INFO - Sending request to Setting Chmaber Zones to a= 0.0, b= 0.0, c= 0.0, d= 0.0 with timeout of 5s...
30-10-2024 12:30:32 - INFO - Setting Chmaber Zones to a= 0.0, b= 0.0, c= 0.0, d= 0.0 request successfully sent.
30-10-2024 12:30:32 - INFO - Response from moonraker: {'result': 'ok'}
30-10-2024 12:30:32 - INFO - Setting Chmaber Zones to a= 0.0, b= 0.0, c= 0.0, d= 0.0 Request successfully executed.
30-10-2024 12:30:32 - INFO - Sending request to Setting Chmaber Zones to a= 0.0, b= 0.0, c= 0.0, d= 0.0 with timeout of 5s...
30-10-2024 12:30:33 - INFO - Setting Chmaber Zones to a= 0.0, b= 0.0, c= 0.0, d= 0.0 request successfully sent.
30-10-2024 12:30:33 - INFO - Response from moonraker: {'result': 'ok'}
30-10-2024 12:30:33 - INFO - Setting Chmaber Zones to a= 0.0, b= 0.0, c= 0.0, d= 0.0 Request successfully executed.
30-10-2024 12:30:33 - INFO - Sending request to Setting Chmaber Zones to a= 0.0, b= 0.0, c= 0.0, d= 0.0 with timeout of 5s...
30-10-2024 12:30:33 - INFO - Setting Chmaber Zones to a= 0.0, b= 0.0, c= 0.0, d= 0.0 request successfully sent.
30-10-2024 12:30:33 - INFO - Response from moonraker: {'result': 'ok'}
30-10-2024 12:30:33 - INFO - Setting Chmaber Zones to a= 0.0, b= 0.0, c= 0.0, d= 0.0 Request successfully executed.
30-10-2024 12:30:33 - INFO - Sending request to Setting Chmaber Zones to a= 0.0, b= 0.0, c= 0.0, d= 0.0 with timeout of 5s...
30-10-2024 12:30:33 - INFO - Setting Chmaber Zones to a= 0.0, b= 0.0, c= 0.0, d= 0.0 request successfully sent.
30-10-2024 12:30:33 - INFO - Response from moonraker: {'result': 'ok'}
30-10-2024 12:30:33 - INFO - Setting Chmaber Zones to a= 0.0, b= 0.0, c= 0.0, d= 0.0 Request successfully executed.
30-10-2024 12:30:33 - INFO - Sending request to Setting Chmaber Zones to a= 0.0, b= 0.0, c= 0.0, d= 0.0 with timeout of 5s...
30-10-2024 12:30:33 - INFO - Setting Chmaber Zones to a= 0.0, b= 0.0, c= 0.0, d= 0.0 request successfully sent.
30-10-2024 12:30:33 - INFO - Response from moonraker: {'result': 'ok'}
30-10-2024 12:30:33 - INFO - Setting Chmaber Zones to a= 0.0, b= 0.0, c= 0.0, d= 0.0 Request successfully executed.
30-10-2024 12:30:33 - INFO - Sending request to Setting Chmaber Zones to a= 0.0, b= 0.0, c= 0.0, d= 0.0 with timeout of 5s...
30-10-2024 12:30:33 - INFO - Setting Chmaber Zones to a= 0.0, b= 0.0, c= 0.0, d= 0.0 request successfully sent.
30-10-2024 12:30:33 - INFO - Response from moonraker: {'result': 'ok'}
30-10-2024 12:30:33 - INFO - Setting Chmaber Zones to a= 0.0, b= 0.0, c= 0.0, d= 0.0 Request successfully executed.
30-10-2024 12:30:34 - INFO - Sending request to Setting Chmaber Zones to a= 0.0, b= 0.0, c= 0.0, d= 0.0 with timeout of 5s...
30-10-2024 12:30:34 - INFO - Setting Chmaber Zones to a= 0.0, b= 0.0, c= 0.0, d= 0.0 request successfully sent.
30-10-2024 12:30:34 - INFO - Response from moonraker: {'result': 'ok'}
30-10-2024 12:30:34 - INFO - Setting Chmaber Zones to a= 0.0, b= 0.0, c= 0.0, d= 0.0 Request successfully executed.
30-10-2024 12:30:34 - INFO - Sending request to Setting Chmaber Zones to a= 0.0, b= 0.0, c= 0.0, d= 0.0 with timeout of 5s...
30-10-2024 12:30:34 - INFO - Setting Chmaber Zones to a= 0.0, b= 0.0, c= 0.0, d= 0.0 request successfully sent.
30-10-2024 12:30:34 - INFO - Response from moonraker: {'result': 'ok'}
30-10-2024 12:30:34 - INFO - Setting Chmaber Zones to a= 0.0, b= 0.0, c= 0.0, d= 0.0 Request successfully executed.
30-10-2024 12:30:34 - INFO - Sending request to Setting Chmaber Zones to a= 0.0, b= 0.0, c= 0.0, d= 0.0 with timeout of 5s...
30-10-2024 12:30:34 - INFO - Setting Chmaber Zones to a= 0.0, b= 0.0, c= 0.0, d= 0.0 request successfully sent.
30-10-2024 12:30:34 - INFO - Response from moonraker: {'result': 'ok'}
30-10-2024 12:30:34 - INFO - Setting Chmaber Zones to a= 0.0, b= 0.0, c= 0.0, d= 0.0 Request successfully executed.
30-10-2024 12:30:34 - INFO - Sending request to Setting Chmaber Zones to a= 0.0, b= 0.0, c= 0.0, d= 0.0 with timeout of 5s...
30-10-2024 12:30:34 - INFO - Setting Chmaber Zones to a= 0.0, b= 0.0, c= 0.0, d= 0.0 request successfully sent.
30-10-2024 12:30:34 - INFO - Response from moonraker: {'result': 'ok'}
30-10-2024 12:30:34 - INFO - Setting Chmaber Zones to a= 0.0, b= 0.0, c= 0.0, d= 0.0 Request successfully executed.
30-10-2024 12:30:34 - INFO - Sending request to Setting Chmaber Zones to a= 0.0, b= 0.0, c= 0.0, d= 0.0 with timeout of 5s...
30-10-2024 12:30:34 - INFO - Setting Chmaber Zones to a= 0.0, b= 0.0, c= 0.0, d= 0.0 request successfully sent.
30-10-2024 12:30:34 - INFO - Response from moonraker: {'result': 'ok'}
30-10-2024 12:30:34 - INFO - Setting Chmaber Zones to a= 0.0, b= 0.0, c= 0.0, d= 0.0 Request successfully executed.
30-10-2024 12:30:35 - INFO - Sending request to Setting Chmaber Zones to a= 0.0, b= 0.0, c= 0.0, d= 0.0 with timeout of 5s...
30-10-2024 12:30:35 - INFO - Setting Chmaber Zones to a= 0.0, b= 0.0, c= 0.0, d= 0.0 request successfully sent.
30-10-2024 12:30:35 - INFO - Response from moonraker: {'result': 'ok'}
30-10-2024 12:30:35 - INFO - Setting Chmaber Zones to a= 0.0, b= 0.0, c= 0.0, d= 0.0 Request successfully executed.
30-10-2024 12:30:35 - INFO - Sending request to Setting Chmaber Zones to a= 0.0, b= 0.0, c= 0.0, d= 0.0 with timeout of 5s...
30-10-2024 12:30:35 - INFO - Setting Chmaber Zones to a= 0.0, b= 0.0, c= 0.0, d= 0.0 request successfully sent.
30-10-2024 12:30:35 - INFO - Response from moonraker: {'result': 'ok'}
30-10-2024 12:30:35 - INFO - Setting Chmaber Zones to a= 0.0, b= 0.0, c= 0.0, d= 0.0 Request successfully executed.
30-10-2024 12:30:35 - INFO - Sending request to Setting Chmaber Zones to a= 0.0, b= 0.0, c= 0.0, d= 0.0 with timeout of 5s...
30-10-2024 12:30:35 - INFO - Setting Chmaber Zones to a= 0.0, b= 0.0, c= 0.0, d= 0.0 request successfully sent.
30-10-2024 12:30:35 - INFO - Response from moonraker: {'result': 'ok'}
30-10-2024 12:30:35 - INFO - Setting Chmaber Zones to a= 0.0, b= 0.0, c= 0.0, d= 0.0 Request successfully executed.
30-10-2024 12:30:35 - INFO - Sending request to Setting Chmaber Zones to a= 0.0, b= 0.0, c= 0.0, d= 0.0 with timeout of 5s...
30-10-2024 12:30:35 - INFO - Setting Chmaber Zones to a= 0.0, b= 0.0, c= 0.0, d= 0.0 request successfully sent.
30-10-2024 12:30:35 - INFO - Response from moonraker: {'result': 'ok'}
30-10-2024 12:30:35 - INFO - Setting Chmaber Zones to a= 0.0, b= 0.0, c= 0.0, d= 0.0 Request successfully executed.
30-10-2024 12:30:35 - INFO - Sending request to Setting Chmaber Zones to a= 0.0, b= 0.0, c= 0.0, d= 0.0 with timeout of 5s...
30-10-2024 12:30:35 - INFO - Setting Chmaber Zones to a= 0.0, b= 0.0, c= 0.0, d= 0.0 request successfully sent.
30-10-2024 12:30:35 - INFO - Response from moonraker: {'result': 'ok'}
30-10-2024 12:30:35 - INFO - Setting Chmaber Zones to a= 0.0, b= 0.0, c= 0.0, d= 0.0 Request successfully executed.
30-10-2024 12:30:36 - INFO - Sending request to Setting Chmaber Zones to a= 0.0, b= 0.0, c= 0.0, d= 0.0 with timeout of 5s...
30-10-2024 12:30:36 - INFO - Setting Chmaber Zones to a= 0.0, b= 0.0, c= 0.0, d= 0.0 request successfully sent.
30-10-2024 12:30:36 - INFO - Response from moonraker: {'result': 'ok'}
30-10-2024 12:30:36 - INFO - Setting Chmaber Zones to a= 0.0, b= 0.0, c= 0.0, d= 0.0 Request successfully executed.
30-10-2024 12:30:36 - INFO - Sending request to Setting Chmaber Zones to a= 0.0, b= 0.0, c= 0.0, d= 0.0 with timeout of 5s...
30-10-2024 12:30:36 - INFO - Setting Chmaber Zones to a= 0.0, b= 0.0, c= 0.0, d= 0.0 request successfully sent.
30-10-2024 12:30:36 - INFO - Response from moonraker: {'result': 'ok'}
30-10-2024 12:30:36 - INFO - Setting Chmaber Zones to a= 0.0, b= 0.0, c= 0.0, d= 0.0 Request successfully executed.
30-10-2024 12:30:36 - INFO - Sending request to Setting Chmaber Zones to a= 0.0, b= 0.0, c= 0.0, d= 0.0 with timeout of 5s...
30-10-2024 12:30:36 - INFO - Setting Chmaber Zones to a= 0.0, b= 0.0, c= 0.0, d= 0.0 request successfully sent.
30-10-2024 12:30:36 - INFO - Response from moonraker: {'result': 'ok'}
30-10-2024 12:30:36 - INFO - Setting Chmaber Zones to a= 0.0, b= 0.0, c= 0.0, d= 0.0 Request successfully executed.
30-10-2024 12:30:36 - INFO - Sending request to Setting Chmaber Zones to a= 0.0, b= 0.0, c= 0.0, d= 0.0 with timeout of 5s...
30-10-2024 12:30:36 - INFO - Setting Chmaber Zones to a= 0.0, b= 0.0, c= 0.0, d= 0.0 request successfully sent.
30-10-2024 12:30:36 - INFO - Response from moonraker: {'result': 'ok'}
30-10-2024 12:30:36 - INFO - Setting Chmaber Zones to a= 0.0, b= 0.0, c= 0.0, d= 0.0 Request successfully executed.
30-10-2024 12:30:36 - INFO - Sending request to Setting Chmaber Zones to a= 0.0, b= 0.0, c= 0.0, d= 0.0 with timeout of 5s...
30-10-2024 12:30:36 - INFO - Setting Chmaber Zones to a= 0.0, b= 0.0, c= 0.0, d= 0.0 request successfully sent.
30-10-2024 12:30:36 - INFO - Response from moonraker: {'result': 'ok'}
30-10-2024 12:30:36 - INFO - Setting Chmaber Zones to a= 0.0, b= 0.0, c= 0.0, d= 0.0 Request successfully executed.
30-10-2024 12:30:37 - INFO - Sending request to Setting Chmaber Zones to a= 0.0, b= 0.0, c= 0.0, d= 0.0 with timeout of 5s...
30-10-2024 12:30:37 - INFO - Setting Chmaber Zones to a= 0.0, b= 0.0, c= 0.0, d= 0.0 request successfully sent.
30-10-2024 12:30:37 - INFO - Response from moonraker: {'result': 'ok'}
30-10-2024 12:30:37 - INFO - Setting Chmaber Zones to a= 0.0, b= 0.0, c= 0.0, d= 0.0 Request successfully executed.
30-10-2024 12:30:37 - INFO - Sending request to Setting Chmaber Zones to a= 0.0, b= 0.0, c= 0.0, d= 0.0 with timeout of 5s...
30-10-2024 12:30:37 - INFO - Setting Chmaber Zones to a= 0.0, b= 0.0, c= 0.0, d= 0.0 request successfully sent.
30-10-2024 12:30:37 - INFO - Response from moonraker: {'result': 'ok'}
30-10-2024 12:30:37 - INFO - Setting Chmaber Zones to a= 0.0, b= 0.0, c= 0.0, d= 0.0 Request successfully executed.
30-10-2024 12:30:37 - INFO - Sending request to Setting Chmaber Zones to a= 0.0, b= 0.0, c= 0.0, d= 0.0 with timeout of 5s...
30-10-2024 12:30:37 - INFO - Setting Chmaber Zones to a= 0.0, b= 0.0, c= 0.0, d= 0.0 request successfully sent.
30-10-2024 12:30:37 - INFO - Response from moonraker: {'result': 'ok'}
30-10-2024 12:30:37 - INFO - Setting Chmaber Zones to a= 0.0, b= 0.0, c= 0.0, d= 0.0 Request successfully executed.
30-10-2024 12:30:37 - INFO - Sending request to Setting Chmaber Zones to a= 0.0, b= 0.0, c= 0.0, d= 0.0 with timeout of 5s...
30-10-2024 12:30:37 - INFO - Setting Chmaber Zones to a= 0.0, b= 0.0, c= 0.0, d= 0.0 request successfully sent.
30-10-2024 12:30:37 - INFO - Response from moonraker: {'result': 'ok'}
30-10-2024 12:30:37 - INFO - Setting Chmaber Zones to a= 0.0, b= 0.0, c= 0.0, d= 0.0 Request successfully executed.
30-10-2024 12:30:37 - INFO - Sending request to Setting Chmaber Zones to a= 0.0, b= 0.0, c= 0.0, d= 0.0 with timeout of 5s...
30-10-2024 12:30:37 - INFO - Setting Chmaber Zones to a= 0.0, b= 0.0, c= 0.0, d= 0.0 request successfully sent.
30-10-2024 12:30:37 - INFO - Response from moonraker: {'result': 'ok'}
30-10-2024 12:30:37 - INFO - Setting Chmaber Zones to a= 0.0, b= 0.0, c= 0.0, d= 0.0 Request successfully executed.
30-10-2024 12:30:38 - INFO - Sending request to Setting Chmaber Zones to a= 0.0, b= 0.0, c= 0.0, d= 0.0 with timeout of 5s...
30-10-2024 12:30:38 - INFO - Setting Chmaber Zones to a= 0.0, b= 0.0, c= 0.0, d= 0.0 request successfully sent.
30-10-2024 12:30:38 - INFO - Response from moonraker: {'result': 'ok'}
30-10-2024 12:30:38 - INFO - Setting Chmaber Zones to a= 0.0, b= 0.0, c= 0.0, d= 0.0 Request successfully executed.
30-10-2024 12:30:38 - INFO - Sending request to Setting Chmaber Zones to a= 0.0, b= 0.0, c= 0.0, d= 0.0 with timeout of 5s...
30-10-2024 12:30:38 - INFO - Setting Chmaber Zones to a= 0.0, b= 0.0, c= 0.0, d= 0.0 request successfully sent.
30-10-2024 12:30:38 - INFO - Response from moonraker: {'result': 'ok'}
30-10-2024 12:30:38 - INFO - Setting Chmaber Zones to a= 0.0, b= 0.0, c= 0.0, d= 0.0 Request successfully executed.
30-10-2024 12:30:38 - INFO - Sending request to Setting Chmaber Zones to a= 0.0, b= 0.0, c= 0.0, d= 0.0 with timeout of 5s...
30-10-2024 12:30:38 - INFO - Setting Chmaber Zones to a= 0.0, b= 0.0, c= 0.0, d= 0.0 request successfully sent.
30-10-2024 12:30:38 - INFO - Response from moonraker: {'result': 'ok'}
30-10-2024 12:30:38 - INFO - Setting Chmaber Zones to a= 0.0, b= 0.0, c= 0.0, d= 0.0 Request successfully executed.
30-10-2024 12:30:38 - INFO - Sending request to Setting Chmaber Zones to a= 0.004977999999999897, b= 0.0012444999999999741, c= 0.004977999999999897, d= 0.0012444999999999741 with timeout of 5s...
30-10-2024 12:30:38 - INFO - Setting Chmaber Zones to a= 0.004977999999999897, b= 0.0012444999999999741, c= 0.004977999999999897, d= 0.0012444999999999741 request successfully sent.
30-10-2024 12:30:38 - INFO - Response from moonraker: {'result': 'ok'}
30-10-2024 12:30:38 - INFO - Setting Chmaber Zones to a= 0.004977999999999897, b= 0.0012444999999999741, c= 0.004977999999999897, d= 0.0012444999999999741 Request successfully executed.
30-10-2024 12:30:38 - INFO - Sending request to Setting Chmaber Zones to a= 0.0049599999999998985, b= 0.0012399999999999746, c= 0.0049599999999998985, d= 0.0012399999999999746 with timeout of 5s...
30-10-2024 12:30:38 - INFO - Setting Chmaber Zones to a= 0.0049599999999998985, b= 0.0012399999999999746, c= 0.0049599999999998985, d= 0.0012399999999999746 request successfully sent.
30-10-2024 12:30:38 - INFO - Response from moonraker: {'result': 'ok'}
30-10-2024 12:30:38 - INFO - Setting Chmaber Zones to a= 0.0049599999999998985, b= 0.0012399999999999746, c= 0.0049599999999998985, d= 0.0012399999999999746 Request successfully executed.
30-10-2024 12:30:39 - INFO - Sending request to Setting Chmaber Zones to a= 0.0049919999999998976, b= 0.0012479999999999744, c= 0.0049919999999998976, d= 0.0012479999999999744 with timeout of 5s...
30-10-2024 12:30:39 - INFO - Setting Chmaber Zones to a= 0.0049919999999998976, b= 0.0012479999999999744, c= 0.0049919999999998976, d= 0.0012479999999999744 request successfully sent.
30-10-2024 12:30:39 - INFO - Response from moonraker: {'result': 'ok'}
30-10-2024 12:30:39 - INFO - Setting Chmaber Zones to a= 0.0049919999999998976, b= 0.0012479999999999744, c= 0.0049919999999998976, d= 0.0012479999999999744 Request successfully executed.
30-10-2024 12:30:39 - INFO - Sending request to Setting Chmaber Zones to a= 0.005023999999999898, b= 0.0012559999999999746, c= 0.005023999999999898, d= 0.0012559999999999746 with timeout of 5s...
30-10-2024 12:30:39 - INFO - Setting Chmaber Zones to a= 0.005023999999999898, b= 0.0012559999999999746, c= 0.005023999999999898, d= 0.0012559999999999746 request successfully sent.
30-10-2024 12:30:39 - INFO - Response from moonraker: {'result': 'ok'}
30-10-2024 12:30:39 - INFO - Setting Chmaber Zones to a= 0.005023999999999898, b= 0.0012559999999999746, c= 0.005023999999999898, d= 0.0012559999999999746 Request successfully executed.
30-10-2024 12:30:39 - INFO - Sending request to Setting Chmaber Zones to a= 0.005055999999999899, b= 0.0012639999999999748, c= 0.005055999999999899, d= 0.0012639999999999748 with timeout of 5s...
30-10-2024 12:30:39 - INFO - Setting Chmaber Zones to a= 0.005055999999999899, b= 0.0012639999999999748, c= 0.005055999999999899, d= 0.0012639999999999748 request successfully sent.
30-10-2024 12:30:39 - INFO - Response from moonraker: {'result': 'ok'}
30-10-2024 12:30:39 - INFO - Setting Chmaber Zones to a= 0.005055999999999899, b= 0.0012639999999999748, c= 0.005055999999999899, d= 0.0012639999999999748 Request successfully executed.
30-10-2024 12:30:39 - INFO - Sending request to Setting Chmaber Zones to a= 0.005087999999999901, b= 0.0012719999999999752, c= 0.005087999999999901, d= 0.0012719999999999752 with timeout of 5s...
30-10-2024 12:30:39 - INFO - Setting Chmaber Zones to a= 0.005087999999999901, b= 0.0012719999999999752, c= 0.005087999999999901, d= 0.0012719999999999752 request successfully sent.
30-10-2024 12:30:39 - INFO - Response from moonraker: {'result': 'ok'}
30-10-2024 12:30:39 - INFO - Setting Chmaber Zones to a= 0.005087999999999901, b= 0.0012719999999999752, c= 0.005087999999999901, d= 0.0012719999999999752 Request successfully executed.
30-10-2024 12:30:39 - INFO - Sending request to Setting Chmaber Zones to a= 6.200000000000725e-05, b= 1.5500000000001813e-05, c= 6.200000000000725e-05, d= 1.5500000000001813e-05 with timeout of 5s...
30-10-2024 12:30:39 - INFO - Setting Chmaber Zones to a= 6.200000000000725e-05, b= 1.5500000000001813e-05, c= 6.200000000000725e-05, d= 1.5500000000001813e-05 request successfully sent.
30-10-2024 12:30:39 - INFO - Response from moonraker: {'result': 'ok'}
30-10-2024 12:30:39 - INFO - Setting Chmaber Zones to a= 6.200000000000725e-05, b= 1.5500000000001813e-05, c= 6.200000000000725e-05, d= 1.5500000000001813e-05 Request successfully executed.
30-10-2024 12:30:40 - INFO - Sending request to Setting Chmaber Zones to a= 0.0001360000000000059, b= 3.400000000000148e-05, c= 0.0001360000000000059, d= 3.400000000000148e-05 with timeout of 5s...
30-10-2024 12:30:40 - INFO - Setting Chmaber Zones to a= 0.0001360000000000059, b= 3.400000000000148e-05, c= 0.0001360000000000059, d= 3.400000000000148e-05 request successfully sent.
30-10-2024 12:30:40 - INFO - Response from moonraker: {'result': 'ok'}
30-10-2024 12:30:40 - INFO - Setting Chmaber Zones to a= 0.0001360000000000059, b= 3.400000000000148e-05, c= 0.0001360000000000059, d= 3.400000000000148e-05 Request successfully executed.
30-10-2024 12:30:40 - INFO - Sending request to Setting Chmaber Zones to a= 0.00016000000000000736, b= 4.000000000000184e-05, c= 0.00016000000000000736, d= 4.000000000000184e-05 with timeout of 5s...
30-10-2024 12:30:40 - INFO - Setting Chmaber Zones to a= 0.00016000000000000736, b= 4.000000000000184e-05, c= 0.00016000000000000736, d= 4.000000000000184e-05 request successfully sent.
30-10-2024 12:30:40 - INFO - Response from moonraker: {'result': 'ok'}
30-10-2024 12:30:40 - INFO - Setting Chmaber Zones to a= 0.00016000000000000736, b= 4.000000000000184e-05, c= 0.00016000000000000736, d= 4.000000000000184e-05 Request successfully executed.
30-10-2024 12:30:40 - INFO - Sending request to Setting Chmaber Zones to a= 0.0, b= 0.0, c= 0.0, d= 0.0 with timeout of 5s...
30-10-2024 12:30:40 - INFO - Setting Chmaber Zones to a= 0.0, b= 0.0, c= 0.0, d= 0.0 request successfully sent.
30-10-2024 12:30:40 - INFO - Response from moonraker: {'result': 'ok'}
30-10-2024 12:30:40 - INFO - Setting Chmaber Zones to a= 0.0, b= 0.0, c= 0.0, d= 0.0 Request successfully executed.
30-10-2024 12:30:40 - INFO - Sending request to Setting Chmaber Zones to a= 0.0, b= 0.0, c= 0.0, d= 0.0 with timeout of 5s...
30-10-2024 12:30:40 - INFO - Setting Chmaber Zones to a= 0.0, b= 0.0, c= 0.0, d= 0.0 request successfully sent.
30-10-2024 12:30:40 - INFO - Response from moonraker: {'result': 'ok'}
30-10-2024 12:30:40 - INFO - Setting Chmaber Zones to a= 0.0, b= 0.0, c= 0.0, d= 0.0 Request successfully executed.
30-10-2024 12:30:40 - INFO - Sending request to Setting Chmaber Zones to a= 0.0, b= 0.0, c= 0.0, d= 0.0 with timeout of 5s...
30-10-2024 12:30:40 - INFO - Setting Chmaber Zones to a= 0.0, b= 0.0, c= 0.0, d= 0.0 request successfully sent.
30-10-2024 12:30:40 - INFO - Response from moonraker: {'result': 'ok'}
30-10-2024 12:30:40 - INFO - Setting Chmaber Zones to a= 0.0, b= 0.0, c= 0.0, d= 0.0 Request successfully executed.
30-10-2024 12:30:41 - INFO - Sending request to Setting Chmaber Zones to a= 0.0, b= 0.0, c= 0.0, d= 0.0 with timeout of 5s...
30-10-2024 12:30:41 - INFO - Setting Chmaber Zones to a= 0.0, b= 0.0, c= 0.0, d= 0.0 request successfully sent.
30-10-2024 12:30:41 - INFO - Response from moonraker: {'result': 'ok'}
30-10-2024 12:30:41 - INFO - Setting Chmaber Zones to a= 0.0, b= 0.0, c= 0.0, d= 0.0 Request successfully executed.
30-10-2024 12:30:41 - INFO - Sending request to Setting Chmaber Zones to a= 0.0, b= 0.0, c= 0.0, d= 0.0 with timeout of 5s...
30-10-2024 12:30:41 - INFO - Setting Chmaber Zones to a= 0.0, b= 0.0, c= 0.0, d= 0.0 request successfully sent.
30-10-2024 12:30:41 - INFO - Response from moonraker: {'result': 'ok'}
30-10-2024 12:30:41 - INFO - Setting Chmaber Zones to a= 0.0, b= 0.0, c= 0.0, d= 0.0 Request successfully executed.
30-10-2024 12:30:41 - INFO - Sending request to Setting Chmaber Zones to a= 0.0, b= 0.0, c= 0.0, d= 0.0 with timeout of 5s...
30-10-2024 12:30:41 - INFO - Setting Chmaber Zones to a= 0.0, b= 0.0, c= 0.0, d= 0.0 request successfully sent.
30-10-2024 12:30:41 - INFO - Response from moonraker: {'result': 'ok'}
30-10-2024 12:30:41 - INFO - Setting Chmaber Zones to a= 0.0, b= 0.0, c= 0.0, d= 0.0 Request successfully executed.
30-10-2024 12:30:41 - INFO - Sending request to Setting Chmaber Zones to a= 0.0, b= 0.0, c= 0.0, d= 0.0 with timeout of 5s...
30-10-2024 12:30:41 - INFO - Setting Chmaber Zones to a= 0.0, b= 0.0, c= 0.0, d= 0.0 request successfully sent.
30-10-2024 12:30:41 - INFO - Response from moonraker: {'result': 'ok'}
30-10-2024 12:30:41 - INFO - Setting Chmaber Zones to a= 0.0, b= 0.0, c= 0.0, d= 0.0 Request successfully executed.
30-10-2024 12:30:41 - INFO - Sending request to Setting Chmaber Zones to a= 0.0, b= 0.0, c= 0.0, d= 0.0 with timeout of 5s...
30-10-2024 12:30:41 - INFO - Setting Chmaber Zones to a= 0.0, b= 0.0, c= 0.0, d= 0.0 request successfully sent.
30-10-2024 12:30:41 - INFO - Response from moonraker: {'result': 'ok'}
30-10-2024 12:30:41 - INFO - Setting Chmaber Zones to a= 0.0, b= 0.0, c= 0.0, d= 0.0 Request successfully executed.
30-10-2024 12:30:42 - INFO - Sending request to Setting Chmaber Zones to a= 0.0, b= 0.0, c= 0.0, d= 0.0 with timeout of 5s...
30-10-2024 12:30:42 - INFO - Setting Chmaber Zones to a= 0.0, b= 0.0, c= 0.0, d= 0.0 request successfully sent.
30-10-2024 12:30:42 - INFO - Response from moonraker: {'result': 'ok'}
30-10-2024 12:30:42 - INFO - Setting Chmaber Zones to a= 0.0, b= 0.0, c= 0.0, d= 0.0 Request successfully executed.
30-10-2024 12:30:42 - INFO - Sending request to Setting Chmaber Zones to a= 0.0, b= 0.0, c= 0.0, d= 0.0 with timeout of 5s...
30-10-2024 12:30:42 - INFO - Setting Chmaber Zones to a= 0.0, b= 0.0, c= 0.0, d= 0.0 request successfully sent.
30-10-2024 12:30:42 - INFO - Response from moonraker: {'result': 'ok'}
30-10-2024 12:30:42 - INFO - Setting Chmaber Zones to a= 0.0, b= 0.0, c= 0.0, d= 0.0 Request successfully executed.
30-10-2024 12:30:42 - INFO - Sending request to Setting Chmaber Zones to a= 0.0, b= 0.0, c= 0.0, d= 0.0 with timeout of 5s...
30-10-2024 12:30:42 - INFO - Setting Chmaber Zones to a= 0.0, b= 0.0, c= 0.0, d= 0.0 request successfully sent.
30-10-2024 12:30:42 - INFO - Response from moonraker: {'result': 'ok'}
30-10-2024 12:30:42 - INFO - Setting Chmaber Zones to a= 0.0, b= 0.0, c= 0.0, d= 0.0 Request successfully executed.
30-10-2024 12:30:42 - INFO - Sending request to Setting Chmaber Zones to a= 0.0, b= 0.0, c= 0.0, d= 0.0 with timeout of 5s...
30-10-2024 12:30:42 - INFO - Setting Chmaber Zones to a= 0.0, b= 0.0, c= 0.0, d= 0.0 request successfully sent.
30-10-2024 12:30:42 - INFO - Response from moonraker: {'result': 'ok'}
30-10-2024 12:30:42 - INFO - Setting Chmaber Zones to a= 0.0, b= 0.0, c= 0.0, d= 0.0 Request successfully executed.
30-10-2024 12:30:42 - INFO - Sending request to Setting Chmaber Zones to a= 0.0, b= 0.0, c= 0.0, d= 0.0 with timeout of 5s...
30-10-2024 12:30:42 - INFO - Setting Chmaber Zones to a= 0.0, b= 0.0, c= 0.0, d= 0.0 request successfully sent.
30-10-2024 12:30:42 - INFO - Response from moonraker: {'result': 'ok'}
30-10-2024 12:30:42 - INFO - Setting Chmaber Zones to a= 0.0, b= 0.0, c= 0.0, d= 0.0 Request successfully executed.
30-10-2024 12:30:43 - INFO - Sending request to Setting Chmaber Zones to a= 0.0, b= 0.0, c= 0.0, d= 0.0 with timeout of 5s...
30-10-2024 12:30:43 - INFO - Setting Chmaber Zones to a= 0.0, b= 0.0, c= 0.0, d= 0.0 request successfully sent.
30-10-2024 12:30:43 - INFO - Response from moonraker: {'result': 'ok'}
30-10-2024 12:30:43 - INFO - Setting Chmaber Zones to a= 0.0, b= 0.0, c= 0.0, d= 0.0 Request successfully executed.
30-10-2024 12:30:43 - INFO - Sending request to Setting Chmaber Zones to a= 0.0, b= 0.0, c= 0.0, d= 0.0 with timeout of 5s...
30-10-2024 12:30:43 - INFO - Setting Chmaber Zones to a= 0.0, b= 0.0, c= 0.0, d= 0.0 request successfully sent.
30-10-2024 12:30:43 - INFO - Response from moonraker: {'result': 'ok'}
30-10-2024 12:30:43 - INFO - Setting Chmaber Zones to a= 0.0, b= 0.0, c= 0.0, d= 0.0 Request successfully executed.
30-10-2024 12:30:43 - INFO - Sending request to Setting Chmaber Zones to a= 0.0, b= 0.0, c= 0.0, d= 0.0 with timeout of 5s...
30-10-2024 12:30:43 - INFO - Setting Chmaber Zones to a= 0.0, b= 0.0, c= 0.0, d= 0.0 request successfully sent.
30-10-2024 12:30:43 - INFO - Response from moonraker: {'result': 'ok'}
30-10-2024 12:30:43 - INFO - Setting Chmaber Zones to a= 0.0, b= 0.0, c= 0.0, d= 0.0 Request successfully executed.
30-10-2024 12:30:43 - INFO - Sending request to Setting Chmaber Zones to a= 0.0, b= 0.0, c= 0.0, d= 0.0 with timeout of 5s...
30-10-2024 12:30:43 - INFO - Setting Chmaber Zones to a= 0.0, b= 0.0, c= 0.0, d= 0.0 request successfully sent.
30-10-2024 12:30:43 - INFO - Response from moonraker: {'result': 'ok'}
30-10-2024 12:30:43 - INFO - Setting Chmaber Zones to a= 0.0, b= 0.0, c= 0.0, d= 0.0 Request successfully executed.
30-10-2024 12:30:43 - INFO - Sending request to Setting Chmaber Zones to a= 0.0, b= 0.0, c= 0.0, d= 0.0 with timeout of 5s...
30-10-2024 12:30:43 - INFO - Setting Chmaber Zones to a= 0.0, b= 0.0, c= 0.0, d= 0.0 request successfully sent.
30-10-2024 12:30:43 - INFO - Response from moonraker: {'result': 'ok'}
30-10-2024 12:30:43 - INFO - Setting Chmaber Zones to a= 0.0, b= 0.0, c= 0.0, d= 0.0 Request successfully executed.
30-10-2024 12:30:44 - INFO - Sending request to Setting Chmaber Zones to a= 0.0, b= 0.0, c= 0.0, d= 0.0 with timeout of 5s...
30-10-2024 12:30:44 - INFO - Setting Chmaber Zones to a= 0.0, b= 0.0, c= 0.0, d= 0.0 request successfully sent.
30-10-2024 12:30:44 - INFO - Response from moonraker: {'result': 'ok'}
30-10-2024 12:30:44 - INFO - Setting Chmaber Zones to a= 0.0, b= 0.0, c= 0.0, d= 0.0 Request successfully executed.
30-10-2024 12:30:44 - INFO - Sending request to Setting Chmaber Zones to a= 0.0, b= 0.0, c= 0.0, d= 0.0 with timeout of 5s...
30-10-2024 12:30:44 - INFO - Setting Chmaber Zones to a= 0.0, b= 0.0, c= 0.0, d= 0.0 request successfully sent.
30-10-2024 12:30:44 - INFO - Response from moonraker: {'result': 'ok'}
30-10-2024 12:30:44 - INFO - Setting Chmaber Zones to a= 0.0, b= 0.0, c= 0.0, d= 0.0 Request successfully executed.
30-10-2024 12:30:44 - INFO - Sending request to Setting Chmaber Zones to a= 0.0, b= 0.0, c= 0.0, d= 0.0 with timeout of 5s...
30-10-2024 12:30:44 - INFO - Setting Chmaber Zones to a= 0.0, b= 0.0, c= 0.0, d= 0.0 request successfully sent.
30-10-2024 12:30:44 - INFO - Response from moonraker: {'result': 'ok'}
30-10-2024 12:30:44 - INFO - Setting Chmaber Zones to a= 0.0, b= 0.0, c= 0.0, d= 0.0 Request successfully executed.
30-10-2024 12:30:44 - INFO - Sending request to Setting Chmaber Zones to a= 0.0, b= 0.0, c= 0.0, d= 0.0 with timeout of 5s...
30-10-2024 12:30:44 - INFO - Setting Chmaber Zones to a= 0.0, b= 0.0, c= 0.0, d= 0.0 request successfully sent.
30-10-2024 12:30:44 - INFO - Response from moonraker: {'result': 'ok'}
30-10-2024 12:30:44 - INFO - Setting Chmaber Zones to a= 0.0, b= 0.0, c= 0.0, d= 0.0 Request successfully executed.
30-10-2024 12:30:44 - INFO - Sending request to Setting Chmaber Zones to a= 0.0, b= 0.0, c= 0.0, d= 0.0 with timeout of 5s...
30-10-2024 12:30:44 - INFO - Setting Chmaber Zones to a= 0.0, b= 0.0, c= 0.0, d= 0.0 request successfully sent.
30-10-2024 12:30:44 - INFO - Response from moonraker: {'result': 'ok'}
30-10-2024 12:30:44 - INFO - Setting Chmaber Zones to a= 0.0, b= 0.0, c= 0.0, d= 0.0 Request successfully executed.
30-10-2024 12:30:45 - INFO - Sending request to Setting Chmaber Zones to a= 0.0, b= 0.0, c= 0.0, d= 0.0 with timeout of 5s...
30-10-2024 12:30:45 - INFO - Setting Chmaber Zones to a= 0.0, b= 0.0, c= 0.0, d= 0.0 request successfully sent.
30-10-2024 12:30:45 - INFO - Response from moonraker: {'result': 'ok'}
30-10-2024 12:30:45 - INFO - Setting Chmaber Zones to a= 0.0, b= 0.0, c= 0.0, d= 0.0 Request successfully executed.
30-10-2024 12:30:45 - INFO - Sending request to Setting Chmaber Zones to a= 0.0, b= 0.0, c= 0.0, d= 0.0 with timeout of 5s...
30-10-2024 12:30:45 - INFO - Setting Chmaber Zones to a= 0.0, b= 0.0, c= 0.0, d= 0.0 request successfully sent.
30-10-2024 12:30:45 - INFO - Response from moonraker: {'result': 'ok'}
30-10-2024 12:30:45 - INFO - Setting Chmaber Zones to a= 0.0, b= 0.0, c= 0.0, d= 0.0 Request successfully executed.
30-10-2024 12:30:45 - INFO - Sending request to Setting Chmaber Zones to a= 0.0, b= 0.0, c= 0.0, d= 0.0 with timeout of 5s...
30-10-2024 12:30:45 - INFO - Setting Chmaber Zones to a= 0.0, b= 0.0, c= 0.0, d= 0.0 request successfully sent.
30-10-2024 12:30:45 - INFO - Response from moonraker: {'result': 'ok'}
30-10-2024 12:30:45 - INFO - Setting Chmaber Zones to a= 0.0, b= 0.0, c= 0.0, d= 0.0 Request successfully executed.
30-10-2024 12:30:45 - INFO - Sending request to Setting Chmaber Zones to a= 0.0, b= 0.0, c= 0.0, d= 0.0 with timeout of 5s...
30-10-2024 12:30:45 - INFO - Setting Chmaber Zones to a= 0.0, b= 0.0, c= 0.0, d= 0.0 request successfully sent.
30-10-2024 12:30:45 - INFO - Response from moonraker: {'result': 'ok'}
30-10-2024 12:30:45 - INFO - Setting Chmaber Zones to a= 0.0, b= 0.0, c= 0.0, d= 0.0 Request successfully executed.
30-10-2024 12:30:45 - INFO - Sending request to Setting Chmaber Zones to a= 0.0, b= 0.0, c= 0.0, d= 0.0 with timeout of 5s...
30-10-2024 12:30:45 - INFO - Setting Chmaber Zones to a= 0.0, b= 0.0, c= 0.0, d= 0.0 request successfully sent.
30-10-2024 12:30:45 - INFO - Response from moonraker: {'result': 'ok'}
30-10-2024 12:30:45 - INFO - Setting Chmaber Zones to a= 0.0, b= 0.0, c= 0.0, d= 0.0 Request successfully executed.
30-10-2024 12:30:46 - INFO - Sending request to Setting Chmaber Zones to a= 0.0, b= 0.0, c= 0.0, d= 0.0 with timeout of 5s...
30-10-2024 12:30:46 - INFO - Setting Chmaber Zones to a= 0.0, b= 0.0, c= 0.0, d= 0.0 request successfully sent.
30-10-2024 12:30:46 - INFO - Response from moonraker: {'result': 'ok'}
30-10-2024 12:30:46 - INFO - Setting Chmaber Zones to a= 0.0, b= 0.0, c= 0.0, d= 0.0 Request successfully executed.
30-10-2024 12:30:46 - INFO - Sending request to Setting Chmaber Zones to a= 0.0, b= 0.0, c= 0.0, d= 0.0 with timeout of 5s...
30-10-2024 12:30:46 - INFO - Setting Chmaber Zones to a= 0.0, b= 0.0, c= 0.0, d= 0.0 request successfully sent.
30-10-2024 12:30:46 - INFO - Response from moonraker: {'result': 'ok'}
30-10-2024 12:30:46 - INFO - Setting Chmaber Zones to a= 0.0, b= 0.0, c= 0.0, d= 0.0 Request successfully executed.
30-10-2024 12:30:46 - INFO - Sending request to Setting Chmaber Zones to a= 0.0, b= 0.0, c= 0.0, d= 0.0 with timeout of 5s...
30-10-2024 12:30:46 - INFO - Setting Chmaber Zones to a= 0.0, b= 0.0, c= 0.0, d= 0.0 request successfully sent.
30-10-2024 12:30:46 - INFO - Response from moonraker: {'result': 'ok'}
30-10-2024 12:30:46 - INFO - Setting Chmaber Zones to a= 0.0, b= 0.0, c= 0.0, d= 0.0 Request successfully executed.
30-10-2024 12:30:46 - INFO - Sending request to Setting Chmaber Zones to a= 0.0, b= 0.0, c= 0.0, d= 0.0 with timeout of 5s...
30-10-2024 12:30:46 - INFO - Setting Chmaber Zones to a= 0.0, b= 0.0, c= 0.0, d= 0.0 request successfully sent.
30-10-2024 12:30:46 - INFO - Response from moonraker: {'result': 'ok'}
30-10-2024 12:30:46 - INFO - Setting Chmaber Zones to a= 0.0, b= 0.0, c= 0.0, d= 0.0 Request successfully executed.
30-10-2024 12:30:46 - INFO - Sending request to Setting Chmaber Zones to a= 0.0, b= 0.0, c= 0.0, d= 0.0 with timeout of 5s...
30-10-2024 12:30:46 - INFO - Setting Chmaber Zones to a= 0.0, b= 0.0, c= 0.0, d= 0.0 request successfully sent.
30-10-2024 12:30:46 - INFO - Response from moonraker: {'result': 'ok'}
30-10-2024 12:30:46 - INFO - Setting Chmaber Zones to a= 0.0, b= 0.0, c= 0.0, d= 0.0 Request successfully executed.
30-10-2024 12:30:47 - INFO - Sending request to Setting Chmaber Zones to a= 0.0, b= 0.0, c= 0.0, d= 0.0 with timeout of 5s...
30-10-2024 12:30:47 - INFO - Setting Chmaber Zones to a= 0.0, b= 0.0, c= 0.0, d= 0.0 request successfully sent.
30-10-2024 12:30:47 - INFO - Response from moonraker: {'result': 'ok'}
30-10-2024 12:30:47 - INFO - Setting Chmaber Zones to a= 0.0, b= 0.0, c= 0.0, d= 0.0 Request successfully executed.
30-10-2024 12:30:47 - INFO - Sending request to Setting Chmaber Zones to a= 0.0, b= 0.0, c= 0.0, d= 0.0 with timeout of 5s...
30-10-2024 12:30:47 - INFO - Setting Chmaber Zones to a= 0.0, b= 0.0, c= 0.0, d= 0.0 request successfully sent.
30-10-2024 12:30:47 - INFO - Response from moonraker: {'result': 'ok'}
30-10-2024 12:30:47 - INFO - Setting Chmaber Zones to a= 0.0, b= 0.0, c= 0.0, d= 0.0 Request successfully executed.
30-10-2024 12:30:47 - INFO - Sending request to Setting Chmaber Zones to a= 0.0, b= 0.0, c= 0.0, d= 0.0 with timeout of 5s...
30-10-2024 12:30:47 - INFO - Setting Chmaber Zones to a= 0.0, b= 0.0, c= 0.0, d= 0.0 request successfully sent.
30-10-2024 12:30:47 - INFO - Response from moonraker: {'result': 'ok'}
30-10-2024 12:30:47 - INFO - Setting Chmaber Zones to a= 0.0, b= 0.0, c= 0.0, d= 0.0 Request successfully executed.
30-10-2024 12:30:47 - INFO - Sending request to Setting Chmaber Zones to a= 0.0, b= 0.0, c= 0.0, d= 0.0 with timeout of 5s...
30-10-2024 12:30:47 - INFO - Setting Chmaber Zones to a= 0.0, b= 0.0, c= 0.0, d= 0.0 request successfully sent.
30-10-2024 12:30:47 - INFO - Response from moonraker: {'result': 'ok'}
30-10-2024 12:30:47 - INFO - Setting Chmaber Zones to a= 0.0, b= 0.0, c= 0.0, d= 0.0 Request successfully executed.
30-10-2024 12:30:47 - INFO - Sending request to Setting Chmaber Zones to a= 0.0, b= 0.0, c= 0.0, d= 0.0 with timeout of 5s...
30-10-2024 12:30:47 - INFO - Setting Chmaber Zones to a= 0.0, b= 0.0, c= 0.0, d= 0.0 request successfully sent.
30-10-2024 12:30:47 - INFO - Response from moonraker: {'result': 'ok'}
30-10-2024 12:30:47 - INFO - Setting Chmaber Zones to a= 0.0, b= 0.0, c= 0.0, d= 0.0 Request successfully executed.
30-10-2024 12:30:48 - INFO - Sending request to Setting Chmaber Zones to a= 0.0, b= 0.0, c= 0.0, d= 0.0 with timeout of 5s...
30-10-2024 12:30:48 - INFO - Setting Chmaber Zones to a= 0.0, b= 0.0, c= 0.0, d= 0.0 request successfully sent.
30-10-2024 12:30:48 - INFO - Response from moonraker: {'result': 'ok'}
30-10-2024 12:30:48 - INFO - Setting Chmaber Zones to a= 0.0, b= 0.0, c= 0.0, d= 0.0 Request successfully executed.
30-10-2024 12:30:48 - INFO - Sending request to Setting Chmaber Zones to a= 0.0, b= 0.0, c= 0.0, d= 0.0 with timeout of 5s...
30-10-2024 12:30:48 - INFO - Setting Chmaber Zones to a= 0.0, b= 0.0, c= 0.0, d= 0.0 request successfully sent.
30-10-2024 12:30:48 - INFO - Response from moonraker: {'result': 'ok'}
30-10-2024 12:30:48 - INFO - Setting Chmaber Zones to a= 0.0, b= 0.0, c= 0.0, d= 0.0 Request successfully executed.
30-10-2024 12:30:48 - INFO - Sending request to Setting Chmaber Zones to a= 0.0, b= 0.0, c= 0.0, d= 0.0 with timeout of 5s...
30-10-2024 12:30:48 - INFO - Setting Chmaber Zones to a= 0.0, b= 0.0, c= 0.0, d= 0.0 request successfully sent.
30-10-2024 12:30:48 - INFO - Response from moonraker: {'result': 'ok'}
30-10-2024 12:30:48 - INFO - Setting Chmaber Zones to a= 0.0, b= 0.0, c= 0.0, d= 0.0 Request successfully executed.
30-10-2024 12:30:48 - INFO - Sending request to Setting Chmaber Zones to a= 0.0, b= 0.0, c= 0.0, d= 0.0 with timeout of 5s...
30-10-2024 12:30:48 - INFO - Setting Chmaber Zones to a= 0.0, b= 0.0, c= 0.0, d= 0.0 request successfully sent.
30-10-2024 12:30:48 - INFO - Response from moonraker: {'result': 'ok'}
30-10-2024 12:30:48 - INFO - Setting Chmaber Zones to a= 0.0, b= 0.0, c= 0.0, d= 0.0 Request successfully executed.
30-10-2024 12:30:48 - INFO - Sending request to Setting Chmaber Zones to a= 0.0, b= 0.0, c= 0.0, d= 0.0 with timeout of 5s...
30-10-2024 12:30:48 - INFO - Setting Chmaber Zones to a= 0.0, b= 0.0, c= 0.0, d= 0.0 request successfully sent.
30-10-2024 12:30:48 - INFO - Response from moonraker: {'result': 'ok'}
30-10-2024 12:30:48 - INFO - Setting Chmaber Zones to a= 0.0, b= 0.0, c= 0.0, d= 0.0 Request successfully executed.
30-10-2024 12:30:49 - INFO - Sending request to Setting Chmaber Zones to a= 0.0, b= 0.0, c= 0.0, d= 0.0 with timeout of 5s...
30-10-2024 12:30:49 - INFO - Setting Chmaber Zones to a= 0.0, b= 0.0, c= 0.0, d= 0.0 request successfully sent.
30-10-2024 12:30:49 - INFO - Response from moonraker: {'result': 'ok'}
30-10-2024 12:30:49 - INFO - Setting Chmaber Zones to a= 0.0, b= 0.0, c= 0.0, d= 0.0 Request successfully executed.
30-10-2024 12:30:49 - INFO - Sending request to Setting Chmaber Zones to a= 0.0, b= 0.0, c= 0.0, d= 0.0 with timeout of 5s...
30-10-2024 12:30:49 - INFO - Setting Chmaber Zones to a= 0.0, b= 0.0, c= 0.0, d= 0.0 request successfully sent.
30-10-2024 12:30:49 - INFO - Response from moonraker: {'result': 'ok'}
30-10-2024 12:30:49 - INFO - Setting Chmaber Zones to a= 0.0, b= 0.0, c= 0.0, d= 0.0 Request successfully executed.
30-10-2024 12:30:49 - INFO - Sending request to Setting Chmaber Zones to a= 0.0, b= 0.0, c= 0.0, d= 0.0 with timeout of 5s...
30-10-2024 12:30:49 - INFO - Setting Chmaber Zones to a= 0.0, b= 0.0, c= 0.0, d= 0.0 request successfully sent.
30-10-2024 12:30:49 - INFO - Response from moonraker: {'result': 'ok'}
30-10-2024 12:30:49 - INFO - Setting Chmaber Zones to a= 0.0, b= 0.0, c= 0.0, d= 0.0 Request successfully executed.
30-10-2024 12:30:49 - INFO - Sending request to Setting Chmaber Zones to a= 0.0, b= 0.0, c= 0.0, d= 0.0 with timeout of 5s...
30-10-2024 12:30:49 - INFO - Setting Chmaber Zones to a= 0.0, b= 0.0, c= 0.0, d= 0.0 request successfully sent.
30-10-2024 12:30:49 - INFO - Response from moonraker: {'result': 'ok'}
30-10-2024 12:30:49 - INFO - Setting Chmaber Zones to a= 0.0, b= 0.0, c= 0.0, d= 0.0 Request successfully executed.
30-10-2024 12:30:49 - INFO - Sending request to Setting Chmaber Zones to a= 0.0, b= 0.0, c= 0.0, d= 0.0 with timeout of 5s...
30-10-2024 12:30:49 - INFO - Setting Chmaber Zones to a= 0.0, b= 0.0, c= 0.0, d= 0.0 request successfully sent.
30-10-2024 12:30:49 - INFO - Response from moonraker: {'result': 'ok'}
30-10-2024 12:30:49 - INFO - Setting Chmaber Zones to a= 0.0, b= 0.0, c= 0.0, d= 0.0 Request successfully executed.
30-10-2024 12:30:50 - INFO - Sending request to Setting Chmaber Zones to a= 0.0, b= 0.0, c= 0.0, d= 0.0 with timeout of 5s...
30-10-2024 12:30:50 - INFO - Setting Chmaber Zones to a= 0.0, b= 0.0, c= 0.0, d= 0.0 request successfully sent.
30-10-2024 12:30:50 - INFO - Response from moonraker: {'result': 'ok'}
30-10-2024 12:30:50 - INFO - Setting Chmaber Zones to a= 0.0, b= 0.0, c= 0.0, d= 0.0 Request successfully executed.
30-10-2024 12:30:50 - INFO - Sending request to Setting Chmaber Zones to a= 0.0, b= 0.0, c= 0.0, d= 0.0 with timeout of 5s...
30-10-2024 12:30:50 - INFO - Setting Chmaber Zones to a= 0.0, b= 0.0, c= 0.0, d= 0.0 request successfully sent.
30-10-2024 12:30:50 - INFO - Response from moonraker: {'result': 'ok'}
30-10-2024 12:30:50 - INFO - Setting Chmaber Zones to a= 0.0, b= 0.0, c= 0.0, d= 0.0 Request successfully executed.
30-10-2024 12:30:50 - INFO - Sending request to Setting Chmaber Zones to a= 0.0, b= 0.0, c= 0.0, d= 0.0 with timeout of 5s...
30-10-2024 12:30:50 - INFO - Setting Chmaber Zones to a= 0.0, b= 0.0, c= 0.0, d= 0.0 request successfully sent.
30-10-2024 12:30:50 - INFO - Response from moonraker: {'result': 'ok'}
30-10-2024 12:30:50 - INFO - Setting Chmaber Zones to a= 0.0, b= 0.0, c= 0.0, d= 0.0 Request successfully executed.
30-10-2024 12:30:50 - INFO - Sending request to Setting Chmaber Zones to a= 0.0, b= 0.0, c= 0.0, d= 0.0 with timeout of 5s...
30-10-2024 12:30:50 - INFO - Setting Chmaber Zones to a= 0.0, b= 0.0, c= 0.0, d= 0.0 request successfully sent.
30-10-2024 12:30:50 - INFO - Response from moonraker: {'result': 'ok'}
30-10-2024 12:30:50 - INFO - Setting Chmaber Zones to a= 0.0, b= 0.0, c= 0.0, d= 0.0 Request successfully executed.
30-10-2024 12:30:50 - INFO - Sending request to Setting Chmaber Zones to a= 0.0, b= 0.0, c= 0.0, d= 0.0 with timeout of 5s...
30-10-2024 12:30:50 - INFO - Setting Chmaber Zones to a= 0.0, b= 0.0, c= 0.0, d= 0.0 request successfully sent.
30-10-2024 12:30:50 - INFO - Response from moonraker: {'result': 'ok'}
30-10-2024 12:30:50 - INFO - Setting Chmaber Zones to a= 0.0, b= 0.0, c= 0.0, d= 0.0 Request successfully executed.
30-10-2024 12:30:51 - INFO - Sending request to Setting Chmaber Zones to a= 0.0, b= 0.0, c= 0.0, d= 0.0 with timeout of 5s...
30-10-2024 12:30:51 - INFO - Setting Chmaber Zones to a= 0.0, b= 0.0, c= 0.0, d= 0.0 request successfully sent.
30-10-2024 12:30:51 - INFO - Response from moonraker: {'result': 'ok'}
30-10-2024 12:30:51 - INFO - Setting Chmaber Zones to a= 0.0, b= 0.0, c= 0.0, d= 0.0 Request successfully executed.
30-10-2024 12:30:51 - INFO - Sending request to Setting Chmaber Zones to a= 0.0, b= 0.0, c= 0.0, d= 0.0 with timeout of 5s...
30-10-2024 12:30:51 - INFO - Setting Chmaber Zones to a= 0.0, b= 0.0, c= 0.0, d= 0.0 request successfully sent.
30-10-2024 12:30:51 - INFO - Response from moonraker: {'result': 'ok'}
30-10-2024 12:30:51 - INFO - Setting Chmaber Zones to a= 0.0, b= 0.0, c= 0.0, d= 0.0 Request successfully executed.
30-10-2024 12:30:51 - INFO - Sending request to Setting Chmaber Zones to a= 0.0, b= 0.0, c= 0.0, d= 0.0 with timeout of 5s...
30-10-2024 12:30:51 - INFO - Setting Chmaber Zones to a= 0.0, b= 0.0, c= 0.0, d= 0.0 request successfully sent.
30-10-2024 12:30:51 - INFO - Response from moonraker: {'result': 'ok'}
30-10-2024 12:30:51 - INFO - Setting Chmaber Zones to a= 0.0, b= 0.0, c= 0.0, d= 0.0 Request successfully executed.
30-10-2024 12:30:51 - INFO - Sending request to Setting Chmaber Zones to a= 0.0, b= 0.0, c= 0.0, d= 0.0 with timeout of 5s...
30-10-2024 12:30:51 - INFO - Setting Chmaber Zones to a= 0.0, b= 0.0, c= 0.0, d= 0.0 request successfully sent.
30-10-2024 12:30:51 - INFO - Response from moonraker: {'result': 'ok'}
30-10-2024 12:30:51 - INFO - Setting Chmaber Zones to a= 0.0, b= 0.0, c= 0.0, d= 0.0 Request successfully executed.
30-10-2024 12:30:51 - INFO - Sending request to Setting Chmaber Zones to a= 0.0, b= 0.0, c= 0.0, d= 0.0 with timeout of 5s...
30-10-2024 12:30:51 - INFO - Setting Chmaber Zones to a= 0.0, b= 0.0, c= 0.0, d= 0.0 request successfully sent.
30-10-2024 12:30:51 - INFO - Response from moonraker: {'result': 'ok'}
30-10-2024 12:30:51 - INFO - Setting Chmaber Zones to a= 0.0, b= 0.0, c= 0.0, d= 0.0 Request successfully executed.
30-10-2024 12:30:52 - INFO - Sending request to Setting Chmaber Zones to a= 0.0, b= 0.0, c= 0.0, d= 0.0 with timeout of 5s...
30-10-2024 12:30:52 - INFO - Setting Chmaber Zones to a= 0.0, b= 0.0, c= 0.0, d= 0.0 request successfully sent.
30-10-2024 12:30:52 - INFO - Response from moonraker: {'result': 'ok'}
30-10-2024 12:30:52 - INFO - Setting Chmaber Zones to a= 0.0, b= 0.0, c= 0.0, d= 0.0 Request successfully executed.
30-10-2024 12:30:52 - INFO - Sending request to Setting Chmaber Zones to a= 0.0, b= 0.0, c= 0.0, d= 0.0 with timeout of 5s...
30-10-2024 12:30:52 - INFO - Setting Chmaber Zones to a= 0.0, b= 0.0, c= 0.0, d= 0.0 request successfully sent.
30-10-2024 12:30:52 - INFO - Response from moonraker: {'result': 'ok'}
30-10-2024 12:30:52 - INFO - Setting Chmaber Zones to a= 0.0, b= 0.0, c= 0.0, d= 0.0 Request successfully executed.
30-10-2024 12:30:52 - INFO - Sending request to Setting Chmaber Zones to a= 0.0, b= 0.0, c= 0.0, d= 0.0 with timeout of 5s...
30-10-2024 12:30:52 - INFO - Setting Chmaber Zones to a= 0.0, b= 0.0, c= 0.0, d= 0.0 request successfully sent.
30-10-2024 12:30:52 - INFO - Response from moonraker: {'result': 'ok'}
30-10-2024 12:30:52 - INFO - Setting Chmaber Zones to a= 0.0, b= 0.0, c= 0.0, d= 0.0 Request successfully executed.
30-10-2024 12:30:52 - INFO - Sending request to Setting Chmaber Zones to a= 0.0, b= 0.0, c= 0.0, d= 0.0 with timeout of 5s...
30-10-2024 12:30:52 - INFO - Setting Chmaber Zones to a= 0.0, b= 0.0, c= 0.0, d= 0.0 request successfully sent.
30-10-2024 12:30:52 - INFO - Response from moonraker: {'result': 'ok'}
30-10-2024 12:30:52 - INFO - Setting Chmaber Zones to a= 0.0, b= 0.0, c= 0.0, d= 0.0 Request successfully executed.
30-10-2024 12:30:52 - INFO - Sending request to Setting Chmaber Zones to a= 0.0, b= 0.0, c= 0.0, d= 0.0 with timeout of 5s...
30-10-2024 12:30:52 - INFO - Setting Chmaber Zones to a= 0.0, b= 0.0, c= 0.0, d= 0.0 request successfully sent.
30-10-2024 12:30:52 - INFO - Response from moonraker: {'result': 'ok'}
30-10-2024 12:30:52 - INFO - Setting Chmaber Zones to a= 0.0, b= 0.0, c= 0.0, d= 0.0 Request successfully executed.
30-10-2024 12:30:53 - INFO - Sending request to Setting Chmaber Zones to a= 0.0, b= 0.0, c= 0.0, d= 0.0 with timeout of 5s...
30-10-2024 12:30:53 - INFO - Setting Chmaber Zones to a= 0.0, b= 0.0, c= 0.0, d= 0.0 request successfully sent.
30-10-2024 12:30:53 - INFO - Response from moonraker: {'result': 'ok'}
30-10-2024 12:30:53 - INFO - Setting Chmaber Zones to a= 0.0, b= 0.0, c= 0.0, d= 0.0 Request successfully executed.
30-10-2024 12:30:53 - INFO - Sending request to Setting Chmaber Zones to a= 0.0, b= 0.0, c= 0.0, d= 0.0 with timeout of 5s...
30-10-2024 12:30:53 - INFO - Setting Chmaber Zones to a= 0.0, b= 0.0, c= 0.0, d= 0.0 request successfully sent.
30-10-2024 12:30:53 - INFO - Response from moonraker: {'result': 'ok'}
30-10-2024 12:30:53 - INFO - Setting Chmaber Zones to a= 0.0, b= 0.0, c= 0.0, d= 0.0 Request successfully executed.
30-10-2024 12:30:53 - INFO - Sending request to Setting Chmaber Zones to a= 0.0, b= 0.0, c= 0.0, d= 0.0 with timeout of 5s...
30-10-2024 12:30:53 - INFO - Setting Chmaber Zones to a= 0.0, b= 0.0, c= 0.0, d= 0.0 request successfully sent.
30-10-2024 12:30:53 - INFO - Response from moonraker: {'result': 'ok'}
30-10-2024 12:30:53 - INFO - Setting Chmaber Zones to a= 0.0, b= 0.0, c= 0.0, d= 0.0 Request successfully executed.
30-10-2024 12:30:53 - INFO - Sending request to Setting Chmaber Zones to a= 0.0, b= 0.0, c= 0.0, d= 0.0 with timeout of 5s...
30-10-2024 12:30:53 - INFO - Setting Chmaber Zones to a= 0.0, b= 0.0, c= 0.0, d= 0.0 request successfully sent.
30-10-2024 12:30:53 - INFO - Response from moonraker: {'result': 'ok'}
30-10-2024 12:30:53 - INFO - Setting Chmaber Zones to a= 0.0, b= 0.0, c= 0.0, d= 0.0 Request successfully executed.
30-10-2024 12:30:53 - INFO - Sending request to Setting Chmaber Zones to a= 0.0, b= 0.0, c= 0.0, d= 0.0 with timeout of 5s...
30-10-2024 12:30:53 - INFO - Setting Chmaber Zones to a= 0.0, b= 0.0, c= 0.0, d= 0.0 request successfully sent.
30-10-2024 12:30:53 - INFO - Response from moonraker: {'result': 'ok'}
30-10-2024 12:30:53 - INFO - Setting Chmaber Zones to a= 0.0, b= 0.0, c= 0.0, d= 0.0 Request successfully executed.
30-10-2024 12:30:54 - INFO - Sending request to Setting Chmaber Zones to a= 0.0, b= 0.0, c= 0.0, d= 0.0 with timeout of 5s...
30-10-2024 12:30:54 - INFO - Setting Chmaber Zones to a= 0.0, b= 0.0, c= 0.0, d= 0.0 request successfully sent.
30-10-2024 12:30:54 - INFO - Response from moonraker: {'result': 'ok'}
30-10-2024 12:30:54 - INFO - Setting Chmaber Zones to a= 0.0, b= 0.0, c= 0.0, d= 0.0 Request successfully executed.
30-10-2024 12:30:54 - INFO - Sending request to Setting Chmaber Zones to a= 0.0, b= 0.0, c= 0.0, d= 0.0 with timeout of 5s...
30-10-2024 12:30:54 - INFO - Setting Chmaber Zones to a= 0.0, b= 0.0, c= 0.0, d= 0.0 request successfully sent.
30-10-2024 12:30:54 - INFO - Response from moonraker: {'result': 'ok'}
30-10-2024 12:30:54 - INFO - Setting Chmaber Zones to a= 0.0, b= 0.0, c= 0.0, d= 0.0 Request successfully executed.
30-10-2024 12:30:54 - INFO - Sending request to Setting Chmaber Zones to a= 0.0, b= 0.0, c= 0.0, d= 0.0 with timeout of 5s...
30-10-2024 12:30:54 - INFO - Setting Chmaber Zones to a= 0.0, b= 0.0, c= 0.0, d= 0.0 request successfully sent.
30-10-2024 12:30:54 - INFO - Response from moonraker: {'result': 'ok'}
30-10-2024 12:30:54 - INFO - Setting Chmaber Zones to a= 0.0, b= 0.0, c= 0.0, d= 0.0 Request successfully executed.
30-10-2024 12:30:54 - INFO - Sending request to Setting Chmaber Zones to a= 0.0, b= 0.0, c= 0.0, d= 0.0 with timeout of 5s...
30-10-2024 12:30:54 - INFO - Setting Chmaber Zones to a= 0.0, b= 0.0, c= 0.0, d= 0.0 request successfully sent.
30-10-2024 12:30:54 - INFO - Response from moonraker: {'result': 'ok'}
30-10-2024 12:30:54 - INFO - Setting Chmaber Zones to a= 0.0, b= 0.0, c= 0.0, d= 0.0 Request successfully executed.
30-10-2024 12:30:54 - INFO - Sending request to Setting Chmaber Zones to a= 0.0, b= 0.0, c= 0.0, d= 0.0 with timeout of 5s...
30-10-2024 12:30:54 - INFO - Setting Chmaber Zones to a= 0.0, b= 0.0, c= 0.0, d= 0.0 request successfully sent.
30-10-2024 12:30:54 - INFO - Response from moonraker: {'result': 'ok'}
30-10-2024 12:30:54 - INFO - Setting Chmaber Zones to a= 0.0, b= 0.0, c= 0.0, d= 0.0 Request successfully executed.
30-10-2024 12:30:55 - INFO - Sending request to Setting Chmaber Zones to a= 0.0, b= 0.0, c= 0.0, d= 0.0 with timeout of 5s...
30-10-2024 12:30:55 - INFO - Setting Chmaber Zones to a= 0.0, b= 0.0, c= 0.0, d= 0.0 request successfully sent.
30-10-2024 12:30:55 - INFO - Response from moonraker: {'result': 'ok'}
30-10-2024 12:30:55 - INFO - Setting Chmaber Zones to a= 0.0, b= 0.0, c= 0.0, d= 0.0 Request successfully executed.
30-10-2024 12:30:55 - INFO - Sending request to Setting Chmaber Zones to a= 0.0, b= 0.0, c= 0.0, d= 0.0 with timeout of 5s...
30-10-2024 12:30:55 - INFO - Setting Chmaber Zones to a= 0.0, b= 0.0, c= 0.0, d= 0.0 request successfully sent.
30-10-2024 12:30:55 - INFO - Response from moonraker: {'result': 'ok'}
30-10-2024 12:30:55 - INFO - Setting Chmaber Zones to a= 0.0, b= 0.0, c= 0.0, d= 0.0 Request successfully executed.
30-10-2024 12:30:55 - INFO - Sending request to Setting Chmaber Zones to a= 0.0, b= 0.0, c= 0.0, d= 0.0 with timeout of 5s...
30-10-2024 12:30:55 - INFO - Setting Chmaber Zones to a= 0.0, b= 0.0, c= 0.0, d= 0.0 request successfully sent.
30-10-2024 12:30:55 - INFO - Response from moonraker: {'result': 'ok'}
30-10-2024 12:30:55 - INFO - Setting Chmaber Zones to a= 0.0, b= 0.0, c= 0.0, d= 0.0 Request successfully executed.
30-10-2024 12:30:55 - INFO - Sending request to Setting Chmaber Zones to a= 0.0, b= 0.0, c= 0.0, d= 0.0 with timeout of 5s...
30-10-2024 12:30:55 - INFO - Setting Chmaber Zones to a= 0.0, b= 0.0, c= 0.0, d= 0.0 request successfully sent.
30-10-2024 12:30:55 - INFO - Response from moonraker: {'result': 'ok'}
30-10-2024 12:30:55 - INFO - Setting Chmaber Zones to a= 0.0, b= 0.0, c= 0.0, d= 0.0 Request successfully executed.
30-10-2024 12:30:55 - INFO - Sending request to Setting Chmaber Zones to a= 0.0, b= 0.0, c= 0.0, d= 0.0 with timeout of 5s...
30-10-2024 12:30:55 - INFO - Setting Chmaber Zones to a= 0.0, b= 0.0, c= 0.0, d= 0.0 request successfully sent.
30-10-2024 12:30:55 - INFO - Response from moonraker: {'result': 'ok'}
30-10-2024 12:30:55 - INFO - Setting Chmaber Zones to a= 0.0, b= 0.0, c= 0.0, d= 0.0 Request successfully executed.
30-10-2024 12:30:56 - INFO - Sending request to Setting Chmaber Zones to a= 0.0, b= 0.0, c= 0.0, d= 0.0 with timeout of 5s...
30-10-2024 12:30:56 - INFO - Setting Chmaber Zones to a= 0.0, b= 0.0, c= 0.0, d= 0.0 request successfully sent.
30-10-2024 12:30:56 - INFO - Response from moonraker: {'result': 'ok'}
30-10-2024 12:30:56 - INFO - Setting Chmaber Zones to a= 0.0, b= 0.0, c= 0.0, d= 0.0 Request successfully executed.
30-10-2024 12:30:56 - INFO - Sending request to Setting Chmaber Zones to a= 0.0, b= 0.0, c= 0.0, d= 0.0 with timeout of 5s...
30-10-2024 12:30:56 - INFO - Setting Chmaber Zones to a= 0.0, b= 0.0, c= 0.0, d= 0.0 request successfully sent.
30-10-2024 12:30:56 - INFO - Response from moonraker: {'result': 'ok'}
30-10-2024 12:30:56 - INFO - Setting Chmaber Zones to a= 0.0, b= 0.0, c= 0.0, d= 0.0 Request successfully executed.
30-10-2024 12:30:56 - INFO - Sending request to Setting Chmaber Zones to a= 0.0, b= 0.0, c= 0.0, d= 0.0 with timeout of 5s...
30-10-2024 12:30:56 - INFO - Setting Chmaber Zones to a= 0.0, b= 0.0, c= 0.0, d= 0.0 request successfully sent.
30-10-2024 12:30:56 - INFO - Response from moonraker: {'result': 'ok'}
30-10-2024 12:30:56 - INFO - Setting Chmaber Zones to a= 0.0, b= 0.0, c= 0.0, d= 0.0 Request successfully executed.
30-10-2024 12:30:56 - INFO - Sending request to Setting Chmaber Zones to a= 0.0, b= 0.0, c= 0.0, d= 0.0 with timeout of 5s...
30-10-2024 12:30:56 - INFO - Setting Chmaber Zones to a= 0.0, b= 0.0, c= 0.0, d= 0.0 request successfully sent.
30-10-2024 12:30:56 - INFO - Response from moonraker: {'result': 'ok'}
30-10-2024 12:30:56 - INFO - Setting Chmaber Zones to a= 0.0, b= 0.0, c= 0.0, d= 0.0 Request successfully executed.
30-10-2024 12:30:56 - INFO - Sending request to Setting Chmaber Zones to a= 0.0, b= 0.0, c= 0.0, d= 0.0 with timeout of 5s...
30-10-2024 12:30:56 - INFO - Setting Chmaber Zones to a= 0.0, b= 0.0, c= 0.0, d= 0.0 request successfully sent.
30-10-2024 12:30:56 - INFO - Response from moonraker: {'result': 'ok'}
30-10-2024 12:30:56 - INFO - Setting Chmaber Zones to a= 0.0, b= 0.0, c= 0.0, d= 0.0 Request successfully executed.
30-10-2024 12:30:57 - INFO - Sending request to Setting Chmaber Zones to a= 0.0, b= 0.0, c= 0.0, d= 0.0 with timeout of 5s...
30-10-2024 12:30:57 - INFO - Setting Chmaber Zones to a= 0.0, b= 0.0, c= 0.0, d= 0.0 request successfully sent.
30-10-2024 12:30:57 - INFO - Response from moonraker: {'result': 'ok'}
30-10-2024 12:30:57 - INFO - Setting Chmaber Zones to a= 0.0, b= 0.0, c= 0.0, d= 0.0 Request successfully executed.
30-10-2024 12:30:57 - INFO - Sending request to Setting Chmaber Zones to a= 0.0, b= 0.0, c= 0.0, d= 0.0 with timeout of 5s...
30-10-2024 12:30:57 - INFO - Setting Chmaber Zones to a= 0.0, b= 0.0, c= 0.0, d= 0.0 request successfully sent.
30-10-2024 12:30:57 - INFO - Response from moonraker: {'result': 'ok'}
30-10-2024 12:30:57 - INFO - Setting Chmaber Zones to a= 0.0, b= 0.0, c= 0.0, d= 0.0 Request successfully executed.
30-10-2024 12:30:57 - INFO - Sending request to Setting Chmaber Zones to a= 0.0, b= 0.0, c= 0.0, d= 0.0 with timeout of 5s...
30-10-2024 12:30:57 - INFO - Setting Chmaber Zones to a= 0.0, b= 0.0, c= 0.0, d= 0.0 request successfully sent.
30-10-2024 12:30:57 - INFO - Response from moonraker: {'result': 'ok'}
30-10-2024 12:30:57 - INFO - Setting Chmaber Zones to a= 0.0, b= 0.0, c= 0.0, d= 0.0 Request successfully executed.
30-10-2024 12:30:57 - INFO - Sending request to Setting Chmaber Zones to a= 0.0, b= 0.0, c= 0.0, d= 0.0 with timeout of 5s...
30-10-2024 12:30:57 - INFO - Setting Chmaber Zones to a= 0.0, b= 0.0, c= 0.0, d= 0.0 request successfully sent.
30-10-2024 12:30:57 - INFO - Response from moonraker: {'result': 'ok'}
30-10-2024 12:30:57 - INFO - Setting Chmaber Zones to a= 0.0, b= 0.0, c= 0.0, d= 0.0 Request successfully executed.
30-10-2024 12:30:57 - INFO - Sending request to Setting Chmaber Zones to a= 0.0, b= 0.0, c= 0.0, d= 0.0 with timeout of 5s...
30-10-2024 12:30:57 - INFO - Setting Chmaber Zones to a= 0.0, b= 0.0, c= 0.0, d= 0.0 request successfully sent.
30-10-2024 12:30:57 - INFO - Response from moonraker: {'result': 'ok'}
30-10-2024 12:30:57 - INFO - Setting Chmaber Zones to a= 0.0, b= 0.0, c= 0.0, d= 0.0 Request successfully executed.
30-10-2024 12:30:58 - INFO - Sending request to Setting Chmaber Zones to a= 0.0, b= 0.0, c= 0.0, d= 0.0 with timeout of 5s...
30-10-2024 12:30:58 - INFO - Setting Chmaber Zones to a= 0.0, b= 0.0, c= 0.0, d= 0.0 request successfully sent.
30-10-2024 12:30:58 - INFO - Response from moonraker: {'result': 'ok'}
30-10-2024 12:30:58 - INFO - Setting Chmaber Zones to a= 0.0, b= 0.0, c= 0.0, d= 0.0 Request successfully executed.
30-10-2024 12:30:58 - INFO - Sending request to Setting Chmaber Zones to a= 0.0, b= 0.0, c= 0.0, d= 0.0 with timeout of 5s...
30-10-2024 12:30:58 - INFO - Setting Chmaber Zones to a= 0.0, b= 0.0, c= 0.0, d= 0.0 request successfully sent.
30-10-2024 12:30:58 - INFO - Response from moonraker: {'result': 'ok'}
30-10-2024 12:30:58 - INFO - Setting Chmaber Zones to a= 0.0, b= 0.0, c= 0.0, d= 0.0 Request successfully executed.
30-10-2024 12:30:58 - INFO - Sending request to Setting Chmaber Zones to a= 0.0, b= 0.0, c= 0.0, d= 0.0 with timeout of 5s...
30-10-2024 12:30:58 - INFO - Setting Chmaber Zones to a= 0.0, b= 0.0, c= 0.0, d= 0.0 request successfully sent.
30-10-2024 12:30:58 - INFO - Response from moonraker: {'result': 'ok'}
30-10-2024 12:30:58 - INFO - Setting Chmaber Zones to a= 0.0, b= 0.0, c= 0.0, d= 0.0 Request successfully executed.
30-10-2024 12:30:58 - INFO - Sending request to Setting Chmaber Zones to a= 0.0, b= 0.0, c= 0.0, d= 0.0 with timeout of 5s...
30-10-2024 12:30:58 - INFO - Setting Chmaber Zones to a= 0.0, b= 0.0, c= 0.0, d= 0.0 request successfully sent.
30-10-2024 12:30:58 - INFO - Response from moonraker: {'result': 'ok'}
30-10-2024 12:30:58 - INFO - Setting Chmaber Zones to a= 0.0, b= 0.0, c= 0.0, d= 0.0 Request successfully executed.
30-10-2024 12:30:58 - INFO - Sending request to Setting Chmaber Zones to a= 0.0, b= 0.0, c= 0.0, d= 0.0 with timeout of 5s...
30-10-2024 12:30:58 - INFO - Setting Chmaber Zones to a= 0.0, b= 0.0, c= 0.0, d= 0.0 request successfully sent.
30-10-2024 12:30:58 - INFO - Response from moonraker: {'result': 'ok'}
30-10-2024 12:30:58 - INFO - Setting Chmaber Zones to a= 0.0, b= 0.0, c= 0.0, d= 0.0 Request successfully executed.
30-10-2024 12:30:59 - INFO - Sending request to Setting Chmaber Zones to a= 0.0, b= 0.0, c= 0.0, d= 0.0 with timeout of 5s...
30-10-2024 12:30:59 - INFO - Setting Chmaber Zones to a= 0.0, b= 0.0, c= 0.0, d= 0.0 request successfully sent.
30-10-2024 12:30:59 - INFO - Response from moonraker: {'result': 'ok'}
30-10-2024 12:30:59 - INFO - Setting Chmaber Zones to a= 0.0, b= 0.0, c= 0.0, d= 0.0 Request successfully executed.
30-10-2024 12:30:59 - INFO - Sending request to Setting Chmaber Zones to a= 0.0, b= 0.0, c= 0.0, d= 0.0 with timeout of 5s...
30-10-2024 12:30:59 - INFO - Setting Chmaber Zones to a= 0.0, b= 0.0, c= 0.0, d= 0.0 request successfully sent.
30-10-2024 12:30:59 - INFO - Response from moonraker: {'result': 'ok'}
30-10-2024 12:30:59 - INFO - Setting Chmaber Zones to a= 0.0, b= 0.0, c= 0.0, d= 0.0 Request successfully executed.
30-10-2024 12:30:59 - INFO - Sending request to Setting Chmaber Zones to a= 0.0, b= 0.0, c= 0.0, d= 0.0 with timeout of 5s...
30-10-2024 12:30:59 - INFO - Setting Chmaber Zones to a= 0.0, b= 0.0, c= 0.0, d= 0.0 request successfully sent.
30-10-2024 12:30:59 - INFO - Response from moonraker: {'result': 'ok'}
30-10-2024 12:30:59 - INFO - Setting Chmaber Zones to a= 0.0, b= 0.0, c= 0.0, d= 0.0 Request successfully executed.
30-10-2024 12:30:59 - INFO - Sending request to Setting Chmaber Zones to a= 0.0, b= 0.0, c= 0.0, d= 0.0 with timeout of 5s...
30-10-2024 12:30:59 - INFO - Setting Chmaber Zones to a= 0.0, b= 0.0, c= 0.0, d= 0.0 request successfully sent.
30-10-2024 12:30:59 - INFO - Response from moonraker: {'result': 'ok'}
30-10-2024 12:30:59 - INFO - Setting Chmaber Zones to a= 0.0, b= 0.0, c= 0.0, d= 0.0 Request successfully executed.
30-10-2024 12:30:59 - INFO - Sending request to Setting Chmaber Zones to a= 0.0, b= 0.0, c= 0.0, d= 0.0 with timeout of 5s...
30-10-2024 12:30:59 - INFO - Setting Chmaber Zones to a= 0.0, b= 0.0, c= 0.0, d= 0.0 request successfully sent.
30-10-2024 12:30:59 - INFO - Response from moonraker: {'result': 'ok'}
30-10-2024 12:30:59 - INFO - Setting Chmaber Zones to a= 0.0, b= 0.0, c= 0.0, d= 0.0 Request successfully executed.
30-10-2024 12:31:00 - INFO - Sending request to Setting Chmaber Zones to a= 0.0, b= 0.0, c= 0.0, d= 0.0 with timeout of 5s...
30-10-2024 12:31:00 - INFO - Setting Chmaber Zones to a= 0.0, b= 0.0, c= 0.0, d= 0.0 request successfully sent.
30-10-2024 12:31:00 - INFO - Response from moonraker: {'result': 'ok'}
30-10-2024 12:31:00 - INFO - Setting Chmaber Zones to a= 0.0, b= 0.0, c= 0.0, d= 0.0 Request successfully executed.
30-10-2024 12:31:00 - INFO - Sending request to Setting Chmaber Zones to a= 0.0, b= 0.0, c= 0.0, d= 0.0 with timeout of 5s...
30-10-2024 12:31:00 - INFO - Setting Chmaber Zones to a= 0.0, b= 0.0, c= 0.0, d= 0.0 request successfully sent.
30-10-2024 12:31:00 - INFO - Response from moonraker: {'result': 'ok'}
30-10-2024 12:31:00 - INFO - Setting Chmaber Zones to a= 0.0, b= 0.0, c= 0.0, d= 0.0 Request successfully executed.
30-10-2024 12:31:00 - INFO - Sending request to Setting Chmaber Zones to a= 0.0, b= 0.0, c= 0.0, d= 0.0 with timeout of 5s...
30-10-2024 12:31:00 - INFO - Setting Chmaber Zones to a= 0.0, b= 0.0, c= 0.0, d= 0.0 request successfully sent.
30-10-2024 12:31:00 - INFO - Response from moonraker: {'result': 'ok'}
30-10-2024 12:31:00 - INFO - Setting Chmaber Zones to a= 0.0, b= 0.0, c= 0.0, d= 0.0 Request successfully executed.
30-10-2024 12:31:00 - INFO - Sending request to Setting Chmaber Zones to a= 0.0, b= 0.0, c= 0.0, d= 0.0 with timeout of 5s...
30-10-2024 12:31:00 - INFO - Setting Chmaber Zones to a= 0.0, b= 0.0, c= 0.0, d= 0.0 request successfully sent.
30-10-2024 12:31:00 - INFO - Response from moonraker: {'result': 'ok'}
30-10-2024 12:31:00 - INFO - Setting Chmaber Zones to a= 0.0, b= 0.0, c= 0.0, d= 0.0 Request successfully executed.
30-10-2024 12:31:00 - INFO - Sending request to Setting Chmaber Zones to a= 0.0, b= 0.0, c= 0.0, d= 0.0 with timeout of 5s...
30-10-2024 12:31:01 - INFO - Setting Chmaber Zones to a= 0.0, b= 0.0, c= 0.0, d= 0.0 request successfully sent.
30-10-2024 12:31:01 - INFO - Response from moonraker: {'result': 'ok'}
30-10-2024 12:31:01 - INFO - Setting Chmaber Zones to a= 0.0, b= 0.0, c= 0.0, d= 0.0 Request successfully executed.
30-10-2024 12:31:01 - INFO - Sending request to Setting Chmaber Zones to a= 0.0, b= 0.0, c= 0.0, d= 0.0 with timeout of 5s...
30-10-2024 12:31:01 - INFO - Setting Chmaber Zones to a= 0.0, b= 0.0, c= 0.0, d= 0.0 request successfully sent.
30-10-2024 12:31:01 - INFO - Response from moonraker: {'result': 'ok'}
30-10-2024 12:31:01 - INFO - Setting Chmaber Zones to a= 0.0, b= 0.0, c= 0.0, d= 0.0 Request successfully executed.
30-10-2024 12:31:01 - INFO - Sending request to Setting Chmaber Zones to a= 0.0, b= 0.0, c= 0.0, d= 0.0 with timeout of 5s...
30-10-2024 12:31:01 - INFO - Setting Chmaber Zones to a= 0.0, b= 0.0, c= 0.0, d= 0.0 request successfully sent.
30-10-2024 12:31:01 - INFO - Response from moonraker: {'result': 'ok'}
30-10-2024 12:31:01 - INFO - Setting Chmaber Zones to a= 0.0, b= 0.0, c= 0.0, d= 0.0 Request successfully executed.
30-10-2024 12:31:01 - INFO - Sending request to Setting Chmaber Zones to a= 0.0, b= 0.0, c= 0.0, d= 0.0 with timeout of 5s...
30-10-2024 12:31:01 - INFO - Setting Chmaber Zones to a= 0.0, b= 0.0, c= 0.0, d= 0.0 request successfully sent.
30-10-2024 12:31:01 - INFO - Response from moonraker: {'result': 'ok'}
30-10-2024 12:31:01 - INFO - Setting Chmaber Zones to a= 0.0, b= 0.0, c= 0.0, d= 0.0 Request successfully executed.
30-10-2024 12:31:01 - INFO - Sending request to Setting Chmaber Zones to a= 0.0, b= 0.0, c= 0.0, d= 0.0 with timeout of 5s...
30-10-2024 12:31:01 - INFO - Setting Chmaber Zones to a= 0.0, b= 0.0, c= 0.0, d= 0.0 request successfully sent.
30-10-2024 12:31:01 - INFO - Response from moonraker: {'result': 'ok'}
30-10-2024 12:31:01 - INFO - Setting Chmaber Zones to a= 0.0, b= 0.0, c= 0.0, d= 0.0 Request successfully executed.
30-10-2024 12:31:01 - INFO - Sending request to Setting Chmaber Zones to a= 0.0, b= 0.0, c= 0.0, d= 0.0 with timeout of 5s...
30-10-2024 12:31:02 - INFO - Setting Chmaber Zones to a= 0.0, b= 0.0, c= 0.0, d= 0.0 request successfully sent.
30-10-2024 12:31:02 - INFO - Response from moonraker: {'result': 'ok'}
30-10-2024 12:31:02 - INFO - Setting Chmaber Zones to a= 0.0, b= 0.0, c= 0.0, d= 0.0 Request successfully executed.
30-10-2024 12:31:02 - INFO - Sending request to Setting Chmaber Zones to a= 0.0, b= 0.0, c= 0.0, d= 0.0 with timeout of 5s...
30-10-2024 12:31:02 - INFO - Setting Chmaber Zones to a= 0.0, b= 0.0, c= 0.0, d= 0.0 request successfully sent.
30-10-2024 12:31:02 - INFO - Response from moonraker: {'result': 'ok'}
30-10-2024 12:31:02 - INFO - Setting Chmaber Zones to a= 0.0, b= 0.0, c= 0.0, d= 0.0 Request successfully executed.
30-10-2024 12:31:02 - INFO - Sending request to Setting Chmaber Zones to a= 0.0, b= 0.0, c= 0.0, d= 0.0 with timeout of 5s...
30-10-2024 12:31:02 - INFO - Setting Chmaber Zones to a= 0.0, b= 0.0, c= 0.0, d= 0.0 request successfully sent.
30-10-2024 12:31:02 - INFO - Response from moonraker: {'result': 'ok'}
30-10-2024 12:31:02 - INFO - Setting Chmaber Zones to a= 0.0, b= 0.0, c= 0.0, d= 0.0 Request successfully executed.
30-10-2024 12:31:02 - INFO - Sending request to Setting Chmaber Zones to a= 0.0, b= 0.0, c= 0.0, d= 0.0 with timeout of 5s...
30-10-2024 12:31:02 - INFO - Setting Chmaber Zones to a= 0.0, b= 0.0, c= 0.0, d= 0.0 request successfully sent.
30-10-2024 12:31:02 - INFO - Response from moonraker: {'result': 'ok'}
30-10-2024 12:31:02 - INFO - Setting Chmaber Zones to a= 0.0, b= 0.0, c= 0.0, d= 0.0 Request successfully executed.
30-10-2024 12:31:02 - INFO - Sending request to Setting Chmaber Zones to a= 0.0, b= 0.0, c= 0.0, d= 0.0 with timeout of 5s...
30-10-2024 12:31:02 - INFO - Setting Chmaber Zones to a= 0.0, b= 0.0, c= 0.0, d= 0.0 request successfully sent.
30-10-2024 12:31:02 - INFO - Response from moonraker: {'result': 'ok'}
30-10-2024 12:31:02 - INFO - Setting Chmaber Zones to a= 0.0, b= 0.0, c= 0.0, d= 0.0 Request successfully executed.
30-10-2024 12:31:02 - INFO - Sending request to Setting Chmaber Zones to a= 0.0, b= 0.0, c= 0.0, d= 0.0 with timeout of 5s...
30-10-2024 12:31:03 - INFO - Setting Chmaber Zones to a= 0.0, b= 0.0, c= 0.0, d= 0.0 request successfully sent.
30-10-2024 12:31:03 - INFO - Response from moonraker: {'result': 'ok'}
30-10-2024 12:31:03 - INFO - Setting Chmaber Zones to a= 0.0, b= 0.0, c= 0.0, d= 0.0 Request successfully executed.
30-10-2024 12:31:03 - INFO - Sending request to Setting Chmaber Zones to a= 0.0, b= 0.0, c= 0.0, d= 0.0 with timeout of 5s...
30-10-2024 12:31:03 - INFO - Setting Chmaber Zones to a= 0.0, b= 0.0, c= 0.0, d= 0.0 request successfully sent.
30-10-2024 12:31:03 - INFO - Response from moonraker: {'result': 'ok'}
30-10-2024 12:31:03 - INFO - Setting Chmaber Zones to a= 0.0, b= 0.0, c= 0.0, d= 0.0 Request successfully executed.
30-10-2024 12:31:03 - INFO - Sending request to Setting Chmaber Zones to a= 0.0, b= 0.0, c= 0.0, d= 0.0 with timeout of 5s...
30-10-2024 12:31:03 - INFO - Setting Chmaber Zones to a= 0.0, b= 0.0, c= 0.0, d= 0.0 request successfully sent.
30-10-2024 12:31:03 - INFO - Response from moonraker: {'result': 'ok'}
30-10-2024 12:31:03 - INFO - Setting Chmaber Zones to a= 0.0, b= 0.0, c= 0.0, d= 0.0 Request successfully executed.
30-10-2024 12:31:03 - INFO - Sending request to Setting Chmaber Zones to a= 0.0, b= 0.0, c= 0.0, d= 0.0 with timeout of 5s...
30-10-2024 12:31:03 - INFO - Setting Chmaber Zones to a= 0.0, b= 0.0, c= 0.0, d= 0.0 request successfully sent.
30-10-2024 12:31:03 - INFO - Response from moonraker: {'result': 'ok'}
30-10-2024 12:31:03 - INFO - Setting Chmaber Zones to a= 0.0, b= 0.0, c= 0.0, d= 0.0 Request successfully executed.
30-10-2024 12:31:03 - INFO - Sending request to Setting Chmaber Zones to a= 0.0, b= 0.0, c= 0.0, d= 0.0 with timeout of 5s...
30-10-2024 12:31:03 - INFO - Setting Chmaber Zones to a= 0.0, b= 0.0, c= 0.0, d= 0.0 request successfully sent.
30-10-2024 12:31:03 - INFO - Response from moonraker: {'result': 'ok'}
30-10-2024 12:31:03 - INFO - Setting Chmaber Zones to a= 0.0, b= 0.0, c= 0.0, d= 0.0 Request successfully executed.
30-10-2024 12:31:04 - INFO - Sending request to Setting Chmaber Zones to a= 0.0, b= 0.0, c= 0.0, d= 0.0 with timeout of 5s...
30-10-2024 12:31:04 - INFO - Setting Chmaber Zones to a= 0.0, b= 0.0, c= 0.0, d= 0.0 request successfully sent.
30-10-2024 12:31:04 - INFO - Response from moonraker: {'result': 'ok'}
30-10-2024 12:31:04 - INFO - Setting Chmaber Zones to a= 0.0, b= 0.0, c= 0.0, d= 0.0 Request successfully executed.
30-10-2024 12:31:04 - INFO - Sending request to Setting Chmaber Zones to a= 0.0, b= 0.0, c= 0.0, d= 0.0 with timeout of 5s...
30-10-2024 12:31:04 - INFO - Setting Chmaber Zones to a= 0.0, b= 0.0, c= 0.0, d= 0.0 request successfully sent.
30-10-2024 12:31:04 - INFO - Response from moonraker: {'result': 'ok'}
30-10-2024 12:31:04 - INFO - Setting Chmaber Zones to a= 0.0, b= 0.0, c= 0.0, d= 0.0 Request successfully executed.
30-10-2024 12:31:04 - INFO - Sending request to Setting Chmaber Zones to a= 0.0, b= 0.0, c= 0.0, d= 0.0 with timeout of 5s...
30-10-2024 12:31:04 - INFO - Setting Chmaber Zones to a= 0.0, b= 0.0, c= 0.0, d= 0.0 request successfully sent.
30-10-2024 12:31:04 - INFO - Response from moonraker: {'result': 'ok'}
30-10-2024 12:31:04 - INFO - Setting Chmaber Zones to a= 0.0, b= 0.0, c= 0.0, d= 0.0 Request successfully executed.
30-10-2024 12:31:04 - INFO - Sending request to Setting Chmaber Zones to a= 0.0, b= 0.0, c= 0.0, d= 0.0 with timeout of 5s...
30-10-2024 12:31:04 - INFO - Setting Chmaber Zones to a= 0.0, b= 0.0, c= 0.0, d= 0.0 request successfully sent.
30-10-2024 12:31:04 - INFO - Response from moonraker: {'result': 'ok'}
30-10-2024 12:31:04 - INFO - Setting Chmaber Zones to a= 0.0, b= 0.0, c= 0.0, d= 0.0 Request successfully executed.
30-10-2024 12:31:04 - INFO - Sending request to Setting Chmaber Zones to a= 0.0, b= 0.0, c= 0.0, d= 0.0 with timeout of 5s...
30-10-2024 12:31:04 - INFO - Setting Chmaber Zones to a= 0.0, b= 0.0, c= 0.0, d= 0.0 request successfully sent.
30-10-2024 12:31:04 - INFO - Response from moonraker: {'result': 'ok'}
30-10-2024 12:31:04 - INFO - Setting Chmaber Zones to a= 0.0, b= 0.0, c= 0.0, d= 0.0 Request successfully executed.
30-10-2024 12:31:05 - INFO - Sending request to Setting Chmaber Zones to a= 0.0, b= 0.0, c= 0.0, d= 0.0 with timeout of 5s...
30-10-2024 12:31:05 - INFO - Setting Chmaber Zones to a= 0.0, b= 0.0, c= 0.0, d= 0.0 request successfully sent.
30-10-2024 12:31:05 - INFO - Response from moonraker: {'result': 'ok'}
30-10-2024 12:31:05 - INFO - Setting Chmaber Zones to a= 0.0, b= 0.0, c= 0.0, d= 0.0 Request successfully executed.
30-10-2024 12:31:05 - INFO - Sending request to Setting Chmaber Zones to a= 0.0, b= 0.0, c= 0.0, d= 0.0 with timeout of 5s...
30-10-2024 12:31:05 - INFO - Setting Chmaber Zones to a= 0.0, b= 0.0, c= 0.0, d= 0.0 request successfully sent.
30-10-2024 12:31:05 - INFO - Response from moonraker: {'result': 'ok'}
30-10-2024 12:31:05 - INFO - Setting Chmaber Zones to a= 0.0, b= 0.0, c= 0.0, d= 0.0 Request successfully executed.
30-10-2024 12:31:05 - INFO - Sending request to Setting Chmaber Zones to a= 0.0, b= 0.0, c= 0.0, d= 0.0 with timeout of 5s...
30-10-2024 12:31:05 - INFO - Setting Chmaber Zones to a= 0.0, b= 0.0, c= 0.0, d= 0.0 request successfully sent.
30-10-2024 12:31:05 - INFO - Response from moonraker: {'result': 'ok'}
30-10-2024 12:31:05 - INFO - Setting Chmaber Zones to a= 0.0, b= 0.0, c= 0.0, d= 0.0 Request successfully executed.
30-10-2024 12:31:05 - INFO - Sending request to Setting Chmaber Zones to a= 0.0, b= 0.0, c= 0.0, d= 0.0 with timeout of 5s...
30-10-2024 12:31:05 - INFO - Setting Chmaber Zones to a= 0.0, b= 0.0, c= 0.0, d= 0.0 request successfully sent.
30-10-2024 12:31:05 - INFO - Response from moonraker: {'result': 'ok'}
30-10-2024 12:31:05 - INFO - Setting Chmaber Zones to a= 0.0, b= 0.0, c= 0.0, d= 0.0 Request successfully executed.
30-10-2024 12:31:05 - INFO - Sending request to Setting Chmaber Zones to a= 0.0, b= 0.0, c= 0.0, d= 0.0 with timeout of 5s...
30-10-2024 12:31:05 - INFO - Setting Chmaber Zones to a= 0.0, b= 0.0, c= 0.0, d= 0.0 request successfully sent.
30-10-2024 12:31:05 - INFO - Response from moonraker: {'result': 'ok'}
30-10-2024 12:31:05 - INFO - Setting Chmaber Zones to a= 0.0, b= 0.0, c= 0.0, d= 0.0 Request successfully executed.
30-10-2024 12:31:06 - INFO - Sending request to Setting Chmaber Zones to a= 0.0, b= 0.0, c= 0.0, d= 0.0 with timeout of 5s...
30-10-2024 12:31:06 - INFO - Setting Chmaber Zones to a= 0.0, b= 0.0, c= 0.0, d= 0.0 request successfully sent.
30-10-2024 12:31:06 - INFO - Response from moonraker: {'result': 'ok'}
30-10-2024 12:31:06 - INFO - Setting Chmaber Zones to a= 0.0, b= 0.0, c= 0.0, d= 0.0 Request successfully executed.
30-10-2024 12:31:06 - INFO - Sending request to Setting Chmaber Zones to a= 0.0, b= 0.0, c= 0.0, d= 0.0 with timeout of 5s...
30-10-2024 12:31:06 - INFO - Setting Chmaber Zones to a= 0.0, b= 0.0, c= 0.0, d= 0.0 request successfully sent.
30-10-2024 12:31:06 - INFO - Response from moonraker: {'result': 'ok'}
30-10-2024 12:31:06 - INFO - Setting Chmaber Zones to a= 0.0, b= 0.0, c= 0.0, d= 0.0 Request successfully executed.
30-10-2024 12:31:06 - INFO - Sending request to Setting Chmaber Zones to a= 0.0, b= 0.0, c= 0.0, d= 0.0 with timeout of 5s...
30-10-2024 12:31:06 - INFO - Setting Chmaber Zones to a= 0.0, b= 0.0, c= 0.0, d= 0.0 request successfully sent.
30-10-2024 12:31:06 - INFO - Response from moonraker: {'result': 'ok'}
30-10-2024 12:31:06 - INFO - Setting Chmaber Zones to a= 0.0, b= 0.0, c= 0.0, d= 0.0 Request successfully executed.
30-10-2024 12:31:06 - INFO - Sending request to Setting Chmaber Zones to a= 0.0, b= 0.0, c= 0.0, d= 0.0 with timeout of 5s...
30-10-2024 12:31:06 - INFO - Setting Chmaber Zones to a= 0.0, b= 0.0, c= 0.0, d= 0.0 request successfully sent.
30-10-2024 12:31:06 - INFO - Response from moonraker: {'result': 'ok'}
30-10-2024 12:31:06 - INFO - Setting Chmaber Zones to a= 0.0, b= 0.0, c= 0.0, d= 0.0 Request successfully executed.
30-10-2024 12:31:06 - INFO - Sending request to Setting Chmaber Zones to a= 0.0, b= 0.0, c= 0.0, d= 0.0 with timeout of 5s...
30-10-2024 12:31:06 - INFO - Setting Chmaber Zones to a= 0.0, b= 0.0, c= 0.0, d= 0.0 request successfully sent.
30-10-2024 12:31:06 - INFO - Response from moonraker: {'result': 'ok'}
30-10-2024 12:31:06 - INFO - Setting Chmaber Zones to a= 0.0, b= 0.0, c= 0.0, d= 0.0 Request successfully executed.
30-10-2024 12:31:07 - INFO - Sending request to Setting Chmaber Zones to a= 0.0, b= 0.0, c= 0.0, d= 0.0 with timeout of 5s...
30-10-2024 12:31:07 - INFO - Setting Chmaber Zones to a= 0.0, b= 0.0, c= 0.0, d= 0.0 request successfully sent.
30-10-2024 12:31:07 - INFO - Response from moonraker: {'result': 'ok'}
30-10-2024 12:31:07 - INFO - Setting Chmaber Zones to a= 0.0, b= 0.0, c= 0.0, d= 0.0 Request successfully executed.
30-10-2024 12:31:07 - INFO - Sending request to Setting Chmaber Zones to a= 0.0, b= 0.0, c= 0.0, d= 0.0 with timeout of 5s...
30-10-2024 12:31:07 - INFO - Setting Chmaber Zones to a= 0.0, b= 0.0, c= 0.0, d= 0.0 request successfully sent.
30-10-2024 12:31:07 - INFO - Response from moonraker: {'result': 'ok'}
30-10-2024 12:31:07 - INFO - Setting Chmaber Zones to a= 0.0, b= 0.0, c= 0.0, d= 0.0 Request successfully executed.
30-10-2024 12:31:07 - INFO - Sending request to Setting Chmaber Zones to a= 0.0, b= 0.0, c= 0.0, d= 0.0 with timeout of 5s...
30-10-2024 12:31:07 - INFO - Setting Chmaber Zones to a= 0.0, b= 0.0, c= 0.0, d= 0.0 request successfully sent.
30-10-2024 12:31:07 - INFO - Response from moonraker: {'result': 'ok'}
30-10-2024 12:31:07 - INFO - Setting Chmaber Zones to a= 0.0, b= 0.0, c= 0.0, d= 0.0 Request successfully executed.
30-10-2024 12:31:07 - INFO - Sending request to Setting Chmaber Zones to a= 0.0, b= 0.0, c= 0.0, d= 0.0 with timeout of 5s...
30-10-2024 12:31:07 - INFO - Setting Chmaber Zones to a= 0.0, b= 0.0, c= 0.0, d= 0.0 request successfully sent.
30-10-2024 12:31:07 - INFO - Response from moonraker: {'result': 'ok'}
30-10-2024 12:31:07 - INFO - Setting Chmaber Zones to a= 0.0, b= 0.0, c= 0.0, d= 0.0 Request successfully executed.
30-10-2024 12:31:07 - INFO - Sending request to Setting Chmaber Zones to a= 0.0, b= 0.0, c= 0.0, d= 0.0 with timeout of 5s...
30-10-2024 12:31:07 - INFO - Setting Chmaber Zones to a= 0.0, b= 0.0, c= 0.0, d= 0.0 request successfully sent.
30-10-2024 12:31:07 - INFO - Response from moonraker: {'result': 'ok'}
30-10-2024 12:31:07 - INFO - Setting Chmaber Zones to a= 0.0, b= 0.0, c= 0.0, d= 0.0 Request successfully executed.
30-10-2024 12:31:08 - INFO - Sending request to Setting Chmaber Zones to a= 0.0, b= 0.0, c= 0.0, d= 0.0 with timeout of 5s...
30-10-2024 12:31:08 - INFO - Setting Chmaber Zones to a= 0.0, b= 0.0, c= 0.0, d= 0.0 request successfully sent.
30-10-2024 12:31:08 - INFO - Response from moonraker: {'result': 'ok'}
30-10-2024 12:31:08 - INFO - Setting Chmaber Zones to a= 0.0, b= 0.0, c= 0.0, d= 0.0 Request successfully executed.
30-10-2024 12:31:08 - INFO - Sending request to Setting Chmaber Zones to a= 0.0, b= 0.0, c= 0.0, d= 0.0 with timeout of 5s...
30-10-2024 12:31:08 - INFO - Setting Chmaber Zones to a= 0.0, b= 0.0, c= 0.0, d= 0.0 request successfully sent.
30-10-2024 12:31:08 - INFO - Response from moonraker: {'result': 'ok'}
30-10-2024 12:31:08 - INFO - Setting Chmaber Zones to a= 0.0, b= 0.0, c= 0.0, d= 0.0 Request successfully executed.
30-10-2024 12:31:08 - INFO - Sending request to Setting Chmaber Zones to a= 0.0, b= 0.0, c= 0.0, d= 0.0 with timeout of 5s...
30-10-2024 12:31:08 - INFO - Setting Chmaber Zones to a= 0.0, b= 0.0, c= 0.0, d= 0.0 request successfully sent.
30-10-2024 12:31:08 - INFO - Response from moonraker: {'result': 'ok'}
30-10-2024 12:31:08 - INFO - Setting Chmaber Zones to a= 0.0, b= 0.0, c= 0.0, d= 0.0 Request successfully executed.
30-10-2024 12:31:08 - INFO - Sending request to Setting Chmaber Zones to a= 0.0, b= 0.0, c= 0.0, d= 0.0 with timeout of 5s...
30-10-2024 12:31:08 - INFO - Setting Chmaber Zones to a= 0.0, b= 0.0, c= 0.0, d= 0.0 request successfully sent.
30-10-2024 12:31:08 - INFO - Response from moonraker: {'result': 'ok'}
30-10-2024 12:31:08 - INFO - Setting Chmaber Zones to a= 0.0, b= 0.0, c= 0.0, d= 0.0 Request successfully executed.
30-10-2024 12:31:08 - INFO - Sending request to Setting Chmaber Zones to a= 0.0, b= 0.0, c= 0.0, d= 0.0 with timeout of 5s...
30-10-2024 12:31:08 - INFO - Setting Chmaber Zones to a= 0.0, b= 0.0, c= 0.0, d= 0.0 request successfully sent.
30-10-2024 12:31:08 - INFO - Response from moonraker: {'result': 'ok'}
30-10-2024 12:31:08 - INFO - Setting Chmaber Zones to a= 0.0, b= 0.0, c= 0.0, d= 0.0 Request successfully executed.
30-10-2024 12:31:09 - INFO - Sending request to Setting Chmaber Zones to a= 0.0, b= 0.0, c= 0.0, d= 0.0 with timeout of 5s...
30-10-2024 12:31:09 - INFO - Setting Chmaber Zones to a= 0.0, b= 0.0, c= 0.0, d= 0.0 request successfully sent.
30-10-2024 12:31:09 - INFO - Response from moonraker: {'result': 'ok'}
30-10-2024 12:31:09 - INFO - Setting Chmaber Zones to a= 0.0, b= 0.0, c= 0.0, d= 0.0 Request successfully executed.
30-10-2024 12:31:09 - INFO - Sending request to Setting Chmaber Zones to a= 0.0, b= 0.0, c= 0.0, d= 0.0 with timeout of 5s...
30-10-2024 12:31:09 - INFO - Setting Chmaber Zones to a= 0.0, b= 0.0, c= 0.0, d= 0.0 request successfully sent.
30-10-2024 12:31:09 - INFO - Response from moonraker: {'result': 'ok'}
30-10-2024 12:31:09 - INFO - Setting Chmaber Zones to a= 0.0, b= 0.0, c= 0.0, d= 0.0 Request successfully executed.
30-10-2024 12:31:09 - INFO - Sending request to Setting Chmaber Zones to a= 0.0, b= 0.0, c= 0.0, d= 0.0 with timeout of 5s...
30-10-2024 12:31:09 - INFO - Setting Chmaber Zones to a= 0.0, b= 0.0, c= 0.0, d= 0.0 request successfully sent.
30-10-2024 12:31:09 - INFO - Response from moonraker: {'result': 'ok'}
30-10-2024 12:31:09 - INFO - Setting Chmaber Zones to a= 0.0, b= 0.0, c= 0.0, d= 0.0 Request successfully executed.
30-10-2024 12:31:09 - INFO - Sending request to Setting Chmaber Zones to a= 0.0, b= 0.0, c= 0.0, d= 0.0 with timeout of 5s...
30-10-2024 12:31:09 - INFO - Setting Chmaber Zones to a= 0.0, b= 0.0, c= 0.0, d= 0.0 request successfully sent.
30-10-2024 12:31:09 - INFO - Response from moonraker: {'result': 'ok'}
30-10-2024 12:31:09 - INFO - Setting Chmaber Zones to a= 0.0, b= 0.0, c= 0.0, d= 0.0 Request successfully executed.
30-10-2024 12:31:09 - INFO - Sending request to Setting Chmaber Zones to a= 0.0, b= 0.0, c= 0.0, d= 0.0 with timeout of 5s...
30-10-2024 12:31:09 - INFO - Setting Chmaber Zones to a= 0.0, b= 0.0, c= 0.0, d= 0.0 request successfully sent.
30-10-2024 12:31:09 - INFO - Response from moonraker: {'result': 'ok'}
30-10-2024 12:31:09 - INFO - Setting Chmaber Zones to a= 0.0, b= 0.0, c= 0.0, d= 0.0 Request successfully executed.
30-10-2024 12:31:10 - INFO - Sending request to Setting Chmaber Zones to a= 0.0, b= 0.0, c= 0.0, d= 0.0 with timeout of 5s...
30-10-2024 12:31:10 - INFO - Setting Chmaber Zones to a= 0.0, b= 0.0, c= 0.0, d= 0.0 request successfully sent.
30-10-2024 12:31:10 - INFO - Response from moonraker: {'result': 'ok'}
30-10-2024 12:31:10 - INFO - Setting Chmaber Zones to a= 0.0, b= 0.0, c= 0.0, d= 0.0 Request successfully executed.
30-10-2024 12:31:10 - INFO - Sending request to Setting Chmaber Zones to a= 0.0, b= 0.0, c= 0.0, d= 0.0 with timeout of 5s...
30-10-2024 12:31:10 - INFO - Setting Chmaber Zones to a= 0.0, b= 0.0, c= 0.0, d= 0.0 request successfully sent.
30-10-2024 12:31:10 - INFO - Response from moonraker: {'result': 'ok'}
30-10-2024 12:31:10 - INFO - Setting Chmaber Zones to a= 0.0, b= 0.0, c= 0.0, d= 0.0 Request successfully executed.
30-10-2024 12:31:10 - INFO - Sending request to Setting Chmaber Zones to a= 0.0, b= 0.0, c= 0.0, d= 0.0 with timeout of 5s...
30-10-2024 12:31:10 - INFO - Setting Chmaber Zones to a= 0.0, b= 0.0, c= 0.0, d= 0.0 request successfully sent.
30-10-2024 12:31:10 - INFO - Response from moonraker: {'result': 'ok'}
30-10-2024 12:31:10 - INFO - Setting Chmaber Zones to a= 0.0, b= 0.0, c= 0.0, d= 0.0 Request successfully executed.
30-10-2024 12:31:10 - INFO - Sending request to Setting Chmaber Zones to a= 0.0, b= 0.0, c= 0.0, d= 0.0 with timeout of 5s...
30-10-2024 12:31:10 - INFO - Setting Chmaber Zones to a= 0.0, b= 0.0, c= 0.0, d= 0.0 request successfully sent.
30-10-2024 12:31:10 - INFO - Response from moonraker: {'result': 'ok'}
30-10-2024 12:31:10 - INFO - Setting Chmaber Zones to a= 0.0, b= 0.0, c= 0.0, d= 0.0 Request successfully executed.
30-10-2024 12:31:10 - INFO - Sending request to Setting Chmaber Zones to a= 0.0, b= 0.0, c= 0.0, d= 0.0 with timeout of 5s...
30-10-2024 12:31:10 - INFO - Setting Chmaber Zones to a= 0.0, b= 0.0, c= 0.0, d= 0.0 request successfully sent.
30-10-2024 12:31:10 - INFO - Response from moonraker: {'result': 'ok'}
30-10-2024 12:31:10 - INFO - Setting Chmaber Zones to a= 0.0, b= 0.0, c= 0.0, d= 0.0 Request successfully executed.
30-10-2024 12:31:11 - INFO - Sending request to Setting Chmaber Zones to a= 0.0, b= 0.0, c= 0.0, d= 0.0 with timeout of 5s...
30-10-2024 12:31:11 - INFO - Setting Chmaber Zones to a= 0.0, b= 0.0, c= 0.0, d= 0.0 request successfully sent.
30-10-2024 12:31:11 - INFO - Response from moonraker: {'result': 'ok'}
30-10-2024 12:31:11 - INFO - Setting Chmaber Zones to a= 0.0, b= 0.0, c= 0.0, d= 0.0 Request successfully executed.
30-10-2024 12:31:11 - INFO - Sending request to Setting Chmaber Zones to a= 0.0, b= 0.0, c= 0.0, d= 0.0 with timeout of 5s...
30-10-2024 12:31:11 - INFO - Setting Chmaber Zones to a= 0.0, b= 0.0, c= 0.0, d= 0.0 request successfully sent.
30-10-2024 12:31:11 - INFO - Response from moonraker: {'result': 'ok'}
30-10-2024 12:31:11 - INFO - Setting Chmaber Zones to a= 0.0, b= 0.0, c= 0.0, d= 0.0 Request successfully executed.
30-10-2024 12:31:11 - INFO - Sending request to Setting Chmaber Zones to a= 0.0, b= 0.0, c= 0.0, d= 0.0 with timeout of 5s...
30-10-2024 12:31:11 - INFO - Setting Chmaber Zones to a= 0.0, b= 0.0, c= 0.0, d= 0.0 request successfully sent.
30-10-2024 12:31:11 - INFO - Response from moonraker: {'result': 'ok'}
30-10-2024 12:31:11 - INFO - Setting Chmaber Zones to a= 0.0, b= 0.0, c= 0.0, d= 0.0 Request successfully executed.
30-10-2024 12:31:11 - INFO - Sending request to Setting Chmaber Zones to a= 0.0, b= 0.0, c= 0.0, d= 0.0 with timeout of 5s...
30-10-2024 12:31:11 - INFO - Setting Chmaber Zones to a= 0.0, b= 0.0, c= 0.0, d= 0.0 request successfully sent.
30-10-2024 12:31:11 - INFO - Response from moonraker: {'result': 'ok'}
30-10-2024 12:31:11 - INFO - Setting Chmaber Zones to a= 0.0, b= 0.0, c= 0.0, d= 0.0 Request successfully executed.
30-10-2024 12:31:11 - INFO - Sending request to Setting Chmaber Zones to a= 0.0, b= 0.0, c= 0.0, d= 0.0 with timeout of 5s...
30-10-2024 12:31:11 - INFO - Setting Chmaber Zones to a= 0.0, b= 0.0, c= 0.0, d= 0.0 request successfully sent.
30-10-2024 12:31:11 - INFO - Response from moonraker: {'result': 'ok'}
30-10-2024 12:31:11 - INFO - Setting Chmaber Zones to a= 0.0, b= 0.0, c= 0.0, d= 0.0 Request successfully executed.
30-10-2024 12:31:12 - INFO - Sending request to Setting Chmaber Zones to a= 0.0, b= 0.0, c= 0.0, d= 0.0 with timeout of 5s...
30-10-2024 12:31:12 - INFO - Setting Chmaber Zones to a= 0.0, b= 0.0, c= 0.0, d= 0.0 request successfully sent.
30-10-2024 12:31:12 - INFO - Response from moonraker: {'result': 'ok'}
30-10-2024 12:31:12 - INFO - Setting Chmaber Zones to a= 0.0, b= 0.0, c= 0.0, d= 0.0 Request successfully executed.
30-10-2024 12:31:12 - INFO - Sending request to Setting Chmaber Zones to a= 0.0, b= 0.0, c= 0.0, d= 0.0 with timeout of 5s...
30-10-2024 12:31:12 - INFO - Setting Chmaber Zones to a= 0.0, b= 0.0, c= 0.0, d= 0.0 request successfully sent.
30-10-2024 12:31:12 - INFO - Response from moonraker: {'result': 'ok'}
30-10-2024 12:31:12 - INFO - Setting Chmaber Zones to a= 0.0, b= 0.0, c= 0.0, d= 0.0 Request successfully executed.
30-10-2024 12:31:12 - INFO - Sending request to Setting Chmaber Zones to a= 0.0, b= 0.0, c= 0.0, d= 0.0 with timeout of 5s...
30-10-2024 12:31:12 - INFO - Setting Chmaber Zones to a= 0.0, b= 0.0, c= 0.0, d= 0.0 request successfully sent.
30-10-2024 12:31:12 - INFO - Response from moonraker: {'result': 'ok'}
30-10-2024 12:31:12 - INFO - Setting Chmaber Zones to a= 0.0, b= 0.0, c= 0.0, d= 0.0 Request successfully executed.
30-10-2024 12:31:12 - INFO - Sending request to Setting Chmaber Zones to a= 0.0, b= 0.0, c= 0.0, d= 0.0 with timeout of 5s...
30-10-2024 12:31:12 - INFO - Setting Chmaber Zones to a= 0.0, b= 0.0, c= 0.0, d= 0.0 request successfully sent.
30-10-2024 12:31:12 - INFO - Response from moonraker: {'result': 'ok'}
30-10-2024 12:31:12 - INFO - Setting Chmaber Zones to a= 0.0, b= 0.0, c= 0.0, d= 0.0 Request successfully executed.
30-10-2024 12:31:12 - INFO - Sending request to Setting Chmaber Zones to a= 0.0, b= 0.0, c= 0.0, d= 0.0 with timeout of 5s...
30-10-2024 12:31:12 - INFO - Setting Chmaber Zones to a= 0.0, b= 0.0, c= 0.0, d= 0.0 request successfully sent.
30-10-2024 12:31:12 - INFO - Response from moonraker: {'result': 'ok'}
30-10-2024 12:31:12 - INFO - Setting Chmaber Zones to a= 0.0, b= 0.0, c= 0.0, d= 0.0 Request successfully executed.
30-10-2024 12:31:13 - INFO - Sending request to Setting Chmaber Zones to a= 0.0, b= 0.0, c= 0.0, d= 0.0 with timeout of 5s...
30-10-2024 12:31:13 - INFO - Setting Chmaber Zones to a= 0.0, b= 0.0, c= 0.0, d= 0.0 request successfully sent.
30-10-2024 12:31:13 - INFO - Response from moonraker: {'result': 'ok'}
30-10-2024 12:31:13 - INFO - Setting Chmaber Zones to a= 0.0, b= 0.0, c= 0.0, d= 0.0 Request successfully executed.
30-10-2024 12:31:13 - INFO - Sending request to Setting Chmaber Zones to a= 0.0, b= 0.0, c= 0.0, d= 0.0 with timeout of 5s...
30-10-2024 12:31:13 - INFO - Setting Chmaber Zones to a= 0.0, b= 0.0, c= 0.0, d= 0.0 request successfully sent.
30-10-2024 12:31:13 - INFO - Response from moonraker: {'result': 'ok'}
30-10-2024 12:31:13 - INFO - Setting Chmaber Zones to a= 0.0, b= 0.0, c= 0.0, d= 0.0 Request successfully executed.
30-10-2024 12:31:13 - INFO - Sending request to Setting Chmaber Zones to a= 0.0, b= 0.0, c= 0.0, d= 0.0 with timeout of 5s...
30-10-2024 12:31:13 - INFO - Setting Chmaber Zones to a= 0.0, b= 0.0, c= 0.0, d= 0.0 request successfully sent.
30-10-2024 12:31:13 - INFO - Response from moonraker: {'result': 'ok'}
30-10-2024 12:31:13 - INFO - Setting Chmaber Zones to a= 0.0, b= 0.0, c= 0.0, d= 0.0 Request successfully executed.
30-10-2024 12:31:13 - INFO - Sending request to Setting Chmaber Zones to a= 0.0, b= 0.0, c= 0.0, d= 0.0 with timeout of 5s...
30-10-2024 12:31:13 - INFO - Setting Chmaber Zones to a= 0.0, b= 0.0, c= 0.0, d= 0.0 request successfully sent.
30-10-2024 12:31:13 - INFO - Response from moonraker: {'result': 'ok'}
30-10-2024 12:31:13 - INFO - Setting Chmaber Zones to a= 0.0, b= 0.0, c= 0.0, d= 0.0 Request successfully executed.
30-10-2024 12:31:13 - INFO - Sending request to Setting Chmaber Zones to a= 0.0, b= 0.0, c= 0.0, d= 0.0 with timeout of 5s...
30-10-2024 12:31:13 - INFO - Setting Chmaber Zones to a= 0.0, b= 0.0, c= 0.0, d= 0.0 request successfully sent.
30-10-2024 12:31:13 - INFO - Response from moonraker: {'result': 'ok'}
30-10-2024 12:31:13 - INFO - Setting Chmaber Zones to a= 0.0, b= 0.0, c= 0.0, d= 0.0 Request successfully executed.
30-10-2024 12:31:14 - INFO - Sending request to Setting Chmaber Zones to a= 0.0, b= 0.0, c= 0.0, d= 0.0 with timeout of 5s...
30-10-2024 12:31:14 - INFO - Setting Chmaber Zones to a= 0.0, b= 0.0, c= 0.0, d= 0.0 request successfully sent.
30-10-2024 12:31:14 - INFO - Response from moonraker: {'result': 'ok'}
30-10-2024 12:31:14 - INFO - Setting Chmaber Zones to a= 0.0, b= 0.0, c= 0.0, d= 0.0 Request successfully executed.
30-10-2024 12:31:14 - INFO - Sending request to Setting Chmaber Zones to a= 0.0, b= 0.0, c= 0.0, d= 0.0 with timeout of 5s...
30-10-2024 12:31:14 - INFO - Setting Chmaber Zones to a= 0.0, b= 0.0, c= 0.0, d= 0.0 request successfully sent.
30-10-2024 12:31:14 - INFO - Response from moonraker: {'result': 'ok'}
30-10-2024 12:31:14 - INFO - Setting Chmaber Zones to a= 0.0, b= 0.0, c= 0.0, d= 0.0 Request successfully executed.
30-10-2024 12:31:14 - INFO - Sending request to Setting Chmaber Zones to a= 0.0, b= 0.0, c= 0.0, d= 0.0 with timeout of 5s...
30-10-2024 12:31:14 - INFO - Setting Chmaber Zones to a= 0.0, b= 0.0, c= 0.0, d= 0.0 request successfully sent.
30-10-2024 12:31:14 - INFO - Response from moonraker: {'result': 'ok'}
30-10-2024 12:31:14 - INFO - Setting Chmaber Zones to a= 0.0, b= 0.0, c= 0.0, d= 0.0 Request successfully executed.
30-10-2024 12:31:14 - INFO - Sending request to Setting Chmaber Zones to a= 0.0, b= 0.0, c= 0.0, d= 0.0 with timeout of 5s...
30-10-2024 12:31:14 - INFO - Setting Chmaber Zones to a= 0.0, b= 0.0, c= 0.0, d= 0.0 request successfully sent.
30-10-2024 12:31:14 - INFO - Response from moonraker: {'result': 'ok'}
30-10-2024 12:31:14 - INFO - Setting Chmaber Zones to a= 0.0, b= 0.0, c= 0.0, d= 0.0 Request successfully executed.
30-10-2024 12:31:14 - INFO - Sending request to Setting Chmaber Zones to a= 0.0, b= 0.0, c= 0.0, d= 0.0 with timeout of 5s...
30-10-2024 12:31:14 - INFO - Setting Chmaber Zones to a= 0.0, b= 0.0, c= 0.0, d= 0.0 request successfully sent.
30-10-2024 12:31:14 - INFO - Response from moonraker: {'result': 'ok'}
30-10-2024 12:31:14 - INFO - Setting Chmaber Zones to a= 0.0, b= 0.0, c= 0.0, d= 0.0 Request successfully executed.
30-10-2024 12:31:15 - INFO - Sending request to Setting Chmaber Zones to a= 0.0, b= 0.0, c= 0.0, d= 0.0 with timeout of 5s...
30-10-2024 12:31:15 - INFO - Setting Chmaber Zones to a= 0.0, b= 0.0, c= 0.0, d= 0.0 request successfully sent.
30-10-2024 12:31:15 - INFO - Response from moonraker: {'result': 'ok'}
30-10-2024 12:31:15 - INFO - Setting Chmaber Zones to a= 0.0, b= 0.0, c= 0.0, d= 0.0 Request successfully executed.
30-10-2024 12:31:15 - INFO - Sending request to Setting Chmaber Zones to a= 0.0, b= 0.0, c= 0.0, d= 0.0 with timeout of 5s...
30-10-2024 12:31:15 - INFO - Setting Chmaber Zones to a= 0.0, b= 0.0, c= 0.0, d= 0.0 request successfully sent.
30-10-2024 12:31:15 - INFO - Response from moonraker: {'result': 'ok'}
30-10-2024 12:31:15 - INFO - Setting Chmaber Zones to a= 0.0, b= 0.0, c= 0.0, d= 0.0 Request successfully executed.
30-10-2024 12:31:15 - INFO - Sending request to Setting Chmaber Zones to a= 0.0, b= 0.0, c= 0.0, d= 0.0 with timeout of 5s...
30-10-2024 12:31:15 - INFO - Setting Chmaber Zones to a= 0.0, b= 0.0, c= 0.0, d= 0.0 request successfully sent.
30-10-2024 12:31:15 - INFO - Response from moonraker: {'result': 'ok'}
30-10-2024 12:31:15 - INFO - Setting Chmaber Zones to a= 0.0, b= 0.0, c= 0.0, d= 0.0 Request successfully executed.
30-10-2024 12:31:15 - INFO - Sending request to Setting Chmaber Zones to a= 0.0, b= 0.0, c= 0.0, d= 0.0 with timeout of 5s...
30-10-2024 12:31:15 - INFO - Setting Chmaber Zones to a= 0.0, b= 0.0, c= 0.0, d= 0.0 request successfully sent.
30-10-2024 12:31:15 - INFO - Response from moonraker: {'result': 'ok'}
30-10-2024 12:31:15 - INFO - Setting Chmaber Zones to a= 0.0, b= 0.0, c= 0.0, d= 0.0 Request successfully executed.
30-10-2024 12:31:15 - INFO - Sending request to Setting Chmaber Zones to a= 0.0, b= 0.0, c= 0.0, d= 0.0 with timeout of 5s...
30-10-2024 12:31:15 - INFO - Setting Chmaber Zones to a= 0.0, b= 0.0, c= 0.0, d= 0.0 request successfully sent.
30-10-2024 12:31:15 - INFO - Response from moonraker: {'result': 'ok'}
30-10-2024 12:31:15 - INFO - Setting Chmaber Zones to a= 0.0, b= 0.0, c= 0.0, d= 0.0 Request successfully executed.
30-10-2024 12:31:16 - INFO - Sending request to Setting Chmaber Zones to a= 0.0, b= 0.0, c= 0.0, d= 0.0 with timeout of 5s...
30-10-2024 12:31:16 - INFO - Setting Chmaber Zones to a= 0.0, b= 0.0, c= 0.0, d= 0.0 request successfully sent.
30-10-2024 12:31:16 - INFO - Response from moonraker: {'result': 'ok'}
30-10-2024 12:31:16 - INFO - Setting Chmaber Zones to a= 0.0, b= 0.0, c= 0.0, d= 0.0 Request successfully executed.
30-10-2024 12:31:16 - INFO - Sending request to Setting Chmaber Zones to a= 0.0, b= 0.0, c= 0.0, d= 0.0 with timeout of 5s...
30-10-2024 12:31:16 - INFO - Sending request to Setting Chmaber Zones to a= 0.0, b= 0.0, c= 0.0, d= 0.0 with timeout of 5s...
30-10-2024 12:31:16 - INFO - Setting Chmaber Zones to a= 0.0, b= 0.0, c= 0.0, d= 0.0 request successfully sent.
30-10-2024 12:31:16 - INFO - Response from moonraker: {'result': 'ok'}
30-10-2024 12:31:16 - INFO - Setting Chmaber Zones to a= 0.0, b= 0.0, c= 0.0, d= 0.0 Request successfully executed.
30-10-2024 12:31:16 - INFO - Setting Chmaber Zones to a= 0.0, b= 0.0, c= 0.0, d= 0.0 request successfully sent.
30-10-2024 12:31:16 - INFO - Response from moonraker: {'result': 'ok'}
30-10-2024 12:31:16 - INFO - Setting Chmaber Zones to a= 0.0, b= 0.0, c= 0.0, d= 0.0 Request successfully executed.
30-10-2024 12:31:16 - INFO - Sending request to Setting Chmaber Zones to a= 0.0, b= 0.0, c= 0.0, d= 0.0 with timeout of 5s...
30-10-2024 12:31:16 - INFO - Setting Chmaber Zones to a= 0.0, b= 0.0, c= 0.0, d= 0.0 request successfully sent.
30-10-2024 12:31:16 - INFO - Response from moonraker: {'result': 'ok'}
30-10-2024 12:31:16 - INFO - Setting Chmaber Zones to a= 0.0, b= 0.0, c= 0.0, d= 0.0 Request successfully executed.
30-10-2024 12:31:16 - INFO - Sending request to Setting Chmaber Zones to a= 0.0, b= 0.0, c= 0.0, d= 0.0 with timeout of 5s...
30-10-2024 12:31:16 - INFO - Setting Chmaber Zones to a= 0.0, b= 0.0, c= 0.0, d= 0.0 request successfully sent.
30-10-2024 12:31:16 - INFO - Response from moonraker: {'result': 'ok'}
30-10-2024 12:31:16 - INFO - Setting Chmaber Zones to a= 0.0, b= 0.0, c= 0.0, d= 0.0 Request successfully executed.
30-10-2024 12:31:17 - INFO - Sending request to Setting Chmaber Zones to a= 0.0, b= 0.0, c= 0.0, d= 0.0 with timeout of 5s...
30-10-2024 12:31:17 - INFO - Setting Chmaber Zones to a= 0.0, b= 0.0, c= 0.0, d= 0.0 request successfully sent.
30-10-2024 12:31:17 - INFO - Response from moonraker: {'result': 'ok'}
30-10-2024 12:31:17 - INFO - Setting Chmaber Zones to a= 0.0, b= 0.0, c= 0.0, d= 0.0 Request successfully executed.
30-10-2024 12:31:17 - INFO - Sending request to Setting Chmaber Zones to a= 0.0, b= 0.0, c= 0.0, d= 0.0 with timeout of 5s...
30-10-2024 12:31:17 - INFO - Setting Chmaber Zones to a= 0.0, b= 0.0, c= 0.0, d= 0.0 request successfully sent.
30-10-2024 12:31:17 - INFO - Response from moonraker: {'result': 'ok'}
30-10-2024 12:31:17 - INFO - Setting Chmaber Zones to a= 0.0, b= 0.0, c= 0.0, d= 0.0 Request successfully executed.
30-10-2024 12:31:17 - INFO - Sending request to Setting Chmaber Zones to a= 0.0, b= 0.0, c= 0.0, d= 0.0 with timeout of 5s...
30-10-2024 12:31:17 - INFO - Setting Chmaber Zones to a= 0.0, b= 0.0, c= 0.0, d= 0.0 request successfully sent.
30-10-2024 12:31:17 - INFO - Response from moonraker: {'result': 'ok'}
30-10-2024 12:31:17 - INFO - Setting Chmaber Zones to a= 0.0, b= 0.0, c= 0.0, d= 0.0 Request successfully executed.
30-10-2024 12:31:17 - INFO - Sending request to Setting Chmaber Zones to a= 0.0, b= 0.0, c= 0.0, d= 0.0 with timeout of 5s...
30-10-2024 12:31:17 - INFO - Setting Chmaber Zones to a= 0.0, b= 0.0, c= 0.0, d= 0.0 request successfully sent.
30-10-2024 12:31:17 - INFO - Response from moonraker: {'result': 'ok'}
30-10-2024 12:31:17 - INFO - Setting Chmaber Zones to a= 0.0, b= 0.0, c= 0.0, d= 0.0 Request successfully executed.
30-10-2024 12:31:17 - INFO - Sending request to Setting Chmaber Zones to a= 0.0, b= 0.0, c= 0.0, d= 0.0 with timeout of 5s...
30-10-2024 12:31:17 - INFO - Setting Chmaber Zones to a= 0.0, b= 0.0, c= 0.0, d= 0.0 request successfully sent.
30-10-2024 12:31:17 - INFO - Response from moonraker: {'result': 'ok'}
30-10-2024 12:31:17 - INFO - Setting Chmaber Zones to a= 0.0, b= 0.0, c= 0.0, d= 0.0 Request successfully executed.
30-10-2024 12:31:18 - INFO - Sending request to Setting Chmaber Zones to a= 0.0, b= 0.0, c= 0.0, d= 0.0 with timeout of 5s...
30-10-2024 12:31:18 - INFO - Setting Chmaber Zones to a= 0.0, b= 0.0, c= 0.0, d= 0.0 request successfully sent.
30-10-2024 12:31:18 - INFO - Response from moonraker: {'result': 'ok'}
30-10-2024 12:31:18 - INFO - Setting Chmaber Zones to a= 0.0, b= 0.0, c= 0.0, d= 0.0 Request successfully executed.
30-10-2024 12:31:18 - INFO - Sending request to Setting Chmaber Zones to a= 0.0, b= 0.0, c= 0.0, d= 0.0 with timeout of 5s...
30-10-2024 12:31:18 - INFO - Setting Chmaber Zones to a= 0.0, b= 0.0, c= 0.0, d= 0.0 request successfully sent.
30-10-2024 12:31:18 - INFO - Response from moonraker: {'result': 'ok'}
30-10-2024 12:31:18 - INFO - Setting Chmaber Zones to a= 0.0, b= 0.0, c= 0.0, d= 0.0 Request successfully executed.
30-10-2024 12:31:18 - INFO - Sending request to Setting Chmaber Zones to a= 0.0, b= 0.0, c= 0.0, d= 0.0 with timeout of 5s...
30-10-2024 12:31:18 - INFO - Setting Chmaber Zones to a= 0.0, b= 0.0, c= 0.0, d= 0.0 request successfully sent.
30-10-2024 12:31:18 - INFO - Response from moonraker: {'result': 'ok'}
30-10-2024 12:31:18 - INFO - Setting Chmaber Zones to a= 0.0, b= 0.0, c= 0.0, d= 0.0 Request successfully executed.
30-10-2024 12:31:18 - INFO - Sending request to Setting Chmaber Zones to a= 0.0, b= 0.0, c= 0.0, d= 0.0 with timeout of 5s...
30-10-2024 12:31:18 - INFO - Setting Chmaber Zones to a= 0.0, b= 0.0, c= 0.0, d= 0.0 request successfully sent.
30-10-2024 12:31:18 - INFO - Response from moonraker: {'result': 'ok'}
30-10-2024 12:31:18 - INFO - Setting Chmaber Zones to a= 0.0, b= 0.0, c= 0.0, d= 0.0 Request successfully executed.
30-10-2024 12:31:18 - INFO - Sending request to Setting Chmaber Zones to a= 0.0, b= 0.0, c= 0.0, d= 0.0 with timeout of 5s...
30-10-2024 12:31:18 - INFO - Setting Chmaber Zones to a= 0.0, b= 0.0, c= 0.0, d= 0.0 request successfully sent.
30-10-2024 12:31:18 - INFO - Response from moonraker: {'result': 'ok'}
30-10-2024 12:31:18 - INFO - Setting Chmaber Zones to a= 0.0, b= 0.0, c= 0.0, d= 0.0 Request successfully executed.
30-10-2024 12:31:19 - INFO - Sending request to Setting Chmaber Zones to a= 0.0, b= 0.0, c= 0.0, d= 0.0 with timeout of 5s...
30-10-2024 12:31:19 - INFO - Setting Chmaber Zones to a= 0.0, b= 0.0, c= 0.0, d= 0.0 request successfully sent.
30-10-2024 12:31:19 - INFO - Response from moonraker: {'result': 'ok'}
30-10-2024 12:31:19 - INFO - Setting Chmaber Zones to a= 0.0, b= 0.0, c= 0.0, d= 0.0 Request successfully executed.
30-10-2024 12:31:19 - INFO - Sending request to Setting Chmaber Zones to a= 0.0, b= 0.0, c= 0.0, d= 0.0 with timeout of 5s...
30-10-2024 12:31:19 - INFO - Setting Chmaber Zones to a= 0.0, b= 0.0, c= 0.0, d= 0.0 request successfully sent.
30-10-2024 12:31:19 - INFO - Response from moonraker: {'result': 'ok'}
30-10-2024 12:31:19 - INFO - Setting Chmaber Zones to a= 0.0, b= 0.0, c= 0.0, d= 0.0 Request successfully executed.
30-10-2024 12:31:19 - INFO - Sending request to Setting Chmaber Zones to a= 0.0, b= 0.0, c= 0.0, d= 0.0 with timeout of 5s...
30-10-2024 12:31:19 - INFO - Setting Chmaber Zones to a= 0.0, b= 0.0, c= 0.0, d= 0.0 request successfully sent.
30-10-2024 12:31:19 - INFO - Response from moonraker: {'result': 'ok'}
30-10-2024 12:31:19 - INFO - Setting Chmaber Zones to a= 0.0, b= 0.0, c= 0.0, d= 0.0 Request successfully executed.
30-10-2024 12:31:19 - INFO - Sending request to Setting Chmaber Zones to a= 0.0, b= 0.0, c= 0.0, d= 0.0 with timeout of 5s...
30-10-2024 12:31:19 - INFO - Setting Chmaber Zones to a= 0.0, b= 0.0, c= 0.0, d= 0.0 request successfully sent.
30-10-2024 12:31:19 - INFO - Response from moonraker: {'result': 'ok'}
30-10-2024 12:31:19 - INFO - Setting Chmaber Zones to a= 0.0, b= 0.0, c= 0.0, d= 0.0 Request successfully executed.
30-10-2024 12:31:19 - INFO - Sending request to Setting Chmaber Zones to a= 0.0, b= 0.0, c= 0.0, d= 0.0 with timeout of 5s...
30-10-2024 12:31:19 - INFO - Setting Chmaber Zones to a= 0.0, b= 0.0, c= 0.0, d= 0.0 request successfully sent.
30-10-2024 12:31:19 - INFO - Response from moonraker: {'result': 'ok'}
30-10-2024 12:31:19 - INFO - Setting Chmaber Zones to a= 0.0, b= 0.0, c= 0.0, d= 0.0 Request successfully executed.
30-10-2024 12:31:20 - INFO - Sending request to Setting Chmaber Zones to a= 0.0, b= 0.0, c= 0.0, d= 0.0 with timeout of 5s...
30-10-2024 12:31:20 - INFO - Setting Chmaber Zones to a= 0.0, b= 0.0, c= 0.0, d= 0.0 request successfully sent.
30-10-2024 12:31:20 - INFO - Response from moonraker: {'result': 'ok'}
30-10-2024 12:31:20 - INFO - Setting Chmaber Zones to a= 0.0, b= 0.0, c= 0.0, d= 0.0 Request successfully executed.
30-10-2024 12:31:20 - INFO - Sending request to Setting Chmaber Zones to a= 0.0, b= 0.0, c= 0.0, d= 0.0 with timeout of 5s...
30-10-2024 12:31:20 - INFO - Setting Chmaber Zones to a= 0.0, b= 0.0, c= 0.0, d= 0.0 request successfully sent.
30-10-2024 12:31:20 - INFO - Response from moonraker: {'result': 'ok'}
30-10-2024 12:31:20 - INFO - Setting Chmaber Zones to a= 0.0, b= 0.0, c= 0.0, d= 0.0 Request successfully executed.
30-10-2024 12:31:20 - INFO - Sending request to Setting Chmaber Zones to a= 0.0, b= 0.0, c= 0.0, d= 0.0 with timeout of 5s...
30-10-2024 12:31:20 - INFO - Setting Chmaber Zones to a= 0.0, b= 0.0, c= 0.0, d= 0.0 request successfully sent.
30-10-2024 12:31:20 - INFO - Response from moonraker: {'result': 'ok'}
30-10-2024 12:31:20 - INFO - Setting Chmaber Zones to a= 0.0, b= 0.0, c= 0.0, d= 0.0 Request successfully executed.
30-10-2024 12:31:20 - INFO - Sending request to Setting Chmaber Zones to a= 0.0, b= 0.0, c= 0.0, d= 0.0 with timeout of 5s...
30-10-2024 12:31:20 - INFO - Setting Chmaber Zones to a= 0.0, b= 0.0, c= 0.0, d= 0.0 request successfully sent.
30-10-2024 12:31:20 - INFO - Response from moonraker: {'result': 'ok'}
30-10-2024 12:31:20 - INFO - Setting Chmaber Zones to a= 0.0, b= 0.0, c= 0.0, d= 0.0 Request successfully executed.
