13-10-2024 21:52:52 - INFO - Sending request to Setting Chmaber Zones to a= 0, b= 0, c= 0, d= 0 with timeout of 5s...
13-10-2024 21:52:52 - INFO - Sending request to Setting Chmaber Zones to a= 0.0, b= 0.0, c= 0.0, d= 0.0 with timeout of 5s...
13-10-2024 21:52:52 - INFO - Setting Chmaber Zones to a= 0.0, b= 0.0, c= 0.0, d= 0.0 request successfully sent.
13-10-2024 21:52:52 - INFO - Response from moonraker: {'result': 'ok'}
13-10-2024 21:52:52 - INFO - Setting Chmaber Zones to a= 0.0, b= 0.0, c= 0.0, d= 0.0 Request successfully executed.
13-10-2024 21:52:52 - INFO - Setting Chmaber Zones to a= 0.0, b= 0.0, c= 0.0, d= 0.0 request successfully sent.
13-10-2024 21:52:52 - INFO - Response from moonraker: {'result': 'ok'}
13-10-2024 21:52:52 - INFO - Setting Chmaber Zones to a= 0.0, b= 0.0, c= 0.0, d= 0.0 Request successfully executed.
13-10-2024 21:52:53 - INFO - Sending request to Setting Chmaber Zones to a= 0.0, b= 0.0, c= 0.0, d= 0.0 with timeout of 5s...
13-10-2024 21:52:53 - INFO - Setting Chmaber Zones to a= 0.0, b= 0.0, c= 0.0, d= 0.0 request successfully sent.
13-10-2024 21:52:53 - INFO - Response from moonraker: {'result': 'ok'}
13-10-2024 21:52:53 - INFO - Setting Chmaber Zones to a= 0.0, b= 0.0, c= 0.0, d= 0.0 Request successfully executed.
13-10-2024 21:52:53 - INFO - Sending request to Setting Chmaber Zones to a= 0.0, b= 0.0, c= 0.0, d= 0.0 with timeout of 5s...
13-10-2024 21:52:53 - INFO - Setting Chmaber Zones to a= 0.0, b= 0.0, c= 0.0, d= 0.0 request successfully sent.
13-10-2024 21:52:53 - INFO - Response from moonraker: {'result': 'ok'}
13-10-2024 21:52:53 - INFO - Setting Chmaber Zones to a= 0.0, b= 0.0, c= 0.0, d= 0.0 Request successfully executed.
13-10-2024 21:52:53 - INFO - Sending request to Setting Chmaber Zones to a= 0.0, b= 0.0, c= 0.0, d= 0.0 with timeout of 5s...
13-10-2024 21:52:53 - INFO - Setting Chmaber Zones to a= 0.0, b= 0.0, c= 0.0, d= 0.0 request successfully sent.
13-10-2024 21:52:53 - INFO - Response from moonraker: {'result': 'ok'}
13-10-2024 21:52:53 - INFO - Setting Chmaber Zones to a= 0.0, b= 0.0, c= 0.0, d= 0.0 Request successfully executed.
13-10-2024 21:52:53 - INFO - Sending request to Setting Chmaber Zones to a= 0.0, b= 0.0, c= 0.0, d= 0.0 with timeout of 5s...
13-10-2024 21:52:53 - INFO - Setting Chmaber Zones to a= 0.0, b= 0.0, c= 0.0, d= 0.0 request successfully sent.
13-10-2024 21:52:53 - INFO - Response from moonraker: {'result': 'ok'}
13-10-2024 21:52:53 - INFO - Setting Chmaber Zones to a= 0.0, b= 0.0, c= 0.0, d= 0.0 Request successfully executed.
13-10-2024 21:52:53 - INFO - Sending request to Setting Chmaber Zones to a= 0.0, b= 0.0, c= 0.0, d= 0.0 with timeout of 5s...
13-10-2024 21:52:53 - INFO - Setting Chmaber Zones to a= 0.0, b= 0.0, c= 0.0, d= 0.0 request successfully sent.
13-10-2024 21:52:53 - INFO - Response from moonraker: {'result': 'ok'}
13-10-2024 21:52:53 - INFO - Setting Chmaber Zones to a= 0.0, b= 0.0, c= 0.0, d= 0.0 Request successfully executed.
13-10-2024 21:52:54 - INFO - Sending request to Setting Chmaber Zones to a= 0.0, b= 0.0, c= 0.0, d= 0.0 with timeout of 5s...
13-10-2024 21:52:54 - INFO - Setting Chmaber Zones to a= 0.0, b= 0.0, c= 0.0, d= 0.0 request successfully sent.
13-10-2024 21:52:54 - INFO - Response from moonraker: {'result': 'ok'}
13-10-2024 21:52:54 - INFO - Setting Chmaber Zones to a= 0.0, b= 0.0, c= 0.0, d= 0.0 Request successfully executed.
13-10-2024 21:52:54 - INFO - Sending request to Setting Chmaber Zones to a= 0.0, b= 0.0, c= 0.0, d= 0.0 with timeout of 5s...
13-10-2024 21:52:54 - INFO - Setting Chmaber Zones to a= 0.0, b= 0.0, c= 0.0, d= 0.0 request successfully sent.
13-10-2024 21:52:54 - INFO - Response from moonraker: {'result': 'ok'}
13-10-2024 21:52:54 - INFO - Setting Chmaber Zones to a= 0.0, b= 0.0, c= 0.0, d= 0.0 Request successfully executed.
13-10-2024 21:52:54 - INFO - Sending request to Setting Chmaber Zones to a= 0.0, b= 0.0, c= 0.0, d= 0.0 with timeout of 5s...
13-10-2024 21:52:54 - INFO - Setting Chmaber Zones to a= 0.0, b= 0.0, c= 0.0, d= 0.0 request successfully sent.
13-10-2024 21:52:54 - INFO - Response from moonraker: {'result': 'ok'}
13-10-2024 21:52:54 - INFO - Setting Chmaber Zones to a= 0.0, b= 0.0, c= 0.0, d= 0.0 Request successfully executed.
13-10-2024 21:52:54 - INFO - Sending request to Setting Chmaber Zones to a= 0.0, b= 0.0, c= 0.0, d= 0.0 with timeout of 5s...
13-10-2024 21:52:54 - INFO - Setting Chmaber Zones to a= 0.0, b= 0.0, c= 0.0, d= 0.0 request successfully sent.
13-10-2024 21:52:54 - INFO - Response from moonraker: {'result': 'ok'}
13-10-2024 21:52:54 - INFO - Setting Chmaber Zones to a= 0.0, b= 0.0, c= 0.0, d= 0.0 Request successfully executed.
13-10-2024 21:52:54 - INFO - Sending request to Setting Chmaber Zones to a= 0.0, b= 0.0, c= 0.0, d= 0.0 with timeout of 5s...
13-10-2024 21:52:54 - INFO - Setting Chmaber Zones to a= 0.0, b= 0.0, c= 0.0, d= 0.0 request successfully sent.
13-10-2024 21:52:54 - INFO - Response from moonraker: {'result': 'ok'}
13-10-2024 21:52:54 - INFO - Setting Chmaber Zones to a= 0.0, b= 0.0, c= 0.0, d= 0.0 Request successfully executed.
13-10-2024 21:52:55 - INFO - Sending request to Setting Chmaber Zones to a= 0.0, b= 0.0, c= 0.0, d= 0.0 with timeout of 5s...
13-10-2024 21:52:55 - INFO - Setting Chmaber Zones to a= 0.0, b= 0.0, c= 0.0, d= 0.0 request successfully sent.
13-10-2024 21:52:55 - INFO - Response from moonraker: {'result': 'ok'}
13-10-2024 21:52:55 - INFO - Setting Chmaber Zones to a= 0.0, b= 0.0, c= 0.0, d= 0.0 Request successfully executed.
13-10-2024 21:52:55 - INFO - Sending request to Setting Chmaber Zones to a= 0.0, b= 0.0, c= 0.0, d= 0.0 with timeout of 5s...
13-10-2024 21:52:55 - INFO - Setting Chmaber Zones to a= 0.0, b= 0.0, c= 0.0, d= 0.0 request successfully sent.
13-10-2024 21:52:55 - INFO - Response from moonraker: {'result': 'ok'}
13-10-2024 21:52:55 - INFO - Setting Chmaber Zones to a= 0.0, b= 0.0, c= 0.0, d= 0.0 Request successfully executed.
13-10-2024 21:52:55 - INFO - Sending request to Setting Chmaber Zones to a= 0.0, b= 0.0, c= 0.0, d= 0.0 with timeout of 5s...
13-10-2024 21:52:55 - INFO - Setting Chmaber Zones to a= 0.0, b= 0.0, c= 0.0, d= 0.0 request successfully sent.
13-10-2024 21:52:55 - INFO - Response from moonraker: {'result': 'ok'}
13-10-2024 21:52:55 - INFO - Setting Chmaber Zones to a= 0.0, b= 0.0, c= 0.0, d= 0.0 Request successfully executed.
13-10-2024 21:52:55 - INFO - Sending request to Setting Chmaber Zones to a= 0.0, b= 0.0, c= 0.0, d= 0.0 with timeout of 5s...
13-10-2024 21:52:55 - INFO - Setting Chmaber Zones to a= 0.0, b= 0.0, c= 0.0, d= 0.0 request successfully sent.
13-10-2024 21:52:55 - INFO - Response from moonraker: {'result': 'ok'}
13-10-2024 21:52:55 - INFO - Setting Chmaber Zones to a= 0.0, b= 0.0, c= 0.0, d= 0.0 Request successfully executed.
13-10-2024 21:52:55 - INFO - Sending request to Setting Chmaber Zones to a= 0.0, b= 0.0, c= 0.0, d= 0.0 with timeout of 5s...
13-10-2024 21:52:55 - INFO - Setting Chmaber Zones to a= 0.0, b= 0.0, c= 0.0, d= 0.0 request successfully sent.
13-10-2024 21:52:55 - INFO - Response from moonraker: {'result': 'ok'}
13-10-2024 21:52:55 - INFO - Setting Chmaber Zones to a= 0.0, b= 0.0, c= 0.0, d= 0.0 Request successfully executed.
13-10-2024 21:52:56 - INFO - Sending request to Setting Chmaber Zones to a= 0.0, b= 0.0, c= 0.0, d= 0.0 with timeout of 5s...
13-10-2024 21:52:56 - INFO - Setting Chmaber Zones to a= 0.0, b= 0.0, c= 0.0, d= 0.0 request successfully sent.
13-10-2024 21:52:56 - INFO - Response from moonraker: {'result': 'ok'}
13-10-2024 21:52:56 - INFO - Setting Chmaber Zones to a= 0.0, b= 0.0, c= 0.0, d= 0.0 Request successfully executed.
13-10-2024 21:52:56 - INFO - Sending request to Setting Chmaber Zones to a= 0.0, b= 0.0, c= 0.0, d= 0.0 with timeout of 5s...
13-10-2024 21:52:56 - INFO - Setting Chmaber Zones to a= 0.0, b= 0.0, c= 0.0, d= 0.0 request successfully sent.
13-10-2024 21:52:56 - INFO - Response from moonraker: {'result': 'ok'}
13-10-2024 21:52:56 - INFO - Setting Chmaber Zones to a= 0.0, b= 0.0, c= 0.0, d= 0.0 Request successfully executed.
13-10-2024 21:52:56 - INFO - Sending request to Setting Chmaber Zones to a= 0.0, b= 0.0, c= 0.0, d= 0.0 with timeout of 5s...
13-10-2024 21:52:56 - INFO - Setting Chmaber Zones to a= 0.0, b= 0.0, c= 0.0, d= 0.0 request successfully sent.
13-10-2024 21:52:56 - INFO - Response from moonraker: {'result': 'ok'}
13-10-2024 21:52:56 - INFO - Setting Chmaber Zones to a= 0.0, b= 0.0, c= 0.0, d= 0.0 Request successfully executed.
13-10-2024 21:52:56 - INFO - Sending request to Setting Chmaber Zones to a= 0.0, b= 0.0, c= 0.0, d= 0.0 with timeout of 5s...
13-10-2024 21:52:56 - INFO - Setting Chmaber Zones to a= 0.0, b= 0.0, c= 0.0, d= 0.0 request successfully sent.
13-10-2024 21:52:56 - INFO - Response from moonraker: {'result': 'ok'}
13-10-2024 21:52:56 - INFO - Setting Chmaber Zones to a= 0.0, b= 0.0, c= 0.0, d= 0.0 Request successfully executed.
13-10-2024 21:52:56 - INFO - Sending request to Setting Chmaber Zones to a= 0.0, b= 0.0, c= 0.0, d= 0.0 with timeout of 5s...
13-10-2024 21:52:56 - INFO - Setting Chmaber Zones to a= 0.0, b= 0.0, c= 0.0, d= 0.0 request successfully sent.
13-10-2024 21:52:56 - INFO - Response from moonraker: {'result': 'ok'}
13-10-2024 21:52:56 - INFO - Setting Chmaber Zones to a= 0.0, b= 0.0, c= 0.0, d= 0.0 Request successfully executed.
13-10-2024 21:52:57 - INFO - Sending request to Setting Chmaber Zones to a= 0.0, b= 0.0, c= 0.0, d= 0.0 with timeout of 5s...
13-10-2024 21:52:57 - INFO - Setting Chmaber Zones to a= 0.0, b= 0.0, c= 0.0, d= 0.0 request successfully sent.
13-10-2024 21:52:57 - INFO - Response from moonraker: {'result': 'ok'}
13-10-2024 21:52:57 - INFO - Setting Chmaber Zones to a= 0.0, b= 0.0, c= 0.0, d= 0.0 Request successfully executed.
13-10-2024 21:52:57 - INFO - Sending request to Setting Chmaber Zones to a= 0.0, b= 0.0, c= 0.0, d= 0.0 with timeout of 5s...
13-10-2024 21:52:57 - INFO - Setting Chmaber Zones to a= 0.0, b= 0.0, c= 0.0, d= 0.0 request successfully sent.
13-10-2024 21:52:57 - INFO - Response from moonraker: {'result': 'ok'}
13-10-2024 21:52:57 - INFO - Setting Chmaber Zones to a= 0.0, b= 0.0, c= 0.0, d= 0.0 Request successfully executed.
13-10-2024 21:52:57 - INFO - Sending request to Setting Chmaber Zones to a= 0.0, b= 0.0, c= 0.0, d= 0.0 with timeout of 5s...
13-10-2024 21:52:57 - INFO - Setting Chmaber Zones to a= 0.0, b= 0.0, c= 0.0, d= 0.0 request successfully sent.
13-10-2024 21:52:57 - INFO - Response from moonraker: {'result': 'ok'}
13-10-2024 21:52:57 - INFO - Setting Chmaber Zones to a= 0.0, b= 0.0, c= 0.0, d= 0.0 Request successfully executed.
13-10-2024 21:52:57 - INFO - Sending request to Setting Chmaber Zones to a= 0.0, b= 0.0, c= 0.0, d= 0.0 with timeout of 5s...
13-10-2024 21:52:57 - INFO - Setting Chmaber Zones to a= 0.0, b= 0.0, c= 0.0, d= 0.0 request successfully sent.
13-10-2024 21:52:57 - INFO - Response from moonraker: {'result': 'ok'}
13-10-2024 21:52:57 - INFO - Setting Chmaber Zones to a= 0.0, b= 0.0, c= 0.0, d= 0.0 Request successfully executed.
13-10-2024 21:52:59 - INFO - Sending request to Setting Chmaber Zones to a= 0, b= 0, c= 0, d= 0 with timeout of 5s...
13-10-2024 21:52:59 - INFO - Setting Chmaber Zones to a= 0, b= 0, c= 0, d= 0 request successfully sent.
13-10-2024 21:52:59 - INFO - Response from moonraker: {'result': 'ok'}
13-10-2024 21:52:59 - INFO - Setting Chmaber Zones to a= 0, b= 0, c= 0, d= 0 Request successfully executed.
13-10-2024 21:53:06 - INFO - Sending request to Setting Chmaber Zones to a= 0, b= 0, c= 0, d= 0 with timeout of 5s...
13-10-2024 21:53:06 - INFO - Sending request to Setting Chmaber Zones to a= 0.7, b= 0.8, c= 0.9, d= 1.0 with timeout of 5s...
13-10-2024 21:53:06 - INFO - Setting Chmaber Zones to a= 0.7, b= 0.8, c= 0.9, d= 1.0 request successfully sent.
13-10-2024 21:53:06 - INFO - Response from moonraker: {'result': 'ok'}
13-10-2024 21:53:06 - INFO - Setting Chmaber Zones to a= 0.7, b= 0.8, c= 0.9, d= 1.0 Request successfully executed.
13-10-2024 21:53:06 - INFO - Setting Chmaber Zones to a= 0.7, b= 0.8, c= 0.9, d= 1.0 request successfully sent.
13-10-2024 21:53:06 - INFO - Response from moonraker: {'result': 'ok'}
13-10-2024 21:53:06 - INFO - Setting Chmaber Zones to a= 0.7, b= 0.8, c= 0.9, d= 1.0 Request successfully executed.
13-10-2024 21:53:06 - INFO - Sending request to Setting Chmaber Zones to a= 0.7, b= 0.8, c= 0.9, d= 1.0 with timeout of 5s...
13-10-2024 21:53:06 - INFO - Setting Chmaber Zones to a= 0.7, b= 0.8, c= 0.9, d= 1.0 request successfully sent.
13-10-2024 21:53:06 - INFO - Response from moonraker: {'result': 'ok'}
13-10-2024 21:53:06 - INFO - Setting Chmaber Zones to a= 0.7, b= 0.8, c= 0.9, d= 1.0 Request successfully executed.
13-10-2024 21:53:07 - INFO - Sending request to Setting Chmaber Zones to a= 0.7, b= 0.8, c= 0.9, d= 1.0 with timeout of 5s...
13-10-2024 21:53:07 - INFO - Setting Chmaber Zones to a= 0.7, b= 0.8, c= 0.9, d= 1.0 request successfully sent.
13-10-2024 21:53:07 - INFO - Response from moonraker: {'result': 'ok'}
13-10-2024 21:53:07 - INFO - Setting Chmaber Zones to a= 0.7, b= 0.8, c= 0.9, d= 1.0 Request successfully executed.
13-10-2024 21:53:07 - INFO - Sending request to Setting Chmaber Zones to a= 0.7, b= 0.8, c= 0.9, d= 1.0 with timeout of 5s...
13-10-2024 21:53:07 - INFO - Setting Chmaber Zones to a= 0.7, b= 0.8, c= 0.9, d= 1.0 request successfully sent.
13-10-2024 21:53:07 - INFO - Response from moonraker: {'result': 'ok'}
13-10-2024 21:53:07 - INFO - Setting Chmaber Zones to a= 0.7, b= 0.8, c= 0.9, d= 1.0 Request successfully executed.
13-10-2024 21:53:07 - INFO - Sending request to Setting Chmaber Zones to a= 0.7, b= 0.8, c= 0.9, d= 1.0 with timeout of 5s...
13-10-2024 21:53:07 - INFO - Setting Chmaber Zones to a= 0.7, b= 0.8, c= 0.9, d= 1.0 request successfully sent.
13-10-2024 21:53:07 - INFO - Response from moonraker: {'result': 'ok'}
13-10-2024 21:53:07 - INFO - Setting Chmaber Zones to a= 0.7, b= 0.8, c= 0.9, d= 1.0 Request successfully executed.
13-10-2024 21:53:07 - INFO - Sending request to Setting Chmaber Zones to a= 0.7, b= 0.8, c= 0.9, d= 1.0 with timeout of 5s...
13-10-2024 21:53:07 - INFO - Setting Chmaber Zones to a= 0.7, b= 0.8, c= 0.9, d= 1.0 request successfully sent.
13-10-2024 21:53:07 - INFO - Response from moonraker: {'result': 'ok'}
13-10-2024 21:53:07 - INFO - Setting Chmaber Zones to a= 0.7, b= 0.8, c= 0.9, d= 1.0 Request successfully executed.
13-10-2024 21:53:07 - INFO - Sending request to Setting Chmaber Zones to a= 0.7, b= 0.8, c= 0.9, d= 1.0 with timeout of 5s...
13-10-2024 21:53:07 - INFO - Setting Chmaber Zones to a= 0.7, b= 0.8, c= 0.9, d= 1.0 request successfully sent.
13-10-2024 21:53:07 - INFO - Response from moonraker: {'result': 'ok'}
13-10-2024 21:53:07 - INFO - Setting Chmaber Zones to a= 0.7, b= 0.8, c= 0.9, d= 1.0 Request successfully executed.
13-10-2024 21:53:08 - INFO - Sending request to Setting Chmaber Zones to a= 0.7, b= 0.8, c= 0.9, d= 1.0 with timeout of 5s...
13-10-2024 21:53:08 - INFO - Setting Chmaber Zones to a= 0.7, b= 0.8, c= 0.9, d= 1.0 request successfully sent.
13-10-2024 21:53:08 - INFO - Response from moonraker: {'result': 'ok'}
13-10-2024 21:53:08 - INFO - Setting Chmaber Zones to a= 0.7, b= 0.8, c= 0.9, d= 1.0 Request successfully executed.
13-10-2024 21:53:08 - INFO - Sending request to Setting Chmaber Zones to a= 0.7, b= 0.8, c= 0.9, d= 1.0 with timeout of 5s...
13-10-2024 21:53:08 - INFO - Setting Chmaber Zones to a= 0.7, b= 0.8, c= 0.9, d= 1.0 request successfully sent.
13-10-2024 21:53:08 - INFO - Response from moonraker: {'result': 'ok'}
13-10-2024 21:53:08 - INFO - Setting Chmaber Zones to a= 0.7, b= 0.8, c= 0.9, d= 1.0 Request successfully executed.
13-10-2024 21:53:08 - INFO - Sending request to Setting Chmaber Zones to a= 0.7, b= 0.8, c= 0.9, d= 1.0 with timeout of 5s...
13-10-2024 21:53:08 - INFO - Setting Chmaber Zones to a= 0.7, b= 0.8, c= 0.9, d= 1.0 request successfully sent.
13-10-2024 21:53:08 - INFO - Response from moonraker: {'result': 'ok'}
13-10-2024 21:53:08 - INFO - Setting Chmaber Zones to a= 0.7, b= 0.8, c= 0.9, d= 1.0 Request successfully executed.
13-10-2024 21:53:08 - INFO - Sending request to Setting Chmaber Zones to a= 0.7, b= 0.8, c= 0.9, d= 1.0 with timeout of 5s...
13-10-2024 21:53:08 - INFO - Setting Chmaber Zones to a= 0.7, b= 0.8, c= 0.9, d= 1.0 request successfully sent.
13-10-2024 21:53:08 - INFO - Response from moonraker: {'result': 'ok'}
13-10-2024 21:53:08 - INFO - Setting Chmaber Zones to a= 0.7, b= 0.8, c= 0.9, d= 1.0 Request successfully executed.
13-10-2024 21:53:08 - INFO - Sending request to Setting Chmaber Zones to a= 0.7, b= 0.8, c= 0.9, d= 1.0 with timeout of 5s...
13-10-2024 21:53:08 - INFO - Setting Chmaber Zones to a= 0.7, b= 0.8, c= 0.9, d= 1.0 request successfully sent.
13-10-2024 21:53:08 - INFO - Response from moonraker: {'result': 'ok'}
13-10-2024 21:53:08 - INFO - Setting Chmaber Zones to a= 0.7, b= 0.8, c= 0.9, d= 1.0 Request successfully executed.
13-10-2024 21:53:09 - INFO - Sending request to Setting Chmaber Zones to a= 0.7, b= 0.8, c= 0.9, d= 1.0 with timeout of 5s...
13-10-2024 21:53:09 - INFO - Setting Chmaber Zones to a= 0.7, b= 0.8, c= 0.9, d= 1.0 request successfully sent.
13-10-2024 21:53:09 - INFO - Response from moonraker: {'result': 'ok'}
13-10-2024 21:53:09 - INFO - Setting Chmaber Zones to a= 0.7, b= 0.8, c= 0.9, d= 1.0 Request successfully executed.
13-10-2024 21:53:09 - INFO - Sending request to Setting Chmaber Zones to a= 0.7, b= 0.8, c= 0.9, d= 1.0 with timeout of 5s...
13-10-2024 21:53:09 - INFO - Setting Chmaber Zones to a= 0.7, b= 0.8, c= 0.9, d= 1.0 request successfully sent.
13-10-2024 21:53:09 - INFO - Response from moonraker: {'result': 'ok'}
13-10-2024 21:53:09 - INFO - Setting Chmaber Zones to a= 0.7, b= 0.8, c= 0.9, d= 1.0 Request successfully executed.
13-10-2024 21:53:09 - INFO - Sending request to Setting Chmaber Zones to a= 0.7, b= 0.8, c= 0.9, d= 1.0 with timeout of 5s...
13-10-2024 21:53:09 - INFO - Setting Chmaber Zones to a= 0.7, b= 0.8, c= 0.9, d= 1.0 request successfully sent.
13-10-2024 21:53:09 - INFO - Response from moonraker: {'result': 'ok'}
13-10-2024 21:53:09 - INFO - Setting Chmaber Zones to a= 0.7, b= 0.8, c= 0.9, d= 1.0 Request successfully executed.
13-10-2024 21:53:09 - INFO - Sending request to Setting Chmaber Zones to a= 0.7, b= 0.8, c= 0.9, d= 1.0 with timeout of 5s...
13-10-2024 21:53:09 - INFO - Setting Chmaber Zones to a= 0.7, b= 0.8, c= 0.9, d= 1.0 request successfully sent.
13-10-2024 21:53:09 - INFO - Response from moonraker: {'result': 'ok'}
13-10-2024 21:53:09 - INFO - Setting Chmaber Zones to a= 0.7, b= 0.8, c= 0.9, d= 1.0 Request successfully executed.
13-10-2024 21:53:09 - INFO - Sending request to Setting Chmaber Zones to a= 0.7, b= 0.8, c= 0.9, d= 1.0 with timeout of 5s...
13-10-2024 21:53:09 - INFO - Setting Chmaber Zones to a= 0.7, b= 0.8, c= 0.9, d= 1.0 request successfully sent.
13-10-2024 21:53:09 - INFO - Response from moonraker: {'result': 'ok'}
13-10-2024 21:53:09 - INFO - Setting Chmaber Zones to a= 0.7, b= 0.8, c= 0.9, d= 1.0 Request successfully executed.
13-10-2024 21:53:10 - INFO - Sending request to Setting Chmaber Zones to a= 0.7, b= 0.8, c= 0.9, d= 1.0 with timeout of 5s...
13-10-2024 21:53:10 - INFO - Setting Chmaber Zones to a= 0.7, b= 0.8, c= 0.9, d= 1.0 request successfully sent.
13-10-2024 21:53:10 - INFO - Response from moonraker: {'result': 'ok'}
13-10-2024 21:53:10 - INFO - Setting Chmaber Zones to a= 0.7, b= 0.8, c= 0.9, d= 1.0 Request successfully executed.
13-10-2024 21:53:10 - INFO - Sending request to Setting Chmaber Zones to a= 0.7, b= 0.8, c= 0.9, d= 1.0 with timeout of 5s...
13-10-2024 21:53:10 - INFO - Setting Chmaber Zones to a= 0.7, b= 0.8, c= 0.9, d= 1.0 request successfully sent.
13-10-2024 21:53:10 - INFO - Response from moonraker: {'result': 'ok'}
13-10-2024 21:53:10 - INFO - Setting Chmaber Zones to a= 0.7, b= 0.8, c= 0.9, d= 1.0 Request successfully executed.
13-10-2024 21:53:10 - INFO - Sending request to Setting Chmaber Zones to a= 0.7, b= 0.8, c= 0.9, d= 1.0 with timeout of 5s...
13-10-2024 21:53:10 - INFO - Setting Chmaber Zones to a= 0.7, b= 0.8, c= 0.9, d= 1.0 request successfully sent.
13-10-2024 21:53:10 - INFO - Response from moonraker: {'result': 'ok'}
13-10-2024 21:53:10 - INFO - Setting Chmaber Zones to a= 0.7, b= 0.8, c= 0.9, d= 1.0 Request successfully executed.
13-10-2024 21:53:10 - INFO - Sending request to Setting Chmaber Zones to a= 0.7, b= 0.8, c= 0.9, d= 1.0 with timeout of 5s...
13-10-2024 21:53:10 - INFO - Setting Chmaber Zones to a= 0.7, b= 0.8, c= 0.9, d= 1.0 request successfully sent.
13-10-2024 21:53:10 - INFO - Response from moonraker: {'result': 'ok'}
13-10-2024 21:53:10 - INFO - Setting Chmaber Zones to a= 0.7, b= 0.8, c= 0.9, d= 1.0 Request successfully executed.
13-10-2024 21:53:10 - INFO - Sending request to Setting Chmaber Zones to a= 0.7, b= 0.8, c= 0.9, d= 1.0 with timeout of 5s...
13-10-2024 21:53:10 - INFO - Setting Chmaber Zones to a= 0.7, b= 0.8, c= 0.9, d= 1.0 request successfully sent.
13-10-2024 21:53:10 - INFO - Response from moonraker: {'result': 'ok'}
13-10-2024 21:53:10 - INFO - Setting Chmaber Zones to a= 0.7, b= 0.8, c= 0.9, d= 1.0 Request successfully executed.
13-10-2024 21:53:11 - INFO - Sending request to Setting Chmaber Zones to a= 0.7, b= 0.8, c= 0.9, d= 1.0 with timeout of 5s...
13-10-2024 21:53:11 - INFO - Setting Chmaber Zones to a= 0.7, b= 0.8, c= 0.9, d= 1.0 request successfully sent.
13-10-2024 21:53:11 - INFO - Response from moonraker: {'result': 'ok'}
13-10-2024 21:53:11 - INFO - Setting Chmaber Zones to a= 0.7, b= 0.8, c= 0.9, d= 1.0 Request successfully executed.
13-10-2024 21:53:11 - INFO - Sending request to Setting Chmaber Zones to a= 0.7, b= 0.8, c= 0.9, d= 1.0 with timeout of 5s...
13-10-2024 21:53:11 - INFO - Setting Chmaber Zones to a= 0.7, b= 0.8, c= 0.9, d= 1.0 request successfully sent.
13-10-2024 21:53:11 - INFO - Response from moonraker: {'result': 'ok'}
13-10-2024 21:53:11 - INFO - Setting Chmaber Zones to a= 0.7, b= 0.8, c= 0.9, d= 1.0 Request successfully executed.
13-10-2024 21:53:11 - INFO - Sending request to Setting Chmaber Zones to a= 0.7, b= 0.8, c= 0.9, d= 1.0 with timeout of 5s...
13-10-2024 21:53:11 - INFO - Setting Chmaber Zones to a= 0.7, b= 0.8, c= 0.9, d= 1.0 request successfully sent.
13-10-2024 21:53:11 - INFO - Response from moonraker: {'result': 'ok'}
13-10-2024 21:53:11 - INFO - Setting Chmaber Zones to a= 0.7, b= 0.8, c= 0.9, d= 1.0 Request successfully executed.
13-10-2024 21:53:11 - INFO - Sending request to Setting Chmaber Zones to a= 0.7, b= 0.8, c= 0.9, d= 1.0 with timeout of 5s...
13-10-2024 21:53:11 - INFO - Setting Chmaber Zones to a= 0.7, b= 0.8, c= 0.9, d= 1.0 request successfully sent.
13-10-2024 21:53:11 - INFO - Response from moonraker: {'result': 'ok'}
13-10-2024 21:53:11 - INFO - Setting Chmaber Zones to a= 0.7, b= 0.8, c= 0.9, d= 1.0 Request successfully executed.
13-10-2024 21:53:11 - INFO - Sending request to Setting Chmaber Zones to a= 0.7, b= 0.8, c= 0.9, d= 1.0 with timeout of 5s...
13-10-2024 21:53:11 - INFO - Setting Chmaber Zones to a= 0.7, b= 0.8, c= 0.9, d= 1.0 request successfully sent.
13-10-2024 21:53:11 - INFO - Response from moonraker: {'result': 'ok'}
13-10-2024 21:53:11 - INFO - Setting Chmaber Zones to a= 0.7, b= 0.8, c= 0.9, d= 1.0 Request successfully executed.
13-10-2024 21:53:12 - INFO - Sending request to Setting Chmaber Zones to a= 0.7, b= 0.8, c= 0.9, d= 1.0 with timeout of 5s...
13-10-2024 21:53:12 - INFO - Setting Chmaber Zones to a= 0.7, b= 0.8, c= 0.9, d= 1.0 request successfully sent.
13-10-2024 21:53:12 - INFO - Response from moonraker: {'result': 'ok'}
13-10-2024 21:53:12 - INFO - Setting Chmaber Zones to a= 0.7, b= 0.8, c= 0.9, d= 1.0 Request successfully executed.
13-10-2024 21:53:12 - INFO - Sending request to Setting Chmaber Zones to a= 0.7, b= 0.8, c= 0.9, d= 1.0 with timeout of 5s...
13-10-2024 21:53:12 - INFO - Setting Chmaber Zones to a= 0.7, b= 0.8, c= 0.9, d= 1.0 request successfully sent.
13-10-2024 21:53:12 - INFO - Response from moonraker: {'result': 'ok'}
13-10-2024 21:53:12 - INFO - Setting Chmaber Zones to a= 0.7, b= 0.8, c= 0.9, d= 1.0 Request successfully executed.
13-10-2024 21:53:12 - INFO - Sending request to Setting Chmaber Zones to a= 0.7, b= 0.8, c= 0.9, d= 1.0 with timeout of 5s...
13-10-2024 21:53:12 - INFO - Setting Chmaber Zones to a= 0.7, b= 0.8, c= 0.9, d= 1.0 request successfully sent.
13-10-2024 21:53:12 - INFO - Response from moonraker: {'result': 'ok'}
13-10-2024 21:53:12 - INFO - Setting Chmaber Zones to a= 0.7, b= 0.8, c= 0.9, d= 1.0 Request successfully executed.
13-10-2024 21:53:12 - INFO - Sending request to Setting Chmaber Zones to a= 0.7, b= 0.8, c= 0.9, d= 1.0 with timeout of 5s...
13-10-2024 21:53:12 - INFO - Setting Chmaber Zones to a= 0.7, b= 0.8, c= 0.9, d= 1.0 request successfully sent.
13-10-2024 21:53:12 - INFO - Response from moonraker: {'result': 'ok'}
13-10-2024 21:53:12 - INFO - Setting Chmaber Zones to a= 0.7, b= 0.8, c= 0.9, d= 1.0 Request successfully executed.
13-10-2024 21:53:12 - INFO - Sending request to Setting Chmaber Zones to a= 0.7, b= 0.8, c= 0.9, d= 1.0 with timeout of 5s...
13-10-2024 21:53:12 - INFO - Setting Chmaber Zones to a= 0.7, b= 0.8, c= 0.9, d= 1.0 request successfully sent.
13-10-2024 21:53:12 - INFO - Response from moonraker: {'result': 'ok'}
13-10-2024 21:53:12 - INFO - Setting Chmaber Zones to a= 0.7, b= 0.8, c= 0.9, d= 1.0 Request successfully executed.
13-10-2024 21:53:13 - INFO - Sending request to Setting Chmaber Zones to a= 0.7, b= 0.8, c= 0.9, d= 1.0 with timeout of 5s...
13-10-2024 21:53:13 - INFO - Setting Chmaber Zones to a= 0.7, b= 0.8, c= 0.9, d= 1.0 request successfully sent.
13-10-2024 21:53:13 - INFO - Response from moonraker: {'result': 'ok'}
13-10-2024 21:53:13 - INFO - Setting Chmaber Zones to a= 0.7, b= 0.8, c= 0.9, d= 1.0 Request successfully executed.
13-10-2024 21:53:13 - INFO - Sending request to Setting Chmaber Zones to a= 0.7, b= 0.8, c= 0.9, d= 1.0 with timeout of 5s...
13-10-2024 21:53:13 - INFO - Setting Chmaber Zones to a= 0.7, b= 0.8, c= 0.9, d= 1.0 request successfully sent.
13-10-2024 21:53:13 - INFO - Response from moonraker: {'result': 'ok'}
13-10-2024 21:53:13 - INFO - Setting Chmaber Zones to a= 0.7, b= 0.8, c= 0.9, d= 1.0 Request successfully executed.
13-10-2024 21:53:13 - INFO - Sending request to Setting Chmaber Zones to a= 0.7, b= 0.8, c= 0.9, d= 1.0 with timeout of 5s...
13-10-2024 21:53:13 - INFO - Setting Chmaber Zones to a= 0.7, b= 0.8, c= 0.9, d= 1.0 request successfully sent.
13-10-2024 21:53:13 - INFO - Response from moonraker: {'result': 'ok'}
13-10-2024 21:53:13 - INFO - Setting Chmaber Zones to a= 0.7, b= 0.8, c= 0.9, d= 1.0 Request successfully executed.
13-10-2024 21:53:13 - INFO - Sending request to Setting Chmaber Zones to a= 0.7, b= 0.8, c= 0.9, d= 1.0 with timeout of 5s...
13-10-2024 21:53:13 - INFO - Setting Chmaber Zones to a= 0.7, b= 0.8, c= 0.9, d= 1.0 request successfully sent.
13-10-2024 21:53:13 - INFO - Response from moonraker: {'result': 'ok'}
13-10-2024 21:53:13 - INFO - Setting Chmaber Zones to a= 0.7, b= 0.8, c= 0.9, d= 1.0 Request successfully executed.
13-10-2024 21:53:13 - INFO - Sending request to Setting Chmaber Zones to a= 0.7, b= 0.8, c= 0.9, d= 1.0 with timeout of 5s...
13-10-2024 21:53:13 - INFO - Setting Chmaber Zones to a= 0.7, b= 0.8, c= 0.9, d= 1.0 request successfully sent.
13-10-2024 21:53:13 - INFO - Response from moonraker: {'result': 'ok'}
13-10-2024 21:53:13 - INFO - Setting Chmaber Zones to a= 0.7, b= 0.8, c= 0.9, d= 1.0 Request successfully executed.
13-10-2024 21:53:14 - INFO - Sending request to Setting Chmaber Zones to a= 0.7, b= 0.8, c= 0.9, d= 1.0 with timeout of 5s...
13-10-2024 21:53:14 - INFO - Setting Chmaber Zones to a= 0.7, b= 0.8, c= 0.9, d= 1.0 request successfully sent.
13-10-2024 21:53:14 - INFO - Response from moonraker: {'result': 'ok'}
13-10-2024 21:53:14 - INFO - Setting Chmaber Zones to a= 0.7, b= 0.8, c= 0.9, d= 1.0 Request successfully executed.
13-10-2024 21:53:14 - INFO - Sending request to Setting Chmaber Zones to a= 0.7, b= 0.8, c= 0.9, d= 1.0 with timeout of 5s...
13-10-2024 21:53:14 - INFO - Setting Chmaber Zones to a= 0.7, b= 0.8, c= 0.9, d= 1.0 request successfully sent.
13-10-2024 21:53:14 - INFO - Response from moonraker: {'result': 'ok'}
13-10-2024 21:53:14 - INFO - Setting Chmaber Zones to a= 0.7, b= 0.8, c= 0.9, d= 1.0 Request successfully executed.
13-10-2024 21:53:14 - INFO - Sending request to Setting Chmaber Zones to a= 0.7, b= 0.8, c= 0.9, d= 1.0 with timeout of 5s...
13-10-2024 21:53:14 - INFO - Setting Chmaber Zones to a= 0.7, b= 0.8, c= 0.9, d= 1.0 request successfully sent.
13-10-2024 21:53:14 - INFO - Response from moonraker: {'result': 'ok'}
13-10-2024 21:53:14 - INFO - Setting Chmaber Zones to a= 0.7, b= 0.8, c= 0.9, d= 1.0 Request successfully executed.
13-10-2024 21:53:14 - INFO - Sending request to Setting Chmaber Zones to a= 0.7, b= 0.8, c= 0.9, d= 1.0 with timeout of 5s...
13-10-2024 21:53:14 - INFO - Setting Chmaber Zones to a= 0.7, b= 0.8, c= 0.9, d= 1.0 request successfully sent.
13-10-2024 21:53:14 - INFO - Response from moonraker: {'result': 'ok'}
13-10-2024 21:53:14 - INFO - Setting Chmaber Zones to a= 0.7, b= 0.8, c= 0.9, d= 1.0 Request successfully executed.
13-10-2024 21:53:14 - INFO - Sending request to Setting Chmaber Zones to a= 0.7, b= 0.8, c= 0.9, d= 1.0 with timeout of 5s...
13-10-2024 21:53:14 - INFO - Setting Chmaber Zones to a= 0.7, b= 0.8, c= 0.9, d= 1.0 request successfully sent.
13-10-2024 21:53:14 - INFO - Response from moonraker: {'result': 'ok'}
13-10-2024 21:53:14 - INFO - Setting Chmaber Zones to a= 0.7, b= 0.8, c= 0.9, d= 1.0 Request successfully executed.
13-10-2024 21:53:15 - INFO - Sending request to Setting Chmaber Zones to a= 0.7, b= 0.8, c= 0.9, d= 1.0 with timeout of 5s...
13-10-2024 21:53:15 - INFO - Setting Chmaber Zones to a= 0.7, b= 0.8, c= 0.9, d= 1.0 request successfully sent.
13-10-2024 21:53:15 - INFO - Response from moonraker: {'result': 'ok'}
13-10-2024 21:53:15 - INFO - Setting Chmaber Zones to a= 0.7, b= 0.8, c= 0.9, d= 1.0 Request successfully executed.
13-10-2024 21:53:15 - INFO - Sending request to Setting Chmaber Zones to a= 0.7, b= 0.8, c= 0.9, d= 1.0 with timeout of 5s...
13-10-2024 21:53:15 - INFO - Setting Chmaber Zones to a= 0.7, b= 0.8, c= 0.9, d= 1.0 request successfully sent.
13-10-2024 21:53:15 - INFO - Response from moonraker: {'result': 'ok'}
13-10-2024 21:53:15 - INFO - Setting Chmaber Zones to a= 0.7, b= 0.8, c= 0.9, d= 1.0 Request successfully executed.
13-10-2024 21:53:15 - INFO - Sending request to Setting Chmaber Zones to a= 0.7, b= 0.8, c= 0.9, d= 1.0 with timeout of 5s...
13-10-2024 21:53:15 - INFO - Setting Chmaber Zones to a= 0.7, b= 0.8, c= 0.9, d= 1.0 request successfully sent.
13-10-2024 21:53:15 - INFO - Response from moonraker: {'result': 'ok'}
13-10-2024 21:53:15 - INFO - Setting Chmaber Zones to a= 0.7, b= 0.8, c= 0.9, d= 1.0 Request successfully executed.
13-10-2024 21:53:15 - INFO - Sending request to Setting Chmaber Zones to a= 0.7, b= 0.8, c= 0.9, d= 1.0 with timeout of 5s...
13-10-2024 21:53:15 - INFO - Setting Chmaber Zones to a= 0.7, b= 0.8, c= 0.9, d= 1.0 request successfully sent.
13-10-2024 21:53:15 - INFO - Response from moonraker: {'result': 'ok'}
13-10-2024 21:53:15 - INFO - Setting Chmaber Zones to a= 0.7, b= 0.8, c= 0.9, d= 1.0 Request successfully executed.
13-10-2024 21:53:15 - INFO - Sending request to Setting Chmaber Zones to a= 0.7, b= 0.8, c= 0.9, d= 1.0 with timeout of 5s...
13-10-2024 21:53:15 - INFO - Setting Chmaber Zones to a= 0.7, b= 0.8, c= 0.9, d= 1.0 request successfully sent.
13-10-2024 21:53:15 - INFO - Response from moonraker: {'result': 'ok'}
13-10-2024 21:53:15 - INFO - Setting Chmaber Zones to a= 0.7, b= 0.8, c= 0.9, d= 1.0 Request successfully executed.
13-10-2024 21:53:16 - INFO - Sending request to Setting Chmaber Zones to a= 0.7, b= 0.8, c= 0.9, d= 1.0 with timeout of 5s...
13-10-2024 21:53:16 - INFO - Setting Chmaber Zones to a= 0.7, b= 0.8, c= 0.9, d= 1.0 request successfully sent.
13-10-2024 21:53:16 - INFO - Response from moonraker: {'result': 'ok'}
13-10-2024 21:53:16 - INFO - Setting Chmaber Zones to a= 0.7, b= 0.8, c= 0.9, d= 1.0 Request successfully executed.
13-10-2024 21:53:16 - INFO - Sending request to Setting Chmaber Zones to a= 0.7, b= 0.8, c= 0.9, d= 1.0 with timeout of 5s...
13-10-2024 21:53:16 - INFO - Setting Chmaber Zones to a= 0.7, b= 0.8, c= 0.9, d= 1.0 request successfully sent.
13-10-2024 21:53:16 - INFO - Response from moonraker: {'result': 'ok'}
13-10-2024 21:53:16 - INFO - Setting Chmaber Zones to a= 0.7, b= 0.8, c= 0.9, d= 1.0 Request successfully executed.
13-10-2024 21:53:16 - INFO - Sending request to Setting Chmaber Zones to a= 0.7, b= 0.8, c= 0.9, d= 1.0 with timeout of 5s...
13-10-2024 21:53:16 - INFO - Setting Chmaber Zones to a= 0.7, b= 0.8, c= 0.9, d= 1.0 request successfully sent.
13-10-2024 21:53:16 - INFO - Response from moonraker: {'result': 'ok'}
13-10-2024 21:53:16 - INFO - Setting Chmaber Zones to a= 0.7, b= 0.8, c= 0.9, d= 1.0 Request successfully executed.
13-10-2024 21:53:16 - INFO - Sending request to Setting Chmaber Zones to a= 0.6976899999999999, b= 0.7973599999999998, c= 0.8970299999999999, d= 0.9966999999999999 with timeout of 5s...
13-10-2024 21:53:16 - INFO - Setting Chmaber Zones to a= 0.6976899999999999, b= 0.7973599999999998, c= 0.8970299999999999, d= 0.9966999999999999 request successfully sent.
13-10-2024 21:53:16 - INFO - Response from moonraker: {'result': 'ok'}
13-10-2024 21:53:16 - INFO - Setting Chmaber Zones to a= 0.6976899999999999, b= 0.7973599999999998, c= 0.8970299999999999, d= 0.9966999999999999 Request successfully executed.
13-10-2024 21:53:16 - INFO - Sending request to Setting Chmaber Zones to a= 0.6929720000000004, b= 0.7919680000000003, c= 0.8909640000000004, d= 0.9899600000000005 with timeout of 5s...
13-10-2024 21:53:16 - INFO - Setting Chmaber Zones to a= 0.6929720000000004, b= 0.7919680000000003, c= 0.8909640000000004, d= 0.9899600000000005 request successfully sent.
13-10-2024 21:53:16 - INFO - Response from moonraker: {'result': 'ok'}
13-10-2024 21:53:16 - INFO - Setting Chmaber Zones to a= 0.6929720000000004, b= 0.7919680000000003, c= 0.8909640000000004, d= 0.9899600000000005 Request successfully executed.
13-10-2024 21:53:17 - INFO - Sending request to Setting Chmaber Zones to a= 0.684614, b= 0.782416, c= 0.880218, d= 0.9780200000000001 with timeout of 5s...
13-10-2024 21:53:17 - INFO - Setting Chmaber Zones to a= 0.684614, b= 0.782416, c= 0.880218, d= 0.9780200000000001 request successfully sent.
13-10-2024 21:53:17 - INFO - Response from moonraker: {'result': 'ok'}
13-10-2024 21:53:17 - INFO - Setting Chmaber Zones to a= 0.684614, b= 0.782416, c= 0.880218, d= 0.9780200000000001 Request successfully executed.
13-10-2024 21:53:17 - INFO - Sending request to Setting Chmaber Zones to a= 0.6761860000000007, b= 0.7727840000000008, c= 0.8693820000000008, d= 0.965980000000001 with timeout of 5s...
13-10-2024 21:53:17 - INFO - Setting Chmaber Zones to a= 0.6761860000000007, b= 0.7727840000000008, c= 0.8693820000000008, d= 0.965980000000001 request successfully sent.
13-10-2024 21:53:17 - INFO - Response from moonraker: {'result': 'ok'}
13-10-2024 21:53:17 - INFO - Setting Chmaber Zones to a= 0.6761860000000007, b= 0.7727840000000008, c= 0.8693820000000008, d= 0.965980000000001 Request successfully executed.
13-10-2024 21:53:17 - INFO - Sending request to Setting Chmaber Zones to a= 0.6676740000000002, b= 0.7630560000000003, c= 0.8584380000000003, d= 0.9538200000000003 with timeout of 5s...
13-10-2024 21:53:17 - INFO - Setting Chmaber Zones to a= 0.6676740000000002, b= 0.7630560000000003, c= 0.8584380000000003, d= 0.9538200000000003 request successfully sent.
13-10-2024 21:53:17 - INFO - Response from moonraker: {'result': 'ok'}
13-10-2024 21:53:17 - INFO - Setting Chmaber Zones to a= 0.6676740000000002, b= 0.7630560000000003, c= 0.8584380000000003, d= 0.9538200000000003 Request successfully executed.
13-10-2024 21:53:17 - INFO - Sending request to Setting Chmaber Zones to a= 0.6590780000000008, b= 0.753232000000001, c= 0.8473860000000011, d= 0.9415400000000012 with timeout of 5s...
13-10-2024 21:53:17 - INFO - Setting Chmaber Zones to a= 0.6590780000000008, b= 0.753232000000001, c= 0.8473860000000011, d= 0.9415400000000012 request successfully sent.
13-10-2024 21:53:17 - INFO - Response from moonraker: {'result': 'ok'}
13-10-2024 21:53:17 - INFO - Setting Chmaber Zones to a= 0.6590780000000008, b= 0.753232000000001, c= 0.8473860000000011, d= 0.9415400000000012 Request successfully executed.
13-10-2024 21:53:17 - INFO - Sending request to Setting Chmaber Zones to a= 0.6503980000000005, b= 0.7433120000000004, c= 0.8362260000000005, d= 0.9291400000000006 with timeout of 5s...
13-10-2024 21:53:17 - INFO - Setting Chmaber Zones to a= 0.6503980000000005, b= 0.7433120000000004, c= 0.8362260000000005, d= 0.9291400000000006 request successfully sent.
13-10-2024 21:53:17 - INFO - Response from moonraker: {'result': 'ok'}
13-10-2024 21:53:17 - INFO - Setting Chmaber Zones to a= 0.6503980000000005, b= 0.7433120000000004, c= 0.8362260000000005, d= 0.9291400000000006 Request successfully executed.
13-10-2024 21:53:18 - INFO - Sending request to Setting Chmaber Zones to a= 0.6132980000000007, b= 0.7009120000000008, c= 0.7885260000000008, d= 0.8761400000000009 with timeout of 5s...
13-10-2024 21:53:18 - INFO - Setting Chmaber Zones to a= 0.6132980000000007, b= 0.7009120000000008, c= 0.7885260000000008, d= 0.8761400000000009 request successfully sent.
13-10-2024 21:53:18 - INFO - Response from moonraker: {'result': 'ok'}
13-10-2024 21:53:18 - INFO - Setting Chmaber Zones to a= 0.6132980000000007, b= 0.7009120000000008, c= 0.7885260000000008, d= 0.8761400000000009 Request successfully executed.
13-10-2024 21:53:18 - INFO - Sending request to Setting Chmaber Zones to a= 0.6043380000000002, b= 0.6906720000000002, c= 0.7770060000000002, d= 0.8633400000000002 with timeout of 5s...
13-10-2024 21:53:18 - INFO - Setting Chmaber Zones to a= 0.6043380000000002, b= 0.6906720000000002, c= 0.7770060000000002, d= 0.8633400000000002 request successfully sent.
13-10-2024 21:53:18 - INFO - Response from moonraker: {'result': 'ok'}
13-10-2024 21:53:18 - INFO - Setting Chmaber Zones to a= 0.6043380000000002, b= 0.6906720000000002, c= 0.7770060000000002, d= 0.8633400000000002 Request successfully executed.
13-10-2024 21:53:18 - INFO - Sending request to Setting Chmaber Zones to a= 0.5987240000000006, b= 0.6842560000000008, c= 0.7697880000000008, d= 0.8553200000000009 with timeout of 5s...
13-10-2024 21:53:18 - INFO - Setting Chmaber Zones to a= 0.5987240000000006, b= 0.6842560000000008, c= 0.7697880000000008, d= 0.8553200000000009 request successfully sent.
13-10-2024 21:53:18 - INFO - Response from moonraker: {'result': 'ok'}
13-10-2024 21:53:18 - INFO - Setting Chmaber Zones to a= 0.5987240000000006, b= 0.6842560000000008, c= 0.7697880000000008, d= 0.8553200000000009 Request successfully executed.
13-10-2024 21:53:18 - INFO - Sending request to Setting Chmaber Zones to a= 0.5965820000000007, b= 0.6818080000000007, c= 0.7670340000000009, d= 0.852260000000001 with timeout of 5s...
13-10-2024 21:53:18 - INFO - Setting Chmaber Zones to a= 0.5965820000000007, b= 0.6818080000000007, c= 0.7670340000000009, d= 0.852260000000001 request successfully sent.
13-10-2024 21:53:18 - INFO - Response from moonraker: {'result': 'ok'}
13-10-2024 21:53:18 - INFO - Setting Chmaber Zones to a= 0.5965820000000007, b= 0.6818080000000007, c= 0.7670340000000009, d= 0.852260000000001 Request successfully executed.
13-10-2024 21:53:18 - INFO - Sending request to Setting Chmaber Zones to a= 0.5908560000000002, b= 0.6752640000000001, c= 0.7596720000000002, d= 0.8440800000000002 with timeout of 5s...
13-10-2024 21:53:18 - INFO - Setting Chmaber Zones to a= 0.5908560000000002, b= 0.6752640000000001, c= 0.7596720000000002, d= 0.8440800000000002 request successfully sent.
13-10-2024 21:53:18 - INFO - Response from moonraker: {'result': 'ok'}
13-10-2024 21:53:18 - INFO - Setting Chmaber Zones to a= 0.5908560000000002, b= 0.6752640000000001, c= 0.7596720000000002, d= 0.8440800000000002 Request successfully executed.
13-10-2024 21:53:19 - INFO - Sending request to Setting Chmaber Zones to a= 0.5815460000000008, b= 0.6646240000000009, c= 0.747702000000001, d= 0.8307800000000012 with timeout of 5s...
13-10-2024 21:53:19 - INFO - Setting Chmaber Zones to a= 0.5815460000000008, b= 0.6646240000000009, c= 0.747702000000001, d= 0.8307800000000012 request successfully sent.
13-10-2024 21:53:19 - INFO - Response from moonraker: {'result': 'ok'}
13-10-2024 21:53:19 - INFO - Setting Chmaber Zones to a= 0.5815460000000008, b= 0.6646240000000009, c= 0.747702000000001, d= 0.8307800000000012 Request successfully executed.
13-10-2024 21:53:19 - INFO - Sending request to Setting Chmaber Zones to a= 0.5827920000000008, b= 0.6660480000000009, c= 0.7493040000000009, d= 0.8325600000000012 with timeout of 5s...
13-10-2024 21:53:19 - INFO - Setting Chmaber Zones to a= 0.5827920000000008, b= 0.6660480000000009, c= 0.7493040000000009, d= 0.8325600000000012 request successfully sent.
13-10-2024 21:53:19 - INFO - Response from moonraker: {'result': 'ok'}
13-10-2024 21:53:19 - INFO - Setting Chmaber Zones to a= 0.5827920000000008, b= 0.6660480000000009, c= 0.7493040000000009, d= 0.8325600000000012 Request successfully executed.
13-10-2024 21:53:19 - INFO - Sending request to Setting Chmaber Zones to a= 0.5769120000000001, b= 0.6593280000000001, c= 0.7417440000000001, d= 0.8241600000000001 with timeout of 5s...
13-10-2024 21:53:19 - INFO - Setting Chmaber Zones to a= 0.5769120000000001, b= 0.6593280000000001, c= 0.7417440000000001, d= 0.8241600000000001 request successfully sent.
13-10-2024 21:53:19 - INFO - Response from moonraker: {'result': 'ok'}
13-10-2024 21:53:19 - INFO - Setting Chmaber Zones to a= 0.5769120000000001, b= 0.6593280000000001, c= 0.7417440000000001, d= 0.8241600000000001 Request successfully executed.
13-10-2024 21:53:19 - INFO - Sending request to Setting Chmaber Zones to a= 0.5745460000000002, b= 0.6566240000000003, c= 0.7387020000000004, d= 0.8207800000000005 with timeout of 5s...
13-10-2024 21:53:19 - INFO - Setting Chmaber Zones to a= 0.5745460000000002, b= 0.6566240000000003, c= 0.7387020000000004, d= 0.8207800000000005 request successfully sent.
13-10-2024 21:53:19 - INFO - Response from moonraker: {'result': 'ok'}
13-10-2024 21:53:19 - INFO - Setting Chmaber Zones to a= 0.5745460000000002, b= 0.6566240000000003, c= 0.7387020000000004, d= 0.8207800000000005 Request successfully executed.
13-10-2024 21:53:19 - INFO - Sending request to Setting Chmaber Zones to a= 0.5756800000000003, b= 0.6579200000000003, c= 0.7401600000000005, d= 0.8224000000000005 with timeout of 5s...
13-10-2024 21:53:19 - INFO - Setting Chmaber Zones to a= 0.5756800000000003, b= 0.6579200000000003, c= 0.7401600000000005, d= 0.8224000000000005 request successfully sent.
13-10-2024 21:53:19 - INFO - Response from moonraker: {'result': 'ok'}
13-10-2024 21:53:19 - INFO - Setting Chmaber Zones to a= 0.5756800000000003, b= 0.6579200000000003, c= 0.7401600000000005, d= 0.8224000000000005 Request successfully executed.
13-10-2024 21:53:20 - INFO - Sending request to Setting Chmaber Zones to a= 0.5732580000000005, b= 0.6551520000000005, c= 0.7370460000000005, d= 0.8189400000000007 with timeout of 5s...
13-10-2024 21:53:20 - INFO - Setting Chmaber Zones to a= 0.5732580000000005, b= 0.6551520000000005, c= 0.7370460000000005, d= 0.8189400000000007 request successfully sent.
13-10-2024 21:53:20 - INFO - Response from moonraker: {'result': 'ok'}
13-10-2024 21:53:20 - INFO - Setting Chmaber Zones to a= 0.5732580000000005, b= 0.6551520000000005, c= 0.7370460000000005, d= 0.8189400000000007 Request successfully executed.
13-10-2024 21:53:20 - INFO - Sending request to Setting Chmaber Zones to a= 0.5743640000000005, b= 0.6564160000000007, c= 0.7384680000000007, d= 0.8205200000000008 with timeout of 5s...
13-10-2024 21:53:20 - INFO - Setting Chmaber Zones to a= 0.5743640000000005, b= 0.6564160000000007, c= 0.7384680000000007, d= 0.8205200000000008 request successfully sent.
13-10-2024 21:53:20 - INFO - Response from moonraker: {'result': 'ok'}
13-10-2024 21:53:20 - INFO - Setting Chmaber Zones to a= 0.5743640000000005, b= 0.6564160000000007, c= 0.7384680000000007, d= 0.8205200000000008 Request successfully executed.
13-10-2024 21:53:20 - INFO - Sending request to Setting Chmaber Zones to a= 0.5719140000000007, b= 0.6536160000000009, c= 0.735318000000001, d= 0.8170200000000011 with timeout of 5s...
13-10-2024 21:53:20 - INFO - Setting Chmaber Zones to a= 0.5719140000000007, b= 0.6536160000000009, c= 0.735318000000001, d= 0.8170200000000011 request successfully sent.
13-10-2024 21:53:20 - INFO - Response from moonraker: {'result': 'ok'}
13-10-2024 21:53:20 - INFO - Setting Chmaber Zones to a= 0.5719140000000007, b= 0.6536160000000009, c= 0.735318000000001, d= 0.8170200000000011 Request successfully executed.
13-10-2024 21:53:20 - INFO - Sending request to Setting Chmaber Zones to a= 0.5729920000000007, b= 0.6548480000000009, c= 0.736704000000001, d= 0.8185600000000011 with timeout of 5s...
13-10-2024 21:53:20 - INFO - Setting Chmaber Zones to a= 0.5729920000000007, b= 0.6548480000000009, c= 0.736704000000001, d= 0.8185600000000011 request successfully sent.
13-10-2024 21:53:20 - INFO - Response from moonraker: {'result': 'ok'}
13-10-2024 21:53:20 - INFO - Setting Chmaber Zones to a= 0.5729920000000007, b= 0.6548480000000009, c= 0.736704000000001, d= 0.8185600000000011 Request successfully executed.
13-10-2024 21:53:20 - INFO - Sending request to Setting Chmaber Zones to a= 0.570514, b= 0.652016, c= 0.733518, d= 0.81502 with timeout of 5s...
13-10-2024 21:53:20 - INFO - Setting Chmaber Zones to a= 0.570514, b= 0.652016, c= 0.733518, d= 0.81502 request successfully sent.
13-10-2024 21:53:20 - INFO - Response from moonraker: {'result': 'ok'}
13-10-2024 21:53:20 - INFO - Setting Chmaber Zones to a= 0.570514, b= 0.652016, c= 0.733518, d= 0.81502 Request successfully executed.
13-10-2024 21:53:21 - INFO - Sending request to Setting Chmaber Zones to a= 0.5573960000000008, b= 0.6370240000000009, c= 0.716652000000001, d= 0.7962800000000011 with timeout of 5s...
13-10-2024 21:53:21 - INFO - Setting Chmaber Zones to a= 0.5573960000000008, b= 0.6370240000000009, c= 0.716652000000001, d= 0.7962800000000011 request successfully sent.
13-10-2024 21:53:21 - INFO - Response from moonraker: {'result': 'ok'}
13-10-2024 21:53:21 - INFO - Setting Chmaber Zones to a= 0.5573960000000008, b= 0.6370240000000009, c= 0.716652000000001, d= 0.7962800000000011 Request successfully executed.
13-10-2024 21:53:21 - INFO - Sending request to Setting Chmaber Zones to a= 0.5583760000000008, b= 0.6381440000000008, c= 0.7179120000000009, d= 0.797680000000001 with timeout of 5s...
13-10-2024 21:53:21 - INFO - Setting Chmaber Zones to a= 0.5583760000000008, b= 0.6381440000000008, c= 0.7179120000000009, d= 0.797680000000001 request successfully sent.
13-10-2024 21:53:21 - INFO - Response from moonraker: {'result': 'ok'}
13-10-2024 21:53:21 - INFO - Setting Chmaber Zones to a= 0.5583760000000008, b= 0.6381440000000008, c= 0.7179120000000009, d= 0.797680000000001 Request successfully executed.
13-10-2024 21:53:21 - INFO - Sending request to Setting Chmaber Zones to a= 0.5593000000000007, b= 0.6392000000000008, c= 0.7191000000000008, d= 0.7990000000000009 with timeout of 5s...
13-10-2024 21:53:21 - INFO - Setting Chmaber Zones to a= 0.5593000000000007, b= 0.6392000000000008, c= 0.7191000000000008, d= 0.7990000000000009 request successfully sent.
13-10-2024 21:53:21 - INFO - Response from moonraker: {'result': 'ok'}
13-10-2024 21:53:21 - INFO - Setting Chmaber Zones to a= 0.5593000000000007, b= 0.6392000000000008, c= 0.7191000000000008, d= 0.7990000000000009 Request successfully executed.
13-10-2024 21:53:21 - INFO - Sending request to Setting Chmaber Zones to a= 0.5566819999999999, b= 0.6362079999999999, c= 0.7157339999999999, d= 0.7952599999999999 with timeout of 5s...
13-10-2024 21:53:21 - INFO - Setting Chmaber Zones to a= 0.5566819999999999, b= 0.6362079999999999, c= 0.7157339999999999, d= 0.7952599999999999 request successfully sent.
13-10-2024 21:53:21 - INFO - Response from moonraker: {'result': 'ok'}
13-10-2024 21:53:21 - INFO - Setting Chmaber Zones to a= 0.5566819999999999, b= 0.6362079999999999, c= 0.7157339999999999, d= 0.7952599999999999 Request successfully executed.
13-10-2024 21:53:21 - INFO - Sending request to Setting Chmaber Zones to a= 0.55405, b= 0.6332000000000001, c= 0.7123500000000001, d= 0.7915000000000001 with timeout of 5s...
13-10-2024 21:53:21 - INFO - Setting Chmaber Zones to a= 0.55405, b= 0.6332000000000001, c= 0.7123500000000001, d= 0.7915000000000001 request successfully sent.
13-10-2024 21:53:21 - INFO - Response from moonraker: {'result': 'ok'}
13-10-2024 21:53:21 - INFO - Setting Chmaber Zones to a= 0.55405, b= 0.6332000000000001, c= 0.7123500000000001, d= 0.7915000000000001 Request successfully executed.
13-10-2024 21:53:22 - INFO - Sending request to Setting Chmaber Zones to a= 0.5513900000000003, b= 0.6301600000000004, c= 0.7089300000000003, d= 0.7877000000000004 with timeout of 5s...
13-10-2024 21:53:22 - INFO - Setting Chmaber Zones to a= 0.5513900000000003, b= 0.6301600000000004, c= 0.7089300000000003, d= 0.7877000000000004 request successfully sent.
13-10-2024 21:53:22 - INFO - Response from moonraker: {'result': 'ok'}
13-10-2024 21:53:22 - INFO - Setting Chmaber Zones to a= 0.5513900000000003, b= 0.6301600000000004, c= 0.7089300000000003, d= 0.7877000000000004 Request successfully executed.
13-10-2024 21:53:22 - INFO - Sending request to Setting Chmaber Zones to a= 0.5487020000000006, b= 0.6270880000000006, c= 0.7054740000000007, d= 0.7838600000000008 with timeout of 5s...
13-10-2024 21:53:22 - INFO - Setting Chmaber Zones to a= 0.5487020000000006, b= 0.6270880000000006, c= 0.7054740000000007, d= 0.7838600000000008 request successfully sent.
13-10-2024 21:53:22 - INFO - Response from moonraker: {'result': 'ok'}
13-10-2024 21:53:22 - INFO - Setting Chmaber Zones to a= 0.5487020000000006, b= 0.6270880000000006, c= 0.7054740000000007, d= 0.7838600000000008 Request successfully executed.
13-10-2024 21:53:22 - INFO - Sending request to Setting Chmaber Zones to a= 0.5495280000000006, b= 0.6280320000000007, c= 0.7065360000000008, d= 0.7850400000000008 with timeout of 5s...
13-10-2024 21:53:22 - INFO - Setting Chmaber Zones to a= 0.5495280000000006, b= 0.6280320000000007, c= 0.7065360000000008, d= 0.7850400000000008 request successfully sent.
13-10-2024 21:53:22 - INFO - Response from moonraker: {'result': 'ok'}
13-10-2024 21:53:22 - INFO - Setting Chmaber Zones to a= 0.5495280000000006, b= 0.6280320000000007, c= 0.7065360000000008, d= 0.7850400000000008 Request successfully executed.
13-10-2024 21:53:22 - INFO - Sending request to Setting Chmaber Zones to a= 0.5503400000000005, b= 0.6289600000000006, c= 0.7075800000000007, d= 0.7862000000000006 with timeout of 5s...
13-10-2024 21:53:22 - INFO - Setting Chmaber Zones to a= 0.5503400000000005, b= 0.6289600000000006, c= 0.7075800000000007, d= 0.7862000000000006 request successfully sent.
13-10-2024 21:53:22 - INFO - Response from moonraker: {'result': 'ok'}
13-10-2024 21:53:22 - INFO - Setting Chmaber Zones to a= 0.5503400000000005, b= 0.6289600000000006, c= 0.7075800000000007, d= 0.7862000000000006 Request successfully executed.
13-10-2024 21:53:22 - INFO - Sending request to Setting Chmaber Zones to a= 0.5476100000000007, b= 0.6258400000000008, c= 0.704070000000001, d= 0.782300000000001 with timeout of 5s...
13-10-2024 21:53:22 - INFO - Setting Chmaber Zones to a= 0.5476100000000007, b= 0.6258400000000008, c= 0.704070000000001, d= 0.782300000000001 request successfully sent.
13-10-2024 21:53:22 - INFO - Response from moonraker: {'result': 'ok'}
13-10-2024 21:53:22 - INFO - Setting Chmaber Zones to a= 0.5476100000000007, b= 0.6258400000000008, c= 0.704070000000001, d= 0.782300000000001 Request successfully executed.
13-10-2024 21:53:23 - INFO - Sending request to Setting Chmaber Zones to a= 0.544866, b= 0.6227039999999999, c= 0.700542, d= 0.77838 with timeout of 5s...
13-10-2024 21:53:23 - INFO - Setting Chmaber Zones to a= 0.544866, b= 0.6227039999999999, c= 0.700542, d= 0.77838 request successfully sent.
13-10-2024 21:53:23 - INFO - Response from moonraker: {'result': 'ok'}
13-10-2024 21:53:23 - INFO - Setting Chmaber Zones to a= 0.544866, b= 0.6227039999999999, c= 0.700542, d= 0.77838 Request successfully executed.
13-10-2024 21:53:23 - INFO - Sending request to Setting Chmaber Zones to a= 0.5456359999999999, b= 0.6235839999999999, c= 0.7015319999999999, d= 0.77948 with timeout of 5s...
13-10-2024 21:53:23 - INFO - Setting Chmaber Zones to a= 0.5456359999999999, b= 0.6235839999999999, c= 0.7015319999999999, d= 0.77948 request successfully sent.
13-10-2024 21:53:23 - INFO - Response from moonraker: {'result': 'ok'}
13-10-2024 21:53:23 - INFO - Setting Chmaber Zones to a= 0.5456359999999999, b= 0.6235839999999999, c= 0.7015319999999999, d= 0.77948 Request successfully executed.
13-10-2024 21:53:23 - INFO - Sending request to Setting Chmaber Zones to a= 0.54285, b= 0.6204000000000002, c= 0.6979500000000002, d= 0.7755000000000003 with timeout of 5s...
13-10-2024 21:53:23 - INFO - Setting Chmaber Zones to a= 0.54285, b= 0.6204000000000002, c= 0.6979500000000002, d= 0.7755000000000003 request successfully sent.
13-10-2024 21:53:23 - INFO - Response from moonraker: {'result': 'ok'}
13-10-2024 21:53:23 - INFO - Setting Chmaber Zones to a= 0.54285, b= 0.6204000000000002, c= 0.6979500000000002, d= 0.7755000000000003 Request successfully executed.
13-10-2024 21:53:23 - INFO - Sending request to Setting Chmaber Zones to a= 0.5435920000000001, b= 0.621248, c= 0.6989040000000002, d= 0.7765600000000003 with timeout of 5s...
13-10-2024 21:53:23 - INFO - Setting Chmaber Zones to a= 0.5435920000000001, b= 0.621248, c= 0.6989040000000002, d= 0.7765600000000003 request successfully sent.
13-10-2024 21:53:23 - INFO - Response from moonraker: {'result': 'ok'}
13-10-2024 21:53:23 - INFO - Setting Chmaber Zones to a= 0.5435920000000001, b= 0.621248, c= 0.6989040000000002, d= 0.7765600000000003 Request successfully executed.
13-10-2024 21:53:23 - INFO - Sending request to Setting Chmaber Zones to a= 0.54432, b= 0.6220800000000001, c= 0.6998400000000001, d= 0.7776000000000001 with timeout of 5s...
13-10-2024 21:53:23 - INFO - Setting Chmaber Zones to a= 0.54432, b= 0.6220800000000001, c= 0.6998400000000001, d= 0.7776000000000001 request successfully sent.
13-10-2024 21:53:23 - INFO - Response from moonraker: {'result': 'ok'}
13-10-2024 21:53:23 - INFO - Setting Chmaber Zones to a= 0.54432, b= 0.6220800000000001, c= 0.6998400000000001, d= 0.7776000000000001 Request successfully executed.
13-10-2024 21:53:24 - INFO - Sending request to Setting Chmaber Zones to a= 0.545048, b= 0.622912, c= 0.7007760000000001, d= 0.77864 with timeout of 5s...
13-10-2024 21:53:24 - INFO - Setting Chmaber Zones to a= 0.545048, b= 0.622912, c= 0.7007760000000001, d= 0.77864 request successfully sent.
13-10-2024 21:53:24 - INFO - Response from moonraker: {'result': 'ok'}
13-10-2024 21:53:24 - INFO - Setting Chmaber Zones to a= 0.545048, b= 0.622912, c= 0.7007760000000001, d= 0.77864 Request successfully executed.
13-10-2024 21:53:24 - INFO - Sending request to Setting Chmaber Zones to a= 0.5422340000000002, b= 0.6196960000000002, c= 0.6971580000000003, d= 0.7746200000000003 with timeout of 5s...
13-10-2024 21:53:24 - INFO - Setting Chmaber Zones to a= 0.5422340000000002, b= 0.6196960000000002, c= 0.6971580000000003, d= 0.7746200000000003 request successfully sent.
13-10-2024 21:53:24 - INFO - Response from moonraker: {'result': 'ok'}
13-10-2024 21:53:24 - INFO - Setting Chmaber Zones to a= 0.5422340000000002, b= 0.6196960000000002, c= 0.6971580000000003, d= 0.7746200000000003 Request successfully executed.
13-10-2024 21:53:24 - INFO - Sending request to Setting Chmaber Zones to a= 0.5394060000000005, b= 0.6164640000000006, c= 0.6935220000000006, d= 0.7705800000000008 with timeout of 5s...
13-10-2024 21:53:24 - INFO - Setting Chmaber Zones to a= 0.5394060000000005, b= 0.6164640000000006, c= 0.6935220000000006, d= 0.7705800000000008 request successfully sent.
13-10-2024 21:53:24 - INFO - Response from moonraker: {'result': 'ok'}
13-10-2024 21:53:24 - INFO - Setting Chmaber Zones to a= 0.5394060000000005, b= 0.6164640000000006, c= 0.6935220000000006, d= 0.7705800000000008 Request successfully executed.
13-10-2024 21:53:24 - INFO - Sending request to Setting Chmaber Zones to a= 0.5365500000000006, b= 0.6132000000000007, c= 0.6898500000000009, d= 0.766500000000001 with timeout of 5s...
13-10-2024 21:53:24 - INFO - Setting Chmaber Zones to a= 0.5365500000000006, b= 0.6132000000000007, c= 0.6898500000000009, d= 0.766500000000001 request successfully sent.
13-10-2024 21:53:24 - INFO - Response from moonraker: {'result': 'ok'}
13-10-2024 21:53:24 - INFO - Setting Chmaber Zones to a= 0.5365500000000006, b= 0.6132000000000007, c= 0.6898500000000009, d= 0.766500000000001 Request successfully executed.
13-10-2024 21:53:24 - INFO - Sending request to Setting Chmaber Zones to a= 0.5265820000000003, b= 0.6018080000000003, c= 0.6770340000000004, d= 0.7522600000000004 with timeout of 5s...
13-10-2024 21:53:24 - INFO - Setting Chmaber Zones to a= 0.5265820000000003, b= 0.6018080000000003, c= 0.6770340000000004, d= 0.7522600000000004 request successfully sent.
13-10-2024 21:53:24 - INFO - Response from moonraker: {'result': 'ok'}
13-10-2024 21:53:24 - INFO - Setting Chmaber Zones to a= 0.5265820000000003, b= 0.6018080000000003, c= 0.6770340000000004, d= 0.7522600000000004 Request successfully executed.
13-10-2024 21:53:25 - INFO - Sending request to Setting Chmaber Zones to a= 0.5165579999999999, b= 0.5903519999999999, c= 0.6641459999999998, d= 0.7379399999999998 with timeout of 5s...
13-10-2024 21:53:25 - INFO - Setting Chmaber Zones to a= 0.5165579999999999, b= 0.5903519999999999, c= 0.6641459999999998, d= 0.7379399999999998 request successfully sent.
13-10-2024 21:53:25 - INFO - Response from moonraker: {'result': 'ok'}
13-10-2024 21:53:25 - INFO - Setting Chmaber Zones to a= 0.5165579999999999, b= 0.5903519999999999, c= 0.6641459999999998, d= 0.7379399999999998 Request successfully executed.
13-10-2024 21:53:25 - INFO - Sending request to Setting Chmaber Zones to a= 0.513534, b= 0.5868960000000001, c= 0.660258, d= 0.73362 with timeout of 5s...
13-10-2024 21:53:25 - INFO - Setting Chmaber Zones to a= 0.513534, b= 0.5868960000000001, c= 0.660258, d= 0.73362 request successfully sent.
13-10-2024 21:53:25 - INFO - Response from moonraker: {'result': 'ok'}
13-10-2024 21:53:25 - INFO - Setting Chmaber Zones to a= 0.513534, b= 0.5868960000000001, c= 0.660258, d= 0.73362 Request successfully executed.
13-10-2024 21:53:25 - INFO - Sending request to Setting Chmaber Zones to a= 0.5069120000000005, b= 0.5793280000000006, c= 0.6517440000000007, d= 0.7241600000000007 with timeout of 5s...
13-10-2024 21:53:25 - INFO - Setting Chmaber Zones to a= 0.5069120000000005, b= 0.5793280000000006, c= 0.6517440000000007, d= 0.7241600000000007 request successfully sent.
13-10-2024 21:53:25 - INFO - Response from moonraker: {'result': 'ok'}
13-10-2024 21:53:25 - INFO - Setting Chmaber Zones to a= 0.5069120000000005, b= 0.5793280000000006, c= 0.6517440000000007, d= 0.7241600000000007 Request successfully executed.
13-10-2024 21:53:25 - INFO - Sending request to Setting Chmaber Zones to a= 0.5002479999999998, b= 0.5717119999999998, c= 0.6431759999999997, d= 0.7146399999999997 with timeout of 5s...
13-10-2024 21:53:25 - INFO - Setting Chmaber Zones to a= 0.5002479999999998, b= 0.5717119999999998, c= 0.6431759999999997, d= 0.7146399999999997 request successfully sent.
13-10-2024 21:53:25 - INFO - Response from moonraker: {'result': 'ok'}
13-10-2024 21:53:25 - INFO - Setting Chmaber Zones to a= 0.5002479999999998, b= 0.5717119999999998, c= 0.6431759999999997, d= 0.7146399999999997 Request successfully executed.
13-10-2024 21:53:25 - INFO - Sending request to Setting Chmaber Zones to a= 0.5006119999999998, b= 0.5721279999999999, c= 0.6436439999999998, d= 0.7151599999999998 with timeout of 5s...
13-10-2024 21:53:25 - INFO - Setting Chmaber Zones to a= 0.5006119999999998, b= 0.5721279999999999, c= 0.6436439999999998, d= 0.7151599999999998 request successfully sent.
13-10-2024 21:53:25 - INFO - Response from moonraker: {'result': 'ok'}
13-10-2024 21:53:25 - INFO - Setting Chmaber Zones to a= 0.5006119999999998, b= 0.5721279999999999, c= 0.6436439999999998, d= 0.7151599999999998 Request successfully executed.
13-10-2024 21:53:26 - INFO - Sending request to Setting Chmaber Zones to a= 0.49032200000000054, b= 0.5603680000000005, c= 0.6304140000000007, d= 0.7004600000000007 with timeout of 5s...
13-10-2024 21:53:26 - INFO - Setting Chmaber Zones to a= 0.49032200000000054, b= 0.5603680000000005, c= 0.6304140000000007, d= 0.7004600000000007 request successfully sent.
13-10-2024 21:53:26 - INFO - Response from moonraker: {'result': 'ok'}
13-10-2024 21:53:26 - INFO - Setting Chmaber Zones to a= 0.49032200000000054, b= 0.5603680000000005, c= 0.6304140000000007, d= 0.7004600000000007 Request successfully executed.
13-10-2024 21:53:26 - INFO - Sending request to Setting Chmaber Zones to a= 0.48353199999999996, b= 0.552608, c= 0.6216839999999999, d= 0.6907599999999999 with timeout of 5s...
13-10-2024 21:53:26 - INFO - Setting Chmaber Zones to a= 0.48353199999999996, b= 0.552608, c= 0.6216839999999999, d= 0.6907599999999999 request successfully sent.
13-10-2024 21:53:26 - INFO - Response from moonraker: {'result': 'ok'}
13-10-2024 21:53:26 - INFO - Setting Chmaber Zones to a= 0.48353199999999996, b= 0.552608, c= 0.6216839999999999, d= 0.6907599999999999 Request successfully executed.
13-10-2024 21:53:26 - INFO - Sending request to Setting Chmaber Zones to a= 0.4802140000000001, b= 0.5488160000000001, c= 0.617418, d= 0.6860200000000001 with timeout of 5s...
13-10-2024 21:53:26 - INFO - Setting Chmaber Zones to a= 0.4802140000000001, b= 0.5488160000000001, c= 0.617418, d= 0.6860200000000001 request successfully sent.
13-10-2024 21:53:26 - INFO - Response from moonraker: {'result': 'ok'}
13-10-2024 21:53:26 - INFO - Setting Chmaber Zones to a= 0.4802140000000001, b= 0.5488160000000001, c= 0.617418, d= 0.6860200000000001 Request successfully executed.
13-10-2024 21:53:26 - INFO - Sending request to Setting Chmaber Zones to a= 0.4768540000000004, b= 0.5449760000000005, c= 0.6130980000000005, d= 0.6812200000000004 with timeout of 5s...
13-10-2024 21:53:26 - INFO - Setting Chmaber Zones to a= 0.4768540000000004, b= 0.5449760000000005, c= 0.6130980000000005, d= 0.6812200000000004 request successfully sent.
13-10-2024 21:53:26 - INFO - Response from moonraker: {'result': 'ok'}
13-10-2024 21:53:26 - INFO - Setting Chmaber Zones to a= 0.4768540000000004, b= 0.5449760000000005, c= 0.6130980000000005, d= 0.6812200000000004 Request successfully executed.
13-10-2024 21:53:26 - INFO - Sending request to Setting Chmaber Zones to a= 0.4699240000000007, b= 0.5370560000000008, c= 0.6041880000000008, d= 0.6713200000000009 with timeout of 5s...
13-10-2024 21:53:26 - INFO - Setting Chmaber Zones to a= 0.4699240000000007, b= 0.5370560000000008, c= 0.6041880000000008, d= 0.6713200000000009 request successfully sent.
13-10-2024 21:53:26 - INFO - Response from moonraker: {'result': 'ok'}
13-10-2024 21:53:26 - INFO - Setting Chmaber Zones to a= 0.4699240000000007, b= 0.5370560000000008, c= 0.6041880000000008, d= 0.6713200000000009 Request successfully executed.
13-10-2024 21:53:27 - INFO - Sending request to Setting Chmaber Zones to a= 0.4664939999999999, b= 0.5331359999999999, c= 0.5997779999999999, d= 0.66642 with timeout of 5s...
13-10-2024 21:53:27 - INFO - Setting Chmaber Zones to a= 0.4664939999999999, b= 0.5331359999999999, c= 0.5997779999999999, d= 0.66642 request successfully sent.
13-10-2024 21:53:27 - INFO - Response from moonraker: {'result': 'ok'}
13-10-2024 21:53:27 - INFO - Setting Chmaber Zones to a= 0.4664939999999999, b= 0.5331359999999999, c= 0.5997779999999999, d= 0.66642 Request successfully executed.
13-10-2024 21:53:27 - INFO - Sending request to Setting Chmaber Zones to a= 0.46302200000000004, b= 0.529168, c= 0.595314, d= 0.66146 with timeout of 5s...
13-10-2024 21:53:27 - INFO - Setting Chmaber Zones to a= 0.46302200000000004, b= 0.529168, c= 0.595314, d= 0.66146 request successfully sent.
13-10-2024 21:53:27 - INFO - Response from moonraker: {'result': 'ok'}
13-10-2024 21:53:27 - INFO - Setting Chmaber Zones to a= 0.46302200000000004, b= 0.529168, c= 0.595314, d= 0.66146 Request successfully executed.
13-10-2024 21:53:27 - INFO - Sending request to Setting Chmaber Zones to a= 0.463064, b= 0.529216, c= 0.595368, d= 0.66152 with timeout of 5s...
13-10-2024 21:53:27 - INFO - Setting Chmaber Zones to a= 0.463064, b= 0.529216, c= 0.595368, d= 0.66152 request successfully sent.
13-10-2024 21:53:27 - INFO - Response from moonraker: {'result': 'ok'}
13-10-2024 21:53:27 - INFO - Setting Chmaber Zones to a= 0.463064, b= 0.529216, c= 0.595368, d= 0.66152 Request successfully executed.
13-10-2024 21:53:27 - INFO - Sending request to Setting Chmaber Zones to a= 0.4666339999999999, b= 0.5332959999999999, c= 0.5999579999999999, d= 0.6666199999999999 with timeout of 5s...
13-10-2024 21:53:27 - INFO - Setting Chmaber Zones to a= 0.4666339999999999, b= 0.5332959999999999, c= 0.5999579999999999, d= 0.6666199999999999 request successfully sent.
13-10-2024 21:53:27 - INFO - Response from moonraker: {'result': 'ok'}
13-10-2024 21:53:27 - INFO - Setting Chmaber Zones to a= 0.4666339999999999, b= 0.5332959999999999, c= 0.5999579999999999, d= 0.6666199999999999 Request successfully executed.
13-10-2024 21:53:27 - INFO - Sending request to Setting Chmaber Zones to a= 0.4702180000000007, b= 0.5373920000000009, c= 0.6045660000000008, d= 0.6717400000000011 with timeout of 5s...
13-10-2024 21:53:27 - INFO - Setting Chmaber Zones to a= 0.4702180000000007, b= 0.5373920000000009, c= 0.6045660000000008, d= 0.6717400000000011 request successfully sent.
13-10-2024 21:53:27 - INFO - Response from moonraker: {'result': 'ok'}
13-10-2024 21:53:27 - INFO - Setting Chmaber Zones to a= 0.4702180000000007, b= 0.5373920000000009, c= 0.6045660000000008, d= 0.6717400000000011 Request successfully executed.
13-10-2024 21:53:28 - INFO - Sending request to Setting Chmaber Zones to a= 0.4702880000000006, b= 0.5374720000000007, c= 0.6046560000000007, d= 0.6718400000000009 with timeout of 5s...
13-10-2024 21:53:28 - INFO - Setting Chmaber Zones to a= 0.4702880000000006, b= 0.5374720000000007, c= 0.6046560000000007, d= 0.6718400000000009 request successfully sent.
13-10-2024 21:53:28 - INFO - Response from moonraker: {'result': 'ok'}
13-10-2024 21:53:28 - INFO - Setting Chmaber Zones to a= 0.4702880000000006, b= 0.5374720000000007, c= 0.6046560000000007, d= 0.6718400000000009 Request successfully executed.
13-10-2024 21:53:28 - INFO - Sending request to Setting Chmaber Zones to a= 0.4703720000000006, b= 0.5375680000000007, c= 0.6047640000000009, d= 0.6719600000000008 with timeout of 5s...
13-10-2024 21:53:28 - INFO - Setting Chmaber Zones to a= 0.4703720000000006, b= 0.5375680000000007, c= 0.6047640000000009, d= 0.6719600000000008 request successfully sent.
13-10-2024 21:53:28 - INFO - Response from moonraker: {'result': 'ok'}
13-10-2024 21:53:28 - INFO - Setting Chmaber Zones to a= 0.4703720000000006, b= 0.5375680000000007, c= 0.6047640000000009, d= 0.6719600000000008 Request successfully executed.
13-10-2024 21:53:28 - INFO - Sending request to Setting Chmaber Zones to a= 0.47045600000000065, b= 0.5376640000000008, c= 0.6048720000000007, d= 0.6720800000000008 with timeout of 5s...
13-10-2024 21:53:28 - INFO - Setting Chmaber Zones to a= 0.47045600000000065, b= 0.5376640000000008, c= 0.6048720000000007, d= 0.6720800000000008 request successfully sent.
13-10-2024 21:53:28 - INFO - Response from moonraker: {'result': 'ok'}
13-10-2024 21:53:28 - INFO - Setting Chmaber Zones to a= 0.47045600000000065, b= 0.5376640000000008, c= 0.6048720000000007, d= 0.6720800000000008 Request successfully executed.
13-10-2024 21:53:28 - INFO - Sending request to Setting Chmaber Zones to a= 0.47408200000000045, b= 0.5418080000000005, c= 0.6095340000000006, d= 0.6772600000000008 with timeout of 5s...
13-10-2024 21:53:28 - INFO - Setting Chmaber Zones to a= 0.47408200000000045, b= 0.5418080000000005, c= 0.6095340000000006, d= 0.6772600000000008 request successfully sent.
13-10-2024 21:53:28 - INFO - Response from moonraker: {'result': 'ok'}
13-10-2024 21:53:28 - INFO - Setting Chmaber Zones to a= 0.47408200000000045, b= 0.5418080000000005, c= 0.6095340000000006, d= 0.6772600000000008 Request successfully executed.
13-10-2024 21:53:28 - INFO - Sending request to Setting Chmaber Zones to a= 0.4741800000000005, b= 0.5419200000000005, c= 0.6096600000000005, d= 0.6774000000000007 with timeout of 5s...
13-10-2024 21:53:28 - INFO - Setting Chmaber Zones to a= 0.4741800000000005, b= 0.5419200000000005, c= 0.6096600000000005, d= 0.6774000000000007 request successfully sent.
13-10-2024 21:53:28 - INFO - Response from moonraker: {'result': 'ok'}
13-10-2024 21:53:28 - INFO - Setting Chmaber Zones to a= 0.4741800000000005, b= 0.5419200000000005, c= 0.6096600000000005, d= 0.6774000000000007 Request successfully executed.
13-10-2024 21:53:29 - INFO - Sending request to Setting Chmaber Zones to a= 0.4742920000000005, b= 0.5420480000000005, c= 0.6098040000000007, d= 0.6775600000000007 with timeout of 5s...
13-10-2024 21:53:29 - INFO - Setting Chmaber Zones to a= 0.4742920000000005, b= 0.5420480000000005, c= 0.6098040000000007, d= 0.6775600000000007 request successfully sent.
13-10-2024 21:53:29 - INFO - Response from moonraker: {'result': 'ok'}
13-10-2024 21:53:29 - INFO - Setting Chmaber Zones to a= 0.4742920000000005, b= 0.5420480000000005, c= 0.6098040000000007, d= 0.6775600000000007 Request successfully executed.
13-10-2024 21:53:29 - INFO - Sending request to Setting Chmaber Zones to a= 0.4744040000000005, b= 0.5421760000000005, c= 0.6099480000000006, d= 0.6777200000000007 with timeout of 5s...
13-10-2024 21:53:29 - INFO - Setting Chmaber Zones to a= 0.4744040000000005, b= 0.5421760000000005, c= 0.6099480000000006, d= 0.6777200000000007 request successfully sent.
13-10-2024 21:53:29 - INFO - Response from moonraker: {'result': 'ok'}
13-10-2024 21:53:29 - INFO - Setting Chmaber Zones to a= 0.4744040000000005, b= 0.5421760000000005, c= 0.6099480000000006, d= 0.6777200000000007 Request successfully executed.
13-10-2024 21:53:29 - INFO - Sending request to Setting Chmaber Zones to a= 0.4780580000000004, b= 0.5463520000000004, c= 0.6146460000000005, d= 0.6829400000000005 with timeout of 5s...
13-10-2024 21:53:29 - INFO - Setting Chmaber Zones to a= 0.4780580000000004, b= 0.5463520000000004, c= 0.6146460000000005, d= 0.6829400000000005 request successfully sent.
13-10-2024 21:53:29 - INFO - Response from moonraker: {'result': 'ok'}
13-10-2024 21:53:29 - INFO - Setting Chmaber Zones to a= 0.4780580000000004, b= 0.5463520000000004, c= 0.6146460000000005, d= 0.6829400000000005 Request successfully executed.
13-10-2024 21:53:29 - INFO - Sending request to Setting Chmaber Zones to a= 0.47818400000000033, b= 0.5464960000000004, c= 0.6148080000000005, d= 0.6831200000000005 with timeout of 5s...
13-10-2024 21:53:29 - INFO - Setting Chmaber Zones to a= 0.47818400000000033, b= 0.5464960000000004, c= 0.6148080000000005, d= 0.6831200000000005 request successfully sent.
13-10-2024 21:53:29 - INFO - Response from moonraker: {'result': 'ok'}
13-10-2024 21:53:29 - INFO - Setting Chmaber Zones to a= 0.47818400000000033, b= 0.5464960000000004, c= 0.6148080000000005, d= 0.6831200000000005 Request successfully executed.
13-10-2024 21:53:29 - INFO - Sending request to Setting Chmaber Zones to a= 0.47832400000000036, b= 0.5466560000000004, c= 0.6149880000000004, d= 0.6833200000000005 with timeout of 5s...
13-10-2024 21:53:29 - INFO - Setting Chmaber Zones to a= 0.47832400000000036, b= 0.5466560000000004, c= 0.6149880000000004, d= 0.6833200000000005 request successfully sent.
13-10-2024 21:53:29 - INFO - Response from moonraker: {'result': 'ok'}
13-10-2024 21:53:29 - INFO - Setting Chmaber Zones to a= 0.47832400000000036, b= 0.5466560000000004, c= 0.6149880000000004, d= 0.6833200000000005 Request successfully executed.
13-10-2024 21:53:30 - INFO - Sending request to Setting Chmaber Zones to a= 0.47846400000000033, b= 0.5468160000000004, c= 0.6151680000000004, d= 0.6835200000000005 with timeout of 5s...
13-10-2024 21:53:30 - INFO - Setting Chmaber Zones to a= 0.47846400000000033, b= 0.5468160000000004, c= 0.6151680000000004, d= 0.6835200000000005 request successfully sent.
13-10-2024 21:53:30 - INFO - Response from moonraker: {'result': 'ok'}
13-10-2024 21:53:30 - INFO - Setting Chmaber Zones to a= 0.47846400000000033, b= 0.5468160000000004, c= 0.6151680000000004, d= 0.6835200000000005 Request successfully executed.
13-10-2024 21:53:30 - INFO - Sending request to Setting Chmaber Zones to a= 0.47860400000000036, b= 0.5469760000000004, c= 0.6153480000000005, d= 0.6837200000000004 with timeout of 5s...
13-10-2024 21:53:30 - INFO - Setting Chmaber Zones to a= 0.47860400000000036, b= 0.5469760000000004, c= 0.6153480000000005, d= 0.6837200000000004 request successfully sent.
13-10-2024 21:53:30 - INFO - Response from moonraker: {'result': 'ok'}
13-10-2024 21:53:30 - INFO - Setting Chmaber Zones to a= 0.47860400000000036, b= 0.5469760000000004, c= 0.6153480000000005, d= 0.6837200000000004 Request successfully executed.
13-10-2024 21:53:30 - INFO - Sending request to Setting Chmaber Zones to a= 0.47520200000000046, b= 0.5430880000000006, c= 0.6109740000000007, d= 0.6788600000000007 with timeout of 5s...
13-10-2024 21:53:30 - INFO - Setting Chmaber Zones to a= 0.47520200000000046, b= 0.5430880000000006, c= 0.6109740000000007, d= 0.6788600000000007 request successfully sent.
13-10-2024 21:53:30 - INFO - Response from moonraker: {'result': 'ok'}
13-10-2024 21:53:30 - INFO - Setting Chmaber Zones to a= 0.47520200000000046, b= 0.5430880000000006, c= 0.6109740000000007, d= 0.6788600000000007 Request successfully executed.
13-10-2024 21:53:30 - INFO - Sending request to Setting Chmaber Zones to a= 0.47178600000000076, b= 0.5391840000000009, c= 0.606582000000001, d= 0.6739800000000009 with timeout of 5s...
13-10-2024 21:53:30 - INFO - Setting Chmaber Zones to a= 0.47178600000000076, b= 0.5391840000000009, c= 0.606582000000001, d= 0.6739800000000009 request successfully sent.
13-10-2024 21:53:30 - INFO - Response from moonraker: {'result': 'ok'}
13-10-2024 21:53:30 - INFO - Setting Chmaber Zones to a= 0.47178600000000076, b= 0.5391840000000009, c= 0.606582000000001, d= 0.6739800000000009 Request successfully executed.
13-10-2024 21:53:30 - INFO - Sending request to Setting Chmaber Zones to a= 0.468342, b= 0.535248, c= 0.6021540000000001, d= 0.6690600000000001 with timeout of 5s...
13-10-2024 21:53:30 - INFO - Setting Chmaber Zones to a= 0.468342, b= 0.535248, c= 0.6021540000000001, d= 0.6690600000000001 request successfully sent.
13-10-2024 21:53:30 - INFO - Response from moonraker: {'result': 'ok'}
13-10-2024 21:53:30 - INFO - Setting Chmaber Zones to a= 0.468342, b= 0.535248, c= 0.6021540000000001, d= 0.6690600000000001 Request successfully executed.
13-10-2024 21:53:31 - INFO - Sending request to Setting Chmaber Zones to a= 0.45778600000000064, b= 0.5231840000000006, c= 0.5885820000000008, d= 0.653980000000001 with timeout of 5s...
13-10-2024 21:53:31 - INFO - Setting Chmaber Zones to a= 0.45778600000000064, b= 0.5231840000000006, c= 0.5885820000000008, d= 0.653980000000001 request successfully sent.
13-10-2024 21:53:31 - INFO - Response from moonraker: {'result': 'ok'}
13-10-2024 21:53:31 - INFO - Setting Chmaber Zones to a= 0.45778600000000064, b= 0.5231840000000006, c= 0.5885820000000008, d= 0.653980000000001 Request successfully executed.
13-10-2024 21:53:31 - INFO - Sending request to Setting Chmaber Zones to a= 0.4542580000000007, b= 0.5191520000000008, c= 0.584046000000001, d= 0.6489400000000011 with timeout of 5s...
13-10-2024 21:53:31 - INFO - Setting Chmaber Zones to a= 0.4542580000000007, b= 0.5191520000000008, c= 0.584046000000001, d= 0.6489400000000011 request successfully sent.
13-10-2024 21:53:31 - INFO - Response from moonraker: {'result': 'ok'}
13-10-2024 21:53:31 - INFO - Setting Chmaber Zones to a= 0.4542580000000007, b= 0.5191520000000008, c= 0.584046000000001, d= 0.6489400000000011 Request successfully executed.
13-10-2024 21:53:31 - INFO - Sending request to Setting Chmaber Zones to a= 0.44713200000000014, b= 0.5110080000000002, c= 0.5748840000000002, d= 0.6387600000000002 with timeout of 5s...
13-10-2024 21:53:31 - INFO - Setting Chmaber Zones to a= 0.44713200000000014, b= 0.5110080000000002, c= 0.5748840000000002, d= 0.6387600000000002 request successfully sent.
13-10-2024 21:53:31 - INFO - Response from moonraker: {'result': 'ok'}
13-10-2024 21:53:31 - INFO - Setting Chmaber Zones to a= 0.44713200000000014, b= 0.5110080000000002, c= 0.5748840000000002, d= 0.6387600000000002 Request successfully executed.
13-10-2024 21:53:31 - INFO - Sending request to Setting Chmaber Zones to a= 0.4399640000000005, b= 0.5028160000000006, c= 0.5656680000000006, d= 0.6285200000000007 with timeout of 5s...
13-10-2024 21:53:31 - INFO - Setting Chmaber Zones to a= 0.4399640000000005, b= 0.5028160000000006, c= 0.5656680000000006, d= 0.6285200000000007 request successfully sent.
13-10-2024 21:53:31 - INFO - Response from moonraker: {'result': 'ok'}
13-10-2024 21:53:31 - INFO - Setting Chmaber Zones to a= 0.4399640000000005, b= 0.5028160000000006, c= 0.5656680000000006, d= 0.6285200000000007 Request successfully executed.
13-10-2024 21:53:31 - INFO - Sending request to Setting Chmaber Zones to a= 0.4362820000000007, b= 0.49860800000000083, c= 0.5609340000000009, d= 0.623260000000001 with timeout of 5s...
13-10-2024 21:53:31 - INFO - Setting Chmaber Zones to a= 0.4362820000000007, b= 0.49860800000000083, c= 0.5609340000000009, d= 0.623260000000001 request successfully sent.
13-10-2024 21:53:31 - INFO - Response from moonraker: {'result': 'ok'}
13-10-2024 21:53:31 - INFO - Setting Chmaber Zones to a= 0.4362820000000007, b= 0.49860800000000083, c= 0.5609340000000009, d= 0.623260000000001 Request successfully executed.
13-10-2024 21:53:32 - INFO - Sending request to Setting Chmaber Zones to a= 0.43255799999999994, b= 0.49435199999999996, c= 0.5561459999999999, d= 0.6179399999999999 with timeout of 5s...
13-10-2024 21:53:32 - INFO - Setting Chmaber Zones to a= 0.43255799999999994, b= 0.49435199999999996, c= 0.5561459999999999, d= 0.6179399999999999 request successfully sent.
13-10-2024 21:53:32 - INFO - Response from moonraker: {'result': 'ok'}
13-10-2024 21:53:32 - INFO - Setting Chmaber Zones to a= 0.43255799999999994, b= 0.49435199999999996, c= 0.5561459999999999, d= 0.6179399999999999 Request successfully executed.
13-10-2024 21:53:32 - INFO - Sending request to Setting Chmaber Zones to a= 0.432348, b= 0.49411199999999994, c= 0.5558759999999999, d= 0.61764 with timeout of 5s...
13-10-2024 21:53:32 - INFO - Setting Chmaber Zones to a= 0.432348, b= 0.49411199999999994, c= 0.5558759999999999, d= 0.61764 request successfully sent.
13-10-2024 21:53:32 - INFO - Response from moonraker: {'result': 'ok'}
13-10-2024 21:53:32 - INFO - Setting Chmaber Zones to a= 0.432348, b= 0.49411199999999994, c= 0.5558759999999999, d= 0.61764 Request successfully executed.
13-10-2024 21:53:32 - INFO - Sending request to Setting Chmaber Zones to a= 0.43212399999999995, b= 0.49385599999999996, c= 0.555588, d= 0.61732 with timeout of 5s...
13-10-2024 21:53:32 - INFO - Setting Chmaber Zones to a= 0.43212399999999995, b= 0.49385599999999996, c= 0.555588, d= 0.61732 request successfully sent.
13-10-2024 21:53:32 - INFO - Response from moonraker: {'result': 'ok'}
13-10-2024 21:53:32 - INFO - Setting Chmaber Zones to a= 0.43212399999999995, b= 0.49385599999999996, c= 0.555588, d= 0.61732 Request successfully executed.
13-10-2024 21:53:32 - INFO - Sending request to Setting Chmaber Zones to a= 0.43189999999999995, b= 0.4936, c= 0.5553, d= 0.617 with timeout of 5s...
13-10-2024 21:53:32 - INFO - Setting Chmaber Zones to a= 0.43189999999999995, b= 0.4936, c= 0.5553, d= 0.617 request successfully sent.
13-10-2024 21:53:32 - INFO - Response from moonraker: {'result': 'ok'}
13-10-2024 21:53:32 - INFO - Setting Chmaber Zones to a= 0.43189999999999995, b= 0.4936, c= 0.5553, d= 0.617 Request successfully executed.
13-10-2024 21:53:32 - INFO - Sending request to Setting Chmaber Zones to a= 0.43521800000000077, b= 0.49739200000000083, c= 0.5595660000000009, d= 0.6217400000000011 with timeout of 5s...
13-10-2024 21:53:32 - INFO - Setting Chmaber Zones to a= 0.43521800000000077, b= 0.49739200000000083, c= 0.5595660000000009, d= 0.6217400000000011 request successfully sent.
13-10-2024 21:53:32 - INFO - Response from moonraker: {'result': 'ok'}
13-10-2024 21:53:32 - INFO - Setting Chmaber Zones to a= 0.43521800000000077, b= 0.49739200000000083, c= 0.5595660000000009, d= 0.6217400000000011 Request successfully executed.
13-10-2024 21:53:33 - INFO - Sending request to Setting Chmaber Zones to a= 0.4420920000000004, b= 0.5052480000000004, c= 0.5684040000000006, d= 0.6315600000000006 with timeout of 5s...
13-10-2024 21:53:33 - INFO - Setting Chmaber Zones to a= 0.4420920000000004, b= 0.5052480000000004, c= 0.5684040000000006, d= 0.6315600000000006 request successfully sent.
13-10-2024 21:53:33 - INFO - Response from moonraker: {'result': 'ok'}
13-10-2024 21:53:33 - INFO - Setting Chmaber Zones to a= 0.4420920000000004, b= 0.5052480000000004, c= 0.5684040000000006, d= 0.6315600000000006 Request successfully executed.
13-10-2024 21:53:33 - INFO - Sending request to Setting Chmaber Zones to a= 0.44192400000000037, b= 0.5050560000000004, c= 0.5681880000000006, d= 0.6313200000000005 with timeout of 5s...
13-10-2024 21:53:33 - INFO - Setting Chmaber Zones to a= 0.44192400000000037, b= 0.5050560000000004, c= 0.5681880000000006, d= 0.6313200000000005 request successfully sent.
13-10-2024 21:53:33 - INFO - Response from moonraker: {'result': 'ok'}
13-10-2024 21:53:33 - INFO - Setting Chmaber Zones to a= 0.44192400000000037, b= 0.5050560000000004, c= 0.5681880000000006, d= 0.6313200000000005 Request successfully executed.
13-10-2024 21:53:33 - INFO - Sending request to Setting Chmaber Zones to a= 0.448868, b= 0.512992, c= 0.5771160000000001, d= 0.6412400000000001 with timeout of 5s...
13-10-2024 21:53:33 - INFO - Setting Chmaber Zones to a= 0.448868, b= 0.512992, c= 0.5771160000000001, d= 0.6412400000000001 request successfully sent.
13-10-2024 21:53:33 - INFO - Response from moonraker: {'result': 'ok'}
13-10-2024 21:53:33 - INFO - Setting Chmaber Zones to a= 0.448868, b= 0.512992, c= 0.5771160000000001, d= 0.6412400000000001 Request successfully executed.
13-10-2024 21:53:33 - INFO - Sending request to Setting Chmaber Zones to a= 0.448756, b= 0.512864, c= 0.5769719999999999, d= 0.6410800000000001 with timeout of 5s...
13-10-2024 21:53:33 - INFO - Setting Chmaber Zones to a= 0.448756, b= 0.512864, c= 0.5769719999999999, d= 0.6410800000000001 request successfully sent.
13-10-2024 21:53:33 - INFO - Response from moonraker: {'result': 'ok'}
13-10-2024 21:53:33 - INFO - Setting Chmaber Zones to a= 0.448756, b= 0.512864, c= 0.5769719999999999, d= 0.6410800000000001 Request successfully executed.
13-10-2024 21:53:33 - INFO - Sending request to Setting Chmaber Zones to a= 0.448672, b= 0.5127680000000001, c= 0.576864, d= 0.6409600000000001 with timeout of 5s...
13-10-2024 21:53:33 - INFO - Setting Chmaber Zones to a= 0.448672, b= 0.5127680000000001, c= 0.576864, d= 0.6409600000000001 request successfully sent.
13-10-2024 21:53:33 - INFO - Response from moonraker: {'result': 'ok'}
13-10-2024 21:53:33 - INFO - Setting Chmaber Zones to a= 0.448672, b= 0.5127680000000001, c= 0.576864, d= 0.6409600000000001 Request successfully executed.
13-10-2024 21:53:34 - INFO - Sending request to Setting Chmaber Zones to a= 0.44858800000000004, b= 0.512672, c= 0.576756, d= 0.6408400000000001 with timeout of 5s...
13-10-2024 21:53:34 - INFO - Setting Chmaber Zones to a= 0.44858800000000004, b= 0.512672, c= 0.576756, d= 0.6408400000000001 request successfully sent.
13-10-2024 21:53:34 - INFO - Response from moonraker: {'result': 'ok'}
13-10-2024 21:53:34 - INFO - Setting Chmaber Zones to a= 0.44858800000000004, b= 0.512672, c= 0.576756, d= 0.6408400000000001 Request successfully executed.
13-10-2024 21:53:34 - INFO - Sending request to Setting Chmaber Zones to a= 0.44850400000000007, b= 0.512576, c= 0.576648, d= 0.6407200000000001 with timeout of 5s...
13-10-2024 21:53:34 - INFO - Setting Chmaber Zones to a= 0.44850400000000007, b= 0.512576, c= 0.576648, d= 0.6407200000000001 request successfully sent.
13-10-2024 21:53:34 - INFO - Response from moonraker: {'result': 'ok'}
13-10-2024 21:53:34 - INFO - Setting Chmaber Zones to a= 0.44850400000000007, b= 0.512576, c= 0.576648, d= 0.6407200000000001 Request successfully executed.
13-10-2024 21:53:34 - INFO - Sending request to Setting Chmaber Zones to a= 0.44842000000000004, b= 0.51248, c= 0.57654, d= 0.6406000000000001 with timeout of 5s...
13-10-2024 21:53:34 - INFO - Setting Chmaber Zones to a= 0.44842000000000004, b= 0.51248, c= 0.57654, d= 0.6406000000000001 request successfully sent.
13-10-2024 21:53:34 - INFO - Response from moonraker: {'result': 'ok'}
13-10-2024 21:53:34 - INFO - Setting Chmaber Zones to a= 0.44842000000000004, b= 0.51248, c= 0.57654, d= 0.6406000000000001 Request successfully executed.
13-10-2024 21:53:34 - INFO - Sending request to Setting Chmaber Zones to a= 0.4483360000000001, b= 0.5123840000000002, c= 0.5764320000000002, d= 0.6404800000000002 with timeout of 5s...
13-10-2024 21:53:34 - INFO - Setting Chmaber Zones to a= 0.4483360000000001, b= 0.5123840000000002, c= 0.5764320000000002, d= 0.6404800000000002 request successfully sent.
13-10-2024 21:53:34 - INFO - Response from moonraker: {'result': 'ok'}
13-10-2024 21:53:34 - INFO - Setting Chmaber Zones to a= 0.4483360000000001, b= 0.5123840000000002, c= 0.5764320000000002, d= 0.6404800000000002 Request successfully executed.
13-10-2024 21:53:34 - INFO - Sending request to Setting Chmaber Zones to a= 0.4447100000000003, b= 0.5082400000000004, c= 0.5717700000000003, d= 0.6353000000000004 with timeout of 5s...
13-10-2024 21:53:34 - INFO - Setting Chmaber Zones to a= 0.4447100000000003, b= 0.5082400000000004, c= 0.5717700000000003, d= 0.6353000000000004 request successfully sent.
13-10-2024 21:53:34 - INFO - Response from moonraker: {'result': 'ok'}
13-10-2024 21:53:34 - INFO - Setting Chmaber Zones to a= 0.4447100000000003, b= 0.5082400000000004, c= 0.5717700000000003, d= 0.6353000000000004 Request successfully executed.
13-10-2024 21:53:35 - INFO - Sending request to Setting Chmaber Zones to a= 0.43752800000000064, b= 0.5000320000000008, c= 0.5625360000000008, d= 0.6250400000000009 with timeout of 5s...
13-10-2024 21:53:35 - INFO - Setting Chmaber Zones to a= 0.43752800000000064, b= 0.5000320000000008, c= 0.5625360000000008, d= 0.6250400000000009 request successfully sent.
13-10-2024 21:53:35 - INFO - Response from moonraker: {'result': 'ok'}
13-10-2024 21:53:35 - INFO - Setting Chmaber Zones to a= 0.43752800000000064, b= 0.5000320000000008, c= 0.5625360000000008, d= 0.6250400000000009 Request successfully executed.
13-10-2024 21:53:35 - INFO - Sending request to Setting Chmaber Zones to a= 0.43384600000000084, b= 0.495824000000001, c= 0.557802000000001, d= 0.6197800000000012 with timeout of 5s...
13-10-2024 21:53:35 - INFO - Setting Chmaber Zones to a= 0.43384600000000084, b= 0.495824000000001, c= 0.557802000000001, d= 0.6197800000000012 request successfully sent.
13-10-2024 21:53:35 - INFO - Response from moonraker: {'result': 'ok'}
13-10-2024 21:53:35 - INFO - Setting Chmaber Zones to a= 0.43384600000000084, b= 0.495824000000001, c= 0.557802000000001, d= 0.6197800000000012 Request successfully executed.
13-10-2024 21:53:35 - INFO - Sending request to Setting Chmaber Zones to a= 0.42658000000000024, b= 0.48752000000000023, c= 0.5484600000000003, d= 0.6094000000000003 with timeout of 5s...
13-10-2024 21:53:35 - INFO - Setting Chmaber Zones to a= 0.42658000000000024, b= 0.48752000000000023, c= 0.5484600000000003, d= 0.6094000000000003 request successfully sent.
13-10-2024 21:53:35 - INFO - Response from moonraker: {'result': 'ok'}
13-10-2024 21:53:35 - INFO - Setting Chmaber Zones to a= 0.42658000000000024, b= 0.48752000000000023, c= 0.5484600000000003, d= 0.6094000000000003 Request successfully executed.
13-10-2024 21:53:35 - INFO - Sending request to Setting Chmaber Zones to a= 0.4263560000000002, b= 0.48726400000000025, c= 0.5481720000000003, d= 0.6090800000000003 with timeout of 5s...
13-10-2024 21:53:35 - INFO - Setting Chmaber Zones to a= 0.4263560000000002, b= 0.48726400000000025, c= 0.5481720000000003, d= 0.6090800000000003 request successfully sent.
13-10-2024 21:53:35 - INFO - Response from moonraker: {'result': 'ok'}
13-10-2024 21:53:35 - INFO - Setting Chmaber Zones to a= 0.4263560000000002, b= 0.48726400000000025, c= 0.5481720000000003, d= 0.6090800000000003 Request successfully executed.
13-10-2024 21:53:35 - INFO - Sending request to Setting Chmaber Zones to a= 0.4154780000000009, b= 0.47483200000000103, c= 0.5341860000000012, d= 0.5935400000000013 with timeout of 5s...
13-10-2024 21:53:35 - INFO - Setting Chmaber Zones to a= 0.4154780000000009, b= 0.47483200000000103, c= 0.5341860000000012, d= 0.5935400000000013 request successfully sent.
13-10-2024 21:53:35 - INFO - Response from moonraker: {'result': 'ok'}
13-10-2024 21:53:35 - INFO - Setting Chmaber Zones to a= 0.4154780000000009, b= 0.47483200000000103, c= 0.5341860000000012, d= 0.5935400000000013 Request successfully executed.
13-10-2024 21:53:36 - INFO - Sending request to Setting Chmaber Zones to a= 0.41164199999999995, b= 0.470448, c= 0.5292539999999999, d= 0.5880599999999999 with timeout of 5s...
13-10-2024 21:53:36 - INFO - Setting Chmaber Zones to a= 0.41164199999999995, b= 0.470448, c= 0.5292539999999999, d= 0.5880599999999999 request successfully sent.
13-10-2024 21:53:36 - INFO - Response from moonraker: {'result': 'ok'}
13-10-2024 21:53:36 - INFO - Setting Chmaber Zones to a= 0.41164199999999995, b= 0.470448, c= 0.5292539999999999, d= 0.5880599999999999 Request successfully executed.
13-10-2024 21:53:36 - INFO - Sending request to Setting Chmaber Zones to a= 0.411292, b= 0.47004799999999997, c= 0.5288039999999999, d= 0.58756 with timeout of 5s...
13-10-2024 21:53:36 - INFO - Setting Chmaber Zones to a= 0.411292, b= 0.47004799999999997, c= 0.5288039999999999, d= 0.58756 request successfully sent.
13-10-2024 21:53:36 - INFO - Response from moonraker: {'result': 'ok'}
13-10-2024 21:53:36 - INFO - Setting Chmaber Zones to a= 0.411292, b= 0.47004799999999997, c= 0.5288039999999999, d= 0.58756 Request successfully executed.
13-10-2024 21:53:36 - INFO - Sending request to Setting Chmaber Zones to a= 0.4073860000000002, b= 0.4655840000000002, c= 0.5237820000000003, d= 0.5819800000000003 with timeout of 5s...
13-10-2024 21:53:36 - INFO - Setting Chmaber Zones to a= 0.4073860000000002, b= 0.4655840000000002, c= 0.5237820000000003, d= 0.5819800000000003 request successfully sent.
13-10-2024 21:53:36 - INFO - Response from moonraker: {'result': 'ok'}
13-10-2024 21:53:36 - INFO - Setting Chmaber Zones to a= 0.4073860000000002, b= 0.4655840000000002, c= 0.5237820000000003, d= 0.5819800000000003 Request successfully executed.
13-10-2024 21:53:36 - INFO - Sending request to Setting Chmaber Zones to a= 0.3999240000000006, b= 0.4570560000000007, c= 0.5141880000000008, d= 0.5713200000000008 with timeout of 5s...
13-10-2024 21:53:36 - INFO - Setting Chmaber Zones to a= 0.3999240000000006, b= 0.4570560000000007, c= 0.5141880000000008, d= 0.5713200000000008 request successfully sent.
13-10-2024 21:53:36 - INFO - Response from moonraker: {'result': 'ok'}
13-10-2024 21:53:36 - INFO - Setting Chmaber Zones to a= 0.3999240000000006, b= 0.4570560000000007, c= 0.5141880000000008, d= 0.5713200000000008 Request successfully executed.
13-10-2024 21:53:36 - INFO - Sending request to Setting Chmaber Zones to a= 0.39950400000000064, b= 0.45657600000000076, c= 0.5136480000000008, d= 0.5707200000000009 with timeout of 5s...
13-10-2024 21:53:36 - INFO - Setting Chmaber Zones to a= 0.39950400000000064, b= 0.45657600000000076, c= 0.5136480000000008, d= 0.5707200000000009 request successfully sent.
13-10-2024 21:53:36 - INFO - Response from moonraker: {'result': 'ok'}
13-10-2024 21:53:36 - INFO - Setting Chmaber Zones to a= 0.39950400000000064, b= 0.45657600000000076, c= 0.5136480000000008, d= 0.5707200000000009 Request successfully executed.
13-10-2024 21:53:37 - INFO - Sending request to Setting Chmaber Zones to a= 0.39551400000000086, b= 0.452016000000001, c= 0.508518000000001, d= 0.5650200000000012 with timeout of 5s...
13-10-2024 21:53:37 - INFO - Setting Chmaber Zones to a= 0.39551400000000086, b= 0.452016000000001, c= 0.508518000000001, d= 0.5650200000000012 request successfully sent.
13-10-2024 21:53:37 - INFO - Response from moonraker: {'result': 'ok'}
13-10-2024 21:53:37 - INFO - Setting Chmaber Zones to a= 0.39551400000000086, b= 0.452016000000001, c= 0.508518000000001, d= 0.5650200000000012 Request successfully executed.
13-10-2024 21:53:37 - INFO - Sending request to Setting Chmaber Zones to a= 0.3950520000000008, b= 0.45148800000000094, c= 0.507924000000001, d= 0.5643600000000012 with timeout of 5s...
13-10-2024 21:53:37 - INFO - Setting Chmaber Zones to a= 0.3950520000000008, b= 0.45148800000000094, c= 0.507924000000001, d= 0.5643600000000012 request successfully sent.
13-10-2024 21:53:37 - INFO - Response from moonraker: {'result': 'ok'}
13-10-2024 21:53:37 - INFO - Setting Chmaber Zones to a= 0.3950520000000008, b= 0.45148800000000094, c= 0.507924000000001, d= 0.5643600000000012 Request successfully executed.
13-10-2024 21:53:37 - INFO - Sending request to Setting Chmaber Zones to a= 0.391034, b= 0.44689599999999996, c= 0.502758, d= 0.55862 with timeout of 5s...
13-10-2024 21:53:37 - INFO - Setting Chmaber Zones to a= 0.391034, b= 0.44689599999999996, c= 0.502758, d= 0.55862 request successfully sent.
13-10-2024 21:53:37 - INFO - Response from moonraker: {'result': 'ok'}
13-10-2024 21:53:37 - INFO - Setting Chmaber Zones to a= 0.391034, b= 0.44689599999999996, c= 0.502758, d= 0.55862 Request successfully executed.
13-10-2024 21:53:37 - INFO - Sending request to Setting Chmaber Zones to a= 0.3870020000000002, b= 0.44228800000000024, c= 0.4975740000000002, d= 0.5528600000000002 with timeout of 5s...
13-10-2024 21:53:37 - INFO - Setting Chmaber Zones to a= 0.3870020000000002, b= 0.44228800000000024, c= 0.4975740000000002, d= 0.5528600000000002 request successfully sent.
13-10-2024 21:53:37 - INFO - Response from moonraker: {'result': 'ok'}
13-10-2024 21:53:37 - INFO - Setting Chmaber Zones to a= 0.3870020000000002, b= 0.44228800000000024, c= 0.4975740000000002, d= 0.5528600000000002 Request successfully executed.
13-10-2024 21:53:37 - INFO - Sending request to Setting Chmaber Zones to a= 0.38648400000000016, b= 0.44169600000000026, c= 0.49690800000000024, d= 0.5521200000000003 with timeout of 5s...
13-10-2024 21:53:37 - INFO - Setting Chmaber Zones to a= 0.38648400000000016, b= 0.44169600000000026, c= 0.49690800000000024, d= 0.5521200000000003 request successfully sent.
13-10-2024 21:53:37 - INFO - Response from moonraker: {'result': 'ok'}
13-10-2024 21:53:37 - INFO - Setting Chmaber Zones to a= 0.38648400000000016, b= 0.44169600000000026, c= 0.49690800000000024, d= 0.5521200000000003 Request successfully executed.
13-10-2024 21:53:38 - INFO - Sending request to Setting Chmaber Zones to a= 0.3824100000000004, b= 0.43704000000000043, c= 0.4916700000000005, d= 0.5463000000000006 with timeout of 5s...
13-10-2024 21:53:38 - INFO - Setting Chmaber Zones to a= 0.3824100000000004, b= 0.43704000000000043, c= 0.4916700000000005, d= 0.5463000000000006 request successfully sent.
13-10-2024 21:53:38 - INFO - Response from moonraker: {'result': 'ok'}
13-10-2024 21:53:38 - INFO - Setting Chmaber Zones to a= 0.3824100000000004, b= 0.43704000000000043, c= 0.4916700000000005, d= 0.5463000000000006 Request successfully executed.
13-10-2024 21:53:38 - INFO - Sending request to Setting Chmaber Zones to a= 0.3818640000000004, b= 0.43641600000000047, c= 0.4909680000000005, d= 0.5455200000000006 with timeout of 5s...
13-10-2024 21:53:38 - INFO - Setting Chmaber Zones to a= 0.3818640000000004, b= 0.43641600000000047, c= 0.4909680000000005, d= 0.5455200000000006 request successfully sent.
13-10-2024 21:53:38 - INFO - Response from moonraker: {'result': 'ok'}
13-10-2024 21:53:38 - INFO - Setting Chmaber Zones to a= 0.3818640000000004, b= 0.43641600000000047, c= 0.4909680000000005, d= 0.5455200000000006 Request successfully executed.
13-10-2024 21:53:38 - INFO - Sending request to Setting Chmaber Zones to a= 0.3777620000000006, b= 0.43172800000000067, c= 0.48569400000000074, d= 0.5396600000000008 with timeout of 5s...
13-10-2024 21:53:38 - INFO - Setting Chmaber Zones to a= 0.3777620000000006, b= 0.43172800000000067, c= 0.48569400000000074, d= 0.5396600000000008 request successfully sent.
13-10-2024 21:53:38 - INFO - Response from moonraker: {'result': 'ok'}
13-10-2024 21:53:38 - INFO - Setting Chmaber Zones to a= 0.3777620000000006, b= 0.43172800000000067, c= 0.48569400000000074, d= 0.5396600000000008 Request successfully executed.
13-10-2024 21:53:38 - INFO - Sending request to Setting Chmaber Zones to a= 0.3771880000000006, b= 0.4310720000000007, c= 0.48495600000000083, d= 0.5388400000000009 with timeout of 5s...
13-10-2024 21:53:38 - INFO - Setting Chmaber Zones to a= 0.3771880000000006, b= 0.4310720000000007, c= 0.48495600000000083, d= 0.5388400000000009 request successfully sent.
13-10-2024 21:53:38 - INFO - Response from moonraker: {'result': 'ok'}
13-10-2024 21:53:38 - INFO - Setting Chmaber Zones to a= 0.3771880000000006, b= 0.4310720000000007, c= 0.48495600000000083, d= 0.5388400000000009 Request successfully executed.
13-10-2024 21:53:38 - INFO - Sending request to Setting Chmaber Zones to a= 0.37660000000000066, b= 0.4304000000000008, c= 0.4842000000000008, d= 0.5380000000000009 with timeout of 5s...
13-10-2024 21:53:38 - INFO - Setting Chmaber Zones to a= 0.37660000000000066, b= 0.4304000000000008, c= 0.4842000000000008, d= 0.5380000000000009 request successfully sent.
13-10-2024 21:53:38 - INFO - Response from moonraker: {'result': 'ok'}
13-10-2024 21:53:38 - INFO - Setting Chmaber Zones to a= 0.37660000000000066, b= 0.4304000000000008, c= 0.4842000000000008, d= 0.5380000000000009 Request successfully executed.
13-10-2024 21:53:39 - INFO - Sending request to Setting Chmaber Zones to a= 0.3760120000000007, b= 0.4297280000000008, c= 0.4834440000000009, d= 0.537160000000001 with timeout of 5s...
13-10-2024 21:53:39 - INFO - Setting Chmaber Zones to a= 0.3760120000000007, b= 0.4297280000000008, c= 0.4834440000000009, d= 0.537160000000001 request successfully sent.
13-10-2024 21:53:39 - INFO - Response from moonraker: {'result': 'ok'}
13-10-2024 21:53:39 - INFO - Setting Chmaber Zones to a= 0.3760120000000007, b= 0.4297280000000008, c= 0.4834440000000009, d= 0.537160000000001 Request successfully executed.
13-10-2024 21:53:39 - INFO - Sending request to Setting Chmaber Zones to a= 0.3754240000000007, b= 0.42905600000000077, c= 0.4826880000000009, d= 0.536320000000001 with timeout of 5s...
13-10-2024 21:53:39 - INFO - Setting Chmaber Zones to a= 0.3754240000000007, b= 0.42905600000000077, c= 0.4826880000000009, d= 0.536320000000001 request successfully sent.
13-10-2024 21:53:39 - INFO - Response from moonraker: {'result': 'ok'}
13-10-2024 21:53:39 - INFO - Setting Chmaber Zones to a= 0.3754240000000007, b= 0.42905600000000077, c= 0.4826880000000009, d= 0.536320000000001 Request successfully executed.
13-10-2024 21:53:39 - INFO - Sending request to Setting Chmaber Zones to a= 0.3748360000000007, b= 0.4283840000000009, c= 0.48193200000000097, d= 0.5354800000000011 with timeout of 5s...
13-10-2024 21:53:39 - INFO - Setting Chmaber Zones to a= 0.3748360000000007, b= 0.4283840000000009, c= 0.48193200000000097, d= 0.5354800000000011 request successfully sent.
13-10-2024 21:53:39 - INFO - Response from moonraker: {'result': 'ok'}
13-10-2024 21:53:39 - INFO - Setting Chmaber Zones to a= 0.3748360000000007, b= 0.4283840000000009, c= 0.48193200000000097, d= 0.5354800000000011 Request successfully executed.
13-10-2024 21:53:39 - INFO - Sending request to Setting Chmaber Zones to a= 0.3707060000000009, b= 0.423664000000001, c= 0.4766220000000011, d= 0.5295800000000013 with timeout of 5s...
13-10-2024 21:53:39 - INFO - Setting Chmaber Zones to a= 0.3707060000000009, b= 0.423664000000001, c= 0.4766220000000011, d= 0.5295800000000013 request successfully sent.
13-10-2024 21:53:39 - INFO - Response from moonraker: {'result': 'ok'}
13-10-2024 21:53:39 - INFO - Setting Chmaber Zones to a= 0.3707060000000009, b= 0.423664000000001, c= 0.4766220000000011, d= 0.5295800000000013 Request successfully executed.
13-10-2024 21:53:39 - INFO - Sending request to Setting Chmaber Zones to a= 0.3665620000000002, b= 0.41892800000000024, c= 0.47129400000000016, d= 0.5236600000000002 with timeout of 5s...
13-10-2024 21:53:40 - INFO - Setting Chmaber Zones to a= 0.3665620000000002, b= 0.41892800000000024, c= 0.47129400000000016, d= 0.5236600000000002 request successfully sent.
13-10-2024 21:53:40 - INFO - Response from moonraker: {'result': 'ok'}
13-10-2024 21:53:40 - INFO - Setting Chmaber Zones to a= 0.3665620000000002, b= 0.41892800000000024, c= 0.47129400000000016, d= 0.5236600000000002 Request successfully executed.
13-10-2024 21:53:40 - INFO - Sending request to Setting Chmaber Zones to a= 0.36593200000000015, b= 0.4182080000000002, c= 0.47048400000000024, d= 0.5227600000000002 with timeout of 5s...
13-10-2024 21:53:40 - INFO - Setting Chmaber Zones to a= 0.36593200000000015, b= 0.4182080000000002, c= 0.47048400000000024, d= 0.5227600000000002 request successfully sent.
13-10-2024 21:53:40 - INFO - Response from moonraker: {'result': 'ok'}
13-10-2024 21:53:40 - INFO - Setting Chmaber Zones to a= 0.36593200000000015, b= 0.4182080000000002, c= 0.47048400000000024, d= 0.5227600000000002 Request successfully executed.
13-10-2024 21:53:40 - INFO - Sending request to Setting Chmaber Zones to a= 0.36174600000000035, b= 0.4134240000000004, c= 0.4651020000000004, d= 0.5167800000000005 with timeout of 5s...
13-10-2024 21:53:40 - INFO - Setting Chmaber Zones to a= 0.36174600000000035, b= 0.4134240000000004, c= 0.4651020000000004, d= 0.5167800000000005 request successfully sent.
13-10-2024 21:53:40 - INFO - Response from moonraker: {'result': 'ok'}
13-10-2024 21:53:40 - INFO - Setting Chmaber Zones to a= 0.36174600000000035, b= 0.4134240000000004, c= 0.4651020000000004, d= 0.5167800000000005 Request successfully executed.
13-10-2024 21:53:40 - INFO - Sending request to Setting Chmaber Zones to a= 0.3610880000000003, b= 0.4126720000000003, c= 0.4642560000000004, d= 0.5158400000000004 with timeout of 5s...
13-10-2024 21:53:40 - INFO - Setting Chmaber Zones to a= 0.3610880000000003, b= 0.4126720000000003, c= 0.4642560000000004, d= 0.5158400000000004 request successfully sent.
13-10-2024 21:53:40 - INFO - Response from moonraker: {'result': 'ok'}
13-10-2024 21:53:40 - INFO - Setting Chmaber Zones to a= 0.3610880000000003, b= 0.4126720000000003, c= 0.4642560000000004, d= 0.5158400000000004 Request successfully executed.
13-10-2024 21:53:40 - INFO - Sending request to Setting Chmaber Zones to a= 0.36041600000000024, b= 0.41190400000000027, c= 0.46339200000000036, d= 0.5148800000000003 with timeout of 5s...
13-10-2024 21:53:40 - INFO - Setting Chmaber Zones to a= 0.36041600000000024, b= 0.41190400000000027, c= 0.46339200000000036, d= 0.5148800000000003 request successfully sent.
13-10-2024 21:53:40 - INFO - Response from moonraker: {'result': 'ok'}
13-10-2024 21:53:40 - INFO - Setting Chmaber Zones to a= 0.36041600000000024, b= 0.41190400000000027, c= 0.46339200000000036, d= 0.5148800000000003 Request successfully executed.
13-10-2024 21:53:40 - INFO - Sending request to Setting Chmaber Zones to a= 0.3597440000000002, b= 0.41113600000000017, c= 0.4625280000000002, d= 0.5139200000000003 with timeout of 5s...
13-10-2024 21:53:41 - INFO - Setting Chmaber Zones to a= 0.3597440000000002, b= 0.41113600000000017, c= 0.4625280000000002, d= 0.5139200000000003 request successfully sent.
13-10-2024 21:53:41 - INFO - Response from moonraker: {'result': 'ok'}
13-10-2024 21:53:41 - INFO - Setting Chmaber Zones to a= 0.3597440000000002, b= 0.41113600000000017, c= 0.4625280000000002, d= 0.5139200000000003 Request successfully executed.
13-10-2024 21:53:41 - INFO - Sending request to Setting Chmaber Zones to a= 0.3590720000000002, b= 0.4103680000000003, c= 0.46166400000000024, d= 0.5129600000000003 with timeout of 5s...
13-10-2024 21:53:41 - INFO - Setting Chmaber Zones to a= 0.3590720000000002, b= 0.4103680000000003, c= 0.46166400000000024, d= 0.5129600000000003 request successfully sent.
13-10-2024 21:53:41 - INFO - Response from moonraker: {'result': 'ok'}
13-10-2024 21:53:41 - INFO - Setting Chmaber Zones to a= 0.3590720000000002, b= 0.4103680000000003, c= 0.46166400000000024, d= 0.5129600000000003 Request successfully executed.
13-10-2024 21:53:41 - INFO - Sending request to Setting Chmaber Zones to a= 0.36548400000000086, b= 0.41769600000000096, c= 0.46990800000000116, d= 0.5221200000000012 with timeout of 5s...
13-10-2024 21:53:41 - INFO - Setting Chmaber Zones to a= 0.36548400000000086, b= 0.41769600000000096, c= 0.46990800000000116, d= 0.5221200000000012 request successfully sent.
13-10-2024 21:53:41 - INFO - Response from moonraker: {'result': 'ok'}
13-10-2024 21:53:41 - INFO - Setting Chmaber Zones to a= 0.36548400000000086, b= 0.41769600000000096, c= 0.46990800000000116, d= 0.5221200000000012 Request successfully executed.
13-10-2024 21:53:41 - INFO - Sending request to Setting Chmaber Zones to a= 0.3648400000000008, b= 0.4169600000000009, c= 0.469080000000001, d= 0.5212000000000011 with timeout of 5s...
13-10-2024 21:53:41 - INFO - Setting Chmaber Zones to a= 0.3648400000000008, b= 0.4169600000000009, c= 0.469080000000001, d= 0.5212000000000011 request successfully sent.
13-10-2024 21:53:41 - INFO - Response from moonraker: {'result': 'ok'}
13-10-2024 21:53:41 - INFO - Setting Chmaber Zones to a= 0.3648400000000008, b= 0.4169600000000009, c= 0.469080000000001, d= 0.5212000000000011 Request successfully executed.
13-10-2024 21:53:41 - INFO - Sending request to Setting Chmaber Zones to a= 0.3713080000000005, b= 0.4243520000000005, c= 0.4773960000000006, d= 0.5304400000000007 with timeout of 5s...
13-10-2024 21:53:41 - INFO - Setting Chmaber Zones to a= 0.3713080000000005, b= 0.4243520000000005, c= 0.4773960000000006, d= 0.5304400000000007 request successfully sent.
13-10-2024 21:53:41 - INFO - Response from moonraker: {'result': 'ok'}
13-10-2024 21:53:41 - INFO - Setting Chmaber Zones to a= 0.3713080000000005, b= 0.4243520000000005, c= 0.4773960000000006, d= 0.5304400000000007 Request successfully executed.
13-10-2024 21:53:41 - INFO - Sending request to Setting Chmaber Zones to a= 0.37780400000000003, b= 0.431776, c= 0.48574799999999996, d= 0.53972 with timeout of 5s...
13-10-2024 21:53:42 - INFO - Setting Chmaber Zones to a= 0.37780400000000003, b= 0.431776, c= 0.48574799999999996, d= 0.53972 request successfully sent.
13-10-2024 21:53:42 - INFO - Response from moonraker: {'result': 'ok'}
13-10-2024 21:53:42 - INFO - Setting Chmaber Zones to a= 0.37780400000000003, b= 0.431776, c= 0.48574799999999996, d= 0.53972 Request successfully executed.
13-10-2024 21:53:42 - INFO - Sending request to Setting Chmaber Zones to a= 0.38435600000000064, b= 0.4392640000000007, c= 0.4941720000000008, d= 0.5490800000000009 with timeout of 5s...
13-10-2024 21:53:42 - INFO - Setting Chmaber Zones to a= 0.38435600000000064, b= 0.4392640000000007, c= 0.4941720000000008, d= 0.5490800000000009 request successfully sent.
13-10-2024 21:53:42 - INFO - Response from moonraker: {'result': 'ok'}
13-10-2024 21:53:42 - INFO - Setting Chmaber Zones to a= 0.38435600000000064, b= 0.4392640000000007, c= 0.4941720000000008, d= 0.5490800000000009 Request successfully executed.
13-10-2024 21:53:42 - INFO - Sending request to Setting Chmaber Zones to a= 0.39096400000000026, b= 0.4468160000000003, c= 0.5026680000000003, d= 0.5585200000000003 with timeout of 5s...
13-10-2024 21:53:42 - INFO - Setting Chmaber Zones to a= 0.39096400000000026, b= 0.4468160000000003, c= 0.5026680000000003, d= 0.5585200000000003 request successfully sent.
13-10-2024 21:53:42 - INFO - Response from moonraker: {'result': 'ok'}
13-10-2024 21:53:42 - INFO - Setting Chmaber Zones to a= 0.39096400000000026, b= 0.4468160000000003, c= 0.5026680000000003, d= 0.5585200000000003 Request successfully executed.
13-10-2024 21:53:42 - INFO - Sending request to Setting Chmaber Zones to a= 0.3905440000000002, b= 0.44633600000000023, c= 0.5021280000000004, d= 0.5579200000000003 with timeout of 5s...
13-10-2024 21:53:42 - INFO - Setting Chmaber Zones to a= 0.3905440000000002, b= 0.44633600000000023, c= 0.5021280000000004, d= 0.5579200000000003 request successfully sent.
13-10-2024 21:53:42 - INFO - Response from moonraker: {'result': 'ok'}
13-10-2024 21:53:42 - INFO - Setting Chmaber Zones to a= 0.3905440000000002, b= 0.44633600000000023, c= 0.5021280000000004, d= 0.5579200000000003 Request successfully executed.
13-10-2024 21:53:42 - INFO - Sending request to Setting Chmaber Zones to a= 0.39015200000000017, b= 0.4458880000000001, c= 0.5016240000000002, d= 0.5573600000000002 with timeout of 5s...
13-10-2024 21:53:42 - INFO - Setting Chmaber Zones to a= 0.39015200000000017, b= 0.4458880000000001, c= 0.5016240000000002, d= 0.5573600000000002 request successfully sent.
13-10-2024 21:53:42 - INFO - Response from moonraker: {'result': 'ok'}
13-10-2024 21:53:42 - INFO - Setting Chmaber Zones to a= 0.39015200000000017, b= 0.4458880000000001, c= 0.5016240000000002, d= 0.5573600000000002 Request successfully executed.
13-10-2024 21:53:43 - INFO - Sending request to Setting Chmaber Zones to a= 0.3862180000000003, b= 0.4413920000000004, c= 0.4965660000000004, d= 0.5517400000000005 with timeout of 5s...
13-10-2024 21:53:43 - INFO - Setting Chmaber Zones to a= 0.3862180000000003, b= 0.4413920000000004, c= 0.4965660000000004, d= 0.5517400000000005 request successfully sent.
13-10-2024 21:53:43 - INFO - Response from moonraker: {'result': 'ok'}
13-10-2024 21:53:43 - INFO - Setting Chmaber Zones to a= 0.3862180000000003, b= 0.4413920000000004, c= 0.4965660000000004, d= 0.5517400000000005 Request successfully executed.
13-10-2024 21:53:43 - INFO - Sending request to Setting Chmaber Zones to a= 0.38227000000000055, b= 0.43688000000000066, c= 0.4914900000000007, d= 0.5461000000000008 with timeout of 5s...
13-10-2024 21:53:43 - INFO - Setting Chmaber Zones to a= 0.38227000000000055, b= 0.43688000000000066, c= 0.4914900000000007, d= 0.5461000000000008 request successfully sent.
13-10-2024 21:53:43 - INFO - Response from moonraker: {'result': 'ok'}
13-10-2024 21:53:43 - INFO - Setting Chmaber Zones to a= 0.38227000000000055, b= 0.43688000000000066, c= 0.4914900000000007, d= 0.5461000000000008 Request successfully executed.
13-10-2024 21:53:43 - INFO - Sending request to Setting Chmaber Zones to a= 0.37475200000000003, b= 0.428288, c= 0.4818240000000001, d= 0.5353600000000001 with timeout of 5s...
13-10-2024 21:53:43 - INFO - Setting Chmaber Zones to a= 0.37475200000000003, b= 0.428288, c= 0.4818240000000001, d= 0.5353600000000001 request successfully sent.
13-10-2024 21:53:43 - INFO - Response from moonraker: {'result': 'ok'}
13-10-2024 21:53:43 - INFO - Setting Chmaber Zones to a= 0.37475200000000003, b= 0.428288, c= 0.4818240000000001, d= 0.5353600000000001 Request successfully executed.
13-10-2024 21:53:43 - INFO - Sending request to Setting Chmaber Zones to a= 0.37427600000000005, b= 0.427744, c= 0.48121200000000003, d= 0.53468 with timeout of 5s...
13-10-2024 21:53:43 - INFO - Setting Chmaber Zones to a= 0.37427600000000005, b= 0.427744, c= 0.48121200000000003, d= 0.53468 request successfully sent.
13-10-2024 21:53:43 - INFO - Response from moonraker: {'result': 'ok'}
13-10-2024 21:53:43 - INFO - Setting Chmaber Zones to a= 0.37427600000000005, b= 0.427744, c= 0.48121200000000003, d= 0.53468 Request successfully executed.
13-10-2024 21:53:43 - INFO - Sending request to Setting Chmaber Zones to a= 0.373772, b= 0.427168, c= 0.480564, d= 0.53396 with timeout of 5s...
13-10-2024 21:53:43 - INFO - Setting Chmaber Zones to a= 0.373772, b= 0.427168, c= 0.480564, d= 0.53396 request successfully sent.
13-10-2024 21:53:43 - INFO - Response from moonraker: {'result': 'ok'}
13-10-2024 21:53:43 - INFO - Setting Chmaber Zones to a= 0.373772, b= 0.427168, c= 0.480564, d= 0.53396 Request successfully executed.
13-10-2024 21:53:44 - INFO - Sending request to Setting Chmaber Zones to a= 0.36972600000000017, b= 0.4225440000000002, c= 0.4753620000000002, d= 0.5281800000000002 with timeout of 5s...
13-10-2024 21:53:44 - INFO - Setting Chmaber Zones to a= 0.36972600000000017, b= 0.4225440000000002, c= 0.4753620000000002, d= 0.5281800000000002 request successfully sent.
13-10-2024 21:53:44 - INFO - Response from moonraker: {'result': 'ok'}
13-10-2024 21:53:44 - INFO - Setting Chmaber Zones to a= 0.36972600000000017, b= 0.4225440000000002, c= 0.4753620000000002, d= 0.5281800000000002 Request successfully executed.
13-10-2024 21:53:44 - INFO - Sending request to Setting Chmaber Zones to a= 0.35504, b= 0.40576000000000007, c= 0.4564800000000001, d= 0.5072000000000001 with timeout of 5s...
13-10-2024 21:53:44 - INFO - Setting Chmaber Zones to a= 0.35504, b= 0.40576000000000007, c= 0.4564800000000001, d= 0.5072000000000001 request successfully sent.
13-10-2024 21:53:44 - INFO - Response from moonraker: {'result': 'ok'}
13-10-2024 21:53:44 - INFO - Setting Chmaber Zones to a= 0.35504, b= 0.40576000000000007, c= 0.4564800000000001, d= 0.5072000000000001 Request successfully executed.
13-10-2024 21:53:44 - INFO - Sending request to Setting Chmaber Zones to a= 0.35091000000000017, b= 0.4010400000000001, c= 0.4511700000000002, d= 0.5013000000000002 with timeout of 5s...
13-10-2024 21:53:44 - INFO - Setting Chmaber Zones to a= 0.35091000000000017, b= 0.4010400000000001, c= 0.4511700000000002, d= 0.5013000000000002 request successfully sent.
13-10-2024 21:53:44 - INFO - Response from moonraker: {'result': 'ok'}
13-10-2024 21:53:44 - INFO - Setting Chmaber Zones to a= 0.35091000000000017, b= 0.4010400000000001, c= 0.4511700000000002, d= 0.5013000000000002 Request successfully executed.
13-10-2024 21:53:44 - INFO - Sending request to Setting Chmaber Zones to a= 0.3396260000000008, b= 0.38814400000000093, c= 0.43666200000000105, d= 0.48518000000000117 with timeout of 5s...
13-10-2024 21:53:44 - INFO - Setting Chmaber Zones to a= 0.3396260000000008, b= 0.38814400000000093, c= 0.43666200000000105, d= 0.48518000000000117 request successfully sent.
13-10-2024 21:53:44 - INFO - Response from moonraker: {'result': 'ok'}
13-10-2024 21:53:44 - INFO - Setting Chmaber Zones to a= 0.3396260000000008, b= 0.38814400000000093, c= 0.43666200000000105, d= 0.48518000000000117 Request successfully executed.
13-10-2024 21:53:44 - INFO - Sending request to Setting Chmaber Zones to a= 0.3318280000000001, b= 0.37923200000000024, c= 0.42663600000000024, d= 0.47404000000000024 with timeout of 5s...
13-10-2024 21:53:44 - INFO - Setting Chmaber Zones to a= 0.3318280000000001, b= 0.37923200000000024, c= 0.42663600000000024, d= 0.47404000000000024 request successfully sent.
13-10-2024 21:53:44 - INFO - Response from moonraker: {'result': 'ok'}
13-10-2024 21:53:44 - INFO - Setting Chmaber Zones to a= 0.3318280000000001, b= 0.37923200000000024, c= 0.42663600000000024, d= 0.47404000000000024 Request successfully executed.
13-10-2024 21:53:45 - INFO - Sending request to Setting Chmaber Zones to a= 0.32750200000000035, b= 0.3742880000000004, c= 0.4210740000000005, d= 0.4678600000000005 with timeout of 5s...
13-10-2024 21:53:45 - INFO - Setting Chmaber Zones to a= 0.32750200000000035, b= 0.3742880000000004, c= 0.4210740000000005, d= 0.4678600000000005 request successfully sent.
13-10-2024 21:53:45 - INFO - Response from moonraker: {'result': 'ok'}
13-10-2024 21:53:45 - INFO - Setting Chmaber Zones to a= 0.32750200000000035, b= 0.3742880000000004, c= 0.4210740000000005, d= 0.4678600000000005 Request successfully executed.
13-10-2024 21:53:45 - INFO - Sending request to Setting Chmaber Zones to a= 0.31604999999999994, b= 0.36119999999999997, c= 0.40635, d= 0.4515 with timeout of 5s...
13-10-2024 21:53:45 - INFO - Setting Chmaber Zones to a= 0.31604999999999994, b= 0.36119999999999997, c= 0.40635, d= 0.4515 request successfully sent.
13-10-2024 21:53:45 - INFO - Response from moonraker: {'result': 'ok'}
13-10-2024 21:53:45 - INFO - Setting Chmaber Zones to a= 0.31604999999999994, b= 0.36119999999999997, c= 0.40635, d= 0.4515 Request successfully executed.
13-10-2024 21:53:45 - INFO - Sending request to Setting Chmaber Zones to a= 0.31516799999999995, b= 0.36019199999999996, c= 0.405216, d= 0.45024000000000003 with timeout of 5s...
13-10-2024 21:53:45 - INFO - Setting Chmaber Zones to a= 0.31516799999999995, b= 0.36019199999999996, c= 0.405216, d= 0.45024000000000003 request successfully sent.
13-10-2024 21:53:45 - INFO - Response from moonraker: {'result': 'ok'}
13-10-2024 21:53:45 - INFO - Setting Chmaber Zones to a= 0.31516799999999995, b= 0.36019199999999996, c= 0.405216, d= 0.45024000000000003 Request successfully executed.
13-10-2024 21:53:45 - INFO - Sending request to Setting Chmaber Zones to a= 0.31424399999999997, b= 0.359136, c= 0.404028, d= 0.44892 with timeout of 5s...
13-10-2024 21:53:45 - INFO - Setting Chmaber Zones to a= 0.31424399999999997, b= 0.359136, c= 0.404028, d= 0.44892 request successfully sent.
13-10-2024 21:53:45 - INFO - Response from moonraker: {'result': 'ok'}
13-10-2024 21:53:45 - INFO - Setting Chmaber Zones to a= 0.31424399999999997, b= 0.359136, c= 0.404028, d= 0.44892 Request successfully executed.
13-10-2024 21:53:45 - INFO - Sending request to Setting Chmaber Zones to a= 0.31332, b= 0.35808, c= 0.40284, d= 0.4476 with timeout of 5s...
13-10-2024 21:53:45 - INFO - Setting Chmaber Zones to a= 0.31332, b= 0.35808, c= 0.40284, d= 0.4476 request successfully sent.
13-10-2024 21:53:45 - INFO - Response from moonraker: {'result': 'ok'}
13-10-2024 21:53:45 - INFO - Setting Chmaber Zones to a= 0.31332, b= 0.35808, c= 0.40284, d= 0.4476 Request successfully executed.
13-10-2024 21:53:46 - INFO - Sending request to Setting Chmaber Zones to a= 0.312396, b= 0.35702399999999995, c= 0.401652, d= 0.44628 with timeout of 5s...
13-10-2024 21:53:46 - INFO - Setting Chmaber Zones to a= 0.312396, b= 0.35702399999999995, c= 0.401652, d= 0.44628 request successfully sent.
13-10-2024 21:53:46 - INFO - Response from moonraker: {'result': 'ok'}
13-10-2024 21:53:46 - INFO - Setting Chmaber Zones to a= 0.312396, b= 0.35702399999999995, c= 0.401652, d= 0.44628 Request successfully executed.
13-10-2024 21:53:46 - INFO - Sending request to Setting Chmaber Zones to a= 0.311472, b= 0.355968, c= 0.40046400000000004, d= 0.44496 with timeout of 5s...
13-10-2024 21:53:46 - INFO - Setting Chmaber Zones to a= 0.311472, b= 0.355968, c= 0.40046400000000004, d= 0.44496 request successfully sent.
13-10-2024 21:53:46 - INFO - Response from moonraker: {'result': 'ok'}
13-10-2024 21:53:46 - INFO - Setting Chmaber Zones to a= 0.311472, b= 0.355968, c= 0.40046400000000004, d= 0.44496 Request successfully executed.
13-10-2024 21:53:46 - INFO - Sending request to Setting Chmaber Zones to a= 0.31763200000000064, b= 0.3630080000000007, c= 0.4083840000000008, d= 0.4537600000000009 with timeout of 5s...
13-10-2024 21:53:46 - INFO - Setting Chmaber Zones to a= 0.31763200000000064, b= 0.3630080000000007, c= 0.4083840000000008, d= 0.4537600000000009 request successfully sent.
13-10-2024 21:53:46 - INFO - Response from moonraker: {'result': 'ok'}
13-10-2024 21:53:46 - INFO - Setting Chmaber Zones to a= 0.31763200000000064, b= 0.3630080000000007, c= 0.4083840000000008, d= 0.4537600000000009 Request successfully executed.
13-10-2024 21:53:46 - INFO - Sending request to Setting Chmaber Zones to a= 0.3167360000000007, b= 0.36198400000000075, c= 0.4072320000000009, d= 0.452480000000001 with timeout of 5s...
13-10-2024 21:53:46 - INFO - Setting Chmaber Zones to a= 0.3167360000000007, b= 0.36198400000000075, c= 0.4072320000000009, d= 0.452480000000001 request successfully sent.
13-10-2024 21:53:46 - INFO - Response from moonraker: {'result': 'ok'}
13-10-2024 21:53:46 - INFO - Setting Chmaber Zones to a= 0.3167360000000007, b= 0.36198400000000075, c= 0.4072320000000009, d= 0.452480000000001 Request successfully executed.
13-10-2024 21:53:46 - INFO - Sending request to Setting Chmaber Zones to a= 0.3158680000000007, b= 0.3609920000000008, c= 0.40611600000000087, d= 0.451240000000001 with timeout of 5s...
13-10-2024 21:53:46 - INFO - Setting Chmaber Zones to a= 0.3158680000000007, b= 0.3609920000000008, c= 0.40611600000000087, d= 0.451240000000001 request successfully sent.
13-10-2024 21:53:46 - INFO - Response from moonraker: {'result': 'ok'}
13-10-2024 21:53:46 - INFO - Setting Chmaber Zones to a= 0.3158680000000007, b= 0.3609920000000008, c= 0.40611600000000087, d= 0.451240000000001 Request successfully executed.
13-10-2024 21:53:47 - INFO - Sending request to Setting Chmaber Zones to a= 0.3150000000000007, b= 0.3600000000000009, c= 0.40500000000000097, d= 0.45000000000000107 with timeout of 5s...
13-10-2024 21:53:47 - INFO - Setting Chmaber Zones to a= 0.3150000000000007, b= 0.3600000000000009, c= 0.40500000000000097, d= 0.45000000000000107 request successfully sent.
13-10-2024 21:53:47 - INFO - Response from moonraker: {'result': 'ok'}
13-10-2024 21:53:47 - INFO - Setting Chmaber Zones to a= 0.3150000000000007, b= 0.3600000000000009, c= 0.40500000000000097, d= 0.45000000000000107 Request successfully executed.
13-10-2024 21:53:47 - INFO - Sending request to Setting Chmaber Zones to a= 0.31767400000000057, b= 0.3630560000000006, c= 0.40843800000000074, d= 0.4538200000000008 with timeout of 5s...
13-10-2024 21:53:47 - INFO - Setting Chmaber Zones to a= 0.31767400000000057, b= 0.3630560000000006, c= 0.40843800000000074, d= 0.4538200000000008 request successfully sent.
13-10-2024 21:53:47 - INFO - Response from moonraker: {'result': 'ok'}
13-10-2024 21:53:47 - INFO - Setting Chmaber Zones to a= 0.31767400000000057, b= 0.3630560000000006, c= 0.40843800000000074, d= 0.4538200000000008 Request successfully executed.
13-10-2024 21:53:47 - INFO - Sending request to Setting Chmaber Zones to a= 0.31682000000000055, b= 0.3620800000000006, c= 0.4073400000000007, d= 0.4526000000000008 with timeout of 5s...
13-10-2024 21:53:47 - INFO - Setting Chmaber Zones to a= 0.31682000000000055, b= 0.3620800000000006, c= 0.4073400000000007, d= 0.4526000000000008 request successfully sent.
13-10-2024 21:53:47 - INFO - Response from moonraker: {'result': 'ok'}
13-10-2024 21:53:47 - INFO - Setting Chmaber Zones to a= 0.31682000000000055, b= 0.3620800000000006, c= 0.4073400000000007, d= 0.4526000000000008 Request successfully executed.
13-10-2024 21:53:47 - INFO - Sending request to Setting Chmaber Zones to a= 0.3195220000000003, b= 0.3651680000000004, c= 0.41081400000000046, d= 0.45646000000000053 with timeout of 5s...
13-10-2024 21:53:47 - INFO - Setting Chmaber Zones to a= 0.3195220000000003, b= 0.3651680000000004, c= 0.41081400000000046, d= 0.45646000000000053 request successfully sent.
13-10-2024 21:53:47 - INFO - Response from moonraker: {'result': 'ok'}
13-10-2024 21:53:47 - INFO - Setting Chmaber Zones to a= 0.3195220000000003, b= 0.3651680000000004, c= 0.41081400000000046, d= 0.45646000000000053 Request successfully executed.
13-10-2024 21:53:47 - INFO - Sending request to Setting Chmaber Zones to a= 0.3257800000000008, b= 0.372320000000001, c= 0.4188600000000011, d= 0.4654000000000012 with timeout of 5s...
13-10-2024 21:53:47 - INFO - Setting Chmaber Zones to a= 0.3257800000000008, b= 0.372320000000001, c= 0.4188600000000011, d= 0.4654000000000012 request successfully sent.
13-10-2024 21:53:47 - INFO - Response from moonraker: {'result': 'ok'}
13-10-2024 21:53:47 - INFO - Setting Chmaber Zones to a= 0.3257800000000008, b= 0.372320000000001, c= 0.4188600000000011, d= 0.4654000000000012 Request successfully executed.
13-10-2024 21:53:48 - INFO - Sending request to Setting Chmaber Zones to a= 0.32499600000000084, b= 0.37142400000000103, c= 0.4178520000000011, d= 0.46428000000000125 with timeout of 5s...
13-10-2024 21:53:48 - INFO - Setting Chmaber Zones to a= 0.32499600000000084, b= 0.37142400000000103, c= 0.4178520000000011, d= 0.46428000000000125 request successfully sent.
13-10-2024 21:53:48 - INFO - Response from moonraker: {'result': 'ok'}
13-10-2024 21:53:48 - INFO - Setting Chmaber Zones to a= 0.32499600000000084, b= 0.37142400000000103, c= 0.4178520000000011, d= 0.46428000000000125 Request successfully executed.
13-10-2024 21:53:48 - INFO - Sending request to Setting Chmaber Zones to a= 0.32778200000000074, b= 0.37460800000000083, c= 0.421434000000001, d= 0.46826000000000106 with timeout of 5s...
13-10-2024 21:53:48 - INFO - Setting Chmaber Zones to a= 0.32778200000000074, b= 0.37460800000000083, c= 0.421434000000001, d= 0.46826000000000106 request successfully sent.
13-10-2024 21:53:48 - INFO - Response from moonraker: {'result': 'ok'}
13-10-2024 21:53:48 - INFO - Setting Chmaber Zones to a= 0.32778200000000074, b= 0.37460800000000083, c= 0.421434000000001, d= 0.46826000000000106 Request successfully executed.
13-10-2024 21:53:48 - INFO - Sending request to Setting Chmaber Zones to a= 0.33058200000000054, b= 0.37780800000000064, c= 0.4250340000000007, d= 0.4722600000000008 with timeout of 5s...
13-10-2024 21:53:48 - INFO - Setting Chmaber Zones to a= 0.33058200000000054, b= 0.37780800000000064, c= 0.4250340000000007, d= 0.4722600000000008 request successfully sent.
13-10-2024 21:53:48 - INFO - Response from moonraker: {'result': 'ok'}
13-10-2024 21:53:48 - INFO - Setting Chmaber Zones to a= 0.33058200000000054, b= 0.37780800000000064, c= 0.4250340000000007, d= 0.4722600000000008 Request successfully executed.
13-10-2024 21:53:48 - INFO - Sending request to Setting Chmaber Zones to a= 0.3334100000000003, b= 0.3810400000000003, c= 0.4286700000000004, d= 0.47630000000000045 with timeout of 5s...
13-10-2024 21:53:48 - INFO - Setting Chmaber Zones to a= 0.3334100000000003, b= 0.3810400000000003, c= 0.4286700000000004, d= 0.47630000000000045 request successfully sent.
13-10-2024 21:53:48 - INFO - Response from moonraker: {'result': 'ok'}
13-10-2024 21:53:48 - INFO - Setting Chmaber Zones to a= 0.3334100000000003, b= 0.3810400000000003, c= 0.4286700000000004, d= 0.47630000000000045 Request successfully executed.
13-10-2024 21:53:48 - INFO - Sending request to Setting Chmaber Zones to a= 0.3362660000000001, b= 0.38430400000000015, c= 0.43234200000000017, d= 0.4803800000000001 with timeout of 5s...
13-10-2024 21:53:48 - INFO - Setting Chmaber Zones to a= 0.3362660000000001, b= 0.38430400000000015, c= 0.43234200000000017, d= 0.4803800000000001 request successfully sent.
13-10-2024 21:53:48 - INFO - Response from moonraker: {'result': 'ok'}
13-10-2024 21:53:48 - INFO - Setting Chmaber Zones to a= 0.3362660000000001, b= 0.38430400000000015, c= 0.43234200000000017, d= 0.4803800000000001 Request successfully executed.
13-10-2024 21:53:49 - INFO - Sending request to Setting Chmaber Zones to a= 0.33560800000000013, b= 0.38355200000000017, c= 0.4314960000000002, d= 0.47944000000000014 with timeout of 5s...
13-10-2024 21:53:49 - INFO - Setting Chmaber Zones to a= 0.33560800000000013, b= 0.38355200000000017, c= 0.4314960000000002, d= 0.47944000000000014 request successfully sent.
13-10-2024 21:53:49 - INFO - Response from moonraker: {'result': 'ok'}
13-10-2024 21:53:49 - INFO - Setting Chmaber Zones to a= 0.33560800000000013, b= 0.38355200000000017, c= 0.4314960000000002, d= 0.47944000000000014 Request successfully executed.
13-10-2024 21:53:49 - INFO - Sending request to Setting Chmaber Zones to a= 0.3420480000000008, b= 0.39091200000000087, c= 0.43977600000000094, d= 0.488640000000001 with timeout of 5s...
13-10-2024 21:53:49 - INFO - Setting Chmaber Zones to a= 0.3420480000000008, b= 0.39091200000000087, c= 0.43977600000000094, d= 0.488640000000001 request successfully sent.
13-10-2024 21:53:49 - INFO - Response from moonraker: {'result': 'ok'}
13-10-2024 21:53:49 - INFO - Setting Chmaber Zones to a= 0.3420480000000008, b= 0.39091200000000087, c= 0.43977600000000094, d= 0.488640000000001 Request successfully executed.
13-10-2024 21:53:49 - INFO - Sending request to Setting Chmaber Zones to a= 0.3414320000000008, b= 0.39020800000000094, c= 0.43898400000000104, d= 0.4877600000000012 with timeout of 5s...
13-10-2024 21:53:49 - INFO - Setting Chmaber Zones to a= 0.3414320000000008, b= 0.39020800000000094, c= 0.43898400000000104, d= 0.4877600000000012 request successfully sent.
13-10-2024 21:53:49 - INFO - Response from moonraker: {'result': 'ok'}
13-10-2024 21:53:49 - INFO - Setting Chmaber Zones to a= 0.3414320000000008, b= 0.39020800000000094, c= 0.43898400000000104, d= 0.4877600000000012 Request successfully executed.
13-10-2024 21:53:49 - INFO - Sending request to Setting Chmaber Zones to a= 0.3373020000000009, b= 0.385488000000001, c= 0.43367400000000117, d= 0.4818600000000013 with timeout of 5s...
13-10-2024 21:53:49 - INFO - Setting Chmaber Zones to a= 0.3373020000000009, b= 0.385488000000001, c= 0.43367400000000117, d= 0.4818600000000013 request successfully sent.
13-10-2024 21:53:49 - INFO - Response from moonraker: {'result': 'ok'}
13-10-2024 21:53:49 - INFO - Setting Chmaber Zones to a= 0.3373020000000009, b= 0.385488000000001, c= 0.43367400000000117, d= 0.4818600000000013 Request successfully executed.
13-10-2024 21:53:49 - INFO - Sending request to Setting Chmaber Zones to a= 0.33670000000000094, b= 0.38480000000000103, c= 0.4329000000000012, d= 0.4810000000000013 with timeout of 5s...
13-10-2024 21:53:49 - INFO - Setting Chmaber Zones to a= 0.33670000000000094, b= 0.38480000000000103, c= 0.4329000000000012, d= 0.4810000000000013 request successfully sent.
13-10-2024 21:53:49 - INFO - Response from moonraker: {'result': 'ok'}
13-10-2024 21:53:49 - INFO - Setting Chmaber Zones to a= 0.33670000000000094, b= 0.38480000000000103, c= 0.4329000000000012, d= 0.4810000000000013 Request successfully executed.
13-10-2024 21:53:50 - INFO - Sending request to Setting Chmaber Zones to a= 0.3290000000000003, b= 0.3760000000000004, c= 0.4230000000000004, d= 0.4700000000000004 with timeout of 5s...
13-10-2024 21:53:50 - INFO - Setting Chmaber Zones to a= 0.3290000000000003, b= 0.3760000000000004, c= 0.4230000000000004, d= 0.4700000000000004 request successfully sent.
13-10-2024 21:53:50 - INFO - Response from moonraker: {'result': 'ok'}
13-10-2024 21:53:50 - INFO - Setting Chmaber Zones to a= 0.3290000000000003, b= 0.3760000000000004, c= 0.4230000000000004, d= 0.4700000000000004 Request successfully executed.
13-10-2024 21:53:50 - INFO - Sending request to Setting Chmaber Zones to a= 0.32835600000000026, b= 0.3752640000000004, c= 0.42217200000000044, d= 0.46908000000000044 with timeout of 5s...
13-10-2024 21:53:50 - INFO - Setting Chmaber Zones to a= 0.32835600000000026, b= 0.3752640000000004, c= 0.42217200000000044, d= 0.46908000000000044 request successfully sent.
13-10-2024 21:53:50 - INFO - Response from moonraker: {'result': 'ok'}
13-10-2024 21:53:50 - INFO - Setting Chmaber Zones to a= 0.32835600000000026, b= 0.3752640000000004, c= 0.42217200000000044, d= 0.46908000000000044 Request successfully executed.
13-10-2024 21:53:50 - INFO - Sending request to Setting Chmaber Zones to a= 0.3276840000000003, b= 0.37449600000000033, c= 0.42130800000000035, d= 0.4681200000000004 with timeout of 5s...
13-10-2024 21:53:50 - INFO - Setting Chmaber Zones to a= 0.3276840000000003, b= 0.37449600000000033, c= 0.42130800000000035, d= 0.4681200000000004 request successfully sent.
13-10-2024 21:53:50 - INFO - Response from moonraker: {'result': 'ok'}
13-10-2024 21:53:50 - INFO - Setting Chmaber Zones to a= 0.3276840000000003, b= 0.37449600000000033, c= 0.42130800000000035, d= 0.4681200000000004 Request successfully executed.
13-10-2024 21:53:50 - INFO - Sending request to Setting Chmaber Zones to a= 0.3234700000000004, b= 0.36968000000000045, c= 0.41589000000000054, d= 0.4621000000000006 with timeout of 5s...
13-10-2024 21:53:50 - INFO - Setting Chmaber Zones to a= 0.3234700000000004, b= 0.36968000000000045, c= 0.41589000000000054, d= 0.4621000000000006 request successfully sent.
13-10-2024 21:53:50 - INFO - Response from moonraker: {'result': 'ok'}
13-10-2024 21:53:50 - INFO - Setting Chmaber Zones to a= 0.3234700000000004, b= 0.36968000000000045, c= 0.41589000000000054, d= 0.4621000000000006 Request successfully executed.
13-10-2024 21:53:50 - INFO - Sending request to Setting Chmaber Zones to a= 0.3192420000000007, b= 0.3648480000000008, c= 0.4104540000000009, d= 0.45606000000000096 with timeout of 5s...
13-10-2024 21:53:50 - INFO - Setting Chmaber Zones to a= 0.3192420000000007, b= 0.3648480000000008, c= 0.4104540000000009, d= 0.45606000000000096 request successfully sent.
13-10-2024 21:53:50 - INFO - Response from moonraker: {'result': 'ok'}
13-10-2024 21:53:50 - INFO - Setting Chmaber Zones to a= 0.3192420000000007, b= 0.3648480000000008, c= 0.4104540000000009, d= 0.45606000000000096 Request successfully executed.
13-10-2024 21:53:51 - INFO - Sending request to Setting Chmaber Zones to a= 0.3149860000000008, b= 0.3599840000000009, c= 0.40498200000000106, d= 0.44998000000000116 with timeout of 5s...
13-10-2024 21:53:51 - INFO - Setting Chmaber Zones to a= 0.3149860000000008, b= 0.3599840000000009, c= 0.40498200000000106, d= 0.44998000000000116 request successfully sent.
13-10-2024 21:53:51 - INFO - Response from moonraker: {'result': 'ok'}
13-10-2024 21:53:51 - INFO - Setting Chmaber Zones to a= 0.3149860000000008, b= 0.3599840000000009, c= 0.40498200000000106, d= 0.44998000000000116 Request successfully executed.
13-10-2024 21:53:51 - INFO - Sending request to Setting Chmaber Zones to a= 0.3107020000000001, b= 0.35508800000000007, c= 0.39947400000000016, d= 0.44386000000000014 with timeout of 5s...
13-10-2024 21:53:51 - INFO - Setting Chmaber Zones to a= 0.3107020000000001, b= 0.35508800000000007, c= 0.39947400000000016, d= 0.44386000000000014 request successfully sent.
13-10-2024 21:53:51 - INFO - Response from moonraker: {'result': 'ok'}
13-10-2024 21:53:51 - INFO - Setting Chmaber Zones to a= 0.3107020000000001, b= 0.35508800000000007, c= 0.39947400000000016, d= 0.44386000000000014 Request successfully executed.
13-10-2024 21:53:51 - INFO - Sending request to Setting Chmaber Zones to a= 0.3063900000000002, b= 0.35016000000000025, c= 0.39393000000000034, d= 0.43770000000000037 with timeout of 5s...
13-10-2024 21:53:51 - INFO - Setting Chmaber Zones to a= 0.3063900000000002, b= 0.35016000000000025, c= 0.39393000000000034, d= 0.43770000000000037 request successfully sent.
13-10-2024 21:53:51 - INFO - Response from moonraker: {'result': 'ok'}
13-10-2024 21:53:51 - INFO - Setting Chmaber Zones to a= 0.3063900000000002, b= 0.35016000000000025, c= 0.39393000000000034, d= 0.43770000000000037 Request successfully executed.
13-10-2024 21:53:51 - INFO - Sending request to Setting Chmaber Zones to a= 0.3020500000000004, b= 0.34520000000000045, c= 0.38835000000000053, d= 0.43150000000000055 with timeout of 5s...
13-10-2024 21:53:51 - INFO - Setting Chmaber Zones to a= 0.3020500000000004, b= 0.34520000000000045, c= 0.38835000000000053, d= 0.43150000000000055 request successfully sent.
13-10-2024 21:53:51 - INFO - Response from moonraker: {'result': 'ok'}
13-10-2024 21:53:51 - INFO - Setting Chmaber Zones to a= 0.3020500000000004, b= 0.34520000000000045, c= 0.38835000000000053, d= 0.43150000000000055 Request successfully executed.
13-10-2024 21:53:51 - INFO - Sending request to Setting Chmaber Zones to a= 0.29768200000000067, b= 0.3402080000000008, c= 0.38273400000000085, d= 0.42526000000000097 with timeout of 5s...
13-10-2024 21:53:51 - INFO - Setting Chmaber Zones to a= 0.29768200000000067, b= 0.3402080000000008, c= 0.38273400000000085, d= 0.42526000000000097 request successfully sent.
13-10-2024 21:53:51 - INFO - Response from moonraker: {'result': 'ok'}
13-10-2024 21:53:51 - INFO - Setting Chmaber Zones to a= 0.29768200000000067, b= 0.3402080000000008, c= 0.38273400000000085, d= 0.42526000000000097 Request successfully executed.
13-10-2024 21:53:52 - INFO - Sending request to Setting Chmaber Zones to a= 0.2897440000000001, b= 0.3311360000000001, c= 0.3725280000000001, d= 0.4139200000000001 with timeout of 5s...
13-10-2024 21:53:52 - INFO - Setting Chmaber Zones to a= 0.2897440000000001, b= 0.3311360000000001, c= 0.3725280000000001, d= 0.4139200000000001 request successfully sent.
13-10-2024 21:53:52 - INFO - Response from moonraker: {'result': 'ok'}
13-10-2024 21:53:52 - INFO - Setting Chmaber Zones to a= 0.2897440000000001, b= 0.3311360000000001, c= 0.3725280000000001, d= 0.4139200000000001 Request successfully executed.
13-10-2024 21:53:52 - INFO - Sending request to Setting Chmaber Zones to a= 0.2888480000000001, b= 0.33011200000000007, c= 0.37137600000000015, d= 0.4126400000000001 with timeout of 5s...
13-10-2024 21:53:52 - INFO - Setting Chmaber Zones to a= 0.2888480000000001, b= 0.33011200000000007, c= 0.37137600000000015, d= 0.4126400000000001 request successfully sent.
13-10-2024 21:53:52 - INFO - Response from moonraker: {'result': 'ok'}
13-10-2024 21:53:52 - INFO - Setting Chmaber Zones to a= 0.2888480000000001, b= 0.33011200000000007, c= 0.37137600000000015, d= 0.4126400000000001 Request successfully executed.
13-10-2024 21:53:52 - INFO - Sending request to Setting Chmaber Zones to a= 0.28438200000000025, b= 0.32500800000000035, c= 0.36563400000000035, d= 0.4062600000000004 with timeout of 5s...
13-10-2024 21:53:52 - INFO - Setting Chmaber Zones to a= 0.28438200000000025, b= 0.32500800000000035, c= 0.36563400000000035, d= 0.4062600000000004 request successfully sent.
13-10-2024 21:53:52 - INFO - Response from moonraker: {'result': 'ok'}
13-10-2024 21:53:52 - INFO - Setting Chmaber Zones to a= 0.28438200000000025, b= 0.32500800000000035, c= 0.36563400000000035, d= 0.4062600000000004 Request successfully executed.
13-10-2024 21:53:52 - INFO - Sending request to Setting Chmaber Zones to a= 0.2834440000000003, b= 0.32393600000000033, c= 0.36442800000000036, d= 0.4049200000000004 with timeout of 5s...
13-10-2024 21:53:52 - INFO - Setting Chmaber Zones to a= 0.2834440000000003, b= 0.32393600000000033, c= 0.36442800000000036, d= 0.4049200000000004 request successfully sent.
13-10-2024 21:53:52 - INFO - Response from moonraker: {'result': 'ok'}
13-10-2024 21:53:52 - INFO - Setting Chmaber Zones to a= 0.2834440000000003, b= 0.32393600000000033, c= 0.36442800000000036, d= 0.4049200000000004 Request successfully executed.
13-10-2024 21:53:52 - INFO - Sending request to Setting Chmaber Zones to a= 0.28249200000000024, b= 0.3228480000000003, c= 0.36320400000000036, d= 0.40356000000000036 with timeout of 5s...
13-10-2024 21:53:52 - INFO - Setting Chmaber Zones to a= 0.28249200000000024, b= 0.3228480000000003, c= 0.36320400000000036, d= 0.40356000000000036 request successfully sent.
13-10-2024 21:53:52 - INFO - Response from moonraker: {'result': 'ok'}
13-10-2024 21:53:52 - INFO - Setting Chmaber Zones to a= 0.28249200000000024, b= 0.3228480000000003, c= 0.36320400000000036, d= 0.40356000000000036 Request successfully executed.
13-10-2024 21:53:53 - INFO - Sending request to Setting Chmaber Zones to a= 0.28154000000000023, b= 0.3217600000000003, c= 0.3619800000000003, d= 0.40220000000000034 with timeout of 5s...
13-10-2024 21:53:53 - INFO - Setting Chmaber Zones to a= 0.28154000000000023, b= 0.3217600000000003, c= 0.3619800000000003, d= 0.40220000000000034 request successfully sent.
13-10-2024 21:53:53 - INFO - Response from moonraker: {'result': 'ok'}
13-10-2024 21:53:53 - INFO - Setting Chmaber Zones to a= 0.28154000000000023, b= 0.3217600000000003, c= 0.3619800000000003, d= 0.40220000000000034 Request successfully executed.
13-10-2024 21:53:53 - INFO - Sending request to Setting Chmaber Zones to a= 0.2805880000000002, b= 0.3206720000000003, c= 0.3607560000000003, d= 0.4008400000000003 with timeout of 5s...
13-10-2024 21:53:53 - INFO - Setting Chmaber Zones to a= 0.2805880000000002, b= 0.3206720000000003, c= 0.3607560000000003, d= 0.4008400000000003 request successfully sent.
13-10-2024 21:53:53 - INFO - Response from moonraker: {'result': 'ok'}
13-10-2024 21:53:53 - INFO - Setting Chmaber Zones to a= 0.2805880000000002, b= 0.3206720000000003, c= 0.3607560000000003, d= 0.4008400000000003 Request successfully executed.
13-10-2024 21:53:53 - INFO - Sending request to Setting Chmaber Zones to a= 0.2796360000000002, b= 0.3195840000000002, c= 0.35953200000000024, d= 0.3994800000000003 with timeout of 5s...
13-10-2024 21:53:53 - INFO - Setting Chmaber Zones to a= 0.2796360000000002, b= 0.3195840000000002, c= 0.35953200000000024, d= 0.3994800000000003 request successfully sent.
13-10-2024 21:53:53 - INFO - Response from moonraker: {'result': 'ok'}
13-10-2024 21:53:53 - INFO - Setting Chmaber Zones to a= 0.2796360000000002, b= 0.3195840000000002, c= 0.35953200000000024, d= 0.3994800000000003 Request successfully executed.
13-10-2024 21:53:53 - INFO - Sending request to Setting Chmaber Zones to a= 0.2857680000000007, b= 0.32659200000000077, c= 0.3674160000000009, d= 0.408240000000001 with timeout of 5s...
13-10-2024 21:53:53 - INFO - Setting Chmaber Zones to a= 0.2857680000000007, b= 0.32659200000000077, c= 0.3674160000000009, d= 0.408240000000001 request successfully sent.
13-10-2024 21:53:53 - INFO - Response from moonraker: {'result': 'ok'}
13-10-2024 21:53:53 - INFO - Setting Chmaber Zones to a= 0.2857680000000007, b= 0.32659200000000077, c= 0.3674160000000009, d= 0.408240000000001 Request successfully executed.
13-10-2024 21:53:55 - INFO - Sending request to Setting Chmaber Zones to a= 0, b= 0, c= 0, d= 0 with timeout of 5s...
13-10-2024 21:53:55 - INFO - Setting Chmaber Zones to a= 0, b= 0, c= 0, d= 0 request successfully sent.
13-10-2024 21:53:55 - INFO - Response from moonraker: {'result': 'ok'}
13-10-2024 21:53:55 - INFO - Setting Chmaber Zones to a= 0, b= 0, c= 0, d= 0 Request successfully executed.
13-10-2024 21:54:43 - INFO - Sending request to Setting Chmaber Zones to a= 0, b= 0, c= 0, d= 0 with timeout of 5s...
13-10-2024 21:54:43 - INFO - Sending request to Setting Chmaber Zones to a= 0.7, b= 0.8, c= 0.9, d= 1.0 with timeout of 5s...
13-10-2024 21:54:43 - INFO - Setting Chmaber Zones to a= 0.7, b= 0.8, c= 0.9, d= 1.0 request successfully sent.
13-10-2024 21:54:43 - INFO - Response from moonraker: {'result': 'ok'}
13-10-2024 21:54:43 - INFO - Setting Chmaber Zones to a= 0.7, b= 0.8, c= 0.9, d= 1.0 Request successfully executed.
13-10-2024 21:54:43 - INFO - Setting Chmaber Zones to a= 0.7, b= 0.8, c= 0.9, d= 1.0 request successfully sent.
13-10-2024 21:54:43 - INFO - Response from moonraker: {'result': 'ok'}
13-10-2024 21:54:43 - INFO - Setting Chmaber Zones to a= 0.7, b= 0.8, c= 0.9, d= 1.0 Request successfully executed.
13-10-2024 21:54:43 - INFO - Sending request to Setting Chmaber Zones to a= 0.7, b= 0.8, c= 0.9, d= 1.0 with timeout of 5s...
13-10-2024 21:54:43 - INFO - Setting Chmaber Zones to a= 0.7, b= 0.8, c= 0.9, d= 1.0 request successfully sent.
13-10-2024 21:54:43 - INFO - Response from moonraker: {'result': 'ok'}
13-10-2024 21:54:43 - INFO - Setting Chmaber Zones to a= 0.7, b= 0.8, c= 0.9, d= 1.0 Request successfully executed.
13-10-2024 21:54:43 - INFO - Sending request to Setting Chmaber Zones to a= 0.7, b= 0.8, c= 0.9, d= 1.0 with timeout of 5s...
13-10-2024 21:54:43 - INFO - Setting Chmaber Zones to a= 0.7, b= 0.8, c= 0.9, d= 1.0 request successfully sent.
13-10-2024 21:54:43 - INFO - Response from moonraker: {'result': 'ok'}
13-10-2024 21:54:43 - INFO - Setting Chmaber Zones to a= 0.7, b= 0.8, c= 0.9, d= 1.0 Request successfully executed.
13-10-2024 21:54:44 - INFO - Sending request to Setting Chmaber Zones to a= 0.7, b= 0.8, c= 0.9, d= 1.0 with timeout of 5s...
13-10-2024 21:54:44 - INFO - Setting Chmaber Zones to a= 0.7, b= 0.8, c= 0.9, d= 1.0 request successfully sent.
13-10-2024 21:54:44 - INFO - Response from moonraker: {'result': 'ok'}
13-10-2024 21:54:44 - INFO - Setting Chmaber Zones to a= 0.7, b= 0.8, c= 0.9, d= 1.0 Request successfully executed.
13-10-2024 21:54:44 - INFO - Sending request to Setting Chmaber Zones to a= 0.7, b= 0.8, c= 0.9, d= 1.0 with timeout of 5s...
13-10-2024 21:54:44 - INFO - Setting Chmaber Zones to a= 0.7, b= 0.8, c= 0.9, d= 1.0 request successfully sent.
13-10-2024 21:54:44 - INFO - Response from moonraker: {'result': 'ok'}
13-10-2024 21:54:44 - INFO - Setting Chmaber Zones to a= 0.7, b= 0.8, c= 0.9, d= 1.0 Request successfully executed.
13-10-2024 21:54:44 - INFO - Sending request to Setting Chmaber Zones to a= 0.7, b= 0.8, c= 0.9, d= 1.0 with timeout of 5s...
13-10-2024 21:54:44 - INFO - Setting Chmaber Zones to a= 0.7, b= 0.8, c= 0.9, d= 1.0 request successfully sent.
13-10-2024 21:54:44 - INFO - Response from moonraker: {'result': 'ok'}
13-10-2024 21:54:44 - INFO - Setting Chmaber Zones to a= 0.7, b= 0.8, c= 0.9, d= 1.0 Request successfully executed.
13-10-2024 21:54:44 - INFO - Sending request to Setting Chmaber Zones to a= 0.7, b= 0.8, c= 0.9, d= 1.0 with timeout of 5s...
13-10-2024 21:54:44 - INFO - Setting Chmaber Zones to a= 0.7, b= 0.8, c= 0.9, d= 1.0 request successfully sent.
13-10-2024 21:54:44 - INFO - Response from moonraker: {'result': 'ok'}
13-10-2024 21:54:44 - INFO - Setting Chmaber Zones to a= 0.7, b= 0.8, c= 0.9, d= 1.0 Request successfully executed.
13-10-2024 21:54:44 - INFO - Sending request to Setting Chmaber Zones to a= 0.7, b= 0.8, c= 0.9, d= 1.0 with timeout of 5s...
13-10-2024 21:54:44 - INFO - Setting Chmaber Zones to a= 0.7, b= 0.8, c= 0.9, d= 1.0 request successfully sent.
13-10-2024 21:54:44 - INFO - Response from moonraker: {'result': 'ok'}
13-10-2024 21:54:44 - INFO - Setting Chmaber Zones to a= 0.7, b= 0.8, c= 0.9, d= 1.0 Request successfully executed.
13-10-2024 21:54:45 - INFO - Sending request to Setting Chmaber Zones to a= 0.7, b= 0.8, c= 0.9, d= 1.0 with timeout of 5s...
13-10-2024 21:54:45 - INFO - Setting Chmaber Zones to a= 0.7, b= 0.8, c= 0.9, d= 1.0 request successfully sent.
13-10-2024 21:54:45 - INFO - Response from moonraker: {'result': 'ok'}
13-10-2024 21:54:45 - INFO - Setting Chmaber Zones to a= 0.7, b= 0.8, c= 0.9, d= 1.0 Request successfully executed.
13-10-2024 21:54:45 - INFO - Sending request to Setting Chmaber Zones to a= 0.7, b= 0.8, c= 0.9, d= 1.0 with timeout of 5s...
13-10-2024 21:54:45 - INFO - Setting Chmaber Zones to a= 0.7, b= 0.8, c= 0.9, d= 1.0 request successfully sent.
13-10-2024 21:54:45 - INFO - Response from moonraker: {'result': 'ok'}
13-10-2024 21:54:45 - INFO - Setting Chmaber Zones to a= 0.7, b= 0.8, c= 0.9, d= 1.0 Request successfully executed.
13-10-2024 21:54:45 - INFO - Sending request to Setting Chmaber Zones to a= 0.7, b= 0.8, c= 0.9, d= 1.0 with timeout of 5s...
13-10-2024 21:54:45 - INFO - Setting Chmaber Zones to a= 0.7, b= 0.8, c= 0.9, d= 1.0 request successfully sent.
13-10-2024 21:54:45 - INFO - Response from moonraker: {'result': 'ok'}
13-10-2024 21:54:45 - INFO - Setting Chmaber Zones to a= 0.7, b= 0.8, c= 0.9, d= 1.0 Request successfully executed.
13-10-2024 21:54:45 - INFO - Sending request to Setting Chmaber Zones to a= 0.7, b= 0.8, c= 0.9, d= 1.0 with timeout of 5s...
13-10-2024 21:54:45 - INFO - Setting Chmaber Zones to a= 0.7, b= 0.8, c= 0.9, d= 1.0 request successfully sent.
13-10-2024 21:54:45 - INFO - Response from moonraker: {'result': 'ok'}
13-10-2024 21:54:45 - INFO - Setting Chmaber Zones to a= 0.7, b= 0.8, c= 0.9, d= 1.0 Request successfully executed.
13-10-2024 21:54:45 - INFO - Sending request to Setting Chmaber Zones to a= 0.7, b= 0.8, c= 0.9, d= 1.0 with timeout of 5s...
13-10-2024 21:54:45 - INFO - Setting Chmaber Zones to a= 0.7, b= 0.8, c= 0.9, d= 1.0 request successfully sent.
13-10-2024 21:54:45 - INFO - Response from moonraker: {'result': 'ok'}
13-10-2024 21:54:45 - INFO - Setting Chmaber Zones to a= 0.7, b= 0.8, c= 0.9, d= 1.0 Request successfully executed.
13-10-2024 21:54:46 - INFO - Sending request to Setting Chmaber Zones to a= 0.7, b= 0.8, c= 0.9, d= 1.0 with timeout of 5s...
13-10-2024 21:54:46 - INFO - Setting Chmaber Zones to a= 0.7, b= 0.8, c= 0.9, d= 1.0 request successfully sent.
13-10-2024 21:54:46 - INFO - Response from moonraker: {'result': 'ok'}
13-10-2024 21:54:46 - INFO - Setting Chmaber Zones to a= 0.7, b= 0.8, c= 0.9, d= 1.0 Request successfully executed.
13-10-2024 21:54:46 - INFO - Sending request to Setting Chmaber Zones to a= 0.7, b= 0.8, c= 0.9, d= 1.0 with timeout of 5s...
13-10-2024 21:54:46 - INFO - Setting Chmaber Zones to a= 0.7, b= 0.8, c= 0.9, d= 1.0 request successfully sent.
13-10-2024 21:54:46 - INFO - Response from moonraker: {'result': 'ok'}
13-10-2024 21:54:46 - INFO - Setting Chmaber Zones to a= 0.7, b= 0.8, c= 0.9, d= 1.0 Request successfully executed.
13-10-2024 21:54:46 - INFO - Sending request to Setting Chmaber Zones to a= 0.5771430000000002, b= 0.6595920000000003, c= 0.7420410000000003, d= 0.8244900000000003 with timeout of 5s...
13-10-2024 21:54:46 - INFO - Setting Chmaber Zones to a= 0.5771430000000002, b= 0.6595920000000003, c= 0.7420410000000003, d= 0.8244900000000003 request successfully sent.
13-10-2024 21:54:46 - INFO - Response from moonraker: {'result': 'ok'}
13-10-2024 21:54:46 - INFO - Setting Chmaber Zones to a= 0.5771430000000002, b= 0.6595920000000003, c= 0.7420410000000003, d= 0.8244900000000003 Request successfully executed.
13-10-2024 21:54:46 - INFO - Sending request to Setting Chmaber Zones to a= 0.5495419999999995, b= 0.6280479999999996, c= 0.7065539999999995, d= 0.7850599999999994 with timeout of 5s...
13-10-2024 21:54:46 - INFO - Setting Chmaber Zones to a= 0.5495419999999995, b= 0.6280479999999996, c= 0.7065539999999995, d= 0.7850599999999994 request successfully sent.
13-10-2024 21:54:46 - INFO - Response from moonraker: {'result': 'ok'}
13-10-2024 21:54:46 - INFO - Setting Chmaber Zones to a= 0.5495419999999995, b= 0.6280479999999996, c= 0.7065539999999995, d= 0.7850599999999994 Request successfully executed.
13-10-2024 21:54:46 - INFO - Sending request to Setting Chmaber Zones to a= 0.5228159999999998, b= 0.5975039999999998, c= 0.6721919999999997, d= 0.7468799999999998 with timeout of 5s...
13-10-2024 21:54:46 - INFO - Setting Chmaber Zones to a= 0.5228159999999998, b= 0.5975039999999998, c= 0.6721919999999997, d= 0.7468799999999998 request successfully sent.
13-10-2024 21:54:46 - INFO - Response from moonraker: {'result': 'ok'}
13-10-2024 21:54:46 - INFO - Setting Chmaber Zones to a= 0.5228159999999998, b= 0.5975039999999998, c= 0.6721919999999997, d= 0.7468799999999998 Request successfully executed.
13-10-2024 21:54:47 - INFO - Sending request to Setting Chmaber Zones to a= 0.509936, b= 0.5827839999999999, c= 0.655632, d= 0.7284799999999998 with timeout of 5s...
13-10-2024 21:54:47 - INFO - Setting Chmaber Zones to a= 0.509936, b= 0.5827839999999999, c= 0.655632, d= 0.7284799999999998 request successfully sent.
13-10-2024 21:54:47 - INFO - Response from moonraker: {'result': 'ok'}
13-10-2024 21:54:47 - INFO - Setting Chmaber Zones to a= 0.509936, b= 0.5827839999999999, c= 0.655632, d= 0.7284799999999998 Request successfully executed.
13-10-2024 21:54:47 - INFO - Sending request to Setting Chmaber Zones to a= 0.49962499999999993, b= 0.571, c= 0.6423749999999998, d= 0.7137499999999999 with timeout of 5s...
13-10-2024 21:54:47 - INFO - Setting Chmaber Zones to a= 0.49962499999999993, b= 0.571, c= 0.6423749999999998, d= 0.7137499999999999 request successfully sent.
13-10-2024 21:54:47 - INFO - Response from moonraker: {'result': 'ok'}
13-10-2024 21:54:47 - INFO - Setting Chmaber Zones to a= 0.49962499999999993, b= 0.571, c= 0.6423749999999998, d= 0.7137499999999999 Request successfully executed.
13-10-2024 21:54:47 - INFO - Sending request to Setting Chmaber Zones to a= 0.4577860000000002, b= 0.5231840000000002, c= 0.5885820000000002, d= 0.6539800000000002 with timeout of 5s...
13-10-2024 21:54:47 - INFO - Setting Chmaber Zones to a= 0.4577860000000002, b= 0.5231840000000002, c= 0.5885820000000002, d= 0.6539800000000002 request successfully sent.
13-10-2024 21:54:47 - INFO - Response from moonraker: {'result': 'ok'}
13-10-2024 21:54:47 - INFO - Setting Chmaber Zones to a= 0.4577860000000002, b= 0.5231840000000002, c= 0.5885820000000002, d= 0.6539800000000002 Request successfully executed.
13-10-2024 21:54:47 - INFO - Sending request to Setting Chmaber Zones to a= 0.40984299999999985, b= 0.46839199999999975, c= 0.5269409999999998, d= 0.5854899999999997 with timeout of 5s...
13-10-2024 21:54:47 - INFO - Setting Chmaber Zones to a= 0.40984299999999985, b= 0.46839199999999975, c= 0.5269409999999998, d= 0.5854899999999997 request successfully sent.
13-10-2024 21:54:47 - INFO - Response from moonraker: {'result': 'ok'}
13-10-2024 21:54:47 - INFO - Setting Chmaber Zones to a= 0.40984299999999985, b= 0.46839199999999975, c= 0.5269409999999998, d= 0.5854899999999997 Request successfully executed.
13-10-2024 21:54:47 - INFO - Sending request to Setting Chmaber Zones to a= 0.3726939999999997, b= 0.42593599999999965, c= 0.47917799999999955, d= 0.5324199999999996 with timeout of 5s...
13-10-2024 21:54:47 - INFO - Setting Chmaber Zones to a= 0.3726939999999997, b= 0.42593599999999965, c= 0.47917799999999955, d= 0.5324199999999996 request successfully sent.
13-10-2024 21:54:47 - INFO - Response from moonraker: {'result': 'ok'}
13-10-2024 21:54:47 - INFO - Setting Chmaber Zones to a= 0.3726939999999997, b= 0.42593599999999965, c= 0.47917799999999955, d= 0.5324199999999996 Request successfully executed.
13-10-2024 21:54:48 - INFO - Sending request to Setting Chmaber Zones to a= 0.3748849999999997, b= 0.42843999999999965, c= 0.48199499999999956, d= 0.5355499999999995 with timeout of 5s...
13-10-2024 21:54:48 - INFO - Setting Chmaber Zones to a= 0.3748849999999997, b= 0.42843999999999965, c= 0.48199499999999956, d= 0.5355499999999995 request successfully sent.
13-10-2024 21:54:48 - INFO - Response from moonraker: {'result': 'ok'}
13-10-2024 21:54:48 - INFO - Setting Chmaber Zones to a= 0.3748849999999997, b= 0.42843999999999965, c= 0.48199499999999956, d= 0.5355499999999995 Request successfully executed.
13-10-2024 21:54:48 - INFO - Sending request to Setting Chmaber Zones to a= 0.3597859999999999, b= 0.41118399999999977, c= 0.4625819999999998, d= 0.5139799999999998 with timeout of 5s...
13-10-2024 21:54:48 - INFO - Setting Chmaber Zones to a= 0.3597859999999999, b= 0.41118399999999977, c= 0.4625819999999998, d= 0.5139799999999998 request successfully sent.
13-10-2024 21:54:48 - INFO - Response from moonraker: {'result': 'ok'}
13-10-2024 21:54:48 - INFO - Setting Chmaber Zones to a= 0.3597859999999999, b= 0.41118399999999977, c= 0.4625819999999998, d= 0.5139799999999998 Request successfully executed.
13-10-2024 21:54:48 - INFO - Sending request to Setting Chmaber Zones to a= 0.35025899999999965, b= 0.4002959999999996, c= 0.4503329999999996, d= 0.5003699999999995 with timeout of 5s...
13-10-2024 21:54:48 - INFO - Setting Chmaber Zones to a= 0.35025899999999965, b= 0.4002959999999996, c= 0.4503329999999996, d= 0.5003699999999995 request successfully sent.
13-10-2024 21:54:48 - INFO - Response from moonraker: {'result': 'ok'}
13-10-2024 21:54:48 - INFO - Setting Chmaber Zones to a= 0.35025899999999965, b= 0.4002959999999996, c= 0.4503329999999996, d= 0.5003699999999995 Request successfully executed.
13-10-2024 21:54:48 - INFO - Sending request to Setting Chmaber Zones to a= 0.34341300000000013, b= 0.39247200000000015, c= 0.4415310000000001, d= 0.49059000000000014 with timeout of 5s...
13-10-2024 21:54:48 - INFO - Setting Chmaber Zones to a= 0.34341300000000013, b= 0.39247200000000015, c= 0.4415310000000001, d= 0.49059000000000014 request successfully sent.
13-10-2024 21:54:48 - INFO - Response from moonraker: {'result': 'ok'}
13-10-2024 21:54:48 - INFO - Setting Chmaber Zones to a= 0.34341300000000013, b= 0.39247200000000015, c= 0.4415310000000001, d= 0.49059000000000014 Request successfully executed.
13-10-2024 21:54:48 - INFO - Sending request to Setting Chmaber Zones to a= 0.33644799999999975, b= 0.38451199999999974, c= 0.4325759999999997, d= 0.4806399999999996 with timeout of 5s...
13-10-2024 21:54:48 - INFO - Setting Chmaber Zones to a= 0.33644799999999975, b= 0.38451199999999974, c= 0.4325759999999997, d= 0.4806399999999996 request successfully sent.
13-10-2024 21:54:48 - INFO - Response from moonraker: {'result': 'ok'}
13-10-2024 21:54:48 - INFO - Setting Chmaber Zones to a= 0.33644799999999975, b= 0.38451199999999974, c= 0.4325759999999997, d= 0.4806399999999996 Request successfully executed.
13-10-2024 21:54:49 - INFO - Sending request to Setting Chmaber Zones to a= 0.3350759999999999, b= 0.3829439999999999, c= 0.43081199999999986, d= 0.4786799999999999 with timeout of 5s...
13-10-2024 21:54:49 - INFO - Setting Chmaber Zones to a= 0.3350759999999999, b= 0.3829439999999999, c= 0.43081199999999986, d= 0.4786799999999999 request successfully sent.
13-10-2024 21:54:49 - INFO - Response from moonraker: {'result': 'ok'}
13-10-2024 21:54:49 - INFO - Setting Chmaber Zones to a= 0.3350759999999999, b= 0.3829439999999999, c= 0.43081199999999986, d= 0.4786799999999999 Request successfully executed.
13-10-2024 21:54:49 - INFO - Sending request to Setting Chmaber Zones to a= 0.33648999999999996, b= 0.3845599999999999, c= 0.4326299999999999, d= 0.4806999999999999 with timeout of 5s...
13-10-2024 21:54:49 - INFO - Setting Chmaber Zones to a= 0.33648999999999996, b= 0.3845599999999999, c= 0.4326299999999999, d= 0.4806999999999999 request successfully sent.
13-10-2024 21:54:49 - INFO - Response from moonraker: {'result': 'ok'}
13-10-2024 21:54:49 - INFO - Setting Chmaber Zones to a= 0.33648999999999996, b= 0.3845599999999999, c= 0.4326299999999999, d= 0.4806999999999999 Request successfully executed.
13-10-2024 21:54:49 - INFO - Sending request to Setting Chmaber Zones to a= 0.3407389999999998, b= 0.3894159999999998, c= 0.43809299999999973, d= 0.4867699999999997 with timeout of 5s...
13-10-2024 21:54:49 - INFO - Setting Chmaber Zones to a= 0.3407389999999998, b= 0.3894159999999998, c= 0.43809299999999973, d= 0.4867699999999997 request successfully sent.
13-10-2024 21:54:49 - INFO - Response from moonraker: {'result': 'ok'}
13-10-2024 21:54:49 - INFO - Setting Chmaber Zones to a= 0.3407389999999998, b= 0.3894159999999998, c= 0.43809299999999973, d= 0.4867699999999997 Request successfully executed.
13-10-2024 21:54:49 - INFO - Sending request to Setting Chmaber Zones to a= 0.35355599999999987, b= 0.4040639999999999, c= 0.45457199999999987, d= 0.5050799999999999 with timeout of 5s...
13-10-2024 21:54:49 - INFO - Setting Chmaber Zones to a= 0.35355599999999987, b= 0.4040639999999999, c= 0.45457199999999987, d= 0.5050799999999999 request successfully sent.
13-10-2024 21:54:49 - INFO - Response from moonraker: {'result': 'ok'}
13-10-2024 21:54:49 - INFO - Setting Chmaber Zones to a= 0.35355599999999987, b= 0.4040639999999999, c= 0.45457199999999987, d= 0.5050799999999999 Request successfully executed.
13-10-2024 21:54:49 - INFO - Sending request to Setting Chmaber Zones to a= 0.3636220000000002, b= 0.4155680000000003, c= 0.4675140000000003, d= 0.5194600000000004 with timeout of 5s...
13-10-2024 21:54:49 - INFO - Setting Chmaber Zones to a= 0.3636220000000002, b= 0.4155680000000003, c= 0.4675140000000003, d= 0.5194600000000004 request successfully sent.
13-10-2024 21:54:49 - INFO - Response from moonraker: {'result': 'ok'}
13-10-2024 21:54:49 - INFO - Setting Chmaber Zones to a= 0.3636220000000002, b= 0.4155680000000003, c= 0.4675140000000003, d= 0.5194600000000004 Request successfully executed.
13-10-2024 21:54:50 - INFO - Sending request to Setting Chmaber Zones to a= 0.38235400000000014, b= 0.4369760000000001, c= 0.4915980000000001, d= 0.5462200000000001 with timeout of 5s...
13-10-2024 21:54:50 - INFO - Setting Chmaber Zones to a= 0.38235400000000014, b= 0.4369760000000001, c= 0.4915980000000001, d= 0.5462200000000001 request successfully sent.
13-10-2024 21:54:50 - INFO - Response from moonraker: {'result': 'ok'}
13-10-2024 21:54:50 - INFO - Setting Chmaber Zones to a= 0.38235400000000014, b= 0.4369760000000001, c= 0.4915980000000001, d= 0.5462200000000001 Request successfully executed.
13-10-2024 21:54:50 - INFO - Sending request to Setting Chmaber Zones to a= 0.3841600000000001, b= 0.4390400000000001, c= 0.4939200000000002, d= 0.5488000000000002 with timeout of 5s...
13-10-2024 21:54:50 - INFO - Setting Chmaber Zones to a= 0.3841600000000001, b= 0.4390400000000001, c= 0.4939200000000002, d= 0.5488000000000002 request successfully sent.
13-10-2024 21:54:50 - INFO - Response from moonraker: {'result': 'ok'}
13-10-2024 21:54:50 - INFO - Setting Chmaber Zones to a= 0.3841600000000001, b= 0.4390400000000001, c= 0.4939200000000002, d= 0.5488000000000002 Request successfully executed.
13-10-2024 21:54:50 - INFO - Sending request to Setting Chmaber Zones to a= 0.38605000000000017, b= 0.4412000000000002, c= 0.4963500000000002, d= 0.5515000000000002 with timeout of 5s...
13-10-2024 21:54:50 - INFO - Setting Chmaber Zones to a= 0.38605000000000017, b= 0.4412000000000002, c= 0.4963500000000002, d= 0.5515000000000002 request successfully sent.
13-10-2024 21:54:50 - INFO - Response from moonraker: {'result': 'ok'}
13-10-2024 21:54:50 - INFO - Setting Chmaber Zones to a= 0.38605000000000017, b= 0.4412000000000002, c= 0.4963500000000002, d= 0.5515000000000002 Request successfully executed.
13-10-2024 21:54:50 - INFO - Sending request to Setting Chmaber Zones to a= 0.3936379999999998, b= 0.4498719999999998, c= 0.5061059999999997, d= 0.5623399999999997 with timeout of 5s...
13-10-2024 21:54:50 - INFO - Setting Chmaber Zones to a= 0.3936379999999998, b= 0.4498719999999998, c= 0.5061059999999997, d= 0.5623399999999997 request successfully sent.
13-10-2024 21:54:50 - INFO - Response from moonraker: {'result': 'ok'}
13-10-2024 21:54:50 - INFO - Setting Chmaber Zones to a= 0.3936379999999998, b= 0.4498719999999998, c= 0.5061059999999997, d= 0.5623399999999997 Request successfully executed.
13-10-2024 21:54:50 - INFO - Sending request to Setting Chmaber Zones to a= 0.4069659999999999, b= 0.4651039999999999, c= 0.5232419999999999, d= 0.5813799999999999 with timeout of 5s...
13-10-2024 21:54:50 - INFO - Setting Chmaber Zones to a= 0.4069659999999999, b= 0.4651039999999999, c= 0.5232419999999999, d= 0.5813799999999999 request successfully sent.
13-10-2024 21:54:50 - INFO - Response from moonraker: {'result': 'ok'}
13-10-2024 21:54:50 - INFO - Setting Chmaber Zones to a= 0.4069659999999999, b= 0.4651039999999999, c= 0.5232419999999999, d= 0.5813799999999999 Request successfully executed.
13-10-2024 21:54:51 - INFO - Sending request to Setting Chmaber Zones to a= 0.42040600000000017, b= 0.4804640000000002, c= 0.5405220000000002, d= 0.6005800000000002 with timeout of 5s...
13-10-2024 21:54:51 - INFO - Setting Chmaber Zones to a= 0.42040600000000017, b= 0.4804640000000002, c= 0.5405220000000002, d= 0.6005800000000002 request successfully sent.
13-10-2024 21:54:51 - INFO - Response from moonraker: {'result': 'ok'}
13-10-2024 21:54:51 - INFO - Setting Chmaber Zones to a= 0.42040600000000017, b= 0.4804640000000002, c= 0.5405220000000002, d= 0.6005800000000002 Request successfully executed.
13-10-2024 21:54:51 - INFO - Sending request to Setting Chmaber Zones to a= 0.4225900000000001, b= 0.48296000000000006, c= 0.5433300000000001, d= 0.6037000000000001 with timeout of 5s...
13-10-2024 21:54:51 - INFO - Setting Chmaber Zones to a= 0.4225900000000001, b= 0.48296000000000006, c= 0.5433300000000001, d= 0.6037000000000001 request successfully sent.
13-10-2024 21:54:51 - INFO - Response from moonraker: {'result': 'ok'}
13-10-2024 21:54:51 - INFO - Setting Chmaber Zones to a= 0.4225900000000001, b= 0.48296000000000006, c= 0.5433300000000001, d= 0.6037000000000001 Request successfully executed.
13-10-2024 21:54:51 - INFO - Sending request to Setting Chmaber Zones to a= 0.4276789999999999, b= 0.48877599999999993, c= 0.549873, d= 0.6109699999999999 with timeout of 5s...
13-10-2024 21:54:51 - INFO - Setting Chmaber Zones to a= 0.4276789999999999, b= 0.48877599999999993, c= 0.549873, d= 0.6109699999999999 request successfully sent.
13-10-2024 21:54:51 - INFO - Response from moonraker: {'result': 'ok'}
13-10-2024 21:54:51 - INFO - Setting Chmaber Zones to a= 0.4276789999999999, b= 0.48877599999999993, c= 0.549873, d= 0.6109699999999999 Request successfully executed.
13-10-2024 21:54:51 - INFO - Sending request to Setting Chmaber Zones to a= 0.42994, b= 0.49135999999999996, c= 0.5527799999999999, d= 0.6142 with timeout of 5s...
13-10-2024 21:54:51 - INFO - Setting Chmaber Zones to a= 0.42994, b= 0.49135999999999996, c= 0.5527799999999999, d= 0.6142 request successfully sent.
13-10-2024 21:54:51 - INFO - Response from moonraker: {'result': 'ok'}
13-10-2024 21:54:51 - INFO - Setting Chmaber Zones to a= 0.42994, b= 0.49135999999999996, c= 0.5527799999999999, d= 0.6142 Request successfully executed.
13-10-2024 21:54:51 - INFO - Sending request to Setting Chmaber Zones to a= 0.432215, b= 0.49395999999999995, c= 0.555705, d= 0.6174499999999999 with timeout of 5s...
13-10-2024 21:54:51 - INFO - Setting Chmaber Zones to a= 0.432215, b= 0.49395999999999995, c= 0.555705, d= 0.6174499999999999 request successfully sent.
13-10-2024 21:54:51 - INFO - Response from moonraker: {'result': 'ok'}
13-10-2024 21:54:51 - INFO - Setting Chmaber Zones to a= 0.432215, b= 0.49395999999999995, c= 0.555705, d= 0.6174499999999999 Request successfully executed.
13-10-2024 21:54:52 - INFO - Sending request to Setting Chmaber Zones to a= 0.43449000000000004, b= 0.49656000000000006, c= 0.55863, d= 0.6207 with timeout of 5s...
13-10-2024 21:54:52 - INFO - Setting Chmaber Zones to a= 0.43449000000000004, b= 0.49656000000000006, c= 0.55863, d= 0.6207 request successfully sent.
13-10-2024 21:54:52 - INFO - Response from moonraker: {'result': 'ok'}
13-10-2024 21:54:52 - INFO - Setting Chmaber Zones to a= 0.43449000000000004, b= 0.49656000000000006, c= 0.55863, d= 0.6207 Request successfully executed.
13-10-2024 21:54:52 - INFO - Sending request to Setting Chmaber Zones to a= 0.433916, b= 0.4959040000000001, c= 0.557892, d= 0.6198800000000001 with timeout of 5s...
13-10-2024 21:54:52 - INFO - Setting Chmaber Zones to a= 0.433916, b= 0.4959040000000001, c= 0.557892, d= 0.6198800000000001 request successfully sent.
13-10-2024 21:54:52 - INFO - Response from moonraker: {'result': 'ok'}
13-10-2024 21:54:52 - INFO - Setting Chmaber Zones to a= 0.433916, b= 0.4959040000000001, c= 0.557892, d= 0.6198800000000001 Request successfully executed.
13-10-2024 21:54:52 - INFO - Sending request to Setting Chmaber Zones to a= 0.43332100000000023, b= 0.49522400000000033, c= 0.5571270000000004, d= 0.6190300000000004 with timeout of 5s...
13-10-2024 21:54:52 - INFO - Setting Chmaber Zones to a= 0.43332100000000023, b= 0.49522400000000033, c= 0.5571270000000004, d= 0.6190300000000004 request successfully sent.
13-10-2024 21:54:52 - INFO - Response from moonraker: {'result': 'ok'}
13-10-2024 21:54:52 - INFO - Setting Chmaber Zones to a= 0.43332100000000023, b= 0.49522400000000033, c= 0.5571270000000004, d= 0.6190300000000004 Request successfully executed.
13-10-2024 21:54:52 - INFO - Sending request to Setting Chmaber Zones to a= 0.4298419999999998, b= 0.4912479999999998, c= 0.5526539999999998, d= 0.6140599999999997 with timeout of 5s...
13-10-2024 21:54:52 - INFO - Setting Chmaber Zones to a= 0.4298419999999998, b= 0.4912479999999998, c= 0.5526539999999998, d= 0.6140599999999997 request successfully sent.
13-10-2024 21:54:52 - INFO - Response from moonraker: {'result': 'ok'}
13-10-2024 21:54:52 - INFO - Setting Chmaber Zones to a= 0.4298419999999998, b= 0.4912479999999998, c= 0.5526539999999998, d= 0.6140599999999997 Request successfully executed.
13-10-2024 21:54:52 - INFO - Sending request to Setting Chmaber Zones to a= 0.42345800000000033, b= 0.4839520000000004, c= 0.5444460000000004, d= 0.6049400000000005 with timeout of 5s...
13-10-2024 21:54:52 - INFO - Setting Chmaber Zones to a= 0.42345800000000033, b= 0.4839520000000004, c= 0.5444460000000004, d= 0.6049400000000005 request successfully sent.
13-10-2024 21:54:52 - INFO - Response from moonraker: {'result': 'ok'}
13-10-2024 21:54:52 - INFO - Setting Chmaber Zones to a= 0.42345800000000033, b= 0.4839520000000004, c= 0.5444460000000004, d= 0.6049400000000005 Request successfully executed.
13-10-2024 21:54:53 - INFO - Sending request to Setting Chmaber Zones to a= 0.4112850000000003, b= 0.47004000000000035, c= 0.5287950000000005, d= 0.5875500000000005 with timeout of 5s...
13-10-2024 21:54:53 - INFO - Setting Chmaber Zones to a= 0.4112850000000003, b= 0.47004000000000035, c= 0.5287950000000005, d= 0.5875500000000005 request successfully sent.
13-10-2024 21:54:53 - INFO - Response from moonraker: {'result': 'ok'}
13-10-2024 21:54:53 - INFO - Setting Chmaber Zones to a= 0.4112850000000003, b= 0.47004000000000035, c= 0.5287950000000005, d= 0.5875500000000005 Request successfully executed.
13-10-2024 21:54:53 - INFO - Sending request to Setting Chmaber Zones to a= 0.404663, b= 0.462472, c= 0.520281, d= 0.57809 with timeout of 5s...
13-10-2024 21:54:53 - INFO - Setting Chmaber Zones to a= 0.404663, b= 0.462472, c= 0.520281, d= 0.57809 request successfully sent.
13-10-2024 21:54:53 - INFO - Response from moonraker: {'result': 'ok'}
13-10-2024 21:54:53 - INFO - Setting Chmaber Zones to a= 0.404663, b= 0.462472, c= 0.520281, d= 0.57809 Request successfully executed.
13-10-2024 21:54:53 - INFO - Sending request to Setting Chmaber Zones to a= 0.39790799999999976, b= 0.4547519999999997, c= 0.5115959999999996, d= 0.5684399999999996 with timeout of 5s...
13-10-2024 21:54:53 - INFO - Setting Chmaber Zones to a= 0.39790799999999976, b= 0.4547519999999997, c= 0.5115959999999996, d= 0.5684399999999996 request successfully sent.
13-10-2024 21:54:53 - INFO - Response from moonraker: {'result': 'ok'}
13-10-2024 21:54:53 - INFO - Setting Chmaber Zones to a= 0.39790799999999976, b= 0.4547519999999997, c= 0.5115959999999996, d= 0.5684399999999996 Request successfully executed.
13-10-2024 21:54:53 - INFO - Sending request to Setting Chmaber Zones to a= 0.3910480000000002, b= 0.44691200000000025, c= 0.5027760000000002, d= 0.5586400000000002 with timeout of 5s...
13-10-2024 21:54:53 - INFO - Setting Chmaber Zones to a= 0.3910480000000002, b= 0.44691200000000025, c= 0.5027760000000002, d= 0.5586400000000002 request successfully sent.
13-10-2024 21:54:53 - INFO - Response from moonraker: {'result': 'ok'}
13-10-2024 21:54:53 - INFO - Setting Chmaber Zones to a= 0.3910480000000002, b= 0.44691200000000025, c= 0.5027760000000002, d= 0.5586400000000002 Request successfully executed.
13-10-2024 21:54:53 - INFO - Sending request to Setting Chmaber Zones to a= 0.37268699999999966, b= 0.42592799999999964, c= 0.47916899999999957, d= 0.5324099999999995 with timeout of 5s...
13-10-2024 21:54:53 - INFO - Setting Chmaber Zones to a= 0.37268699999999966, b= 0.42592799999999964, c= 0.47916899999999957, d= 0.5324099999999995 request successfully sent.
13-10-2024 21:54:53 - INFO - Response from moonraker: {'result': 'ok'}
13-10-2024 21:54:53 - INFO - Setting Chmaber Zones to a= 0.37268699999999966, b= 0.42592799999999964, c= 0.47916899999999957, d= 0.5324099999999995 Request successfully executed.
13-10-2024 21:54:54 - INFO - Sending request to Setting Chmaber Zones to a= 0.3541369999999999, b= 0.4047279999999999, c= 0.45531899999999986, d= 0.5059099999999999 with timeout of 5s...
13-10-2024 21:54:54 - INFO - Setting Chmaber Zones to a= 0.3541369999999999, b= 0.4047279999999999, c= 0.45531899999999986, d= 0.5059099999999999 request successfully sent.
13-10-2024 21:54:54 - INFO - Response from moonraker: {'result': 'ok'}
13-10-2024 21:54:54 - INFO - Setting Chmaber Zones to a= 0.3541369999999999, b= 0.4047279999999999, c= 0.45531899999999986, d= 0.5059099999999999 Request successfully executed.
13-10-2024 21:54:54 - INFO - Sending request to Setting Chmaber Zones to a= 0.3495870000000003, b= 0.3995280000000003, c= 0.44946900000000034, d= 0.49941000000000035 with timeout of 5s...
13-10-2024 21:54:54 - INFO - Setting Chmaber Zones to a= 0.3495870000000003, b= 0.3995280000000003, c= 0.44946900000000034, d= 0.49941000000000035 request successfully sent.
13-10-2024 21:54:54 - INFO - Response from moonraker: {'result': 'ok'}
13-10-2024 21:54:54 - INFO - Setting Chmaber Zones to a= 0.3495870000000003, b= 0.3995280000000003, c= 0.44946900000000034, d= 0.49941000000000035 Request successfully executed.
13-10-2024 21:54:54 - INFO - Sending request to Setting Chmaber Zones to a= 0.34774599999999967, b= 0.3974239999999996, c= 0.44710199999999956, d= 0.4967799999999995 with timeout of 5s...
13-10-2024 21:54:54 - INFO - Setting Chmaber Zones to a= 0.34774599999999967, b= 0.3974239999999996, c= 0.44710199999999956, d= 0.4967799999999995 request successfully sent.
13-10-2024 21:54:54 - INFO - Response from moonraker: {'result': 'ok'}
13-10-2024 21:54:54 - INFO - Setting Chmaber Zones to a= 0.34774599999999967, b= 0.3974239999999996, c= 0.44710199999999956, d= 0.4967799999999995 Request successfully executed.
13-10-2024 21:54:54 - INFO - Sending request to Setting Chmaber Zones to a= 0.343007, b= 0.392008, c= 0.44100900000000004, d= 0.49001 with timeout of 5s...
13-10-2024 21:54:54 - INFO - Setting Chmaber Zones to a= 0.343007, b= 0.392008, c= 0.44100900000000004, d= 0.49001 request successfully sent.
13-10-2024 21:54:54 - INFO - Response from moonraker: {'result': 'ok'}
13-10-2024 21:54:54 - INFO - Setting Chmaber Zones to a= 0.343007, b= 0.392008, c= 0.44100900000000004, d= 0.49001 Request successfully executed.
13-10-2024 21:54:54 - INFO - Sending request to Setting Chmaber Zones to a= 0.34391, b= 0.39303999999999994, c= 0.44217, d= 0.49129999999999996 with timeout of 5s...
13-10-2024 21:54:54 - INFO - Setting Chmaber Zones to a= 0.34391, b= 0.39303999999999994, c= 0.44217, d= 0.49129999999999996 request successfully sent.
13-10-2024 21:54:54 - INFO - Response from moonraker: {'result': 'ok'}
13-10-2024 21:54:54 - INFO - Setting Chmaber Zones to a= 0.34391, b= 0.39303999999999994, c= 0.44217, d= 0.49129999999999996 Request successfully executed.
13-10-2024 21:54:55 - INFO - Sending request to Setting Chmaber Zones to a= 0.3390870000000003, b= 0.38752800000000037, c= 0.4359690000000004, d= 0.48441000000000045 with timeout of 5s...
13-10-2024 21:54:55 - INFO - Setting Chmaber Zones to a= 0.3390870000000003, b= 0.38752800000000037, c= 0.4359690000000004, d= 0.48441000000000045 request successfully sent.
13-10-2024 21:54:55 - INFO - Response from moonraker: {'result': 'ok'}
13-10-2024 21:54:55 - INFO - Setting Chmaber Zones to a= 0.3390870000000003, b= 0.38752800000000037, c= 0.4359690000000004, d= 0.48441000000000045 Request successfully executed.
13-10-2024 21:54:55 - INFO - Sending request to Setting Chmaber Zones to a= 0.3370709999999996, b= 0.38522399999999957, c= 0.43337699999999946, d= 0.4815299999999995 with timeout of 5s...
13-10-2024 21:54:55 - INFO - Setting Chmaber Zones to a= 0.3370709999999996, b= 0.38522399999999957, c= 0.43337699999999946, d= 0.4815299999999995 request successfully sent.
13-10-2024 21:54:55 - INFO - Response from moonraker: {'result': 'ok'}
13-10-2024 21:54:55 - INFO - Setting Chmaber Zones to a= 0.3370709999999996, b= 0.38522399999999957, c= 0.43337699999999946, d= 0.4815299999999995 Request successfully executed.
13-10-2024 21:54:55 - INFO - Sending request to Setting Chmaber Zones to a= 0.3378549999999997, b= 0.3861199999999997, c= 0.43438499999999963, d= 0.4826499999999996 with timeout of 5s...
13-10-2024 21:54:55 - INFO - Setting Chmaber Zones to a= 0.3378549999999997, b= 0.3861199999999997, c= 0.43438499999999963, d= 0.4826499999999996 request successfully sent.
13-10-2024 21:54:55 - INFO - Response from moonraker: {'result': 'ok'}
13-10-2024 21:54:55 - INFO - Setting Chmaber Zones to a= 0.3378549999999997, b= 0.3861199999999997, c= 0.43438499999999963, d= 0.4826499999999996 Request successfully executed.
13-10-2024 21:54:55 - INFO - Sending request to Setting Chmaber Zones to a= 0.3386249999999997, b= 0.3869999999999997, c= 0.43537499999999957, d= 0.48374999999999957 with timeout of 5s...
13-10-2024 21:54:55 - INFO - Setting Chmaber Zones to a= 0.3386249999999997, b= 0.3869999999999997, c= 0.43537499999999957, d= 0.48374999999999957 request successfully sent.
13-10-2024 21:54:55 - INFO - Response from moonraker: {'result': 'ok'}
13-10-2024 21:54:55 - INFO - Setting Chmaber Zones to a= 0.3386249999999997, b= 0.3869999999999997, c= 0.43537499999999957, d= 0.48374999999999957 Request successfully executed.
13-10-2024 21:54:55 - INFO - Sending request to Setting Chmaber Zones to a= 0.34509300000000015, b= 0.39439200000000013, c= 0.44369100000000017, d= 0.4929900000000002 with timeout of 5s...
13-10-2024 21:54:55 - INFO - Setting Chmaber Zones to a= 0.34509300000000015, b= 0.39439200000000013, c= 0.44369100000000017, d= 0.4929900000000002 request successfully sent.
13-10-2024 21:54:55 - INFO - Response from moonraker: {'result': 'ok'}
13-10-2024 21:54:55 - INFO - Setting Chmaber Zones to a= 0.34509300000000015, b= 0.39439200000000013, c= 0.44369100000000017, d= 0.4929900000000002 Request successfully executed.
13-10-2024 21:54:56 - INFO - Sending request to Setting Chmaber Zones to a= 0.35160299999999983, b= 0.40183199999999986, c= 0.45206099999999977, d= 0.5022899999999998 with timeout of 5s...
13-10-2024 21:54:56 - INFO - Setting Chmaber Zones to a= 0.35160299999999983, b= 0.40183199999999986, c= 0.45206099999999977, d= 0.5022899999999998 request successfully sent.
13-10-2024 21:54:56 - INFO - Response from moonraker: {'result': 'ok'}
13-10-2024 21:54:56 - INFO - Setting Chmaber Zones to a= 0.35160299999999983, b= 0.40183199999999986, c= 0.45206099999999977, d= 0.5022899999999998 Request successfully executed.
13-10-2024 21:54:56 - INFO - Sending request to Setting Chmaber Zones to a= 0.3524849999999999, b= 0.40283999999999986, c= 0.45319499999999985, d= 0.5035499999999998 with timeout of 5s...
13-10-2024 21:54:56 - INFO - Setting Chmaber Zones to a= 0.3524849999999999, b= 0.40283999999999986, c= 0.45319499999999985, d= 0.5035499999999998 request successfully sent.
13-10-2024 21:54:56 - INFO - Response from moonraker: {'result': 'ok'}
13-10-2024 21:54:56 - INFO - Setting Chmaber Zones to a= 0.3524849999999999, b= 0.40283999999999986, c= 0.45319499999999985, d= 0.5035499999999998 Request successfully executed.
13-10-2024 21:54:56 - INFO - Sending request to Setting Chmaber Zones to a= 0.3590930000000004, b= 0.41039200000000037, c= 0.4616910000000004, d= 0.5129900000000005 with timeout of 5s...
13-10-2024 21:54:56 - INFO - Setting Chmaber Zones to a= 0.3590930000000004, b= 0.41039200000000037, c= 0.4616910000000004, d= 0.5129900000000005 request successfully sent.
13-10-2024 21:54:56 - INFO - Response from moonraker: {'result': 'ok'}
13-10-2024 21:54:56 - INFO - Setting Chmaber Zones to a= 0.3590930000000004, b= 0.41039200000000037, c= 0.4616910000000004, d= 0.5129900000000005 Request successfully executed.
13-10-2024 21:54:56 - INFO - Sending request to Setting Chmaber Zones to a= 0.3657430000000001, b= 0.41799200000000014, c= 0.47024100000000013, d= 0.5224900000000001 with timeout of 5s...
13-10-2024 21:54:56 - INFO - Setting Chmaber Zones to a= 0.3657430000000001, b= 0.41799200000000014, c= 0.47024100000000013, d= 0.5224900000000001 request successfully sent.
13-10-2024 21:54:56 - INFO - Response from moonraker: {'result': 'ok'}
13-10-2024 21:54:56 - INFO - Setting Chmaber Zones to a= 0.3657430000000001, b= 0.41799200000000014, c= 0.47024100000000013, d= 0.5224900000000001 Request successfully executed.
13-10-2024 21:54:56 - INFO - Sending request to Setting Chmaber Zones to a= 0.36676500000000006, b= 0.41916000000000003, c= 0.47155500000000006, d= 0.52395 with timeout of 5s...
13-10-2024 21:54:56 - INFO - Setting Chmaber Zones to a= 0.36676500000000006, b= 0.41916000000000003, c= 0.47155500000000006, d= 0.52395 request successfully sent.
13-10-2024 21:54:56 - INFO - Response from moonraker: {'result': 'ok'}
13-10-2024 21:54:56 - INFO - Setting Chmaber Zones to a= 0.36676500000000006, b= 0.41916000000000003, c= 0.47155500000000006, d= 0.52395 Request successfully executed.
13-10-2024 21:54:57 - INFO - Sending request to Setting Chmaber Zones to a= 0.367815, b= 0.42036, c= 0.47290499999999996, d= 0.52545 with timeout of 5s...
13-10-2024 21:54:57 - INFO - Setting Chmaber Zones to a= 0.367815, b= 0.42036, c= 0.47290499999999996, d= 0.52545 request successfully sent.
13-10-2024 21:54:57 - INFO - Response from moonraker: {'result': 'ok'}
13-10-2024 21:54:57 - INFO - Setting Chmaber Zones to a= 0.367815, b= 0.42036, c= 0.47290499999999996, d= 0.52545 Request successfully executed.
13-10-2024 21:54:57 - INFO - Sending request to Setting Chmaber Zones to a= 0.371714, b= 0.4248159999999999, c= 0.47791799999999995, d= 0.5310199999999999 with timeout of 5s...
13-10-2024 21:54:57 - INFO - Setting Chmaber Zones to a= 0.371714, b= 0.4248159999999999, c= 0.47791799999999995, d= 0.5310199999999999 request successfully sent.
13-10-2024 21:54:57 - INFO - Response from moonraker: {'result': 'ok'}
13-10-2024 21:54:57 - INFO - Setting Chmaber Zones to a= 0.371714, b= 0.4248159999999999, c= 0.47791799999999995, d= 0.5310199999999999 Request successfully executed.
13-10-2024 21:54:57 - INFO - Sending request to Setting Chmaber Zones to a= 0.37278499999999987, b= 0.42603999999999986, c= 0.4792949999999999, d= 0.5325499999999999 with timeout of 5s...
13-10-2024 21:54:57 - INFO - Setting Chmaber Zones to a= 0.37278499999999987, b= 0.42603999999999986, c= 0.4792949999999999, d= 0.5325499999999999 request successfully sent.
13-10-2024 21:54:57 - INFO - Response from moonraker: {'result': 'ok'}
13-10-2024 21:54:57 - INFO - Setting Chmaber Zones to a= 0.37278499999999987, b= 0.42603999999999986, c= 0.4792949999999999, d= 0.5325499999999999 Request successfully executed.
13-10-2024 21:54:57 - INFO - Sending request to Setting Chmaber Zones to a= 0.37386999999999987, b= 0.4272799999999998, c= 0.48068999999999984, d= 0.5340999999999998 with timeout of 5s...
13-10-2024 21:54:57 - INFO - Setting Chmaber Zones to a= 0.37386999999999987, b= 0.4272799999999998, c= 0.48068999999999984, d= 0.5340999999999998 request successfully sent.
13-10-2024 21:54:57 - INFO - Response from moonraker: {'result': 'ok'}
13-10-2024 21:54:57 - INFO - Setting Chmaber Zones to a= 0.37386999999999987, b= 0.4272799999999998, c= 0.48068999999999984, d= 0.5340999999999998 Request successfully executed.
13-10-2024 21:54:57 - INFO - Sending request to Setting Chmaber Zones to a= 0.374955, b= 0.42851999999999996, c= 0.48208499999999993, d= 0.53565 with timeout of 5s...
13-10-2024 21:54:57 - INFO - Setting Chmaber Zones to a= 0.374955, b= 0.42851999999999996, c= 0.48208499999999993, d= 0.53565 request successfully sent.
13-10-2024 21:54:57 - INFO - Response from moonraker: {'result': 'ok'}
13-10-2024 21:54:57 - INFO - Setting Chmaber Zones to a= 0.374955, b= 0.42851999999999996, c= 0.48208499999999993, d= 0.53565 Request successfully executed.
13-10-2024 21:54:58 - INFO - Sending request to Setting Chmaber Zones to a= 0.37034200000000017, b= 0.42324800000000024, c= 0.4761540000000003, d= 0.5290600000000003 with timeout of 5s...
13-10-2024 21:54:58 - INFO - Setting Chmaber Zones to a= 0.37034200000000017, b= 0.42324800000000024, c= 0.4761540000000003, d= 0.5290600000000003 request successfully sent.
13-10-2024 21:54:58 - INFO - Response from moonraker: {'result': 'ok'}
13-10-2024 21:54:58 - INFO - Setting Chmaber Zones to a= 0.37034200000000017, b= 0.42324800000000024, c= 0.4761540000000003, d= 0.5290600000000003 Request successfully executed.
13-10-2024 21:54:58 - INFO - Sending request to Setting Chmaber Zones to a= 0.3656869999999997, b= 0.4179279999999997, c= 0.4701689999999996, d= 0.5224099999999996 with timeout of 5s...
13-10-2024 21:54:58 - INFO - Setting Chmaber Zones to a= 0.3656869999999997, b= 0.4179279999999997, c= 0.4701689999999996, d= 0.5224099999999996 request successfully sent.
13-10-2024 21:54:58 - INFO - Response from moonraker: {'result': 'ok'}
13-10-2024 21:54:58 - INFO - Setting Chmaber Zones to a= 0.3656869999999997, b= 0.4179279999999997, c= 0.4701689999999996, d= 0.5224099999999996 Request successfully executed.
13-10-2024 21:55:00 - INFO - Sending request to Setting Chmaber Zones to a= 0, b= 0, c= 0, d= 0 with timeout of 5s...
13-10-2024 21:55:00 - INFO - Setting Chmaber Zones to a= 0, b= 0, c= 0, d= 0 request successfully sent.
13-10-2024 21:55:00 - INFO - Response from moonraker: {'result': 'ok'}
13-10-2024 21:55:00 - INFO - Setting Chmaber Zones to a= 0, b= 0, c= 0, d= 0 Request successfully executed.
13-10-2024 21:55:24 - INFO - Sending request to Setting Chmaber Zones to a= 0, b= 0, c= 0, d= 0 with timeout of 5s...
13-10-2024 21:55:24 - INFO - Sending request to Setting Chmaber Zones to a= 0.7, b= 0.8, c= 0.9, d= 1.0 with timeout of 5s...
13-10-2024 21:55:24 - INFO - Setting Chmaber Zones to a= 0.7, b= 0.8, c= 0.9, d= 1.0 request successfully sent.
13-10-2024 21:55:24 - INFO - Response from moonraker: {'result': 'ok'}
13-10-2024 21:55:24 - INFO - Setting Chmaber Zones to a= 0.7, b= 0.8, c= 0.9, d= 1.0 Request successfully executed.
13-10-2024 21:55:24 - INFO - Setting Chmaber Zones to a= 0.7, b= 0.8, c= 0.9, d= 1.0 request successfully sent.
13-10-2024 21:55:24 - INFO - Response from moonraker: {'result': 'ok'}
13-10-2024 21:55:24 - INFO - Setting Chmaber Zones to a= 0.7, b= 0.8, c= 0.9, d= 1.0 Request successfully executed.
13-10-2024 21:55:24 - INFO - Sending request to Setting Chmaber Zones to a= 0.7, b= 0.8, c= 0.9, d= 1.0 with timeout of 5s...
13-10-2024 21:55:24 - INFO - Setting Chmaber Zones to a= 0.7, b= 0.8, c= 0.9, d= 1.0 request successfully sent.
13-10-2024 21:55:24 - INFO - Response from moonraker: {'result': 'ok'}
13-10-2024 21:55:24 - INFO - Setting Chmaber Zones to a= 0.7, b= 0.8, c= 0.9, d= 1.0 Request successfully executed.
13-10-2024 21:55:24 - INFO - Sending request to Setting Chmaber Zones to a= 0.7, b= 0.8, c= 0.9, d= 1.0 with timeout of 5s...
13-10-2024 21:55:24 - INFO - Setting Chmaber Zones to a= 0.7, b= 0.8, c= 0.9, d= 1.0 request successfully sent.
13-10-2024 21:55:24 - INFO - Response from moonraker: {'result': 'ok'}
13-10-2024 21:55:24 - INFO - Setting Chmaber Zones to a= 0.7, b= 0.8, c= 0.9, d= 1.0 Request successfully executed.
13-10-2024 21:55:25 - INFO - Sending request to Setting Chmaber Zones to a= 0.7, b= 0.8, c= 0.9, d= 1.0 with timeout of 5s...
13-10-2024 21:55:25 - INFO - Setting Chmaber Zones to a= 0.7, b= 0.8, c= 0.9, d= 1.0 request successfully sent.
13-10-2024 21:55:25 - INFO - Response from moonraker: {'result': 'ok'}
13-10-2024 21:55:25 - INFO - Setting Chmaber Zones to a= 0.7, b= 0.8, c= 0.9, d= 1.0 Request successfully executed.
13-10-2024 21:55:25 - INFO - Sending request to Setting Chmaber Zones to a= 0.7, b= 0.8, c= 0.9, d= 1.0 with timeout of 5s...
13-10-2024 21:55:25 - INFO - Setting Chmaber Zones to a= 0.7, b= 0.8, c= 0.9, d= 1.0 request successfully sent.
13-10-2024 21:55:25 - INFO - Response from moonraker: {'result': 'ok'}
13-10-2024 21:55:25 - INFO - Setting Chmaber Zones to a= 0.7, b= 0.8, c= 0.9, d= 1.0 Request successfully executed.
13-10-2024 21:55:25 - INFO - Sending request to Setting Chmaber Zones to a= 0.7, b= 0.8, c= 0.9, d= 1.0 with timeout of 5s...
13-10-2024 21:55:25 - INFO - Setting Chmaber Zones to a= 0.7, b= 0.8, c= 0.9, d= 1.0 request successfully sent.
13-10-2024 21:55:25 - INFO - Response from moonraker: {'result': 'ok'}
13-10-2024 21:55:25 - INFO - Setting Chmaber Zones to a= 0.7, b= 0.8, c= 0.9, d= 1.0 Request successfully executed.
13-10-2024 21:55:25 - INFO - Sending request to Setting Chmaber Zones to a= 0.7, b= 0.8, c= 0.9, d= 1.0 with timeout of 5s...
13-10-2024 21:55:25 - INFO - Setting Chmaber Zones to a= 0.7, b= 0.8, c= 0.9, d= 1.0 request successfully sent.
13-10-2024 21:55:25 - INFO - Response from moonraker: {'result': 'ok'}
13-10-2024 21:55:25 - INFO - Setting Chmaber Zones to a= 0.7, b= 0.8, c= 0.9, d= 1.0 Request successfully executed.
13-10-2024 21:55:25 - INFO - Sending request to Setting Chmaber Zones to a= 0.7, b= 0.8, c= 0.9, d= 1.0 with timeout of 5s...
13-10-2024 21:55:25 - INFO - Setting Chmaber Zones to a= 0.7, b= 0.8, c= 0.9, d= 1.0 request successfully sent.
13-10-2024 21:55:25 - INFO - Response from moonraker: {'result': 'ok'}
13-10-2024 21:55:25 - INFO - Setting Chmaber Zones to a= 0.7, b= 0.8, c= 0.9, d= 1.0 Request successfully executed.
13-10-2024 21:55:26 - INFO - Sending request to Setting Chmaber Zones to a= 0.7, b= 0.8, c= 0.9, d= 1.0 with timeout of 5s...
13-10-2024 21:55:26 - INFO - Setting Chmaber Zones to a= 0.7, b= 0.8, c= 0.9, d= 1.0 request successfully sent.
13-10-2024 21:55:26 - INFO - Response from moonraker: {'result': 'ok'}
13-10-2024 21:55:26 - INFO - Setting Chmaber Zones to a= 0.7, b= 0.8, c= 0.9, d= 1.0 Request successfully executed.
13-10-2024 21:55:26 - INFO - Sending request to Setting Chmaber Zones to a= 0.7, b= 0.8, c= 0.9, d= 1.0 with timeout of 5s...
13-10-2024 21:55:26 - INFO - Setting Chmaber Zones to a= 0.7, b= 0.8, c= 0.9, d= 1.0 request successfully sent.
13-10-2024 21:55:26 - INFO - Response from moonraker: {'result': 'ok'}
13-10-2024 21:55:26 - INFO - Setting Chmaber Zones to a= 0.7, b= 0.8, c= 0.9, d= 1.0 Request successfully executed.
13-10-2024 21:55:26 - INFO - Sending request to Setting Chmaber Zones to a= 0.7, b= 0.8, c= 0.9, d= 1.0 with timeout of 5s...
13-10-2024 21:55:26 - INFO - Setting Chmaber Zones to a= 0.7, b= 0.8, c= 0.9, d= 1.0 request successfully sent.
13-10-2024 21:55:26 - INFO - Response from moonraker: {'result': 'ok'}
13-10-2024 21:55:26 - INFO - Setting Chmaber Zones to a= 0.7, b= 0.8, c= 0.9, d= 1.0 Request successfully executed.
13-10-2024 21:55:26 - INFO - Sending request to Setting Chmaber Zones to a= 0.7, b= 0.8, c= 0.9, d= 1.0 with timeout of 5s...
13-10-2024 21:55:26 - INFO - Setting Chmaber Zones to a= 0.7, b= 0.8, c= 0.9, d= 1.0 request successfully sent.
13-10-2024 21:55:26 - INFO - Response from moonraker: {'result': 'ok'}
13-10-2024 21:55:26 - INFO - Setting Chmaber Zones to a= 0.7, b= 0.8, c= 0.9, d= 1.0 Request successfully executed.
13-10-2024 21:55:26 - INFO - Sending request to Setting Chmaber Zones to a= 0.7, b= 0.8, c= 0.9, d= 1.0 with timeout of 5s...
13-10-2024 21:55:26 - INFO - Setting Chmaber Zones to a= 0.7, b= 0.8, c= 0.9, d= 1.0 request successfully sent.
13-10-2024 21:55:26 - INFO - Response from moonraker: {'result': 'ok'}
13-10-2024 21:55:26 - INFO - Setting Chmaber Zones to a= 0.7, b= 0.8, c= 0.9, d= 1.0 Request successfully executed.
13-10-2024 21:55:27 - INFO - Sending request to Setting Chmaber Zones to a= 0.7, b= 0.8, c= 0.9, d= 1.0 with timeout of 5s...
13-10-2024 21:55:27 - INFO - Setting Chmaber Zones to a= 0.7, b= 0.8, c= 0.9, d= 1.0 request successfully sent.
13-10-2024 21:55:27 - INFO - Response from moonraker: {'result': 'ok'}
13-10-2024 21:55:27 - INFO - Setting Chmaber Zones to a= 0.7, b= 0.8, c= 0.9, d= 1.0 Request successfully executed.
13-10-2024 21:55:27 - INFO - Sending request to Setting Chmaber Zones to a= 0.6679400000000002, b= 0.7633600000000003, c= 0.8587800000000003, d= 0.9542000000000003 with timeout of 5s...
13-10-2024 21:55:27 - INFO - Setting Chmaber Zones to a= 0.6679400000000002, b= 0.7633600000000003, c= 0.8587800000000003, d= 0.9542000000000003 request successfully sent.
13-10-2024 21:55:27 - INFO - Response from moonraker: {'result': 'ok'}
13-10-2024 21:55:27 - INFO - Setting Chmaber Zones to a= 0.6679400000000002, b= 0.7633600000000003, c= 0.8587800000000003, d= 0.9542000000000003 Request successfully executed.
13-10-2024 21:55:27 - INFO - Sending request to Setting Chmaber Zones to a= 0.6569919999999996, b= 0.7508479999999996, c= 0.8447039999999996, d= 0.9385599999999995 with timeout of 5s...
13-10-2024 21:55:27 - INFO - Setting Chmaber Zones to a= 0.6569919999999996, b= 0.7508479999999996, c= 0.8447039999999996, d= 0.9385599999999995 request successfully sent.
13-10-2024 21:55:27 - INFO - Response from moonraker: {'result': 'ok'}
13-10-2024 21:55:27 - INFO - Setting Chmaber Zones to a= 0.6569919999999996, b= 0.7508479999999996, c= 0.8447039999999996, d= 0.9385599999999995 Request successfully executed.
13-10-2024 21:55:27 - INFO - Sending request to Setting Chmaber Zones to a= 0.6252540000000003, b= 0.7145760000000004, c= 0.8038980000000003, d= 0.8932200000000005 with timeout of 5s...
13-10-2024 21:55:27 - INFO - Setting Chmaber Zones to a= 0.6252540000000003, b= 0.7145760000000004, c= 0.8038980000000003, d= 0.8932200000000005 request successfully sent.
13-10-2024 21:55:27 - INFO - Response from moonraker: {'result': 'ok'}
13-10-2024 21:55:27 - INFO - Setting Chmaber Zones to a= 0.6252540000000003, b= 0.7145760000000004, c= 0.8038980000000003, d= 0.8932200000000005 Request successfully executed.
13-10-2024 21:55:27 - INFO - Sending request to Setting Chmaber Zones to a= 0.5580259999999998, b= 0.6377439999999998, c= 0.7174619999999997, d= 0.7971799999999996 with timeout of 5s...
13-10-2024 21:55:27 - INFO - Setting Chmaber Zones to a= 0.5580259999999998, b= 0.6377439999999998, c= 0.7174619999999997, d= 0.7971799999999996 request successfully sent.
13-10-2024 21:55:27 - INFO - Response from moonraker: {'result': 'ok'}
13-10-2024 21:55:27 - INFO - Setting Chmaber Zones to a= 0.5580259999999998, b= 0.6377439999999998, c= 0.7174619999999997, d= 0.7971799999999996 Request successfully executed.
13-10-2024 21:55:28 - INFO - Sending request to Setting Chmaber Zones to a= 0.529522, b= 0.605168, c= 0.680814, d= 0.75646 with timeout of 5s...
13-10-2024 21:55:28 - INFO - Setting Chmaber Zones to a= 0.529522, b= 0.605168, c= 0.680814, d= 0.75646 request successfully sent.
13-10-2024 21:55:28 - INFO - Response from moonraker: {'result': 'ok'}
13-10-2024 21:55:28 - INFO - Setting Chmaber Zones to a= 0.529522, b= 0.605168, c= 0.680814, d= 0.75646 Request successfully executed.
13-10-2024 21:55:28 - INFO - Sending request to Setting Chmaber Zones to a= 0.53459, b= 0.6109600000000001, c= 0.68733, d= 0.7637 with timeout of 5s...
13-10-2024 21:55:28 - INFO - Setting Chmaber Zones to a= 0.53459, b= 0.6109600000000001, c= 0.68733, d= 0.7637 request successfully sent.
13-10-2024 21:55:28 - INFO - Response from moonraker: {'result': 'ok'}
13-10-2024 21:55:28 - INFO - Setting Chmaber Zones to a= 0.53459, b= 0.6109600000000001, c= 0.68733, d= 0.7637 Request successfully executed.
13-10-2024 21:55:28 - INFO - Sending request to Setting Chmaber Zones to a= 0.51065, b= 0.5836, c= 0.65655, d= 0.7295 with timeout of 5s...
13-10-2024 21:55:28 - INFO - Setting Chmaber Zones to a= 0.51065, b= 0.5836, c= 0.65655, d= 0.7295 request successfully sent.
13-10-2024 21:55:28 - INFO - Response from moonraker: {'result': 'ok'}
13-10-2024 21:55:28 - INFO - Setting Chmaber Zones to a= 0.51065, b= 0.5836, c= 0.65655, d= 0.7295 Request successfully executed.
13-10-2024 21:55:28 - INFO - Sending request to Setting Chmaber Zones to a= 0.4544260000000002, b= 0.5193440000000002, c= 0.5842620000000003, d= 0.6491800000000003 with timeout of 5s...
13-10-2024 21:55:28 - INFO - Setting Chmaber Zones to a= 0.4544260000000002, b= 0.5193440000000002, c= 0.5842620000000003, d= 0.6491800000000003 request successfully sent.
13-10-2024 21:55:28 - INFO - Response from moonraker: {'result': 'ok'}
13-10-2024 21:55:28 - INFO - Setting Chmaber Zones to a= 0.4544260000000002, b= 0.5193440000000002, c= 0.5842620000000003, d= 0.6491800000000003 Request successfully executed.
13-10-2024 21:55:28 - INFO - Sending request to Setting Chmaber Zones to a= 0.29883000000000015, b= 0.34152000000000016, c= 0.3842100000000002, d= 0.42690000000000017 with timeout of 5s...
13-10-2024 21:55:28 - INFO - Setting Chmaber Zones to a= 0.29883000000000015, b= 0.34152000000000016, c= 0.3842100000000002, d= 0.42690000000000017 request successfully sent.
13-10-2024 21:55:28 - INFO - Response from moonraker: {'result': 'ok'}
13-10-2024 21:55:28 - INFO - Setting Chmaber Zones to a= 0.29883000000000015, b= 0.34152000000000016, c= 0.3842100000000002, d= 0.42690000000000017 Request successfully executed.
13-10-2024 21:55:29 - INFO - Sending request to Setting Chmaber Zones to a= 0.286944, b= 0.327936, c= 0.3689279999999999, d= 0.40991999999999995 with timeout of 5s...
13-10-2024 21:55:29 - INFO - Setting Chmaber Zones to a= 0.286944, b= 0.327936, c= 0.3689279999999999, d= 0.40991999999999995 request successfully sent.
13-10-2024 21:55:29 - INFO - Response from moonraker: {'result': 'ok'}
13-10-2024 21:55:29 - INFO - Setting Chmaber Zones to a= 0.286944, b= 0.327936, c= 0.3689279999999999, d= 0.40991999999999995 Request successfully executed.
13-10-2024 21:55:29 - INFO - Sending request to Setting Chmaber Zones to a= 0.28559999999999997, b= 0.3264, c= 0.36719999999999997, d= 0.408 with timeout of 5s...
13-10-2024 21:55:29 - INFO - Setting Chmaber Zones to a= 0.28559999999999997, b= 0.3264, c= 0.36719999999999997, d= 0.408 request successfully sent.
13-10-2024 21:55:29 - INFO - Response from moonraker: {'result': 'ok'}
13-10-2024 21:55:29 - INFO - Setting Chmaber Zones to a= 0.28559999999999997, b= 0.3264, c= 0.36719999999999997, d= 0.408 Request successfully executed.
13-10-2024 21:55:29 - INFO - Sending request to Setting Chmaber Zones to a= 0.2813160000000002, b= 0.3215040000000002, c= 0.3616920000000002, d= 0.40188000000000024 with timeout of 5s...
13-10-2024 21:55:29 - INFO - Setting Chmaber Zones to a= 0.2813160000000002, b= 0.3215040000000002, c= 0.3616920000000002, d= 0.40188000000000024 request successfully sent.
13-10-2024 21:55:29 - INFO - Response from moonraker: {'result': 'ok'}
13-10-2024 21:55:29 - INFO - Setting Chmaber Zones to a= 0.2813160000000002, b= 0.3215040000000002, c= 0.3616920000000002, d= 0.40188000000000024 Request successfully executed.
13-10-2024 21:55:29 - INFO - Sending request to Setting Chmaber Zones to a= 0.2798600000000001, b= 0.3198400000000001, c= 0.35982000000000014, d= 0.39980000000000016 with timeout of 5s...
13-10-2024 21:55:29 - INFO - Setting Chmaber Zones to a= 0.2798600000000001, b= 0.3198400000000001, c= 0.35982000000000014, d= 0.39980000000000016 request successfully sent.
13-10-2024 21:55:29 - INFO - Response from moonraker: {'result': 'ok'}
13-10-2024 21:55:29 - INFO - Setting Chmaber Zones to a= 0.2798600000000001, b= 0.3198400000000001, c= 0.35982000000000014, d= 0.39980000000000016 Request successfully executed.
13-10-2024 21:55:29 - INFO - Sending request to Setting Chmaber Zones to a= 0.27550600000000025, b= 0.3148640000000003, c= 0.3542220000000003, d= 0.3935800000000004 with timeout of 5s...
13-10-2024 21:55:29 - INFO - Setting Chmaber Zones to a= 0.27550600000000025, b= 0.3148640000000003, c= 0.3542220000000003, d= 0.3935800000000004 request successfully sent.
13-10-2024 21:55:29 - INFO - Response from moonraker: {'result': 'ok'}
13-10-2024 21:55:29 - INFO - Setting Chmaber Zones to a= 0.27550600000000025, b= 0.3148640000000003, c= 0.3542220000000003, d= 0.3935800000000004 Request successfully executed.
13-10-2024 21:55:30 - INFO - Sending request to Setting Chmaber Zones to a= 0.27974799999999994, b= 0.31971199999999994, c= 0.359676, d= 0.39963999999999994 with timeout of 5s...
13-10-2024 21:55:30 - INFO - Setting Chmaber Zones to a= 0.27974799999999994, b= 0.31971199999999994, c= 0.359676, d= 0.39963999999999994 request successfully sent.
13-10-2024 21:55:30 - INFO - Response from moonraker: {'result': 'ok'}
13-10-2024 21:55:30 - INFO - Setting Chmaber Zones to a= 0.27974799999999994, b= 0.31971199999999994, c= 0.359676, d= 0.39963999999999994 Request successfully executed.
13-10-2024 21:55:30 - INFO - Sending request to Setting Chmaber Zones to a= 0.27831999999999996, b= 0.31808, c= 0.35784, d= 0.39759999999999995 with timeout of 5s...
13-10-2024 21:55:30 - INFO - Setting Chmaber Zones to a= 0.27831999999999996, b= 0.31808, c= 0.35784, d= 0.39759999999999995 request successfully sent.
13-10-2024 21:55:30 - INFO - Response from moonraker: {'result': 'ok'}
13-10-2024 21:55:30 - INFO - Setting Chmaber Zones to a= 0.27831999999999996, b= 0.31808, c= 0.35784, d= 0.39759999999999995 Request successfully executed.
13-10-2024 21:55:30 - INFO - Sending request to Setting Chmaber Zones to a= 0.2884560000000002, b= 0.32966400000000023, c= 0.37087200000000026, d= 0.4120800000000003 with timeout of 5s...
13-10-2024 21:55:30 - INFO - Setting Chmaber Zones to a= 0.2884560000000002, b= 0.32966400000000023, c= 0.37087200000000026, d= 0.4120800000000003 request successfully sent.
13-10-2024 21:55:30 - INFO - Response from moonraker: {'result': 'ok'}
13-10-2024 21:55:30 - INFO - Setting Chmaber Zones to a= 0.2884560000000002, b= 0.32966400000000023, c= 0.37087200000000026, d= 0.4120800000000003 Request successfully executed.
13-10-2024 21:55:30 - INFO - Sending request to Setting Chmaber Zones to a= 0.29881600000000036, b= 0.3415040000000004, c= 0.3841920000000005, d= 0.4268800000000004 with timeout of 5s...
13-10-2024 21:55:30 - INFO - Setting Chmaber Zones to a= 0.29881600000000036, b= 0.3415040000000004, c= 0.3841920000000005, d= 0.4268800000000004 request successfully sent.
13-10-2024 21:55:30 - INFO - Response from moonraker: {'result': 'ok'}
13-10-2024 21:55:30 - INFO - Setting Chmaber Zones to a= 0.29881600000000036, b= 0.3415040000000004, c= 0.3841920000000005, d= 0.4268800000000004 Request successfully executed.
13-10-2024 21:55:30 - INFO - Sending request to Setting Chmaber Zones to a= 0.3094559999999997, b= 0.35366399999999965, c= 0.39787199999999956, d= 0.4420799999999996 with timeout of 5s...
13-10-2024 21:55:30 - INFO - Setting Chmaber Zones to a= 0.3094559999999997, b= 0.35366399999999965, c= 0.39787199999999956, d= 0.4420799999999996 request successfully sent.
13-10-2024 21:55:30 - INFO - Response from moonraker: {'result': 'ok'}
13-10-2024 21:55:30 - INFO - Setting Chmaber Zones to a= 0.3094559999999997, b= 0.35366399999999965, c= 0.39787199999999956, d= 0.4420799999999996 Request successfully executed.
13-10-2024 21:55:31 - INFO - Sending request to Setting Chmaber Zones to a= 0.32325999999999966, b= 0.3694399999999996, c= 0.4156199999999996, d= 0.46179999999999954 with timeout of 5s...
13-10-2024 21:55:31 - INFO - Setting Chmaber Zones to a= 0.32325999999999966, b= 0.3694399999999996, c= 0.4156199999999996, d= 0.46179999999999954 request successfully sent.
13-10-2024 21:55:31 - INFO - Response from moonraker: {'result': 'ok'}
13-10-2024 21:55:31 - INFO - Setting Chmaber Zones to a= 0.32325999999999966, b= 0.3694399999999996, c= 0.4156199999999996, d= 0.46179999999999954 Request successfully executed.
13-10-2024 21:55:31 - INFO - Sending request to Setting Chmaber Zones to a= 0.33739999999999964, b= 0.3855999999999996, c= 0.4337999999999996, d= 0.48199999999999954 with timeout of 5s...
13-10-2024 21:55:31 - INFO - Setting Chmaber Zones to a= 0.33739999999999964, b= 0.3855999999999996, c= 0.4337999999999996, d= 0.48199999999999954 request successfully sent.
13-10-2024 21:55:31 - INFO - Response from moonraker: {'result': 'ok'}
13-10-2024 21:55:31 - INFO - Setting Chmaber Zones to a= 0.33739999999999964, b= 0.3855999999999996, c= 0.4337999999999996, d= 0.48199999999999954 Request successfully executed.
13-10-2024 21:55:31 - INFO - Sending request to Setting Chmaber Zones to a= 0.38938199999999995, b= 0.44500799999999996, c= 0.500634, d= 0.55626 with timeout of 5s...
13-10-2024 21:55:31 - INFO - Setting Chmaber Zones to a= 0.38938199999999995, b= 0.44500799999999996, c= 0.500634, d= 0.55626 request successfully sent.
13-10-2024 21:55:31 - INFO - Response from moonraker: {'result': 'ok'}
13-10-2024 21:55:31 - INFO - Setting Chmaber Zones to a= 0.38938199999999995, b= 0.44500799999999996, c= 0.500634, d= 0.55626 Request successfully executed.
13-10-2024 21:55:31 - INFO - Sending request to Setting Chmaber Zones to a= 0.39629799999999965, b= 0.4529119999999996, c= 0.5095259999999996, d= 0.5661399999999995 with timeout of 5s...
13-10-2024 21:55:31 - INFO - Setting Chmaber Zones to a= 0.39629799999999965, b= 0.4529119999999996, c= 0.5095259999999996, d= 0.5661399999999995 request successfully sent.
13-10-2024 21:55:31 - INFO - Response from moonraker: {'result': 'ok'}
13-10-2024 21:55:31 - INFO - Setting Chmaber Zones to a= 0.39629799999999965, b= 0.4529119999999996, c= 0.5095259999999996, d= 0.5661399999999995 Request successfully executed.
13-10-2024 21:55:31 - INFO - Sending request to Setting Chmaber Zones to a= 0.4035780000000002, b= 0.46123200000000025, c= 0.5188860000000003, d= 0.5765400000000003 with timeout of 5s...
13-10-2024 21:55:31 - INFO - Setting Chmaber Zones to a= 0.4035780000000002, b= 0.46123200000000025, c= 0.5188860000000003, d= 0.5765400000000003 request successfully sent.
13-10-2024 21:55:31 - INFO - Response from moonraker: {'result': 'ok'}
13-10-2024 21:55:31 - INFO - Setting Chmaber Zones to a= 0.4035780000000002, b= 0.46123200000000025, c= 0.5188860000000003, d= 0.5765400000000003 Request successfully executed.
13-10-2024 21:55:32 - INFO - Sending request to Setting Chmaber Zones to a= 0.41676600000000036, b= 0.4763040000000004, c= 0.5358420000000004, d= 0.5953800000000005 with timeout of 5s...
13-10-2024 21:55:32 - INFO - Setting Chmaber Zones to a= 0.41676600000000036, b= 0.4763040000000004, c= 0.5358420000000004, d= 0.5953800000000005 request successfully sent.
13-10-2024 21:55:32 - INFO - Response from moonraker: {'result': 'ok'}
13-10-2024 21:55:32 - INFO - Setting Chmaber Zones to a= 0.41676600000000036, b= 0.4763040000000004, c= 0.5358420000000004, d= 0.5953800000000005 Request successfully executed.
13-10-2024 21:55:32 - INFO - Sending request to Setting Chmaber Zones to a= 0.4244380000000001, b= 0.4850720000000001, c= 0.545706, d= 0.6063400000000001 with timeout of 5s...
13-10-2024 21:55:32 - INFO - Setting Chmaber Zones to a= 0.4244380000000001, b= 0.4850720000000001, c= 0.545706, d= 0.6063400000000001 request successfully sent.
13-10-2024 21:55:32 - INFO - Response from moonraker: {'result': 'ok'}
13-10-2024 21:55:32 - INFO - Setting Chmaber Zones to a= 0.4244380000000001, b= 0.4850720000000001, c= 0.545706, d= 0.6063400000000001 Request successfully executed.
13-10-2024 21:55:32 - INFO - Sending request to Setting Chmaber Zones to a= 0.42650999999999994, b= 0.48744, c= 0.5483699999999999, d= 0.6093 with timeout of 5s...
13-10-2024 21:55:32 - INFO - Setting Chmaber Zones to a= 0.42650999999999994, b= 0.48744, c= 0.5483699999999999, d= 0.6093 request successfully sent.
13-10-2024 21:55:32 - INFO - Response from moonraker: {'result': 'ok'}
13-10-2024 21:55:32 - INFO - Setting Chmaber Zones to a= 0.42650999999999994, b= 0.48744, c= 0.5483699999999999, d= 0.6093 Request successfully executed.
13-10-2024 21:55:32 - INFO - Sending request to Setting Chmaber Zones to a= 0.42861000000000005, b= 0.4898400000000001, c= 0.5510700000000001, d= 0.6123000000000001 with timeout of 5s...
13-10-2024 21:55:32 - INFO - Setting Chmaber Zones to a= 0.42861000000000005, b= 0.4898400000000001, c= 0.5510700000000001, d= 0.6123000000000001 request successfully sent.
13-10-2024 21:55:32 - INFO - Response from moonraker: {'result': 'ok'}
13-10-2024 21:55:32 - INFO - Setting Chmaber Zones to a= 0.42861000000000005, b= 0.4898400000000001, c= 0.5510700000000001, d= 0.6123000000000001 Request successfully executed.
13-10-2024 21:55:32 - INFO - Sending request to Setting Chmaber Zones to a= 0.4364779999999997, b= 0.4988319999999996, c= 0.5611859999999996, d= 0.6235399999999995 with timeout of 5s...
13-10-2024 21:55:32 - INFO - Setting Chmaber Zones to a= 0.4364779999999997, b= 0.4988319999999996, c= 0.5611859999999996, d= 0.6235399999999995 request successfully sent.
13-10-2024 21:55:32 - INFO - Response from moonraker: {'result': 'ok'}
13-10-2024 21:55:32 - INFO - Setting Chmaber Zones to a= 0.4364779999999997, b= 0.4988319999999996, c= 0.5611859999999996, d= 0.6235399999999995 Request successfully executed.
13-10-2024 21:55:33 - INFO - Sending request to Setting Chmaber Zones to a= 0.43292200000000003, b= 0.494768, c= 0.556614, d= 0.61846 with timeout of 5s...
13-10-2024 21:55:33 - INFO - Setting Chmaber Zones to a= 0.43292200000000003, b= 0.494768, c= 0.556614, d= 0.61846 request successfully sent.
13-10-2024 21:55:33 - INFO - Response from moonraker: {'result': 'ok'}
13-10-2024 21:55:33 - INFO - Setting Chmaber Zones to a= 0.43292200000000003, b= 0.494768, c= 0.556614, d= 0.61846 Request successfully executed.
13-10-2024 21:55:33 - INFO - Sending request to Setting Chmaber Zones to a= 0.43216600000000016, b= 0.4939040000000001, c= 0.5556420000000002, d= 0.6173800000000002 with timeout of 5s...
13-10-2024 21:55:33 - INFO - Setting Chmaber Zones to a= 0.43216600000000016, b= 0.4939040000000001, c= 0.5556420000000002, d= 0.6173800000000002 request successfully sent.
13-10-2024 21:55:33 - INFO - Response from moonraker: {'result': 'ok'}
13-10-2024 21:55:33 - INFO - Setting Chmaber Zones to a= 0.43216600000000016, b= 0.4939040000000001, c= 0.5556420000000002, d= 0.6173800000000002 Request successfully executed.
13-10-2024 21:55:33 - INFO - Sending request to Setting Chmaber Zones to a= 0.42844199999999966, b= 0.48964799999999964, c= 0.5508539999999996, d= 0.6120599999999995 with timeout of 5s...
13-10-2024 21:55:33 - INFO - Setting Chmaber Zones to a= 0.42844199999999966, b= 0.48964799999999964, c= 0.5508539999999996, d= 0.6120599999999995 request successfully sent.
13-10-2024 21:55:33 - INFO - Response from moonraker: {'result': 'ok'}
13-10-2024 21:55:33 - INFO - Setting Chmaber Zones to a= 0.42844199999999966, b= 0.48964799999999964, c= 0.5508539999999996, d= 0.6120599999999995 Request successfully executed.
13-10-2024 21:55:33 - INFO - Sending request to Setting Chmaber Zones to a= 0.41593999999999964, b= 0.47535999999999956, c= 0.5347799999999996, d= 0.5941999999999995 with timeout of 5s...
13-10-2024 21:55:33 - INFO - Setting Chmaber Zones to a= 0.41593999999999964, b= 0.47535999999999956, c= 0.5347799999999996, d= 0.5941999999999995 request successfully sent.
13-10-2024 21:55:33 - INFO - Response from moonraker: {'result': 'ok'}
13-10-2024 21:55:33 - INFO - Setting Chmaber Zones to a= 0.41593999999999964, b= 0.47535999999999956, c= 0.5347799999999996, d= 0.5941999999999995 Request successfully executed.
13-10-2024 21:55:33 - INFO - Sending request to Setting Chmaber Zones to a= 0.40312999999999966, b= 0.4607199999999996, c= 0.5183099999999996, d= 0.5758999999999995 with timeout of 5s...
13-10-2024 21:55:33 - INFO - Setting Chmaber Zones to a= 0.40312999999999966, b= 0.4607199999999996, c= 0.5183099999999996, d= 0.5758999999999995 request successfully sent.
13-10-2024 21:55:33 - INFO - Response from moonraker: {'result': 'ok'}
13-10-2024 21:55:33 - INFO - Setting Chmaber Zones to a= 0.40312999999999966, b= 0.4607199999999996, c= 0.5183099999999996, d= 0.5758999999999995 Request successfully executed.
13-10-2024 21:55:34 - INFO - Sending request to Setting Chmaber Zones to a= 0.3957380000000002, b= 0.45227200000000023, c= 0.5088060000000002, d= 0.5653400000000003 with timeout of 5s...
13-10-2024 21:55:34 - INFO - Setting Chmaber Zones to a= 0.3957380000000002, b= 0.45227200000000023, c= 0.5088060000000002, d= 0.5653400000000003 request successfully sent.
13-10-2024 21:55:34 - INFO - Response from moonraker: {'result': 'ok'}
13-10-2024 21:55:34 - INFO - Setting Chmaber Zones to a= 0.3957380000000002, b= 0.45227200000000023, c= 0.5088060000000002, d= 0.5653400000000003 Request successfully executed.
13-10-2024 21:55:34 - INFO - Sending request to Setting Chmaber Zones to a= 0.38810799999999995, b= 0.44355199999999995, c= 0.49899599999999994, d= 0.5544399999999999 with timeout of 5s...
13-10-2024 21:55:34 - INFO - Setting Chmaber Zones to a= 0.38810799999999995, b= 0.44355199999999995, c= 0.49899599999999994, d= 0.5544399999999999 request successfully sent.
13-10-2024 21:55:34 - INFO - Response from moonraker: {'result': 'ok'}
13-10-2024 21:55:34 - INFO - Setting Chmaber Zones to a= 0.38810799999999995, b= 0.44355199999999995, c= 0.49899599999999994, d= 0.5544399999999999 Request successfully executed.
13-10-2024 21:55:34 - INFO - Sending request to Setting Chmaber Zones to a= 0.3658480000000003, b= 0.4181120000000004, c= 0.4703760000000004, d= 0.5226400000000004 with timeout of 5s...
13-10-2024 21:55:34 - INFO - Setting Chmaber Zones to a= 0.3658480000000003, b= 0.4181120000000004, c= 0.4703760000000004, d= 0.5226400000000004 request successfully sent.
13-10-2024 21:55:34 - INFO - Response from moonraker: {'result': 'ok'}
13-10-2024 21:55:34 - INFO - Setting Chmaber Zones to a= 0.3658480000000003, b= 0.4181120000000004, c= 0.4703760000000004, d= 0.5226400000000004 Request successfully executed.
13-10-2024 21:55:34 - INFO - Sending request to Setting Chmaber Zones to a= 0.36617000000000033, b= 0.41848000000000035, c= 0.47079000000000043, d= 0.5231000000000005 with timeout of 5s...
13-10-2024 21:55:34 - INFO - Setting Chmaber Zones to a= 0.36617000000000033, b= 0.41848000000000035, c= 0.47079000000000043, d= 0.5231000000000005 request successfully sent.
13-10-2024 21:55:34 - INFO - Response from moonraker: {'result': 'ok'}
13-10-2024 21:55:34 - INFO - Setting Chmaber Zones to a= 0.36617000000000033, b= 0.41848000000000035, c= 0.47079000000000043, d= 0.5231000000000005 Request successfully executed.
13-10-2024 21:55:34 - INFO - Sending request to Setting Chmaber Zones to a= 0.35484400000000016, b= 0.4055360000000002, c= 0.45622800000000024, d= 0.5069200000000003 with timeout of 5s...
13-10-2024 21:55:34 - INFO - Setting Chmaber Zones to a= 0.35484400000000016, b= 0.4055360000000002, c= 0.45622800000000024, d= 0.5069200000000003 request successfully sent.
13-10-2024 21:55:34 - INFO - Response from moonraker: {'result': 'ok'}
13-10-2024 21:55:34 - INFO - Setting Chmaber Zones to a= 0.35484400000000016, b= 0.4055360000000002, c= 0.45622800000000024, d= 0.5069200000000003 Request successfully executed.
13-10-2024 21:55:35 - INFO - Sending request to Setting Chmaber Zones to a= 0.3461779999999999, b= 0.3956319999999999, c= 0.4450859999999998, d= 0.4945399999999998 with timeout of 5s...
13-10-2024 21:55:35 - INFO - Setting Chmaber Zones to a= 0.3461779999999999, b= 0.3956319999999999, c= 0.4450859999999998, d= 0.4945399999999998 request successfully sent.
13-10-2024 21:55:35 - INFO - Response from moonraker: {'result': 'ok'}
13-10-2024 21:55:35 - INFO - Setting Chmaber Zones to a= 0.3461779999999999, b= 0.3956319999999999, c= 0.4450859999999998, d= 0.4945399999999998 Request successfully executed.
13-10-2024 21:55:35 - INFO - Sending request to Setting Chmaber Zones to a= 0.33728800000000037, b= 0.38547200000000037, c= 0.43365600000000043, d= 0.4818400000000005 with timeout of 5s...
13-10-2024 21:55:35 - INFO - Setting Chmaber Zones to a= 0.33728800000000037, b= 0.38547200000000037, c= 0.43365600000000043, d= 0.4818400000000005 request successfully sent.
13-10-2024 21:55:35 - INFO - Response from moonraker: {'result': 'ok'}
13-10-2024 21:55:35 - INFO - Setting Chmaber Zones to a= 0.33728800000000037, b= 0.38547200000000037, c= 0.43365600000000043, d= 0.4818400000000005 Request successfully executed.
13-10-2024 21:55:35 - INFO - Sending request to Setting Chmaber Zones to a= 0.32530400000000015, b= 0.3717760000000002, c= 0.41824800000000023, d= 0.46472000000000024 with timeout of 5s...
13-10-2024 21:55:35 - INFO - Setting Chmaber Zones to a= 0.32530400000000015, b= 0.3717760000000002, c= 0.41824800000000023, d= 0.46472000000000024 request successfully sent.
13-10-2024 21:55:35 - INFO - Response from moonraker: {'result': 'ok'}
13-10-2024 21:55:35 - INFO - Setting Chmaber Zones to a= 0.32530400000000015, b= 0.3717760000000002, c= 0.41824800000000023, d= 0.46472000000000024 Request successfully executed.
13-10-2024 21:55:35 - INFO - Sending request to Setting Chmaber Zones to a= 0.3217060000000004, b= 0.3676640000000004, c= 0.41362200000000043, d= 0.4595800000000005 with timeout of 5s...
13-10-2024 21:55:35 - INFO - Setting Chmaber Zones to a= 0.3217060000000004, b= 0.3676640000000004, c= 0.41362200000000043, d= 0.4595800000000005 request successfully sent.
13-10-2024 21:55:35 - INFO - Response from moonraker: {'result': 'ok'}
13-10-2024 21:55:35 - INFO - Setting Chmaber Zones to a= 0.3217060000000004, b= 0.3676640000000004, c= 0.41362200000000043, d= 0.4595800000000005 Request successfully executed.
13-10-2024 21:55:35 - INFO - Sending request to Setting Chmaber Zones to a= 0.3179959999999997, b= 0.3634239999999997, c= 0.4088519999999997, d= 0.45427999999999963 with timeout of 5s...
13-10-2024 21:55:35 - INFO - Setting Chmaber Zones to a= 0.3179959999999997, b= 0.3634239999999997, c= 0.4088519999999997, d= 0.45427999999999963 request successfully sent.
13-10-2024 21:55:35 - INFO - Response from moonraker: {'result': 'ok'}
13-10-2024 21:55:35 - INFO - Setting Chmaber Zones to a= 0.3179959999999997, b= 0.3634239999999997, c= 0.4088519999999997, d= 0.45427999999999963 Request successfully executed.
13-10-2024 21:55:36 - INFO - Sending request to Setting Chmaber Zones to a= 0.3142159999999999, b= 0.35910399999999987, c= 0.4039919999999999, d= 0.4488799999999999 with timeout of 5s...
13-10-2024 21:55:36 - INFO - Setting Chmaber Zones to a= 0.3142159999999999, b= 0.35910399999999987, c= 0.4039919999999999, d= 0.4488799999999999 request successfully sent.
13-10-2024 21:55:36 - INFO - Response from moonraker: {'result': 'ok'}
13-10-2024 21:55:36 - INFO - Setting Chmaber Zones to a= 0.3142159999999999, b= 0.35910399999999987, c= 0.4039919999999999, d= 0.4488799999999999 Request successfully executed.
13-10-2024 21:55:36 - INFO - Sending request to Setting Chmaber Zones to a= 0.31613399999999975, b= 0.3612959999999997, c= 0.40645799999999965, d= 0.45161999999999963 with timeout of 5s...
13-10-2024 21:55:36 - INFO - Setting Chmaber Zones to a= 0.31613399999999975, b= 0.3612959999999997, c= 0.40645799999999965, d= 0.45161999999999963 request successfully sent.
13-10-2024 21:55:36 - INFO - Response from moonraker: {'result': 'ok'}
13-10-2024 21:55:36 - INFO - Setting Chmaber Zones to a= 0.31613399999999975, b= 0.3612959999999997, c= 0.40645799999999965, d= 0.45161999999999963 Request successfully executed.
13-10-2024 21:55:36 - INFO - Sending request to Setting Chmaber Zones to a= 0.3180940000000004, b= 0.3635360000000004, c= 0.40897800000000045, d= 0.45442000000000055 with timeout of 5s...
13-10-2024 21:55:36 - INFO - Setting Chmaber Zones to a= 0.3180940000000004, b= 0.3635360000000004, c= 0.40897800000000045, d= 0.45442000000000055 request successfully sent.
13-10-2024 21:55:36 - INFO - Response from moonraker: {'result': 'ok'}
13-10-2024 21:55:36 - INFO - Setting Chmaber Zones to a= 0.3180940000000004, b= 0.3635360000000004, c= 0.40897800000000045, d= 0.45442000000000055 Request successfully executed.
13-10-2024 21:55:36 - INFO - Sending request to Setting Chmaber Zones to a= 0.3172400000000004, b= 0.36256000000000044, c= 0.40788000000000046, d= 0.45320000000000055 with timeout of 5s...
13-10-2024 21:55:36 - INFO - Setting Chmaber Zones to a= 0.3172400000000004, b= 0.36256000000000044, c= 0.40788000000000046, d= 0.45320000000000055 request successfully sent.
13-10-2024 21:55:36 - INFO - Response from moonraker: {'result': 'ok'}
13-10-2024 21:55:36 - INFO - Setting Chmaber Zones to a= 0.3172400000000004, b= 0.36256000000000044, c= 0.40788000000000046, d= 0.45320000000000055 Request successfully executed.
13-10-2024 21:55:36 - INFO - Sending request to Setting Chmaber Zones to a= 0.31928400000000023, b= 0.36489600000000033, c= 0.4105080000000003, d= 0.45612000000000036 with timeout of 5s...
13-10-2024 21:55:37 - INFO - Setting Chmaber Zones to a= 0.31928400000000023, b= 0.36489600000000033, c= 0.4105080000000003, d= 0.45612000000000036 request successfully sent.
13-10-2024 21:55:37 - INFO - Response from moonraker: {'result': 'ok'}
13-10-2024 21:55:37 - INFO - Setting Chmaber Zones to a= 0.31928400000000023, b= 0.36489600000000033, c= 0.4105080000000003, d= 0.45612000000000036 Request successfully executed.
13-10-2024 21:55:37 - INFO - Sending request to Setting Chmaber Zones to a= 0.3185000000000002, b= 0.36400000000000027, c= 0.4095000000000003, d= 0.45500000000000035 with timeout of 5s...
13-10-2024 21:55:37 - INFO - Setting Chmaber Zones to a= 0.3185000000000002, b= 0.36400000000000027, c= 0.4095000000000003, d= 0.45500000000000035 request successfully sent.
13-10-2024 21:55:37 - INFO - Response from moonraker: {'result': 'ok'}
13-10-2024 21:55:37 - INFO - Setting Chmaber Zones to a= 0.3185000000000002, b= 0.36400000000000027, c= 0.4095000000000003, d= 0.45500000000000035 Request successfully executed.
13-10-2024 21:55:37 - INFO - Sending request to Setting Chmaber Zones to a= 0.3206140000000001, b= 0.36641600000000013, c= 0.41221800000000014, d= 0.45802000000000015 with timeout of 5s...
13-10-2024 21:55:37 - INFO - Setting Chmaber Zones to a= 0.3206140000000001, b= 0.36641600000000013, c= 0.41221800000000014, d= 0.45802000000000015 request successfully sent.
13-10-2024 21:55:37 - INFO - Response from moonraker: {'result': 'ok'}
13-10-2024 21:55:37 - INFO - Setting Chmaber Zones to a= 0.3206140000000001, b= 0.36641600000000013, c= 0.41221800000000014, d= 0.45802000000000015 Request successfully executed.
13-10-2024 21:55:37 - INFO - Sending request to Setting Chmaber Zones to a= 0.32566799999999974, b= 0.37219199999999963, c= 0.41871599999999964, d= 0.4652399999999996 with timeout of 5s...
13-10-2024 21:55:37 - INFO - Setting Chmaber Zones to a= 0.32566799999999974, b= 0.37219199999999963, c= 0.41871599999999964, d= 0.4652399999999996 request successfully sent.
13-10-2024 21:55:37 - INFO - Response from moonraker: {'result': 'ok'}
13-10-2024 21:55:37 - INFO - Setting Chmaber Zones to a= 0.32566799999999974, b= 0.37219199999999963, c= 0.41871599999999964, d= 0.4652399999999996 Request successfully executed.
13-10-2024 21:55:37 - INFO - Sending request to Setting Chmaber Zones to a= 0.33084800000000025, b= 0.3781120000000003, c= 0.4253760000000003, d= 0.47264000000000034 with timeout of 5s...
13-10-2024 21:55:37 - INFO - Setting Chmaber Zones to a= 0.33084800000000025, b= 0.3781120000000003, c= 0.4253760000000003, d= 0.47264000000000034 request successfully sent.
13-10-2024 21:55:37 - INFO - Response from moonraker: {'result': 'ok'}
13-10-2024 21:55:37 - INFO - Setting Chmaber Zones to a= 0.33084800000000025, b= 0.3781120000000003, c= 0.4253760000000003, d= 0.47264000000000034 Request successfully executed.
13-10-2024 21:55:37 - INFO - Sending request to Setting Chmaber Zones to a= 0.3304000000000002, b= 0.37760000000000027, c= 0.42480000000000023, d= 0.4720000000000003 with timeout of 5s...
13-10-2024 21:55:37 - INFO - Setting Chmaber Zones to a= 0.3304000000000002, b= 0.37760000000000027, c= 0.42480000000000023, d= 0.4720000000000003 request successfully sent.
13-10-2024 21:55:37 - INFO - Response from moonraker: {'result': 'ok'}
13-10-2024 21:55:37 - INFO - Setting Chmaber Zones to a= 0.3304000000000002, b= 0.37760000000000027, c= 0.42480000000000023, d= 0.4720000000000003 Request successfully executed.
13-10-2024 21:55:38 - INFO - Sending request to Setting Chmaber Zones to a= 0.34151600000000043, b= 0.3903040000000005, c= 0.43909200000000054, d= 0.4878800000000006 with timeout of 5s...
13-10-2024 21:55:38 - INFO - Setting Chmaber Zones to a= 0.34151600000000043, b= 0.3903040000000005, c= 0.43909200000000054, d= 0.4878800000000006 request successfully sent.
13-10-2024 21:55:38 - INFO - Response from moonraker: {'result': 'ok'}
13-10-2024 21:55:38 - INFO - Setting Chmaber Zones to a= 0.34151600000000043, b= 0.3903040000000005, c= 0.43909200000000054, d= 0.4878800000000006 Request successfully executed.
13-10-2024 21:55:38 - INFO - Sending request to Setting Chmaber Zones to a= 0.3413200000000004, b= 0.3900800000000004, c= 0.4388400000000005, d= 0.48760000000000064 with timeout of 5s...
13-10-2024 21:55:38 - INFO - Setting Chmaber Zones to a= 0.3413200000000004, b= 0.3900800000000004, c= 0.4388400000000005, d= 0.48760000000000064 request successfully sent.
13-10-2024 21:55:38 - INFO - Response from moonraker: {'result': 'ok'}
13-10-2024 21:55:38 - INFO - Setting Chmaber Zones to a= 0.3413200000000004, b= 0.3900800000000004, c= 0.4388400000000005, d= 0.48760000000000064 Request successfully executed.
13-10-2024 21:55:38 - INFO - Sending request to Setting Chmaber Zones to a= 0.34406400000000026, b= 0.39321600000000023, c= 0.4423680000000003, d= 0.49152000000000035 with timeout of 5s...
13-10-2024 21:55:38 - INFO - Setting Chmaber Zones to a= 0.34406400000000026, b= 0.39321600000000023, c= 0.4423680000000003, d= 0.49152000000000035 request successfully sent.
13-10-2024 21:55:38 - INFO - Response from moonraker: {'result': 'ok'}
13-10-2024 21:55:38 - INFO - Setting Chmaber Zones to a= 0.34406400000000026, b= 0.39321600000000023, c= 0.4423680000000003, d= 0.49152000000000035 Request successfully executed.
13-10-2024 21:55:38 - INFO - Sending request to Setting Chmaber Zones to a= 0.34398000000000023, b= 0.39312000000000025, c= 0.44226000000000026, d= 0.49140000000000034 with timeout of 5s...
13-10-2024 21:55:38 - INFO - Setting Chmaber Zones to a= 0.34398000000000023, b= 0.39312000000000025, c= 0.44226000000000026, d= 0.49140000000000034 request successfully sent.
13-10-2024 21:55:38 - INFO - Response from moonraker: {'result': 'ok'}
13-10-2024 21:55:38 - INFO - Setting Chmaber Zones to a= 0.34398000000000023, b= 0.39312000000000025, c= 0.44226000000000026, d= 0.49140000000000034 Request successfully executed.
13-10-2024 21:55:38 - INFO - Sending request to Setting Chmaber Zones to a= 0.3439100000000002, b= 0.3930400000000002, c= 0.4421700000000003, d= 0.4913000000000003 with timeout of 5s...
13-10-2024 21:55:38 - INFO - Setting Chmaber Zones to a= 0.3439100000000002, b= 0.3930400000000002, c= 0.4421700000000003, d= 0.4913000000000003 request successfully sent.
13-10-2024 21:55:38 - INFO - Response from moonraker: {'result': 'ok'}
13-10-2024 21:55:38 - INFO - Setting Chmaber Zones to a= 0.3439100000000002, b= 0.3930400000000002, c= 0.4421700000000003, d= 0.4913000000000003 Request successfully executed.
13-10-2024 21:55:39 - INFO - Sending request to Setting Chmaber Zones to a= 0.34384000000000015, b= 0.3929600000000002, c= 0.4420800000000002, d= 0.49120000000000025 with timeout of 5s...
13-10-2024 21:55:39 - INFO - Setting Chmaber Zones to a= 0.34384000000000015, b= 0.3929600000000002, c= 0.4420800000000002, d= 0.49120000000000025 request successfully sent.
13-10-2024 21:55:39 - INFO - Response from moonraker: {'result': 'ok'}
13-10-2024 21:55:39 - INFO - Setting Chmaber Zones to a= 0.34384000000000015, b= 0.3929600000000002, c= 0.4420800000000002, d= 0.49120000000000025 Request successfully executed.
13-10-2024 21:55:39 - INFO - Sending request to Setting Chmaber Zones to a= 0.33800199999999975, b= 0.3862879999999997, c= 0.4345739999999996, d= 0.48285999999999957 with timeout of 5s...
13-10-2024 21:55:39 - INFO - Setting Chmaber Zones to a= 0.33800199999999975, b= 0.3862879999999997, c= 0.4345739999999996, d= 0.48285999999999957 request successfully sent.
13-10-2024 21:55:39 - INFO - Response from moonraker: {'result': 'ok'}
13-10-2024 21:55:39 - INFO - Setting Chmaber Zones to a= 0.33800199999999975, b= 0.3862879999999997, c= 0.4345739999999996, d= 0.48285999999999957 Request successfully executed.
13-10-2024 21:55:39 - INFO - Sending request to Setting Chmaber Zones to a= 0.3349359999999998, b= 0.3827839999999998, c= 0.43063199999999974, d= 0.4784799999999997 with timeout of 5s...
13-10-2024 21:55:39 - INFO - Setting Chmaber Zones to a= 0.3349359999999998, b= 0.3827839999999998, c= 0.43063199999999974, d= 0.4784799999999997 request successfully sent.
13-10-2024 21:55:39 - INFO - Response from moonraker: {'result': 'ok'}
13-10-2024 21:55:39 - INFO - Setting Chmaber Zones to a= 0.3349359999999998, b= 0.3827839999999998, c= 0.43063199999999974, d= 0.4784799999999997 Request successfully executed.
13-10-2024 21:55:39 - INFO - Sending request to Setting Chmaber Zones to a= 0.33178599999999997, b= 0.37918399999999997, c= 0.42658199999999996, d= 0.47397999999999996 with timeout of 5s...
13-10-2024 21:55:39 - INFO - Setting Chmaber Zones to a= 0.33178599999999997, b= 0.37918399999999997, c= 0.42658199999999996, d= 0.47397999999999996 request successfully sent.
13-10-2024 21:55:39 - INFO - Response from moonraker: {'result': 'ok'}
13-10-2024 21:55:39 - INFO - Setting Chmaber Zones to a= 0.33178599999999997, b= 0.37918399999999997, c= 0.42658199999999996, d= 0.47397999999999996 Request successfully executed.
13-10-2024 21:55:39 - INFO - Sending request to Setting Chmaber Zones to a= 0.32279799999999964, b= 0.36891199999999963, c= 0.4150259999999995, d= 0.4611399999999995 with timeout of 5s...
13-10-2024 21:55:39 - INFO - Setting Chmaber Zones to a= 0.32279799999999964, b= 0.36891199999999963, c= 0.4150259999999995, d= 0.4611399999999995 request successfully sent.
13-10-2024 21:55:39 - INFO - Response from moonraker: {'result': 'ok'}
13-10-2024 21:55:39 - INFO - Setting Chmaber Zones to a= 0.32279799999999964, b= 0.36891199999999963, c= 0.4150259999999995, d= 0.4611399999999995 Request successfully executed.
13-10-2024 21:55:40 - INFO - Sending request to Setting Chmaber Zones to a= 0.3193959999999998, b= 0.36502399999999974, c= 0.4106519999999997, d= 0.45627999999999974 with timeout of 5s...
13-10-2024 21:55:40 - INFO - Setting Chmaber Zones to a= 0.3193959999999998, b= 0.36502399999999974, c= 0.4106519999999997, d= 0.45627999999999974 request successfully sent.
13-10-2024 21:55:40 - INFO - Response from moonraker: {'result': 'ok'}
13-10-2024 21:55:40 - INFO - Setting Chmaber Zones to a= 0.3193959999999998, b= 0.36502399999999974, c= 0.4106519999999997, d= 0.45627999999999974 Request successfully executed.
13-10-2024 21:55:40 - INFO - Sending request to Setting Chmaber Zones to a= 0.31589599999999995, b= 0.36102399999999996, c= 0.40615199999999996, d= 0.4512799999999999 with timeout of 5s...
13-10-2024 21:55:40 - INFO - Setting Chmaber Zones to a= 0.31589599999999995, b= 0.36102399999999996, c= 0.40615199999999996, d= 0.4512799999999999 request successfully sent.
13-10-2024 21:55:40 - INFO - Response from moonraker: {'result': 'ok'}
13-10-2024 21:55:40 - INFO - Setting Chmaber Zones to a= 0.31589599999999995, b= 0.36102399999999996, c= 0.40615199999999996, d= 0.4512799999999999 Request successfully executed.
13-10-2024 21:55:40 - INFO - Sending request to Setting Chmaber Zones to a= 0.30944200000000033, b= 0.3536480000000004, c= 0.3978540000000004, d= 0.44206000000000045 with timeout of 5s...
13-10-2024 21:55:40 - INFO - Setting Chmaber Zones to a= 0.30944200000000033, b= 0.3536480000000004, c= 0.3978540000000004, d= 0.44206000000000045 request successfully sent.
13-10-2024 21:55:40 - INFO - Response from moonraker: {'result': 'ok'}
13-10-2024 21:55:40 - INFO - Setting Chmaber Zones to a= 0.30944200000000033, b= 0.3536480000000004, c= 0.3978540000000004, d= 0.44206000000000045 Request successfully executed.
13-10-2024 21:55:40 - INFO - Sending request to Setting Chmaber Zones to a= 0.30286199999999985, b= 0.34612799999999977, c= 0.3893939999999998, d= 0.43265999999999977 with timeout of 5s...
13-10-2024 21:55:40 - INFO - Setting Chmaber Zones to a= 0.30286199999999985, b= 0.34612799999999977, c= 0.3893939999999998, d= 0.43265999999999977 request successfully sent.
13-10-2024 21:55:40 - INFO - Response from moonraker: {'result': 'ok'}
13-10-2024 21:55:40 - INFO - Setting Chmaber Zones to a= 0.30286199999999985, b= 0.34612799999999977, c= 0.3893939999999998, d= 0.43265999999999977 Request successfully executed.
13-10-2024 21:55:40 - INFO - Sending request to Setting Chmaber Zones to a= 0.2961420000000001, b= 0.33844800000000014, c= 0.38075400000000015, d= 0.4230600000000002 with timeout of 5s...
13-10-2024 21:55:41 - INFO - Setting Chmaber Zones to a= 0.2961420000000001, b= 0.33844800000000014, c= 0.38075400000000015, d= 0.4230600000000002 request successfully sent.
13-10-2024 21:55:41 - INFO - Response from moonraker: {'result': 'ok'}
13-10-2024 21:55:41 - INFO - Setting Chmaber Zones to a= 0.2961420000000001, b= 0.33844800000000014, c= 0.38075400000000015, d= 0.4230600000000002 Request successfully executed.
13-10-2024 21:55:41 - INFO - Sending request to Setting Chmaber Zones to a= 0.29505000000000003, b= 0.33720000000000006, c= 0.3793500000000001, d= 0.42150000000000015 with timeout of 5s...
13-10-2024 21:55:41 - INFO - Setting Chmaber Zones to a= 0.29505000000000003, b= 0.33720000000000006, c= 0.3793500000000001, d= 0.42150000000000015 request successfully sent.
13-10-2024 21:55:41 - INFO - Response from moonraker: {'result': 'ok'}
13-10-2024 21:55:41 - INFO - Setting Chmaber Zones to a= 0.29505000000000003, b= 0.33720000000000006, c= 0.3793500000000001, d= 0.42150000000000015 Request successfully executed.
13-10-2024 21:55:41 - INFO - Sending request to Setting Chmaber Zones to a= 0.29104600000000025, b= 0.33262400000000025, c= 0.3742020000000003, d= 0.4157800000000003 with timeout of 5s...
13-10-2024 21:55:41 - INFO - Setting Chmaber Zones to a= 0.29104600000000025, b= 0.33262400000000025, c= 0.3742020000000003, d= 0.4157800000000003 request successfully sent.
13-10-2024 21:55:41 - INFO - Response from moonraker: {'result': 'ok'}
13-10-2024 21:55:41 - INFO - Setting Chmaber Zones to a= 0.29104600000000025, b= 0.33262400000000025, c= 0.3742020000000003, d= 0.4157800000000003 Request successfully executed.
13-10-2024 21:55:41 - INFO - Sending request to Setting Chmaber Zones to a= 0.28987000000000024, b= 0.3312800000000003, c= 0.37269000000000035, d= 0.4141000000000004 with timeout of 5s...
13-10-2024 21:55:41 - INFO - Setting Chmaber Zones to a= 0.28987000000000024, b= 0.3312800000000003, c= 0.37269000000000035, d= 0.4141000000000004 request successfully sent.
13-10-2024 21:55:41 - INFO - Response from moonraker: {'result': 'ok'}
13-10-2024 21:55:41 - INFO - Setting Chmaber Zones to a= 0.28987000000000024, b= 0.3312800000000003, c= 0.37269000000000035, d= 0.4141000000000004 Request successfully executed.
13-10-2024 21:55:41 - INFO - Sending request to Setting Chmaber Zones to a= 0.2857959999999996, b= 0.3266239999999996, c= 0.36745199999999945, d= 0.40827999999999937 with timeout of 5s...
13-10-2024 21:55:41 - INFO - Setting Chmaber Zones to a= 0.2857959999999996, b= 0.3266239999999996, c= 0.36745199999999945, d= 0.40827999999999937 request successfully sent.
13-10-2024 21:55:41 - INFO - Response from moonraker: {'result': 'ok'}
13-10-2024 21:55:41 - INFO - Setting Chmaber Zones to a= 0.2857959999999996, b= 0.3266239999999996, c= 0.36745199999999945, d= 0.40827999999999937 Request successfully executed.
13-10-2024 21:55:41 - INFO - Sending request to Setting Chmaber Zones to a= 0.2845499999999996, b= 0.32519999999999954, c= 0.3658499999999995, d= 0.4064999999999994 with timeout of 5s...
13-10-2024 21:55:42 - INFO - Setting Chmaber Zones to a= 0.2845499999999996, b= 0.32519999999999954, c= 0.3658499999999995, d= 0.4064999999999994 request successfully sent.
13-10-2024 21:55:42 - INFO - Response from moonraker: {'result': 'ok'}
13-10-2024 21:55:42 - INFO - Setting Chmaber Zones to a= 0.2845499999999996, b= 0.32519999999999954, c= 0.3658499999999995, d= 0.4064999999999994 Request successfully executed.
13-10-2024 21:55:42 - INFO - Sending request to Setting Chmaber Zones to a= 0.2832899999999996, b= 0.32375999999999955, c= 0.3642299999999995, d= 0.4046999999999994 with timeout of 5s...
13-10-2024 21:55:42 - INFO - Setting Chmaber Zones to a= 0.2832899999999996, b= 0.32375999999999955, c= 0.3642299999999995, d= 0.4046999999999994 request successfully sent.
13-10-2024 21:55:42 - INFO - Response from moonraker: {'result': 'ok'}
13-10-2024 21:55:42 - INFO - Setting Chmaber Zones to a= 0.2832899999999996, b= 0.32375999999999955, c= 0.3642299999999995, d= 0.4046999999999994 Request successfully executed.
13-10-2024 21:55:42 - INFO - Sending request to Setting Chmaber Zones to a= 0.2820299999999996, b= 0.32231999999999955, c= 0.36260999999999943, d= 0.4028999999999994 with timeout of 5s...
13-10-2024 21:55:42 - INFO - Setting Chmaber Zones to a= 0.2820299999999996, b= 0.32231999999999955, c= 0.36260999999999943, d= 0.4028999999999994 request successfully sent.
13-10-2024 21:55:42 - INFO - Response from moonraker: {'result': 'ok'}
13-10-2024 21:55:42 - INFO - Setting Chmaber Zones to a= 0.2820299999999996, b= 0.32231999999999955, c= 0.36260999999999943, d= 0.4028999999999994 Request successfully executed.
13-10-2024 21:55:42 - INFO - Sending request to Setting Chmaber Zones to a= 0.28365400000000024, b= 0.3241760000000003, c= 0.36469800000000036, d= 0.40522000000000036 with timeout of 5s...
13-10-2024 21:55:42 - INFO - Setting Chmaber Zones to a= 0.28365400000000024, b= 0.3241760000000003, c= 0.36469800000000036, d= 0.40522000000000036 request successfully sent.
13-10-2024 21:55:42 - INFO - Response from moonraker: {'result': 'ok'}
13-10-2024 21:55:42 - INFO - Setting Chmaber Zones to a= 0.28365400000000024, b= 0.3241760000000003, c= 0.36469800000000036, d= 0.40522000000000036 Request successfully executed.
13-10-2024 21:55:42 - INFO - Sending request to Setting Chmaber Zones to a= 0.28245000000000026, b= 0.3228000000000003, c= 0.3631500000000003, d= 0.40350000000000036 with timeout of 5s...
13-10-2024 21:55:42 - INFO - Setting Chmaber Zones to a= 0.28245000000000026, b= 0.3228000000000003, c= 0.3631500000000003, d= 0.40350000000000036 request successfully sent.
13-10-2024 21:55:42 - INFO - Response from moonraker: {'result': 'ok'}
13-10-2024 21:55:42 - INFO - Setting Chmaber Zones to a= 0.28245000000000026, b= 0.3228000000000003, c= 0.3631500000000003, d= 0.40350000000000036 Request successfully executed.
13-10-2024 21:55:42 - INFO - Sending request to Setting Chmaber Zones to a= 0.28702799999999995, b= 0.3280319999999999, c= 0.3690359999999999, d= 0.4100399999999999 with timeout of 5s...
13-10-2024 21:55:43 - INFO - Setting Chmaber Zones to a= 0.28702799999999995, b= 0.3280319999999999, c= 0.3690359999999999, d= 0.4100399999999999 request successfully sent.
13-10-2024 21:55:43 - INFO - Response from moonraker: {'result': 'ok'}
13-10-2024 21:55:43 - INFO - Setting Chmaber Zones to a= 0.28702799999999995, b= 0.3280319999999999, c= 0.3690359999999999, d= 0.4100399999999999 Request successfully executed.
13-10-2024 21:55:43 - INFO - Sending request to Setting Chmaber Zones to a= 0.2859499999999999, b= 0.3267999999999999, c= 0.3676499999999999, d= 0.4084999999999999 with timeout of 5s...
13-10-2024 21:55:43 - INFO - Setting Chmaber Zones to a= 0.2859499999999999, b= 0.3267999999999999, c= 0.3676499999999999, d= 0.4084999999999999 request successfully sent.
13-10-2024 21:55:43 - INFO - Response from moonraker: {'result': 'ok'}
13-10-2024 21:55:43 - INFO - Setting Chmaber Zones to a= 0.2859499999999999, b= 0.3267999999999999, c= 0.3676499999999999, d= 0.4084999999999999 Request successfully executed.
13-10-2024 21:55:43 - INFO - Sending request to Setting Chmaber Zones to a= 0.2906679999999996, b= 0.3321919999999996, c= 0.3737159999999995, d= 0.41523999999999944 with timeout of 5s...
13-10-2024 21:55:43 - INFO - Setting Chmaber Zones to a= 0.2906679999999996, b= 0.3321919999999996, c= 0.3737159999999995, d= 0.41523999999999944 request successfully sent.
13-10-2024 21:55:43 - INFO - Response from moonraker: {'result': 'ok'}
13-10-2024 21:55:43 - INFO - Setting Chmaber Zones to a= 0.2906679999999996, b= 0.3321919999999996, c= 0.3737159999999995, d= 0.41523999999999944 Request successfully executed.
13-10-2024 21:55:43 - INFO - Sending request to Setting Chmaber Zones to a= 0.29261400000000026, b= 0.33441600000000027, c= 0.3762180000000004, d= 0.41802000000000045 with timeout of 5s...
13-10-2024 21:55:43 - INFO - Setting Chmaber Zones to a= 0.29261400000000026, b= 0.33441600000000027, c= 0.3762180000000004, d= 0.41802000000000045 request successfully sent.
13-10-2024 21:55:43 - INFO - Response from moonraker: {'result': 'ok'}
13-10-2024 21:55:43 - INFO - Setting Chmaber Zones to a= 0.29261400000000026, b= 0.33441600000000027, c= 0.3762180000000004, d= 0.41802000000000045 Request successfully executed.
13-10-2024 21:55:43 - INFO - Sending request to Setting Chmaber Zones to a= 0.29176000000000024, b= 0.3334400000000003, c= 0.3751200000000003, d= 0.41680000000000034 with timeout of 5s...
13-10-2024 21:55:43 - INFO - Setting Chmaber Zones to a= 0.29176000000000024, b= 0.3334400000000003, c= 0.3751200000000003, d= 0.41680000000000034 request successfully sent.
13-10-2024 21:55:43 - INFO - Response from moonraker: {'result': 'ok'}
13-10-2024 21:55:43 - INFO - Setting Chmaber Zones to a= 0.29176000000000024, b= 0.3334400000000003, c= 0.3751200000000003, d= 0.41680000000000034 Request successfully executed.
13-10-2024 21:55:43 - INFO - Sending request to Setting Chmaber Zones to a= 0.29092000000000023, b= 0.3324800000000003, c= 0.3740400000000003, d= 0.41560000000000036 with timeout of 5s...
13-10-2024 21:55:44 - INFO - Setting Chmaber Zones to a= 0.29092000000000023, b= 0.3324800000000003, c= 0.3740400000000003, d= 0.41560000000000036 request successfully sent.
13-10-2024 21:55:44 - INFO - Response from moonraker: {'result': 'ok'}
13-10-2024 21:55:44 - INFO - Setting Chmaber Zones to a= 0.29092000000000023, b= 0.3324800000000003, c= 0.3740400000000003, d= 0.41560000000000036 Request successfully executed.
13-10-2024 21:55:44 - INFO - Sending request to Setting Chmaber Zones to a= 0.2900800000000003, b= 0.3315200000000003, c= 0.37296000000000035, d= 0.4144000000000004 with timeout of 5s...
13-10-2024 21:55:44 - INFO - Setting Chmaber Zones to a= 0.2900800000000003, b= 0.3315200000000003, c= 0.37296000000000035, d= 0.4144000000000004 request successfully sent.
13-10-2024 21:55:44 - INFO - Response from moonraker: {'result': 'ok'}
13-10-2024 21:55:44 - INFO - Setting Chmaber Zones to a= 0.2900800000000003, b= 0.3315200000000003, c= 0.37296000000000035, d= 0.4144000000000004 Request successfully executed.
13-10-2024 21:55:44 - INFO - Sending request to Setting Chmaber Zones to a= 0.2892400000000003, b= 0.33056000000000035, c= 0.3718800000000004, d= 0.41320000000000046 with timeout of 5s...
13-10-2024 21:55:44 - INFO - Setting Chmaber Zones to a= 0.2892400000000003, b= 0.33056000000000035, c= 0.3718800000000004, d= 0.41320000000000046 request successfully sent.
13-10-2024 21:55:44 - INFO - Response from moonraker: {'result': 'ok'}
13-10-2024 21:55:44 - INFO - Setting Chmaber Zones to a= 0.2892400000000003, b= 0.33056000000000035, c= 0.3718800000000004, d= 0.41320000000000046 Request successfully executed.
13-10-2024 21:55:44 - INFO - Sending request to Setting Chmaber Zones to a= 0.2855159999999996, b= 0.3263039999999996, c= 0.36709199999999953, d= 0.40787999999999947 with timeout of 5s...
13-10-2024 21:55:44 - INFO - Setting Chmaber Zones to a= 0.2855159999999996, b= 0.3263039999999996, c= 0.36709199999999953, d= 0.40787999999999947 request successfully sent.
13-10-2024 21:55:44 - INFO - Response from moonraker: {'result': 'ok'}
13-10-2024 21:55:44 - INFO - Setting Chmaber Zones to a= 0.2855159999999996, b= 0.3263039999999996, c= 0.36709199999999953, d= 0.40787999999999947 Request successfully executed.
13-10-2024 21:55:44 - INFO - Sending request to Setting Chmaber Zones to a= 0.2846199999999996, b= 0.32527999999999957, c= 0.3659399999999995, d= 0.40659999999999946 with timeout of 5s...
13-10-2024 21:55:44 - INFO - Setting Chmaber Zones to a= 0.2846199999999996, b= 0.32527999999999957, c= 0.3659399999999995, d= 0.40659999999999946 request successfully sent.
13-10-2024 21:55:44 - INFO - Response from moonraker: {'result': 'ok'}
13-10-2024 21:55:44 - INFO - Setting Chmaber Zones to a= 0.2846199999999996, b= 0.32527999999999957, c= 0.3659399999999995, d= 0.40659999999999946 Request successfully executed.
13-10-2024 21:55:45 - INFO - Sending request to Setting Chmaber Zones to a= 0.2808259999999998, b= 0.3209439999999998, c= 0.3610619999999997, d= 0.40117999999999976 with timeout of 5s...
13-10-2024 21:55:45 - INFO - Setting Chmaber Zones to a= 0.2808259999999998, b= 0.3209439999999998, c= 0.3610619999999997, d= 0.40117999999999976 request successfully sent.
13-10-2024 21:55:45 - INFO - Response from moonraker: {'result': 'ok'}
13-10-2024 21:55:45 - INFO - Setting Chmaber Zones to a= 0.2808259999999998, b= 0.3209439999999998, c= 0.3610619999999997, d= 0.40117999999999976 Request successfully executed.
13-10-2024 21:55:45 - INFO - Sending request to Setting Chmaber Zones to a= 0.2712080000000003, b= 0.30995200000000034, c= 0.34869600000000034, d= 0.38744000000000045 with timeout of 5s...
13-10-2024 21:55:45 - INFO - Setting Chmaber Zones to a= 0.2712080000000003, b= 0.30995200000000034, c= 0.34869600000000034, d= 0.38744000000000045 request successfully sent.
13-10-2024 21:55:45 - INFO - Response from moonraker: {'result': 'ok'}
13-10-2024 21:55:45 - INFO - Setting Chmaber Zones to a= 0.2712080000000003, b= 0.30995200000000034, c= 0.34869600000000034, d= 0.38744000000000045 Request successfully executed.
13-10-2024 21:55:45 - INFO - Sending request to Setting Chmaber Zones to a= 0.26717599999999964, b= 0.30534399999999956, c= 0.3435119999999995, d= 0.3816799999999995 with timeout of 5s...
13-10-2024 21:55:45 - INFO - Setting Chmaber Zones to a= 0.26717599999999964, b= 0.30534399999999956, c= 0.3435119999999995, d= 0.3816799999999995 request successfully sent.
13-10-2024 21:55:45 - INFO - Response from moonraker: {'result': 'ok'}
13-10-2024 21:55:45 - INFO - Setting Chmaber Zones to a= 0.26717599999999964, b= 0.30534399999999956, c= 0.3435119999999995, d= 0.3816799999999995 Request successfully executed.
13-10-2024 21:55:45 - INFO - Sending request to Setting Chmaber Zones to a= 0.26016199999999995, b= 0.2973279999999999, c= 0.33449399999999996, d= 0.37166 with timeout of 5s...
13-10-2024 21:55:45 - INFO - Setting Chmaber Zones to a= 0.26016199999999995, b= 0.2973279999999999, c= 0.33449399999999996, d= 0.37166 request successfully sent.
13-10-2024 21:55:45 - INFO - Response from moonraker: {'result': 'ok'}
13-10-2024 21:55:45 - INFO - Setting Chmaber Zones to a= 0.26016199999999995, b= 0.2973279999999999, c= 0.33449399999999996, d= 0.37166 Request successfully executed.
13-10-2024 21:55:45 - INFO - Sending request to Setting Chmaber Zones to a= 0.25878999999999996, b= 0.2957599999999999, c= 0.33272999999999997, d= 0.3696999999999999 with timeout of 5s...
13-10-2024 21:55:45 - INFO - Setting Chmaber Zones to a= 0.25878999999999996, b= 0.2957599999999999, c= 0.33272999999999997, d= 0.3696999999999999 request successfully sent.
13-10-2024 21:55:45 - INFO - Response from moonraker: {'result': 'ok'}
13-10-2024 21:55:45 - INFO - Setting Chmaber Zones to a= 0.25878999999999996, b= 0.2957599999999999, c= 0.33272999999999997, d= 0.3696999999999999 Request successfully executed.
13-10-2024 21:55:46 - INFO - Sending request to Setting Chmaber Zones to a= 0.25738999999999995, b= 0.2941599999999999, c= 0.3309299999999999, d= 0.3676999999999999 with timeout of 5s...
13-10-2024 21:55:46 - INFO - Setting Chmaber Zones to a= 0.25738999999999995, b= 0.2941599999999999, c= 0.3309299999999999, d= 0.3676999999999999 request successfully sent.
13-10-2024 21:55:46 - INFO - Response from moonraker: {'result': 'ok'}
13-10-2024 21:55:46 - INFO - Setting Chmaber Zones to a= 0.25738999999999995, b= 0.2941599999999999, c= 0.3309299999999999, d= 0.3676999999999999 Request successfully executed.
13-10-2024 21:55:46 - INFO - Sending request to Setting Chmaber Zones to a= 0.25310600000000005, b= 0.2892640000000001, c= 0.3254220000000001, d= 0.3615800000000002 with timeout of 5s...
13-10-2024 21:55:46 - INFO - Setting Chmaber Zones to a= 0.25310600000000005, b= 0.2892640000000001, c= 0.3254220000000001, d= 0.3615800000000002 request successfully sent.
13-10-2024 21:55:46 - INFO - Response from moonraker: {'result': 'ok'}
13-10-2024 21:55:46 - INFO - Setting Chmaber Zones to a= 0.25310600000000005, b= 0.2892640000000001, c= 0.3254220000000001, d= 0.3615800000000002 Request successfully executed.
13-10-2024 21:55:46 - INFO - Sending request to Setting Chmaber Zones to a= 0.2516500000000001, b= 0.28760000000000013, c= 0.3235500000000001, d= 0.35950000000000015 with timeout of 5s...
13-10-2024 21:55:46 - INFO - Setting Chmaber Zones to a= 0.2516500000000001, b= 0.28760000000000013, c= 0.3235500000000001, d= 0.35950000000000015 request successfully sent.
13-10-2024 21:55:46 - INFO - Response from moonraker: {'result': 'ok'}
13-10-2024 21:55:46 - INFO - Setting Chmaber Zones to a= 0.2516500000000001, b= 0.28760000000000013, c= 0.3235500000000001, d= 0.35950000000000015 Request successfully executed.
13-10-2024 21:55:46 - INFO - Sending request to Setting Chmaber Zones to a= 0.25018000000000007, b= 0.28592000000000006, c= 0.32166000000000006, d= 0.3574 with timeout of 5s...
13-10-2024 21:55:46 - INFO - Setting Chmaber Zones to a= 0.25018000000000007, b= 0.28592000000000006, c= 0.32166000000000006, d= 0.3574 request successfully sent.
13-10-2024 21:55:46 - INFO - Response from moonraker: {'result': 'ok'}
13-10-2024 21:55:46 - INFO - Setting Chmaber Zones to a= 0.25018000000000007, b= 0.28592000000000006, c= 0.32166000000000006, d= 0.3574 Request successfully executed.
13-10-2024 21:55:46 - INFO - Sending request to Setting Chmaber Zones to a= 0.24871000000000007, b= 0.28424000000000005, c= 0.31977000000000005, d= 0.35530000000000006 with timeout of 5s...
13-10-2024 21:55:46 - INFO - Setting Chmaber Zones to a= 0.24871000000000007, b= 0.28424000000000005, c= 0.31977000000000005, d= 0.35530000000000006 request successfully sent.
13-10-2024 21:55:46 - INFO - Response from moonraker: {'result': 'ok'}
13-10-2024 21:55:46 - INFO - Setting Chmaber Zones to a= 0.24871000000000007, b= 0.28424000000000005, c= 0.31977000000000005, d= 0.35530000000000006 Request successfully executed.
13-10-2024 21:55:47 - INFO - Sending request to Setting Chmaber Zones to a= 0.24724000000000004, b= 0.2825600000000001, c= 0.31788000000000005, d= 0.35320000000000007 with timeout of 5s...
13-10-2024 21:55:47 - INFO - Setting Chmaber Zones to a= 0.24724000000000004, b= 0.2825600000000001, c= 0.31788000000000005, d= 0.35320000000000007 request successfully sent.
13-10-2024 21:55:47 - INFO - Response from moonraker: {'result': 'ok'}
13-10-2024 21:55:47 - INFO - Setting Chmaber Zones to a= 0.24724000000000004, b= 0.2825600000000001, c= 0.31788000000000005, d= 0.35320000000000007 Request successfully executed.
13-10-2024 21:55:47 - INFO - Sending request to Setting Chmaber Zones to a= 0.24865399999999988, b= 0.2841759999999999, c= 0.3196979999999998, d= 0.35521999999999987 with timeout of 5s...
13-10-2024 21:55:47 - INFO - Setting Chmaber Zones to a= 0.24865399999999988, b= 0.2841759999999999, c= 0.3196979999999998, d= 0.35521999999999987 request successfully sent.
13-10-2024 21:55:47 - INFO - Response from moonraker: {'result': 'ok'}
13-10-2024 21:55:47 - INFO - Setting Chmaber Zones to a= 0.24865399999999988, b= 0.2841759999999999, c= 0.3196979999999998, d= 0.35521999999999987 Request successfully executed.
13-10-2024 21:55:47 - INFO - Sending request to Setting Chmaber Zones to a= 0.25300799999999957, b= 0.28915199999999947, c= 0.3252959999999995, d= 0.3614399999999993 with timeout of 5s...
13-10-2024 21:55:47 - INFO - Setting Chmaber Zones to a= 0.25300799999999957, b= 0.28915199999999947, c= 0.3252959999999995, d= 0.3614399999999993 request successfully sent.
13-10-2024 21:55:47 - INFO - Response from moonraker: {'result': 'ok'}
13-10-2024 21:55:47 - INFO - Setting Chmaber Zones to a= 0.25300799999999957, b= 0.28915199999999947, c= 0.3252959999999995, d= 0.3614399999999993 Request successfully executed.
13-10-2024 21:55:47 - INFO - Sending request to Setting Chmaber Zones to a= 0.25171999999999956, b= 0.2876799999999995, c= 0.32363999999999943, d= 0.35959999999999936 with timeout of 5s...
13-10-2024 21:55:47 - INFO - Setting Chmaber Zones to a= 0.25171999999999956, b= 0.2876799999999995, c= 0.32363999999999943, d= 0.35959999999999936 request successfully sent.
13-10-2024 21:55:47 - INFO - Response from moonraker: {'result': 'ok'}
13-10-2024 21:55:47 - INFO - Setting Chmaber Zones to a= 0.25171999999999956, b= 0.2876799999999995, c= 0.32363999999999943, d= 0.35959999999999936 Request successfully executed.
13-10-2024 21:55:47 - INFO - Sending request to Setting Chmaber Zones to a= 0.2504599999999995, b= 0.28623999999999944, c= 0.3220199999999994, d= 0.3577999999999994 with timeout of 5s...
13-10-2024 21:55:47 - INFO - Setting Chmaber Zones to a= 0.2504599999999995, b= 0.28623999999999944, c= 0.3220199999999994, d= 0.3577999999999994 request successfully sent.
13-10-2024 21:55:47 - INFO - Response from moonraker: {'result': 'ok'}
13-10-2024 21:55:47 - INFO - Setting Chmaber Zones to a= 0.2504599999999995, b= 0.28623999999999944, c= 0.3220199999999994, d= 0.3577999999999994 Request successfully executed.
13-10-2024 21:55:48 - INFO - Sending request to Setting Chmaber Zones to a= 0.25496800000000003, b= 0.29139200000000004, c= 0.327816, d= 0.36424 with timeout of 5s...
13-10-2024 21:55:48 - INFO - Setting Chmaber Zones to a= 0.25496800000000003, b= 0.29139200000000004, c= 0.327816, d= 0.36424 request successfully sent.
13-10-2024 21:55:48 - INFO - Response from moonraker: {'result': 'ok'}
13-10-2024 21:55:48 - INFO - Setting Chmaber Zones to a= 0.25496800000000003, b= 0.29139200000000004, c= 0.327816, d= 0.36424 Request successfully executed.
13-10-2024 21:55:48 - INFO - Sending request to Setting Chmaber Zones to a= 0.25382, b= 0.29008, c= 0.32634, d= 0.36260000000000003 with timeout of 5s...
13-10-2024 21:55:48 - INFO - Setting Chmaber Zones to a= 0.25382, b= 0.29008, c= 0.32634, d= 0.36260000000000003 request successfully sent.
13-10-2024 21:55:48 - INFO - Response from moonraker: {'result': 'ok'}
13-10-2024 21:55:48 - INFO - Setting Chmaber Zones to a= 0.25382, b= 0.29008, c= 0.32634, d= 0.36260000000000003 Request successfully executed.
13-10-2024 21:55:48 - INFO - Sending request to Setting Chmaber Zones to a= 0.25558399999999987, b= 0.29209599999999986, c= 0.32860799999999984, d= 0.3651199999999999 with timeout of 5s...
13-10-2024 21:55:48 - INFO - Setting Chmaber Zones to a= 0.25558399999999987, b= 0.29209599999999986, c= 0.32860799999999984, d= 0.3651199999999999 request successfully sent.
13-10-2024 21:55:48 - INFO - Response from moonraker: {'result': 'ok'}
13-10-2024 21:55:48 - INFO - Setting Chmaber Zones to a= 0.25558399999999987, b= 0.29209599999999986, c= 0.32860799999999984, d= 0.3651199999999999 Request successfully executed.
13-10-2024 21:55:48 - INFO - Sending request to Setting Chmaber Zones to a= 0.2602879999999995, b= 0.29747199999999946, c= 0.3346559999999994, d= 0.37183999999999934 with timeout of 5s...
13-10-2024 21:55:48 - INFO - Setting Chmaber Zones to a= 0.2602879999999995, b= 0.29747199999999946, c= 0.3346559999999994, d= 0.37183999999999934 request successfully sent.
13-10-2024 21:55:48 - INFO - Response from moonraker: {'result': 'ok'}
13-10-2024 21:55:48 - INFO - Setting Chmaber Zones to a= 0.2602879999999995, b= 0.29747199999999946, c= 0.3346559999999994, d= 0.37183999999999934 Request successfully executed.
13-10-2024 21:55:48 - INFO - Sending request to Setting Chmaber Zones to a= 0.2593499999999995, b= 0.2963999999999995, c= 0.3334499999999994, d= 0.37049999999999933 with timeout of 5s...
13-10-2024 21:55:48 - INFO - Setting Chmaber Zones to a= 0.2593499999999995, b= 0.2963999999999995, c= 0.3334499999999994, d= 0.37049999999999933 request successfully sent.
13-10-2024 21:55:48 - INFO - Response from moonraker: {'result': 'ok'}
13-10-2024 21:55:48 - INFO - Setting Chmaber Zones to a= 0.2593499999999995, b= 0.2963999999999995, c= 0.3334499999999994, d= 0.37049999999999933 Request successfully executed.
13-10-2024 21:55:49 - INFO - Sending request to Setting Chmaber Zones to a= 0.26132400000000017, b= 0.2986560000000002, c= 0.33598800000000023, d= 0.3733200000000003 with timeout of 5s...
13-10-2024 21:55:49 - INFO - Setting Chmaber Zones to a= 0.26132400000000017, b= 0.2986560000000002, c= 0.33598800000000023, d= 0.3733200000000003 request successfully sent.
13-10-2024 21:55:49 - INFO - Response from moonraker: {'result': 'ok'}
13-10-2024 21:55:49 - INFO - Setting Chmaber Zones to a= 0.26132400000000017, b= 0.2986560000000002, c= 0.33598800000000023, d= 0.3733200000000003 Request successfully executed.
13-10-2024 21:55:49 - INFO - Sending request to Setting Chmaber Zones to a= 0.2604700000000002, b= 0.2976800000000002, c= 0.33489000000000024, d= 0.3721000000000003 with timeout of 5s...
13-10-2024 21:55:49 - INFO - Setting Chmaber Zones to a= 0.2604700000000002, b= 0.2976800000000002, c= 0.33489000000000024, d= 0.3721000000000003 request successfully sent.
13-10-2024 21:55:49 - INFO - Response from moonraker: {'result': 'ok'}
13-10-2024 21:55:49 - INFO - Setting Chmaber Zones to a= 0.2604700000000002, b= 0.2976800000000002, c= 0.33489000000000024, d= 0.3721000000000003 Request successfully executed.
13-10-2024 21:55:49 - INFO - Sending request to Setting Chmaber Zones to a= 0.2596300000000002, b= 0.2967200000000002, c= 0.3338100000000003, d= 0.37090000000000034 with timeout of 5s...
13-10-2024 21:55:49 - INFO - Setting Chmaber Zones to a= 0.2596300000000002, b= 0.2967200000000002, c= 0.3338100000000003, d= 0.37090000000000034 request successfully sent.
13-10-2024 21:55:49 - INFO - Response from moonraker: {'result': 'ok'}
13-10-2024 21:55:49 - INFO - Setting Chmaber Zones to a= 0.2596300000000002, b= 0.2967200000000002, c= 0.3338100000000003, d= 0.37090000000000034 Request successfully executed.
13-10-2024 21:55:49 - INFO - Sending request to Setting Chmaber Zones to a= 0.2559059999999996, b= 0.2924639999999995, c= 0.3290219999999994, d= 0.36557999999999935 with timeout of 5s...
13-10-2024 21:55:49 - INFO - Setting Chmaber Zones to a= 0.2559059999999996, b= 0.2924639999999995, c= 0.3290219999999994, d= 0.36557999999999935 request successfully sent.
13-10-2024 21:55:49 - INFO - Response from moonraker: {'result': 'ok'}
13-10-2024 21:55:49 - INFO - Setting Chmaber Zones to a= 0.2559059999999996, b= 0.2924639999999995, c= 0.3290219999999994, d= 0.36557999999999935 Request successfully executed.
13-10-2024 21:55:49 - INFO - Sending request to Setting Chmaber Zones to a= 0.25212599999999974, b= 0.28814399999999973, c= 0.3241619999999997, d= 0.36017999999999956 with timeout of 5s...
13-10-2024 21:55:49 - INFO - Setting Chmaber Zones to a= 0.25212599999999974, b= 0.28814399999999973, c= 0.3241619999999997, d= 0.36017999999999956 request successfully sent.
13-10-2024 21:55:49 - INFO - Response from moonraker: {'result': 'ok'}
13-10-2024 21:55:49 - INFO - Setting Chmaber Zones to a= 0.25212599999999974, b= 0.28814399999999973, c= 0.3241619999999997, d= 0.36017999999999956 Request successfully executed.
13-10-2024 21:55:50 - INFO - Sending request to Setting Chmaber Zones to a= 0.24827599999999989, b= 0.2837439999999999, c= 0.31921199999999983, d= 0.35467999999999983 with timeout of 5s...
13-10-2024 21:55:50 - INFO - Setting Chmaber Zones to a= 0.24827599999999989, b= 0.2837439999999999, c= 0.31921199999999983, d= 0.35467999999999983 request successfully sent.
13-10-2024 21:55:50 - INFO - Response from moonraker: {'result': 'ok'}
13-10-2024 21:55:50 - INFO - Setting Chmaber Zones to a= 0.24827599999999989, b= 0.2837439999999999, c= 0.31921199999999983, d= 0.35467999999999983 Request successfully executed.
13-10-2024 21:55:50 - INFO - Sending request to Setting Chmaber Zones to a= 0.2472399999999999, b= 0.28255999999999987, c= 0.3178799999999999, d= 0.35319999999999985 with timeout of 5s...
13-10-2024 21:55:50 - INFO - Setting Chmaber Zones to a= 0.2472399999999999, b= 0.28255999999999987, c= 0.3178799999999999, d= 0.35319999999999985 request successfully sent.
13-10-2024 21:55:50 - INFO - Response from moonraker: {'result': 'ok'}
13-10-2024 21:55:50 - INFO - Setting Chmaber Zones to a= 0.2472399999999999, b= 0.28255999999999987, c= 0.3178799999999999, d= 0.35319999999999985 Request successfully executed.
13-10-2024 21:55:50 - INFO - Sending request to Setting Chmaber Zones to a= 0.24618999999999988, b= 0.2813599999999999, c= 0.31652999999999987, d= 0.3516999999999999 with timeout of 5s...
13-10-2024 21:55:50 - INFO - Setting Chmaber Zones to a= 0.24618999999999988, b= 0.2813599999999999, c= 0.31652999999999987, d= 0.3516999999999999 request successfully sent.
13-10-2024 21:55:50 - INFO - Response from moonraker: {'result': 'ok'}
13-10-2024 21:55:50 - INFO - Setting Chmaber Zones to a= 0.24618999999999988, b= 0.2813599999999999, c= 0.31652999999999987, d= 0.3516999999999999 Request successfully executed.
13-10-2024 21:55:50 - INFO - Sending request to Setting Chmaber Zones to a= 0.24513999999999989, b= 0.28015999999999985, c= 0.31517999999999985, d= 0.35019999999999984 with timeout of 5s...
13-10-2024 21:55:50 - INFO - Setting Chmaber Zones to a= 0.24513999999999989, b= 0.28015999999999985, c= 0.31517999999999985, d= 0.35019999999999984 request successfully sent.
13-10-2024 21:55:50 - INFO - Response from moonraker: {'result': 'ok'}
13-10-2024 21:55:50 - INFO - Setting Chmaber Zones to a= 0.24513999999999989, b= 0.28015999999999985, c= 0.31517999999999985, d= 0.35019999999999984 Request successfully executed.
13-10-2024 21:55:50 - INFO - Sending request to Setting Chmaber Zones to a= 0.2440899999999999, b= 0.2789599999999999, c= 0.31382999999999983, d= 0.34869999999999984 with timeout of 5s...
13-10-2024 21:55:50 - INFO - Setting Chmaber Zones to a= 0.2440899999999999, b= 0.2789599999999999, c= 0.31382999999999983, d= 0.34869999999999984 request successfully sent.
13-10-2024 21:55:50 - INFO - Response from moonraker: {'result': 'ok'}
13-10-2024 21:55:50 - INFO - Setting Chmaber Zones to a= 0.2440899999999999, b= 0.2789599999999999, c= 0.31382999999999983, d= 0.34869999999999984 Request successfully executed.
13-10-2024 21:55:51 - INFO - Sending request to Setting Chmaber Zones to a= 0.24303999999999987, b= 0.2777599999999999, c= 0.31247999999999987, d= 0.34719999999999984 with timeout of 5s...
13-10-2024 21:55:51 - INFO - Setting Chmaber Zones to a= 0.24303999999999987, b= 0.2777599999999999, c= 0.31247999999999987, d= 0.34719999999999984 request successfully sent.
13-10-2024 21:55:51 - INFO - Response from moonraker: {'result': 'ok'}
13-10-2024 21:55:51 - INFO - Setting Chmaber Zones to a= 0.24303999999999987, b= 0.2777599999999999, c= 0.31247999999999987, d= 0.34719999999999984 Request successfully executed.
13-10-2024 21:55:51 - INFO - Sending request to Setting Chmaber Zones to a= 0.24775799999999953, b= 0.28315199999999946, c= 0.31854599999999944, d= 0.35393999999999937 with timeout of 5s...
13-10-2024 21:55:51 - INFO - Setting Chmaber Zones to a= 0.24775799999999953, b= 0.28315199999999946, c= 0.31854599999999944, d= 0.35393999999999937 request successfully sent.
13-10-2024 21:55:51 - INFO - Response from moonraker: {'result': 'ok'}
13-10-2024 21:55:51 - INFO - Setting Chmaber Zones to a= 0.24775799999999953, b= 0.28315199999999946, c= 0.31854599999999944, d= 0.35393999999999937 Request successfully executed.
13-10-2024 21:55:51 - INFO - Sending request to Setting Chmaber Zones to a= 0.2439359999999997, b= 0.27878399999999964, c= 0.3136319999999996, d= 0.34847999999999957 with timeout of 5s...
13-10-2024 21:55:51 - INFO - Setting Chmaber Zones to a= 0.2439359999999997, b= 0.27878399999999964, c= 0.3136319999999996, d= 0.34847999999999957 request successfully sent.
13-10-2024 21:55:51 - INFO - Response from moonraker: {'result': 'ok'}
13-10-2024 21:55:51 - INFO - Setting Chmaber Zones to a= 0.2439359999999997, b= 0.27878399999999964, c= 0.3136319999999996, d= 0.34847999999999957 Request successfully executed.
13-10-2024 21:55:51 - INFO - Sending request to Setting Chmaber Zones to a= 0.2429699999999997, b= 0.27767999999999965, c= 0.3123899999999996, d= 0.3470999999999996 with timeout of 5s...
13-10-2024 21:55:51 - INFO - Setting Chmaber Zones to a= 0.2429699999999997, b= 0.27767999999999965, c= 0.3123899999999996, d= 0.3470999999999996 request successfully sent.
13-10-2024 21:55:51 - INFO - Response from moonraker: {'result': 'ok'}
13-10-2024 21:55:51 - INFO - Setting Chmaber Zones to a= 0.2429699999999997, b= 0.27767999999999965, c= 0.3123899999999996, d= 0.3470999999999996 Request successfully executed.
13-10-2024 21:55:51 - INFO - Sending request to Setting Chmaber Zones to a= 0.24198999999999973, b= 0.2765599999999997, c= 0.31112999999999963, d= 0.3456999999999997 with timeout of 5s...
13-10-2024 21:55:51 - INFO - Setting Chmaber Zones to a= 0.24198999999999973, b= 0.2765599999999997, c= 0.31112999999999963, d= 0.3456999999999997 request successfully sent.
13-10-2024 21:55:51 - INFO - Response from moonraker: {'result': 'ok'}
13-10-2024 21:55:51 - INFO - Setting Chmaber Zones to a= 0.24198999999999973, b= 0.2765599999999997, c= 0.31112999999999963, d= 0.3456999999999997 Request successfully executed.
13-10-2024 21:55:52 - INFO - Sending request to Setting Chmaber Zones to a= 0.23812599999999987, b= 0.27214399999999983, c= 0.3061619999999998, d= 0.3401799999999998 with timeout of 5s...
13-10-2024 21:55:52 - INFO - Setting Chmaber Zones to a= 0.23812599999999987, b= 0.27214399999999983, c= 0.3061619999999998, d= 0.3401799999999998 request successfully sent.
13-10-2024 21:55:52 - INFO - Response from moonraker: {'result': 'ok'}
13-10-2024 21:55:52 - INFO - Setting Chmaber Zones to a= 0.23812599999999987, b= 0.27214399999999983, c= 0.3061619999999998, d= 0.3401799999999998 Request successfully executed.
13-10-2024 21:55:52 - INFO - Sending request to Setting Chmaber Zones to a= 0.234206, b= 0.26766399999999996, c= 0.301122, d= 0.33458 with timeout of 5s...
13-10-2024 21:55:52 - INFO - Setting Chmaber Zones to a= 0.234206, b= 0.26766399999999996, c= 0.301122, d= 0.33458 request successfully sent.
13-10-2024 21:55:52 - INFO - Response from moonraker: {'result': 'ok'}
13-10-2024 21:55:52 - INFO - Setting Chmaber Zones to a= 0.234206, b= 0.26766399999999996, c= 0.301122, d= 0.33458 Request successfully executed.
13-10-2024 21:55:52 - INFO - Sending request to Setting Chmaber Zones to a= 0.23310000000000003, b= 0.2664, c= 0.2997, d= 0.333 with timeout of 5s...
13-10-2024 21:55:52 - INFO - Setting Chmaber Zones to a= 0.23310000000000003, b= 0.2664, c= 0.2997, d= 0.333 request successfully sent.
13-10-2024 21:55:52 - INFO - Response from moonraker: {'result': 'ok'}
13-10-2024 21:55:52 - INFO - Setting Chmaber Zones to a= 0.23310000000000003, b= 0.2664, c= 0.2997, d= 0.333 Request successfully executed.
13-10-2024 21:55:52 - INFO - Sending request to Setting Chmaber Zones to a= 0.23197999999999996, b= 0.26511999999999997, c= 0.29825999999999997, d= 0.33140000000000003 with timeout of 5s...
13-10-2024 21:55:52 - INFO - Setting Chmaber Zones to a= 0.23197999999999996, b= 0.26511999999999997, c= 0.29825999999999997, d= 0.33140000000000003 request successfully sent.
13-10-2024 21:55:52 - INFO - Response from moonraker: {'result': 'ok'}
13-10-2024 21:55:52 - INFO - Setting Chmaber Zones to a= 0.23197999999999996, b= 0.26511999999999997, c= 0.29825999999999997, d= 0.33140000000000003 Request successfully executed.
13-10-2024 21:55:52 - INFO - Sending request to Setting Chmaber Zones to a= 0.23085999999999998, b= 0.26384, c= 0.29682, d= 0.3298 with timeout of 5s...
13-10-2024 21:55:52 - INFO - Setting Chmaber Zones to a= 0.23085999999999998, b= 0.26384, c= 0.29682, d= 0.3298 request successfully sent.
13-10-2024 21:55:52 - INFO - Response from moonraker: {'result': 'ok'}
13-10-2024 21:55:52 - INFO - Setting Chmaber Zones to a= 0.23085999999999998, b= 0.26384, c= 0.29682, d= 0.3298 Request successfully executed.
13-10-2024 21:55:53 - INFO - Sending request to Setting Chmaber Zones to a= 0.22973999999999997, b= 0.2625599999999999, c= 0.2953799999999999, d= 0.32819999999999994 with timeout of 5s...
13-10-2024 21:55:53 - INFO - Setting Chmaber Zones to a= 0.22973999999999997, b= 0.2625599999999999, c= 0.2953799999999999, d= 0.32819999999999994 request successfully sent.
13-10-2024 21:55:53 - INFO - Response from moonraker: {'result': 'ok'}
13-10-2024 21:55:53 - INFO - Setting Chmaber Zones to a= 0.22973999999999997, b= 0.2625599999999999, c= 0.2953799999999999, d= 0.32819999999999994 Request successfully executed.
13-10-2024 21:55:53 - INFO - Sending request to Setting Chmaber Zones to a= 0.2286199999999999, b= 0.26127999999999996, c= 0.2939399999999999, d= 0.3265999999999999 with timeout of 5s...
13-10-2024 21:55:53 - INFO - Setting Chmaber Zones to a= 0.2286199999999999, b= 0.26127999999999996, c= 0.2939399999999999, d= 0.3265999999999999 request successfully sent.
13-10-2024 21:55:53 - INFO - Response from moonraker: {'result': 'ok'}
13-10-2024 21:55:53 - INFO - Setting Chmaber Zones to a= 0.2286199999999999, b= 0.26127999999999996, c= 0.2939399999999999, d= 0.3265999999999999 Request successfully executed.
13-10-2024 21:55:53 - INFO - Sending request to Setting Chmaber Zones to a= 0.23038399999999978, b= 0.26329599999999975, c= 0.2962079999999997, d= 0.3291199999999997 with timeout of 5s...
13-10-2024 21:55:53 - INFO - Setting Chmaber Zones to a= 0.23038399999999978, b= 0.26329599999999975, c= 0.2962079999999997, d= 0.3291199999999997 request successfully sent.
13-10-2024 21:55:53 - INFO - Response from moonraker: {'result': 'ok'}
13-10-2024 21:55:53 - INFO - Setting Chmaber Zones to a= 0.23038399999999978, b= 0.26329599999999975, c= 0.2962079999999997, d= 0.3291199999999997 Request successfully executed.
13-10-2024 21:55:53 - INFO - Sending request to Setting Chmaber Zones to a= 0.22931999999999977, b= 0.26207999999999976, c= 0.2948399999999997, d= 0.32759999999999967 with timeout of 5s...
13-10-2024 21:55:53 - INFO - Setting Chmaber Zones to a= 0.22931999999999977, b= 0.26207999999999976, c= 0.2948399999999997, d= 0.32759999999999967 request successfully sent.
13-10-2024 21:55:53 - INFO - Response from moonraker: {'result': 'ok'}
13-10-2024 21:55:53 - INFO - Setting Chmaber Zones to a= 0.22931999999999977, b= 0.26207999999999976, c= 0.2948399999999997, d= 0.32759999999999967 Request successfully executed.
13-10-2024 21:55:53 - INFO - Sending request to Setting Chmaber Zones to a= 0.23115399999999967, b= 0.26417599999999963, c= 0.2971979999999996, d= 0.3302199999999995 with timeout of 5s...
13-10-2024 21:55:53 - INFO - Setting Chmaber Zones to a= 0.23115399999999967, b= 0.26417599999999963, c= 0.2971979999999996, d= 0.3302199999999995 request successfully sent.
13-10-2024 21:55:53 - INFO - Response from moonraker: {'result': 'ok'}
13-10-2024 21:55:53 - INFO - Setting Chmaber Zones to a= 0.23115399999999967, b= 0.26417599999999963, c= 0.2971979999999996, d= 0.3302199999999995 Request successfully executed.
13-10-2024 21:55:54 - INFO - Sending request to Setting Chmaber Zones to a= 0.23304399999999947, b= 0.2663359999999994, c= 0.29962799999999934, d= 0.3329199999999993 with timeout of 5s...
13-10-2024 21:55:54 - INFO - Setting Chmaber Zones to a= 0.23304399999999947, b= 0.2663359999999994, c= 0.29962799999999934, d= 0.3329199999999993 request successfully sent.
13-10-2024 21:55:54 - INFO - Response from moonraker: {'result': 'ok'}
13-10-2024 21:55:54 - INFO - Setting Chmaber Zones to a= 0.23304399999999947, b= 0.2663359999999994, c= 0.29962799999999934, d= 0.3329199999999993 Request successfully executed.
13-10-2024 21:55:54 - INFO - Sending request to Setting Chmaber Zones to a= 0.23211999999999947, b= 0.2652799999999994, c= 0.2984399999999993, d= 0.33159999999999923 with timeout of 5s...
13-10-2024 21:55:54 - INFO - Setting Chmaber Zones to a= 0.23211999999999947, b= 0.2652799999999994, c= 0.2984399999999993, d= 0.33159999999999923 request successfully sent.
13-10-2024 21:55:54 - INFO - Response from moonraker: {'result': 'ok'}
13-10-2024 21:55:54 - INFO - Setting Chmaber Zones to a= 0.23211999999999947, b= 0.2652799999999994, c= 0.2984399999999993, d= 0.33159999999999923 Request successfully executed.
13-10-2024 21:55:54 - INFO - Sending request to Setting Chmaber Zones to a= 0.2312099999999995, b= 0.2642399999999994, c= 0.2972699999999993, d= 0.3302999999999992 with timeout of 5s...
13-10-2024 21:55:54 - INFO - Setting Chmaber Zones to a= 0.2312099999999995, b= 0.2642399999999994, c= 0.2972699999999993, d= 0.3302999999999992 request successfully sent.
13-10-2024 21:55:54 - INFO - Response from moonraker: {'result': 'ok'}
13-10-2024 21:55:54 - INFO - Setting Chmaber Zones to a= 0.2312099999999995, b= 0.2642399999999994, c= 0.2972699999999993, d= 0.3302999999999992 Request successfully executed.
13-10-2024 21:55:54 - INFO - Sending request to Setting Chmaber Zones to a= 0.23029999999999948, b= 0.2631999999999994, c= 0.2960999999999993, d= 0.3289999999999992 with timeout of 5s...
13-10-2024 21:55:54 - INFO - Setting Chmaber Zones to a= 0.23029999999999948, b= 0.2631999999999994, c= 0.2960999999999993, d= 0.3289999999999992 request successfully sent.
13-10-2024 21:55:54 - INFO - Response from moonraker: {'result': 'ok'}
13-10-2024 21:55:54 - INFO - Setting Chmaber Zones to a= 0.23029999999999948, b= 0.2631999999999994, c= 0.2960999999999993, d= 0.3289999999999992 Request successfully executed.
13-10-2024 21:55:54 - INFO - Sending request to Setting Chmaber Zones to a= 0.22938999999999943, b= 0.2621599999999994, c= 0.2949299999999993, d= 0.32769999999999927 with timeout of 5s...
13-10-2024 21:55:54 - INFO - Setting Chmaber Zones to a= 0.22938999999999943, b= 0.2621599999999994, c= 0.2949299999999993, d= 0.32769999999999927 request successfully sent.
13-10-2024 21:55:54 - INFO - Response from moonraker: {'result': 'ok'}
13-10-2024 21:55:54 - INFO - Setting Chmaber Zones to a= 0.22938999999999943, b= 0.2621599999999994, c= 0.2949299999999993, d= 0.32769999999999927 Request successfully executed.
13-10-2024 21:55:55 - INFO - Sending request to Setting Chmaber Zones to a= 0.22559599999999957, b= 0.25782399999999955, c= 0.2900519999999995, d= 0.3222799999999994 with timeout of 5s...
13-10-2024 21:55:55 - INFO - Setting Chmaber Zones to a= 0.22559599999999957, b= 0.25782399999999955, c= 0.2900519999999995, d= 0.3222799999999994 request successfully sent.
13-10-2024 21:55:55 - INFO - Response from moonraker: {'result': 'ok'}
13-10-2024 21:55:55 - INFO - Setting Chmaber Zones to a= 0.22559599999999957, b= 0.25782399999999955, c= 0.2900519999999995, d= 0.3222799999999994 Request successfully executed.
13-10-2024 21:55:55 - INFO - Sending request to Setting Chmaber Zones to a= 0.22462999999999958, b= 0.25671999999999956, c= 0.28880999999999946, d= 0.3208999999999994 with timeout of 5s...
13-10-2024 21:55:55 - INFO - Setting Chmaber Zones to a= 0.22462999999999958, b= 0.25671999999999956, c= 0.28880999999999946, d= 0.3208999999999994 request successfully sent.
13-10-2024 21:55:55 - INFO - Response from moonraker: {'result': 'ok'}
13-10-2024 21:55:55 - INFO - Setting Chmaber Zones to a= 0.22462999999999958, b= 0.25671999999999956, c= 0.28880999999999946, d= 0.3208999999999994 Request successfully executed.
13-10-2024 21:55:55 - INFO - Sending request to Setting Chmaber Zones to a= 0.2207659999999997, b= 0.2523039999999997, c= 0.28384199999999965, d= 0.3153799999999996 with timeout of 5s...
13-10-2024 21:55:55 - INFO - Setting Chmaber Zones to a= 0.2207659999999997, b= 0.2523039999999997, c= 0.28384199999999965, d= 0.3153799999999996 request successfully sent.
13-10-2024 21:55:55 - INFO - Response from moonraker: {'result': 'ok'}
13-10-2024 21:55:55 - INFO - Setting Chmaber Zones to a= 0.2207659999999997, b= 0.2523039999999997, c= 0.28384199999999965, d= 0.3153799999999996 Request successfully executed.
13-10-2024 21:55:55 - INFO - Sending request to Setting Chmaber Zones to a= 0.21972999999999973, b= 0.2511199999999997, c= 0.28250999999999965, d= 0.3138999999999996 with timeout of 5s...
13-10-2024 21:55:55 - INFO - Setting Chmaber Zones to a= 0.21972999999999973, b= 0.2511199999999997, c= 0.28250999999999965, d= 0.3138999999999996 request successfully sent.
13-10-2024 21:55:55 - INFO - Response from moonraker: {'result': 'ok'}
13-10-2024 21:55:55 - INFO - Setting Chmaber Zones to a= 0.21972999999999973, b= 0.2511199999999997, c= 0.28250999999999965, d= 0.3138999999999996 Request successfully executed.
13-10-2024 21:55:55 - INFO - Sending request to Setting Chmaber Zones to a= 0.21867999999999974, b= 0.2499199999999997, c= 0.2811599999999997, d= 0.3123999999999996 with timeout of 5s...
13-10-2024 21:55:55 - INFO - Setting Chmaber Zones to a= 0.21867999999999974, b= 0.2499199999999997, c= 0.2811599999999997, d= 0.3123999999999996 request successfully sent.
13-10-2024 21:55:55 - INFO - Response from moonraker: {'result': 'ok'}
13-10-2024 21:55:55 - INFO - Setting Chmaber Zones to a= 0.21867999999999974, b= 0.2499199999999997, c= 0.2811599999999997, d= 0.3123999999999996 Request successfully executed.
13-10-2024 21:55:56 - INFO - Sending request to Setting Chmaber Zones to a= 0.21762999999999974, b= 0.24871999999999972, c= 0.27980999999999967, d= 0.3108999999999996 with timeout of 5s...
13-10-2024 21:55:56 - INFO - Setting Chmaber Zones to a= 0.21762999999999974, b= 0.24871999999999972, c= 0.27980999999999967, d= 0.3108999999999996 request successfully sent.
13-10-2024 21:55:56 - INFO - Response from moonraker: {'result': 'ok'}
13-10-2024 21:55:56 - INFO - Setting Chmaber Zones to a= 0.21762999999999974, b= 0.24871999999999972, c= 0.27980999999999967, d= 0.3108999999999996 Request successfully executed.
13-10-2024 21:55:56 - INFO - Sending request to Setting Chmaber Zones to a= 0.21657999999999972, b= 0.2475199999999997, c= 0.27845999999999965, d= 0.3093999999999996 with timeout of 5s...
13-10-2024 21:55:56 - INFO - Setting Chmaber Zones to a= 0.21657999999999972, b= 0.2475199999999997, c= 0.27845999999999965, d= 0.3093999999999996 request successfully sent.
13-10-2024 21:55:56 - INFO - Response from moonraker: {'result': 'ok'}
13-10-2024 21:55:56 - INFO - Setting Chmaber Zones to a= 0.21657999999999972, b= 0.2475199999999997, c= 0.27845999999999965, d= 0.3093999999999996 Request successfully executed.
13-10-2024 21:55:56 - INFO - Sending request to Setting Chmaber Zones to a= 0.22129799999999944, b= 0.25291199999999936, c= 0.2845259999999993, d= 0.3161399999999992 with timeout of 5s...
13-10-2024 21:55:56 - INFO - Setting Chmaber Zones to a= 0.22129799999999944, b= 0.25291199999999936, c= 0.2845259999999993, d= 0.3161399999999992 request successfully sent.
13-10-2024 21:55:56 - INFO - Response from moonraker: {'result': 'ok'}
13-10-2024 21:55:56 - INFO - Setting Chmaber Zones to a= 0.22129799999999944, b= 0.25291199999999936, c= 0.2845259999999993, d= 0.3161399999999992 Request successfully executed.
13-10-2024 21:55:56 - INFO - Sending request to Setting Chmaber Zones to a= 0.22035999999999945, b= 0.25183999999999934, c= 0.28331999999999924, d= 0.3147999999999992 with timeout of 5s...
13-10-2024 21:55:56 - INFO - Setting Chmaber Zones to a= 0.22035999999999945, b= 0.25183999999999934, c= 0.28331999999999924, d= 0.3147999999999992 request successfully sent.
13-10-2024 21:55:56 - INFO - Response from moonraker: {'result': 'ok'}
13-10-2024 21:55:56 - INFO - Setting Chmaber Zones to a= 0.22035999999999945, b= 0.25183999999999934, c= 0.28331999999999924, d= 0.3147999999999992 Request successfully executed.
13-10-2024 21:55:56 - INFO - Sending request to Setting Chmaber Zones to a= 0.21944999999999942, b= 0.25079999999999936, c= 0.28214999999999923, d= 0.31349999999999917 with timeout of 5s...
13-10-2024 21:55:56 - INFO - Setting Chmaber Zones to a= 0.21944999999999942, b= 0.25079999999999936, c= 0.28214999999999923, d= 0.31349999999999917 request successfully sent.
13-10-2024 21:55:56 - INFO - Response from moonraker: {'result': 'ok'}
13-10-2024 21:55:56 - INFO - Setting Chmaber Zones to a= 0.21944999999999942, b= 0.25079999999999936, c= 0.28214999999999923, d= 0.31349999999999917 Request successfully executed.
13-10-2024 21:55:57 - INFO - Sending request to Setting Chmaber Zones to a= 0.2185399999999994, b= 0.24975999999999932, c= 0.28097999999999923, d= 0.31219999999999914 with timeout of 5s...
13-10-2024 21:55:57 - INFO - Setting Chmaber Zones to a= 0.2185399999999994, b= 0.24975999999999932, c= 0.28097999999999923, d= 0.31219999999999914 request successfully sent.
13-10-2024 21:55:57 - INFO - Response from moonraker: {'result': 'ok'}
13-10-2024 21:55:57 - INFO - Setting Chmaber Zones to a= 0.2185399999999994, b= 0.24975999999999932, c= 0.28097999999999923, d= 0.31219999999999914 Request successfully executed.
13-10-2024 21:55:57 - INFO - Sending request to Setting Chmaber Zones to a= 0.22051400000000004, b= 0.2520160000000001, c= 0.2835180000000001, d= 0.3150200000000001 with timeout of 5s...
13-10-2024 21:55:57 - INFO - Setting Chmaber Zones to a= 0.22051400000000004, b= 0.2520160000000001, c= 0.2835180000000001, d= 0.3150200000000001 request successfully sent.
13-10-2024 21:55:57 - INFO - Response from moonraker: {'result': 'ok'}
13-10-2024 21:55:57 - INFO - Setting Chmaber Zones to a= 0.22051400000000004, b= 0.2520160000000001, c= 0.2835180000000001, d= 0.3150200000000001 Request successfully executed.
13-10-2024 21:55:57 - INFO - Sending request to Setting Chmaber Zones to a= 0.21966000000000005, b= 0.25104000000000004, c= 0.28242000000000006, d= 0.3138000000000001 with timeout of 5s...
13-10-2024 21:55:57 - INFO - Setting Chmaber Zones to a= 0.21966000000000005, b= 0.25104000000000004, c= 0.28242000000000006, d= 0.3138000000000001 request successfully sent.
13-10-2024 21:55:57 - INFO - Response from moonraker: {'result': 'ok'}
13-10-2024 21:55:57 - INFO - Setting Chmaber Zones to a= 0.21966000000000005, b= 0.25104000000000004, c= 0.28242000000000006, d= 0.3138000000000001 Request successfully executed.
13-10-2024 21:55:57 - INFO - Sending request to Setting Chmaber Zones to a= 0.2217039999999999, b= 0.2533759999999999, c= 0.28504799999999986, d= 0.31671999999999983 with timeout of 5s...
13-10-2024 21:55:57 - INFO - Setting Chmaber Zones to a= 0.2217039999999999, b= 0.2533759999999999, c= 0.28504799999999986, d= 0.31671999999999983 request successfully sent.
13-10-2024 21:55:57 - INFO - Response from moonraker: {'result': 'ok'}
13-10-2024 21:55:57 - INFO - Setting Chmaber Zones to a= 0.2217039999999999, b= 0.2533759999999999, c= 0.28504799999999986, d= 0.31671999999999983 Request successfully executed.
13-10-2024 21:55:57 - INFO - Sending request to Setting Chmaber Zones to a= 0.2209199999999999, b= 0.25247999999999987, c= 0.28403999999999985, d= 0.3155999999999998 with timeout of 5s...
13-10-2024 21:55:57 - INFO - Setting Chmaber Zones to a= 0.2209199999999999, b= 0.25247999999999987, c= 0.28403999999999985, d= 0.3155999999999998 request successfully sent.
13-10-2024 21:55:57 - INFO - Response from moonraker: {'result': 'ok'}
13-10-2024 21:55:57 - INFO - Setting Chmaber Zones to a= 0.2209199999999999, b= 0.25247999999999987, c= 0.28403999999999985, d= 0.3155999999999998 Request successfully executed.
13-10-2024 21:55:58 - INFO - Sending request to Setting Chmaber Zones to a= 0.22303399999999976, b= 0.25489599999999973, c= 0.2867579999999997, d= 0.3186199999999996 with timeout of 5s...
13-10-2024 21:55:58 - INFO - Setting Chmaber Zones to a= 0.22303399999999976, b= 0.25489599999999973, c= 0.2867579999999997, d= 0.3186199999999996 request successfully sent.
13-10-2024 21:55:58 - INFO - Response from moonraker: {'result': 'ok'}
13-10-2024 21:55:58 - INFO - Setting Chmaber Zones to a= 0.22303399999999976, b= 0.25489599999999973, c= 0.2867579999999997, d= 0.3186199999999996 Request successfully executed.
13-10-2024 21:55:58 - INFO - Sending request to Setting Chmaber Zones to a= 0.2223199999999997, b= 0.2540799999999997, c= 0.28583999999999965, d= 0.3175999999999996 with timeout of 5s...
13-10-2024 21:55:58 - INFO - Setting Chmaber Zones to a= 0.2223199999999997, b= 0.2540799999999997, c= 0.28583999999999965, d= 0.3175999999999996 request successfully sent.
13-10-2024 21:55:58 - INFO - Response from moonraker: {'result': 'ok'}
13-10-2024 21:55:58 - INFO - Setting Chmaber Zones to a= 0.2223199999999997, b= 0.2540799999999997, c= 0.28583999999999965, d= 0.3175999999999996 Request successfully executed.
13-10-2024 21:55:58 - INFO - Sending request to Setting Chmaber Zones to a= 0.2216199999999997, b= 0.25327999999999967, c= 0.28493999999999964, d= 0.3165999999999996 with timeout of 5s...
13-10-2024 21:55:58 - INFO - Setting Chmaber Zones to a= 0.2216199999999997, b= 0.25327999999999967, c= 0.28493999999999964, d= 0.3165999999999996 request successfully sent.
13-10-2024 21:55:58 - INFO - Response from moonraker: {'result': 'ok'}
13-10-2024 21:55:58 - INFO - Setting Chmaber Zones to a= 0.2216199999999997, b= 0.25327999999999967, c= 0.28493999999999964, d= 0.3165999999999996 Request successfully executed.
13-10-2024 21:55:58 - INFO - Sending request to Setting Chmaber Zones to a= 0.22091999999999973, b= 0.2524799999999997, c= 0.2840399999999996, d= 0.3155999999999996 with timeout of 5s...
13-10-2024 21:55:58 - INFO - Setting Chmaber Zones to a= 0.22091999999999973, b= 0.2524799999999997, c= 0.2840399999999996, d= 0.3155999999999996 request successfully sent.
13-10-2024 21:55:58 - INFO - Response from moonraker: {'result': 'ok'}
13-10-2024 21:55:58 - INFO - Setting Chmaber Zones to a= 0.22091999999999973, b= 0.2524799999999997, c= 0.2840399999999996, d= 0.3155999999999996 Request successfully executed.
13-10-2024 21:55:58 - INFO - Sending request to Setting Chmaber Zones to a= 0.22021999999999975, b= 0.2516799999999997, c= 0.28313999999999967, d= 0.3145999999999996 with timeout of 5s...
13-10-2024 21:55:58 - INFO - Setting Chmaber Zones to a= 0.22021999999999975, b= 0.2516799999999997, c= 0.28313999999999967, d= 0.3145999999999996 request successfully sent.
13-10-2024 21:55:58 - INFO - Response from moonraker: {'result': 'ok'}
13-10-2024 21:55:58 - INFO - Setting Chmaber Zones to a= 0.22021999999999975, b= 0.2516799999999997, c= 0.28313999999999967, d= 0.3145999999999996 Request successfully executed.
13-10-2024 21:55:59 - INFO - Sending request to Setting Chmaber Zones to a= 0.21951999999999974, b= 0.2508799999999997, c= 0.28223999999999966, d= 0.3135999999999996 with timeout of 5s...
13-10-2024 21:55:59 - INFO - Setting Chmaber Zones to a= 0.21951999999999974, b= 0.2508799999999997, c= 0.28223999999999966, d= 0.3135999999999996 request successfully sent.
13-10-2024 21:55:59 - INFO - Response from moonraker: {'result': 'ok'}
13-10-2024 21:55:59 - INFO - Setting Chmaber Zones to a= 0.21951999999999974, b= 0.2508799999999997, c= 0.28223999999999966, d= 0.3135999999999996 Request successfully executed.
13-10-2024 21:55:59 - INFO - Sending request to Setting Chmaber Zones to a= 0.21881999999999974, b= 0.2500799999999997, c= 0.28133999999999965, d= 0.3125999999999996 with timeout of 5s...
13-10-2024 21:55:59 - INFO - Setting Chmaber Zones to a= 0.21881999999999974, b= 0.2500799999999997, c= 0.28133999999999965, d= 0.3125999999999996 request successfully sent.
13-10-2024 21:55:59 - INFO - Response from moonraker: {'result': 'ok'}
13-10-2024 21:55:59 - INFO - Setting Chmaber Zones to a= 0.21881999999999974, b= 0.2500799999999997, c= 0.28133999999999965, d= 0.3125999999999996 Request successfully executed.
13-10-2024 21:55:59 - INFO - Sending request to Setting Chmaber Zones to a= 0.21811999999999973, b= 0.2492799999999997, c= 0.28043999999999963, d= 0.3115999999999996 with timeout of 5s...
13-10-2024 21:55:59 - INFO - Setting Chmaber Zones to a= 0.21811999999999973, b= 0.2492799999999997, c= 0.28043999999999963, d= 0.3115999999999996 request successfully sent.
13-10-2024 21:55:59 - INFO - Response from moonraker: {'result': 'ok'}
13-10-2024 21:55:59 - INFO - Setting Chmaber Zones to a= 0.21811999999999973, b= 0.2492799999999997, c= 0.28043999999999963, d= 0.3115999999999996 Request successfully executed.
13-10-2024 21:55:59 - INFO - Sending request to Setting Chmaber Zones to a= 0.21741999999999972, b= 0.24847999999999967, c= 0.2795399999999997, d= 0.3105999999999996 with timeout of 5s...
13-10-2024 21:55:59 - INFO - Setting Chmaber Zones to a= 0.21741999999999972, b= 0.24847999999999967, c= 0.2795399999999997, d= 0.3105999999999996 request successfully sent.
13-10-2024 21:55:59 - INFO - Response from moonraker: {'result': 'ok'}
13-10-2024 21:55:59 - INFO - Setting Chmaber Zones to a= 0.21741999999999972, b= 0.24847999999999967, c= 0.2795399999999997, d= 0.3105999999999996 Request successfully executed.
13-10-2024 21:55:59 - INFO - Sending request to Setting Chmaber Zones to a= 0.21671999999999972, b= 0.24767999999999968, c= 0.27863999999999967, d= 0.3095999999999996 with timeout of 5s...
13-10-2024 21:55:59 - INFO - Setting Chmaber Zones to a= 0.21671999999999972, b= 0.24767999999999968, c= 0.27863999999999967, d= 0.3095999999999996 request successfully sent.
13-10-2024 21:55:59 - INFO - Response from moonraker: {'result': 'ok'}
13-10-2024 21:55:59 - INFO - Setting Chmaber Zones to a= 0.21671999999999972, b= 0.24767999999999968, c= 0.27863999999999967, d= 0.3095999999999996 Request successfully executed.
13-10-2024 21:56:00 - INFO - Sending request to Setting Chmaber Zones to a= 0.2160199999999997, b= 0.24687999999999966, c= 0.27773999999999965, d= 0.3085999999999996 with timeout of 5s...
13-10-2024 21:56:00 - INFO - Setting Chmaber Zones to a= 0.2160199999999997, b= 0.24687999999999966, c= 0.27773999999999965, d= 0.3085999999999996 request successfully sent.
13-10-2024 21:56:00 - INFO - Response from moonraker: {'result': 'ok'}
13-10-2024 21:56:00 - INFO - Setting Chmaber Zones to a= 0.2160199999999997, b= 0.24687999999999966, c= 0.27773999999999965, d= 0.3085999999999996 Request successfully executed.
13-10-2024 21:56:00 - INFO - Sending request to Setting Chmaber Zones to a= 0.2153199999999997, b= 0.2460799999999997, c= 0.27683999999999964, d= 0.3075999999999996 with timeout of 5s...
13-10-2024 21:56:00 - INFO - Setting Chmaber Zones to a= 0.2153199999999997, b= 0.2460799999999997, c= 0.27683999999999964, d= 0.3075999999999996 request successfully sent.
13-10-2024 21:56:00 - INFO - Response from moonraker: {'result': 'ok'}
13-10-2024 21:56:00 - INFO - Setting Chmaber Zones to a= 0.2153199999999997, b= 0.2460799999999997, c= 0.27683999999999964, d= 0.3075999999999996 Request successfully executed.
13-10-2024 21:56:00 - INFO - Sending request to Setting Chmaber Zones to a= 0.2146199999999997, b= 0.24527999999999966, c= 0.27593999999999963, d= 0.3065999999999996 with timeout of 5s...
13-10-2024 21:56:00 - INFO - Setting Chmaber Zones to a= 0.2146199999999997, b= 0.24527999999999966, c= 0.27593999999999963, d= 0.3065999999999996 request successfully sent.
13-10-2024 21:56:00 - INFO - Response from moonraker: {'result': 'ok'}
13-10-2024 21:56:00 - INFO - Setting Chmaber Zones to a= 0.2146199999999997, b= 0.24527999999999966, c= 0.27593999999999963, d= 0.3065999999999996 Request successfully executed.
13-10-2024 21:56:00 - INFO - Sending request to Setting Chmaber Zones to a= 0.21391999999999972, b= 0.2444799999999997, c= 0.2750399999999996, d= 0.3055999999999996 with timeout of 5s...
13-10-2024 21:56:00 - INFO - Setting Chmaber Zones to a= 0.21391999999999972, b= 0.2444799999999997, c= 0.2750399999999996, d= 0.3055999999999996 request successfully sent.
13-10-2024 21:56:00 - INFO - Response from moonraker: {'result': 'ok'}
13-10-2024 21:56:00 - INFO - Setting Chmaber Zones to a= 0.21391999999999972, b= 0.2444799999999997, c= 0.2750399999999996, d= 0.3055999999999996 Request successfully executed.
13-10-2024 21:56:00 - INFO - Sending request to Setting Chmaber Zones to a= 0.21321999999999972, b= 0.24367999999999967, c= 0.2741399999999996, d= 0.3045999999999996 with timeout of 5s...
13-10-2024 21:56:00 - INFO - Setting Chmaber Zones to a= 0.21321999999999972, b= 0.24367999999999967, c= 0.2741399999999996, d= 0.3045999999999996 request successfully sent.
13-10-2024 21:56:00 - INFO - Response from moonraker: {'result': 'ok'}
13-10-2024 21:56:00 - INFO - Setting Chmaber Zones to a= 0.21321999999999972, b= 0.24367999999999967, c= 0.2741399999999996, d= 0.3045999999999996 Request successfully executed.
13-10-2024 21:56:01 - INFO - Sending request to Setting Chmaber Zones to a= 0.2125199999999997, b= 0.24287999999999968, c= 0.27323999999999965, d= 0.3035999999999996 with timeout of 5s...
13-10-2024 21:56:01 - INFO - Setting Chmaber Zones to a= 0.2125199999999997, b= 0.24287999999999968, c= 0.27323999999999965, d= 0.3035999999999996 request successfully sent.
13-10-2024 21:56:01 - INFO - Response from moonraker: {'result': 'ok'}
13-10-2024 21:56:01 - INFO - Setting Chmaber Zones to a= 0.2125199999999997, b= 0.24287999999999968, c= 0.27323999999999965, d= 0.3035999999999996 Request successfully executed.
13-10-2024 21:56:01 - INFO - Sending request to Setting Chmaber Zones to a= 0.2118199999999997, b= 0.24207999999999966, c= 0.27233999999999964, d= 0.3025999999999996 with timeout of 5s...
13-10-2024 21:56:01 - INFO - Setting Chmaber Zones to a= 0.2118199999999997, b= 0.24207999999999966, c= 0.27233999999999964, d= 0.3025999999999996 request successfully sent.
13-10-2024 21:56:01 - INFO - Response from moonraker: {'result': 'ok'}
13-10-2024 21:56:01 - INFO - Setting Chmaber Zones to a= 0.2118199999999997, b= 0.24207999999999966, c= 0.27233999999999964, d= 0.3025999999999996 Request successfully executed.
13-10-2024 21:56:01 - INFO - Sending request to Setting Chmaber Zones to a= 0.2111199999999997, b= 0.2412799999999997, c= 0.2714399999999996, d= 0.3015999999999996 with timeout of 5s...
13-10-2024 21:56:01 - INFO - Setting Chmaber Zones to a= 0.2111199999999997, b= 0.2412799999999997, c= 0.2714399999999996, d= 0.3015999999999996 request successfully sent.
13-10-2024 21:56:01 - INFO - Response from moonraker: {'result': 'ok'}
13-10-2024 21:56:01 - INFO - Setting Chmaber Zones to a= 0.2111199999999997, b= 0.2412799999999997, c= 0.2714399999999996, d= 0.3015999999999996 Request successfully executed.
13-10-2024 21:56:01 - INFO - Sending request to Setting Chmaber Zones to a= 0.2104199999999997, b= 0.24047999999999967, c= 0.2705399999999996, d= 0.3005999999999996 with timeout of 5s...
13-10-2024 21:56:01 - INFO - Setting Chmaber Zones to a= 0.2104199999999997, b= 0.24047999999999967, c= 0.2705399999999996, d= 0.3005999999999996 request successfully sent.
13-10-2024 21:56:01 - INFO - Response from moonraker: {'result': 'ok'}
13-10-2024 21:56:01 - INFO - Setting Chmaber Zones to a= 0.2104199999999997, b= 0.24047999999999967, c= 0.2705399999999996, d= 0.3005999999999996 Request successfully executed.
13-10-2024 21:56:01 - INFO - Sending request to Setting Chmaber Zones to a= 0.20971999999999974, b= 0.23967999999999967, c= 0.26963999999999966, d= 0.2995999999999996 with timeout of 5s...
13-10-2024 21:56:01 - INFO - Setting Chmaber Zones to a= 0.20971999999999974, b= 0.23967999999999967, c= 0.26963999999999966, d= 0.2995999999999996 request successfully sent.
13-10-2024 21:56:01 - INFO - Response from moonraker: {'result': 'ok'}
13-10-2024 21:56:01 - INFO - Setting Chmaber Zones to a= 0.20971999999999974, b= 0.23967999999999967, c= 0.26963999999999966, d= 0.2995999999999996 Request successfully executed.
13-10-2024 21:56:02 - INFO - Sending request to Setting Chmaber Zones to a= 0.20901999999999973, b= 0.23887999999999965, c= 0.26873999999999965, d= 0.2985999999999996 with timeout of 5s...
13-10-2024 21:56:02 - INFO - Setting Chmaber Zones to a= 0.20901999999999973, b= 0.23887999999999965, c= 0.26873999999999965, d= 0.2985999999999996 request successfully sent.
13-10-2024 21:56:02 - INFO - Response from moonraker: {'result': 'ok'}
13-10-2024 21:56:02 - INFO - Setting Chmaber Zones to a= 0.20901999999999973, b= 0.23887999999999965, c= 0.26873999999999965, d= 0.2985999999999996 Request successfully executed.
13-10-2024 21:56:02 - INFO - Sending request to Setting Chmaber Zones to a= 0.20831999999999973, b= 0.23807999999999968, c= 0.26783999999999963, d= 0.2975999999999996 with timeout of 5s...
13-10-2024 21:56:02 - INFO - Setting Chmaber Zones to a= 0.20831999999999973, b= 0.23807999999999968, c= 0.26783999999999963, d= 0.2975999999999996 request successfully sent.
13-10-2024 21:56:02 - INFO - Response from moonraker: {'result': 'ok'}
13-10-2024 21:56:02 - INFO - Setting Chmaber Zones to a= 0.20831999999999973, b= 0.23807999999999968, c= 0.26783999999999963, d= 0.2975999999999996 Request successfully executed.
13-10-2024 21:56:02 - INFO - Sending request to Setting Chmaber Zones to a= 0.20761999999999972, b= 0.23727999999999966, c= 0.2669399999999996, d= 0.2965999999999996 with timeout of 5s...
13-10-2024 21:56:02 - INFO - Setting Chmaber Zones to a= 0.20761999999999972, b= 0.23727999999999966, c= 0.2669399999999996, d= 0.2965999999999996 request successfully sent.
13-10-2024 21:56:02 - INFO - Response from moonraker: {'result': 'ok'}
13-10-2024 21:56:02 - INFO - Setting Chmaber Zones to a= 0.20761999999999972, b= 0.23727999999999966, c= 0.2669399999999996, d= 0.2965999999999996 Request successfully executed.
13-10-2024 21:56:02 - INFO - Sending request to Setting Chmaber Zones to a= 0.20691999999999972, b= 0.2364799999999997, c= 0.2660399999999996, d= 0.2955999999999996 with timeout of 5s...
13-10-2024 21:56:02 - INFO - Setting Chmaber Zones to a= 0.20691999999999972, b= 0.2364799999999997, c= 0.2660399999999996, d= 0.2955999999999996 request successfully sent.
13-10-2024 21:56:02 - INFO - Response from moonraker: {'result': 'ok'}
13-10-2024 21:56:02 - INFO - Setting Chmaber Zones to a= 0.20691999999999972, b= 0.2364799999999997, c= 0.2660399999999996, d= 0.2955999999999996 Request successfully executed.
13-10-2024 21:56:02 - INFO - Sending request to Setting Chmaber Zones to a= 0.2062199999999997, b= 0.23567999999999967, c= 0.26513999999999965, d= 0.2945999999999996 with timeout of 5s...
13-10-2024 21:56:02 - INFO - Setting Chmaber Zones to a= 0.2062199999999997, b= 0.23567999999999967, c= 0.26513999999999965, d= 0.2945999999999996 request successfully sent.
13-10-2024 21:56:02 - INFO - Response from moonraker: {'result': 'ok'}
13-10-2024 21:56:02 - INFO - Setting Chmaber Zones to a= 0.2062199999999997, b= 0.23567999999999967, c= 0.26513999999999965, d= 0.2945999999999996 Request successfully executed.
13-10-2024 21:56:03 - INFO - Sending request to Setting Chmaber Zones to a= 0.2055199999999997, b= 0.23487999999999967, c= 0.26423999999999964, d= 0.2935999999999996 with timeout of 5s...
13-10-2024 21:56:03 - INFO - Setting Chmaber Zones to a= 0.2055199999999997, b= 0.23487999999999967, c= 0.26423999999999964, d= 0.2935999999999996 request successfully sent.
13-10-2024 21:56:03 - INFO - Response from moonraker: {'result': 'ok'}
13-10-2024 21:56:03 - INFO - Setting Chmaber Zones to a= 0.2055199999999997, b= 0.23487999999999967, c= 0.26423999999999964, d= 0.2935999999999996 Request successfully executed.
13-10-2024 21:56:03 - INFO - Sending request to Setting Chmaber Zones to a= 0.2048199999999997, b= 0.23407999999999965, c= 0.26333999999999963, d= 0.2925999999999996 with timeout of 5s...
13-10-2024 21:56:03 - INFO - Setting Chmaber Zones to a= 0.2048199999999997, b= 0.23407999999999965, c= 0.26333999999999963, d= 0.2925999999999996 request successfully sent.
13-10-2024 21:56:03 - INFO - Response from moonraker: {'result': 'ok'}
13-10-2024 21:56:03 - INFO - Setting Chmaber Zones to a= 0.2048199999999997, b= 0.23407999999999965, c= 0.26333999999999963, d= 0.2925999999999996 Request successfully executed.
13-10-2024 21:56:03 - INFO - Sending request to Setting Chmaber Zones to a= 0.20411999999999972, b= 0.23327999999999968, c= 0.2624399999999996, d= 0.2915999999999996 with timeout of 5s...
13-10-2024 21:56:03 - INFO - Setting Chmaber Zones to a= 0.20411999999999972, b= 0.23327999999999968, c= 0.2624399999999996, d= 0.2915999999999996 request successfully sent.
13-10-2024 21:56:03 - INFO - Response from moonraker: {'result': 'ok'}
13-10-2024 21:56:03 - INFO - Setting Chmaber Zones to a= 0.20411999999999972, b= 0.23327999999999968, c= 0.2624399999999996, d= 0.2915999999999996 Request successfully executed.
13-10-2024 21:56:03 - INFO - Sending request to Setting Chmaber Zones to a= 0.2034199999999997, b= 0.23247999999999966, c= 0.2615399999999996, d= 0.2905999999999996 with timeout of 5s...
13-10-2024 21:56:03 - INFO - Setting Chmaber Zones to a= 0.2034199999999997, b= 0.23247999999999966, c= 0.2615399999999996, d= 0.2905999999999996 request successfully sent.
13-10-2024 21:56:03 - INFO - Response from moonraker: {'result': 'ok'}
13-10-2024 21:56:03 - INFO - Setting Chmaber Zones to a= 0.2034199999999997, b= 0.23247999999999966, c= 0.2615399999999996, d= 0.2905999999999996 Request successfully executed.
13-10-2024 21:56:03 - INFO - Sending request to Setting Chmaber Zones to a= 0.2027199999999997, b= 0.23167999999999966, c= 0.2606399999999996, d= 0.2895999999999996 with timeout of 5s...
13-10-2024 21:56:03 - INFO - Setting Chmaber Zones to a= 0.2027199999999997, b= 0.23167999999999966, c= 0.2606399999999996, d= 0.2895999999999996 request successfully sent.
13-10-2024 21:56:03 - INFO - Response from moonraker: {'result': 'ok'}
13-10-2024 21:56:03 - INFO - Setting Chmaber Zones to a= 0.2027199999999997, b= 0.23167999999999966, c= 0.2606399999999996, d= 0.2895999999999996 Request successfully executed.
13-10-2024 21:56:04 - INFO - Sending request to Setting Chmaber Zones to a= 0.2020199999999997, b= 0.23087999999999964, c= 0.25973999999999964, d= 0.2885999999999996 with timeout of 5s...
13-10-2024 21:56:04 - INFO - Setting Chmaber Zones to a= 0.2020199999999997, b= 0.23087999999999964, c= 0.25973999999999964, d= 0.2885999999999996 request successfully sent.
13-10-2024 21:56:04 - INFO - Response from moonraker: {'result': 'ok'}
13-10-2024 21:56:04 - INFO - Setting Chmaber Zones to a= 0.2020199999999997, b= 0.23087999999999964, c= 0.25973999999999964, d= 0.2885999999999996 Request successfully executed.
13-10-2024 21:56:04 - INFO - Sending request to Setting Chmaber Zones to a= 0.2013199999999997, b= 0.23007999999999967, c= 0.2588399999999996, d= 0.2875999999999996 with timeout of 5s...
13-10-2024 21:56:04 - INFO - Setting Chmaber Zones to a= 0.2013199999999997, b= 0.23007999999999967, c= 0.2588399999999996, d= 0.2875999999999996 request successfully sent.
13-10-2024 21:56:04 - INFO - Response from moonraker: {'result': 'ok'}
13-10-2024 21:56:04 - INFO - Setting Chmaber Zones to a= 0.2013199999999997, b= 0.23007999999999967, c= 0.2588399999999996, d= 0.2875999999999996 Request successfully executed.
13-10-2024 21:56:04 - INFO - Sending request to Setting Chmaber Zones to a= 0.2006199999999997, b= 0.22927999999999965, c= 0.2579399999999996, d= 0.2865999999999996 with timeout of 5s...
13-10-2024 21:56:04 - INFO - Setting Chmaber Zones to a= 0.2006199999999997, b= 0.22927999999999965, c= 0.2579399999999996, d= 0.2865999999999996 request successfully sent.
13-10-2024 21:56:04 - INFO - Response from moonraker: {'result': 'ok'}
13-10-2024 21:56:04 - INFO - Setting Chmaber Zones to a= 0.2006199999999997, b= 0.22927999999999965, c= 0.2579399999999996, d= 0.2865999999999996 Request successfully executed.
13-10-2024 21:56:04 - INFO - Sending request to Setting Chmaber Zones to a= 0.19991999999999968, b= 0.22847999999999968, c= 0.2570399999999996, d= 0.2855999999999996 with timeout of 5s...
13-10-2024 21:56:04 - INFO - Setting Chmaber Zones to a= 0.19991999999999968, b= 0.22847999999999968, c= 0.2570399999999996, d= 0.2855999999999996 request successfully sent.
13-10-2024 21:56:04 - INFO - Response from moonraker: {'result': 'ok'}
13-10-2024 21:56:04 - INFO - Setting Chmaber Zones to a= 0.19991999999999968, b= 0.22847999999999968, c= 0.2570399999999996, d= 0.2855999999999996 Request successfully executed.
13-10-2024 21:56:04 - INFO - Sending request to Setting Chmaber Zones to a= 0.19921999999999968, b= 0.22767999999999966, c= 0.2561399999999996, d= 0.2845999999999996 with timeout of 5s...
13-10-2024 21:56:04 - INFO - Setting Chmaber Zones to a= 0.19921999999999968, b= 0.22767999999999966, c= 0.2561399999999996, d= 0.2845999999999996 request successfully sent.
13-10-2024 21:56:04 - INFO - Response from moonraker: {'result': 'ok'}
13-10-2024 21:56:04 - INFO - Setting Chmaber Zones to a= 0.19921999999999968, b= 0.22767999999999966, c= 0.2561399999999996, d= 0.2845999999999996 Request successfully executed.
13-10-2024 21:56:05 - INFO - Sending request to Setting Chmaber Zones to a= 0.19851999999999972, b= 0.22687999999999967, c= 0.25523999999999963, d= 0.2835999999999996 with timeout of 5s...
13-10-2024 21:56:05 - INFO - Setting Chmaber Zones to a= 0.19851999999999972, b= 0.22687999999999967, c= 0.25523999999999963, d= 0.2835999999999996 request successfully sent.
13-10-2024 21:56:05 - INFO - Response from moonraker: {'result': 'ok'}
13-10-2024 21:56:05 - INFO - Setting Chmaber Zones to a= 0.19851999999999972, b= 0.22687999999999967, c= 0.25523999999999963, d= 0.2835999999999996 Request successfully executed.
13-10-2024 21:56:05 - INFO - Sending request to Setting Chmaber Zones to a= 0.19781999999999972, b= 0.22607999999999964, c= 0.2543399999999996, d= 0.2825999999999996 with timeout of 5s...
13-10-2024 21:56:05 - INFO - Setting Chmaber Zones to a= 0.19781999999999972, b= 0.22607999999999964, c= 0.2543399999999996, d= 0.2825999999999996 request successfully sent.
13-10-2024 21:56:05 - INFO - Response from moonraker: {'result': 'ok'}
13-10-2024 21:56:05 - INFO - Setting Chmaber Zones to a= 0.19781999999999972, b= 0.22607999999999964, c= 0.2543399999999996, d= 0.2825999999999996 Request successfully executed.
13-10-2024 21:56:05 - INFO - Sending request to Setting Chmaber Zones to a= 0.1971199999999997, b= 0.22527999999999967, c= 0.2534399999999996, d= 0.2815999999999996 with timeout of 5s...
13-10-2024 21:56:05 - INFO - Setting Chmaber Zones to a= 0.1971199999999997, b= 0.22527999999999967, c= 0.2534399999999996, d= 0.2815999999999996 request successfully sent.
13-10-2024 21:56:05 - INFO - Response from moonraker: {'result': 'ok'}
13-10-2024 21:56:05 - INFO - Setting Chmaber Zones to a= 0.1971199999999997, b= 0.22527999999999967, c= 0.2534399999999996, d= 0.2815999999999996 Request successfully executed.
13-10-2024 21:56:05 - INFO - Sending request to Setting Chmaber Zones to a= 0.1964199999999997, b= 0.22447999999999965, c= 0.2525399999999996, d= 0.28059999999999957 with timeout of 5s...
13-10-2024 21:56:05 - INFO - Setting Chmaber Zones to a= 0.1964199999999997, b= 0.22447999999999965, c= 0.2525399999999996, d= 0.28059999999999957 request successfully sent.
13-10-2024 21:56:05 - INFO - Response from moonraker: {'result': 'ok'}
13-10-2024 21:56:05 - INFO - Setting Chmaber Zones to a= 0.1964199999999997, b= 0.22447999999999965, c= 0.2525399999999996, d= 0.28059999999999957 Request successfully executed.
13-10-2024 21:56:05 - INFO - Sending request to Setting Chmaber Zones to a= 0.1957199999999997, b= 0.22367999999999966, c= 0.25163999999999964, d= 0.27959999999999957 with timeout of 5s...
13-10-2024 21:56:05 - INFO - Setting Chmaber Zones to a= 0.1957199999999997, b= 0.22367999999999966, c= 0.25163999999999964, d= 0.27959999999999957 request successfully sent.
13-10-2024 21:56:05 - INFO - Response from moonraker: {'result': 'ok'}
13-10-2024 21:56:05 - INFO - Setting Chmaber Zones to a= 0.1957199999999997, b= 0.22367999999999966, c= 0.25163999999999964, d= 0.27959999999999957 Request successfully executed.
13-10-2024 21:56:06 - INFO - Sending request to Setting Chmaber Zones to a= 0.1950199999999997, b= 0.22287999999999963, c= 0.25073999999999963, d= 0.27859999999999957 with timeout of 5s...
13-10-2024 21:56:06 - INFO - Setting Chmaber Zones to a= 0.1950199999999997, b= 0.22287999999999963, c= 0.25073999999999963, d= 0.27859999999999957 request successfully sent.
13-10-2024 21:56:06 - INFO - Response from moonraker: {'result': 'ok'}
13-10-2024 21:56:06 - INFO - Setting Chmaber Zones to a= 0.1950199999999997, b= 0.22287999999999963, c= 0.25073999999999963, d= 0.27859999999999957 Request successfully executed.
13-10-2024 21:56:06 - INFO - Sending request to Setting Chmaber Zones to a= 0.20008799999999938, b= 0.22867199999999926, c= 0.2572559999999992, d= 0.2858399999999991 with timeout of 5s...
13-10-2024 21:56:06 - INFO - Setting Chmaber Zones to a= 0.20008799999999938, b= 0.22867199999999926, c= 0.2572559999999992, d= 0.2858399999999991 request successfully sent.
13-10-2024 21:56:06 - INFO - Response from moonraker: {'result': 'ok'}
13-10-2024 21:56:06 - INFO - Setting Chmaber Zones to a= 0.20008799999999938, b= 0.22867199999999926, c= 0.2572559999999992, d= 0.2858399999999991 Request successfully executed.
13-10-2024 21:56:06 - INFO - Sending request to Setting Chmaber Zones to a= 0.20526799999999984, b= 0.2345919999999998, c= 0.2639159999999998, d= 0.2932399999999998 with timeout of 5s...
13-10-2024 21:56:06 - INFO - Setting Chmaber Zones to a= 0.20526799999999984, b= 0.2345919999999998, c= 0.2639159999999998, d= 0.2932399999999998 request successfully sent.
13-10-2024 21:56:06 - INFO - Response from moonraker: {'result': 'ok'}
13-10-2024 21:56:06 - INFO - Setting Chmaber Zones to a= 0.20526799999999984, b= 0.2345919999999998, c= 0.2639159999999998, d= 0.2932399999999998 Request successfully executed.
13-10-2024 21:56:06 - INFO - Sending request to Setting Chmaber Zones to a= 0.2048199999999998, b= 0.2340799999999998, c= 0.2633399999999998, d= 0.29259999999999975 with timeout of 5s...
13-10-2024 21:56:06 - INFO - Setting Chmaber Zones to a= 0.2048199999999998, b= 0.2340799999999998, c= 0.2633399999999998, d= 0.29259999999999975 request successfully sent.
13-10-2024 21:56:06 - INFO - Response from moonraker: {'result': 'ok'}
13-10-2024 21:56:06 - INFO - Setting Chmaber Zones to a= 0.2048199999999998, b= 0.2340799999999998, c= 0.2633399999999998, d= 0.29259999999999975 Request successfully executed.
13-10-2024 21:56:06 - INFO - Sending request to Setting Chmaber Zones to a= 0.2072839999999997, b= 0.23689599999999963, c= 0.26650799999999963, d= 0.29611999999999955 with timeout of 5s...
13-10-2024 21:56:06 - INFO - Setting Chmaber Zones to a= 0.2072839999999997, b= 0.23689599999999963, c= 0.26650799999999963, d= 0.29611999999999955 request successfully sent.
13-10-2024 21:56:06 - INFO - Response from moonraker: {'result': 'ok'}
13-10-2024 21:56:06 - INFO - Setting Chmaber Zones to a= 0.2072839999999997, b= 0.23689599999999963, c= 0.26650799999999963, d= 0.29611999999999955 Request successfully executed.
13-10-2024 21:56:07 - INFO - Sending request to Setting Chmaber Zones to a= 0.20980399999999957, b= 0.2397759999999995, c= 0.26974799999999943, d= 0.2997199999999994 with timeout of 5s...
13-10-2024 21:56:07 - INFO - Setting Chmaber Zones to a= 0.20980399999999957, b= 0.2397759999999995, c= 0.26974799999999943, d= 0.2997199999999994 request successfully sent.
13-10-2024 21:56:07 - INFO - Response from moonraker: {'result': 'ok'}
13-10-2024 21:56:07 - INFO - Setting Chmaber Zones to a= 0.20980399999999957, b= 0.2397759999999995, c= 0.26974799999999943, d= 0.2997199999999994 Request successfully executed.
13-10-2024 21:56:07 - INFO - Sending request to Setting Chmaber Zones to a= 0.20950999999999959, b= 0.23943999999999954, c= 0.26936999999999944, d= 0.2992999999999994 with timeout of 5s...
13-10-2024 21:56:07 - INFO - Setting Chmaber Zones to a= 0.20950999999999959, b= 0.23943999999999954, c= 0.26936999999999944, d= 0.2992999999999994 request successfully sent.
13-10-2024 21:56:07 - INFO - Response from moonraker: {'result': 'ok'}
13-10-2024 21:56:07 - INFO - Setting Chmaber Zones to a= 0.20950999999999959, b= 0.23943999999999954, c= 0.26936999999999944, d= 0.2992999999999994 Request successfully executed.
13-10-2024 21:56:07 - INFO - Sending request to Setting Chmaber Zones to a= 0.20922999999999956, b= 0.2391199999999995, c= 0.26900999999999947, d= 0.2988999999999994 with timeout of 5s...
13-10-2024 21:56:07 - INFO - Setting Chmaber Zones to a= 0.20922999999999956, b= 0.2391199999999995, c= 0.26900999999999947, d= 0.2988999999999994 request successfully sent.
13-10-2024 21:56:07 - INFO - Response from moonraker: {'result': 'ok'}
13-10-2024 21:56:07 - INFO - Setting Chmaber Zones to a= 0.20922999999999956, b= 0.2391199999999995, c= 0.26900999999999947, d= 0.2988999999999994 Request successfully executed.
13-10-2024 21:56:07 - INFO - Sending request to Setting Chmaber Zones to a= 0.42909999999999937, b= 0.4903999999999993, c= 0.5516999999999992, d= 0.6129999999999991 with timeout of 5s...
13-10-2024 21:56:07 - INFO - Setting Chmaber Zones to a= 0.42909999999999937, b= 0.4903999999999993, c= 0.5516999999999992, d= 0.6129999999999991 request successfully sent.
13-10-2024 21:56:07 - INFO - Response from moonraker: {'result': 'ok'}
13-10-2024 21:56:07 - INFO - Setting Chmaber Zones to a= 0.42909999999999937, b= 0.4903999999999993, c= 0.5516999999999992, d= 0.6129999999999991 Request successfully executed.
13-10-2024 21:56:07 - INFO - Sending request to Setting Chmaber Zones to a= 0.42558599999999946, b= 0.4863839999999995, c= 0.5471819999999994, d= 0.6079799999999993 with timeout of 5s...
13-10-2024 21:56:07 - INFO - Setting Chmaber Zones to a= 0.42558599999999946, b= 0.4863839999999995, c= 0.5471819999999994, d= 0.6079799999999993 request successfully sent.
13-10-2024 21:56:07 - INFO - Response from moonraker: {'result': 'ok'}
13-10-2024 21:56:07 - INFO - Setting Chmaber Zones to a= 0.42558599999999946, b= 0.4863839999999995, c= 0.5471819999999994, d= 0.6079799999999993 Request successfully executed.
13-10-2024 21:56:08 - INFO - Sending request to Setting Chmaber Zones to a= 0.4248999999999995, b= 0.4855999999999995, c= 0.5462999999999993, d= 0.6069999999999993 with timeout of 5s...
13-10-2024 21:56:08 - INFO - Setting Chmaber Zones to a= 0.4248999999999995, b= 0.4855999999999995, c= 0.5462999999999993, d= 0.6069999999999993 request successfully sent.
13-10-2024 21:56:08 - INFO - Response from moonraker: {'result': 'ok'}
13-10-2024 21:56:08 - INFO - Setting Chmaber Zones to a= 0.4248999999999995, b= 0.4855999999999995, c= 0.5462999999999993, d= 0.6069999999999993 Request successfully executed.
13-10-2024 21:56:08 - INFO - Sending request to Setting Chmaber Zones to a= 0.4241999999999995, b= 0.48479999999999945, c= 0.5453999999999993, d= 0.6059999999999993 with timeout of 5s...
13-10-2024 21:56:08 - INFO - Setting Chmaber Zones to a= 0.4241999999999995, b= 0.48479999999999945, c= 0.5453999999999993, d= 0.6059999999999993 request successfully sent.
13-10-2024 21:56:08 - INFO - Response from moonraker: {'result': 'ok'}
13-10-2024 21:56:08 - INFO - Setting Chmaber Zones to a= 0.4241999999999995, b= 0.48479999999999945, c= 0.5453999999999993, d= 0.6059999999999993 Request successfully executed.
13-10-2024 21:56:08 - INFO - Sending request to Setting Chmaber Zones to a= 0.4205459999999996, b= 0.48062399999999955, c= 0.5407019999999995, d= 0.6007799999999994 with timeout of 5s...
13-10-2024 21:56:08 - INFO - Setting Chmaber Zones to a= 0.4205459999999996, b= 0.48062399999999955, c= 0.5407019999999995, d= 0.6007799999999994 request successfully sent.
13-10-2024 21:56:08 - INFO - Response from moonraker: {'result': 'ok'}
13-10-2024 21:56:08 - INFO - Setting Chmaber Zones to a= 0.4205459999999996, b= 0.48062399999999955, c= 0.5407019999999995, d= 0.6007799999999994 Request successfully executed.
13-10-2024 21:56:08 - INFO - Sending request to Setting Chmaber Zones to a= 0.41971999999999965, b= 0.4796799999999996, c= 0.5396399999999995, d= 0.5995999999999995 with timeout of 5s...
13-10-2024 21:56:08 - INFO - Setting Chmaber Zones to a= 0.41971999999999965, b= 0.4796799999999996, c= 0.5396399999999995, d= 0.5995999999999995 request successfully sent.
13-10-2024 21:56:08 - INFO - Response from moonraker: {'result': 'ok'}
13-10-2024 21:56:08 - INFO - Setting Chmaber Zones to a= 0.41971999999999965, b= 0.4796799999999996, c= 0.5396399999999995, d= 0.5995999999999995 Request successfully executed.
13-10-2024 21:56:08 - INFO - Sending request to Setting Chmaber Zones to a= 0.39820199999999906, b= 0.45508799999999894, c= 0.5119739999999988, d= 0.5688599999999987 with timeout of 5s...
13-10-2024 21:56:08 - INFO - Setting Chmaber Zones to a= 0.39820199999999906, b= 0.45508799999999894, c= 0.5119739999999988, d= 0.5688599999999987 request successfully sent.
13-10-2024 21:56:08 - INFO - Response from moonraker: {'result': 'ok'}
13-10-2024 21:56:08 - INFO - Setting Chmaber Zones to a= 0.39820199999999906, b= 0.45508799999999894, c= 0.5119739999999988, d= 0.5688599999999987 Request successfully executed.
13-10-2024 21:56:09 - INFO - Sending request to Setting Chmaber Zones to a= 0.38761799999999963, b= 0.44299199999999955, c= 0.4983659999999995, d= 0.5537399999999995 with timeout of 5s...
13-10-2024 21:56:09 - INFO - Setting Chmaber Zones to a= 0.38761799999999963, b= 0.44299199999999955, c= 0.4983659999999995, d= 0.5537399999999995 request successfully sent.
13-10-2024 21:56:09 - INFO - Response from moonraker: {'result': 'ok'}
13-10-2024 21:56:09 - INFO - Setting Chmaber Zones to a= 0.38761799999999963, b= 0.44299199999999955, c= 0.4983659999999995, d= 0.5537399999999995 Request successfully executed.
13-10-2024 21:56:09 - INFO - Sending request to Setting Chmaber Zones to a= 0.3736039999999995, b= 0.42697599999999947, c= 0.4803479999999994, d= 0.5337199999999993 with timeout of 5s...
13-10-2024 21:56:09 - INFO - Setting Chmaber Zones to a= 0.3736039999999995, b= 0.42697599999999947, c= 0.4803479999999994, d= 0.5337199999999993 request successfully sent.
13-10-2024 21:56:09 - INFO - Response from moonraker: {'result': 'ok'}
13-10-2024 21:56:09 - INFO - Setting Chmaber Zones to a= 0.3736039999999995, b= 0.42697599999999947, c= 0.4803479999999994, d= 0.5337199999999993 Request successfully executed.
13-10-2024 21:56:09 - INFO - Sending request to Setting Chmaber Zones to a= 0.34131999999999946, b= 0.39007999999999937, c= 0.43883999999999934, d= 0.48759999999999926 with timeout of 5s...
13-10-2024 21:56:09 - INFO - Setting Chmaber Zones to a= 0.34131999999999946, b= 0.39007999999999937, c= 0.43883999999999934, d= 0.48759999999999926 request successfully sent.
13-10-2024 21:56:09 - INFO - Response from moonraker: {'result': 'ok'}
13-10-2024 21:56:09 - INFO - Setting Chmaber Zones to a= 0.34131999999999946, b= 0.39007999999999937, c= 0.43883999999999934, d= 0.48759999999999926 Request successfully executed.
13-10-2024 21:56:09 - INFO - Sending request to Setting Chmaber Zones to a= 0.3195359999999996, b= 0.36518399999999956, c= 0.4108319999999995, d= 0.45647999999999944 with timeout of 5s...
13-10-2024 21:56:09 - INFO - Setting Chmaber Zones to a= 0.3195359999999996, b= 0.36518399999999956, c= 0.4108319999999995, d= 0.45647999999999944 request successfully sent.
13-10-2024 21:56:09 - INFO - Response from moonraker: {'result': 'ok'}
13-10-2024 21:56:09 - INFO - Setting Chmaber Zones to a= 0.3195359999999996, b= 0.36518399999999956, c= 0.4108319999999995, d= 0.45647999999999944 Request successfully executed.
13-10-2024 21:56:09 - INFO - Sending request to Setting Chmaber Zones to a= 0.29685599999999984, b= 0.3392639999999998, c= 0.38167199999999973, d= 0.42407999999999973 with timeout of 5s...
13-10-2024 21:56:09 - INFO - Setting Chmaber Zones to a= 0.29685599999999984, b= 0.3392639999999998, c= 0.38167199999999973, d= 0.42407999999999973 request successfully sent.
13-10-2024 21:56:09 - INFO - Response from moonraker: {'result': 'ok'}
13-10-2024 21:56:09 - INFO - Setting Chmaber Zones to a= 0.29685599999999984, b= 0.3392639999999998, c= 0.38167199999999973, d= 0.42407999999999973 Request successfully executed.
13-10-2024 21:56:10 - INFO - Sending request to Setting Chmaber Zones to a= 0.2378879999999995, b= 0.2718719999999994, c= 0.3058559999999993, d= 0.33983999999999925 with timeout of 5s...
13-10-2024 21:56:10 - INFO - Setting Chmaber Zones to a= 0.2378879999999995, b= 0.2718719999999994, c= 0.3058559999999993, d= 0.33983999999999925 request successfully sent.
13-10-2024 21:56:10 - INFO - Response from moonraker: {'result': 'ok'}
13-10-2024 21:56:10 - INFO - Setting Chmaber Zones to a= 0.2378879999999995, b= 0.2718719999999994, c= 0.3058559999999993, d= 0.33983999999999925 Request successfully executed.
13-10-2024 21:56:10 - INFO - Sending request to Setting Chmaber Zones to a= 0.2297399999999995, b= 0.26255999999999946, c= 0.2953799999999993, d= 0.32819999999999927 with timeout of 5s...
13-10-2024 21:56:10 - INFO - Setting Chmaber Zones to a= 0.2297399999999995, b= 0.26255999999999946, c= 0.2953799999999993, d= 0.32819999999999927 request successfully sent.
13-10-2024 21:56:10 - INFO - Response from moonraker: {'result': 'ok'}
13-10-2024 21:56:10 - INFO - Setting Chmaber Zones to a= 0.2297399999999995, b= 0.26255999999999946, c= 0.2953799999999993, d= 0.32819999999999927 Request successfully executed.
13-10-2024 21:56:10 - INFO - Sending request to Setting Chmaber Zones to a= 0.20656999999999948, b= 0.2360799999999994, c= 0.2655899999999993, d= 0.29509999999999925 with timeout of 5s...
13-10-2024 21:56:10 - INFO - Setting Chmaber Zones to a= 0.20656999999999948, b= 0.2360799999999994, c= 0.2655899999999993, d= 0.29509999999999925 request successfully sent.
13-10-2024 21:56:10 - INFO - Response from moonraker: {'result': 'ok'}
13-10-2024 21:56:10 - INFO - Setting Chmaber Zones to a= 0.20656999999999948, b= 0.2360799999999994, c= 0.2655899999999993, d= 0.29509999999999925 Request successfully executed.
13-10-2024 21:56:10 - INFO - Sending request to Setting Chmaber Zones to a= 0.18276999999999943, b= 0.20887999999999937, c= 0.2349899999999993, d= 0.2610999999999992 with timeout of 5s...
13-10-2024 21:56:10 - INFO - Setting Chmaber Zones to a= 0.18276999999999943, b= 0.20887999999999937, c= 0.2349899999999993, d= 0.2610999999999992 request successfully sent.
13-10-2024 21:56:10 - INFO - Response from moonraker: {'result': 'ok'}
13-10-2024 21:56:10 - INFO - Setting Chmaber Zones to a= 0.18276999999999943, b= 0.20887999999999937, c= 0.2349899999999993, d= 0.2610999999999992 Request successfully executed.
13-10-2024 21:56:10 - INFO - Sending request to Setting Chmaber Zones to a= 0.15826999999999947, b= 0.1808799999999994, c= 0.20348999999999934, d= 0.22609999999999925 with timeout of 5s...
13-10-2024 21:56:10 - INFO - Setting Chmaber Zones to a= 0.15826999999999947, b= 0.1808799999999994, c= 0.20348999999999934, d= 0.22609999999999925 request successfully sent.
13-10-2024 21:56:10 - INFO - Response from moonraker: {'result': 'ok'}
13-10-2024 21:56:10 - INFO - Setting Chmaber Zones to a= 0.15826999999999947, b= 0.1808799999999994, c= 0.20348999999999934, d= 0.22609999999999925 Request successfully executed.
13-10-2024 21:56:11 - INFO - Sending request to Setting Chmaber Zones to a= 0.13602399999999937, b= 0.15545599999999926, c= 0.17488799999999916, d= 0.19431999999999905 with timeout of 5s...
13-10-2024 21:56:11 - INFO - Setting Chmaber Zones to a= 0.13602399999999937, b= 0.15545599999999926, c= 0.17488799999999916, d= 0.19431999999999905 request successfully sent.
13-10-2024 21:56:11 - INFO - Response from moonraker: {'result': 'ok'}
13-10-2024 21:56:11 - INFO - Setting Chmaber Zones to a= 0.13602399999999937, b= 0.15545599999999926, c= 0.17488799999999916, d= 0.19431999999999905 Request successfully executed.
13-10-2024 21:56:11 - INFO - Sending request to Setting Chmaber Zones to a= 0.10729599999999945, b= 0.12262399999999936, c= 0.13795199999999927, d= 0.1532799999999992 with timeout of 5s...
13-10-2024 21:56:11 - INFO - Setting Chmaber Zones to a= 0.10729599999999945, b= 0.12262399999999936, c= 0.13795199999999927, d= 0.1532799999999992 request successfully sent.
13-10-2024 21:56:11 - INFO - Response from moonraker: {'result': 'ok'}
13-10-2024 21:56:11 - INFO - Setting Chmaber Zones to a= 0.10729599999999945, b= 0.12262399999999936, c= 0.13795199999999927, d= 0.1532799999999992 Request successfully executed.
13-10-2024 21:56:11 - INFO - Sending request to Setting Chmaber Zones to a= 0.09547999999999947, b= 0.10911999999999938, c= 0.12275999999999933, d= 0.13639999999999924 with timeout of 5s...
13-10-2024 21:56:11 - INFO - Setting Chmaber Zones to a= 0.09547999999999947, b= 0.10911999999999938, c= 0.12275999999999933, d= 0.13639999999999924 request successfully sent.
13-10-2024 21:56:11 - INFO - Response from moonraker: {'result': 'ok'}
13-10-2024 21:56:11 - INFO - Setting Chmaber Zones to a= 0.09547999999999947, b= 0.10911999999999938, c= 0.12275999999999933, d= 0.13639999999999924 Request successfully executed.
13-10-2024 21:56:11 - INFO - Sending request to Setting Chmaber Zones to a= 0.08357999999999946, b= 0.0955199999999994, c= 0.1074599999999993, d= 0.11939999999999923 with timeout of 5s...
13-10-2024 21:56:11 - INFO - Setting Chmaber Zones to a= 0.08357999999999946, b= 0.0955199999999994, c= 0.1074599999999993, d= 0.11939999999999923 request successfully sent.
13-10-2024 21:56:11 - INFO - Response from moonraker: {'result': 'ok'}
13-10-2024 21:56:11 - INFO - Setting Chmaber Zones to a= 0.08357999999999946, b= 0.0955199999999994, c= 0.1074599999999993, d= 0.11939999999999923 Request successfully executed.
13-10-2024 21:56:11 - INFO - Sending request to Setting Chmaber Zones to a= 0.08349599999999963, b= 0.09542399999999958, c= 0.10735199999999953, d= 0.11927999999999947 with timeout of 5s...
13-10-2024 21:56:11 - INFO - Setting Chmaber Zones to a= 0.08349599999999963, b= 0.09542399999999958, c= 0.10735199999999953, d= 0.11927999999999947 request successfully sent.
13-10-2024 21:56:11 - INFO - Response from moonraker: {'result': 'ok'}
13-10-2024 21:56:11 - INFO - Setting Chmaber Zones to a= 0.08349599999999963, b= 0.09542399999999958, c= 0.10735199999999953, d= 0.11927999999999947 Request successfully executed.
13-10-2024 21:56:12 - INFO - Sending request to Setting Chmaber Zones to a= 0.08686999999999966, b= 0.0992799999999996, c= 0.11168999999999957, d= 0.1240999999999995 with timeout of 5s...
13-10-2024 21:56:12 - INFO - Setting Chmaber Zones to a= 0.08686999999999966, b= 0.0992799999999996, c= 0.11168999999999957, d= 0.1240999999999995 request successfully sent.
13-10-2024 21:56:12 - INFO - Response from moonraker: {'result': 'ok'}
13-10-2024 21:56:12 - INFO - Setting Chmaber Zones to a= 0.08686999999999966, b= 0.0992799999999996, c= 0.11168999999999957, d= 0.1240999999999995 Request successfully executed.
13-10-2024 21:56:12 - INFO - Sending request to Setting Chmaber Zones to a= 0.08502199999999915, b= 0.09716799999999902, c= 0.1093139999999989, d= 0.12145999999999878 with timeout of 5s...
13-10-2024 21:56:12 - INFO - Setting Chmaber Zones to a= 0.08502199999999915, b= 0.09716799999999902, c= 0.1093139999999989, d= 0.12145999999999878 request successfully sent.
13-10-2024 21:56:12 - INFO - Response from moonraker: {'result': 'ok'}
13-10-2024 21:56:12 - INFO - Setting Chmaber Zones to a= 0.08502199999999915, b= 0.09716799999999902, c= 0.1093139999999989, d= 0.12145999999999878 Request successfully executed.
13-10-2024 21:56:12 - INFO - Sending request to Setting Chmaber Zones to a= 0.08657599999999929, b= 0.0989439999999992, c= 0.11131199999999909, d= 0.12367999999999899 with timeout of 5s...
13-10-2024 21:56:12 - INFO - Setting Chmaber Zones to a= 0.08657599999999929, b= 0.0989439999999992, c= 0.11131199999999909, d= 0.12367999999999899 request successfully sent.
13-10-2024 21:56:12 - INFO - Response from moonraker: {'result': 'ok'}
13-10-2024 21:56:12 - INFO - Setting Chmaber Zones to a= 0.08657599999999929, b= 0.0989439999999992, c= 0.11131199999999909, d= 0.12367999999999899 Request successfully executed.
13-10-2024 21:56:12 - INFO - Sending request to Setting Chmaber Zones to a= 0.07685999999999928, b= 0.08783999999999917, c= 0.09881999999999906, d= 0.10979999999999895 with timeout of 5s...
13-10-2024 21:56:12 - INFO - Setting Chmaber Zones to a= 0.07685999999999928, b= 0.08783999999999917, c= 0.09881999999999906, d= 0.10979999999999895 request successfully sent.
13-10-2024 21:56:12 - INFO - Response from moonraker: {'result': 'ok'}
13-10-2024 21:56:12 - INFO - Setting Chmaber Zones to a= 0.07685999999999928, b= 0.08783999999999917, c= 0.09881999999999906, d= 0.10979999999999895 Request successfully executed.
13-10-2024 21:56:14 - INFO - Sending request to Setting Chmaber Zones to a= 0, b= 0, c= 0, d= 0 with timeout of 5s...
13-10-2024 21:56:14 - INFO - Setting Chmaber Zones to a= 0, b= 0, c= 0, d= 0 request successfully sent.
13-10-2024 21:56:14 - INFO - Response from moonraker: {'result': 'ok'}
13-10-2024 21:56:14 - INFO - Setting Chmaber Zones to a= 0, b= 0, c= 0, d= 0 Request successfully executed.
13-10-2024 21:56:58 - INFO - Sending request to Setting Chmaber Zones to a= 0, b= 0, c= 0, d= 0 with timeout of 5s...
13-10-2024 21:56:58 - INFO - Sending request to Setting Chmaber Zones to a= 0.7, b= 0.8, c= 0.9, d= 1.0 with timeout of 5s...
13-10-2024 21:56:58 - INFO - Setting Chmaber Zones to a= 0.7, b= 0.8, c= 0.9, d= 1.0 request successfully sent.
13-10-2024 21:56:58 - INFO - Response from moonraker: {'result': 'ok'}
13-10-2024 21:56:58 - INFO - Setting Chmaber Zones to a= 0.7, b= 0.8, c= 0.9, d= 1.0 Request successfully executed.
13-10-2024 21:56:58 - INFO - Setting Chmaber Zones to a= 0.7, b= 0.8, c= 0.9, d= 1.0 request successfully sent.
13-10-2024 21:56:58 - INFO - Response from moonraker: {'result': 'ok'}
13-10-2024 21:56:58 - INFO - Setting Chmaber Zones to a= 0.7, b= 0.8, c= 0.9, d= 1.0 Request successfully executed.
13-10-2024 21:56:58 - INFO - Sending request to Setting Chmaber Zones to a= 0.7, b= 0.8, c= 0.9, d= 1.0 with timeout of 5s...
13-10-2024 21:56:58 - INFO - Setting Chmaber Zones to a= 0.7, b= 0.8, c= 0.9, d= 1.0 request successfully sent.
13-10-2024 21:56:58 - INFO - Response from moonraker: {'result': 'ok'}
13-10-2024 21:56:58 - INFO - Setting Chmaber Zones to a= 0.7, b= 0.8, c= 0.9, d= 1.0 Request successfully executed.
13-10-2024 21:56:58 - INFO - Sending request to Setting Chmaber Zones to a= 0.7, b= 0.8, c= 0.9, d= 1.0 with timeout of 5s...
13-10-2024 21:56:58 - INFO - Setting Chmaber Zones to a= 0.7, b= 0.8, c= 0.9, d= 1.0 request successfully sent.
13-10-2024 21:56:58 - INFO - Response from moonraker: {'result': 'ok'}
13-10-2024 21:56:58 - INFO - Setting Chmaber Zones to a= 0.7, b= 0.8, c= 0.9, d= 1.0 Request successfully executed.
13-10-2024 21:56:58 - INFO - Sending request to Setting Chmaber Zones to a= 0.7, b= 0.8, c= 0.9, d= 1.0 with timeout of 5s...
13-10-2024 21:56:58 - INFO - Setting Chmaber Zones to a= 0.7, b= 0.8, c= 0.9, d= 1.0 request successfully sent.
13-10-2024 21:56:58 - INFO - Response from moonraker: {'result': 'ok'}
13-10-2024 21:56:58 - INFO - Setting Chmaber Zones to a= 0.7, b= 0.8, c= 0.9, d= 1.0 Request successfully executed.
13-10-2024 21:56:59 - INFO - Sending request to Setting Chmaber Zones to a= 0.7, b= 0.8, c= 0.9, d= 1.0 with timeout of 5s...
13-10-2024 21:56:59 - INFO - Setting Chmaber Zones to a= 0.7, b= 0.8, c= 0.9, d= 1.0 request successfully sent.
13-10-2024 21:56:59 - INFO - Response from moonraker: {'result': 'ok'}
13-10-2024 21:56:59 - INFO - Setting Chmaber Zones to a= 0.7, b= 0.8, c= 0.9, d= 1.0 Request successfully executed.
13-10-2024 21:56:59 - INFO - Sending request to Setting Chmaber Zones to a= 0.7, b= 0.8, c= 0.9, d= 1.0 with timeout of 5s...
13-10-2024 21:56:59 - INFO - Setting Chmaber Zones to a= 0.7, b= 0.8, c= 0.9, d= 1.0 request successfully sent.
13-10-2024 21:56:59 - INFO - Response from moonraker: {'result': 'ok'}
13-10-2024 21:56:59 - INFO - Setting Chmaber Zones to a= 0.7, b= 0.8, c= 0.9, d= 1.0 Request successfully executed.
13-10-2024 21:56:59 - INFO - Sending request to Setting Chmaber Zones to a= 0.7, b= 0.8, c= 0.9, d= 1.0 with timeout of 5s...
13-10-2024 21:56:59 - INFO - Setting Chmaber Zones to a= 0.7, b= 0.8, c= 0.9, d= 1.0 request successfully sent.
13-10-2024 21:56:59 - INFO - Response from moonraker: {'result': 'ok'}
13-10-2024 21:56:59 - INFO - Setting Chmaber Zones to a= 0.7, b= 0.8, c= 0.9, d= 1.0 Request successfully executed.
13-10-2024 21:56:59 - INFO - Sending request to Setting Chmaber Zones to a= 0.7, b= 0.8, c= 0.9, d= 1.0 with timeout of 5s...
13-10-2024 21:56:59 - INFO - Setting Chmaber Zones to a= 0.7, b= 0.8, c= 0.9, d= 1.0 request successfully sent.
13-10-2024 21:56:59 - INFO - Response from moonraker: {'result': 'ok'}
13-10-2024 21:56:59 - INFO - Setting Chmaber Zones to a= 0.7, b= 0.8, c= 0.9, d= 1.0 Request successfully executed.
13-10-2024 21:56:59 - INFO - Sending request to Setting Chmaber Zones to a= 0.7, b= 0.8, c= 0.9, d= 1.0 with timeout of 5s...
13-10-2024 21:56:59 - INFO - Setting Chmaber Zones to a= 0.7, b= 0.8, c= 0.9, d= 1.0 request successfully sent.
13-10-2024 21:56:59 - INFO - Response from moonraker: {'result': 'ok'}
13-10-2024 21:56:59 - INFO - Setting Chmaber Zones to a= 0.7, b= 0.8, c= 0.9, d= 1.0 Request successfully executed.
13-10-2024 21:57:00 - INFO - Sending request to Setting Chmaber Zones to a= 0.7, b= 0.8, c= 0.9, d= 1.0 with timeout of 5s...
13-10-2024 21:57:00 - INFO - Setting Chmaber Zones to a= 0.7, b= 0.8, c= 0.9, d= 1.0 request successfully sent.
13-10-2024 21:57:00 - INFO - Response from moonraker: {'result': 'ok'}
13-10-2024 21:57:00 - INFO - Setting Chmaber Zones to a= 0.7, b= 0.8, c= 0.9, d= 1.0 Request successfully executed.
13-10-2024 21:57:00 - INFO - Sending request to Setting Chmaber Zones to a= 0.7, b= 0.8, c= 0.9, d= 1.0 with timeout of 5s...
13-10-2024 21:57:00 - INFO - Setting Chmaber Zones to a= 0.7, b= 0.8, c= 0.9, d= 1.0 request successfully sent.
13-10-2024 21:57:00 - INFO - Response from moonraker: {'result': 'ok'}
13-10-2024 21:57:00 - INFO - Setting Chmaber Zones to a= 0.7, b= 0.8, c= 0.9, d= 1.0 Request successfully executed.
13-10-2024 21:57:00 - INFO - Sending request to Setting Chmaber Zones to a= 0.7, b= 0.8, c= 0.9, d= 1.0 with timeout of 5s...
13-10-2024 21:57:00 - INFO - Setting Chmaber Zones to a= 0.7, b= 0.8, c= 0.9, d= 1.0 request successfully sent.
13-10-2024 21:57:00 - INFO - Response from moonraker: {'result': 'ok'}
13-10-2024 21:57:00 - INFO - Setting Chmaber Zones to a= 0.7, b= 0.8, c= 0.9, d= 1.0 Request successfully executed.
13-10-2024 21:57:00 - INFO - Sending request to Setting Chmaber Zones to a= 0.7, b= 0.8, c= 0.9, d= 1.0 with timeout of 5s...
13-10-2024 21:57:00 - INFO - Setting Chmaber Zones to a= 0.7, b= 0.8, c= 0.9, d= 1.0 request successfully sent.
13-10-2024 21:57:00 - INFO - Response from moonraker: {'result': 'ok'}
13-10-2024 21:57:00 - INFO - Setting Chmaber Zones to a= 0.7, b= 0.8, c= 0.9, d= 1.0 Request successfully executed.
13-10-2024 21:57:00 - INFO - Sending request to Setting Chmaber Zones to a= 0.5470920000000001, b= 0.6252480000000002, c= 0.7034040000000001, d= 0.7815600000000003 with timeout of 5s...
13-10-2024 21:57:00 - INFO - Setting Chmaber Zones to a= 0.5470920000000001, b= 0.6252480000000002, c= 0.7034040000000001, d= 0.7815600000000003 request successfully sent.
13-10-2024 21:57:00 - INFO - Response from moonraker: {'result': 'ok'}
13-10-2024 21:57:00 - INFO - Setting Chmaber Zones to a= 0.5470920000000001, b= 0.6252480000000002, c= 0.7034040000000001, d= 0.7815600000000003 Request successfully executed.
13-10-2024 21:57:01 - INFO - Sending request to Setting Chmaber Zones to a= 0.5395879999999998, b= 0.6166719999999999, c= 0.6937559999999999, d= 0.7708399999999999 with timeout of 5s...
13-10-2024 21:57:01 - INFO - Setting Chmaber Zones to a= 0.5395879999999998, b= 0.6166719999999999, c= 0.6937559999999999, d= 0.7708399999999999 request successfully sent.
13-10-2024 21:57:01 - INFO - Response from moonraker: {'result': 'ok'}
13-10-2024 21:57:01 - INFO - Setting Chmaber Zones to a= 0.5395879999999998, b= 0.6166719999999999, c= 0.6937559999999999, d= 0.7708399999999999 Request successfully executed.
13-10-2024 21:57:01 - INFO - Sending request to Setting Chmaber Zones to a= 0.5018860000000002, b= 0.5735840000000002, c= 0.6452820000000001, d= 0.7169800000000002 with timeout of 5s...
13-10-2024 21:57:01 - INFO - Setting Chmaber Zones to a= 0.5018860000000002, b= 0.5735840000000002, c= 0.6452820000000001, d= 0.7169800000000002 request successfully sent.
13-10-2024 21:57:01 - INFO - Response from moonraker: {'result': 'ok'}
13-10-2024 21:57:01 - INFO - Setting Chmaber Zones to a= 0.5018860000000002, b= 0.5735840000000002, c= 0.6452820000000001, d= 0.7169800000000002 Request successfully executed.
13-10-2024 21:57:01 - INFO - Sending request to Setting Chmaber Zones to a= 0.49565600000000026, b= 0.5664640000000003, c= 0.6372720000000003, d= 0.7080800000000004 with timeout of 5s...
13-10-2024 21:57:01 - INFO - Setting Chmaber Zones to a= 0.49565600000000026, b= 0.5664640000000003, c= 0.6372720000000003, d= 0.7080800000000004 request successfully sent.
13-10-2024 21:57:01 - INFO - Response from moonraker: {'result': 'ok'}
13-10-2024 21:57:01 - INFO - Setting Chmaber Zones to a= 0.49565600000000026, b= 0.5664640000000003, c= 0.6372720000000003, d= 0.7080800000000004 Request successfully executed.
13-10-2024 21:57:01 - INFO - Sending request to Setting Chmaber Zones to a= 0.5019000000000002, b= 0.5736000000000003, c= 0.6453000000000003, d= 0.7170000000000003 with timeout of 5s...
13-10-2024 21:57:01 - INFO - Setting Chmaber Zones to a= 0.5019000000000002, b= 0.5736000000000003, c= 0.6453000000000003, d= 0.7170000000000003 request successfully sent.
13-10-2024 21:57:01 - INFO - Response from moonraker: {'result': 'ok'}
13-10-2024 21:57:01 - INFO - Setting Chmaber Zones to a= 0.5019000000000002, b= 0.5736000000000003, c= 0.6453000000000003, d= 0.7170000000000003 Request successfully executed.
13-10-2024 21:57:01 - INFO - Sending request to Setting Chmaber Zones to a= 0.49714000000000025, b= 0.5681600000000003, c= 0.6391800000000003, d= 0.7102000000000004 with timeout of 5s...
13-10-2024 21:57:01 - INFO - Setting Chmaber Zones to a= 0.49714000000000025, b= 0.5681600000000003, c= 0.6391800000000003, d= 0.7102000000000004 request successfully sent.
13-10-2024 21:57:01 - INFO - Response from moonraker: {'result': 'ok'}
13-10-2024 21:57:01 - INFO - Setting Chmaber Zones to a= 0.49714000000000025, b= 0.5681600000000003, c= 0.6391800000000003, d= 0.7102000000000004 Request successfully executed.
13-10-2024 21:57:02 - INFO - Sending request to Setting Chmaber Zones to a= 0.4964680000000001, b= 0.5673920000000001, c= 0.6383160000000001, d= 0.7092400000000001 with timeout of 5s...
13-10-2024 21:57:02 - INFO - Setting Chmaber Zones to a= 0.4964680000000001, b= 0.5673920000000001, c= 0.6383160000000001, d= 0.7092400000000001 request successfully sent.
13-10-2024 21:57:02 - INFO - Response from moonraker: {'result': 'ok'}
13-10-2024 21:57:02 - INFO - Setting Chmaber Zones to a= 0.4964680000000001, b= 0.5673920000000001, c= 0.6383160000000001, d= 0.7092400000000001 Request successfully executed.
13-10-2024 21:57:02 - INFO - Sending request to Setting Chmaber Zones to a= 0.3470460000000002, b= 0.3966240000000002, c= 0.44620200000000027, d= 0.4957800000000002 with timeout of 5s...
13-10-2024 21:57:02 - INFO - Setting Chmaber Zones to a= 0.3470460000000002, b= 0.3966240000000002, c= 0.44620200000000027, d= 0.4957800000000002 request successfully sent.
13-10-2024 21:57:02 - INFO - Response from moonraker: {'result': 'ok'}
13-10-2024 21:57:02 - INFO - Setting Chmaber Zones to a= 0.3470460000000002, b= 0.3966240000000002, c= 0.44620200000000027, d= 0.4957800000000002 Request successfully executed.
13-10-2024 21:57:02 - INFO - Sending request to Setting Chmaber Zones to a= 0.3464860000000003, b= 0.39598400000000034, c= 0.4454820000000004, d= 0.4949800000000004 with timeout of 5s...
13-10-2024 21:57:02 - INFO - Setting Chmaber Zones to a= 0.3464860000000003, b= 0.39598400000000034, c= 0.4454820000000004, d= 0.4949800000000004 request successfully sent.
13-10-2024 21:57:02 - INFO - Response from moonraker: {'result': 'ok'}
13-10-2024 21:57:02 - INFO - Setting Chmaber Zones to a= 0.3464860000000003, b= 0.39598400000000034, c= 0.4454820000000004, d= 0.4949800000000004 Request successfully executed.
13-10-2024 21:57:02 - INFO - Sending request to Setting Chmaber Zones to a= 0.3470600000000003, b= 0.3966400000000003, c= 0.44622000000000034, d= 0.4958000000000004 with timeout of 5s...
13-10-2024 21:57:02 - INFO - Setting Chmaber Zones to a= 0.3470600000000003, b= 0.3966400000000003, c= 0.44622000000000034, d= 0.4958000000000004 request successfully sent.
13-10-2024 21:57:02 - INFO - Response from moonraker: {'result': 'ok'}
13-10-2024 21:57:02 - INFO - Setting Chmaber Zones to a= 0.3470600000000003, b= 0.3966400000000003, c= 0.44622000000000034, d= 0.4958000000000004 Request successfully executed.
13-10-2024 21:57:02 - INFO - Sending request to Setting Chmaber Zones to a= 0.34325199999999995, b= 0.39228799999999997, c= 0.441324, d= 0.49035999999999996 with timeout of 5s...
13-10-2024 21:57:02 - INFO - Setting Chmaber Zones to a= 0.34325199999999995, b= 0.39228799999999997, c= 0.441324, d= 0.49035999999999996 request successfully sent.
13-10-2024 21:57:02 - INFO - Response from moonraker: {'result': 'ok'}
13-10-2024 21:57:02 - INFO - Setting Chmaber Zones to a= 0.34325199999999995, b= 0.39228799999999997, c= 0.441324, d= 0.49035999999999996 Request successfully executed.
13-10-2024 21:57:03 - INFO - Sending request to Setting Chmaber Zones to a= 0.33714800000000034, b= 0.3853120000000003, c= 0.4334760000000004, d= 0.48164000000000046 with timeout of 5s...
13-10-2024 21:57:03 - INFO - Setting Chmaber Zones to a= 0.33714800000000034, b= 0.3853120000000003, c= 0.4334760000000004, d= 0.48164000000000046 request successfully sent.
13-10-2024 21:57:03 - INFO - Response from moonraker: {'result': 'ok'}
13-10-2024 21:57:03 - INFO - Setting Chmaber Zones to a= 0.33714800000000034, b= 0.3853120000000003, c= 0.4334760000000004, d= 0.48164000000000046 Request successfully executed.
13-10-2024 21:57:03 - INFO - Sending request to Setting Chmaber Zones to a= 0.33521599999999985, b= 0.3831039999999998, c= 0.43099199999999976, d= 0.47887999999999975 with timeout of 5s...
13-10-2024 21:57:03 - INFO - Setting Chmaber Zones to a= 0.33521599999999985, b= 0.3831039999999998, c= 0.43099199999999976, d= 0.47887999999999975 request successfully sent.
13-10-2024 21:57:03 - INFO - Response from moonraker: {'result': 'ok'}
13-10-2024 21:57:03 - INFO - Setting Chmaber Zones to a= 0.33521599999999985, b= 0.3831039999999998, c= 0.43099199999999976, d= 0.47887999999999975 Request successfully executed.
13-10-2024 21:57:03 - INFO - Sending request to Setting Chmaber Zones to a= 0.3310020000000001, b= 0.37828800000000007, c= 0.42557400000000006, d= 0.47286000000000006 with timeout of 5s...
13-10-2024 21:57:03 - INFO - Setting Chmaber Zones to a= 0.3310020000000001, b= 0.37828800000000007, c= 0.42557400000000006, d= 0.47286000000000006 request successfully sent.
13-10-2024 21:57:03 - INFO - Response from moonraker: {'result': 'ok'}
13-10-2024 21:57:03 - INFO - Setting Chmaber Zones to a= 0.3310020000000001, b= 0.37828800000000007, c= 0.42557400000000006, d= 0.47286000000000006 Request successfully executed.
13-10-2024 21:57:03 - INFO - Sending request to Setting Chmaber Zones to a= 0.32884600000000014, b= 0.37582400000000016, c= 0.4228020000000001, d= 0.46978000000000025 with timeout of 5s...
13-10-2024 21:57:03 - INFO - Setting Chmaber Zones to a= 0.32884600000000014, b= 0.37582400000000016, c= 0.4228020000000001, d= 0.46978000000000025 request successfully sent.
13-10-2024 21:57:03 - INFO - Response from moonraker: {'result': 'ok'}
13-10-2024 21:57:03 - INFO - Setting Chmaber Zones to a= 0.32884600000000014, b= 0.37582400000000016, c= 0.4228020000000001, d= 0.46978000000000025 Request successfully executed.
13-10-2024 21:57:03 - INFO - Sending request to Setting Chmaber Zones to a= 0.3287900000000002, b= 0.3757600000000002, c= 0.42273000000000016, d= 0.46970000000000023 with timeout of 5s...
13-10-2024 21:57:03 - INFO - Setting Chmaber Zones to a= 0.3287900000000002, b= 0.3757600000000002, c= 0.42273000000000016, d= 0.46970000000000023 request successfully sent.
13-10-2024 21:57:03 - INFO - Response from moonraker: {'result': 'ok'}
13-10-2024 21:57:03 - INFO - Setting Chmaber Zones to a= 0.3287900000000002, b= 0.3757600000000002, c= 0.42273000000000016, d= 0.46970000000000023 Request successfully executed.
13-10-2024 21:57:04 - INFO - Sending request to Setting Chmaber Zones to a= 0.3287200000000001, b= 0.3756800000000001, c= 0.4226400000000002, d= 0.46960000000000013 with timeout of 5s...
13-10-2024 21:57:04 - INFO - Setting Chmaber Zones to a= 0.3287200000000001, b= 0.3756800000000001, c= 0.4226400000000002, d= 0.46960000000000013 request successfully sent.
13-10-2024 21:57:04 - INFO - Response from moonraker: {'result': 'ok'}
13-10-2024 21:57:04 - INFO - Setting Chmaber Zones to a= 0.3287200000000001, b= 0.3756800000000001, c= 0.4226400000000002, d= 0.46960000000000013 Request successfully executed.
13-10-2024 21:57:04 - INFO - Sending request to Setting Chmaber Zones to a= 0.32865000000000016, b= 0.37560000000000016, c= 0.42255000000000015, d= 0.4695000000000002 with timeout of 5s...
13-10-2024 21:57:04 - INFO - Setting Chmaber Zones to a= 0.32865000000000016, b= 0.37560000000000016, c= 0.42255000000000015, d= 0.4695000000000002 request successfully sent.
13-10-2024 21:57:04 - INFO - Response from moonraker: {'result': 'ok'}
13-10-2024 21:57:04 - INFO - Setting Chmaber Zones to a= 0.32865000000000016, b= 0.37560000000000016, c= 0.42255000000000015, d= 0.4695000000000002 Request successfully executed.
13-10-2024 21:57:04 - INFO - Sending request to Setting Chmaber Zones to a= 0.33513199999999976, b= 0.38300799999999974, c= 0.4308839999999997, d= 0.4787599999999997 with timeout of 5s...
13-10-2024 21:57:04 - INFO - Setting Chmaber Zones to a= 0.33513199999999976, b= 0.38300799999999974, c= 0.4308839999999997, d= 0.4787599999999997 request successfully sent.
13-10-2024 21:57:04 - INFO - Response from moonraker: {'result': 'ok'}
13-10-2024 21:57:04 - INFO - Setting Chmaber Zones to a= 0.33513199999999976, b= 0.38300799999999974, c= 0.4308839999999997, d= 0.4787599999999997 Request successfully executed.
13-10-2024 21:57:04 - INFO - Sending request to Setting Chmaber Zones to a= 0.34178200000000003, b= 0.390608, c= 0.43943400000000005, d= 0.48826 with timeout of 5s...
13-10-2024 21:57:04 - INFO - Setting Chmaber Zones to a= 0.34178200000000003, b= 0.390608, c= 0.43943400000000005, d= 0.48826 request successfully sent.
13-10-2024 21:57:04 - INFO - Response from moonraker: {'result': 'ok'}
13-10-2024 21:57:04 - INFO - Setting Chmaber Zones to a= 0.34178200000000003, b= 0.390608, c= 0.43943400000000005, d= 0.48826 Request successfully executed.
13-10-2024 21:57:04 - INFO - Sending request to Setting Chmaber Zones to a= 0.34209, b= 0.39096000000000003, c= 0.43983000000000005, d= 0.4887 with timeout of 5s...
13-10-2024 21:57:04 - INFO - Setting Chmaber Zones to a= 0.34209, b= 0.39096000000000003, c= 0.43983000000000005, d= 0.4887 request successfully sent.
13-10-2024 21:57:04 - INFO - Response from moonraker: {'result': 'ok'}
13-10-2024 21:57:04 - INFO - Setting Chmaber Zones to a= 0.34209, b= 0.39096000000000003, c= 0.43983000000000005, d= 0.4887 Request successfully executed.
13-10-2024 21:57:05 - INFO - Sending request to Setting Chmaber Zones to a= 0.34680799999999967, b= 0.3963519999999997, c= 0.4458959999999996, d= 0.4954399999999996 with timeout of 5s...
13-10-2024 21:57:05 - INFO - Setting Chmaber Zones to a= 0.34680799999999967, b= 0.3963519999999997, c= 0.4458959999999996, d= 0.4954399999999996 request successfully sent.
13-10-2024 21:57:05 - INFO - Response from moonraker: {'result': 'ok'}
13-10-2024 21:57:05 - INFO - Setting Chmaber Zones to a= 0.34680799999999967, b= 0.3963519999999997, c= 0.4458959999999996, d= 0.4954399999999996 Request successfully executed.
13-10-2024 21:57:05 - INFO - Sending request to Setting Chmaber Zones to a= 0.3516380000000001, b= 0.4018720000000001, c= 0.4521060000000001, d= 0.5023400000000001 with timeout of 5s...
13-10-2024 21:57:05 - INFO - Setting Chmaber Zones to a= 0.3516380000000001, b= 0.4018720000000001, c= 0.4521060000000001, d= 0.5023400000000001 request successfully sent.
13-10-2024 21:57:05 - INFO - Response from moonraker: {'result': 'ok'}
13-10-2024 21:57:05 - INFO - Setting Chmaber Zones to a= 0.3516380000000001, b= 0.4018720000000001, c= 0.4521060000000001, d= 0.5023400000000001 Request successfully executed.
13-10-2024 21:57:05 - INFO - Sending request to Setting Chmaber Zones to a= 0.3566079999999999, b= 0.40755199999999986, c= 0.4584959999999999, d= 0.5094399999999999 with timeout of 5s...
13-10-2024 21:57:05 - INFO - Setting Chmaber Zones to a= 0.3566079999999999, b= 0.40755199999999986, c= 0.4584959999999999, d= 0.5094399999999999 request successfully sent.
13-10-2024 21:57:05 - INFO - Response from moonraker: {'result': 'ok'}
13-10-2024 21:57:05 - INFO - Setting Chmaber Zones to a= 0.3566079999999999, b= 0.40755199999999986, c= 0.4584959999999999, d= 0.5094399999999999 Request successfully executed.
13-10-2024 21:57:05 - INFO - Sending request to Setting Chmaber Zones to a= 0.35734999999999995, b= 0.4083999999999999, c= 0.45944999999999986, d= 0.5104999999999998 with timeout of 5s...
13-10-2024 21:57:05 - INFO - Setting Chmaber Zones to a= 0.35734999999999995, b= 0.4083999999999999, c= 0.45944999999999986, d= 0.5104999999999998 request successfully sent.
13-10-2024 21:57:05 - INFO - Response from moonraker: {'result': 'ok'}
13-10-2024 21:57:05 - INFO - Setting Chmaber Zones to a= 0.35734999999999995, b= 0.4083999999999999, c= 0.45944999999999986, d= 0.5104999999999998 Request successfully executed.
13-10-2024 21:57:05 - INFO - Sending request to Setting Chmaber Zones to a= 0.3624880000000003, b= 0.41427200000000036, c= 0.46605600000000036, d= 0.5178400000000004 with timeout of 5s...
13-10-2024 21:57:05 - INFO - Setting Chmaber Zones to a= 0.3624880000000003, b= 0.41427200000000036, c= 0.46605600000000036, d= 0.5178400000000004 request successfully sent.
13-10-2024 21:57:05 - INFO - Response from moonraker: {'result': 'ok'}
13-10-2024 21:57:05 - INFO - Setting Chmaber Zones to a= 0.3624880000000003, b= 0.41427200000000036, c= 0.46605600000000036, d= 0.5178400000000004 Request successfully executed.
13-10-2024 21:57:06 - INFO - Sending request to Setting Chmaber Zones to a= 0.36337000000000025, b= 0.41528000000000026, c= 0.46719000000000027, d= 0.5191000000000003 with timeout of 5s...
13-10-2024 21:57:06 - INFO - Setting Chmaber Zones to a= 0.36337000000000025, b= 0.41528000000000026, c= 0.46719000000000027, d= 0.5191000000000003 request successfully sent.
13-10-2024 21:57:06 - INFO - Response from moonraker: {'result': 'ok'}
13-10-2024 21:57:06 - INFO - Setting Chmaber Zones to a= 0.36337000000000025, b= 0.41528000000000026, c= 0.46719000000000027, d= 0.5191000000000003 Request successfully executed.
13-10-2024 21:57:06 - INFO - Sending request to Setting Chmaber Zones to a= 0.3686480000000001, b= 0.4213120000000001, c= 0.4739760000000001, d= 0.5266400000000001 with timeout of 5s...
13-10-2024 21:57:06 - INFO - Setting Chmaber Zones to a= 0.3686480000000001, b= 0.4213120000000001, c= 0.4739760000000001, d= 0.5266400000000001 request successfully sent.
13-10-2024 21:57:06 - INFO - Response from moonraker: {'result': 'ok'}
13-10-2024 21:57:06 - INFO - Setting Chmaber Zones to a= 0.3686480000000001, b= 0.4213120000000001, c= 0.4739760000000001, d= 0.5266400000000001 Request successfully executed.
13-10-2024 21:57:06 - INFO - Sending request to Setting Chmaber Zones to a= 0.3740379999999998, b= 0.4274719999999998, c= 0.4809059999999997, d= 0.5343399999999997 with timeout of 5s...
13-10-2024 21:57:06 - INFO - Setting Chmaber Zones to a= 0.3740379999999998, b= 0.4274719999999998, c= 0.4809059999999997, d= 0.5343399999999997 request successfully sent.
13-10-2024 21:57:06 - INFO - Response from moonraker: {'result': 'ok'}
13-10-2024 21:57:06 - INFO - Setting Chmaber Zones to a= 0.3740379999999998, b= 0.4274719999999998, c= 0.4809059999999997, d= 0.5343399999999997 Request successfully executed.
13-10-2024 21:57:06 - INFO - Sending request to Setting Chmaber Zones to a= 0.3751999999999997, b= 0.4287999999999997, c= 0.48239999999999966, d= 0.5359999999999996 with timeout of 5s...
13-10-2024 21:57:06 - INFO - Setting Chmaber Zones to a= 0.3751999999999997, b= 0.4287999999999997, c= 0.48239999999999966, d= 0.5359999999999996 request successfully sent.
13-10-2024 21:57:06 - INFO - Response from moonraker: {'result': 'ok'}
13-10-2024 21:57:06 - INFO - Setting Chmaber Zones to a= 0.3751999999999997, b= 0.4287999999999997, c= 0.48239999999999966, d= 0.5359999999999996 Request successfully executed.
13-10-2024 21:57:06 - INFO - Sending request to Setting Chmaber Zones to a= 0.3763899999999997, b= 0.4301599999999997, c= 0.48392999999999964, d= 0.5376999999999996 with timeout of 5s...
13-10-2024 21:57:06 - INFO - Setting Chmaber Zones to a= 0.3763899999999997, b= 0.4301599999999997, c= 0.48392999999999964, d= 0.5376999999999996 request successfully sent.
13-10-2024 21:57:06 - INFO - Response from moonraker: {'result': 'ok'}
13-10-2024 21:57:06 - INFO - Setting Chmaber Zones to a= 0.3763899999999997, b= 0.4301599999999997, c= 0.48392999999999964, d= 0.5376999999999996 Request successfully executed.
13-10-2024 21:57:07 - INFO - Sending request to Setting Chmaber Zones to a= 0.37757999999999975, b= 0.43151999999999974, c= 0.4854599999999997, d= 0.5393999999999997 with timeout of 5s...
13-10-2024 21:57:07 - INFO - Setting Chmaber Zones to a= 0.37757999999999975, b= 0.43151999999999974, c= 0.4854599999999997, d= 0.5393999999999997 request successfully sent.
13-10-2024 21:57:07 - INFO - Response from moonraker: {'result': 'ok'}
13-10-2024 21:57:07 - INFO - Setting Chmaber Zones to a= 0.37757999999999975, b= 0.43151999999999974, c= 0.4854599999999997, d= 0.5393999999999997 Request successfully executed.
13-10-2024 21:57:07 - INFO - Sending request to Setting Chmaber Zones to a= 0.37876999999999983, b= 0.43287999999999976, c= 0.4869899999999997, d= 0.5410999999999997 with timeout of 5s...
13-10-2024 21:57:07 - INFO - Setting Chmaber Zones to a= 0.37876999999999983, b= 0.43287999999999976, c= 0.4869899999999997, d= 0.5410999999999997 request successfully sent.
13-10-2024 21:57:07 - INFO - Response from moonraker: {'result': 'ok'}
13-10-2024 21:57:07 - INFO - Setting Chmaber Zones to a= 0.37876999999999983, b= 0.43287999999999976, c= 0.4869899999999997, d= 0.5410999999999997 Request successfully executed.
13-10-2024 21:57:07 - INFO - Sending request to Setting Chmaber Zones to a= 0.3777759999999998, b= 0.4317439999999998, c= 0.48571199999999976, d= 0.5396799999999997 with timeout of 5s...
13-10-2024 21:57:07 - INFO - Setting Chmaber Zones to a= 0.3777759999999998, b= 0.4317439999999998, c= 0.48571199999999976, d= 0.5396799999999997 request successfully sent.
13-10-2024 21:57:07 - INFO - Response from moonraker: {'result': 'ok'}
13-10-2024 21:57:07 - INFO - Setting Chmaber Zones to a= 0.3777759999999998, b= 0.4317439999999998, c= 0.48571199999999976, d= 0.5396799999999997 Request successfully executed.
13-10-2024 21:57:07 - INFO - Sending request to Setting Chmaber Zones to a= 0.3723580000000002, b= 0.42555200000000026, c= 0.4787460000000003, d= 0.5319400000000003 with timeout of 5s...
13-10-2024 21:57:07 - INFO - Setting Chmaber Zones to a= 0.3723580000000002, b= 0.42555200000000026, c= 0.4787460000000003, d= 0.5319400000000003 request successfully sent.
13-10-2024 21:57:07 - INFO - Response from moonraker: {'result': 'ok'}
13-10-2024 21:57:07 - INFO - Setting Chmaber Zones to a= 0.3723580000000002, b= 0.42555200000000026, c= 0.4787460000000003, d= 0.5319400000000003 Request successfully executed.
13-10-2024 21:57:07 - INFO - Sending request to Setting Chmaber Zones to a= 0.366758, b= 0.41915199999999997, c= 0.47154599999999997, d= 0.52394 with timeout of 5s...
13-10-2024 21:57:07 - INFO - Setting Chmaber Zones to a= 0.366758, b= 0.41915199999999997, c= 0.47154599999999997, d= 0.52394 request successfully sent.
13-10-2024 21:57:07 - INFO - Response from moonraker: {'result': 'ok'}
13-10-2024 21:57:07 - INFO - Setting Chmaber Zones to a= 0.366758, b= 0.41915199999999997, c= 0.47154599999999997, d= 0.52394 Request successfully executed.
13-10-2024 21:57:08 - INFO - Sending request to Setting Chmaber Zones to a= 0.3631320000000002, b= 0.4150080000000002, c= 0.46688400000000024, d= 0.5187600000000002 with timeout of 5s...
13-10-2024 21:57:08 - INFO - Setting Chmaber Zones to a= 0.3631320000000002, b= 0.4150080000000002, c= 0.46688400000000024, d= 0.5187600000000002 request successfully sent.
13-10-2024 21:57:08 - INFO - Response from moonraker: {'result': 'ok'}
13-10-2024 21:57:08 - INFO - Setting Chmaber Zones to a= 0.3631320000000002, b= 0.4150080000000002, c= 0.46688400000000024, d= 0.5187600000000002 Request successfully executed.
13-10-2024 21:57:08 - INFO - Sending request to Setting Chmaber Zones to a= 0.3637200000000002, b= 0.41568000000000027, c= 0.4676400000000002, d= 0.5196000000000003 with timeout of 5s...
13-10-2024 21:57:08 - INFO - Setting Chmaber Zones to a= 0.3637200000000002, b= 0.41568000000000027, c= 0.4676400000000002, d= 0.5196000000000003 request successfully sent.
13-10-2024 21:57:08 - INFO - Response from moonraker: {'result': 'ok'}
13-10-2024 21:57:08 - INFO - Setting Chmaber Zones to a= 0.3637200000000002, b= 0.41568000000000027, c= 0.4676400000000002, d= 0.5196000000000003 Request successfully executed.
13-10-2024 21:57:08 - INFO - Sending request to Setting Chmaber Zones to a= 0.36209599999999975, b= 0.4138239999999997, c= 0.46555199999999963, d= 0.5172799999999996 with timeout of 5s...
13-10-2024 21:57:08 - INFO - Setting Chmaber Zones to a= 0.36209599999999975, b= 0.4138239999999997, c= 0.46555199999999963, d= 0.5172799999999996 request successfully sent.
13-10-2024 21:57:08 - INFO - Response from moonraker: {'result': 'ok'}
13-10-2024 21:57:08 - INFO - Setting Chmaber Zones to a= 0.36209599999999975, b= 0.4138239999999997, c= 0.46555199999999963, d= 0.5172799999999996 Request successfully executed.
13-10-2024 21:57:08 - INFO - Sending request to Setting Chmaber Zones to a= 0.35386400000000023, b= 0.4044160000000002, c= 0.45496800000000026, d= 0.5055200000000003 with timeout of 5s...
13-10-2024 21:57:08 - INFO - Setting Chmaber Zones to a= 0.35386400000000023, b= 0.4044160000000002, c= 0.45496800000000026, d= 0.5055200000000003 request successfully sent.
13-10-2024 21:57:08 - INFO - Response from moonraker: {'result': 'ok'}
13-10-2024 21:57:08 - INFO - Setting Chmaber Zones to a= 0.35386400000000023, b= 0.4044160000000002, c= 0.45496800000000026, d= 0.5055200000000003 Request successfully executed.
13-10-2024 21:57:08 - INFO - Sending request to Setting Chmaber Zones to a= 0.34976199999999985, b= 0.3997279999999998, c= 0.4496939999999998, d= 0.49965999999999977 with timeout of 5s...
13-10-2024 21:57:08 - INFO - Setting Chmaber Zones to a= 0.34976199999999985, b= 0.3997279999999998, c= 0.4496939999999998, d= 0.49965999999999977 request successfully sent.
13-10-2024 21:57:08 - INFO - Response from moonraker: {'result': 'ok'}
13-10-2024 21:57:08 - INFO - Setting Chmaber Zones to a= 0.34976199999999985, b= 0.3997279999999998, c= 0.4496939999999998, d= 0.49965999999999977 Request successfully executed.
13-10-2024 21:57:09 - INFO - Sending request to Setting Chmaber Zones to a= 0.34330800000000017, b= 0.3923520000000002, c= 0.44139600000000023, d= 0.49044000000000026 with timeout of 5s...
13-10-2024 21:57:09 - INFO - Setting Chmaber Zones to a= 0.34330800000000017, b= 0.3923520000000002, c= 0.44139600000000023, d= 0.49044000000000026 request successfully sent.
13-10-2024 21:57:09 - INFO - Response from moonraker: {'result': 'ok'}
13-10-2024 21:57:09 - INFO - Setting Chmaber Zones to a= 0.34330800000000017, b= 0.3923520000000002, c= 0.44139600000000023, d= 0.49044000000000026 Request successfully executed.
13-10-2024 21:57:09 - INFO - Sending request to Setting Chmaber Zones to a= 0.34102599999999966, b= 0.38974399999999965, c= 0.43846199999999963, d= 0.48717999999999956 with timeout of 5s...
13-10-2024 21:57:09 - INFO - Setting Chmaber Zones to a= 0.34102599999999966, b= 0.38974399999999965, c= 0.43846199999999963, d= 0.48717999999999956 request successfully sent.
13-10-2024 21:57:09 - INFO - Response from moonraker: {'result': 'ok'}
13-10-2024 21:57:09 - INFO - Setting Chmaber Zones to a= 0.34102599999999966, b= 0.38974399999999965, c= 0.43846199999999963, d= 0.48717999999999956 Request successfully executed.
13-10-2024 21:57:09 - INFO - Sending request to Setting Chmaber Zones to a= 0.33646199999999993, b= 0.384528, c= 0.4325939999999999, d= 0.48066 with timeout of 5s...
13-10-2024 21:57:09 - INFO - Setting Chmaber Zones to a= 0.33646199999999993, b= 0.384528, c= 0.4325939999999999, d= 0.48066 request successfully sent.
13-10-2024 21:57:09 - INFO - Response from moonraker: {'result': 'ok'}
13-10-2024 21:57:09 - INFO - Setting Chmaber Zones to a= 0.33646199999999993, b= 0.384528, c= 0.4325939999999999, d= 0.48066 Request successfully executed.
13-10-2024 21:57:09 - INFO - Sending request to Setting Chmaber Zones to a= 0.3361399999999999, b= 0.3841599999999999, c= 0.4321799999999999, d= 0.4801999999999999 with timeout of 5s...
13-10-2024 21:57:09 - INFO - Setting Chmaber Zones to a= 0.3361399999999999, b= 0.3841599999999999, c= 0.4321799999999999, d= 0.4801999999999999 request successfully sent.
13-10-2024 21:57:09 - INFO - Response from moonraker: {'result': 'ok'}
13-10-2024 21:57:09 - INFO - Setting Chmaber Zones to a= 0.3361399999999999, b= 0.3841599999999999, c= 0.4321799999999999, d= 0.4801999999999999 Request successfully executed.
13-10-2024 21:57:09 - INFO - Sending request to Setting Chmaber Zones to a= 0.33360600000000007, b= 0.38126400000000005, c= 0.428922, d= 0.47658000000000006 with timeout of 5s...
13-10-2024 21:57:09 - INFO - Setting Chmaber Zones to a= 0.33360600000000007, b= 0.38126400000000005, c= 0.428922, d= 0.47658000000000006 request successfully sent.
13-10-2024 21:57:09 - INFO - Response from moonraker: {'result': 'ok'}
13-10-2024 21:57:09 - INFO - Setting Chmaber Zones to a= 0.33360600000000007, b= 0.38126400000000005, c= 0.428922, d= 0.47658000000000006 Request successfully executed.
13-10-2024 21:57:10 - INFO - Sending request to Setting Chmaber Zones to a= 0.3310160000000002, b= 0.37830400000000025, c= 0.42559200000000025, d= 0.4728800000000003 with timeout of 5s...
13-10-2024 21:57:10 - INFO - Setting Chmaber Zones to a= 0.3310160000000002, b= 0.37830400000000025, c= 0.42559200000000025, d= 0.4728800000000003 request successfully sent.
13-10-2024 21:57:10 - INFO - Response from moonraker: {'result': 'ok'}
13-10-2024 21:57:10 - INFO - Setting Chmaber Zones to a= 0.3310160000000002, b= 0.37830400000000025, c= 0.42559200000000025, d= 0.4728800000000003 Request successfully executed.
13-10-2024 21:57:10 - INFO - Sending request to Setting Chmaber Zones to a= 0.3283559999999997, b= 0.37526399999999965, c= 0.4221719999999996, d= 0.4690799999999996 with timeout of 5s...
13-10-2024 21:57:10 - INFO - Setting Chmaber Zones to a= 0.3283559999999997, b= 0.37526399999999965, c= 0.4221719999999996, d= 0.4690799999999996 request successfully sent.
13-10-2024 21:57:10 - INFO - Response from moonraker: {'result': 'ok'}
13-10-2024 21:57:10 - INFO - Setting Chmaber Zones to a= 0.3283559999999997, b= 0.37526399999999965, c= 0.4221719999999996, d= 0.4690799999999996 Request successfully executed.
13-10-2024 21:57:10 - INFO - Sending request to Setting Chmaber Zones to a= 0.3278099999999997, b= 0.37463999999999964, c= 0.4214699999999996, d= 0.46829999999999955 with timeout of 5s...
13-10-2024 21:57:10 - INFO - Setting Chmaber Zones to a= 0.3278099999999997, b= 0.37463999999999964, c= 0.4214699999999996, d= 0.46829999999999955 request successfully sent.
13-10-2024 21:57:10 - INFO - Response from moonraker: {'result': 'ok'}
13-10-2024 21:57:10 - INFO - Setting Chmaber Zones to a= 0.3278099999999997, b= 0.37463999999999964, c= 0.4214699999999996, d= 0.46829999999999955 Request successfully executed.
13-10-2024 21:57:10 - INFO - Sending request to Setting Chmaber Zones to a= 0.32724999999999965, b= 0.3739999999999996, c= 0.4207499999999996, d= 0.4674999999999995 with timeout of 5s...
13-10-2024 21:57:10 - INFO - Setting Chmaber Zones to a= 0.32724999999999965, b= 0.3739999999999996, c= 0.4207499999999996, d= 0.4674999999999995 request successfully sent.
13-10-2024 21:57:10 - INFO - Response from moonraker: {'result': 'ok'}
13-10-2024 21:57:10 - INFO - Setting Chmaber Zones to a= 0.32724999999999965, b= 0.3739999999999996, c= 0.4207499999999996, d= 0.4674999999999995 Request successfully executed.
13-10-2024 21:57:10 - INFO - Sending request to Setting Chmaber Zones to a= 0.3245059999999998, b= 0.37086399999999975, c= 0.4172219999999997, d= 0.46357999999999966 with timeout of 5s...
13-10-2024 21:57:10 - INFO - Setting Chmaber Zones to a= 0.3245059999999998, b= 0.37086399999999975, c= 0.4172219999999997, d= 0.46357999999999966 request successfully sent.
13-10-2024 21:57:10 - INFO - Response from moonraker: {'result': 'ok'}
13-10-2024 21:57:10 - INFO - Setting Chmaber Zones to a= 0.3245059999999998, b= 0.37086399999999975, c= 0.4172219999999997, d= 0.46357999999999966 Request successfully executed.
13-10-2024 21:57:11 - INFO - Sending request to Setting Chmaber Zones to a= 0.32170599999999994, b= 0.3676639999999999, c= 0.4136219999999999, d= 0.4595799999999998 with timeout of 5s...
13-10-2024 21:57:11 - INFO - Setting Chmaber Zones to a= 0.32170599999999994, b= 0.3676639999999999, c= 0.4136219999999999, d= 0.4595799999999998 request successfully sent.
13-10-2024 21:57:11 - INFO - Response from moonraker: {'result': 'ok'}
13-10-2024 21:57:11 - INFO - Setting Chmaber Zones to a= 0.32170599999999994, b= 0.3676639999999999, c= 0.4136219999999999, d= 0.4595799999999998 Request successfully executed.
13-10-2024 21:57:11 - INFO - Sending request to Setting Chmaber Zones to a= 0.3210199999999999, b= 0.3668799999999999, c= 0.41273999999999994, d= 0.4585999999999999 with timeout of 5s...
13-10-2024 21:57:11 - INFO - Setting Chmaber Zones to a= 0.3210199999999999, b= 0.3668799999999999, c= 0.41273999999999994, d= 0.4585999999999999 request successfully sent.
13-10-2024 21:57:11 - INFO - Response from moonraker: {'result': 'ok'}
13-10-2024 21:57:11 - INFO - Setting Chmaber Zones to a= 0.3210199999999999, b= 0.3668799999999999, c= 0.41273999999999994, d= 0.4585999999999999 Request successfully executed.
13-10-2024 21:57:11 - INFO - Sending request to Setting Chmaber Zones to a= 0.3203199999999999, b= 0.3660799999999999, c= 0.41183999999999993, d= 0.4575999999999999 with timeout of 5s...
13-10-2024 21:57:11 - INFO - Setting Chmaber Zones to a= 0.3203199999999999, b= 0.3660799999999999, c= 0.41183999999999993, d= 0.4575999999999999 request successfully sent.
13-10-2024 21:57:11 - INFO - Response from moonraker: {'result': 'ok'}
13-10-2024 21:57:11 - INFO - Setting Chmaber Zones to a= 0.3203199999999999, b= 0.3660799999999999, c= 0.41183999999999993, d= 0.4575999999999999 Request successfully executed.
13-10-2024 21:57:11 - INFO - Sending request to Setting Chmaber Zones to a= 0.3196199999999999, b= 0.36527999999999994, c= 0.4109399999999999, d= 0.4565999999999999 with timeout of 5s...
13-10-2024 21:57:11 - INFO - Setting Chmaber Zones to a= 0.3196199999999999, b= 0.36527999999999994, c= 0.4109399999999999, d= 0.4565999999999999 request successfully sent.
13-10-2024 21:57:11 - INFO - Response from moonraker: {'result': 'ok'}
13-10-2024 21:57:11 - INFO - Setting Chmaber Zones to a= 0.3196199999999999, b= 0.36527999999999994, c= 0.4109399999999999, d= 0.4565999999999999 Request successfully executed.
13-10-2024 21:57:11 - INFO - Sending request to Setting Chmaber Zones to a= 0.3189199999999999, b= 0.3644799999999999, c= 0.4100399999999999, d= 0.4555999999999999 with timeout of 5s...
13-10-2024 21:57:11 - INFO - Setting Chmaber Zones to a= 0.3189199999999999, b= 0.3644799999999999, c= 0.4100399999999999, d= 0.4555999999999999 request successfully sent.
13-10-2024 21:57:11 - INFO - Response from moonraker: {'result': 'ok'}
13-10-2024 21:57:11 - INFO - Setting Chmaber Zones to a= 0.3189199999999999, b= 0.3644799999999999, c= 0.4100399999999999, d= 0.4555999999999999 Request successfully executed.
13-10-2024 21:57:12 - INFO - Sending request to Setting Chmaber Zones to a= 0.31821999999999995, b= 0.36367999999999995, c= 0.4091399999999999, d= 0.4545999999999999 with timeout of 5s...
13-10-2024 21:57:12 - INFO - Setting Chmaber Zones to a= 0.31821999999999995, b= 0.36367999999999995, c= 0.4091399999999999, d= 0.4545999999999999 request successfully sent.
13-10-2024 21:57:12 - INFO - Response from moonraker: {'result': 'ok'}
13-10-2024 21:57:12 - INFO - Setting Chmaber Zones to a= 0.31821999999999995, b= 0.36367999999999995, c= 0.4091399999999999, d= 0.4545999999999999 Request successfully executed.
13-10-2024 21:57:12 - INFO - Sending request to Setting Chmaber Zones to a= 0.3175199999999999, b= 0.36287999999999987, c= 0.40823999999999994, d= 0.45359999999999995 with timeout of 5s...
13-10-2024 21:57:12 - INFO - Setting Chmaber Zones to a= 0.3175199999999999, b= 0.36287999999999987, c= 0.40823999999999994, d= 0.45359999999999995 request successfully sent.
13-10-2024 21:57:12 - INFO - Response from moonraker: {'result': 'ok'}
13-10-2024 21:57:12 - INFO - Setting Chmaber Zones to a= 0.3175199999999999, b= 0.36287999999999987, c= 0.40823999999999994, d= 0.45359999999999995 Request successfully executed.
13-10-2024 21:57:12 - INFO - Sending request to Setting Chmaber Zones to a= 0.31681999999999994, b= 0.3620799999999999, c= 0.40733999999999987, d= 0.4525999999999999 with timeout of 5s...
13-10-2024 21:57:12 - INFO - Setting Chmaber Zones to a= 0.31681999999999994, b= 0.3620799999999999, c= 0.40733999999999987, d= 0.4525999999999999 request successfully sent.
13-10-2024 21:57:12 - INFO - Response from moonraker: {'result': 'ok'}
13-10-2024 21:57:12 - INFO - Setting Chmaber Zones to a= 0.31681999999999994, b= 0.3620799999999999, c= 0.40733999999999987, d= 0.4525999999999999 Request successfully executed.
13-10-2024 21:57:12 - INFO - Sending request to Setting Chmaber Zones to a= 0.3161199999999999, b= 0.36127999999999993, c= 0.4064399999999999, d= 0.4515999999999999 with timeout of 5s...
13-10-2024 21:57:12 - INFO - Setting Chmaber Zones to a= 0.3161199999999999, b= 0.36127999999999993, c= 0.4064399999999999, d= 0.4515999999999999 request successfully sent.
13-10-2024 21:57:12 - INFO - Response from moonraker: {'result': 'ok'}
13-10-2024 21:57:12 - INFO - Setting Chmaber Zones to a= 0.3161199999999999, b= 0.36127999999999993, c= 0.4064399999999999, d= 0.4515999999999999 Request successfully executed.
13-10-2024 21:57:12 - INFO - Sending request to Setting Chmaber Zones to a= 0.3154199999999999, b= 0.36047999999999986, c= 0.4055399999999999, d= 0.4505999999999999 with timeout of 5s...
13-10-2024 21:57:12 - INFO - Setting Chmaber Zones to a= 0.3154199999999999, b= 0.36047999999999986, c= 0.4055399999999999, d= 0.4505999999999999 request successfully sent.
13-10-2024 21:57:12 - INFO - Response from moonraker: {'result': 'ok'}
13-10-2024 21:57:12 - INFO - Setting Chmaber Zones to a= 0.3154199999999999, b= 0.36047999999999986, c= 0.4055399999999999, d= 0.4505999999999999 Request successfully executed.
13-10-2024 21:57:13 - INFO - Sending request to Setting Chmaber Zones to a= 0.31253600000000004, b= 0.357184, c= 0.4018320000000001, d= 0.44648000000000004 with timeout of 5s...
13-10-2024 21:57:13 - INFO - Setting Chmaber Zones to a= 0.31253600000000004, b= 0.357184, c= 0.4018320000000001, d= 0.44648000000000004 request successfully sent.
13-10-2024 21:57:13 - INFO - Response from moonraker: {'result': 'ok'}
13-10-2024 21:57:13 - INFO - Setting Chmaber Zones to a= 0.31253600000000004, b= 0.357184, c= 0.4018320000000001, d= 0.44648000000000004 Request successfully executed.
13-10-2024 21:57:13 - INFO - Sending request to Setting Chmaber Zones to a= 0.31178000000000006, b= 0.35632, c= 0.40086000000000005, d= 0.4454000000000001 with timeout of 5s...
13-10-2024 21:57:13 - INFO - Setting Chmaber Zones to a= 0.31178000000000006, b= 0.35632, c= 0.40086000000000005, d= 0.4454000000000001 request successfully sent.
13-10-2024 21:57:13 - INFO - Response from moonraker: {'result': 'ok'}
13-10-2024 21:57:13 - INFO - Setting Chmaber Zones to a= 0.31178000000000006, b= 0.35632, c= 0.40086000000000005, d= 0.4454000000000001 Request successfully executed.
13-10-2024 21:57:13 - INFO - Sending request to Setting Chmaber Zones to a= 0.30882600000000016, b= 0.35294400000000015, c= 0.39706200000000025, d= 0.44118000000000024 with timeout of 5s...
13-10-2024 21:57:13 - INFO - Setting Chmaber Zones to a= 0.30882600000000016, b= 0.35294400000000015, c= 0.39706200000000025, d= 0.44118000000000024 request successfully sent.
13-10-2024 21:57:13 - INFO - Response from moonraker: {'result': 'ok'}
13-10-2024 21:57:13 - INFO - Setting Chmaber Zones to a= 0.30882600000000016, b= 0.35294400000000015, c= 0.39706200000000025, d= 0.44118000000000024 Request successfully executed.
13-10-2024 21:57:13 - INFO - Sending request to Setting Chmaber Zones to a= 0.30581599999999964, b= 0.3495039999999996, c= 0.39319199999999954, d= 0.43687999999999944 with timeout of 5s...
13-10-2024 21:57:13 - INFO - Setting Chmaber Zones to a= 0.30581599999999964, b= 0.3495039999999996, c= 0.39319199999999954, d= 0.43687999999999944 request successfully sent.
13-10-2024 21:57:13 - INFO - Response from moonraker: {'result': 'ok'}
13-10-2024 21:57:13 - INFO - Setting Chmaber Zones to a= 0.30581599999999964, b= 0.3495039999999996, c= 0.39319199999999954, d= 0.43687999999999944 Request successfully executed.
13-10-2024 21:57:13 - INFO - Sending request to Setting Chmaber Zones to a= 0.30273599999999984, b= 0.34598399999999985, c= 0.3892319999999998, d= 0.43247999999999975 with timeout of 5s...
13-10-2024 21:57:13 - INFO - Setting Chmaber Zones to a= 0.30273599999999984, b= 0.34598399999999985, c= 0.3892319999999998, d= 0.43247999999999975 request successfully sent.
13-10-2024 21:57:13 - INFO - Response from moonraker: {'result': 'ok'}
13-10-2024 21:57:13 - INFO - Setting Chmaber Zones to a= 0.30273599999999984, b= 0.34598399999999985, c= 0.3892319999999998, d= 0.43247999999999975 Request successfully executed.
13-10-2024 21:57:14 - INFO - Sending request to Setting Chmaber Zones to a= 0.2995859999999999, b= 0.3423839999999999, c= 0.3851819999999999, d= 0.42797999999999997 with timeout of 5s...
13-10-2024 21:57:14 - INFO - Setting Chmaber Zones to a= 0.2995859999999999, b= 0.3423839999999999, c= 0.3851819999999999, d= 0.42797999999999997 request successfully sent.
13-10-2024 21:57:14 - INFO - Response from moonraker: {'result': 'ok'}
13-10-2024 21:57:14 - INFO - Setting Chmaber Zones to a= 0.2995859999999999, b= 0.3423839999999999, c= 0.3851819999999999, d= 0.42797999999999997 Request successfully executed.
13-10-2024 21:57:14 - INFO - Sending request to Setting Chmaber Zones to a= 0.296366, b= 0.33870400000000006, c= 0.38104200000000005, d= 0.42338000000000003 with timeout of 5s...
13-10-2024 21:57:14 - INFO - Setting Chmaber Zones to a= 0.296366, b= 0.33870400000000006, c= 0.38104200000000005, d= 0.42338000000000003 request successfully sent.
13-10-2024 21:57:14 - INFO - Response from moonraker: {'result': 'ok'}
13-10-2024 21:57:14 - INFO - Setting Chmaber Zones to a= 0.296366, b= 0.33870400000000006, c= 0.38104200000000005, d= 0.42338000000000003 Request successfully executed.
13-10-2024 21:57:14 - INFO - Sending request to Setting Chmaber Zones to a= 0.29307600000000017, b= 0.3349440000000002, c= 0.3768120000000002, d= 0.4186800000000002 with timeout of 5s...
13-10-2024 21:57:14 - INFO - Setting Chmaber Zones to a= 0.29307600000000017, b= 0.3349440000000002, c= 0.3768120000000002, d= 0.4186800000000002 request successfully sent.
13-10-2024 21:57:14 - INFO - Response from moonraker: {'result': 'ok'}
13-10-2024 21:57:14 - INFO - Setting Chmaber Zones to a= 0.29307600000000017, b= 0.3349440000000002, c= 0.3768120000000002, d= 0.4186800000000002 Request successfully executed.
13-10-2024 21:57:14 - INFO - Sending request to Setting Chmaber Zones to a= 0.28971599999999964, b= 0.3311039999999996, c= 0.3724919999999996, d= 0.4138799999999996 with timeout of 5s...
13-10-2024 21:57:14 - INFO - Setting Chmaber Zones to a= 0.28971599999999964, b= 0.3311039999999996, c= 0.3724919999999996, d= 0.4138799999999996 request successfully sent.
13-10-2024 21:57:14 - INFO - Response from moonraker: {'result': 'ok'}
13-10-2024 21:57:14 - INFO - Setting Chmaber Zones to a= 0.28971599999999964, b= 0.3311039999999996, c= 0.3724919999999996, d= 0.4138799999999996 Request successfully executed.
13-10-2024 21:57:14 - INFO - Sending request to Setting Chmaber Zones to a= 0.28846999999999967, b= 0.3296799999999996, c= 0.37088999999999955, d= 0.4120999999999995 with timeout of 5s...
13-10-2024 21:57:14 - INFO - Setting Chmaber Zones to a= 0.28846999999999967, b= 0.3296799999999996, c= 0.37088999999999955, d= 0.4120999999999995 request successfully sent.
13-10-2024 21:57:14 - INFO - Response from moonraker: {'result': 'ok'}
13-10-2024 21:57:14 - INFO - Setting Chmaber Zones to a= 0.28846999999999967, b= 0.3296799999999996, c= 0.37088999999999955, d= 0.4120999999999995 Request successfully executed.
13-10-2024 21:57:15 - INFO - Sending request to Setting Chmaber Zones to a= 0.28720999999999963, b= 0.32823999999999964, c= 0.36926999999999954, d= 0.4102999999999995 with timeout of 5s...
13-10-2024 21:57:15 - INFO - Setting Chmaber Zones to a= 0.28720999999999963, b= 0.32823999999999964, c= 0.36926999999999954, d= 0.4102999999999995 request successfully sent.
13-10-2024 21:57:15 - INFO - Response from moonraker: {'result': 'ok'}
13-10-2024 21:57:15 - INFO - Setting Chmaber Zones to a= 0.28720999999999963, b= 0.32823999999999964, c= 0.36926999999999954, d= 0.4102999999999995 Request successfully executed.
13-10-2024 21:57:15 - INFO - Sending request to Setting Chmaber Zones to a= 0.2837659999999998, b= 0.32430399999999976, c= 0.3648419999999997, d= 0.4053799999999997 with timeout of 5s...
13-10-2024 21:57:15 - INFO - Setting Chmaber Zones to a= 0.2837659999999998, b= 0.32430399999999976, c= 0.3648419999999997, d= 0.4053799999999997 request successfully sent.
13-10-2024 21:57:15 - INFO - Response from moonraker: {'result': 'ok'}
13-10-2024 21:57:15 - INFO - Setting Chmaber Zones to a= 0.2837659999999998, b= 0.32430399999999976, c= 0.3648419999999997, d= 0.4053799999999997 Request successfully executed.
13-10-2024 21:57:15 - INFO - Sending request to Setting Chmaber Zones to a= 0.2802659999999999, b= 0.32030399999999987, c= 0.36034199999999983, d= 0.40037999999999985 with timeout of 5s...
13-10-2024 21:57:15 - INFO - Setting Chmaber Zones to a= 0.2802659999999999, b= 0.32030399999999987, c= 0.36034199999999983, d= 0.40037999999999985 request successfully sent.
13-10-2024 21:57:15 - INFO - Response from moonraker: {'result': 'ok'}
13-10-2024 21:57:15 - INFO - Setting Chmaber Zones to a= 0.2802659999999999, b= 0.32030399999999987, c= 0.36034199999999983, d= 0.40037999999999985 Request successfully executed.
13-10-2024 21:57:15 - INFO - Sending request to Setting Chmaber Zones to a= 0.2788799999999999, b= 0.3187199999999999, c= 0.3585599999999999, d= 0.39839999999999987 with timeout of 5s...
13-10-2024 21:57:15 - INFO - Setting Chmaber Zones to a= 0.2788799999999999, b= 0.3187199999999999, c= 0.3585599999999999, d= 0.39839999999999987 request successfully sent.
13-10-2024 21:57:15 - INFO - Response from moonraker: {'result': 'ok'}
13-10-2024 21:57:15 - INFO - Setting Chmaber Zones to a= 0.2788799999999999, b= 0.3187199999999999, c= 0.3585599999999999, d= 0.39839999999999987 Request successfully executed.
13-10-2024 21:57:15 - INFO - Sending request to Setting Chmaber Zones to a= 0.2774799999999999, b= 0.3171199999999999, c= 0.35675999999999986, d= 0.39639999999999986 with timeout of 5s...
13-10-2024 21:57:15 - INFO - Setting Chmaber Zones to a= 0.2774799999999999, b= 0.3171199999999999, c= 0.35675999999999986, d= 0.39639999999999986 request successfully sent.
13-10-2024 21:57:15 - INFO - Response from moonraker: {'result': 'ok'}
13-10-2024 21:57:15 - INFO - Setting Chmaber Zones to a= 0.2774799999999999, b= 0.3171199999999999, c= 0.35675999999999986, d= 0.39639999999999986 Request successfully executed.
13-10-2024 21:57:16 - INFO - Sending request to Setting Chmaber Zones to a= 0.2760799999999999, b= 0.3155199999999999, c= 0.3549599999999999, d= 0.39439999999999986 with timeout of 5s...
13-10-2024 21:57:16 - INFO - Setting Chmaber Zones to a= 0.2760799999999999, b= 0.3155199999999999, c= 0.3549599999999999, d= 0.39439999999999986 request successfully sent.
13-10-2024 21:57:16 - INFO - Response from moonraker: {'result': 'ok'}
13-10-2024 21:57:16 - INFO - Setting Chmaber Zones to a= 0.2760799999999999, b= 0.3155199999999999, c= 0.3549599999999999, d= 0.39439999999999986 Request successfully executed.
13-10-2024 21:57:16 - INFO - Sending request to Setting Chmaber Zones to a= 0.2790479999999997, b= 0.3189119999999996, c= 0.35877599999999954, d= 0.3986399999999995 with timeout of 5s...
13-10-2024 21:57:16 - INFO - Setting Chmaber Zones to a= 0.2790479999999997, b= 0.3189119999999996, c= 0.35877599999999954, d= 0.3986399999999995 request successfully sent.
13-10-2024 21:57:16 - INFO - Response from moonraker: {'result': 'ok'}
13-10-2024 21:57:16 - INFO - Setting Chmaber Zones to a= 0.2790479999999997, b= 0.3189119999999996, c= 0.35877599999999954, d= 0.3986399999999995 Request successfully executed.
13-10-2024 21:57:16 - INFO - Sending request to Setting Chmaber Zones to a= 0.2777599999999997, b= 0.31743999999999967, c= 0.3571199999999996, d= 0.3967999999999996 with timeout of 5s...
13-10-2024 21:57:16 - INFO - Setting Chmaber Zones to a= 0.2777599999999997, b= 0.31743999999999967, c= 0.3571199999999996, d= 0.3967999999999996 request successfully sent.
13-10-2024 21:57:16 - INFO - Response from moonraker: {'result': 'ok'}
13-10-2024 21:57:16 - INFO - Setting Chmaber Zones to a= 0.2777599999999997, b= 0.31743999999999967, c= 0.3571199999999996, d= 0.3967999999999996 Request successfully executed.
13-10-2024 21:57:16 - INFO - Sending request to Setting Chmaber Zones to a= 0.2764999999999997, b= 0.3159999999999996, c= 0.35549999999999954, d= 0.3949999999999995 with timeout of 5s...
13-10-2024 21:57:16 - INFO - Setting Chmaber Zones to a= 0.2764999999999997, b= 0.3159999999999996, c= 0.35549999999999954, d= 0.3949999999999995 request successfully sent.
13-10-2024 21:57:16 - INFO - Response from moonraker: {'result': 'ok'}
13-10-2024 21:57:16 - INFO - Setting Chmaber Zones to a= 0.2764999999999997, b= 0.3159999999999996, c= 0.35549999999999954, d= 0.3949999999999995 Request successfully executed.
13-10-2024 21:57:16 - INFO - Sending request to Setting Chmaber Zones to a= 0.27523999999999965, b= 0.3145599999999996, c= 0.35387999999999953, d= 0.3931999999999995 with timeout of 5s...
13-10-2024 21:57:16 - INFO - Setting Chmaber Zones to a= 0.27523999999999965, b= 0.3145599999999996, c= 0.35387999999999953, d= 0.3931999999999995 request successfully sent.
13-10-2024 21:57:16 - INFO - Response from moonraker: {'result': 'ok'}
13-10-2024 21:57:16 - INFO - Setting Chmaber Zones to a= 0.27523999999999965, b= 0.3145599999999996, c= 0.35387999999999953, d= 0.3931999999999995 Request successfully executed.
13-10-2024 21:57:17 - INFO - Sending request to Setting Chmaber Zones to a= 0.27397999999999967, b= 0.31311999999999957, c= 0.3522599999999995, d= 0.3913999999999994 with timeout of 5s...
13-10-2024 21:57:17 - INFO - Setting Chmaber Zones to a= 0.27397999999999967, b= 0.31311999999999957, c= 0.3522599999999995, d= 0.3913999999999994 request successfully sent.
13-10-2024 21:57:17 - INFO - Response from moonraker: {'result': 'ok'}
13-10-2024 21:57:17 - INFO - Setting Chmaber Zones to a= 0.27397999999999967, b= 0.31311999999999957, c= 0.3522599999999995, d= 0.3913999999999994 Request successfully executed.
13-10-2024 21:57:17 - INFO - Sending request to Setting Chmaber Zones to a= 0.2727199999999997, b= 0.3116799999999996, c= 0.35063999999999956, d= 0.3895999999999995 with timeout of 5s...
13-10-2024 21:57:17 - INFO - Setting Chmaber Zones to a= 0.2727199999999997, b= 0.3116799999999996, c= 0.35063999999999956, d= 0.3895999999999995 request successfully sent.
13-10-2024 21:57:17 - INFO - Response from moonraker: {'result': 'ok'}
13-10-2024 21:57:17 - INFO - Setting Chmaber Zones to a= 0.2727199999999997, b= 0.3116799999999996, c= 0.35063999999999956, d= 0.3895999999999995 Request successfully executed.
13-10-2024 21:57:17 - INFO - Sending request to Setting Chmaber Zones to a= 0.2736440000000001, b= 0.3127360000000001, c= 0.35182800000000014, d= 0.39092000000000016 with timeout of 5s...
13-10-2024 21:57:17 - INFO - Setting Chmaber Zones to a= 0.2736440000000001, b= 0.3127360000000001, c= 0.35182800000000014, d= 0.39092000000000016 request successfully sent.
13-10-2024 21:57:17 - INFO - Response from moonraker: {'result': 'ok'}
13-10-2024 21:57:17 - INFO - Setting Chmaber Zones to a= 0.2736440000000001, b= 0.3127360000000001, c= 0.35182800000000014, d= 0.39092000000000016 Request successfully executed.
13-10-2024 21:57:17 - INFO - Sending request to Setting Chmaber Zones to a= 0.2724400000000001, b= 0.31136000000000014, c= 0.35028000000000015, d= 0.38920000000000016 with timeout of 5s...
13-10-2024 21:57:17 - INFO - Setting Chmaber Zones to a= 0.2724400000000001, b= 0.31136000000000014, c= 0.35028000000000015, d= 0.38920000000000016 request successfully sent.
13-10-2024 21:57:17 - INFO - Response from moonraker: {'result': 'ok'}
13-10-2024 21:57:17 - INFO - Setting Chmaber Zones to a= 0.2724400000000001, b= 0.31136000000000014, c= 0.35028000000000015, d= 0.38920000000000016 Request successfully executed.
13-10-2024 21:57:17 - INFO - Sending request to Setting Chmaber Zones to a= 0.273434, b= 0.312496, c= 0.351558, d= 0.39062 with timeout of 5s...
13-10-2024 21:57:17 - INFO - Setting Chmaber Zones to a= 0.273434, b= 0.312496, c= 0.351558, d= 0.39062 request successfully sent.
13-10-2024 21:57:17 - INFO - Response from moonraker: {'result': 'ok'}
13-10-2024 21:57:17 - INFO - Setting Chmaber Zones to a= 0.273434, b= 0.312496, c= 0.351558, d= 0.39062 Request successfully executed.
13-10-2024 21:57:18 - INFO - Sending request to Setting Chmaber Zones to a= 0.2744839999999999, b= 0.31369599999999986, c= 0.3529079999999999, d= 0.3921199999999999 with timeout of 5s...
13-10-2024 21:57:18 - INFO - Setting Chmaber Zones to a= 0.2744839999999999, b= 0.31369599999999986, c= 0.3529079999999999, d= 0.3921199999999999 request successfully sent.
13-10-2024 21:57:18 - INFO - Response from moonraker: {'result': 'ok'}
13-10-2024 21:57:18 - INFO - Setting Chmaber Zones to a= 0.2744839999999999, b= 0.31369599999999986, c= 0.3529079999999999, d= 0.3921199999999999 Request successfully executed.
13-10-2024 21:57:18 - INFO - Sending request to Setting Chmaber Zones to a= 0.2734199999999999, b= 0.31247999999999987, c= 0.3515399999999998, d= 0.39059999999999984 with timeout of 5s...
13-10-2024 21:57:18 - INFO - Setting Chmaber Zones to a= 0.2734199999999999, b= 0.31247999999999987, c= 0.3515399999999998, d= 0.39059999999999984 request successfully sent.
13-10-2024 21:57:18 - INFO - Response from moonraker: {'result': 'ok'}
13-10-2024 21:57:18 - INFO - Setting Chmaber Zones to a= 0.2734199999999999, b= 0.31247999999999987, c= 0.3515399999999998, d= 0.39059999999999984 Request successfully executed.
13-10-2024 21:57:18 - INFO - Sending request to Setting Chmaber Zones to a= 0.2723699999999999, b= 0.31127999999999983, c= 0.35018999999999983, d= 0.38909999999999983 with timeout of 5s...
13-10-2024 21:57:18 - INFO - Setting Chmaber Zones to a= 0.2723699999999999, b= 0.31127999999999983, c= 0.35018999999999983, d= 0.38909999999999983 request successfully sent.
13-10-2024 21:57:18 - INFO - Response from moonraker: {'result': 'ok'}
13-10-2024 21:57:18 - INFO - Setting Chmaber Zones to a= 0.2723699999999999, b= 0.31127999999999983, c= 0.35018999999999983, d= 0.38909999999999983 Request successfully executed.
13-10-2024 21:57:18 - INFO - Sending request to Setting Chmaber Zones to a= 0.2647679999999996, b= 0.3025919999999996, c= 0.34041599999999955, d= 0.37823999999999947 with timeout of 5s...
13-10-2024 21:57:18 - INFO - Setting Chmaber Zones to a= 0.2647679999999996, b= 0.3025919999999996, c= 0.34041599999999955, d= 0.37823999999999947 request successfully sent.
13-10-2024 21:57:18 - INFO - Response from moonraker: {'result': 'ok'}
13-10-2024 21:57:18 - INFO - Setting Chmaber Zones to a= 0.2647679999999996, b= 0.3025919999999996, c= 0.34041599999999955, d= 0.37823999999999947 Request successfully executed.
13-10-2024 21:57:18 - INFO - Sending request to Setting Chmaber Zones to a= 0.2613659999999997, b= 0.2987039999999997, c= 0.3360419999999996, d= 0.3733799999999996 with timeout of 5s...
13-10-2024 21:57:18 - INFO - Setting Chmaber Zones to a= 0.2613659999999997, b= 0.2987039999999997, c= 0.3360419999999996, d= 0.3733799999999996 request successfully sent.
13-10-2024 21:57:18 - INFO - Response from moonraker: {'result': 'ok'}
13-10-2024 21:57:18 - INFO - Setting Chmaber Zones to a= 0.2613659999999997, b= 0.2987039999999997, c= 0.3360419999999996, d= 0.3733799999999996 Request successfully executed.
13-10-2024 21:57:19 - INFO - Sending request to Setting Chmaber Zones to a= 0.2600499999999997, b= 0.2971999999999997, c= 0.33434999999999965, d= 0.3714999999999996 with timeout of 5s...
13-10-2024 21:57:19 - INFO - Setting Chmaber Zones to a= 0.2600499999999997, b= 0.2971999999999997, c= 0.33434999999999965, d= 0.3714999999999996 request successfully sent.
13-10-2024 21:57:19 - INFO - Response from moonraker: {'result': 'ok'}
13-10-2024 21:57:19 - INFO - Setting Chmaber Zones to a= 0.2600499999999997, b= 0.2971999999999997, c= 0.33434999999999965, d= 0.3714999999999996 Request successfully executed.
13-10-2024 21:57:19 - INFO - Sending request to Setting Chmaber Zones to a= 0.2565359999999998, b= 0.2931839999999998, c= 0.32983199999999974, d= 0.36647999999999975 with timeout of 5s...
13-10-2024 21:57:19 - INFO - Setting Chmaber Zones to a= 0.2565359999999998, b= 0.2931839999999998, c= 0.32983199999999974, d= 0.36647999999999975 request successfully sent.
13-10-2024 21:57:19 - INFO - Response from moonraker: {'result': 'ok'}
13-10-2024 21:57:19 - INFO - Setting Chmaber Zones to a= 0.2565359999999998, b= 0.2931839999999998, c= 0.32983199999999974, d= 0.36647999999999975 Request successfully executed.
13-10-2024 21:57:19 - INFO - Sending request to Setting Chmaber Zones to a= 0.2551499999999998, b= 0.2915999999999998, c= 0.3280499999999998, d= 0.36449999999999977 with timeout of 5s...
13-10-2024 21:57:19 - INFO - Setting Chmaber Zones to a= 0.2551499999999998, b= 0.2915999999999998, c= 0.3280499999999998, d= 0.36449999999999977 request successfully sent.
13-10-2024 21:57:19 - INFO - Response from moonraker: {'result': 'ok'}
13-10-2024 21:57:19 - INFO - Setting Chmaber Zones to a= 0.2551499999999998, b= 0.2915999999999998, c= 0.3280499999999998, d= 0.36449999999999977 Request successfully executed.
13-10-2024 21:57:19 - INFO - Sending request to Setting Chmaber Zones to a= 0.25156599999999996, b= 0.2875039999999999, c= 0.32344199999999995, d= 0.35938 with timeout of 5s...
13-10-2024 21:57:19 - INFO - Setting Chmaber Zones to a= 0.25156599999999996, b= 0.2875039999999999, c= 0.32344199999999995, d= 0.35938 request successfully sent.
13-10-2024 21:57:19 - INFO - Response from moonraker: {'result': 'ok'}
13-10-2024 21:57:19 - INFO - Setting Chmaber Zones to a= 0.25156599999999996, b= 0.2875039999999999, c= 0.32344199999999995, d= 0.35938 Request successfully executed.
13-10-2024 21:57:19 - INFO - Sending request to Setting Chmaber Zones to a= 0.25010999999999994, b= 0.2858399999999999, c= 0.3215699999999999, d= 0.3572999999999999 with timeout of 5s...
13-10-2024 21:57:19 - INFO - Setting Chmaber Zones to a= 0.25010999999999994, b= 0.2858399999999999, c= 0.3215699999999999, d= 0.3572999999999999 request successfully sent.
13-10-2024 21:57:19 - INFO - Response from moonraker: {'result': 'ok'}
13-10-2024 21:57:19 - INFO - Setting Chmaber Zones to a= 0.25010999999999994, b= 0.2858399999999999, c= 0.3215699999999999, d= 0.3572999999999999 Request successfully executed.
13-10-2024 21:57:20 - INFO - Sending request to Setting Chmaber Zones to a= 0.24863999999999994, b= 0.2841599999999999, c= 0.3196799999999999, d= 0.3551999999999999 with timeout of 5s...
13-10-2024 21:57:20 - INFO - Setting Chmaber Zones to a= 0.24863999999999994, b= 0.2841599999999999, c= 0.3196799999999999, d= 0.3551999999999999 request successfully sent.
13-10-2024 21:57:20 - INFO - Response from moonraker: {'result': 'ok'}
13-10-2024 21:57:20 - INFO - Setting Chmaber Zones to a= 0.24863999999999994, b= 0.2841599999999999, c= 0.3196799999999999, d= 0.3551999999999999 Request successfully executed.
13-10-2024 21:57:20 - INFO - Sending request to Setting Chmaber Zones to a= 0.244986, b= 0.279984, c= 0.314982, d= 0.34998000000000007 with timeout of 5s...
13-10-2024 21:57:20 - INFO - Setting Chmaber Zones to a= 0.244986, b= 0.279984, c= 0.314982, d= 0.34998000000000007 request successfully sent.
13-10-2024 21:57:20 - INFO - Response from moonraker: {'result': 'ok'}
13-10-2024 21:57:20 - INFO - Setting Chmaber Zones to a= 0.244986, b= 0.279984, c= 0.314982, d= 0.34998000000000007 Request successfully executed.
13-10-2024 21:57:20 - INFO - Sending request to Setting Chmaber Zones to a= 0.24127599999999955, b= 0.2757439999999995, c= 0.31021199999999943, d= 0.3446799999999994 with timeout of 5s...
13-10-2024 21:57:20 - INFO - Setting Chmaber Zones to a= 0.24127599999999955, b= 0.2757439999999995, c= 0.31021199999999943, d= 0.3446799999999994 request successfully sent.
13-10-2024 21:57:20 - INFO - Response from moonraker: {'result': 'ok'}
13-10-2024 21:57:20 - INFO - Setting Chmaber Zones to a= 0.24127599999999955, b= 0.2757439999999995, c= 0.31021199999999943, d= 0.3446799999999994 Request successfully executed.
13-10-2024 21:57:20 - INFO - Sending request to Setting Chmaber Zones to a= 0.23749599999999965, b= 0.2714239999999996, c= 0.30535199999999957, d= 0.3392799999999995 with timeout of 5s...
13-10-2024 21:57:20 - INFO - Setting Chmaber Zones to a= 0.23749599999999965, b= 0.2714239999999996, c= 0.30535199999999957, d= 0.3392799999999995 request successfully sent.
13-10-2024 21:57:20 - INFO - Response from moonraker: {'result': 'ok'}
13-10-2024 21:57:20 - INFO - Setting Chmaber Zones to a= 0.23749599999999965, b= 0.2714239999999996, c= 0.30535199999999957, d= 0.3392799999999995 Request successfully executed.
13-10-2024 21:57:20 - INFO - Sending request to Setting Chmaber Zones to a= 0.23364599999999977, b= 0.26702399999999976, c= 0.3004019999999997, d= 0.33377999999999974 with timeout of 5s...
13-10-2024 21:57:20 - INFO - Setting Chmaber Zones to a= 0.23364599999999977, b= 0.26702399999999976, c= 0.3004019999999997, d= 0.33377999999999974 request successfully sent.
13-10-2024 21:57:20 - INFO - Response from moonraker: {'result': 'ok'}
13-10-2024 21:57:20 - INFO - Setting Chmaber Zones to a= 0.23364599999999977, b= 0.26702399999999976, c= 0.3004019999999997, d= 0.33377999999999974 Request successfully executed.
13-10-2024 21:57:21 - INFO - Sending request to Setting Chmaber Zones to a= 0.2297259999999999, b= 0.2625439999999999, c= 0.29536199999999985, d= 0.32817999999999986 with timeout of 5s...
13-10-2024 21:57:21 - INFO - Setting Chmaber Zones to a= 0.2297259999999999, b= 0.2625439999999999, c= 0.29536199999999985, d= 0.32817999999999986 request successfully sent.
13-10-2024 21:57:21 - INFO - Response from moonraker: {'result': 'ok'}
13-10-2024 21:57:21 - INFO - Setting Chmaber Zones to a= 0.2297259999999999, b= 0.2625439999999999, c= 0.29536199999999985, d= 0.32817999999999986 Request successfully executed.
13-10-2024 21:57:21 - INFO - Sending request to Setting Chmaber Zones to a= 0.22573600000000005, b= 0.2579840000000001, c= 0.2902320000000001, d= 0.3224800000000001 with timeout of 5s...
13-10-2024 21:57:21 - INFO - Setting Chmaber Zones to a= 0.22573600000000005, b= 0.2579840000000001, c= 0.2902320000000001, d= 0.3224800000000001 request successfully sent.
13-10-2024 21:57:21 - INFO - Response from moonraker: {'result': 'ok'}
13-10-2024 21:57:21 - INFO - Setting Chmaber Zones to a= 0.22573600000000005, b= 0.2579840000000001, c= 0.2902320000000001, d= 0.3224800000000001 Request successfully executed.
13-10-2024 21:57:21 - INFO - Sending request to Setting Chmaber Zones to a= 0.22386000000000006, b= 0.25584000000000007, c= 0.2878200000000001, d= 0.3198000000000001 with timeout of 5s...
13-10-2024 21:57:21 - INFO - Setting Chmaber Zones to a= 0.22386000000000006, b= 0.25584000000000007, c= 0.2878200000000001, d= 0.3198000000000001 request successfully sent.
13-10-2024 21:57:21 - INFO - Response from moonraker: {'result': 'ok'}
13-10-2024 21:57:21 - INFO - Setting Chmaber Zones to a= 0.22386000000000006, b= 0.25584000000000007, c= 0.2878200000000001, d= 0.3198000000000001 Request successfully executed.
13-10-2024 21:57:21 - INFO - Sending request to Setting Chmaber Zones to a= 0.22197000000000003, b= 0.25368, c= 0.28539000000000003, d= 0.31710000000000005 with timeout of 5s...
13-10-2024 21:57:21 - INFO - Setting Chmaber Zones to a= 0.22197000000000003, b= 0.25368, c= 0.28539000000000003, d= 0.31710000000000005 request successfully sent.
13-10-2024 21:57:21 - INFO - Response from moonraker: {'result': 'ok'}
13-10-2024 21:57:21 - INFO - Setting Chmaber Zones to a= 0.22197000000000003, b= 0.25368, c= 0.28539000000000003, d= 0.31710000000000005 Request successfully executed.
13-10-2024 21:57:21 - INFO - Sending request to Setting Chmaber Zones to a= 0.2200800000000001, b= 0.2515200000000001, c= 0.2829600000000001, d= 0.3144000000000001 with timeout of 5s...
13-10-2024 21:57:21 - INFO - Setting Chmaber Zones to a= 0.2200800000000001, b= 0.2515200000000001, c= 0.2829600000000001, d= 0.3144000000000001 request successfully sent.
13-10-2024 21:57:21 - INFO - Response from moonraker: {'result': 'ok'}
13-10-2024 21:57:21 - INFO - Setting Chmaber Zones to a= 0.2200800000000001, b= 0.2515200000000001, c= 0.2829600000000001, d= 0.3144000000000001 Request successfully executed.
13-10-2024 21:57:22 - INFO - Sending request to Setting Chmaber Zones to a= 0.22474199999999975, b= 0.2568479999999997, c= 0.28895399999999966, d= 0.32105999999999957 with timeout of 5s...
13-10-2024 21:57:22 - INFO - Setting Chmaber Zones to a= 0.22474199999999975, b= 0.2568479999999997, c= 0.28895399999999966, d= 0.32105999999999957 request successfully sent.
13-10-2024 21:57:22 - INFO - Response from moonraker: {'result': 'ok'}
13-10-2024 21:57:22 - INFO - Setting Chmaber Zones to a= 0.22474199999999975, b= 0.2568479999999997, c= 0.28895399999999966, d= 0.32105999999999957 Request successfully executed.
13-10-2024 21:57:22 - INFO - Sending request to Setting Chmaber Zones to a= 0.2273880000000001, b= 0.2598720000000001, c= 0.2923560000000001, d= 0.3248400000000002 with timeout of 5s...
13-10-2024 21:57:22 - INFO - Setting Chmaber Zones to a= 0.2273880000000001, b= 0.2598720000000001, c= 0.2923560000000001, d= 0.3248400000000002 request successfully sent.
13-10-2024 21:57:22 - INFO - Response from moonraker: {'result': 'ok'}
13-10-2024 21:57:22 - INFO - Setting Chmaber Zones to a= 0.2273880000000001, b= 0.2598720000000001, c= 0.2923560000000001, d= 0.3248400000000002 Request successfully executed.
13-10-2024 21:57:22 - INFO - Sending request to Setting Chmaber Zones to a= 0.22582000000000008, b= 0.2580800000000001, c= 0.2903400000000001, d= 0.3226000000000001 with timeout of 5s...
13-10-2024 21:57:22 - INFO - Setting Chmaber Zones to a= 0.22582000000000008, b= 0.2580800000000001, c= 0.2903400000000001, d= 0.3226000000000001 request successfully sent.
13-10-2024 21:57:22 - INFO - Response from moonraker: {'result': 'ok'}
13-10-2024 21:57:22 - INFO - Setting Chmaber Zones to a= 0.22582000000000008, b= 0.2580800000000001, c= 0.2903400000000001, d= 0.3226000000000001 Request successfully executed.
13-10-2024 21:57:22 - INFO - Sending request to Setting Chmaber Zones to a= 0.22864799999999985, b= 0.2613119999999998, c= 0.2939759999999998, d= 0.3266399999999997 with timeout of 5s...
13-10-2024 21:57:22 - INFO - Setting Chmaber Zones to a= 0.22864799999999985, b= 0.2613119999999998, c= 0.2939759999999998, d= 0.3266399999999997 request successfully sent.
13-10-2024 21:57:22 - INFO - Response from moonraker: {'result': 'ok'}
13-10-2024 21:57:22 - INFO - Setting Chmaber Zones to a= 0.22864799999999985, b= 0.2613119999999998, c= 0.2939759999999998, d= 0.3266399999999997 Request successfully executed.
13-10-2024 21:57:22 - INFO - Sending request to Setting Chmaber Zones to a= 0.235956, b= 0.269664, c= 0.303372, d= 0.33708 with timeout of 5s...
13-10-2024 21:57:22 - INFO - Setting Chmaber Zones to a= 0.235956, b= 0.269664, c= 0.303372, d= 0.33708 request successfully sent.
13-10-2024 21:57:22 - INFO - Response from moonraker: {'result': 'ok'}
13-10-2024 21:57:22 - INFO - Setting Chmaber Zones to a= 0.235956, b= 0.269664, c= 0.303372, d= 0.33708 Request successfully executed.
13-10-2024 21:57:23 - INFO - Sending request to Setting Chmaber Zones to a= 0.23477999999999993, b= 0.26831999999999995, c= 0.3018599999999999, d= 0.3353999999999999 with timeout of 5s...
13-10-2024 21:57:23 - INFO - Setting Chmaber Zones to a= 0.23477999999999993, b= 0.26831999999999995, c= 0.3018599999999999, d= 0.3353999999999999 request successfully sent.
13-10-2024 21:57:23 - INFO - Response from moonraker: {'result': 'ok'}
13-10-2024 21:57:23 - INFO - Setting Chmaber Zones to a= 0.23477999999999993, b= 0.26831999999999995, c= 0.3018599999999999, d= 0.3353999999999999 Request successfully executed.
13-10-2024 21:57:23 - INFO - Sending request to Setting Chmaber Zones to a= 0.23802799999999974, b= 0.2720319999999997, c= 0.30603599999999964, d= 0.3400399999999996 with timeout of 5s...
13-10-2024 21:57:23 - INFO - Setting Chmaber Zones to a= 0.23802799999999974, b= 0.2720319999999997, c= 0.30603599999999964, d= 0.3400399999999996 request successfully sent.
13-10-2024 21:57:23 - INFO - Response from moonraker: {'result': 'ok'}
13-10-2024 21:57:23 - INFO - Setting Chmaber Zones to a= 0.23802799999999974, b= 0.2720319999999997, c= 0.30603599999999964, d= 0.3400399999999996 Request successfully executed.
13-10-2024 21:57:23 - INFO - Sending request to Setting Chmaber Zones to a= 0.2392039999999996, b= 0.2733759999999996, c= 0.30754799999999954, d= 0.34171999999999947 with timeout of 5s...
13-10-2024 21:57:23 - INFO - Setting Chmaber Zones to a= 0.2392039999999996, b= 0.2733759999999996, c= 0.30754799999999954, d= 0.34171999999999947 request successfully sent.
13-10-2024 21:57:23 - INFO - Response from moonraker: {'result': 'ok'}
13-10-2024 21:57:23 - INFO - Setting Chmaber Zones to a= 0.2392039999999996, b= 0.2733759999999996, c= 0.30754799999999954, d= 0.34171999999999947 Request successfully executed.
13-10-2024 21:57:23 - INFO - Sending request to Setting Chmaber Zones to a= 0.24046400000000012, b= 0.27481600000000017, c= 0.3091680000000001, d= 0.34352000000000016 with timeout of 5s...
13-10-2024 21:57:23 - INFO - Setting Chmaber Zones to a= 0.24046400000000012, b= 0.27481600000000017, c= 0.3091680000000001, d= 0.34352000000000016 request successfully sent.
13-10-2024 21:57:23 - INFO - Response from moonraker: {'result': 'ok'}
13-10-2024 21:57:23 - INFO - Setting Chmaber Zones to a= 0.24046400000000012, b= 0.27481600000000017, c= 0.3091680000000001, d= 0.34352000000000016 Request successfully executed.
13-10-2024 21:57:23 - INFO - Sending request to Setting Chmaber Zones to a= 0.24179399999999998, b= 0.2763359999999999, c= 0.31087799999999993, d= 0.34541999999999995 with timeout of 5s...
13-10-2024 21:57:23 - INFO - Setting Chmaber Zones to a= 0.24179399999999998, b= 0.2763359999999999, c= 0.31087799999999993, d= 0.34541999999999995 request successfully sent.
13-10-2024 21:57:23 - INFO - Response from moonraker: {'result': 'ok'}
13-10-2024 21:57:23 - INFO - Setting Chmaber Zones to a= 0.24179399999999998, b= 0.2763359999999999, c= 0.31087799999999993, d= 0.34541999999999995 Request successfully executed.
13-10-2024 21:57:24 - INFO - Sending request to Setting Chmaber Zones to a= 0.24100999999999995, b= 0.27543999999999996, c= 0.3098699999999999, d= 0.34429999999999994 with timeout of 5s...
13-10-2024 21:57:24 - INFO - Setting Chmaber Zones to a= 0.24100999999999995, b= 0.27543999999999996, c= 0.3098699999999999, d= 0.34429999999999994 request successfully sent.
13-10-2024 21:57:24 - INFO - Response from moonraker: {'result': 'ok'}
13-10-2024 21:57:24 - INFO - Setting Chmaber Zones to a= 0.24100999999999995, b= 0.27543999999999996, c= 0.3098699999999999, d= 0.34429999999999994 Request successfully executed.
13-10-2024 21:57:24 - INFO - Sending request to Setting Chmaber Zones to a= 0.24023999999999993, b= 0.2745599999999999, c= 0.30887999999999993, d= 0.34319999999999984 with timeout of 5s...
13-10-2024 21:57:24 - INFO - Setting Chmaber Zones to a= 0.24023999999999993, b= 0.2745599999999999, c= 0.30887999999999993, d= 0.34319999999999984 request successfully sent.
13-10-2024 21:57:24 - INFO - Response from moonraker: {'result': 'ok'}
13-10-2024 21:57:24 - INFO - Setting Chmaber Zones to a= 0.24023999999999993, b= 0.2745599999999999, c= 0.30887999999999993, d= 0.34319999999999984 Request successfully executed.
13-10-2024 21:57:24 - INFO - Sending request to Setting Chmaber Zones to a= 0.23946999999999993, b= 0.2736799999999999, c= 0.3078899999999999, d= 0.34209999999999996 with timeout of 5s...
13-10-2024 21:57:24 - INFO - Setting Chmaber Zones to a= 0.23946999999999993, b= 0.2736799999999999, c= 0.3078899999999999, d= 0.34209999999999996 request successfully sent.
13-10-2024 21:57:24 - INFO - Response from moonraker: {'result': 'ok'}
13-10-2024 21:57:24 - INFO - Setting Chmaber Zones to a= 0.23946999999999993, b= 0.2736799999999999, c= 0.3078899999999999, d= 0.34209999999999996 Request successfully executed.
13-10-2024 21:57:24 - INFO - Sending request to Setting Chmaber Zones to a= 0.2386999999999999, b= 0.2727999999999999, c= 0.3068999999999999, d= 0.34099999999999986 with timeout of 5s...
13-10-2024 21:57:24 - INFO - Setting Chmaber Zones to a= 0.2386999999999999, b= 0.2727999999999999, c= 0.3068999999999999, d= 0.34099999999999986 request successfully sent.
13-10-2024 21:57:24 - INFO - Response from moonraker: {'result': 'ok'}
13-10-2024 21:57:24 - INFO - Setting Chmaber Zones to a= 0.2386999999999999, b= 0.2727999999999999, c= 0.3068999999999999, d= 0.34099999999999986 Request successfully executed.
13-10-2024 21:57:24 - INFO - Sending request to Setting Chmaber Zones to a= 0.0, b= 0.0, c= 0.0, d= 0.0 with timeout of 5s...
13-10-2024 21:57:24 - INFO - Setting Chmaber Zones to a= 0.0, b= 0.0, c= 0.0, d= 0.0 request successfully sent.
13-10-2024 21:57:24 - INFO - Response from moonraker: {'result': 'ok'}
13-10-2024 21:57:24 - INFO - Setting Chmaber Zones to a= 0.0, b= 0.0, c= 0.0, d= 0.0 Request successfully executed.
13-10-2024 21:57:25 - INFO - Sending request to Setting Chmaber Zones to a= 0.10703, b= 0.12232, c= 0.13760999999999998, d= 0.15289999999999998 with timeout of 5s...
13-10-2024 21:57:25 - INFO - Setting Chmaber Zones to a= 0.10703, b= 0.12232, c= 0.13760999999999998, d= 0.15289999999999998 request successfully sent.
13-10-2024 21:57:25 - INFO - Response from moonraker: {'result': 'ok'}
13-10-2024 21:57:25 - INFO - Setting Chmaber Zones to a= 0.10703, b= 0.12232, c= 0.13760999999999998, d= 0.15289999999999998 Request successfully executed.
13-10-2024 21:57:25 - INFO - Sending request to Setting Chmaber Zones to a= 0.10664499999999996, b= 0.12187999999999997, c= 0.13711499999999996, d= 0.15234999999999996 with timeout of 5s...
13-10-2024 21:57:25 - INFO - Setting Chmaber Zones to a= 0.10664499999999996, b= 0.12187999999999997, c= 0.13711499999999996, d= 0.15234999999999996 request successfully sent.
13-10-2024 21:57:25 - INFO - Response from moonraker: {'result': 'ok'}
13-10-2024 21:57:25 - INFO - Setting Chmaber Zones to a= 0.10664499999999996, b= 0.12187999999999997, c= 0.13711499999999996, d= 0.15234999999999996 Request successfully executed.
13-10-2024 21:57:25 - INFO - Sending request to Setting Chmaber Zones to a= 0.10625999999999998, b= 0.12143999999999996, c= 0.13661999999999996, d= 0.15179999999999996 with timeout of 5s...
13-10-2024 21:57:25 - INFO - Setting Chmaber Zones to a= 0.10625999999999998, b= 0.12143999999999996, c= 0.13661999999999996, d= 0.15179999999999996 request successfully sent.
13-10-2024 21:57:25 - INFO - Response from moonraker: {'result': 'ok'}
13-10-2024 21:57:25 - INFO - Setting Chmaber Zones to a= 0.10625999999999998, b= 0.12143999999999996, c= 0.13661999999999996, d= 0.15179999999999996 Request successfully executed.
13-10-2024 21:57:25 - INFO - Sending request to Setting Chmaber Zones to a= 0.10587499999999996, b= 0.12099999999999994, c= 0.13612499999999994, d= 0.15124999999999994 with timeout of 5s...
13-10-2024 21:57:25 - INFO - Setting Chmaber Zones to a= 0.10587499999999996, b= 0.12099999999999994, c= 0.13612499999999994, d= 0.15124999999999994 request successfully sent.
13-10-2024 21:57:25 - INFO - Response from moonraker: {'result': 'ok'}
13-10-2024 21:57:25 - INFO - Setting Chmaber Zones to a= 0.10587499999999996, b= 0.12099999999999994, c= 0.13612499999999994, d= 0.15124999999999994 Request successfully executed.
13-10-2024 21:57:25 - INFO - Sending request to Setting Chmaber Zones to a= 0.10548999999999994, b= 0.12055999999999994, c= 0.13562999999999992, d= 0.15069999999999992 with timeout of 5s...
13-10-2024 21:57:25 - INFO - Setting Chmaber Zones to a= 0.10548999999999994, b= 0.12055999999999994, c= 0.13562999999999992, d= 0.15069999999999992 request successfully sent.
13-10-2024 21:57:25 - INFO - Response from moonraker: {'result': 'ok'}
13-10-2024 21:57:25 - INFO - Setting Chmaber Zones to a= 0.10548999999999994, b= 0.12055999999999994, c= 0.13562999999999992, d= 0.15069999999999992 Request successfully executed.
13-10-2024 21:57:26 - INFO - Sending request to Setting Chmaber Zones to a= 0.10510499999999995, b= 0.12011999999999994, c= 0.13513499999999992, d= 0.15014999999999992 with timeout of 5s...
13-10-2024 21:57:26 - INFO - Setting Chmaber Zones to a= 0.10510499999999995, b= 0.12011999999999994, c= 0.13513499999999992, d= 0.15014999999999992 request successfully sent.
13-10-2024 21:57:26 - INFO - Response from moonraker: {'result': 'ok'}
13-10-2024 21:57:26 - INFO - Setting Chmaber Zones to a= 0.10510499999999995, b= 0.12011999999999994, c= 0.13513499999999992, d= 0.15014999999999992 Request successfully executed.
13-10-2024 21:57:26 - INFO - Sending request to Setting Chmaber Zones to a= 0.10471999999999992, b= 0.11967999999999993, c= 0.13463999999999993, d= 0.1495999999999999 with timeout of 5s...
13-10-2024 21:57:26 - INFO - Setting Chmaber Zones to a= 0.10471999999999992, b= 0.11967999999999993, c= 0.13463999999999993, d= 0.1495999999999999 request successfully sent.
13-10-2024 21:57:26 - INFO - Response from moonraker: {'result': 'ok'}
13-10-2024 21:57:26 - INFO - Setting Chmaber Zones to a= 0.10471999999999992, b= 0.11967999999999993, c= 0.13463999999999993, d= 0.1495999999999999 Request successfully executed.
13-10-2024 21:57:26 - INFO - Sending request to Setting Chmaber Zones to a= 0.1086329999999997, b= 0.12415199999999967, c= 0.1396709999999996, d= 0.15518999999999958 with timeout of 5s...
13-10-2024 21:57:26 - INFO - Setting Chmaber Zones to a= 0.1086329999999997, b= 0.12415199999999967, c= 0.1396709999999996, d= 0.15518999999999958 request successfully sent.
13-10-2024 21:57:26 - INFO - Response from moonraker: {'result': 'ok'}
13-10-2024 21:57:26 - INFO - Setting Chmaber Zones to a= 0.1086329999999997, b= 0.12415199999999967, c= 0.1396709999999996, d= 0.15518999999999958 Request successfully executed.
13-10-2024 21:57:26 - INFO - Sending request to Setting Chmaber Zones to a= 0.10828999999999972, b= 0.12375999999999969, c= 0.13922999999999966, d= 0.15469999999999962 with timeout of 5s...
13-10-2024 21:57:26 - INFO - Setting Chmaber Zones to a= 0.10828999999999972, b= 0.12375999999999969, c= 0.13922999999999966, d= 0.15469999999999962 request successfully sent.
13-10-2024 21:57:26 - INFO - Response from moonraker: {'result': 'ok'}
13-10-2024 21:57:26 - INFO - Setting Chmaber Zones to a= 0.10828999999999972, b= 0.12375999999999969, c= 0.13922999999999966, d= 0.15469999999999962 Request successfully executed.
13-10-2024 21:57:26 - INFO - Sending request to Setting Chmaber Zones to a= 0.11442199999999997, b= 0.13076799999999994, c= 0.14711399999999994, d= 0.16345999999999994 with timeout of 5s...
13-10-2024 21:57:26 - INFO - Setting Chmaber Zones to a= 0.11442199999999997, b= 0.13076799999999994, c= 0.14711399999999994, d= 0.16345999999999994 request successfully sent.
13-10-2024 21:57:26 - INFO - Response from moonraker: {'result': 'ok'}
13-10-2024 21:57:26 - INFO - Setting Chmaber Zones to a= 0.11442199999999997, b= 0.13076799999999994, c= 0.14711399999999994, d= 0.16345999999999994 Request successfully executed.
13-10-2024 21:57:27 - INFO - Sending request to Setting Chmaber Zones to a= 0.11846799999999971, b= 0.13539199999999968, c= 0.15231599999999962, d= 0.16923999999999956 with timeout of 5s...
13-10-2024 21:57:27 - INFO - Setting Chmaber Zones to a= 0.11846799999999971, b= 0.13539199999999968, c= 0.15231599999999962, d= 0.16923999999999956 request successfully sent.
13-10-2024 21:57:27 - INFO - Response from moonraker: {'result': 'ok'}
13-10-2024 21:57:27 - INFO - Setting Chmaber Zones to a= 0.11846799999999971, b= 0.13539199999999968, c= 0.15231599999999962, d= 0.16923999999999956 Request successfully executed.
13-10-2024 21:57:27 - INFO - Sending request to Setting Chmaber Zones to a= 0.12259800000000007, b= 0.14011200000000007, c= 0.1576260000000001, d= 0.1751400000000001 with timeout of 5s...
13-10-2024 21:57:27 - INFO - Setting Chmaber Zones to a= 0.12259800000000007, b= 0.14011200000000007, c= 0.1576260000000001, d= 0.1751400000000001 request successfully sent.
13-10-2024 21:57:27 - INFO - Response from moonraker: {'result': 'ok'}
13-10-2024 21:57:27 - INFO - Setting Chmaber Zones to a= 0.12259800000000007, b= 0.14011200000000007, c= 0.1576260000000001, d= 0.1751400000000001 Request successfully executed.
13-10-2024 21:57:27 - INFO - Sending request to Setting Chmaber Zones to a= 0.12679799999999983, b= 0.1449119999999998, c= 0.16302599999999978, d= 0.18113999999999975 with timeout of 5s...
13-10-2024 21:57:27 - INFO - Setting Chmaber Zones to a= 0.12679799999999983, b= 0.1449119999999998, c= 0.16302599999999978, d= 0.18113999999999975 request successfully sent.
13-10-2024 21:57:27 - INFO - Response from moonraker: {'result': 'ok'}
13-10-2024 21:57:27 - INFO - Setting Chmaber Zones to a= 0.12679799999999983, b= 0.1449119999999998, c= 0.16302599999999978, d= 0.18113999999999975 Request successfully executed.
13-10-2024 21:57:27 - INFO - Sending request to Setting Chmaber Zones to a= 0.13321700000000009, b= 0.15224800000000008, c= 0.1712790000000001, d= 0.19031000000000012 with timeout of 5s...
13-10-2024 21:57:27 - INFO - Setting Chmaber Zones to a= 0.13321700000000009, b= 0.15224800000000008, c= 0.1712790000000001, d= 0.19031000000000012 request successfully sent.
13-10-2024 21:57:27 - INFO - Response from moonraker: {'result': 'ok'}
13-10-2024 21:57:27 - INFO - Setting Chmaber Zones to a= 0.13321700000000009, b= 0.15224800000000008, c= 0.1712790000000001, d= 0.19031000000000012 Request successfully executed.
13-10-2024 21:57:27 - INFO - Sending request to Setting Chmaber Zones to a= 0.16551500000000008, b= 0.1891600000000001, c= 0.2128050000000001, d= 0.23645000000000013 with timeout of 5s...
13-10-2024 21:57:28 - INFO - Setting Chmaber Zones to a= 0.16551500000000008, b= 0.1891600000000001, c= 0.2128050000000001, d= 0.23645000000000013 request successfully sent.
13-10-2024 21:57:28 - INFO - Response from moonraker: {'result': 'ok'}
13-10-2024 21:57:28 - INFO - Setting Chmaber Zones to a= 0.16551500000000008, b= 0.1891600000000001, c= 0.2128050000000001, d= 0.23645000000000013 Request successfully executed.
13-10-2024 21:57:28 - INFO - Sending request to Setting Chmaber Zones to a= 0.16593500000000008, b= 0.18964000000000014, c= 0.21334500000000012, d= 0.23705000000000015 with timeout of 5s...
13-10-2024 21:57:28 - INFO - Setting Chmaber Zones to a= 0.16593500000000008, b= 0.18964000000000014, c= 0.21334500000000012, d= 0.23705000000000015 request successfully sent.
13-10-2024 21:57:28 - INFO - Response from moonraker: {'result': 'ok'}
13-10-2024 21:57:28 - INFO - Setting Chmaber Zones to a= 0.16593500000000008, b= 0.18964000000000014, c= 0.21334500000000012, d= 0.23705000000000015 Request successfully executed.
13-10-2024 21:57:28 - INFO - Sending request to Setting Chmaber Zones to a= 0.16656500000000007, b= 0.19036000000000008, c= 0.2141550000000001, d= 0.23795000000000008 with timeout of 5s...
13-10-2024 21:57:28 - INFO - Setting Chmaber Zones to a= 0.16656500000000007, b= 0.19036000000000008, c= 0.2141550000000001, d= 0.23795000000000008 request successfully sent.
13-10-2024 21:57:28 - INFO - Response from moonraker: {'result': 'ok'}
13-10-2024 21:57:28 - INFO - Setting Chmaber Zones to a= 0.16656500000000007, b= 0.19036000000000008, c= 0.2141550000000001, d= 0.23795000000000008 Request successfully executed.
13-10-2024 21:57:28 - INFO - Sending request to Setting Chmaber Zones to a= 0.1757909999999996, b= 0.20090399999999953, c= 0.22601699999999947, d= 0.2511299999999994 with timeout of 5s...
13-10-2024 21:57:28 - INFO - Setting Chmaber Zones to a= 0.1757909999999996, b= 0.20090399999999953, c= 0.22601699999999947, d= 0.2511299999999994 request successfully sent.
13-10-2024 21:57:28 - INFO - Response from moonraker: {'result': 'ok'}
13-10-2024 21:57:28 - INFO - Setting Chmaber Zones to a= 0.1757909999999996, b= 0.20090399999999953, c= 0.22601699999999947, d= 0.2511299999999994 Request successfully executed.
13-10-2024 21:57:28 - INFO - Sending request to Setting Chmaber Zones to a= 0.19369699999999984, b= 0.22136799999999984, c= 0.24903899999999982, d= 0.2767099999999998 with timeout of 5s...
13-10-2024 21:57:28 - INFO - Setting Chmaber Zones to a= 0.19369699999999984, b= 0.22136799999999984, c= 0.24903899999999982, d= 0.2767099999999998 request successfully sent.
13-10-2024 21:57:28 - INFO - Response from moonraker: {'result': 'ok'}
13-10-2024 21:57:28 - INFO - Setting Chmaber Zones to a= 0.19369699999999984, b= 0.22136799999999984, c= 0.24903899999999982, d= 0.2767099999999998 Request successfully executed.
13-10-2024 21:57:28 - INFO - Sending request to Setting Chmaber Zones to a= 0.2075289999999997, b= 0.2371759999999997, c= 0.26682299999999964, d= 0.2964699999999996 with timeout of 5s...
13-10-2024 21:57:29 - INFO - Setting Chmaber Zones to a= 0.2075289999999997, b= 0.2371759999999997, c= 0.26682299999999964, d= 0.2964699999999996 request successfully sent.
13-10-2024 21:57:29 - INFO - Response from moonraker: {'result': 'ok'}
13-10-2024 21:57:29 - INFO - Setting Chmaber Zones to a= 0.2075289999999997, b= 0.2371759999999997, c= 0.26682299999999964, d= 0.2964699999999996 Request successfully executed.
13-10-2024 21:57:29 - INFO - Sending request to Setting Chmaber Zones to a= 0.21300300000000008, b= 0.2434320000000001, c= 0.2738610000000001, d= 0.3042900000000001 with timeout of 5s...
13-10-2024 21:57:29 - INFO - Setting Chmaber Zones to a= 0.21300300000000008, b= 0.2434320000000001, c= 0.2738610000000001, d= 0.3042900000000001 request successfully sent.
13-10-2024 21:57:29 - INFO - Response from moonraker: {'result': 'ok'}
13-10-2024 21:57:29 - INFO - Setting Chmaber Zones to a= 0.21300300000000008, b= 0.2434320000000001, c= 0.2738610000000001, d= 0.3042900000000001 Request successfully executed.
13-10-2024 21:57:29 - INFO - Sending request to Setting Chmaber Zones to a= 0.2207519999999997, b= 0.2522879999999997, c= 0.28382399999999963, d= 0.3153599999999996 with timeout of 5s...
13-10-2024 21:57:29 - INFO - Setting Chmaber Zones to a= 0.2207519999999997, b= 0.2522879999999997, c= 0.28382399999999963, d= 0.3153599999999996 request successfully sent.
13-10-2024 21:57:29 - INFO - Response from moonraker: {'result': 'ok'}
13-10-2024 21:57:29 - INFO - Setting Chmaber Zones to a= 0.2207519999999997, b= 0.2522879999999997, c= 0.28382399999999963, d= 0.3153599999999996 Request successfully executed.
13-10-2024 21:57:29 - INFO - Sending request to Setting Chmaber Zones to a= 0.22214499999999973, b= 0.2538799999999997, c= 0.2856149999999997, d= 0.31734999999999963 with timeout of 5s...
13-10-2024 21:57:29 - INFO - Setting Chmaber Zones to a= 0.22214499999999973, b= 0.2538799999999997, c= 0.2856149999999997, d= 0.31734999999999963 request successfully sent.
13-10-2024 21:57:29 - INFO - Response from moonraker: {'result': 'ok'}
13-10-2024 21:57:29 - INFO - Setting Chmaber Zones to a= 0.22214499999999973, b= 0.2538799999999997, c= 0.2856149999999997, d= 0.31734999999999963 Request successfully executed.
13-10-2024 21:57:29 - INFO - Sending request to Setting Chmaber Zones to a= 0.22357999999999975, b= 0.2555199999999997, c= 0.28745999999999966, d= 0.31939999999999963 with timeout of 5s...
13-10-2024 21:57:29 - INFO - Setting Chmaber Zones to a= 0.22357999999999975, b= 0.2555199999999997, c= 0.28745999999999966, d= 0.31939999999999963 request successfully sent.
13-10-2024 21:57:29 - INFO - Response from moonraker: {'result': 'ok'}
13-10-2024 21:57:29 - INFO - Setting Chmaber Zones to a= 0.22357999999999975, b= 0.2555199999999997, c= 0.28745999999999966, d= 0.31939999999999963 Request successfully executed.
13-10-2024 21:57:29 - INFO - Sending request to Setting Chmaber Zones to a= 0.2250149999999998, b= 0.2571599999999997, c= 0.2893049999999997, d= 0.3214499999999997 with timeout of 5s...
13-10-2024 21:57:30 - INFO - Setting Chmaber Zones to a= 0.2250149999999998, b= 0.2571599999999997, c= 0.2893049999999997, d= 0.3214499999999997 request successfully sent.
13-10-2024 21:57:30 - INFO - Response from moonraker: {'result': 'ok'}
13-10-2024 21:57:30 - INFO - Setting Chmaber Zones to a= 0.2250149999999998, b= 0.2571599999999997, c= 0.2893049999999997, d= 0.3214499999999997 Request successfully executed.
13-10-2024 21:57:30 - INFO - Sending request to Setting Chmaber Zones to a= 0.222152, b= 0.25388799999999995, c= 0.285624, d= 0.31736 with timeout of 5s...
13-10-2024 21:57:30 - INFO - Setting Chmaber Zones to a= 0.222152, b= 0.25388799999999995, c= 0.285624, d= 0.31736 request successfully sent.
13-10-2024 21:57:30 - INFO - Response from moonraker: {'result': 'ok'}
13-10-2024 21:57:30 - INFO - Setting Chmaber Zones to a= 0.222152, b= 0.25388799999999995, c= 0.285624, d= 0.31736 Request successfully executed.
13-10-2024 21:57:30 - INFO - Sending request to Setting Chmaber Zones to a= 0.2213960000000001, b= 0.2530240000000001, c= 0.2846520000000001, d= 0.3162800000000001 with timeout of 5s...
13-10-2024 21:57:30 - INFO - Setting Chmaber Zones to a= 0.2213960000000001, b= 0.2530240000000001, c= 0.2846520000000001, d= 0.3162800000000001 request successfully sent.
13-10-2024 21:57:30 - INFO - Response from moonraker: {'result': 'ok'}
13-10-2024 21:57:30 - INFO - Setting Chmaber Zones to a= 0.2213960000000001, b= 0.2530240000000001, c= 0.2846520000000001, d= 0.3162800000000001 Request successfully executed.
13-10-2024 21:57:30 - INFO - Sending request to Setting Chmaber Zones to a= 0.2227400000000001, b= 0.2545600000000001, c= 0.28638000000000013, d= 0.31820000000000015 with timeout of 5s...
13-10-2024 21:57:30 - INFO - Setting Chmaber Zones to a= 0.2227400000000001, b= 0.2545600000000001, c= 0.28638000000000013, d= 0.31820000000000015 request successfully sent.
13-10-2024 21:57:30 - INFO - Response from moonraker: {'result': 'ok'}
13-10-2024 21:57:30 - INFO - Setting Chmaber Zones to a= 0.2227400000000001, b= 0.2545600000000001, c= 0.28638000000000013, d= 0.31820000000000015 Request successfully executed.
13-10-2024 21:57:30 - INFO - Sending request to Setting Chmaber Zones to a= 0.21977199999999977, b= 0.2511679999999998, c= 0.2825639999999997, d= 0.3139599999999997 with timeout of 5s...
13-10-2024 21:57:30 - INFO - Setting Chmaber Zones to a= 0.21977199999999977, b= 0.2511679999999998, c= 0.2825639999999997, d= 0.3139599999999997 request successfully sent.
13-10-2024 21:57:30 - INFO - Response from moonraker: {'result': 'ok'}
13-10-2024 21:57:30 - INFO - Setting Chmaber Zones to a= 0.21977199999999977, b= 0.2511679999999998, c= 0.2825639999999997, d= 0.3139599999999997 Request successfully executed.
13-10-2024 21:57:30 - INFO - Sending request to Setting Chmaber Zones to a= 0.21246399999999963, b= 0.24281599999999956, c= 0.2731679999999995, d= 0.30351999999999946 with timeout of 5s...
13-10-2024 21:57:31 - INFO - Setting Chmaber Zones to a= 0.21246399999999963, b= 0.24281599999999956, c= 0.2731679999999995, d= 0.30351999999999946 request successfully sent.
13-10-2024 21:57:31 - INFO - Response from moonraker: {'result': 'ok'}
13-10-2024 21:57:31 - INFO - Setting Chmaber Zones to a= 0.21246399999999963, b= 0.24281599999999956, c= 0.2731679999999995, d= 0.30351999999999946 Request successfully executed.
13-10-2024 21:57:31 - INFO - Sending request to Setting Chmaber Zones to a= 0.20074599999999976, b= 0.2294239999999997, c= 0.2581019999999997, d= 0.28677999999999965 with timeout of 5s...
13-10-2024 21:57:31 - INFO - Setting Chmaber Zones to a= 0.20074599999999976, b= 0.2294239999999997, c= 0.2581019999999997, d= 0.28677999999999965 request successfully sent.
13-10-2024 21:57:31 - INFO - Response from moonraker: {'result': 'ok'}
13-10-2024 21:57:31 - INFO - Setting Chmaber Zones to a= 0.20074599999999976, b= 0.2294239999999997, c= 0.2581019999999997, d= 0.28677999999999965 Request successfully executed.
13-10-2024 21:57:31 - INFO - Sending request to Setting Chmaber Zones to a= 0.19099499999999978, b= 0.21827999999999975, c= 0.24556499999999976, d= 0.2728499999999997 with timeout of 5s...
13-10-2024 21:57:31 - INFO - Setting Chmaber Zones to a= 0.19099499999999978, b= 0.21827999999999975, c= 0.24556499999999976, d= 0.2728499999999997 request successfully sent.
13-10-2024 21:57:31 - INFO - Response from moonraker: {'result': 'ok'}
13-10-2024 21:57:31 - INFO - Setting Chmaber Zones to a= 0.19099499999999978, b= 0.21827999999999975, c= 0.24556499999999976, d= 0.2728499999999997 Request successfully executed.
13-10-2024 21:57:31 - INFO - Sending request to Setting Chmaber Zones to a= 0.1853530000000001, b= 0.2118320000000001, c= 0.23831100000000013, d= 0.26479000000000014 with timeout of 5s...
13-10-2024 21:57:31 - INFO - Setting Chmaber Zones to a= 0.1853530000000001, b= 0.2118320000000001, c= 0.23831100000000013, d= 0.26479000000000014 request successfully sent.
13-10-2024 21:57:31 - INFO - Response from moonraker: {'result': 'ok'}
13-10-2024 21:57:31 - INFO - Setting Chmaber Zones to a= 0.1853530000000001, b= 0.2118320000000001, c= 0.23831100000000013, d= 0.26479000000000014 Request successfully executed.
13-10-2024 21:57:31 - INFO - Sending request to Setting Chmaber Zones to a= 0.18172699999999978, b= 0.20768799999999973, c= 0.2336489999999997, d= 0.2596099999999997 with timeout of 5s...
13-10-2024 21:57:31 - INFO - Setting Chmaber Zones to a= 0.18172699999999978, b= 0.20768799999999973, c= 0.2336489999999997, d= 0.2596099999999997 request successfully sent.
13-10-2024 21:57:31 - INFO - Response from moonraker: {'result': 'ok'}
13-10-2024 21:57:31 - INFO - Setting Chmaber Zones to a= 0.18172699999999978, b= 0.20768799999999973, c= 0.2336489999999997, d= 0.2596099999999997 Request successfully executed.
13-10-2024 21:57:32 - INFO - Sending request to Setting Chmaber Zones to a= 0.178017, b= 0.203448, c= 0.22887899999999997, d= 0.25431 with timeout of 5s...
13-10-2024 21:57:32 - INFO - Setting Chmaber Zones to a= 0.178017, b= 0.203448, c= 0.22887899999999997, d= 0.25431 request successfully sent.
13-10-2024 21:57:32 - INFO - Response from moonraker: {'result': 'ok'}
13-10-2024 21:57:32 - INFO - Setting Chmaber Zones to a= 0.178017, b= 0.203448, c= 0.22887899999999997, d= 0.25431 Request successfully executed.
13-10-2024 21:57:32 - INFO - Sending request to Setting Chmaber Zones to a= 0.17208799999999974, b= 0.19667199999999974, c= 0.22125599999999968, d= 0.24583999999999964 with timeout of 5s...
13-10-2024 21:57:32 - INFO - Setting Chmaber Zones to a= 0.17208799999999974, b= 0.19667199999999974, c= 0.22125599999999968, d= 0.24583999999999964 request successfully sent.
13-10-2024 21:57:32 - INFO - Response from moonraker: {'result': 'ok'}
13-10-2024 21:57:32 - INFO - Setting Chmaber Zones to a= 0.17208799999999974, b= 0.19667199999999974, c= 0.22125599999999968, d= 0.24583999999999964 Request successfully executed.
13-10-2024 21:57:32 - INFO - Sending request to Setting Chmaber Zones to a= 0.16821699999999995, b= 0.19224799999999997, c= 0.21627899999999997, d= 0.24030999999999994 with timeout of 5s...
13-10-2024 21:57:32 - INFO - Setting Chmaber Zones to a= 0.16821699999999995, b= 0.19224799999999997, c= 0.21627899999999997, d= 0.24030999999999994 request successfully sent.
13-10-2024 21:57:32 - INFO - Response from moonraker: {'result': 'ok'}
13-10-2024 21:57:32 - INFO - Setting Chmaber Zones to a= 0.16821699999999995, b= 0.19224799999999997, c= 0.21627899999999997, d= 0.24030999999999994 Request successfully executed.
13-10-2024 21:57:32 - INFO - Sending request to Setting Chmaber Zones to a= 0.1664110000000001, b= 0.1901840000000001, c= 0.21395700000000012, d= 0.23773000000000014 with timeout of 5s...
13-10-2024 21:57:32 - INFO - Setting Chmaber Zones to a= 0.1664110000000001, b= 0.1901840000000001, c= 0.21395700000000012, d= 0.23773000000000014 request successfully sent.
13-10-2024 21:57:32 - INFO - Response from moonraker: {'result': 'ok'}
13-10-2024 21:57:32 - INFO - Setting Chmaber Zones to a= 0.1664110000000001, b= 0.1901840000000001, c= 0.21395700000000012, d= 0.23773000000000014 Request successfully executed.
13-10-2024 21:57:32 - INFO - Sending request to Setting Chmaber Zones to a= 0.1667050000000001, b= 0.1905200000000001, c= 0.21433500000000014, d= 0.23815000000000017 with timeout of 5s...
13-10-2024 21:57:32 - INFO - Setting Chmaber Zones to a= 0.1667050000000001, b= 0.1905200000000001, c= 0.21433500000000014, d= 0.23815000000000017 request successfully sent.
13-10-2024 21:57:32 - INFO - Response from moonraker: {'result': 'ok'}
13-10-2024 21:57:32 - INFO - Setting Chmaber Zones to a= 0.1667050000000001, b= 0.1905200000000001, c= 0.21433500000000014, d= 0.23815000000000017 Request successfully executed.
13-10-2024 21:57:33 - INFO - Sending request to Setting Chmaber Zones to a= 0.16483599999999965, b= 0.18838399999999958, c= 0.2119319999999995, d= 0.23547999999999944 with timeout of 5s...
13-10-2024 21:57:33 - INFO - Setting Chmaber Zones to a= 0.16483599999999965, b= 0.18838399999999958, c= 0.2119319999999995, d= 0.23547999999999944 request successfully sent.
13-10-2024 21:57:33 - INFO - Response from moonraker: {'result': 'ok'}
13-10-2024 21:57:33 - INFO - Setting Chmaber Zones to a= 0.16483599999999965, b= 0.18838399999999958, c= 0.2119319999999995, d= 0.23547999999999944 Request successfully executed.
13-10-2024 21:57:33 - INFO - Sending request to Setting Chmaber Zones to a= 0.16294599999999973, b= 0.1862239999999997, c= 0.20950199999999966, d= 0.23277999999999963 with timeout of 5s...
13-10-2024 21:57:33 - INFO - Setting Chmaber Zones to a= 0.16294599999999973, b= 0.1862239999999997, c= 0.20950199999999966, d= 0.23277999999999963 request successfully sent.
13-10-2024 21:57:33 - INFO - Response from moonraker: {'result': 'ok'}
13-10-2024 21:57:33 - INFO - Setting Chmaber Zones to a= 0.16294599999999973, b= 0.1862239999999997, c= 0.20950199999999966, d= 0.23277999999999963 Request successfully executed.
13-10-2024 21:57:33 - INFO - Sending request to Setting Chmaber Zones to a= 0.1631699999999997, b= 0.18647999999999967, c= 0.20978999999999964, d= 0.23309999999999959 with timeout of 5s...
13-10-2024 21:57:33 - INFO - Setting Chmaber Zones to a= 0.1631699999999997, b= 0.18647999999999967, c= 0.20978999999999964, d= 0.23309999999999959 request successfully sent.
13-10-2024 21:57:33 - INFO - Response from moonraker: {'result': 'ok'}
13-10-2024 21:57:33 - INFO - Setting Chmaber Zones to a= 0.1631699999999997, b= 0.18647999999999967, c= 0.20978999999999964, d= 0.23309999999999959 Request successfully executed.
13-10-2024 21:57:33 - INFO - Sending request to Setting Chmaber Zones to a= 0.16337999999999975, b= 0.18671999999999972, c= 0.2100599999999997, d= 0.23339999999999964 with timeout of 5s...
13-10-2024 21:57:33 - INFO - Setting Chmaber Zones to a= 0.16337999999999975, b= 0.18671999999999972, c= 0.2100599999999997, d= 0.23339999999999964 request successfully sent.
13-10-2024 21:57:33 - INFO - Response from moonraker: {'result': 'ok'}
13-10-2024 21:57:33 - INFO - Setting Chmaber Zones to a= 0.16337999999999975, b= 0.18671999999999972, c= 0.2100599999999997, d= 0.23339999999999964 Request successfully executed.
13-10-2024 21:57:33 - INFO - Sending request to Setting Chmaber Zones to a= 0.16358999999999976, b= 0.18695999999999974, c= 0.21032999999999968, d= 0.23369999999999966 with timeout of 5s...
13-10-2024 21:57:33 - INFO - Setting Chmaber Zones to a= 0.16358999999999976, b= 0.18695999999999974, c= 0.21032999999999968, d= 0.23369999999999966 request successfully sent.
13-10-2024 21:57:33 - INFO - Response from moonraker: {'result': 'ok'}
13-10-2024 21:57:33 - INFO - Setting Chmaber Zones to a= 0.16358999999999976, b= 0.18695999999999974, c= 0.21032999999999968, d= 0.23369999999999966 Request successfully executed.
13-10-2024 21:57:34 - INFO - Sending request to Setting Chmaber Zones to a= 0.16379999999999975, b= 0.1871999999999997, c= 0.2105999999999997, d= 0.23399999999999965 with timeout of 5s...
13-10-2024 21:57:34 - INFO - Setting Chmaber Zones to a= 0.16379999999999975, b= 0.1871999999999997, c= 0.2105999999999997, d= 0.23399999999999965 request successfully sent.
13-10-2024 21:57:34 - INFO - Response from moonraker: {'result': 'ok'}
13-10-2024 21:57:34 - INFO - Setting Chmaber Zones to a= 0.16379999999999975, b= 0.1871999999999997, c= 0.2105999999999997, d= 0.23399999999999965 Request successfully executed.
13-10-2024 21:57:34 - INFO - Sending request to Setting Chmaber Zones to a= 0.1640099999999998, b= 0.18743999999999975, c= 0.21086999999999972, d= 0.23429999999999968 with timeout of 5s...
13-10-2024 21:57:34 - INFO - Setting Chmaber Zones to a= 0.1640099999999998, b= 0.18743999999999975, c= 0.21086999999999972, d= 0.23429999999999968 request successfully sent.
13-10-2024 21:57:34 - INFO - Response from moonraker: {'result': 'ok'}
13-10-2024 21:57:34 - INFO - Setting Chmaber Zones to a= 0.1640099999999998, b= 0.18743999999999975, c= 0.21086999999999972, d= 0.23429999999999968 Request successfully executed.
13-10-2024 21:57:34 - INFO - Sending request to Setting Chmaber Zones to a= 0.16421999999999976, b= 0.18767999999999974, c= 0.2111399999999997, d= 0.23459999999999964 with timeout of 5s...
13-10-2024 21:57:34 - INFO - Setting Chmaber Zones to a= 0.16421999999999976, b= 0.18767999999999974, c= 0.2111399999999997, d= 0.23459999999999964 request successfully sent.
13-10-2024 21:57:34 - INFO - Response from moonraker: {'result': 'ok'}
13-10-2024 21:57:34 - INFO - Setting Chmaber Zones to a= 0.16421999999999976, b= 0.18767999999999974, c= 0.2111399999999997, d= 0.23459999999999964 Request successfully executed.
13-10-2024 21:57:34 - INFO - Sending request to Setting Chmaber Zones to a= 0.1644299999999998, b= 0.18791999999999975, c= 0.21140999999999974, d= 0.2348999999999997 with timeout of 5s...
13-10-2024 21:57:34 - INFO - Setting Chmaber Zones to a= 0.1644299999999998, b= 0.18791999999999975, c= 0.21140999999999974, d= 0.2348999999999997 request successfully sent.
13-10-2024 21:57:34 - INFO - Response from moonraker: {'result': 'ok'}
13-10-2024 21:57:34 - INFO - Setting Chmaber Zones to a= 0.1644299999999998, b= 0.18791999999999975, c= 0.21140999999999974, d= 0.2348999999999997 Request successfully executed.
13-10-2024 21:57:34 - INFO - Sending request to Setting Chmaber Zones to a= 0.16463999999999981, b= 0.18815999999999977, c= 0.21167999999999976, d= 0.23519999999999971 with timeout of 5s...
13-10-2024 21:57:34 - INFO - Setting Chmaber Zones to a= 0.16463999999999981, b= 0.18815999999999977, c= 0.21167999999999976, d= 0.23519999999999971 request successfully sent.
13-10-2024 21:57:34 - INFO - Response from moonraker: {'result': 'ok'}
13-10-2024 21:57:34 - INFO - Setting Chmaber Zones to a= 0.16463999999999981, b= 0.18815999999999977, c= 0.21167999999999976, d= 0.23519999999999971 Request successfully executed.
13-10-2024 21:57:35 - INFO - Sending request to Setting Chmaber Zones to a= 0.16484999999999977, b= 0.18839999999999976, c= 0.21194999999999975, d= 0.2354999999999997 with timeout of 5s...
13-10-2024 21:57:35 - INFO - Setting Chmaber Zones to a= 0.16484999999999977, b= 0.18839999999999976, c= 0.21194999999999975, d= 0.2354999999999997 request successfully sent.
13-10-2024 21:57:35 - INFO - Response from moonraker: {'result': 'ok'}
13-10-2024 21:57:35 - INFO - Setting Chmaber Zones to a= 0.16484999999999977, b= 0.18839999999999976, c= 0.21194999999999975, d= 0.2354999999999997 Request successfully executed.
13-10-2024 21:57:35 - INFO - Sending request to Setting Chmaber Zones to a= 0.16935800000000018, b= 0.19355200000000017, c= 0.21774600000000022, d= 0.24194000000000024 with timeout of 5s...
13-10-2024 21:57:35 - INFO - Setting Chmaber Zones to a= 0.16935800000000018, b= 0.19355200000000017, c= 0.21774600000000022, d= 0.24194000000000024 request successfully sent.
13-10-2024 21:57:35 - INFO - Response from moonraker: {'result': 'ok'}
13-10-2024 21:57:35 - INFO - Setting Chmaber Zones to a= 0.16935800000000018, b= 0.19355200000000017, c= 0.21774600000000022, d= 0.24194000000000024 Request successfully executed.
13-10-2024 21:57:35 - INFO - Sending request to Setting Chmaber Zones to a= 0.17390799999999992, b= 0.19875199999999993, c= 0.2235959999999999, d= 0.24843999999999988 with timeout of 5s...
13-10-2024 21:57:35 - INFO - Setting Chmaber Zones to a= 0.17390799999999992, b= 0.19875199999999993, c= 0.2235959999999999, d= 0.24843999999999988 request successfully sent.
13-10-2024 21:57:35 - INFO - Response from moonraker: {'result': 'ok'}
13-10-2024 21:57:35 - INFO - Setting Chmaber Zones to a= 0.17390799999999992, b= 0.19875199999999993, c= 0.2235959999999999, d= 0.24843999999999988 Request successfully executed.
13-10-2024 21:57:35 - INFO - Sending request to Setting Chmaber Zones to a= 0.17852799999999966, b= 0.20403199999999963, c= 0.2295359999999996, d= 0.25503999999999954 with timeout of 5s...
13-10-2024 21:57:35 - INFO - Setting Chmaber Zones to a= 0.17852799999999966, b= 0.20403199999999963, c= 0.2295359999999996, d= 0.25503999999999954 request successfully sent.
13-10-2024 21:57:35 - INFO - Response from moonraker: {'result': 'ok'}
13-10-2024 21:57:35 - INFO - Setting Chmaber Zones to a= 0.17852799999999966, b= 0.20403199999999963, c= 0.2295359999999996, d= 0.25503999999999954 Request successfully executed.
13-10-2024 21:57:35 - INFO - Sending request to Setting Chmaber Zones to a= 0.1810690000000002, b= 0.20693600000000026, c= 0.23280300000000026, d= 0.2586700000000003 with timeout of 5s...
13-10-2024 21:57:35 - INFO - Setting Chmaber Zones to a= 0.1810690000000002, b= 0.20693600000000026, c= 0.23280300000000026, d= 0.2586700000000003 request successfully sent.
13-10-2024 21:57:35 - INFO - Response from moonraker: {'result': 'ok'}
13-10-2024 21:57:35 - INFO - Setting Chmaber Zones to a= 0.1810690000000002, b= 0.20693600000000026, c= 0.23280300000000026, d= 0.2586700000000003 Request successfully executed.
13-10-2024 21:57:36 - INFO - Sending request to Setting Chmaber Zones to a= 0.18580799999999992, b= 0.21235199999999993, c= 0.23889599999999991, d= 0.2654399999999999 with timeout of 5s...
13-10-2024 21:57:36 - INFO - Setting Chmaber Zones to a= 0.18580799999999992, b= 0.21235199999999993, c= 0.23889599999999991, d= 0.2654399999999999 request successfully sent.
13-10-2024 21:57:36 - INFO - Response from moonraker: {'result': 'ok'}
13-10-2024 21:57:36 - INFO - Setting Chmaber Zones to a= 0.18580799999999992, b= 0.21235199999999993, c= 0.23889599999999991, d= 0.2654399999999999 Request successfully executed.
13-10-2024 21:57:36 - INFO - Sending request to Setting Chmaber Zones to a= 0.19060299999999966, b= 0.2178319999999996, c= 0.24506099999999958, d= 0.27228999999999953 with timeout of 5s...
13-10-2024 21:57:36 - INFO - Setting Chmaber Zones to a= 0.19060299999999966, b= 0.2178319999999996, c= 0.24506099999999958, d= 0.27228999999999953 request successfully sent.
13-10-2024 21:57:36 - INFO - Response from moonraker: {'result': 'ok'}
13-10-2024 21:57:36 - INFO - Setting Chmaber Zones to a= 0.19060299999999966, b= 0.2178319999999996, c= 0.24506099999999958, d= 0.27228999999999953 Request successfully executed.
13-10-2024 21:57:36 - INFO - Sending request to Setting Chmaber Zones to a= 0.19331900000000019, b= 0.2209360000000002, c= 0.24855300000000022, d= 0.27617000000000025 with timeout of 5s...
13-10-2024 21:57:36 - INFO - Setting Chmaber Zones to a= 0.19331900000000019, b= 0.2209360000000002, c= 0.24855300000000022, d= 0.27617000000000025 request successfully sent.
13-10-2024 21:57:36 - INFO - Response from moonraker: {'result': 'ok'}
13-10-2024 21:57:36 - INFO - Setting Chmaber Zones to a= 0.19331900000000019, b= 0.2209360000000002, c= 0.24855300000000022, d= 0.27617000000000025 Request successfully executed.
13-10-2024 21:57:36 - INFO - Sending request to Setting Chmaber Zones to a= 0.19393500000000016, b= 0.2216400000000002, c= 0.2493450000000002, d= 0.27705000000000024 with timeout of 5s...
13-10-2024 21:57:36 - INFO - Setting Chmaber Zones to a= 0.19393500000000016, b= 0.2216400000000002, c= 0.2493450000000002, d= 0.27705000000000024 request successfully sent.
13-10-2024 21:57:36 - INFO - Response from moonraker: {'result': 'ok'}
13-10-2024 21:57:36 - INFO - Setting Chmaber Zones to a= 0.19393500000000016, b= 0.2216400000000002, c= 0.2493450000000002, d= 0.27705000000000024 Request successfully executed.
13-10-2024 21:57:36 - INFO - Sending request to Setting Chmaber Zones to a= 0.19671400000000006, b= 0.22481600000000007, c= 0.2529180000000001, d= 0.2810200000000001 with timeout of 5s...
13-10-2024 21:57:36 - INFO - Setting Chmaber Zones to a= 0.19671400000000006, b= 0.22481600000000007, c= 0.2529180000000001, d= 0.2810200000000001 request successfully sent.
13-10-2024 21:57:36 - INFO - Response from moonraker: {'result': 'ok'}
13-10-2024 21:57:36 - INFO - Setting Chmaber Zones to a= 0.19671400000000006, b= 0.22481600000000007, c= 0.2529180000000001, d= 0.2810200000000001 Request successfully executed.
13-10-2024 21:57:37 - INFO - Sending request to Setting Chmaber Zones to a= 0.19736500000000004, b= 0.22556000000000004, c= 0.253755, d= 0.28195000000000003 with timeout of 5s...
13-10-2024 21:57:37 - INFO - Setting Chmaber Zones to a= 0.19736500000000004, b= 0.22556000000000004, c= 0.253755, d= 0.28195000000000003 request successfully sent.
13-10-2024 21:57:37 - INFO - Response from moonraker: {'result': 'ok'}
13-10-2024 21:57:37 - INFO - Setting Chmaber Zones to a= 0.19736500000000004, b= 0.22556000000000004, c= 0.253755, d= 0.28195000000000003 Request successfully executed.
13-10-2024 21:57:37 - INFO - Sending request to Setting Chmaber Zones to a= 0.19803000000000004, b= 0.22632000000000005, c= 0.25461, d= 0.28290000000000004 with timeout of 5s...
13-10-2024 21:57:37 - INFO - Setting Chmaber Zones to a= 0.19803000000000004, b= 0.22632000000000005, c= 0.25461, d= 0.28290000000000004 request successfully sent.
13-10-2024 21:57:37 - INFO - Response from moonraker: {'result': 'ok'}
13-10-2024 21:57:37 - INFO - Setting Chmaber Zones to a= 0.19803000000000004, b= 0.22632000000000005, c= 0.25461, d= 0.28290000000000004 Request successfully executed.
13-10-2024 21:57:37 - INFO - Sending request to Setting Chmaber Zones to a= 0.19654600000000014, b= 0.22462400000000016, c= 0.25270200000000015, d= 0.2807800000000002 with timeout of 5s...
13-10-2024 21:57:37 - INFO - Setting Chmaber Zones to a= 0.19654600000000014, b= 0.22462400000000016, c= 0.25270200000000015, d= 0.2807800000000002 request successfully sent.
13-10-2024 21:57:37 - INFO - Response from moonraker: {'result': 'ok'}
13-10-2024 21:57:37 - INFO - Setting Chmaber Zones to a= 0.19654600000000014, b= 0.22462400000000016, c= 0.25270200000000015, d= 0.2807800000000002 Request successfully executed.
13-10-2024 21:57:37 - INFO - Sending request to Setting Chmaber Zones to a= 0.19719000000000014, b= 0.2253600000000002, c= 0.2535300000000002, d= 0.28170000000000023 with timeout of 5s...
13-10-2024 21:57:37 - INFO - Setting Chmaber Zones to a= 0.19719000000000014, b= 0.2253600000000002, c= 0.2535300000000002, d= 0.28170000000000023 request successfully sent.
13-10-2024 21:57:37 - INFO - Response from moonraker: {'result': 'ok'}
13-10-2024 21:57:37 - INFO - Setting Chmaber Zones to a= 0.19719000000000014, b= 0.2253600000000002, c= 0.2535300000000002, d= 0.28170000000000023 Request successfully executed.
13-10-2024 21:57:37 - INFO - Sending request to Setting Chmaber Zones to a= 0.19567099999999965, b= 0.22362399999999957, c= 0.25157699999999955, d= 0.2795299999999995 with timeout of 5s...
13-10-2024 21:57:37 - INFO - Setting Chmaber Zones to a= 0.19567099999999965, b= 0.22362399999999957, c= 0.25157699999999955, d= 0.2795299999999995 request successfully sent.
13-10-2024 21:57:37 - INFO - Response from moonraker: {'result': 'ok'}
13-10-2024 21:57:37 - INFO - Setting Chmaber Zones to a= 0.19567099999999965, b= 0.22362399999999957, c= 0.25157699999999955, d= 0.2795299999999995 Request successfully executed.
13-10-2024 21:57:38 - INFO - Sending request to Setting Chmaber Zones to a= 0.19198199999999993, b= 0.21940799999999994, c= 0.24683399999999991, d= 0.2742599999999999 with timeout of 5s...
13-10-2024 21:57:38 - INFO - Setting Chmaber Zones to a= 0.19198199999999993, b= 0.21940799999999994, c= 0.24683399999999991, d= 0.2742599999999999 request successfully sent.
13-10-2024 21:57:38 - INFO - Response from moonraker: {'result': 'ok'}
13-10-2024 21:57:38 - INFO - Setting Chmaber Zones to a= 0.19198199999999993, b= 0.21940799999999994, c= 0.24683399999999991, d= 0.2742599999999999 Request successfully executed.
13-10-2024 21:57:38 - INFO - Sending request to Setting Chmaber Zones to a= 0.18608799999999967, b= 0.2126719999999996, c= 0.23925599999999958, d= 0.2658399999999995 with timeout of 5s...
13-10-2024 21:57:38 - INFO - Setting Chmaber Zones to a= 0.18608799999999967, b= 0.2126719999999996, c= 0.23925599999999958, d= 0.2658399999999995 request successfully sent.
13-10-2024 21:57:38 - INFO - Response from moonraker: {'result': 'ok'}
13-10-2024 21:57:38 - INFO - Setting Chmaber Zones to a= 0.18608799999999967, b= 0.2126719999999996, c= 0.23925599999999958, d= 0.2658399999999995 Request successfully executed.
13-10-2024 21:57:38 - INFO - Sending request to Setting Chmaber Zones to a= 0.18440099999999976, b= 0.2107439999999997, c= 0.2370869999999997, d= 0.26342999999999966 with timeout of 5s...
13-10-2024 21:57:38 - INFO - Setting Chmaber Zones to a= 0.18440099999999976, b= 0.2107439999999997, c= 0.2370869999999997, d= 0.26342999999999966 request successfully sent.
13-10-2024 21:57:38 - INFO - Response from moonraker: {'result': 'ok'}
13-10-2024 21:57:38 - INFO - Setting Chmaber Zones to a= 0.18440099999999976, b= 0.2107439999999997, c= 0.2370869999999997, d= 0.26342999999999966 Request successfully executed.
13-10-2024 21:57:38 - INFO - Sending request to Setting Chmaber Zones to a= 0.17835300000000018, b= 0.2038320000000002, c= 0.2293110000000002, d= 0.25479000000000024 with timeout of 5s...
13-10-2024 21:57:38 - INFO - Setting Chmaber Zones to a= 0.17835300000000018, b= 0.2038320000000002, c= 0.2293110000000002, d= 0.25479000000000024 request successfully sent.
13-10-2024 21:57:38 - INFO - Response from moonraker: {'result': 'ok'}
13-10-2024 21:57:38 - INFO - Setting Chmaber Zones to a= 0.17835300000000018, b= 0.2038320000000002, c= 0.2293110000000002, d= 0.25479000000000024 Request successfully executed.
13-10-2024 21:57:38 - INFO - Sending request to Setting Chmaber Zones to a= 0.17222799999999994, b= 0.1968319999999999, c= 0.22143599999999988, d= 0.2460399999999999 with timeout of 5s...
13-10-2024 21:57:38 - INFO - Setting Chmaber Zones to a= 0.17222799999999994, b= 0.1968319999999999, c= 0.22143599999999988, d= 0.2460399999999999 request successfully sent.
13-10-2024 21:57:38 - INFO - Response from moonraker: {'result': 'ok'}
13-10-2024 21:57:38 - INFO - Setting Chmaber Zones to a= 0.17222799999999994, b= 0.1968319999999999, c= 0.22143599999999988, d= 0.2460399999999999 Request successfully executed.
13-10-2024 21:57:39 - INFO - Sending request to Setting Chmaber Zones to a= 0.1724449999999999, b= 0.19707999999999992, c= 0.2217149999999999, d= 0.2463499999999999 with timeout of 5s...
13-10-2024 21:57:39 - INFO - Setting Chmaber Zones to a= 0.1724449999999999, b= 0.19707999999999992, c= 0.2217149999999999, d= 0.2463499999999999 request successfully sent.
13-10-2024 21:57:39 - INFO - Response from moonraker: {'result': 'ok'}
13-10-2024 21:57:39 - INFO - Setting Chmaber Zones to a= 0.1724449999999999, b= 0.19707999999999992, c= 0.2217149999999999, d= 0.2463499999999999 Request successfully executed.
13-10-2024 21:57:39 - INFO - Sending request to Setting Chmaber Zones to a= 0.17047100000000004, b= 0.19482400000000005, c= 0.21917700000000007, d= 0.24353000000000008 with timeout of 5s...
13-10-2024 21:57:39 - INFO - Setting Chmaber Zones to a= 0.17047100000000004, b= 0.19482400000000005, c= 0.21917700000000007, d= 0.24353000000000008 request successfully sent.
13-10-2024 21:57:39 - INFO - Response from moonraker: {'result': 'ok'}
13-10-2024 21:57:39 - INFO - Setting Chmaber Zones to a= 0.17047100000000004, b= 0.19482400000000005, c= 0.21917700000000007, d= 0.24353000000000008 Request successfully executed.
13-10-2024 21:57:39 - INFO - Sending request to Setting Chmaber Zones to a= 0.17062500000000008, b= 0.19500000000000006, c= 0.21937500000000007, d= 0.24375000000000008 with timeout of 5s...
13-10-2024 21:57:39 - INFO - Setting Chmaber Zones to a= 0.17062500000000008, b= 0.19500000000000006, c= 0.21937500000000007, d= 0.24375000000000008 request successfully sent.
13-10-2024 21:57:39 - INFO - Response from moonraker: {'result': 'ok'}
13-10-2024 21:57:39 - INFO - Setting Chmaber Zones to a= 0.17062500000000008, b= 0.19500000000000006, c= 0.21937500000000007, d= 0.24375000000000008 Request successfully executed.
13-10-2024 21:57:39 - INFO - Sending request to Setting Chmaber Zones to a= 0.16861600000000018, b= 0.1927040000000002, c= 0.2167920000000002, d= 0.24088000000000023 with timeout of 5s...
13-10-2024 21:57:39 - INFO - Setting Chmaber Zones to a= 0.16861600000000018, b= 0.1927040000000002, c= 0.2167920000000002, d= 0.24088000000000023 request successfully sent.
13-10-2024 21:57:39 - INFO - Response from moonraker: {'result': 'ok'}
13-10-2024 21:57:39 - INFO - Setting Chmaber Zones to a= 0.16861600000000018, b= 0.1927040000000002, c= 0.2167920000000002, d= 0.24088000000000023 Request successfully executed.
13-10-2024 21:57:39 - INFO - Sending request to Setting Chmaber Zones to a= 0.1687350000000002, b= 0.1928400000000002, c= 0.21694500000000022, d= 0.24105000000000026 with timeout of 5s...
13-10-2024 21:57:39 - INFO - Setting Chmaber Zones to a= 0.1687350000000002, b= 0.1928400000000002, c= 0.21694500000000022, d= 0.24105000000000026 request successfully sent.
13-10-2024 21:57:39 - INFO - Response from moonraker: {'result': 'ok'}
13-10-2024 21:57:39 - INFO - Setting Chmaber Zones to a= 0.1687350000000002, b= 0.1928400000000002, c= 0.21694500000000022, d= 0.24105000000000026 Request successfully executed.
13-10-2024 21:57:40 - INFO - Sending request to Setting Chmaber Zones to a= 0.17098900000000003, b= 0.19541600000000006, c= 0.21984300000000004, d= 0.24427000000000007 with timeout of 5s...
13-10-2024 21:57:40 - INFO - Setting Chmaber Zones to a= 0.17098900000000003, b= 0.19541600000000006, c= 0.21984300000000004, d= 0.24427000000000007 request successfully sent.
13-10-2024 21:57:40 - INFO - Response from moonraker: {'result': 'ok'}
13-10-2024 21:57:40 - INFO - Setting Chmaber Zones to a= 0.17098900000000003, b= 0.19541600000000006, c= 0.21984300000000004, d= 0.24427000000000007 Request successfully executed.
13-10-2024 21:57:40 - INFO - Sending request to Setting Chmaber Zones to a= 0.17111500000000002, b= 0.19556000000000004, c= 0.22000500000000006, d= 0.24445000000000008 with timeout of 5s...
13-10-2024 21:57:40 - INFO - Setting Chmaber Zones to a= 0.17111500000000002, b= 0.19556000000000004, c= 0.22000500000000006, d= 0.24445000000000008 request successfully sent.
13-10-2024 21:57:40 - INFO - Response from moonraker: {'result': 'ok'}
13-10-2024 21:57:40 - INFO - Setting Chmaber Zones to a= 0.17111500000000002, b= 0.19556000000000004, c= 0.22000500000000006, d= 0.24445000000000008 Request successfully executed.
13-10-2024 21:57:40 - INFO - Sending request to Setting Chmaber Zones to a= 0.17125500000000002, b= 0.19572000000000003, c= 0.22018500000000002, d= 0.24465000000000003 with timeout of 5s...
13-10-2024 21:57:40 - INFO - Setting Chmaber Zones to a= 0.17125500000000002, b= 0.19572000000000003, c= 0.22018500000000002, d= 0.24465000000000003 request successfully sent.
13-10-2024 21:57:40 - INFO - Response from moonraker: {'result': 'ok'}
13-10-2024 21:57:40 - INFO - Setting Chmaber Zones to a= 0.17125500000000002, b= 0.19572000000000003, c= 0.22018500000000002, d= 0.24465000000000003 Request successfully executed.
13-10-2024 21:57:40 - INFO - Sending request to Setting Chmaber Zones to a= 0.17139500000000002, b= 0.19588000000000005, c= 0.22036500000000003, d= 0.24485000000000004 with timeout of 5s...
13-10-2024 21:57:40 - INFO - Setting Chmaber Zones to a= 0.17139500000000002, b= 0.19588000000000005, c= 0.22036500000000003, d= 0.24485000000000004 request successfully sent.
13-10-2024 21:57:40 - INFO - Response from moonraker: {'result': 'ok'}
13-10-2024 21:57:40 - INFO - Setting Chmaber Zones to a= 0.17139500000000002, b= 0.19588000000000005, c= 0.22036500000000003, d= 0.24485000000000004 Request successfully executed.
13-10-2024 21:57:40 - INFO - Sending request to Setting Chmaber Zones to a= 0.17153500000000002, b= 0.19604000000000002, c= 0.22054500000000002, d= 0.24505000000000002 with timeout of 5s...
13-10-2024 21:57:40 - INFO - Setting Chmaber Zones to a= 0.17153500000000002, b= 0.19604000000000002, c= 0.22054500000000002, d= 0.24505000000000002 request successfully sent.
13-10-2024 21:57:40 - INFO - Response from moonraker: {'result': 'ok'}
13-10-2024 21:57:40 - INFO - Setting Chmaber Zones to a= 0.17153500000000002, b= 0.19604000000000002, c= 0.22054500000000002, d= 0.24505000000000002 Request successfully executed.
13-10-2024 21:57:41 - INFO - Sending request to Setting Chmaber Zones to a= 0.16952600000000015, b= 0.19374400000000017, c= 0.21796200000000016, d= 0.2421800000000002 with timeout of 5s...
13-10-2024 21:57:41 - INFO - Setting Chmaber Zones to a= 0.16952600000000015, b= 0.19374400000000017, c= 0.21796200000000016, d= 0.2421800000000002 request successfully sent.
13-10-2024 21:57:41 - INFO - Response from moonraker: {'result': 'ok'}
13-10-2024 21:57:41 - INFO - Setting Chmaber Zones to a= 0.16952600000000015, b= 0.19374400000000017, c= 0.21796200000000016, d= 0.2421800000000002 Request successfully executed.
13-10-2024 21:57:41 - INFO - Sending request to Setting Chmaber Zones to a= 0.16964500000000016, b= 0.19388000000000016, c= 0.2181150000000002, d= 0.2423500000000002 with timeout of 5s...
13-10-2024 21:57:41 - INFO - Setting Chmaber Zones to a= 0.16964500000000016, b= 0.19388000000000016, c= 0.2181150000000002, d= 0.2423500000000002 request successfully sent.
13-10-2024 21:57:41 - INFO - Response from moonraker: {'result': 'ok'}
13-10-2024 21:57:41 - INFO - Setting Chmaber Zones to a= 0.16964500000000016, b= 0.19388000000000016, c= 0.2181150000000002, d= 0.2423500000000002 Request successfully executed.
13-10-2024 21:57:41 - INFO - Sending request to Setting Chmaber Zones to a= 0.16975000000000015, b= 0.19400000000000017, c= 0.2182500000000002, d= 0.24250000000000022 with timeout of 5s...
13-10-2024 21:57:41 - INFO - Setting Chmaber Zones to a= 0.16975000000000015, b= 0.19400000000000017, c= 0.2182500000000002, d= 0.24250000000000022 request successfully sent.
13-10-2024 21:57:41 - INFO - Response from moonraker: {'result': 'ok'}
13-10-2024 21:57:41 - INFO - Setting Chmaber Zones to a= 0.16975000000000015, b= 0.19400000000000017, c= 0.2182500000000002, d= 0.24250000000000022 Request successfully executed.
13-10-2024 21:57:41 - INFO - Sending request to Setting Chmaber Zones to a= 0.16985500000000012, b= 0.19412000000000018, c= 0.21838500000000016, d= 0.24265000000000017 with timeout of 5s...
13-10-2024 21:57:41 - INFO - Setting Chmaber Zones to a= 0.16985500000000012, b= 0.19412000000000018, c= 0.21838500000000016, d= 0.24265000000000017 request successfully sent.
13-10-2024 21:57:41 - INFO - Response from moonraker: {'result': 'ok'}
13-10-2024 21:57:41 - INFO - Setting Chmaber Zones to a= 0.16985500000000012, b= 0.19412000000000018, c= 0.21838500000000016, d= 0.24265000000000017 Request successfully executed.
13-10-2024 21:57:41 - INFO - Sending request to Setting Chmaber Zones to a= 0.16996000000000017, b= 0.19424000000000016, c= 0.2185200000000002, d= 0.24280000000000024 with timeout of 5s...
13-10-2024 21:57:41 - INFO - Setting Chmaber Zones to a= 0.16996000000000017, b= 0.19424000000000016, c= 0.2185200000000002, d= 0.24280000000000024 request successfully sent.
13-10-2024 21:57:41 - INFO - Response from moonraker: {'result': 'ok'}
13-10-2024 21:57:41 - INFO - Setting Chmaber Zones to a= 0.16996000000000017, b= 0.19424000000000016, c= 0.2185200000000002, d= 0.24280000000000024 Request successfully executed.
13-10-2024 21:57:42 - INFO - Sending request to Setting Chmaber Zones to a= 0.17221400000000006, b= 0.19681600000000007, c= 0.22141800000000006, d= 0.24602000000000007 with timeout of 5s...
13-10-2024 21:57:42 - INFO - Setting Chmaber Zones to a= 0.17221400000000006, b= 0.19681600000000007, c= 0.22141800000000006, d= 0.24602000000000007 request successfully sent.
13-10-2024 21:57:42 - INFO - Response from moonraker: {'result': 'ok'}
13-10-2024 21:57:42 - INFO - Setting Chmaber Zones to a= 0.17221400000000006, b= 0.19681600000000007, c= 0.22141800000000006, d= 0.24602000000000007 Request successfully executed.
13-10-2024 21:57:42 - INFO - Sending request to Setting Chmaber Zones to a= 0.00840000000000012, b= 0.009600000000000136, c= 0.010800000000000153, d= 0.01200000000000017 with timeout of 5s...
13-10-2024 21:57:42 - INFO - Setting Chmaber Zones to a= 0.00840000000000012, b= 0.009600000000000136, c= 0.010800000000000153, d= 0.01200000000000017 request successfully sent.
13-10-2024 21:57:42 - INFO - Response from moonraker: {'result': 'ok'}
13-10-2024 21:57:42 - INFO - Setting Chmaber Zones to a= 0.00840000000000012, b= 0.009600000000000136, c= 0.010800000000000153, d= 0.01200000000000017 Request successfully executed.
13-10-2024 21:57:42 - INFO - Sending request to Setting Chmaber Zones to a= 0.012627999999999879, b= 0.014431999999999863, c= 0.016235999999999844, d= 0.018039999999999827 with timeout of 5s...
13-10-2024 21:57:42 - INFO - Setting Chmaber Zones to a= 0.012627999999999879, b= 0.014431999999999863, c= 0.016235999999999844, d= 0.018039999999999827 request successfully sent.
13-10-2024 21:57:42 - INFO - Response from moonraker: {'result': 'ok'}
13-10-2024 21:57:42 - INFO - Setting Chmaber Zones to a= 0.012627999999999879, b= 0.014431999999999863, c= 0.016235999999999844, d= 0.018039999999999827 Request successfully executed.
13-10-2024 21:57:42 - INFO - Sending request to Setting Chmaber Zones to a= 0.01259999999999988, b= 0.014399999999999863, c= 0.016199999999999846, d= 0.01799999999999983 with timeout of 5s...
13-10-2024 21:57:42 - INFO - Setting Chmaber Zones to a= 0.01259999999999988, b= 0.014399999999999863, c= 0.016199999999999846, d= 0.01799999999999983 request successfully sent.
13-10-2024 21:57:42 - INFO - Response from moonraker: {'result': 'ok'}
13-10-2024 21:57:42 - INFO - Setting Chmaber Zones to a= 0.01259999999999988, b= 0.014399999999999863, c= 0.016199999999999846, d= 0.01799999999999983 Request successfully executed.
13-10-2024 21:57:42 - INFO - Sending request to Setting Chmaber Zones to a= 0.01259999999999988, b= 0.014399999999999863, c= 0.016199999999999846, d= 0.01799999999999983 with timeout of 5s...
13-10-2024 21:57:42 - INFO - Setting Chmaber Zones to a= 0.01259999999999988, b= 0.014399999999999863, c= 0.016199999999999846, d= 0.01799999999999983 request successfully sent.
13-10-2024 21:57:42 - INFO - Response from moonraker: {'result': 'ok'}
13-10-2024 21:57:42 - INFO - Setting Chmaber Zones to a= 0.01259999999999988, b= 0.014399999999999863, c= 0.016199999999999846, d= 0.01799999999999983 Request successfully executed.
13-10-2024 21:57:43 - INFO - Sending request to Setting Chmaber Zones to a= 0.01259999999999988, b= 0.014399999999999863, c= 0.016199999999999846, d= 0.01799999999999983 with timeout of 5s...
13-10-2024 21:57:43 - INFO - Setting Chmaber Zones to a= 0.01259999999999988, b= 0.014399999999999863, c= 0.016199999999999846, d= 0.01799999999999983 request successfully sent.
13-10-2024 21:57:43 - INFO - Response from moonraker: {'result': 'ok'}
13-10-2024 21:57:43 - INFO - Setting Chmaber Zones to a= 0.01259999999999988, b= 0.014399999999999863, c= 0.016199999999999846, d= 0.01799999999999983 Request successfully executed.
13-10-2024 21:57:43 - INFO - Sending request to Setting Chmaber Zones to a= 0.016828000000000242, b= 0.019232000000000273, c= 0.021636000000000308, d= 0.024040000000000342 with timeout of 5s...
13-10-2024 21:57:43 - INFO - Setting Chmaber Zones to a= 0.016828000000000242, b= 0.019232000000000273, c= 0.021636000000000308, d= 0.024040000000000342 request successfully sent.
13-10-2024 21:57:43 - INFO - Response from moonraker: {'result': 'ok'}
13-10-2024 21:57:43 - INFO - Setting Chmaber Zones to a= 0.016828000000000242, b= 0.019232000000000273, c= 0.021636000000000308, d= 0.024040000000000342 Request successfully executed.
13-10-2024 21:57:43 - INFO - Sending request to Setting Chmaber Zones to a= 0.021027999999999998, b= 0.024032, c= 0.027035999999999998, d= 0.030039999999999997 with timeout of 5s...
13-10-2024 21:57:43 - INFO - Setting Chmaber Zones to a= 0.021027999999999998, b= 0.024032, c= 0.027035999999999998, d= 0.030039999999999997 request successfully sent.
13-10-2024 21:57:43 - INFO - Response from moonraker: {'result': 'ok'}
13-10-2024 21:57:43 - INFO - Setting Chmaber Zones to a= 0.021027999999999998, b= 0.024032, c= 0.027035999999999998, d= 0.030039999999999997 Request successfully executed.
13-10-2024 21:57:43 - INFO - Sending request to Setting Chmaber Zones to a= 0.025227999999999758, b= 0.028831999999999726, c= 0.032435999999999694, d= 0.036039999999999656 with timeout of 5s...
13-10-2024 21:57:43 - INFO - Setting Chmaber Zones to a= 0.025227999999999758, b= 0.028831999999999726, c= 0.032435999999999694, d= 0.036039999999999656 request successfully sent.
13-10-2024 21:57:43 - INFO - Response from moonraker: {'result': 'ok'}
13-10-2024 21:57:43 - INFO - Setting Chmaber Zones to a= 0.025227999999999758, b= 0.028831999999999726, c= 0.032435999999999694, d= 0.036039999999999656 Request successfully executed.
13-10-2024 21:57:43 - INFO - Sending request to Setting Chmaber Zones to a= 0.2579499999999997, b= 0.2947999999999996, c= 0.33164999999999956, d= 0.3684999999999995 with timeout of 5s...
13-10-2024 21:57:43 - INFO - Setting Chmaber Zones to a= 0.2579499999999997, b= 0.2947999999999996, c= 0.33164999999999956, d= 0.3684999999999995 request successfully sent.
13-10-2024 21:57:43 - INFO - Response from moonraker: {'result': 'ok'}
13-10-2024 21:57:43 - INFO - Setting Chmaber Zones to a= 0.2579499999999997, b= 0.2947999999999996, c= 0.33164999999999956, d= 0.3684999999999995 Request successfully executed.
13-10-2024 21:57:44 - INFO - Sending request to Setting Chmaber Zones to a= 0.2947034999999998, b= 0.33680399999999977, c= 0.37890449999999976, d= 0.4210049999999997 with timeout of 5s...
13-10-2024 21:57:44 - INFO - Setting Chmaber Zones to a= 0.2947034999999998, b= 0.33680399999999977, c= 0.37890449999999976, d= 0.4210049999999997 request successfully sent.
13-10-2024 21:57:44 - INFO - Response from moonraker: {'result': 'ok'}
13-10-2024 21:57:44 - INFO - Setting Chmaber Zones to a= 0.2947034999999998, b= 0.33680399999999977, c= 0.37890449999999976, d= 0.4210049999999997 Request successfully executed.
13-10-2024 21:57:44 - INFO - Sending request to Setting Chmaber Zones to a= 0.30867899999999965, b= 0.35277599999999965, c= 0.3968729999999996, d= 0.44096999999999953 with timeout of 5s...
13-10-2024 21:57:44 - INFO - Setting Chmaber Zones to a= 0.30867899999999965, b= 0.35277599999999965, c= 0.3968729999999996, d= 0.44096999999999953 request successfully sent.
13-10-2024 21:57:44 - INFO - Response from moonraker: {'result': 'ok'}
13-10-2024 21:57:44 - INFO - Setting Chmaber Zones to a= 0.30867899999999965, b= 0.35277599999999965, c= 0.3968729999999996, d= 0.44096999999999953 Request successfully executed.
13-10-2024 21:57:44 - INFO - Sending request to Setting Chmaber Zones to a= 0.3208449999999996, b= 0.36667999999999956, c= 0.4125149999999995, d= 0.45834999999999954 with timeout of 5s...
13-10-2024 21:57:44 - INFO - Setting Chmaber Zones to a= 0.3208449999999996, b= 0.36667999999999956, c= 0.4125149999999995, d= 0.45834999999999954 request successfully sent.
13-10-2024 21:57:44 - INFO - Response from moonraker: {'result': 'ok'}
13-10-2024 21:57:44 - INFO - Setting Chmaber Zones to a= 0.3208449999999996, b= 0.36667999999999956, c= 0.4125149999999995, d= 0.45834999999999954 Request successfully executed.
13-10-2024 21:57:44 - INFO - Sending request to Setting Chmaber Zones to a= 0.33545400000000014, b= 0.38337600000000016, c= 0.4312980000000002, d= 0.4792200000000002 with timeout of 5s...
13-10-2024 21:57:44 - INFO - Setting Chmaber Zones to a= 0.33545400000000014, b= 0.38337600000000016, c= 0.4312980000000002, d= 0.4792200000000002 request successfully sent.
13-10-2024 21:57:44 - INFO - Response from moonraker: {'result': 'ok'}
13-10-2024 21:57:44 - INFO - Setting Chmaber Zones to a= 0.33545400000000014, b= 0.38337600000000016, c= 0.4312980000000002, d= 0.4792200000000002 Request successfully executed.
13-10-2024 21:57:44 - INFO - Sending request to Setting Chmaber Zones to a= 0.372029, b= 0.425176, c= 0.47832299999999994, d= 0.53147 with timeout of 5s...
13-10-2024 21:57:44 - INFO - Setting Chmaber Zones to a= 0.372029, b= 0.425176, c= 0.47832299999999994, d= 0.53147 request successfully sent.
13-10-2024 21:57:44 - INFO - Response from moonraker: {'result': 'ok'}
13-10-2024 21:57:44 - INFO - Setting Chmaber Zones to a= 0.372029, b= 0.425176, c= 0.47832299999999994, d= 0.53147 Request successfully executed.
13-10-2024 21:57:45 - INFO - Sending request to Setting Chmaber Zones to a= 0.38547250000000005, b= 0.44054000000000004, c= 0.4956075, d= 0.550675 with timeout of 5s...
13-10-2024 21:57:45 - INFO - Setting Chmaber Zones to a= 0.38547250000000005, b= 0.44054000000000004, c= 0.4956075, d= 0.550675 request successfully sent.
13-10-2024 21:57:45 - INFO - Response from moonraker: {'result': 'ok'}
13-10-2024 21:57:45 - INFO - Setting Chmaber Zones to a= 0.38547250000000005, b= 0.44054000000000004, c= 0.4956075, d= 0.550675 Request successfully executed.
13-10-2024 21:57:45 - INFO - Sending request to Setting Chmaber Zones to a= 0.38849999999999996, b= 0.4439999999999999, c= 0.49949999999999994, d= 0.5549999999999999 with timeout of 5s...
13-10-2024 21:57:45 - INFO - Setting Chmaber Zones to a= 0.38849999999999996, b= 0.4439999999999999, c= 0.49949999999999994, d= 0.5549999999999999 request successfully sent.
13-10-2024 21:57:45 - INFO - Response from moonraker: {'result': 'ok'}
13-10-2024 21:57:45 - INFO - Setting Chmaber Zones to a= 0.38849999999999996, b= 0.4439999999999999, c= 0.49949999999999994, d= 0.5549999999999999 Request successfully executed.
13-10-2024 21:57:45 - INFO - Sending request to Setting Chmaber Zones to a= 0.39159749999999993, b= 0.44754, c= 0.5034824999999999, d= 0.559425 with timeout of 5s...
13-10-2024 21:57:45 - INFO - Setting Chmaber Zones to a= 0.39159749999999993, b= 0.44754, c= 0.5034824999999999, d= 0.559425 request successfully sent.
13-10-2024 21:57:45 - INFO - Response from moonraker: {'result': 'ok'}
13-10-2024 21:57:45 - INFO - Setting Chmaber Zones to a= 0.39159749999999993, b= 0.44754, c= 0.5034824999999999, d= 0.559425 Request successfully executed.
13-10-2024 21:57:45 - INFO - Sending request to Setting Chmaber Zones to a= 0.3838625, b= 0.4387, c= 0.49353749999999996, d= 0.548375 with timeout of 5s...
13-10-2024 21:57:45 - INFO - Setting Chmaber Zones to a= 0.3838625, b= 0.4387, c= 0.49353749999999996, d= 0.548375 request successfully sent.
13-10-2024 21:57:45 - INFO - Response from moonraker: {'result': 'ok'}
13-10-2024 21:57:45 - INFO - Setting Chmaber Zones to a= 0.3838625, b= 0.4387, c= 0.49353749999999996, d= 0.548375 Request successfully executed.
13-10-2024 21:57:45 - INFO - Sending request to Setting Chmaber Zones to a= 0.3867675, b= 0.44201999999999997, c= 0.4972724999999999, d= 0.5525249999999999 with timeout of 5s...
13-10-2024 21:57:45 - INFO - Setting Chmaber Zones to a= 0.3867675, b= 0.44201999999999997, c= 0.4972724999999999, d= 0.5525249999999999 request successfully sent.
13-10-2024 21:57:45 - INFO - Response from moonraker: {'result': 'ok'}
13-10-2024 21:57:45 - INFO - Setting Chmaber Zones to a= 0.3867675, b= 0.44201999999999997, c= 0.4972724999999999, d= 0.5525249999999999 Request successfully executed.
13-10-2024 21:57:46 - INFO - Sending request to Setting Chmaber Zones to a= 0.38093649999999984, b= 0.4353559999999998, c= 0.4897754999999998, d= 0.5441949999999998 with timeout of 5s...
13-10-2024 21:57:46 - INFO - Setting Chmaber Zones to a= 0.38093649999999984, b= 0.4353559999999998, c= 0.4897754999999998, d= 0.5441949999999998 request successfully sent.
13-10-2024 21:57:46 - INFO - Response from moonraker: {'result': 'ok'}
13-10-2024 21:57:46 - INFO - Setting Chmaber Zones to a= 0.38093649999999984, b= 0.4353559999999998, c= 0.4897754999999998, d= 0.5441949999999998 Request successfully executed.
13-10-2024 21:57:46 - INFO - Sending request to Setting Chmaber Zones to a= 0.3749514999999998, b= 0.4285159999999998, c= 0.4820804999999997, d= 0.5356449999999997 with timeout of 5s...
13-10-2024 21:57:46 - INFO - Setting Chmaber Zones to a= 0.3749514999999998, b= 0.4285159999999998, c= 0.4820804999999997, d= 0.5356449999999997 request successfully sent.
13-10-2024 21:57:46 - INFO - Response from moonraker: {'result': 'ok'}
13-10-2024 21:57:46 - INFO - Setting Chmaber Zones to a= 0.3749514999999998, b= 0.4285159999999998, c= 0.4820804999999997, d= 0.5356449999999997 Request successfully executed.
13-10-2024 21:57:46 - INFO - Sending request to Setting Chmaber Zones to a= 0.3687564999999997, b= 0.42143599999999964, c= 0.47411549999999963, d= 0.5267949999999996 with timeout of 5s...
13-10-2024 21:57:46 - INFO - Setting Chmaber Zones to a= 0.3687564999999997, b= 0.42143599999999964, c= 0.47411549999999963, d= 0.5267949999999996 request successfully sent.
13-10-2024 21:57:46 - INFO - Response from moonraker: {'result': 'ok'}
13-10-2024 21:57:46 - INFO - Setting Chmaber Zones to a= 0.3687564999999997, b= 0.42143599999999964, c= 0.47411549999999963, d= 0.5267949999999996 Request successfully executed.
13-10-2024 21:57:46 - INFO - Sending request to Setting Chmaber Zones to a= 0.35585199999999984, b= 0.4066879999999998, c= 0.4575239999999998, d= 0.5083599999999998 with timeout of 5s...
13-10-2024 21:57:46 - INFO - Setting Chmaber Zones to a= 0.35585199999999984, b= 0.4066879999999998, c= 0.4575239999999998, d= 0.5083599999999998 request successfully sent.
13-10-2024 21:57:46 - INFO - Response from moonraker: {'result': 'ok'}
13-10-2024 21:57:46 - INFO - Setting Chmaber Zones to a= 0.35585199999999984, b= 0.4066879999999998, c= 0.4575239999999998, d= 0.5083599999999998 Request successfully executed.
13-10-2024 21:57:46 - INFO - Sending request to Setting Chmaber Zones to a= 0.21263200000000007, b= 0.24300800000000009, c= 0.2733840000000001, d= 0.30376000000000014 with timeout of 5s...
13-10-2024 21:57:46 - INFO - Setting Chmaber Zones to a= 0.21263200000000007, b= 0.24300800000000009, c= 0.2733840000000001, d= 0.30376000000000014 request successfully sent.
13-10-2024 21:57:46 - INFO - Response from moonraker: {'result': 'ok'}
13-10-2024 21:57:46 - INFO - Setting Chmaber Zones to a= 0.21263200000000007, b= 0.24300800000000009, c= 0.2733840000000001, d= 0.30376000000000014 Request successfully executed.
13-10-2024 21:57:47 - INFO - Sending request to Setting Chmaber Zones to a= 0.19889099999999962, b= 0.22730399999999962, c= 0.25571699999999953, d= 0.2841299999999995 with timeout of 5s...
13-10-2024 21:57:47 - INFO - Setting Chmaber Zones to a= 0.19889099999999962, b= 0.22730399999999962, c= 0.25571699999999953, d= 0.2841299999999995 request successfully sent.
13-10-2024 21:57:47 - INFO - Response from moonraker: {'result': 'ok'}
13-10-2024 21:57:47 - INFO - Setting Chmaber Zones to a= 0.19889099999999962, b= 0.22730399999999962, c= 0.25571699999999953, d= 0.2841299999999995 Request successfully executed.
13-10-2024 21:57:47 - INFO - Sending request to Setting Chmaber Zones to a= 0.1883140000000001, b= 0.21521600000000013, c= 0.24211800000000014, d= 0.26902000000000015 with timeout of 5s...
13-10-2024 21:57:47 - INFO - Setting Chmaber Zones to a= 0.1883140000000001, b= 0.21521600000000013, c= 0.24211800000000014, d= 0.26902000000000015 request successfully sent.
13-10-2024 21:57:47 - INFO - Response from moonraker: {'result': 'ok'}
13-10-2024 21:57:47 - INFO - Setting Chmaber Zones to a= 0.1883140000000001, b= 0.21521600000000013, c= 0.24211800000000014, d= 0.26902000000000015 Request successfully executed.
13-10-2024 21:57:47 - INFO - Sending request to Setting Chmaber Zones to a= 0.18183199999999974, b= 0.20780799999999972, c= 0.23378399999999971, d= 0.25975999999999966 with timeout of 5s...
13-10-2024 21:57:47 - INFO - Setting Chmaber Zones to a= 0.18183199999999974, b= 0.20780799999999972, c= 0.23378399999999971, d= 0.25975999999999966 request successfully sent.
13-10-2024 21:57:47 - INFO - Response from moonraker: {'result': 'ok'}
13-10-2024 21:57:47 - INFO - Setting Chmaber Zones to a= 0.18183199999999974, b= 0.20780799999999972, c= 0.23378399999999971, d= 0.25975999999999966 Request successfully executed.
13-10-2024 21:57:47 - INFO - Sending request to Setting Chmaber Zones to a= 0.17521699999999998, b= 0.20024799999999998, c= 0.22527899999999998, d= 0.25031 with timeout of 5s...
13-10-2024 21:57:47 - INFO - Setting Chmaber Zones to a= 0.17521699999999998, b= 0.20024799999999998, c= 0.22527899999999998, d= 0.25031 request successfully sent.
13-10-2024 21:57:47 - INFO - Response from moonraker: {'result': 'ok'}
13-10-2024 21:57:47 - INFO - Setting Chmaber Zones to a= 0.17521699999999998, b= 0.20024799999999998, c= 0.22527899999999998, d= 0.25031 Request successfully executed.
13-10-2024 21:57:47 - INFO - Sending request to Setting Chmaber Zones to a= 0.1489985000000001, b= 0.17028400000000013, c= 0.19156950000000011, d= 0.21285500000000013 with timeout of 5s...
13-10-2024 21:57:47 - INFO - Setting Chmaber Zones to a= 0.1489985000000001, b= 0.17028400000000013, c= 0.19156950000000011, d= 0.21285500000000013 request successfully sent.
13-10-2024 21:57:47 - INFO - Response from moonraker: {'result': 'ok'}
13-10-2024 21:57:47 - INFO - Setting Chmaber Zones to a= 0.1489985000000001, b= 0.17028400000000013, c= 0.19156950000000011, d= 0.21285500000000013 Request successfully executed.
13-10-2024 21:57:48 - INFO - Sending request to Setting Chmaber Zones to a= 0.13966049999999985, b= 0.1596119999999998, c= 0.1795634999999998, d= 0.19951499999999978 with timeout of 5s...
13-10-2024 21:57:48 - INFO - Setting Chmaber Zones to a= 0.13966049999999985, b= 0.1596119999999998, c= 0.1795634999999998, d= 0.19951499999999978 request successfully sent.
13-10-2024 21:57:48 - INFO - Response from moonraker: {'result': 'ok'}
13-10-2024 21:57:48 - INFO - Setting Chmaber Zones to a= 0.13966049999999985, b= 0.1596119999999998, c= 0.1795634999999998, d= 0.19951499999999978 Request successfully executed.
13-10-2024 21:57:48 - INFO - Sending request to Setting Chmaber Zones to a= 0.13655249999999985, b= 0.1560599999999998, c= 0.1755674999999998, d= 0.19507499999999978 with timeout of 5s...
13-10-2024 21:57:48 - INFO - Setting Chmaber Zones to a= 0.13655249999999985, b= 0.1560599999999998, c= 0.1755674999999998, d= 0.19507499999999978 request successfully sent.
13-10-2024 21:57:48 - INFO - Response from moonraker: {'result': 'ok'}
13-10-2024 21:57:48 - INFO - Setting Chmaber Zones to a= 0.13655249999999985, b= 0.1560599999999998, c= 0.1755674999999998, d= 0.19507499999999978 Request successfully executed.
13-10-2024 21:57:48 - INFO - Sending request to Setting Chmaber Zones to a= 0.13123599999999996, b= 0.14998399999999998, c= 0.16873199999999997, d= 0.18747999999999995 with timeout of 5s...
13-10-2024 21:57:48 - INFO - Setting Chmaber Zones to a= 0.13123599999999996, b= 0.14998399999999998, c= 0.16873199999999997, d= 0.18747999999999995 request successfully sent.
13-10-2024 21:57:48 - INFO - Response from moonraker: {'result': 'ok'}
13-10-2024 21:57:48 - INFO - Setting Chmaber Zones to a= 0.13123599999999996, b= 0.14998399999999998, c= 0.16873199999999997, d= 0.18747999999999995 Request successfully executed.
13-10-2024 21:57:48 - INFO - Sending request to Setting Chmaber Zones to a= 0.1258810000000001, b= 0.1438640000000001, c= 0.1618470000000001, d= 0.1798300000000001 with timeout of 5s...
13-10-2024 21:57:48 - INFO - Setting Chmaber Zones to a= 0.1258810000000001, b= 0.1438640000000001, c= 0.1618470000000001, d= 0.1798300000000001 request successfully sent.
13-10-2024 21:57:48 - INFO - Response from moonraker: {'result': 'ok'}
13-10-2024 21:57:48 - INFO - Setting Chmaber Zones to a= 0.1258810000000001, b= 0.1438640000000001, c= 0.1618470000000001, d= 0.1798300000000001 Request successfully executed.
13-10-2024 21:57:48 - INFO - Sending request to Setting Chmaber Zones to a= 0.12480649999999997, b= 0.14263599999999996, c= 0.16046549999999996, d= 0.17829499999999995 with timeout of 5s...
13-10-2024 21:57:48 - INFO - Setting Chmaber Zones to a= 0.12480649999999997, b= 0.14263599999999996, c= 0.16046549999999996, d= 0.17829499999999995 request successfully sent.
13-10-2024 21:57:48 - INFO - Response from moonraker: {'result': 'ok'}
13-10-2024 21:57:48 - INFO - Setting Chmaber Zones to a= 0.12480649999999997, b= 0.14263599999999996, c= 0.16046549999999996, d= 0.17829499999999995 Request successfully executed.
13-10-2024 21:57:49 - INFO - Sending request to Setting Chmaber Zones to a= 0.13242249999999994, b= 0.15133999999999992, c= 0.17025749999999995, d= 0.18917499999999993 with timeout of 5s...
13-10-2024 21:57:49 - INFO - Setting Chmaber Zones to a= 0.13242249999999994, b= 0.15133999999999992, c= 0.17025749999999995, d= 0.18917499999999993 request successfully sent.
13-10-2024 21:57:49 - INFO - Response from moonraker: {'result': 'ok'}
13-10-2024 21:57:49 - INFO - Setting Chmaber Zones to a= 0.13242249999999994, b= 0.15133999999999992, c= 0.17025749999999995, d= 0.18917499999999993 Request successfully executed.
13-10-2024 21:57:49 - INFO - Sending request to Setting Chmaber Zones to a= 0.13374549999999974, b= 0.15285199999999968, c= 0.17195849999999965, d= 0.19106499999999962 with timeout of 5s...
13-10-2024 21:57:49 - INFO - Setting Chmaber Zones to a= 0.13374549999999974, b= 0.15285199999999968, c= 0.17195849999999965, d= 0.19106499999999962 request successfully sent.
13-10-2024 21:57:49 - INFO - Response from moonraker: {'result': 'ok'}
13-10-2024 21:57:49 - INFO - Setting Chmaber Zones to a= 0.13374549999999974, b= 0.15285199999999968, c= 0.17195849999999965, d= 0.19106499999999962 Request successfully executed.
13-10-2024 21:57:49 - INFO - Sending request to Setting Chmaber Zones to a= 0.13954849999999985, b= 0.15948399999999982, c= 0.17941949999999982, d= 0.1993549999999998 with timeout of 5s...
13-10-2024 21:57:49 - INFO - Setting Chmaber Zones to a= 0.13954849999999985, b= 0.15948399999999982, c= 0.17941949999999982, d= 0.1993549999999998 request successfully sent.
13-10-2024 21:57:49 - INFO - Response from moonraker: {'result': 'ok'}
13-10-2024 21:57:49 - INFO - Setting Chmaber Zones to a= 0.13954849999999985, b= 0.15948399999999982, c= 0.17941949999999982, d= 0.1993549999999998 Request successfully executed.
13-10-2024 21:57:49 - INFO - Sending request to Setting Chmaber Zones to a= 0.15636599999999998, b= 0.17870399999999997, c= 0.201042, d= 0.22337999999999997 with timeout of 5s...
13-10-2024 21:57:49 - INFO - Setting Chmaber Zones to a= 0.15636599999999998, b= 0.17870399999999997, c= 0.201042, d= 0.22337999999999997 request successfully sent.
13-10-2024 21:57:49 - INFO - Response from moonraker: {'result': 'ok'}
13-10-2024 21:57:49 - INFO - Setting Chmaber Zones to a= 0.15636599999999998, b= 0.17870399999999997, c= 0.201042, d= 0.22337999999999997 Request successfully executed.
13-10-2024 21:57:49 - INFO - Sending request to Setting Chmaber Zones to a= 0.16058699999999962, b= 0.18352799999999955, c= 0.2064689999999995, d= 0.22940999999999945 with timeout of 5s...
13-10-2024 21:57:49 - INFO - Setting Chmaber Zones to a= 0.16058699999999962, b= 0.18352799999999955, c= 0.2064689999999995, d= 0.22940999999999945 request successfully sent.
13-10-2024 21:57:49 - INFO - Response from moonraker: {'result': 'ok'}
13-10-2024 21:57:49 - INFO - Setting Chmaber Zones to a= 0.16058699999999962, b= 0.18352799999999955, c= 0.2064689999999995, d= 0.22940999999999945 Request successfully executed.
13-10-2024 21:57:50 - INFO - Sending request to Setting Chmaber Zones to a= 0.16504949999999988, b= 0.18862799999999985, c= 0.21220649999999983, d= 0.2357849999999998 with timeout of 5s...
13-10-2024 21:57:50 - INFO - Setting Chmaber Zones to a= 0.16504949999999988, b= 0.18862799999999985, c= 0.21220649999999983, d= 0.2357849999999998 request successfully sent.
13-10-2024 21:57:50 - INFO - Response from moonraker: {'result': 'ok'}
13-10-2024 21:57:50 - INFO - Setting Chmaber Zones to a= 0.16504949999999988, b= 0.18862799999999985, c= 0.21220649999999983, d= 0.2357849999999998 Request successfully executed.
13-10-2024 21:57:50 - INFO - Sending request to Setting Chmaber Zones to a= 0.17833549999999956, b= 0.2038119999999995, c= 0.2292884999999994, d= 0.25476499999999935 with timeout of 5s...
13-10-2024 21:57:50 - INFO - Setting Chmaber Zones to a= 0.17833549999999956, b= 0.2038119999999995, c= 0.2292884999999994, d= 0.25476499999999935 request successfully sent.
13-10-2024 21:57:50 - INFO - Response from moonraker: {'result': 'ok'}
13-10-2024 21:57:50 - INFO - Setting Chmaber Zones to a= 0.17833549999999956, b= 0.2038119999999995, c= 0.2292884999999994, d= 0.25476499999999935 Request successfully executed.
13-10-2024 21:57:50 - INFO - Sending request to Setting Chmaber Zones to a= 0.17676749999999955, b= 0.20201999999999953, c= 0.22727249999999943, d= 0.2525249999999994 with timeout of 5s...
13-10-2024 21:57:50 - INFO - Setting Chmaber Zones to a= 0.17676749999999955, b= 0.20201999999999953, c= 0.22727249999999943, d= 0.2525249999999994 request successfully sent.
13-10-2024 21:57:50 - INFO - Response from moonraker: {'result': 'ok'}
13-10-2024 21:57:50 - INFO - Setting Chmaber Zones to a= 0.17676749999999955, b= 0.20201999999999953, c= 0.22727249999999943, d= 0.2525249999999994 Request successfully executed.
13-10-2024 21:57:50 - INFO - Sending request to Setting Chmaber Zones to a= 0.1817969999999998, b= 0.20776799999999976, c= 0.23373899999999975, d= 0.2597099999999997 with timeout of 5s...
13-10-2024 21:57:50 - INFO - Setting Chmaber Zones to a= 0.1817969999999998, b= 0.20776799999999976, c= 0.23373899999999975, d= 0.2597099999999997 request successfully sent.
13-10-2024 21:57:50 - INFO - Response from moonraker: {'result': 'ok'}
13-10-2024 21:57:50 - INFO - Setting Chmaber Zones to a= 0.1817969999999998, b= 0.20776799999999976, c= 0.23373899999999975, d= 0.2597099999999997 Request successfully executed.
13-10-2024 21:57:50 - INFO - Sending request to Setting Chmaber Zones to a= 0.1934414999999997, b= 0.22107599999999966, c= 0.2487104999999996, d= 0.27634499999999956 with timeout of 5s...
13-10-2024 21:57:50 - INFO - Setting Chmaber Zones to a= 0.1934414999999997, b= 0.22107599999999966, c= 0.2487104999999996, d= 0.27634499999999956 request successfully sent.
13-10-2024 21:57:50 - INFO - Response from moonraker: {'result': 'ok'}
13-10-2024 21:57:50 - INFO - Setting Chmaber Zones to a= 0.1934414999999997, b= 0.22107599999999966, c= 0.2487104999999996, d= 0.27634499999999956 Request successfully executed.
13-10-2024 21:57:51 - INFO - Sending request to Setting Chmaber Zones to a= 0.19669300000000006, b= 0.22479200000000005, c= 0.25289100000000003, d= 0.2809900000000001 with timeout of 5s...
13-10-2024 21:57:51 - INFO - Setting Chmaber Zones to a= 0.19669300000000006, b= 0.22479200000000005, c= 0.25289100000000003, d= 0.2809900000000001 request successfully sent.
13-10-2024 21:57:51 - INFO - Response from moonraker: {'result': 'ok'}
13-10-2024 21:57:51 - INFO - Setting Chmaber Zones to a= 0.19669300000000006, b= 0.22479200000000005, c= 0.25289100000000003, d= 0.2809900000000001 Request successfully executed.
13-10-2024 21:57:51 - INFO - Sending request to Setting Chmaber Zones to a= 0.20443849999999958, b= 0.23364399999999955, c= 0.26284949999999946, d= 0.2920549999999994 with timeout of 5s...
13-10-2024 21:57:51 - INFO - Setting Chmaber Zones to a= 0.20443849999999958, b= 0.23364399999999955, c= 0.26284949999999946, d= 0.2920549999999994 request successfully sent.
13-10-2024 21:57:51 - INFO - Response from moonraker: {'result': 'ok'}
13-10-2024 21:57:51 - INFO - Setting Chmaber Zones to a= 0.20443849999999958, b= 0.23364399999999955, c= 0.26284949999999946, d= 0.2920549999999994 Request successfully executed.
13-10-2024 21:57:51 - INFO - Sending request to Setting Chmaber Zones to a= 0.20803299999999994, b= 0.2377519999999999, c= 0.2674709999999999, d= 0.2971899999999999 with timeout of 5s...
13-10-2024 21:57:51 - INFO - Setting Chmaber Zones to a= 0.20803299999999994, b= 0.2377519999999999, c= 0.2674709999999999, d= 0.2971899999999999 request successfully sent.
13-10-2024 21:57:51 - INFO - Response from moonraker: {'result': 'ok'}
13-10-2024 21:57:51 - INFO - Setting Chmaber Zones to a= 0.20803299999999994, b= 0.2377519999999999, c= 0.2674709999999999, d= 0.2971899999999999 Request successfully executed.
13-10-2024 21:57:51 - INFO - Sending request to Setting Chmaber Zones to a= 0.20742749999999993, b= 0.23705999999999994, c= 0.2666924999999999, d= 0.2963249999999999 with timeout of 5s...
13-10-2024 21:57:51 - INFO - Setting Chmaber Zones to a= 0.20742749999999993, b= 0.23705999999999994, c= 0.2666924999999999, d= 0.2963249999999999 request successfully sent.
13-10-2024 21:57:51 - INFO - Response from moonraker: {'result': 'ok'}
13-10-2024 21:57:51 - INFO - Setting Chmaber Zones to a= 0.20742749999999993, b= 0.23705999999999994, c= 0.2666924999999999, d= 0.2963249999999999 Request successfully executed.
13-10-2024 21:57:51 - INFO - Sending request to Setting Chmaber Zones to a= 0.20468350000000002, b= 0.23392400000000002, c= 0.2631645, d= 0.292405 with timeout of 5s...
13-10-2024 21:57:51 - INFO - Setting Chmaber Zones to a= 0.20468350000000002, b= 0.23392400000000002, c= 0.2631645, d= 0.292405 request successfully sent.
13-10-2024 21:57:51 - INFO - Response from moonraker: {'result': 'ok'}
13-10-2024 21:57:51 - INFO - Setting Chmaber Zones to a= 0.20468350000000002, b= 0.23392400000000002, c= 0.2631645, d= 0.292405 Request successfully executed.
13-10-2024 21:57:52 - INFO - Sending request to Setting Chmaber Zones to a= 0.2040675, b= 0.23322000000000004, c= 0.2623725, d= 0.29152500000000003 with timeout of 5s...
13-10-2024 21:57:52 - INFO - Setting Chmaber Zones to a= 0.2040675, b= 0.23322000000000004, c= 0.2623725, d= 0.29152500000000003 request successfully sent.
13-10-2024 21:57:52 - INFO - Response from moonraker: {'result': 'ok'}
13-10-2024 21:57:52 - INFO - Setting Chmaber Zones to a= 0.2040675, b= 0.23322000000000004, c= 0.2623725, d= 0.29152500000000003 Request successfully executed.
13-10-2024 21:57:52 - INFO - Sending request to Setting Chmaber Zones to a= 0.20343750000000008, b= 0.23250000000000007, c= 0.2615625000000001, d= 0.2906250000000001 with timeout of 5s...
13-10-2024 21:57:52 - INFO - Setting Chmaber Zones to a= 0.20343750000000008, b= 0.23250000000000007, c= 0.2615625000000001, d= 0.2906250000000001 request successfully sent.
13-10-2024 21:57:52 - INFO - Response from moonraker: {'result': 'ok'}
13-10-2024 21:57:52 - INFO - Setting Chmaber Zones to a= 0.20343750000000008, b= 0.23250000000000007, c= 0.2615625000000001, d= 0.2906250000000001 Request successfully executed.
13-10-2024 21:57:52 - INFO - Sending request to Setting Chmaber Zones to a= 0.20280750000000006, b= 0.23178000000000004, c= 0.26075250000000005, d= 0.28972500000000007 with timeout of 5s...
13-10-2024 21:57:52 - INFO - Setting Chmaber Zones to a= 0.20280750000000006, b= 0.23178000000000004, c= 0.26075250000000005, d= 0.28972500000000007 request successfully sent.
13-10-2024 21:57:52 - INFO - Response from moonraker: {'result': 'ok'}
13-10-2024 21:57:52 - INFO - Setting Chmaber Zones to a= 0.20280750000000006, b= 0.23178000000000004, c= 0.26075250000000005, d= 0.28972500000000007 Request successfully executed.
13-10-2024 21:57:52 - INFO - Sending request to Setting Chmaber Zones to a= 0.2021775000000001, b= 0.2310600000000001, c= 0.2599425000000001, d= 0.2888250000000001 with timeout of 5s...
13-10-2024 21:57:52 - INFO - Setting Chmaber Zones to a= 0.2021775000000001, b= 0.2310600000000001, c= 0.2599425000000001, d= 0.2888250000000001 request successfully sent.
13-10-2024 21:57:52 - INFO - Response from moonraker: {'result': 'ok'}
13-10-2024 21:57:52 - INFO - Setting Chmaber Zones to a= 0.2021775000000001, b= 0.2310600000000001, c= 0.2599425000000001, d= 0.2888250000000001 Request successfully executed.
13-10-2024 21:57:52 - INFO - Sending request to Setting Chmaber Zones to a= 0.19938099999999956, b= 0.2278639999999995, c= 0.25634699999999944, d= 0.28482999999999936 with timeout of 5s...
13-10-2024 21:57:52 - INFO - Setting Chmaber Zones to a= 0.19938099999999956, b= 0.2278639999999995, c= 0.25634699999999944, d= 0.28482999999999936 request successfully sent.
13-10-2024 21:57:52 - INFO - Response from moonraker: {'result': 'ok'}
13-10-2024 21:57:52 - INFO - Setting Chmaber Zones to a= 0.19938099999999956, b= 0.2278639999999995, c= 0.25634699999999944, d= 0.28482999999999936 Request successfully executed.
13-10-2024 21:57:53 - INFO - Sending request to Setting Chmaber Zones to a= 0.19437949999999982, b= 0.2221479999999998, c= 0.24991649999999976, d= 0.27768499999999974 with timeout of 5s...
13-10-2024 21:57:53 - INFO - Setting Chmaber Zones to a= 0.19437949999999982, b= 0.2221479999999998, c= 0.24991649999999976, d= 0.27768499999999974 request successfully sent.
13-10-2024 21:57:53 - INFO - Response from moonraker: {'result': 'ok'}
13-10-2024 21:57:53 - INFO - Setting Chmaber Zones to a= 0.19437949999999982, b= 0.2221479999999998, c= 0.24991649999999976, d= 0.27768499999999974 Request successfully executed.
13-10-2024 21:57:53 - INFO - Sending request to Setting Chmaber Zones to a= 0.1914534999999999, b= 0.2188039999999999, c= 0.24615449999999986, d= 0.27350499999999983 with timeout of 5s...
13-10-2024 21:57:53 - INFO - Setting Chmaber Zones to a= 0.1914534999999999, b= 0.2188039999999999, c= 0.24615449999999986, d= 0.27350499999999983 request successfully sent.
13-10-2024 21:57:53 - INFO - Response from moonraker: {'result': 'ok'}
13-10-2024 21:57:53 - INFO - Setting Chmaber Zones to a= 0.1914534999999999, b= 0.2188039999999999, c= 0.24615449999999986, d= 0.27350499999999983 Request successfully executed.
13-10-2024 21:57:53 - INFO - Sending request to Setting Chmaber Zones to a= 0.18412799999999968, b= 0.21043199999999962, c= 0.2367359999999996, d= 0.26303999999999955 with timeout of 5s...
13-10-2024 21:57:53 - INFO - Setting Chmaber Zones to a= 0.18412799999999968, b= 0.21043199999999962, c= 0.2367359999999996, d= 0.26303999999999955 request successfully sent.
13-10-2024 21:57:53 - INFO - Response from moonraker: {'result': 'ok'}
13-10-2024 21:57:53 - INFO - Setting Chmaber Zones to a= 0.18412799999999968, b= 0.21043199999999962, c= 0.2367359999999996, d= 0.26303999999999955 Request successfully executed.
13-10-2024 21:57:53 - INFO - Sending request to Setting Chmaber Zones to a= 0.18100599999999978, b= 0.20686399999999977, c= 0.23272199999999973, d= 0.2585799999999997 with timeout of 5s...
13-10-2024 21:57:53 - INFO - Setting Chmaber Zones to a= 0.18100599999999978, b= 0.20686399999999977, c= 0.23272199999999973, d= 0.2585799999999997 request successfully sent.
13-10-2024 21:57:53 - INFO - Response from moonraker: {'result': 'ok'}
13-10-2024 21:57:53 - INFO - Setting Chmaber Zones to a= 0.18100599999999978, b= 0.20686399999999977, c= 0.23272199999999973, d= 0.2585799999999997 Request successfully executed.
13-10-2024 21:57:53 - INFO - Sending request to Setting Chmaber Zones to a= 0.17780349999999992, b= 0.20320399999999988, c= 0.2286044999999999, d= 0.25400499999999987 with timeout of 5s...
13-10-2024 21:57:53 - INFO - Setting Chmaber Zones to a= 0.17780349999999992, b= 0.20320399999999988, c= 0.2286044999999999, d= 0.25400499999999987 request successfully sent.
13-10-2024 21:57:53 - INFO - Response from moonraker: {'result': 'ok'}
13-10-2024 21:57:53 - INFO - Setting Chmaber Zones to a= 0.17780349999999992, b= 0.20320399999999988, c= 0.2286044999999999, d= 0.25400499999999987 Request successfully executed.
13-10-2024 21:57:54 - INFO - Sending request to Setting Chmaber Zones to a= 0.17021549999999966, b= 0.1945319999999996, c= 0.21884849999999959, d= 0.24316499999999952 with timeout of 5s...
13-10-2024 21:57:54 - INFO - Setting Chmaber Zones to a= 0.17021549999999966, b= 0.1945319999999996, c= 0.21884849999999959, d= 0.24316499999999952 request successfully sent.
13-10-2024 21:57:54 - INFO - Response from moonraker: {'result': 'ok'}
13-10-2024 21:57:54 - INFO - Setting Chmaber Zones to a= 0.17021549999999966, b= 0.1945319999999996, c= 0.21884849999999959, d= 0.24316499999999952 Request successfully executed.
13-10-2024 21:57:54 - INFO - Sending request to Setting Chmaber Zones to a= 0.1689974999999997, b= 0.19313999999999965, c= 0.2172824999999996, d= 0.24142499999999956 with timeout of 5s...
13-10-2024 21:57:54 - INFO - Setting Chmaber Zones to a= 0.1689974999999997, b= 0.19313999999999965, c= 0.2172824999999996, d= 0.24142499999999956 request successfully sent.
13-10-2024 21:57:54 - INFO - Response from moonraker: {'result': 'ok'}
13-10-2024 21:57:54 - INFO - Setting Chmaber Zones to a= 0.1689974999999997, b= 0.19313999999999965, c= 0.2172824999999996, d= 0.24142499999999956 Request successfully executed.
13-10-2024 21:57:54 - INFO - Sending request to Setting Chmaber Zones to a= 0.1677374999999997, b= 0.19169999999999965, c= 0.21566249999999965, d= 0.2396249999999996 with timeout of 5s...
13-10-2024 21:57:54 - INFO - Setting Chmaber Zones to a= 0.1677374999999997, b= 0.19169999999999965, c= 0.21566249999999965, d= 0.2396249999999996 request successfully sent.
13-10-2024 21:57:54 - INFO - Response from moonraker: {'result': 'ok'}
13-10-2024 21:57:54 - INFO - Setting Chmaber Zones to a= 0.1677374999999997, b= 0.19169999999999965, c= 0.21566249999999965, d= 0.2396249999999996 Request successfully executed.
13-10-2024 21:57:54 - INFO - Sending request to Setting Chmaber Zones to a= 0.16647749999999972, b= 0.19025999999999968, c= 0.21404249999999966, d= 0.23782499999999962 with timeout of 5s...
13-10-2024 21:57:54 - INFO - Setting Chmaber Zones to a= 0.16647749999999972, b= 0.19025999999999968, c= 0.21404249999999966, d= 0.23782499999999962 request successfully sent.
13-10-2024 21:57:54 - INFO - Response from moonraker: {'result': 'ok'}
13-10-2024 21:57:54 - INFO - Setting Chmaber Zones to a= 0.16647749999999972, b= 0.19025999999999968, c= 0.21404249999999966, d= 0.23782499999999962 Request successfully executed.
13-10-2024 21:57:54 - INFO - Sending request to Setting Chmaber Zones to a= 0.1652174999999997, b= 0.18881999999999968, c= 0.21242249999999963, d= 0.2360249999999996 with timeout of 5s...
13-10-2024 21:57:54 - INFO - Setting Chmaber Zones to a= 0.1652174999999997, b= 0.18881999999999968, c= 0.21242249999999963, d= 0.2360249999999996 request successfully sent.
13-10-2024 21:57:54 - INFO - Response from moonraker: {'result': 'ok'}
13-10-2024 21:57:54 - INFO - Setting Chmaber Zones to a= 0.1652174999999997, b= 0.18881999999999968, c= 0.21242249999999963, d= 0.2360249999999996 Request successfully executed.
13-10-2024 21:57:55 - INFO - Sending request to Setting Chmaber Zones to a= 0.16395749999999976, b= 0.1873799999999997, c= 0.21080249999999967, d= 0.23422499999999963 with timeout of 5s...
13-10-2024 21:57:55 - INFO - Setting Chmaber Zones to a= 0.16395749999999976, b= 0.1873799999999997, c= 0.21080249999999967, d= 0.23422499999999963 request successfully sent.
13-10-2024 21:57:55 - INFO - Response from moonraker: {'result': 'ok'}
13-10-2024 21:57:55 - INFO - Setting Chmaber Zones to a= 0.16395749999999976, b= 0.1873799999999997, c= 0.21080249999999967, d= 0.23422499999999963 Request successfully executed.
13-10-2024 21:57:55 - INFO - Sending request to Setting Chmaber Zones to a= 0.1670305000000001, b= 0.19089200000000012, c= 0.21475350000000012, d= 0.23861500000000016 with timeout of 5s...
13-10-2024 21:57:55 - INFO - Setting Chmaber Zones to a= 0.1670305000000001, b= 0.19089200000000012, c= 0.21475350000000012, d= 0.23861500000000016 request successfully sent.
13-10-2024 21:57:55 - INFO - Response from moonraker: {'result': 'ok'}
13-10-2024 21:57:55 - INFO - Setting Chmaber Zones to a= 0.1670305000000001, b= 0.19089200000000012, c= 0.21475350000000012, d= 0.23861500000000016 Request successfully executed.
13-10-2024 21:57:55 - INFO - Sending request to Setting Chmaber Zones to a= 0.17451349999999963, b= 0.1994439999999996, c= 0.22437449999999953, d= 0.2493049999999995 with timeout of 5s...
13-10-2024 21:57:55 - INFO - Setting Chmaber Zones to a= 0.17451349999999963, b= 0.1994439999999996, c= 0.22437449999999953, d= 0.2493049999999995 request successfully sent.
13-10-2024 21:57:55 - INFO - Response from moonraker: {'result': 'ok'}
13-10-2024 21:57:55 - INFO - Setting Chmaber Zones to a= 0.17451349999999963, b= 0.1994439999999996, c= 0.22437449999999953, d= 0.2493049999999995 Request successfully executed.
13-10-2024 21:57:55 - INFO - Sending request to Setting Chmaber Zones to a= 0.17784549999999996, b= 0.20325199999999996, c= 0.22865849999999996, d= 0.25406499999999993 with timeout of 5s...
13-10-2024 21:57:55 - INFO - Setting Chmaber Zones to a= 0.17784549999999996, b= 0.20325199999999996, c= 0.22865849999999996, d= 0.25406499999999993 request successfully sent.
13-10-2024 21:57:55 - INFO - Response from moonraker: {'result': 'ok'}
13-10-2024 21:57:55 - INFO - Setting Chmaber Zones to a= 0.17784549999999996, b= 0.20325199999999996, c= 0.22865849999999996, d= 0.25406499999999993 Request successfully executed.
13-10-2024 21:57:55 - INFO - Sending request to Setting Chmaber Zones to a= 0.17697749999999998, b= 0.20226, c= 0.22754249999999995, d= 0.25282499999999997 with timeout of 5s...
13-10-2024 21:57:55 - INFO - Setting Chmaber Zones to a= 0.17697749999999998, b= 0.20226, c= 0.22754249999999995, d= 0.25282499999999997 request successfully sent.
13-10-2024 21:57:55 - INFO - Response from moonraker: {'result': 'ok'}
13-10-2024 21:57:55 - INFO - Setting Chmaber Zones to a= 0.17697749999999998, b= 0.20226, c= 0.22754249999999995, d= 0.25282499999999997 Request successfully executed.
13-10-2024 21:57:56 - INFO - Sending request to Setting Chmaber Zones to a= 0.18047049999999973, b= 0.2062519999999997, c= 0.23203349999999964, d= 0.25781499999999963 with timeout of 5s...
13-10-2024 21:57:56 - INFO - Setting Chmaber Zones to a= 0.18047049999999973, b= 0.2062519999999997, c= 0.23203349999999964, d= 0.25781499999999963 request successfully sent.
13-10-2024 21:57:56 - INFO - Response from moonraker: {'result': 'ok'}
13-10-2024 21:57:56 - INFO - Setting Chmaber Zones to a= 0.18047049999999973, b= 0.2062519999999997, c= 0.23203349999999964, d= 0.25781499999999963 Request successfully executed.
13-10-2024 21:57:56 - INFO - Sending request to Setting Chmaber Zones to a= 0.17970749999999974, b= 0.20537999999999973, c= 0.2310524999999997, d= 0.25672499999999965 with timeout of 5s...
13-10-2024 21:57:56 - INFO - Setting Chmaber Zones to a= 0.17970749999999974, b= 0.20537999999999973, c= 0.2310524999999997, d= 0.25672499999999965 request successfully sent.
13-10-2024 21:57:56 - INFO - Response from moonraker: {'result': 'ok'}
13-10-2024 21:57:56 - INFO - Setting Chmaber Zones to a= 0.17970749999999974, b= 0.20537999999999973, c= 0.2310524999999997, d= 0.25672499999999965 Request successfully executed.
13-10-2024 21:57:56 - INFO - Sending request to Setting Chmaber Zones to a= 0.17897249999999976, b= 0.20453999999999972, c= 0.2301074999999997, d= 0.25567499999999965 with timeout of 5s...
13-10-2024 21:57:56 - INFO - Setting Chmaber Zones to a= 0.17897249999999976, b= 0.20453999999999972, c= 0.2301074999999997, d= 0.25567499999999965 request successfully sent.
13-10-2024 21:57:56 - INFO - Response from moonraker: {'result': 'ok'}
13-10-2024 21:57:56 - INFO - Setting Chmaber Zones to a= 0.17897249999999976, b= 0.20453999999999972, c= 0.2301074999999997, d= 0.25567499999999965 Request successfully executed.
13-10-2024 21:57:56 - INFO - Sending request to Setting Chmaber Zones to a= 0.1782374999999998, b= 0.20369999999999977, c= 0.22916249999999974, d= 0.2546249999999997 with timeout of 5s...
13-10-2024 21:57:56 - INFO - Setting Chmaber Zones to a= 0.1782374999999998, b= 0.20369999999999977, c= 0.22916249999999974, d= 0.2546249999999997 request successfully sent.
13-10-2024 21:57:56 - INFO - Response from moonraker: {'result': 'ok'}
13-10-2024 21:57:56 - INFO - Setting Chmaber Zones to a= 0.1782374999999998, b= 0.20369999999999977, c= 0.22916249999999974, d= 0.2546249999999997 Request successfully executed.
13-10-2024 21:57:56 - INFO - Sending request to Setting Chmaber Zones to a= 0.18183550000000015, b= 0.20781200000000016, c= 0.23378850000000018, d= 0.2597650000000002 with timeout of 5s...
13-10-2024 21:57:56 - INFO - Setting Chmaber Zones to a= 0.18183550000000015, b= 0.20781200000000016, c= 0.23378850000000018, d= 0.2597650000000002 request successfully sent.
13-10-2024 21:57:56 - INFO - Response from moonraker: {'result': 'ok'}
13-10-2024 21:57:56 - INFO - Setting Chmaber Zones to a= 0.18183550000000015, b= 0.20781200000000016, c= 0.23378850000000018, d= 0.2597650000000002 Request successfully executed.
13-10-2024 21:57:57 - INFO - Sending request to Setting Chmaber Zones to a= 0.18117750000000016, b= 0.20706000000000016, c= 0.23294250000000016, d= 0.2588250000000002 with timeout of 5s...
13-10-2024 21:57:57 - INFO - Setting Chmaber Zones to a= 0.18117750000000016, b= 0.20706000000000016, c= 0.23294250000000016, d= 0.2588250000000002 request successfully sent.
13-10-2024 21:57:57 - INFO - Response from moonraker: {'result': 'ok'}
13-10-2024 21:57:57 - INFO - Setting Chmaber Zones to a= 0.18117750000000016, b= 0.20706000000000016, c= 0.23294250000000016, d= 0.2588250000000002 Request successfully executed.
13-10-2024 21:57:57 - INFO - Sending request to Setting Chmaber Zones to a= 0.18054750000000017, b= 0.2063400000000002, c= 0.23213250000000019, d= 0.25792500000000024 with timeout of 5s...
13-10-2024 21:57:57 - INFO - Setting Chmaber Zones to a= 0.18054750000000017, b= 0.2063400000000002, c= 0.23213250000000019, d= 0.25792500000000024 request successfully sent.
13-10-2024 21:57:57 - INFO - Response from moonraker: {'result': 'ok'}
13-10-2024 21:57:57 - INFO - Setting Chmaber Zones to a= 0.18054750000000017, b= 0.2063400000000002, c= 0.23213250000000019, d= 0.25792500000000024 Request successfully executed.
13-10-2024 21:57:57 - INFO - Sending request to Setting Chmaber Zones to a= 0.18425049999999987, b= 0.21057199999999984, c= 0.23689349999999984, d= 0.2632149999999998 with timeout of 5s...
13-10-2024 21:57:57 - INFO - Setting Chmaber Zones to a= 0.18425049999999987, b= 0.21057199999999984, c= 0.23689349999999984, d= 0.2632149999999998 request successfully sent.
13-10-2024 21:57:57 - INFO - Response from moonraker: {'result': 'ok'}
13-10-2024 21:57:57 - INFO - Setting Chmaber Zones to a= 0.18425049999999987, b= 0.21057199999999984, c= 0.23689349999999984, d= 0.2632149999999998 Request successfully executed.
13-10-2024 21:57:57 - INFO - Sending request to Setting Chmaber Zones to a= 0.18369749999999993, b= 0.20993999999999993, c= 0.23618249999999993, d= 0.2624249999999999 with timeout of 5s...
13-10-2024 21:57:57 - INFO - Setting Chmaber Zones to a= 0.18369749999999993, b= 0.20993999999999993, c= 0.23618249999999993, d= 0.2624249999999999 request successfully sent.
13-10-2024 21:57:57 - INFO - Response from moonraker: {'result': 'ok'}
13-10-2024 21:57:57 - INFO - Setting Chmaber Zones to a= 0.18369749999999993, b= 0.20993999999999993, c= 0.23618249999999993, d= 0.2624249999999999 Request successfully executed.
13-10-2024 21:57:57 - INFO - Sending request to Setting Chmaber Zones to a= 0.1831724999999999, b= 0.20933999999999992, c= 0.2355074999999999, d= 0.2616749999999999 with timeout of 5s...
13-10-2024 21:57:57 - INFO - Setting Chmaber Zones to a= 0.1831724999999999, b= 0.20933999999999992, c= 0.2355074999999999, d= 0.2616749999999999 request successfully sent.
13-10-2024 21:57:57 - INFO - Response from moonraker: {'result': 'ok'}
13-10-2024 21:57:57 - INFO - Setting Chmaber Zones to a= 0.1831724999999999, b= 0.20933999999999992, c= 0.2355074999999999, d= 0.2616749999999999 Request successfully executed.
13-10-2024 21:57:58 - INFO - Sending request to Setting Chmaber Zones to a= 0.18264749999999988, b= 0.20873999999999987, c= 0.2348324999999999, d= 0.26092499999999985 with timeout of 5s...
13-10-2024 21:57:58 - INFO - Setting Chmaber Zones to a= 0.18264749999999988, b= 0.20873999999999987, c= 0.2348324999999999, d= 0.26092499999999985 request successfully sent.
13-10-2024 21:57:58 - INFO - Response from moonraker: {'result': 'ok'}
13-10-2024 21:57:58 - INFO - Setting Chmaber Zones to a= 0.18264749999999988, b= 0.20873999999999987, c= 0.2348324999999999, d= 0.26092499999999985 Request successfully executed.
13-10-2024 21:57:58 - INFO - Sending request to Setting Chmaber Zones to a= 0.17995600000000006, b= 0.2056640000000001, c= 0.23137200000000008, d= 0.2570800000000001 with timeout of 5s...
13-10-2024 21:57:58 - INFO - Setting Chmaber Zones to a= 0.17995600000000006, b= 0.2056640000000001, c= 0.23137200000000008, d= 0.2570800000000001 request successfully sent.
13-10-2024 21:57:58 - INFO - Response from moonraker: {'result': 'ok'}
13-10-2024 21:57:58 - INFO - Setting Chmaber Zones to a= 0.17995600000000006, b= 0.2056640000000001, c= 0.23137200000000008, d= 0.2570800000000001 Request successfully executed.
13-10-2024 21:57:58 - INFO - Sending request to Setting Chmaber Zones to a= 0.1772260000000002, b= 0.20254400000000017, c= 0.22786200000000023, d= 0.25318000000000024 with timeout of 5s...
13-10-2024 21:57:58 - INFO - Setting Chmaber Zones to a= 0.1772260000000002, b= 0.20254400000000017, c= 0.22786200000000023, d= 0.25318000000000024 request successfully sent.
13-10-2024 21:57:58 - INFO - Response from moonraker: {'result': 'ok'}
13-10-2024 21:57:58 - INFO - Setting Chmaber Zones to a= 0.1772260000000002, b= 0.20254400000000017, c= 0.22786200000000023, d= 0.25318000000000024 Request successfully executed.
13-10-2024 21:57:58 - INFO - Sending request to Setting Chmaber Zones to a= 0.17444349999999967, b= 0.19936399999999962, c= 0.22428449999999964, d= 0.24920499999999957 with timeout of 5s...
13-10-2024 21:57:58 - INFO - Setting Chmaber Zones to a= 0.17444349999999967, b= 0.19936399999999962, c= 0.22428449999999964, d= 0.24920499999999957 request successfully sent.
13-10-2024 21:57:58 - INFO - Response from moonraker: {'result': 'ok'}
13-10-2024 21:57:58 - INFO - Setting Chmaber Zones to a= 0.17444349999999967, b= 0.19936399999999962, c= 0.22428449999999964, d= 0.24920499999999957 Request successfully executed.
13-10-2024 21:57:58 - INFO - Sending request to Setting Chmaber Zones to a= 0.16944199999999995, b= 0.19364799999999996, c= 0.21785399999999996, d= 0.24205999999999997 with timeout of 5s...
13-10-2024 21:57:59 - INFO - Setting Chmaber Zones to a= 0.16944199999999995, b= 0.19364799999999996, c= 0.21785399999999996, d= 0.24205999999999997 request successfully sent.
13-10-2024 21:57:59 - INFO - Response from moonraker: {'result': 'ok'}
13-10-2024 21:57:59 - INFO - Setting Chmaber Zones to a= 0.16944199999999995, b= 0.19364799999999996, c= 0.21785399999999996, d= 0.24205999999999997 Request successfully executed.
13-10-2024 21:57:59 - INFO - Sending request to Setting Chmaber Zones to a= 0.16868249999999993, b= 0.19277999999999992, c= 0.21687749999999992, d= 0.24097499999999988 with timeout of 5s...
13-10-2024 21:57:59 - INFO - Setting Chmaber Zones to a= 0.16868249999999993, b= 0.19277999999999992, c= 0.21687749999999992, d= 0.24097499999999988 request successfully sent.
13-10-2024 21:57:59 - INFO - Response from moonraker: {'result': 'ok'}
13-10-2024 21:57:59 - INFO - Setting Chmaber Zones to a= 0.16868249999999993, b= 0.19277999999999992, c= 0.21687749999999992, d= 0.24097499999999988 Request successfully executed.
13-10-2024 21:57:59 - INFO - Sending request to Setting Chmaber Zones to a= 0.16789499999999993, b= 0.1918799999999999, c= 0.2158649999999999, d= 0.2398499999999999 with timeout of 5s...
13-10-2024 21:57:59 - INFO - Setting Chmaber Zones to a= 0.16789499999999993, b= 0.1918799999999999, c= 0.2158649999999999, d= 0.2398499999999999 request successfully sent.
13-10-2024 21:57:59 - INFO - Response from moonraker: {'result': 'ok'}
13-10-2024 21:57:59 - INFO - Setting Chmaber Zones to a= 0.16789499999999993, b= 0.1918799999999999, c= 0.2158649999999999, d= 0.2398499999999999 Request successfully executed.
13-10-2024 21:57:59 - INFO - Sending request to Setting Chmaber Zones to a= 0.10090499999999997, b= 0.11531999999999996, c= 0.12973499999999993, d= 0.14414999999999994 with timeout of 5s...
13-10-2024 21:57:59 - INFO - Setting Chmaber Zones to a= 0.10090499999999997, b= 0.11531999999999996, c= 0.12973499999999993, d= 0.14414999999999994 request successfully sent.
13-10-2024 21:57:59 - INFO - Response from moonraker: {'result': 'ok'}
13-10-2024 21:57:59 - INFO - Setting Chmaber Zones to a= 0.10090499999999997, b= 0.11531999999999996, c= 0.12973499999999993, d= 0.14414999999999994 Request successfully executed.
13-10-2024 21:57:59 - INFO - Sending request to Setting Chmaber Zones to a= 0.10037999999999996, b= 0.11471999999999995, c= 0.12905999999999992, d= 0.14339999999999992 with timeout of 5s...
13-10-2024 21:57:59 - INFO - Setting Chmaber Zones to a= 0.10037999999999996, b= 0.11471999999999995, c= 0.12905999999999992, d= 0.14339999999999992 request successfully sent.
13-10-2024 21:57:59 - INFO - Response from moonraker: {'result': 'ok'}
13-10-2024 21:57:59 - INFO - Setting Chmaber Zones to a= 0.10037999999999996, b= 0.11471999999999995, c= 0.12905999999999992, d= 0.14339999999999992 Request successfully executed.
13-10-2024 21:57:59 - INFO - Sending request to Setting Chmaber Zones to a= 0.10845100000000003, b= 0.12394400000000004, c= 0.13943700000000006, d= 0.15493000000000007 with timeout of 5s...
13-10-2024 21:58:00 - INFO - Setting Chmaber Zones to a= 0.10845100000000003, b= 0.12394400000000004, c= 0.13943700000000006, d= 0.15493000000000007 request successfully sent.
13-10-2024 21:58:00 - INFO - Response from moonraker: {'result': 'ok'}
13-10-2024 21:58:00 - INFO - Setting Chmaber Zones to a= 0.10845100000000003, b= 0.12394400000000004, c= 0.13943700000000006, d= 0.15493000000000007 Request successfully executed.
13-10-2024 21:58:00 - INFO - Sending request to Setting Chmaber Zones to a= 0.10801000000000005, b= 0.12344000000000006, c= 0.13887000000000008, d= 0.15430000000000008 with timeout of 5s...
13-10-2024 21:58:00 - INFO - Setting Chmaber Zones to a= 0.10801000000000005, b= 0.12344000000000006, c= 0.13887000000000008, d= 0.15430000000000008 request successfully sent.
13-10-2024 21:58:00 - INFO - Response from moonraker: {'result': 'ok'}
13-10-2024 21:58:00 - INFO - Setting Chmaber Zones to a= 0.10801000000000005, b= 0.12344000000000006, c= 0.13887000000000008, d= 0.15430000000000008 Request successfully executed.
13-10-2024 21:58:00 - INFO - Sending request to Setting Chmaber Zones to a= 0.10977399999999994, b= 0.12545599999999993, c= 0.1411379999999999, d= 0.1568199999999999 with timeout of 5s...
13-10-2024 21:58:00 - INFO - Setting Chmaber Zones to a= 0.10977399999999994, b= 0.12545599999999993, c= 0.1411379999999999, d= 0.1568199999999999 request successfully sent.
13-10-2024 21:58:00 - INFO - Response from moonraker: {'result': 'ok'}
13-10-2024 21:58:00 - INFO - Setting Chmaber Zones to a= 0.10977399999999994, b= 0.12545599999999993, c= 0.1411379999999999, d= 0.1568199999999999 Request successfully executed.
13-10-2024 21:58:00 - INFO - Sending request to Setting Chmaber Zones to a= 0.11155899999999981, b= 0.1274959999999998, c= 0.14343299999999976, d= 0.15936999999999973 with timeout of 5s...
13-10-2024 21:58:00 - INFO - Setting Chmaber Zones to a= 0.11155899999999981, b= 0.1274959999999998, c= 0.14343299999999976, d= 0.15936999999999973 request successfully sent.
13-10-2024 21:58:00 - INFO - Response from moonraker: {'result': 'ok'}
13-10-2024 21:58:00 - INFO - Setting Chmaber Zones to a= 0.11155899999999981, b= 0.1274959999999998, c= 0.14343299999999976, d= 0.15936999999999973 Request successfully executed.
13-10-2024 21:58:00 - INFO - Sending request to Setting Chmaber Zones to a= 0.11122999999999983, b= 0.12711999999999982, c= 0.14300999999999978, d= 0.15889999999999976 with timeout of 5s...
13-10-2024 21:58:00 - INFO - Setting Chmaber Zones to a= 0.11122999999999983, b= 0.12711999999999982, c= 0.14300999999999978, d= 0.15889999999999976 request successfully sent.
13-10-2024 21:58:00 - INFO - Response from moonraker: {'result': 'ok'}
13-10-2024 21:58:00 - INFO - Setting Chmaber Zones to a= 0.11122999999999983, b= 0.12711999999999982, c= 0.14300999999999978, d= 0.15889999999999976 Request successfully executed.
13-10-2024 21:58:00 - INFO - Sending request to Setting Chmaber Zones to a= 0.11091499999999986, b= 0.12675999999999982, c= 0.14260499999999982, d= 0.15844999999999979 with timeout of 5s...
13-10-2024 21:58:01 - INFO - Setting Chmaber Zones to a= 0.11091499999999986, b= 0.12675999999999982, c= 0.14260499999999982, d= 0.15844999999999979 request successfully sent.
13-10-2024 21:58:01 - INFO - Response from moonraker: {'result': 'ok'}
13-10-2024 21:58:01 - INFO - Setting Chmaber Zones to a= 0.11091499999999986, b= 0.12675999999999982, c= 0.14260499999999982, d= 0.15844999999999979 Request successfully executed.
13-10-2024 21:58:01 - INFO - Sending request to Setting Chmaber Zones to a= 0.11059999999999985, b= 0.12639999999999982, c= 0.1421999999999998, d= 0.15799999999999978 with timeout of 5s...
13-10-2024 21:58:01 - INFO - Setting Chmaber Zones to a= 0.11059999999999985, b= 0.12639999999999982, c= 0.1421999999999998, d= 0.15799999999999978 request successfully sent.
13-10-2024 21:58:01 - INFO - Response from moonraker: {'result': 'ok'}
13-10-2024 21:58:01 - INFO - Setting Chmaber Zones to a= 0.11059999999999985, b= 0.12639999999999982, c= 0.1421999999999998, d= 0.15799999999999978 Request successfully executed.
13-10-2024 21:58:01 - INFO - Sending request to Setting Chmaber Zones to a= 0.11458300000000021, b= 0.13095200000000026, c= 0.14732100000000029, d= 0.1636900000000003 with timeout of 5s...
13-10-2024 21:58:01 - INFO - Setting Chmaber Zones to a= 0.11458300000000021, b= 0.13095200000000026, c= 0.14732100000000029, d= 0.1636900000000003 request successfully sent.
13-10-2024 21:58:01 - INFO - Response from moonraker: {'result': 'ok'}
13-10-2024 21:58:01 - INFO - Setting Chmaber Zones to a= 0.11458300000000021, b= 0.13095200000000026, c= 0.14732100000000029, d= 0.1636900000000003 Request successfully executed.
13-10-2024 21:58:01 - INFO - Sending request to Setting Chmaber Zones to a= 0.11431000000000022, b= 0.13064000000000026, c= 0.14697000000000027, d= 0.1633000000000003 with timeout of 5s...
13-10-2024 21:58:01 - INFO - Setting Chmaber Zones to a= 0.11431000000000022, b= 0.13064000000000026, c= 0.14697000000000027, d= 0.1633000000000003 request successfully sent.
13-10-2024 21:58:01 - INFO - Response from moonraker: {'result': 'ok'}
13-10-2024 21:58:01 - INFO - Setting Chmaber Zones to a= 0.11431000000000022, b= 0.13064000000000026, c= 0.14697000000000027, d= 0.1633000000000003 Request successfully executed.
13-10-2024 21:58:01 - INFO - Sending request to Setting Chmaber Zones to a= 0.11406500000000022, b= 0.13036000000000025, c= 0.14665500000000029, d= 0.1629500000000003 with timeout of 5s...
13-10-2024 21:58:01 - INFO - Setting Chmaber Zones to a= 0.11406500000000022, b= 0.13036000000000025, c= 0.14665500000000029, d= 0.1629500000000003 request successfully sent.
13-10-2024 21:58:01 - INFO - Response from moonraker: {'result': 'ok'}
13-10-2024 21:58:01 - INFO - Setting Chmaber Zones to a= 0.11406500000000022, b= 0.13036000000000025, c= 0.14665500000000029, d= 0.1629500000000003 Request successfully executed.
13-10-2024 21:58:01 - INFO - Sending request to Setting Chmaber Zones to a= 0.1267140000000001, b= 0.14481600000000014, c= 0.16291800000000012, d= 0.18102000000000015 with timeout of 5s...
13-10-2024 21:58:02 - INFO - Setting Chmaber Zones to a= 0.1267140000000001, b= 0.14481600000000014, c= 0.16291800000000012, d= 0.18102000000000015 request successfully sent.
13-10-2024 21:58:02 - INFO - Response from moonraker: {'result': 'ok'}
13-10-2024 21:58:02 - INFO - Setting Chmaber Zones to a= 0.1267140000000001, b= 0.14481600000000014, c= 0.16291800000000012, d= 0.18102000000000015 Request successfully executed.
13-10-2024 21:58:02 - INFO - Sending request to Setting Chmaber Zones to a= 0.13519100000000023, b= 0.15450400000000028, c= 0.1738170000000003, d= 0.19313000000000036 with timeout of 5s...
13-10-2024 21:58:02 - INFO - Setting Chmaber Zones to a= 0.13519100000000023, b= 0.15450400000000028, c= 0.1738170000000003, d= 0.19313000000000036 request successfully sent.
13-10-2024 21:58:02 - INFO - Response from moonraker: {'result': 'ok'}
13-10-2024 21:58:02 - INFO - Setting Chmaber Zones to a= 0.13519100000000023, b= 0.15450400000000028, c= 0.1738170000000003, d= 0.19313000000000036 Request successfully executed.
13-10-2024 21:58:02 - INFO - Sending request to Setting Chmaber Zones to a= 0.14598500000000025, b= 0.16684000000000027, c= 0.18769500000000033, d= 0.20855000000000035 with timeout of 5s...
13-10-2024 21:58:02 - INFO - Setting Chmaber Zones to a= 0.14598500000000025, b= 0.16684000000000027, c= 0.18769500000000033, d= 0.20855000000000035 request successfully sent.
13-10-2024 21:58:02 - INFO - Response from moonraker: {'result': 'ok'}
13-10-2024 21:58:02 - INFO - Setting Chmaber Zones to a= 0.14598500000000025, b= 0.16684000000000027, c= 0.18769500000000033, d= 0.20855000000000035 Request successfully executed.
13-10-2024 21:58:02 - INFO - Sending request to Setting Chmaber Zones to a= 0.150493, b= 0.17199199999999998, c= 0.193491, d= 0.21499 with timeout of 5s...
13-10-2024 21:58:02 - INFO - Setting Chmaber Zones to a= 0.150493, b= 0.17199199999999998, c= 0.193491, d= 0.21499 request successfully sent.
13-10-2024 21:58:02 - INFO - Response from moonraker: {'result': 'ok'}
13-10-2024 21:58:02 - INFO - Setting Chmaber Zones to a= 0.150493, b= 0.17199199999999998, c= 0.193491, d= 0.21499 Request successfully executed.
13-10-2024 21:58:02 - INFO - Sending request to Setting Chmaber Zones to a= 0.15511299999999972, b= 0.17727199999999968, c= 0.19943099999999966, d= 0.22158999999999962 with timeout of 5s...
13-10-2024 21:58:02 - INFO - Setting Chmaber Zones to a= 0.15511299999999972, b= 0.17727199999999968, c= 0.19943099999999966, d= 0.22158999999999962 request successfully sent.
13-10-2024 21:58:02 - INFO - Response from moonraker: {'result': 'ok'}
13-10-2024 21:58:02 - INFO - Setting Chmaber Zones to a= 0.15511299999999972, b= 0.17727199999999968, c= 0.19943099999999966, d= 0.22158999999999962 Request successfully executed.
13-10-2024 21:58:02 - INFO - Sending request to Setting Chmaber Zones to a= 0.15550499999999975, b= 0.1777199999999997, c= 0.19993499999999964, d= 0.2221499999999996 with timeout of 5s...
13-10-2024 21:58:03 - INFO - Setting Chmaber Zones to a= 0.15550499999999975, b= 0.1777199999999997, c= 0.19993499999999964, d= 0.2221499999999996 request successfully sent.
13-10-2024 21:58:03 - INFO - Response from moonraker: {'result': 'ok'}
13-10-2024 21:58:03 - INFO - Setting Chmaber Zones to a= 0.15550499999999975, b= 0.1777199999999997, c= 0.19993499999999964, d= 0.2221499999999996 Request successfully executed.
13-10-2024 21:58:03 - INFO - Sending request to Setting Chmaber Zones to a= 0.16022300000000012, b= 0.18311200000000014, c= 0.20600100000000013, d= 0.22889000000000015 with timeout of 5s...
13-10-2024 21:58:03 - INFO - Setting Chmaber Zones to a= 0.16022300000000012, b= 0.18311200000000014, c= 0.20600100000000013, d= 0.22889000000000015 request successfully sent.
13-10-2024 21:58:03 - INFO - Response from moonraker: {'result': 'ok'}
13-10-2024 21:58:03 - INFO - Setting Chmaber Zones to a= 0.16022300000000012, b= 0.18311200000000014, c= 0.20600100000000013, d= 0.22889000000000015 Request successfully executed.
13-10-2024 21:58:03 - INFO - Sending request to Setting Chmaber Zones to a= 0.16283399999999998, b= 0.18609599999999996, c= 0.20935799999999996, d= 0.23261999999999997 with timeout of 5s...
13-10-2024 21:58:03 - INFO - Setting Chmaber Zones to a= 0.16283399999999998, b= 0.18609599999999996, c= 0.20935799999999996, d= 0.23261999999999997 request successfully sent.
13-10-2024 21:58:03 - INFO - Response from moonraker: {'result': 'ok'}
13-10-2024 21:58:03 - INFO - Setting Chmaber Zones to a= 0.16283399999999998, b= 0.18609599999999996, c= 0.20935799999999996, d= 0.23261999999999997 Request successfully executed.
13-10-2024 21:58:03 - INFO - Sending request to Setting Chmaber Zones to a= 0.1676429999999997, b= 0.19159199999999965, c= 0.21554099999999962, d= 0.2394899999999996 with timeout of 5s...
13-10-2024 21:58:03 - INFO - Setting Chmaber Zones to a= 0.1676429999999997, b= 0.19159199999999965, c= 0.21554099999999962, d= 0.2394899999999996 request successfully sent.
13-10-2024 21:58:03 - INFO - Response from moonraker: {'result': 'ok'}
13-10-2024 21:58:03 - INFO - Setting Chmaber Zones to a= 0.1676429999999997, b= 0.19159199999999965, c= 0.21554099999999962, d= 0.2394899999999996 Request successfully executed.
13-10-2024 21:58:03 - INFO - Sending request to Setting Chmaber Zones to a= 0.16820999999999972, b= 0.1922399999999997, c= 0.21626999999999966, d= 0.24029999999999963 with timeout of 5s...
13-10-2024 21:58:03 - INFO - Setting Chmaber Zones to a= 0.16820999999999972, b= 0.1922399999999997, c= 0.21626999999999966, d= 0.24029999999999963 request successfully sent.
13-10-2024 21:58:03 - INFO - Response from moonraker: {'result': 'ok'}
13-10-2024 21:58:03 - INFO - Setting Chmaber Zones to a= 0.16820999999999972, b= 0.1922399999999997, c= 0.21626999999999966, d= 0.24029999999999963 Request successfully executed.
13-10-2024 21:58:04 - INFO - Sending request to Setting Chmaber Zones to a= 0.16880499999999973, b= 0.1929199999999997, c= 0.21703499999999967, d= 0.24114999999999964 with timeout of 5s...
13-10-2024 21:58:04 - INFO - Setting Chmaber Zones to a= 0.16880499999999973, b= 0.1929199999999997, c= 0.21703499999999967, d= 0.24114999999999964 request successfully sent.
13-10-2024 21:58:04 - INFO - Response from moonraker: {'result': 'ok'}
13-10-2024 21:58:04 - INFO - Setting Chmaber Zones to a= 0.16880499999999973, b= 0.1929199999999997, c= 0.21703499999999967, d= 0.24114999999999964 Request successfully executed.
13-10-2024 21:58:04 - INFO - Sending request to Setting Chmaber Zones to a= 0.16939999999999972, b= 0.19359999999999966, c= 0.21779999999999966, d= 0.2419999999999996 with timeout of 5s...
13-10-2024 21:58:04 - INFO - Setting Chmaber Zones to a= 0.16939999999999972, b= 0.19359999999999966, c= 0.21779999999999966, d= 0.2419999999999996 request successfully sent.
13-10-2024 21:58:04 - INFO - Response from moonraker: {'result': 'ok'}
13-10-2024 21:58:04 - INFO - Setting Chmaber Zones to a= 0.16939999999999972, b= 0.19359999999999966, c= 0.21779999999999966, d= 0.2419999999999996 Request successfully executed.
13-10-2024 21:58:04 - INFO - Sending request to Setting Chmaber Zones to a= 0.16999499999999973, b= 0.19427999999999968, c= 0.21856499999999965, d= 0.24284999999999962 with timeout of 5s...
13-10-2024 21:58:04 - INFO - Setting Chmaber Zones to a= 0.16999499999999973, b= 0.19427999999999968, c= 0.21856499999999965, d= 0.24284999999999962 request successfully sent.
13-10-2024 21:58:04 - INFO - Response from moonraker: {'result': 'ok'}
13-10-2024 21:58:04 - INFO - Setting Chmaber Zones to a= 0.16999499999999973, b= 0.19427999999999968, c= 0.21856499999999965, d= 0.24284999999999962 Request successfully executed.
13-10-2024 21:58:04 - INFO - Sending request to Setting Chmaber Zones to a= 0.16844099999999984, b= 0.19250399999999981, c= 0.2165669999999998, d= 0.2406299999999998 with timeout of 5s...
13-10-2024 21:58:04 - INFO - Setting Chmaber Zones to a= 0.16844099999999984, b= 0.19250399999999981, c= 0.2165669999999998, d= 0.2406299999999998 request successfully sent.
13-10-2024 21:58:04 - INFO - Response from moonraker: {'result': 'ok'}
13-10-2024 21:58:04 - INFO - Setting Chmaber Zones to a= 0.16844099999999984, b= 0.19250399999999981, c= 0.2165669999999998, d= 0.2406299999999998 Request successfully executed.
13-10-2024 21:58:04 - INFO - Sending request to Setting Chmaber Zones to a= 0.16256800000000016, b= 0.1857920000000002, c= 0.20901600000000023, d= 0.23224000000000025 with timeout of 5s...
13-10-2024 21:58:04 - INFO - Setting Chmaber Zones to a= 0.16256800000000016, b= 0.1857920000000002, c= 0.20901600000000023, d= 0.23224000000000025 request successfully sent.
13-10-2024 21:58:04 - INFO - Response from moonraker: {'result': 'ok'}
13-10-2024 21:58:04 - INFO - Setting Chmaber Zones to a= 0.16256800000000016, b= 0.1857920000000002, c= 0.20901600000000023, d= 0.23224000000000025 Request successfully executed.
13-10-2024 21:58:05 - INFO - Sending request to Setting Chmaber Zones to a= 0.025185999999999757, b= 0.02878399999999972, c= 0.03238199999999968, d= 0.03597999999999965 with timeout of 5s...
13-10-2024 21:58:05 - INFO - Setting Chmaber Zones to a= 0.025185999999999757, b= 0.02878399999999972, c= 0.03238199999999968, d= 0.03597999999999965 request successfully sent.
13-10-2024 21:58:05 - INFO - Response from moonraker: {'result': 'ok'}
13-10-2024 21:58:05 - INFO - Setting Chmaber Zones to a= 0.025185999999999757, b= 0.02878399999999972, c= 0.03238199999999968, d= 0.03597999999999965 Request successfully executed.
13-10-2024 21:58:05 - INFO - Sending request to Setting Chmaber Zones to a= 0.02308599999999988, b= 0.026383999999999866, c= 0.029681999999999844, d= 0.03297999999999983 with timeout of 5s...
13-10-2024 21:58:05 - INFO - Setting Chmaber Zones to a= 0.02308599999999988, b= 0.026383999999999866, c= 0.029681999999999844, d= 0.03297999999999983 request successfully sent.
13-10-2024 21:58:05 - INFO - Response from moonraker: {'result': 'ok'}
13-10-2024 21:58:05 - INFO - Setting Chmaber Zones to a= 0.02308599999999988, b= 0.026383999999999866, c= 0.029681999999999844, d= 0.03297999999999983 Request successfully executed.
13-10-2024 21:58:05 - INFO - Sending request to Setting Chmaber Zones to a= 0.01887200000000012, b= 0.02156800000000014, c= 0.024264000000000154, d= 0.02696000000000017 with timeout of 5s...
13-10-2024 21:58:05 - INFO - Setting Chmaber Zones to a= 0.01887200000000012, b= 0.02156800000000014, c= 0.024264000000000154, d= 0.02696000000000017 request successfully sent.
13-10-2024 21:58:05 - INFO - Response from moonraker: {'result': 'ok'}
13-10-2024 21:58:05 - INFO - Setting Chmaber Zones to a= 0.01887200000000012, b= 0.02156800000000014, c= 0.024264000000000154, d= 0.02696000000000017 Request successfully executed.
13-10-2024 21:58:05 - INFO - Sending request to Setting Chmaber Zones to a= 0.01255799999999988, b= 0.014351999999999863, c= 0.016145999999999845, d= 0.017939999999999828 with timeout of 5s...
13-10-2024 21:58:05 - INFO - Setting Chmaber Zones to a= 0.01255799999999988, b= 0.014351999999999863, c= 0.016145999999999845, d= 0.017939999999999828 request successfully sent.
13-10-2024 21:58:05 - INFO - Response from moonraker: {'result': 'ok'}
13-10-2024 21:58:05 - INFO - Setting Chmaber Zones to a= 0.01255799999999988, b= 0.014351999999999863, c= 0.016145999999999845, d= 0.017939999999999828 Request successfully executed.
13-10-2024 21:58:05 - INFO - Sending request to Setting Chmaber Zones to a= 0.006258000000000241, b= 0.007152000000000276, c= 0.00804600000000031, d= 0.008940000000000345 with timeout of 5s...
13-10-2024 21:58:05 - INFO - Setting Chmaber Zones to a= 0.006258000000000241, b= 0.007152000000000276, c= 0.00804600000000031, d= 0.008940000000000345 request successfully sent.
13-10-2024 21:58:05 - INFO - Response from moonraker: {'result': 'ok'}
13-10-2024 21:58:05 - INFO - Setting Chmaber Zones to a= 0.006258000000000241, b= 0.007152000000000276, c= 0.00804600000000031, d= 0.008940000000000345 Request successfully executed.
13-10-2024 21:58:06 - INFO - Sending request to Setting Chmaber Zones to a= 0.17052000000000017, b= 0.19488000000000022, c= 0.21924000000000024, d= 0.2436000000000003 with timeout of 5s...
13-10-2024 21:58:06 - INFO - Setting Chmaber Zones to a= 0.17052000000000017, b= 0.19488000000000022, c= 0.21924000000000024, d= 0.2436000000000003 request successfully sent.
13-10-2024 21:58:06 - INFO - Response from moonraker: {'result': 'ok'}
13-10-2024 21:58:06 - INFO - Setting Chmaber Zones to a= 0.17052000000000017, b= 0.19488000000000022, c= 0.21924000000000024, d= 0.2436000000000003 Request successfully executed.
13-10-2024 21:58:06 - INFO - Sending request to Setting Chmaber Zones to a= 0.17064600000000016, b= 0.1950240000000002, c= 0.2194020000000002, d= 0.24378000000000025 with timeout of 5s...
13-10-2024 21:58:06 - INFO - Setting Chmaber Zones to a= 0.17064600000000016, b= 0.1950240000000002, c= 0.2194020000000002, d= 0.24378000000000025 request successfully sent.
13-10-2024 21:58:06 - INFO - Response from moonraker: {'result': 'ok'}
13-10-2024 21:58:06 - INFO - Setting Chmaber Zones to a= 0.17064600000000016, b= 0.1950240000000002, c= 0.2194020000000002, d= 0.24378000000000025 Request successfully executed.
13-10-2024 21:58:06 - INFO - Sending request to Setting Chmaber Zones to a= 0.1707720000000002, b= 0.1951680000000002, c= 0.21956400000000023, d= 0.24396000000000026 with timeout of 5s...
13-10-2024 21:58:06 - INFO - Setting Chmaber Zones to a= 0.1707720000000002, b= 0.1951680000000002, c= 0.21956400000000023, d= 0.24396000000000026 request successfully sent.
13-10-2024 21:58:06 - INFO - Response from moonraker: {'result': 'ok'}
13-10-2024 21:58:06 - INFO - Setting Chmaber Zones to a= 0.1707720000000002, b= 0.1951680000000002, c= 0.21956400000000023, d= 0.24396000000000026 Request successfully executed.
13-10-2024 21:58:06 - INFO - Sending request to Setting Chmaber Zones to a= 0.18167800000000017, b= 0.20763200000000023, c= 0.23358600000000024, d= 0.25954000000000027 with timeout of 5s...
13-10-2024 21:58:06 - INFO - Setting Chmaber Zones to a= 0.18167800000000017, b= 0.20763200000000023, c= 0.23358600000000024, d= 0.25954000000000027 request successfully sent.
13-10-2024 21:58:06 - INFO - Response from moonraker: {'result': 'ok'}
13-10-2024 21:58:06 - INFO - Setting Chmaber Zones to a= 0.18167800000000017, b= 0.20763200000000023, c= 0.23358600000000024, d= 0.25954000000000027 Request successfully executed.
13-10-2024 21:58:06 - INFO - Sending request to Setting Chmaber Zones to a= 0.18841199999999983, b= 0.2153279999999998, c= 0.24224399999999974, d= 0.26915999999999973 with timeout of 5s...
13-10-2024 21:58:06 - INFO - Setting Chmaber Zones to a= 0.18841199999999983, b= 0.2153279999999998, c= 0.24224399999999974, d= 0.26915999999999973 request successfully sent.
13-10-2024 21:58:06 - INFO - Response from moonraker: {'result': 'ok'}
13-10-2024 21:58:06 - INFO - Setting Chmaber Zones to a= 0.18841199999999983, b= 0.2153279999999998, c= 0.24224399999999974, d= 0.26915999999999973 Request successfully executed.
13-10-2024 21:58:07 - INFO - Sending request to Setting Chmaber Zones to a= 0.20608000000000004, b= 0.23552000000000003, c= 0.2649600000000001, d= 0.29440000000000005 with timeout of 5s...
13-10-2024 21:58:07 - INFO - Setting Chmaber Zones to a= 0.20608000000000004, b= 0.23552000000000003, c= 0.2649600000000001, d= 0.29440000000000005 request successfully sent.
13-10-2024 21:58:07 - INFO - Response from moonraker: {'result': 'ok'}
13-10-2024 21:58:07 - INFO - Setting Chmaber Zones to a= 0.20608000000000004, b= 0.23552000000000003, c= 0.2649600000000001, d= 0.29440000000000005 Request successfully executed.
13-10-2024 21:58:07 - INFO - Sending request to Setting Chmaber Zones to a= 0.21754600000000004, b= 0.24862400000000004, c= 0.27970200000000006, d= 0.31078000000000006 with timeout of 5s...
13-10-2024 21:58:07 - INFO - Setting Chmaber Zones to a= 0.21754600000000004, b= 0.24862400000000004, c= 0.27970200000000006, d= 0.31078000000000006 request successfully sent.
13-10-2024 21:58:07 - INFO - Response from moonraker: {'result': 'ok'}
13-10-2024 21:58:07 - INFO - Setting Chmaber Zones to a= 0.21754600000000004, b= 0.24862400000000004, c= 0.27970200000000006, d= 0.31078000000000006 Request successfully executed.
13-10-2024 21:58:07 - INFO - Sending request to Setting Chmaber Zones to a= 0.23141999999999993, b= 0.26447999999999994, c= 0.2975399999999999, d= 0.3305999999999999 with timeout of 5s...
13-10-2024 21:58:07 - INFO - Setting Chmaber Zones to a= 0.23141999999999993, b= 0.26447999999999994, c= 0.2975399999999999, d= 0.3305999999999999 request successfully sent.
13-10-2024 21:58:07 - INFO - Response from moonraker: {'result': 'ok'}
13-10-2024 21:58:07 - INFO - Setting Chmaber Zones to a= 0.23141999999999993, b= 0.26447999999999994, c= 0.2975399999999999, d= 0.3305999999999999 Request successfully executed.
13-10-2024 21:58:07 - INFO - Sending request to Setting Chmaber Zones to a= 0.23259599999999991, b= 0.26582399999999995, c= 0.29905199999999993, d= 0.33227999999999996 with timeout of 5s...
13-10-2024 21:58:07 - INFO - Setting Chmaber Zones to a= 0.23259599999999991, b= 0.26582399999999995, c= 0.29905199999999993, d= 0.33227999999999996 request successfully sent.
13-10-2024 21:58:07 - INFO - Response from moonraker: {'result': 'ok'}
13-10-2024 21:58:07 - INFO - Setting Chmaber Zones to a= 0.23259599999999991, b= 0.26582399999999995, c= 0.29905199999999993, d= 0.33227999999999996 Request successfully executed.
13-10-2024 21:58:07 - INFO - Sending request to Setting Chmaber Zones to a= 0.23816799999999969, b= 0.27219199999999966, c= 0.3062159999999996, d= 0.3402399999999995 with timeout of 5s...
13-10-2024 21:58:07 - INFO - Setting Chmaber Zones to a= 0.23816799999999969, b= 0.27219199999999966, c= 0.3062159999999996, d= 0.3402399999999995 request successfully sent.
13-10-2024 21:58:07 - INFO - Response from moonraker: {'result': 'ok'}
13-10-2024 21:58:07 - INFO - Setting Chmaber Zones to a= 0.23816799999999969, b= 0.27219199999999966, c= 0.3062159999999996, d= 0.3402399999999995 Request successfully executed.
13-10-2024 21:58:08 - INFO - Sending request to Setting Chmaber Zones to a= 0.23948399999999967, b= 0.2736959999999996, c= 0.30790799999999957, d= 0.34211999999999954 with timeout of 5s...
13-10-2024 21:58:08 - INFO - Setting Chmaber Zones to a= 0.23948399999999967, b= 0.2736959999999996, c= 0.30790799999999957, d= 0.34211999999999954 request successfully sent.
13-10-2024 21:58:08 - INFO - Response from moonraker: {'result': 'ok'}
13-10-2024 21:58:08 - INFO - Setting Chmaber Zones to a= 0.23948399999999967, b= 0.2736959999999996, c= 0.30790799999999957, d= 0.34211999999999954 Request successfully executed.
13-10-2024 21:58:08 - INFO - Sending request to Setting Chmaber Zones to a= 0.23651599999999995, b= 0.27030399999999993, c= 0.3040919999999999, d= 0.3378799999999999 with timeout of 5s...
13-10-2024 21:58:08 - INFO - Setting Chmaber Zones to a= 0.23651599999999995, b= 0.27030399999999993, c= 0.3040919999999999, d= 0.3378799999999999 request successfully sent.
13-10-2024 21:58:08 - INFO - Response from moonraker: {'result': 'ok'}
13-10-2024 21:58:08 - INFO - Setting Chmaber Zones to a= 0.23651599999999995, b= 0.27030399999999993, c= 0.3040919999999999, d= 0.3378799999999999 Request successfully executed.
13-10-2024 21:58:08 - INFO - Sending request to Setting Chmaber Zones to a= 0.23133599999999965, b= 0.26438399999999956, c= 0.29743199999999953, d= 0.3304799999999995 with timeout of 5s...
13-10-2024 21:58:08 - INFO - Setting Chmaber Zones to a= 0.23133599999999965, b= 0.26438399999999956, c= 0.29743199999999953, d= 0.3304799999999995 request successfully sent.
13-10-2024 21:58:08 - INFO - Response from moonraker: {'result': 'ok'}
13-10-2024 21:58:08 - INFO - Setting Chmaber Zones to a= 0.23133599999999965, b= 0.26438399999999956, c= 0.29743199999999953, d= 0.3304799999999995 Request successfully executed.
13-10-2024 21:58:08 - INFO - Sending request to Setting Chmaber Zones to a= 0.22604400000000002, b= 0.25833600000000007, c= 0.29062800000000005, d= 0.32292000000000004 with timeout of 5s...
13-10-2024 21:58:08 - INFO - Setting Chmaber Zones to a= 0.22604400000000002, b= 0.25833600000000007, c= 0.29062800000000005, d= 0.32292000000000004 request successfully sent.
13-10-2024 21:58:08 - INFO - Response from moonraker: {'result': 'ok'}
13-10-2024 21:58:08 - INFO - Setting Chmaber Zones to a= 0.22604400000000002, b= 0.25833600000000007, c= 0.29062800000000005, d= 0.32292000000000004 Request successfully executed.
13-10-2024 21:58:08 - INFO - Sending request to Setting Chmaber Zones to a= 0.22062599999999982, b= 0.2521439999999998, c= 0.2836619999999998, d= 0.31517999999999974 with timeout of 5s...
13-10-2024 21:58:08 - INFO - Setting Chmaber Zones to a= 0.22062599999999982, b= 0.2521439999999998, c= 0.2836619999999998, d= 0.31517999999999974 request successfully sent.
13-10-2024 21:58:08 - INFO - Response from moonraker: {'result': 'ok'}
13-10-2024 21:58:08 - INFO - Setting Chmaber Zones to a= 0.22062599999999982, b= 0.2521439999999998, c= 0.2836619999999998, d= 0.31517999999999974 Request successfully executed.
13-10-2024 21:58:09 - INFO - Sending request to Setting Chmaber Zones to a= 0.21508200000000013, b= 0.24580800000000017, c= 0.27653400000000017, d= 0.3072600000000002 with timeout of 5s...
13-10-2024 21:58:09 - INFO - Setting Chmaber Zones to a= 0.21508200000000013, b= 0.24580800000000017, c= 0.27653400000000017, d= 0.3072600000000002 request successfully sent.
13-10-2024 21:58:09 - INFO - Response from moonraker: {'result': 'ok'}
13-10-2024 21:58:09 - INFO - Setting Chmaber Zones to a= 0.21508200000000013, b= 0.24580800000000017, c= 0.27653400000000017, d= 0.3072600000000002 Request successfully executed.
13-10-2024 21:58:09 - INFO - Sending request to Setting Chmaber Zones to a= 0.19000799999999982, b= 0.2171519999999998, c= 0.24429599999999976, d= 0.27143999999999974 with timeout of 5s...
13-10-2024 21:58:09 - INFO - Setting Chmaber Zones to a= 0.19000799999999982, b= 0.2171519999999998, c= 0.24429599999999976, d= 0.27143999999999974 request successfully sent.
13-10-2024 21:58:09 - INFO - Response from moonraker: {'result': 'ok'}
13-10-2024 21:58:09 - INFO - Setting Chmaber Zones to a= 0.19000799999999982, b= 0.2171519999999998, c= 0.24429599999999976, d= 0.27143999999999974 Request successfully executed.
13-10-2024 21:58:09 - INFO - Sending request to Setting Chmaber Zones to a= 0.18396000000000015, b= 0.21024000000000015, c= 0.23652000000000017, d= 0.2628000000000002 with timeout of 5s...
13-10-2024 21:58:09 - INFO - Setting Chmaber Zones to a= 0.18396000000000015, b= 0.21024000000000015, c= 0.23652000000000017, d= 0.2628000000000002 request successfully sent.
13-10-2024 21:58:09 - INFO - Response from moonraker: {'result': 'ok'}
13-10-2024 21:58:09 - INFO - Setting Chmaber Zones to a= 0.18396000000000015, b= 0.21024000000000015, c= 0.23652000000000017, d= 0.2628000000000002 Request successfully executed.
13-10-2024 21:58:09 - INFO - Sending request to Setting Chmaber Zones to a= 0.17119199999999968, b= 0.19564799999999963, c= 0.2201039999999996, d= 0.24455999999999956 with timeout of 5s...
13-10-2024 21:58:09 - INFO - Setting Chmaber Zones to a= 0.17119199999999968, b= 0.19564799999999963, c= 0.2201039999999996, d= 0.24455999999999956 request successfully sent.
13-10-2024 21:58:09 - INFO - Response from moonraker: {'result': 'ok'}
13-10-2024 21:58:09 - INFO - Setting Chmaber Zones to a= 0.17119199999999968, b= 0.19564799999999963, c= 0.2201039999999996, d= 0.24455999999999956 Request successfully executed.
13-10-2024 21:58:09 - INFO - Sending request to Setting Chmaber Zones to a= 0.16252600000000014, b= 0.1857440000000002, c= 0.20896200000000018, d= 0.23218000000000022 with timeout of 5s...
13-10-2024 21:58:09 - INFO - Setting Chmaber Zones to a= 0.16252600000000014, b= 0.1857440000000002, c= 0.20896200000000018, d= 0.23218000000000022 request successfully sent.
13-10-2024 21:58:09 - INFO - Response from moonraker: {'result': 'ok'}
13-10-2024 21:58:09 - INFO - Setting Chmaber Zones to a= 0.16252600000000014, b= 0.1857440000000002, c= 0.20896200000000018, d= 0.23218000000000022 Request successfully executed.
13-10-2024 21:58:10 - INFO - Sending request to Setting Chmaber Zones to a= 0.15581999999999993, b= 0.1780799999999999, c= 0.20033999999999988, d= 0.22259999999999988 with timeout of 5s...
13-10-2024 21:58:10 - INFO - Setting Chmaber Zones to a= 0.15581999999999993, b= 0.1780799999999999, c= 0.20033999999999988, d= 0.22259999999999988 request successfully sent.
13-10-2024 21:58:10 - INFO - Response from moonraker: {'result': 'ok'}
13-10-2024 21:58:10 - INFO - Setting Chmaber Zones to a= 0.15581999999999993, b= 0.1780799999999999, c= 0.20033999999999988, d= 0.22259999999999988 Request successfully executed.
13-10-2024 21:58:10 - INFO - Sending request to Setting Chmaber Zones to a= 0.13603799999999977, b= 0.15547199999999975, c= 0.17490599999999973, d= 0.19433999999999968 with timeout of 5s...
13-10-2024 21:58:10 - INFO - Setting Chmaber Zones to a= 0.13603799999999977, b= 0.15547199999999975, c= 0.17490599999999973, d= 0.19433999999999968 request successfully sent.
13-10-2024 21:58:10 - INFO - Response from moonraker: {'result': 'ok'}
13-10-2024 21:58:10 - INFO - Setting Chmaber Zones to a= 0.13603799999999977, b= 0.15547199999999975, c= 0.17490599999999973, d= 0.19433999999999968 Request successfully executed.
13-10-2024 21:58:10 - INFO - Sending request to Setting Chmaber Zones to a= 0.1353659999999998, b= 0.15470399999999976, c= 0.17404199999999975, d= 0.19337999999999972 with timeout of 5s...
13-10-2024 21:58:10 - INFO - Setting Chmaber Zones to a= 0.1353659999999998, b= 0.15470399999999976, c= 0.17404199999999975, d= 0.19337999999999972 request successfully sent.
13-10-2024 21:58:10 - INFO - Response from moonraker: {'result': 'ok'}
13-10-2024 21:58:10 - INFO - Setting Chmaber Zones to a= 0.1353659999999998, b= 0.15470399999999976, c= 0.17404199999999975, d= 0.19337999999999972 Request successfully executed.
13-10-2024 21:58:10 - INFO - Sending request to Setting Chmaber Zones to a= 0.13456799999999983, b= 0.1537919999999998, c= 0.17301599999999975, d= 0.19223999999999974 with timeout of 5s...
13-10-2024 21:58:10 - INFO - Setting Chmaber Zones to a= 0.13456799999999983, b= 0.1537919999999998, c= 0.17301599999999975, d= 0.19223999999999974 request successfully sent.
13-10-2024 21:58:10 - INFO - Response from moonraker: {'result': 'ok'}
13-10-2024 21:58:10 - INFO - Setting Chmaber Zones to a= 0.13456799999999983, b= 0.1537919999999998, c= 0.17301599999999975, d= 0.19223999999999974 Request successfully executed.
13-10-2024 21:58:10 - INFO - Sending request to Setting Chmaber Zones to a= 0.12945800000000005, b= 0.14795200000000006, c= 0.16644600000000007, d= 0.18494000000000008 with timeout of 5s...
13-10-2024 21:58:10 - INFO - Setting Chmaber Zones to a= 0.12945800000000005, b= 0.14795200000000006, c= 0.16644600000000007, d= 0.18494000000000008 request successfully sent.
13-10-2024 21:58:10 - INFO - Response from moonraker: {'result': 'ok'}
13-10-2024 21:58:10 - INFO - Setting Chmaber Zones to a= 0.12945800000000005, b= 0.14795200000000006, c= 0.16644600000000007, d= 0.18494000000000008 Request successfully executed.
13-10-2024 21:58:11 - INFO - Sending request to Setting Chmaber Zones to a= 0.12429199999999967, b= 0.14204799999999962, c= 0.15980399999999956, d= 0.17755999999999955 with timeout of 5s...
13-10-2024 21:58:11 - INFO - Setting Chmaber Zones to a= 0.12429199999999967, b= 0.14204799999999962, c= 0.15980399999999956, d= 0.17755999999999955 request successfully sent.
13-10-2024 21:58:11 - INFO - Response from moonraker: {'result': 'ok'}
13-10-2024 21:58:11 - INFO - Setting Chmaber Zones to a= 0.12429199999999967, b= 0.14204799999999962, c= 0.15980399999999956, d= 0.17755999999999955 Request successfully executed.
13-10-2024 21:58:11 - INFO - Sending request to Setting Chmaber Zones to a= 0.11904199999999993, b= 0.1360479999999999, c= 0.15305399999999988, d= 0.17005999999999985 with timeout of 5s...
13-10-2024 21:58:11 - INFO - Setting Chmaber Zones to a= 0.11904199999999993, b= 0.1360479999999999, c= 0.15305399999999988, d= 0.17005999999999985 request successfully sent.
13-10-2024 21:58:11 - INFO - Response from moonraker: {'result': 'ok'}
13-10-2024 21:58:11 - INFO - Setting Chmaber Zones to a= 0.11904199999999993, b= 0.1360479999999999, c= 0.15305399999999988, d= 0.17005999999999985 Request successfully executed.
13-10-2024 21:58:11 - INFO - Sending request to Setting Chmaber Zones to a= 0.1180199999999999, b= 0.1348799999999999, c= 0.15173999999999987, d= 0.16859999999999986 with timeout of 5s...
13-10-2024 21:58:11 - INFO - Setting Chmaber Zones to a= 0.1180199999999999, b= 0.1348799999999999, c= 0.15173999999999987, d= 0.16859999999999986 request successfully sent.
13-10-2024 21:58:11 - INFO - Response from moonraker: {'result': 'ok'}
13-10-2024 21:58:11 - INFO - Setting Chmaber Zones to a= 0.1180199999999999, b= 0.1348799999999999, c= 0.15173999999999987, d= 0.16859999999999986 Request successfully executed.
13-10-2024 21:58:11 - INFO - Sending request to Setting Chmaber Zones to a= 0.11912599999999979, b= 0.13614399999999974, c= 0.15316199999999972, d= 0.1701799999999997 with timeout of 5s...
13-10-2024 21:58:11 - INFO - Setting Chmaber Zones to a= 0.11912599999999979, b= 0.13614399999999974, c= 0.15316199999999972, d= 0.1701799999999997 request successfully sent.
13-10-2024 21:58:11 - INFO - Response from moonraker: {'result': 'ok'}
13-10-2024 21:58:11 - INFO - Setting Chmaber Zones to a= 0.11912599999999979, b= 0.13614399999999974, c= 0.15316199999999972, d= 0.1701799999999997 Request successfully executed.
13-10-2024 21:58:11 - INFO - Sending request to Setting Chmaber Zones to a= 0.12025999999999966, b= 0.13743999999999962, c= 0.15461999999999956, d= 0.1717999999999995 with timeout of 5s...
13-10-2024 21:58:11 - INFO - Setting Chmaber Zones to a= 0.12025999999999966, b= 0.13743999999999962, c= 0.15461999999999956, d= 0.1717999999999995 request successfully sent.
13-10-2024 21:58:11 - INFO - Response from moonraker: {'result': 'ok'}
13-10-2024 21:58:11 - INFO - Setting Chmaber Zones to a= 0.12025999999999966, b= 0.13743999999999962, c= 0.15461999999999956, d= 0.1717999999999995 Request successfully executed.
13-10-2024 21:58:12 - INFO - Sending request to Setting Chmaber Zones to a= 0.11927999999999965, b= 0.13631999999999958, c= 0.15335999999999955, d= 0.1703999999999995 with timeout of 5s...
13-10-2024 21:58:12 - INFO - Setting Chmaber Zones to a= 0.11927999999999965, b= 0.13631999999999958, c= 0.15335999999999955, d= 0.1703999999999995 request successfully sent.
13-10-2024 21:58:12 - INFO - Response from moonraker: {'result': 'ok'}
13-10-2024 21:58:12 - INFO - Setting Chmaber Zones to a= 0.11927999999999965, b= 0.13631999999999958, c= 0.15335999999999955, d= 0.1703999999999995 Request successfully executed.
13-10-2024 21:58:12 - INFO - Sending request to Setting Chmaber Zones to a= 0.12693799999999977, b= 0.14507199999999976, c= 0.16320599999999974, d= 0.1813399999999997 with timeout of 5s...
13-10-2024 21:58:12 - INFO - Setting Chmaber Zones to a= 0.12693799999999977, b= 0.14507199999999976, c= 0.16320599999999974, d= 0.1813399999999997 request successfully sent.
13-10-2024 21:58:12 - INFO - Response from moonraker: {'result': 'ok'}
13-10-2024 21:58:12 - INFO - Setting Chmaber Zones to a= 0.12693799999999977, b= 0.14507199999999976, c= 0.16320599999999974, d= 0.1813399999999997 Request successfully executed.
13-10-2024 21:58:12 - INFO - Sending request to Setting Chmaber Zones to a= 0.13039600000000015, b= 0.14902400000000018, c= 0.16765200000000022, d= 0.18628000000000022 with timeout of 5s...
13-10-2024 21:58:12 - INFO - Setting Chmaber Zones to a= 0.13039600000000015, b= 0.14902400000000018, c= 0.16765200000000022, d= 0.18628000000000022 request successfully sent.
13-10-2024 21:58:12 - INFO - Response from moonraker: {'result': 'ok'}
13-10-2024 21:58:12 - INFO - Setting Chmaber Zones to a= 0.13039600000000015, b= 0.14902400000000018, c= 0.16765200000000022, d= 0.18628000000000022 Request successfully executed.
13-10-2024 21:58:12 - INFO - Sending request to Setting Chmaber Zones to a= 0.13181000000000004, b= 0.15064000000000002, c= 0.16947000000000007, d= 0.18830000000000005 with timeout of 5s...
13-10-2024 21:58:12 - INFO - Setting Chmaber Zones to a= 0.13181000000000004, b= 0.15064000000000002, c= 0.16947000000000007, d= 0.18830000000000005 request successfully sent.
13-10-2024 21:58:12 - INFO - Response from moonraker: {'result': 'ok'}
13-10-2024 21:58:12 - INFO - Setting Chmaber Zones to a= 0.13181000000000004, b= 0.15064000000000002, c= 0.16947000000000007, d= 0.18830000000000005 Request successfully executed.
13-10-2024 21:58:12 - INFO - Sending request to Setting Chmaber Zones to a= 0.1354359999999998, b= 0.15478399999999976, c= 0.17413199999999976, d= 0.1934799999999997 with timeout of 5s...
13-10-2024 21:58:12 - INFO - Setting Chmaber Zones to a= 0.1354359999999998, b= 0.15478399999999976, c= 0.17413199999999976, d= 0.1934799999999997 request successfully sent.
13-10-2024 21:58:12 - INFO - Response from moonraker: {'result': 'ok'}
13-10-2024 21:58:12 - INFO - Setting Chmaber Zones to a= 0.1354359999999998, b= 0.15478399999999976, c= 0.17413199999999976, d= 0.1934799999999997 Request successfully executed.
13-10-2024 21:58:13 - INFO - Sending request to Setting Chmaber Zones to a= 0.13913200000000017, b= 0.1590080000000002, c= 0.1788840000000002, d= 0.19876000000000021 with timeout of 5s...
13-10-2024 21:58:13 - INFO - Setting Chmaber Zones to a= 0.13913200000000017, b= 0.1590080000000002, c= 0.1788840000000002, d= 0.19876000000000021 request successfully sent.
13-10-2024 21:58:13 - INFO - Response from moonraker: {'result': 'ok'}
13-10-2024 21:58:13 - INFO - Setting Chmaber Zones to a= 0.13913200000000017, b= 0.1590080000000002, c= 0.1788840000000002, d= 0.19876000000000021 Request successfully executed.
13-10-2024 21:58:13 - INFO - Sending request to Setting Chmaber Zones to a= 0.14075600000000008, b= 0.1608640000000001, c= 0.18097200000000008, d= 0.20108000000000006 with timeout of 5s...
13-10-2024 21:58:13 - INFO - Setting Chmaber Zones to a= 0.14075600000000008, b= 0.1608640000000001, c= 0.18097200000000008, d= 0.20108000000000006 request successfully sent.
13-10-2024 21:58:13 - INFO - Response from moonraker: {'result': 'ok'}
13-10-2024 21:58:13 - INFO - Setting Chmaber Zones to a= 0.14075600000000008, b= 0.1608640000000001, c= 0.18097200000000008, d= 0.20108000000000006 Request successfully executed.
13-10-2024 21:58:13 - INFO - Sending request to Setting Chmaber Zones to a= 0.14674799999999974, b= 0.1677119999999997, c= 0.18867599999999965, d= 0.2096399999999996 with timeout of 5s...
13-10-2024 21:58:13 - INFO - Setting Chmaber Zones to a= 0.14674799999999974, b= 0.1677119999999997, c= 0.18867599999999965, d= 0.2096399999999996 request successfully sent.
13-10-2024 21:58:13 - INFO - Response from moonraker: {'result': 'ok'}
13-10-2024 21:58:13 - INFO - Setting Chmaber Zones to a= 0.14674799999999974, b= 0.1677119999999997, c= 0.18867599999999965, d= 0.2096399999999996 Request successfully executed.
13-10-2024 21:58:13 - INFO - Sending request to Setting Chmaber Zones to a= 0.1506820000000001, b= 0.1722080000000001, c= 0.1937340000000001, d= 0.21526000000000012 with timeout of 5s...
13-10-2024 21:58:13 - INFO - Setting Chmaber Zones to a= 0.1506820000000001, b= 0.1722080000000001, c= 0.1937340000000001, d= 0.21526000000000012 request successfully sent.
13-10-2024 21:58:13 - INFO - Response from moonraker: {'result': 'ok'}
13-10-2024 21:58:13 - INFO - Setting Chmaber Zones to a= 0.1506820000000001, b= 0.1722080000000001, c= 0.1937340000000001, d= 0.21526000000000012 Request successfully executed.
13-10-2024 21:58:13 - INFO - Sending request to Setting Chmaber Zones to a= 0.15471399999999985, b= 0.1768159999999998, c= 0.1989179999999998, d= 0.22101999999999974 with timeout of 5s...
13-10-2024 21:58:13 - INFO - Setting Chmaber Zones to a= 0.15471399999999985, b= 0.1768159999999998, c= 0.1989179999999998, d= 0.22101999999999974 request successfully sent.
13-10-2024 21:58:13 - INFO - Response from moonraker: {'result': 'ok'}
13-10-2024 21:58:13 - INFO - Setting Chmaber Zones to a= 0.15471399999999985, b= 0.1768159999999998, c= 0.1989179999999998, d= 0.22101999999999974 Request successfully executed.
13-10-2024 21:58:14 - INFO - Sending request to Setting Chmaber Zones to a= 0.15451799999999985, b= 0.17659199999999983, c= 0.19866599999999981, d= 0.2207399999999998 with timeout of 5s...
13-10-2024 21:58:14 - INFO - Setting Chmaber Zones to a= 0.15451799999999985, b= 0.17659199999999983, c= 0.19866599999999981, d= 0.2207399999999998 request successfully sent.
13-10-2024 21:58:14 - INFO - Response from moonraker: {'result': 'ok'}
13-10-2024 21:58:14 - INFO - Setting Chmaber Zones to a= 0.15451799999999985, b= 0.17659199999999983, c= 0.19866599999999981, d= 0.2207399999999998 Request successfully executed.
13-10-2024 21:58:14 - INFO - Sending request to Setting Chmaber Zones to a= 0.15866200000000025, b= 0.18132800000000027, c= 0.2039940000000003, d= 0.22666000000000033 with timeout of 5s...
13-10-2024 21:58:14 - INFO - Setting Chmaber Zones to a= 0.15866200000000025, b= 0.18132800000000027, c= 0.2039940000000003, d= 0.22666000000000033 request successfully sent.
13-10-2024 21:58:14 - INFO - Response from moonraker: {'result': 'ok'}
13-10-2024 21:58:14 - INFO - Setting Chmaber Zones to a= 0.15866200000000025, b= 0.18132800000000027, c= 0.2039940000000003, d= 0.22666000000000033 Request successfully executed.
13-10-2024 21:58:14 - INFO - Sending request to Setting Chmaber Zones to a= 0.15855000000000022, b= 0.18120000000000025, c= 0.20385000000000025, d= 0.2265000000000003 with timeout of 5s...
13-10-2024 21:58:14 - INFO - Setting Chmaber Zones to a= 0.15855000000000022, b= 0.18120000000000025, c= 0.20385000000000025, d= 0.2265000000000003 request successfully sent.
13-10-2024 21:58:14 - INFO - Response from moonraker: {'result': 'ok'}
13-10-2024 21:58:14 - INFO - Setting Chmaber Zones to a= 0.15855000000000022, b= 0.18120000000000025, c= 0.20385000000000025, d= 0.2265000000000003 Request successfully executed.
13-10-2024 21:58:14 - INFO - Sending request to Setting Chmaber Zones to a= 0.15846600000000022, b= 0.18110400000000024, c= 0.20374200000000026, d= 0.2263800000000003 with timeout of 5s...
13-10-2024 21:58:14 - INFO - Setting Chmaber Zones to a= 0.15846600000000022, b= 0.18110400000000024, c= 0.20374200000000026, d= 0.2263800000000003 request successfully sent.
13-10-2024 21:58:14 - INFO - Response from moonraker: {'result': 'ok'}
13-10-2024 21:58:14 - INFO - Setting Chmaber Zones to a= 0.15846600000000022, b= 0.18110400000000024, c= 0.20374200000000026, d= 0.2263800000000003 Request successfully executed.
13-10-2024 21:58:14 - INFO - Sending request to Setting Chmaber Zones to a= 0.15838200000000024, b= 0.18100800000000028, c= 0.20363400000000031, d= 0.22626000000000032 with timeout of 5s...
13-10-2024 21:58:14 - INFO - Setting Chmaber Zones to a= 0.15838200000000024, b= 0.18100800000000028, c= 0.20363400000000031, d= 0.22626000000000032 request successfully sent.
13-10-2024 21:58:14 - INFO - Response from moonraker: {'result': 'ok'}
13-10-2024 21:58:14 - INFO - Setting Chmaber Zones to a= 0.15838200000000024, b= 0.18100800000000028, c= 0.20363400000000031, d= 0.22626000000000032 Request successfully executed.
13-10-2024 21:58:15 - INFO - Sending request to Setting Chmaber Zones to a= 0.15829800000000024, b= 0.1809120000000003, c= 0.20352600000000032, d= 0.22614000000000034 with timeout of 5s...
13-10-2024 21:58:15 - INFO - Setting Chmaber Zones to a= 0.15829800000000024, b= 0.1809120000000003, c= 0.20352600000000032, d= 0.22614000000000034 request successfully sent.
13-10-2024 21:58:15 - INFO - Response from moonraker: {'result': 'ok'}
13-10-2024 21:58:15 - INFO - Setting Chmaber Zones to a= 0.15829800000000024, b= 0.1809120000000003, c= 0.20352600000000032, d= 0.22614000000000034 Request successfully executed.
13-10-2024 21:58:15 - INFO - Sending request to Setting Chmaber Zones to a= 0.15821400000000024, b= 0.18081600000000025, c= 0.20341800000000032, d= 0.22602000000000033 with timeout of 5s...
13-10-2024 21:58:15 - INFO - Setting Chmaber Zones to a= 0.15821400000000024, b= 0.18081600000000025, c= 0.20341800000000032, d= 0.22602000000000033 request successfully sent.
13-10-2024 21:58:15 - INFO - Response from moonraker: {'result': 'ok'}
13-10-2024 21:58:15 - INFO - Setting Chmaber Zones to a= 0.15821400000000024, b= 0.18081600000000025, c= 0.20341800000000032, d= 0.22602000000000033 Request successfully executed.
13-10-2024 21:58:15 - INFO - Sending request to Setting Chmaber Zones to a= 0.15597399999999975, b= 0.17825599999999972, c= 0.20053799999999972, d= 0.22281999999999966 with timeout of 5s...
13-10-2024 21:58:15 - INFO - Setting Chmaber Zones to a= 0.15597399999999975, b= 0.17825599999999972, c= 0.20053799999999972, d= 0.22281999999999966 request successfully sent.
13-10-2024 21:58:15 - INFO - Response from moonraker: {'result': 'ok'}
13-10-2024 21:58:15 - INFO - Setting Chmaber Zones to a= 0.15597399999999975, b= 0.17825599999999972, c= 0.20053799999999972, d= 0.22281999999999966 Request successfully executed.
13-10-2024 21:58:15 - INFO - Sending request to Setting Chmaber Zones to a= 0.15370599999999984, b= 0.17566399999999985, c= 0.19762199999999983, d= 0.2195799999999998 with timeout of 5s...
13-10-2024 21:58:15 - INFO - Setting Chmaber Zones to a= 0.15370599999999984, b= 0.17566399999999985, c= 0.19762199999999983, d= 0.2195799999999998 request successfully sent.
13-10-2024 21:58:15 - INFO - Response from moonraker: {'result': 'ok'}
13-10-2024 21:58:15 - INFO - Setting Chmaber Zones to a= 0.15370599999999984, b= 0.17566399999999985, c= 0.19762199999999983, d= 0.2195799999999998 Request successfully executed.
13-10-2024 21:58:15 - INFO - Sending request to Setting Chmaber Zones to a= 0.151396, b= 0.17302399999999998, c= 0.194652, d= 0.21628 with timeout of 5s...
13-10-2024 21:58:15 - INFO - Setting Chmaber Zones to a= 0.151396, b= 0.17302399999999998, c= 0.194652, d= 0.21628 request successfully sent.
13-10-2024 21:58:15 - INFO - Response from moonraker: {'result': 'ok'}
13-10-2024 21:58:15 - INFO - Setting Chmaber Zones to a= 0.151396, b= 0.17302399999999998, c= 0.194652, d= 0.21628 Request successfully executed.
13-10-2024 21:58:16 - INFO - Sending request to Setting Chmaber Zones to a= 0.14473199999999975, b= 0.1654079999999997, c= 0.18608399999999964, d= 0.20675999999999958 with timeout of 5s...
13-10-2024 21:58:16 - INFO - Setting Chmaber Zones to a= 0.14473199999999975, b= 0.1654079999999997, c= 0.18608399999999964, d= 0.20675999999999958 request successfully sent.
13-10-2024 21:58:16 - INFO - Response from moonraker: {'result': 'ok'}
13-10-2024 21:58:16 - INFO - Setting Chmaber Zones to a= 0.14473199999999975, b= 0.1654079999999997, c= 0.18608399999999964, d= 0.20675999999999958 Request successfully executed.
13-10-2024 21:58:16 - INFO - Sending request to Setting Chmaber Zones to a= 0.14443799999999973, b= 0.1650719999999997, c= 0.18570599999999968, d= 0.20633999999999963 with timeout of 5s...
13-10-2024 21:58:16 - INFO - Setting Chmaber Zones to a= 0.14443799999999973, b= 0.1650719999999997, c= 0.18570599999999968, d= 0.20633999999999963 request successfully sent.
13-10-2024 21:58:16 - INFO - Response from moonraker: {'result': 'ok'}
13-10-2024 21:58:16 - INFO - Setting Chmaber Zones to a= 0.14443799999999973, b= 0.1650719999999997, c= 0.18570599999999968, d= 0.20633999999999963 Request successfully executed.
13-10-2024 21:58:16 - INFO - Sending request to Setting Chmaber Zones to a= 0.14194599999999988, b= 0.16222399999999987, c= 0.18250199999999986, d= 0.20277999999999982 with timeout of 5s...
13-10-2024 21:58:16 - INFO - Setting Chmaber Zones to a= 0.14194599999999988, b= 0.16222399999999987, c= 0.18250199999999986, d= 0.20277999999999982 request successfully sent.
13-10-2024 21:58:16 - INFO - Response from moonraker: {'result': 'ok'}
13-10-2024 21:58:16 - INFO - Setting Chmaber Zones to a= 0.14194599999999988, b= 0.16222399999999987, c= 0.18250199999999986, d= 0.20277999999999982 Request successfully executed.
13-10-2024 21:58:16 - INFO - Sending request to Setting Chmaber Zones to a= 0.14158199999999987, b= 0.16180799999999987, c= 0.18203399999999983, d= 0.2022599999999998 with timeout of 5s...
13-10-2024 21:58:16 - INFO - Setting Chmaber Zones to a= 0.14158199999999987, b= 0.16180799999999987, c= 0.18203399999999983, d= 0.2022599999999998 request successfully sent.
13-10-2024 21:58:16 - INFO - Response from moonraker: {'result': 'ok'}
13-10-2024 21:58:16 - INFO - Setting Chmaber Zones to a= 0.14158199999999987, b= 0.16180799999999987, c= 0.18203399999999983, d= 0.2022599999999998 Request successfully executed.
13-10-2024 21:58:16 - INFO - Sending request to Setting Chmaber Zones to a= 0.14120399999999989, b= 0.16137599999999988, c= 0.18154799999999988, d= 0.20171999999999982 with timeout of 5s...
13-10-2024 21:58:16 - INFO - Setting Chmaber Zones to a= 0.14120399999999989, b= 0.16137599999999988, c= 0.18154799999999988, d= 0.20171999999999982 request successfully sent.
13-10-2024 21:58:16 - INFO - Response from moonraker: {'result': 'ok'}
13-10-2024 21:58:16 - INFO - Setting Chmaber Zones to a= 0.14120399999999989, b= 0.16137599999999988, c= 0.18154799999999988, d= 0.20171999999999982 Request successfully executed.
13-10-2024 21:58:17 - INFO - Sending request to Setting Chmaber Zones to a= 0.13867000000000002, b= 0.15848000000000004, c= 0.17829, d= 0.19810000000000003 with timeout of 5s...
13-10-2024 21:58:17 - INFO - Setting Chmaber Zones to a= 0.13867000000000002, b= 0.15848000000000004, c= 0.17829, d= 0.19810000000000003 request successfully sent.
13-10-2024 21:58:17 - INFO - Response from moonraker: {'result': 'ok'}
13-10-2024 21:58:17 - INFO - Setting Chmaber Zones to a= 0.13867000000000002, b= 0.15848000000000004, c= 0.17829, d= 0.19810000000000003 Request successfully executed.
13-10-2024 21:58:17 - INFO - Sending request to Setting Chmaber Zones to a= 0.138264, b= 0.15801600000000002, c= 0.177768, d= 0.19752 with timeout of 5s...
13-10-2024 21:58:17 - INFO - Setting Chmaber Zones to a= 0.138264, b= 0.15801600000000002, c= 0.177768, d= 0.19752 request successfully sent.
13-10-2024 21:58:17 - INFO - Response from moonraker: {'result': 'ok'}
13-10-2024 21:58:17 - INFO - Setting Chmaber Zones to a= 0.138264, b= 0.15801600000000002, c= 0.177768, d= 0.19752 Request successfully executed.
13-10-2024 21:58:17 - INFO - Sending request to Setting Chmaber Zones to a= 0.13568800000000011, b= 0.15507200000000015, c= 0.17445600000000017, d= 0.19384000000000018 with timeout of 5s...
13-10-2024 21:58:17 - INFO - Setting Chmaber Zones to a= 0.13568800000000011, b= 0.15507200000000015, c= 0.17445600000000017, d= 0.19384000000000018 request successfully sent.
13-10-2024 21:58:17 - INFO - Response from moonraker: {'result': 'ok'}
13-10-2024 21:58:17 - INFO - Setting Chmaber Zones to a= 0.13568800000000011, b= 0.15507200000000015, c= 0.17445600000000017, d= 0.19384000000000018 Request successfully executed.
13-10-2024 21:58:17 - INFO - Sending request to Setting Chmaber Zones to a= 0.1352400000000001, b= 0.15456000000000011, c= 0.17388000000000012, d= 0.19320000000000015 with timeout of 5s...
13-10-2024 21:58:17 - INFO - Setting Chmaber Zones to a= 0.1352400000000001, b= 0.15456000000000011, c= 0.17388000000000012, d= 0.19320000000000015 request successfully sent.
13-10-2024 21:58:17 - INFO - Response from moonraker: {'result': 'ok'}
13-10-2024 21:58:17 - INFO - Setting Chmaber Zones to a= 0.1352400000000001, b= 0.15456000000000011, c= 0.17388000000000012, d= 0.19320000000000015 Request successfully executed.
13-10-2024 21:58:17 - INFO - Sending request to Setting Chmaber Zones to a= 0.1347780000000001, b= 0.1540320000000001, c= 0.17328600000000013, d= 0.19254000000000013 with timeout of 5s...
13-10-2024 21:58:17 - INFO - Setting Chmaber Zones to a= 0.1347780000000001, b= 0.1540320000000001, c= 0.17328600000000013, d= 0.19254000000000013 request successfully sent.
13-10-2024 21:58:17 - INFO - Response from moonraker: {'result': 'ok'}
13-10-2024 21:58:17 - INFO - Setting Chmaber Zones to a= 0.1347780000000001, b= 0.1540320000000001, c= 0.17328600000000013, d= 0.19254000000000013 Request successfully executed.
13-10-2024 21:58:18 - INFO - Sending request to Setting Chmaber Zones to a= 0.13431600000000007, b= 0.15350400000000008, c= 0.1726920000000001, d= 0.1918800000000001 with timeout of 5s...
13-10-2024 21:58:18 - INFO - Setting Chmaber Zones to a= 0.13431600000000007, b= 0.15350400000000008, c= 0.1726920000000001, d= 0.1918800000000001 request successfully sent.
13-10-2024 21:58:18 - INFO - Response from moonraker: {'result': 'ok'}
13-10-2024 21:58:18 - INFO - Setting Chmaber Zones to a= 0.13431600000000007, b= 0.15350400000000008, c= 0.1726920000000001, d= 0.1918800000000001 Request successfully executed.
13-10-2024 21:58:18 - INFO - Sending request to Setting Chmaber Zones to a= 0.13385400000000008, b= 0.1529760000000001, c= 0.17209800000000008, d= 0.1912200000000001 with timeout of 5s...
13-10-2024 21:58:18 - INFO - Setting Chmaber Zones to a= 0.13385400000000008, b= 0.1529760000000001, c= 0.17209800000000008, d= 0.1912200000000001 request successfully sent.
13-10-2024 21:58:18 - INFO - Response from moonraker: {'result': 'ok'}
13-10-2024 21:58:18 - INFO - Setting Chmaber Zones to a= 0.13385400000000008, b= 0.1529760000000001, c= 0.17209800000000008, d= 0.1912200000000001 Request successfully executed.
13-10-2024 21:58:18 - INFO - Sending request to Setting Chmaber Zones to a= 0.13339200000000007, b= 0.15244800000000006, c= 0.17150400000000007, d= 0.1905600000000001 with timeout of 5s...
13-10-2024 21:58:18 - INFO - Setting Chmaber Zones to a= 0.13339200000000007, b= 0.15244800000000006, c= 0.17150400000000007, d= 0.1905600000000001 request successfully sent.
13-10-2024 21:58:18 - INFO - Response from moonraker: {'result': 'ok'}
13-10-2024 21:58:18 - INFO - Setting Chmaber Zones to a= 0.13339200000000007, b= 0.15244800000000006, c= 0.17150400000000007, d= 0.1905600000000001 Request successfully executed.
13-10-2024 21:58:18 - INFO - Sending request to Setting Chmaber Zones to a= 0.13293000000000005, b= 0.15192000000000005, c= 0.17091000000000003, d= 0.18990000000000007 with timeout of 5s...
13-10-2024 21:58:18 - INFO - Setting Chmaber Zones to a= 0.13293000000000005, b= 0.15192000000000005, c= 0.17091000000000003, d= 0.18990000000000007 request successfully sent.
13-10-2024 21:58:18 - INFO - Response from moonraker: {'result': 'ok'}
13-10-2024 21:58:18 - INFO - Setting Chmaber Zones to a= 0.13293000000000005, b= 0.15192000000000005, c= 0.17091000000000003, d= 0.18990000000000007 Request successfully executed.
13-10-2024 21:58:18 - INFO - Sending request to Setting Chmaber Zones to a= 0.13677999999999982, b= 0.1563199999999998, c= 0.17585999999999977, d= 0.19539999999999974 with timeout of 5s...
13-10-2024 21:58:18 - INFO - Setting Chmaber Zones to a= 0.13677999999999982, b= 0.1563199999999998, c= 0.17585999999999977, d= 0.19539999999999974 request successfully sent.
13-10-2024 21:58:18 - INFO - Response from moonraker: {'result': 'ok'}
13-10-2024 21:58:18 - INFO - Setting Chmaber Zones to a= 0.13677999999999982, b= 0.1563199999999998, c= 0.17585999999999977, d= 0.19539999999999974 Request successfully executed.
13-10-2024 21:58:19 - INFO - Sending request to Setting Chmaber Zones to a= 0.13637399999999983, b= 0.15585599999999983, c= 0.17533799999999977, d= 0.19481999999999977 with timeout of 5s...
13-10-2024 21:58:19 - INFO - Setting Chmaber Zones to a= 0.13637399999999983, b= 0.15585599999999983, c= 0.17533799999999977, d= 0.19481999999999977 request successfully sent.
13-10-2024 21:58:19 - INFO - Response from moonraker: {'result': 'ok'}
13-10-2024 21:58:19 - INFO - Setting Chmaber Zones to a= 0.13637399999999983, b= 0.15585599999999983, c= 0.17533799999999977, d= 0.19481999999999977 Request successfully executed.
13-10-2024 21:58:19 - INFO - Sending request to Setting Chmaber Zones to a= 0.13599599999999984, b= 0.15542399999999984, c= 0.1748519999999998, d= 0.1942799999999998 with timeout of 5s...
13-10-2024 21:58:19 - INFO - Setting Chmaber Zones to a= 0.13599599999999984, b= 0.15542399999999984, c= 0.1748519999999998, d= 0.1942799999999998 request successfully sent.
13-10-2024 21:58:19 - INFO - Response from moonraker: {'result': 'ok'}
13-10-2024 21:58:19 - INFO - Setting Chmaber Zones to a= 0.13599599999999984, b= 0.15542399999999984, c= 0.1748519999999998, d= 0.1942799999999998 Request successfully executed.
13-10-2024 21:58:19 - INFO - Sending request to Setting Chmaber Zones to a= 0.13561799999999985, b= 0.15499199999999985, c= 0.1743659999999998, d= 0.1937399999999998 with timeout of 5s...
13-10-2024 21:58:19 - INFO - Setting Chmaber Zones to a= 0.13561799999999985, b= 0.15499199999999985, c= 0.1743659999999998, d= 0.1937399999999998 request successfully sent.
13-10-2024 21:58:19 - INFO - Response from moonraker: {'result': 'ok'}
13-10-2024 21:58:19 - INFO - Setting Chmaber Zones to a= 0.13561799999999985, b= 0.15499199999999985, c= 0.1743659999999998, d= 0.1937399999999998 Request successfully executed.
13-10-2024 21:58:19 - INFO - Sending request to Setting Chmaber Zones to a= 0.1373959999999997, b= 0.15702399999999966, c= 0.17665199999999964, d= 0.19627999999999962 with timeout of 5s...
13-10-2024 21:58:19 - INFO - Setting Chmaber Zones to a= 0.1373959999999997, b= 0.15702399999999966, c= 0.17665199999999964, d= 0.19627999999999962 request successfully sent.
13-10-2024 21:58:19 - INFO - Response from moonraker: {'result': 'ok'}
13-10-2024 21:58:19 - INFO - Setting Chmaber Zones to a= 0.1373959999999997, b= 0.15702399999999966, c= 0.17665199999999964, d= 0.19627999999999962 Request successfully executed.
13-10-2024 21:58:19 - INFO - Sending request to Setting Chmaber Zones to a= 0.13704599999999975, b= 0.1566239999999997, c= 0.17620199999999964, d= 0.1957799999999996 with timeout of 5s...
13-10-2024 21:58:19 - INFO - Setting Chmaber Zones to a= 0.13704599999999975, b= 0.1566239999999997, c= 0.17620199999999964, d= 0.1957799999999996 request successfully sent.
13-10-2024 21:58:19 - INFO - Response from moonraker: {'result': 'ok'}
13-10-2024 21:58:19 - INFO - Setting Chmaber Zones to a= 0.13704599999999975, b= 0.1566239999999997, c= 0.17620199999999964, d= 0.1957799999999996 Request successfully executed.
13-10-2024 21:58:20 - INFO - Sending request to Setting Chmaber Zones to a= 0.13670999999999972, b= 0.15623999999999966, c= 0.17576999999999962, d= 0.19529999999999959 with timeout of 5s...
13-10-2024 21:58:20 - INFO - Setting Chmaber Zones to a= 0.13670999999999972, b= 0.15623999999999966, c= 0.17576999999999962, d= 0.19529999999999959 request successfully sent.
13-10-2024 21:58:20 - INFO - Response from moonraker: {'result': 'ok'}
13-10-2024 21:58:20 - INFO - Setting Chmaber Zones to a= 0.13670999999999972, b= 0.15623999999999966, c= 0.17576999999999962, d= 0.19529999999999959 Request successfully executed.
13-10-2024 21:58:20 - INFO - Sending request to Setting Chmaber Zones to a= 0.13637399999999972, b= 0.15585599999999966, c= 0.17533799999999963, d= 0.1948199999999996 with timeout of 5s...
13-10-2024 21:58:20 - INFO - Setting Chmaber Zones to a= 0.13637399999999972, b= 0.15585599999999966, c= 0.17533799999999963, d= 0.1948199999999996 request successfully sent.
13-10-2024 21:58:20 - INFO - Response from moonraker: {'result': 'ok'}
13-10-2024 21:58:20 - INFO - Setting Chmaber Zones to a= 0.13637399999999972, b= 0.15585599999999966, c= 0.17533799999999963, d= 0.1948199999999996 Request successfully executed.
13-10-2024 21:58:20 - INFO - Sending request to Setting Chmaber Zones to a= 0.1360379999999997, b= 0.15547199999999964, c= 0.17490599999999962, d= 0.1943399999999996 with timeout of 5s...
13-10-2024 21:58:20 - INFO - Setting Chmaber Zones to a= 0.1360379999999997, b= 0.15547199999999964, c= 0.17490599999999962, d= 0.1943399999999996 request successfully sent.
13-10-2024 21:58:20 - INFO - Response from moonraker: {'result': 'ok'}
13-10-2024 21:58:20 - INFO - Setting Chmaber Zones to a= 0.1360379999999997, b= 0.15547199999999964, c= 0.17490599999999962, d= 0.1943399999999996 Request successfully executed.
13-10-2024 21:58:20 - INFO - Sending request to Setting Chmaber Zones to a= 0.1357019999999997, b= 0.15508799999999967, c= 0.17447399999999963, d= 0.1938599999999996 with timeout of 5s...
13-10-2024 21:58:20 - INFO - Setting Chmaber Zones to a= 0.1357019999999997, b= 0.15508799999999967, c= 0.17447399999999963, d= 0.1938599999999996 request successfully sent.
13-10-2024 21:58:20 - INFO - Response from moonraker: {'result': 'ok'}
13-10-2024 21:58:20 - INFO - Setting Chmaber Zones to a= 0.1357019999999997, b= 0.15508799999999967, c= 0.17447399999999963, d= 0.1938599999999996 Request successfully executed.
13-10-2024 21:58:20 - INFO - Sending request to Setting Chmaber Zones to a= 0.1375220000000002, b= 0.15716800000000022, c= 0.17681400000000025, d= 0.19646000000000025 with timeout of 5s...
13-10-2024 21:58:20 - INFO - Setting Chmaber Zones to a= 0.1375220000000002, b= 0.15716800000000022, c= 0.17681400000000025, d= 0.19646000000000025 request successfully sent.
13-10-2024 21:58:20 - INFO - Response from moonraker: {'result': 'ok'}
13-10-2024 21:58:20 - INFO - Setting Chmaber Zones to a= 0.1375220000000002, b= 0.15716800000000022, c= 0.17681400000000025, d= 0.19646000000000025 Request successfully executed.
13-10-2024 21:58:21 - INFO - Sending request to Setting Chmaber Zones to a= 0.1372140000000002, b= 0.15681600000000023, c= 0.17641800000000024, d= 0.19602000000000028 with timeout of 5s...
13-10-2024 21:58:21 - INFO - Setting Chmaber Zones to a= 0.1372140000000002, b= 0.15681600000000023, c= 0.17641800000000024, d= 0.19602000000000028 request successfully sent.
13-10-2024 21:58:21 - INFO - Response from moonraker: {'result': 'ok'}
13-10-2024 21:58:21 - INFO - Setting Chmaber Zones to a= 0.1372140000000002, b= 0.15681600000000023, c= 0.17641800000000024, d= 0.19602000000000028 Request successfully executed.
13-10-2024 21:58:21 - INFO - Sending request to Setting Chmaber Zones to a= 0.1369200000000002, b= 0.15648000000000026, c= 0.17604000000000028, d= 0.1956000000000003 with timeout of 5s...
13-10-2024 21:58:21 - INFO - Setting Chmaber Zones to a= 0.1369200000000002, b= 0.15648000000000026, c= 0.17604000000000028, d= 0.1956000000000003 request successfully sent.
13-10-2024 21:58:21 - INFO - Response from moonraker: {'result': 'ok'}
13-10-2024 21:58:21 - INFO - Setting Chmaber Zones to a= 0.1369200000000002, b= 0.15648000000000026, c= 0.17604000000000028, d= 0.1956000000000003 Request successfully executed.
13-10-2024 21:58:21 - INFO - Sending request to Setting Chmaber Zones to a= 0.13662600000000022, b= 0.15614400000000025, c= 0.17566200000000026, d= 0.1951800000000003 with timeout of 5s...
13-10-2024 21:58:21 - INFO - Setting Chmaber Zones to a= 0.13662600000000022, b= 0.15614400000000025, c= 0.17566200000000026, d= 0.1951800000000003 request successfully sent.
13-10-2024 21:58:21 - INFO - Response from moonraker: {'result': 'ok'}
13-10-2024 21:58:21 - INFO - Setting Chmaber Zones to a= 0.13662600000000022, b= 0.15614400000000025, c= 0.17566200000000026, d= 0.1951800000000003 Request successfully executed.
13-10-2024 21:58:21 - INFO - Sending request to Setting Chmaber Zones to a= 0.1363320000000002, b= 0.15580800000000022, c= 0.17528400000000027, d= 0.19476000000000032 with timeout of 5s...
13-10-2024 21:58:21 - INFO - Setting Chmaber Zones to a= 0.1363320000000002, b= 0.15580800000000022, c= 0.17528400000000027, d= 0.19476000000000032 request successfully sent.
13-10-2024 21:58:21 - INFO - Response from moonraker: {'result': 'ok'}
13-10-2024 21:58:21 - INFO - Setting Chmaber Zones to a= 0.1363320000000002, b= 0.15580800000000022, c= 0.17528400000000027, d= 0.19476000000000032 Request successfully executed.
13-10-2024 21:58:21 - INFO - Sending request to Setting Chmaber Zones to a= 0.13603800000000021, b= 0.15547200000000025, c= 0.17490600000000028, d= 0.19434000000000032 with timeout of 5s...
13-10-2024 21:58:21 - INFO - Setting Chmaber Zones to a= 0.13603800000000021, b= 0.15547200000000025, c= 0.17490600000000028, d= 0.19434000000000032 request successfully sent.
13-10-2024 21:58:21 - INFO - Response from moonraker: {'result': 'ok'}
13-10-2024 21:58:21 - INFO - Setting Chmaber Zones to a= 0.13603800000000021, b= 0.15547200000000025, c= 0.17490600000000028, d= 0.19434000000000032 Request successfully executed.
13-10-2024 21:58:22 - INFO - Sending request to Setting Chmaber Zones to a= 0.13574400000000023, b= 0.15513600000000025, c= 0.1745280000000003, d= 0.19392000000000031 with timeout of 5s...
13-10-2024 21:58:22 - INFO - Setting Chmaber Zones to a= 0.13574400000000023, b= 0.15513600000000025, c= 0.1745280000000003, d= 0.19392000000000031 request successfully sent.
13-10-2024 21:58:22 - INFO - Response from moonraker: {'result': 'ok'}
13-10-2024 21:58:22 - INFO - Setting Chmaber Zones to a= 0.13574400000000023, b= 0.15513600000000025, c= 0.1745280000000003, d= 0.19392000000000031 Request successfully executed.
13-10-2024 21:58:22 - INFO - Sending request to Setting Chmaber Zones to a= 0.1354500000000002, b= 0.15480000000000024, c= 0.17415000000000028, d= 0.1935000000000003 with timeout of 5s...
13-10-2024 21:58:22 - INFO - Setting Chmaber Zones to a= 0.1354500000000002, b= 0.15480000000000024, c= 0.17415000000000028, d= 0.1935000000000003 request successfully sent.
13-10-2024 21:58:22 - INFO - Response from moonraker: {'result': 'ok'}
13-10-2024 21:58:22 - INFO - Setting Chmaber Zones to a= 0.1354500000000002, b= 0.15480000000000024, c= 0.17415000000000028, d= 0.1935000000000003 Request successfully executed.
13-10-2024 21:58:24 - INFO - Sending request to Setting Chmaber Zones to a= 0, b= 0, c= 0, d= 0 with timeout of 5s...
13-10-2024 21:58:24 - INFO - Setting Chmaber Zones to a= 0, b= 0, c= 0, d= 0 request successfully sent.
13-10-2024 21:58:24 - INFO - Response from moonraker: {'result': 'ok'}
13-10-2024 21:58:24 - INFO - Setting Chmaber Zones to a= 0, b= 0, c= 0, d= 0 Request successfully executed.
13-10-2024 21:59:18 - INFO - Sending request to Setting Chmaber Zones to a= 0, b= 0, c= 0, d= 0 with timeout of 5s...
13-10-2024 21:59:18 - INFO - Sending request to Setting Chmaber Zones to a= 0.7, b= 0.8, c= 0.9, d= 1.0 with timeout of 5s...
13-10-2024 21:59:18 - INFO - Setting Chmaber Zones to a= 0.7, b= 0.8, c= 0.9, d= 1.0 request successfully sent.
13-10-2024 21:59:18 - INFO - Response from moonraker: {'result': 'ok'}
13-10-2024 21:59:18 - INFO - Setting Chmaber Zones to a= 0.7, b= 0.8, c= 0.9, d= 1.0 Request successfully executed.
13-10-2024 21:59:18 - INFO - Setting Chmaber Zones to a= 0.7, b= 0.8, c= 0.9, d= 1.0 request successfully sent.
13-10-2024 21:59:18 - INFO - Response from moonraker: {'result': 'ok'}
13-10-2024 21:59:18 - INFO - Setting Chmaber Zones to a= 0.7, b= 0.8, c= 0.9, d= 1.0 Request successfully executed.
13-10-2024 21:59:18 - INFO - Sending request to Setting Chmaber Zones to a= 0.7, b= 0.8, c= 0.9, d= 1.0 with timeout of 5s...
13-10-2024 21:59:18 - INFO - Setting Chmaber Zones to a= 0.7, b= 0.8, c= 0.9, d= 1.0 request successfully sent.
13-10-2024 21:59:18 - INFO - Response from moonraker: {'result': 'ok'}
13-10-2024 21:59:18 - INFO - Setting Chmaber Zones to a= 0.7, b= 0.8, c= 0.9, d= 1.0 Request successfully executed.
13-10-2024 21:59:18 - INFO - Sending request to Setting Chmaber Zones to a= 0.7, b= 0.8, c= 0.9, d= 1.0 with timeout of 5s...
13-10-2024 21:59:18 - INFO - Setting Chmaber Zones to a= 0.7, b= 0.8, c= 0.9, d= 1.0 request successfully sent.
13-10-2024 21:59:18 - INFO - Response from moonraker: {'result': 'ok'}
13-10-2024 21:59:18 - INFO - Setting Chmaber Zones to a= 0.7, b= 0.8, c= 0.9, d= 1.0 Request successfully executed.
13-10-2024 21:59:19 - INFO - Sending request to Setting Chmaber Zones to a= 0.7, b= 0.8, c= 0.9, d= 1.0 with timeout of 5s...
13-10-2024 21:59:19 - INFO - Setting Chmaber Zones to a= 0.7, b= 0.8, c= 0.9, d= 1.0 request successfully sent.
13-10-2024 21:59:19 - INFO - Response from moonraker: {'result': 'ok'}
13-10-2024 21:59:19 - INFO - Setting Chmaber Zones to a= 0.7, b= 0.8, c= 0.9, d= 1.0 Request successfully executed.
13-10-2024 21:59:19 - INFO - Sending request to Setting Chmaber Zones to a= 0.7, b= 0.8, c= 0.9, d= 1.0 with timeout of 5s...
13-10-2024 21:59:19 - INFO - Setting Chmaber Zones to a= 0.7, b= 0.8, c= 0.9, d= 1.0 request successfully sent.
13-10-2024 21:59:19 - INFO - Response from moonraker: {'result': 'ok'}
13-10-2024 21:59:19 - INFO - Setting Chmaber Zones to a= 0.7, b= 0.8, c= 0.9, d= 1.0 Request successfully executed.
13-10-2024 21:59:19 - INFO - Sending request to Setting Chmaber Zones to a= 0.7, b= 0.8, c= 0.9, d= 1.0 with timeout of 5s...
13-10-2024 21:59:19 - INFO - Setting Chmaber Zones to a= 0.7, b= 0.8, c= 0.9, d= 1.0 request successfully sent.
13-10-2024 21:59:19 - INFO - Response from moonraker: {'result': 'ok'}
13-10-2024 21:59:19 - INFO - Setting Chmaber Zones to a= 0.7, b= 0.8, c= 0.9, d= 1.0 Request successfully executed.
13-10-2024 21:59:19 - INFO - Sending request to Setting Chmaber Zones to a= 0.7, b= 0.8, c= 0.9, d= 1.0 with timeout of 5s...
13-10-2024 21:59:19 - INFO - Setting Chmaber Zones to a= 0.7, b= 0.8, c= 0.9, d= 1.0 request successfully sent.
13-10-2024 21:59:19 - INFO - Response from moonraker: {'result': 'ok'}
13-10-2024 21:59:19 - INFO - Setting Chmaber Zones to a= 0.7, b= 0.8, c= 0.9, d= 1.0 Request successfully executed.
13-10-2024 21:59:19 - INFO - Sending request to Setting Chmaber Zones to a= 0.7, b= 0.8, c= 0.9, d= 1.0 with timeout of 5s...
13-10-2024 21:59:19 - INFO - Setting Chmaber Zones to a= 0.7, b= 0.8, c= 0.9, d= 1.0 request successfully sent.
13-10-2024 21:59:19 - INFO - Response from moonraker: {'result': 'ok'}
13-10-2024 21:59:19 - INFO - Setting Chmaber Zones to a= 0.7, b= 0.8, c= 0.9, d= 1.0 Request successfully executed.
13-10-2024 21:59:20 - INFO - Sending request to Setting Chmaber Zones to a= 0.6265840000000003, b= 0.7160960000000003, c= 0.8056080000000003, d= 0.8951200000000002 with timeout of 5s...
13-10-2024 21:59:20 - INFO - Setting Chmaber Zones to a= 0.6265840000000003, b= 0.7160960000000003, c= 0.8056080000000003, d= 0.8951200000000002 request successfully sent.
13-10-2024 21:59:20 - INFO - Response from moonraker: {'result': 'ok'}
13-10-2024 21:59:20 - INFO - Setting Chmaber Zones to a= 0.6265840000000003, b= 0.7160960000000003, c= 0.8056080000000003, d= 0.8951200000000002 Request successfully executed.
13-10-2024 21:59:20 - INFO - Sending request to Setting Chmaber Zones to a= 0.6381900000000001, b= 0.7293600000000002, c= 0.8205300000000002, d= 0.9117000000000003 with timeout of 5s...
13-10-2024 21:59:20 - INFO - Setting Chmaber Zones to a= 0.6381900000000001, b= 0.7293600000000002, c= 0.8205300000000002, d= 0.9117000000000003 request successfully sent.
13-10-2024 21:59:20 - INFO - Response from moonraker: {'result': 'ok'}
13-10-2024 21:59:20 - INFO - Setting Chmaber Zones to a= 0.6381900000000001, b= 0.7293600000000002, c= 0.8205300000000002, d= 0.9117000000000003 Request successfully executed.
13-10-2024 21:59:20 - INFO - Sending request to Setting Chmaber Zones to a= 0.6481860000000004, b= 0.7407840000000003, c= 0.8333820000000003, d= 0.9259800000000005 with timeout of 5s...
13-10-2024 21:59:20 - INFO - Setting Chmaber Zones to a= 0.6481860000000004, b= 0.7407840000000003, c= 0.8333820000000003, d= 0.9259800000000005 request successfully sent.
13-10-2024 21:59:20 - INFO - Response from moonraker: {'result': 'ok'}
13-10-2024 21:59:20 - INFO - Setting Chmaber Zones to a= 0.6481860000000004, b= 0.7407840000000003, c= 0.8333820000000003, d= 0.9259800000000005 Request successfully executed.
13-10-2024 21:59:20 - INFO - Sending request to Setting Chmaber Zones to a= 0.6581820000000002, b= 0.7522080000000002, c= 0.8462340000000004, d= 0.9402600000000004 with timeout of 5s...
13-10-2024 21:59:20 - INFO - Setting Chmaber Zones to a= 0.6581820000000002, b= 0.7522080000000002, c= 0.8462340000000004, d= 0.9402600000000004 request successfully sent.
13-10-2024 21:59:20 - INFO - Response from moonraker: {'result': 'ok'}
13-10-2024 21:59:20 - INFO - Setting Chmaber Zones to a= 0.6581820000000002, b= 0.7522080000000002, c= 0.8462340000000004, d= 0.9402600000000004 Request successfully executed.
13-10-2024 21:59:20 - INFO - Sending request to Setting Chmaber Zones to a= 0.6681780000000004, b= 0.7636320000000003, c= 0.8590860000000003, d= 0.9545400000000004 with timeout of 5s...
13-10-2024 21:59:20 - INFO - Setting Chmaber Zones to a= 0.6681780000000004, b= 0.7636320000000003, c= 0.8590860000000003, d= 0.9545400000000004 request successfully sent.
13-10-2024 21:59:20 - INFO - Response from moonraker: {'result': 'ok'}
13-10-2024 21:59:20 - INFO - Setting Chmaber Zones to a= 0.6681780000000004, b= 0.7636320000000003, c= 0.8590860000000003, d= 0.9545400000000004 Request successfully executed.
13-10-2024 21:59:21 - INFO - Sending request to Setting Chmaber Zones to a= 0.4172979999999998, b= 0.4769119999999997, c= 0.5365259999999997, d= 0.5961399999999997 with timeout of 5s...
13-10-2024 21:59:21 - INFO - Setting Chmaber Zones to a= 0.4172979999999998, b= 0.4769119999999997, c= 0.5365259999999997, d= 0.5961399999999997 request successfully sent.
13-10-2024 21:59:21 - INFO - Response from moonraker: {'result': 'ok'}
13-10-2024 21:59:21 - INFO - Setting Chmaber Zones to a= 0.4172979999999998, b= 0.4769119999999997, c= 0.5365259999999997, d= 0.5961399999999997 Request successfully executed.
13-10-2024 21:59:21 - INFO - Sending request to Setting Chmaber Zones to a= 0.4109699999999999, b= 0.4696799999999999, c= 0.5283899999999998, d= 0.5870999999999998 with timeout of 5s...
13-10-2024 21:59:21 - INFO - Setting Chmaber Zones to a= 0.4109699999999999, b= 0.4696799999999999, c= 0.5283899999999998, d= 0.5870999999999998 request successfully sent.
13-10-2024 21:59:21 - INFO - Response from moonraker: {'result': 'ok'}
13-10-2024 21:59:21 - INFO - Setting Chmaber Zones to a= 0.4109699999999999, b= 0.4696799999999999, c= 0.5283899999999998, d= 0.5870999999999998 Request successfully executed.
13-10-2024 21:59:21 - INFO - Sending request to Setting Chmaber Zones to a= 0.40277999999999997, b= 0.46032000000000006, c= 0.51786, d= 0.5754 with timeout of 5s...
13-10-2024 21:59:21 - INFO - Setting Chmaber Zones to a= 0.40277999999999997, b= 0.46032000000000006, c= 0.51786, d= 0.5754 request successfully sent.
13-10-2024 21:59:21 - INFO - Response from moonraker: {'result': 'ok'}
13-10-2024 21:59:21 - INFO - Setting Chmaber Zones to a= 0.40277999999999997, b= 0.46032000000000006, c= 0.51786, d= 0.5754 Request successfully executed.
13-10-2024 21:59:21 - INFO - Sending request to Setting Chmaber Zones to a= 0.407274, b= 0.465456, c= 0.5236379999999999, d= 0.58182 with timeout of 5s...
13-10-2024 21:59:21 - INFO - Setting Chmaber Zones to a= 0.407274, b= 0.465456, c= 0.5236379999999999, d= 0.58182 request successfully sent.
13-10-2024 21:59:21 - INFO - Response from moonraker: {'result': 'ok'}
13-10-2024 21:59:21 - INFO - Setting Chmaber Zones to a= 0.407274, b= 0.465456, c= 0.5236379999999999, d= 0.58182 Request successfully executed.
13-10-2024 21:59:21 - INFO - Sending request to Setting Chmaber Zones to a= 0.411684, b= 0.47049599999999997, c= 0.529308, d= 0.58812 with timeout of 5s...
13-10-2024 21:59:21 - INFO - Setting Chmaber Zones to a= 0.411684, b= 0.47049599999999997, c= 0.529308, d= 0.58812 request successfully sent.
13-10-2024 21:59:21 - INFO - Response from moonraker: {'result': 'ok'}
13-10-2024 21:59:21 - INFO - Setting Chmaber Zones to a= 0.411684, b= 0.47049599999999997, c= 0.529308, d= 0.58812 Request successfully executed.
13-10-2024 21:59:22 - INFO - Sending request to Setting Chmaber Zones to a= 0.38375400000000004, b= 0.4385760000000001, c= 0.49339800000000006, d= 0.54822 with timeout of 5s...
13-10-2024 21:59:22 - INFO - Setting Chmaber Zones to a= 0.38375400000000004, b= 0.4385760000000001, c= 0.49339800000000006, d= 0.54822 request successfully sent.
13-10-2024 21:59:22 - INFO - Response from moonraker: {'result': 'ok'}
13-10-2024 21:59:22 - INFO - Setting Chmaber Zones to a= 0.38375400000000004, b= 0.4385760000000001, c= 0.49339800000000006, d= 0.54822 Request successfully executed.
13-10-2024 21:59:22 - INFO - Sending request to Setting Chmaber Zones to a= 0.3748080000000001, b= 0.4283520000000001, c= 0.4818960000000001, d= 0.5354400000000001 with timeout of 5s...
13-10-2024 21:59:22 - INFO - Setting Chmaber Zones to a= 0.3748080000000001, b= 0.4283520000000001, c= 0.4818960000000001, d= 0.5354400000000001 request successfully sent.
13-10-2024 21:59:22 - INFO - Response from moonraker: {'result': 'ok'}
13-10-2024 21:59:22 - INFO - Setting Chmaber Zones to a= 0.3748080000000001, b= 0.4283520000000001, c= 0.4818960000000001, d= 0.5354400000000001 Request successfully executed.
13-10-2024 21:59:22 - INFO - Sending request to Setting Chmaber Zones to a= 0.261996, b= 0.29942399999999997, c= 0.33685200000000004, d= 0.37427999999999995 with timeout of 5s...
13-10-2024 21:59:22 - INFO - Setting Chmaber Zones to a= 0.261996, b= 0.29942399999999997, c= 0.33685200000000004, d= 0.37427999999999995 request successfully sent.
13-10-2024 21:59:22 - INFO - Response from moonraker: {'result': 'ok'}
13-10-2024 21:59:22 - INFO - Setting Chmaber Zones to a= 0.261996, b= 0.29942399999999997, c= 0.33685200000000004, d= 0.37427999999999995 Request successfully executed.
13-10-2024 21:59:22 - INFO - Sending request to Setting Chmaber Zones to a= 0.26185600000000003, b= 0.2992640000000001, c= 0.3366720000000001, d= 0.3740800000000001 with timeout of 5s...
13-10-2024 21:59:22 - INFO - Setting Chmaber Zones to a= 0.26185600000000003, b= 0.2992640000000001, c= 0.3366720000000001, d= 0.3740800000000001 request successfully sent.
13-10-2024 21:59:22 - INFO - Response from moonraker: {'result': 'ok'}
13-10-2024 21:59:22 - INFO - Setting Chmaber Zones to a= 0.26185600000000003, b= 0.2992640000000001, c= 0.3366720000000001, d= 0.3740800000000001 Request successfully executed.
13-10-2024 21:59:22 - INFO - Sending request to Setting Chmaber Zones to a= 0.2630880000000001, b= 0.30067200000000016, c= 0.33825600000000017, d= 0.3758400000000002 with timeout of 5s...
13-10-2024 21:59:22 - INFO - Setting Chmaber Zones to a= 0.2630880000000001, b= 0.30067200000000016, c= 0.33825600000000017, d= 0.3758400000000002 request successfully sent.
13-10-2024 21:59:22 - INFO - Response from moonraker: {'result': 'ok'}
13-10-2024 21:59:22 - INFO - Setting Chmaber Zones to a= 0.2630880000000001, b= 0.30067200000000016, c= 0.33825600000000017, d= 0.3758400000000002 Request successfully executed.
13-10-2024 21:59:23 - INFO - Sending request to Setting Chmaber Zones to a= 0.2643060000000001, b= 0.3020640000000001, c= 0.3398220000000001, d= 0.3775800000000002 with timeout of 5s...
13-10-2024 21:59:23 - INFO - Setting Chmaber Zones to a= 0.2643060000000001, b= 0.3020640000000001, c= 0.3398220000000001, d= 0.3775800000000002 request successfully sent.
13-10-2024 21:59:23 - INFO - Response from moonraker: {'result': 'ok'}
13-10-2024 21:59:23 - INFO - Setting Chmaber Zones to a= 0.2643060000000001, b= 0.3020640000000001, c= 0.3398220000000001, d= 0.3775800000000002 Request successfully executed.
13-10-2024 21:59:23 - INFO - Sending request to Setting Chmaber Zones to a= 0.26552400000000004, b= 0.30345600000000006, c= 0.3413880000000001, d= 0.3793200000000001 with timeout of 5s...
13-10-2024 21:59:23 - INFO - Setting Chmaber Zones to a= 0.26552400000000004, b= 0.30345600000000006, c= 0.3413880000000001, d= 0.3793200000000001 request successfully sent.
13-10-2024 21:59:23 - INFO - Response from moonraker: {'result': 'ok'}
13-10-2024 21:59:23 - INFO - Setting Chmaber Zones to a= 0.26552400000000004, b= 0.30345600000000006, c= 0.3413880000000001, d= 0.3793200000000001 Request successfully executed.
13-10-2024 21:59:23 - INFO - Sending request to Setting Chmaber Zones to a= 0.26674200000000003, b= 0.30484800000000006, c= 0.3429540000000001, d= 0.38106000000000007 with timeout of 5s...
13-10-2024 21:59:23 - INFO - Setting Chmaber Zones to a= 0.26674200000000003, b= 0.30484800000000006, c= 0.3429540000000001, d= 0.38106000000000007 request successfully sent.
13-10-2024 21:59:23 - INFO - Response from moonraker: {'result': 'ok'}
13-10-2024 21:59:23 - INFO - Setting Chmaber Zones to a= 0.26674200000000003, b= 0.30484800000000006, c= 0.3429540000000001, d= 0.38106000000000007 Request successfully executed.
13-10-2024 21:59:23 - INFO - Sending request to Setting Chmaber Zones to a= 0.27227199999999985, b= 0.31116799999999983, c= 0.3500639999999999, d= 0.3889599999999998 with timeout of 5s...
13-10-2024 21:59:23 - INFO - Setting Chmaber Zones to a= 0.27227199999999985, b= 0.31116799999999983, c= 0.3500639999999999, d= 0.3889599999999998 request successfully sent.
13-10-2024 21:59:23 - INFO - Response from moonraker: {'result': 'ok'}
13-10-2024 21:59:23 - INFO - Setting Chmaber Zones to a= 0.27227199999999985, b= 0.31116799999999983, c= 0.3500639999999999, d= 0.3889599999999998 Request successfully executed.
13-10-2024 21:59:23 - INFO - Sending request to Setting Chmaber Zones to a= 0.27354599999999984, b= 0.31262399999999985, c= 0.3517019999999998, d= 0.3907799999999998 with timeout of 5s...
13-10-2024 21:59:23 - INFO - Setting Chmaber Zones to a= 0.27354599999999984, b= 0.31262399999999985, c= 0.3517019999999998, d= 0.3907799999999998 request successfully sent.
13-10-2024 21:59:23 - INFO - Response from moonraker: {'result': 'ok'}
13-10-2024 21:59:23 - INFO - Setting Chmaber Zones to a= 0.27354599999999984, b= 0.31262399999999985, c= 0.3517019999999998, d= 0.3907799999999998 Request successfully executed.
13-10-2024 21:59:24 - INFO - Sending request to Setting Chmaber Zones to a= 0.27916000000000024, b= 0.31904000000000027, c= 0.3589200000000003, d= 0.3988000000000003 with timeout of 5s...
13-10-2024 21:59:24 - INFO - Setting Chmaber Zones to a= 0.27916000000000024, b= 0.31904000000000027, c= 0.3589200000000003, d= 0.3988000000000003 request successfully sent.
13-10-2024 21:59:24 - INFO - Response from moonraker: {'result': 'ok'}
13-10-2024 21:59:24 - INFO - Setting Chmaber Zones to a= 0.27916000000000024, b= 0.31904000000000027, c= 0.3589200000000003, d= 0.3988000000000003 Request successfully executed.
13-10-2024 21:59:24 - INFO - Sending request to Setting Chmaber Zones to a= 0.2934540000000001, b= 0.3353760000000001, c= 0.37729800000000013, d= 0.4192200000000001 with timeout of 5s...
13-10-2024 21:59:24 - INFO - Setting Chmaber Zones to a= 0.2934540000000001, b= 0.3353760000000001, c= 0.37729800000000013, d= 0.4192200000000001 request successfully sent.
13-10-2024 21:59:24 - INFO - Response from moonraker: {'result': 'ok'}
13-10-2024 21:59:24 - INFO - Setting Chmaber Zones to a= 0.2934540000000001, b= 0.3353760000000001, c= 0.37729800000000013, d= 0.4192200000000001 Request successfully executed.
13-10-2024 21:59:24 - INFO - Sending request to Setting Chmaber Zones to a= 0.307944, b= 0.35193599999999997, c= 0.39592799999999995, d= 0.43992 with timeout of 5s...
13-10-2024 21:59:24 - INFO - Setting Chmaber Zones to a= 0.307944, b= 0.35193599999999997, c= 0.39592799999999995, d= 0.43992 request successfully sent.
13-10-2024 21:59:24 - INFO - Response from moonraker: {'result': 'ok'}
13-10-2024 21:59:24 - INFO - Setting Chmaber Zones to a= 0.307944, b= 0.35193599999999997, c= 0.39592799999999995, d= 0.43992 Request successfully executed.
13-10-2024 21:59:24 - INFO - Sending request to Setting Chmaber Zones to a= 0.31837400000000016, b= 0.3638560000000001, c= 0.40933800000000015, d= 0.4548200000000001 with timeout of 5s...
13-10-2024 21:59:24 - INFO - Setting Chmaber Zones to a= 0.31837400000000016, b= 0.3638560000000001, c= 0.40933800000000015, d= 0.4548200000000001 request successfully sent.
13-10-2024 21:59:24 - INFO - Response from moonraker: {'result': 'ok'}
13-10-2024 21:59:24 - INFO - Setting Chmaber Zones to a= 0.31837400000000016, b= 0.3638560000000001, c= 0.40933800000000015, d= 0.4548200000000001 Request successfully executed.
13-10-2024 21:59:24 - INFO - Sending request to Setting Chmaber Zones to a= 0.32684399999999975, b= 0.3735359999999997, c= 0.42022799999999966, d= 0.46691999999999967 with timeout of 5s...
13-10-2024 21:59:24 - INFO - Setting Chmaber Zones to a= 0.32684399999999975, b= 0.3735359999999997, c= 0.42022799999999966, d= 0.46691999999999967 request successfully sent.
13-10-2024 21:59:24 - INFO - Response from moonraker: {'result': 'ok'}
13-10-2024 21:59:24 - INFO - Setting Chmaber Zones to a= 0.32684399999999975, b= 0.3735359999999997, c= 0.42022799999999966, d= 0.46691999999999967 Request successfully executed.
13-10-2024 21:59:25 - INFO - Sending request to Setting Chmaber Zones to a= 0.3397659999999997, b= 0.3883039999999997, c= 0.4368419999999996, d= 0.4853799999999996 with timeout of 5s...
13-10-2024 21:59:25 - INFO - Setting Chmaber Zones to a= 0.3397659999999997, b= 0.3883039999999997, c= 0.4368419999999996, d= 0.4853799999999996 request successfully sent.
13-10-2024 21:59:25 - INFO - Response from moonraker: {'result': 'ok'}
13-10-2024 21:59:25 - INFO - Setting Chmaber Zones to a= 0.3397659999999997, b= 0.3883039999999997, c= 0.4368419999999996, d= 0.4853799999999996 Request successfully executed.
13-10-2024 21:59:25 - INFO - Sending request to Setting Chmaber Zones to a= 0.3464020000000001, b= 0.3958880000000001, c= 0.44537400000000005, d= 0.49486 with timeout of 5s...
13-10-2024 21:59:25 - INFO - Setting Chmaber Zones to a= 0.3464020000000001, b= 0.3958880000000001, c= 0.44537400000000005, d= 0.49486 request successfully sent.
13-10-2024 21:59:25 - INFO - Response from moonraker: {'result': 'ok'}
13-10-2024 21:59:25 - INFO - Setting Chmaber Zones to a= 0.3464020000000001, b= 0.3958880000000001, c= 0.44537400000000005, d= 0.49486 Request successfully executed.
13-10-2024 21:59:25 - INFO - Sending request to Setting Chmaber Zones to a= 0.351008, b= 0.401152, c= 0.451296, d= 0.50144 with timeout of 5s...
13-10-2024 21:59:25 - INFO - Setting Chmaber Zones to a= 0.351008, b= 0.401152, c= 0.451296, d= 0.50144 request successfully sent.
13-10-2024 21:59:25 - INFO - Response from moonraker: {'result': 'ok'}
13-10-2024 21:59:25 - INFO - Setting Chmaber Zones to a= 0.351008, b= 0.401152, c= 0.451296, d= 0.50144 Request successfully executed.
13-10-2024 21:59:25 - INFO - Sending request to Setting Chmaber Zones to a= 0.35782599999999964, b= 0.40894399999999964, c= 0.4600619999999996, d= 0.5111799999999995 with timeout of 5s...
13-10-2024 21:59:25 - INFO - Setting Chmaber Zones to a= 0.35782599999999964, b= 0.40894399999999964, c= 0.4600619999999996, d= 0.5111799999999995 request successfully sent.
13-10-2024 21:59:25 - INFO - Response from moonraker: {'result': 'ok'}
13-10-2024 21:59:25 - INFO - Setting Chmaber Zones to a= 0.35782599999999964, b= 0.40894399999999964, c= 0.4600619999999996, d= 0.5111799999999995 Request successfully executed.
13-10-2024 21:59:25 - INFO - Sending request to Setting Chmaber Zones to a= 0.36255800000000016, b= 0.41435200000000016, c= 0.46614600000000017, d= 0.5179400000000002 with timeout of 5s...
13-10-2024 21:59:25 - INFO - Setting Chmaber Zones to a= 0.36255800000000016, b= 0.41435200000000016, c= 0.46614600000000017, d= 0.5179400000000002 request successfully sent.
13-10-2024 21:59:25 - INFO - Response from moonraker: {'result': 'ok'}
13-10-2024 21:59:25 - INFO - Setting Chmaber Zones to a= 0.36255800000000016, b= 0.41435200000000016, c= 0.46614600000000017, d= 0.5179400000000002 Request successfully executed.
13-10-2024 21:59:26 - INFO - Sending request to Setting Chmaber Zones to a= 0.3651900000000001, b= 0.4173600000000001, c= 0.46953000000000017, d= 0.5217000000000002 with timeout of 5s...
13-10-2024 21:59:26 - INFO - Setting Chmaber Zones to a= 0.3651900000000001, b= 0.4173600000000001, c= 0.46953000000000017, d= 0.5217000000000002 request successfully sent.
13-10-2024 21:59:26 - INFO - Response from moonraker: {'result': 'ok'}
13-10-2024 21:59:26 - INFO - Setting Chmaber Zones to a= 0.3651900000000001, b= 0.4173600000000001, c= 0.46953000000000017, d= 0.5217000000000002 Request successfully executed.
13-10-2024 21:59:26 - INFO - Sending request to Setting Chmaber Zones to a= 0.36783600000000016, b= 0.4203840000000001, c= 0.47293200000000013, d= 0.5254800000000002 with timeout of 5s...
13-10-2024 21:59:26 - INFO - Setting Chmaber Zones to a= 0.36783600000000016, b= 0.4203840000000001, c= 0.47293200000000013, d= 0.5254800000000002 request successfully sent.
13-10-2024 21:59:26 - INFO - Response from moonraker: {'result': 'ok'}
13-10-2024 21:59:26 - INFO - Setting Chmaber Zones to a= 0.36783600000000016, b= 0.4203840000000001, c= 0.47293200000000013, d= 0.5254800000000002 Request successfully executed.
13-10-2024 21:59:26 - INFO - Sending request to Setting Chmaber Zones to a= 0.37048200000000003, b= 0.423408, c= 0.4763340000000001, d= 0.5292600000000001 with timeout of 5s...
13-10-2024 21:59:26 - INFO - Setting Chmaber Zones to a= 0.37048200000000003, b= 0.423408, c= 0.4763340000000001, d= 0.5292600000000001 request successfully sent.
13-10-2024 21:59:26 - INFO - Response from moonraker: {'result': 'ok'}
13-10-2024 21:59:26 - INFO - Setting Chmaber Zones to a= 0.37048200000000003, b= 0.423408, c= 0.4763340000000001, d= 0.5292600000000001 Request successfully executed.
13-10-2024 21:59:26 - INFO - Sending request to Setting Chmaber Zones to a= 0.3688159999999997, b= 0.4215039999999996, c= 0.4741919999999996, d= 0.5268799999999996 with timeout of 5s...
13-10-2024 21:59:26 - INFO - Setting Chmaber Zones to a= 0.3688159999999997, b= 0.4215039999999996, c= 0.4741919999999996, d= 0.5268799999999996 request successfully sent.
13-10-2024 21:59:26 - INFO - Response from moonraker: {'result': 'ok'}
13-10-2024 21:59:26 - INFO - Setting Chmaber Zones to a= 0.3688159999999997, b= 0.4215039999999996, c= 0.4741919999999996, d= 0.5268799999999996 Request successfully executed.
13-10-2024 21:59:26 - INFO - Sending request to Setting Chmaber Zones to a= 0.3649380000000001, b= 0.41707200000000016, c= 0.4692060000000001, d= 0.5213400000000001 with timeout of 5s...
13-10-2024 21:59:26 - INFO - Setting Chmaber Zones to a= 0.3649380000000001, b= 0.41707200000000016, c= 0.4692060000000001, d= 0.5213400000000001 request successfully sent.
13-10-2024 21:59:26 - INFO - Response from moonraker: {'result': 'ok'}
13-10-2024 21:59:26 - INFO - Setting Chmaber Zones to a= 0.3649380000000001, b= 0.41707200000000016, c= 0.4692060000000001, d= 0.5213400000000001 Request successfully executed.
13-10-2024 21:59:27 - INFO - Sending request to Setting Chmaber Zones to a= 0.3566360000000001, b= 0.4075840000000001, c= 0.45853200000000016, d= 0.5094800000000002 with timeout of 5s...
13-10-2024 21:59:27 - INFO - Setting Chmaber Zones to a= 0.3566360000000001, b= 0.4075840000000001, c= 0.45853200000000016, d= 0.5094800000000002 request successfully sent.
13-10-2024 21:59:27 - INFO - Response from moonraker: {'result': 'ok'}
13-10-2024 21:59:27 - INFO - Setting Chmaber Zones to a= 0.3566360000000001, b= 0.4075840000000001, c= 0.45853200000000016, d= 0.5094800000000002 Request successfully executed.
13-10-2024 21:59:27 - INFO - Sending request to Setting Chmaber Zones to a= 0.34815200000000013, b= 0.3978880000000001, c= 0.44762400000000013, d= 0.49736000000000014 with timeout of 5s...
13-10-2024 21:59:27 - INFO - Setting Chmaber Zones to a= 0.34815200000000013, b= 0.3978880000000001, c= 0.44762400000000013, d= 0.49736000000000014 request successfully sent.
13-10-2024 21:59:27 - INFO - Response from moonraker: {'result': 'ok'}
13-10-2024 21:59:27 - INFO - Setting Chmaber Zones to a= 0.34815200000000013, b= 0.3978880000000001, c= 0.44762400000000013, d= 0.49736000000000014 Request successfully executed.
13-10-2024 21:59:27 - INFO - Sending request to Setting Chmaber Zones to a= 0.3437699999999998, b= 0.39287999999999984, c= 0.44198999999999977, d= 0.49109999999999976 with timeout of 5s...
13-10-2024 21:59:27 - INFO - Setting Chmaber Zones to a= 0.3437699999999998, b= 0.39287999999999984, c= 0.44198999999999977, d= 0.49109999999999976 request successfully sent.
13-10-2024 21:59:27 - INFO - Response from moonraker: {'result': 'ok'}
13-10-2024 21:59:27 - INFO - Setting Chmaber Zones to a= 0.3437699999999998, b= 0.39287999999999984, c= 0.44198999999999977, d= 0.49109999999999976 Request successfully executed.
13-10-2024 21:59:27 - INFO - Sending request to Setting Chmaber Zones to a= 0.33276599999999995, b= 0.3803039999999999, c= 0.4278419999999999, d= 0.4753799999999999 with timeout of 5s...
13-10-2024 21:59:27 - INFO - Setting Chmaber Zones to a= 0.33276599999999995, b= 0.3803039999999999, c= 0.4278419999999999, d= 0.4753799999999999 request successfully sent.
13-10-2024 21:59:27 - INFO - Response from moonraker: {'result': 'ok'}
13-10-2024 21:59:27 - INFO - Setting Chmaber Zones to a= 0.33276599999999995, b= 0.3803039999999999, c= 0.4278419999999999, d= 0.4753799999999999 Request successfully executed.
13-10-2024 21:59:27 - INFO - Sending request to Setting Chmaber Zones to a= 0.3301759999999996, b= 0.3773439999999995, c= 0.42451199999999945, d= 0.4716799999999994 with timeout of 5s...
13-10-2024 21:59:27 - INFO - Setting Chmaber Zones to a= 0.3301759999999996, b= 0.3773439999999995, c= 0.42451199999999945, d= 0.4716799999999994 request successfully sent.
13-10-2024 21:59:27 - INFO - Response from moonraker: {'result': 'ok'}
13-10-2024 21:59:27 - INFO - Setting Chmaber Zones to a= 0.3301759999999996, b= 0.3773439999999995, c= 0.42451199999999945, d= 0.4716799999999994 Request successfully executed.
13-10-2024 21:59:28 - INFO - Sending request to Setting Chmaber Zones to a= 0.3274459999999998, b= 0.3742239999999997, c= 0.4210019999999997, d= 0.4677799999999997 with timeout of 5s...
13-10-2024 21:59:28 - INFO - Setting Chmaber Zones to a= 0.3274459999999998, b= 0.3742239999999997, c= 0.4210019999999997, d= 0.4677799999999997 request successfully sent.
13-10-2024 21:59:28 - INFO - Response from moonraker: {'result': 'ok'}
13-10-2024 21:59:28 - INFO - Setting Chmaber Zones to a= 0.3274459999999998, b= 0.3742239999999997, c= 0.4210019999999997, d= 0.4677799999999997 Request successfully executed.
13-10-2024 21:59:28 - INFO - Sending request to Setting Chmaber Zones to a= 0.32463200000000003, b= 0.371008, c= 0.417384, d= 0.46375999999999995 with timeout of 5s...
13-10-2024 21:59:28 - INFO - Setting Chmaber Zones to a= 0.32463200000000003, b= 0.371008, c= 0.417384, d= 0.46375999999999995 request successfully sent.
13-10-2024 21:59:28 - INFO - Response from moonraker: {'result': 'ok'}
13-10-2024 21:59:28 - INFO - Setting Chmaber Zones to a= 0.32463200000000003, b= 0.371008, c= 0.417384, d= 0.46375999999999995 Request successfully executed.
13-10-2024 21:59:28 - INFO - Sending request to Setting Chmaber Zones to a= 0.32173399999999963, b= 0.36769599999999963, c= 0.4136579999999996, d= 0.45961999999999953 with timeout of 5s...
13-10-2024 21:59:28 - INFO - Setting Chmaber Zones to a= 0.32173399999999963, b= 0.36769599999999963, c= 0.4136579999999996, d= 0.45961999999999953 request successfully sent.
13-10-2024 21:59:28 - INFO - Response from moonraker: {'result': 'ok'}
13-10-2024 21:59:28 - INFO - Setting Chmaber Zones to a= 0.32173399999999963, b= 0.36769599999999963, c= 0.4136579999999996, d= 0.45961999999999953 Request successfully executed.
13-10-2024 21:59:28 - INFO - Sending request to Setting Chmaber Zones to a= 0.3209079999999998, b= 0.36675199999999974, c= 0.4125959999999998, d= 0.45843999999999974 with timeout of 5s...
13-10-2024 21:59:28 - INFO - Setting Chmaber Zones to a= 0.3209079999999998, b= 0.36675199999999974, c= 0.4125959999999998, d= 0.45843999999999974 request successfully sent.
13-10-2024 21:59:28 - INFO - Response from moonraker: {'result': 'ok'}
13-10-2024 21:59:28 - INFO - Setting Chmaber Zones to a= 0.3209079999999998, b= 0.36675199999999974, c= 0.4125959999999998, d= 0.45843999999999974 Request successfully executed.
13-10-2024 21:59:28 - INFO - Sending request to Setting Chmaber Zones to a= 0.32002599999999987, b= 0.36574399999999985, c= 0.4114619999999999, d= 0.4571799999999998 with timeout of 5s...
13-10-2024 21:59:28 - INFO - Setting Chmaber Zones to a= 0.32002599999999987, b= 0.36574399999999985, c= 0.4114619999999999, d= 0.4571799999999998 request successfully sent.
13-10-2024 21:59:28 - INFO - Response from moonraker: {'result': 'ok'}
13-10-2024 21:59:28 - INFO - Setting Chmaber Zones to a= 0.32002599999999987, b= 0.36574399999999985, c= 0.4114619999999999, d= 0.4571799999999998 Request successfully executed.
13-10-2024 21:59:29 - INFO - Sending request to Setting Chmaber Zones to a= 0.3212579999999998, b= 0.3671519999999998, c= 0.4130459999999998, d= 0.4589399999999998 with timeout of 5s...
13-10-2024 21:59:29 - INFO - Setting Chmaber Zones to a= 0.3212579999999998, b= 0.3671519999999998, c= 0.4130459999999998, d= 0.4589399999999998 request successfully sent.
13-10-2024 21:59:29 - INFO - Response from moonraker: {'result': 'ok'}
13-10-2024 21:59:29 - INFO - Setting Chmaber Zones to a= 0.3212579999999998, b= 0.3671519999999998, c= 0.4130459999999998, d= 0.4589399999999998 Request successfully executed.
13-10-2024 21:59:29 - INFO - Sending request to Setting Chmaber Zones to a= 0.32032000000000005, b= 0.36608, c= 0.41184000000000004, d= 0.45760000000000006 with timeout of 5s...
13-10-2024 21:59:29 - INFO - Setting Chmaber Zones to a= 0.32032000000000005, b= 0.36608, c= 0.41184000000000004, d= 0.45760000000000006 request successfully sent.
13-10-2024 21:59:29 - INFO - Response from moonraker: {'result': 'ok'}
13-10-2024 21:59:29 - INFO - Setting Chmaber Zones to a= 0.32032000000000005, b= 0.36608, c= 0.41184000000000004, d= 0.45760000000000006 Request successfully executed.
13-10-2024 21:59:29 - INFO - Sending request to Setting Chmaber Zones to a= 0.32151, b= 0.36744, c= 0.41337, d= 0.45930000000000004 with timeout of 5s...
13-10-2024 21:59:29 - INFO - Setting Chmaber Zones to a= 0.32151, b= 0.36744, c= 0.41337, d= 0.45930000000000004 request successfully sent.
13-10-2024 21:59:29 - INFO - Response from moonraker: {'result': 'ok'}
13-10-2024 21:59:29 - INFO - Setting Chmaber Zones to a= 0.32151, b= 0.36744, c= 0.41337, d= 0.45930000000000004 Request successfully executed.
13-10-2024 21:59:29 - INFO - Sending request to Setting Chmaber Zones to a= 0.322686, b= 0.368784, c= 0.414882, d= 0.46098 with timeout of 5s...
13-10-2024 21:59:29 - INFO - Setting Chmaber Zones to a= 0.322686, b= 0.368784, c= 0.414882, d= 0.46098 request successfully sent.
13-10-2024 21:59:29 - INFO - Response from moonraker: {'result': 'ok'}
13-10-2024 21:59:29 - INFO - Setting Chmaber Zones to a= 0.322686, b= 0.368784, c= 0.414882, d= 0.46098 Request successfully executed.
13-10-2024 21:59:29 - INFO - Sending request to Setting Chmaber Zones to a= 0.3217059999999995, b= 0.3676639999999995, c= 0.4136219999999994, d= 0.4595799999999993 with timeout of 5s...
13-10-2024 21:59:29 - INFO - Setting Chmaber Zones to a= 0.3217059999999995, b= 0.3676639999999995, c= 0.4136219999999994, d= 0.4595799999999993 request successfully sent.
13-10-2024 21:59:29 - INFO - Response from moonraker: {'result': 'ok'}
13-10-2024 21:59:29 - INFO - Setting Chmaber Zones to a= 0.3217059999999995, b= 0.3676639999999995, c= 0.4136219999999994, d= 0.4595799999999993 Request successfully executed.
13-10-2024 21:59:30 - INFO - Sending request to Setting Chmaber Zones to a= 0.3228539999999996, b= 0.3689759999999995, c= 0.41509799999999947, d= 0.4612199999999994 with timeout of 5s...
13-10-2024 21:59:30 - INFO - Setting Chmaber Zones to a= 0.3228539999999996, b= 0.3689759999999995, c= 0.41509799999999947, d= 0.4612199999999994 request successfully sent.
13-10-2024 21:59:30 - INFO - Response from moonraker: {'result': 'ok'}
13-10-2024 21:59:30 - INFO - Setting Chmaber Zones to a= 0.3228539999999996, b= 0.3689759999999995, c= 0.41509799999999947, d= 0.4612199999999994 Request successfully executed.
13-10-2024 21:59:30 - INFO - Sending request to Setting Chmaber Zones to a= 0.32183199999999973, b= 0.36780799999999964, c= 0.41378399999999965, d= 0.45975999999999956 with timeout of 5s...
13-10-2024 21:59:30 - INFO - Setting Chmaber Zones to a= 0.32183199999999973, b= 0.36780799999999964, c= 0.41378399999999965, d= 0.45975999999999956 request successfully sent.
13-10-2024 21:59:30 - INFO - Response from moonraker: {'result': 'ok'}
13-10-2024 21:59:30 - INFO - Setting Chmaber Zones to a= 0.32183199999999973, b= 0.36780799999999964, c= 0.41378399999999965, d= 0.45975999999999956 Request successfully executed.
13-10-2024 21:59:30 - INFO - Sending request to Setting Chmaber Zones to a= 0.32293799999999967, b= 0.3690719999999997, c= 0.4152059999999996, d= 0.4613399999999996 with timeout of 5s...
13-10-2024 21:59:30 - INFO - Setting Chmaber Zones to a= 0.32293799999999967, b= 0.3690719999999997, c= 0.4152059999999996, d= 0.4613399999999996 request successfully sent.
13-10-2024 21:59:30 - INFO - Response from moonraker: {'result': 'ok'}
13-10-2024 21:59:30 - INFO - Setting Chmaber Zones to a= 0.32293799999999967, b= 0.3690719999999997, c= 0.4152059999999996, d= 0.4613399999999996 Request successfully executed.
13-10-2024 21:59:30 - INFO - Sending request to Setting Chmaber Zones to a= 0.3240299999999997, b= 0.3703199999999997, c= 0.41660999999999965, d= 0.4628999999999996 with timeout of 5s...
13-10-2024 21:59:30 - INFO - Setting Chmaber Zones to a= 0.3240299999999997, b= 0.3703199999999997, c= 0.41660999999999965, d= 0.4628999999999996 request successfully sent.
13-10-2024 21:59:30 - INFO - Response from moonraker: {'result': 'ok'}
13-10-2024 21:59:30 - INFO - Setting Chmaber Zones to a= 0.3240299999999997, b= 0.3703199999999997, c= 0.41660999999999965, d= 0.4628999999999996 Request successfully executed.
13-10-2024 21:59:30 - INFO - Sending request to Setting Chmaber Zones to a= 0.32296599999999986, b= 0.3691039999999998, c= 0.4152419999999998, d= 0.4613799999999998 with timeout of 5s...
13-10-2024 21:59:30 - INFO - Setting Chmaber Zones to a= 0.32296599999999986, b= 0.3691039999999998, c= 0.4152419999999998, d= 0.4613799999999998 request successfully sent.
13-10-2024 21:59:30 - INFO - Response from moonraker: {'result': 'ok'}
13-10-2024 21:59:30 - INFO - Setting Chmaber Zones to a= 0.32296599999999986, b= 0.3691039999999998, c= 0.4152419999999998, d= 0.4613799999999998 Request successfully executed.
13-10-2024 21:59:31 - INFO - Sending request to Setting Chmaber Zones to a= 0.31756199999999957, b= 0.3629279999999995, c= 0.40829399999999944, d= 0.45365999999999945 with timeout of 5s...
13-10-2024 21:59:31 - INFO - Setting Chmaber Zones to a= 0.31756199999999957, b= 0.3629279999999995, c= 0.40829399999999944, d= 0.45365999999999945 request successfully sent.
13-10-2024 21:59:31 - INFO - Response from moonraker: {'result': 'ok'}
13-10-2024 21:59:31 - INFO - Setting Chmaber Zones to a= 0.31756199999999957, b= 0.3629279999999995, c= 0.40829399999999944, d= 0.45365999999999945 Request successfully executed.
13-10-2024 21:59:31 - INFO - Sending request to Setting Chmaber Zones to a= 0.31637199999999965, b= 0.3615679999999996, c= 0.40676399999999957, d= 0.45195999999999953 with timeout of 5s...
13-10-2024 21:59:31 - INFO - Setting Chmaber Zones to a= 0.31637199999999965, b= 0.3615679999999996, c= 0.40676399999999957, d= 0.45195999999999953 request successfully sent.
13-10-2024 21:59:31 - INFO - Response from moonraker: {'result': 'ok'}
13-10-2024 21:59:31 - INFO - Setting Chmaber Zones to a= 0.31637199999999965, b= 0.3615679999999996, c= 0.40676399999999957, d= 0.45195999999999953 Request successfully executed.
13-10-2024 21:59:31 - INFO - Sending request to Setting Chmaber Zones to a= 0.3108000000000001, b= 0.3552000000000001, c= 0.39960000000000007, d= 0.4440000000000001 with timeout of 5s...
13-10-2024 21:59:31 - INFO - Setting Chmaber Zones to a= 0.3108000000000001, b= 0.3552000000000001, c= 0.39960000000000007, d= 0.4440000000000001 request successfully sent.
13-10-2024 21:59:31 - INFO - Response from moonraker: {'result': 'ok'}
13-10-2024 21:59:31 - INFO - Setting Chmaber Zones to a= 0.3108000000000001, b= 0.3552000000000001, c= 0.39960000000000007, d= 0.4440000000000001 Request successfully executed.
13-10-2024 21:59:31 - INFO - Sending request to Setting Chmaber Zones to a= 0.3072859999999997, b= 0.3511839999999997, c= 0.39508199999999966, d= 0.4389799999999997 with timeout of 5s...
13-10-2024 21:59:31 - INFO - Setting Chmaber Zones to a= 0.3072859999999997, b= 0.3511839999999997, c= 0.39508199999999966, d= 0.4389799999999997 request successfully sent.
13-10-2024 21:59:31 - INFO - Response from moonraker: {'result': 'ok'}
13-10-2024 21:59:31 - INFO - Setting Chmaber Zones to a= 0.3072859999999997, b= 0.3511839999999997, c= 0.39508199999999966, d= 0.4389799999999997 Request successfully executed.
13-10-2024 21:59:31 - INFO - Sending request to Setting Chmaber Zones to a= 0.30367399999999994, b= 0.347056, c= 0.3904379999999999, d= 0.43381999999999993 with timeout of 5s...
13-10-2024 21:59:31 - INFO - Setting Chmaber Zones to a= 0.30367399999999994, b= 0.347056, c= 0.3904379999999999, d= 0.43381999999999993 request successfully sent.
13-10-2024 21:59:31 - INFO - Response from moonraker: {'result': 'ok'}
13-10-2024 21:59:31 - INFO - Setting Chmaber Zones to a= 0.30367399999999994, b= 0.347056, c= 0.3904379999999999, d= 0.43381999999999993 Request successfully executed.
13-10-2024 21:59:32 - INFO - Sending request to Setting Chmaber Zones to a= 0.29997799999999963, b= 0.3428319999999996, c= 0.38568599999999953, d= 0.4285399999999995 with timeout of 5s...
13-10-2024 21:59:32 - INFO - Setting Chmaber Zones to a= 0.29997799999999963, b= 0.3428319999999996, c= 0.38568599999999953, d= 0.4285399999999995 request successfully sent.
13-10-2024 21:59:32 - INFO - Response from moonraker: {'result': 'ok'}
13-10-2024 21:59:32 - INFO - Setting Chmaber Zones to a= 0.29997799999999963, b= 0.3428319999999996, c= 0.38568599999999953, d= 0.4285399999999995 Request successfully executed.
13-10-2024 21:59:32 - INFO - Sending request to Setting Chmaber Zones to a= 0.29835399999999973, b= 0.3409759999999997, c= 0.38359799999999966, d= 0.4262199999999996 with timeout of 5s...
13-10-2024 21:59:32 - INFO - Setting Chmaber Zones to a= 0.29835399999999973, b= 0.3409759999999997, c= 0.38359799999999966, d= 0.4262199999999996 request successfully sent.
13-10-2024 21:59:32 - INFO - Response from moonraker: {'result': 'ok'}
13-10-2024 21:59:32 - INFO - Setting Chmaber Zones to a= 0.29835399999999973, b= 0.3409759999999997, c= 0.38359799999999966, d= 0.4262199999999996 Request successfully executed.
13-10-2024 21:59:32 - INFO - Sending request to Setting Chmaber Zones to a= 0.294518, b= 0.336592, c= 0.378666, d= 0.42074 with timeout of 5s...
13-10-2024 21:59:32 - INFO - Setting Chmaber Zones to a= 0.294518, b= 0.336592, c= 0.378666, d= 0.42074 request successfully sent.
13-10-2024 21:59:32 - INFO - Response from moonraker: {'result': 'ok'}
13-10-2024 21:59:32 - INFO - Setting Chmaber Zones to a= 0.294518, b= 0.336592, c= 0.378666, d= 0.42074 Request successfully executed.
13-10-2024 21:59:32 - INFO - Sending request to Setting Chmaber Zones to a= 0.29492399999999996, b= 0.33705599999999997, c= 0.37918799999999997, d= 0.42132 with timeout of 5s...
13-10-2024 21:59:32 - INFO - Setting Chmaber Zones to a= 0.29492399999999996, b= 0.33705599999999997, c= 0.37918799999999997, d= 0.42132 request successfully sent.
13-10-2024 21:59:32 - INFO - Response from moonraker: {'result': 'ok'}
13-10-2024 21:59:32 - INFO - Setting Chmaber Zones to a= 0.29492399999999996, b= 0.33705599999999997, c= 0.37918799999999997, d= 0.42132 Request successfully executed.
13-10-2024 21:59:32 - INFO - Sending request to Setting Chmaber Zones to a= 0.29530199999999995, b= 0.33748799999999995, c= 0.37967399999999996, d= 0.4218599999999999 with timeout of 5s...
13-10-2024 21:59:32 - INFO - Setting Chmaber Zones to a= 0.29530199999999995, b= 0.33748799999999995, c= 0.37967399999999996, d= 0.4218599999999999 request successfully sent.
13-10-2024 21:59:32 - INFO - Response from moonraker: {'result': 'ok'}
13-10-2024 21:59:32 - INFO - Setting Chmaber Zones to a= 0.29530199999999995, b= 0.33748799999999995, c= 0.37967399999999996, d= 0.4218599999999999 Request successfully executed.
13-10-2024 21:59:33 - INFO - Sending request to Setting Chmaber Zones to a= 0.29352400000000006, b= 0.3354560000000001, c= 0.37738800000000006, d= 0.4193200000000001 with timeout of 5s...
13-10-2024 21:59:33 - INFO - Setting Chmaber Zones to a= 0.29352400000000006, b= 0.3354560000000001, c= 0.37738800000000006, d= 0.4193200000000001 request successfully sent.
13-10-2024 21:59:33 - INFO - Response from moonraker: {'result': 'ok'}
13-10-2024 21:59:33 - INFO - Setting Chmaber Zones to a= 0.29352400000000006, b= 0.3354560000000001, c= 0.37738800000000006, d= 0.4193200000000001 Request successfully executed.
13-10-2024 21:59:33 - INFO - Sending request to Setting Chmaber Zones to a= 0.2938740000000001, b= 0.33585600000000004, c= 0.37783800000000006, d= 0.4198200000000001 with timeout of 5s...
13-10-2024 21:59:33 - INFO - Setting Chmaber Zones to a= 0.2938740000000001, b= 0.33585600000000004, c= 0.37783800000000006, d= 0.4198200000000001 request successfully sent.
13-10-2024 21:59:33 - INFO - Response from moonraker: {'result': 'ok'}
13-10-2024 21:59:33 - INFO - Setting Chmaber Zones to a= 0.2938740000000001, b= 0.33585600000000004, c= 0.37783800000000006, d= 0.4198200000000001 Request successfully executed.
13-10-2024 21:59:33 - INFO - Sending request to Setting Chmaber Zones to a= 0.29205399999999954, b= 0.3337759999999995, c= 0.3754979999999994, d= 0.41721999999999937 with timeout of 5s...
13-10-2024 21:59:33 - INFO - Setting Chmaber Zones to a= 0.29205399999999954, b= 0.3337759999999995, c= 0.3754979999999994, d= 0.41721999999999937 request successfully sent.
13-10-2024 21:59:33 - INFO - Response from moonraker: {'result': 'ok'}
13-10-2024 21:59:33 - INFO - Setting Chmaber Zones to a= 0.29205399999999954, b= 0.3337759999999995, c= 0.3754979999999994, d= 0.41721999999999937 Request successfully executed.
13-10-2024 21:59:33 - INFO - Sending request to Setting Chmaber Zones to a= 0.29020599999999974, b= 0.3316639999999997, c= 0.3731219999999997, d= 0.4145799999999996 with timeout of 5s...
13-10-2024 21:59:33 - INFO - Setting Chmaber Zones to a= 0.29020599999999974, b= 0.3316639999999997, c= 0.3731219999999997, d= 0.4145799999999996 request successfully sent.
13-10-2024 21:59:33 - INFO - Response from moonraker: {'result': 'ok'}
13-10-2024 21:59:33 - INFO - Setting Chmaber Zones to a= 0.29020599999999974, b= 0.3316639999999997, c= 0.3731219999999997, d= 0.4145799999999996 Request successfully executed.
13-10-2024 21:59:33 - INFO - Sending request to Setting Chmaber Zones to a= 0.29047199999999973, b= 0.33196799999999965, c= 0.3734639999999997, d= 0.4149599999999996 with timeout of 5s...
13-10-2024 21:59:33 - INFO - Setting Chmaber Zones to a= 0.29047199999999973, b= 0.33196799999999965, c= 0.3734639999999997, d= 0.4149599999999996 request successfully sent.
13-10-2024 21:59:33 - INFO - Response from moonraker: {'result': 'ok'}
13-10-2024 21:59:33 - INFO - Setting Chmaber Zones to a= 0.29047199999999973, b= 0.33196799999999965, c= 0.3734639999999997, d= 0.4149599999999996 Request successfully executed.
13-10-2024 21:59:34 - INFO - Sending request to Setting Chmaber Zones to a= 0.286412, b= 0.32732799999999995, c= 0.36824399999999996, d= 0.40915999999999997 with timeout of 5s...
13-10-2024 21:59:34 - INFO - Setting Chmaber Zones to a= 0.286412, b= 0.32732799999999995, c= 0.36824399999999996, d= 0.40915999999999997 request successfully sent.
13-10-2024 21:59:34 - INFO - Response from moonraker: {'result': 'ok'}
13-10-2024 21:59:34 - INFO - Setting Chmaber Zones to a= 0.286412, b= 0.32732799999999995, c= 0.36824399999999996, d= 0.40915999999999997 Request successfully executed.
13-10-2024 21:59:34 - INFO - Sending request to Setting Chmaber Zones to a= 0.286608, b= 0.32755199999999995, c= 0.36849599999999993, d= 0.40943999999999986 with timeout of 5s...
13-10-2024 21:59:34 - INFO - Setting Chmaber Zones to a= 0.286608, b= 0.32755199999999995, c= 0.36849599999999993, d= 0.40943999999999986 request successfully sent.
13-10-2024 21:59:34 - INFO - Response from moonraker: {'result': 'ok'}
13-10-2024 21:59:34 - INFO - Setting Chmaber Zones to a= 0.286608, b= 0.32755199999999995, c= 0.36849599999999993, d= 0.40943999999999986 Request successfully executed.
13-10-2024 21:59:34 - INFO - Sending request to Setting Chmaber Zones to a= 0.2867759999999999, b= 0.3277439999999999, c= 0.36871199999999993, d= 0.40968 with timeout of 5s...
13-10-2024 21:59:34 - INFO - Setting Chmaber Zones to a= 0.2867759999999999, b= 0.3277439999999999, c= 0.36871199999999993, d= 0.40968 request successfully sent.
13-10-2024 21:59:34 - INFO - Response from moonraker: {'result': 'ok'}
13-10-2024 21:59:34 - INFO - Setting Chmaber Zones to a= 0.2867759999999999, b= 0.3277439999999999, c= 0.36871199999999993, d= 0.40968 Request successfully executed.
13-10-2024 21:59:34 - INFO - Sending request to Setting Chmaber Zones to a= 0.2869439999999999, b= 0.3279359999999999, c= 0.3689279999999999, d= 0.4099199999999999 with timeout of 5s...
13-10-2024 21:59:34 - INFO - Setting Chmaber Zones to a= 0.2869439999999999, b= 0.3279359999999999, c= 0.3689279999999999, d= 0.4099199999999999 request successfully sent.
13-10-2024 21:59:34 - INFO - Response from moonraker: {'result': 'ok'}
13-10-2024 21:59:34 - INFO - Setting Chmaber Zones to a= 0.2869439999999999, b= 0.3279359999999999, c= 0.3689279999999999, d= 0.4099199999999999 Request successfully executed.
13-10-2024 21:59:34 - INFO - Sending request to Setting Chmaber Zones to a= 0.2871119999999999, b= 0.32812799999999986, c= 0.36914399999999986, d= 0.41015999999999986 with timeout of 5s...
13-10-2024 21:59:34 - INFO - Setting Chmaber Zones to a= 0.2871119999999999, b= 0.32812799999999986, c= 0.36914399999999986, d= 0.41015999999999986 request successfully sent.
13-10-2024 21:59:34 - INFO - Response from moonraker: {'result': 'ok'}
13-10-2024 21:59:34 - INFO - Setting Chmaber Zones to a= 0.2871119999999999, b= 0.32812799999999986, c= 0.36914399999999986, d= 0.41015999999999986 Request successfully executed.
13-10-2024 21:59:35 - INFO - Sending request to Setting Chmaber Zones to a= 0.2872799999999999, b= 0.32831999999999995, c= 0.36935999999999986, d= 0.4103999999999999 with timeout of 5s...
13-10-2024 21:59:35 - INFO - Setting Chmaber Zones to a= 0.2872799999999999, b= 0.32831999999999995, c= 0.36935999999999986, d= 0.4103999999999999 request successfully sent.
13-10-2024 21:59:35 - INFO - Response from moonraker: {'result': 'ok'}
13-10-2024 21:59:35 - INFO - Setting Chmaber Zones to a= 0.2872799999999999, b= 0.32831999999999995, c= 0.36935999999999986, d= 0.4103999999999999 Request successfully executed.
13-10-2024 21:59:35 - INFO - Sending request to Setting Chmaber Zones to a= 0.28744799999999987, b= 0.32851199999999986, c= 0.36957599999999985, d= 0.41063999999999984 with timeout of 5s...
13-10-2024 21:59:35 - INFO - Setting Chmaber Zones to a= 0.28744799999999987, b= 0.32851199999999986, c= 0.36957599999999985, d= 0.41063999999999984 request successfully sent.
13-10-2024 21:59:35 - INFO - Response from moonraker: {'result': 'ok'}
13-10-2024 21:59:35 - INFO - Setting Chmaber Zones to a= 0.28744799999999987, b= 0.32851199999999986, c= 0.36957599999999985, d= 0.41063999999999984 Request successfully executed.
13-10-2024 21:59:35 - INFO - Sending request to Setting Chmaber Zones to a= 0.2919279999999997, b= 0.33363199999999965, c= 0.37533599999999956, d= 0.4170399999999995 with timeout of 5s...
13-10-2024 21:59:35 - INFO - Setting Chmaber Zones to a= 0.2919279999999997, b= 0.33363199999999965, c= 0.37533599999999956, d= 0.4170399999999995 request successfully sent.
13-10-2024 21:59:35 - INFO - Response from moonraker: {'result': 'ok'}
13-10-2024 21:59:35 - INFO - Setting Chmaber Zones to a= 0.2919279999999997, b= 0.33363199999999965, c= 0.37533599999999956, d= 0.4170399999999995 Request successfully executed.
13-10-2024 21:59:35 - INFO - Sending request to Setting Chmaber Zones to a= 0.2921519999999997, b= 0.3338879999999997, c= 0.3756239999999996, d= 0.41735999999999956 with timeout of 5s...
13-10-2024 21:59:35 - INFO - Setting Chmaber Zones to a= 0.2921519999999997, b= 0.3338879999999997, c= 0.3756239999999996, d= 0.41735999999999956 request successfully sent.
13-10-2024 21:59:35 - INFO - Response from moonraker: {'result': 'ok'}
13-10-2024 21:59:35 - INFO - Setting Chmaber Zones to a= 0.2921519999999997, b= 0.3338879999999997, c= 0.3756239999999996, d= 0.41735999999999956 Request successfully executed.
13-10-2024 21:59:35 - INFO - Sending request to Setting Chmaber Zones to a= 0.2924039999999997, b= 0.33417599999999964, c= 0.3759479999999996, d= 0.41771999999999954 with timeout of 5s...
13-10-2024 21:59:35 - INFO - Setting Chmaber Zones to a= 0.2924039999999997, b= 0.33417599999999964, c= 0.3759479999999996, d= 0.41771999999999954 request successfully sent.
13-10-2024 21:59:35 - INFO - Response from moonraker: {'result': 'ok'}
13-10-2024 21:59:35 - INFO - Setting Chmaber Zones to a= 0.2924039999999997, b= 0.33417599999999964, c= 0.3759479999999996, d= 0.41771999999999954 Request successfully executed.
13-10-2024 21:59:36 - INFO - Sending request to Setting Chmaber Zones to a= 0.2926559999999997, b= 0.3344639999999997, c= 0.3762719999999996, d= 0.41807999999999956 with timeout of 5s...
13-10-2024 21:59:36 - INFO - Setting Chmaber Zones to a= 0.2926559999999997, b= 0.3344639999999997, c= 0.3762719999999996, d= 0.41807999999999956 request successfully sent.
13-10-2024 21:59:36 - INFO - Response from moonraker: {'result': 'ok'}
13-10-2024 21:59:36 - INFO - Setting Chmaber Zones to a= 0.2926559999999997, b= 0.3344639999999997, c= 0.3762719999999996, d= 0.41807999999999956 Request successfully executed.
13-10-2024 21:59:36 - INFO - Sending request to Setting Chmaber Zones to a= 0.2929079999999997, b= 0.33475199999999966, c= 0.3765959999999996, d= 0.4184399999999996 with timeout of 5s...
13-10-2024 21:59:36 - INFO - Setting Chmaber Zones to a= 0.2929079999999997, b= 0.33475199999999966, c= 0.3765959999999996, d= 0.4184399999999996 request successfully sent.
13-10-2024 21:59:36 - INFO - Response from moonraker: {'result': 'ok'}
13-10-2024 21:59:36 - INFO - Setting Chmaber Zones to a= 0.2929079999999997, b= 0.33475199999999966, c= 0.3765959999999996, d= 0.4184399999999996 Request successfully executed.
13-10-2024 21:59:36 - INFO - Sending request to Setting Chmaber Zones to a= 0.2910039999999998, b= 0.3325759999999998, c= 0.37414799999999976, d= 0.41571999999999976 with timeout of 5s...
13-10-2024 21:59:36 - INFO - Setting Chmaber Zones to a= 0.2910039999999998, b= 0.3325759999999998, c= 0.37414799999999976, d= 0.41571999999999976 request successfully sent.
13-10-2024 21:59:36 - INFO - Response from moonraker: {'result': 'ok'}
13-10-2024 21:59:36 - INFO - Setting Chmaber Zones to a= 0.2910039999999998, b= 0.3325759999999998, c= 0.37414799999999976, d= 0.41571999999999976 Request successfully executed.
13-10-2024 21:59:36 - INFO - Sending request to Setting Chmaber Zones to a= 0.2912279999999998, b= 0.3328319999999998, c= 0.37443599999999977, d= 0.4160399999999997 with timeout of 5s...
13-10-2024 21:59:36 - INFO - Setting Chmaber Zones to a= 0.2912279999999998, b= 0.3328319999999998, c= 0.37443599999999977, d= 0.4160399999999997 request successfully sent.
13-10-2024 21:59:36 - INFO - Response from moonraker: {'result': 'ok'}
13-10-2024 21:59:36 - INFO - Setting Chmaber Zones to a= 0.2912279999999998, b= 0.3328319999999998, c= 0.37443599999999977, d= 0.4160399999999997 Request successfully executed.
13-10-2024 21:59:36 - INFO - Sending request to Setting Chmaber Zones to a= 0.29143799999999986, b= 0.3330719999999998, c= 0.37470599999999976, d= 0.41633999999999977 with timeout of 5s...
13-10-2024 21:59:37 - INFO - Setting Chmaber Zones to a= 0.29143799999999986, b= 0.3330719999999998, c= 0.37470599999999976, d= 0.41633999999999977 request successfully sent.
13-10-2024 21:59:37 - INFO - Response from moonraker: {'result': 'ok'}
13-10-2024 21:59:37 - INFO - Setting Chmaber Zones to a= 0.29143799999999986, b= 0.3330719999999998, c= 0.37470599999999976, d= 0.41633999999999977 Request successfully executed.
13-10-2024 21:59:37 - INFO - Sending request to Setting Chmaber Zones to a= 0.2916479999999998, b= 0.33331199999999983, c= 0.37497599999999975, d= 0.41663999999999973 with timeout of 5s...
13-10-2024 21:59:37 - INFO - Setting Chmaber Zones to a= 0.2916479999999998, b= 0.33331199999999983, c= 0.37497599999999975, d= 0.41663999999999973 request successfully sent.
13-10-2024 21:59:37 - INFO - Response from moonraker: {'result': 'ok'}
13-10-2024 21:59:37 - INFO - Setting Chmaber Zones to a= 0.2916479999999998, b= 0.33331199999999983, c= 0.37497599999999975, d= 0.41663999999999973 Request successfully executed.
13-10-2024 21:59:37 - INFO - Sending request to Setting Chmaber Zones to a= 0.29185799999999984, b= 0.33355199999999985, c= 0.3752459999999998, d= 0.41693999999999976 with timeout of 5s...
13-10-2024 21:59:37 - INFO - Setting Chmaber Zones to a= 0.29185799999999984, b= 0.33355199999999985, c= 0.3752459999999998, d= 0.41693999999999976 request successfully sent.
13-10-2024 21:59:37 - INFO - Response from moonraker: {'result': 'ok'}
13-10-2024 21:59:37 - INFO - Setting Chmaber Zones to a= 0.29185799999999984, b= 0.33355199999999985, c= 0.3752459999999998, d= 0.41693999999999976 Request successfully executed.
13-10-2024 21:59:37 - INFO - Sending request to Setting Chmaber Zones to a= 0.2920679999999998, b= 0.3337919999999998, c= 0.3755159999999998, d= 0.4172399999999998 with timeout of 5s...
13-10-2024 21:59:37 - INFO - Setting Chmaber Zones to a= 0.2920679999999998, b= 0.3337919999999998, c= 0.3755159999999998, d= 0.4172399999999998 request successfully sent.
13-10-2024 21:59:37 - INFO - Response from moonraker: {'result': 'ok'}
13-10-2024 21:59:37 - INFO - Setting Chmaber Zones to a= 0.2920679999999998, b= 0.3337919999999998, c= 0.3755159999999998, d= 0.4172399999999998 Request successfully executed.
13-10-2024 21:59:37 - INFO - Sending request to Setting Chmaber Zones to a= 0.2922779999999998, b= 0.3340319999999998, c= 0.3757859999999998, d= 0.41753999999999974 with timeout of 5s...
13-10-2024 21:59:37 - INFO - Setting Chmaber Zones to a= 0.2922779999999998, b= 0.3340319999999998, c= 0.3757859999999998, d= 0.41753999999999974 request successfully sent.
13-10-2024 21:59:37 - INFO - Response from moonraker: {'result': 'ok'}
13-10-2024 21:59:37 - INFO - Setting Chmaber Zones to a= 0.2922779999999998, b= 0.3340319999999998, c= 0.3757859999999998, d= 0.41753999999999974 Request successfully executed.
13-10-2024 21:59:37 - INFO - Sending request to Setting Chmaber Zones to a= 0.2903319999999999, b= 0.3318079999999999, c= 0.37328399999999995, d= 0.4147599999999999 with timeout of 5s...
13-10-2024 21:59:37 - INFO - Setting Chmaber Zones to a= 0.2903319999999999, b= 0.3318079999999999, c= 0.37328399999999995, d= 0.4147599999999999 request successfully sent.
13-10-2024 21:59:37 - INFO - Response from moonraker: {'result': 'ok'}
13-10-2024 21:59:37 - INFO - Setting Chmaber Zones to a= 0.2903319999999999, b= 0.3318079999999999, c= 0.37328399999999995, d= 0.4147599999999999 Request successfully executed.
13-10-2024 21:59:38 - INFO - Sending request to Setting Chmaber Zones to a= 0.28835800000000006, b= 0.32955200000000007, c= 0.37074600000000013, d= 0.4119400000000001 with timeout of 5s...
13-10-2024 21:59:38 - INFO - Setting Chmaber Zones to a= 0.28835800000000006, b= 0.32955200000000007, c= 0.37074600000000013, d= 0.4119400000000001 request successfully sent.
13-10-2024 21:59:38 - INFO - Response from moonraker: {'result': 'ok'}
13-10-2024 21:59:38 - INFO - Setting Chmaber Zones to a= 0.28835800000000006, b= 0.32955200000000007, c= 0.37074600000000013, d= 0.4119400000000001 Request successfully executed.
13-10-2024 21:59:38 - INFO - Sending request to Setting Chmaber Zones to a= 0.28634199999999965, b= 0.3272479999999996, c= 0.36815399999999954, d= 0.4090599999999995 with timeout of 5s...
13-10-2024 21:59:38 - INFO - Setting Chmaber Zones to a= 0.28634199999999965, b= 0.3272479999999996, c= 0.36815399999999954, d= 0.4090599999999995 request successfully sent.
13-10-2024 21:59:38 - INFO - Response from moonraker: {'result': 'ok'}
13-10-2024 21:59:38 - INFO - Setting Chmaber Zones to a= 0.28634199999999965, b= 0.3272479999999996, c= 0.36815399999999954, d= 0.4090599999999995 Request successfully executed.
13-10-2024 21:59:38 - INFO - Sending request to Setting Chmaber Zones to a= 0.2821279999999999, b= 0.3224319999999999, c= 0.3627359999999999, d= 0.4030399999999999 with timeout of 5s...
13-10-2024 21:59:38 - INFO - Setting Chmaber Zones to a= 0.2821279999999999, b= 0.3224319999999999, c= 0.3627359999999999, d= 0.4030399999999999 request successfully sent.
13-10-2024 21:59:38 - INFO - Response from moonraker: {'result': 'ok'}
13-10-2024 21:59:38 - INFO - Setting Chmaber Zones to a= 0.2821279999999999, b= 0.3224319999999999, c= 0.3627359999999999, d= 0.4030399999999999 Request successfully executed.
13-10-2024 21:59:38 - INFO - Sending request to Setting Chmaber Zones to a= 0.2799999999999999, b= 0.31999999999999995, c= 0.35999999999999993, d= 0.3999999999999999 with timeout of 5s...
13-10-2024 21:59:38 - INFO - Setting Chmaber Zones to a= 0.2799999999999999, b= 0.31999999999999995, c= 0.35999999999999993, d= 0.3999999999999999 request successfully sent.
13-10-2024 21:59:38 - INFO - Response from moonraker: {'result': 'ok'}
13-10-2024 21:59:38 - INFO - Setting Chmaber Zones to a= 0.2799999999999999, b= 0.31999999999999995, c= 0.35999999999999993, d= 0.3999999999999999 Request successfully executed.
13-10-2024 21:59:38 - INFO - Sending request to Setting Chmaber Zones to a= 0.27781600000000006, b= 0.3175040000000001, c= 0.35719200000000007, d= 0.3968800000000001 with timeout of 5s...
13-10-2024 21:59:39 - INFO - Setting Chmaber Zones to a= 0.27781600000000006, b= 0.3175040000000001, c= 0.35719200000000007, d= 0.3968800000000001 request successfully sent.
13-10-2024 21:59:39 - INFO - Response from moonraker: {'result': 'ok'}
13-10-2024 21:59:39 - INFO - Setting Chmaber Zones to a= 0.27781600000000006, b= 0.3175040000000001, c= 0.35719200000000007, d= 0.3968800000000001 Request successfully executed.
13-10-2024 21:59:39 - INFO - Sending request to Setting Chmaber Zones to a= 0.2734339999999998, b= 0.3124959999999998, c= 0.3515579999999997, d= 0.3906199999999997 with timeout of 5s...
13-10-2024 21:59:39 - INFO - Setting Chmaber Zones to a= 0.2734339999999998, b= 0.3124959999999998, c= 0.3515579999999997, d= 0.3906199999999997 request successfully sent.
13-10-2024 21:59:39 - INFO - Response from moonraker: {'result': 'ok'}
13-10-2024 21:59:39 - INFO - Setting Chmaber Zones to a= 0.2734339999999998, b= 0.3124959999999998, c= 0.3515579999999997, d= 0.3906199999999997 Request successfully executed.
13-10-2024 21:59:39 - INFO - Sending request to Setting Chmaber Zones to a= 0.2711379999999999, b= 0.3098719999999998, c= 0.34860599999999986, d= 0.3873399999999998 with timeout of 5s...
13-10-2024 21:59:39 - INFO - Setting Chmaber Zones to a= 0.2711379999999999, b= 0.3098719999999998, c= 0.34860599999999986, d= 0.3873399999999998 request successfully sent.
13-10-2024 21:59:39 - INFO - Response from moonraker: {'result': 'ok'}
13-10-2024 21:59:39 - INFO - Setting Chmaber Zones to a= 0.2711379999999999, b= 0.3098719999999998, c= 0.34860599999999986, d= 0.3873399999999998 Request successfully executed.
13-10-2024 21:59:39 - INFO - Sending request to Setting Chmaber Zones to a= 0.26878599999999997, b= 0.30718399999999996, c= 0.34558199999999994, d= 0.38398 with timeout of 5s...
13-10-2024 21:59:39 - INFO - Setting Chmaber Zones to a= 0.26878599999999997, b= 0.30718399999999996, c= 0.34558199999999994, d= 0.38398 request successfully sent.
13-10-2024 21:59:39 - INFO - Response from moonraker: {'result': 'ok'}
13-10-2024 21:59:39 - INFO - Setting Chmaber Zones to a= 0.26878599999999997, b= 0.30718399999999996, c= 0.34558199999999994, d= 0.38398 Request successfully executed.
13-10-2024 21:59:39 - INFO - Sending request to Setting Chmaber Zones to a= 0.2642359999999997, b= 0.30198399999999964, c= 0.33973199999999953, d= 0.37747999999999954 with timeout of 5s...
13-10-2024 21:59:39 - INFO - Setting Chmaber Zones to a= 0.2642359999999997, b= 0.30198399999999964, c= 0.33973199999999953, d= 0.37747999999999954 request successfully sent.
13-10-2024 21:59:39 - INFO - Response from moonraker: {'result': 'ok'}
13-10-2024 21:59:39 - INFO - Setting Chmaber Zones to a= 0.2642359999999997, b= 0.30198399999999964, c= 0.33973199999999953, d= 0.37747999999999954 Request successfully executed.
13-10-2024 21:59:39 - INFO - Sending request to Setting Chmaber Zones to a= 0.2617719999999998, b= 0.2991679999999997, c= 0.3365639999999997, d= 0.3739599999999996 with timeout of 5s...
13-10-2024 21:59:40 - INFO - Setting Chmaber Zones to a= 0.2617719999999998, b= 0.2991679999999997, c= 0.3365639999999997, d= 0.3739599999999996 request successfully sent.
13-10-2024 21:59:40 - INFO - Response from moonraker: {'result': 'ok'}
13-10-2024 21:59:40 - INFO - Setting Chmaber Zones to a= 0.2617719999999998, b= 0.2991679999999997, c= 0.3365639999999997, d= 0.3739599999999996 Request successfully executed.
13-10-2024 21:59:40 - INFO - Sending request to Setting Chmaber Zones to a= 0.257096, b= 0.29382400000000003, c= 0.33055200000000007, d= 0.3672800000000001 with timeout of 5s...
13-10-2024 21:59:40 - INFO - Setting Chmaber Zones to a= 0.257096, b= 0.29382400000000003, c= 0.33055200000000007, d= 0.3672800000000001 request successfully sent.
13-10-2024 21:59:40 - INFO - Response from moonraker: {'result': 'ok'}
13-10-2024 21:59:40 - INFO - Setting Chmaber Zones to a= 0.257096, b= 0.29382400000000003, c= 0.33055200000000007, d= 0.3672800000000001 Request successfully executed.
13-10-2024 21:59:40 - INFO - Sending request to Setting Chmaber Zones to a= 0.2523499999999997, b= 0.28839999999999966, c= 0.32444999999999957, d= 0.36049999999999954 with timeout of 5s...
13-10-2024 21:59:40 - INFO - Setting Chmaber Zones to a= 0.2523499999999997, b= 0.28839999999999966, c= 0.32444999999999957, d= 0.36049999999999954 request successfully sent.
13-10-2024 21:59:40 - INFO - Response from moonraker: {'result': 'ok'}
13-10-2024 21:59:40 - INFO - Setting Chmaber Zones to a= 0.2523499999999997, b= 0.28839999999999966, c= 0.32444999999999957, d= 0.36049999999999954 Request successfully executed.
13-10-2024 21:59:40 - INFO - Sending request to Setting Chmaber Zones to a= 0.2496759999999998, b= 0.28534399999999976, c= 0.3210119999999998, d= 0.3566799999999997 with timeout of 5s...
13-10-2024 21:59:40 - INFO - Setting Chmaber Zones to a= 0.2496759999999998, b= 0.28534399999999976, c= 0.3210119999999998, d= 0.3566799999999997 request successfully sent.
13-10-2024 21:59:40 - INFO - Response from moonraker: {'result': 'ok'}
13-10-2024 21:59:40 - INFO - Setting Chmaber Zones to a= 0.2496759999999998, b= 0.28534399999999976, c= 0.3210119999999998, d= 0.3566799999999997 Request successfully executed.
13-10-2024 21:59:40 - INFO - Sending request to Setting Chmaber Zones to a= 0.24910199999999985, b= 0.28468799999999983, c= 0.3202739999999998, d= 0.3558599999999998 with timeout of 5s...
13-10-2024 21:59:40 - INFO - Setting Chmaber Zones to a= 0.24910199999999985, b= 0.28468799999999983, c= 0.3202739999999998, d= 0.3558599999999998 request successfully sent.
13-10-2024 21:59:40 - INFO - Response from moonraker: {'result': 'ok'}
13-10-2024 21:59:40 - INFO - Setting Chmaber Zones to a= 0.24910199999999985, b= 0.28468799999999983, c= 0.3202739999999998, d= 0.3558599999999998 Request successfully executed.
13-10-2024 21:59:40 - INFO - Sending request to Setting Chmaber Zones to a= 0.24635799999999997, b= 0.2815519999999999, c= 0.3167459999999999, d= 0.35193999999999986 with timeout of 5s...
13-10-2024 21:59:41 - INFO - Setting Chmaber Zones to a= 0.24635799999999997, b= 0.2815519999999999, c= 0.3167459999999999, d= 0.35193999999999986 request successfully sent.
13-10-2024 21:59:41 - INFO - Response from moonraker: {'result': 'ok'}
13-10-2024 21:59:41 - INFO - Setting Chmaber Zones to a= 0.24635799999999997, b= 0.2815519999999999, c= 0.3167459999999999, d= 0.35193999999999986 Request successfully executed.
13-10-2024 21:59:41 - INFO - Sending request to Setting Chmaber Zones to a= 0.24143000000000017, b= 0.2759200000000002, c= 0.31041000000000024, d= 0.3449000000000002 with timeout of 5s...
13-10-2024 21:59:41 - INFO - Setting Chmaber Zones to a= 0.24143000000000017, b= 0.2759200000000002, c= 0.31041000000000024, d= 0.3449000000000002 request successfully sent.
13-10-2024 21:59:41 - INFO - Response from moonraker: {'result': 'ok'}
13-10-2024 21:59:41 - INFO - Setting Chmaber Zones to a= 0.24143000000000017, b= 0.2759200000000002, c= 0.31041000000000024, d= 0.3449000000000002 Request successfully executed.
13-10-2024 21:59:41 - INFO - Sending request to Setting Chmaber Zones to a= 0.24074400000000015, b= 0.27513600000000016, c= 0.3095280000000002, d= 0.3439200000000002 with timeout of 5s...
13-10-2024 21:59:41 - INFO - Setting Chmaber Zones to a= 0.24074400000000015, b= 0.27513600000000016, c= 0.3095280000000002, d= 0.3439200000000002 request successfully sent.
13-10-2024 21:59:41 - INFO - Response from moonraker: {'result': 'ok'}
13-10-2024 21:59:41 - INFO - Setting Chmaber Zones to a= 0.24074400000000015, b= 0.27513600000000016, c= 0.3095280000000002, d= 0.3439200000000002 Request successfully executed.
13-10-2024 21:59:41 - INFO - Sending request to Setting Chmaber Zones to a= 0.2400300000000001, b= 0.2743200000000001, c= 0.30861000000000016, d= 0.34290000000000015 with timeout of 5s...
13-10-2024 21:59:41 - INFO - Setting Chmaber Zones to a= 0.2400300000000001, b= 0.2743200000000001, c= 0.30861000000000016, d= 0.34290000000000015 request successfully sent.
13-10-2024 21:59:41 - INFO - Response from moonraker: {'result': 'ok'}
13-10-2024 21:59:41 - INFO - Setting Chmaber Zones to a= 0.2400300000000001, b= 0.2743200000000001, c= 0.30861000000000016, d= 0.34290000000000015 Request successfully executed.
13-10-2024 21:59:41 - INFO - Sending request to Setting Chmaber Zones to a= 0.23715999999999965, b= 0.2710399999999996, c= 0.3049199999999995, d= 0.33879999999999943 with timeout of 5s...
13-10-2024 21:59:41 - INFO - Setting Chmaber Zones to a= 0.23715999999999965, b= 0.2710399999999996, c= 0.3049199999999995, d= 0.33879999999999943 request successfully sent.
13-10-2024 21:59:41 - INFO - Response from moonraker: {'result': 'ok'}
13-10-2024 21:59:41 - INFO - Setting Chmaber Zones to a= 0.23715999999999965, b= 0.2710399999999996, c= 0.3049199999999995, d= 0.33879999999999943 Request successfully executed.
13-10-2024 21:59:42 - INFO - Sending request to Setting Chmaber Zones to a= 0.23426199999999978, b= 0.26772799999999974, c= 0.3011939999999997, d= 0.3346599999999997 with timeout of 5s...
13-10-2024 21:59:42 - INFO - Setting Chmaber Zones to a= 0.23426199999999978, b= 0.26772799999999974, c= 0.3011939999999997, d= 0.3346599999999997 request successfully sent.
13-10-2024 21:59:42 - INFO - Response from moonraker: {'result': 'ok'}
13-10-2024 21:59:42 - INFO - Setting Chmaber Zones to a= 0.23426199999999978, b= 0.26772799999999974, c= 0.3011939999999997, d= 0.3346599999999997 Request successfully executed.
13-10-2024 21:59:42 - INFO - Sending request to Setting Chmaber Zones to a= 0.23347799999999982, b= 0.2668319999999998, c= 0.30018599999999973, d= 0.3335399999999997 with timeout of 5s...
13-10-2024 21:59:42 - INFO - Setting Chmaber Zones to a= 0.23347799999999982, b= 0.2668319999999998, c= 0.30018599999999973, d= 0.3335399999999997 request successfully sent.
13-10-2024 21:59:42 - INFO - Response from moonraker: {'result': 'ok'}
13-10-2024 21:59:42 - INFO - Setting Chmaber Zones to a= 0.23347799999999982, b= 0.2668319999999998, c= 0.30018599999999973, d= 0.3335399999999997 Request successfully executed.
13-10-2024 21:59:42 - INFO - Sending request to Setting Chmaber Zones to a= 0.23267999999999983, b= 0.2659199999999998, c= 0.2991599999999998, d= 0.33239999999999975 with timeout of 5s...
13-10-2024 21:59:42 - INFO - Setting Chmaber Zones to a= 0.23267999999999983, b= 0.2659199999999998, c= 0.2991599999999998, d= 0.33239999999999975 request successfully sent.
13-10-2024 21:59:42 - INFO - Response from moonraker: {'result': 'ok'}
13-10-2024 21:59:42 - INFO - Setting Chmaber Zones to a= 0.23267999999999983, b= 0.2659199999999998, c= 0.2991599999999998, d= 0.33239999999999975 Request successfully executed.
13-10-2024 21:59:42 - INFO - Sending request to Setting Chmaber Zones to a= 0.23188199999999984, b= 0.26500799999999985, c= 0.2981339999999998, d= 0.3312599999999998 with timeout of 5s...
13-10-2024 21:59:42 - INFO - Setting Chmaber Zones to a= 0.23188199999999984, b= 0.26500799999999985, c= 0.2981339999999998, d= 0.3312599999999998 request successfully sent.
13-10-2024 21:59:42 - INFO - Response from moonraker: {'result': 'ok'}
13-10-2024 21:59:42 - INFO - Setting Chmaber Zones to a= 0.23188199999999984, b= 0.26500799999999985, c= 0.2981339999999998, d= 0.3312599999999998 Request successfully executed.
13-10-2024 21:59:42 - INFO - Sending request to Setting Chmaber Zones to a= 0.23108399999999982, b= 0.2640959999999998, c= 0.29710799999999976, d= 0.33011999999999975 with timeout of 5s...
13-10-2024 21:59:42 - INFO - Setting Chmaber Zones to a= 0.23108399999999982, b= 0.2640959999999998, c= 0.29710799999999976, d= 0.33011999999999975 request successfully sent.
13-10-2024 21:59:42 - INFO - Response from moonraker: {'result': 'ok'}
13-10-2024 21:59:42 - INFO - Setting Chmaber Zones to a= 0.23108399999999982, b= 0.2640959999999998, c= 0.29710799999999976, d= 0.33011999999999975 Request successfully executed.
13-10-2024 21:59:43 - INFO - Sending request to Setting Chmaber Zones to a= 0.23890999999999998, b= 0.27304, c= 0.30717, d= 0.34130000000000005 with timeout of 5s...
13-10-2024 21:59:43 - INFO - Setting Chmaber Zones to a= 0.23890999999999998, b= 0.27304, c= 0.30717, d= 0.34130000000000005 request successfully sent.
13-10-2024 21:59:43 - INFO - Response from moonraker: {'result': 'ok'}
13-10-2024 21:59:43 - INFO - Setting Chmaber Zones to a= 0.23890999999999998, b= 0.27304, c= 0.30717, d= 0.34130000000000005 Request successfully executed.
13-10-2024 21:59:43 - INFO - Sending request to Setting Chmaber Zones to a= 0.24037999999999987, b= 0.27471999999999985, c= 0.30905999999999983, d= 0.3433999999999998 with timeout of 5s...
13-10-2024 21:59:43 - INFO - Setting Chmaber Zones to a= 0.24037999999999987, b= 0.27471999999999985, c= 0.30905999999999983, d= 0.3433999999999998 request successfully sent.
13-10-2024 21:59:43 - INFO - Response from moonraker: {'result': 'ok'}
13-10-2024 21:59:43 - INFO - Setting Chmaber Zones to a= 0.24037999999999987, b= 0.27471999999999985, c= 0.30905999999999983, d= 0.3433999999999998 Request successfully executed.
13-10-2024 21:59:43 - INFO - Sending request to Setting Chmaber Zones to a= 0.2462460000000001, b= 0.2814240000000001, c= 0.31660200000000016, d= 0.3517800000000001 with timeout of 5s...
13-10-2024 21:59:43 - INFO - Setting Chmaber Zones to a= 0.2462460000000001, b= 0.2814240000000001, c= 0.31660200000000016, d= 0.3517800000000001 request successfully sent.
13-10-2024 21:59:43 - INFO - Response from moonraker: {'result': 'ok'}
13-10-2024 21:59:43 - INFO - Setting Chmaber Zones to a= 0.2462460000000001, b= 0.2814240000000001, c= 0.31660200000000016, d= 0.3517800000000001 Request successfully executed.
13-10-2024 21:59:43 - INFO - Sending request to Setting Chmaber Zones to a= 0.25005399999999983, b= 0.2857759999999998, c= 0.3214979999999998, d= 0.3572199999999997 with timeout of 5s...
13-10-2024 21:59:43 - INFO - Setting Chmaber Zones to a= 0.25005399999999983, b= 0.2857759999999998, c= 0.3214979999999998, d= 0.3572199999999997 request successfully sent.
13-10-2024 21:59:43 - INFO - Response from moonraker: {'result': 'ok'}
13-10-2024 21:59:43 - INFO - Setting Chmaber Zones to a= 0.25005399999999983, b= 0.2857759999999998, c= 0.3214979999999998, d= 0.3572199999999997 Request successfully executed.
13-10-2024 21:59:43 - INFO - Sending request to Setting Chmaber Zones to a= 0.24964799999999981, b= 0.2853119999999998, c= 0.32097599999999976, d= 0.35663999999999974 with timeout of 5s...
13-10-2024 21:59:43 - INFO - Setting Chmaber Zones to a= 0.24964799999999981, b= 0.2853119999999998, c= 0.32097599999999976, d= 0.35663999999999974 request successfully sent.
13-10-2024 21:59:43 - INFO - Response from moonraker: {'result': 'ok'}
13-10-2024 21:59:43 - INFO - Setting Chmaber Zones to a= 0.24964799999999981, b= 0.2853119999999998, c= 0.32097599999999976, d= 0.35663999999999974 Request successfully executed.
13-10-2024 21:59:44 - INFO - Sending request to Setting Chmaber Zones to a= 0.24926999999999983, b= 0.2848799999999998, c= 0.3204899999999998, d= 0.3560999999999998 with timeout of 5s...
13-10-2024 21:59:44 - INFO - Setting Chmaber Zones to a= 0.24926999999999983, b= 0.2848799999999998, c= 0.3204899999999998, d= 0.3560999999999998 request successfully sent.
13-10-2024 21:59:44 - INFO - Response from moonraker: {'result': 'ok'}
13-10-2024 21:59:44 - INFO - Setting Chmaber Zones to a= 0.24926999999999983, b= 0.2848799999999998, c= 0.3204899999999998, d= 0.3560999999999998 Request successfully executed.
13-10-2024 21:59:44 - INFO - Sending request to Setting Chmaber Zones to a= 0.24889199999999984, b= 0.2844479999999998, c= 0.3200039999999998, d= 0.35555999999999977 with timeout of 5s...
13-10-2024 21:59:44 - INFO - Setting Chmaber Zones to a= 0.24889199999999984, b= 0.2844479999999998, c= 0.3200039999999998, d= 0.35555999999999977 request successfully sent.
13-10-2024 21:59:44 - INFO - Response from moonraker: {'result': 'ok'}
13-10-2024 21:59:44 - INFO - Setting Chmaber Zones to a= 0.24889199999999984, b= 0.2844479999999998, c= 0.3200039999999998, d= 0.35555999999999977 Request successfully executed.
13-10-2024 21:59:44 - INFO - Sending request to Setting Chmaber Zones to a= 0.24851399999999985, b= 0.2840159999999998, c= 0.3195179999999998, d= 0.35501999999999984 with timeout of 5s...
13-10-2024 21:59:44 - INFO - Setting Chmaber Zones to a= 0.24851399999999985, b= 0.2840159999999998, c= 0.3195179999999998, d= 0.35501999999999984 request successfully sent.
13-10-2024 21:59:44 - INFO - Response from moonraker: {'result': 'ok'}
13-10-2024 21:59:44 - INFO - Setting Chmaber Zones to a= 0.24851399999999985, b= 0.2840159999999998, c= 0.3195179999999998, d= 0.35501999999999984 Request successfully executed.
13-10-2024 21:59:44 - INFO - Sending request to Setting Chmaber Zones to a= 0.24597999999999995, b= 0.2811199999999999, c= 0.31625999999999993, d= 0.35139999999999993 with timeout of 5s...
13-10-2024 21:59:44 - INFO - Setting Chmaber Zones to a= 0.24597999999999995, b= 0.2811199999999999, c= 0.31625999999999993, d= 0.35139999999999993 request successfully sent.
13-10-2024 21:59:44 - INFO - Response from moonraker: {'result': 'ok'}
13-10-2024 21:59:44 - INFO - Setting Chmaber Zones to a= 0.24597999999999995, b= 0.2811199999999999, c= 0.31625999999999993, d= 0.35139999999999993 Request successfully executed.
13-10-2024 21:59:44 - INFO - Sending request to Setting Chmaber Zones to a= 0.2434180000000001, b= 0.2781920000000001, c= 0.31296600000000013, d= 0.34774000000000016 with timeout of 5s...
13-10-2024 21:59:44 - INFO - Setting Chmaber Zones to a= 0.2434180000000001, b= 0.2781920000000001, c= 0.31296600000000013, d= 0.34774000000000016 request successfully sent.
13-10-2024 21:59:44 - INFO - Response from moonraker: {'result': 'ok'}
13-10-2024 21:59:44 - INFO - Setting Chmaber Zones to a= 0.2434180000000001, b= 0.2781920000000001, c= 0.31296600000000013, d= 0.34774000000000016 Request successfully executed.
13-10-2024 21:59:45 - INFO - Sending request to Setting Chmaber Zones to a= 0.24081400000000028, b= 0.2752160000000003, c= 0.30961800000000034, d= 0.3440200000000004 with timeout of 5s...
13-10-2024 21:59:45 - INFO - Setting Chmaber Zones to a= 0.24081400000000028, b= 0.2752160000000003, c= 0.30961800000000034, d= 0.3440200000000004 request successfully sent.
13-10-2024 21:59:45 - INFO - Response from moonraker: {'result': 'ok'}
13-10-2024 21:59:45 - INFO - Setting Chmaber Zones to a= 0.24081400000000028, b= 0.2752160000000003, c= 0.30961800000000034, d= 0.3440200000000004 Request successfully executed.
13-10-2024 21:59:45 - INFO - Sending request to Setting Chmaber Zones to a= 0.23385600000000004, b= 0.26726400000000006, c= 0.30067200000000005, d= 0.33408 with timeout of 5s...
13-10-2024 21:59:45 - INFO - Setting Chmaber Zones to a= 0.23385600000000004, b= 0.26726400000000006, c= 0.30067200000000005, d= 0.33408 request successfully sent.
13-10-2024 21:59:45 - INFO - Response from moonraker: {'result': 'ok'}
13-10-2024 21:59:45 - INFO - Setting Chmaber Zones to a= 0.23385600000000004, b= 0.26726400000000006, c= 0.30067200000000005, d= 0.33408 Request successfully executed.
13-10-2024 21:59:45 - INFO - Sending request to Setting Chmaber Zones to a= 0.2311120000000001, b= 0.26412800000000014, c= 0.29714400000000013, d= 0.3301600000000002 with timeout of 5s...
13-10-2024 21:59:45 - INFO - Setting Chmaber Zones to a= 0.2311120000000001, b= 0.26412800000000014, c= 0.29714400000000013, d= 0.3301600000000002 request successfully sent.
13-10-2024 21:59:45 - INFO - Response from moonraker: {'result': 'ok'}
13-10-2024 21:59:45 - INFO - Setting Chmaber Zones to a= 0.2311120000000001, b= 0.26412800000000014, c= 0.29714400000000013, d= 0.3301600000000002 Request successfully executed.
13-10-2024 21:59:45 - INFO - Sending request to Setting Chmaber Zones to a= 0.22829800000000028, b= 0.2609120000000003, c= 0.29352600000000034, d= 0.3261400000000004 with timeout of 5s...
13-10-2024 21:59:45 - INFO - Setting Chmaber Zones to a= 0.22829800000000028, b= 0.2609120000000003, c= 0.29352600000000034, d= 0.3261400000000004 request successfully sent.
13-10-2024 21:59:45 - INFO - Response from moonraker: {'result': 'ok'}
13-10-2024 21:59:45 - INFO - Setting Chmaber Zones to a= 0.22829800000000028, b= 0.2609120000000003, c= 0.29352600000000034, d= 0.3261400000000004 Request successfully executed.
13-10-2024 21:59:45 - INFO - Sending request to Setting Chmaber Zones to a= 0.22759800000000027, b= 0.2601120000000003, c= 0.29262600000000033, d= 0.3251400000000004 with timeout of 5s...
13-10-2024 21:59:45 - INFO - Setting Chmaber Zones to a= 0.22759800000000027, b= 0.2601120000000003, c= 0.29262600000000033, d= 0.3251400000000004 request successfully sent.
13-10-2024 21:59:45 - INFO - Response from moonraker: {'result': 'ok'}
13-10-2024 21:59:45 - INFO - Setting Chmaber Zones to a= 0.22759800000000027, b= 0.2601120000000003, c= 0.29262600000000033, d= 0.3251400000000004 Request successfully executed.
13-10-2024 21:59:46 - INFO - Sending request to Setting Chmaber Zones to a= 0.22257199999999994, b= 0.2543679999999999, c= 0.2861639999999999, d= 0.3179599999999999 with timeout of 5s...
13-10-2024 21:59:46 - INFO - Setting Chmaber Zones to a= 0.22257199999999994, b= 0.2543679999999999, c= 0.2861639999999999, d= 0.3179599999999999 request successfully sent.
13-10-2024 21:59:46 - INFO - Response from moonraker: {'result': 'ok'}
13-10-2024 21:59:46 - INFO - Setting Chmaber Zones to a= 0.22257199999999994, b= 0.2543679999999999, c= 0.2861639999999999, d= 0.3179599999999999 Request successfully executed.
13-10-2024 21:59:46 - INFO - Sending request to Setting Chmaber Zones to a= 0.22180199999999992, b= 0.2534879999999999, c= 0.28517399999999987, d= 0.31685999999999986 with timeout of 5s...
13-10-2024 21:59:46 - INFO - Setting Chmaber Zones to a= 0.22180199999999992, b= 0.2534879999999999, c= 0.28517399999999987, d= 0.31685999999999986 request successfully sent.
13-10-2024 21:59:46 - INFO - Response from moonraker: {'result': 'ok'}
13-10-2024 21:59:46 - INFO - Setting Chmaber Zones to a= 0.22180199999999992, b= 0.2534879999999999, c= 0.28517399999999987, d= 0.31685999999999986 Request successfully executed.
13-10-2024 21:59:46 - INFO - Sending request to Setting Chmaber Zones to a= 0.21884800000000001, b= 0.250112, c= 0.281376, d= 0.31264000000000003 with timeout of 5s...
13-10-2024 21:59:46 - INFO - Setting Chmaber Zones to a= 0.21884800000000001, b= 0.250112, c= 0.281376, d= 0.31264000000000003 request successfully sent.
13-10-2024 21:59:46 - INFO - Response from moonraker: {'result': 'ok'}
13-10-2024 21:59:46 - INFO - Setting Chmaber Zones to a= 0.21884800000000001, b= 0.250112, c= 0.281376, d= 0.31264000000000003 Request successfully executed.
13-10-2024 21:59:46 - INFO - Sending request to Setting Chmaber Zones to a= 0.21802200000000005, b= 0.24916800000000006, c= 0.28031400000000006, d= 0.31146000000000007 with timeout of 5s...
13-10-2024 21:59:46 - INFO - Setting Chmaber Zones to a= 0.21802200000000005, b= 0.24916800000000006, c= 0.28031400000000006, d= 0.31146000000000007 request successfully sent.
13-10-2024 21:59:46 - INFO - Response from moonraker: {'result': 'ok'}
13-10-2024 21:59:46 - INFO - Setting Chmaber Zones to a= 0.21802200000000005, b= 0.24916800000000006, c= 0.28031400000000006, d= 0.31146000000000007 Request successfully executed.
13-10-2024 21:59:46 - INFO - Sending request to Setting Chmaber Zones to a= 0.21718200000000004, b= 0.248208, c= 0.27923400000000004, d= 0.31026000000000004 with timeout of 5s...
13-10-2024 21:59:46 - INFO - Setting Chmaber Zones to a= 0.21718200000000004, b= 0.248208, c= 0.27923400000000004, d= 0.31026000000000004 request successfully sent.
13-10-2024 21:59:46 - INFO - Response from moonraker: {'result': 'ok'}
13-10-2024 21:59:46 - INFO - Setting Chmaber Zones to a= 0.21718200000000004, b= 0.248208, c= 0.27923400000000004, d= 0.31026000000000004 Request successfully executed.
13-10-2024 21:59:47 - INFO - Sending request to Setting Chmaber Zones to a= 0.21634200000000003, b= 0.24724800000000005, c= 0.278154, d= 0.30906000000000006 with timeout of 5s...
13-10-2024 21:59:47 - INFO - Setting Chmaber Zones to a= 0.21634200000000003, b= 0.24724800000000005, c= 0.278154, d= 0.30906000000000006 request successfully sent.
13-10-2024 21:59:47 - INFO - Response from moonraker: {'result': 'ok'}
13-10-2024 21:59:47 - INFO - Setting Chmaber Zones to a= 0.21634200000000003, b= 0.24724800000000005, c= 0.278154, d= 0.30906000000000006 Request successfully executed.
13-10-2024 21:59:47 - INFO - Sending request to Setting Chmaber Zones to a= 0.21765799999999996, b= 0.24875199999999997, c= 0.27984599999999993, d= 0.31093999999999994 with timeout of 5s...
13-10-2024 21:59:47 - INFO - Setting Chmaber Zones to a= 0.21765799999999996, b= 0.24875199999999997, c= 0.27984599999999993, d= 0.31093999999999994 request successfully sent.
13-10-2024 21:59:47 - INFO - Response from moonraker: {'result': 'ok'}
13-10-2024 21:59:47 - INFO - Setting Chmaber Zones to a= 0.21765799999999996, b= 0.24875199999999997, c= 0.27984599999999993, d= 0.31093999999999994 Request successfully executed.
13-10-2024 21:59:47 - INFO - Sending request to Setting Chmaber Zones to a= 0.21684599999999993, b= 0.24782399999999993, c= 0.27880199999999994, d= 0.3097799999999999 with timeout of 5s...
13-10-2024 21:59:47 - INFO - Setting Chmaber Zones to a= 0.21684599999999993, b= 0.24782399999999993, c= 0.27880199999999994, d= 0.3097799999999999 request successfully sent.
13-10-2024 21:59:47 - INFO - Response from moonraker: {'result': 'ok'}
13-10-2024 21:59:47 - INFO - Setting Chmaber Zones to a= 0.21684599999999993, b= 0.24782399999999993, c= 0.27880199999999994, d= 0.3097799999999999 Request successfully executed.
13-10-2024 21:59:47 - INFO - Sending request to Setting Chmaber Zones to a= 0.22036000000000025, b= 0.2518400000000003, c= 0.28332000000000035, d= 0.31480000000000036 with timeout of 5s...
13-10-2024 21:59:47 - INFO - Setting Chmaber Zones to a= 0.22036000000000025, b= 0.2518400000000003, c= 0.28332000000000035, d= 0.31480000000000036 request successfully sent.
13-10-2024 21:59:47 - INFO - Response from moonraker: {'result': 'ok'}
13-10-2024 21:59:47 - INFO - Setting Chmaber Zones to a= 0.22036000000000025, b= 0.2518400000000003, c= 0.28332000000000035, d= 0.31480000000000036 Request successfully executed.
13-10-2024 21:59:47 - INFO - Sending request to Setting Chmaber Zones to a= 0.22393000000000005, b= 0.25592000000000004, c= 0.28791000000000005, d= 0.3199000000000001 with timeout of 5s...
13-10-2024 21:59:47 - INFO - Setting Chmaber Zones to a= 0.22393000000000005, b= 0.25592000000000004, c= 0.28791000000000005, d= 0.3199000000000001 request successfully sent.
13-10-2024 21:59:47 - INFO - Response from moonraker: {'result': 'ok'}
13-10-2024 21:59:47 - INFO - Setting Chmaber Zones to a= 0.22393000000000005, b= 0.25592000000000004, c= 0.28791000000000005, d= 0.3199000000000001 Request successfully executed.
13-10-2024 21:59:48 - INFO - Sending request to Setting Chmaber Zones to a= 0.22327200000000005, b= 0.25516800000000006, c= 0.28706400000000004, d= 0.3189600000000001 with timeout of 5s...
13-10-2024 21:59:48 - INFO - Setting Chmaber Zones to a= 0.22327200000000005, b= 0.25516800000000006, c= 0.28706400000000004, d= 0.3189600000000001 request successfully sent.
13-10-2024 21:59:48 - INFO - Response from moonraker: {'result': 'ok'}
13-10-2024 21:59:48 - INFO - Setting Chmaber Zones to a= 0.22327200000000005, b= 0.25516800000000006, c= 0.28706400000000004, d= 0.3189600000000001 Request successfully executed.
13-10-2024 21:59:48 - INFO - Sending request to Setting Chmaber Zones to a= 0.22264200000000006, b= 0.25444800000000006, c= 0.28625400000000006, d= 0.31806000000000006 with timeout of 5s...
13-10-2024 21:59:48 - INFO - Setting Chmaber Zones to a= 0.22264200000000006, b= 0.25444800000000006, c= 0.28625400000000006, d= 0.31806000000000006 request successfully sent.
13-10-2024 21:59:48 - INFO - Response from moonraker: {'result': 'ok'}
13-10-2024 21:59:48 - INFO - Setting Chmaber Zones to a= 0.22264200000000006, b= 0.25444800000000006, c= 0.28625400000000006, d= 0.31806000000000006 Request successfully executed.
13-10-2024 21:59:48 - INFO - Sending request to Setting Chmaber Zones to a= 0.22201200000000004, b= 0.25372800000000006, c= 0.28544400000000003, d= 0.31716000000000005 with timeout of 5s...
13-10-2024 21:59:48 - INFO - Setting Chmaber Zones to a= 0.22201200000000004, b= 0.25372800000000006, c= 0.28544400000000003, d= 0.31716000000000005 request successfully sent.
13-10-2024 21:59:48 - INFO - Response from moonraker: {'result': 'ok'}
13-10-2024 21:59:48 - INFO - Setting Chmaber Zones to a= 0.22201200000000004, b= 0.25372800000000006, c= 0.28544400000000003, d= 0.31716000000000005 Request successfully executed.
13-10-2024 21:59:48 - INFO - Sending request to Setting Chmaber Zones to a= 0.22138200000000002, b= 0.253008, c= 0.28463400000000005, d= 0.31626000000000004 with timeout of 5s...
13-10-2024 21:59:48 - INFO - Setting Chmaber Zones to a= 0.22138200000000002, b= 0.253008, c= 0.28463400000000005, d= 0.31626000000000004 request successfully sent.
13-10-2024 21:59:48 - INFO - Response from moonraker: {'result': 'ok'}
13-10-2024 21:59:48 - INFO - Setting Chmaber Zones to a= 0.22138200000000002, b= 0.253008, c= 0.28463400000000005, d= 0.31626000000000004 Request successfully executed.
13-10-2024 21:59:48 - INFO - Sending request to Setting Chmaber Zones to a= 0.22075200000000006, b= 0.25228800000000007, c= 0.2838240000000001, d= 0.3153600000000001 with timeout of 5s...
13-10-2024 21:59:48 - INFO - Setting Chmaber Zones to a= 0.22075200000000006, b= 0.25228800000000007, c= 0.2838240000000001, d= 0.3153600000000001 request successfully sent.
13-10-2024 21:59:48 - INFO - Response from moonraker: {'result': 'ok'}
13-10-2024 21:59:48 - INFO - Setting Chmaber Zones to a= 0.22075200000000006, b= 0.25228800000000007, c= 0.2838240000000001, d= 0.3153600000000001 Request successfully executed.
13-10-2024 21:59:49 - INFO - Sending request to Setting Chmaber Zones to a= 0.22012200000000004, b= 0.251568, c= 0.2830140000000001, d= 0.3144600000000001 with timeout of 5s...
13-10-2024 21:59:49 - INFO - Setting Chmaber Zones to a= 0.22012200000000004, b= 0.251568, c= 0.2830140000000001, d= 0.3144600000000001 request successfully sent.
13-10-2024 21:59:49 - INFO - Response from moonraker: {'result': 'ok'}
13-10-2024 21:59:49 - INFO - Setting Chmaber Zones to a= 0.22012200000000004, b= 0.251568, c= 0.2830140000000001, d= 0.3144600000000001 Request successfully executed.
13-10-2024 21:59:49 - INFO - Sending request to Setting Chmaber Zones to a= 0.21949200000000005, b= 0.25084800000000007, c= 0.28220400000000007, d= 0.31356000000000006 with timeout of 5s...
13-10-2024 21:59:49 - INFO - Setting Chmaber Zones to a= 0.21949200000000005, b= 0.25084800000000007, c= 0.28220400000000007, d= 0.31356000000000006 request successfully sent.
13-10-2024 21:59:49 - INFO - Response from moonraker: {'result': 'ok'}
13-10-2024 21:59:49 - INFO - Setting Chmaber Zones to a= 0.21949200000000005, b= 0.25084800000000007, c= 0.28220400000000007, d= 0.31356000000000006 Request successfully executed.
13-10-2024 21:59:49 - INFO - Sending request to Setting Chmaber Zones to a= 0.21886200000000003, b= 0.2501280000000001, c= 0.28139400000000003, d= 0.31266000000000005 with timeout of 5s...
13-10-2024 21:59:49 - INFO - Setting Chmaber Zones to a= 0.21886200000000003, b= 0.2501280000000001, c= 0.28139400000000003, d= 0.31266000000000005 request successfully sent.
13-10-2024 21:59:49 - INFO - Response from moonraker: {'result': 'ok'}
13-10-2024 21:59:49 - INFO - Setting Chmaber Zones to a= 0.21886200000000003, b= 0.2501280000000001, c= 0.28139400000000003, d= 0.31266000000000005 Request successfully executed.
13-10-2024 21:59:49 - INFO - Sending request to Setting Chmaber Zones to a= 0.21823200000000006, b= 0.24940800000000007, c= 0.2805840000000001, d= 0.3117600000000001 with timeout of 5s...
13-10-2024 21:59:49 - INFO - Setting Chmaber Zones to a= 0.21823200000000006, b= 0.24940800000000007, c= 0.2805840000000001, d= 0.3117600000000001 request successfully sent.
13-10-2024 21:59:49 - INFO - Response from moonraker: {'result': 'ok'}
13-10-2024 21:59:49 - INFO - Setting Chmaber Zones to a= 0.21823200000000006, b= 0.24940800000000007, c= 0.2805840000000001, d= 0.3117600000000001 Request successfully executed.
13-10-2024 21:59:49 - INFO - Sending request to Setting Chmaber Zones to a= 0.21760200000000005, b= 0.24868800000000008, c= 0.2797740000000001, d= 0.3108600000000001 with timeout of 5s...
13-10-2024 21:59:49 - INFO - Setting Chmaber Zones to a= 0.21760200000000005, b= 0.24868800000000008, c= 0.2797740000000001, d= 0.3108600000000001 request successfully sent.
13-10-2024 21:59:49 - INFO - Response from moonraker: {'result': 'ok'}
13-10-2024 21:59:49 - INFO - Setting Chmaber Zones to a= 0.21760200000000005, b= 0.24868800000000008, c= 0.2797740000000001, d= 0.3108600000000001 Request successfully executed.
13-10-2024 21:59:50 - INFO - Sending request to Setting Chmaber Zones to a= 0.21481600000000015, b= 0.24550400000000017, c= 0.27619200000000016, d= 0.3068800000000002 with timeout of 5s...
13-10-2024 21:59:50 - INFO - Setting Chmaber Zones to a= 0.21481600000000015, b= 0.24550400000000017, c= 0.27619200000000016, d= 0.3068800000000002 request successfully sent.
13-10-2024 21:59:50 - INFO - Response from moonraker: {'result': 'ok'}
13-10-2024 21:59:50 - INFO - Setting Chmaber Zones to a= 0.21481600000000015, b= 0.24550400000000017, c= 0.27619200000000016, d= 0.3068800000000002 Request successfully executed.
13-10-2024 21:59:50 - INFO - Sending request to Setting Chmaber Zones to a= 0.21415800000000015, b= 0.24475200000000016, c= 0.2753460000000002, d= 0.3059400000000002 with timeout of 5s...
13-10-2024 21:59:50 - INFO - Setting Chmaber Zones to a= 0.21415800000000015, b= 0.24475200000000016, c= 0.2753460000000002, d= 0.3059400000000002 request successfully sent.
13-10-2024 21:59:50 - INFO - Response from moonraker: {'result': 'ok'}
13-10-2024 21:59:50 - INFO - Setting Chmaber Zones to a= 0.21415800000000015, b= 0.24475200000000016, c= 0.2753460000000002, d= 0.3059400000000002 Request successfully executed.
13-10-2024 21:59:50 - INFO - Sending request to Setting Chmaber Zones to a= 0.21133000000000024, b= 0.24152000000000026, c= 0.27171000000000034, d= 0.30190000000000033 with timeout of 5s...
13-10-2024 21:59:50 - INFO - Setting Chmaber Zones to a= 0.21133000000000024, b= 0.24152000000000026, c= 0.27171000000000034, d= 0.30190000000000033 request successfully sent.
13-10-2024 21:59:50 - INFO - Response from moonraker: {'result': 'ok'}
13-10-2024 21:59:50 - INFO - Setting Chmaber Zones to a= 0.21133000000000024, b= 0.24152000000000026, c= 0.27171000000000034, d= 0.30190000000000033 Request successfully executed.
13-10-2024 21:59:50 - INFO - Sending request to Setting Chmaber Zones to a= 0.2084739999999998, b= 0.23825599999999977, c= 0.2680379999999997, d= 0.2978199999999997 with timeout of 5s...
13-10-2024 21:59:50 - INFO - Setting Chmaber Zones to a= 0.2084739999999998, b= 0.23825599999999977, c= 0.2680379999999997, d= 0.2978199999999997 request successfully sent.
13-10-2024 21:59:50 - INFO - Response from moonraker: {'result': 'ok'}
13-10-2024 21:59:50 - INFO - Setting Chmaber Zones to a= 0.2084739999999998, b= 0.23825599999999977, c= 0.2680379999999997, d= 0.2978199999999997 Request successfully executed.
13-10-2024 21:59:50 - INFO - Sending request to Setting Chmaber Zones to a= 0.2077319999999998, b= 0.23740799999999979, c= 0.26708399999999977, d= 0.29675999999999975 with timeout of 5s...
13-10-2024 21:59:50 - INFO - Setting Chmaber Zones to a= 0.2077319999999998, b= 0.23740799999999979, c= 0.26708399999999977, d= 0.29675999999999975 request successfully sent.
13-10-2024 21:59:50 - INFO - Response from moonraker: {'result': 'ok'}
13-10-2024 21:59:50 - INFO - Setting Chmaber Zones to a= 0.2077319999999998, b= 0.23740799999999979, c= 0.26708399999999977, d= 0.29675999999999975 Request successfully executed.
13-10-2024 21:59:51 - INFO - Sending request to Setting Chmaber Zones to a= 0.20697599999999983, b= 0.2365439999999998, c= 0.2661119999999998, d= 0.2956799999999998 with timeout of 5s...
13-10-2024 21:59:51 - INFO - Setting Chmaber Zones to a= 0.20697599999999983, b= 0.2365439999999998, c= 0.2661119999999998, d= 0.2956799999999998 request successfully sent.
13-10-2024 21:59:51 - INFO - Response from moonraker: {'result': 'ok'}
13-10-2024 21:59:51 - INFO - Setting Chmaber Zones to a= 0.20697599999999983, b= 0.2365439999999998, c= 0.2661119999999998, d= 0.2956799999999998 Request successfully executed.
13-10-2024 21:59:51 - INFO - Sending request to Setting Chmaber Zones to a= 0.20621999999999985, b= 0.23567999999999983, c= 0.2651399999999998, d= 0.2945999999999998 with timeout of 5s...
13-10-2024 21:59:51 - INFO - Setting Chmaber Zones to a= 0.20621999999999985, b= 0.23567999999999983, c= 0.2651399999999998, d= 0.2945999999999998 request successfully sent.
13-10-2024 21:59:51 - INFO - Response from moonraker: {'result': 'ok'}
13-10-2024 21:59:51 - INFO - Setting Chmaber Zones to a= 0.20621999999999985, b= 0.23567999999999983, c= 0.2651399999999998, d= 0.2945999999999998 Request successfully executed.
13-10-2024 21:59:51 - INFO - Sending request to Setting Chmaber Zones to a= 0.20546399999999984, b= 0.23481599999999983, c= 0.2641679999999998, d= 0.2935199999999998 with timeout of 5s...
13-10-2024 21:59:51 - INFO - Setting Chmaber Zones to a= 0.20546399999999984, b= 0.23481599999999983, c= 0.2641679999999998, d= 0.2935199999999998 request successfully sent.
13-10-2024 21:59:51 - INFO - Response from moonraker: {'result': 'ok'}
13-10-2024 21:59:51 - INFO - Setting Chmaber Zones to a= 0.20546399999999984, b= 0.23481599999999983, c= 0.2641679999999998, d= 0.2935199999999998 Request successfully executed.
13-10-2024 21:59:51 - INFO - Sending request to Setting Chmaber Zones to a= 0.20470799999999986, b= 0.23395199999999985, c= 0.2631959999999998, d= 0.2924399999999998 with timeout of 5s...
13-10-2024 21:59:51 - INFO - Setting Chmaber Zones to a= 0.20470799999999986, b= 0.23395199999999985, c= 0.2631959999999998, d= 0.2924399999999998 request successfully sent.
13-10-2024 21:59:51 - INFO - Response from moonraker: {'result': 'ok'}
13-10-2024 21:59:51 - INFO - Setting Chmaber Zones to a= 0.20470799999999986, b= 0.23395199999999985, c= 0.2631959999999998, d= 0.2924399999999998 Request successfully executed.
13-10-2024 21:59:51 - INFO - Sending request to Setting Chmaber Zones to a= 0.20395199999999988, b= 0.23308799999999988, c= 0.26222399999999985, d= 0.29135999999999984 with timeout of 5s...
13-10-2024 21:59:51 - INFO - Setting Chmaber Zones to a= 0.20395199999999988, b= 0.23308799999999988, c= 0.26222399999999985, d= 0.29135999999999984 request successfully sent.
13-10-2024 21:59:51 - INFO - Response from moonraker: {'result': 'ok'}
13-10-2024 21:59:51 - INFO - Setting Chmaber Zones to a= 0.20395199999999988, b= 0.23308799999999988, c= 0.26222399999999985, d= 0.29135999999999984 Request successfully executed.
13-10-2024 21:59:52 - INFO - Sending request to Setting Chmaber Zones to a= 0.16088100000000005, b= 0.18386400000000006, c= 0.20684700000000006, d= 0.2298300000000001 with timeout of 5s...
13-10-2024 21:59:52 - INFO - Setting Chmaber Zones to a= 0.16088100000000005, b= 0.18386400000000006, c= 0.20684700000000006, d= 0.2298300000000001 request successfully sent.
13-10-2024 21:59:52 - INFO - Response from moonraker: {'result': 'ok'}
13-10-2024 21:59:52 - INFO - Setting Chmaber Zones to a= 0.16088100000000005, b= 0.18386400000000006, c= 0.20684700000000006, d= 0.2298300000000001 Request successfully executed.
13-10-2024 21:59:52 - INFO - Sending request to Setting Chmaber Zones to a= 0.16023000000000004, b= 0.18312000000000006, c= 0.20601000000000003, d= 0.22890000000000005 with timeout of 5s...
13-10-2024 21:59:52 - INFO - Setting Chmaber Zones to a= 0.16023000000000004, b= 0.18312000000000006, c= 0.20601000000000003, d= 0.22890000000000005 request successfully sent.
13-10-2024 21:59:52 - INFO - Response from moonraker: {'result': 'ok'}
13-10-2024 21:59:52 - INFO - Setting Chmaber Zones to a= 0.16023000000000004, b= 0.18312000000000006, c= 0.20601000000000003, d= 0.22890000000000005 Request successfully executed.
13-10-2024 21:59:52 - INFO - Sending request to Setting Chmaber Zones to a= 0.15741600000000017, b= 0.17990400000000017, c= 0.20239200000000018, d= 0.22488000000000022 with timeout of 5s...
13-10-2024 21:59:52 - INFO - Setting Chmaber Zones to a= 0.15741600000000017, b= 0.17990400000000017, c= 0.20239200000000018, d= 0.22488000000000022 request successfully sent.
13-10-2024 21:59:52 - INFO - Response from moonraker: {'result': 'ok'}
13-10-2024 21:59:52 - INFO - Setting Chmaber Zones to a= 0.15741600000000017, b= 0.17990400000000017, c= 0.20239200000000018, d= 0.22488000000000022 Request successfully executed.
13-10-2024 21:59:52 - INFO - Sending request to Setting Chmaber Zones to a= 0.15673000000000015, b= 0.17912000000000017, c= 0.2015100000000002, d= 0.2239000000000002 with timeout of 5s...
13-10-2024 21:59:52 - INFO - Setting Chmaber Zones to a= 0.15673000000000015, b= 0.17912000000000017, c= 0.2015100000000002, d= 0.2239000000000002 request successfully sent.
13-10-2024 21:59:52 - INFO - Response from moonraker: {'result': 'ok'}
13-10-2024 21:59:52 - INFO - Setting Chmaber Zones to a= 0.15673000000000015, b= 0.17912000000000017, c= 0.2015100000000002, d= 0.2239000000000002 Request successfully executed.
13-10-2024 21:59:52 - INFO - Sending request to Setting Chmaber Zones to a= 0.15603000000000014, b= 0.17832000000000015, c= 0.20061000000000018, d= 0.2229000000000002 with timeout of 5s...
13-10-2024 21:59:52 - INFO - Setting Chmaber Zones to a= 0.15603000000000014, b= 0.17832000000000015, c= 0.20061000000000018, d= 0.2229000000000002 request successfully sent.
13-10-2024 21:59:52 - INFO - Response from moonraker: {'result': 'ok'}
13-10-2024 21:59:52 - INFO - Setting Chmaber Zones to a= 0.15603000000000014, b= 0.17832000000000015, c= 0.20061000000000018, d= 0.2229000000000002 Request successfully executed.
13-10-2024 21:59:53 - INFO - Sending request to Setting Chmaber Zones to a= 0.15533000000000016, b= 0.17752000000000018, c= 0.19971000000000017, d= 0.22190000000000018 with timeout of 5s...
13-10-2024 21:59:53 - INFO - Setting Chmaber Zones to a= 0.15533000000000016, b= 0.17752000000000018, c= 0.19971000000000017, d= 0.22190000000000018 request successfully sent.
13-10-2024 21:59:53 - INFO - Response from moonraker: {'result': 'ok'}
13-10-2024 21:59:53 - INFO - Setting Chmaber Zones to a= 0.15533000000000016, b= 0.17752000000000018, c= 0.19971000000000017, d= 0.22190000000000018 Request successfully executed.
13-10-2024 21:59:53 - INFO - Sending request to Setting Chmaber Zones to a= 0.15677900000000003, b= 0.17917600000000003, c= 0.20157300000000003, d= 0.22397000000000003 with timeout of 5s...
13-10-2024 21:59:53 - INFO - Setting Chmaber Zones to a= 0.15677900000000003, b= 0.17917600000000003, c= 0.20157300000000003, d= 0.22397000000000003 request successfully sent.
13-10-2024 21:59:53 - INFO - Response from moonraker: {'result': 'ok'}
13-10-2024 21:59:53 - INFO - Setting Chmaber Zones to a= 0.15677900000000003, b= 0.17917600000000003, c= 0.20157300000000003, d= 0.22397000000000003 Request successfully executed.
13-10-2024 21:59:53 - INFO - Sending request to Setting Chmaber Zones to a= 0.15610000000000007, b= 0.17840000000000006, c= 0.20070000000000007, d= 0.2230000000000001 with timeout of 5s...
13-10-2024 21:59:53 - INFO - Setting Chmaber Zones to a= 0.15610000000000007, b= 0.17840000000000006, c= 0.20070000000000007, d= 0.2230000000000001 request successfully sent.
13-10-2024 21:59:53 - INFO - Response from moonraker: {'result': 'ok'}
13-10-2024 21:59:53 - INFO - Setting Chmaber Zones to a= 0.15610000000000007, b= 0.17840000000000006, c= 0.20070000000000007, d= 0.2230000000000001 Request successfully executed.
13-10-2024 21:59:53 - INFO - Sending request to Setting Chmaber Zones to a= 0.1597330000000004, b= 0.1825520000000005, c= 0.20537100000000053, d= 0.2281900000000006 with timeout of 5s...
13-10-2024 21:59:53 - INFO - Setting Chmaber Zones to a= 0.1597330000000004, b= 0.1825520000000005, c= 0.20537100000000053, d= 0.2281900000000006 request successfully sent.
13-10-2024 21:59:53 - INFO - Response from moonraker: {'result': 'ok'}
13-10-2024 21:59:53 - INFO - Setting Chmaber Zones to a= 0.1597330000000004, b= 0.1825520000000005, c= 0.20537100000000053, d= 0.2281900000000006 Request successfully executed.
13-10-2024 21:59:53 - INFO - Sending request to Setting Chmaber Zones to a= 0.165557, b= 0.18920800000000004, c= 0.21285900000000002, d= 0.23651000000000003 with timeout of 5s...
13-10-2024 21:59:53 - INFO - Setting Chmaber Zones to a= 0.165557, b= 0.18920800000000004, c= 0.21285900000000002, d= 0.23651000000000003 request successfully sent.
13-10-2024 21:59:53 - INFO - Response from moonraker: {'result': 'ok'}
13-10-2024 21:59:53 - INFO - Setting Chmaber Zones to a= 0.165557, b= 0.18920800000000004, c= 0.21285900000000002, d= 0.23651000000000003 Request successfully executed.
13-10-2024 21:59:54 - INFO - Sending request to Setting Chmaber Zones to a= 0.1671739999999999, b= 0.1910559999999999, c= 0.2149379999999999, d= 0.23881999999999987 with timeout of 5s...
13-10-2024 21:59:54 - INFO - Setting Chmaber Zones to a= 0.1671739999999999, b= 0.1910559999999999, c= 0.2149379999999999, d= 0.23881999999999987 request successfully sent.
13-10-2024 21:59:54 - INFO - Response from moonraker: {'result': 'ok'}
13-10-2024 21:59:54 - INFO - Setting Chmaber Zones to a= 0.1671739999999999, b= 0.1910559999999999, c= 0.2149379999999999, d= 0.23881999999999987 Request successfully executed.
13-10-2024 21:59:54 - INFO - Sending request to Setting Chmaber Zones to a= 0.16885400000000036, b= 0.19297600000000042, c= 0.21709800000000049, d= 0.24122000000000055 with timeout of 5s...
13-10-2024 21:59:54 - INFO - Setting Chmaber Zones to a= 0.16885400000000036, b= 0.19297600000000042, c= 0.21709800000000049, d= 0.24122000000000055 request successfully sent.
13-10-2024 21:59:54 - INFO - Response from moonraker: {'result': 'ok'}
13-10-2024 21:59:54 - INFO - Setting Chmaber Zones to a= 0.16885400000000036, b= 0.19297600000000042, c= 0.21709800000000049, d= 0.24122000000000055 Request successfully executed.
13-10-2024 21:59:54 - INFO - Sending request to Setting Chmaber Zones to a= 0.174867, b= 0.199848, c= 0.224829, d= 0.24981 with timeout of 5s...
13-10-2024 21:59:54 - INFO - Setting Chmaber Zones to a= 0.174867, b= 0.199848, c= 0.224829, d= 0.24981 request successfully sent.
13-10-2024 21:59:54 - INFO - Response from moonraker: {'result': 'ok'}
13-10-2024 21:59:54 - INFO - Setting Chmaber Zones to a= 0.174867, b= 0.199848, c= 0.224829, d= 0.24981 Request successfully executed.
13-10-2024 21:59:54 - INFO - Sending request to Setting Chmaber Zones to a= 0.17880800000000036, b= 0.20435200000000042, c= 0.22989600000000046, d= 0.2554400000000005 with timeout of 5s...
13-10-2024 21:59:54 - INFO - Setting Chmaber Zones to a= 0.17880800000000036, b= 0.20435200000000042, c= 0.22989600000000046, d= 0.2554400000000005 request successfully sent.
13-10-2024 21:59:54 - INFO - Response from moonraker: {'result': 'ok'}
13-10-2024 21:59:54 - INFO - Setting Chmaber Zones to a= 0.17880800000000036, b= 0.20435200000000042, c= 0.22989600000000046, d= 0.2554400000000005 Request successfully executed.
13-10-2024 21:59:54 - INFO - Sending request to Setting Chmaber Zones to a= 0.18068400000000026, b= 0.2064960000000003, c= 0.2323080000000003, d= 0.25812000000000035 with timeout of 5s...
13-10-2024 21:59:54 - INFO - Setting Chmaber Zones to a= 0.18068400000000026, b= 0.2064960000000003, c= 0.2323080000000003, d= 0.25812000000000035 request successfully sent.
13-10-2024 21:59:54 - INFO - Response from moonraker: {'result': 'ok'}
13-10-2024 21:59:54 - INFO - Setting Chmaber Zones to a= 0.18068400000000026, b= 0.2064960000000003, c= 0.2323080000000003, d= 0.25812000000000035 Request successfully executed.
13-10-2024 21:59:55 - INFO - Sending request to Setting Chmaber Zones to a= 0.18046000000000023, b= 0.2062400000000003, c= 0.23202000000000034, d= 0.25780000000000036 with timeout of 5s...
13-10-2024 21:59:55 - INFO - Setting Chmaber Zones to a= 0.18046000000000023, b= 0.2062400000000003, c= 0.23202000000000034, d= 0.25780000000000036 request successfully sent.
13-10-2024 21:59:55 - INFO - Response from moonraker: {'result': 'ok'}
13-10-2024 21:59:55 - INFO - Setting Chmaber Zones to a= 0.18046000000000023, b= 0.2062400000000003, c= 0.23202000000000034, d= 0.25780000000000036 Request successfully executed.
13-10-2024 21:59:55 - INFO - Sending request to Setting Chmaber Zones to a= 0.184548, b= 0.21091200000000002, c= 0.237276, d= 0.26364 with timeout of 5s...
13-10-2024 21:59:55 - INFO - Setting Chmaber Zones to a= 0.184548, b= 0.21091200000000002, c= 0.237276, d= 0.26364 request successfully sent.
13-10-2024 21:59:55 - INFO - Response from moonraker: {'result': 'ok'}
13-10-2024 21:59:55 - INFO - Setting Chmaber Zones to a= 0.184548, b= 0.21091200000000002, c= 0.237276, d= 0.26364 Request successfully executed.
13-10-2024 21:59:55 - INFO - Sending request to Setting Chmaber Zones to a= 0.1865289999999999, b= 0.21317599999999984, c= 0.23982299999999984, d= 0.2664699999999998 with timeout of 5s...
13-10-2024 21:59:55 - INFO - Setting Chmaber Zones to a= 0.1865289999999999, b= 0.21317599999999984, c= 0.23982299999999984, d= 0.2664699999999998 request successfully sent.
13-10-2024 21:59:55 - INFO - Response from moonraker: {'result': 'ok'}
13-10-2024 21:59:55 - INFO - Setting Chmaber Zones to a= 0.1865289999999999, b= 0.21317599999999984, c= 0.23982299999999984, d= 0.2664699999999998 Request successfully executed.
13-10-2024 21:59:55 - INFO - Sending request to Setting Chmaber Zones to a= 0.1864099999999999, b= 0.21303999999999987, c= 0.23966999999999988, d= 0.26629999999999987 with timeout of 5s...
13-10-2024 21:59:55 - INFO - Setting Chmaber Zones to a= 0.1864099999999999, b= 0.21303999999999987, c= 0.23966999999999988, d= 0.26629999999999987 request successfully sent.
13-10-2024 21:59:55 - INFO - Response from moonraker: {'result': 'ok'}
13-10-2024 21:59:55 - INFO - Setting Chmaber Zones to a= 0.1864099999999999, b= 0.21303999999999987, c= 0.23966999999999988, d= 0.26629999999999987 Request successfully executed.
13-10-2024 21:59:55 - INFO - Sending request to Setting Chmaber Zones to a= 0.18845400000000037, b= 0.2153760000000004, c= 0.24229800000000046, d= 0.2692200000000005 with timeout of 5s...
13-10-2024 21:59:55 - INFO - Setting Chmaber Zones to a= 0.18845400000000037, b= 0.2153760000000004, c= 0.24229800000000046, d= 0.2692200000000005 request successfully sent.
13-10-2024 21:59:55 - INFO - Response from moonraker: {'result': 'ok'}
13-10-2024 21:59:55 - INFO - Setting Chmaber Zones to a= 0.18845400000000037, b= 0.2153760000000004, c= 0.24229800000000046, d= 0.2692200000000005 Request successfully executed.
13-10-2024 21:59:56 - INFO - Sending request to Setting Chmaber Zones to a= 0.18837000000000031, b= 0.21528000000000033, c= 0.2421900000000004, d= 0.26910000000000045 with timeout of 5s...
13-10-2024 21:59:56 - INFO - Setting Chmaber Zones to a= 0.18837000000000031, b= 0.21528000000000033, c= 0.2421900000000004, d= 0.26910000000000045 request successfully sent.
13-10-2024 21:59:56 - INFO - Response from moonraker: {'result': 'ok'}
13-10-2024 21:59:56 - INFO - Setting Chmaber Zones to a= 0.18837000000000031, b= 0.21528000000000033, c= 0.2421900000000004, d= 0.26910000000000045 Request successfully executed.
13-10-2024 21:59:56 - INFO - Sending request to Setting Chmaber Zones to a= 0.18615099999999984, b= 0.21274399999999982, c= 0.2393369999999998, d= 0.2659299999999998 with timeout of 5s...
13-10-2024 21:59:56 - INFO - Setting Chmaber Zones to a= 0.18615099999999984, b= 0.21274399999999982, c= 0.2393369999999998, d= 0.2659299999999998 request successfully sent.
13-10-2024 21:59:56 - INFO - Response from moonraker: {'result': 'ok'}
13-10-2024 21:59:56 - INFO - Setting Chmaber Zones to a= 0.18615099999999984, b= 0.21274399999999982, c= 0.2393369999999998, d= 0.2659299999999998 Request successfully executed.
13-10-2024 21:59:56 - INFO - Sending request to Setting Chmaber Zones to a= 0.183911, b= 0.21018399999999995, c= 0.23645699999999997, d= 0.26272999999999996 with timeout of 5s...
13-10-2024 21:59:56 - INFO - Setting Chmaber Zones to a= 0.183911, b= 0.21018399999999995, c= 0.23645699999999997, d= 0.26272999999999996 request successfully sent.
13-10-2024 21:59:56 - INFO - Response from moonraker: {'result': 'ok'}
13-10-2024 21:59:56 - INFO - Setting Chmaber Zones to a= 0.183911, b= 0.21018399999999995, c= 0.23645699999999997, d= 0.26272999999999996 Request successfully executed.
13-10-2024 21:59:56 - INFO - Sending request to Setting Chmaber Zones to a= 0.1816360000000001, b= 0.20758400000000013, c= 0.23353200000000016, d= 0.25948000000000015 with timeout of 5s...
13-10-2024 21:59:56 - INFO - Setting Chmaber Zones to a= 0.1816360000000001, b= 0.20758400000000013, c= 0.23353200000000016, d= 0.25948000000000015 request successfully sent.
13-10-2024 21:59:56 - INFO - Response from moonraker: {'result': 'ok'}
13-10-2024 21:59:56 - INFO - Setting Chmaber Zones to a= 0.1816360000000001, b= 0.20758400000000013, c= 0.23353200000000016, d= 0.25948000000000015 Request successfully executed.
13-10-2024 21:59:56 - INFO - Sending request to Setting Chmaber Zones to a= 0.1814750000000001, b= 0.20740000000000014, c= 0.23332500000000014, d= 0.25925000000000015 with timeout of 5s...
13-10-2024 21:59:56 - INFO - Setting Chmaber Zones to a= 0.1814750000000001, b= 0.20740000000000014, c= 0.23332500000000014, d= 0.25925000000000015 request successfully sent.
13-10-2024 21:59:56 - INFO - Response from moonraker: {'result': 'ok'}
13-10-2024 21:59:56 - INFO - Setting Chmaber Zones to a= 0.1814750000000001, b= 0.20740000000000014, c= 0.23332500000000014, d= 0.25925000000000015 Request successfully executed.
13-10-2024 21:59:57 - INFO - Sending request to Setting Chmaber Zones to a= 0.18130000000000013, b= 0.20720000000000013, c= 0.23310000000000017, d= 0.2590000000000002 with timeout of 5s...
13-10-2024 21:59:57 - INFO - Setting Chmaber Zones to a= 0.18130000000000013, b= 0.20720000000000013, c= 0.23310000000000017, d= 0.2590000000000002 request successfully sent.
13-10-2024 21:59:57 - INFO - Response from moonraker: {'result': 'ok'}
13-10-2024 21:59:57 - INFO - Setting Chmaber Zones to a= 0.18130000000000013, b= 0.20720000000000013, c= 0.23310000000000017, d= 0.2590000000000002 Request successfully executed.
13-10-2024 21:59:57 - INFO - Sending request to Setting Chmaber Zones to a= 0.18112500000000012, b= 0.2070000000000001, c= 0.2328750000000001, d= 0.25875000000000015 with timeout of 5s...
13-10-2024 21:59:57 - INFO - Setting Chmaber Zones to a= 0.18112500000000012, b= 0.2070000000000001, c= 0.2328750000000001, d= 0.25875000000000015 request successfully sent.
13-10-2024 21:59:57 - INFO - Response from moonraker: {'result': 'ok'}
13-10-2024 21:59:57 - INFO - Setting Chmaber Zones to a= 0.18112500000000012, b= 0.2070000000000001, c= 0.2328750000000001, d= 0.25875000000000015 Request successfully executed.
13-10-2024 21:59:57 - INFO - Sending request to Setting Chmaber Zones to a= 0.18095000000000014, b= 0.20680000000000015, c= 0.23265000000000013, d= 0.2585000000000002 with timeout of 5s...
13-10-2024 21:59:57 - INFO - Setting Chmaber Zones to a= 0.18095000000000014, b= 0.20680000000000015, c= 0.23265000000000013, d= 0.2585000000000002 request successfully sent.
13-10-2024 21:59:57 - INFO - Response from moonraker: {'result': 'ok'}
13-10-2024 21:59:57 - INFO - Setting Chmaber Zones to a= 0.18095000000000014, b= 0.20680000000000015, c= 0.23265000000000013, d= 0.2585000000000002 Request successfully executed.
13-10-2024 21:59:57 - INFO - Sending request to Setting Chmaber Zones to a= 0.1807750000000001, b= 0.20660000000000012, c= 0.23242500000000013, d= 0.25825000000000015 with timeout of 5s...
13-10-2024 21:59:57 - INFO - Setting Chmaber Zones to a= 0.1807750000000001, b= 0.20660000000000012, c= 0.23242500000000013, d= 0.25825000000000015 request successfully sent.
13-10-2024 21:59:57 - INFO - Response from moonraker: {'result': 'ok'}
13-10-2024 21:59:57 - INFO - Setting Chmaber Zones to a= 0.1807750000000001, b= 0.20660000000000012, c= 0.23242500000000013, d= 0.25825000000000015 Request successfully executed.
13-10-2024 21:59:57 - INFO - Sending request to Setting Chmaber Zones to a= 0.18060000000000012, b= 0.20640000000000014, c= 0.23220000000000016, d= 0.2580000000000002 with timeout of 5s...
13-10-2024 21:59:57 - INFO - Setting Chmaber Zones to a= 0.18060000000000012, b= 0.20640000000000014, c= 0.23220000000000016, d= 0.2580000000000002 request successfully sent.
13-10-2024 21:59:57 - INFO - Response from moonraker: {'result': 'ok'}
13-10-2024 21:59:57 - INFO - Setting Chmaber Zones to a= 0.18060000000000012, b= 0.20640000000000014, c= 0.23220000000000016, d= 0.2580000000000002 Request successfully executed.
13-10-2024 21:59:58 - INFO - Sending request to Setting Chmaber Zones to a= 0.1782760000000002, b= 0.20374400000000023, c= 0.22921200000000028, d= 0.2546800000000003 with timeout of 5s...
13-10-2024 21:59:58 - INFO - Setting Chmaber Zones to a= 0.1782760000000002, b= 0.20374400000000023, c= 0.22921200000000028, d= 0.2546800000000003 request successfully sent.
13-10-2024 21:59:58 - INFO - Response from moonraker: {'result': 'ok'}
13-10-2024 21:59:58 - INFO - Setting Chmaber Zones to a= 0.1782760000000002, b= 0.20374400000000023, c= 0.22921200000000028, d= 0.2546800000000003 Request successfully executed.
13-10-2024 21:59:58 - INFO - Sending request to Setting Chmaber Zones to a= 0.17378199999999988, b= 0.19860799999999987, c= 0.22343399999999985, d= 0.24825999999999981 with timeout of 5s...
13-10-2024 21:59:58 - INFO - Setting Chmaber Zones to a= 0.17378199999999988, b= 0.19860799999999987, c= 0.22343399999999985, d= 0.24825999999999981 request successfully sent.
13-10-2024 21:59:58 - INFO - Response from moonraker: {'result': 'ok'}
13-10-2024 21:59:58 - INFO - Setting Chmaber Zones to a= 0.17378199999999988, b= 0.19860799999999987, c= 0.22343399999999985, d= 0.24825999999999981 Request successfully executed.
13-10-2024 21:59:58 - INFO - Sending request to Setting Chmaber Zones to a= 0.17352999999999988, b= 0.19831999999999986, c= 0.22310999999999986, d= 0.24789999999999984 with timeout of 5s...
13-10-2024 21:59:58 - INFO - Setting Chmaber Zones to a= 0.17352999999999988, b= 0.19831999999999986, c= 0.22310999999999986, d= 0.24789999999999984 request successfully sent.
13-10-2024 21:59:58 - INFO - Response from moonraker: {'result': 'ok'}
13-10-2024 21:59:58 - INFO - Setting Chmaber Zones to a= 0.17352999999999988, b= 0.19831999999999986, c= 0.22310999999999986, d= 0.24789999999999984 Request successfully executed.
13-10-2024 21:59:58 - INFO - Sending request to Setting Chmaber Zones to a= 0.17110100000000006, b= 0.19554400000000008, c= 0.21998700000000007, d= 0.2444300000000001 with timeout of 5s...
13-10-2024 21:59:58 - INFO - Setting Chmaber Zones to a= 0.17110100000000006, b= 0.19554400000000008, c= 0.21998700000000007, d= 0.2444300000000001 request successfully sent.
13-10-2024 21:59:58 - INFO - Response from moonraker: {'result': 'ok'}
13-10-2024 21:59:58 - INFO - Setting Chmaber Zones to a= 0.17110100000000006, b= 0.19554400000000008, c= 0.21998700000000007, d= 0.2444300000000001 Request successfully executed.
13-10-2024 21:59:58 - INFO - Sending request to Setting Chmaber Zones to a= 0.1686510000000002, b= 0.19274400000000022, c= 0.21683700000000022, d= 0.24093000000000026 with timeout of 5s...
13-10-2024 21:59:58 - INFO - Setting Chmaber Zones to a= 0.1686510000000002, b= 0.19274400000000022, c= 0.21683700000000022, d= 0.24093000000000026 request successfully sent.
13-10-2024 21:59:58 - INFO - Response from moonraker: {'result': 'ok'}
13-10-2024 21:59:58 - INFO - Setting Chmaber Zones to a= 0.1686510000000002, b= 0.19274400000000022, c= 0.21683700000000022, d= 0.24093000000000026 Request successfully executed.
13-10-2024 21:59:59 - INFO - Sending request to Setting Chmaber Zones to a= 0.16616600000000026, b= 0.1899040000000003, c= 0.21364200000000033, d= 0.23738000000000034 with timeout of 5s...
13-10-2024 21:59:59 - INFO - Setting Chmaber Zones to a= 0.16616600000000026, b= 0.1899040000000003, c= 0.21364200000000033, d= 0.23738000000000034 request successfully sent.
13-10-2024 21:59:59 - INFO - Response from moonraker: {'result': 'ok'}
13-10-2024 21:59:59 - INFO - Setting Chmaber Zones to a= 0.16616600000000026, b= 0.1899040000000003, c= 0.21364200000000033, d= 0.23738000000000034 Request successfully executed.
13-10-2024 21:59:59 - INFO - Sending request to Setting Chmaber Zones to a= 0.16579500000000025, b= 0.1894800000000003, c= 0.21316500000000033, d= 0.23685000000000037 with timeout of 5s...
13-10-2024 21:59:59 - INFO - Setting Chmaber Zones to a= 0.16579500000000025, b= 0.1894800000000003, c= 0.21316500000000033, d= 0.23685000000000037 request successfully sent.
13-10-2024 21:59:59 - INFO - Response from moonraker: {'result': 'ok'}
13-10-2024 21:59:59 - INFO - Setting Chmaber Zones to a= 0.16579500000000025, b= 0.1894800000000003, c= 0.21316500000000033, d= 0.23685000000000037 Request successfully executed.
13-10-2024 21:59:59 - INFO - Sending request to Setting Chmaber Zones to a= 0.16541000000000025, b= 0.1890400000000003, c= 0.21267000000000036, d= 0.23630000000000037 with timeout of 5s...
13-10-2024 21:59:59 - INFO - Setting Chmaber Zones to a= 0.16541000000000025, b= 0.1890400000000003, c= 0.21267000000000036, d= 0.23630000000000037 request successfully sent.
13-10-2024 21:59:59 - INFO - Response from moonraker: {'result': 'ok'}
13-10-2024 21:59:59 - INFO - Setting Chmaber Zones to a= 0.16541000000000025, b= 0.1890400000000003, c= 0.21267000000000036, d= 0.23630000000000037 Request successfully executed.
13-10-2024 21:59:59 - INFO - Sending request to Setting Chmaber Zones to a= 0.16502500000000023, b= 0.18860000000000024, c= 0.2121750000000003, d= 0.23575000000000032 with timeout of 5s...
13-10-2024 21:59:59 - INFO - Setting Chmaber Zones to a= 0.16502500000000023, b= 0.18860000000000024, c= 0.2121750000000003, d= 0.23575000000000032 request successfully sent.
13-10-2024 21:59:59 - INFO - Response from moonraker: {'result': 'ok'}
13-10-2024 21:59:59 - INFO - Setting Chmaber Zones to a= 0.16502500000000023, b= 0.18860000000000024, c= 0.2121750000000003, d= 0.23575000000000032 Request successfully executed.
13-10-2024 21:59:59 - INFO - Sending request to Setting Chmaber Zones to a= 0.16464000000000023, b= 0.18816000000000027, c= 0.21168000000000028, d= 0.23520000000000033 with timeout of 5s...
13-10-2024 21:59:59 - INFO - Setting Chmaber Zones to a= 0.16464000000000023, b= 0.18816000000000027, c= 0.21168000000000028, d= 0.23520000000000033 request successfully sent.
13-10-2024 21:59:59 - INFO - Response from moonraker: {'result': 'ok'}
13-10-2024 21:59:59 - INFO - Setting Chmaber Zones to a= 0.16464000000000023, b= 0.18816000000000027, c= 0.21168000000000028, d= 0.23520000000000033 Request successfully executed.
13-10-2024 22:00:00 - INFO - Sending request to Setting Chmaber Zones to a= 0.1664040000000001, b= 0.19017600000000012, c= 0.21394800000000014, d= 0.23772000000000015 with timeout of 5s...
13-10-2024 22:00:00 - INFO - Setting Chmaber Zones to a= 0.1664040000000001, b= 0.19017600000000012, c= 0.21394800000000014, d= 0.23772000000000015 request successfully sent.
13-10-2024 22:00:00 - INFO - Response from moonraker: {'result': 'ok'}
13-10-2024 22:00:00 - INFO - Setting Chmaber Zones to a= 0.1664040000000001, b= 0.19017600000000012, c= 0.21394800000000014, d= 0.23772000000000015 Request successfully executed.
13-10-2024 22:00:00 - INFO - Sending request to Setting Chmaber Zones to a= 0.1660400000000001, b= 0.18976000000000012, c= 0.21348000000000014, d= 0.23720000000000016 with timeout of 5s...
13-10-2024 22:00:00 - INFO - Setting Chmaber Zones to a= 0.1660400000000001, b= 0.18976000000000012, c= 0.21348000000000014, d= 0.23720000000000016 request successfully sent.
13-10-2024 22:00:00 - INFO - Response from moonraker: {'result': 'ok'}
13-10-2024 22:00:00 - INFO - Setting Chmaber Zones to a= 0.1660400000000001, b= 0.18976000000000012, c= 0.21348000000000014, d= 0.23720000000000016 Request successfully executed.
13-10-2024 22:00:00 - INFO - Sending request to Setting Chmaber Zones to a= 0.1699879999999999, b= 0.19427199999999986, c= 0.21855599999999986, d= 0.24283999999999983 with timeout of 5s...
13-10-2024 22:00:00 - INFO - Setting Chmaber Zones to a= 0.1699879999999999, b= 0.19427199999999986, c= 0.21855599999999986, d= 0.24283999999999983 request successfully sent.
13-10-2024 22:00:00 - INFO - Response from moonraker: {'result': 'ok'}
13-10-2024 22:00:00 - INFO - Setting Chmaber Zones to a= 0.1699879999999999, b= 0.19427199999999986, c= 0.21855599999999986, d= 0.24283999999999983 Request successfully executed.
13-10-2024 22:00:00 - INFO - Sending request to Setting Chmaber Zones to a= 0.1696799999999999, b= 0.1939199999999999, c= 0.21815999999999985, d= 0.24239999999999984 with timeout of 5s...
13-10-2024 22:00:00 - INFO - Setting Chmaber Zones to a= 0.1696799999999999, b= 0.1939199999999999, c= 0.21815999999999985, d= 0.24239999999999984 request successfully sent.
13-10-2024 22:00:00 - INFO - Response from moonraker: {'result': 'ok'}
13-10-2024 22:00:00 - INFO - Setting Chmaber Zones to a= 0.1696799999999999, b= 0.1939199999999999, c= 0.21815999999999985, d= 0.24239999999999984 Request successfully executed.
13-10-2024 22:00:00 - INFO - Sending request to Setting Chmaber Zones to a= 0.1736980000000003, b= 0.19851200000000035, c= 0.22332600000000039, d= 0.24814000000000042 with timeout of 5s...
13-10-2024 22:00:00 - INFO - Setting Chmaber Zones to a= 0.1736980000000003, b= 0.19851200000000035, c= 0.22332600000000039, d= 0.24814000000000042 request successfully sent.
13-10-2024 22:00:00 - INFO - Response from moonraker: {'result': 'ok'}
13-10-2024 22:00:00 - INFO - Setting Chmaber Zones to a= 0.1736980000000003, b= 0.19851200000000035, c= 0.22332600000000039, d= 0.24814000000000042 Request successfully executed.
13-10-2024 22:00:01 - INFO - Sending request to Setting Chmaber Zones to a= 0.17346000000000025, b= 0.1982400000000003, c= 0.22302000000000036, d= 0.24780000000000035 with timeout of 5s...
13-10-2024 22:00:01 - INFO - Setting Chmaber Zones to a= 0.17346000000000025, b= 0.1982400000000003, c= 0.22302000000000036, d= 0.24780000000000035 request successfully sent.
13-10-2024 22:00:01 - INFO - Response from moonraker: {'result': 'ok'}
13-10-2024 22:00:01 - INFO - Setting Chmaber Zones to a= 0.17346000000000025, b= 0.1982400000000003, c= 0.22302000000000036, d= 0.24780000000000035 Request successfully executed.
13-10-2024 22:00:01 - INFO - Sending request to Setting Chmaber Zones to a= 0.17325000000000024, b= 0.1980000000000003, c= 0.2227500000000003, d= 0.24750000000000036 with timeout of 5s...
13-10-2024 22:00:01 - INFO - Setting Chmaber Zones to a= 0.17325000000000024, b= 0.1980000000000003, c= 0.2227500000000003, d= 0.24750000000000036 request successfully sent.
13-10-2024 22:00:01 - INFO - Response from moonraker: {'result': 'ok'}
13-10-2024 22:00:01 - INFO - Setting Chmaber Zones to a= 0.17325000000000024, b= 0.1980000000000003, c= 0.2227500000000003, d= 0.24750000000000036 Request successfully executed.
13-10-2024 22:00:01 - INFO - Sending request to Setting Chmaber Zones to a= 0.17304000000000022, b= 0.19776000000000027, c= 0.2224800000000003, d= 0.24720000000000034 with timeout of 5s...
13-10-2024 22:00:01 - INFO - Setting Chmaber Zones to a= 0.17304000000000022, b= 0.19776000000000027, c= 0.2224800000000003, d= 0.24720000000000034 request successfully sent.
13-10-2024 22:00:01 - INFO - Response from moonraker: {'result': 'ok'}
13-10-2024 22:00:01 - INFO - Setting Chmaber Zones to a= 0.17304000000000022, b= 0.19776000000000027, c= 0.2224800000000003, d= 0.24720000000000034 Request successfully executed.
13-10-2024 22:00:01 - INFO - Sending request to Setting Chmaber Zones to a= 0.17283000000000023, b= 0.19752000000000025, c= 0.2222100000000003, d= 0.24690000000000029 with timeout of 5s...
13-10-2024 22:00:01 - INFO - Setting Chmaber Zones to a= 0.17283000000000023, b= 0.19752000000000025, c= 0.2222100000000003, d= 0.24690000000000029 request successfully sent.
13-10-2024 22:00:01 - INFO - Response from moonraker: {'result': 'ok'}
13-10-2024 22:00:01 - INFO - Setting Chmaber Zones to a= 0.17283000000000023, b= 0.19752000000000025, c= 0.2222100000000003, d= 0.24690000000000029 Request successfully executed.
13-10-2024 22:00:01 - INFO - Sending request to Setting Chmaber Zones to a= 0.17262000000000025, b= 0.19728000000000026, c= 0.2219400000000003, d= 0.24660000000000035 with timeout of 5s...
13-10-2024 22:00:01 - INFO - Setting Chmaber Zones to a= 0.17262000000000025, b= 0.19728000000000026, c= 0.2219400000000003, d= 0.24660000000000035 request successfully sent.
13-10-2024 22:00:01 - INFO - Response from moonraker: {'result': 'ok'}
13-10-2024 22:00:01 - INFO - Setting Chmaber Zones to a= 0.17262000000000025, b= 0.19728000000000026, c= 0.2219400000000003, d= 0.24660000000000035 Request successfully executed.
13-10-2024 22:00:02 - INFO - Sending request to Setting Chmaber Zones to a= 0.1724100000000002, b= 0.19704000000000024, c= 0.2216700000000003, d= 0.2463000000000003 with timeout of 5s...
13-10-2024 22:00:02 - INFO - Setting Chmaber Zones to a= 0.1724100000000002, b= 0.19704000000000024, c= 0.2216700000000003, d= 0.2463000000000003 request successfully sent.
13-10-2024 22:00:02 - INFO - Response from moonraker: {'result': 'ok'}
13-10-2024 22:00:02 - INFO - Setting Chmaber Zones to a= 0.1724100000000002, b= 0.19704000000000024, c= 0.2216700000000003, d= 0.2463000000000003 Request successfully executed.
13-10-2024 22:00:02 - INFO - Sending request to Setting Chmaber Zones to a= 0.17220000000000021, b= 0.19680000000000025, c= 0.22140000000000026, d= 0.2460000000000003 with timeout of 5s...
13-10-2024 22:00:02 - INFO - Setting Chmaber Zones to a= 0.17220000000000021, b= 0.19680000000000025, c= 0.22140000000000026, d= 0.2460000000000003 request successfully sent.
13-10-2024 22:00:02 - INFO - Response from moonraker: {'result': 'ok'}
13-10-2024 22:00:02 - INFO - Setting Chmaber Zones to a= 0.17220000000000021, b= 0.19680000000000025, c= 0.22140000000000026, d= 0.2460000000000003 Request successfully executed.
13-10-2024 22:00:02 - INFO - Sending request to Setting Chmaber Zones to a= 0.17628799999999997, b= 0.20147199999999998, c= 0.22665599999999994, d= 0.25183999999999995 with timeout of 5s...
13-10-2024 22:00:02 - INFO - Setting Chmaber Zones to a= 0.17628799999999997, b= 0.20147199999999998, c= 0.22665599999999994, d= 0.25183999999999995 request successfully sent.
13-10-2024 22:00:02 - INFO - Response from moonraker: {'result': 'ok'}
13-10-2024 22:00:02 - INFO - Setting Chmaber Zones to a= 0.17628799999999997, b= 0.20147199999999998, c= 0.22665599999999994, d= 0.25183999999999995 Request successfully executed.
13-10-2024 22:00:02 - INFO - Sending request to Setting Chmaber Zones to a= 0.17826899999999984, b= 0.2037359999999998, c= 0.2292029999999998, d= 0.2546699999999998 with timeout of 5s...
13-10-2024 22:00:02 - INFO - Setting Chmaber Zones to a= 0.17826899999999984, b= 0.2037359999999998, c= 0.2292029999999998, d= 0.2546699999999998 request successfully sent.
13-10-2024 22:00:02 - INFO - Response from moonraker: {'result': 'ok'}
13-10-2024 22:00:02 - INFO - Setting Chmaber Zones to a= 0.17826899999999984, b= 0.2037359999999998, c= 0.2292029999999998, d= 0.2546699999999998 Request successfully executed.
13-10-2024 22:00:02 - INFO - Sending request to Setting Chmaber Zones to a= 0.1802990000000003, b= 0.20605600000000032, c= 0.23181300000000035, d= 0.2575700000000004 with timeout of 5s...
13-10-2024 22:00:02 - INFO - Setting Chmaber Zones to a= 0.1802990000000003, b= 0.20605600000000032, c= 0.23181300000000035, d= 0.2575700000000004 request successfully sent.
13-10-2024 22:00:02 - INFO - Response from moonraker: {'result': 'ok'}
13-10-2024 22:00:02 - INFO - Setting Chmaber Zones to a= 0.1802990000000003, b= 0.20605600000000032, c= 0.23181300000000035, d= 0.2575700000000004 Request successfully executed.
13-10-2024 22:00:03 - INFO - Sending request to Setting Chmaber Zones to a= 0.1802150000000003, b= 0.2059600000000003, c= 0.23170500000000036, d= 0.2574500000000004 with timeout of 5s...
13-10-2024 22:00:03 - INFO - Setting Chmaber Zones to a= 0.1802150000000003, b= 0.2059600000000003, c= 0.23170500000000036, d= 0.2574500000000004 request successfully sent.
13-10-2024 22:00:03 - INFO - Response from moonraker: {'result': 'ok'}
13-10-2024 22:00:03 - INFO - Setting Chmaber Zones to a= 0.1802150000000003, b= 0.2059600000000003, c= 0.23170500000000036, d= 0.2574500000000004 Request successfully executed.
13-10-2024 22:00:03 - INFO - Sending request to Setting Chmaber Zones to a= 0.18014500000000028, b= 0.20588000000000028, c= 0.23161500000000032, d= 0.25735000000000036 with timeout of 5s...
13-10-2024 22:00:03 - INFO - Setting Chmaber Zones to a= 0.18014500000000028, b= 0.20588000000000028, c= 0.23161500000000032, d= 0.25735000000000036 request successfully sent.
13-10-2024 22:00:03 - INFO - Response from moonraker: {'result': 'ok'}
13-10-2024 22:00:03 - INFO - Setting Chmaber Zones to a= 0.18014500000000028, b= 0.20588000000000028, c= 0.23161500000000032, d= 0.25735000000000036 Request successfully executed.
13-10-2024 22:00:03 - INFO - Sending request to Setting Chmaber Zones to a= 0.1800750000000002, b= 0.20580000000000026, c= 0.2315250000000003, d= 0.2572500000000003 with timeout of 5s...
13-10-2024 22:00:03 - INFO - Setting Chmaber Zones to a= 0.1800750000000002, b= 0.20580000000000026, c= 0.2315250000000003, d= 0.2572500000000003 request successfully sent.
13-10-2024 22:00:03 - INFO - Response from moonraker: {'result': 'ok'}
13-10-2024 22:00:03 - INFO - Setting Chmaber Zones to a= 0.1800750000000002, b= 0.20580000000000026, c= 0.2315250000000003, d= 0.2572500000000003 Request successfully executed.
13-10-2024 22:00:03 - INFO - Sending request to Setting Chmaber Zones to a= 0.18000500000000025, b= 0.20572000000000024, c= 0.23143500000000028, d= 0.2571500000000003 with timeout of 5s...
13-10-2024 22:00:03 - INFO - Setting Chmaber Zones to a= 0.18000500000000025, b= 0.20572000000000024, c= 0.23143500000000028, d= 0.2571500000000003 request successfully sent.
13-10-2024 22:00:03 - INFO - Response from moonraker: {'result': 'ok'}
13-10-2024 22:00:03 - INFO - Setting Chmaber Zones to a= 0.18000500000000025, b= 0.20572000000000024, c= 0.23143500000000028, d= 0.2571500000000003 Request successfully executed.
13-10-2024 22:00:03 - INFO - Sending request to Setting Chmaber Zones to a= 0.17993500000000018, b= 0.2056400000000002, c= 0.23134500000000024, d= 0.2570500000000003 with timeout of 5s...
13-10-2024 22:00:03 - INFO - Setting Chmaber Zones to a= 0.17993500000000018, b= 0.2056400000000002, c= 0.23134500000000024, d= 0.2570500000000003 request successfully sent.
13-10-2024 22:00:03 - INFO - Response from moonraker: {'result': 'ok'}
13-10-2024 22:00:03 - INFO - Setting Chmaber Zones to a= 0.17993500000000018, b= 0.2056400000000002, c= 0.23134500000000024, d= 0.2570500000000003 Request successfully executed.
13-10-2024 22:00:04 - INFO - Sending request to Setting Chmaber Zones to a= 0.17986500000000022, b= 0.20556000000000021, c= 0.23125500000000027, d= 0.2569500000000003 with timeout of 5s...
13-10-2024 22:00:04 - INFO - Setting Chmaber Zones to a= 0.17986500000000022, b= 0.20556000000000021, c= 0.23125500000000027, d= 0.2569500000000003 request successfully sent.
13-10-2024 22:00:04 - INFO - Response from moonraker: {'result': 'ok'}
13-10-2024 22:00:04 - INFO - Setting Chmaber Zones to a= 0.17986500000000022, b= 0.20556000000000021, c= 0.23125500000000027, d= 0.2569500000000003 Request successfully executed.
13-10-2024 22:00:04 - INFO - Sending request to Setting Chmaber Zones to a= 0.17979500000000015, b= 0.2054800000000002, c= 0.23116500000000023, d= 0.25685000000000024 with timeout of 5s...
13-10-2024 22:00:04 - INFO - Setting Chmaber Zones to a= 0.17979500000000015, b= 0.2054800000000002, c= 0.23116500000000023, d= 0.25685000000000024 request successfully sent.
13-10-2024 22:00:04 - INFO - Response from moonraker: {'result': 'ok'}
13-10-2024 22:00:04 - INFO - Setting Chmaber Zones to a= 0.17979500000000015, b= 0.2054800000000002, c= 0.23116500000000023, d= 0.25685000000000024 Request successfully executed.
13-10-2024 22:00:04 - INFO - Sending request to Setting Chmaber Zones to a= 0.17972500000000013, b= 0.20540000000000017, c= 0.2310750000000002, d= 0.2567500000000002 with timeout of 5s...
13-10-2024 22:00:04 - INFO - Setting Chmaber Zones to a= 0.17972500000000013, b= 0.20540000000000017, c= 0.2310750000000002, d= 0.2567500000000002 request successfully sent.
13-10-2024 22:00:04 - INFO - Response from moonraker: {'result': 'ok'}
13-10-2024 22:00:04 - INFO - Setting Chmaber Zones to a= 0.17972500000000013, b= 0.20540000000000017, c= 0.2310750000000002, d= 0.2567500000000002 Request successfully executed.
13-10-2024 22:00:04 - INFO - Sending request to Setting Chmaber Zones to a= 0.17965500000000018, b= 0.20532000000000017, c= 0.2309850000000002, d= 0.2566500000000002 with timeout of 5s...
13-10-2024 22:00:04 - INFO - Setting Chmaber Zones to a= 0.17965500000000018, b= 0.20532000000000017, c= 0.2309850000000002, d= 0.2566500000000002 request successfully sent.
13-10-2024 22:00:04 - INFO - Response from moonraker: {'result': 'ok'}
13-10-2024 22:00:04 - INFO - Setting Chmaber Zones to a= 0.17965500000000018, b= 0.20532000000000017, c= 0.2309850000000002, d= 0.2566500000000002 Request successfully executed.
13-10-2024 22:00:04 - INFO - Sending request to Setting Chmaber Zones to a= 0.1795850000000001, b= 0.20524000000000014, c= 0.23089500000000016, d= 0.25655000000000017 with timeout of 5s...
13-10-2024 22:00:04 - INFO - Setting Chmaber Zones to a= 0.1795850000000001, b= 0.20524000000000014, c= 0.23089500000000016, d= 0.25655000000000017 request successfully sent.
13-10-2024 22:00:04 - INFO - Response from moonraker: {'result': 'ok'}
13-10-2024 22:00:04 - INFO - Setting Chmaber Zones to a= 0.1795850000000001, b= 0.20524000000000014, c= 0.23089500000000016, d= 0.25655000000000017 Request successfully executed.
13-10-2024 22:00:05 - INFO - Sending request to Setting Chmaber Zones to a= 0.17736599999999964, b= 0.2027039999999996, c= 0.22804199999999955, d= 0.2533799999999995 with timeout of 5s...
13-10-2024 22:00:05 - INFO - Setting Chmaber Zones to a= 0.17736599999999964, b= 0.2027039999999996, c= 0.22804199999999955, d= 0.2533799999999995 request successfully sent.
13-10-2024 22:00:05 - INFO - Response from moonraker: {'result': 'ok'}
13-10-2024 22:00:05 - INFO - Setting Chmaber Zones to a= 0.17736599999999964, b= 0.2027039999999996, c= 0.22804199999999955, d= 0.2533799999999995 Request successfully executed.
13-10-2024 22:00:05 - INFO - Sending request to Setting Chmaber Zones to a= 0.17727499999999968, b= 0.2025999999999996, c= 0.22792499999999957, d= 0.25324999999999953 with timeout of 5s...
13-10-2024 22:00:05 - INFO - Setting Chmaber Zones to a= 0.17727499999999968, b= 0.2025999999999996, c= 0.22792499999999957, d= 0.25324999999999953 request successfully sent.
13-10-2024 22:00:05 - INFO - Response from moonraker: {'result': 'ok'}
13-10-2024 22:00:05 - INFO - Setting Chmaber Zones to a= 0.17727499999999968, b= 0.2025999999999996, c= 0.22792499999999957, d= 0.25324999999999953 Request successfully executed.
13-10-2024 22:00:05 - INFO - Sending request to Setting Chmaber Zones to a= 0.17502099999999976, b= 0.20002399999999976, c= 0.22502699999999973, d= 0.2500299999999997 with timeout of 5s...
13-10-2024 22:00:05 - INFO - Setting Chmaber Zones to a= 0.17502099999999976, b= 0.20002399999999976, c= 0.22502699999999973, d= 0.2500299999999997 request successfully sent.
13-10-2024 22:00:05 - INFO - Response from moonraker: {'result': 'ok'}
13-10-2024 22:00:05 - INFO - Setting Chmaber Zones to a= 0.17502099999999976, b= 0.20002399999999976, c= 0.22502699999999973, d= 0.2500299999999997 Request successfully executed.
13-10-2024 22:00:05 - INFO - Sending request to Setting Chmaber Zones to a= 0.17274599999999993, b= 0.19742399999999993, c= 0.22210199999999994, d= 0.2467799999999999 with timeout of 5s...
13-10-2024 22:00:05 - INFO - Setting Chmaber Zones to a= 0.17274599999999993, b= 0.19742399999999993, c= 0.22210199999999994, d= 0.2467799999999999 request successfully sent.
13-10-2024 22:00:05 - INFO - Response from moonraker: {'result': 'ok'}
13-10-2024 22:00:05 - INFO - Setting Chmaber Zones to a= 0.17274599999999993, b= 0.19742399999999993, c= 0.22210199999999994, d= 0.2467799999999999 Request successfully executed.
13-10-2024 22:00:05 - INFO - Sending request to Setting Chmaber Zones to a= 0.17043600000000006, b= 0.19478400000000007, c= 0.21913200000000008, d= 0.24348000000000009 with timeout of 5s...
13-10-2024 22:00:05 - INFO - Setting Chmaber Zones to a= 0.17043600000000006, b= 0.19478400000000007, c= 0.21913200000000008, d= 0.24348000000000009 request successfully sent.
13-10-2024 22:00:05 - INFO - Response from moonraker: {'result': 'ok'}
13-10-2024 22:00:05 - INFO - Setting Chmaber Zones to a= 0.17043600000000006, b= 0.19478400000000007, c= 0.21913200000000008, d= 0.24348000000000009 Request successfully executed.
13-10-2024 22:00:06 - INFO - Sending request to Setting Chmaber Zones to a= 0.17024000000000006, b= 0.19456000000000004, c= 0.21888000000000005, d= 0.24320000000000003 with timeout of 5s...
13-10-2024 22:00:06 - INFO - Setting Chmaber Zones to a= 0.17024000000000006, b= 0.19456000000000004, c= 0.21888000000000005, d= 0.24320000000000003 request successfully sent.
13-10-2024 22:00:06 - INFO - Response from moonraker: {'result': 'ok'}
13-10-2024 22:00:06 - INFO - Setting Chmaber Zones to a= 0.17024000000000006, b= 0.19456000000000004, c= 0.21888000000000005, d= 0.24320000000000003 Request successfully executed.
13-10-2024 22:00:06 - INFO - Sending request to Setting Chmaber Zones to a= 0.16788100000000017, b= 0.1918640000000002, c= 0.21584700000000023, d= 0.23983000000000027 with timeout of 5s...
13-10-2024 22:00:06 - INFO - Setting Chmaber Zones to a= 0.16788100000000017, b= 0.1918640000000002, c= 0.21584700000000023, d= 0.23983000000000027 request successfully sent.
13-10-2024 22:00:06 - INFO - Response from moonraker: {'result': 'ok'}
13-10-2024 22:00:06 - INFO - Setting Chmaber Zones to a= 0.16788100000000017, b= 0.1918640000000002, c= 0.21584700000000023, d= 0.23983000000000027 Request successfully executed.
13-10-2024 22:00:06 - INFO - Sending request to Setting Chmaber Zones to a= 0.16550099999999973, b= 0.18914399999999967, c= 0.21278699999999964, d= 0.2364299999999996 with timeout of 5s...
13-10-2024 22:00:06 - INFO - Setting Chmaber Zones to a= 0.16550099999999973, b= 0.18914399999999967, c= 0.21278699999999964, d= 0.2364299999999996 request successfully sent.
13-10-2024 22:00:06 - INFO - Response from moonraker: {'result': 'ok'}
13-10-2024 22:00:06 - INFO - Setting Chmaber Zones to a= 0.16550099999999973, b= 0.18914399999999967, c= 0.21278699999999964, d= 0.2364299999999996 Request successfully executed.
13-10-2024 22:00:06 - INFO - Sending request to Setting Chmaber Zones to a= 0.1652349999999997, b= 0.18883999999999967, c= 0.21244499999999963, d= 0.23604999999999957 with timeout of 5s...
13-10-2024 22:00:06 - INFO - Setting Chmaber Zones to a= 0.1652349999999997, b= 0.18883999999999967, c= 0.21244499999999963, d= 0.23604999999999957 request successfully sent.
13-10-2024 22:00:06 - INFO - Response from moonraker: {'result': 'ok'}
13-10-2024 22:00:06 - INFO - Setting Chmaber Zones to a= 0.1652349999999997, b= 0.18883999999999967, c= 0.21244499999999963, d= 0.23604999999999957 Request successfully executed.
13-10-2024 22:00:06 - INFO - Sending request to Setting Chmaber Zones to a= 0.16495499999999974, b= 0.18851999999999972, c= 0.2120849999999997, d= 0.2356499999999996 with timeout of 5s...
13-10-2024 22:00:06 - INFO - Setting Chmaber Zones to a= 0.16495499999999974, b= 0.18851999999999972, c= 0.2120849999999997, d= 0.2356499999999996 request successfully sent.
13-10-2024 22:00:06 - INFO - Response from moonraker: {'result': 'ok'}
13-10-2024 22:00:06 - INFO - Setting Chmaber Zones to a= 0.16495499999999974, b= 0.18851999999999972, c= 0.2120849999999997, d= 0.2356499999999996 Request successfully executed.
13-10-2024 22:00:07 - INFO - Sending request to Setting Chmaber Zones to a= 0.16467499999999974, b= 0.18819999999999973, c= 0.21172499999999966, d= 0.23524999999999963 with timeout of 5s...
13-10-2024 22:00:07 - INFO - Setting Chmaber Zones to a= 0.16467499999999974, b= 0.18819999999999973, c= 0.21172499999999966, d= 0.23524999999999963 request successfully sent.
13-10-2024 22:00:07 - INFO - Response from moonraker: {'result': 'ok'}
13-10-2024 22:00:07 - INFO - Setting Chmaber Zones to a= 0.16467499999999974, b= 0.18819999999999973, c= 0.21172499999999966, d= 0.23524999999999963 Request successfully executed.
13-10-2024 22:00:07 - INFO - Sending request to Setting Chmaber Zones to a= 0.16439499999999976, b= 0.18787999999999974, c= 0.2113649999999997, d= 0.23484999999999967 with timeout of 5s...
13-10-2024 22:00:07 - INFO - Setting Chmaber Zones to a= 0.16439499999999976, b= 0.18787999999999974, c= 0.2113649999999997, d= 0.23484999999999967 request successfully sent.
13-10-2024 22:00:07 - INFO - Response from moonraker: {'result': 'ok'}
13-10-2024 22:00:07 - INFO - Setting Chmaber Zones to a= 0.16439499999999976, b= 0.18787999999999974, c= 0.2113649999999997, d= 0.23484999999999967 Request successfully executed.
13-10-2024 22:00:07 - INFO - Sending request to Setting Chmaber Zones to a= 0.1641149999999998, b= 0.18755999999999978, c= 0.21100499999999975, d= 0.23444999999999971 with timeout of 5s...
13-10-2024 22:00:07 - INFO - Setting Chmaber Zones to a= 0.1641149999999998, b= 0.18755999999999978, c= 0.21100499999999975, d= 0.23444999999999971 request successfully sent.
13-10-2024 22:00:07 - INFO - Response from moonraker: {'result': 'ok'}
13-10-2024 22:00:07 - INFO - Setting Chmaber Zones to a= 0.1641149999999998, b= 0.18755999999999978, c= 0.21100499999999975, d= 0.23444999999999971 Request successfully executed.
13-10-2024 22:00:07 - INFO - Sending request to Setting Chmaber Zones to a= 0.16168599999999994, b= 0.18478399999999995, c= 0.20788199999999993, d= 0.2309799999999999 with timeout of 5s...
13-10-2024 22:00:07 - INFO - Setting Chmaber Zones to a= 0.16168599999999994, b= 0.18478399999999995, c= 0.20788199999999993, d= 0.2309799999999999 request successfully sent.
13-10-2024 22:00:07 - INFO - Response from moonraker: {'result': 'ok'}
13-10-2024 22:00:07 - INFO - Setting Chmaber Zones to a= 0.16168599999999994, b= 0.18478399999999995, c= 0.20788199999999993, d= 0.2309799999999999 Request successfully executed.
13-10-2024 22:00:07 - INFO - Sending request to Setting Chmaber Zones to a= 0.16138499999999995, b= 0.1844399999999999, c= 0.2074949999999999, d= 0.2305499999999999 with timeout of 5s...
13-10-2024 22:00:07 - INFO - Setting Chmaber Zones to a= 0.16138499999999995, b= 0.1844399999999999, c= 0.2074949999999999, d= 0.2305499999999999 request successfully sent.
13-10-2024 22:00:07 - INFO - Response from moonraker: {'result': 'ok'}
13-10-2024 22:00:07 - INFO - Setting Chmaber Zones to a= 0.16138499999999995, b= 0.1844399999999999, c= 0.2074949999999999, d= 0.2305499999999999 Request successfully executed.
13-10-2024 22:00:08 - INFO - Sending request to Setting Chmaber Zones to a= 0.15892100000000003, b= 0.18162400000000006, c= 0.20432700000000004, d= 0.22703000000000007 with timeout of 5s...
13-10-2024 22:00:08 - INFO - Setting Chmaber Zones to a= 0.15892100000000003, b= 0.18162400000000006, c= 0.20432700000000004, d= 0.22703000000000007 request successfully sent.
13-10-2024 22:00:08 - INFO - Response from moonraker: {'result': 'ok'}
13-10-2024 22:00:08 - INFO - Setting Chmaber Zones to a= 0.15892100000000003, b= 0.18162400000000006, c= 0.20432700000000004, d= 0.22703000000000007 Request successfully executed.
13-10-2024 22:00:08 - INFO - Sending request to Setting Chmaber Zones to a= 0.15858500000000006, b= 0.18124000000000007, c= 0.20389500000000005, d= 0.22655000000000006 with timeout of 5s...
13-10-2024 22:00:08 - INFO - Setting Chmaber Zones to a= 0.15858500000000006, b= 0.18124000000000007, c= 0.20389500000000005, d= 0.22655000000000006 request successfully sent.
13-10-2024 22:00:08 - INFO - Response from moonraker: {'result': 'ok'}
13-10-2024 22:00:08 - INFO - Setting Chmaber Zones to a= 0.15858500000000006, b= 0.18124000000000007, c= 0.20389500000000005, d= 0.22655000000000006 Request successfully executed.
13-10-2024 22:00:08 - INFO - Sending request to Setting Chmaber Zones to a= 0.15608600000000017, b= 0.17838400000000018, c= 0.20068200000000022, d= 0.22298000000000023 with timeout of 5s...
13-10-2024 22:00:08 - INFO - Setting Chmaber Zones to a= 0.15608600000000017, b= 0.17838400000000018, c= 0.20068200000000022, d= 0.22298000000000023 request successfully sent.
13-10-2024 22:00:08 - INFO - Response from moonraker: {'result': 'ok'}
13-10-2024 22:00:08 - INFO - Setting Chmaber Zones to a= 0.15608600000000017, b= 0.17838400000000018, c= 0.20068200000000022, d= 0.22298000000000023 Request successfully executed.
13-10-2024 22:00:08 - INFO - Sending request to Setting Chmaber Zones to a= 0.15571500000000016, b= 0.17796000000000017, c= 0.2002050000000002, d= 0.22245000000000023 with timeout of 5s...
13-10-2024 22:00:08 - INFO - Setting Chmaber Zones to a= 0.15571500000000016, b= 0.17796000000000017, c= 0.2002050000000002, d= 0.22245000000000023 request successfully sent.
13-10-2024 22:00:08 - INFO - Response from moonraker: {'result': 'ok'}
13-10-2024 22:00:08 - INFO - Setting Chmaber Zones to a= 0.15571500000000016, b= 0.17796000000000017, c= 0.2002050000000002, d= 0.22245000000000023 Request successfully executed.
13-10-2024 22:00:08 - INFO - Sending request to Setting Chmaber Zones to a= 0.1553300000000001, b= 0.17752000000000012, c= 0.19971000000000017, d= 0.22190000000000018 with timeout of 5s...
13-10-2024 22:00:08 - INFO - Setting Chmaber Zones to a= 0.1553300000000001, b= 0.17752000000000012, c= 0.19971000000000017, d= 0.22190000000000018 request successfully sent.
13-10-2024 22:00:08 - INFO - Response from moonraker: {'result': 'ok'}
13-10-2024 22:00:08 - INFO - Setting Chmaber Zones to a= 0.1553300000000001, b= 0.17752000000000012, c= 0.19971000000000017, d= 0.22190000000000018 Request successfully executed.
13-10-2024 22:00:09 - INFO - Sending request to Setting Chmaber Zones to a= 0.1592429999999999, b= 0.1819919999999999, c= 0.2047409999999999, d= 0.2274899999999999 with timeout of 5s...
13-10-2024 22:00:09 - INFO - Setting Chmaber Zones to a= 0.1592429999999999, b= 0.1819919999999999, c= 0.2047409999999999, d= 0.2274899999999999 request successfully sent.
13-10-2024 22:00:09 - INFO - Response from moonraker: {'result': 'ok'}
13-10-2024 22:00:09 - INFO - Setting Chmaber Zones to a= 0.1592429999999999, b= 0.1819919999999999, c= 0.2047409999999999, d= 0.2274899999999999 Request successfully executed.
13-10-2024 22:00:09 - INFO - Sending request to Setting Chmaber Zones to a= 0.1631980000000003, b= 0.18651200000000032, c= 0.20982600000000037, d= 0.2331400000000004 with timeout of 5s...
13-10-2024 22:00:09 - INFO - Setting Chmaber Zones to a= 0.1631980000000003, b= 0.18651200000000032, c= 0.20982600000000037, d= 0.2331400000000004 request successfully sent.
13-10-2024 22:00:09 - INFO - Response from moonraker: {'result': 'ok'}
13-10-2024 22:00:09 - INFO - Setting Chmaber Zones to a= 0.1631980000000003, b= 0.18651200000000032, c= 0.20982600000000037, d= 0.2331400000000004 Request successfully executed.
13-10-2024 22:00:09 - INFO - Sending request to Setting Chmaber Zones to a= 0.1693719999999999, b= 0.19356799999999985, c= 0.21776399999999985, d= 0.24195999999999984 with timeout of 5s...
13-10-2024 22:00:09 - INFO - Setting Chmaber Zones to a= 0.1693719999999999, b= 0.19356799999999985, c= 0.21776399999999985, d= 0.24195999999999984 request successfully sent.
13-10-2024 22:00:09 - INFO - Response from moonraker: {'result': 'ok'}
13-10-2024 22:00:09 - INFO - Setting Chmaber Zones to a= 0.1693719999999999, b= 0.19356799999999985, c= 0.21776399999999985, d= 0.24195999999999984 Request successfully executed.
13-10-2024 22:00:09 - INFO - Sending request to Setting Chmaber Zones to a= 0.1691899999999999, b= 0.19335999999999987, c= 0.21752999999999986, d= 0.2416999999999999 with timeout of 5s...
13-10-2024 22:00:09 - INFO - Setting Chmaber Zones to a= 0.1691899999999999, b= 0.19335999999999987, c= 0.21752999999999986, d= 0.2416999999999999 request successfully sent.
13-10-2024 22:00:09 - INFO - Response from moonraker: {'result': 'ok'}
13-10-2024 22:00:09 - INFO - Setting Chmaber Zones to a= 0.1691899999999999, b= 0.19335999999999987, c= 0.21752999999999986, d= 0.2416999999999999 Request successfully executed.
13-10-2024 22:00:09 - INFO - Sending request to Setting Chmaber Zones to a= 0.17334800000000025, b= 0.19811200000000032, c= 0.22287600000000032, d= 0.2476400000000004 with timeout of 5s...
13-10-2024 22:00:09 - INFO - Setting Chmaber Zones to a= 0.17334800000000025, b= 0.19811200000000032, c= 0.22287600000000032, d= 0.2476400000000004 request successfully sent.
13-10-2024 22:00:09 - INFO - Response from moonraker: {'result': 'ok'}
13-10-2024 22:00:09 - INFO - Setting Chmaber Zones to a= 0.17334800000000025, b= 0.19811200000000032, c= 0.22287600000000032, d= 0.2476400000000004 Request successfully executed.
13-10-2024 22:00:10 - INFO - Sending request to Setting Chmaber Zones to a= 0.17754800000000004, b= 0.20291200000000004, c= 0.22827600000000003, d= 0.25364000000000003 with timeout of 5s...
13-10-2024 22:00:10 - INFO - Setting Chmaber Zones to a= 0.17754800000000004, b= 0.20291200000000004, c= 0.22827600000000003, d= 0.25364000000000003 request successfully sent.
13-10-2024 22:00:10 - INFO - Response from moonraker: {'result': 'ok'}
13-10-2024 22:00:10 - INFO - Setting Chmaber Zones to a= 0.17754800000000004, b= 0.20291200000000004, c= 0.22827600000000003, d= 0.25364000000000003 Request successfully executed.
13-10-2024 22:00:10 - INFO - Sending request to Setting Chmaber Zones to a= 0.17752, b= 0.20288000000000003, c= 0.22824000000000005, d= 0.25360000000000005 with timeout of 5s...
13-10-2024 22:00:10 - INFO - Setting Chmaber Zones to a= 0.17752, b= 0.20288000000000003, c= 0.22824000000000005, d= 0.25360000000000005 request successfully sent.
13-10-2024 22:00:10 - INFO - Response from moonraker: {'result': 'ok'}
13-10-2024 22:00:10 - INFO - Setting Chmaber Zones to a= 0.17752, b= 0.20288000000000003, c= 0.22824000000000005, d= 0.25360000000000005 Request successfully executed.
13-10-2024 22:00:10 - INFO - Sending request to Setting Chmaber Zones to a= 0.17752, b= 0.20288000000000003, c= 0.22824000000000005, d= 0.25360000000000005 with timeout of 5s...
13-10-2024 22:00:10 - INFO - Setting Chmaber Zones to a= 0.17752, b= 0.20288000000000003, c= 0.22824000000000005, d= 0.25360000000000005 request successfully sent.
13-10-2024 22:00:10 - INFO - Response from moonraker: {'result': 'ok'}
13-10-2024 22:00:10 - INFO - Setting Chmaber Zones to a= 0.17752, b= 0.20288000000000003, c= 0.22824000000000005, d= 0.25360000000000005 Request successfully executed.
13-10-2024 22:00:10 - INFO - Sending request to Setting Chmaber Zones to a= 0.17752, b= 0.20288000000000003, c= 0.22824000000000005, d= 0.25360000000000005 with timeout of 5s...
13-10-2024 22:00:10 - INFO - Setting Chmaber Zones to a= 0.17752, b= 0.20288000000000003, c= 0.22824000000000005, d= 0.25360000000000005 request successfully sent.
13-10-2024 22:00:10 - INFO - Response from moonraker: {'result': 'ok'}
13-10-2024 22:00:10 - INFO - Setting Chmaber Zones to a= 0.17752, b= 0.20288000000000003, c= 0.22824000000000005, d= 0.25360000000000005 Request successfully executed.
13-10-2024 22:00:10 - INFO - Sending request to Setting Chmaber Zones to a= 0.17752, b= 0.20288000000000003, c= 0.22824000000000005, d= 0.25360000000000005 with timeout of 5s...
13-10-2024 22:00:11 - INFO - Setting Chmaber Zones to a= 0.17752, b= 0.20288000000000003, c= 0.22824000000000005, d= 0.25360000000000005 request successfully sent.
13-10-2024 22:00:11 - INFO - Response from moonraker: {'result': 'ok'}
13-10-2024 22:00:11 - INFO - Setting Chmaber Zones to a= 0.17752, b= 0.20288000000000003, c= 0.22824000000000005, d= 0.25360000000000005 Request successfully executed.
13-10-2024 22:00:11 - INFO - Sending request to Setting Chmaber Zones to a= 0.17752, b= 0.20288000000000003, c= 0.22824000000000005, d= 0.25360000000000005 with timeout of 5s...
13-10-2024 22:00:11 - INFO - Setting Chmaber Zones to a= 0.17752, b= 0.20288000000000003, c= 0.22824000000000005, d= 0.25360000000000005 request successfully sent.
13-10-2024 22:00:11 - INFO - Response from moonraker: {'result': 'ok'}
13-10-2024 22:00:11 - INFO - Setting Chmaber Zones to a= 0.17752, b= 0.20288000000000003, c= 0.22824000000000005, d= 0.25360000000000005 Request successfully executed.
13-10-2024 22:00:11 - INFO - Sending request to Setting Chmaber Zones to a= 0.17752, b= 0.20288000000000003, c= 0.22824000000000005, d= 0.25360000000000005 with timeout of 5s...
13-10-2024 22:00:11 - INFO - Setting Chmaber Zones to a= 0.17752, b= 0.20288000000000003, c= 0.22824000000000005, d= 0.25360000000000005 request successfully sent.
13-10-2024 22:00:11 - INFO - Response from moonraker: {'result': 'ok'}
13-10-2024 22:00:11 - INFO - Setting Chmaber Zones to a= 0.17752, b= 0.20288000000000003, c= 0.22824000000000005, d= 0.25360000000000005 Request successfully executed.
13-10-2024 22:00:11 - INFO - Sending request to Setting Chmaber Zones to a= 0.17752, b= 0.20288000000000003, c= 0.22824000000000005, d= 0.25360000000000005 with timeout of 5s...
13-10-2024 22:00:11 - INFO - Setting Chmaber Zones to a= 0.17752, b= 0.20288000000000003, c= 0.22824000000000005, d= 0.25360000000000005 request successfully sent.
13-10-2024 22:00:11 - INFO - Response from moonraker: {'result': 'ok'}
13-10-2024 22:00:11 - INFO - Setting Chmaber Zones to a= 0.17752, b= 0.20288000000000003, c= 0.22824000000000005, d= 0.25360000000000005 Request successfully executed.
13-10-2024 22:00:11 - INFO - Sending request to Setting Chmaber Zones to a= 0.17752, b= 0.20288000000000003, c= 0.22824000000000005, d= 0.25360000000000005 with timeout of 5s...
13-10-2024 22:00:11 - INFO - Setting Chmaber Zones to a= 0.17752, b= 0.20288000000000003, c= 0.22824000000000005, d= 0.25360000000000005 request successfully sent.
13-10-2024 22:00:11 - INFO - Response from moonraker: {'result': 'ok'}
13-10-2024 22:00:11 - INFO - Setting Chmaber Zones to a= 0.17752, b= 0.20288000000000003, c= 0.22824000000000005, d= 0.25360000000000005 Request successfully executed.
13-10-2024 22:00:11 - INFO - Sending request to Setting Chmaber Zones to a= 0.17752, b= 0.20288000000000003, c= 0.22824000000000005, d= 0.25360000000000005 with timeout of 5s...
13-10-2024 22:00:12 - INFO - Setting Chmaber Zones to a= 0.17752, b= 0.20288000000000003, c= 0.22824000000000005, d= 0.25360000000000005 request successfully sent.
13-10-2024 22:00:12 - INFO - Response from moonraker: {'result': 'ok'}
13-10-2024 22:00:12 - INFO - Setting Chmaber Zones to a= 0.17752, b= 0.20288000000000003, c= 0.22824000000000005, d= 0.25360000000000005 Request successfully executed.
13-10-2024 22:00:12 - INFO - Sending request to Setting Chmaber Zones to a= 0.1796689999999999, b= 0.20533599999999994, c= 0.2310029999999999, d= 0.2566699999999999 with timeout of 5s...
13-10-2024 22:00:12 - INFO - Setting Chmaber Zones to a= 0.1796689999999999, b= 0.20533599999999994, c= 0.2310029999999999, d= 0.2566699999999999 request successfully sent.
13-10-2024 22:00:12 - INFO - Response from moonraker: {'result': 'ok'}
13-10-2024 22:00:12 - INFO - Setting Chmaber Zones to a= 0.1796689999999999, b= 0.20533599999999994, c= 0.2310029999999999, d= 0.2566699999999999 Request successfully executed.
13-10-2024 22:00:12 - INFO - Sending request to Setting Chmaber Zones to a= 0.1796899999999999, b= 0.2053599999999999, c= 0.23102999999999987, d= 0.2566999999999999 with timeout of 5s...
13-10-2024 22:00:12 - INFO - Setting Chmaber Zones to a= 0.1796899999999999, b= 0.2053599999999999, c= 0.23102999999999987, d= 0.2566999999999999 request successfully sent.
13-10-2024 22:00:12 - INFO - Response from moonraker: {'result': 'ok'}
13-10-2024 22:00:12 - INFO - Setting Chmaber Zones to a= 0.1796899999999999, b= 0.2053599999999999, c= 0.23102999999999987, d= 0.2566999999999999 Request successfully executed.
13-10-2024 22:00:12 - INFO - Sending request to Setting Chmaber Zones to a= 0.17972499999999994, b= 0.20539999999999992, c= 0.23107499999999995, d= 0.2567499999999999 with timeout of 5s...
13-10-2024 22:00:12 - INFO - Setting Chmaber Zones to a= 0.17972499999999994, b= 0.20539999999999992, c= 0.23107499999999995, d= 0.2567499999999999 request successfully sent.
13-10-2024 22:00:12 - INFO - Response from moonraker: {'result': 'ok'}
13-10-2024 22:00:12 - INFO - Setting Chmaber Zones to a= 0.17972499999999994, b= 0.20539999999999992, c= 0.23107499999999995, d= 0.2567499999999999 Request successfully executed.
13-10-2024 22:00:12 - INFO - Sending request to Setting Chmaber Zones to a= 0.17975999999999995, b= 0.20543999999999993, c= 0.2311199999999999, d= 0.2567999999999999 with timeout of 5s...
13-10-2024 22:00:12 - INFO - Setting Chmaber Zones to a= 0.17975999999999995, b= 0.20543999999999993, c= 0.2311199999999999, d= 0.2567999999999999 request successfully sent.
13-10-2024 22:00:12 - INFO - Response from moonraker: {'result': 'ok'}
13-10-2024 22:00:12 - INFO - Setting Chmaber Zones to a= 0.17975999999999995, b= 0.20543999999999993, c= 0.2311199999999999, d= 0.2567999999999999 Request successfully executed.
13-10-2024 22:00:12 - INFO - Sending request to Setting Chmaber Zones to a= 0.17979499999999995, b= 0.20547999999999994, c= 0.23116499999999993, d= 0.2568499999999999 with timeout of 5s...
13-10-2024 22:00:13 - INFO - Setting Chmaber Zones to a= 0.17979499999999995, b= 0.20547999999999994, c= 0.23116499999999993, d= 0.2568499999999999 request successfully sent.
13-10-2024 22:00:13 - INFO - Response from moonraker: {'result': 'ok'}
13-10-2024 22:00:13 - INFO - Setting Chmaber Zones to a= 0.17979499999999995, b= 0.20547999999999994, c= 0.23116499999999993, d= 0.2568499999999999 Request successfully executed.
13-10-2024 22:00:13 - INFO - Sending request to Setting Chmaber Zones to a= 0.18197899999999984, b= 0.20797599999999983, c= 0.23397299999999976, d= 0.25996999999999976 with timeout of 5s...
13-10-2024 22:00:13 - INFO - Setting Chmaber Zones to a= 0.18197899999999984, b= 0.20797599999999983, c= 0.23397299999999976, d= 0.25996999999999976 request successfully sent.
13-10-2024 22:00:13 - INFO - Response from moonraker: {'result': 'ok'}
13-10-2024 22:00:13 - INFO - Setting Chmaber Zones to a= 0.18197899999999984, b= 0.20797599999999983, c= 0.23397299999999976, d= 0.25996999999999976 Request successfully executed.
13-10-2024 22:00:13 - INFO - Sending request to Setting Chmaber Zones to a= 0.18418400000000035, b= 0.21049600000000038, c= 0.2368080000000004, d= 0.26312000000000046 with timeout of 5s...
13-10-2024 22:00:13 - INFO - Setting Chmaber Zones to a= 0.18418400000000035, b= 0.21049600000000038, c= 0.2368080000000004, d= 0.26312000000000046 request successfully sent.
13-10-2024 22:00:13 - INFO - Response from moonraker: {'result': 'ok'}
13-10-2024 22:00:13 - INFO - Setting Chmaber Zones to a= 0.18418400000000035, b= 0.21049600000000038, c= 0.2368080000000004, d= 0.26312000000000046 Request successfully executed.
13-10-2024 22:00:13 - INFO - Sending request to Setting Chmaber Zones to a= 0.1842750000000003, b= 0.21060000000000034, c= 0.23692500000000039, d= 0.26325000000000043 with timeout of 5s...
13-10-2024 22:00:13 - INFO - Setting Chmaber Zones to a= 0.1842750000000003, b= 0.21060000000000034, c= 0.23692500000000039, d= 0.26325000000000043 request successfully sent.
13-10-2024 22:00:13 - INFO - Response from moonraker: {'result': 'ok'}
13-10-2024 22:00:13 - INFO - Setting Chmaber Zones to a= 0.1842750000000003, b= 0.21060000000000034, c= 0.23692500000000039, d= 0.26325000000000043 Request successfully executed.
13-10-2024 22:00:13 - INFO - Sending request to Setting Chmaber Zones to a= 0.18652900000000025, b= 0.21317600000000028, c= 0.23982300000000026, d= 0.2664700000000003 with timeout of 5s...
13-10-2024 22:00:13 - INFO - Setting Chmaber Zones to a= 0.18652900000000025, b= 0.21317600000000028, c= 0.23982300000000026, d= 0.2664700000000003 request successfully sent.
13-10-2024 22:00:13 - INFO - Response from moonraker: {'result': 'ok'}
13-10-2024 22:00:13 - INFO - Setting Chmaber Zones to a= 0.18652900000000025, b= 0.21317600000000028, c= 0.23982300000000026, d= 0.2664700000000003 Request successfully executed.
13-10-2024 22:00:13 - INFO - Sending request to Setting Chmaber Zones to a= 0.1845060000000003, b= 0.21086400000000033, c= 0.2372220000000004, d= 0.2635800000000004 with timeout of 5s...
13-10-2024 22:00:14 - INFO - Setting Chmaber Zones to a= 0.1845060000000003, b= 0.21086400000000033, c= 0.2372220000000004, d= 0.2635800000000004 request successfully sent.
13-10-2024 22:00:14 - INFO - Response from moonraker: {'result': 'ok'}
13-10-2024 22:00:14 - INFO - Setting Chmaber Zones to a= 0.1845060000000003, b= 0.21086400000000033, c= 0.2372220000000004, d= 0.2635800000000004 Request successfully executed.
13-10-2024 22:00:14 - INFO - Sending request to Setting Chmaber Zones to a= 0.1824759999999998, b= 0.2085439999999998, c= 0.23461199999999977, d= 0.26067999999999975 with timeout of 5s...
13-10-2024 22:00:14 - INFO - Setting Chmaber Zones to a= 0.1824759999999998, b= 0.2085439999999998, c= 0.23461199999999977, d= 0.26067999999999975 request successfully sent.
13-10-2024 22:00:14 - INFO - Response from moonraker: {'result': 'ok'}
13-10-2024 22:00:14 - INFO - Setting Chmaber Zones to a= 0.1824759999999998, b= 0.2085439999999998, c= 0.23461199999999977, d= 0.26067999999999975 Request successfully executed.
13-10-2024 22:00:14 - INFO - Sending request to Setting Chmaber Zones to a= 0.17826200000000006, b= 0.20372800000000008, c= 0.2291940000000001, d= 0.2546600000000001 with timeout of 5s...
13-10-2024 22:00:14 - INFO - Setting Chmaber Zones to a= 0.17826200000000006, b= 0.20372800000000008, c= 0.2291940000000001, d= 0.2546600000000001 request successfully sent.
13-10-2024 22:00:14 - INFO - Response from moonraker: {'result': 'ok'}
13-10-2024 22:00:14 - INFO - Setting Chmaber Zones to a= 0.17826200000000006, b= 0.20372800000000008, c= 0.2291940000000001, d= 0.2546600000000001 Request successfully executed.
13-10-2024 22:00:14 - INFO - Sending request to Setting Chmaber Zones to a= 0.1761410000000002, b= 0.2013040000000002, c= 0.2264670000000002, d= 0.25163000000000024 with timeout of 5s...
13-10-2024 22:00:14 - INFO - Setting Chmaber Zones to a= 0.1761410000000002, b= 0.2013040000000002, c= 0.2264670000000002, d= 0.25163000000000024 request successfully sent.
13-10-2024 22:00:14 - INFO - Response from moonraker: {'result': 'ok'}
13-10-2024 22:00:14 - INFO - Setting Chmaber Zones to a= 0.1761410000000002, b= 0.2013040000000002, c= 0.2264670000000002, d= 0.25163000000000024 Request successfully executed.
13-10-2024 22:00:14 - INFO - Sending request to Setting Chmaber Zones to a= 0.1739710000000003, b= 0.19882400000000036, c= 0.22367700000000038, d= 0.24853000000000045 with timeout of 5s...
13-10-2024 22:00:14 - INFO - Setting Chmaber Zones to a= 0.1739710000000003, b= 0.19882400000000036, c= 0.22367700000000038, d= 0.24853000000000045 request successfully sent.
13-10-2024 22:00:14 - INFO - Response from moonraker: {'result': 'ok'}
13-10-2024 22:00:14 - INFO - Setting Chmaber Zones to a= 0.1739710000000003, b= 0.19882400000000036, c= 0.22367700000000038, d= 0.24853000000000045 Request successfully executed.
13-10-2024 22:00:15 - INFO - Sending request to Setting Chmaber Zones to a= 0.16961699999999993, b= 0.1938479999999999, c= 0.21807899999999988, d= 0.2423099999999999 with timeout of 5s...
13-10-2024 22:00:15 - INFO - Setting Chmaber Zones to a= 0.16961699999999993, b= 0.1938479999999999, c= 0.21807899999999988, d= 0.2423099999999999 request successfully sent.
13-10-2024 22:00:15 - INFO - Response from moonraker: {'result': 'ok'}
13-10-2024 22:00:15 - INFO - Setting Chmaber Zones to a= 0.16961699999999993, b= 0.1938479999999999, c= 0.21807899999999988, d= 0.2423099999999999 Request successfully executed.
13-10-2024 22:00:15 - INFO - Sending request to Setting Chmaber Zones to a= 0.16950499999999993, b= 0.19371999999999992, c= 0.21793499999999993, d= 0.24214999999999992 with timeout of 5s...
13-10-2024 22:00:15 - INFO - Setting Chmaber Zones to a= 0.16950499999999993, b= 0.19371999999999992, c= 0.21793499999999993, d= 0.24214999999999992 request successfully sent.
13-10-2024 22:00:15 - INFO - Response from moonraker: {'result': 'ok'}
13-10-2024 22:00:15 - INFO - Setting Chmaber Zones to a= 0.16950499999999993, b= 0.19371999999999992, c= 0.21793499999999993, d= 0.24214999999999992 Request successfully executed.
13-10-2024 22:00:15 - INFO - Sending request to Setting Chmaber Zones to a= 0.1629180000000003, b= 0.18619200000000036, c= 0.2094660000000004, d= 0.23274000000000045 with timeout of 5s...
13-10-2024 22:00:15 - INFO - Setting Chmaber Zones to a= 0.1629180000000003, b= 0.18619200000000036, c= 0.2094660000000004, d= 0.23274000000000045 request successfully sent.
13-10-2024 22:00:15 - INFO - Response from moonraker: {'result': 'ok'}
13-10-2024 22:00:15 - INFO - Setting Chmaber Zones to a= 0.1629180000000003, b= 0.18619200000000036, c= 0.2094660000000004, d= 0.23274000000000045 Request successfully executed.
13-10-2024 22:00:15 - INFO - Sending request to Setting Chmaber Zones to a= 0.15841699999999992, b= 0.1810479999999999, c= 0.20367899999999992, d= 0.2263099999999999 with timeout of 5s...
13-10-2024 22:00:15 - INFO - Setting Chmaber Zones to a= 0.15841699999999992, b= 0.1810479999999999, c= 0.20367899999999992, d= 0.2263099999999999 request successfully sent.
13-10-2024 22:00:15 - INFO - Response from moonraker: {'result': 'ok'}
13-10-2024 22:00:15 - INFO - Setting Chmaber Zones to a= 0.15841699999999992, b= 0.1810479999999999, c= 0.20367899999999992, d= 0.2263099999999999 Request successfully executed.
13-10-2024 22:00:15 - INFO - Sending request to Setting Chmaber Zones to a= 0.15598100000000006, b= 0.17826400000000006, c= 0.2005470000000001, d= 0.22283000000000008 with timeout of 5s...
13-10-2024 22:00:15 - INFO - Setting Chmaber Zones to a= 0.15598100000000006, b= 0.17826400000000006, c= 0.2005470000000001, d= 0.22283000000000008 request successfully sent.
13-10-2024 22:00:15 - INFO - Response from moonraker: {'result': 'ok'}
13-10-2024 22:00:15 - INFO - Setting Chmaber Zones to a= 0.15598100000000006, b= 0.17826400000000006, c= 0.2005470000000001, d= 0.22283000000000008 Request successfully executed.
13-10-2024 22:00:16 - INFO - Sending request to Setting Chmaber Zones to a= 0.15564500000000006, b= 0.17788000000000007, c= 0.20011500000000004, d= 0.22235000000000008 with timeout of 5s...
13-10-2024 22:00:16 - INFO - Setting Chmaber Zones to a= 0.15564500000000006, b= 0.17788000000000007, c= 0.20011500000000004, d= 0.22235000000000008 request successfully sent.
13-10-2024 22:00:16 - INFO - Response from moonraker: {'result': 'ok'}
13-10-2024 22:00:16 - INFO - Setting Chmaber Zones to a= 0.15564500000000006, b= 0.17788000000000007, c= 0.20011500000000004, d= 0.22235000000000008 Request successfully executed.
13-10-2024 22:00:18 - INFO - Sending request to Setting Chmaber Zones to a= 0, b= 0, c= 0, d= 0 with timeout of 5s...
13-10-2024 22:00:18 - INFO - Setting Chmaber Zones to a= 0, b= 0, c= 0, d= 0 request successfully sent.
13-10-2024 22:00:18 - INFO - Response from moonraker: {'result': 'ok'}
13-10-2024 22:00:18 - INFO - Setting Chmaber Zones to a= 0, b= 0, c= 0, d= 0 Request successfully executed.
