02-12-2024 11:42:46 - INFO - Sending request to Homing Z axis - command 1/4 with timeout of 360s...
02-12-2024 11:43:46 - ERROR - E104: Error while executing Homing Z axis - command 1/4 
 504 Server Error: Gateway Time-out for url: http://192.168.0.231/printer/gcode/script?script=G28+Z0
02-12-2024 11:43:46 - INFO - Sending request to Homing Z axis - command 2/4 with timeout of 360s...
02-12-2024 11:44:46 - ERROR - E104: Error while executing Homing Z axis - command 2/4 
 504 Server Error: Gateway Time-out for url: http://192.168.0.231/printer/gcode/script?script=G90
02-12-2024 11:44:46 - INFO - Sending request to Homing Z axis - command 3/4 with timeout of 360s...
02-12-2024 11:45:46 - ERROR - E104: Error while executing Homing Z axis - command 3/4 
 504 Server Error: Gateway Time-out for url: http://192.168.0.231/printer/gcode/script?script=G0+Z0
02-12-2024 11:45:46 - INFO - Sending request to Homing Z axis - command 4/4 with timeout of 360s...
02-12-2024 11:46:27 - INFO - Homing Z axis - command 4/4 request successfully sent.
02-12-2024 11:46:27 - INFO - Response from moonraker: {'result': 'ok'}
02-12-2024 11:46:27 - INFO - Homing Z axis - command 4/4 Request successfully executed.
02-12-2024 11:46:27 - INFO - Delay of 105 s
02-12-2024 11:48:12 - INFO - Sending request to Recoater go LEFT with timeout of 5s...
02-12-2024 11:48:16 - INFO - Recoater go LEFT request successfully sent.
02-12-2024 11:48:16 - INFO - Response from moonraker: {'result': 'ok'}
02-12-2024 11:48:16 - INFO - Recoater go LEFT Request successfully executed.
02-12-2024 11:48:21 - INFO - Sending request to pre-layer-gcodes with timeout of 5s...
02-12-2024 11:48:24 - INFO - pre-layer-gcodes request successfully sent.
02-12-2024 11:48:24 - INFO - Response from moonraker: {'result': 'ok'}
02-12-2024 11:48:24 - INFO - pre-layer-gcodes Request successfully executed.
02-12-2024 11:48:24 - INFO - Sending request to pre-layer-gcodes with timeout of 5s...
02-12-2024 11:48:25 - INFO - pre-layer-gcodes request successfully sent.
02-12-2024 11:48:25 - INFO - Response from moonraker: {'result': 'ok'}
02-12-2024 11:48:25 - INFO - pre-layer-gcodes Request successfully executed.
02-12-2024 11:48:25 - INFO - Sending request to pre-layer-gcodes with timeout of 5s...
02-12-2024 11:48:29 - INFO - pre-layer-gcodes request successfully sent.
02-12-2024 11:48:29 - INFO - Response from moonraker: {'result': 'ok'}
02-12-2024 11:48:29 - INFO - pre-layer-gcodes Request successfully executed.
02-12-2024 11:48:29 - INFO - Sending request to Moving left hopper motors 10mm - stage 1 with timeout of 5s...
02-12-2024 11:48:29 - INFO - Moving left hopper motors 10mm - stage 1 request successfully sent.
02-12-2024 11:48:29 - INFO - Response from moonraker: {'result': 'ok'}
02-12-2024 11:48:29 - INFO - Moving left hopper motors 10mm - stage 1 Request successfully executed.
02-12-2024 11:48:29 - INFO - Sending request to Dwell for 100.0 with timeout of 5s...
02-12-2024 11:48:29 - INFO - Dwell for 100.0 request successfully sent.
02-12-2024 11:48:29 - INFO - Response from moonraker: {'result': 'ok'}
02-12-2024 11:48:29 - INFO - Dwell for 100.0 Request successfully executed.
02-12-2024 11:48:29 - INFO - Sending request to Moving left hopper motors - stage 2 with timeout of 5s...
02-12-2024 11:48:29 - INFO - Moving left hopper motors - stage 2 request successfully sent.
02-12-2024 11:48:29 - INFO - Response from moonraker: {'result': 'ok'}
02-12-2024 11:48:29 - INFO - Moving left hopper motors - stage 2 Request successfully executed.
02-12-2024 11:48:39 - INFO - Sending request to Recoater go RIGHT with timeout of 5s...
02-12-2024 11:48:44 - INFO - Recoater go RIGHT request successfully sent.
02-12-2024 11:48:44 - INFO - Response from moonraker: {'result': 'ok'}
02-12-2024 11:48:44 - INFO - Recoater go RIGHT Request successfully executed.
02-12-2024 11:48:49 - INFO - Sending Laser Window OPEN request with timeout of 5s...
02-12-2024 11:48:49 - INFO - Laser Window close request successfully sent.
02-12-2024 11:48:49 - INFO - Laser Window OPEN Request successfully executed.
02-12-2024 11:48:49 - INFO - Laser Window OPENED!
02-12-2024 11:49:11 - INFO - Sending Laser Window CLOSE request with timeout of 5s...
02-12-2024 11:49:11 - INFO - Laser Window close request successfully sent.
02-12-2024 11:49:11 - INFO - Laser Window CLOSE Request successfully executed.
02-12-2024 11:49:11 - INFO - Laser Window CLOSED!
02-12-2024 11:49:11 - INFO - Sending request to pre-layer-gcodes with timeout of 5s...
02-12-2024 11:49:15 - INFO - pre-layer-gcodes request successfully sent.
02-12-2024 11:49:15 - INFO - Response from moonraker: {'result': 'ok'}
02-12-2024 11:49:15 - INFO - pre-layer-gcodes Request successfully executed.
02-12-2024 11:49:15 - INFO - Sending request to pre-layer-gcodes with timeout of 5s...
02-12-2024 11:49:16 - INFO - pre-layer-gcodes request successfully sent.
02-12-2024 11:49:16 - INFO - Response from moonraker: {'result': 'ok'}
02-12-2024 11:49:16 - INFO - pre-layer-gcodes Request successfully executed.
02-12-2024 11:49:16 - INFO - Sending request to pre-layer-gcodes with timeout of 5s...
02-12-2024 11:49:20 - INFO - pre-layer-gcodes request successfully sent.
02-12-2024 11:49:20 - INFO - Response from moonraker: {'result': 'ok'}
02-12-2024 11:49:20 - INFO - pre-layer-gcodes Request successfully executed.
02-12-2024 11:49:20 - INFO - Sending request to Moving right hopper motor 15mm - stage 1 with timeout of 5s...
02-12-2024 11:49:20 - INFO - Moving right hopper motor 15mm - stage 1 request successfully sent.
02-12-2024 11:49:20 - INFO - Response from moonraker: {'result': 'ok'}
02-12-2024 11:49:20 - INFO - Moving right hopper motor 15mm - stage 1 Request successfully executed.
02-12-2024 11:49:20 - INFO - Sending request to Dwell for 100.0 with timeout of 5s...
02-12-2024 11:49:21 - INFO - Dwell for 100.0 request successfully sent.
02-12-2024 11:49:21 - INFO - Response from moonraker: {'result': 'ok'}
02-12-2024 11:49:21 - INFO - Dwell for 100.0 Request successfully executed.
02-12-2024 11:49:21 - INFO - Sending request to Moving right hopper motors - stage 2 with timeout of 5s...
02-12-2024 11:49:21 - INFO - Moving right hopper motors - stage 2 request successfully sent.
02-12-2024 11:49:21 - INFO - Response from moonraker: {'result': 'ok'}
02-12-2024 11:49:21 - INFO - Moving right hopper motors - stage 2 Request successfully executed.
02-12-2024 11:49:31 - INFO - Sending request to Recoater go LEFT with timeout of 5s...
02-12-2024 11:49:35 - INFO - Recoater go LEFT request successfully sent.
02-12-2024 11:49:35 - INFO - Response from moonraker: {'result': 'ok'}
02-12-2024 11:49:35 - INFO - Recoater go LEFT Request successfully executed.
02-12-2024 11:49:40 - INFO - Sending Laser Window OPEN request with timeout of 5s...
02-12-2024 11:49:40 - INFO - Laser Window close request successfully sent.
02-12-2024 11:49:40 - INFO - Laser Window OPEN Request successfully executed.
02-12-2024 11:49:40 - INFO - Laser Window OPENED!
02-12-2024 11:50:03 - INFO - Emergency stop request successfully sent.
02-12-2024 11:50:03 - INFO - Response from moonraker: {'result': 'ok'}
02-12-2024 11:50:03 - INFO - Emergency stop Request successfully executed.
02-12-2024 11:50:07 - INFO - Sending Laser Window CLOSE request with timeout of 5s...
02-12-2024 11:50:07 - ERROR - E104: Error while executing Close Laser Window 
 502 Server Error: Bad Gateway for url: http://192.168.0.231/printer/gcode/script?script=laser_door_close
02-12-2024 11:50:12 - INFO - mechanical Firmware restart request successfully sent.
02-12-2024 11:50:12 - INFO - Response from moonraker: {'result': 'ok'}
02-12-2024 11:50:12 - INFO - mechanical Firmware restart Request successfully executed.
02-12-2024 11:50:15 - INFO - Sending Laser Window CLOSE request with timeout of 5s...
02-12-2024 11:50:15 - ERROR - E104: Error while executing Close Laser Window 
 502 Server Error: Bad Gateway for url: http://192.168.0.231/printer/gcode/script?script=laser_door_close
02-12-2024 11:50:30 - INFO - Sending Laser Window CLOSE request with timeout of 5s...
02-12-2024 11:50:30 - INFO - Laser Window close request successfully sent.
02-12-2024 11:50:30 - INFO - Laser Window CLOSE Request successfully executed.
02-12-2024 11:50:30 - INFO - Laser Window CLOSED!
02-12-2024 11:50:49 - INFO - Sending Laser Window OPEN request with timeout of 5s...
02-12-2024 11:50:49 - INFO - Laser Window close request successfully sent.
02-12-2024 11:50:49 - INFO - Laser Window OPEN Request successfully executed.
02-12-2024 11:50:49 - INFO - Laser Window OPENED!
02-12-2024 11:50:53 - INFO - Sending Laser Window CLOSE request with timeout of 5s...
02-12-2024 11:50:53 - INFO - Laser Window close request successfully sent.
02-12-2024 11:50:53 - INFO - Laser Window CLOSE Request successfully executed.
02-12-2024 11:50:53 - INFO - Laser Window CLOSED!
02-12-2024 11:55:49 - INFO - Sending request to Setting Chamber Zones to a= 0, b= 0, c= 0, d= 0 with timeout of 5s...
02-12-2024 11:55:49 - INFO - Sending request to Setting Chamber Zones to a= 1.0, b= 0.25, c= 1.0, d= 0.25 with timeout of 5s...
02-12-2024 11:55:49 - INFO - Setting Chamber Zones to a= 1.0, b= 0.25, c= 1.0, d= 0.25 request successfully sent.
02-12-2024 11:55:49 - INFO - Response from moonraker: {'result': 'ok'}
02-12-2024 11:55:49 - INFO - Setting Chamber Zones to a= 1.0, b= 0.25, c= 1.0, d= 0.25 Request successfully executed.
02-12-2024 11:55:49 - INFO - Setting Chamber Zones to a= 1.0, b= 0.25, c= 1.0, d= 0.25 request successfully sent.
02-12-2024 11:55:49 - INFO - Response from moonraker: {'result': 'ok'}
02-12-2024 11:55:49 - INFO - Setting Chamber Zones to a= 1.0, b= 0.25, c= 1.0, d= 0.25 Request successfully executed.
02-12-2024 11:55:49 - INFO - Sending request to Setting Chamber Zones to a= 1.0, b= 0.25, c= 1.0, d= 0.25 with timeout of 5s...
02-12-2024 11:55:49 - INFO - Setting Chamber Zones to a= 1.0, b= 0.25, c= 1.0, d= 0.25 request successfully sent.
02-12-2024 11:55:49 - INFO - Response from moonraker: {'result': 'ok'}
02-12-2024 11:55:49 - INFO - Setting Chamber Zones to a= 1.0, b= 0.25, c= 1.0, d= 0.25 Request successfully executed.
02-12-2024 11:55:49 - INFO - Sending request to Setting Chamber Zones to a= 1.0, b= 0.25, c= 1.0, d= 0.25 with timeout of 5s...
02-12-2024 11:55:49 - INFO - Setting Chamber Zones to a= 1.0, b= 0.25, c= 1.0, d= 0.25 request successfully sent.
02-12-2024 11:55:49 - INFO - Response from moonraker: {'result': 'ok'}
02-12-2024 11:55:49 - INFO - Setting Chamber Zones to a= 1.0, b= 0.25, c= 1.0, d= 0.25 Request successfully executed.
02-12-2024 11:55:49 - INFO - Sending request to Setting Chamber Zones to a= 1.0, b= 0.25, c= 1.0, d= 0.25 with timeout of 5s...
02-12-2024 11:55:49 - INFO - Setting Chamber Zones to a= 1.0, b= 0.25, c= 1.0, d= 0.25 request successfully sent.
02-12-2024 11:55:49 - INFO - Response from moonraker: {'result': 'ok'}
02-12-2024 11:55:49 - INFO - Setting Chamber Zones to a= 1.0, b= 0.25, c= 1.0, d= 0.25 Request successfully executed.
02-12-2024 11:55:49 - INFO - Sending request to Setting Chamber Zones to a= 1.0, b= 0.25, c= 1.0, d= 0.25 with timeout of 5s...
02-12-2024 11:55:49 - INFO - Setting Chamber Zones to a= 1.0, b= 0.25, c= 1.0, d= 0.25 request successfully sent.
02-12-2024 11:55:49 - INFO - Response from moonraker: {'result': 'ok'}
02-12-2024 11:55:49 - INFO - Setting Chamber Zones to a= 1.0, b= 0.25, c= 1.0, d= 0.25 Request successfully executed.
02-12-2024 11:55:50 - INFO - Sending request to Setting Chamber Zones to a= 1.0, b= 0.25, c= 1.0, d= 0.25 with timeout of 5s...
02-12-2024 11:55:50 - INFO - Setting Chamber Zones to a= 1.0, b= 0.25, c= 1.0, d= 0.25 request successfully sent.
02-12-2024 11:55:50 - INFO - Response from moonraker: {'result': 'ok'}
02-12-2024 11:55:50 - INFO - Setting Chamber Zones to a= 1.0, b= 0.25, c= 1.0, d= 0.25 Request successfully executed.
02-12-2024 11:55:50 - INFO - Sending request to Setting Chamber Zones to a= 1.0, b= 0.25, c= 1.0, d= 0.25 with timeout of 5s...
02-12-2024 11:55:50 - INFO - Setting Chamber Zones to a= 1.0, b= 0.25, c= 1.0, d= 0.25 request successfully sent.
02-12-2024 11:55:50 - INFO - Response from moonraker: {'result': 'ok'}
02-12-2024 11:55:50 - INFO - Setting Chamber Zones to a= 1.0, b= 0.25, c= 1.0, d= 0.25 Request successfully executed.
02-12-2024 11:55:50 - INFO - Sending request to Setting Chamber Zones to a= 1.0, b= 0.25, c= 1.0, d= 0.25 with timeout of 5s...
02-12-2024 11:55:50 - INFO - Setting Chamber Zones to a= 1.0, b= 0.25, c= 1.0, d= 0.25 request successfully sent.
02-12-2024 11:55:50 - INFO - Response from moonraker: {'result': 'ok'}
02-12-2024 11:55:50 - INFO - Setting Chamber Zones to a= 1.0, b= 0.25, c= 1.0, d= 0.25 Request successfully executed.
02-12-2024 11:55:50 - INFO - Sending request to Setting Chamber Zones to a= 1.0, b= 0.25, c= 1.0, d= 0.25 with timeout of 5s...
02-12-2024 11:55:50 - INFO - Setting Chamber Zones to a= 1.0, b= 0.25, c= 1.0, d= 0.25 request successfully sent.
02-12-2024 11:55:50 - INFO - Response from moonraker: {'result': 'ok'}
02-12-2024 11:55:50 - INFO - Setting Chamber Zones to a= 1.0, b= 0.25, c= 1.0, d= 0.25 Request successfully executed.
02-12-2024 11:55:50 - INFO - Sending request to Setting Chamber Zones to a= 1.0, b= 0.25, c= 1.0, d= 0.25 with timeout of 5s...
02-12-2024 11:55:50 - INFO - Setting Chamber Zones to a= 1.0, b= 0.25, c= 1.0, d= 0.25 request successfully sent.
02-12-2024 11:55:50 - INFO - Response from moonraker: {'result': 'ok'}
02-12-2024 11:55:50 - INFO - Setting Chamber Zones to a= 1.0, b= 0.25, c= 1.0, d= 0.25 Request successfully executed.
02-12-2024 11:55:51 - INFO - Sending request to Setting Chamber Zones to a= 1.0, b= 0.25, c= 1.0, d= 0.25 with timeout of 5s...
02-12-2024 11:55:51 - INFO - Setting Chamber Zones to a= 1.0, b= 0.25, c= 1.0, d= 0.25 request successfully sent.
02-12-2024 11:55:51 - INFO - Response from moonraker: {'result': 'ok'}
02-12-2024 11:55:51 - INFO - Setting Chamber Zones to a= 1.0, b= 0.25, c= 1.0, d= 0.25 Request successfully executed.
02-12-2024 11:55:51 - INFO - Sending request to Setting Chamber Zones to a= 1.0, b= 0.25, c= 1.0, d= 0.25 with timeout of 5s...
02-12-2024 11:55:51 - INFO - Setting Chamber Zones to a= 1.0, b= 0.25, c= 1.0, d= 0.25 request successfully sent.
02-12-2024 11:55:51 - INFO - Response from moonraker: {'result': 'ok'}
02-12-2024 11:55:51 - INFO - Setting Chamber Zones to a= 1.0, b= 0.25, c= 1.0, d= 0.25 Request successfully executed.
02-12-2024 11:55:51 - INFO - Sending request to Setting Chamber Zones to a= 1.0, b= 0.25, c= 1.0, d= 0.25 with timeout of 5s...
02-12-2024 11:55:51 - INFO - Setting Chamber Zones to a= 1.0, b= 0.25, c= 1.0, d= 0.25 request successfully sent.
02-12-2024 11:55:51 - INFO - Response from moonraker: {'result': 'ok'}
02-12-2024 11:55:51 - INFO - Setting Chamber Zones to a= 1.0, b= 0.25, c= 1.0, d= 0.25 Request successfully executed.
02-12-2024 11:55:51 - INFO - Sending request to Setting Chamber Zones to a= 1.0, b= 0.25, c= 1.0, d= 0.25 with timeout of 5s...
02-12-2024 11:55:51 - INFO - Setting Chamber Zones to a= 1.0, b= 0.25, c= 1.0, d= 0.25 request successfully sent.
02-12-2024 11:55:51 - INFO - Response from moonraker: {'result': 'ok'}
02-12-2024 11:55:51 - INFO - Setting Chamber Zones to a= 1.0, b= 0.25, c= 1.0, d= 0.25 Request successfully executed.
02-12-2024 11:55:51 - INFO - Sending request to Setting Chamber Zones to a= 1.0, b= 0.25, c= 1.0, d= 0.25 with timeout of 5s...
02-12-2024 11:55:51 - INFO - Setting Chamber Zones to a= 1.0, b= 0.25, c= 1.0, d= 0.25 request successfully sent.
02-12-2024 11:55:51 - INFO - Response from moonraker: {'result': 'ok'}
02-12-2024 11:55:51 - INFO - Setting Chamber Zones to a= 1.0, b= 0.25, c= 1.0, d= 0.25 Request successfully executed.
02-12-2024 11:55:52 - INFO - Sending request to Setting Chamber Zones to a= 1.0, b= 0.25, c= 1.0, d= 0.25 with timeout of 5s...
02-12-2024 11:55:52 - INFO - Setting Chamber Zones to a= 1.0, b= 0.25, c= 1.0, d= 0.25 request successfully sent.
02-12-2024 11:55:52 - INFO - Response from moonraker: {'result': 'ok'}
02-12-2024 11:55:52 - INFO - Setting Chamber Zones to a= 1.0, b= 0.25, c= 1.0, d= 0.25 Request successfully executed.
02-12-2024 11:55:52 - INFO - Sending request to Setting Chamber Zones to a= 1.0, b= 0.25, c= 1.0, d= 0.25 with timeout of 5s...
02-12-2024 11:55:52 - INFO - Setting Chamber Zones to a= 1.0, b= 0.25, c= 1.0, d= 0.25 request successfully sent.
02-12-2024 11:55:52 - INFO - Response from moonraker: {'result': 'ok'}
02-12-2024 11:55:52 - INFO - Setting Chamber Zones to a= 1.0, b= 0.25, c= 1.0, d= 0.25 Request successfully executed.
02-12-2024 11:55:52 - INFO - Sending request to Setting Chamber Zones to a= 1.0, b= 0.25, c= 1.0, d= 0.25 with timeout of 5s...
02-12-2024 11:55:52 - INFO - Setting Chamber Zones to a= 1.0, b= 0.25, c= 1.0, d= 0.25 request successfully sent.
02-12-2024 11:55:52 - INFO - Response from moonraker: {'result': 'ok'}
02-12-2024 11:55:52 - INFO - Setting Chamber Zones to a= 1.0, b= 0.25, c= 1.0, d= 0.25 Request successfully executed.
02-12-2024 11:55:52 - INFO - Sending request to Setting Chamber Zones to a= 1.0, b= 0.25, c= 1.0, d= 0.25 with timeout of 5s...
02-12-2024 11:55:52 - INFO - Setting Chamber Zones to a= 1.0, b= 0.25, c= 1.0, d= 0.25 request successfully sent.
02-12-2024 11:55:52 - INFO - Response from moonraker: {'result': 'ok'}
02-12-2024 11:55:52 - INFO - Setting Chamber Zones to a= 1.0, b= 0.25, c= 1.0, d= 0.25 Request successfully executed.
02-12-2024 11:55:52 - INFO - Sending request to Setting Chamber Zones to a= 1.0, b= 0.25, c= 1.0, d= 0.25 with timeout of 5s...
02-12-2024 11:55:52 - INFO - Setting Chamber Zones to a= 1.0, b= 0.25, c= 1.0, d= 0.25 request successfully sent.
02-12-2024 11:55:52 - INFO - Response from moonraker: {'result': 'ok'}
02-12-2024 11:55:52 - INFO - Setting Chamber Zones to a= 1.0, b= 0.25, c= 1.0, d= 0.25 Request successfully executed.
02-12-2024 11:55:53 - INFO - Sending request to Setting Chamber Zones to a= 1.0, b= 0.25, c= 1.0, d= 0.25 with timeout of 5s...
02-12-2024 11:55:53 - INFO - Setting Chamber Zones to a= 1.0, b= 0.25, c= 1.0, d= 0.25 request successfully sent.
02-12-2024 11:55:53 - INFO - Response from moonraker: {'result': 'ok'}
02-12-2024 11:55:53 - INFO - Setting Chamber Zones to a= 1.0, b= 0.25, c= 1.0, d= 0.25 Request successfully executed.
02-12-2024 11:55:53 - INFO - Sending request to Setting Chamber Zones to a= 1.0, b= 0.25, c= 1.0, d= 0.25 with timeout of 5s...
02-12-2024 11:55:53 - INFO - Setting Chamber Zones to a= 1.0, b= 0.25, c= 1.0, d= 0.25 request successfully sent.
02-12-2024 11:55:53 - INFO - Response from moonraker: {'result': 'ok'}
02-12-2024 11:55:53 - INFO - Setting Chamber Zones to a= 1.0, b= 0.25, c= 1.0, d= 0.25 Request successfully executed.
02-12-2024 11:55:53 - INFO - Sending request to Setting Chamber Zones to a= 1.0, b= 0.25, c= 1.0, d= 0.25 with timeout of 5s...
02-12-2024 11:55:53 - INFO - Setting Chamber Zones to a= 1.0, b= 0.25, c= 1.0, d= 0.25 request successfully sent.
02-12-2024 11:55:53 - INFO - Response from moonraker: {'result': 'ok'}
02-12-2024 11:55:53 - INFO - Setting Chamber Zones to a= 1.0, b= 0.25, c= 1.0, d= 0.25 Request successfully executed.
02-12-2024 11:55:53 - INFO - Sending request to Setting Chamber Zones to a= 1.0, b= 0.25, c= 1.0, d= 0.25 with timeout of 5s...
02-12-2024 11:55:53 - INFO - Setting Chamber Zones to a= 1.0, b= 0.25, c= 1.0, d= 0.25 request successfully sent.
02-12-2024 11:55:53 - INFO - Response from moonraker: {'result': 'ok'}
02-12-2024 11:55:53 - INFO - Setting Chamber Zones to a= 1.0, b= 0.25, c= 1.0, d= 0.25 Request successfully executed.
02-12-2024 11:55:53 - INFO - Sending request to Setting Chamber Zones to a= 1.0, b= 0.25, c= 1.0, d= 0.25 with timeout of 5s...
02-12-2024 11:55:53 - INFO - Setting Chamber Zones to a= 1.0, b= 0.25, c= 1.0, d= 0.25 request successfully sent.
02-12-2024 11:55:53 - INFO - Response from moonraker: {'result': 'ok'}
02-12-2024 11:55:53 - INFO - Setting Chamber Zones to a= 1.0, b= 0.25, c= 1.0, d= 0.25 Request successfully executed.
02-12-2024 11:55:54 - INFO - Sending request to Setting Chamber Zones to a= 1.0, b= 0.25, c= 1.0, d= 0.25 with timeout of 5s...
02-12-2024 11:55:54 - INFO - Setting Chamber Zones to a= 1.0, b= 0.25, c= 1.0, d= 0.25 request successfully sent.
02-12-2024 11:55:54 - INFO - Response from moonraker: {'result': 'ok'}
02-12-2024 11:55:54 - INFO - Setting Chamber Zones to a= 1.0, b= 0.25, c= 1.0, d= 0.25 Request successfully executed.
02-12-2024 11:55:54 - INFO - Sending request to Setting Chamber Zones to a= 1.0, b= 0.25, c= 1.0, d= 0.25 with timeout of 5s...
02-12-2024 11:55:54 - INFO - Setting Chamber Zones to a= 1.0, b= 0.25, c= 1.0, d= 0.25 request successfully sent.
02-12-2024 11:55:54 - INFO - Response from moonraker: {'result': 'ok'}
02-12-2024 11:55:54 - INFO - Setting Chamber Zones to a= 1.0, b= 0.25, c= 1.0, d= 0.25 Request successfully executed.
02-12-2024 11:55:54 - INFO - Sending request to Setting Chamber Zones to a= 1.0, b= 0.25, c= 1.0, d= 0.25 with timeout of 5s...
02-12-2024 11:55:54 - INFO - Setting Chamber Zones to a= 1.0, b= 0.25, c= 1.0, d= 0.25 request successfully sent.
02-12-2024 11:55:54 - INFO - Response from moonraker: {'result': 'ok'}
02-12-2024 11:55:54 - INFO - Setting Chamber Zones to a= 1.0, b= 0.25, c= 1.0, d= 0.25 Request successfully executed.
02-12-2024 11:55:54 - INFO - Sending request to Homing Z axis - command 1/4 with timeout of 360s...
02-12-2024 11:55:54 - INFO - Sending request to Setting Chamber Zones to a= 1.0, b= 0.25, c= 1.0, d= 0.25 with timeout of 5s...
02-12-2024 11:55:54 - INFO - Sending request to Setting Chamber Zones to a= 1.0, b= 0.25, c= 1.0, d= 0.25 with timeout of 5s...
02-12-2024 11:55:55 - INFO - Sending request to Setting Chamber Zones to a= 1.0, b= 0.25, c= 1.0, d= 0.25 with timeout of 5s...
02-12-2024 11:55:55 - INFO - Sending request to Setting Chamber Zones to a= 1.0, b= 0.25, c= 1.0, d= 0.25 with timeout of 5s...
02-12-2024 11:55:55 - INFO - Sending request to Setting Chamber Zones to a= 1.0, b= 0.25, c= 1.0, d= 0.25 with timeout of 5s...
02-12-2024 11:55:55 - INFO - Sending request to Setting Chamber Zones to a= 1.0, b= 0.25, c= 1.0, d= 0.25 with timeout of 5s...
02-12-2024 11:55:55 - INFO - Sending request to Setting Chamber Zones to a= 1.0, b= 0.25, c= 1.0, d= 0.25 with timeout of 5s...
02-12-2024 11:55:56 - INFO - Sending request to Setting Chamber Zones to a= 1.0, b= 0.25, c= 1.0, d= 0.25 with timeout of 5s...
02-12-2024 11:55:56 - INFO - Sending request to Setting Chamber Zones to a= 1.0, b= 0.25, c= 1.0, d= 0.25 with timeout of 5s...
02-12-2024 11:55:56 - INFO - Sending request to Setting Chamber Zones to a= 1.0, b= 0.25, c= 1.0, d= 0.25 with timeout of 5s...
02-12-2024 11:55:56 - INFO - Sending request to Setting Chamber Zones to a= 1.0, b= 0.25, c= 1.0, d= 0.25 with timeout of 5s...
02-12-2024 11:55:56 - INFO - Sending request to Setting Chamber Zones to a= 1.0, b= 0.25, c= 1.0, d= 0.25 with timeout of 5s...
02-12-2024 11:55:57 - INFO - Sending request to Setting Chamber Zones to a= 1.0, b= 0.25, c= 1.0, d= 0.25 with timeout of 5s...
02-12-2024 11:55:57 - INFO - Sending request to Setting Chamber Zones to a= 1.0, b= 0.25, c= 1.0, d= 0.25 with timeout of 5s...
02-12-2024 11:55:57 - INFO - Sending request to Setting Chamber Zones to a= 1.0, b= 0.25, c= 1.0, d= 0.25 with timeout of 5s...
02-12-2024 11:55:57 - INFO - Sending request to Setting Chamber Zones to a= 1.0, b= 0.25, c= 1.0, d= 0.25 with timeout of 5s...
02-12-2024 11:55:57 - INFO - Sending request to Setting Chamber Zones to a= 1.0, b= 0.25, c= 1.0, d= 0.25 with timeout of 5s...
02-12-2024 11:55:58 - INFO - Sending request to Setting Chamber Zones to a= 1.0, b= 0.25, c= 1.0, d= 0.25 with timeout of 5s...
02-12-2024 11:55:58 - INFO - Sending request to Setting Chamber Zones to a= 1.0, b= 0.25, c= 1.0, d= 0.25 with timeout of 5s...
02-12-2024 11:55:58 - INFO - Sending request to Setting Chamber Zones to a= 1.0, b= 0.25, c= 1.0, d= 0.25 with timeout of 5s...
02-12-2024 11:55:58 - INFO - Sending request to Setting Chamber Zones to a= 1.0, b= 0.25, c= 1.0, d= 0.25 with timeout of 5s...
02-12-2024 11:55:58 - INFO - Sending request to Setting Chamber Zones to a= 1.0, b= 0.25, c= 1.0, d= 0.25 with timeout of 5s...
02-12-2024 11:55:59 - INFO - Sending request to Setting Chamber Zones to a= 1.0, b= 0.25, c= 1.0, d= 0.25 with timeout of 5s...
02-12-2024 11:55:59 - INFO - Sending request to Setting Chamber Zones to a= 1.0, b= 0.25, c= 1.0, d= 0.25 with timeout of 5s...
02-12-2024 11:55:59 - INFO - Sending request to Setting Chamber Zones to a= 1.0, b= 0.25, c= 1.0, d= 0.25 with timeout of 5s...
02-12-2024 11:55:59 - ERROR - E102 : Setting Chamber Zones to a= 1.0, b= 0.25, c= 1.0, d= 0.25 Request to Moonraker Timed out 
 Setting Chamber Zones to a= 1.0, b= 0.25, c= 1.0, d= 0.25 not successful
 Initiating firmware restart
02-12-2024 11:55:59 - INFO - Sending request to Setting Chamber Zones to a= 1.0, b= 0.25, c= 1.0, d= 0.25 with timeout of 5s...
02-12-2024 11:55:59 - ERROR - E102 : Setting Chamber Zones to a= 1.0, b= 0.25, c= 1.0, d= 0.25 Request to Moonraker Timed out 
 Setting Chamber Zones to a= 1.0, b= 0.25, c= 1.0, d= 0.25 not successful
 Initiating firmware restart
02-12-2024 11:55:59 - INFO - Sending request to Setting Chamber Zones to a= 1.0, b= 0.25, c= 1.0, d= 0.25 with timeout of 5s...
02-12-2024 11:56:00 - ERROR - E102 : Setting Chamber Zones to a= 1.0, b= 0.25, c= 1.0, d= 0.25 Request to Moonraker Timed out 
 Setting Chamber Zones to a= 1.0, b= 0.25, c= 1.0, d= 0.25 not successful
 Initiating firmware restart
02-12-2024 11:56:00 - INFO - Sending request to Setting Chamber Zones to a= 1.0, b= 0.25, c= 1.0, d= 0.25 with timeout of 5s...
02-12-2024 11:56:00 - ERROR - E102 : Setting Chamber Zones to a= 1.0, b= 0.25, c= 1.0, d= 0.25 Request to Moonraker Timed out 
 Setting Chamber Zones to a= 1.0, b= 0.25, c= 1.0, d= 0.25 not successful
 Initiating firmware restart
02-12-2024 11:56:00 - INFO - Sending request to Setting Chamber Zones to a= 1.0, b= 0.25, c= 1.0, d= 0.25 with timeout of 5s...
02-12-2024 11:56:00 - ERROR - E102 : Setting Chamber Zones to a= 1.0, b= 0.25, c= 1.0, d= 0.25 Request to Moonraker Timed out 
 Setting Chamber Zones to a= 1.0, b= 0.25, c= 1.0, d= 0.25 not successful
 Initiating firmware restart
02-12-2024 11:56:00 - INFO - Sending request to Setting Chamber Zones to a= 1.0, b= 0.25, c= 1.0, d= 0.25 with timeout of 5s...
02-12-2024 11:56:00 - ERROR - E102 : Setting Chamber Zones to a= 1.0, b= 0.25, c= 1.0, d= 0.25 Request to Moonraker Timed out 
 Setting Chamber Zones to a= 1.0, b= 0.25, c= 1.0, d= 0.25 not successful
 Initiating firmware restart
02-12-2024 11:56:00 - INFO - Sending request to Setting Chamber Zones to a= 1.0, b= 0.25, c= 1.0, d= 0.25 with timeout of 5s...
02-12-2024 11:56:00 - ERROR - E102 : Setting Chamber Zones to a= 1.0, b= 0.25, c= 1.0, d= 0.25 Request to Moonraker Timed out 
 Setting Chamber Zones to a= 1.0, b= 0.25, c= 1.0, d= 0.25 not successful
 Initiating firmware restart
02-12-2024 11:56:00 - INFO - Sending request to Setting Chamber Zones to a= 1.0, b= 0.25, c= 1.0, d= 0.25 with timeout of 5s...
02-12-2024 11:56:01 - ERROR - E102 : Setting Chamber Zones to a= 1.0, b= 0.25, c= 1.0, d= 0.25 Request to Moonraker Timed out 
 Setting Chamber Zones to a= 1.0, b= 0.25, c= 1.0, d= 0.25 not successful
 Initiating firmware restart
02-12-2024 11:56:01 - INFO - Sending request to Setting Chamber Zones to a= 1.0, b= 0.25, c= 1.0, d= 0.25 with timeout of 5s...
02-12-2024 11:56:01 - ERROR - E102 : Setting Chamber Zones to a= 1.0, b= 0.25, c= 1.0, d= 0.25 Request to Moonraker Timed out 
 Setting Chamber Zones to a= 1.0, b= 0.25, c= 1.0, d= 0.25 not successful
 Initiating firmware restart
02-12-2024 11:56:01 - INFO - Sending request to Setting Chamber Zones to a= 1.0, b= 0.25, c= 1.0, d= 0.25 with timeout of 5s...
02-12-2024 11:56:01 - ERROR - E102 : Setting Chamber Zones to a= 1.0, b= 0.25, c= 1.0, d= 0.25 Request to Moonraker Timed out 
 Setting Chamber Zones to a= 1.0, b= 0.25, c= 1.0, d= 0.25 not successful
 Initiating firmware restart
02-12-2024 11:56:01 - INFO - Sending request to Setting Chamber Zones to a= 1.0, b= 0.25, c= 1.0, d= 0.25 with timeout of 5s...
02-12-2024 11:56:01 - ERROR - E102 : Setting Chamber Zones to a= 1.0, b= 0.25, c= 1.0, d= 0.25 Request to Moonraker Timed out 
 Setting Chamber Zones to a= 1.0, b= 0.25, c= 1.0, d= 0.25 not successful
 Initiating firmware restart
02-12-2024 11:56:01 - INFO - Sending request to Setting Chamber Zones to a= 1.0, b= 0.25, c= 1.0, d= 0.25 with timeout of 5s...
02-12-2024 11:56:01 - INFO - Sending request to Setting Chamber Zones to a= 1.0, b= 0.25, c= 1.0, d= 0.25 with timeout of 5s...
02-12-2024 11:56:01 - ERROR - E102 : Setting Chamber Zones to a= 1.0, b= 0.25, c= 1.0, d= 0.25 Request to Moonraker Timed out 
 Setting Chamber Zones to a= 1.0, b= 0.25, c= 1.0, d= 0.25 not successful
 Initiating firmware restart
02-12-2024 11:56:02 - ERROR - E102 : mechanical Firmware restart Request to Moonraker Timed out 
 mechanical Firmware restart not successful
 Initiating firmware restart
02-12-2024 11:56:02 - INFO - Sending request to Setting Chamber Zones to a= 1.0, b= 0.25, c= 1.0, d= 0.25 with timeout of 5s...
02-12-2024 11:56:02 - ERROR - E102 : Setting Chamber Zones to a= 1.0, b= 0.25, c= 1.0, d= 0.25 Request to Moonraker Timed out 
 Setting Chamber Zones to a= 1.0, b= 0.25, c= 1.0, d= 0.25 not successful
 Initiating firmware restart
02-12-2024 11:56:02 - INFO - Sending request to Setting Chamber Zones to a= 1.0, b= 0.25, c= 1.0, d= 0.25 with timeout of 5s...
02-12-2024 11:56:02 - INFO - Sending request to Setting Chamber Zones to a= 1.0, b= 0.25, c= 1.0, d= 0.25 with timeout of 5s...
02-12-2024 11:56:02 - ERROR - E102 : Setting Chamber Zones to a= 1.0, b= 0.25, c= 1.0, d= 0.25 Request to Moonraker Timed out 
 Setting Chamber Zones to a= 1.0, b= 0.25, c= 1.0, d= 0.25 not successful
 Initiating firmware restart
02-12-2024 11:56:02 - ERROR - E102 : mechanical Firmware restart Request to Moonraker Timed out 
 mechanical Firmware restart not successful
 Initiating firmware restart
02-12-2024 11:56:02 - INFO - Sending request to Setting Chamber Zones to a= 1.0, b= 0.25, c= 1.0, d= 0.25 with timeout of 5s...
02-12-2024 11:56:02 - ERROR - E102 : Setting Chamber Zones to a= 1.0, b= 0.25, c= 1.0, d= 0.25 Request to Moonraker Timed out 
 Setting Chamber Zones to a= 1.0, b= 0.25, c= 1.0, d= 0.25 not successful
 Initiating firmware restart
02-12-2024 11:56:02 - INFO - Sending request to Setting Chamber Zones to a= 1.0, b= 0.25, c= 1.0, d= 0.25 with timeout of 5s...
02-12-2024 11:56:03 - ERROR - E102 : Setting Chamber Zones to a= 1.0, b= 0.25, c= 1.0, d= 0.25 Request to Moonraker Timed out 
 Setting Chamber Zones to a= 1.0, b= 0.25, c= 1.0, d= 0.25 not successful
 Initiating firmware restart
02-12-2024 11:56:03 - INFO - Sending request to Setting Chamber Zones to a= 1.0, b= 0.25, c= 1.0, d= 0.25 with timeout of 5s...
02-12-2024 11:56:03 - ERROR - E102 : Setting Chamber Zones to a= 1.0, b= 0.25, c= 1.0, d= 0.25 Request to Moonraker Timed out 
 Setting Chamber Zones to a= 1.0, b= 0.25, c= 1.0, d= 0.25 not successful
 Initiating firmware restart
02-12-2024 11:56:03 - INFO - Sending request to Setting Chamber Zones to a= 1.0, b= 0.25, c= 1.0, d= 0.25 with timeout of 5s...
02-12-2024 11:56:03 - ERROR - E102 : Setting Chamber Zones to a= 1.0, b= 0.25, c= 1.0, d= 0.25 Request to Moonraker Timed out 
 Setting Chamber Zones to a= 1.0, b= 0.25, c= 1.0, d= 0.25 not successful
 Initiating firmware restart
02-12-2024 11:56:03 - INFO - Sending request to Setting Chamber Zones to a= 1.0, b= 0.25, c= 1.0, d= 0.25 with timeout of 5s...
02-12-2024 11:56:03 - ERROR - E102 : Setting Chamber Zones to a= 1.0, b= 0.25, c= 1.0, d= 0.25 Request to Moonraker Timed out 
 Setting Chamber Zones to a= 1.0, b= 0.25, c= 1.0, d= 0.25 not successful
 Initiating firmware restart
02-12-2024 11:56:03 - INFO - Sending request to Setting Chamber Zones to a= 1.0, b= 0.25, c= 1.0, d= 0.25 with timeout of 5s...
02-12-2024 11:56:03 - ERROR - E102 : Setting Chamber Zones to a= 1.0, b= 0.25, c= 1.0, d= 0.25 Request to Moonraker Timed out 
 Setting Chamber Zones to a= 1.0, b= 0.25, c= 1.0, d= 0.25 not successful
 Initiating firmware restart
02-12-2024 11:56:03 - INFO - Sending request to Setting Chamber Zones to a= 1.0, b= 0.25, c= 1.0, d= 0.25 with timeout of 5s...
02-12-2024 11:56:04 - ERROR - E102 : Setting Chamber Zones to a= 1.0, b= 0.25, c= 1.0, d= 0.25 Request to Moonraker Timed out 
 Setting Chamber Zones to a= 1.0, b= 0.25, c= 1.0, d= 0.25 not successful
 Initiating firmware restart
02-12-2024 11:56:04 - INFO - Sending request to Setting Chamber Zones to a= 1.0, b= 0.25, c= 1.0, d= 0.25 with timeout of 5s...
02-12-2024 11:56:04 - ERROR - E102 : Setting Chamber Zones to a= 1.0, b= 0.25, c= 1.0, d= 0.25 Request to Moonraker Timed out 
 Setting Chamber Zones to a= 1.0, b= 0.25, c= 1.0, d= 0.25 not successful
 Initiating firmware restart
02-12-2024 11:56:04 - INFO - Sending request to Setting Chamber Zones to a= 1.0, b= 0.25, c= 1.0, d= 0.25 with timeout of 5s...
02-12-2024 11:56:04 - ERROR - E102 : Setting Chamber Zones to a= 1.0, b= 0.25, c= 1.0, d= 0.25 Request to Moonraker Timed out 
 Setting Chamber Zones to a= 1.0, b= 0.25, c= 1.0, d= 0.25 not successful
 Initiating firmware restart
02-12-2024 11:56:04 - INFO - Sending request to Setting Chamber Zones to a= 1.0, b= 0.25, c= 1.0, d= 0.25 with timeout of 5s...
02-12-2024 11:56:04 - INFO - Sending request to Setting Chamber Zones to a= 1.0, b= 0.25, c= 1.0, d= 0.25 with timeout of 5s...
02-12-2024 11:56:04 - ERROR - E102 : Setting Chamber Zones to a= 1.0, b= 0.25, c= 1.0, d= 0.25 Request to Moonraker Timed out 
 Setting Chamber Zones to a= 1.0, b= 0.25, c= 1.0, d= 0.25 not successful
 Initiating firmware restart
02-12-2024 11:56:04 - ERROR - E102 : mechanical Firmware restart Request to Moonraker Timed out 
 mechanical Firmware restart not successful
 Initiating firmware restart
02-12-2024 11:56:04 - INFO - Sending request to Setting Chamber Zones to a= 1.0, b= 0.25, c= 1.0, d= 0.25 with timeout of 5s...
02-12-2024 11:56:05 - ERROR - E102 : Setting Chamber Zones to a= 1.0, b= 0.25, c= 1.0, d= 0.25 Request to Moonraker Timed out 
 Setting Chamber Zones to a= 1.0, b= 0.25, c= 1.0, d= 0.25 not successful
 Initiating firmware restart
02-12-2024 11:56:05 - INFO - Sending request to Setting Chamber Zones to a= 1.0, b= 0.25, c= 1.0, d= 0.25 with timeout of 5s...
02-12-2024 11:56:05 - ERROR - E102 : Setting Chamber Zones to a= 1.0, b= 0.25, c= 1.0, d= 0.25 Request to Moonraker Timed out 
 Setting Chamber Zones to a= 1.0, b= 0.25, c= 1.0, d= 0.25 not successful
 Initiating firmware restart
02-12-2024 11:56:05 - INFO - Sending request to Setting Chamber Zones to a= 1.0, b= 0.25, c= 1.0, d= 0.25 with timeout of 5s...
02-12-2024 11:56:05 - ERROR - E102 : Setting Chamber Zones to a= 1.0, b= 0.25, c= 1.0, d= 0.25 Request to Moonraker Timed out 
 Setting Chamber Zones to a= 1.0, b= 0.25, c= 1.0, d= 0.25 not successful
 Initiating firmware restart
02-12-2024 11:56:05 - INFO - Sending request to Setting Chamber Zones to a= 1.0, b= 0.25, c= 1.0, d= 0.25 with timeout of 5s...
02-12-2024 11:56:05 - ERROR - E102 : Setting Chamber Zones to a= 1.0, b= 0.25, c= 1.0, d= 0.25 Request to Moonraker Timed out 
 Setting Chamber Zones to a= 1.0, b= 0.25, c= 1.0, d= 0.25 not successful
 Initiating firmware restart
02-12-2024 11:56:05 - INFO - Sending request to Setting Chamber Zones to a= 1.0, b= 0.25, c= 1.0, d= 0.25 with timeout of 5s...
02-12-2024 11:56:05 - ERROR - E102 : Setting Chamber Zones to a= 1.0, b= 0.25, c= 1.0, d= 0.25 Request to Moonraker Timed out 
 Setting Chamber Zones to a= 1.0, b= 0.25, c= 1.0, d= 0.25 not successful
 Initiating firmware restart
02-12-2024 11:56:06 - INFO - Sending request to Setting Chamber Zones to a= 1.0, b= 0.25, c= 1.0, d= 0.25 with timeout of 5s...
02-12-2024 11:56:06 - ERROR - E102 : Setting Chamber Zones to a= 1.0, b= 0.25, c= 1.0, d= 0.25 Request to Moonraker Timed out 
 Setting Chamber Zones to a= 1.0, b= 0.25, c= 1.0, d= 0.25 not successful
 Initiating firmware restart
02-12-2024 11:56:06 - INFO - Sending request to Setting Chamber Zones to a= 1.0, b= 0.25, c= 1.0, d= 0.25 with timeout of 5s...
02-12-2024 11:56:06 - ERROR - E102 : Setting Chamber Zones to a= 1.0, b= 0.25, c= 1.0, d= 0.25 Request to Moonraker Timed out 
 Setting Chamber Zones to a= 1.0, b= 0.25, c= 1.0, d= 0.25 not successful
 Initiating firmware restart
02-12-2024 11:56:06 - INFO - Sending request to Setting Chamber Zones to a= 1.0, b= 0.25, c= 1.0, d= 0.25 with timeout of 5s...
02-12-2024 11:56:06 - ERROR - E102 : Setting Chamber Zones to a= 1.0, b= 0.25, c= 1.0, d= 0.25 Request to Moonraker Timed out 
 Setting Chamber Zones to a= 1.0, b= 0.25, c= 1.0, d= 0.25 not successful
 Initiating firmware restart
02-12-2024 11:56:06 - INFO - Sending request to Setting Chamber Zones to a= 1.0, b= 0.25, c= 1.0, d= 0.25 with timeout of 5s...
02-12-2024 11:56:06 - ERROR - E102 : Setting Chamber Zones to a= 1.0, b= 0.25, c= 1.0, d= 0.25 Request to Moonraker Timed out 
 Setting Chamber Zones to a= 1.0, b= 0.25, c= 1.0, d= 0.25 not successful
 Initiating firmware restart
02-12-2024 11:56:06 - INFO - Sending request to Setting Chamber Zones to a= 1.0, b= 0.25, c= 1.0, d= 0.25 with timeout of 5s...
02-12-2024 11:56:06 - ERROR - E102 : Setting Chamber Zones to a= 1.0, b= 0.25, c= 1.0, d= 0.25 Request to Moonraker Timed out 
 Setting Chamber Zones to a= 1.0, b= 0.25, c= 1.0, d= 0.25 not successful
 Initiating firmware restart
02-12-2024 11:56:07 - INFO - Sending request to Setting Chamber Zones to a= 1.0, b= 0.25, c= 1.0, d= 0.25 with timeout of 5s...
02-12-2024 11:56:07 - ERROR - E102 : Setting Chamber Zones to a= 1.0, b= 0.25, c= 1.0, d= 0.25 Request to Moonraker Timed out 
 Setting Chamber Zones to a= 1.0, b= 0.25, c= 1.0, d= 0.25 not successful
 Initiating firmware restart
02-12-2024 11:56:07 - INFO - Sending request to Setting Chamber Zones to a= 1.0, b= 0.25, c= 1.0, d= 0.25 with timeout of 5s...
02-12-2024 11:56:07 - ERROR - E102 : Setting Chamber Zones to a= 1.0, b= 0.25, c= 1.0, d= 0.25 Request to Moonraker Timed out 
 Setting Chamber Zones to a= 1.0, b= 0.25, c= 1.0, d= 0.25 not successful
 Initiating firmware restart
02-12-2024 11:56:07 - INFO - Sending request to Setting Chamber Zones to a= 1.0, b= 0.25, c= 1.0, d= 0.25 with timeout of 5s...
02-12-2024 11:56:07 - ERROR - E102 : Setting Chamber Zones to a= 1.0, b= 0.25, c= 1.0, d= 0.25 Request to Moonraker Timed out 
 Setting Chamber Zones to a= 1.0, b= 0.25, c= 1.0, d= 0.25 not successful
 Initiating firmware restart
02-12-2024 11:56:07 - INFO - Sending request to Setting Chamber Zones to a= 1.0, b= 0.25, c= 1.0, d= 0.25 with timeout of 5s...
02-12-2024 11:56:07 - ERROR - E102 : Setting Chamber Zones to a= 1.0, b= 0.25, c= 1.0, d= 0.25 Request to Moonraker Timed out 
 Setting Chamber Zones to a= 1.0, b= 0.25, c= 1.0, d= 0.25 not successful
 Initiating firmware restart
02-12-2024 11:56:07 - INFO - Sending request to Setting Chamber Zones to a= 1.0, b= 0.25, c= 1.0, d= 0.25 with timeout of 5s...
02-12-2024 11:56:08 - ERROR - E102 : Setting Chamber Zones to a= 1.0, b= 0.25, c= 1.0, d= 0.25 Request to Moonraker Timed out 
 Setting Chamber Zones to a= 1.0, b= 0.25, c= 1.0, d= 0.25 not successful
 Initiating firmware restart
02-12-2024 11:56:08 - INFO - Sending request to Setting Chamber Zones to a= 1.0, b= 0.25, c= 1.0, d= 0.25 with timeout of 5s...
02-12-2024 11:56:08 - ERROR - E102 : Setting Chamber Zones to a= 1.0, b= 0.25, c= 1.0, d= 0.25 Request to Moonraker Timed out 
 Setting Chamber Zones to a= 1.0, b= 0.25, c= 1.0, d= 0.25 not successful
 Initiating firmware restart
02-12-2024 11:56:08 - INFO - Sending request to Setting Chamber Zones to a= 1.0, b= 0.25, c= 1.0, d= 0.25 with timeout of 5s...
02-12-2024 11:56:08 - ERROR - E102 : Setting Chamber Zones to a= 1.0, b= 0.25, c= 1.0, d= 0.25 Request to Moonraker Timed out 
 Setting Chamber Zones to a= 1.0, b= 0.25, c= 1.0, d= 0.25 not successful
 Initiating firmware restart
02-12-2024 11:56:08 - INFO - Sending request to Setting Chamber Zones to a= 1.0, b= 0.25, c= 1.0, d= 0.25 with timeout of 5s...
02-12-2024 11:56:08 - ERROR - E102 : Setting Chamber Zones to a= 1.0, b= 0.25, c= 1.0, d= 0.25 Request to Moonraker Timed out 
 Setting Chamber Zones to a= 1.0, b= 0.25, c= 1.0, d= 0.25 not successful
 Initiating firmware restart
02-12-2024 11:56:08 - INFO - Sending request to Setting Chamber Zones to a= 1.0, b= 0.25, c= 1.0, d= 0.25 with timeout of 5s...
02-12-2024 11:56:08 - ERROR - E102 : Setting Chamber Zones to a= 1.0, b= 0.25, c= 1.0, d= 0.25 Request to Moonraker Timed out 
 Setting Chamber Zones to a= 1.0, b= 0.25, c= 1.0, d= 0.25 not successful
 Initiating firmware restart
02-12-2024 11:56:08 - INFO - Sending request to Setting Chamber Zones to a= 1.0, b= 0.25, c= 1.0, d= 0.25 with timeout of 5s...
02-12-2024 11:56:08 - ERROR - E102 : Setting Chamber Zones to a= 1.0, b= 0.25, c= 1.0, d= 0.25 Request to Moonraker Timed out 
 Setting Chamber Zones to a= 1.0, b= 0.25, c= 1.0, d= 0.25 not successful
 Initiating firmware restart
02-12-2024 11:56:09 - INFO - Sending request to Setting Chamber Zones to a= 1.0, b= 0.25, c= 1.0, d= 0.25 with timeout of 5s...
02-12-2024 11:56:09 - ERROR - E102 : Setting Chamber Zones to a= 1.0, b= 0.25, c= 1.0, d= 0.25 Request to Moonraker Timed out 
 Setting Chamber Zones to a= 1.0, b= 0.25, c= 1.0, d= 0.25 not successful
 Initiating firmware restart
02-12-2024 11:56:09 - INFO - Sending request to Setting Chamber Zones to a= 1.0, b= 0.25, c= 1.0, d= 0.25 with timeout of 5s...
02-12-2024 11:56:09 - ERROR - E102 : Setting Chamber Zones to a= 1.0, b= 0.25, c= 1.0, d= 0.25 Request to Moonraker Timed out 
 Setting Chamber Zones to a= 1.0, b= 0.25, c= 1.0, d= 0.25 not successful
 Initiating firmware restart
02-12-2024 11:56:09 - INFO - Sending request to Setting Chamber Zones to a= 1.0, b= 0.25, c= 1.0, d= 0.25 with timeout of 5s...
02-12-2024 11:56:09 - ERROR - E102 : Setting Chamber Zones to a= 1.0, b= 0.25, c= 1.0, d= 0.25 Request to Moonraker Timed out 
 Setting Chamber Zones to a= 1.0, b= 0.25, c= 1.0, d= 0.25 not successful
 Initiating firmware restart
02-12-2024 11:56:09 - INFO - Sending request to Setting Chamber Zones to a= 1.0, b= 0.25, c= 1.0, d= 0.25 with timeout of 5s...
02-12-2024 11:56:09 - ERROR - E102 : Setting Chamber Zones to a= 1.0, b= 0.25, c= 1.0, d= 0.25 Request to Moonraker Timed out 
 Setting Chamber Zones to a= 1.0, b= 0.25, c= 1.0, d= 0.25 not successful
02-12-2024 11:56:09 - ERROR - E102 : Setting Chamber Zones to a= 1.0, b= 0.25, c= 1.0, d= 0.25 Request to Moonraker Timed out 
 Setting Chamber Zones to a= 1.0, b= 0.25, c= 1.0, d= 0.25 not successful
 Initiating firmware restart
02-12-2024 11:56:09 - ERROR - E104: Error while executing Homing Z axis - command 1/4 
 400 Client Error: Homing failed due to printer shutdown for url: http://192.168.0.231/printer/gcode/script?script=G28+Z0
02-12-2024 11:56:09 - INFO - Sending request to Setting Chamber Zones to a= 1.0, b= 0.25, c= 1.0, d= 0.25 with timeout of 5s...
02-12-2024 11:56:09 - INFO - Sending request to Homing Z axis - command 2/4 with timeout of 360s...
02-12-2024 11:56:09 - ERROR - E102 : Setting Chamber Zones to a= 1.0, b= 0.25, c= 1.0, d= 0.25 Request to Moonraker Timed out 
 Setting Chamber Zones to a= 1.0, b= 0.25, c= 1.0, d= 0.25 not successful
02-12-2024 11:56:10 - INFO - Setting Chamber Zones to a= 1.0, b= 0.25, c= 1.0, d= 0.25 request successfully sent.
02-12-2024 11:56:10 - ERROR - E102 : Setting Chamber Zones to a= 1.0, b= 0.25, c= 1.0, d= 0.25 Request to Moonraker Timed out 
 Setting Chamber Zones to a= 1.0, b= 0.25, c= 1.0, d= 0.25 not successful
 Initiating firmware restart
02-12-2024 11:56:10 - INFO - Response from moonraker: {'result': 'ok'}
02-12-2024 11:56:10 - INFO - mechanical Firmware restart Request successfully executed.
02-12-2024 11:56:10 - INFO - Sending request to Setting Chamber Zones to a= 1.0, b= 0.25, c= 1.0, d= 0.25 with timeout of 5s...
02-12-2024 11:56:10 - INFO - Setting Chamber Zones to a= 1.0, b= 0.25, c= 1.0, d= 0.25 request successfully sent.
02-12-2024 11:56:10 - INFO - Response from moonraker: {'result': 'ok'}
02-12-2024 11:56:10 - INFO - Setting Chamber Zones to a= 1.0, b= 0.25, c= 1.0, d= 0.25 Request successfully executed.
02-12-2024 11:56:10 - INFO - Setting Chamber Zones to a= 1.0, b= 0.25, c= 1.0, d= 0.25 request successfully sent.
02-12-2024 11:56:10 - INFO - Response from moonraker: {'result': 'ok'}
02-12-2024 11:56:10 - INFO - Setting Chamber Zones to a= 1.0, b= 0.25, c= 1.0, d= 0.25 Request successfully executed.
02-12-2024 11:56:10 - INFO - Setting Chamber Zones to a= 1.0, b= 0.25, c= 1.0, d= 0.25 request successfully sent.
02-12-2024 11:56:10 - INFO - Response from moonraker: {'result': 'ok'}
02-12-2024 11:56:10 - INFO - Setting Chamber Zones to a= 1.0, b= 0.25, c= 1.0, d= 0.25 Request successfully executed.
02-12-2024 11:56:10 - INFO - Setting Chamber Zones to a= 1.0, b= 0.25, c= 1.0, d= 0.25 request successfully sent.
02-12-2024 11:56:10 - INFO - Response from moonraker: {'result': 'ok'}
02-12-2024 11:56:10 - INFO - Setting Chamber Zones to a= 1.0, b= 0.25, c= 1.0, d= 0.25 Request successfully executed.
02-12-2024 11:56:10 - INFO - Setting Chamber Zones to a= 1.0, b= 0.25, c= 1.0, d= 0.25 request successfully sent.
02-12-2024 11:56:10 - INFO - Response from moonraker: {'result': 'ok'}
02-12-2024 11:56:10 - INFO - Setting Chamber Zones to a= 1.0, b= 0.25, c= 1.0, d= 0.25 Request successfully executed.
02-12-2024 11:56:10 - INFO - Setting Chamber Zones to a= 1.0, b= 0.25, c= 1.0, d= 0.25 request successfully sent.
02-12-2024 11:56:10 - INFO - Response from moonraker: {'result': 'ok'}
02-12-2024 11:56:10 - INFO - Setting Chamber Zones to a= 1.0, b= 0.25, c= 1.0, d= 0.25 Request successfully executed.
02-12-2024 11:56:10 - INFO - Setting Chamber Zones to a= 1.0, b= 0.25, c= 1.0, d= 0.25 request successfully sent.
02-12-2024 11:56:10 - INFO - Response from moonraker: {'result': 'ok'}
02-12-2024 11:56:10 - INFO - Setting Chamber Zones to a= 1.0, b= 0.25, c= 1.0, d= 0.25 Request successfully executed.
02-12-2024 11:56:10 - INFO - Setting Chamber Zones to a= 1.0, b= 0.25, c= 1.0, d= 0.25 request successfully sent.
02-12-2024 11:56:10 - INFO - Response from moonraker: {'result': 'ok'}
02-12-2024 11:56:10 - INFO - Setting Chamber Zones to a= 1.0, b= 0.25, c= 1.0, d= 0.25 Request successfully executed.
02-12-2024 11:56:10 - INFO - Setting Chamber Zones to a= 1.0, b= 0.25, c= 1.0, d= 0.25 request successfully sent.
02-12-2024 11:56:10 - INFO - Response from moonraker: {'result': 'ok'}
02-12-2024 11:56:10 - INFO - Setting Chamber Zones to a= 1.0, b= 0.25, c= 1.0, d= 0.25 Request successfully executed.
02-12-2024 11:56:10 - INFO - Setting Chamber Zones to a= 1.0, b= 0.25, c= 1.0, d= 0.25 request successfully sent.
02-12-2024 11:56:10 - INFO - Response from moonraker: {'result': 'ok'}
02-12-2024 11:56:10 - INFO - Setting Chamber Zones to a= 1.0, b= 0.25, c= 1.0, d= 0.25 Request successfully executed.
02-12-2024 11:56:10 - INFO - Setting Chamber Zones to a= 1.0, b= 0.25, c= 1.0, d= 0.25 request successfully sent.
02-12-2024 11:56:10 - INFO - Response from moonraker: {'result': 'ok'}
02-12-2024 11:56:10 - INFO - Setting Chamber Zones to a= 1.0, b= 0.25, c= 1.0, d= 0.25 Request successfully executed.
02-12-2024 11:56:10 - INFO - Setting Chamber Zones to a= 1.0, b= 0.25, c= 1.0, d= 0.25 request successfully sent.
02-12-2024 11:56:10 - INFO - Response from moonraker: {'result': 'ok'}
02-12-2024 11:56:10 - INFO - Setting Chamber Zones to a= 1.0, b= 0.25, c= 1.0, d= 0.25 Request successfully executed.
02-12-2024 11:56:10 - INFO - Setting Chamber Zones to a= 1.0, b= 0.25, c= 1.0, d= 0.25 request successfully sent.
02-12-2024 11:56:10 - INFO - Response from moonraker: {'result': 'ok'}
02-12-2024 11:56:10 - INFO - Setting Chamber Zones to a= 1.0, b= 0.25, c= 1.0, d= 0.25 Request successfully executed.
02-12-2024 11:56:10 - INFO - Setting Chamber Zones to a= 1.0, b= 0.25, c= 1.0, d= 0.25 request successfully sent.
02-12-2024 11:56:10 - INFO - Response from moonraker: {'result': 'ok'}
02-12-2024 11:56:10 - INFO - Setting Chamber Zones to a= 1.0, b= 0.25, c= 1.0, d= 0.25 Request successfully executed.
02-12-2024 11:56:10 - INFO - Setting Chamber Zones to a= 1.0, b= 0.25, c= 1.0, d= 0.25 request successfully sent.
02-12-2024 11:56:10 - INFO - Response from moonraker: {'result': 'ok'}
02-12-2024 11:56:10 - INFO - Setting Chamber Zones to a= 1.0, b= 0.25, c= 1.0, d= 0.25 Request successfully executed.
02-12-2024 11:56:10 - INFO - Setting Chamber Zones to a= 1.0, b= 0.25, c= 1.0, d= 0.25 request successfully sent.
02-12-2024 11:56:10 - INFO - Response from moonraker: {'result': 'ok'}
02-12-2024 11:56:10 - INFO - Setting Chamber Zones to a= 1.0, b= 0.25, c= 1.0, d= 0.25 Request successfully executed.
02-12-2024 11:56:10 - INFO - Setting Chamber Zones to a= 1.0, b= 0.25, c= 1.0, d= 0.25 request successfully sent.
02-12-2024 11:56:10 - INFO - Response from moonraker: {'result': 'ok'}
02-12-2024 11:56:10 - INFO - Setting Chamber Zones to a= 1.0, b= 0.25, c= 1.0, d= 0.25 Request successfully executed.
02-12-2024 11:56:10 - INFO - Setting Chamber Zones to a= 1.0, b= 0.25, c= 1.0, d= 0.25 request successfully sent.
02-12-2024 11:56:10 - INFO - Response from moonraker: {'result': 'ok'}
02-12-2024 11:56:10 - INFO - Setting Chamber Zones to a= 1.0, b= 0.25, c= 1.0, d= 0.25 Request successfully executed.
02-12-2024 11:56:10 - INFO - Setting Chamber Zones to a= 1.0, b= 0.25, c= 1.0, d= 0.25 request successfully sent.
02-12-2024 11:56:10 - INFO - Response from moonraker: {'result': 'ok'}
02-12-2024 11:56:10 - INFO - Setting Chamber Zones to a= 1.0, b= 0.25, c= 1.0, d= 0.25 Request successfully executed.
02-12-2024 11:56:10 - INFO - Setting Chamber Zones to a= 1.0, b= 0.25, c= 1.0, d= 0.25 request successfully sent.
02-12-2024 11:56:10 - INFO - Response from moonraker: {'result': 'ok'}
02-12-2024 11:56:10 - INFO - Setting Chamber Zones to a= 1.0, b= 0.25, c= 1.0, d= 0.25 Request successfully executed.
02-12-2024 11:56:10 - INFO - Setting Chamber Zones to a= 1.0, b= 0.25, c= 1.0, d= 0.25 request successfully sent.
02-12-2024 11:56:10 - INFO - Response from moonraker: {'result': 'ok'}
02-12-2024 11:56:10 - INFO - Setting Chamber Zones to a= 1.0, b= 0.25, c= 1.0, d= 0.25 Request successfully executed.
02-12-2024 11:56:10 - INFO - Setting Chamber Zones to a= 1.0, b= 0.25, c= 1.0, d= 0.25 request successfully sent.
02-12-2024 11:56:10 - INFO - Response from moonraker: {'result': 'ok'}
02-12-2024 11:56:10 - INFO - Setting Chamber Zones to a= 1.0, b= 0.25, c= 1.0, d= 0.25 Request successfully executed.
02-12-2024 11:56:10 - INFO - Setting Chamber Zones to a= 1.0, b= 0.25, c= 1.0, d= 0.25 request successfully sent.
02-12-2024 11:56:10 - INFO - Response from moonraker: {'result': 'ok'}
02-12-2024 11:56:10 - INFO - Setting Chamber Zones to a= 1.0, b= 0.25, c= 1.0, d= 0.25 Request successfully executed.
02-12-2024 11:56:10 - INFO - Setting Chamber Zones to a= 1.0, b= 0.25, c= 1.0, d= 0.25 request successfully sent.
02-12-2024 11:56:10 - INFO - Response from moonraker: {'result': 'ok'}
02-12-2024 11:56:10 - INFO - Setting Chamber Zones to a= 1.0, b= 0.25, c= 1.0, d= 0.25 Request successfully executed.
02-12-2024 11:56:10 - INFO - Setting Chamber Zones to a= 1.0, b= 0.25, c= 1.0, d= 0.25 request successfully sent.
02-12-2024 11:56:10 - INFO - Response from moonraker: {'result': 'ok'}
02-12-2024 11:56:10 - INFO - Setting Chamber Zones to a= 1.0, b= 0.25, c= 1.0, d= 0.25 Request successfully executed.
02-12-2024 11:56:10 - INFO - Setting Chamber Zones to a= 1.0, b= 0.25, c= 1.0, d= 0.25 request successfully sent.
02-12-2024 11:56:10 - INFO - Response from moonraker: {'result': 'ok'}
02-12-2024 11:56:10 - INFO - Setting Chamber Zones to a= 1.0, b= 0.25, c= 1.0, d= 0.25 Request successfully executed.
02-12-2024 11:56:10 - INFO - Setting Chamber Zones to a= 1.0, b= 0.25, c= 1.0, d= 0.25 request successfully sent.
02-12-2024 11:56:10 - INFO - Response from moonraker: {'result': 'ok'}
02-12-2024 11:56:10 - INFO - Setting Chamber Zones to a= 1.0, b= 0.25, c= 1.0, d= 0.25 Request successfully executed.
02-12-2024 11:56:10 - INFO - Setting Chamber Zones to a= 1.0, b= 0.25, c= 1.0, d= 0.25 request successfully sent.
02-12-2024 11:56:10 - INFO - Response from moonraker: {'result': 'ok'}
02-12-2024 11:56:10 - INFO - Setting Chamber Zones to a= 1.0, b= 0.25, c= 1.0, d= 0.25 Request successfully executed.
02-12-2024 11:56:10 - INFO - Setting Chamber Zones to a= 1.0, b= 0.25, c= 1.0, d= 0.25 request successfully sent.
02-12-2024 11:56:10 - INFO - Response from moonraker: {'result': 'ok'}
02-12-2024 11:56:10 - INFO - Setting Chamber Zones to a= 1.0, b= 0.25, c= 1.0, d= 0.25 Request successfully executed.
02-12-2024 11:56:10 - INFO - Setting Chamber Zones to a= 1.0, b= 0.25, c= 1.0, d= 0.25 request successfully sent.
02-12-2024 11:56:10 - INFO - Response from moonraker: {'result': 'ok'}
02-12-2024 11:56:10 - INFO - Setting Chamber Zones to a= 1.0, b= 0.25, c= 1.0, d= 0.25 Request successfully executed.
02-12-2024 11:56:10 - INFO - Setting Chamber Zones to a= 1.0, b= 0.25, c= 1.0, d= 0.25 request successfully sent.
02-12-2024 11:56:10 - INFO - Response from moonraker: {'result': 'ok'}
02-12-2024 11:56:10 - INFO - Setting Chamber Zones to a= 1.0, b= 0.25, c= 1.0, d= 0.25 Request successfully executed.
02-12-2024 11:56:10 - INFO - Setting Chamber Zones to a= 1.0, b= 0.25, c= 1.0, d= 0.25 request successfully sent.
02-12-2024 11:56:10 - INFO - Response from moonraker: {'result': 'ok'}
02-12-2024 11:56:10 - INFO - Setting Chamber Zones to a= 1.0, b= 0.25, c= 1.0, d= 0.25 Request successfully executed.
02-12-2024 11:56:10 - INFO - Setting Chamber Zones to a= 1.0, b= 0.25, c= 1.0, d= 0.25 request successfully sent.
02-12-2024 11:56:10 - INFO - Response from moonraker: {'result': 'ok'}
02-12-2024 11:56:10 - INFO - Setting Chamber Zones to a= 1.0, b= 0.25, c= 1.0, d= 0.25 Request successfully executed.
02-12-2024 11:56:10 - INFO - Setting Chamber Zones to a= 1.0, b= 0.25, c= 1.0, d= 0.25 request successfully sent.
02-12-2024 11:56:10 - INFO - Response from moonraker: {'result': 'ok'}
02-12-2024 11:56:10 - INFO - Setting Chamber Zones to a= 1.0, b= 0.25, c= 1.0, d= 0.25 Request successfully executed.
02-12-2024 11:56:10 - INFO - Setting Chamber Zones to a= 1.0, b= 0.25, c= 1.0, d= 0.25 request successfully sent.
02-12-2024 11:56:10 - INFO - Response from moonraker: {'result': 'ok'}
02-12-2024 11:56:10 - INFO - Setting Chamber Zones to a= 1.0, b= 0.25, c= 1.0, d= 0.25 Request successfully executed.
02-12-2024 11:56:10 - INFO - Setting Chamber Zones to a= 1.0, b= 0.25, c= 1.0, d= 0.25 request successfully sent.
02-12-2024 11:56:10 - INFO - Response from moonraker: {'result': 'ok'}
02-12-2024 11:56:10 - INFO - Setting Chamber Zones to a= 1.0, b= 0.25, c= 1.0, d= 0.25 Request successfully executed.
02-12-2024 11:56:10 - INFO - Setting Chamber Zones to a= 1.0, b= 0.25, c= 1.0, d= 0.25 request successfully sent.
02-12-2024 11:56:10 - INFO - Response from moonraker: {'result': 'ok'}
02-12-2024 11:56:10 - INFO - Setting Chamber Zones to a= 1.0, b= 0.25, c= 1.0, d= 0.25 Request successfully executed.
02-12-2024 11:56:10 - INFO - Setting Chamber Zones to a= 1.0, b= 0.25, c= 1.0, d= 0.25 request successfully sent.
02-12-2024 11:56:10 - INFO - Response from moonraker: {'result': 'ok'}
02-12-2024 11:56:10 - INFO - Setting Chamber Zones to a= 1.0, b= 0.25, c= 1.0, d= 0.25 Request successfully executed.
02-12-2024 11:56:10 - INFO - Sending request to Setting Chamber Zones to a= 1.0, b= 0.25, c= 1.0, d= 0.25 with timeout of 5s...
02-12-2024 11:56:10 - INFO - Setting Chamber Zones to a= 1.0, b= 0.25, c= 1.0, d= 0.25 request successfully sent.
02-12-2024 11:56:10 - INFO - Setting Chamber Zones to a= 1.0, b= 0.25, c= 1.0, d= 0.25 request successfully sent.
02-12-2024 11:56:10 - INFO - Setting Chamber Zones to a= 1.0, b= 0.25, c= 1.0, d= 0.25 request successfully sent.
02-12-2024 11:56:10 - INFO - Setting Chamber Zones to a= 1.0, b= 0.25, c= 1.0, d= 0.25 request successfully sent.
02-12-2024 11:56:10 - INFO - Setting Chamber Zones to a= 1.0, b= 0.25, c= 1.0, d= 0.25 request successfully sent.
02-12-2024 11:56:10 - INFO - Setting Chamber Zones to a= 1.0, b= 0.25, c= 1.0, d= 0.25 request successfully sent.
02-12-2024 11:56:10 - INFO - Response from moonraker: {'result': 'ok'}
02-12-2024 11:56:10 - INFO - Setting Chamber Zones to a= 1.0, b= 0.25, c= 1.0, d= 0.25 request successfully sent.
02-12-2024 11:56:10 - INFO - Setting Chamber Zones to a= 1.0, b= 0.25, c= 1.0, d= 0.25 request successfully sent.
02-12-2024 11:56:10 - INFO - Response from moonraker: {'result': 'ok'}
02-12-2024 11:56:10 - INFO - Response from moonraker: {'result': 'ok'}
02-12-2024 11:56:10 - INFO - Response from moonraker: {'result': 'ok'}
02-12-2024 11:56:10 - INFO - Response from moonraker: {'result': 'ok'}
02-12-2024 11:56:10 - INFO - Response from moonraker: {'result': 'ok'}
02-12-2024 11:56:10 - INFO - Setting Chamber Zones to a= 1.0, b= 0.25, c= 1.0, d= 0.25 Request successfully executed.
02-12-2024 11:56:10 - INFO - Response from moonraker: {'result': 'ok'}
02-12-2024 11:56:10 - INFO - Response from moonraker: {'result': 'ok'}
02-12-2024 11:56:10 - INFO - Setting Chamber Zones to a= 1.0, b= 0.25, c= 1.0, d= 0.25 Request successfully executed.
02-12-2024 11:56:10 - INFO - Setting Chamber Zones to a= 1.0, b= 0.25, c= 1.0, d= 0.25 Request successfully executed.
02-12-2024 11:56:10 - INFO - Setting Chamber Zones to a= 1.0, b= 0.25, c= 1.0, d= 0.25 Request successfully executed.
02-12-2024 11:56:10 - INFO - Setting Chamber Zones to a= 1.0, b= 0.25, c= 1.0, d= 0.25 request successfully sent.
02-12-2024 11:56:10 - INFO - Setting Chamber Zones to a= 1.0, b= 0.25, c= 1.0, d= 0.25 Request successfully executed.
02-12-2024 11:56:10 - INFO - Setting Chamber Zones to a= 1.0, b= 0.25, c= 1.0, d= 0.25 Request successfully executed.
02-12-2024 11:56:10 - INFO - Setting Chamber Zones to a= 1.0, b= 0.25, c= 1.0, d= 0.25 Request successfully executed.
02-12-2024 11:56:10 - INFO - Setting Chamber Zones to a= 1.0, b= 0.25, c= 1.0, d= 0.25 Request successfully executed.
02-12-2024 11:56:10 - INFO - Response from moonraker: {'result': 'ok'}
02-12-2024 11:56:10 - INFO - Setting Chamber Zones to a= 1.0, b= 0.25, c= 1.0, d= 0.25 Request successfully executed.
02-12-2024 11:56:10 - INFO - Response from moonraker: {'error': {'code': 503, 'message': 'Klippy Host not connected', 'traceback': 'Traceback (most recent call last):\n\n  File "/home/pi/moonraker/moonraker/components/application.py", line 700, in _process_http_request\n    result = await self.api_defintion.request(\n\n  File "/home/pi/moonraker/moonraker/components/klippy_apis.py", line 100, in _gcode_firmware_restart\n    return await self.do_restart("FIRMWARE_RESTART")\n\n  File "/home/pi/moonraker/moonraker/components/klippy_apis.py", line 186, in do_restart\n    result = await self.run_gcode(gc)\n\n  File "/home/pi/moonraker/moonraker/components/klippy_apis.py", line 123, in run_gcode\n    result = await self._send_klippy_request(\n\n  File "/home/pi/moonraker/moonraker/components/klippy_apis.py", line 111, in _send_klippy_request\n    result = await self.klippy.request(req)\n\n  File "/home/pi/moonraker/moonraker/components/klippy_connection.py", line 607, in request\n    raise ServerError("Klippy Host not connected", 503)\n\nmoonraker.utils.exceptions.ServerError: Klippy Host not connected\n\n\nThe above exception was the direct cause of the following exception:\n\n\nTraceback (most recent call last):\n\n  File "/home/pi/moonraker-env/lib/python3.9/site-packages/tornado/web.py", line 1790, in _execute\n    result = await result\n\n  File "/home/pi/moonraker/moonraker/components/application.py", line 686, in post\n    await self._process_http_request(RequestType.POST)\n\n  File "/home/pi/moonraker/moonraker/components/application.py", line 704, in _process_http_request\n    raise tornado.web.HTTPError(\n\ntornado.web.HTTPError: HTTP 503: Klippy Host not connected\n'}}
02-12-2024 11:56:10 - ERROR - E101: Moonraker response in unexpected format 
 Setting Chamber Zones to a= 1.0, b= 0.25, c= 1.0, d= 0.25 not successful
02-12-2024 11:56:10 - ERROR - E104: Error while executing Homing Z axis - command 2/4 
 503 Server Error: Klippy Write Request Error for url: http://192.168.0.231/printer/gcode/script?script=G90
02-12-2024 11:56:10 - INFO - Setting Chamber Zones to a= 1.0, b= 0.25, c= 1.0, d= 0.25 request successfully sent.
02-12-2024 11:56:10 - INFO - Sending request to Homing Z axis - command 3/4 with timeout of 360s...
02-12-2024 11:56:10 - INFO - Response from moonraker: {'result': 'ok'}
02-12-2024 11:56:10 - INFO - Setting Chamber Zones to a= 1.0, b= 0.25, c= 1.0, d= 0.25 Request successfully executed.
02-12-2024 11:56:10 - ERROR - E104: Error while executing Homing Z axis - command 3/4 
 503 Server Error: Klippy Host not connected for url: http://192.168.0.231/printer/gcode/script?script=G0+Z0
02-12-2024 11:56:10 - INFO - Sending request to Homing Z axis - command 4/4 with timeout of 360s...
02-12-2024 11:56:10 - ERROR - E104: Error while executing Homing Z axis - command 4/4 
 503 Server Error: Klippy Host not connected for url: http://192.168.0.231/printer/gcode/script?script=G91
02-12-2024 11:56:10 - INFO - Delay of 105 s
02-12-2024 11:56:10 - INFO - Sending request to Setting Chamber Zones to a= 1.0, b= 0.25, c= 1.0, d= 0.25 with timeout of 5s...
02-12-2024 11:56:10 - INFO - Sending request to Setting Chamber Zones to a= 1.0, b= 0.25, c= 1.0, d= 0.25 with timeout of 5s...
02-12-2024 11:56:10 - INFO - Sending request to Setting Chamber Zones to a= 1.0, b= 0.25, c= 1.0, d= 0.25 with timeout of 5s...
02-12-2024 11:56:11 - INFO - Sending request to Setting Chamber Zones to a= 1.0, b= 0.25, c= 1.0, d= 0.25 with timeout of 5s...
02-12-2024 11:56:11 - INFO - Sending request to Setting Chamber Zones to a= 1.0, b= 0.25, c= 1.0, d= 0.25 with timeout of 5s...
02-12-2024 11:56:11 - INFO - Sending request to Setting Chamber Zones to a= 1.0, b= 0.25, c= 1.0, d= 0.25 with timeout of 5s...
02-12-2024 11:56:11 - INFO - Sending request to Setting Chamber Zones to a= 1.0, b= 0.25, c= 1.0, d= 0.25 with timeout of 5s...
02-12-2024 11:56:11 - INFO - Sending request to Setting Chamber Zones to a= 1.0, b= 0.25, c= 1.0, d= 0.25 with timeout of 5s...
02-12-2024 11:56:12 - INFO - Sending request to Setting Chamber Zones to a= 1.0, b= 0.25, c= 1.0, d= 0.25 with timeout of 5s...
02-12-2024 11:56:12 - INFO - Sending request to Setting Chamber Zones to a= 1.0, b= 0.25, c= 1.0, d= 0.25 with timeout of 5s...
02-12-2024 11:56:12 - INFO - Sending request to Setting Chamber Zones to a= 1.0, b= 0.25, c= 1.0, d= 0.25 with timeout of 5s...
02-12-2024 11:56:12 - INFO - Sending request to Setting Chamber Zones to a= 1.0, b= 0.25, c= 1.0, d= 0.25 with timeout of 5s...
02-12-2024 11:56:12 - INFO - Sending request to Setting Chamber Zones to a= 1.0, b= 0.25, c= 1.0, d= 0.25 with timeout of 5s...
02-12-2024 11:56:13 - INFO - Sending request to Setting Chamber Zones to a= 1.0, b= 0.25, c= 1.0, d= 0.25 with timeout of 5s...
02-12-2024 11:56:13 - INFO - Sending request to Setting Chamber Zones to a= 1.0, b= 0.25, c= 1.0, d= 0.25 with timeout of 5s...
02-12-2024 11:56:13 - INFO - Sending request to Setting Chamber Zones to a= 1.0, b= 0.25, c= 1.0, d= 0.25 with timeout of 5s...
02-12-2024 11:56:13 - INFO - Sending request to Setting Chamber Zones to a= 1.0, b= 0.25, c= 1.0, d= 0.25 with timeout of 5s...
02-12-2024 11:56:13 - INFO - Sending request to Setting Chamber Zones to a= 1.0, b= 0.25, c= 1.0, d= 0.25 with timeout of 5s...
02-12-2024 11:56:14 - INFO - Sending request to Setting Chamber Zones to a= 1.0, b= 0.25, c= 1.0, d= 0.25 with timeout of 5s...
02-12-2024 11:56:14 - INFO - Sending request to Setting Chamber Zones to a= 1.0, b= 0.25, c= 1.0, d= 0.25 with timeout of 5s...
02-12-2024 11:56:14 - INFO - Sending request to Setting Chamber Zones to a= 1.0, b= 0.25, c= 1.0, d= 0.25 with timeout of 5s...
02-12-2024 11:56:14 - INFO - Sending request to Setting Chamber Zones to a= 1.0, b= 0.25, c= 1.0, d= 0.25 with timeout of 5s...
02-12-2024 11:56:14 - INFO - Sending request to Setting Chamber Zones to a= 1.0, b= 0.25, c= 1.0, d= 0.25 with timeout of 5s...
02-12-2024 11:56:15 - INFO - Sending request to Setting Chamber Zones to a= 1.0, b= 0.25, c= 1.0, d= 0.25 with timeout of 5s...
02-12-2024 11:56:15 - INFO - Sending request to Setting Chamber Zones to a= 1.0, b= 0.25, c= 1.0, d= 0.25 with timeout of 5s...
02-12-2024 11:56:15 - INFO - Sending request to Setting Chamber Zones to a= 1.0, b= 0.25, c= 1.0, d= 0.25 with timeout of 5s...
02-12-2024 11:56:15 - INFO - Sending request to Setting Chamber Zones to a= 1.0, b= 0.25, c= 1.0, d= 0.25 with timeout of 5s...
02-12-2024 11:56:15 - INFO - Sending request to Setting Chamber Zones to a= 1.0, b= 0.25, c= 1.0, d= 0.25 with timeout of 5s...
02-12-2024 11:56:16 - INFO - Sending request to Setting Chamber Zones to a= 1.0, b= 0.25, c= 1.0, d= 0.25 with timeout of 5s...
02-12-2024 11:56:16 - INFO - Sending request to Setting Chamber Zones to a= 1.0, b= 0.25, c= 1.0, d= 0.25 with timeout of 5s...
02-12-2024 11:56:16 - INFO - Sending request to Setting Chamber Zones to a= 1.0, b= 0.25, c= 1.0, d= 0.25 with timeout of 5s...
02-12-2024 11:56:16 - INFO - Sending request to Setting Chamber Zones to a= 1.0, b= 0.25, c= 1.0, d= 0.25 with timeout of 5s...
02-12-2024 11:56:16 - INFO - Sending request to Setting Chamber Zones to a= 1.0, b= 0.25, c= 1.0, d= 0.25 with timeout of 5s...
02-12-2024 11:56:17 - INFO - Sending request to Setting Chamber Zones to a= 1.0, b= 0.25, c= 1.0, d= 0.25 with timeout of 5s...
02-12-2024 11:56:17 - INFO - Sending request to Setting Chamber Zones to a= 1.0, b= 0.25, c= 1.0, d= 0.25 with timeout of 5s...
02-12-2024 11:56:17 - INFO - Sending request to Setting Chamber Zones to a= 1.0, b= 0.25, c= 1.0, d= 0.25 with timeout of 5s...
02-12-2024 11:56:17 - INFO - Sending request to Setting Chamber Zones to a= 1.0, b= 0.25, c= 1.0, d= 0.25 with timeout of 5s...
02-12-2024 11:56:17 - INFO - Sending request to Setting Chamber Zones to a= 1.0, b= 0.25, c= 1.0, d= 0.25 with timeout of 5s...
02-12-2024 11:56:18 - INFO - Sending request to Setting Chamber Zones to a= 1.0, b= 0.25, c= 1.0, d= 0.25 with timeout of 5s...
02-12-2024 11:56:18 - INFO - Sending request to Setting Chamber Zones to a= 1.0, b= 0.25, c= 1.0, d= 0.25 with timeout of 5s...
02-12-2024 11:56:18 - INFO - Sending request to Setting Chamber Zones to a= 1.0, b= 0.25, c= 1.0, d= 0.25 with timeout of 5s...
02-12-2024 11:56:18 - INFO - Sending request to Setting Chamber Zones to a= 1.0, b= 0.25, c= 1.0, d= 0.25 with timeout of 5s...
02-12-2024 11:56:18 - INFO - Setting Chamber Zones to a= 1.0, b= 0.25, c= 1.0, d= 0.25 request successfully sent.
02-12-2024 11:56:18 - INFO - Response from moonraker: {'result': 'ok'}
02-12-2024 11:56:18 - INFO - Setting Chamber Zones to a= 1.0, b= 0.25, c= 1.0, d= 0.25 Request successfully executed.
02-12-2024 11:56:18 - INFO - Sending request to Setting Chamber Zones to a= 1.0, b= 0.25, c= 1.0, d= 0.25 with timeout of 5s...
02-12-2024 11:56:18 - INFO - Setting Chamber Zones to a= 1.0, b= 0.25, c= 1.0, d= 0.25 request successfully sent.
02-12-2024 11:56:18 - INFO - Response from moonraker: {'result': 'ok'}
02-12-2024 11:56:18 - INFO - Setting Chamber Zones to a= 1.0, b= 0.25, c= 1.0, d= 0.25 Request successfully executed.
02-12-2024 11:56:19 - INFO - Sending request to Setting Chamber Zones to a= 1.0, b= 0.25, c= 1.0, d= 0.25 with timeout of 5s...
02-12-2024 11:56:19 - INFO - Setting Chamber Zones to a= 1.0, b= 0.25, c= 1.0, d= 0.25 request successfully sent.
02-12-2024 11:56:19 - INFO - Response from moonraker: {'result': 'ok'}
02-12-2024 11:56:19 - INFO - Setting Chamber Zones to a= 1.0, b= 0.25, c= 1.0, d= 0.25 Request successfully executed.
02-12-2024 11:56:19 - INFO - Sending request to Setting Chamber Zones to a= 1.0, b= 0.25, c= 1.0, d= 0.25 with timeout of 5s...
02-12-2024 11:56:19 - INFO - Setting Chamber Zones to a= 1.0, b= 0.25, c= 1.0, d= 0.25 request successfully sent.
02-12-2024 11:56:19 - INFO - Response from moonraker: {'result': 'ok'}
02-12-2024 11:56:19 - INFO - Setting Chamber Zones to a= 1.0, b= 0.25, c= 1.0, d= 0.25 Request successfully executed.
02-12-2024 11:56:19 - INFO - Sending request to Setting Chamber Zones to a= 1.0, b= 0.25, c= 1.0, d= 0.25 with timeout of 5s...
02-12-2024 11:56:19 - INFO - Setting Chamber Zones to a= 1.0, b= 0.25, c= 1.0, d= 0.25 request successfully sent.
02-12-2024 11:56:19 - INFO - Response from moonraker: {'result': 'ok'}
02-12-2024 11:56:19 - INFO - Setting Chamber Zones to a= 1.0, b= 0.25, c= 1.0, d= 0.25 Request successfully executed.
02-12-2024 11:56:19 - INFO - Sending request to Setting Chamber Zones to a= 1.0, b= 0.25, c= 1.0, d= 0.25 with timeout of 5s...
02-12-2024 11:56:19 - INFO - Setting Chamber Zones to a= 1.0, b= 0.25, c= 1.0, d= 0.25 request successfully sent.
02-12-2024 11:56:19 - INFO - Response from moonraker: {'result': 'ok'}
02-12-2024 11:56:19 - INFO - Setting Chamber Zones to a= 1.0, b= 0.25, c= 1.0, d= 0.25 Request successfully executed.
02-12-2024 11:56:19 - INFO - Sending request to Setting Chamber Zones to a= 1.0, b= 0.25, c= 1.0, d= 0.25 with timeout of 5s...
02-12-2024 11:56:19 - INFO - Setting Chamber Zones to a= 1.0, b= 0.25, c= 1.0, d= 0.25 request successfully sent.
02-12-2024 11:56:19 - INFO - Response from moonraker: {'result': 'ok'}
02-12-2024 11:56:19 - INFO - Setting Chamber Zones to a= 1.0, b= 0.25, c= 1.0, d= 0.25 Request successfully executed.
02-12-2024 11:56:20 - INFO - Sending request to Setting Chamber Zones to a= 1.0, b= 0.25, c= 1.0, d= 0.25 with timeout of 5s...
02-12-2024 11:56:20 - INFO - Setting Chamber Zones to a= 1.0, b= 0.25, c= 1.0, d= 0.25 request successfully sent.
02-12-2024 11:56:20 - INFO - Response from moonraker: {'result': 'ok'}
02-12-2024 11:56:20 - INFO - Setting Chamber Zones to a= 1.0, b= 0.25, c= 1.0, d= 0.25 Request successfully executed.
02-12-2024 11:56:20 - INFO - Sending request to Setting Chamber Zones to a= 1.0, b= 0.25, c= 1.0, d= 0.25 with timeout of 5s...
02-12-2024 11:56:20 - INFO - Setting Chamber Zones to a= 1.0, b= 0.25, c= 1.0, d= 0.25 request successfully sent.
02-12-2024 11:56:20 - INFO - Response from moonraker: {'result': 'ok'}
02-12-2024 11:56:20 - INFO - Setting Chamber Zones to a= 1.0, b= 0.25, c= 1.0, d= 0.25 Request successfully executed.
02-12-2024 11:56:20 - INFO - Sending request to Setting Chamber Zones to a= 1.0, b= 0.25, c= 1.0, d= 0.25 with timeout of 5s...
02-12-2024 11:56:20 - INFO - Setting Chamber Zones to a= 1.0, b= 0.25, c= 1.0, d= 0.25 request successfully sent.
02-12-2024 11:56:20 - INFO - Response from moonraker: {'result': 'ok'}
02-12-2024 11:56:20 - INFO - Setting Chamber Zones to a= 1.0, b= 0.25, c= 1.0, d= 0.25 Request successfully executed.
02-12-2024 11:56:20 - INFO - Sending request to Setting Chamber Zones to a= 1.0, b= 0.25, c= 1.0, d= 0.25 with timeout of 5s...
02-12-2024 11:56:20 - INFO - Setting Chamber Zones to a= 1.0, b= 0.25, c= 1.0, d= 0.25 request successfully sent.
02-12-2024 11:56:20 - INFO - Response from moonraker: {'result': 'ok'}
02-12-2024 11:56:20 - INFO - Setting Chamber Zones to a= 1.0, b= 0.25, c= 1.0, d= 0.25 Request successfully executed.
02-12-2024 11:56:20 - INFO - Sending request to Setting Chamber Zones to a= 1.0, b= 0.25, c= 1.0, d= 0.25 with timeout of 5s...
02-12-2024 11:56:20 - INFO - Setting Chamber Zones to a= 1.0, b= 0.25, c= 1.0, d= 0.25 request successfully sent.
02-12-2024 11:56:20 - INFO - Response from moonraker: {'result': 'ok'}
02-12-2024 11:56:20 - INFO - Setting Chamber Zones to a= 1.0, b= 0.25, c= 1.0, d= 0.25 Request successfully executed.
02-12-2024 11:56:21 - INFO - Sending request to Setting Chamber Zones to a= 1.0, b= 0.25, c= 1.0, d= 0.25 with timeout of 5s...
02-12-2024 11:56:21 - INFO - Setting Chamber Zones to a= 1.0, b= 0.25, c= 1.0, d= 0.25 request successfully sent.
02-12-2024 11:56:21 - INFO - Response from moonraker: {'result': 'ok'}
02-12-2024 11:56:21 - INFO - Setting Chamber Zones to a= 1.0, b= 0.25, c= 1.0, d= 0.25 Request successfully executed.
02-12-2024 11:56:21 - INFO - Sending request to Setting Chamber Zones to a= 1.0, b= 0.25, c= 1.0, d= 0.25 with timeout of 5s...
02-12-2024 11:56:21 - INFO - Setting Chamber Zones to a= 1.0, b= 0.25, c= 1.0, d= 0.25 request successfully sent.
02-12-2024 11:56:21 - INFO - Response from moonraker: {'result': 'ok'}
02-12-2024 11:56:21 - INFO - Setting Chamber Zones to a= 1.0, b= 0.25, c= 1.0, d= 0.25 Request successfully executed.
02-12-2024 11:56:21 - INFO - Sending request to Setting Chamber Zones to a= 1.0, b= 0.25, c= 1.0, d= 0.25 with timeout of 5s...
02-12-2024 11:56:21 - INFO - Setting Chamber Zones to a= 1.0, b= 0.25, c= 1.0, d= 0.25 request successfully sent.
02-12-2024 11:56:21 - INFO - Response from moonraker: {'result': 'ok'}
02-12-2024 11:56:21 - INFO - Setting Chamber Zones to a= 1.0, b= 0.25, c= 1.0, d= 0.25 Request successfully executed.
02-12-2024 11:56:21 - INFO - Sending request to Setting Chamber Zones to a= 1.0, b= 0.25, c= 1.0, d= 0.25 with timeout of 5s...
02-12-2024 11:56:21 - INFO - Setting Chamber Zones to a= 1.0, b= 0.25, c= 1.0, d= 0.25 request successfully sent.
02-12-2024 11:56:21 - INFO - Response from moonraker: {'result': 'ok'}
02-12-2024 11:56:21 - INFO - Setting Chamber Zones to a= 1.0, b= 0.25, c= 1.0, d= 0.25 Request successfully executed.
02-12-2024 11:56:21 - INFO - Sending request to Setting Chamber Zones to a= 1.0, b= 0.25, c= 1.0, d= 0.25 with timeout of 5s...
02-12-2024 11:56:21 - INFO - Setting Chamber Zones to a= 1.0, b= 0.25, c= 1.0, d= 0.25 request successfully sent.
02-12-2024 11:56:21 - INFO - Response from moonraker: {'result': 'ok'}
02-12-2024 11:56:21 - INFO - Setting Chamber Zones to a= 1.0, b= 0.25, c= 1.0, d= 0.25 Request successfully executed.
02-12-2024 11:56:22 - INFO - Sending request to Setting Chamber Zones to a= 1.0, b= 0.25, c= 1.0, d= 0.25 with timeout of 5s...
02-12-2024 11:56:22 - INFO - Setting Chamber Zones to a= 1.0, b= 0.25, c= 1.0, d= 0.25 request successfully sent.
02-12-2024 11:56:22 - INFO - Response from moonraker: {'result': 'ok'}
02-12-2024 11:56:22 - INFO - Setting Chamber Zones to a= 1.0, b= 0.25, c= 1.0, d= 0.25 Request successfully executed.
02-12-2024 11:56:22 - INFO - Sending request to Setting Chamber Zones to a= 1.0, b= 0.25, c= 1.0, d= 0.25 with timeout of 5s...
02-12-2024 11:56:22 - INFO - Setting Chamber Zones to a= 1.0, b= 0.25, c= 1.0, d= 0.25 request successfully sent.
02-12-2024 11:56:22 - INFO - Response from moonraker: {'result': 'ok'}
02-12-2024 11:56:22 - INFO - Setting Chamber Zones to a= 1.0, b= 0.25, c= 1.0, d= 0.25 Request successfully executed.
02-12-2024 11:56:22 - INFO - Sending request to Setting Chamber Zones to a= 1.0, b= 0.25, c= 1.0, d= 0.25 with timeout of 5s...
02-12-2024 11:56:22 - INFO - Setting Chamber Zones to a= 1.0, b= 0.25, c= 1.0, d= 0.25 request successfully sent.
02-12-2024 11:56:22 - INFO - Response from moonraker: {'result': 'ok'}
02-12-2024 11:56:22 - INFO - Setting Chamber Zones to a= 1.0, b= 0.25, c= 1.0, d= 0.25 Request successfully executed.
02-12-2024 11:56:22 - INFO - Sending request to Setting Chamber Zones to a= 1.0, b= 0.25, c= 1.0, d= 0.25 with timeout of 5s...
02-12-2024 11:56:22 - INFO - Setting Chamber Zones to a= 1.0, b= 0.25, c= 1.0, d= 0.25 request successfully sent.
02-12-2024 11:56:22 - INFO - Response from moonraker: {'result': 'ok'}
02-12-2024 11:56:22 - INFO - Setting Chamber Zones to a= 1.0, b= 0.25, c= 1.0, d= 0.25 Request successfully executed.
02-12-2024 11:56:22 - INFO - Sending request to Setting Chamber Zones to a= 1.0, b= 0.25, c= 1.0, d= 0.25 with timeout of 5s...
02-12-2024 11:56:22 - INFO - Setting Chamber Zones to a= 1.0, b= 0.25, c= 1.0, d= 0.25 request successfully sent.
02-12-2024 11:56:22 - INFO - Response from moonraker: {'result': 'ok'}
02-12-2024 11:56:22 - INFO - Setting Chamber Zones to a= 1.0, b= 0.25, c= 1.0, d= 0.25 Request successfully executed.
02-12-2024 11:56:23 - INFO - Sending request to Setting Chamber Zones to a= 1.0, b= 0.25, c= 1.0, d= 0.25 with timeout of 5s...
02-12-2024 11:56:23 - INFO - Setting Chamber Zones to a= 1.0, b= 0.25, c= 1.0, d= 0.25 request successfully sent.
02-12-2024 11:56:23 - INFO - Response from moonraker: {'result': 'ok'}
02-12-2024 11:56:23 - INFO - Setting Chamber Zones to a= 1.0, b= 0.25, c= 1.0, d= 0.25 Request successfully executed.
02-12-2024 11:56:23 - INFO - Sending request to Setting Chamber Zones to a= 1.0, b= 0.25, c= 1.0, d= 0.25 with timeout of 5s...
02-12-2024 11:56:23 - INFO - Setting Chamber Zones to a= 1.0, b= 0.25, c= 1.0, d= 0.25 request successfully sent.
02-12-2024 11:56:23 - INFO - Response from moonraker: {'result': 'ok'}
02-12-2024 11:56:23 - INFO - Setting Chamber Zones to a= 1.0, b= 0.25, c= 1.0, d= 0.25 Request successfully executed.
02-12-2024 11:56:23 - INFO - Sending request to Setting Chamber Zones to a= 1.0, b= 0.25, c= 1.0, d= 0.25 with timeout of 5s...
02-12-2024 11:56:23 - INFO - Setting Chamber Zones to a= 1.0, b= 0.25, c= 1.0, d= 0.25 request successfully sent.
02-12-2024 11:56:23 - INFO - Response from moonraker: {'result': 'ok'}
02-12-2024 11:56:23 - INFO - Setting Chamber Zones to a= 1.0, b= 0.25, c= 1.0, d= 0.25 Request successfully executed.
02-12-2024 11:56:23 - INFO - Sending request to Setting Chamber Zones to a= 1.0, b= 0.25, c= 1.0, d= 0.25 with timeout of 5s...
02-12-2024 11:56:23 - INFO - Setting Chamber Zones to a= 1.0, b= 0.25, c= 1.0, d= 0.25 request successfully sent.
02-12-2024 11:56:23 - INFO - Response from moonraker: {'result': 'ok'}
02-12-2024 11:56:23 - INFO - Setting Chamber Zones to a= 1.0, b= 0.25, c= 1.0, d= 0.25 Request successfully executed.
02-12-2024 11:56:23 - INFO - Sending request to Setting Chamber Zones to a= 1.0, b= 0.25, c= 1.0, d= 0.25 with timeout of 5s...
02-12-2024 11:56:23 - INFO - Setting Chamber Zones to a= 1.0, b= 0.25, c= 1.0, d= 0.25 request successfully sent.
02-12-2024 11:56:23 - INFO - Response from moonraker: {'result': 'ok'}
02-12-2024 11:56:23 - INFO - Setting Chamber Zones to a= 1.0, b= 0.25, c= 1.0, d= 0.25 Request successfully executed.
02-12-2024 11:56:24 - INFO - Sending request to Setting Chamber Zones to a= 1.0, b= 0.25, c= 1.0, d= 0.25 with timeout of 5s...
02-12-2024 11:56:24 - INFO - Setting Chamber Zones to a= 1.0, b= 0.25, c= 1.0, d= 0.25 request successfully sent.
02-12-2024 11:56:24 - INFO - Response from moonraker: {'result': 'ok'}
02-12-2024 11:56:24 - INFO - Setting Chamber Zones to a= 1.0, b= 0.25, c= 1.0, d= 0.25 Request successfully executed.
02-12-2024 11:56:24 - INFO - Sending request to Setting Chamber Zones to a= 1.0, b= 0.25, c= 1.0, d= 0.25 with timeout of 5s...
02-12-2024 11:56:24 - INFO - Setting Chamber Zones to a= 1.0, b= 0.25, c= 1.0, d= 0.25 request successfully sent.
02-12-2024 11:56:24 - INFO - Response from moonraker: {'result': 'ok'}
02-12-2024 11:56:24 - INFO - Setting Chamber Zones to a= 1.0, b= 0.25, c= 1.0, d= 0.25 Request successfully executed.
02-12-2024 11:56:24 - INFO - Sending request to Setting Chamber Zones to a= 1.0, b= 0.25, c= 1.0, d= 0.25 with timeout of 5s...
02-12-2024 11:56:24 - INFO - Setting Chamber Zones to a= 1.0, b= 0.25, c= 1.0, d= 0.25 request successfully sent.
02-12-2024 11:56:24 - INFO - Response from moonraker: {'result': 'ok'}
02-12-2024 11:56:24 - INFO - Setting Chamber Zones to a= 1.0, b= 0.25, c= 1.0, d= 0.25 Request successfully executed.
02-12-2024 11:56:24 - INFO - Sending request to Setting Chamber Zones to a= 1.0, b= 0.25, c= 1.0, d= 0.25 with timeout of 5s...
02-12-2024 11:56:24 - INFO - Setting Chamber Zones to a= 1.0, b= 0.25, c= 1.0, d= 0.25 request successfully sent.
02-12-2024 11:56:24 - INFO - Response from moonraker: {'result': 'ok'}
02-12-2024 11:56:24 - INFO - Setting Chamber Zones to a= 1.0, b= 0.25, c= 1.0, d= 0.25 Request successfully executed.
02-12-2024 11:56:24 - INFO - Sending request to Setting Chamber Zones to a= 1.0, b= 0.25, c= 1.0, d= 0.25 with timeout of 5s...
02-12-2024 11:56:24 - INFO - Setting Chamber Zones to a= 1.0, b= 0.25, c= 1.0, d= 0.25 request successfully sent.
02-12-2024 11:56:24 - INFO - Response from moonraker: {'result': 'ok'}
02-12-2024 11:56:24 - INFO - Setting Chamber Zones to a= 1.0, b= 0.25, c= 1.0, d= 0.25 Request successfully executed.
02-12-2024 11:56:25 - INFO - Sending request to Setting Chamber Zones to a= 1.0, b= 0.25, c= 1.0, d= 0.25 with timeout of 5s...
02-12-2024 11:56:25 - INFO - Setting Chamber Zones to a= 1.0, b= 0.25, c= 1.0, d= 0.25 request successfully sent.
02-12-2024 11:56:25 - INFO - Response from moonraker: {'result': 'ok'}
02-12-2024 11:56:25 - INFO - Setting Chamber Zones to a= 1.0, b= 0.25, c= 1.0, d= 0.25 Request successfully executed.
02-12-2024 11:56:25 - INFO - Sending request to Setting Chamber Zones to a= 1.0, b= 0.25, c= 1.0, d= 0.25 with timeout of 5s...
02-12-2024 11:56:25 - INFO - Setting Chamber Zones to a= 1.0, b= 0.25, c= 1.0, d= 0.25 request successfully sent.
02-12-2024 11:56:25 - INFO - Response from moonraker: {'result': 'ok'}
02-12-2024 11:56:25 - INFO - Setting Chamber Zones to a= 1.0, b= 0.25, c= 1.0, d= 0.25 Request successfully executed.
02-12-2024 11:56:25 - INFO - Sending request to Setting Chamber Zones to a= 1.0, b= 0.25, c= 1.0, d= 0.25 with timeout of 5s...
02-12-2024 11:56:25 - INFO - Setting Chamber Zones to a= 1.0, b= 0.25, c= 1.0, d= 0.25 request successfully sent.
02-12-2024 11:56:25 - INFO - Response from moonraker: {'result': 'ok'}
02-12-2024 11:56:25 - INFO - Setting Chamber Zones to a= 1.0, b= 0.25, c= 1.0, d= 0.25 Request successfully executed.
02-12-2024 11:56:25 - INFO - Sending request to Setting Chamber Zones to a= 1.0, b= 0.25, c= 1.0, d= 0.25 with timeout of 5s...
02-12-2024 11:56:25 - INFO - Setting Chamber Zones to a= 1.0, b= 0.25, c= 1.0, d= 0.25 request successfully sent.
02-12-2024 11:56:25 - INFO - Response from moonraker: {'result': 'ok'}
02-12-2024 11:56:25 - INFO - Setting Chamber Zones to a= 1.0, b= 0.25, c= 1.0, d= 0.25 Request successfully executed.
02-12-2024 11:56:25 - INFO - Sending request to Setting Chamber Zones to a= 1.0, b= 0.25, c= 1.0, d= 0.25 with timeout of 5s...
02-12-2024 11:56:25 - INFO - Setting Chamber Zones to a= 1.0, b= 0.25, c= 1.0, d= 0.25 request successfully sent.
02-12-2024 11:56:25 - INFO - Response from moonraker: {'result': 'ok'}
02-12-2024 11:56:25 - INFO - Setting Chamber Zones to a= 1.0, b= 0.25, c= 1.0, d= 0.25 Request successfully executed.
02-12-2024 11:56:26 - INFO - Sending request to Setting Chamber Zones to a= 1.0, b= 0.25, c= 1.0, d= 0.25 with timeout of 5s...
02-12-2024 11:56:26 - INFO - Setting Chamber Zones to a= 1.0, b= 0.25, c= 1.0, d= 0.25 request successfully sent.
02-12-2024 11:56:26 - INFO - Response from moonraker: {'result': 'ok'}
02-12-2024 11:56:26 - INFO - Setting Chamber Zones to a= 1.0, b= 0.25, c= 1.0, d= 0.25 Request successfully executed.
02-12-2024 11:56:26 - INFO - Sending request to Setting Chamber Zones to a= 1.0, b= 0.25, c= 1.0, d= 0.25 with timeout of 5s...
02-12-2024 11:56:26 - INFO - Setting Chamber Zones to a= 1.0, b= 0.25, c= 1.0, d= 0.25 request successfully sent.
02-12-2024 11:56:26 - INFO - Response from moonraker: {'result': 'ok'}
02-12-2024 11:56:26 - INFO - Setting Chamber Zones to a= 1.0, b= 0.25, c= 1.0, d= 0.25 Request successfully executed.
02-12-2024 11:56:26 - INFO - Sending request to Setting Chamber Zones to a= 1.0, b= 0.25, c= 1.0, d= 0.25 with timeout of 5s...
02-12-2024 11:56:26 - INFO - Setting Chamber Zones to a= 1.0, b= 0.25, c= 1.0, d= 0.25 request successfully sent.
02-12-2024 11:56:26 - INFO - Response from moonraker: {'result': 'ok'}
02-12-2024 11:56:26 - INFO - Setting Chamber Zones to a= 1.0, b= 0.25, c= 1.0, d= 0.25 Request successfully executed.
02-12-2024 11:56:26 - INFO - Sending request to Setting Chamber Zones to a= 1.0, b= 0.25, c= 1.0, d= 0.25 with timeout of 5s...
02-12-2024 11:56:26 - INFO - Setting Chamber Zones to a= 1.0, b= 0.25, c= 1.0, d= 0.25 request successfully sent.
02-12-2024 11:56:26 - INFO - Response from moonraker: {'result': 'ok'}
02-12-2024 11:56:26 - INFO - Setting Chamber Zones to a= 1.0, b= 0.25, c= 1.0, d= 0.25 Request successfully executed.
02-12-2024 11:56:26 - INFO - Sending request to Setting Chamber Zones to a= 1.0, b= 0.25, c= 1.0, d= 0.25 with timeout of 5s...
02-12-2024 11:56:26 - INFO - Setting Chamber Zones to a= 1.0, b= 0.25, c= 1.0, d= 0.25 request successfully sent.
02-12-2024 11:56:26 - INFO - Response from moonraker: {'result': 'ok'}
02-12-2024 11:56:26 - INFO - Setting Chamber Zones to a= 1.0, b= 0.25, c= 1.0, d= 0.25 Request successfully executed.
02-12-2024 11:56:27 - INFO - Sending request to Setting Chamber Zones to a= 1.0, b= 0.25, c= 1.0, d= 0.25 with timeout of 5s...
02-12-2024 11:56:27 - INFO - Setting Chamber Zones to a= 1.0, b= 0.25, c= 1.0, d= 0.25 request successfully sent.
02-12-2024 11:56:27 - INFO - Response from moonraker: {'result': 'ok'}
02-12-2024 11:56:27 - INFO - Setting Chamber Zones to a= 1.0, b= 0.25, c= 1.0, d= 0.25 Request successfully executed.
02-12-2024 11:56:27 - INFO - Sending request to Setting Chamber Zones to a= 1.0, b= 0.25, c= 1.0, d= 0.25 with timeout of 5s...
02-12-2024 11:56:27 - INFO - Setting Chamber Zones to a= 1.0, b= 0.25, c= 1.0, d= 0.25 request successfully sent.
02-12-2024 11:56:27 - INFO - Response from moonraker: {'result': 'ok'}
02-12-2024 11:56:27 - INFO - Setting Chamber Zones to a= 1.0, b= 0.25, c= 1.0, d= 0.25 Request successfully executed.
02-12-2024 11:56:27 - INFO - Sending request to Setting Chamber Zones to a= 1.0, b= 0.25, c= 1.0, d= 0.25 with timeout of 5s...
02-12-2024 11:56:27 - INFO - Setting Chamber Zones to a= 1.0, b= 0.25, c= 1.0, d= 0.25 request successfully sent.
02-12-2024 11:56:27 - INFO - Response from moonraker: {'result': 'ok'}
02-12-2024 11:56:27 - INFO - Setting Chamber Zones to a= 1.0, b= 0.25, c= 1.0, d= 0.25 Request successfully executed.
02-12-2024 11:56:27 - INFO - Sending request to Setting Chamber Zones to a= 1.0, b= 0.25, c= 1.0, d= 0.25 with timeout of 5s...
02-12-2024 11:56:27 - INFO - Setting Chamber Zones to a= 1.0, b= 0.25, c= 1.0, d= 0.25 request successfully sent.
02-12-2024 11:56:27 - INFO - Response from moonraker: {'result': 'ok'}
02-12-2024 11:56:27 - INFO - Setting Chamber Zones to a= 1.0, b= 0.25, c= 1.0, d= 0.25 Request successfully executed.
02-12-2024 11:56:27 - INFO - Sending request to Setting Chamber Zones to a= 1.0, b= 0.25, c= 1.0, d= 0.25 with timeout of 5s...
02-12-2024 11:56:27 - INFO - Setting Chamber Zones to a= 1.0, b= 0.25, c= 1.0, d= 0.25 request successfully sent.
02-12-2024 11:56:27 - INFO - Response from moonraker: {'result': 'ok'}
02-12-2024 11:56:27 - INFO - Setting Chamber Zones to a= 1.0, b= 0.25, c= 1.0, d= 0.25 Request successfully executed.
02-12-2024 11:56:28 - INFO - Sending request to Setting Chamber Zones to a= 1.0, b= 0.25, c= 1.0, d= 0.25 with timeout of 5s...
02-12-2024 11:56:28 - INFO - Setting Chamber Zones to a= 1.0, b= 0.25, c= 1.0, d= 0.25 request successfully sent.
02-12-2024 11:56:28 - INFO - Response from moonraker: {'result': 'ok'}
02-12-2024 11:56:28 - INFO - Setting Chamber Zones to a= 1.0, b= 0.25, c= 1.0, d= 0.25 Request successfully executed.
02-12-2024 11:56:28 - INFO - Sending request to Setting Chamber Zones to a= 1.0, b= 0.25, c= 1.0, d= 0.25 with timeout of 5s...
02-12-2024 11:56:28 - INFO - Setting Chamber Zones to a= 1.0, b= 0.25, c= 1.0, d= 0.25 request successfully sent.
02-12-2024 11:56:28 - INFO - Response from moonraker: {'result': 'ok'}
02-12-2024 11:56:28 - INFO - Setting Chamber Zones to a= 1.0, b= 0.25, c= 1.0, d= 0.25 Request successfully executed.
02-12-2024 11:56:28 - INFO - Sending request to Setting Chamber Zones to a= 1.0, b= 0.25, c= 1.0, d= 0.25 with timeout of 5s...
02-12-2024 11:56:28 - INFO - Setting Chamber Zones to a= 1.0, b= 0.25, c= 1.0, d= 0.25 request successfully sent.
02-12-2024 11:56:28 - INFO - Response from moonraker: {'result': 'ok'}
02-12-2024 11:56:28 - INFO - Setting Chamber Zones to a= 1.0, b= 0.25, c= 1.0, d= 0.25 Request successfully executed.
02-12-2024 11:56:28 - INFO - Sending request to Setting Chamber Zones to a= 1.0, b= 0.25, c= 1.0, d= 0.25 with timeout of 5s...
02-12-2024 11:56:28 - INFO - Setting Chamber Zones to a= 1.0, b= 0.25, c= 1.0, d= 0.25 request successfully sent.
02-12-2024 11:56:28 - INFO - Response from moonraker: {'result': 'ok'}
02-12-2024 11:56:28 - INFO - Setting Chamber Zones to a= 1.0, b= 0.25, c= 1.0, d= 0.25 Request successfully executed.
02-12-2024 11:56:28 - INFO - Sending request to Setting Chamber Zones to a= 1.0, b= 0.25, c= 1.0, d= 0.25 with timeout of 5s...
02-12-2024 11:56:28 - INFO - Setting Chamber Zones to a= 1.0, b= 0.25, c= 1.0, d= 0.25 request successfully sent.
02-12-2024 11:56:28 - INFO - Response from moonraker: {'result': 'ok'}
02-12-2024 11:56:28 - INFO - Setting Chamber Zones to a= 1.0, b= 0.25, c= 1.0, d= 0.25 Request successfully executed.
02-12-2024 11:56:29 - INFO - Sending request to Setting Chamber Zones to a= 1.0, b= 0.25, c= 1.0, d= 0.25 with timeout of 5s...
02-12-2024 11:56:29 - INFO - Setting Chamber Zones to a= 1.0, b= 0.25, c= 1.0, d= 0.25 request successfully sent.
02-12-2024 11:56:29 - INFO - Response from moonraker: {'result': 'ok'}
02-12-2024 11:56:29 - INFO - Setting Chamber Zones to a= 1.0, b= 0.25, c= 1.0, d= 0.25 Request successfully executed.
02-12-2024 11:56:29 - INFO - Sending request to Setting Chamber Zones to a= 1.0, b= 0.25, c= 1.0, d= 0.25 with timeout of 5s...
02-12-2024 11:56:29 - INFO - Setting Chamber Zones to a= 1.0, b= 0.25, c= 1.0, d= 0.25 request successfully sent.
02-12-2024 11:56:29 - INFO - Response from moonraker: {'result': 'ok'}
02-12-2024 11:56:29 - INFO - Setting Chamber Zones to a= 1.0, b= 0.25, c= 1.0, d= 0.25 Request successfully executed.
02-12-2024 11:56:29 - INFO - Sending request to Setting Chamber Zones to a= 1.0, b= 0.25, c= 1.0, d= 0.25 with timeout of 5s...
02-12-2024 11:56:29 - INFO - Setting Chamber Zones to a= 1.0, b= 0.25, c= 1.0, d= 0.25 request successfully sent.
02-12-2024 11:56:29 - INFO - Response from moonraker: {'result': 'ok'}
02-12-2024 11:56:29 - INFO - Setting Chamber Zones to a= 1.0, b= 0.25, c= 1.0, d= 0.25 Request successfully executed.
02-12-2024 11:56:29 - INFO - Sending request to Setting Chamber Zones to a= 1.0, b= 0.25, c= 1.0, d= 0.25 with timeout of 5s...
02-12-2024 11:56:29 - INFO - Setting Chamber Zones to a= 1.0, b= 0.25, c= 1.0, d= 0.25 request successfully sent.
02-12-2024 11:56:29 - INFO - Response from moonraker: {'result': 'ok'}
02-12-2024 11:56:29 - INFO - Setting Chamber Zones to a= 1.0, b= 0.25, c= 1.0, d= 0.25 Request successfully executed.
02-12-2024 11:56:29 - INFO - Sending request to Setting Chamber Zones to a= 1.0, b= 0.25, c= 1.0, d= 0.25 with timeout of 5s...
02-12-2024 11:56:29 - INFO - Setting Chamber Zones to a= 1.0, b= 0.25, c= 1.0, d= 0.25 request successfully sent.
02-12-2024 11:56:29 - INFO - Response from moonraker: {'result': 'ok'}
02-12-2024 11:56:29 - INFO - Setting Chamber Zones to a= 1.0, b= 0.25, c= 1.0, d= 0.25 Request successfully executed.
02-12-2024 11:56:30 - INFO - Sending request to Setting Chamber Zones to a= 1.0, b= 0.25, c= 1.0, d= 0.25 with timeout of 5s...
02-12-2024 11:56:30 - INFO - Setting Chamber Zones to a= 1.0, b= 0.25, c= 1.0, d= 0.25 request successfully sent.
02-12-2024 11:56:30 - INFO - Response from moonraker: {'result': 'ok'}
02-12-2024 11:56:30 - INFO - Setting Chamber Zones to a= 1.0, b= 0.25, c= 1.0, d= 0.25 Request successfully executed.
02-12-2024 11:56:30 - INFO - Sending request to Setting Chamber Zones to a= 1.0, b= 0.25, c= 1.0, d= 0.25 with timeout of 5s...
02-12-2024 11:56:30 - INFO - Setting Chamber Zones to a= 1.0, b= 0.25, c= 1.0, d= 0.25 request successfully sent.
02-12-2024 11:56:30 - INFO - Response from moonraker: {'result': 'ok'}
02-12-2024 11:56:30 - INFO - Setting Chamber Zones to a= 1.0, b= 0.25, c= 1.0, d= 0.25 Request successfully executed.
02-12-2024 11:56:30 - INFO - Sending request to Setting Chamber Zones to a= 1.0, b= 0.25, c= 1.0, d= 0.25 with timeout of 5s...
02-12-2024 11:56:30 - INFO - Setting Chamber Zones to a= 1.0, b= 0.25, c= 1.0, d= 0.25 request successfully sent.
02-12-2024 11:56:30 - INFO - Response from moonraker: {'result': 'ok'}
02-12-2024 11:56:30 - INFO - Setting Chamber Zones to a= 1.0, b= 0.25, c= 1.0, d= 0.25 Request successfully executed.
02-12-2024 11:56:30 - INFO - Sending request to Setting Chamber Zones to a= 1.0, b= 0.25, c= 1.0, d= 0.25 with timeout of 5s...
02-12-2024 11:56:30 - INFO - Setting Chamber Zones to a= 1.0, b= 0.25, c= 1.0, d= 0.25 request successfully sent.
02-12-2024 11:56:30 - INFO - Response from moonraker: {'result': 'ok'}
02-12-2024 11:56:30 - INFO - Setting Chamber Zones to a= 1.0, b= 0.25, c= 1.0, d= 0.25 Request successfully executed.
02-12-2024 11:56:30 - INFO - Sending request to Setting Chamber Zones to a= 1.0, b= 0.25, c= 1.0, d= 0.25 with timeout of 5s...
02-12-2024 11:56:30 - INFO - Setting Chamber Zones to a= 1.0, b= 0.25, c= 1.0, d= 0.25 request successfully sent.
02-12-2024 11:56:30 - INFO - Response from moonraker: {'result': 'ok'}
02-12-2024 11:56:30 - INFO - Setting Chamber Zones to a= 1.0, b= 0.25, c= 1.0, d= 0.25 Request successfully executed.
02-12-2024 11:56:31 - INFO - Sending request to Setting Chamber Zones to a= 1.0, b= 0.25, c= 1.0, d= 0.25 with timeout of 5s...
02-12-2024 11:56:31 - INFO - Setting Chamber Zones to a= 1.0, b= 0.25, c= 1.0, d= 0.25 request successfully sent.
02-12-2024 11:56:31 - INFO - Response from moonraker: {'result': 'ok'}
02-12-2024 11:56:31 - INFO - Setting Chamber Zones to a= 1.0, b= 0.25, c= 1.0, d= 0.25 Request successfully executed.
02-12-2024 11:56:31 - INFO - Sending request to Setting Chamber Zones to a= 1.0, b= 0.25, c= 1.0, d= 0.25 with timeout of 5s...
02-12-2024 11:56:31 - INFO - Setting Chamber Zones to a= 1.0, b= 0.25, c= 1.0, d= 0.25 request successfully sent.
02-12-2024 11:56:31 - INFO - Response from moonraker: {'result': 'ok'}
02-12-2024 11:56:31 - INFO - Setting Chamber Zones to a= 1.0, b= 0.25, c= 1.0, d= 0.25 Request successfully executed.
02-12-2024 11:56:31 - INFO - Sending request to Setting Chamber Zones to a= 1.0, b= 0.25, c= 1.0, d= 0.25 with timeout of 5s...
02-12-2024 11:56:31 - INFO - Setting Chamber Zones to a= 1.0, b= 0.25, c= 1.0, d= 0.25 request successfully sent.
02-12-2024 11:56:31 - INFO - Response from moonraker: {'result': 'ok'}
02-12-2024 11:56:31 - INFO - Setting Chamber Zones to a= 1.0, b= 0.25, c= 1.0, d= 0.25 Request successfully executed.
02-12-2024 11:56:31 - INFO - Sending request to Setting Chamber Zones to a= 1.0, b= 0.25, c= 1.0, d= 0.25 with timeout of 5s...
02-12-2024 11:56:31 - INFO - Setting Chamber Zones to a= 1.0, b= 0.25, c= 1.0, d= 0.25 request successfully sent.
02-12-2024 11:56:31 - INFO - Response from moonraker: {'result': 'ok'}
02-12-2024 11:56:31 - INFO - Setting Chamber Zones to a= 1.0, b= 0.25, c= 1.0, d= 0.25 Request successfully executed.
02-12-2024 11:56:31 - INFO - Sending request to Setting Chamber Zones to a= 1.0, b= 0.25, c= 1.0, d= 0.25 with timeout of 5s...
02-12-2024 11:56:31 - INFO - Setting Chamber Zones to a= 1.0, b= 0.25, c= 1.0, d= 0.25 request successfully sent.
02-12-2024 11:56:31 - INFO - Response from moonraker: {'result': 'ok'}
02-12-2024 11:56:31 - INFO - Setting Chamber Zones to a= 1.0, b= 0.25, c= 1.0, d= 0.25 Request successfully executed.
02-12-2024 11:56:32 - INFO - Sending request to Setting Chamber Zones to a= 1.0, b= 0.25, c= 1.0, d= 0.25 with timeout of 5s...
02-12-2024 11:56:32 - INFO - Setting Chamber Zones to a= 1.0, b= 0.25, c= 1.0, d= 0.25 request successfully sent.
02-12-2024 11:56:32 - INFO - Response from moonraker: {'result': 'ok'}
02-12-2024 11:56:32 - INFO - Setting Chamber Zones to a= 1.0, b= 0.25, c= 1.0, d= 0.25 Request successfully executed.
02-12-2024 11:56:32 - INFO - Sending request to Setting Chamber Zones to a= 1.0, b= 0.25, c= 1.0, d= 0.25 with timeout of 5s...
02-12-2024 11:56:32 - INFO - Setting Chamber Zones to a= 1.0, b= 0.25, c= 1.0, d= 0.25 request successfully sent.
02-12-2024 11:56:32 - INFO - Response from moonraker: {'result': 'ok'}
02-12-2024 11:56:32 - INFO - Setting Chamber Zones to a= 1.0, b= 0.25, c= 1.0, d= 0.25 Request successfully executed.
02-12-2024 11:56:32 - INFO - Sending request to Setting Chamber Zones to a= 1.0, b= 0.25, c= 1.0, d= 0.25 with timeout of 5s...
02-12-2024 11:56:32 - INFO - Setting Chamber Zones to a= 1.0, b= 0.25, c= 1.0, d= 0.25 request successfully sent.
02-12-2024 11:56:32 - INFO - Response from moonraker: {'result': 'ok'}
02-12-2024 11:56:32 - INFO - Setting Chamber Zones to a= 1.0, b= 0.25, c= 1.0, d= 0.25 Request successfully executed.
02-12-2024 11:56:32 - INFO - Sending request to Setting Chamber Zones to a= 1.0, b= 0.25, c= 1.0, d= 0.25 with timeout of 5s...
02-12-2024 11:56:32 - INFO - Setting Chamber Zones to a= 1.0, b= 0.25, c= 1.0, d= 0.25 request successfully sent.
02-12-2024 11:56:32 - INFO - Response from moonraker: {'result': 'ok'}
02-12-2024 11:56:32 - INFO - Setting Chamber Zones to a= 1.0, b= 0.25, c= 1.0, d= 0.25 Request successfully executed.
02-12-2024 11:56:32 - INFO - Sending request to Setting Chamber Zones to a= 1.0, b= 0.25, c= 1.0, d= 0.25 with timeout of 5s...
02-12-2024 11:56:33 - INFO - Setting Chamber Zones to a= 1.0, b= 0.25, c= 1.0, d= 0.25 request successfully sent.
02-12-2024 11:56:33 - INFO - Response from moonraker: {'result': 'ok'}
02-12-2024 11:56:33 - INFO - Setting Chamber Zones to a= 1.0, b= 0.25, c= 1.0, d= 0.25 Request successfully executed.
02-12-2024 11:56:33 - INFO - Sending request to Setting Chamber Zones to a= 1.0, b= 0.25, c= 1.0, d= 0.25 with timeout of 5s...
02-12-2024 11:56:33 - INFO - Setting Chamber Zones to a= 1.0, b= 0.25, c= 1.0, d= 0.25 request successfully sent.
02-12-2024 11:56:33 - INFO - Response from moonraker: {'result': 'ok'}
02-12-2024 11:56:33 - INFO - Setting Chamber Zones to a= 1.0, b= 0.25, c= 1.0, d= 0.25 Request successfully executed.
02-12-2024 11:56:33 - INFO - Sending request to Setting Chamber Zones to a= 1.0, b= 0.25, c= 1.0, d= 0.25 with timeout of 5s...
02-12-2024 11:56:33 - INFO - Setting Chamber Zones to a= 1.0, b= 0.25, c= 1.0, d= 0.25 request successfully sent.
02-12-2024 11:56:33 - INFO - Response from moonraker: {'result': 'ok'}
02-12-2024 11:56:33 - INFO - Setting Chamber Zones to a= 1.0, b= 0.25, c= 1.0, d= 0.25 Request successfully executed.
02-12-2024 11:56:33 - INFO - Sending request to Setting Chamber Zones to a= 1.0, b= 0.25, c= 1.0, d= 0.25 with timeout of 5s...
02-12-2024 11:56:33 - INFO - Setting Chamber Zones to a= 1.0, b= 0.25, c= 1.0, d= 0.25 request successfully sent.
02-12-2024 11:56:33 - INFO - Response from moonraker: {'result': 'ok'}
02-12-2024 11:56:33 - INFO - Setting Chamber Zones to a= 1.0, b= 0.25, c= 1.0, d= 0.25 Request successfully executed.
02-12-2024 11:56:33 - INFO - Sending request to Setting Chamber Zones to a= 1.0, b= 0.25, c= 1.0, d= 0.25 with timeout of 5s...
02-12-2024 11:56:33 - INFO - Setting Chamber Zones to a= 1.0, b= 0.25, c= 1.0, d= 0.25 request successfully sent.
02-12-2024 11:56:33 - INFO - Response from moonraker: {'result': 'ok'}
02-12-2024 11:56:33 - INFO - Setting Chamber Zones to a= 1.0, b= 0.25, c= 1.0, d= 0.25 Request successfully executed.
02-12-2024 11:56:33 - INFO - Sending request to Setting Chamber Zones to a= 1.0, b= 0.25, c= 1.0, d= 0.25 with timeout of 5s...
02-12-2024 11:56:33 - INFO - Setting Chamber Zones to a= 1.0, b= 0.25, c= 1.0, d= 0.25 request successfully sent.
02-12-2024 11:56:33 - INFO - Response from moonraker: {'result': 'ok'}
02-12-2024 11:56:33 - INFO - Setting Chamber Zones to a= 1.0, b= 0.25, c= 1.0, d= 0.25 Request successfully executed.
02-12-2024 11:56:34 - INFO - Sending request to Setting Chamber Zones to a= 1.0, b= 0.25, c= 1.0, d= 0.25 with timeout of 5s...
02-12-2024 11:56:34 - INFO - Setting Chamber Zones to a= 1.0, b= 0.25, c= 1.0, d= 0.25 request successfully sent.
02-12-2024 11:56:34 - INFO - Response from moonraker: {'result': 'ok'}
02-12-2024 11:56:34 - INFO - Setting Chamber Zones to a= 1.0, b= 0.25, c= 1.0, d= 0.25 Request successfully executed.
02-12-2024 11:56:34 - INFO - Sending request to Setting Chamber Zones to a= 1.0, b= 0.25, c= 1.0, d= 0.25 with timeout of 5s...
02-12-2024 11:56:34 - INFO - Setting Chamber Zones to a= 1.0, b= 0.25, c= 1.0, d= 0.25 request successfully sent.
02-12-2024 11:56:34 - INFO - Response from moonraker: {'result': 'ok'}
02-12-2024 11:56:34 - INFO - Setting Chamber Zones to a= 1.0, b= 0.25, c= 1.0, d= 0.25 Request successfully executed.
02-12-2024 11:56:34 - INFO - Sending request to Setting Chamber Zones to a= 1.0, b= 0.25, c= 1.0, d= 0.25 with timeout of 5s...
02-12-2024 11:56:34 - INFO - Setting Chamber Zones to a= 1.0, b= 0.25, c= 1.0, d= 0.25 request successfully sent.
02-12-2024 11:56:34 - INFO - Response from moonraker: {'result': 'ok'}
02-12-2024 11:56:34 - INFO - Setting Chamber Zones to a= 1.0, b= 0.25, c= 1.0, d= 0.25 Request successfully executed.
02-12-2024 11:56:34 - INFO - Sending request to Setting Chamber Zones to a= 1.0, b= 0.25, c= 1.0, d= 0.25 with timeout of 5s...
02-12-2024 11:56:34 - INFO - Setting Chamber Zones to a= 1.0, b= 0.25, c= 1.0, d= 0.25 request successfully sent.
02-12-2024 11:56:34 - INFO - Response from moonraker: {'result': 'ok'}
02-12-2024 11:56:34 - INFO - Setting Chamber Zones to a= 1.0, b= 0.25, c= 1.0, d= 0.25 Request successfully executed.
02-12-2024 11:56:34 - INFO - Sending request to Setting Chamber Zones to a= 1.0, b= 0.25, c= 1.0, d= 0.25 with timeout of 5s...
02-12-2024 11:56:34 - INFO - Setting Chamber Zones to a= 1.0, b= 0.25, c= 1.0, d= 0.25 request successfully sent.
02-12-2024 11:56:34 - INFO - Response from moonraker: {'result': 'ok'}
02-12-2024 11:56:34 - INFO - Setting Chamber Zones to a= 1.0, b= 0.25, c= 1.0, d= 0.25 Request successfully executed.
02-12-2024 11:56:35 - INFO - Sending request to Setting Chamber Zones to a= 1.0, b= 0.25, c= 1.0, d= 0.25 with timeout of 5s...
02-12-2024 11:56:35 - INFO - Setting Chamber Zones to a= 1.0, b= 0.25, c= 1.0, d= 0.25 request successfully sent.
02-12-2024 11:56:35 - INFO - Response from moonraker: {'result': 'ok'}
02-12-2024 11:56:35 - INFO - Setting Chamber Zones to a= 1.0, b= 0.25, c= 1.0, d= 0.25 Request successfully executed.
02-12-2024 11:56:35 - INFO - Sending request to Setting Chamber Zones to a= 1.0, b= 0.25, c= 1.0, d= 0.25 with timeout of 5s...
02-12-2024 11:56:35 - INFO - Setting Chamber Zones to a= 1.0, b= 0.25, c= 1.0, d= 0.25 request successfully sent.
02-12-2024 11:56:35 - INFO - Response from moonraker: {'result': 'ok'}
02-12-2024 11:56:35 - INFO - Setting Chamber Zones to a= 1.0, b= 0.25, c= 1.0, d= 0.25 Request successfully executed.
02-12-2024 11:56:35 - INFO - Sending request to Setting Chamber Zones to a= 1.0, b= 0.25, c= 1.0, d= 0.25 with timeout of 5s...
02-12-2024 11:56:35 - INFO - Setting Chamber Zones to a= 1.0, b= 0.25, c= 1.0, d= 0.25 request successfully sent.
02-12-2024 11:56:35 - INFO - Response from moonraker: {'result': 'ok'}
02-12-2024 11:56:35 - INFO - Setting Chamber Zones to a= 1.0, b= 0.25, c= 1.0, d= 0.25 Request successfully executed.
02-12-2024 11:56:35 - INFO - Sending request to Setting Chamber Zones to a= 1.0, b= 0.25, c= 1.0, d= 0.25 with timeout of 5s...
02-12-2024 11:56:35 - INFO - Setting Chamber Zones to a= 1.0, b= 0.25, c= 1.0, d= 0.25 request successfully sent.
02-12-2024 11:56:35 - INFO - Response from moonraker: {'result': 'ok'}
02-12-2024 11:56:35 - INFO - Setting Chamber Zones to a= 1.0, b= 0.25, c= 1.0, d= 0.25 Request successfully executed.
02-12-2024 11:56:35 - INFO - Sending request to Setting Chamber Zones to a= 1.0, b= 0.25, c= 1.0, d= 0.25 with timeout of 5s...
02-12-2024 11:56:36 - INFO - Setting Chamber Zones to a= 1.0, b= 0.25, c= 1.0, d= 0.25 request successfully sent.
02-12-2024 11:56:36 - INFO - Response from moonraker: {'result': 'ok'}
02-12-2024 11:56:36 - INFO - Setting Chamber Zones to a= 1.0, b= 0.25, c= 1.0, d= 0.25 Request successfully executed.
02-12-2024 11:56:36 - INFO - Sending request to Setting Chamber Zones to a= 1.0, b= 0.25, c= 1.0, d= 0.25 with timeout of 5s...
02-12-2024 11:56:36 - INFO - Setting Chamber Zones to a= 1.0, b= 0.25, c= 1.0, d= 0.25 request successfully sent.
02-12-2024 11:56:36 - INFO - Response from moonraker: {'result': 'ok'}
02-12-2024 11:56:36 - INFO - Setting Chamber Zones to a= 1.0, b= 0.25, c= 1.0, d= 0.25 Request successfully executed.
02-12-2024 11:56:36 - INFO - Sending request to Setting Chamber Zones to a= 1.0, b= 0.25, c= 1.0, d= 0.25 with timeout of 5s...
02-12-2024 11:56:36 - INFO - Setting Chamber Zones to a= 1.0, b= 0.25, c= 1.0, d= 0.25 request successfully sent.
02-12-2024 11:56:36 - INFO - Response from moonraker: {'result': 'ok'}
02-12-2024 11:56:36 - INFO - Setting Chamber Zones to a= 1.0, b= 0.25, c= 1.0, d= 0.25 Request successfully executed.
02-12-2024 11:56:36 - INFO - Sending request to Setting Chamber Zones to a= 1.0, b= 0.25, c= 1.0, d= 0.25 with timeout of 5s...
02-12-2024 11:56:36 - INFO - Setting Chamber Zones to a= 1.0, b= 0.25, c= 1.0, d= 0.25 request successfully sent.
02-12-2024 11:56:36 - INFO - Response from moonraker: {'result': 'ok'}
02-12-2024 11:56:36 - INFO - Setting Chamber Zones to a= 1.0, b= 0.25, c= 1.0, d= 0.25 Request successfully executed.
02-12-2024 11:56:36 - INFO - Sending request to Setting Chamber Zones to a= 1.0, b= 0.25, c= 1.0, d= 0.25 with timeout of 5s...
02-12-2024 11:56:36 - INFO - Setting Chamber Zones to a= 1.0, b= 0.25, c= 1.0, d= 0.25 request successfully sent.
02-12-2024 11:56:36 - INFO - Response from moonraker: {'result': 'ok'}
02-12-2024 11:56:36 - INFO - Setting Chamber Zones to a= 1.0, b= 0.25, c= 1.0, d= 0.25 Request successfully executed.
02-12-2024 11:56:36 - INFO - Sending request to Setting Chamber Zones to a= 1.0, b= 0.25, c= 1.0, d= 0.25 with timeout of 5s...
02-12-2024 11:56:37 - INFO - Setting Chamber Zones to a= 1.0, b= 0.25, c= 1.0, d= 0.25 request successfully sent.
02-12-2024 11:56:37 - INFO - Response from moonraker: {'result': 'ok'}
02-12-2024 11:56:37 - INFO - Setting Chamber Zones to a= 1.0, b= 0.25, c= 1.0, d= 0.25 Request successfully executed.
02-12-2024 11:56:37 - INFO - Sending request to Setting Chamber Zones to a= 1.0, b= 0.25, c= 1.0, d= 0.25 with timeout of 5s...
02-12-2024 11:56:37 - INFO - Setting Chamber Zones to a= 1.0, b= 0.25, c= 1.0, d= 0.25 request successfully sent.
02-12-2024 11:56:37 - INFO - Response from moonraker: {'result': 'ok'}
02-12-2024 11:56:37 - INFO - Setting Chamber Zones to a= 1.0, b= 0.25, c= 1.0, d= 0.25 Request successfully executed.
02-12-2024 11:56:37 - INFO - Sending request to Setting Chamber Zones to a= 1.0, b= 0.25, c= 1.0, d= 0.25 with timeout of 5s...
02-12-2024 11:56:37 - INFO - Setting Chamber Zones to a= 1.0, b= 0.25, c= 1.0, d= 0.25 request successfully sent.
02-12-2024 11:56:37 - INFO - Response from moonraker: {'result': 'ok'}
02-12-2024 11:56:37 - INFO - Setting Chamber Zones to a= 1.0, b= 0.25, c= 1.0, d= 0.25 Request successfully executed.
02-12-2024 11:56:37 - INFO - Sending request to Setting Chamber Zones to a= 1.0, b= 0.25, c= 1.0, d= 0.25 with timeout of 5s...
02-12-2024 11:56:37 - INFO - Setting Chamber Zones to a= 1.0, b= 0.25, c= 1.0, d= 0.25 request successfully sent.
02-12-2024 11:56:37 - INFO - Response from moonraker: {'result': 'ok'}
02-12-2024 11:56:37 - INFO - Setting Chamber Zones to a= 1.0, b= 0.25, c= 1.0, d= 0.25 Request successfully executed.
02-12-2024 11:56:37 - INFO - Sending request to Setting Chamber Zones to a= 1.0, b= 0.25, c= 1.0, d= 0.25 with timeout of 5s...
02-12-2024 11:56:37 - INFO - Setting Chamber Zones to a= 1.0, b= 0.25, c= 1.0, d= 0.25 request successfully sent.
02-12-2024 11:56:37 - INFO - Response from moonraker: {'result': 'ok'}
02-12-2024 11:56:37 - INFO - Setting Chamber Zones to a= 1.0, b= 0.25, c= 1.0, d= 0.25 Request successfully executed.
02-12-2024 11:56:37 - INFO - Sending request to Setting Chamber Zones to a= 1.0, b= 0.25, c= 1.0, d= 0.25 with timeout of 5s...
02-12-2024 11:56:38 - INFO - Setting Chamber Zones to a= 1.0, b= 0.25, c= 1.0, d= 0.25 request successfully sent.
02-12-2024 11:56:38 - INFO - Response from moonraker: {'result': 'ok'}
02-12-2024 11:56:38 - INFO - Setting Chamber Zones to a= 1.0, b= 0.25, c= 1.0, d= 0.25 Request successfully executed.
02-12-2024 11:56:38 - INFO - Sending request to Setting Chamber Zones to a= 1.0, b= 0.25, c= 1.0, d= 0.25 with timeout of 5s...
02-12-2024 11:56:38 - INFO - Setting Chamber Zones to a= 1.0, b= 0.25, c= 1.0, d= 0.25 request successfully sent.
02-12-2024 11:56:38 - INFO - Response from moonraker: {'result': 'ok'}
02-12-2024 11:56:38 - INFO - Setting Chamber Zones to a= 1.0, b= 0.25, c= 1.0, d= 0.25 Request successfully executed.
02-12-2024 11:56:38 - INFO - Sending request to Setting Chamber Zones to a= 1.0, b= 0.25, c= 1.0, d= 0.25 with timeout of 5s...
02-12-2024 11:56:38 - INFO - Setting Chamber Zones to a= 1.0, b= 0.25, c= 1.0, d= 0.25 request successfully sent.
02-12-2024 11:56:38 - INFO - Response from moonraker: {'result': 'ok'}
02-12-2024 11:56:38 - INFO - Setting Chamber Zones to a= 1.0, b= 0.25, c= 1.0, d= 0.25 Request successfully executed.
02-12-2024 11:56:38 - INFO - Sending request to Setting Chamber Zones to a= 1.0, b= 0.25, c= 1.0, d= 0.25 with timeout of 5s...
02-12-2024 11:56:38 - INFO - Setting Chamber Zones to a= 1.0, b= 0.25, c= 1.0, d= 0.25 request successfully sent.
02-12-2024 11:56:38 - INFO - Response from moonraker: {'result': 'ok'}
02-12-2024 11:56:38 - INFO - Setting Chamber Zones to a= 1.0, b= 0.25, c= 1.0, d= 0.25 Request successfully executed.
02-12-2024 11:56:38 - INFO - Sending request to Setting Chamber Zones to a= 1.0, b= 0.25, c= 1.0, d= 0.25 with timeout of 5s...
02-12-2024 11:56:38 - INFO - Setting Chamber Zones to a= 1.0, b= 0.25, c= 1.0, d= 0.25 request successfully sent.
02-12-2024 11:56:38 - INFO - Response from moonraker: {'result': 'ok'}
02-12-2024 11:56:38 - INFO - Setting Chamber Zones to a= 1.0, b= 0.25, c= 1.0, d= 0.25 Request successfully executed.
02-12-2024 11:56:38 - INFO - Sending request to Setting Chamber Zones to a= 1.0, b= 0.25, c= 1.0, d= 0.25 with timeout of 5s...
02-12-2024 11:56:39 - INFO - Setting Chamber Zones to a= 1.0, b= 0.25, c= 1.0, d= 0.25 request successfully sent.
02-12-2024 11:56:39 - INFO - Response from moonraker: {'result': 'ok'}
02-12-2024 11:56:39 - INFO - Setting Chamber Zones to a= 1.0, b= 0.25, c= 1.0, d= 0.25 Request successfully executed.
02-12-2024 11:56:39 - INFO - Sending request to Setting Chamber Zones to a= 1.0, b= 0.25, c= 1.0, d= 0.25 with timeout of 5s...
02-12-2024 11:56:39 - INFO - Setting Chamber Zones to a= 1.0, b= 0.25, c= 1.0, d= 0.25 request successfully sent.
02-12-2024 11:56:39 - INFO - Response from moonraker: {'result': 'ok'}
02-12-2024 11:56:39 - INFO - Setting Chamber Zones to a= 1.0, b= 0.25, c= 1.0, d= 0.25 Request successfully executed.
02-12-2024 11:56:39 - INFO - Sending request to Setting Chamber Zones to a= 1.0, b= 0.25, c= 1.0, d= 0.25 with timeout of 5s...
02-12-2024 11:56:39 - INFO - Setting Chamber Zones to a= 1.0, b= 0.25, c= 1.0, d= 0.25 request successfully sent.
02-12-2024 11:56:39 - INFO - Response from moonraker: {'result': 'ok'}
02-12-2024 11:56:39 - INFO - Setting Chamber Zones to a= 1.0, b= 0.25, c= 1.0, d= 0.25 Request successfully executed.
02-12-2024 11:56:39 - INFO - Sending request to Setting Chamber Zones to a= 1.0, b= 0.25, c= 1.0, d= 0.25 with timeout of 5s...
02-12-2024 11:56:39 - INFO - Setting Chamber Zones to a= 1.0, b= 0.25, c= 1.0, d= 0.25 request successfully sent.
02-12-2024 11:56:39 - INFO - Response from moonraker: {'result': 'ok'}
02-12-2024 11:56:39 - INFO - Setting Chamber Zones to a= 1.0, b= 0.25, c= 1.0, d= 0.25 Request successfully executed.
02-12-2024 11:56:39 - INFO - Sending request to Setting Chamber Zones to a= 1.0, b= 0.25, c= 1.0, d= 0.25 with timeout of 5s...
02-12-2024 11:56:39 - INFO - Setting Chamber Zones to a= 1.0, b= 0.25, c= 1.0, d= 0.25 request successfully sent.
02-12-2024 11:56:39 - INFO - Response from moonraker: {'result': 'ok'}
02-12-2024 11:56:39 - INFO - Setting Chamber Zones to a= 1.0, b= 0.25, c= 1.0, d= 0.25 Request successfully executed.
02-12-2024 11:56:40 - INFO - Sending request to Setting Chamber Zones to a= 1.0, b= 0.25, c= 1.0, d= 0.25 with timeout of 5s...
02-12-2024 11:56:40 - INFO - Setting Chamber Zones to a= 1.0, b= 0.25, c= 1.0, d= 0.25 request successfully sent.
02-12-2024 11:56:40 - INFO - Response from moonraker: {'result': 'ok'}
02-12-2024 11:56:40 - INFO - Setting Chamber Zones to a= 1.0, b= 0.25, c= 1.0, d= 0.25 Request successfully executed.
02-12-2024 11:56:40 - INFO - Sending request to Setting Chamber Zones to a= 1.0, b= 0.25, c= 1.0, d= 0.25 with timeout of 5s...
02-12-2024 11:56:40 - INFO - Setting Chamber Zones to a= 1.0, b= 0.25, c= 1.0, d= 0.25 request successfully sent.
02-12-2024 11:56:40 - INFO - Response from moonraker: {'result': 'ok'}
02-12-2024 11:56:40 - INFO - Setting Chamber Zones to a= 1.0, b= 0.25, c= 1.0, d= 0.25 Request successfully executed.
02-12-2024 11:56:40 - INFO - Sending request to Setting Chamber Zones to a= 1.0, b= 0.25, c= 1.0, d= 0.25 with timeout of 5s...
02-12-2024 11:56:40 - INFO - Setting Chamber Zones to a= 1.0, b= 0.25, c= 1.0, d= 0.25 request successfully sent.
02-12-2024 11:56:40 - INFO - Response from moonraker: {'result': 'ok'}
02-12-2024 11:56:40 - INFO - Setting Chamber Zones to a= 1.0, b= 0.25, c= 1.0, d= 0.25 Request successfully executed.
02-12-2024 11:56:40 - INFO - Sending request to Setting Chamber Zones to a= 1.0, b= 0.25, c= 1.0, d= 0.25 with timeout of 5s...
02-12-2024 11:56:40 - INFO - Setting Chamber Zones to a= 1.0, b= 0.25, c= 1.0, d= 0.25 request successfully sent.
02-12-2024 11:56:40 - INFO - Response from moonraker: {'result': 'ok'}
02-12-2024 11:56:40 - INFO - Setting Chamber Zones to a= 1.0, b= 0.25, c= 1.0, d= 0.25 Request successfully executed.
02-12-2024 11:56:40 - INFO - Sending request to Setting Chamber Zones to a= 1.0, b= 0.25, c= 1.0, d= 0.25 with timeout of 5s...
02-12-2024 11:56:40 - INFO - Setting Chamber Zones to a= 1.0, b= 0.25, c= 1.0, d= 0.25 request successfully sent.
02-12-2024 11:56:40 - INFO - Response from moonraker: {'result': 'ok'}
02-12-2024 11:56:40 - INFO - Setting Chamber Zones to a= 1.0, b= 0.25, c= 1.0, d= 0.25 Request successfully executed.
02-12-2024 11:56:41 - INFO - Sending request to Setting Chamber Zones to a= 1.0, b= 0.25, c= 1.0, d= 0.25 with timeout of 5s...
02-12-2024 11:56:41 - INFO - Setting Chamber Zones to a= 1.0, b= 0.25, c= 1.0, d= 0.25 request successfully sent.
02-12-2024 11:56:41 - INFO - Response from moonraker: {'result': 'ok'}
02-12-2024 11:56:41 - INFO - Setting Chamber Zones to a= 1.0, b= 0.25, c= 1.0, d= 0.25 Request successfully executed.
02-12-2024 11:56:41 - INFO - Sending request to Setting Chamber Zones to a= 1.0, b= 0.25, c= 1.0, d= 0.25 with timeout of 5s...
02-12-2024 11:56:41 - INFO - Setting Chamber Zones to a= 1.0, b= 0.25, c= 1.0, d= 0.25 request successfully sent.
02-12-2024 11:56:41 - INFO - Response from moonraker: {'result': 'ok'}
02-12-2024 11:56:41 - INFO - Setting Chamber Zones to a= 1.0, b= 0.25, c= 1.0, d= 0.25 Request successfully executed.
02-12-2024 11:56:41 - INFO - Sending request to Setting Chamber Zones to a= 1.0, b= 0.25, c= 1.0, d= 0.25 with timeout of 5s...
02-12-2024 11:56:41 - INFO - Setting Chamber Zones to a= 1.0, b= 0.25, c= 1.0, d= 0.25 request successfully sent.
02-12-2024 11:56:41 - INFO - Response from moonraker: {'result': 'ok'}
02-12-2024 11:56:41 - INFO - Setting Chamber Zones to a= 1.0, b= 0.25, c= 1.0, d= 0.25 Request successfully executed.
02-12-2024 11:56:41 - INFO - Sending request to Setting Chamber Zones to a= 1.0, b= 0.25, c= 1.0, d= 0.25 with timeout of 5s...
02-12-2024 11:56:41 - INFO - Setting Chamber Zones to a= 1.0, b= 0.25, c= 1.0, d= 0.25 request successfully sent.
02-12-2024 11:56:41 - INFO - Response from moonraker: {'result': 'ok'}
02-12-2024 11:56:41 - INFO - Setting Chamber Zones to a= 1.0, b= 0.25, c= 1.0, d= 0.25 Request successfully executed.
02-12-2024 11:56:41 - INFO - Sending request to Setting Chamber Zones to a= 1.0, b= 0.25, c= 1.0, d= 0.25 with timeout of 5s...
02-12-2024 11:56:41 - INFO - Setting Chamber Zones to a= 1.0, b= 0.25, c= 1.0, d= 0.25 request successfully sent.
02-12-2024 11:56:41 - INFO - Response from moonraker: {'result': 'ok'}
02-12-2024 11:56:41 - INFO - Setting Chamber Zones to a= 1.0, b= 0.25, c= 1.0, d= 0.25 Request successfully executed.
02-12-2024 11:56:42 - INFO - Sending request to Setting Chamber Zones to a= 1.0, b= 0.25, c= 1.0, d= 0.25 with timeout of 5s...
02-12-2024 11:56:42 - INFO - Setting Chamber Zones to a= 1.0, b= 0.25, c= 1.0, d= 0.25 request successfully sent.
02-12-2024 11:56:42 - INFO - Response from moonraker: {'result': 'ok'}
02-12-2024 11:56:42 - INFO - Setting Chamber Zones to a= 1.0, b= 0.25, c= 1.0, d= 0.25 Request successfully executed.
02-12-2024 11:56:42 - INFO - Sending request to Setting Chamber Zones to a= 1.0, b= 0.25, c= 1.0, d= 0.25 with timeout of 5s...
02-12-2024 11:56:42 - INFO - Setting Chamber Zones to a= 1.0, b= 0.25, c= 1.0, d= 0.25 request successfully sent.
02-12-2024 11:56:42 - INFO - Response from moonraker: {'result': 'ok'}
02-12-2024 11:56:42 - INFO - Setting Chamber Zones to a= 1.0, b= 0.25, c= 1.0, d= 0.25 Request successfully executed.
02-12-2024 11:56:42 - INFO - Sending request to Setting Chamber Zones to a= 1.0, b= 0.25, c= 1.0, d= 0.25 with timeout of 5s...
02-12-2024 11:56:42 - INFO - Setting Chamber Zones to a= 1.0, b= 0.25, c= 1.0, d= 0.25 request successfully sent.
02-12-2024 11:56:42 - INFO - Response from moonraker: {'result': 'ok'}
02-12-2024 11:56:42 - INFO - Setting Chamber Zones to a= 1.0, b= 0.25, c= 1.0, d= 0.25 Request successfully executed.
02-12-2024 11:56:42 - INFO - Sending request to Setting Chamber Zones to a= 1.0, b= 0.25, c= 1.0, d= 0.25 with timeout of 5s...
02-12-2024 11:56:42 - INFO - Setting Chamber Zones to a= 1.0, b= 0.25, c= 1.0, d= 0.25 request successfully sent.
02-12-2024 11:56:42 - INFO - Response from moonraker: {'result': 'ok'}
02-12-2024 11:56:42 - INFO - Setting Chamber Zones to a= 1.0, b= 0.25, c= 1.0, d= 0.25 Request successfully executed.
02-12-2024 11:56:42 - INFO - Sending request to Setting Chamber Zones to a= 1.0, b= 0.25, c= 1.0, d= 0.25 with timeout of 5s...
02-12-2024 11:56:42 - INFO - Setting Chamber Zones to a= 1.0, b= 0.25, c= 1.0, d= 0.25 request successfully sent.
02-12-2024 11:56:42 - INFO - Response from moonraker: {'result': 'ok'}
02-12-2024 11:56:42 - INFO - Setting Chamber Zones to a= 1.0, b= 0.25, c= 1.0, d= 0.25 Request successfully executed.
02-12-2024 11:56:43 - INFO - Sending request to Setting Chamber Zones to a= 1.0, b= 0.25, c= 1.0, d= 0.25 with timeout of 5s...
02-12-2024 11:56:43 - INFO - Setting Chamber Zones to a= 1.0, b= 0.25, c= 1.0, d= 0.25 request successfully sent.
02-12-2024 11:56:43 - INFO - Response from moonraker: {'result': 'ok'}
02-12-2024 11:56:43 - INFO - Setting Chamber Zones to a= 1.0, b= 0.25, c= 1.0, d= 0.25 Request successfully executed.
02-12-2024 11:56:43 - INFO - Sending request to Setting Chamber Zones to a= 1.0, b= 0.25, c= 1.0, d= 0.25 with timeout of 5s...
02-12-2024 11:56:43 - INFO - Setting Chamber Zones to a= 1.0, b= 0.25, c= 1.0, d= 0.25 request successfully sent.
02-12-2024 11:56:43 - INFO - Response from moonraker: {'result': 'ok'}
02-12-2024 11:56:43 - INFO - Setting Chamber Zones to a= 1.0, b= 0.25, c= 1.0, d= 0.25 Request successfully executed.
02-12-2024 11:56:43 - INFO - Sending request to Setting Chamber Zones to a= 1.0, b= 0.25, c= 1.0, d= 0.25 with timeout of 5s...
02-12-2024 11:56:43 - INFO - Setting Chamber Zones to a= 1.0, b= 0.25, c= 1.0, d= 0.25 request successfully sent.
02-12-2024 11:56:43 - INFO - Response from moonraker: {'result': 'ok'}
02-12-2024 11:56:43 - INFO - Setting Chamber Zones to a= 1.0, b= 0.25, c= 1.0, d= 0.25 Request successfully executed.
02-12-2024 11:56:43 - INFO - Sending request to Setting Chamber Zones to a= 1.0, b= 0.25, c= 1.0, d= 0.25 with timeout of 5s...
02-12-2024 11:56:43 - INFO - Setting Chamber Zones to a= 1.0, b= 0.25, c= 1.0, d= 0.25 request successfully sent.
02-12-2024 11:56:43 - INFO - Response from moonraker: {'result': 'ok'}
02-12-2024 11:56:43 - INFO - Setting Chamber Zones to a= 1.0, b= 0.25, c= 1.0, d= 0.25 Request successfully executed.
02-12-2024 11:56:43 - INFO - Sending request to Setting Chamber Zones to a= 1.0, b= 0.25, c= 1.0, d= 0.25 with timeout of 5s...
02-12-2024 11:56:43 - INFO - Setting Chamber Zones to a= 1.0, b= 0.25, c= 1.0, d= 0.25 request successfully sent.
02-12-2024 11:56:43 - INFO - Response from moonraker: {'result': 'ok'}
02-12-2024 11:56:43 - INFO - Setting Chamber Zones to a= 1.0, b= 0.25, c= 1.0, d= 0.25 Request successfully executed.
02-12-2024 11:56:44 - INFO - Sending request to Setting Chamber Zones to a= 1.0, b= 0.25, c= 1.0, d= 0.25 with timeout of 5s...
02-12-2024 11:56:44 - INFO - Setting Chamber Zones to a= 1.0, b= 0.25, c= 1.0, d= 0.25 request successfully sent.
02-12-2024 11:56:44 - INFO - Response from moonraker: {'result': 'ok'}
02-12-2024 11:56:44 - INFO - Setting Chamber Zones to a= 1.0, b= 0.25, c= 1.0, d= 0.25 Request successfully executed.
02-12-2024 11:56:44 - INFO - Sending request to Setting Chamber Zones to a= 1.0, b= 0.25, c= 1.0, d= 0.25 with timeout of 5s...
02-12-2024 11:56:44 - INFO - Setting Chamber Zones to a= 1.0, b= 0.25, c= 1.0, d= 0.25 request successfully sent.
02-12-2024 11:56:44 - INFO - Response from moonraker: {'result': 'ok'}
02-12-2024 11:56:44 - INFO - Setting Chamber Zones to a= 1.0, b= 0.25, c= 1.0, d= 0.25 Request successfully executed.
02-12-2024 11:56:44 - INFO - Sending request to Setting Chamber Zones to a= 1.0, b= 0.25, c= 1.0, d= 0.25 with timeout of 5s...
02-12-2024 11:56:44 - INFO - Setting Chamber Zones to a= 1.0, b= 0.25, c= 1.0, d= 0.25 request successfully sent.
02-12-2024 11:56:44 - INFO - Response from moonraker: {'result': 'ok'}
02-12-2024 11:56:44 - INFO - Setting Chamber Zones to a= 1.0, b= 0.25, c= 1.0, d= 0.25 Request successfully executed.
02-12-2024 11:56:44 - INFO - Sending request to Setting Chamber Zones to a= 1.0, b= 0.25, c= 1.0, d= 0.25 with timeout of 5s...
02-12-2024 11:56:44 - INFO - Setting Chamber Zones to a= 1.0, b= 0.25, c= 1.0, d= 0.25 request successfully sent.
02-12-2024 11:56:44 - INFO - Response from moonraker: {'result': 'ok'}
02-12-2024 11:56:44 - INFO - Setting Chamber Zones to a= 1.0, b= 0.25, c= 1.0, d= 0.25 Request successfully executed.
02-12-2024 11:56:44 - INFO - Sending request to Setting Chamber Zones to a= 1.0, b= 0.25, c= 1.0, d= 0.25 with timeout of 5s...
02-12-2024 11:56:44 - INFO - Setting Chamber Zones to a= 1.0, b= 0.25, c= 1.0, d= 0.25 request successfully sent.
02-12-2024 11:56:44 - INFO - Response from moonraker: {'result': 'ok'}
02-12-2024 11:56:44 - INFO - Setting Chamber Zones to a= 1.0, b= 0.25, c= 1.0, d= 0.25 Request successfully executed.
02-12-2024 11:56:45 - INFO - Sending request to Setting Chamber Zones to a= 1.0, b= 0.25, c= 1.0, d= 0.25 with timeout of 5s...
02-12-2024 11:56:45 - INFO - Setting Chamber Zones to a= 1.0, b= 0.25, c= 1.0, d= 0.25 request successfully sent.
02-12-2024 11:56:45 - INFO - Response from moonraker: {'result': 'ok'}
02-12-2024 11:56:45 - INFO - Setting Chamber Zones to a= 1.0, b= 0.25, c= 1.0, d= 0.25 Request successfully executed.
02-12-2024 11:56:45 - INFO - Sending request to Setting Chamber Zones to a= 1.0, b= 0.25, c= 1.0, d= 0.25 with timeout of 5s...
02-12-2024 11:56:45 - INFO - Setting Chamber Zones to a= 1.0, b= 0.25, c= 1.0, d= 0.25 request successfully sent.
02-12-2024 11:56:45 - INFO - Response from moonraker: {'result': 'ok'}
02-12-2024 11:56:45 - INFO - Setting Chamber Zones to a= 1.0, b= 0.25, c= 1.0, d= 0.25 Request successfully executed.
02-12-2024 11:56:45 - INFO - Sending request to Setting Chamber Zones to a= 1.0, b= 0.25, c= 1.0, d= 0.25 with timeout of 5s...
02-12-2024 11:56:45 - INFO - Setting Chamber Zones to a= 1.0, b= 0.25, c= 1.0, d= 0.25 request successfully sent.
02-12-2024 11:56:45 - INFO - Response from moonraker: {'result': 'ok'}
02-12-2024 11:56:45 - INFO - Setting Chamber Zones to a= 1.0, b= 0.25, c= 1.0, d= 0.25 Request successfully executed.
02-12-2024 11:56:45 - INFO - Sending request to Setting Chamber Zones to a= 1.0, b= 0.25, c= 1.0, d= 0.25 with timeout of 5s...
02-12-2024 11:56:45 - INFO - Setting Chamber Zones to a= 1.0, b= 0.25, c= 1.0, d= 0.25 request successfully sent.
02-12-2024 11:56:45 - INFO - Response from moonraker: {'result': 'ok'}
02-12-2024 11:56:45 - INFO - Setting Chamber Zones to a= 1.0, b= 0.25, c= 1.0, d= 0.25 Request successfully executed.
02-12-2024 11:56:45 - INFO - Sending request to Setting Chamber Zones to a= 1.0, b= 0.25, c= 1.0, d= 0.25 with timeout of 5s...
02-12-2024 11:56:45 - INFO - Setting Chamber Zones to a= 1.0, b= 0.25, c= 1.0, d= 0.25 request successfully sent.
02-12-2024 11:56:45 - INFO - Response from moonraker: {'result': 'ok'}
02-12-2024 11:56:45 - INFO - Setting Chamber Zones to a= 1.0, b= 0.25, c= 1.0, d= 0.25 Request successfully executed.
02-12-2024 11:56:46 - INFO - Sending request to Setting Chamber Zones to a= 1.0, b= 0.25, c= 1.0, d= 0.25 with timeout of 5s...
02-12-2024 11:56:46 - INFO - Setting Chamber Zones to a= 1.0, b= 0.25, c= 1.0, d= 0.25 request successfully sent.
02-12-2024 11:56:46 - INFO - Response from moonraker: {'result': 'ok'}
02-12-2024 11:56:46 - INFO - Setting Chamber Zones to a= 1.0, b= 0.25, c= 1.0, d= 0.25 Request successfully executed.
02-12-2024 11:56:46 - INFO - Sending request to Setting Chamber Zones to a= 1.0, b= 0.25, c= 1.0, d= 0.25 with timeout of 5s...
02-12-2024 11:56:46 - INFO - Setting Chamber Zones to a= 1.0, b= 0.25, c= 1.0, d= 0.25 request successfully sent.
02-12-2024 11:56:46 - INFO - Response from moonraker: {'result': 'ok'}
02-12-2024 11:56:46 - INFO - Setting Chamber Zones to a= 1.0, b= 0.25, c= 1.0, d= 0.25 Request successfully executed.
02-12-2024 11:56:46 - INFO - Sending request to Setting Chamber Zones to a= 1.0, b= 0.25, c= 1.0, d= 0.25 with timeout of 5s...
02-12-2024 11:56:46 - INFO - Setting Chamber Zones to a= 1.0, b= 0.25, c= 1.0, d= 0.25 request successfully sent.
02-12-2024 11:56:46 - INFO - Response from moonraker: {'result': 'ok'}
02-12-2024 11:56:46 - INFO - Setting Chamber Zones to a= 1.0, b= 0.25, c= 1.0, d= 0.25 Request successfully executed.
02-12-2024 11:56:46 - INFO - Sending request to Setting Chamber Zones to a= 1.0, b= 0.25, c= 1.0, d= 0.25 with timeout of 5s...
02-12-2024 11:56:46 - INFO - Setting Chamber Zones to a= 1.0, b= 0.25, c= 1.0, d= 0.25 request successfully sent.
02-12-2024 11:56:46 - INFO - Response from moonraker: {'result': 'ok'}
02-12-2024 11:56:46 - INFO - Setting Chamber Zones to a= 1.0, b= 0.25, c= 1.0, d= 0.25 Request successfully executed.
02-12-2024 11:56:46 - INFO - Sending request to Setting Chamber Zones to a= 1.0, b= 0.25, c= 1.0, d= 0.25 with timeout of 5s...
02-12-2024 11:56:46 - INFO - Setting Chamber Zones to a= 1.0, b= 0.25, c= 1.0, d= 0.25 request successfully sent.
02-12-2024 11:56:46 - INFO - Response from moonraker: {'result': 'ok'}
02-12-2024 11:56:46 - INFO - Setting Chamber Zones to a= 1.0, b= 0.25, c= 1.0, d= 0.25 Request successfully executed.
02-12-2024 11:56:47 - INFO - Sending request to Setting Chamber Zones to a= 1.0, b= 0.25, c= 1.0, d= 0.25 with timeout of 5s...
02-12-2024 11:56:47 - INFO - Setting Chamber Zones to a= 1.0, b= 0.25, c= 1.0, d= 0.25 request successfully sent.
02-12-2024 11:56:47 - INFO - Response from moonraker: {'result': 'ok'}
02-12-2024 11:56:47 - INFO - Setting Chamber Zones to a= 1.0, b= 0.25, c= 1.0, d= 0.25 Request successfully executed.
02-12-2024 11:56:47 - INFO - Sending request to Setting Chamber Zones to a= 1.0, b= 0.25, c= 1.0, d= 0.25 with timeout of 5s...
02-12-2024 11:56:47 - INFO - Setting Chamber Zones to a= 1.0, b= 0.25, c= 1.0, d= 0.25 request successfully sent.
02-12-2024 11:56:47 - INFO - Response from moonraker: {'result': 'ok'}
02-12-2024 11:56:47 - INFO - Setting Chamber Zones to a= 1.0, b= 0.25, c= 1.0, d= 0.25 Request successfully executed.
02-12-2024 11:56:47 - INFO - Sending request to Setting Chamber Zones to a= 1.0, b= 0.25, c= 1.0, d= 0.25 with timeout of 5s...
02-12-2024 11:56:47 - INFO - Setting Chamber Zones to a= 1.0, b= 0.25, c= 1.0, d= 0.25 request successfully sent.
02-12-2024 11:56:47 - INFO - Response from moonraker: {'result': 'ok'}
02-12-2024 11:56:47 - INFO - Setting Chamber Zones to a= 1.0, b= 0.25, c= 1.0, d= 0.25 Request successfully executed.
02-12-2024 11:56:47 - INFO - Sending request to Setting Chamber Zones to a= 1.0, b= 0.25, c= 1.0, d= 0.25 with timeout of 5s...
02-12-2024 11:56:47 - INFO - Setting Chamber Zones to a= 1.0, b= 0.25, c= 1.0, d= 0.25 request successfully sent.
02-12-2024 11:56:47 - INFO - Response from moonraker: {'result': 'ok'}
02-12-2024 11:56:47 - INFO - Setting Chamber Zones to a= 1.0, b= 0.25, c= 1.0, d= 0.25 Request successfully executed.
02-12-2024 11:56:47 - INFO - Sending request to Setting Chamber Zones to a= 1.0, b= 0.25, c= 1.0, d= 0.25 with timeout of 5s...
02-12-2024 11:56:47 - INFO - Setting Chamber Zones to a= 1.0, b= 0.25, c= 1.0, d= 0.25 request successfully sent.
02-12-2024 11:56:47 - INFO - Response from moonraker: {'result': 'ok'}
02-12-2024 11:56:47 - INFO - Setting Chamber Zones to a= 1.0, b= 0.25, c= 1.0, d= 0.25 Request successfully executed.
02-12-2024 11:56:48 - INFO - Sending request to Setting Chamber Zones to a= 1.0, b= 0.25, c= 1.0, d= 0.25 with timeout of 5s...
02-12-2024 11:56:48 - INFO - Setting Chamber Zones to a= 1.0, b= 0.25, c= 1.0, d= 0.25 request successfully sent.
02-12-2024 11:56:48 - INFO - Response from moonraker: {'result': 'ok'}
02-12-2024 11:56:48 - INFO - Setting Chamber Zones to a= 1.0, b= 0.25, c= 1.0, d= 0.25 Request successfully executed.
02-12-2024 11:56:48 - INFO - Sending request to Setting Chamber Zones to a= 1.0, b= 0.25, c= 1.0, d= 0.25 with timeout of 5s...
02-12-2024 11:56:48 - INFO - Setting Chamber Zones to a= 1.0, b= 0.25, c= 1.0, d= 0.25 request successfully sent.
02-12-2024 11:56:48 - INFO - Response from moonraker: {'result': 'ok'}
02-12-2024 11:56:48 - INFO - Setting Chamber Zones to a= 1.0, b= 0.25, c= 1.0, d= 0.25 Request successfully executed.
02-12-2024 11:56:48 - INFO - Sending request to Setting Chamber Zones to a= 1.0, b= 0.25, c= 1.0, d= 0.25 with timeout of 5s...
02-12-2024 11:56:48 - INFO - Setting Chamber Zones to a= 1.0, b= 0.25, c= 1.0, d= 0.25 request successfully sent.
02-12-2024 11:56:48 - INFO - Response from moonraker: {'result': 'ok'}
02-12-2024 11:56:48 - INFO - Setting Chamber Zones to a= 1.0, b= 0.25, c= 1.0, d= 0.25 Request successfully executed.
02-12-2024 11:56:48 - INFO - Sending request to Setting Chamber Zones to a= 1.0, b= 0.25, c= 1.0, d= 0.25 with timeout of 5s...
02-12-2024 11:56:48 - INFO - Setting Chamber Zones to a= 1.0, b= 0.25, c= 1.0, d= 0.25 request successfully sent.
02-12-2024 11:56:48 - INFO - Response from moonraker: {'result': 'ok'}
02-12-2024 11:56:48 - INFO - Setting Chamber Zones to a= 1.0, b= 0.25, c= 1.0, d= 0.25 Request successfully executed.
02-12-2024 11:56:48 - INFO - Sending request to Setting Chamber Zones to a= 1.0, b= 0.25, c= 1.0, d= 0.25 with timeout of 5s...
02-12-2024 11:56:48 - INFO - Setting Chamber Zones to a= 1.0, b= 0.25, c= 1.0, d= 0.25 request successfully sent.
02-12-2024 11:56:48 - INFO - Response from moonraker: {'result': 'ok'}
02-12-2024 11:56:48 - INFO - Setting Chamber Zones to a= 1.0, b= 0.25, c= 1.0, d= 0.25 Request successfully executed.
02-12-2024 11:56:49 - INFO - Sending request to Setting Chamber Zones to a= 1.0, b= 0.25, c= 1.0, d= 0.25 with timeout of 5s...
02-12-2024 11:56:49 - INFO - Setting Chamber Zones to a= 1.0, b= 0.25, c= 1.0, d= 0.25 request successfully sent.
02-12-2024 11:56:49 - INFO - Response from moonraker: {'result': 'ok'}
02-12-2024 11:56:49 - INFO - Setting Chamber Zones to a= 1.0, b= 0.25, c= 1.0, d= 0.25 Request successfully executed.
02-12-2024 11:56:49 - INFO - Sending request to Setting Chamber Zones to a= 1.0, b= 0.25, c= 1.0, d= 0.25 with timeout of 5s...
02-12-2024 11:56:49 - INFO - Setting Chamber Zones to a= 1.0, b= 0.25, c= 1.0, d= 0.25 request successfully sent.
02-12-2024 11:56:49 - INFO - Response from moonraker: {'result': 'ok'}
02-12-2024 11:56:49 - INFO - Setting Chamber Zones to a= 1.0, b= 0.25, c= 1.0, d= 0.25 Request successfully executed.
02-12-2024 11:56:49 - INFO - Sending request to Setting Chamber Zones to a= 1.0, b= 0.25, c= 1.0, d= 0.25 with timeout of 5s...
02-12-2024 11:56:49 - INFO - Setting Chamber Zones to a= 1.0, b= 0.25, c= 1.0, d= 0.25 request successfully sent.
02-12-2024 11:56:49 - INFO - Response from moonraker: {'result': 'ok'}
02-12-2024 11:56:49 - INFO - Setting Chamber Zones to a= 1.0, b= 0.25, c= 1.0, d= 0.25 Request successfully executed.
02-12-2024 11:56:49 - INFO - Sending request to Setting Chamber Zones to a= 1.0, b= 0.25, c= 1.0, d= 0.25 with timeout of 5s...
02-12-2024 11:56:49 - INFO - Setting Chamber Zones to a= 1.0, b= 0.25, c= 1.0, d= 0.25 request successfully sent.
02-12-2024 11:56:49 - INFO - Response from moonraker: {'result': 'ok'}
02-12-2024 11:56:49 - INFO - Setting Chamber Zones to a= 1.0, b= 0.25, c= 1.0, d= 0.25 Request successfully executed.
02-12-2024 11:56:49 - INFO - Sending request to Setting Chamber Zones to a= 1.0, b= 0.25, c= 1.0, d= 0.25 with timeout of 5s...
02-12-2024 11:56:49 - INFO - Setting Chamber Zones to a= 1.0, b= 0.25, c= 1.0, d= 0.25 request successfully sent.
02-12-2024 11:56:49 - INFO - Response from moonraker: {'result': 'ok'}
02-12-2024 11:56:49 - INFO - Setting Chamber Zones to a= 1.0, b= 0.25, c= 1.0, d= 0.25 Request successfully executed.
02-12-2024 11:56:50 - INFO - Sending request to Setting Chamber Zones to a= 1.0, b= 0.25, c= 1.0, d= 0.25 with timeout of 5s...
02-12-2024 11:56:50 - INFO - Setting Chamber Zones to a= 1.0, b= 0.25, c= 1.0, d= 0.25 request successfully sent.
02-12-2024 11:56:50 - INFO - Response from moonraker: {'result': 'ok'}
02-12-2024 11:56:50 - INFO - Setting Chamber Zones to a= 1.0, b= 0.25, c= 1.0, d= 0.25 Request successfully executed.
02-12-2024 11:56:50 - INFO - Sending request to Setting Chamber Zones to a= 1.0, b= 0.25, c= 1.0, d= 0.25 with timeout of 5s...
02-12-2024 11:56:50 - INFO - Setting Chamber Zones to a= 1.0, b= 0.25, c= 1.0, d= 0.25 request successfully sent.
02-12-2024 11:56:50 - INFO - Response from moonraker: {'result': 'ok'}
02-12-2024 11:56:50 - INFO - Setting Chamber Zones to a= 1.0, b= 0.25, c= 1.0, d= 0.25 Request successfully executed.
02-12-2024 11:56:50 - INFO - Sending request to Setting Chamber Zones to a= 1.0, b= 0.25, c= 1.0, d= 0.25 with timeout of 5s...
02-12-2024 11:56:50 - INFO - Setting Chamber Zones to a= 1.0, b= 0.25, c= 1.0, d= 0.25 request successfully sent.
02-12-2024 11:56:50 - INFO - Response from moonraker: {'result': 'ok'}
02-12-2024 11:56:50 - INFO - Setting Chamber Zones to a= 1.0, b= 0.25, c= 1.0, d= 0.25 Request successfully executed.
02-12-2024 11:56:50 - INFO - Sending request to Setting Chamber Zones to a= 1.0, b= 0.25, c= 1.0, d= 0.25 with timeout of 5s...
02-12-2024 11:56:50 - INFO - Setting Chamber Zones to a= 1.0, b= 0.25, c= 1.0, d= 0.25 request successfully sent.
02-12-2024 11:56:50 - INFO - Response from moonraker: {'result': 'ok'}
02-12-2024 11:56:50 - INFO - Setting Chamber Zones to a= 1.0, b= 0.25, c= 1.0, d= 0.25 Request successfully executed.
02-12-2024 11:56:50 - INFO - Sending request to Setting Chamber Zones to a= 1.0, b= 0.25, c= 1.0, d= 0.25 with timeout of 5s...
02-12-2024 11:56:50 - INFO - Setting Chamber Zones to a= 1.0, b= 0.25, c= 1.0, d= 0.25 request successfully sent.
02-12-2024 11:56:50 - INFO - Response from moonraker: {'result': 'ok'}
02-12-2024 11:56:50 - INFO - Setting Chamber Zones to a= 1.0, b= 0.25, c= 1.0, d= 0.25 Request successfully executed.
02-12-2024 11:56:51 - INFO - Sending request to Setting Chamber Zones to a= 1.0, b= 0.25, c= 1.0, d= 0.25 with timeout of 5s...
02-12-2024 11:56:51 - INFO - Setting Chamber Zones to a= 1.0, b= 0.25, c= 1.0, d= 0.25 request successfully sent.
02-12-2024 11:56:51 - INFO - Response from moonraker: {'result': 'ok'}
02-12-2024 11:56:51 - INFO - Setting Chamber Zones to a= 1.0, b= 0.25, c= 1.0, d= 0.25 Request successfully executed.
02-12-2024 11:56:51 - INFO - Sending request to Setting Chamber Zones to a= 1.0, b= 0.25, c= 1.0, d= 0.25 with timeout of 5s...
02-12-2024 11:56:51 - INFO - Setting Chamber Zones to a= 1.0, b= 0.25, c= 1.0, d= 0.25 request successfully sent.
02-12-2024 11:56:51 - INFO - Response from moonraker: {'result': 'ok'}
02-12-2024 11:56:51 - INFO - Setting Chamber Zones to a= 1.0, b= 0.25, c= 1.0, d= 0.25 Request successfully executed.
02-12-2024 11:56:51 - INFO - Sending request to Setting Chamber Zones to a= 1.0, b= 0.25, c= 1.0, d= 0.25 with timeout of 5s...
02-12-2024 11:56:51 - INFO - Setting Chamber Zones to a= 1.0, b= 0.25, c= 1.0, d= 0.25 request successfully sent.
02-12-2024 11:56:51 - INFO - Response from moonraker: {'result': 'ok'}
02-12-2024 11:56:51 - INFO - Setting Chamber Zones to a= 1.0, b= 0.25, c= 1.0, d= 0.25 Request successfully executed.
02-12-2024 11:56:51 - INFO - Sending request to Setting Chamber Zones to a= 1.0, b= 0.25, c= 1.0, d= 0.25 with timeout of 5s...
02-12-2024 11:56:51 - INFO - Setting Chamber Zones to a= 1.0, b= 0.25, c= 1.0, d= 0.25 request successfully sent.
02-12-2024 11:56:51 - INFO - Response from moonraker: {'result': 'ok'}
02-12-2024 11:56:51 - INFO - Setting Chamber Zones to a= 1.0, b= 0.25, c= 1.0, d= 0.25 Request successfully executed.
02-12-2024 11:56:51 - INFO - Sending request to Setting Chamber Zones to a= 1.0, b= 0.25, c= 1.0, d= 0.25 with timeout of 5s...
02-12-2024 11:56:51 - INFO - Setting Chamber Zones to a= 1.0, b= 0.25, c= 1.0, d= 0.25 request successfully sent.
02-12-2024 11:56:51 - INFO - Response from moonraker: {'result': 'ok'}
02-12-2024 11:56:51 - INFO - Setting Chamber Zones to a= 1.0, b= 0.25, c= 1.0, d= 0.25 Request successfully executed.
02-12-2024 11:56:52 - INFO - Sending request to Setting Chamber Zones to a= 1.0, b= 0.25, c= 1.0, d= 0.25 with timeout of 5s...
02-12-2024 11:56:52 - INFO - Setting Chamber Zones to a= 1.0, b= 0.25, c= 1.0, d= 0.25 request successfully sent.
02-12-2024 11:56:52 - INFO - Response from moonraker: {'result': 'ok'}
02-12-2024 11:56:52 - INFO - Setting Chamber Zones to a= 1.0, b= 0.25, c= 1.0, d= 0.25 Request successfully executed.
02-12-2024 11:56:52 - INFO - Sending request to Setting Chamber Zones to a= 1.0, b= 0.25, c= 1.0, d= 0.25 with timeout of 5s...
02-12-2024 11:56:52 - INFO - Setting Chamber Zones to a= 1.0, b= 0.25, c= 1.0, d= 0.25 request successfully sent.
02-12-2024 11:56:52 - INFO - Response from moonraker: {'result': 'ok'}
02-12-2024 11:56:52 - INFO - Setting Chamber Zones to a= 1.0, b= 0.25, c= 1.0, d= 0.25 Request successfully executed.
02-12-2024 11:56:52 - INFO - Sending request to Setting Chamber Zones to a= 1.0, b= 0.25, c= 1.0, d= 0.25 with timeout of 5s...
02-12-2024 11:56:52 - INFO - Setting Chamber Zones to a= 1.0, b= 0.25, c= 1.0, d= 0.25 request successfully sent.
02-12-2024 11:56:52 - INFO - Response from moonraker: {'result': 'ok'}
02-12-2024 11:56:52 - INFO - Setting Chamber Zones to a= 1.0, b= 0.25, c= 1.0, d= 0.25 Request successfully executed.
02-12-2024 11:56:52 - INFO - Sending request to Setting Chamber Zones to a= 1.0, b= 0.25, c= 1.0, d= 0.25 with timeout of 5s...
02-12-2024 11:56:52 - INFO - Setting Chamber Zones to a= 1.0, b= 0.25, c= 1.0, d= 0.25 request successfully sent.
02-12-2024 11:56:52 - INFO - Response from moonraker: {'result': 'ok'}
02-12-2024 11:56:52 - INFO - Setting Chamber Zones to a= 1.0, b= 0.25, c= 1.0, d= 0.25 Request successfully executed.
02-12-2024 11:56:52 - INFO - Sending request to Setting Chamber Zones to a= 1.0, b= 0.25, c= 1.0, d= 0.25 with timeout of 5s...
02-12-2024 11:56:52 - INFO - Setting Chamber Zones to a= 1.0, b= 0.25, c= 1.0, d= 0.25 request successfully sent.
02-12-2024 11:56:52 - INFO - Response from moonraker: {'result': 'ok'}
02-12-2024 11:56:52 - INFO - Setting Chamber Zones to a= 1.0, b= 0.25, c= 1.0, d= 0.25 Request successfully executed.
02-12-2024 11:56:53 - INFO - Sending request to Setting Chamber Zones to a= 1.0, b= 0.25, c= 1.0, d= 0.25 with timeout of 5s...
02-12-2024 11:56:53 - INFO - Setting Chamber Zones to a= 1.0, b= 0.25, c= 1.0, d= 0.25 request successfully sent.
02-12-2024 11:56:53 - INFO - Response from moonraker: {'result': 'ok'}
02-12-2024 11:56:53 - INFO - Setting Chamber Zones to a= 1.0, b= 0.25, c= 1.0, d= 0.25 Request successfully executed.
02-12-2024 11:56:53 - INFO - Sending request to Setting Chamber Zones to a= 1.0, b= 0.25, c= 1.0, d= 0.25 with timeout of 5s...
02-12-2024 11:56:53 - INFO - Setting Chamber Zones to a= 1.0, b= 0.25, c= 1.0, d= 0.25 request successfully sent.
02-12-2024 11:56:53 - INFO - Response from moonraker: {'result': 'ok'}
02-12-2024 11:56:53 - INFO - Setting Chamber Zones to a= 1.0, b= 0.25, c= 1.0, d= 0.25 Request successfully executed.
02-12-2024 11:56:53 - INFO - Sending request to Setting Chamber Zones to a= 1.0, b= 0.25, c= 1.0, d= 0.25 with timeout of 5s...
02-12-2024 11:56:53 - INFO - Setting Chamber Zones to a= 1.0, b= 0.25, c= 1.0, d= 0.25 request successfully sent.
02-12-2024 11:56:53 - INFO - Response from moonraker: {'result': 'ok'}
02-12-2024 11:56:53 - INFO - Setting Chamber Zones to a= 1.0, b= 0.25, c= 1.0, d= 0.25 Request successfully executed.
02-12-2024 11:56:53 - INFO - Sending request to Setting Chamber Zones to a= 1.0, b= 0.25, c= 1.0, d= 0.25 with timeout of 5s...
02-12-2024 11:56:53 - INFO - Setting Chamber Zones to a= 1.0, b= 0.25, c= 1.0, d= 0.25 request successfully sent.
02-12-2024 11:56:53 - INFO - Response from moonraker: {'result': 'ok'}
02-12-2024 11:56:53 - INFO - Setting Chamber Zones to a= 1.0, b= 0.25, c= 1.0, d= 0.25 Request successfully executed.
02-12-2024 11:56:53 - INFO - Sending request to Setting Chamber Zones to a= 1.0, b= 0.25, c= 1.0, d= 0.25 with timeout of 5s...
02-12-2024 11:56:53 - INFO - Setting Chamber Zones to a= 1.0, b= 0.25, c= 1.0, d= 0.25 request successfully sent.
02-12-2024 11:56:53 - INFO - Response from moonraker: {'result': 'ok'}
02-12-2024 11:56:53 - INFO - Setting Chamber Zones to a= 1.0, b= 0.25, c= 1.0, d= 0.25 Request successfully executed.
02-12-2024 11:56:54 - INFO - Sending request to Setting Chamber Zones to a= 1.0, b= 0.25, c= 1.0, d= 0.25 with timeout of 5s...
02-12-2024 11:56:54 - INFO - Setting Chamber Zones to a= 1.0, b= 0.25, c= 1.0, d= 0.25 request successfully sent.
02-12-2024 11:56:54 - INFO - Response from moonraker: {'result': 'ok'}
02-12-2024 11:56:54 - INFO - Setting Chamber Zones to a= 1.0, b= 0.25, c= 1.0, d= 0.25 Request successfully executed.
02-12-2024 11:56:54 - INFO - Sending request to Setting Chamber Zones to a= 1.0, b= 0.25, c= 1.0, d= 0.25 with timeout of 5s...
02-12-2024 11:56:54 - INFO - Setting Chamber Zones to a= 1.0, b= 0.25, c= 1.0, d= 0.25 request successfully sent.
02-12-2024 11:56:54 - INFO - Response from moonraker: {'result': 'ok'}
02-12-2024 11:56:54 - INFO - Setting Chamber Zones to a= 1.0, b= 0.25, c= 1.0, d= 0.25 Request successfully executed.
02-12-2024 11:56:54 - INFO - Sending request to Setting Chamber Zones to a= 1.0, b= 0.25, c= 1.0, d= 0.25 with timeout of 5s...
02-12-2024 11:56:54 - INFO - Setting Chamber Zones to a= 1.0, b= 0.25, c= 1.0, d= 0.25 request successfully sent.
02-12-2024 11:56:54 - INFO - Response from moonraker: {'result': 'ok'}
02-12-2024 11:56:54 - INFO - Setting Chamber Zones to a= 1.0, b= 0.25, c= 1.0, d= 0.25 Request successfully executed.
02-12-2024 11:56:54 - INFO - Sending request to Setting Chamber Zones to a= 1.0, b= 0.25, c= 1.0, d= 0.25 with timeout of 5s...
02-12-2024 11:56:54 - INFO - Setting Chamber Zones to a= 1.0, b= 0.25, c= 1.0, d= 0.25 request successfully sent.
02-12-2024 11:56:54 - INFO - Response from moonraker: {'result': 'ok'}
02-12-2024 11:56:54 - INFO - Setting Chamber Zones to a= 1.0, b= 0.25, c= 1.0, d= 0.25 Request successfully executed.
02-12-2024 11:56:54 - INFO - Sending request to Setting Chamber Zones to a= 1.0, b= 0.25, c= 1.0, d= 0.25 with timeout of 5s...
02-12-2024 11:56:54 - INFO - Setting Chamber Zones to a= 1.0, b= 0.25, c= 1.0, d= 0.25 request successfully sent.
02-12-2024 11:56:54 - INFO - Response from moonraker: {'result': 'ok'}
02-12-2024 11:56:54 - INFO - Setting Chamber Zones to a= 1.0, b= 0.25, c= 1.0, d= 0.25 Request successfully executed.
02-12-2024 11:56:55 - INFO - Sending request to Setting Chamber Zones to a= 1.0, b= 0.25, c= 1.0, d= 0.25 with timeout of 5s...
02-12-2024 11:56:55 - INFO - Setting Chamber Zones to a= 1.0, b= 0.25, c= 1.0, d= 0.25 request successfully sent.
02-12-2024 11:56:55 - INFO - Response from moonraker: {'result': 'ok'}
02-12-2024 11:56:55 - INFO - Setting Chamber Zones to a= 1.0, b= 0.25, c= 1.0, d= 0.25 Request successfully executed.
02-12-2024 11:56:55 - INFO - Sending request to Setting Chamber Zones to a= 1.0, b= 0.25, c= 1.0, d= 0.25 with timeout of 5s...
02-12-2024 11:56:55 - INFO - Setting Chamber Zones to a= 1.0, b= 0.25, c= 1.0, d= 0.25 request successfully sent.
02-12-2024 11:56:55 - INFO - Response from moonraker: {'result': 'ok'}
02-12-2024 11:56:55 - INFO - Setting Chamber Zones to a= 1.0, b= 0.25, c= 1.0, d= 0.25 Request successfully executed.
02-12-2024 11:56:55 - INFO - Sending request to Setting Chamber Zones to a= 1.0, b= 0.25, c= 1.0, d= 0.25 with timeout of 5s...
02-12-2024 11:56:55 - INFO - Setting Chamber Zones to a= 1.0, b= 0.25, c= 1.0, d= 0.25 request successfully sent.
02-12-2024 11:56:55 - INFO - Response from moonraker: {'result': 'ok'}
02-12-2024 11:56:55 - INFO - Setting Chamber Zones to a= 1.0, b= 0.25, c= 1.0, d= 0.25 Request successfully executed.
02-12-2024 11:56:55 - INFO - Sending request to Setting Chamber Zones to a= 1.0, b= 0.25, c= 1.0, d= 0.25 with timeout of 5s...
02-12-2024 11:56:55 - INFO - Setting Chamber Zones to a= 1.0, b= 0.25, c= 1.0, d= 0.25 request successfully sent.
02-12-2024 11:56:55 - INFO - Response from moonraker: {'result': 'ok'}
02-12-2024 11:56:55 - INFO - Setting Chamber Zones to a= 1.0, b= 0.25, c= 1.0, d= 0.25 Request successfully executed.
02-12-2024 11:56:55 - INFO - Sending request to Setting Chamber Zones to a= 1.0, b= 0.25, c= 1.0, d= 0.25 with timeout of 5s...
02-12-2024 11:56:55 - INFO - Setting Chamber Zones to a= 1.0, b= 0.25, c= 1.0, d= 0.25 request successfully sent.
02-12-2024 11:56:55 - INFO - Response from moonraker: {'result': 'ok'}
02-12-2024 11:56:55 - INFO - Setting Chamber Zones to a= 1.0, b= 0.25, c= 1.0, d= 0.25 Request successfully executed.
02-12-2024 11:56:56 - INFO - Sending request to Setting Chamber Zones to a= 1.0, b= 0.25, c= 1.0, d= 0.25 with timeout of 5s...
02-12-2024 11:56:56 - INFO - Setting Chamber Zones to a= 1.0, b= 0.25, c= 1.0, d= 0.25 request successfully sent.
02-12-2024 11:56:56 - INFO - Response from moonraker: {'result': 'ok'}
02-12-2024 11:56:56 - INFO - Setting Chamber Zones to a= 1.0, b= 0.25, c= 1.0, d= 0.25 Request successfully executed.
02-12-2024 11:56:56 - INFO - Sending request to Setting Chamber Zones to a= 1.0, b= 0.25, c= 1.0, d= 0.25 with timeout of 5s...
02-12-2024 11:56:56 - INFO - Setting Chamber Zones to a= 1.0, b= 0.25, c= 1.0, d= 0.25 request successfully sent.
02-12-2024 11:56:56 - INFO - Response from moonraker: {'result': 'ok'}
02-12-2024 11:56:56 - INFO - Setting Chamber Zones to a= 1.0, b= 0.25, c= 1.0, d= 0.25 Request successfully executed.
02-12-2024 11:56:56 - INFO - Sending request to Setting Chamber Zones to a= 1.0, b= 0.25, c= 1.0, d= 0.25 with timeout of 5s...
02-12-2024 11:56:56 - INFO - Setting Chamber Zones to a= 1.0, b= 0.25, c= 1.0, d= 0.25 request successfully sent.
02-12-2024 11:56:56 - INFO - Response from moonraker: {'result': 'ok'}
02-12-2024 11:56:56 - INFO - Setting Chamber Zones to a= 1.0, b= 0.25, c= 1.0, d= 0.25 Request successfully executed.
02-12-2024 11:56:56 - INFO - Sending request to Setting Chamber Zones to a= 1.0, b= 0.25, c= 1.0, d= 0.25 with timeout of 5s...
02-12-2024 11:56:56 - INFO - Setting Chamber Zones to a= 1.0, b= 0.25, c= 1.0, d= 0.25 request successfully sent.
02-12-2024 11:56:56 - INFO - Response from moonraker: {'result': 'ok'}
02-12-2024 11:56:56 - INFO - Setting Chamber Zones to a= 1.0, b= 0.25, c= 1.0, d= 0.25 Request successfully executed.
02-12-2024 11:56:56 - INFO - Sending request to Setting Chamber Zones to a= 1.0, b= 0.25, c= 1.0, d= 0.25 with timeout of 5s...
02-12-2024 11:56:56 - INFO - Setting Chamber Zones to a= 1.0, b= 0.25, c= 1.0, d= 0.25 request successfully sent.
02-12-2024 11:56:56 - INFO - Response from moonraker: {'result': 'ok'}
02-12-2024 11:56:56 - INFO - Setting Chamber Zones to a= 1.0, b= 0.25, c= 1.0, d= 0.25 Request successfully executed.
02-12-2024 11:56:57 - INFO - Sending request to Setting Chamber Zones to a= 1.0, b= 0.25, c= 1.0, d= 0.25 with timeout of 5s...
02-12-2024 11:56:57 - INFO - Setting Chamber Zones to a= 1.0, b= 0.25, c= 1.0, d= 0.25 request successfully sent.
02-12-2024 11:56:57 - INFO - Response from moonraker: {'result': 'ok'}
02-12-2024 11:56:57 - INFO - Setting Chamber Zones to a= 1.0, b= 0.25, c= 1.0, d= 0.25 Request successfully executed.
02-12-2024 11:56:57 - INFO - Sending request to Setting Chamber Zones to a= 1.0, b= 0.25, c= 1.0, d= 0.25 with timeout of 5s...
02-12-2024 11:56:57 - INFO - Setting Chamber Zones to a= 1.0, b= 0.25, c= 1.0, d= 0.25 request successfully sent.
02-12-2024 11:56:57 - INFO - Response from moonraker: {'result': 'ok'}
02-12-2024 11:56:57 - INFO - Setting Chamber Zones to a= 1.0, b= 0.25, c= 1.0, d= 0.25 Request successfully executed.
02-12-2024 11:56:57 - INFO - Sending request to Setting Chamber Zones to a= 1.0, b= 0.25, c= 1.0, d= 0.25 with timeout of 5s...
02-12-2024 11:56:57 - INFO - Setting Chamber Zones to a= 1.0, b= 0.25, c= 1.0, d= 0.25 request successfully sent.
02-12-2024 11:56:57 - INFO - Response from moonraker: {'result': 'ok'}
02-12-2024 11:56:57 - INFO - Setting Chamber Zones to a= 1.0, b= 0.25, c= 1.0, d= 0.25 Request successfully executed.
02-12-2024 11:56:57 - INFO - Sending request to Setting Chamber Zones to a= 1.0, b= 0.25, c= 1.0, d= 0.25 with timeout of 5s...
02-12-2024 11:56:57 - INFO - Setting Chamber Zones to a= 1.0, b= 0.25, c= 1.0, d= 0.25 request successfully sent.
02-12-2024 11:56:57 - INFO - Response from moonraker: {'result': 'ok'}
02-12-2024 11:56:57 - INFO - Setting Chamber Zones to a= 1.0, b= 0.25, c= 1.0, d= 0.25 Request successfully executed.
02-12-2024 11:56:57 - INFO - Sending request to Setting Chamber Zones to a= 1.0, b= 0.25, c= 1.0, d= 0.25 with timeout of 5s...
02-12-2024 11:56:57 - INFO - Setting Chamber Zones to a= 1.0, b= 0.25, c= 1.0, d= 0.25 request successfully sent.
02-12-2024 11:56:57 - INFO - Response from moonraker: {'result': 'ok'}
02-12-2024 11:56:57 - INFO - Setting Chamber Zones to a= 1.0, b= 0.25, c= 1.0, d= 0.25 Request successfully executed.
02-12-2024 11:56:58 - INFO - Sending request to Setting Chamber Zones to a= 1.0, b= 0.25, c= 1.0, d= 0.25 with timeout of 5s...
02-12-2024 11:56:58 - INFO - Setting Chamber Zones to a= 1.0, b= 0.25, c= 1.0, d= 0.25 request successfully sent.
02-12-2024 11:56:58 - INFO - Response from moonraker: {'result': 'ok'}
02-12-2024 11:56:58 - INFO - Setting Chamber Zones to a= 1.0, b= 0.25, c= 1.0, d= 0.25 Request successfully executed.
02-12-2024 11:56:58 - INFO - Sending request to Setting Chamber Zones to a= 1.0, b= 0.25, c= 1.0, d= 0.25 with timeout of 5s...
02-12-2024 11:56:58 - INFO - Setting Chamber Zones to a= 1.0, b= 0.25, c= 1.0, d= 0.25 request successfully sent.
02-12-2024 11:56:58 - INFO - Response from moonraker: {'result': 'ok'}
02-12-2024 11:56:58 - INFO - Setting Chamber Zones to a= 1.0, b= 0.25, c= 1.0, d= 0.25 Request successfully executed.
02-12-2024 11:56:58 - INFO - Sending request to Setting Chamber Zones to a= 1.0, b= 0.25, c= 1.0, d= 0.25 with timeout of 5s...
02-12-2024 11:56:58 - INFO - Setting Chamber Zones to a= 1.0, b= 0.25, c= 1.0, d= 0.25 request successfully sent.
02-12-2024 11:56:58 - INFO - Response from moonraker: {'result': 'ok'}
02-12-2024 11:56:58 - INFO - Setting Chamber Zones to a= 1.0, b= 0.25, c= 1.0, d= 0.25 Request successfully executed.
02-12-2024 11:56:58 - INFO - Sending request to Setting Chamber Zones to a= 1.0, b= 0.25, c= 1.0, d= 0.25 with timeout of 5s...
02-12-2024 11:56:58 - INFO - Setting Chamber Zones to a= 1.0, b= 0.25, c= 1.0, d= 0.25 request successfully sent.
02-12-2024 11:56:58 - INFO - Response from moonraker: {'result': 'ok'}
02-12-2024 11:56:58 - INFO - Setting Chamber Zones to a= 1.0, b= 0.25, c= 1.0, d= 0.25 Request successfully executed.
02-12-2024 11:56:58 - INFO - Sending request to Setting Chamber Zones to a= 1.0, b= 0.25, c= 1.0, d= 0.25 with timeout of 5s...
02-12-2024 11:56:58 - INFO - Setting Chamber Zones to a= 1.0, b= 0.25, c= 1.0, d= 0.25 request successfully sent.
02-12-2024 11:56:58 - INFO - Response from moonraker: {'result': 'ok'}
02-12-2024 11:56:58 - INFO - Setting Chamber Zones to a= 1.0, b= 0.25, c= 1.0, d= 0.25 Request successfully executed.
02-12-2024 11:56:59 - INFO - Sending request to Setting Chamber Zones to a= 1.0, b= 0.25, c= 1.0, d= 0.25 with timeout of 5s...
02-12-2024 11:56:59 - INFO - Setting Chamber Zones to a= 1.0, b= 0.25, c= 1.0, d= 0.25 request successfully sent.
02-12-2024 11:56:59 - INFO - Response from moonraker: {'result': 'ok'}
02-12-2024 11:56:59 - INFO - Setting Chamber Zones to a= 1.0, b= 0.25, c= 1.0, d= 0.25 Request successfully executed.
02-12-2024 11:56:59 - INFO - Sending request to Setting Chamber Zones to a= 1.0, b= 0.25, c= 1.0, d= 0.25 with timeout of 5s...
02-12-2024 11:56:59 - INFO - Setting Chamber Zones to a= 1.0, b= 0.25, c= 1.0, d= 0.25 request successfully sent.
02-12-2024 11:56:59 - INFO - Response from moonraker: {'result': 'ok'}
02-12-2024 11:56:59 - INFO - Setting Chamber Zones to a= 1.0, b= 0.25, c= 1.0, d= 0.25 Request successfully executed.
02-12-2024 11:56:59 - INFO - Sending request to Setting Chamber Zones to a= 1.0, b= 0.25, c= 1.0, d= 0.25 with timeout of 5s...
02-12-2024 11:56:59 - INFO - Setting Chamber Zones to a= 1.0, b= 0.25, c= 1.0, d= 0.25 request successfully sent.
02-12-2024 11:56:59 - INFO - Response from moonraker: {'result': 'ok'}
02-12-2024 11:56:59 - INFO - Setting Chamber Zones to a= 1.0, b= 0.25, c= 1.0, d= 0.25 Request successfully executed.
02-12-2024 11:56:59 - INFO - Sending request to Setting Chamber Zones to a= 1.0, b= 0.25, c= 1.0, d= 0.25 with timeout of 5s...
02-12-2024 11:56:59 - INFO - Setting Chamber Zones to a= 1.0, b= 0.25, c= 1.0, d= 0.25 request successfully sent.
02-12-2024 11:56:59 - INFO - Response from moonraker: {'result': 'ok'}
02-12-2024 11:56:59 - INFO - Setting Chamber Zones to a= 1.0, b= 0.25, c= 1.0, d= 0.25 Request successfully executed.
02-12-2024 11:56:59 - INFO - Sending request to Setting Chamber Zones to a= 1.0, b= 0.25, c= 1.0, d= 0.25 with timeout of 5s...
02-12-2024 11:56:59 - INFO - Setting Chamber Zones to a= 1.0, b= 0.25, c= 1.0, d= 0.25 request successfully sent.
02-12-2024 11:56:59 - INFO - Response from moonraker: {'result': 'ok'}
02-12-2024 11:56:59 - INFO - Setting Chamber Zones to a= 1.0, b= 0.25, c= 1.0, d= 0.25 Request successfully executed.
02-12-2024 11:57:00 - INFO - Sending request to Setting Chamber Zones to a= 1.0, b= 0.25, c= 1.0, d= 0.25 with timeout of 5s...
02-12-2024 11:57:00 - INFO - Setting Chamber Zones to a= 1.0, b= 0.25, c= 1.0, d= 0.25 request successfully sent.
02-12-2024 11:57:00 - INFO - Response from moonraker: {'result': 'ok'}
02-12-2024 11:57:00 - INFO - Setting Chamber Zones to a= 1.0, b= 0.25, c= 1.0, d= 0.25 Request successfully executed.
02-12-2024 11:57:00 - INFO - Sending request to Setting Chamber Zones to a= 1.0, b= 0.25, c= 1.0, d= 0.25 with timeout of 5s...
02-12-2024 11:57:00 - INFO - Setting Chamber Zones to a= 1.0, b= 0.25, c= 1.0, d= 0.25 request successfully sent.
02-12-2024 11:57:00 - INFO - Response from moonraker: {'result': 'ok'}
02-12-2024 11:57:00 - INFO - Setting Chamber Zones to a= 1.0, b= 0.25, c= 1.0, d= 0.25 Request successfully executed.
02-12-2024 11:57:00 - INFO - Sending request to Setting Chamber Zones to a= 1.0, b= 0.25, c= 1.0, d= 0.25 with timeout of 5s...
02-12-2024 11:57:00 - INFO - Setting Chamber Zones to a= 1.0, b= 0.25, c= 1.0, d= 0.25 request successfully sent.
02-12-2024 11:57:00 - INFO - Response from moonraker: {'result': 'ok'}
02-12-2024 11:57:00 - INFO - Setting Chamber Zones to a= 1.0, b= 0.25, c= 1.0, d= 0.25 Request successfully executed.
02-12-2024 11:57:00 - INFO - Sending request to Setting Chamber Zones to a= 1.0, b= 0.25, c= 1.0, d= 0.25 with timeout of 5s...
02-12-2024 11:57:00 - INFO - Setting Chamber Zones to a= 1.0, b= 0.25, c= 1.0, d= 0.25 request successfully sent.
02-12-2024 11:57:00 - INFO - Response from moonraker: {'result': 'ok'}
02-12-2024 11:57:00 - INFO - Setting Chamber Zones to a= 1.0, b= 0.25, c= 1.0, d= 0.25 Request successfully executed.
02-12-2024 11:57:00 - INFO - Sending request to Setting Chamber Zones to a= 1.0, b= 0.25, c= 1.0, d= 0.25 with timeout of 5s...
02-12-2024 11:57:00 - INFO - Setting Chamber Zones to a= 1.0, b= 0.25, c= 1.0, d= 0.25 request successfully sent.
02-12-2024 11:57:00 - INFO - Response from moonraker: {'result': 'ok'}
02-12-2024 11:57:00 - INFO - Setting Chamber Zones to a= 1.0, b= 0.25, c= 1.0, d= 0.25 Request successfully executed.
02-12-2024 11:57:01 - INFO - Sending request to Setting Chamber Zones to a= 1.0, b= 0.25, c= 1.0, d= 0.25 with timeout of 5s...
02-12-2024 11:57:01 - INFO - Setting Chamber Zones to a= 1.0, b= 0.25, c= 1.0, d= 0.25 request successfully sent.
02-12-2024 11:57:01 - INFO - Response from moonraker: {'result': 'ok'}
02-12-2024 11:57:01 - INFO - Setting Chamber Zones to a= 1.0, b= 0.25, c= 1.0, d= 0.25 Request successfully executed.
02-12-2024 11:57:01 - INFO - Sending request to Setting Chamber Zones to a= 1.0, b= 0.25, c= 1.0, d= 0.25 with timeout of 5s...
02-12-2024 11:57:01 - INFO - Setting Chamber Zones to a= 1.0, b= 0.25, c= 1.0, d= 0.25 request successfully sent.
02-12-2024 11:57:01 - INFO - Response from moonraker: {'result': 'ok'}
02-12-2024 11:57:01 - INFO - Setting Chamber Zones to a= 1.0, b= 0.25, c= 1.0, d= 0.25 Request successfully executed.
02-12-2024 11:57:01 - INFO - Sending request to Setting Chamber Zones to a= 1.0, b= 0.25, c= 1.0, d= 0.25 with timeout of 5s...
02-12-2024 11:57:01 - INFO - Setting Chamber Zones to a= 1.0, b= 0.25, c= 1.0, d= 0.25 request successfully sent.
02-12-2024 11:57:01 - INFO - Response from moonraker: {'result': 'ok'}
02-12-2024 11:57:01 - INFO - Setting Chamber Zones to a= 1.0, b= 0.25, c= 1.0, d= 0.25 Request successfully executed.
02-12-2024 11:57:01 - INFO - Sending request to Setting Chamber Zones to a= 1.0, b= 0.25, c= 1.0, d= 0.25 with timeout of 5s...
02-12-2024 11:57:01 - INFO - Setting Chamber Zones to a= 1.0, b= 0.25, c= 1.0, d= 0.25 request successfully sent.
02-12-2024 11:57:01 - INFO - Response from moonraker: {'result': 'ok'}
02-12-2024 11:57:01 - INFO - Setting Chamber Zones to a= 1.0, b= 0.25, c= 1.0, d= 0.25 Request successfully executed.
02-12-2024 11:57:01 - INFO - Sending request to Setting Chamber Zones to a= 1.0, b= 0.25, c= 1.0, d= 0.25 with timeout of 5s...
02-12-2024 11:57:01 - INFO - Setting Chamber Zones to a= 1.0, b= 0.25, c= 1.0, d= 0.25 request successfully sent.
02-12-2024 11:57:01 - INFO - Response from moonraker: {'result': 'ok'}
02-12-2024 11:57:01 - INFO - Setting Chamber Zones to a= 1.0, b= 0.25, c= 1.0, d= 0.25 Request successfully executed.
02-12-2024 11:57:02 - INFO - Sending request to Setting Chamber Zones to a= 1.0, b= 0.25, c= 1.0, d= 0.25 with timeout of 5s...
02-12-2024 11:57:02 - INFO - Setting Chamber Zones to a= 1.0, b= 0.25, c= 1.0, d= 0.25 request successfully sent.
02-12-2024 11:57:02 - INFO - Response from moonraker: {'result': 'ok'}
02-12-2024 11:57:02 - INFO - Setting Chamber Zones to a= 1.0, b= 0.25, c= 1.0, d= 0.25 Request successfully executed.
02-12-2024 11:57:02 - INFO - Sending request to Setting Chamber Zones to a= 1.0, b= 0.25, c= 1.0, d= 0.25 with timeout of 5s...
02-12-2024 11:57:02 - INFO - Setting Chamber Zones to a= 1.0, b= 0.25, c= 1.0, d= 0.25 request successfully sent.
02-12-2024 11:57:02 - INFO - Response from moonraker: {'result': 'ok'}
02-12-2024 11:57:02 - INFO - Setting Chamber Zones to a= 1.0, b= 0.25, c= 1.0, d= 0.25 Request successfully executed.
02-12-2024 11:57:02 - INFO - Sending request to Setting Chamber Zones to a= 1.0, b= 0.25, c= 1.0, d= 0.25 with timeout of 5s...
02-12-2024 11:57:02 - INFO - Setting Chamber Zones to a= 1.0, b= 0.25, c= 1.0, d= 0.25 request successfully sent.
02-12-2024 11:57:02 - INFO - Response from moonraker: {'result': 'ok'}
02-12-2024 11:57:02 - INFO - Setting Chamber Zones to a= 1.0, b= 0.25, c= 1.0, d= 0.25 Request successfully executed.
02-12-2024 11:57:02 - INFO - Sending request to Setting Chamber Zones to a= 1.0, b= 0.25, c= 1.0, d= 0.25 with timeout of 5s...
02-12-2024 11:57:02 - INFO - Setting Chamber Zones to a= 1.0, b= 0.25, c= 1.0, d= 0.25 request successfully sent.
02-12-2024 11:57:02 - INFO - Response from moonraker: {'result': 'ok'}
02-12-2024 11:57:02 - INFO - Setting Chamber Zones to a= 1.0, b= 0.25, c= 1.0, d= 0.25 Request successfully executed.
02-12-2024 11:57:02 - INFO - Sending request to Setting Chamber Zones to a= 1.0, b= 0.25, c= 1.0, d= 0.25 with timeout of 5s...
02-12-2024 11:57:02 - INFO - Setting Chamber Zones to a= 1.0, b= 0.25, c= 1.0, d= 0.25 request successfully sent.
02-12-2024 11:57:02 - INFO - Response from moonraker: {'result': 'ok'}
02-12-2024 11:57:02 - INFO - Setting Chamber Zones to a= 1.0, b= 0.25, c= 1.0, d= 0.25 Request successfully executed.
02-12-2024 11:57:03 - INFO - Sending request to Setting Chamber Zones to a= 1.0, b= 0.25, c= 1.0, d= 0.25 with timeout of 5s...
02-12-2024 11:57:03 - INFO - Setting Chamber Zones to a= 1.0, b= 0.25, c= 1.0, d= 0.25 request successfully sent.
02-12-2024 11:57:03 - INFO - Response from moonraker: {'result': 'ok'}
02-12-2024 11:57:03 - INFO - Setting Chamber Zones to a= 1.0, b= 0.25, c= 1.0, d= 0.25 Request successfully executed.
02-12-2024 11:57:03 - INFO - Sending request to Setting Chamber Zones to a= 1.0, b= 0.25, c= 1.0, d= 0.25 with timeout of 5s...
02-12-2024 11:57:03 - INFO - Setting Chamber Zones to a= 1.0, b= 0.25, c= 1.0, d= 0.25 request successfully sent.
02-12-2024 11:57:03 - INFO - Response from moonraker: {'result': 'ok'}
02-12-2024 11:57:03 - INFO - Setting Chamber Zones to a= 1.0, b= 0.25, c= 1.0, d= 0.25 Request successfully executed.
02-12-2024 11:57:03 - INFO - Sending request to Setting Chamber Zones to a= 1.0, b= 0.25, c= 1.0, d= 0.25 with timeout of 5s...
02-12-2024 11:57:03 - INFO - Setting Chamber Zones to a= 1.0, b= 0.25, c= 1.0, d= 0.25 request successfully sent.
02-12-2024 11:57:03 - INFO - Response from moonraker: {'result': 'ok'}
02-12-2024 11:57:03 - INFO - Setting Chamber Zones to a= 1.0, b= 0.25, c= 1.0, d= 0.25 Request successfully executed.
02-12-2024 11:57:03 - INFO - Sending request to Setting Chamber Zones to a= 1.0, b= 0.25, c= 1.0, d= 0.25 with timeout of 5s...
02-12-2024 11:57:03 - INFO - Setting Chamber Zones to a= 1.0, b= 0.25, c= 1.0, d= 0.25 request successfully sent.
02-12-2024 11:57:03 - INFO - Response from moonraker: {'result': 'ok'}
02-12-2024 11:57:03 - INFO - Setting Chamber Zones to a= 1.0, b= 0.25, c= 1.0, d= 0.25 Request successfully executed.
02-12-2024 11:57:03 - INFO - Sending request to Setting Chamber Zones to a= 1.0, b= 0.25, c= 1.0, d= 0.25 with timeout of 5s...
02-12-2024 11:57:03 - INFO - Setting Chamber Zones to a= 1.0, b= 0.25, c= 1.0, d= 0.25 request successfully sent.
02-12-2024 11:57:03 - INFO - Response from moonraker: {'result': 'ok'}
02-12-2024 11:57:03 - INFO - Setting Chamber Zones to a= 1.0, b= 0.25, c= 1.0, d= 0.25 Request successfully executed.
02-12-2024 11:57:04 - INFO - Sending request to Setting Chamber Zones to a= 1.0, b= 0.25, c= 1.0, d= 0.25 with timeout of 5s...
02-12-2024 11:57:04 - INFO - Setting Chamber Zones to a= 1.0, b= 0.25, c= 1.0, d= 0.25 request successfully sent.
02-12-2024 11:57:04 - INFO - Response from moonraker: {'result': 'ok'}
02-12-2024 11:57:04 - INFO - Setting Chamber Zones to a= 1.0, b= 0.25, c= 1.0, d= 0.25 Request successfully executed.
02-12-2024 11:57:06 - INFO - Sending request to Setting Chamber Zones to a= 0, b= 0, c= 0, d= 0 with timeout of 5s...
02-12-2024 11:57:06 - INFO - Setting Chamber Zones to a= 0, b= 0, c= 0, d= 0 request successfully sent.
02-12-2024 11:57:06 - INFO - Response from moonraker: {'result': 'ok'}
02-12-2024 11:57:06 - INFO - Setting Chamber Zones to a= 0, b= 0, c= 0, d= 0 Request successfully executed.
02-12-2024 11:57:30 - INFO - Emergency stop request successfully sent.
02-12-2024 11:57:30 - INFO - Response from moonraker: {'result': 'ok'}
02-12-2024 11:57:30 - INFO - Emergency stop Request successfully executed.
