10-10-2024 20:26:38 - INFO - Sending request to Setting chamber_heater2 Heater Temp to 157.2978 for chamber setpoint of 75.0 with timeout of 5s...
10-10-2024 20:26:38 - INFO - Setting chamber_heater2 Heater Temp to 157.2978 for chamber setpoint of 75.0 request successfully sent.
10-10-2024 20:26:38 - INFO - Response from moonraker: {'result': 'ok'}
10-10-2024 20:26:38 - INFO - Setting chamber_heater2 Heater Temp to 157.2978 for chamber setpoint of 75.0 Request successfully executed.
10-10-2024 20:26:38 - INFO - Sending request to Setting chamber_heater3 Heater Temp to 157.2978 for chamber setpoint of 75.0 with timeout of 5s...
10-10-2024 20:26:38 - INFO - Setting chamber_heater3 Heater Temp to 157.2978 for chamber setpoint of 75.0 request successfully sent.
10-10-2024 20:26:38 - INFO - Response from moonraker: {'result': 'ok'}
10-10-2024 20:26:38 - INFO - Setting chamber_heater3 Heater Temp to 157.2978 for chamber setpoint of 75.0 Request successfully executed.
10-10-2024 20:26:38 - INFO - Sending request to Setting chamber_heater4 Heater Temp to 157.2978 for chamber setpoint of 75.0 with timeout of 5s...
10-10-2024 20:26:38 - INFO - Setting chamber_heater4 Heater Temp to 157.2978 for chamber setpoint of 75.0 request successfully sent.
10-10-2024 20:26:38 - INFO - Response from moonraker: {'result': 'ok'}
10-10-2024 20:26:38 - INFO - Setting chamber_heater4 Heater Temp to 157.2978 for chamber setpoint of 75.0 Request successfully executed.
10-10-2024 20:26:38 - INFO - Sending request to Setting chamber_heater5 Heater Temp to 142.5147 for chamber setpoint of 75.0 with timeout of 5s...
10-10-2024 20:26:38 - INFO - Setting chamber_heater5 Heater Temp to 142.5147 for chamber setpoint of 75.0 request successfully sent.
10-10-2024 20:26:38 - INFO - Response from moonraker: {'result': 'ok'}
10-10-2024 20:26:38 - INFO - Setting chamber_heater5 Heater Temp to 142.5147 for chamber setpoint of 75.0 Request successfully executed.
10-10-2024 20:26:38 - INFO - Sending request to Setting chamber_heater6 Heater Temp to 142.5147 for chamber setpoint of 75.0 with timeout of 5s...
10-10-2024 20:26:38 - INFO - Setting chamber_heater6 Heater Temp to 142.5147 for chamber setpoint of 75.0 request successfully sent.
10-10-2024 20:26:38 - INFO - Response from moonraker: {'result': 'ok'}
10-10-2024 20:26:38 - INFO - Setting chamber_heater6 Heater Temp to 142.5147 for chamber setpoint of 75.0 Request successfully executed.
10-10-2024 20:26:38 - INFO - Sending request to Setting chamber_heater7 Heater Temp to 142.5147 for chamber setpoint of 75.0 with timeout of 5s...
10-10-2024 20:26:38 - INFO - Setting chamber_heater7 Heater Temp to 142.5147 for chamber setpoint of 75.0 request successfully sent.
10-10-2024 20:26:38 - INFO - Response from moonraker: {'result': 'ok'}
10-10-2024 20:26:38 - INFO - Setting chamber_heater7 Heater Temp to 142.5147 for chamber setpoint of 75.0 Request successfully executed.
10-10-2024 20:26:38 - INFO - Sending request to Setting chamber_heater11 Heater Temp to 142.5147 for chamber setpoint of 75.0 with timeout of 5s...
10-10-2024 20:26:38 - INFO - Setting chamber_heater11 Heater Temp to 142.5147 for chamber setpoint of 75.0 request successfully sent.
10-10-2024 20:26:38 - INFO - Response from moonraker: {'result': 'ok'}
10-10-2024 20:26:38 - INFO - Setting chamber_heater11 Heater Temp to 142.5147 for chamber setpoint of 75.0 Request successfully executed.
10-10-2024 20:26:38 - INFO - Sending request to Setting chamber_heater12 Heater Temp to 142.5147 for chamber setpoint of 75.0 with timeout of 5s...
10-10-2024 20:26:38 - INFO - Setting chamber_heater12 Heater Temp to 142.5147 for chamber setpoint of 75.0 request successfully sent.
10-10-2024 20:26:38 - INFO - Response from moonraker: {'result': 'ok'}
10-10-2024 20:26:38 - INFO - Setting chamber_heater12 Heater Temp to 142.5147 for chamber setpoint of 75.0 Request successfully executed.
10-10-2024 20:26:43 - INFO - Sending request to Setting chamber_heater2 Heater Temp to 173.2058 for chamber setpoint of 80.0 with timeout of 5s...
10-10-2024 20:26:43 - INFO - Setting chamber_heater2 Heater Temp to 173.2058 for chamber setpoint of 80.0 request successfully sent.
10-10-2024 20:26:43 - INFO - Response from moonraker: {'result': 'ok'}
10-10-2024 20:26:43 - INFO - Setting chamber_heater2 Heater Temp to 173.2058 for chamber setpoint of 80.0 Request successfully executed.
10-10-2024 20:26:43 - INFO - Sending request to Setting chamber_heater3 Heater Temp to 173.2058 for chamber setpoint of 80.0 with timeout of 5s...
10-10-2024 20:26:43 - INFO - Setting chamber_heater3 Heater Temp to 173.2058 for chamber setpoint of 80.0 request successfully sent.
10-10-2024 20:26:43 - INFO - Response from moonraker: {'result': 'ok'}
10-10-2024 20:26:43 - INFO - Setting chamber_heater3 Heater Temp to 173.2058 for chamber setpoint of 80.0 Request successfully executed.
10-10-2024 20:26:43 - INFO - Sending request to Setting chamber_heater4 Heater Temp to 173.2058 for chamber setpoint of 80.0 with timeout of 5s...
10-10-2024 20:26:43 - INFO - Setting chamber_heater4 Heater Temp to 173.2058 for chamber setpoint of 80.0 request successfully sent.
10-10-2024 20:26:43 - INFO - Response from moonraker: {'result': 'ok'}
10-10-2024 20:26:43 - INFO - Setting chamber_heater4 Heater Temp to 173.2058 for chamber setpoint of 80.0 Request successfully executed.
10-10-2024 20:26:43 - INFO - Sending request to Setting chamber_heater5 Heater Temp to 156.65269999999998 for chamber setpoint of 80.0 with timeout of 5s...
10-10-2024 20:26:43 - INFO - Setting chamber_heater5 Heater Temp to 156.65269999999998 for chamber setpoint of 80.0 request successfully sent.
10-10-2024 20:26:43 - INFO - Response from moonraker: {'result': 'ok'}
10-10-2024 20:26:43 - INFO - Setting chamber_heater5 Heater Temp to 156.65269999999998 for chamber setpoint of 80.0 Request successfully executed.
10-10-2024 20:26:43 - INFO - Sending request to Setting chamber_heater6 Heater Temp to 156.65269999999998 for chamber setpoint of 80.0 with timeout of 5s...
10-10-2024 20:26:43 - INFO - Setting chamber_heater6 Heater Temp to 156.65269999999998 for chamber setpoint of 80.0 request successfully sent.
10-10-2024 20:26:43 - INFO - Response from moonraker: {'result': 'ok'}
10-10-2024 20:26:43 - INFO - Setting chamber_heater6 Heater Temp to 156.65269999999998 for chamber setpoint of 80.0 Request successfully executed.
10-10-2024 20:26:43 - INFO - Sending request to Setting chamber_heater7 Heater Temp to 156.65269999999998 for chamber setpoint of 80.0 with timeout of 5s...
10-10-2024 20:26:43 - INFO - Setting chamber_heater7 Heater Temp to 156.65269999999998 for chamber setpoint of 80.0 request successfully sent.
10-10-2024 20:26:43 - INFO - Response from moonraker: {'result': 'ok'}
10-10-2024 20:26:43 - INFO - Setting chamber_heater7 Heater Temp to 156.65269999999998 for chamber setpoint of 80.0 Request successfully executed.
10-10-2024 20:26:43 - INFO - Sending request to Setting chamber_heater11 Heater Temp to 156.65269999999998 for chamber setpoint of 80.0 with timeout of 5s...
10-10-2024 20:26:43 - INFO - Setting chamber_heater11 Heater Temp to 156.65269999999998 for chamber setpoint of 80.0 request successfully sent.
10-10-2024 20:26:43 - INFO - Response from moonraker: {'result': 'ok'}
10-10-2024 20:26:43 - INFO - Setting chamber_heater11 Heater Temp to 156.65269999999998 for chamber setpoint of 80.0 Request successfully executed.
10-10-2024 20:26:43 - INFO - Sending request to Setting chamber_heater12 Heater Temp to 156.65269999999998 for chamber setpoint of 80.0 with timeout of 5s...
10-10-2024 20:26:43 - INFO - Setting chamber_heater12 Heater Temp to 156.65269999999998 for chamber setpoint of 80.0 request successfully sent.
10-10-2024 20:26:43 - INFO - Response from moonraker: {'result': 'ok'}
10-10-2024 20:26:43 - INFO - Setting chamber_heater12 Heater Temp to 156.65269999999998 for chamber setpoint of 80.0 Request successfully executed.
10-10-2024 20:26:48 - INFO - Sending request to Setting chamber_heater2 Heater Temp to 189.24379999999996 for chamber setpoint of 85.0 with timeout of 5s...
10-10-2024 20:26:48 - INFO - Setting chamber_heater2 Heater Temp to 189.24379999999996 for chamber setpoint of 85.0 request successfully sent.
10-10-2024 20:26:48 - INFO - Response from moonraker: {'result': 'ok'}
10-10-2024 20:26:48 - INFO - Setting chamber_heater2 Heater Temp to 189.24379999999996 for chamber setpoint of 85.0 Request successfully executed.
10-10-2024 20:26:48 - INFO - Sending request to Setting chamber_heater3 Heater Temp to 189.24379999999996 for chamber setpoint of 85.0 with timeout of 5s...
10-10-2024 20:26:48 - INFO - Setting chamber_heater3 Heater Temp to 189.24379999999996 for chamber setpoint of 85.0 request successfully sent.
10-10-2024 20:26:48 - INFO - Response from moonraker: {'result': 'ok'}
10-10-2024 20:26:48 - INFO - Setting chamber_heater3 Heater Temp to 189.24379999999996 for chamber setpoint of 85.0 Request successfully executed.
10-10-2024 20:26:48 - INFO - Sending request to Setting chamber_heater4 Heater Temp to 189.24379999999996 for chamber setpoint of 85.0 with timeout of 5s...
10-10-2024 20:26:48 - INFO - Setting chamber_heater4 Heater Temp to 189.24379999999996 for chamber setpoint of 85.0 request successfully sent.
10-10-2024 20:26:48 - INFO - Response from moonraker: {'result': 'ok'}
10-10-2024 20:26:48 - INFO - Setting chamber_heater4 Heater Temp to 189.24379999999996 for chamber setpoint of 85.0 Request successfully executed.
10-10-2024 20:26:48 - INFO - Sending request to Setting chamber_heater5 Heater Temp to 170.9407 for chamber setpoint of 85.0 with timeout of 5s...
10-10-2024 20:26:48 - INFO - Setting chamber_heater5 Heater Temp to 170.9407 for chamber setpoint of 85.0 request successfully sent.
10-10-2024 20:26:48 - INFO - Response from moonraker: {'result': 'ok'}
10-10-2024 20:26:48 - INFO - Setting chamber_heater5 Heater Temp to 170.9407 for chamber setpoint of 85.0 Request successfully executed.
10-10-2024 20:26:48 - INFO - Sending request to Setting chamber_heater6 Heater Temp to 170.9407 for chamber setpoint of 85.0 with timeout of 5s...
10-10-2024 20:26:48 - INFO - Setting chamber_heater6 Heater Temp to 170.9407 for chamber setpoint of 85.0 request successfully sent.
10-10-2024 20:26:48 - INFO - Response from moonraker: {'result': 'ok'}
10-10-2024 20:26:48 - INFO - Setting chamber_heater6 Heater Temp to 170.9407 for chamber setpoint of 85.0 Request successfully executed.
10-10-2024 20:26:48 - INFO - Sending request to Setting chamber_heater7 Heater Temp to 170.9407 for chamber setpoint of 85.0 with timeout of 5s...
10-10-2024 20:26:48 - INFO - Setting chamber_heater7 Heater Temp to 170.9407 for chamber setpoint of 85.0 request successfully sent.
10-10-2024 20:26:48 - INFO - Response from moonraker: {'result': 'ok'}
10-10-2024 20:26:48 - INFO - Setting chamber_heater7 Heater Temp to 170.9407 for chamber setpoint of 85.0 Request successfully executed.
10-10-2024 20:26:48 - INFO - Sending request to Setting chamber_heater11 Heater Temp to 170.9407 for chamber setpoint of 85.0 with timeout of 5s...
10-10-2024 20:26:48 - INFO - Setting chamber_heater11 Heater Temp to 170.9407 for chamber setpoint of 85.0 request successfully sent.
10-10-2024 20:26:48 - INFO - Response from moonraker: {'result': 'ok'}
10-10-2024 20:26:48 - INFO - Setting chamber_heater11 Heater Temp to 170.9407 for chamber setpoint of 85.0 Request successfully executed.
10-10-2024 20:26:48 - INFO - Sending request to Setting chamber_heater12 Heater Temp to 170.9407 for chamber setpoint of 85.0 with timeout of 5s...
10-10-2024 20:26:48 - INFO - Setting chamber_heater12 Heater Temp to 170.9407 for chamber setpoint of 85.0 request successfully sent.
10-10-2024 20:26:48 - INFO - Response from moonraker: {'result': 'ok'}
10-10-2024 20:26:48 - INFO - Setting chamber_heater12 Heater Temp to 170.9407 for chamber setpoint of 85.0 Request successfully executed.
10-10-2024 20:26:53 - INFO - Sending request to Setting chamber_heater2 Heater Temp to 205.41179999999997 for chamber setpoint of 90.0 with timeout of 5s...
10-10-2024 20:26:53 - INFO - Setting chamber_heater2 Heater Temp to 205.41179999999997 for chamber setpoint of 90.0 request successfully sent.
10-10-2024 20:26:53 - INFO - Response from moonraker: {'result': 'ok'}
10-10-2024 20:26:53 - INFO - Setting chamber_heater2 Heater Temp to 205.41179999999997 for chamber setpoint of 90.0 Request successfully executed.
10-10-2024 20:26:53 - INFO - Sending request to Setting chamber_heater3 Heater Temp to 205.41179999999997 for chamber setpoint of 90.0 with timeout of 5s...
10-10-2024 20:26:53 - INFO - Setting chamber_heater3 Heater Temp to 205.41179999999997 for chamber setpoint of 90.0 request successfully sent.
10-10-2024 20:26:53 - INFO - Response from moonraker: {'result': 'ok'}
10-10-2024 20:26:53 - INFO - Setting chamber_heater3 Heater Temp to 205.41179999999997 for chamber setpoint of 90.0 Request successfully executed.
10-10-2024 20:26:53 - INFO - Sending request to Setting chamber_heater4 Heater Temp to 205.41179999999997 for chamber setpoint of 90.0 with timeout of 5s...
10-10-2024 20:26:53 - INFO - Setting chamber_heater4 Heater Temp to 205.41179999999997 for chamber setpoint of 90.0 request successfully sent.
10-10-2024 20:26:53 - INFO - Response from moonraker: {'result': 'ok'}
10-10-2024 20:26:53 - INFO - Setting chamber_heater4 Heater Temp to 205.41179999999997 for chamber setpoint of 90.0 Request successfully executed.
10-10-2024 20:26:53 - INFO - Sending request to Setting chamber_heater5 Heater Temp to 185.37870000000004 for chamber setpoint of 90.0 with timeout of 5s...
10-10-2024 20:26:53 - INFO - Setting chamber_heater5 Heater Temp to 185.37870000000004 for chamber setpoint of 90.0 request successfully sent.
10-10-2024 20:26:53 - INFO - Response from moonraker: {'result': 'ok'}
10-10-2024 20:26:53 - INFO - Setting chamber_heater5 Heater Temp to 185.37870000000004 for chamber setpoint of 90.0 Request successfully executed.
10-10-2024 20:26:53 - INFO - Sending request to Setting chamber_heater6 Heater Temp to 185.37870000000004 for chamber setpoint of 90.0 with timeout of 5s...
10-10-2024 20:26:53 - INFO - Setting chamber_heater6 Heater Temp to 185.37870000000004 for chamber setpoint of 90.0 request successfully sent.
10-10-2024 20:26:53 - INFO - Response from moonraker: {'result': 'ok'}
10-10-2024 20:26:53 - INFO - Setting chamber_heater6 Heater Temp to 185.37870000000004 for chamber setpoint of 90.0 Request successfully executed.
10-10-2024 20:26:53 - INFO - Sending request to Setting chamber_heater7 Heater Temp to 185.37870000000004 for chamber setpoint of 90.0 with timeout of 5s...
10-10-2024 20:26:53 - INFO - Setting chamber_heater7 Heater Temp to 185.37870000000004 for chamber setpoint of 90.0 request successfully sent.
10-10-2024 20:26:53 - INFO - Response from moonraker: {'result': 'ok'}
10-10-2024 20:26:53 - INFO - Setting chamber_heater7 Heater Temp to 185.37870000000004 for chamber setpoint of 90.0 Request successfully executed.
10-10-2024 20:26:53 - INFO - Sending request to Setting chamber_heater11 Heater Temp to 185.37870000000004 for chamber setpoint of 90.0 with timeout of 5s...
10-10-2024 20:26:53 - INFO - Setting chamber_heater11 Heater Temp to 185.37870000000004 for chamber setpoint of 90.0 request successfully sent.
10-10-2024 20:26:53 - INFO - Response from moonraker: {'result': 'ok'}
10-10-2024 20:26:53 - INFO - Setting chamber_heater11 Heater Temp to 185.37870000000004 for chamber setpoint of 90.0 Request successfully executed.
10-10-2024 20:26:53 - INFO - Sending request to Setting chamber_heater12 Heater Temp to 185.37870000000004 for chamber setpoint of 90.0 with timeout of 5s...
10-10-2024 20:26:53 - INFO - Setting chamber_heater12 Heater Temp to 185.37870000000004 for chamber setpoint of 90.0 request successfully sent.
10-10-2024 20:26:53 - INFO - Response from moonraker: {'result': 'ok'}
10-10-2024 20:26:53 - INFO - Setting chamber_heater12 Heater Temp to 185.37870000000004 for chamber setpoint of 90.0 Request successfully executed.
10-10-2024 20:26:58 - INFO - Sending request to Setting chamber_heater2 Heater Temp to 221.70979999999997 for chamber setpoint of 95.0 with timeout of 5s...
10-10-2024 20:26:58 - INFO - Setting chamber_heater2 Heater Temp to 221.70979999999997 for chamber setpoint of 95.0 request successfully sent.
10-10-2024 20:26:58 - INFO - Response from moonraker: {'result': 'ok'}
10-10-2024 20:26:58 - INFO - Setting chamber_heater2 Heater Temp to 221.70979999999997 for chamber setpoint of 95.0 Request successfully executed.
10-10-2024 20:26:58 - INFO - Sending request to Setting chamber_heater3 Heater Temp to 221.70979999999997 for chamber setpoint of 95.0 with timeout of 5s...
10-10-2024 20:26:58 - INFO - Setting chamber_heater3 Heater Temp to 221.70979999999997 for chamber setpoint of 95.0 request successfully sent.
10-10-2024 20:26:58 - INFO - Response from moonraker: {'result': 'ok'}
10-10-2024 20:26:58 - INFO - Setting chamber_heater3 Heater Temp to 221.70979999999997 for chamber setpoint of 95.0 Request successfully executed.
10-10-2024 20:26:58 - INFO - Sending request to Setting chamber_heater4 Heater Temp to 221.70979999999997 for chamber setpoint of 95.0 with timeout of 5s...
10-10-2024 20:26:58 - INFO - Setting chamber_heater4 Heater Temp to 221.70979999999997 for chamber setpoint of 95.0 request successfully sent.
10-10-2024 20:26:58 - INFO - Response from moonraker: {'result': 'ok'}
10-10-2024 20:26:58 - INFO - Setting chamber_heater4 Heater Temp to 221.70979999999997 for chamber setpoint of 95.0 Request successfully executed.
10-10-2024 20:26:58 - INFO - Sending request to Setting chamber_heater5 Heater Temp to 199.9667 for chamber setpoint of 95.0 with timeout of 5s...
10-10-2024 20:26:58 - INFO - Setting chamber_heater5 Heater Temp to 199.9667 for chamber setpoint of 95.0 request successfully sent.
10-10-2024 20:26:58 - INFO - Response from moonraker: {'result': 'ok'}
10-10-2024 20:26:58 - INFO - Setting chamber_heater5 Heater Temp to 199.9667 for chamber setpoint of 95.0 Request successfully executed.
10-10-2024 20:26:58 - INFO - Sending request to Setting chamber_heater6 Heater Temp to 199.9667 for chamber setpoint of 95.0 with timeout of 5s...
10-10-2024 20:26:58 - INFO - Setting chamber_heater6 Heater Temp to 199.9667 for chamber setpoint of 95.0 request successfully sent.
10-10-2024 20:26:58 - INFO - Response from moonraker: {'result': 'ok'}
10-10-2024 20:26:58 - INFO - Setting chamber_heater6 Heater Temp to 199.9667 for chamber setpoint of 95.0 Request successfully executed.
10-10-2024 20:26:58 - INFO - Sending request to Setting chamber_heater7 Heater Temp to 199.9667 for chamber setpoint of 95.0 with timeout of 5s...
10-10-2024 20:26:58 - INFO - Setting chamber_heater7 Heater Temp to 199.9667 for chamber setpoint of 95.0 request successfully sent.
10-10-2024 20:26:58 - INFO - Response from moonraker: {'result': 'ok'}
10-10-2024 20:26:58 - INFO - Setting chamber_heater7 Heater Temp to 199.9667 for chamber setpoint of 95.0 Request successfully executed.
10-10-2024 20:26:58 - INFO - Sending request to Setting chamber_heater11 Heater Temp to 199.9667 for chamber setpoint of 95.0 with timeout of 5s...
10-10-2024 20:26:59 - INFO - Setting chamber_heater11 Heater Temp to 199.9667 for chamber setpoint of 95.0 request successfully sent.
10-10-2024 20:26:59 - INFO - Response from moonraker: {'result': 'ok'}
10-10-2024 20:26:59 - INFO - Setting chamber_heater11 Heater Temp to 199.9667 for chamber setpoint of 95.0 Request successfully executed.
10-10-2024 20:26:59 - INFO - Sending request to Setting chamber_heater12 Heater Temp to 199.9667 for chamber setpoint of 95.0 with timeout of 5s...
10-10-2024 20:26:59 - INFO - Setting chamber_heater12 Heater Temp to 199.9667 for chamber setpoint of 95.0 request successfully sent.
10-10-2024 20:26:59 - INFO - Response from moonraker: {'result': 'ok'}
10-10-2024 20:26:59 - INFO - Setting chamber_heater12 Heater Temp to 199.9667 for chamber setpoint of 95.0 Request successfully executed.
10-10-2024 20:27:04 - INFO - Sending request to Setting chamber_heater2 Heater Temp to 238.13780000000003 for chamber setpoint of 100.0 with timeout of 5s...
10-10-2024 20:27:04 - INFO - Setting chamber_heater2 Heater Temp to 238.13780000000003 for chamber setpoint of 100.0 request successfully sent.
10-10-2024 20:27:04 - INFO - Response from moonraker: {'result': 'ok'}
10-10-2024 20:27:04 - INFO - Setting chamber_heater2 Heater Temp to 238.13780000000003 for chamber setpoint of 100.0 Request successfully executed.
10-10-2024 20:27:04 - INFO - Sending request to Setting chamber_heater3 Heater Temp to 238.13780000000003 for chamber setpoint of 100.0 with timeout of 5s...
10-10-2024 20:27:04 - INFO - Setting chamber_heater3 Heater Temp to 238.13780000000003 for chamber setpoint of 100.0 request successfully sent.
10-10-2024 20:27:04 - INFO - Response from moonraker: {'result': 'ok'}
10-10-2024 20:27:04 - INFO - Setting chamber_heater3 Heater Temp to 238.13780000000003 for chamber setpoint of 100.0 Request successfully executed.
10-10-2024 20:27:04 - INFO - Sending request to Setting chamber_heater4 Heater Temp to 238.13780000000003 for chamber setpoint of 100.0 with timeout of 5s...
10-10-2024 20:27:04 - INFO - Setting chamber_heater4 Heater Temp to 238.13780000000003 for chamber setpoint of 100.0 request successfully sent.
10-10-2024 20:27:04 - INFO - Response from moonraker: {'result': 'ok'}
10-10-2024 20:27:04 - INFO - Setting chamber_heater4 Heater Temp to 238.13780000000003 for chamber setpoint of 100.0 Request successfully executed.
10-10-2024 20:27:04 - INFO - Sending request to Setting chamber_heater5 Heater Temp to 214.7047 for chamber setpoint of 100.0 with timeout of 5s...
10-10-2024 20:27:04 - INFO - Setting chamber_heater5 Heater Temp to 214.7047 for chamber setpoint of 100.0 request successfully sent.
10-10-2024 20:27:04 - INFO - Response from moonraker: {'result': 'ok'}
10-10-2024 20:27:04 - INFO - Setting chamber_heater5 Heater Temp to 214.7047 for chamber setpoint of 100.0 Request successfully executed.
10-10-2024 20:27:04 - INFO - Sending request to Setting chamber_heater6 Heater Temp to 214.7047 for chamber setpoint of 100.0 with timeout of 5s...
10-10-2024 20:27:05 - INFO - Setting chamber_heater6 Heater Temp to 214.7047 for chamber setpoint of 100.0 request successfully sent.
10-10-2024 20:27:05 - INFO - Response from moonraker: {'result': 'ok'}
10-10-2024 20:27:05 - INFO - Setting chamber_heater6 Heater Temp to 214.7047 for chamber setpoint of 100.0 Request successfully executed.
10-10-2024 20:27:05 - INFO - Sending request to Setting chamber_heater7 Heater Temp to 214.7047 for chamber setpoint of 100.0 with timeout of 5s...
10-10-2024 20:27:05 - INFO - Setting chamber_heater7 Heater Temp to 214.7047 for chamber setpoint of 100.0 request successfully sent.
10-10-2024 20:27:05 - INFO - Response from moonraker: {'result': 'ok'}
10-10-2024 20:27:05 - INFO - Setting chamber_heater7 Heater Temp to 214.7047 for chamber setpoint of 100.0 Request successfully executed.
10-10-2024 20:27:05 - INFO - Sending request to Setting chamber_heater11 Heater Temp to 214.7047 for chamber setpoint of 100.0 with timeout of 5s...
10-10-2024 20:27:05 - INFO - Setting chamber_heater11 Heater Temp to 214.7047 for chamber setpoint of 100.0 request successfully sent.
10-10-2024 20:27:05 - INFO - Response from moonraker: {'result': 'ok'}
10-10-2024 20:27:05 - INFO - Setting chamber_heater11 Heater Temp to 214.7047 for chamber setpoint of 100.0 Request successfully executed.
10-10-2024 20:27:05 - INFO - Sending request to Setting chamber_heater12 Heater Temp to 214.7047 for chamber setpoint of 100.0 with timeout of 5s...
10-10-2024 20:27:05 - INFO - Setting chamber_heater12 Heater Temp to 214.7047 for chamber setpoint of 100.0 request successfully sent.
10-10-2024 20:27:05 - INFO - Response from moonraker: {'result': 'ok'}
10-10-2024 20:27:05 - INFO - Setting chamber_heater12 Heater Temp to 214.7047 for chamber setpoint of 100.0 Request successfully executed.
10-10-2024 20:27:10 - INFO - Sending request to Setting chamber_heater2 Heater Temp to 254.69580000000002 for chamber setpoint of 105.0 with timeout of 5s...
10-10-2024 20:27:10 - INFO - Setting chamber_heater2 Heater Temp to 254.69580000000002 for chamber setpoint of 105.0 request successfully sent.
10-10-2024 20:27:10 - INFO - Response from moonraker: {'result': 'ok'}
10-10-2024 20:27:10 - INFO - Setting chamber_heater2 Heater Temp to 254.69580000000002 for chamber setpoint of 105.0 Request successfully executed.
10-10-2024 20:27:10 - INFO - Sending request to Setting chamber_heater3 Heater Temp to 254.69580000000002 for chamber setpoint of 105.0 with timeout of 5s...
10-10-2024 20:27:10 - INFO - Setting chamber_heater3 Heater Temp to 254.69580000000002 for chamber setpoint of 105.0 request successfully sent.
10-10-2024 20:27:10 - INFO - Response from moonraker: {'result': 'ok'}
10-10-2024 20:27:10 - INFO - Setting chamber_heater3 Heater Temp to 254.69580000000002 for chamber setpoint of 105.0 Request successfully executed.
10-10-2024 20:27:10 - INFO - Sending request to Setting chamber_heater4 Heater Temp to 254.69580000000002 for chamber setpoint of 105.0 with timeout of 5s...
10-10-2024 20:27:10 - INFO - Setting chamber_heater4 Heater Temp to 254.69580000000002 for chamber setpoint of 105.0 request successfully sent.
10-10-2024 20:27:10 - INFO - Response from moonraker: {'result': 'ok'}
10-10-2024 20:27:10 - INFO - Setting chamber_heater4 Heater Temp to 254.69580000000002 for chamber setpoint of 105.0 Request successfully executed.
10-10-2024 20:27:10 - INFO - Sending request to Setting chamber_heater5 Heater Temp to 229.59270000000004 for chamber setpoint of 105.0 with timeout of 5s...
10-10-2024 20:27:10 - INFO - Setting chamber_heater5 Heater Temp to 229.59270000000004 for chamber setpoint of 105.0 request successfully sent.
10-10-2024 20:27:10 - INFO - Response from moonraker: {'result': 'ok'}
10-10-2024 20:27:10 - INFO - Setting chamber_heater5 Heater Temp to 229.59270000000004 for chamber setpoint of 105.0 Request successfully executed.
10-10-2024 20:27:10 - INFO - Sending request to Setting chamber_heater6 Heater Temp to 229.59270000000004 for chamber setpoint of 105.0 with timeout of 5s...
10-10-2024 20:27:10 - INFO - Setting chamber_heater6 Heater Temp to 229.59270000000004 for chamber setpoint of 105.0 request successfully sent.
10-10-2024 20:27:10 - INFO - Response from moonraker: {'result': 'ok'}
10-10-2024 20:27:10 - INFO - Setting chamber_heater6 Heater Temp to 229.59270000000004 for chamber setpoint of 105.0 Request successfully executed.
10-10-2024 20:27:10 - INFO - Sending request to Setting chamber_heater7 Heater Temp to 229.59270000000004 for chamber setpoint of 105.0 with timeout of 5s...
10-10-2024 20:27:10 - INFO - Setting chamber_heater7 Heater Temp to 229.59270000000004 for chamber setpoint of 105.0 request successfully sent.
10-10-2024 20:27:10 - INFO - Response from moonraker: {'result': 'ok'}
10-10-2024 20:27:10 - INFO - Setting chamber_heater7 Heater Temp to 229.59270000000004 for chamber setpoint of 105.0 Request successfully executed.
10-10-2024 20:27:10 - INFO - Sending request to Setting chamber_heater11 Heater Temp to 229.59270000000004 for chamber setpoint of 105.0 with timeout of 5s...
10-10-2024 20:27:10 - INFO - Setting chamber_heater11 Heater Temp to 229.59270000000004 for chamber setpoint of 105.0 request successfully sent.
10-10-2024 20:27:10 - INFO - Response from moonraker: {'result': 'ok'}
10-10-2024 20:27:10 - INFO - Setting chamber_heater11 Heater Temp to 229.59270000000004 for chamber setpoint of 105.0 Request successfully executed.
10-10-2024 20:27:10 - INFO - Sending request to Setting chamber_heater12 Heater Temp to 229.59270000000004 for chamber setpoint of 105.0 with timeout of 5s...
10-10-2024 20:27:10 - INFO - Setting chamber_heater12 Heater Temp to 229.59270000000004 for chamber setpoint of 105.0 request successfully sent.
10-10-2024 20:27:10 - INFO - Response from moonraker: {'result': 'ok'}
10-10-2024 20:27:10 - INFO - Setting chamber_heater12 Heater Temp to 229.59270000000004 for chamber setpoint of 105.0 Request successfully executed.
10-10-2024 20:27:15 - INFO - Sending request to Setting chamber_heater2 Heater Temp to 271.3838 for chamber setpoint of 110.0 with timeout of 5s...
10-10-2024 20:27:15 - INFO - Setting chamber_heater2 Heater Temp to 271.3838 for chamber setpoint of 110.0 request successfully sent.
10-10-2024 20:27:15 - INFO - Response from moonraker: {'result': 'ok'}
10-10-2024 20:27:15 - INFO - Setting chamber_heater2 Heater Temp to 271.3838 for chamber setpoint of 110.0 Request successfully executed.
10-10-2024 20:27:15 - INFO - Sending request to Setting chamber_heater3 Heater Temp to 271.3838 for chamber setpoint of 110.0 with timeout of 5s...
10-10-2024 20:27:15 - INFO - Setting chamber_heater3 Heater Temp to 271.3838 for chamber setpoint of 110.0 request successfully sent.
10-10-2024 20:27:15 - INFO - Response from moonraker: {'result': 'ok'}
10-10-2024 20:27:15 - INFO - Setting chamber_heater3 Heater Temp to 271.3838 for chamber setpoint of 110.0 Request successfully executed.
10-10-2024 20:27:15 - INFO - Sending request to Setting chamber_heater4 Heater Temp to 271.3838 for chamber setpoint of 110.0 with timeout of 5s...
10-10-2024 20:27:15 - INFO - Setting chamber_heater4 Heater Temp to 271.3838 for chamber setpoint of 110.0 request successfully sent.
10-10-2024 20:27:15 - INFO - Response from moonraker: {'result': 'ok'}
10-10-2024 20:27:15 - INFO - Setting chamber_heater4 Heater Temp to 271.3838 for chamber setpoint of 110.0 Request successfully executed.
10-10-2024 20:27:15 - INFO - Sending request to Setting chamber_heater5 Heater Temp to 244.63070000000005 for chamber setpoint of 110.0 with timeout of 5s...
10-10-2024 20:27:15 - INFO - Setting chamber_heater5 Heater Temp to 244.63070000000005 for chamber setpoint of 110.0 request successfully sent.
10-10-2024 20:27:15 - INFO - Response from moonraker: {'result': 'ok'}
10-10-2024 20:27:15 - INFO - Setting chamber_heater5 Heater Temp to 244.63070000000005 for chamber setpoint of 110.0 Request successfully executed.
10-10-2024 20:27:15 - INFO - Sending request to Setting chamber_heater6 Heater Temp to 244.63070000000005 for chamber setpoint of 110.0 with timeout of 5s...
10-10-2024 20:27:15 - INFO - Setting chamber_heater6 Heater Temp to 244.63070000000005 for chamber setpoint of 110.0 request successfully sent.
10-10-2024 20:27:15 - INFO - Response from moonraker: {'result': 'ok'}
10-10-2024 20:27:15 - INFO - Setting chamber_heater6 Heater Temp to 244.63070000000005 for chamber setpoint of 110.0 Request successfully executed.
10-10-2024 20:27:15 - INFO - Sending request to Setting chamber_heater7 Heater Temp to 244.63070000000005 for chamber setpoint of 110.0 with timeout of 5s...
10-10-2024 20:27:15 - INFO - Setting chamber_heater7 Heater Temp to 244.63070000000005 for chamber setpoint of 110.0 request successfully sent.
10-10-2024 20:27:15 - INFO - Response from moonraker: {'result': 'ok'}
10-10-2024 20:27:15 - INFO - Setting chamber_heater7 Heater Temp to 244.63070000000005 for chamber setpoint of 110.0 Request successfully executed.
10-10-2024 20:27:15 - INFO - Sending request to Setting chamber_heater11 Heater Temp to 244.63070000000005 for chamber setpoint of 110.0 with timeout of 5s...
10-10-2024 20:27:15 - INFO - Setting chamber_heater11 Heater Temp to 244.63070000000005 for chamber setpoint of 110.0 request successfully sent.
10-10-2024 20:27:15 - INFO - Response from moonraker: {'result': 'ok'}
10-10-2024 20:27:15 - INFO - Setting chamber_heater11 Heater Temp to 244.63070000000005 for chamber setpoint of 110.0 Request successfully executed.
10-10-2024 20:27:15 - INFO - Sending request to Setting chamber_heater12 Heater Temp to 244.63070000000005 for chamber setpoint of 110.0 with timeout of 5s...
10-10-2024 20:27:15 - INFO - Setting chamber_heater12 Heater Temp to 244.63070000000005 for chamber setpoint of 110.0 request successfully sent.
10-10-2024 20:27:15 - INFO - Response from moonraker: {'result': 'ok'}
10-10-2024 20:27:15 - INFO - Setting chamber_heater12 Heater Temp to 244.63070000000005 for chamber setpoint of 110.0 Request successfully executed.
10-10-2024 20:27:20 - INFO - Sending request to Setting chamber_heater2 Heater Temp to 288.2018 for chamber setpoint of 115.0 with timeout of 5s...
10-10-2024 20:27:20 - INFO - Setting chamber_heater2 Heater Temp to 288.2018 for chamber setpoint of 115.0 request successfully sent.
10-10-2024 20:27:20 - INFO - Response from moonraker: {'result': 'ok'}
10-10-2024 20:27:20 - INFO - Setting chamber_heater2 Heater Temp to 288.2018 for chamber setpoint of 115.0 Request successfully executed.
10-10-2024 20:27:20 - INFO - Sending request to Setting chamber_heater3 Heater Temp to 288.2018 for chamber setpoint of 115.0 with timeout of 5s...
10-10-2024 20:27:20 - INFO - Setting chamber_heater3 Heater Temp to 288.2018 for chamber setpoint of 115.0 request successfully sent.
10-10-2024 20:27:20 - INFO - Response from moonraker: {'result': 'ok'}
10-10-2024 20:27:20 - INFO - Setting chamber_heater3 Heater Temp to 288.2018 for chamber setpoint of 115.0 Request successfully executed.
10-10-2024 20:27:20 - INFO - Sending request to Setting chamber_heater4 Heater Temp to 288.2018 for chamber setpoint of 115.0 with timeout of 5s...
10-10-2024 20:27:20 - INFO - Setting chamber_heater4 Heater Temp to 288.2018 for chamber setpoint of 115.0 request successfully sent.
10-10-2024 20:27:20 - INFO - Response from moonraker: {'result': 'ok'}
10-10-2024 20:27:20 - INFO - Setting chamber_heater4 Heater Temp to 288.2018 for chamber setpoint of 115.0 Request successfully executed.
10-10-2024 20:27:20 - INFO - Sending request to Setting chamber_heater5 Heater Temp to 259.81870000000004 for chamber setpoint of 115.0 with timeout of 5s...
10-10-2024 20:27:20 - INFO - Setting chamber_heater5 Heater Temp to 259.81870000000004 for chamber setpoint of 115.0 request successfully sent.
10-10-2024 20:27:20 - INFO - Response from moonraker: {'result': 'ok'}
10-10-2024 20:27:20 - INFO - Setting chamber_heater5 Heater Temp to 259.81870000000004 for chamber setpoint of 115.0 Request successfully executed.
10-10-2024 20:27:20 - INFO - Sending request to Setting chamber_heater6 Heater Temp to 259.81870000000004 for chamber setpoint of 115.0 with timeout of 5s...
10-10-2024 20:27:20 - INFO - Setting chamber_heater6 Heater Temp to 259.81870000000004 for chamber setpoint of 115.0 request successfully sent.
10-10-2024 20:27:20 - INFO - Response from moonraker: {'result': 'ok'}
10-10-2024 20:27:20 - INFO - Setting chamber_heater6 Heater Temp to 259.81870000000004 for chamber setpoint of 115.0 Request successfully executed.
10-10-2024 20:27:20 - INFO - Sending request to Setting chamber_heater7 Heater Temp to 259.81870000000004 for chamber setpoint of 115.0 with timeout of 5s...
10-10-2024 20:27:20 - INFO - Setting chamber_heater7 Heater Temp to 259.81870000000004 for chamber setpoint of 115.0 request successfully sent.
10-10-2024 20:27:20 - INFO - Response from moonraker: {'result': 'ok'}
10-10-2024 20:27:20 - INFO - Setting chamber_heater7 Heater Temp to 259.81870000000004 for chamber setpoint of 115.0 Request successfully executed.
10-10-2024 20:27:20 - INFO - Sending request to Setting chamber_heater11 Heater Temp to 259.81870000000004 for chamber setpoint of 115.0 with timeout of 5s...
10-10-2024 20:27:20 - INFO - Setting chamber_heater11 Heater Temp to 259.81870000000004 for chamber setpoint of 115.0 request successfully sent.
10-10-2024 20:27:20 - INFO - Response from moonraker: {'result': 'ok'}
10-10-2024 20:27:20 - INFO - Setting chamber_heater11 Heater Temp to 259.81870000000004 for chamber setpoint of 115.0 Request successfully executed.
10-10-2024 20:27:20 - INFO - Sending request to Setting chamber_heater12 Heater Temp to 259.81870000000004 for chamber setpoint of 115.0 with timeout of 5s...
10-10-2024 20:27:20 - INFO - Setting chamber_heater12 Heater Temp to 259.81870000000004 for chamber setpoint of 115.0 request successfully sent.
10-10-2024 20:27:20 - INFO - Response from moonraker: {'result': 'ok'}
10-10-2024 20:27:20 - INFO - Setting chamber_heater12 Heater Temp to 259.81870000000004 for chamber setpoint of 115.0 Request successfully executed.
10-10-2024 20:27:25 - INFO - Sending request to Setting chamber_heater2 Heater Temp to 305.1498 for chamber setpoint of 120.0 with timeout of 5s...
10-10-2024 20:27:25 - INFO - Setting chamber_heater2 Heater Temp to 305.1498 for chamber setpoint of 120.0 request successfully sent.
10-10-2024 20:27:25 - INFO - Response from moonraker: {'result': 'ok'}
10-10-2024 20:27:25 - INFO - Setting chamber_heater2 Heater Temp to 305.1498 for chamber setpoint of 120.0 Request successfully executed.
10-10-2024 20:27:25 - INFO - Sending request to Setting chamber_heater3 Heater Temp to 305.1498 for chamber setpoint of 120.0 with timeout of 5s...
10-10-2024 20:27:25 - INFO - Setting chamber_heater3 Heater Temp to 305.1498 for chamber setpoint of 120.0 request successfully sent.
10-10-2024 20:27:25 - INFO - Response from moonraker: {'result': 'ok'}
10-10-2024 20:27:25 - INFO - Setting chamber_heater3 Heater Temp to 305.1498 for chamber setpoint of 120.0 Request successfully executed.
10-10-2024 20:27:25 - INFO - Sending request to Setting chamber_heater4 Heater Temp to 305.1498 for chamber setpoint of 120.0 with timeout of 5s...
10-10-2024 20:27:25 - INFO - Setting chamber_heater4 Heater Temp to 305.1498 for chamber setpoint of 120.0 request successfully sent.
10-10-2024 20:27:25 - INFO - Response from moonraker: {'result': 'ok'}
10-10-2024 20:27:25 - INFO - Setting chamber_heater4 Heater Temp to 305.1498 for chamber setpoint of 120.0 Request successfully executed.
10-10-2024 20:27:25 - INFO - Sending request to Setting chamber_heater5 Heater Temp to 275.1567 for chamber setpoint of 120.0 with timeout of 5s...
10-10-2024 20:27:26 - INFO - Setting chamber_heater5 Heater Temp to 275.1567 for chamber setpoint of 120.0 request successfully sent.
10-10-2024 20:27:26 - INFO - Response from moonraker: {'result': 'ok'}
10-10-2024 20:27:26 - INFO - Setting chamber_heater5 Heater Temp to 275.1567 for chamber setpoint of 120.0 Request successfully executed.
10-10-2024 20:27:26 - INFO - Sending request to Setting chamber_heater6 Heater Temp to 275.1567 for chamber setpoint of 120.0 with timeout of 5s...
10-10-2024 20:27:26 - INFO - Setting chamber_heater6 Heater Temp to 275.1567 for chamber setpoint of 120.0 request successfully sent.
10-10-2024 20:27:26 - INFO - Response from moonraker: {'result': 'ok'}
10-10-2024 20:27:26 - INFO - Setting chamber_heater6 Heater Temp to 275.1567 for chamber setpoint of 120.0 Request successfully executed.
10-10-2024 20:27:26 - INFO - Sending request to Setting chamber_heater7 Heater Temp to 275.1567 for chamber setpoint of 120.0 with timeout of 5s...
10-10-2024 20:27:26 - INFO - Setting chamber_heater7 Heater Temp to 275.1567 for chamber setpoint of 120.0 request successfully sent.
10-10-2024 20:27:26 - INFO - Response from moonraker: {'result': 'ok'}
10-10-2024 20:27:26 - INFO - Setting chamber_heater7 Heater Temp to 275.1567 for chamber setpoint of 120.0 Request successfully executed.
10-10-2024 20:27:26 - INFO - Sending request to Setting chamber_heater11 Heater Temp to 275.1567 for chamber setpoint of 120.0 with timeout of 5s...
10-10-2024 20:27:26 - INFO - Setting chamber_heater11 Heater Temp to 275.1567 for chamber setpoint of 120.0 request successfully sent.
10-10-2024 20:27:26 - INFO - Response from moonraker: {'result': 'ok'}
10-10-2024 20:27:26 - INFO - Setting chamber_heater11 Heater Temp to 275.1567 for chamber setpoint of 120.0 Request successfully executed.
10-10-2024 20:27:26 - INFO - Sending request to Setting chamber_heater12 Heater Temp to 275.1567 for chamber setpoint of 120.0 with timeout of 5s...
10-10-2024 20:27:26 - INFO - Setting chamber_heater12 Heater Temp to 275.1567 for chamber setpoint of 120.0 request successfully sent.
10-10-2024 20:27:26 - INFO - Response from moonraker: {'result': 'ok'}
10-10-2024 20:27:26 - INFO - Setting chamber_heater12 Heater Temp to 275.1567 for chamber setpoint of 120.0 Request successfully executed.
10-10-2024 20:27:31 - INFO - Sending request to Setting chamber_heater2 Heater Temp to 322.2278 for chamber setpoint of 125.0 with timeout of 5s...
10-10-2024 20:27:31 - INFO - Setting chamber_heater2 Heater Temp to 322.2278 for chamber setpoint of 125.0 request successfully sent.
10-10-2024 20:27:31 - INFO - Response from moonraker: {'result': 'ok'}
10-10-2024 20:27:31 - INFO - Setting chamber_heater2 Heater Temp to 322.2278 for chamber setpoint of 125.0 Request successfully executed.
10-10-2024 20:27:31 - INFO - Sending request to Setting chamber_heater3 Heater Temp to 322.2278 for chamber setpoint of 125.0 with timeout of 5s...
10-10-2024 20:27:31 - INFO - Setting chamber_heater3 Heater Temp to 322.2278 for chamber setpoint of 125.0 request successfully sent.
10-10-2024 20:27:31 - INFO - Response from moonraker: {'result': 'ok'}
10-10-2024 20:27:31 - INFO - Setting chamber_heater3 Heater Temp to 322.2278 for chamber setpoint of 125.0 Request successfully executed.
10-10-2024 20:27:31 - INFO - Sending request to Setting chamber_heater4 Heater Temp to 322.2278 for chamber setpoint of 125.0 with timeout of 5s...
10-10-2024 20:27:31 - INFO - Setting chamber_heater4 Heater Temp to 322.2278 for chamber setpoint of 125.0 request successfully sent.
10-10-2024 20:27:31 - INFO - Response from moonraker: {'result': 'ok'}
10-10-2024 20:27:31 - INFO - Setting chamber_heater4 Heater Temp to 322.2278 for chamber setpoint of 125.0 Request successfully executed.
10-10-2024 20:27:31 - INFO - Sending request to Setting chamber_heater5 Heater Temp to 290.6447 for chamber setpoint of 125.0 with timeout of 5s...
10-10-2024 20:27:31 - INFO - Setting chamber_heater5 Heater Temp to 290.6447 for chamber setpoint of 125.0 request successfully sent.
10-10-2024 20:27:31 - INFO - Response from moonraker: {'result': 'ok'}
10-10-2024 20:27:31 - INFO - Setting chamber_heater5 Heater Temp to 290.6447 for chamber setpoint of 125.0 Request successfully executed.
10-10-2024 20:27:31 - INFO - Sending request to Setting chamber_heater6 Heater Temp to 290.6447 for chamber setpoint of 125.0 with timeout of 5s...
10-10-2024 20:27:31 - INFO - Setting chamber_heater6 Heater Temp to 290.6447 for chamber setpoint of 125.0 request successfully sent.
10-10-2024 20:27:31 - INFO - Response from moonraker: {'result': 'ok'}
10-10-2024 20:27:31 - INFO - Setting chamber_heater6 Heater Temp to 290.6447 for chamber setpoint of 125.0 Request successfully executed.
10-10-2024 20:27:31 - INFO - Sending request to Setting chamber_heater7 Heater Temp to 290.6447 for chamber setpoint of 125.0 with timeout of 5s...
10-10-2024 20:27:31 - INFO - Setting chamber_heater7 Heater Temp to 290.6447 for chamber setpoint of 125.0 request successfully sent.
10-10-2024 20:27:31 - INFO - Response from moonraker: {'result': 'ok'}
10-10-2024 20:27:31 - INFO - Setting chamber_heater7 Heater Temp to 290.6447 for chamber setpoint of 125.0 Request successfully executed.
10-10-2024 20:27:31 - INFO - Sending request to Setting chamber_heater11 Heater Temp to 290.6447 for chamber setpoint of 125.0 with timeout of 5s...
10-10-2024 20:27:31 - INFO - Setting chamber_heater11 Heater Temp to 290.6447 for chamber setpoint of 125.0 request successfully sent.
10-10-2024 20:27:31 - INFO - Response from moonraker: {'result': 'ok'}
10-10-2024 20:27:31 - INFO - Setting chamber_heater11 Heater Temp to 290.6447 for chamber setpoint of 125.0 Request successfully executed.
10-10-2024 20:27:31 - INFO - Sending request to Setting chamber_heater12 Heater Temp to 290.6447 for chamber setpoint of 125.0 with timeout of 5s...
10-10-2024 20:27:31 - INFO - Setting chamber_heater12 Heater Temp to 290.6447 for chamber setpoint of 125.0 request successfully sent.
10-10-2024 20:27:31 - INFO - Response from moonraker: {'result': 'ok'}
10-10-2024 20:27:31 - INFO - Setting chamber_heater12 Heater Temp to 290.6447 for chamber setpoint of 125.0 Request successfully executed.
10-10-2024 20:27:36 - INFO - Sending request to Setting chamber_heater2 Heater Temp to 339.43580000000003 for chamber setpoint of 130.0 with timeout of 5s...
10-10-2024 20:27:36 - INFO - Setting chamber_heater2 Heater Temp to 339.43580000000003 for chamber setpoint of 130.0 request successfully sent.
10-10-2024 20:27:36 - INFO - Response from moonraker: {'result': 'ok'}
10-10-2024 20:27:36 - INFO - Setting chamber_heater2 Heater Temp to 339.43580000000003 for chamber setpoint of 130.0 Request successfully executed.
10-10-2024 20:27:36 - INFO - Sending request to Setting chamber_heater3 Heater Temp to 339.43580000000003 for chamber setpoint of 130.0 with timeout of 5s...
10-10-2024 20:27:36 - INFO - Setting chamber_heater3 Heater Temp to 339.43580000000003 for chamber setpoint of 130.0 request successfully sent.
10-10-2024 20:27:36 - INFO - Response from moonraker: {'result': 'ok'}
10-10-2024 20:27:36 - INFO - Setting chamber_heater3 Heater Temp to 339.43580000000003 for chamber setpoint of 130.0 Request successfully executed.
10-10-2024 20:27:36 - INFO - Sending request to Setting chamber_heater4 Heater Temp to 339.43580000000003 for chamber setpoint of 130.0 with timeout of 5s...
10-10-2024 20:27:36 - INFO - Setting chamber_heater4 Heater Temp to 339.43580000000003 for chamber setpoint of 130.0 request successfully sent.
10-10-2024 20:27:36 - INFO - Response from moonraker: {'result': 'ok'}
10-10-2024 20:27:36 - INFO - Setting chamber_heater4 Heater Temp to 339.43580000000003 for chamber setpoint of 130.0 Request successfully executed.
10-10-2024 20:27:36 - INFO - Sending request to Setting chamber_heater5 Heater Temp to 306.2827 for chamber setpoint of 130.0 with timeout of 5s...
10-10-2024 20:27:36 - INFO - Setting chamber_heater5 Heater Temp to 306.2827 for chamber setpoint of 130.0 request successfully sent.
10-10-2024 20:27:36 - INFO - Response from moonraker: {'result': 'ok'}
10-10-2024 20:27:36 - INFO - Setting chamber_heater5 Heater Temp to 306.2827 for chamber setpoint of 130.0 Request successfully executed.
10-10-2024 20:27:36 - INFO - Sending request to Setting chamber_heater6 Heater Temp to 306.2827 for chamber setpoint of 130.0 with timeout of 5s...
10-10-2024 20:27:36 - INFO - Setting chamber_heater6 Heater Temp to 306.2827 for chamber setpoint of 130.0 request successfully sent.
10-10-2024 20:27:36 - INFO - Response from moonraker: {'result': 'ok'}
10-10-2024 20:27:36 - INFO - Setting chamber_heater6 Heater Temp to 306.2827 for chamber setpoint of 130.0 Request successfully executed.
10-10-2024 20:27:36 - INFO - Sending request to Setting chamber_heater7 Heater Temp to 306.2827 for chamber setpoint of 130.0 with timeout of 5s...
10-10-2024 20:27:36 - INFO - Setting chamber_heater7 Heater Temp to 306.2827 for chamber setpoint of 130.0 request successfully sent.
10-10-2024 20:27:36 - INFO - Response from moonraker: {'result': 'ok'}
10-10-2024 20:27:36 - INFO - Setting chamber_heater7 Heater Temp to 306.2827 for chamber setpoint of 130.0 Request successfully executed.
10-10-2024 20:27:36 - INFO - Sending request to Setting chamber_heater11 Heater Temp to 306.2827 for chamber setpoint of 130.0 with timeout of 5s...
10-10-2024 20:27:36 - INFO - Setting chamber_heater11 Heater Temp to 306.2827 for chamber setpoint of 130.0 request successfully sent.
10-10-2024 20:27:36 - INFO - Response from moonraker: {'result': 'ok'}
10-10-2024 20:27:36 - INFO - Setting chamber_heater11 Heater Temp to 306.2827 for chamber setpoint of 130.0 Request successfully executed.
10-10-2024 20:27:36 - INFO - Sending request to Setting chamber_heater12 Heater Temp to 306.2827 for chamber setpoint of 130.0 with timeout of 5s...
10-10-2024 20:27:36 - INFO - Setting chamber_heater12 Heater Temp to 306.2827 for chamber setpoint of 130.0 request successfully sent.
10-10-2024 20:27:36 - INFO - Response from moonraker: {'result': 'ok'}
10-10-2024 20:27:36 - INFO - Setting chamber_heater12 Heater Temp to 306.2827 for chamber setpoint of 130.0 Request successfully executed.
10-10-2024 20:29:17 - INFO - Sending request to Setting chamber_heater2 Heater Temp to 339.43580000000003 for chamber setpoint of 130.0 with timeout of 5s...
10-10-2024 20:29:17 - INFO - Setting chamber_heater2 Heater Temp to 339.43580000000003 for chamber setpoint of 130.0 request successfully sent.
10-10-2024 20:29:17 - INFO - Response from moonraker: {'result': 'ok'}
10-10-2024 20:29:17 - INFO - Setting chamber_heater2 Heater Temp to 339.43580000000003 for chamber setpoint of 130.0 Request successfully executed.
10-10-2024 20:29:17 - INFO - Sending request to Setting chamber_heater3 Heater Temp to 339.43580000000003 for chamber setpoint of 130.0 with timeout of 5s...
10-10-2024 20:29:17 - INFO - Setting chamber_heater3 Heater Temp to 339.43580000000003 for chamber setpoint of 130.0 request successfully sent.
10-10-2024 20:29:17 - INFO - Response from moonraker: {'result': 'ok'}
10-10-2024 20:29:17 - INFO - Setting chamber_heater3 Heater Temp to 339.43580000000003 for chamber setpoint of 130.0 Request successfully executed.
10-10-2024 20:29:17 - INFO - Sending request to Setting chamber_heater4 Heater Temp to 339.43580000000003 for chamber setpoint of 130.0 with timeout of 5s...
10-10-2024 20:29:17 - INFO - Setting chamber_heater4 Heater Temp to 339.43580000000003 for chamber setpoint of 130.0 request successfully sent.
10-10-2024 20:29:17 - INFO - Response from moonraker: {'result': 'ok'}
10-10-2024 20:29:17 - INFO - Setting chamber_heater4 Heater Temp to 339.43580000000003 for chamber setpoint of 130.0 Request successfully executed.
10-10-2024 20:29:17 - INFO - Sending request to Setting chamber_heater5 Heater Temp to 306.2827 for chamber setpoint of 130.0 with timeout of 5s...
10-10-2024 20:29:17 - INFO - Setting chamber_heater5 Heater Temp to 306.2827 for chamber setpoint of 130.0 request successfully sent.
10-10-2024 20:29:17 - INFO - Response from moonraker: {'result': 'ok'}
10-10-2024 20:29:17 - INFO - Setting chamber_heater5 Heater Temp to 306.2827 for chamber setpoint of 130.0 Request successfully executed.
10-10-2024 20:29:17 - INFO - Sending request to Setting chamber_heater6 Heater Temp to 306.2827 for chamber setpoint of 130.0 with timeout of 5s...
10-10-2024 20:29:17 - INFO - Setting chamber_heater6 Heater Temp to 306.2827 for chamber setpoint of 130.0 request successfully sent.
10-10-2024 20:29:17 - INFO - Response from moonraker: {'result': 'ok'}
10-10-2024 20:29:17 - INFO - Setting chamber_heater6 Heater Temp to 306.2827 for chamber setpoint of 130.0 Request successfully executed.
10-10-2024 20:29:17 - INFO - Sending request to Setting chamber_heater7 Heater Temp to 306.2827 for chamber setpoint of 130.0 with timeout of 5s...
10-10-2024 20:29:17 - INFO - Setting chamber_heater7 Heater Temp to 306.2827 for chamber setpoint of 130.0 request successfully sent.
10-10-2024 20:29:17 - INFO - Response from moonraker: {'result': 'ok'}
10-10-2024 20:29:17 - INFO - Setting chamber_heater7 Heater Temp to 306.2827 for chamber setpoint of 130.0 Request successfully executed.
10-10-2024 20:29:17 - INFO - Sending request to Setting chamber_heater11 Heater Temp to 306.2827 for chamber setpoint of 130.0 with timeout of 5s...
10-10-2024 20:29:17 - INFO - Setting chamber_heater11 Heater Temp to 306.2827 for chamber setpoint of 130.0 request successfully sent.
10-10-2024 20:29:17 - INFO - Response from moonraker: {'result': 'ok'}
10-10-2024 20:29:17 - INFO - Setting chamber_heater11 Heater Temp to 306.2827 for chamber setpoint of 130.0 Request successfully executed.
10-10-2024 20:29:17 - INFO - Sending request to Setting chamber_heater12 Heater Temp to 306.2827 for chamber setpoint of 130.0 with timeout of 5s...
10-10-2024 20:29:17 - INFO - Setting chamber_heater12 Heater Temp to 306.2827 for chamber setpoint of 130.0 request successfully sent.
10-10-2024 20:29:17 - INFO - Response from moonraker: {'result': 'ok'}
10-10-2024 20:29:17 - INFO - Setting chamber_heater12 Heater Temp to 306.2827 for chamber setpoint of 130.0 Request successfully executed.
10-10-2024 20:30:45 - INFO - Sending request to Setting chamber_heater2 Heater Temp to 356.7738 for chamber setpoint of 135.0 with timeout of 5s...
10-10-2024 20:30:45 - INFO - Setting chamber_heater2 Heater Temp to 356.7738 for chamber setpoint of 135.0 request successfully sent.
10-10-2024 20:30:45 - INFO - Response from moonraker: {'result': 'ok'}
10-10-2024 20:30:45 - INFO - Setting chamber_heater2 Heater Temp to 356.7738 for chamber setpoint of 135.0 Request successfully executed.
10-10-2024 20:30:45 - INFO - Sending request to Setting chamber_heater3 Heater Temp to 356.7738 for chamber setpoint of 135.0 with timeout of 5s...
10-10-2024 20:30:45 - INFO - Setting chamber_heater3 Heater Temp to 356.7738 for chamber setpoint of 135.0 request successfully sent.
10-10-2024 20:30:45 - INFO - Response from moonraker: {'result': 'ok'}
10-10-2024 20:30:45 - INFO - Setting chamber_heater3 Heater Temp to 356.7738 for chamber setpoint of 135.0 Request successfully executed.
10-10-2024 20:30:45 - INFO - Sending request to Setting chamber_heater4 Heater Temp to 356.7738 for chamber setpoint of 135.0 with timeout of 5s...
10-10-2024 20:30:45 - INFO - Setting chamber_heater4 Heater Temp to 356.7738 for chamber setpoint of 135.0 request successfully sent.
10-10-2024 20:30:45 - INFO - Response from moonraker: {'result': 'ok'}
10-10-2024 20:30:45 - INFO - Setting chamber_heater4 Heater Temp to 356.7738 for chamber setpoint of 135.0 Request successfully executed.
10-10-2024 20:30:45 - INFO - Sending request to Setting chamber_heater5 Heater Temp to 322.07070000000004 for chamber setpoint of 135.0 with timeout of 5s...
10-10-2024 20:30:45 - INFO - Setting chamber_heater5 Heater Temp to 322.07070000000004 for chamber setpoint of 135.0 request successfully sent.
10-10-2024 20:30:45 - INFO - Response from moonraker: {'result': 'ok'}
10-10-2024 20:30:45 - INFO - Setting chamber_heater5 Heater Temp to 322.07070000000004 for chamber setpoint of 135.0 Request successfully executed.
10-10-2024 20:30:45 - INFO - Sending request to Setting chamber_heater6 Heater Temp to 322.07070000000004 for chamber setpoint of 135.0 with timeout of 5s...
10-10-2024 20:30:45 - INFO - Setting chamber_heater6 Heater Temp to 322.07070000000004 for chamber setpoint of 135.0 request successfully sent.
10-10-2024 20:30:45 - INFO - Response from moonraker: {'result': 'ok'}
10-10-2024 20:30:45 - INFO - Setting chamber_heater6 Heater Temp to 322.07070000000004 for chamber setpoint of 135.0 Request successfully executed.
10-10-2024 20:30:45 - INFO - Sending request to Setting chamber_heater7 Heater Temp to 322.07070000000004 for chamber setpoint of 135.0 with timeout of 5s...
10-10-2024 20:30:45 - INFO - Setting chamber_heater7 Heater Temp to 322.07070000000004 for chamber setpoint of 135.0 request successfully sent.
10-10-2024 20:30:45 - INFO - Response from moonraker: {'result': 'ok'}
10-10-2024 20:30:45 - INFO - Setting chamber_heater7 Heater Temp to 322.07070000000004 for chamber setpoint of 135.0 Request successfully executed.
10-10-2024 20:30:45 - INFO - Sending request to Setting chamber_heater11 Heater Temp to 322.07070000000004 for chamber setpoint of 135.0 with timeout of 5s...
10-10-2024 20:30:45 - INFO - Setting chamber_heater11 Heater Temp to 322.07070000000004 for chamber setpoint of 135.0 request successfully sent.
10-10-2024 20:30:45 - INFO - Response from moonraker: {'result': 'ok'}
10-10-2024 20:30:45 - INFO - Setting chamber_heater11 Heater Temp to 322.07070000000004 for chamber setpoint of 135.0 Request successfully executed.
10-10-2024 20:30:45 - INFO - Sending request to Setting chamber_heater12 Heater Temp to 322.07070000000004 for chamber setpoint of 135.0 with timeout of 5s...
10-10-2024 20:30:45 - INFO - Setting chamber_heater12 Heater Temp to 322.07070000000004 for chamber setpoint of 135.0 request successfully sent.
10-10-2024 20:30:45 - INFO - Response from moonraker: {'result': 'ok'}
10-10-2024 20:30:45 - INFO - Setting chamber_heater12 Heater Temp to 322.07070000000004 for chamber setpoint of 135.0 Request successfully executed.
10-10-2024 20:30:55 - INFO - Sending request to Setting chamber_heater2 Heater Temp to 374.2418 for chamber setpoint of 140.0 with timeout of 5s...
10-10-2024 20:30:55 - INFO - Setting chamber_heater2 Heater Temp to 374.2418 for chamber setpoint of 140.0 request successfully sent.
10-10-2024 20:30:55 - INFO - Response from moonraker: {'result': 'ok'}
10-10-2024 20:30:55 - INFO - Setting chamber_heater2 Heater Temp to 374.2418 for chamber setpoint of 140.0 Request successfully executed.
10-10-2024 20:30:55 - INFO - Sending request to Setting chamber_heater3 Heater Temp to 374.2418 for chamber setpoint of 140.0 with timeout of 5s...
10-10-2024 20:30:55 - INFO - Setting chamber_heater3 Heater Temp to 374.2418 for chamber setpoint of 140.0 request successfully sent.
10-10-2024 20:30:55 - INFO - Response from moonraker: {'result': 'ok'}
10-10-2024 20:30:55 - INFO - Setting chamber_heater3 Heater Temp to 374.2418 for chamber setpoint of 140.0 Request successfully executed.
10-10-2024 20:30:55 - INFO - Sending request to Setting chamber_heater4 Heater Temp to 374.2418 for chamber setpoint of 140.0 with timeout of 5s...
10-10-2024 20:30:55 - INFO - Setting chamber_heater4 Heater Temp to 374.2418 for chamber setpoint of 140.0 request successfully sent.
10-10-2024 20:30:55 - INFO - Response from moonraker: {'result': 'ok'}
10-10-2024 20:30:55 - INFO - Setting chamber_heater4 Heater Temp to 374.2418 for chamber setpoint of 140.0 Request successfully executed.
10-10-2024 20:30:55 - INFO - Sending request to Setting chamber_heater5 Heater Temp to 338.00870000000003 for chamber setpoint of 140.0 with timeout of 5s...
10-10-2024 20:30:55 - INFO - Setting chamber_heater5 Heater Temp to 338.00870000000003 for chamber setpoint of 140.0 request successfully sent.
10-10-2024 20:30:55 - INFO - Response from moonraker: {'result': 'ok'}
10-10-2024 20:30:55 - INFO - Setting chamber_heater5 Heater Temp to 338.00870000000003 for chamber setpoint of 140.0 Request successfully executed.
10-10-2024 20:30:55 - INFO - Sending request to Setting chamber_heater6 Heater Temp to 338.00870000000003 for chamber setpoint of 140.0 with timeout of 5s...
10-10-2024 20:30:55 - INFO - Setting chamber_heater6 Heater Temp to 338.00870000000003 for chamber setpoint of 140.0 request successfully sent.
10-10-2024 20:30:55 - INFO - Response from moonraker: {'result': 'ok'}
10-10-2024 20:30:55 - INFO - Setting chamber_heater6 Heater Temp to 338.00870000000003 for chamber setpoint of 140.0 Request successfully executed.
10-10-2024 20:30:55 - INFO - Sending request to Setting chamber_heater7 Heater Temp to 338.00870000000003 for chamber setpoint of 140.0 with timeout of 5s...
10-10-2024 20:30:55 - INFO - Setting chamber_heater7 Heater Temp to 338.00870000000003 for chamber setpoint of 140.0 request successfully sent.
10-10-2024 20:30:55 - INFO - Response from moonraker: {'result': 'ok'}
10-10-2024 20:30:55 - INFO - Setting chamber_heater7 Heater Temp to 338.00870000000003 for chamber setpoint of 140.0 Request successfully executed.
10-10-2024 20:30:55 - INFO - Sending request to Setting chamber_heater11 Heater Temp to 338.00870000000003 for chamber setpoint of 140.0 with timeout of 5s...
10-10-2024 20:30:55 - INFO - Setting chamber_heater11 Heater Temp to 338.00870000000003 for chamber setpoint of 140.0 request successfully sent.
10-10-2024 20:30:55 - INFO - Response from moonraker: {'result': 'ok'}
10-10-2024 20:30:55 - INFO - Setting chamber_heater11 Heater Temp to 338.00870000000003 for chamber setpoint of 140.0 Request successfully executed.
10-10-2024 20:30:55 - INFO - Sending request to Setting chamber_heater12 Heater Temp to 338.00870000000003 for chamber setpoint of 140.0 with timeout of 5s...
10-10-2024 20:30:55 - INFO - Setting chamber_heater12 Heater Temp to 338.00870000000003 for chamber setpoint of 140.0 request successfully sent.
10-10-2024 20:30:55 - INFO - Response from moonraker: {'result': 'ok'}
10-10-2024 20:30:55 - INFO - Setting chamber_heater12 Heater Temp to 338.00870000000003 for chamber setpoint of 140.0 Request successfully executed.
10-10-2024 20:31:05 - INFO - Sending request to Setting chamber_heater2 Heater Temp to 391.8398 for chamber setpoint of 145.0 with timeout of 5s...
10-10-2024 20:31:05 - INFO - Setting chamber_heater2 Heater Temp to 391.8398 for chamber setpoint of 145.0 request successfully sent.
10-10-2024 20:31:05 - INFO - Response from moonraker: {'result': 'ok'}
10-10-2024 20:31:05 - INFO - Setting chamber_heater2 Heater Temp to 391.8398 for chamber setpoint of 145.0 Request successfully executed.
10-10-2024 20:31:05 - INFO - Sending request to Setting chamber_heater3 Heater Temp to 391.8398 for chamber setpoint of 145.0 with timeout of 5s...
10-10-2024 20:31:05 - INFO - Setting chamber_heater3 Heater Temp to 391.8398 for chamber setpoint of 145.0 request successfully sent.
10-10-2024 20:31:05 - INFO - Response from moonraker: {'result': 'ok'}
10-10-2024 20:31:05 - INFO - Setting chamber_heater3 Heater Temp to 391.8398 for chamber setpoint of 145.0 Request successfully executed.
10-10-2024 20:31:05 - INFO - Sending request to Setting chamber_heater4 Heater Temp to 391.8398 for chamber setpoint of 145.0 with timeout of 5s...
10-10-2024 20:31:05 - INFO - Setting chamber_heater4 Heater Temp to 391.8398 for chamber setpoint of 145.0 request successfully sent.
10-10-2024 20:31:05 - INFO - Response from moonraker: {'result': 'ok'}
10-10-2024 20:31:05 - INFO - Setting chamber_heater4 Heater Temp to 391.8398 for chamber setpoint of 145.0 Request successfully executed.
10-10-2024 20:31:05 - INFO - Sending request to Setting chamber_heater5 Heater Temp to 354.0967 for chamber setpoint of 145.0 with timeout of 5s...
10-10-2024 20:31:05 - INFO - Setting chamber_heater5 Heater Temp to 354.0967 for chamber setpoint of 145.0 request successfully sent.
10-10-2024 20:31:05 - INFO - Response from moonraker: {'result': 'ok'}
10-10-2024 20:31:05 - INFO - Setting chamber_heater5 Heater Temp to 354.0967 for chamber setpoint of 145.0 Request successfully executed.
10-10-2024 20:31:05 - INFO - Sending request to Setting chamber_heater6 Heater Temp to 354.0967 for chamber setpoint of 145.0 with timeout of 5s...
10-10-2024 20:31:05 - INFO - Setting chamber_heater6 Heater Temp to 354.0967 for chamber setpoint of 145.0 request successfully sent.
10-10-2024 20:31:05 - INFO - Response from moonraker: {'result': 'ok'}
10-10-2024 20:31:05 - INFO - Setting chamber_heater6 Heater Temp to 354.0967 for chamber setpoint of 145.0 Request successfully executed.
10-10-2024 20:31:05 - INFO - Sending request to Setting chamber_heater7 Heater Temp to 354.0967 for chamber setpoint of 145.0 with timeout of 5s...
10-10-2024 20:31:05 - INFO - Setting chamber_heater7 Heater Temp to 354.0967 for chamber setpoint of 145.0 request successfully sent.
10-10-2024 20:31:05 - INFO - Response from moonraker: {'result': 'ok'}
10-10-2024 20:31:05 - INFO - Setting chamber_heater7 Heater Temp to 354.0967 for chamber setpoint of 145.0 Request successfully executed.
10-10-2024 20:31:05 - INFO - Sending request to Setting chamber_heater11 Heater Temp to 354.0967 for chamber setpoint of 145.0 with timeout of 5s...
10-10-2024 20:31:05 - INFO - Setting chamber_heater11 Heater Temp to 354.0967 for chamber setpoint of 145.0 request successfully sent.
10-10-2024 20:31:05 - INFO - Response from moonraker: {'result': 'ok'}
10-10-2024 20:31:05 - INFO - Setting chamber_heater11 Heater Temp to 354.0967 for chamber setpoint of 145.0 Request successfully executed.
10-10-2024 20:31:05 - INFO - Sending request to Setting chamber_heater12 Heater Temp to 354.0967 for chamber setpoint of 145.0 with timeout of 5s...
10-10-2024 20:31:05 - INFO - Setting chamber_heater12 Heater Temp to 354.0967 for chamber setpoint of 145.0 request successfully sent.
10-10-2024 20:31:05 - INFO - Response from moonraker: {'result': 'ok'}
10-10-2024 20:31:05 - INFO - Setting chamber_heater12 Heater Temp to 354.0967 for chamber setpoint of 145.0 Request successfully executed.
10-10-2024 20:31:15 - INFO - Sending request to Setting chamber_heater2 Heater Temp to 409.56780000000003 for chamber setpoint of 150.0 with timeout of 5s...
10-10-2024 20:31:15 - INFO - Setting chamber_heater2 Heater Temp to 409.56780000000003 for chamber setpoint of 150.0 request successfully sent.
10-10-2024 20:31:15 - INFO - Response from moonraker: {'result': 'ok'}
10-10-2024 20:31:15 - INFO - Setting chamber_heater2 Heater Temp to 409.56780000000003 for chamber setpoint of 150.0 Request successfully executed.
10-10-2024 20:31:15 - INFO - Sending request to Setting chamber_heater3 Heater Temp to 409.56780000000003 for chamber setpoint of 150.0 with timeout of 5s...
10-10-2024 20:31:15 - INFO - Setting chamber_heater3 Heater Temp to 409.56780000000003 for chamber setpoint of 150.0 request successfully sent.
10-10-2024 20:31:15 - INFO - Response from moonraker: {'result': 'ok'}
10-10-2024 20:31:15 - INFO - Setting chamber_heater3 Heater Temp to 409.56780000000003 for chamber setpoint of 150.0 Request successfully executed.
10-10-2024 20:31:15 - INFO - Sending request to Setting chamber_heater4 Heater Temp to 409.56780000000003 for chamber setpoint of 150.0 with timeout of 5s...
10-10-2024 20:31:15 - INFO - Setting chamber_heater4 Heater Temp to 409.56780000000003 for chamber setpoint of 150.0 request successfully sent.
10-10-2024 20:31:15 - INFO - Response from moonraker: {'result': 'ok'}
10-10-2024 20:31:15 - INFO - Setting chamber_heater4 Heater Temp to 409.56780000000003 for chamber setpoint of 150.0 Request successfully executed.
10-10-2024 20:31:15 - INFO - Sending request to Setting chamber_heater5 Heater Temp to 370.3347 for chamber setpoint of 150.0 with timeout of 5s...
10-10-2024 20:31:15 - INFO - Setting chamber_heater5 Heater Temp to 370.3347 for chamber setpoint of 150.0 request successfully sent.
10-10-2024 20:31:15 - INFO - Response from moonraker: {'result': 'ok'}
10-10-2024 20:31:15 - INFO - Setting chamber_heater5 Heater Temp to 370.3347 for chamber setpoint of 150.0 Request successfully executed.
10-10-2024 20:31:15 - INFO - Sending request to Setting chamber_heater6 Heater Temp to 370.3347 for chamber setpoint of 150.0 with timeout of 5s...
10-10-2024 20:31:15 - INFO - Setting chamber_heater6 Heater Temp to 370.3347 for chamber setpoint of 150.0 request successfully sent.
10-10-2024 20:31:15 - INFO - Response from moonraker: {'result': 'ok'}
10-10-2024 20:31:15 - INFO - Setting chamber_heater6 Heater Temp to 370.3347 for chamber setpoint of 150.0 Request successfully executed.
10-10-2024 20:31:15 - INFO - Sending request to Setting chamber_heater7 Heater Temp to 370.3347 for chamber setpoint of 150.0 with timeout of 5s...
10-10-2024 20:31:15 - INFO - Setting chamber_heater7 Heater Temp to 370.3347 for chamber setpoint of 150.0 request successfully sent.
10-10-2024 20:31:15 - INFO - Response from moonraker: {'result': 'ok'}
10-10-2024 20:31:15 - INFO - Setting chamber_heater7 Heater Temp to 370.3347 for chamber setpoint of 150.0 Request successfully executed.
10-10-2024 20:31:15 - INFO - Sending request to Setting chamber_heater11 Heater Temp to 370.3347 for chamber setpoint of 150.0 with timeout of 5s...
10-10-2024 20:31:15 - INFO - Setting chamber_heater11 Heater Temp to 370.3347 for chamber setpoint of 150.0 request successfully sent.
10-10-2024 20:31:15 - INFO - Response from moonraker: {'result': 'ok'}
10-10-2024 20:31:15 - INFO - Setting chamber_heater11 Heater Temp to 370.3347 for chamber setpoint of 150.0 Request successfully executed.
10-10-2024 20:31:15 - INFO - Sending request to Setting chamber_heater12 Heater Temp to 370.3347 for chamber setpoint of 150.0 with timeout of 5s...
10-10-2024 20:31:15 - INFO - Setting chamber_heater12 Heater Temp to 370.3347 for chamber setpoint of 150.0 request successfully sent.
10-10-2024 20:31:15 - INFO - Response from moonraker: {'result': 'ok'}
10-10-2024 20:31:15 - INFO - Setting chamber_heater12 Heater Temp to 370.3347 for chamber setpoint of 150.0 Request successfully executed.
10-10-2024 20:33:54 - INFO - Sending request to Setting chamber_heater2 Heater Temp to 0 for chamber setpoint of 0 with timeout of 5s...
10-10-2024 20:33:54 - INFO - Setting chamber_heater2 Heater Temp to 0 for chamber setpoint of 0 request successfully sent.
10-10-2024 20:33:54 - INFO - Response from moonraker: {'result': 'ok'}
10-10-2024 20:33:54 - INFO - Setting chamber_heater2 Heater Temp to 0 for chamber setpoint of 0 Request successfully executed.
10-10-2024 20:33:54 - INFO - Sending request to Setting chamber_heater3 Heater Temp to 0 for chamber setpoint of 0 with timeout of 5s...
10-10-2024 20:33:54 - INFO - Setting chamber_heater3 Heater Temp to 0 for chamber setpoint of 0 request successfully sent.
10-10-2024 20:33:54 - INFO - Response from moonraker: {'result': 'ok'}
10-10-2024 20:33:54 - INFO - Setting chamber_heater3 Heater Temp to 0 for chamber setpoint of 0 Request successfully executed.
10-10-2024 20:33:54 - INFO - Sending request to Setting chamber_heater4 Heater Temp to 0 for chamber setpoint of 0 with timeout of 5s...
10-10-2024 20:33:54 - INFO - Setting chamber_heater4 Heater Temp to 0 for chamber setpoint of 0 request successfully sent.
10-10-2024 20:33:54 - INFO - Response from moonraker: {'result': 'ok'}
10-10-2024 20:33:54 - INFO - Setting chamber_heater4 Heater Temp to 0 for chamber setpoint of 0 Request successfully executed.
10-10-2024 20:33:54 - INFO - Sending request to Setting chamber_heater5 Heater Temp to 0 for chamber setpoint of 0 with timeout of 5s...
10-10-2024 20:33:54 - INFO - Setting chamber_heater5 Heater Temp to 0 for chamber setpoint of 0 request successfully sent.
10-10-2024 20:33:54 - INFO - Response from moonraker: {'result': 'ok'}
10-10-2024 20:33:54 - INFO - Setting chamber_heater5 Heater Temp to 0 for chamber setpoint of 0 Request successfully executed.
10-10-2024 20:33:54 - INFO - Sending request to Setting chamber_heater6 Heater Temp to 0 for chamber setpoint of 0 with timeout of 5s...
10-10-2024 20:33:54 - INFO - Setting chamber_heater6 Heater Temp to 0 for chamber setpoint of 0 request successfully sent.
10-10-2024 20:33:54 - INFO - Response from moonraker: {'result': 'ok'}
10-10-2024 20:33:54 - INFO - Setting chamber_heater6 Heater Temp to 0 for chamber setpoint of 0 Request successfully executed.
10-10-2024 20:33:54 - INFO - Sending request to Setting chamber_heater7 Heater Temp to 0 for chamber setpoint of 0 with timeout of 5s...
10-10-2024 20:33:54 - INFO - Setting chamber_heater7 Heater Temp to 0 for chamber setpoint of 0 request successfully sent.
10-10-2024 20:33:54 - INFO - Response from moonraker: {'result': 'ok'}
10-10-2024 20:33:54 - INFO - Setting chamber_heater7 Heater Temp to 0 for chamber setpoint of 0 Request successfully executed.
10-10-2024 20:33:54 - INFO - Sending request to Setting chamber_heater11 Heater Temp to 0 for chamber setpoint of 0 with timeout of 5s...
10-10-2024 20:33:54 - INFO - Setting chamber_heater11 Heater Temp to 0 for chamber setpoint of 0 request successfully sent.
10-10-2024 20:33:54 - INFO - Response from moonraker: {'result': 'ok'}
10-10-2024 20:33:55 - INFO - Setting chamber_heater11 Heater Temp to 0 for chamber setpoint of 0 Request successfully executed.
10-10-2024 20:33:55 - INFO - Sending request to Setting chamber_heater12 Heater Temp to 0 for chamber setpoint of 0 with timeout of 5s...
10-10-2024 20:33:55 - INFO - Setting chamber_heater12 Heater Temp to 0 for chamber setpoint of 0 request successfully sent.
10-10-2024 20:33:55 - INFO - Response from moonraker: {'result': 'ok'}
10-10-2024 20:33:55 - INFO - Setting chamber_heater12 Heater Temp to 0 for chamber setpoint of 0 Request successfully executed.
10-10-2024 20:33:59 - INFO - Sending request to Setting heater_bed Heater Temp to 120.0 for chamber setpoint of 120.0 with timeout of 5s...
10-10-2024 20:33:59 - INFO - Setting heater_bed Heater Temp to 120.0 for chamber setpoint of 120.0 request successfully sent.
10-10-2024 20:33:59 - INFO - Response from moonraker: {'result': 'ok'}
10-10-2024 20:33:59 - INFO - Setting heater_bed Heater Temp to 120.0 for chamber setpoint of 120.0 Request successfully executed.
10-10-2024 20:33:59 - INFO - Sending request to Setting bed_heater1 Heater Temp to 120.0 for chamber setpoint of 120.0 with timeout of 5s...
10-10-2024 20:33:59 - INFO - Setting bed_heater1 Heater Temp to 120.0 for chamber setpoint of 120.0 request successfully sent.
10-10-2024 20:33:59 - INFO - Response from moonraker: {'result': 'ok'}
10-10-2024 20:33:59 - INFO - Setting bed_heater1 Heater Temp to 120.0 for chamber setpoint of 120.0 Request successfully executed.
10-10-2024 20:34:17 - INFO - Sending request to Setting chamber_heater2 Heater Temp to 238.13780000000003 for chamber setpoint of 100.0 with timeout of 5s...
10-10-2024 20:34:17 - INFO - Setting chamber_heater2 Heater Temp to 238.13780000000003 for chamber setpoint of 100.0 request successfully sent.
10-10-2024 20:34:17 - INFO - Response from moonraker: {'result': 'ok'}
10-10-2024 20:34:17 - INFO - Setting chamber_heater2 Heater Temp to 238.13780000000003 for chamber setpoint of 100.0 Request successfully executed.
10-10-2024 20:34:17 - INFO - Sending request to Setting chamber_heater3 Heater Temp to 238.13780000000003 for chamber setpoint of 100.0 with timeout of 5s...
10-10-2024 20:34:17 - INFO - Setting chamber_heater3 Heater Temp to 238.13780000000003 for chamber setpoint of 100.0 request successfully sent.
10-10-2024 20:34:17 - INFO - Response from moonraker: {'result': 'ok'}
10-10-2024 20:34:17 - INFO - Setting chamber_heater3 Heater Temp to 238.13780000000003 for chamber setpoint of 100.0 Request successfully executed.
10-10-2024 20:34:17 - INFO - Sending request to Setting chamber_heater4 Heater Temp to 238.13780000000003 for chamber setpoint of 100.0 with timeout of 5s...
10-10-2024 20:34:17 - INFO - Setting chamber_heater4 Heater Temp to 238.13780000000003 for chamber setpoint of 100.0 request successfully sent.
10-10-2024 20:34:17 - INFO - Response from moonraker: {'result': 'ok'}
10-10-2024 20:34:17 - INFO - Setting chamber_heater4 Heater Temp to 238.13780000000003 for chamber setpoint of 100.0 Request successfully executed.
10-10-2024 20:34:17 - INFO - Sending request to Setting chamber_heater5 Heater Temp to 214.7047 for chamber setpoint of 100.0 with timeout of 5s...
10-10-2024 20:34:17 - INFO - Setting chamber_heater5 Heater Temp to 214.7047 for chamber setpoint of 100.0 request successfully sent.
10-10-2024 20:34:17 - INFO - Response from moonraker: {'result': 'ok'}
10-10-2024 20:34:17 - INFO - Setting chamber_heater5 Heater Temp to 214.7047 for chamber setpoint of 100.0 Request successfully executed.
10-10-2024 20:34:17 - INFO - Sending request to Setting chamber_heater6 Heater Temp to 214.7047 for chamber setpoint of 100.0 with timeout of 5s...
10-10-2024 20:34:17 - INFO - Setting chamber_heater6 Heater Temp to 214.7047 for chamber setpoint of 100.0 request successfully sent.
10-10-2024 20:34:17 - INFO - Response from moonraker: {'result': 'ok'}
10-10-2024 20:34:17 - INFO - Setting chamber_heater6 Heater Temp to 214.7047 for chamber setpoint of 100.0 Request successfully executed.
10-10-2024 20:34:17 - INFO - Sending request to Setting chamber_heater7 Heater Temp to 214.7047 for chamber setpoint of 100.0 with timeout of 5s...
10-10-2024 20:34:17 - INFO - Setting chamber_heater7 Heater Temp to 214.7047 for chamber setpoint of 100.0 request successfully sent.
10-10-2024 20:34:17 - INFO - Response from moonraker: {'result': 'ok'}
10-10-2024 20:34:17 - INFO - Setting chamber_heater7 Heater Temp to 214.7047 for chamber setpoint of 100.0 Request successfully executed.
10-10-2024 20:34:17 - INFO - Sending request to Setting chamber_heater11 Heater Temp to 214.7047 for chamber setpoint of 100.0 with timeout of 5s...
10-10-2024 20:34:17 - INFO - Setting chamber_heater11 Heater Temp to 214.7047 for chamber setpoint of 100.0 request successfully sent.
10-10-2024 20:34:17 - INFO - Response from moonraker: {'result': 'ok'}
10-10-2024 20:34:17 - INFO - Setting chamber_heater11 Heater Temp to 214.7047 for chamber setpoint of 100.0 Request successfully executed.
10-10-2024 20:34:17 - INFO - Sending request to Setting chamber_heater12 Heater Temp to 214.7047 for chamber setpoint of 100.0 with timeout of 5s...
10-10-2024 20:34:17 - INFO - Setting chamber_heater12 Heater Temp to 214.7047 for chamber setpoint of 100.0 request successfully sent.
10-10-2024 20:34:17 - INFO - Response from moonraker: {'result': 'ok'}
10-10-2024 20:34:17 - INFO - Setting chamber_heater12 Heater Temp to 214.7047 for chamber setpoint of 100.0 Request successfully executed.
10-10-2024 20:36:43 - INFO - Sending request to Setting chamber_heater2 Heater Temp to 244.74540000000002 for chamber setpoint of 102.0 with timeout of 5s...
10-10-2024 20:36:43 - INFO - Setting chamber_heater2 Heater Temp to 244.74540000000002 for chamber setpoint of 102.0 request successfully sent.
10-10-2024 20:36:43 - INFO - Response from moonraker: {'result': 'ok'}
10-10-2024 20:36:43 - INFO - Setting chamber_heater2 Heater Temp to 244.74540000000002 for chamber setpoint of 102.0 Request successfully executed.
10-10-2024 20:36:43 - INFO - Sending request to Setting chamber_heater3 Heater Temp to 244.74540000000002 for chamber setpoint of 102.0 with timeout of 5s...
10-10-2024 20:36:43 - INFO - Setting chamber_heater3 Heater Temp to 244.74540000000002 for chamber setpoint of 102.0 request successfully sent.
10-10-2024 20:36:43 - INFO - Response from moonraker: {'result': 'ok'}
10-10-2024 20:36:43 - INFO - Setting chamber_heater3 Heater Temp to 244.74540000000002 for chamber setpoint of 102.0 Request successfully executed.
10-10-2024 20:36:43 - INFO - Sending request to Setting chamber_heater4 Heater Temp to 244.74540000000002 for chamber setpoint of 102.0 with timeout of 5s...
10-10-2024 20:36:43 - INFO - Setting chamber_heater4 Heater Temp to 244.74540000000002 for chamber setpoint of 102.0 request successfully sent.
10-10-2024 20:36:43 - INFO - Response from moonraker: {'result': 'ok'}
10-10-2024 20:36:43 - INFO - Setting chamber_heater4 Heater Temp to 244.74540000000002 for chamber setpoint of 102.0 Request successfully executed.
10-10-2024 20:36:43 - INFO - Sending request to Setting chamber_heater5 Heater Temp to 220.64190000000002 for chamber setpoint of 102.0 with timeout of 5s...
10-10-2024 20:36:43 - INFO - Setting chamber_heater5 Heater Temp to 220.64190000000002 for chamber setpoint of 102.0 request successfully sent.
10-10-2024 20:36:43 - INFO - Response from moonraker: {'result': 'ok'}
10-10-2024 20:36:43 - INFO - Setting chamber_heater5 Heater Temp to 220.64190000000002 for chamber setpoint of 102.0 Request successfully executed.
10-10-2024 20:36:43 - INFO - Sending request to Setting chamber_heater6 Heater Temp to 220.64190000000002 for chamber setpoint of 102.0 with timeout of 5s...
10-10-2024 20:36:44 - INFO - Setting chamber_heater6 Heater Temp to 220.64190000000002 for chamber setpoint of 102.0 request successfully sent.
10-10-2024 20:36:44 - INFO - Response from moonraker: {'result': 'ok'}
10-10-2024 20:36:44 - INFO - Setting chamber_heater6 Heater Temp to 220.64190000000002 for chamber setpoint of 102.0 Request successfully executed.
10-10-2024 20:36:44 - INFO - Sending request to Setting chamber_heater7 Heater Temp to 220.64190000000002 for chamber setpoint of 102.0 with timeout of 5s...
10-10-2024 20:36:44 - INFO - Setting chamber_heater7 Heater Temp to 220.64190000000002 for chamber setpoint of 102.0 request successfully sent.
10-10-2024 20:36:44 - INFO - Response from moonraker: {'result': 'ok'}
10-10-2024 20:36:44 - INFO - Setting chamber_heater7 Heater Temp to 220.64190000000002 for chamber setpoint of 102.0 Request successfully executed.
10-10-2024 20:36:44 - INFO - Sending request to Setting chamber_heater11 Heater Temp to 220.64190000000002 for chamber setpoint of 102.0 with timeout of 5s...
10-10-2024 20:36:44 - INFO - Setting chamber_heater11 Heater Temp to 220.64190000000002 for chamber setpoint of 102.0 request successfully sent.
10-10-2024 20:36:44 - INFO - Response from moonraker: {'result': 'ok'}
10-10-2024 20:36:44 - INFO - Setting chamber_heater11 Heater Temp to 220.64190000000002 for chamber setpoint of 102.0 Request successfully executed.
10-10-2024 20:36:44 - INFO - Sending request to Setting chamber_heater12 Heater Temp to 220.64190000000002 for chamber setpoint of 102.0 with timeout of 5s...
10-10-2024 20:36:44 - INFO - Setting chamber_heater12 Heater Temp to 220.64190000000002 for chamber setpoint of 102.0 request successfully sent.
10-10-2024 20:36:44 - INFO - Response from moonraker: {'result': 'ok'}
10-10-2024 20:36:44 - INFO - Setting chamber_heater12 Heater Temp to 220.64190000000002 for chamber setpoint of 102.0 Request successfully executed.
10-10-2024 20:36:49 - INFO - Sending request to Setting chamber_heater2 Heater Temp to 251.37380000000002 for chamber setpoint of 104.0 with timeout of 5s...
10-10-2024 20:36:49 - INFO - Setting chamber_heater2 Heater Temp to 251.37380000000002 for chamber setpoint of 104.0 request successfully sent.
10-10-2024 20:36:49 - INFO - Response from moonraker: {'result': 'ok'}
10-10-2024 20:36:49 - INFO - Setting chamber_heater2 Heater Temp to 251.37380000000002 for chamber setpoint of 104.0 Request successfully executed.
10-10-2024 20:36:49 - INFO - Sending request to Setting chamber_heater3 Heater Temp to 251.37380000000002 for chamber setpoint of 104.0 with timeout of 5s...
10-10-2024 20:36:49 - INFO - Setting chamber_heater3 Heater Temp to 251.37380000000002 for chamber setpoint of 104.0 request successfully sent.
10-10-2024 20:36:49 - INFO - Response from moonraker: {'result': 'ok'}
10-10-2024 20:36:49 - INFO - Setting chamber_heater3 Heater Temp to 251.37380000000002 for chamber setpoint of 104.0 Request successfully executed.
10-10-2024 20:36:49 - INFO - Sending request to Setting chamber_heater4 Heater Temp to 251.37380000000002 for chamber setpoint of 104.0 with timeout of 5s...
10-10-2024 20:36:49 - INFO - Setting chamber_heater4 Heater Temp to 251.37380000000002 for chamber setpoint of 104.0 request successfully sent.
10-10-2024 20:36:49 - INFO - Response from moonraker: {'result': 'ok'}
10-10-2024 20:36:49 - INFO - Setting chamber_heater4 Heater Temp to 251.37380000000002 for chamber setpoint of 104.0 Request successfully executed.
10-10-2024 20:36:49 - INFO - Sending request to Setting chamber_heater5 Heater Temp to 226.60309999999998 for chamber setpoint of 104.0 with timeout of 5s...
10-10-2024 20:36:49 - INFO - Setting chamber_heater5 Heater Temp to 226.60309999999998 for chamber setpoint of 104.0 request successfully sent.
10-10-2024 20:36:49 - INFO - Response from moonraker: {'result': 'ok'}
10-10-2024 20:36:49 - INFO - Setting chamber_heater5 Heater Temp to 226.60309999999998 for chamber setpoint of 104.0 Request successfully executed.
10-10-2024 20:36:49 - INFO - Sending request to Setting chamber_heater6 Heater Temp to 226.60309999999998 for chamber setpoint of 104.0 with timeout of 5s...
10-10-2024 20:36:49 - INFO - Setting chamber_heater6 Heater Temp to 226.60309999999998 for chamber setpoint of 104.0 request successfully sent.
10-10-2024 20:36:49 - INFO - Response from moonraker: {'result': 'ok'}
10-10-2024 20:36:49 - INFO - Setting chamber_heater6 Heater Temp to 226.60309999999998 for chamber setpoint of 104.0 Request successfully executed.
10-10-2024 20:36:49 - INFO - Sending request to Setting chamber_heater7 Heater Temp to 226.60309999999998 for chamber setpoint of 104.0 with timeout of 5s...
10-10-2024 20:36:49 - INFO - Setting chamber_heater7 Heater Temp to 226.60309999999998 for chamber setpoint of 104.0 request successfully sent.
10-10-2024 20:36:49 - INFO - Response from moonraker: {'result': 'ok'}
10-10-2024 20:36:49 - INFO - Setting chamber_heater7 Heater Temp to 226.60309999999998 for chamber setpoint of 104.0 Request successfully executed.
10-10-2024 20:36:49 - INFO - Sending request to Setting chamber_heater11 Heater Temp to 226.60309999999998 for chamber setpoint of 104.0 with timeout of 5s...
10-10-2024 20:36:49 - INFO - Setting chamber_heater11 Heater Temp to 226.60309999999998 for chamber setpoint of 104.0 request successfully sent.
10-10-2024 20:36:49 - INFO - Response from moonraker: {'result': 'ok'}
10-10-2024 20:36:49 - INFO - Setting chamber_heater11 Heater Temp to 226.60309999999998 for chamber setpoint of 104.0 Request successfully executed.
10-10-2024 20:36:49 - INFO - Sending request to Setting chamber_heater12 Heater Temp to 226.60309999999998 for chamber setpoint of 104.0 with timeout of 5s...
10-10-2024 20:36:49 - INFO - Setting chamber_heater12 Heater Temp to 226.60309999999998 for chamber setpoint of 104.0 request successfully sent.
10-10-2024 20:36:49 - INFO - Response from moonraker: {'result': 'ok'}
10-10-2024 20:36:49 - INFO - Setting chamber_heater12 Heater Temp to 226.60309999999998 for chamber setpoint of 104.0 Request successfully executed.
10-10-2024 20:36:54 - INFO - Sending request to Setting chamber_heater2 Heater Temp to 258.02299999999997 for chamber setpoint of 106.0 with timeout of 5s...
10-10-2024 20:36:54 - INFO - Setting chamber_heater2 Heater Temp to 258.02299999999997 for chamber setpoint of 106.0 request successfully sent.
10-10-2024 20:36:54 - INFO - Response from moonraker: {'result': 'ok'}
10-10-2024 20:36:54 - INFO - Setting chamber_heater2 Heater Temp to 258.02299999999997 for chamber setpoint of 106.0 Request successfully executed.
10-10-2024 20:36:54 - INFO - Sending request to Setting chamber_heater3 Heater Temp to 258.02299999999997 for chamber setpoint of 106.0 with timeout of 5s...
10-10-2024 20:36:54 - INFO - Setting chamber_heater3 Heater Temp to 258.02299999999997 for chamber setpoint of 106.0 request successfully sent.
10-10-2024 20:36:54 - INFO - Response from moonraker: {'result': 'ok'}
10-10-2024 20:36:54 - INFO - Setting chamber_heater3 Heater Temp to 258.02299999999997 for chamber setpoint of 106.0 Request successfully executed.
10-10-2024 20:36:54 - INFO - Sending request to Setting chamber_heater4 Heater Temp to 258.02299999999997 for chamber setpoint of 106.0 with timeout of 5s...
10-10-2024 20:36:54 - INFO - Setting chamber_heater4 Heater Temp to 258.02299999999997 for chamber setpoint of 106.0 request successfully sent.
10-10-2024 20:36:54 - INFO - Response from moonraker: {'result': 'ok'}
10-10-2024 20:36:54 - INFO - Setting chamber_heater4 Heater Temp to 258.02299999999997 for chamber setpoint of 106.0 Request successfully executed.
10-10-2024 20:36:54 - INFO - Sending request to Setting chamber_heater5 Heater Temp to 232.5883 for chamber setpoint of 106.0 with timeout of 5s...
10-10-2024 20:36:54 - INFO - Setting chamber_heater5 Heater Temp to 232.5883 for chamber setpoint of 106.0 request successfully sent.
10-10-2024 20:36:54 - INFO - Response from moonraker: {'result': 'ok'}
10-10-2024 20:36:54 - INFO - Setting chamber_heater5 Heater Temp to 232.5883 for chamber setpoint of 106.0 Request successfully executed.
10-10-2024 20:36:54 - INFO - Sending request to Setting chamber_heater6 Heater Temp to 232.5883 for chamber setpoint of 106.0 with timeout of 5s...
10-10-2024 20:36:54 - INFO - Setting chamber_heater6 Heater Temp to 232.5883 for chamber setpoint of 106.0 request successfully sent.
10-10-2024 20:36:54 - INFO - Response from moonraker: {'result': 'ok'}
10-10-2024 20:36:54 - INFO - Setting chamber_heater6 Heater Temp to 232.5883 for chamber setpoint of 106.0 Request successfully executed.
10-10-2024 20:36:54 - INFO - Sending request to Setting chamber_heater7 Heater Temp to 232.5883 for chamber setpoint of 106.0 with timeout of 5s...
10-10-2024 20:36:54 - INFO - Setting chamber_heater7 Heater Temp to 232.5883 for chamber setpoint of 106.0 request successfully sent.
10-10-2024 20:36:54 - INFO - Response from moonraker: {'result': 'ok'}
10-10-2024 20:36:54 - INFO - Setting chamber_heater7 Heater Temp to 232.5883 for chamber setpoint of 106.0 Request successfully executed.
10-10-2024 20:36:54 - INFO - Sending request to Setting chamber_heater11 Heater Temp to 232.5883 for chamber setpoint of 106.0 with timeout of 5s...
10-10-2024 20:36:54 - INFO - Setting chamber_heater11 Heater Temp to 232.5883 for chamber setpoint of 106.0 request successfully sent.
10-10-2024 20:36:54 - INFO - Response from moonraker: {'result': 'ok'}
10-10-2024 20:36:54 - INFO - Setting chamber_heater11 Heater Temp to 232.5883 for chamber setpoint of 106.0 Request successfully executed.
10-10-2024 20:36:54 - INFO - Sending request to Setting chamber_heater12 Heater Temp to 232.5883 for chamber setpoint of 106.0 with timeout of 5s...
10-10-2024 20:36:54 - INFO - Setting chamber_heater12 Heater Temp to 232.5883 for chamber setpoint of 106.0 request successfully sent.
10-10-2024 20:36:54 - INFO - Response from moonraker: {'result': 'ok'}
10-10-2024 20:36:54 - INFO - Setting chamber_heater12 Heater Temp to 232.5883 for chamber setpoint of 106.0 Request successfully executed.
10-10-2024 20:36:59 - INFO - Sending request to Setting chamber_heater2 Heater Temp to 264.693 for chamber setpoint of 108.0 with timeout of 5s...
10-10-2024 20:36:59 - INFO - Setting chamber_heater2 Heater Temp to 264.693 for chamber setpoint of 108.0 request successfully sent.
10-10-2024 20:36:59 - INFO - Response from moonraker: {'result': 'ok'}
10-10-2024 20:36:59 - INFO - Setting chamber_heater2 Heater Temp to 264.693 for chamber setpoint of 108.0 Request successfully executed.
10-10-2024 20:36:59 - INFO - Sending request to Setting chamber_heater3 Heater Temp to 264.693 for chamber setpoint of 108.0 with timeout of 5s...
10-10-2024 20:36:59 - INFO - Setting chamber_heater3 Heater Temp to 264.693 for chamber setpoint of 108.0 request successfully sent.
10-10-2024 20:36:59 - INFO - Response from moonraker: {'result': 'ok'}
10-10-2024 20:36:59 - INFO - Setting chamber_heater3 Heater Temp to 264.693 for chamber setpoint of 108.0 Request successfully executed.
10-10-2024 20:36:59 - INFO - Sending request to Setting chamber_heater4 Heater Temp to 264.693 for chamber setpoint of 108.0 with timeout of 5s...
10-10-2024 20:36:59 - INFO - Setting chamber_heater4 Heater Temp to 264.693 for chamber setpoint of 108.0 request successfully sent.
10-10-2024 20:36:59 - INFO - Response from moonraker: {'result': 'ok'}
10-10-2024 20:36:59 - INFO - Setting chamber_heater4 Heater Temp to 264.693 for chamber setpoint of 108.0 Request successfully executed.
10-10-2024 20:36:59 - INFO - Sending request to Setting chamber_heater5 Heater Temp to 238.59750000000003 for chamber setpoint of 108.0 with timeout of 5s...
10-10-2024 20:36:59 - INFO - Setting chamber_heater5 Heater Temp to 238.59750000000003 for chamber setpoint of 108.0 request successfully sent.
10-10-2024 20:36:59 - INFO - Response from moonraker: {'result': 'ok'}
10-10-2024 20:36:59 - INFO - Setting chamber_heater5 Heater Temp to 238.59750000000003 for chamber setpoint of 108.0 Request successfully executed.
10-10-2024 20:36:59 - INFO - Sending request to Setting chamber_heater6 Heater Temp to 238.59750000000003 for chamber setpoint of 108.0 with timeout of 5s...
10-10-2024 20:36:59 - INFO - Setting chamber_heater6 Heater Temp to 238.59750000000003 for chamber setpoint of 108.0 request successfully sent.
10-10-2024 20:36:59 - INFO - Response from moonraker: {'result': 'ok'}
10-10-2024 20:36:59 - INFO - Setting chamber_heater6 Heater Temp to 238.59750000000003 for chamber setpoint of 108.0 Request successfully executed.
10-10-2024 20:36:59 - INFO - Sending request to Setting chamber_heater7 Heater Temp to 238.59750000000003 for chamber setpoint of 108.0 with timeout of 5s...
10-10-2024 20:36:59 - INFO - Setting chamber_heater7 Heater Temp to 238.59750000000003 for chamber setpoint of 108.0 request successfully sent.
10-10-2024 20:36:59 - INFO - Response from moonraker: {'result': 'ok'}
10-10-2024 20:36:59 - INFO - Setting chamber_heater7 Heater Temp to 238.59750000000003 for chamber setpoint of 108.0 Request successfully executed.
10-10-2024 20:36:59 - INFO - Sending request to Setting chamber_heater11 Heater Temp to 238.59750000000003 for chamber setpoint of 108.0 with timeout of 5s...
10-10-2024 20:36:59 - INFO - Setting chamber_heater11 Heater Temp to 238.59750000000003 for chamber setpoint of 108.0 request successfully sent.
10-10-2024 20:36:59 - INFO - Response from moonraker: {'result': 'ok'}
10-10-2024 20:36:59 - INFO - Setting chamber_heater11 Heater Temp to 238.59750000000003 for chamber setpoint of 108.0 Request successfully executed.
10-10-2024 20:36:59 - INFO - Sending request to Setting chamber_heater12 Heater Temp to 238.59750000000003 for chamber setpoint of 108.0 with timeout of 5s...
10-10-2024 20:36:59 - INFO - Setting chamber_heater12 Heater Temp to 238.59750000000003 for chamber setpoint of 108.0 request successfully sent.
10-10-2024 20:36:59 - INFO - Response from moonraker: {'result': 'ok'}
10-10-2024 20:36:59 - INFO - Setting chamber_heater12 Heater Temp to 238.59750000000003 for chamber setpoint of 108.0 Request successfully executed.
10-10-2024 20:37:04 - INFO - Sending request to Setting chamber_heater2 Heater Temp to 271.3838 for chamber setpoint of 110.0 with timeout of 5s...
10-10-2024 20:37:04 - INFO - Setting chamber_heater2 Heater Temp to 271.3838 for chamber setpoint of 110.0 request successfully sent.
10-10-2024 20:37:04 - INFO - Response from moonraker: {'result': 'ok'}
10-10-2024 20:37:04 - INFO - Setting chamber_heater2 Heater Temp to 271.3838 for chamber setpoint of 110.0 Request successfully executed.
10-10-2024 20:37:04 - INFO - Sending request to Setting chamber_heater3 Heater Temp to 271.3838 for chamber setpoint of 110.0 with timeout of 5s...
10-10-2024 20:37:04 - INFO - Setting chamber_heater3 Heater Temp to 271.3838 for chamber setpoint of 110.0 request successfully sent.
10-10-2024 20:37:04 - INFO - Response from moonraker: {'result': 'ok'}
10-10-2024 20:37:04 - INFO - Setting chamber_heater3 Heater Temp to 271.3838 for chamber setpoint of 110.0 Request successfully executed.
10-10-2024 20:37:04 - INFO - Sending request to Setting chamber_heater4 Heater Temp to 271.3838 for chamber setpoint of 110.0 with timeout of 5s...
10-10-2024 20:37:04 - INFO - Setting chamber_heater4 Heater Temp to 271.3838 for chamber setpoint of 110.0 request successfully sent.
10-10-2024 20:37:04 - INFO - Response from moonraker: {'result': 'ok'}
10-10-2024 20:37:04 - INFO - Setting chamber_heater4 Heater Temp to 271.3838 for chamber setpoint of 110.0 Request successfully executed.
10-10-2024 20:37:04 - INFO - Sending request to Setting chamber_heater5 Heater Temp to 244.63070000000005 for chamber setpoint of 110.0 with timeout of 5s...
10-10-2024 20:37:04 - INFO - Setting chamber_heater5 Heater Temp to 244.63070000000005 for chamber setpoint of 110.0 request successfully sent.
10-10-2024 20:37:04 - INFO - Response from moonraker: {'result': 'ok'}
10-10-2024 20:37:04 - INFO - Setting chamber_heater5 Heater Temp to 244.63070000000005 for chamber setpoint of 110.0 Request successfully executed.
10-10-2024 20:37:04 - INFO - Sending request to Setting chamber_heater6 Heater Temp to 244.63070000000005 for chamber setpoint of 110.0 with timeout of 5s...
10-10-2024 20:37:04 - INFO - Setting chamber_heater6 Heater Temp to 244.63070000000005 for chamber setpoint of 110.0 request successfully sent.
10-10-2024 20:37:04 - INFO - Response from moonraker: {'result': 'ok'}
10-10-2024 20:37:04 - INFO - Setting chamber_heater6 Heater Temp to 244.63070000000005 for chamber setpoint of 110.0 Request successfully executed.
10-10-2024 20:37:04 - INFO - Sending request to Setting chamber_heater7 Heater Temp to 244.63070000000005 for chamber setpoint of 110.0 with timeout of 5s...
10-10-2024 20:37:04 - INFO - Setting chamber_heater7 Heater Temp to 244.63070000000005 for chamber setpoint of 110.0 request successfully sent.
10-10-2024 20:37:04 - INFO - Response from moonraker: {'result': 'ok'}
10-10-2024 20:37:04 - INFO - Setting chamber_heater7 Heater Temp to 244.63070000000005 for chamber setpoint of 110.0 Request successfully executed.
10-10-2024 20:37:04 - INFO - Sending request to Setting chamber_heater11 Heater Temp to 244.63070000000005 for chamber setpoint of 110.0 with timeout of 5s...
10-10-2024 20:37:04 - INFO - Setting chamber_heater11 Heater Temp to 244.63070000000005 for chamber setpoint of 110.0 request successfully sent.
10-10-2024 20:37:04 - INFO - Response from moonraker: {'result': 'ok'}
10-10-2024 20:37:04 - INFO - Setting chamber_heater11 Heater Temp to 244.63070000000005 for chamber setpoint of 110.0 Request successfully executed.
10-10-2024 20:37:04 - INFO - Sending request to Setting chamber_heater12 Heater Temp to 244.63070000000005 for chamber setpoint of 110.0 with timeout of 5s...
10-10-2024 20:37:04 - INFO - Setting chamber_heater12 Heater Temp to 244.63070000000005 for chamber setpoint of 110.0 request successfully sent.
10-10-2024 20:37:04 - INFO - Response from moonraker: {'result': 'ok'}
10-10-2024 20:37:04 - INFO - Setting chamber_heater12 Heater Temp to 244.63070000000005 for chamber setpoint of 110.0 Request successfully executed.
10-10-2024 20:37:09 - INFO - Sending request to Setting chamber_heater2 Heater Temp to 278.0954 for chamber setpoint of 112.0 with timeout of 5s...
10-10-2024 20:37:09 - INFO - Setting chamber_heater2 Heater Temp to 278.0954 for chamber setpoint of 112.0 request successfully sent.
10-10-2024 20:37:09 - INFO - Response from moonraker: {'result': 'ok'}
10-10-2024 20:37:09 - INFO - Setting chamber_heater2 Heater Temp to 278.0954 for chamber setpoint of 112.0 Request successfully executed.
10-10-2024 20:37:09 - INFO - Sending request to Setting chamber_heater3 Heater Temp to 278.0954 for chamber setpoint of 112.0 with timeout of 5s...
10-10-2024 20:37:09 - INFO - Setting chamber_heater3 Heater Temp to 278.0954 for chamber setpoint of 112.0 request successfully sent.
10-10-2024 20:37:09 - INFO - Response from moonraker: {'result': 'ok'}
10-10-2024 20:37:09 - INFO - Setting chamber_heater3 Heater Temp to 278.0954 for chamber setpoint of 112.0 Request successfully executed.
10-10-2024 20:37:09 - INFO - Sending request to Setting chamber_heater4 Heater Temp to 278.0954 for chamber setpoint of 112.0 with timeout of 5s...
10-10-2024 20:37:09 - INFO - Setting chamber_heater4 Heater Temp to 278.0954 for chamber setpoint of 112.0 request successfully sent.
10-10-2024 20:37:09 - INFO - Response from moonraker: {'result': 'ok'}
10-10-2024 20:37:09 - INFO - Setting chamber_heater4 Heater Temp to 278.0954 for chamber setpoint of 112.0 Request successfully executed.
10-10-2024 20:37:09 - INFO - Sending request to Setting chamber_heater5 Heater Temp to 250.6879 for chamber setpoint of 112.0 with timeout of 5s...
10-10-2024 20:37:09 - INFO - Setting chamber_heater5 Heater Temp to 250.6879 for chamber setpoint of 112.0 request successfully sent.
10-10-2024 20:37:09 - INFO - Response from moonraker: {'result': 'ok'}
10-10-2024 20:37:09 - INFO - Setting chamber_heater5 Heater Temp to 250.6879 for chamber setpoint of 112.0 Request successfully executed.
10-10-2024 20:37:09 - INFO - Sending request to Setting chamber_heater6 Heater Temp to 250.6879 for chamber setpoint of 112.0 with timeout of 5s...
10-10-2024 20:37:09 - INFO - Setting chamber_heater6 Heater Temp to 250.6879 for chamber setpoint of 112.0 request successfully sent.
10-10-2024 20:37:09 - INFO - Response from moonraker: {'result': 'ok'}
10-10-2024 20:37:09 - INFO - Setting chamber_heater6 Heater Temp to 250.6879 for chamber setpoint of 112.0 Request successfully executed.
10-10-2024 20:37:09 - INFO - Sending request to Setting chamber_heater7 Heater Temp to 250.6879 for chamber setpoint of 112.0 with timeout of 5s...
10-10-2024 20:37:09 - INFO - Setting chamber_heater7 Heater Temp to 250.6879 for chamber setpoint of 112.0 request successfully sent.
10-10-2024 20:37:09 - INFO - Response from moonraker: {'result': 'ok'}
10-10-2024 20:37:09 - INFO - Setting chamber_heater7 Heater Temp to 250.6879 for chamber setpoint of 112.0 Request successfully executed.
10-10-2024 20:37:09 - INFO - Sending request to Setting chamber_heater11 Heater Temp to 250.6879 for chamber setpoint of 112.0 with timeout of 5s...
10-10-2024 20:37:09 - INFO - Setting chamber_heater11 Heater Temp to 250.6879 for chamber setpoint of 112.0 request successfully sent.
10-10-2024 20:37:09 - INFO - Response from moonraker: {'result': 'ok'}
10-10-2024 20:37:09 - INFO - Setting chamber_heater11 Heater Temp to 250.6879 for chamber setpoint of 112.0 Request successfully executed.
10-10-2024 20:37:09 - INFO - Sending request to Setting chamber_heater12 Heater Temp to 250.6879 for chamber setpoint of 112.0 with timeout of 5s...
10-10-2024 20:37:09 - INFO - Setting chamber_heater12 Heater Temp to 250.6879 for chamber setpoint of 112.0 request successfully sent.
10-10-2024 20:37:09 - INFO - Response from moonraker: {'result': 'ok'}
10-10-2024 20:37:09 - INFO - Setting chamber_heater12 Heater Temp to 250.6879 for chamber setpoint of 112.0 Request successfully executed.
10-10-2024 20:37:14 - INFO - Sending request to Setting chamber_heater2 Heater Temp to 284.8278 for chamber setpoint of 114.0 with timeout of 5s...
10-10-2024 20:37:14 - INFO - Setting chamber_heater2 Heater Temp to 284.8278 for chamber setpoint of 114.0 request successfully sent.
10-10-2024 20:37:14 - INFO - Response from moonraker: {'result': 'ok'}
10-10-2024 20:37:14 - INFO - Setting chamber_heater2 Heater Temp to 284.8278 for chamber setpoint of 114.0 Request successfully executed.
10-10-2024 20:37:14 - INFO - Sending request to Setting chamber_heater3 Heater Temp to 284.8278 for chamber setpoint of 114.0 with timeout of 5s...
10-10-2024 20:37:14 - INFO - Setting chamber_heater3 Heater Temp to 284.8278 for chamber setpoint of 114.0 request successfully sent.
10-10-2024 20:37:14 - INFO - Response from moonraker: {'result': 'ok'}
10-10-2024 20:37:14 - INFO - Setting chamber_heater3 Heater Temp to 284.8278 for chamber setpoint of 114.0 Request successfully executed.
10-10-2024 20:37:14 - INFO - Sending request to Setting chamber_heater4 Heater Temp to 284.8278 for chamber setpoint of 114.0 with timeout of 5s...
10-10-2024 20:37:14 - INFO - Setting chamber_heater4 Heater Temp to 284.8278 for chamber setpoint of 114.0 request successfully sent.
10-10-2024 20:37:14 - INFO - Response from moonraker: {'result': 'ok'}
10-10-2024 20:37:14 - INFO - Setting chamber_heater4 Heater Temp to 284.8278 for chamber setpoint of 114.0 Request successfully executed.
10-10-2024 20:37:14 - INFO - Sending request to Setting chamber_heater5 Heater Temp to 256.76910000000004 for chamber setpoint of 114.0 with timeout of 5s...
10-10-2024 20:37:14 - INFO - Setting chamber_heater5 Heater Temp to 256.76910000000004 for chamber setpoint of 114.0 request successfully sent.
10-10-2024 20:37:14 - INFO - Response from moonraker: {'result': 'ok'}
10-10-2024 20:37:14 - INFO - Setting chamber_heater5 Heater Temp to 256.76910000000004 for chamber setpoint of 114.0 Request successfully executed.
10-10-2024 20:37:14 - INFO - Sending request to Setting chamber_heater6 Heater Temp to 256.76910000000004 for chamber setpoint of 114.0 with timeout of 5s...
10-10-2024 20:37:14 - INFO - Setting chamber_heater6 Heater Temp to 256.76910000000004 for chamber setpoint of 114.0 request successfully sent.
10-10-2024 20:37:14 - INFO - Response from moonraker: {'result': 'ok'}
10-10-2024 20:37:14 - INFO - Setting chamber_heater6 Heater Temp to 256.76910000000004 for chamber setpoint of 114.0 Request successfully executed.
10-10-2024 20:37:14 - INFO - Sending request to Setting chamber_heater7 Heater Temp to 256.76910000000004 for chamber setpoint of 114.0 with timeout of 5s...
10-10-2024 20:37:14 - INFO - Setting chamber_heater7 Heater Temp to 256.76910000000004 for chamber setpoint of 114.0 request successfully sent.
10-10-2024 20:37:14 - INFO - Response from moonraker: {'result': 'ok'}
10-10-2024 20:37:14 - INFO - Setting chamber_heater7 Heater Temp to 256.76910000000004 for chamber setpoint of 114.0 Request successfully executed.
10-10-2024 20:37:14 - INFO - Sending request to Setting chamber_heater11 Heater Temp to 256.76910000000004 for chamber setpoint of 114.0 with timeout of 5s...
10-10-2024 20:37:15 - INFO - Setting chamber_heater11 Heater Temp to 256.76910000000004 for chamber setpoint of 114.0 request successfully sent.
10-10-2024 20:37:15 - INFO - Response from moonraker: {'result': 'ok'}
10-10-2024 20:37:15 - INFO - Setting chamber_heater11 Heater Temp to 256.76910000000004 for chamber setpoint of 114.0 Request successfully executed.
10-10-2024 20:37:15 - INFO - Sending request to Setting chamber_heater12 Heater Temp to 256.76910000000004 for chamber setpoint of 114.0 with timeout of 5s...
10-10-2024 20:37:15 - INFO - Setting chamber_heater12 Heater Temp to 256.76910000000004 for chamber setpoint of 114.0 request successfully sent.
10-10-2024 20:37:15 - INFO - Response from moonraker: {'result': 'ok'}
10-10-2024 20:37:15 - INFO - Setting chamber_heater12 Heater Temp to 256.76910000000004 for chamber setpoint of 114.0 Request successfully executed.
10-10-2024 20:37:20 - INFO - Sending request to Setting chamber_heater2 Heater Temp to 291.58099999999996 for chamber setpoint of 116.0 with timeout of 5s...
10-10-2024 20:37:20 - INFO - Setting chamber_heater2 Heater Temp to 291.58099999999996 for chamber setpoint of 116.0 request successfully sent.
10-10-2024 20:37:20 - INFO - Response from moonraker: {'result': 'ok'}
10-10-2024 20:37:20 - INFO - Setting chamber_heater2 Heater Temp to 291.58099999999996 for chamber setpoint of 116.0 Request successfully executed.
10-10-2024 20:37:20 - INFO - Sending request to Setting chamber_heater3 Heater Temp to 291.58099999999996 for chamber setpoint of 116.0 with timeout of 5s...
10-10-2024 20:37:20 - INFO - Setting chamber_heater3 Heater Temp to 291.58099999999996 for chamber setpoint of 116.0 request successfully sent.
10-10-2024 20:37:20 - INFO - Response from moonraker: {'result': 'ok'}
10-10-2024 20:37:20 - INFO - Setting chamber_heater3 Heater Temp to 291.58099999999996 for chamber setpoint of 116.0 Request successfully executed.
10-10-2024 20:37:20 - INFO - Sending request to Setting chamber_heater4 Heater Temp to 291.58099999999996 for chamber setpoint of 116.0 with timeout of 5s...
10-10-2024 20:37:20 - INFO - Setting chamber_heater4 Heater Temp to 291.58099999999996 for chamber setpoint of 116.0 request successfully sent.
10-10-2024 20:37:20 - INFO - Response from moonraker: {'result': 'ok'}
10-10-2024 20:37:20 - INFO - Setting chamber_heater4 Heater Temp to 291.58099999999996 for chamber setpoint of 116.0 Request successfully executed.
10-10-2024 20:37:20 - INFO - Sending request to Setting chamber_heater5 Heater Temp to 262.8743 for chamber setpoint of 116.0 with timeout of 5s...
10-10-2024 20:37:20 - INFO - Setting chamber_heater5 Heater Temp to 262.8743 for chamber setpoint of 116.0 request successfully sent.
10-10-2024 20:37:20 - INFO - Response from moonraker: {'result': 'ok'}
10-10-2024 20:37:20 - INFO - Setting chamber_heater5 Heater Temp to 262.8743 for chamber setpoint of 116.0 Request successfully executed.
10-10-2024 20:37:20 - INFO - Sending request to Setting chamber_heater6 Heater Temp to 262.8743 for chamber setpoint of 116.0 with timeout of 5s...
10-10-2024 20:37:20 - INFO - Setting chamber_heater6 Heater Temp to 262.8743 for chamber setpoint of 116.0 request successfully sent.
10-10-2024 20:37:20 - INFO - Response from moonraker: {'result': 'ok'}
10-10-2024 20:37:20 - INFO - Setting chamber_heater6 Heater Temp to 262.8743 for chamber setpoint of 116.0 Request successfully executed.
10-10-2024 20:37:20 - INFO - Sending request to Setting chamber_heater7 Heater Temp to 262.8743 for chamber setpoint of 116.0 with timeout of 5s...
10-10-2024 20:37:20 - INFO - Setting chamber_heater7 Heater Temp to 262.8743 for chamber setpoint of 116.0 request successfully sent.
10-10-2024 20:37:20 - INFO - Response from moonraker: {'result': 'ok'}
10-10-2024 20:37:20 - INFO - Setting chamber_heater7 Heater Temp to 262.8743 for chamber setpoint of 116.0 Request successfully executed.
10-10-2024 20:37:20 - INFO - Sending request to Setting chamber_heater11 Heater Temp to 262.8743 for chamber setpoint of 116.0 with timeout of 5s...
10-10-2024 20:37:20 - INFO - Setting chamber_heater11 Heater Temp to 262.8743 for chamber setpoint of 116.0 request successfully sent.
10-10-2024 20:37:20 - INFO - Response from moonraker: {'result': 'ok'}
10-10-2024 20:37:20 - INFO - Setting chamber_heater11 Heater Temp to 262.8743 for chamber setpoint of 116.0 Request successfully executed.
10-10-2024 20:37:20 - INFO - Sending request to Setting chamber_heater12 Heater Temp to 262.8743 for chamber setpoint of 116.0 with timeout of 5s...
10-10-2024 20:37:20 - INFO - Setting chamber_heater12 Heater Temp to 262.8743 for chamber setpoint of 116.0 request successfully sent.
10-10-2024 20:37:20 - INFO - Response from moonraker: {'result': 'ok'}
10-10-2024 20:37:20 - INFO - Setting chamber_heater12 Heater Temp to 262.8743 for chamber setpoint of 116.0 Request successfully executed.
10-10-2024 20:37:25 - INFO - Sending request to Setting chamber_heater2 Heater Temp to 298.355 for chamber setpoint of 118.0 with timeout of 5s...
10-10-2024 20:37:25 - INFO - Setting chamber_heater2 Heater Temp to 298.355 for chamber setpoint of 118.0 request successfully sent.
10-10-2024 20:37:25 - INFO - Response from moonraker: {'result': 'ok'}
10-10-2024 20:37:25 - INFO - Setting chamber_heater2 Heater Temp to 298.355 for chamber setpoint of 118.0 Request successfully executed.
10-10-2024 20:37:25 - INFO - Sending request to Setting chamber_heater3 Heater Temp to 298.355 for chamber setpoint of 118.0 with timeout of 5s...
10-10-2024 20:37:25 - INFO - Setting chamber_heater3 Heater Temp to 298.355 for chamber setpoint of 118.0 request successfully sent.
10-10-2024 20:37:25 - INFO - Response from moonraker: {'result': 'ok'}
10-10-2024 20:37:25 - INFO - Setting chamber_heater3 Heater Temp to 298.355 for chamber setpoint of 118.0 Request successfully executed.
10-10-2024 20:37:25 - INFO - Sending request to Setting chamber_heater4 Heater Temp to 298.355 for chamber setpoint of 118.0 with timeout of 5s...
10-10-2024 20:37:25 - INFO - Setting chamber_heater4 Heater Temp to 298.355 for chamber setpoint of 118.0 request successfully sent.
10-10-2024 20:37:25 - INFO - Response from moonraker: {'result': 'ok'}
10-10-2024 20:37:25 - INFO - Setting chamber_heater4 Heater Temp to 298.355 for chamber setpoint of 118.0 Request successfully executed.
10-10-2024 20:37:25 - INFO - Sending request to Setting chamber_heater5 Heater Temp to 269.00350000000003 for chamber setpoint of 118.0 with timeout of 5s...
10-10-2024 20:37:25 - INFO - Setting chamber_heater5 Heater Temp to 269.00350000000003 for chamber setpoint of 118.0 request successfully sent.
10-10-2024 20:37:25 - INFO - Response from moonraker: {'result': 'ok'}
10-10-2024 20:37:25 - INFO - Setting chamber_heater5 Heater Temp to 269.00350000000003 for chamber setpoint of 118.0 Request successfully executed.
10-10-2024 20:37:25 - INFO - Sending request to Setting chamber_heater6 Heater Temp to 269.00350000000003 for chamber setpoint of 118.0 with timeout of 5s...
10-10-2024 20:37:25 - INFO - Setting chamber_heater6 Heater Temp to 269.00350000000003 for chamber setpoint of 118.0 request successfully sent.
10-10-2024 20:37:25 - INFO - Response from moonraker: {'result': 'ok'}
10-10-2024 20:37:25 - INFO - Setting chamber_heater6 Heater Temp to 269.00350000000003 for chamber setpoint of 118.0 Request successfully executed.
10-10-2024 20:37:25 - INFO - Sending request to Setting chamber_heater7 Heater Temp to 269.00350000000003 for chamber setpoint of 118.0 with timeout of 5s...
10-10-2024 20:37:25 - INFO - Setting chamber_heater7 Heater Temp to 269.00350000000003 for chamber setpoint of 118.0 request successfully sent.
10-10-2024 20:37:25 - INFO - Response from moonraker: {'result': 'ok'}
10-10-2024 20:37:25 - INFO - Setting chamber_heater7 Heater Temp to 269.00350000000003 for chamber setpoint of 118.0 Request successfully executed.
10-10-2024 20:37:25 - INFO - Sending request to Setting chamber_heater11 Heater Temp to 269.00350000000003 for chamber setpoint of 118.0 with timeout of 5s...
10-10-2024 20:37:25 - INFO - Setting chamber_heater11 Heater Temp to 269.00350000000003 for chamber setpoint of 118.0 request successfully sent.
10-10-2024 20:37:25 - INFO - Response from moonraker: {'result': 'ok'}
10-10-2024 20:37:25 - INFO - Setting chamber_heater11 Heater Temp to 269.00350000000003 for chamber setpoint of 118.0 Request successfully executed.
10-10-2024 20:37:25 - INFO - Sending request to Setting chamber_heater12 Heater Temp to 269.00350000000003 for chamber setpoint of 118.0 with timeout of 5s...
10-10-2024 20:37:25 - INFO - Setting chamber_heater12 Heater Temp to 269.00350000000003 for chamber setpoint of 118.0 request successfully sent.
10-10-2024 20:37:25 - INFO - Response from moonraker: {'result': 'ok'}
10-10-2024 20:37:25 - INFO - Setting chamber_heater12 Heater Temp to 269.00350000000003 for chamber setpoint of 118.0 Request successfully executed.
10-10-2024 20:37:30 - INFO - Sending request to Setting chamber_heater2 Heater Temp to 305.1498 for chamber setpoint of 120.0 with timeout of 5s...
10-10-2024 20:37:30 - INFO - Setting chamber_heater2 Heater Temp to 305.1498 for chamber setpoint of 120.0 request successfully sent.
10-10-2024 20:37:30 - INFO - Response from moonraker: {'result': 'ok'}
10-10-2024 20:37:30 - INFO - Setting chamber_heater2 Heater Temp to 305.1498 for chamber setpoint of 120.0 Request successfully executed.
10-10-2024 20:37:30 - INFO - Sending request to Setting chamber_heater3 Heater Temp to 305.1498 for chamber setpoint of 120.0 with timeout of 5s...
10-10-2024 20:37:30 - INFO - Setting chamber_heater3 Heater Temp to 305.1498 for chamber setpoint of 120.0 request successfully sent.
10-10-2024 20:37:30 - INFO - Response from moonraker: {'result': 'ok'}
10-10-2024 20:37:30 - INFO - Setting chamber_heater3 Heater Temp to 305.1498 for chamber setpoint of 120.0 Request successfully executed.
10-10-2024 20:37:30 - INFO - Sending request to Setting chamber_heater4 Heater Temp to 305.1498 for chamber setpoint of 120.0 with timeout of 5s...
10-10-2024 20:37:30 - INFO - Setting chamber_heater4 Heater Temp to 305.1498 for chamber setpoint of 120.0 request successfully sent.
10-10-2024 20:37:30 - INFO - Response from moonraker: {'result': 'ok'}
10-10-2024 20:37:30 - INFO - Setting chamber_heater4 Heater Temp to 305.1498 for chamber setpoint of 120.0 Request successfully executed.
10-10-2024 20:37:30 - INFO - Sending request to Setting chamber_heater5 Heater Temp to 275.1567 for chamber setpoint of 120.0 with timeout of 5s...
10-10-2024 20:37:30 - INFO - Setting chamber_heater5 Heater Temp to 275.1567 for chamber setpoint of 120.0 request successfully sent.
10-10-2024 20:37:30 - INFO - Response from moonraker: {'result': 'ok'}
10-10-2024 20:37:30 - INFO - Setting chamber_heater5 Heater Temp to 275.1567 for chamber setpoint of 120.0 Request successfully executed.
10-10-2024 20:37:30 - INFO - Sending request to Setting chamber_heater6 Heater Temp to 275.1567 for chamber setpoint of 120.0 with timeout of 5s...
10-10-2024 20:37:30 - INFO - Setting chamber_heater6 Heater Temp to 275.1567 for chamber setpoint of 120.0 request successfully sent.
10-10-2024 20:37:30 - INFO - Response from moonraker: {'result': 'ok'}
10-10-2024 20:37:30 - INFO - Setting chamber_heater6 Heater Temp to 275.1567 for chamber setpoint of 120.0 Request successfully executed.
10-10-2024 20:37:30 - INFO - Sending request to Setting chamber_heater7 Heater Temp to 275.1567 for chamber setpoint of 120.0 with timeout of 5s...
10-10-2024 20:37:30 - INFO - Setting chamber_heater7 Heater Temp to 275.1567 for chamber setpoint of 120.0 request successfully sent.
10-10-2024 20:37:30 - INFO - Response from moonraker: {'result': 'ok'}
10-10-2024 20:37:30 - INFO - Setting chamber_heater7 Heater Temp to 275.1567 for chamber setpoint of 120.0 Request successfully executed.
10-10-2024 20:37:30 - INFO - Sending request to Setting chamber_heater11 Heater Temp to 275.1567 for chamber setpoint of 120.0 with timeout of 5s...
10-10-2024 20:37:30 - INFO - Setting chamber_heater11 Heater Temp to 275.1567 for chamber setpoint of 120.0 request successfully sent.
10-10-2024 20:37:30 - INFO - Response from moonraker: {'result': 'ok'}
10-10-2024 20:37:30 - INFO - Setting chamber_heater11 Heater Temp to 275.1567 for chamber setpoint of 120.0 Request successfully executed.
10-10-2024 20:37:30 - INFO - Sending request to Setting chamber_heater12 Heater Temp to 275.1567 for chamber setpoint of 120.0 with timeout of 5s...
10-10-2024 20:37:30 - INFO - Setting chamber_heater12 Heater Temp to 275.1567 for chamber setpoint of 120.0 request successfully sent.
10-10-2024 20:37:30 - INFO - Response from moonraker: {'result': 'ok'}
10-10-2024 20:37:30 - INFO - Setting chamber_heater12 Heater Temp to 275.1567 for chamber setpoint of 120.0 Request successfully executed.
10-10-2024 20:37:35 - INFO - Sending request to Setting chamber_heater2 Heater Temp to 311.9654 for chamber setpoint of 122.0 with timeout of 5s...
10-10-2024 20:37:35 - INFO - Setting chamber_heater2 Heater Temp to 311.9654 for chamber setpoint of 122.0 request successfully sent.
10-10-2024 20:37:35 - INFO - Response from moonraker: {'result': 'ok'}
10-10-2024 20:37:35 - INFO - Setting chamber_heater2 Heater Temp to 311.9654 for chamber setpoint of 122.0 Request successfully executed.
10-10-2024 20:37:35 - INFO - Sending request to Setting chamber_heater3 Heater Temp to 311.9654 for chamber setpoint of 122.0 with timeout of 5s...
10-10-2024 20:37:35 - INFO - Setting chamber_heater3 Heater Temp to 311.9654 for chamber setpoint of 122.0 request successfully sent.
10-10-2024 20:37:35 - INFO - Response from moonraker: {'result': 'ok'}
10-10-2024 20:37:35 - INFO - Setting chamber_heater3 Heater Temp to 311.9654 for chamber setpoint of 122.0 Request successfully executed.
10-10-2024 20:37:35 - INFO - Sending request to Setting chamber_heater4 Heater Temp to 311.9654 for chamber setpoint of 122.0 with timeout of 5s...
10-10-2024 20:37:35 - INFO - Setting chamber_heater4 Heater Temp to 311.9654 for chamber setpoint of 122.0 request successfully sent.
10-10-2024 20:37:35 - INFO - Response from moonraker: {'result': 'ok'}
10-10-2024 20:37:35 - INFO - Setting chamber_heater4 Heater Temp to 311.9654 for chamber setpoint of 122.0 Request successfully executed.
10-10-2024 20:37:35 - INFO - Sending request to Setting chamber_heater5 Heater Temp to 281.3339 for chamber setpoint of 122.0 with timeout of 5s...
10-10-2024 20:37:35 - INFO - Setting chamber_heater5 Heater Temp to 281.3339 for chamber setpoint of 122.0 request successfully sent.
10-10-2024 20:37:35 - INFO - Response from moonraker: {'result': 'ok'}
10-10-2024 20:37:35 - INFO - Setting chamber_heater5 Heater Temp to 281.3339 for chamber setpoint of 122.0 Request successfully executed.
10-10-2024 20:37:35 - INFO - Sending request to Setting chamber_heater6 Heater Temp to 281.3339 for chamber setpoint of 122.0 with timeout of 5s...
10-10-2024 20:37:35 - INFO - Setting chamber_heater6 Heater Temp to 281.3339 for chamber setpoint of 122.0 request successfully sent.
10-10-2024 20:37:35 - INFO - Response from moonraker: {'result': 'ok'}
10-10-2024 20:37:35 - INFO - Setting chamber_heater6 Heater Temp to 281.3339 for chamber setpoint of 122.0 Request successfully executed.
10-10-2024 20:37:35 - INFO - Sending request to Setting chamber_heater7 Heater Temp to 281.3339 for chamber setpoint of 122.0 with timeout of 5s...
10-10-2024 20:37:35 - INFO - Setting chamber_heater7 Heater Temp to 281.3339 for chamber setpoint of 122.0 request successfully sent.
10-10-2024 20:37:35 - INFO - Response from moonraker: {'result': 'ok'}
10-10-2024 20:37:35 - INFO - Setting chamber_heater7 Heater Temp to 281.3339 for chamber setpoint of 122.0 Request successfully executed.
10-10-2024 20:37:35 - INFO - Sending request to Setting chamber_heater11 Heater Temp to 281.3339 for chamber setpoint of 122.0 with timeout of 5s...
10-10-2024 20:37:35 - INFO - Setting chamber_heater11 Heater Temp to 281.3339 for chamber setpoint of 122.0 request successfully sent.
10-10-2024 20:37:35 - INFO - Response from moonraker: {'result': 'ok'}
10-10-2024 20:37:35 - INFO - Setting chamber_heater11 Heater Temp to 281.3339 for chamber setpoint of 122.0 Request successfully executed.
10-10-2024 20:37:35 - INFO - Sending request to Setting chamber_heater12 Heater Temp to 281.3339 for chamber setpoint of 122.0 with timeout of 5s...
10-10-2024 20:37:35 - INFO - Setting chamber_heater12 Heater Temp to 281.3339 for chamber setpoint of 122.0 request successfully sent.
10-10-2024 20:37:35 - INFO - Response from moonraker: {'result': 'ok'}
10-10-2024 20:37:35 - INFO - Setting chamber_heater12 Heater Temp to 281.3339 for chamber setpoint of 122.0 Request successfully executed.
10-10-2024 20:37:40 - INFO - Sending request to Setting chamber_heater2 Heater Temp to 318.8018 for chamber setpoint of 124.0 with timeout of 5s...
10-10-2024 20:37:40 - INFO - Setting chamber_heater2 Heater Temp to 318.8018 for chamber setpoint of 124.0 request successfully sent.
10-10-2024 20:37:40 - INFO - Response from moonraker: {'result': 'ok'}
10-10-2024 20:37:40 - INFO - Setting chamber_heater2 Heater Temp to 318.8018 for chamber setpoint of 124.0 Request successfully executed.
10-10-2024 20:37:40 - INFO - Sending request to Setting chamber_heater3 Heater Temp to 318.8018 for chamber setpoint of 124.0 with timeout of 5s...
10-10-2024 20:37:40 - INFO - Setting chamber_heater3 Heater Temp to 318.8018 for chamber setpoint of 124.0 request successfully sent.
10-10-2024 20:37:40 - INFO - Response from moonraker: {'result': 'ok'}
10-10-2024 20:37:40 - INFO - Setting chamber_heater3 Heater Temp to 318.8018 for chamber setpoint of 124.0 Request successfully executed.
10-10-2024 20:37:40 - INFO - Sending request to Setting chamber_heater4 Heater Temp to 318.8018 for chamber setpoint of 124.0 with timeout of 5s...
10-10-2024 20:37:41 - INFO - Setting chamber_heater4 Heater Temp to 318.8018 for chamber setpoint of 124.0 request successfully sent.
10-10-2024 20:37:41 - INFO - Response from moonraker: {'result': 'ok'}
10-10-2024 20:37:41 - INFO - Setting chamber_heater4 Heater Temp to 318.8018 for chamber setpoint of 124.0 Request successfully executed.
10-10-2024 20:37:41 - INFO - Sending request to Setting chamber_heater5 Heater Temp to 287.5351 for chamber setpoint of 124.0 with timeout of 5s...
10-10-2024 20:37:41 - INFO - Setting chamber_heater5 Heater Temp to 287.5351 for chamber setpoint of 124.0 request successfully sent.
10-10-2024 20:37:41 - INFO - Response from moonraker: {'result': 'ok'}
10-10-2024 20:37:41 - INFO - Setting chamber_heater5 Heater Temp to 287.5351 for chamber setpoint of 124.0 Request successfully executed.
10-10-2024 20:37:41 - INFO - Sending request to Setting chamber_heater6 Heater Temp to 287.5351 for chamber setpoint of 124.0 with timeout of 5s...
10-10-2024 20:37:41 - INFO - Setting chamber_heater6 Heater Temp to 287.5351 for chamber setpoint of 124.0 request successfully sent.
10-10-2024 20:37:41 - INFO - Response from moonraker: {'result': 'ok'}
10-10-2024 20:37:41 - INFO - Setting chamber_heater6 Heater Temp to 287.5351 for chamber setpoint of 124.0 Request successfully executed.
10-10-2024 20:37:41 - INFO - Sending request to Setting chamber_heater7 Heater Temp to 287.5351 for chamber setpoint of 124.0 with timeout of 5s...
10-10-2024 20:37:41 - INFO - Setting chamber_heater7 Heater Temp to 287.5351 for chamber setpoint of 124.0 request successfully sent.
10-10-2024 20:37:41 - INFO - Response from moonraker: {'result': 'ok'}
10-10-2024 20:37:41 - INFO - Setting chamber_heater7 Heater Temp to 287.5351 for chamber setpoint of 124.0 Request successfully executed.
10-10-2024 20:37:41 - INFO - Sending request to Setting chamber_heater11 Heater Temp to 287.5351 for chamber setpoint of 124.0 with timeout of 5s...
10-10-2024 20:37:41 - INFO - Setting chamber_heater11 Heater Temp to 287.5351 for chamber setpoint of 124.0 request successfully sent.
10-10-2024 20:37:41 - INFO - Response from moonraker: {'result': 'ok'}
10-10-2024 20:37:41 - INFO - Setting chamber_heater11 Heater Temp to 287.5351 for chamber setpoint of 124.0 Request successfully executed.
10-10-2024 20:37:41 - INFO - Sending request to Setting chamber_heater12 Heater Temp to 287.5351 for chamber setpoint of 124.0 with timeout of 5s...
10-10-2024 20:37:41 - INFO - Setting chamber_heater12 Heater Temp to 287.5351 for chamber setpoint of 124.0 request successfully sent.
10-10-2024 20:37:41 - INFO - Response from moonraker: {'result': 'ok'}
10-10-2024 20:37:41 - INFO - Setting chamber_heater12 Heater Temp to 287.5351 for chamber setpoint of 124.0 Request successfully executed.
10-10-2024 20:37:46 - INFO - Sending request to Setting chamber_heater2 Heater Temp to 325.659 for chamber setpoint of 126.0 with timeout of 5s...
10-10-2024 20:37:46 - INFO - Setting chamber_heater2 Heater Temp to 325.659 for chamber setpoint of 126.0 request successfully sent.
10-10-2024 20:37:46 - INFO - Response from moonraker: {'result': 'ok'}
10-10-2024 20:37:46 - INFO - Setting chamber_heater2 Heater Temp to 325.659 for chamber setpoint of 126.0 Request successfully executed.
10-10-2024 20:37:46 - INFO - Sending request to Setting chamber_heater3 Heater Temp to 325.659 for chamber setpoint of 126.0 with timeout of 5s...
10-10-2024 20:37:46 - INFO - Setting chamber_heater3 Heater Temp to 325.659 for chamber setpoint of 126.0 request successfully sent.
10-10-2024 20:37:46 - INFO - Response from moonraker: {'result': 'ok'}
10-10-2024 20:37:46 - INFO - Setting chamber_heater3 Heater Temp to 325.659 for chamber setpoint of 126.0 Request successfully executed.
10-10-2024 20:37:46 - INFO - Sending request to Setting chamber_heater4 Heater Temp to 325.659 for chamber setpoint of 126.0 with timeout of 5s...
10-10-2024 20:37:46 - INFO - Setting chamber_heater4 Heater Temp to 325.659 for chamber setpoint of 126.0 request successfully sent.
10-10-2024 20:37:46 - INFO - Response from moonraker: {'result': 'ok'}
10-10-2024 20:37:46 - INFO - Setting chamber_heater4 Heater Temp to 325.659 for chamber setpoint of 126.0 Request successfully executed.
10-10-2024 20:37:46 - INFO - Sending request to Setting chamber_heater5 Heater Temp to 293.76030000000003 for chamber setpoint of 126.0 with timeout of 5s...
10-10-2024 20:37:46 - INFO - Setting chamber_heater5 Heater Temp to 293.76030000000003 for chamber setpoint of 126.0 request successfully sent.
10-10-2024 20:37:46 - INFO - Response from moonraker: {'result': 'ok'}
10-10-2024 20:37:46 - INFO - Setting chamber_heater5 Heater Temp to 293.76030000000003 for chamber setpoint of 126.0 Request successfully executed.
10-10-2024 20:37:46 - INFO - Sending request to Setting chamber_heater6 Heater Temp to 293.76030000000003 for chamber setpoint of 126.0 with timeout of 5s...
10-10-2024 20:37:46 - INFO - Setting chamber_heater6 Heater Temp to 293.76030000000003 for chamber setpoint of 126.0 request successfully sent.
10-10-2024 20:37:46 - INFO - Response from moonraker: {'result': 'ok'}
10-10-2024 20:37:46 - INFO - Setting chamber_heater6 Heater Temp to 293.76030000000003 for chamber setpoint of 126.0 Request successfully executed.
10-10-2024 20:37:46 - INFO - Sending request to Setting chamber_heater7 Heater Temp to 293.76030000000003 for chamber setpoint of 126.0 with timeout of 5s...
10-10-2024 20:37:46 - INFO - Setting chamber_heater7 Heater Temp to 293.76030000000003 for chamber setpoint of 126.0 request successfully sent.
10-10-2024 20:37:46 - INFO - Response from moonraker: {'result': 'ok'}
10-10-2024 20:37:46 - INFO - Setting chamber_heater7 Heater Temp to 293.76030000000003 for chamber setpoint of 126.0 Request successfully executed.
10-10-2024 20:37:46 - INFO - Sending request to Setting chamber_heater11 Heater Temp to 293.76030000000003 for chamber setpoint of 126.0 with timeout of 5s...
10-10-2024 20:37:46 - INFO - Setting chamber_heater11 Heater Temp to 293.76030000000003 for chamber setpoint of 126.0 request successfully sent.
10-10-2024 20:37:46 - INFO - Response from moonraker: {'result': 'ok'}
10-10-2024 20:37:46 - INFO - Setting chamber_heater11 Heater Temp to 293.76030000000003 for chamber setpoint of 126.0 Request successfully executed.
10-10-2024 20:37:46 - INFO - Sending request to Setting chamber_heater12 Heater Temp to 293.76030000000003 for chamber setpoint of 126.0 with timeout of 5s...
10-10-2024 20:37:46 - INFO - Setting chamber_heater12 Heater Temp to 293.76030000000003 for chamber setpoint of 126.0 request successfully sent.
10-10-2024 20:37:46 - INFO - Response from moonraker: {'result': 'ok'}
10-10-2024 20:37:46 - INFO - Setting chamber_heater12 Heater Temp to 293.76030000000003 for chamber setpoint of 126.0 Request successfully executed.
10-10-2024 20:37:51 - INFO - Sending request to Setting chamber_heater2 Heater Temp to 332.537 for chamber setpoint of 128.0 with timeout of 5s...
10-10-2024 20:37:51 - INFO - Setting chamber_heater2 Heater Temp to 332.537 for chamber setpoint of 128.0 request successfully sent.
10-10-2024 20:37:51 - INFO - Response from moonraker: {'result': 'ok'}
10-10-2024 20:37:51 - INFO - Setting chamber_heater2 Heater Temp to 332.537 for chamber setpoint of 128.0 Request successfully executed.
10-10-2024 20:37:51 - INFO - Sending request to Setting chamber_heater3 Heater Temp to 332.537 for chamber setpoint of 128.0 with timeout of 5s...
10-10-2024 20:37:51 - INFO - Setting chamber_heater3 Heater Temp to 332.537 for chamber setpoint of 128.0 request successfully sent.
10-10-2024 20:37:51 - INFO - Response from moonraker: {'result': 'ok'}
10-10-2024 20:37:51 - INFO - Setting chamber_heater3 Heater Temp to 332.537 for chamber setpoint of 128.0 Request successfully executed.
10-10-2024 20:37:51 - INFO - Sending request to Setting chamber_heater4 Heater Temp to 332.537 for chamber setpoint of 128.0 with timeout of 5s...
10-10-2024 20:37:51 - INFO - Setting chamber_heater4 Heater Temp to 332.537 for chamber setpoint of 128.0 request successfully sent.
10-10-2024 20:37:51 - INFO - Response from moonraker: {'result': 'ok'}
10-10-2024 20:37:51 - INFO - Setting chamber_heater4 Heater Temp to 332.537 for chamber setpoint of 128.0 Request successfully executed.
10-10-2024 20:37:51 - INFO - Sending request to Setting chamber_heater5 Heater Temp to 300.0095 for chamber setpoint of 128.0 with timeout of 5s...
10-10-2024 20:37:51 - INFO - Setting chamber_heater5 Heater Temp to 300.0095 for chamber setpoint of 128.0 request successfully sent.
10-10-2024 20:37:51 - INFO - Response from moonraker: {'result': 'ok'}
10-10-2024 20:37:51 - INFO - Setting chamber_heater5 Heater Temp to 300.0095 for chamber setpoint of 128.0 Request successfully executed.
10-10-2024 20:37:51 - INFO - Sending request to Setting chamber_heater6 Heater Temp to 300.0095 for chamber setpoint of 128.0 with timeout of 5s...
10-10-2024 20:37:51 - INFO - Setting chamber_heater6 Heater Temp to 300.0095 for chamber setpoint of 128.0 request successfully sent.
10-10-2024 20:37:51 - INFO - Response from moonraker: {'result': 'ok'}
10-10-2024 20:37:51 - INFO - Setting chamber_heater6 Heater Temp to 300.0095 for chamber setpoint of 128.0 Request successfully executed.
10-10-2024 20:37:51 - INFO - Sending request to Setting chamber_heater7 Heater Temp to 300.0095 for chamber setpoint of 128.0 with timeout of 5s...
10-10-2024 20:37:51 - INFO - Setting chamber_heater7 Heater Temp to 300.0095 for chamber setpoint of 128.0 request successfully sent.
10-10-2024 20:37:51 - INFO - Response from moonraker: {'result': 'ok'}
10-10-2024 20:37:51 - INFO - Setting chamber_heater7 Heater Temp to 300.0095 for chamber setpoint of 128.0 Request successfully executed.
10-10-2024 20:37:51 - INFO - Sending request to Setting chamber_heater11 Heater Temp to 300.0095 for chamber setpoint of 128.0 with timeout of 5s...
10-10-2024 20:37:51 - INFO - Setting chamber_heater11 Heater Temp to 300.0095 for chamber setpoint of 128.0 request successfully sent.
10-10-2024 20:37:51 - INFO - Response from moonraker: {'result': 'ok'}
10-10-2024 20:37:51 - INFO - Setting chamber_heater11 Heater Temp to 300.0095 for chamber setpoint of 128.0 Request successfully executed.
10-10-2024 20:37:51 - INFO - Sending request to Setting chamber_heater12 Heater Temp to 300.0095 for chamber setpoint of 128.0 with timeout of 5s...
10-10-2024 20:37:51 - INFO - Setting chamber_heater12 Heater Temp to 300.0095 for chamber setpoint of 128.0 request successfully sent.
10-10-2024 20:37:51 - INFO - Response from moonraker: {'result': 'ok'}
10-10-2024 20:37:51 - INFO - Setting chamber_heater12 Heater Temp to 300.0095 for chamber setpoint of 128.0 Request successfully executed.
10-10-2024 20:37:56 - INFO - Sending request to Setting chamber_heater2 Heater Temp to 339.43580000000003 for chamber setpoint of 130.0 with timeout of 5s...
10-10-2024 20:37:56 - INFO - Setting chamber_heater2 Heater Temp to 339.43580000000003 for chamber setpoint of 130.0 request successfully sent.
10-10-2024 20:37:56 - INFO - Response from moonraker: {'result': 'ok'}
10-10-2024 20:37:56 - INFO - Setting chamber_heater2 Heater Temp to 339.43580000000003 for chamber setpoint of 130.0 Request successfully executed.
10-10-2024 20:37:56 - INFO - Sending request to Setting chamber_heater3 Heater Temp to 339.43580000000003 for chamber setpoint of 130.0 with timeout of 5s...
10-10-2024 20:37:56 - INFO - Setting chamber_heater3 Heater Temp to 339.43580000000003 for chamber setpoint of 130.0 request successfully sent.
10-10-2024 20:37:56 - INFO - Response from moonraker: {'result': 'ok'}
10-10-2024 20:37:56 - INFO - Setting chamber_heater3 Heater Temp to 339.43580000000003 for chamber setpoint of 130.0 Request successfully executed.
10-10-2024 20:37:56 - INFO - Sending request to Setting chamber_heater4 Heater Temp to 339.43580000000003 for chamber setpoint of 130.0 with timeout of 5s...
10-10-2024 20:37:56 - INFO - Setting chamber_heater4 Heater Temp to 339.43580000000003 for chamber setpoint of 130.0 request successfully sent.
10-10-2024 20:37:56 - INFO - Response from moonraker: {'result': 'ok'}
10-10-2024 20:37:56 - INFO - Setting chamber_heater4 Heater Temp to 339.43580000000003 for chamber setpoint of 130.0 Request successfully executed.
10-10-2024 20:37:56 - INFO - Sending request to Setting chamber_heater5 Heater Temp to 306.2827 for chamber setpoint of 130.0 with timeout of 5s...
10-10-2024 20:37:56 - INFO - Setting chamber_heater5 Heater Temp to 306.2827 for chamber setpoint of 130.0 request successfully sent.
10-10-2024 20:37:56 - INFO - Response from moonraker: {'result': 'ok'}
10-10-2024 20:37:56 - INFO - Setting chamber_heater5 Heater Temp to 306.2827 for chamber setpoint of 130.0 Request successfully executed.
10-10-2024 20:37:56 - INFO - Sending request to Setting chamber_heater6 Heater Temp to 306.2827 for chamber setpoint of 130.0 with timeout of 5s...
10-10-2024 20:37:56 - INFO - Setting chamber_heater6 Heater Temp to 306.2827 for chamber setpoint of 130.0 request successfully sent.
10-10-2024 20:37:56 - INFO - Response from moonraker: {'result': 'ok'}
10-10-2024 20:37:56 - INFO - Setting chamber_heater6 Heater Temp to 306.2827 for chamber setpoint of 130.0 Request successfully executed.
10-10-2024 20:37:56 - INFO - Sending request to Setting chamber_heater7 Heater Temp to 306.2827 for chamber setpoint of 130.0 with timeout of 5s...
10-10-2024 20:37:56 - INFO - Setting chamber_heater7 Heater Temp to 306.2827 for chamber setpoint of 130.0 request successfully sent.
10-10-2024 20:37:56 - INFO - Response from moonraker: {'result': 'ok'}
10-10-2024 20:37:56 - INFO - Setting chamber_heater7 Heater Temp to 306.2827 for chamber setpoint of 130.0 Request successfully executed.
10-10-2024 20:37:56 - INFO - Sending request to Setting chamber_heater11 Heater Temp to 306.2827 for chamber setpoint of 130.0 with timeout of 5s...
10-10-2024 20:37:56 - INFO - Setting chamber_heater11 Heater Temp to 306.2827 for chamber setpoint of 130.0 request successfully sent.
10-10-2024 20:37:56 - INFO - Response from moonraker: {'result': 'ok'}
10-10-2024 20:37:56 - INFO - Setting chamber_heater11 Heater Temp to 306.2827 for chamber setpoint of 130.0 Request successfully executed.
10-10-2024 20:37:56 - INFO - Sending request to Setting chamber_heater12 Heater Temp to 306.2827 for chamber setpoint of 130.0 with timeout of 5s...
10-10-2024 20:37:56 - INFO - Setting chamber_heater12 Heater Temp to 306.2827 for chamber setpoint of 130.0 request successfully sent.
10-10-2024 20:37:56 - INFO - Response from moonraker: {'result': 'ok'}
10-10-2024 20:37:56 - INFO - Setting chamber_heater12 Heater Temp to 306.2827 for chamber setpoint of 130.0 Request successfully executed.
10-10-2024 20:38:01 - INFO - Sending request to Setting chamber_heater2 Heater Temp to 346.3554 for chamber setpoint of 132.0 with timeout of 5s...
10-10-2024 20:38:01 - INFO - Setting chamber_heater2 Heater Temp to 346.3554 for chamber setpoint of 132.0 request successfully sent.
10-10-2024 20:38:01 - INFO - Response from moonraker: {'result': 'ok'}
10-10-2024 20:38:01 - INFO - Setting chamber_heater2 Heater Temp to 346.3554 for chamber setpoint of 132.0 Request successfully executed.
10-10-2024 20:38:01 - INFO - Sending request to Setting chamber_heater3 Heater Temp to 346.3554 for chamber setpoint of 132.0 with timeout of 5s...
10-10-2024 20:38:01 - INFO - Setting chamber_heater3 Heater Temp to 346.3554 for chamber setpoint of 132.0 request successfully sent.
10-10-2024 20:38:01 - INFO - Response from moonraker: {'result': 'ok'}
10-10-2024 20:38:01 - INFO - Setting chamber_heater3 Heater Temp to 346.3554 for chamber setpoint of 132.0 Request successfully executed.
10-10-2024 20:38:01 - INFO - Sending request to Setting chamber_heater4 Heater Temp to 346.3554 for chamber setpoint of 132.0 with timeout of 5s...
10-10-2024 20:38:01 - INFO - Setting chamber_heater4 Heater Temp to 346.3554 for chamber setpoint of 132.0 request successfully sent.
10-10-2024 20:38:01 - INFO - Response from moonraker: {'result': 'ok'}
10-10-2024 20:38:01 - INFO - Setting chamber_heater4 Heater Temp to 346.3554 for chamber setpoint of 132.0 Request successfully executed.
10-10-2024 20:38:01 - INFO - Sending request to Setting chamber_heater5 Heater Temp to 312.5799 for chamber setpoint of 132.0 with timeout of 5s...
10-10-2024 20:38:01 - INFO - Setting chamber_heater5 Heater Temp to 312.5799 for chamber setpoint of 132.0 request successfully sent.
10-10-2024 20:38:01 - INFO - Response from moonraker: {'result': 'ok'}
10-10-2024 20:38:01 - INFO - Setting chamber_heater5 Heater Temp to 312.5799 for chamber setpoint of 132.0 Request successfully executed.
10-10-2024 20:38:01 - INFO - Sending request to Setting chamber_heater6 Heater Temp to 312.5799 for chamber setpoint of 132.0 with timeout of 5s...
10-10-2024 20:38:01 - INFO - Setting chamber_heater6 Heater Temp to 312.5799 for chamber setpoint of 132.0 request successfully sent.
10-10-2024 20:38:01 - INFO - Response from moonraker: {'result': 'ok'}
10-10-2024 20:38:01 - INFO - Setting chamber_heater6 Heater Temp to 312.5799 for chamber setpoint of 132.0 Request successfully executed.
10-10-2024 20:38:01 - INFO - Sending request to Setting chamber_heater7 Heater Temp to 312.5799 for chamber setpoint of 132.0 with timeout of 5s...
10-10-2024 20:38:01 - INFO - Setting chamber_heater7 Heater Temp to 312.5799 for chamber setpoint of 132.0 request successfully sent.
10-10-2024 20:38:01 - INFO - Response from moonraker: {'result': 'ok'}
10-10-2024 20:38:01 - INFO - Setting chamber_heater7 Heater Temp to 312.5799 for chamber setpoint of 132.0 Request successfully executed.
10-10-2024 20:38:01 - INFO - Sending request to Setting chamber_heater11 Heater Temp to 312.5799 for chamber setpoint of 132.0 with timeout of 5s...
10-10-2024 20:38:01 - INFO - Setting chamber_heater11 Heater Temp to 312.5799 for chamber setpoint of 132.0 request successfully sent.
10-10-2024 20:38:01 - INFO - Response from moonraker: {'result': 'ok'}
10-10-2024 20:38:01 - INFO - Setting chamber_heater11 Heater Temp to 312.5799 for chamber setpoint of 132.0 Request successfully executed.
10-10-2024 20:38:01 - INFO - Sending request to Setting chamber_heater12 Heater Temp to 312.5799 for chamber setpoint of 132.0 with timeout of 5s...
10-10-2024 20:38:01 - INFO - Setting chamber_heater12 Heater Temp to 312.5799 for chamber setpoint of 132.0 request successfully sent.
10-10-2024 20:38:01 - INFO - Response from moonraker: {'result': 'ok'}
10-10-2024 20:38:01 - INFO - Setting chamber_heater12 Heater Temp to 312.5799 for chamber setpoint of 132.0 Request successfully executed.
10-10-2024 20:38:06 - INFO - Sending request to Setting chamber_heater2 Heater Temp to 353.29580000000004 for chamber setpoint of 134.0 with timeout of 5s...
10-10-2024 20:38:06 - INFO - Setting chamber_heater2 Heater Temp to 353.29580000000004 for chamber setpoint of 134.0 request successfully sent.
10-10-2024 20:38:06 - INFO - Response from moonraker: {'result': 'ok'}
10-10-2024 20:38:06 - INFO - Setting chamber_heater2 Heater Temp to 353.29580000000004 for chamber setpoint of 134.0 Request successfully executed.
10-10-2024 20:38:06 - INFO - Sending request to Setting chamber_heater3 Heater Temp to 353.29580000000004 for chamber setpoint of 134.0 with timeout of 5s...
10-10-2024 20:38:07 - INFO - Setting chamber_heater3 Heater Temp to 353.29580000000004 for chamber setpoint of 134.0 request successfully sent.
10-10-2024 20:38:07 - INFO - Response from moonraker: {'result': 'ok'}
10-10-2024 20:38:07 - INFO - Setting chamber_heater3 Heater Temp to 353.29580000000004 for chamber setpoint of 134.0 Request successfully executed.
10-10-2024 20:38:07 - INFO - Sending request to Setting chamber_heater4 Heater Temp to 353.29580000000004 for chamber setpoint of 134.0 with timeout of 5s...
10-10-2024 20:38:07 - INFO - Setting chamber_heater4 Heater Temp to 353.29580000000004 for chamber setpoint of 134.0 request successfully sent.
10-10-2024 20:38:07 - INFO - Response from moonraker: {'result': 'ok'}
10-10-2024 20:38:07 - INFO - Setting chamber_heater4 Heater Temp to 353.29580000000004 for chamber setpoint of 134.0 Request successfully executed.
10-10-2024 20:38:07 - INFO - Sending request to Setting chamber_heater5 Heater Temp to 318.9011 for chamber setpoint of 134.0 with timeout of 5s...
10-10-2024 20:38:07 - INFO - Setting chamber_heater5 Heater Temp to 318.9011 for chamber setpoint of 134.0 request successfully sent.
10-10-2024 20:38:07 - INFO - Response from moonraker: {'result': 'ok'}
10-10-2024 20:38:07 - INFO - Setting chamber_heater5 Heater Temp to 318.9011 for chamber setpoint of 134.0 Request successfully executed.
10-10-2024 20:38:07 - INFO - Sending request to Setting chamber_heater6 Heater Temp to 318.9011 for chamber setpoint of 134.0 with timeout of 5s...
10-10-2024 20:38:07 - INFO - Setting chamber_heater6 Heater Temp to 318.9011 for chamber setpoint of 134.0 request successfully sent.
10-10-2024 20:38:07 - INFO - Response from moonraker: {'result': 'ok'}
10-10-2024 20:38:07 - INFO - Setting chamber_heater6 Heater Temp to 318.9011 for chamber setpoint of 134.0 Request successfully executed.
10-10-2024 20:38:07 - INFO - Sending request to Setting chamber_heater7 Heater Temp to 318.9011 for chamber setpoint of 134.0 with timeout of 5s...
10-10-2024 20:38:07 - INFO - Setting chamber_heater7 Heater Temp to 318.9011 for chamber setpoint of 134.0 request successfully sent.
10-10-2024 20:38:07 - INFO - Response from moonraker: {'result': 'ok'}
10-10-2024 20:38:07 - INFO - Setting chamber_heater7 Heater Temp to 318.9011 for chamber setpoint of 134.0 Request successfully executed.
10-10-2024 20:38:07 - INFO - Sending request to Setting chamber_heater11 Heater Temp to 318.9011 for chamber setpoint of 134.0 with timeout of 5s...
10-10-2024 20:38:07 - INFO - Setting chamber_heater11 Heater Temp to 318.9011 for chamber setpoint of 134.0 request successfully sent.
10-10-2024 20:38:07 - INFO - Response from moonraker: {'result': 'ok'}
10-10-2024 20:38:07 - INFO - Setting chamber_heater11 Heater Temp to 318.9011 for chamber setpoint of 134.0 Request successfully executed.
10-10-2024 20:38:07 - INFO - Sending request to Setting chamber_heater12 Heater Temp to 318.9011 for chamber setpoint of 134.0 with timeout of 5s...
10-10-2024 20:38:07 - INFO - Setting chamber_heater12 Heater Temp to 318.9011 for chamber setpoint of 134.0 request successfully sent.
10-10-2024 20:38:07 - INFO - Response from moonraker: {'result': 'ok'}
10-10-2024 20:38:07 - INFO - Setting chamber_heater12 Heater Temp to 318.9011 for chamber setpoint of 134.0 Request successfully executed.
10-10-2024 20:38:12 - INFO - Sending request to Setting chamber_heater2 Heater Temp to 360.257 for chamber setpoint of 136.0 with timeout of 5s...
10-10-2024 20:38:12 - INFO - Setting chamber_heater2 Heater Temp to 360.257 for chamber setpoint of 136.0 request successfully sent.
10-10-2024 20:38:12 - INFO - Response from moonraker: {'result': 'ok'}
10-10-2024 20:38:12 - INFO - Setting chamber_heater2 Heater Temp to 360.257 for chamber setpoint of 136.0 Request successfully executed.
10-10-2024 20:38:12 - INFO - Sending request to Setting chamber_heater3 Heater Temp to 360.257 for chamber setpoint of 136.0 with timeout of 5s...
10-10-2024 20:38:12 - INFO - Setting chamber_heater3 Heater Temp to 360.257 for chamber setpoint of 136.0 request successfully sent.
10-10-2024 20:38:12 - INFO - Response from moonraker: {'result': 'ok'}
10-10-2024 20:38:12 - INFO - Setting chamber_heater3 Heater Temp to 360.257 for chamber setpoint of 136.0 Request successfully executed.
10-10-2024 20:38:12 - INFO - Sending request to Setting chamber_heater4 Heater Temp to 360.257 for chamber setpoint of 136.0 with timeout of 5s...
10-10-2024 20:38:12 - INFO - Setting chamber_heater4 Heater Temp to 360.257 for chamber setpoint of 136.0 request successfully sent.
10-10-2024 20:38:12 - INFO - Response from moonraker: {'result': 'ok'}
10-10-2024 20:38:12 - INFO - Setting chamber_heater4 Heater Temp to 360.257 for chamber setpoint of 136.0 Request successfully executed.
10-10-2024 20:38:12 - INFO - Sending request to Setting chamber_heater5 Heater Temp to 325.2463 for chamber setpoint of 136.0 with timeout of 5s...
10-10-2024 20:38:12 - INFO - Setting chamber_heater5 Heater Temp to 325.2463 for chamber setpoint of 136.0 request successfully sent.
10-10-2024 20:38:12 - INFO - Response from moonraker: {'result': 'ok'}
10-10-2024 20:38:12 - INFO - Setting chamber_heater5 Heater Temp to 325.2463 for chamber setpoint of 136.0 Request successfully executed.
10-10-2024 20:38:12 - INFO - Sending request to Setting chamber_heater6 Heater Temp to 325.2463 for chamber setpoint of 136.0 with timeout of 5s...
10-10-2024 20:38:12 - INFO - Setting chamber_heater6 Heater Temp to 325.2463 for chamber setpoint of 136.0 request successfully sent.
10-10-2024 20:38:12 - INFO - Response from moonraker: {'result': 'ok'}
10-10-2024 20:38:12 - INFO - Setting chamber_heater6 Heater Temp to 325.2463 for chamber setpoint of 136.0 Request successfully executed.
10-10-2024 20:38:12 - INFO - Sending request to Setting chamber_heater7 Heater Temp to 325.2463 for chamber setpoint of 136.0 with timeout of 5s...
10-10-2024 20:38:12 - INFO - Setting chamber_heater7 Heater Temp to 325.2463 for chamber setpoint of 136.0 request successfully sent.
10-10-2024 20:38:12 - INFO - Response from moonraker: {'result': 'ok'}
10-10-2024 20:38:12 - INFO - Setting chamber_heater7 Heater Temp to 325.2463 for chamber setpoint of 136.0 Request successfully executed.
10-10-2024 20:38:12 - INFO - Sending request to Setting chamber_heater11 Heater Temp to 325.2463 for chamber setpoint of 136.0 with timeout of 5s...
10-10-2024 20:38:12 - INFO - Setting chamber_heater11 Heater Temp to 325.2463 for chamber setpoint of 136.0 request successfully sent.
10-10-2024 20:38:12 - INFO - Response from moonraker: {'result': 'ok'}
10-10-2024 20:38:12 - INFO - Setting chamber_heater11 Heater Temp to 325.2463 for chamber setpoint of 136.0 Request successfully executed.
10-10-2024 20:38:12 - INFO - Sending request to Setting chamber_heater12 Heater Temp to 325.2463 for chamber setpoint of 136.0 with timeout of 5s...
10-10-2024 20:38:12 - INFO - Setting chamber_heater12 Heater Temp to 325.2463 for chamber setpoint of 136.0 request successfully sent.
10-10-2024 20:38:12 - INFO - Response from moonraker: {'result': 'ok'}
10-10-2024 20:38:12 - INFO - Setting chamber_heater12 Heater Temp to 325.2463 for chamber setpoint of 136.0 Request successfully executed.
10-10-2024 20:38:17 - INFO - Sending request to Setting chamber_heater2 Heater Temp to 367.239 for chamber setpoint of 138.0 with timeout of 5s...
10-10-2024 20:38:17 - INFO - Setting chamber_heater2 Heater Temp to 367.239 for chamber setpoint of 138.0 request successfully sent.
10-10-2024 20:38:17 - INFO - Response from moonraker: {'result': 'ok'}
10-10-2024 20:38:17 - INFO - Setting chamber_heater2 Heater Temp to 367.239 for chamber setpoint of 138.0 Request successfully executed.
10-10-2024 20:38:17 - INFO - Sending request to Setting chamber_heater3 Heater Temp to 367.239 for chamber setpoint of 138.0 with timeout of 5s...
10-10-2024 20:38:17 - INFO - Setting chamber_heater3 Heater Temp to 367.239 for chamber setpoint of 138.0 request successfully sent.
10-10-2024 20:38:17 - INFO - Response from moonraker: {'result': 'ok'}
10-10-2024 20:38:17 - INFO - Setting chamber_heater3 Heater Temp to 367.239 for chamber setpoint of 138.0 Request successfully executed.
10-10-2024 20:38:17 - INFO - Sending request to Setting chamber_heater4 Heater Temp to 367.239 for chamber setpoint of 138.0 with timeout of 5s...
10-10-2024 20:38:17 - INFO - Setting chamber_heater4 Heater Temp to 367.239 for chamber setpoint of 138.0 request successfully sent.
10-10-2024 20:38:17 - INFO - Response from moonraker: {'result': 'ok'}
10-10-2024 20:38:17 - INFO - Setting chamber_heater4 Heater Temp to 367.239 for chamber setpoint of 138.0 Request successfully executed.
10-10-2024 20:38:17 - INFO - Sending request to Setting chamber_heater5 Heater Temp to 331.6155 for chamber setpoint of 138.0 with timeout of 5s...
10-10-2024 20:38:17 - INFO - Setting chamber_heater5 Heater Temp to 331.6155 for chamber setpoint of 138.0 request successfully sent.
10-10-2024 20:38:17 - INFO - Response from moonraker: {'result': 'ok'}
10-10-2024 20:38:17 - INFO - Setting chamber_heater5 Heater Temp to 331.6155 for chamber setpoint of 138.0 Request successfully executed.
10-10-2024 20:38:17 - INFO - Sending request to Setting chamber_heater6 Heater Temp to 331.6155 for chamber setpoint of 138.0 with timeout of 5s...
10-10-2024 20:38:17 - INFO - Setting chamber_heater6 Heater Temp to 331.6155 for chamber setpoint of 138.0 request successfully sent.
10-10-2024 20:38:17 - INFO - Response from moonraker: {'result': 'ok'}
10-10-2024 20:38:17 - INFO - Setting chamber_heater6 Heater Temp to 331.6155 for chamber setpoint of 138.0 Request successfully executed.
10-10-2024 20:38:17 - INFO - Sending request to Setting chamber_heater7 Heater Temp to 331.6155 for chamber setpoint of 138.0 with timeout of 5s...
10-10-2024 20:38:17 - INFO - Setting chamber_heater7 Heater Temp to 331.6155 for chamber setpoint of 138.0 request successfully sent.
10-10-2024 20:38:17 - INFO - Response from moonraker: {'result': 'ok'}
10-10-2024 20:38:17 - INFO - Setting chamber_heater7 Heater Temp to 331.6155 for chamber setpoint of 138.0 Request successfully executed.
10-10-2024 20:38:17 - INFO - Sending request to Setting chamber_heater11 Heater Temp to 331.6155 for chamber setpoint of 138.0 with timeout of 5s...
10-10-2024 20:38:17 - INFO - Setting chamber_heater11 Heater Temp to 331.6155 for chamber setpoint of 138.0 request successfully sent.
10-10-2024 20:38:17 - INFO - Response from moonraker: {'result': 'ok'}
10-10-2024 20:38:17 - INFO - Setting chamber_heater11 Heater Temp to 331.6155 for chamber setpoint of 138.0 Request successfully executed.
10-10-2024 20:38:17 - INFO - Sending request to Setting chamber_heater12 Heater Temp to 331.6155 for chamber setpoint of 138.0 with timeout of 5s...
10-10-2024 20:38:17 - INFO - Setting chamber_heater12 Heater Temp to 331.6155 for chamber setpoint of 138.0 request successfully sent.
10-10-2024 20:38:17 - INFO - Response from moonraker: {'result': 'ok'}
10-10-2024 20:38:17 - INFO - Setting chamber_heater12 Heater Temp to 331.6155 for chamber setpoint of 138.0 Request successfully executed.
10-10-2024 20:38:22 - INFO - Sending request to Setting chamber_heater2 Heater Temp to 0 for chamber setpoint of 0 with timeout of 5s...
10-10-2024 20:38:22 - INFO - Setting chamber_heater2 Heater Temp to 0 for chamber setpoint of 0 request successfully sent.
10-10-2024 20:38:22 - INFO - Response from moonraker: {'result': 'ok'}
10-10-2024 20:38:22 - INFO - Setting chamber_heater2 Heater Temp to 0 for chamber setpoint of 0 Request successfully executed.
10-10-2024 20:38:22 - INFO - Sending request to Setting chamber_heater3 Heater Temp to 0 for chamber setpoint of 0 with timeout of 5s...
10-10-2024 20:38:22 - INFO - Setting chamber_heater3 Heater Temp to 0 for chamber setpoint of 0 request successfully sent.
10-10-2024 20:38:22 - INFO - Response from moonraker: {'result': 'ok'}
10-10-2024 20:38:22 - INFO - Setting chamber_heater3 Heater Temp to 0 for chamber setpoint of 0 Request successfully executed.
10-10-2024 20:38:22 - INFO - Sending request to Setting chamber_heater4 Heater Temp to 0 for chamber setpoint of 0 with timeout of 5s...
10-10-2024 20:38:22 - INFO - Setting chamber_heater4 Heater Temp to 0 for chamber setpoint of 0 request successfully sent.
10-10-2024 20:38:22 - INFO - Response from moonraker: {'result': 'ok'}
10-10-2024 20:38:22 - INFO - Setting chamber_heater4 Heater Temp to 0 for chamber setpoint of 0 Request successfully executed.
10-10-2024 20:38:22 - INFO - Sending request to Setting chamber_heater5 Heater Temp to 0 for chamber setpoint of 0 with timeout of 5s...
10-10-2024 20:38:22 - INFO - Setting chamber_heater5 Heater Temp to 0 for chamber setpoint of 0 request successfully sent.
10-10-2024 20:38:22 - INFO - Response from moonraker: {'result': 'ok'}
10-10-2024 20:38:22 - INFO - Setting chamber_heater5 Heater Temp to 0 for chamber setpoint of 0 Request successfully executed.
10-10-2024 20:38:22 - INFO - Sending request to Setting chamber_heater6 Heater Temp to 0 for chamber setpoint of 0 with timeout of 5s...
10-10-2024 20:38:22 - INFO - Setting chamber_heater6 Heater Temp to 0 for chamber setpoint of 0 request successfully sent.
10-10-2024 20:38:22 - INFO - Response from moonraker: {'result': 'ok'}
10-10-2024 20:38:22 - INFO - Setting chamber_heater6 Heater Temp to 0 for chamber setpoint of 0 Request successfully executed.
10-10-2024 20:38:22 - INFO - Sending request to Setting chamber_heater7 Heater Temp to 0 for chamber setpoint of 0 with timeout of 5s...
10-10-2024 20:38:22 - INFO - Setting chamber_heater7 Heater Temp to 0 for chamber setpoint of 0 request successfully sent.
10-10-2024 20:38:22 - INFO - Response from moonraker: {'result': 'ok'}
10-10-2024 20:38:22 - INFO - Setting chamber_heater7 Heater Temp to 0 for chamber setpoint of 0 Request successfully executed.
10-10-2024 20:38:22 - INFO - Sending request to Setting chamber_heater11 Heater Temp to 0 for chamber setpoint of 0 with timeout of 5s...
10-10-2024 20:38:23 - INFO - Setting chamber_heater11 Heater Temp to 0 for chamber setpoint of 0 request successfully sent.
10-10-2024 20:38:23 - INFO - Response from moonraker: {'result': 'ok'}
10-10-2024 20:38:23 - INFO - Setting chamber_heater11 Heater Temp to 0 for chamber setpoint of 0 Request successfully executed.
10-10-2024 20:38:23 - INFO - Sending request to Setting chamber_heater12 Heater Temp to 0 for chamber setpoint of 0 with timeout of 5s...
10-10-2024 20:38:23 - INFO - Setting chamber_heater12 Heater Temp to 0 for chamber setpoint of 0 request successfully sent.
10-10-2024 20:38:23 - INFO - Response from moonraker: {'result': 'ok'}
10-10-2024 20:38:23 - INFO - Setting chamber_heater12 Heater Temp to 0 for chamber setpoint of 0 Request successfully executed.
10-10-2024 20:38:45 - INFO - Sending request to Setting chamber_heater2 Heater Temp to 238.13780000000003 for chamber setpoint of 100.0 with timeout of 5s...
10-10-2024 20:38:45 - INFO - Setting chamber_heater2 Heater Temp to 238.13780000000003 for chamber setpoint of 100.0 request successfully sent.
10-10-2024 20:38:45 - INFO - Response from moonraker: {'result': 'ok'}
10-10-2024 20:38:45 - INFO - Setting chamber_heater2 Heater Temp to 238.13780000000003 for chamber setpoint of 100.0 Request successfully executed.
10-10-2024 20:38:45 - INFO - Sending request to Setting chamber_heater3 Heater Temp to 238.13780000000003 for chamber setpoint of 100.0 with timeout of 5s...
10-10-2024 20:38:45 - INFO - Setting chamber_heater3 Heater Temp to 238.13780000000003 for chamber setpoint of 100.0 request successfully sent.
10-10-2024 20:38:45 - INFO - Response from moonraker: {'result': 'ok'}
10-10-2024 20:38:45 - INFO - Setting chamber_heater3 Heater Temp to 238.13780000000003 for chamber setpoint of 100.0 Request successfully executed.
10-10-2024 20:38:45 - INFO - Sending request to Setting chamber_heater4 Heater Temp to 238.13780000000003 for chamber setpoint of 100.0 with timeout of 5s...
10-10-2024 20:38:45 - INFO - Setting chamber_heater4 Heater Temp to 238.13780000000003 for chamber setpoint of 100.0 request successfully sent.
10-10-2024 20:38:45 - INFO - Response from moonraker: {'result': 'ok'}
10-10-2024 20:38:45 - INFO - Setting chamber_heater4 Heater Temp to 238.13780000000003 for chamber setpoint of 100.0 Request successfully executed.
10-10-2024 20:38:45 - INFO - Sending request to Setting chamber_heater5 Heater Temp to 214.7047 for chamber setpoint of 100.0 with timeout of 5s...
10-10-2024 20:38:45 - INFO - Setting chamber_heater5 Heater Temp to 214.7047 for chamber setpoint of 100.0 request successfully sent.
10-10-2024 20:38:45 - INFO - Response from moonraker: {'result': 'ok'}
10-10-2024 20:38:45 - INFO - Setting chamber_heater5 Heater Temp to 214.7047 for chamber setpoint of 100.0 Request successfully executed.
10-10-2024 20:38:45 - INFO - Sending request to Setting chamber_heater6 Heater Temp to 214.7047 for chamber setpoint of 100.0 with timeout of 5s...
10-10-2024 20:38:45 - INFO - Setting chamber_heater6 Heater Temp to 214.7047 for chamber setpoint of 100.0 request successfully sent.
10-10-2024 20:38:45 - INFO - Response from moonraker: {'result': 'ok'}
10-10-2024 20:38:45 - INFO - Setting chamber_heater6 Heater Temp to 214.7047 for chamber setpoint of 100.0 Request successfully executed.
10-10-2024 20:38:45 - INFO - Sending request to Setting chamber_heater7 Heater Temp to 214.7047 for chamber setpoint of 100.0 with timeout of 5s...
10-10-2024 20:38:45 - INFO - Setting chamber_heater7 Heater Temp to 214.7047 for chamber setpoint of 100.0 request successfully sent.
10-10-2024 20:38:45 - INFO - Response from moonraker: {'result': 'ok'}
10-10-2024 20:38:45 - INFO - Setting chamber_heater7 Heater Temp to 214.7047 for chamber setpoint of 100.0 Request successfully executed.
10-10-2024 20:38:45 - INFO - Sending request to Setting chamber_heater11 Heater Temp to 214.7047 for chamber setpoint of 100.0 with timeout of 5s...
10-10-2024 20:38:45 - INFO - Setting chamber_heater11 Heater Temp to 214.7047 for chamber setpoint of 100.0 request successfully sent.
10-10-2024 20:38:45 - INFO - Response from moonraker: {'result': 'ok'}
10-10-2024 20:38:45 - INFO - Setting chamber_heater11 Heater Temp to 214.7047 for chamber setpoint of 100.0 Request successfully executed.
10-10-2024 20:38:45 - INFO - Sending request to Setting chamber_heater12 Heater Temp to 214.7047 for chamber setpoint of 100.0 with timeout of 5s...
10-10-2024 20:38:45 - INFO - Setting chamber_heater12 Heater Temp to 214.7047 for chamber setpoint of 100.0 request successfully sent.
10-10-2024 20:38:45 - INFO - Response from moonraker: {'result': 'ok'}
10-10-2024 20:38:45 - INFO - Setting chamber_heater12 Heater Temp to 214.7047 for chamber setpoint of 100.0 Request successfully executed.
10-10-2024 20:41:55 - INFO - Sending request to Setting chamber_heater2 Heater Temp to 244.74540000000002 for chamber setpoint of 102.0 with timeout of 5s...
10-10-2024 20:41:55 - INFO - Setting chamber_heater2 Heater Temp to 244.74540000000002 for chamber setpoint of 102.0 request successfully sent.
10-10-2024 20:41:55 - INFO - Response from moonraker: {'result': 'ok'}
10-10-2024 20:41:55 - INFO - Setting chamber_heater2 Heater Temp to 244.74540000000002 for chamber setpoint of 102.0 Request successfully executed.
10-10-2024 20:41:55 - INFO - Sending request to Setting chamber_heater3 Heater Temp to 244.74540000000002 for chamber setpoint of 102.0 with timeout of 5s...
10-10-2024 20:41:55 - INFO - Setting chamber_heater3 Heater Temp to 244.74540000000002 for chamber setpoint of 102.0 request successfully sent.
10-10-2024 20:41:55 - INFO - Response from moonraker: {'result': 'ok'}
10-10-2024 20:41:55 - INFO - Setting chamber_heater3 Heater Temp to 244.74540000000002 for chamber setpoint of 102.0 Request successfully executed.
10-10-2024 20:41:55 - INFO - Sending request to Setting chamber_heater4 Heater Temp to 244.74540000000002 for chamber setpoint of 102.0 with timeout of 5s...
10-10-2024 20:41:55 - INFO - Setting chamber_heater4 Heater Temp to 244.74540000000002 for chamber setpoint of 102.0 request successfully sent.
10-10-2024 20:41:55 - INFO - Response from moonraker: {'result': 'ok'}
10-10-2024 20:41:55 - INFO - Setting chamber_heater4 Heater Temp to 244.74540000000002 for chamber setpoint of 102.0 Request successfully executed.
10-10-2024 20:41:55 - INFO - Sending request to Setting chamber_heater5 Heater Temp to 220.64190000000002 for chamber setpoint of 102.0 with timeout of 5s...
10-10-2024 20:41:55 - INFO - Setting chamber_heater5 Heater Temp to 220.64190000000002 for chamber setpoint of 102.0 request successfully sent.
10-10-2024 20:41:55 - INFO - Response from moonraker: {'result': 'ok'}
10-10-2024 20:41:55 - INFO - Setting chamber_heater5 Heater Temp to 220.64190000000002 for chamber setpoint of 102.0 Request successfully executed.
10-10-2024 20:41:55 - INFO - Sending request to Setting chamber_heater6 Heater Temp to 220.64190000000002 for chamber setpoint of 102.0 with timeout of 5s...
10-10-2024 20:41:55 - INFO - Setting chamber_heater6 Heater Temp to 220.64190000000002 for chamber setpoint of 102.0 request successfully sent.
10-10-2024 20:41:55 - INFO - Response from moonraker: {'result': 'ok'}
10-10-2024 20:41:55 - INFO - Setting chamber_heater6 Heater Temp to 220.64190000000002 for chamber setpoint of 102.0 Request successfully executed.
10-10-2024 20:41:55 - INFO - Sending request to Setting chamber_heater7 Heater Temp to 220.64190000000002 for chamber setpoint of 102.0 with timeout of 5s...
10-10-2024 20:41:55 - INFO - Setting chamber_heater7 Heater Temp to 220.64190000000002 for chamber setpoint of 102.0 request successfully sent.
10-10-2024 20:41:55 - INFO - Response from moonraker: {'result': 'ok'}
10-10-2024 20:41:55 - INFO - Setting chamber_heater7 Heater Temp to 220.64190000000002 for chamber setpoint of 102.0 Request successfully executed.
10-10-2024 20:41:55 - INFO - Sending request to Setting chamber_heater11 Heater Temp to 220.64190000000002 for chamber setpoint of 102.0 with timeout of 5s...
10-10-2024 20:41:55 - INFO - Setting chamber_heater11 Heater Temp to 220.64190000000002 for chamber setpoint of 102.0 request successfully sent.
10-10-2024 20:41:55 - INFO - Response from moonraker: {'result': 'ok'}
10-10-2024 20:41:55 - INFO - Setting chamber_heater11 Heater Temp to 220.64190000000002 for chamber setpoint of 102.0 Request successfully executed.
10-10-2024 20:41:55 - INFO - Sending request to Setting chamber_heater12 Heater Temp to 220.64190000000002 for chamber setpoint of 102.0 with timeout of 5s...
10-10-2024 20:41:55 - INFO - Setting chamber_heater12 Heater Temp to 220.64190000000002 for chamber setpoint of 102.0 request successfully sent.
10-10-2024 20:41:55 - INFO - Response from moonraker: {'result': 'ok'}
10-10-2024 20:41:55 - INFO - Setting chamber_heater12 Heater Temp to 220.64190000000002 for chamber setpoint of 102.0 Request successfully executed.
10-10-2024 20:42:05 - INFO - Sending request to Setting chamber_heater2 Heater Temp to 251.37380000000002 for chamber setpoint of 104.0 with timeout of 5s...
10-10-2024 20:42:05 - INFO - Setting chamber_heater2 Heater Temp to 251.37380000000002 for chamber setpoint of 104.0 request successfully sent.
10-10-2024 20:42:05 - INFO - Response from moonraker: {'result': 'ok'}
10-10-2024 20:42:05 - INFO - Setting chamber_heater2 Heater Temp to 251.37380000000002 for chamber setpoint of 104.0 Request successfully executed.
10-10-2024 20:42:05 - INFO - Sending request to Setting chamber_heater3 Heater Temp to 251.37380000000002 for chamber setpoint of 104.0 with timeout of 5s...
10-10-2024 20:42:05 - INFO - Setting chamber_heater3 Heater Temp to 251.37380000000002 for chamber setpoint of 104.0 request successfully sent.
10-10-2024 20:42:05 - INFO - Response from moonraker: {'result': 'ok'}
10-10-2024 20:42:05 - INFO - Setting chamber_heater3 Heater Temp to 251.37380000000002 for chamber setpoint of 104.0 Request successfully executed.
10-10-2024 20:42:05 - INFO - Sending request to Setting chamber_heater4 Heater Temp to 251.37380000000002 for chamber setpoint of 104.0 with timeout of 5s...
10-10-2024 20:42:05 - INFO - Setting chamber_heater4 Heater Temp to 251.37380000000002 for chamber setpoint of 104.0 request successfully sent.
10-10-2024 20:42:05 - INFO - Response from moonraker: {'result': 'ok'}
10-10-2024 20:42:05 - INFO - Setting chamber_heater4 Heater Temp to 251.37380000000002 for chamber setpoint of 104.0 Request successfully executed.
10-10-2024 20:42:05 - INFO - Sending request to Setting chamber_heater5 Heater Temp to 226.60309999999998 for chamber setpoint of 104.0 with timeout of 5s...
10-10-2024 20:42:05 - INFO - Setting chamber_heater5 Heater Temp to 226.60309999999998 for chamber setpoint of 104.0 request successfully sent.
10-10-2024 20:42:05 - INFO - Response from moonraker: {'result': 'ok'}
10-10-2024 20:42:05 - INFO - Setting chamber_heater5 Heater Temp to 226.60309999999998 for chamber setpoint of 104.0 Request successfully executed.
10-10-2024 20:42:05 - INFO - Sending request to Setting chamber_heater6 Heater Temp to 226.60309999999998 for chamber setpoint of 104.0 with timeout of 5s...
10-10-2024 20:42:05 - INFO - Setting chamber_heater6 Heater Temp to 226.60309999999998 for chamber setpoint of 104.0 request successfully sent.
10-10-2024 20:42:05 - INFO - Response from moonraker: {'result': 'ok'}
10-10-2024 20:42:05 - INFO - Setting chamber_heater6 Heater Temp to 226.60309999999998 for chamber setpoint of 104.0 Request successfully executed.
10-10-2024 20:42:05 - INFO - Sending request to Setting chamber_heater7 Heater Temp to 226.60309999999998 for chamber setpoint of 104.0 with timeout of 5s...
10-10-2024 20:42:05 - INFO - Setting chamber_heater7 Heater Temp to 226.60309999999998 for chamber setpoint of 104.0 request successfully sent.
10-10-2024 20:42:05 - INFO - Response from moonraker: {'result': 'ok'}
10-10-2024 20:42:05 - INFO - Setting chamber_heater7 Heater Temp to 226.60309999999998 for chamber setpoint of 104.0 Request successfully executed.
10-10-2024 20:42:05 - INFO - Sending request to Setting chamber_heater11 Heater Temp to 226.60309999999998 for chamber setpoint of 104.0 with timeout of 5s...
10-10-2024 20:42:05 - INFO - Setting chamber_heater11 Heater Temp to 226.60309999999998 for chamber setpoint of 104.0 request successfully sent.
10-10-2024 20:42:05 - INFO - Response from moonraker: {'result': 'ok'}
10-10-2024 20:42:05 - INFO - Setting chamber_heater11 Heater Temp to 226.60309999999998 for chamber setpoint of 104.0 Request successfully executed.
10-10-2024 20:42:05 - INFO - Sending request to Setting chamber_heater12 Heater Temp to 226.60309999999998 for chamber setpoint of 104.0 with timeout of 5s...
10-10-2024 20:42:05 - INFO - Setting chamber_heater12 Heater Temp to 226.60309999999998 for chamber setpoint of 104.0 request successfully sent.
10-10-2024 20:42:05 - INFO - Response from moonraker: {'result': 'ok'}
10-10-2024 20:42:05 - INFO - Setting chamber_heater12 Heater Temp to 226.60309999999998 for chamber setpoint of 104.0 Request successfully executed.
10-10-2024 20:42:15 - INFO - Sending request to Setting chamber_heater2 Heater Temp to 258.02299999999997 for chamber setpoint of 106.0 with timeout of 5s...
10-10-2024 20:42:15 - INFO - Setting chamber_heater2 Heater Temp to 258.02299999999997 for chamber setpoint of 106.0 request successfully sent.
10-10-2024 20:42:15 - INFO - Response from moonraker: {'result': 'ok'}
10-10-2024 20:42:15 - INFO - Setting chamber_heater2 Heater Temp to 258.02299999999997 for chamber setpoint of 106.0 Request successfully executed.
10-10-2024 20:42:15 - INFO - Sending request to Setting chamber_heater3 Heater Temp to 258.02299999999997 for chamber setpoint of 106.0 with timeout of 5s...
10-10-2024 20:42:15 - INFO - Setting chamber_heater3 Heater Temp to 258.02299999999997 for chamber setpoint of 106.0 request successfully sent.
10-10-2024 20:42:15 - INFO - Response from moonraker: {'result': 'ok'}
10-10-2024 20:42:15 - INFO - Setting chamber_heater3 Heater Temp to 258.02299999999997 for chamber setpoint of 106.0 Request successfully executed.
10-10-2024 20:42:15 - INFO - Sending request to Setting chamber_heater4 Heater Temp to 258.02299999999997 for chamber setpoint of 106.0 with timeout of 5s...
10-10-2024 20:42:15 - INFO - Setting chamber_heater4 Heater Temp to 258.02299999999997 for chamber setpoint of 106.0 request successfully sent.
10-10-2024 20:42:15 - INFO - Response from moonraker: {'result': 'ok'}
10-10-2024 20:42:15 - INFO - Setting chamber_heater4 Heater Temp to 258.02299999999997 for chamber setpoint of 106.0 Request successfully executed.
10-10-2024 20:42:15 - INFO - Sending request to Setting chamber_heater5 Heater Temp to 232.5883 for chamber setpoint of 106.0 with timeout of 5s...
10-10-2024 20:42:15 - INFO - Setting chamber_heater5 Heater Temp to 232.5883 for chamber setpoint of 106.0 request successfully sent.
10-10-2024 20:42:15 - INFO - Response from moonraker: {'result': 'ok'}
10-10-2024 20:42:15 - INFO - Setting chamber_heater5 Heater Temp to 232.5883 for chamber setpoint of 106.0 Request successfully executed.
10-10-2024 20:42:15 - INFO - Sending request to Setting chamber_heater6 Heater Temp to 232.5883 for chamber setpoint of 106.0 with timeout of 5s...
10-10-2024 20:42:15 - INFO - Setting chamber_heater6 Heater Temp to 232.5883 for chamber setpoint of 106.0 request successfully sent.
10-10-2024 20:42:15 - INFO - Response from moonraker: {'result': 'ok'}
10-10-2024 20:42:15 - INFO - Setting chamber_heater6 Heater Temp to 232.5883 for chamber setpoint of 106.0 Request successfully executed.
10-10-2024 20:42:15 - INFO - Sending request to Setting chamber_heater7 Heater Temp to 232.5883 for chamber setpoint of 106.0 with timeout of 5s...
10-10-2024 20:42:15 - INFO - Setting chamber_heater7 Heater Temp to 232.5883 for chamber setpoint of 106.0 request successfully sent.
10-10-2024 20:42:15 - INFO - Response from moonraker: {'result': 'ok'}
10-10-2024 20:42:15 - INFO - Setting chamber_heater7 Heater Temp to 232.5883 for chamber setpoint of 106.0 Request successfully executed.
10-10-2024 20:42:15 - INFO - Sending request to Setting chamber_heater11 Heater Temp to 232.5883 for chamber setpoint of 106.0 with timeout of 5s...
10-10-2024 20:42:15 - INFO - Setting chamber_heater11 Heater Temp to 232.5883 for chamber setpoint of 106.0 request successfully sent.
10-10-2024 20:42:15 - INFO - Response from moonraker: {'result': 'ok'}
10-10-2024 20:42:15 - INFO - Setting chamber_heater11 Heater Temp to 232.5883 for chamber setpoint of 106.0 Request successfully executed.
10-10-2024 20:42:15 - INFO - Sending request to Setting chamber_heater12 Heater Temp to 232.5883 for chamber setpoint of 106.0 with timeout of 5s...
10-10-2024 20:42:15 - INFO - Setting chamber_heater12 Heater Temp to 232.5883 for chamber setpoint of 106.0 request successfully sent.
10-10-2024 20:42:15 - INFO - Response from moonraker: {'result': 'ok'}
10-10-2024 20:42:15 - INFO - Setting chamber_heater12 Heater Temp to 232.5883 for chamber setpoint of 106.0 Request successfully executed.
10-10-2024 20:42:25 - INFO - Sending request to Setting chamber_heater2 Heater Temp to 264.693 for chamber setpoint of 108.0 with timeout of 5s...
10-10-2024 20:42:25 - INFO - Setting chamber_heater2 Heater Temp to 264.693 for chamber setpoint of 108.0 request successfully sent.
10-10-2024 20:42:25 - INFO - Response from moonraker: {'result': 'ok'}
10-10-2024 20:42:25 - INFO - Setting chamber_heater2 Heater Temp to 264.693 for chamber setpoint of 108.0 Request successfully executed.
10-10-2024 20:42:25 - INFO - Sending request to Setting chamber_heater3 Heater Temp to 264.693 for chamber setpoint of 108.0 with timeout of 5s...
10-10-2024 20:42:25 - INFO - Setting chamber_heater3 Heater Temp to 264.693 for chamber setpoint of 108.0 request successfully sent.
10-10-2024 20:42:25 - INFO - Response from moonraker: {'result': 'ok'}
10-10-2024 20:42:25 - INFO - Setting chamber_heater3 Heater Temp to 264.693 for chamber setpoint of 108.0 Request successfully executed.
10-10-2024 20:42:25 - INFO - Sending request to Setting chamber_heater4 Heater Temp to 264.693 for chamber setpoint of 108.0 with timeout of 5s...
10-10-2024 20:42:25 - INFO - Setting chamber_heater4 Heater Temp to 264.693 for chamber setpoint of 108.0 request successfully sent.
10-10-2024 20:42:25 - INFO - Response from moonraker: {'result': 'ok'}
10-10-2024 20:42:25 - INFO - Setting chamber_heater4 Heater Temp to 264.693 for chamber setpoint of 108.0 Request successfully executed.
10-10-2024 20:42:25 - INFO - Sending request to Setting chamber_heater5 Heater Temp to 238.59750000000003 for chamber setpoint of 108.0 with timeout of 5s...
10-10-2024 20:42:25 - INFO - Setting chamber_heater5 Heater Temp to 238.59750000000003 for chamber setpoint of 108.0 request successfully sent.
10-10-2024 20:42:25 - INFO - Response from moonraker: {'result': 'ok'}
10-10-2024 20:42:25 - INFO - Setting chamber_heater5 Heater Temp to 238.59750000000003 for chamber setpoint of 108.0 Request successfully executed.
10-10-2024 20:42:25 - INFO - Sending request to Setting chamber_heater6 Heater Temp to 238.59750000000003 for chamber setpoint of 108.0 with timeout of 5s...
10-10-2024 20:42:25 - INFO - Setting chamber_heater6 Heater Temp to 238.59750000000003 for chamber setpoint of 108.0 request successfully sent.
10-10-2024 20:42:25 - INFO - Response from moonraker: {'result': 'ok'}
10-10-2024 20:42:25 - INFO - Setting chamber_heater6 Heater Temp to 238.59750000000003 for chamber setpoint of 108.0 Request successfully executed.
10-10-2024 20:42:25 - INFO - Sending request to Setting chamber_heater7 Heater Temp to 238.59750000000003 for chamber setpoint of 108.0 with timeout of 5s...
10-10-2024 20:42:25 - INFO - Setting chamber_heater7 Heater Temp to 238.59750000000003 for chamber setpoint of 108.0 request successfully sent.
10-10-2024 20:42:25 - INFO - Response from moonraker: {'result': 'ok'}
10-10-2024 20:42:25 - INFO - Setting chamber_heater7 Heater Temp to 238.59750000000003 for chamber setpoint of 108.0 Request successfully executed.
10-10-2024 20:42:25 - INFO - Sending request to Setting chamber_heater11 Heater Temp to 238.59750000000003 for chamber setpoint of 108.0 with timeout of 5s...
10-10-2024 20:42:25 - INFO - Setting chamber_heater11 Heater Temp to 238.59750000000003 for chamber setpoint of 108.0 request successfully sent.
10-10-2024 20:42:25 - INFO - Response from moonraker: {'result': 'ok'}
10-10-2024 20:42:25 - INFO - Setting chamber_heater11 Heater Temp to 238.59750000000003 for chamber setpoint of 108.0 Request successfully executed.
10-10-2024 20:42:25 - INFO - Sending request to Setting chamber_heater12 Heater Temp to 238.59750000000003 for chamber setpoint of 108.0 with timeout of 5s...
10-10-2024 20:42:25 - INFO - Setting chamber_heater12 Heater Temp to 238.59750000000003 for chamber setpoint of 108.0 request successfully sent.
10-10-2024 20:42:25 - INFO - Response from moonraker: {'result': 'ok'}
10-10-2024 20:42:25 - INFO - Setting chamber_heater12 Heater Temp to 238.59750000000003 for chamber setpoint of 108.0 Request successfully executed.
10-10-2024 20:42:35 - INFO - Sending request to Setting chamber_heater2 Heater Temp to 271.3838 for chamber setpoint of 110.0 with timeout of 5s...
10-10-2024 20:42:36 - INFO - Setting chamber_heater2 Heater Temp to 271.3838 for chamber setpoint of 110.0 request successfully sent.
10-10-2024 20:42:36 - INFO - Response from moonraker: {'result': 'ok'}
10-10-2024 20:42:36 - INFO - Setting chamber_heater2 Heater Temp to 271.3838 for chamber setpoint of 110.0 Request successfully executed.
10-10-2024 20:42:36 - INFO - Sending request to Setting chamber_heater3 Heater Temp to 271.3838 for chamber setpoint of 110.0 with timeout of 5s...
10-10-2024 20:42:36 - INFO - Setting chamber_heater3 Heater Temp to 271.3838 for chamber setpoint of 110.0 request successfully sent.
10-10-2024 20:42:36 - INFO - Response from moonraker: {'result': 'ok'}
10-10-2024 20:42:36 - INFO - Setting chamber_heater3 Heater Temp to 271.3838 for chamber setpoint of 110.0 Request successfully executed.
10-10-2024 20:42:36 - INFO - Sending request to Setting chamber_heater4 Heater Temp to 271.3838 for chamber setpoint of 110.0 with timeout of 5s...
10-10-2024 20:42:36 - INFO - Setting chamber_heater4 Heater Temp to 271.3838 for chamber setpoint of 110.0 request successfully sent.
10-10-2024 20:42:36 - INFO - Response from moonraker: {'result': 'ok'}
10-10-2024 20:42:36 - INFO - Setting chamber_heater4 Heater Temp to 271.3838 for chamber setpoint of 110.0 Request successfully executed.
10-10-2024 20:42:36 - INFO - Sending request to Setting chamber_heater5 Heater Temp to 244.63070000000005 for chamber setpoint of 110.0 with timeout of 5s...
10-10-2024 20:42:36 - INFO - Setting chamber_heater5 Heater Temp to 244.63070000000005 for chamber setpoint of 110.0 request successfully sent.
10-10-2024 20:42:36 - INFO - Response from moonraker: {'result': 'ok'}
10-10-2024 20:42:36 - INFO - Setting chamber_heater5 Heater Temp to 244.63070000000005 for chamber setpoint of 110.0 Request successfully executed.
10-10-2024 20:42:36 - INFO - Sending request to Setting chamber_heater6 Heater Temp to 244.63070000000005 for chamber setpoint of 110.0 with timeout of 5s...
10-10-2024 20:42:36 - INFO - Setting chamber_heater6 Heater Temp to 244.63070000000005 for chamber setpoint of 110.0 request successfully sent.
10-10-2024 20:42:36 - INFO - Response from moonraker: {'result': 'ok'}
10-10-2024 20:42:36 - INFO - Setting chamber_heater6 Heater Temp to 244.63070000000005 for chamber setpoint of 110.0 Request successfully executed.
10-10-2024 20:42:36 - INFO - Sending request to Setting chamber_heater7 Heater Temp to 244.63070000000005 for chamber setpoint of 110.0 with timeout of 5s...
10-10-2024 20:42:36 - INFO - Setting chamber_heater7 Heater Temp to 244.63070000000005 for chamber setpoint of 110.0 request successfully sent.
10-10-2024 20:42:36 - INFO - Response from moonraker: {'result': 'ok'}
10-10-2024 20:42:36 - INFO - Setting chamber_heater7 Heater Temp to 244.63070000000005 for chamber setpoint of 110.0 Request successfully executed.
10-10-2024 20:42:36 - INFO - Sending request to Setting chamber_heater11 Heater Temp to 244.63070000000005 for chamber setpoint of 110.0 with timeout of 5s...
10-10-2024 20:42:36 - INFO - Setting chamber_heater11 Heater Temp to 244.63070000000005 for chamber setpoint of 110.0 request successfully sent.
10-10-2024 20:42:36 - INFO - Response from moonraker: {'result': 'ok'}
10-10-2024 20:42:36 - INFO - Setting chamber_heater11 Heater Temp to 244.63070000000005 for chamber setpoint of 110.0 Request successfully executed.
10-10-2024 20:42:36 - INFO - Sending request to Setting chamber_heater12 Heater Temp to 244.63070000000005 for chamber setpoint of 110.0 with timeout of 5s...
10-10-2024 20:42:36 - INFO - Setting chamber_heater12 Heater Temp to 244.63070000000005 for chamber setpoint of 110.0 request successfully sent.
10-10-2024 20:42:36 - INFO - Response from moonraker: {'result': 'ok'}
10-10-2024 20:42:36 - INFO - Setting chamber_heater12 Heater Temp to 244.63070000000005 for chamber setpoint of 110.0 Request successfully executed.
10-10-2024 20:42:46 - INFO - Sending request to Setting chamber_heater2 Heater Temp to 278.0954 for chamber setpoint of 112.0 with timeout of 5s...
10-10-2024 20:42:46 - INFO - Setting chamber_heater2 Heater Temp to 278.0954 for chamber setpoint of 112.0 request successfully sent.
10-10-2024 20:42:46 - INFO - Response from moonraker: {'result': 'ok'}
10-10-2024 20:42:46 - INFO - Setting chamber_heater2 Heater Temp to 278.0954 for chamber setpoint of 112.0 Request successfully executed.
10-10-2024 20:42:46 - INFO - Sending request to Setting chamber_heater3 Heater Temp to 278.0954 for chamber setpoint of 112.0 with timeout of 5s...
10-10-2024 20:42:46 - INFO - Setting chamber_heater3 Heater Temp to 278.0954 for chamber setpoint of 112.0 request successfully sent.
10-10-2024 20:42:46 - INFO - Response from moonraker: {'result': 'ok'}
10-10-2024 20:42:46 - INFO - Setting chamber_heater3 Heater Temp to 278.0954 for chamber setpoint of 112.0 Request successfully executed.
10-10-2024 20:42:46 - INFO - Sending request to Setting chamber_heater4 Heater Temp to 278.0954 for chamber setpoint of 112.0 with timeout of 5s...
10-10-2024 20:42:46 - INFO - Setting chamber_heater4 Heater Temp to 278.0954 for chamber setpoint of 112.0 request successfully sent.
10-10-2024 20:42:46 - INFO - Response from moonraker: {'result': 'ok'}
10-10-2024 20:42:46 - INFO - Setting chamber_heater4 Heater Temp to 278.0954 for chamber setpoint of 112.0 Request successfully executed.
10-10-2024 20:42:46 - INFO - Sending request to Setting chamber_heater5 Heater Temp to 250.6879 for chamber setpoint of 112.0 with timeout of 5s...
10-10-2024 20:42:46 - INFO - Setting chamber_heater5 Heater Temp to 250.6879 for chamber setpoint of 112.0 request successfully sent.
10-10-2024 20:42:46 - INFO - Response from moonraker: {'result': 'ok'}
10-10-2024 20:42:46 - INFO - Setting chamber_heater5 Heater Temp to 250.6879 for chamber setpoint of 112.0 Request successfully executed.
10-10-2024 20:42:46 - INFO - Sending request to Setting chamber_heater6 Heater Temp to 250.6879 for chamber setpoint of 112.0 with timeout of 5s...
10-10-2024 20:42:46 - INFO - Setting chamber_heater6 Heater Temp to 250.6879 for chamber setpoint of 112.0 request successfully sent.
10-10-2024 20:42:46 - INFO - Response from moonraker: {'result': 'ok'}
10-10-2024 20:42:46 - INFO - Setting chamber_heater6 Heater Temp to 250.6879 for chamber setpoint of 112.0 Request successfully executed.
10-10-2024 20:42:46 - INFO - Sending request to Setting chamber_heater7 Heater Temp to 250.6879 for chamber setpoint of 112.0 with timeout of 5s...
10-10-2024 20:42:46 - INFO - Setting chamber_heater7 Heater Temp to 250.6879 for chamber setpoint of 112.0 request successfully sent.
10-10-2024 20:42:46 - INFO - Response from moonraker: {'result': 'ok'}
10-10-2024 20:42:46 - INFO - Setting chamber_heater7 Heater Temp to 250.6879 for chamber setpoint of 112.0 Request successfully executed.
10-10-2024 20:42:46 - INFO - Sending request to Setting chamber_heater11 Heater Temp to 250.6879 for chamber setpoint of 112.0 with timeout of 5s...
10-10-2024 20:42:46 - INFO - Setting chamber_heater11 Heater Temp to 250.6879 for chamber setpoint of 112.0 request successfully sent.
10-10-2024 20:42:46 - INFO - Response from moonraker: {'result': 'ok'}
10-10-2024 20:42:46 - INFO - Setting chamber_heater11 Heater Temp to 250.6879 for chamber setpoint of 112.0 Request successfully executed.
10-10-2024 20:42:46 - INFO - Sending request to Setting chamber_heater12 Heater Temp to 250.6879 for chamber setpoint of 112.0 with timeout of 5s...
10-10-2024 20:42:46 - INFO - Setting chamber_heater12 Heater Temp to 250.6879 for chamber setpoint of 112.0 request successfully sent.
10-10-2024 20:42:46 - INFO - Response from moonraker: {'result': 'ok'}
10-10-2024 20:42:46 - INFO - Setting chamber_heater12 Heater Temp to 250.6879 for chamber setpoint of 112.0 Request successfully executed.
10-10-2024 20:42:56 - INFO - Sending request to Setting chamber_heater2 Heater Temp to 284.8278 for chamber setpoint of 114.0 with timeout of 5s...
10-10-2024 20:42:56 - INFO - Setting chamber_heater2 Heater Temp to 284.8278 for chamber setpoint of 114.0 request successfully sent.
10-10-2024 20:42:56 - INFO - Response from moonraker: {'result': 'ok'}
10-10-2024 20:42:56 - INFO - Setting chamber_heater2 Heater Temp to 284.8278 for chamber setpoint of 114.0 Request successfully executed.
10-10-2024 20:42:56 - INFO - Sending request to Setting chamber_heater3 Heater Temp to 284.8278 for chamber setpoint of 114.0 with timeout of 5s...
10-10-2024 20:42:56 - INFO - Setting chamber_heater3 Heater Temp to 284.8278 for chamber setpoint of 114.0 request successfully sent.
10-10-2024 20:42:56 - INFO - Response from moonraker: {'result': 'ok'}
10-10-2024 20:42:56 - INFO - Setting chamber_heater3 Heater Temp to 284.8278 for chamber setpoint of 114.0 Request successfully executed.
10-10-2024 20:42:56 - INFO - Sending request to Setting chamber_heater4 Heater Temp to 284.8278 for chamber setpoint of 114.0 with timeout of 5s...
10-10-2024 20:42:56 - INFO - Setting chamber_heater4 Heater Temp to 284.8278 for chamber setpoint of 114.0 request successfully sent.
10-10-2024 20:42:56 - INFO - Response from moonraker: {'result': 'ok'}
10-10-2024 20:42:56 - INFO - Setting chamber_heater4 Heater Temp to 284.8278 for chamber setpoint of 114.0 Request successfully executed.
10-10-2024 20:42:56 - INFO - Sending request to Setting chamber_heater5 Heater Temp to 256.76910000000004 for chamber setpoint of 114.0 with timeout of 5s...
10-10-2024 20:42:56 - INFO - Setting chamber_heater5 Heater Temp to 256.76910000000004 for chamber setpoint of 114.0 request successfully sent.
10-10-2024 20:42:56 - INFO - Response from moonraker: {'result': 'ok'}
10-10-2024 20:42:56 - INFO - Setting chamber_heater5 Heater Temp to 256.76910000000004 for chamber setpoint of 114.0 Request successfully executed.
10-10-2024 20:42:56 - INFO - Sending request to Setting chamber_heater6 Heater Temp to 256.76910000000004 for chamber setpoint of 114.0 with timeout of 5s...
10-10-2024 20:42:56 - INFO - Setting chamber_heater6 Heater Temp to 256.76910000000004 for chamber setpoint of 114.0 request successfully sent.
10-10-2024 20:42:56 - INFO - Response from moonraker: {'result': 'ok'}
10-10-2024 20:42:56 - INFO - Setting chamber_heater6 Heater Temp to 256.76910000000004 for chamber setpoint of 114.0 Request successfully executed.
10-10-2024 20:42:56 - INFO - Sending request to Setting chamber_heater7 Heater Temp to 256.76910000000004 for chamber setpoint of 114.0 with timeout of 5s...
10-10-2024 20:42:56 - INFO - Setting chamber_heater7 Heater Temp to 256.76910000000004 for chamber setpoint of 114.0 request successfully sent.
10-10-2024 20:42:56 - INFO - Response from moonraker: {'result': 'ok'}
10-10-2024 20:42:56 - INFO - Setting chamber_heater7 Heater Temp to 256.76910000000004 for chamber setpoint of 114.0 Request successfully executed.
10-10-2024 20:42:56 - INFO - Sending request to Setting chamber_heater11 Heater Temp to 256.76910000000004 for chamber setpoint of 114.0 with timeout of 5s...
10-10-2024 20:42:56 - INFO - Setting chamber_heater11 Heater Temp to 256.76910000000004 for chamber setpoint of 114.0 request successfully sent.
10-10-2024 20:42:56 - INFO - Response from moonraker: {'result': 'ok'}
10-10-2024 20:42:56 - INFO - Setting chamber_heater11 Heater Temp to 256.76910000000004 for chamber setpoint of 114.0 Request successfully executed.
10-10-2024 20:42:56 - INFO - Sending request to Setting chamber_heater12 Heater Temp to 256.76910000000004 for chamber setpoint of 114.0 with timeout of 5s...
10-10-2024 20:42:56 - INFO - Setting chamber_heater12 Heater Temp to 256.76910000000004 for chamber setpoint of 114.0 request successfully sent.
10-10-2024 20:42:56 - INFO - Response from moonraker: {'result': 'ok'}
10-10-2024 20:42:56 - INFO - Setting chamber_heater12 Heater Temp to 256.76910000000004 for chamber setpoint of 114.0 Request successfully executed.
10-10-2024 20:43:06 - INFO - Sending request to Setting chamber_heater2 Heater Temp to 291.58099999999996 for chamber setpoint of 116.0 with timeout of 5s...
10-10-2024 20:43:06 - INFO - Setting chamber_heater2 Heater Temp to 291.58099999999996 for chamber setpoint of 116.0 request successfully sent.
10-10-2024 20:43:06 - INFO - Response from moonraker: {'result': 'ok'}
10-10-2024 20:43:06 - INFO - Setting chamber_heater2 Heater Temp to 291.58099999999996 for chamber setpoint of 116.0 Request successfully executed.
10-10-2024 20:43:06 - INFO - Sending request to Setting chamber_heater3 Heater Temp to 291.58099999999996 for chamber setpoint of 116.0 with timeout of 5s...
10-10-2024 20:43:06 - INFO - Setting chamber_heater3 Heater Temp to 291.58099999999996 for chamber setpoint of 116.0 request successfully sent.
10-10-2024 20:43:06 - INFO - Response from moonraker: {'result': 'ok'}
10-10-2024 20:43:06 - INFO - Setting chamber_heater3 Heater Temp to 291.58099999999996 for chamber setpoint of 116.0 Request successfully executed.
10-10-2024 20:43:06 - INFO - Sending request to Setting chamber_heater4 Heater Temp to 291.58099999999996 for chamber setpoint of 116.0 with timeout of 5s...
10-10-2024 20:43:06 - INFO - Setting chamber_heater4 Heater Temp to 291.58099999999996 for chamber setpoint of 116.0 request successfully sent.
10-10-2024 20:43:06 - INFO - Response from moonraker: {'result': 'ok'}
10-10-2024 20:43:06 - INFO - Setting chamber_heater4 Heater Temp to 291.58099999999996 for chamber setpoint of 116.0 Request successfully executed.
10-10-2024 20:43:06 - INFO - Sending request to Setting chamber_heater5 Heater Temp to 262.8743 for chamber setpoint of 116.0 with timeout of 5s...
10-10-2024 20:43:06 - INFO - Setting chamber_heater5 Heater Temp to 262.8743 for chamber setpoint of 116.0 request successfully sent.
10-10-2024 20:43:06 - INFO - Response from moonraker: {'result': 'ok'}
10-10-2024 20:43:06 - INFO - Setting chamber_heater5 Heater Temp to 262.8743 for chamber setpoint of 116.0 Request successfully executed.
10-10-2024 20:43:06 - INFO - Sending request to Setting chamber_heater6 Heater Temp to 262.8743 for chamber setpoint of 116.0 with timeout of 5s...
10-10-2024 20:43:06 - INFO - Setting chamber_heater6 Heater Temp to 262.8743 for chamber setpoint of 116.0 request successfully sent.
10-10-2024 20:43:06 - INFO - Response from moonraker: {'result': 'ok'}
10-10-2024 20:43:06 - INFO - Setting chamber_heater6 Heater Temp to 262.8743 for chamber setpoint of 116.0 Request successfully executed.
10-10-2024 20:43:06 - INFO - Sending request to Setting chamber_heater7 Heater Temp to 262.8743 for chamber setpoint of 116.0 with timeout of 5s...
10-10-2024 20:43:06 - INFO - Setting chamber_heater7 Heater Temp to 262.8743 for chamber setpoint of 116.0 request successfully sent.
10-10-2024 20:43:06 - INFO - Response from moonraker: {'result': 'ok'}
10-10-2024 20:43:06 - INFO - Setting chamber_heater7 Heater Temp to 262.8743 for chamber setpoint of 116.0 Request successfully executed.
10-10-2024 20:43:06 - INFO - Sending request to Setting chamber_heater11 Heater Temp to 262.8743 for chamber setpoint of 116.0 with timeout of 5s...
10-10-2024 20:43:06 - INFO - Setting chamber_heater11 Heater Temp to 262.8743 for chamber setpoint of 116.0 request successfully sent.
10-10-2024 20:43:06 - INFO - Response from moonraker: {'result': 'ok'}
10-10-2024 20:43:06 - INFO - Setting chamber_heater11 Heater Temp to 262.8743 for chamber setpoint of 116.0 Request successfully executed.
10-10-2024 20:43:06 - INFO - Sending request to Setting chamber_heater12 Heater Temp to 262.8743 for chamber setpoint of 116.0 with timeout of 5s...
10-10-2024 20:43:06 - INFO - Setting chamber_heater12 Heater Temp to 262.8743 for chamber setpoint of 116.0 request successfully sent.
10-10-2024 20:43:06 - INFO - Response from moonraker: {'result': 'ok'}
10-10-2024 20:43:06 - INFO - Setting chamber_heater12 Heater Temp to 262.8743 for chamber setpoint of 116.0 Request successfully executed.
10-10-2024 20:43:16 - INFO - Sending request to Setting chamber_heater2 Heater Temp to 298.355 for chamber setpoint of 118.0 with timeout of 5s...
10-10-2024 20:43:16 - INFO - Setting chamber_heater2 Heater Temp to 298.355 for chamber setpoint of 118.0 request successfully sent.
10-10-2024 20:43:16 - INFO - Response from moonraker: {'result': 'ok'}
10-10-2024 20:43:16 - INFO - Setting chamber_heater2 Heater Temp to 298.355 for chamber setpoint of 118.0 Request successfully executed.
10-10-2024 20:43:16 - INFO - Sending request to Setting chamber_heater3 Heater Temp to 298.355 for chamber setpoint of 118.0 with timeout of 5s...
10-10-2024 20:43:16 - INFO - Setting chamber_heater3 Heater Temp to 298.355 for chamber setpoint of 118.0 request successfully sent.
10-10-2024 20:43:16 - INFO - Response from moonraker: {'result': 'ok'}
10-10-2024 20:43:16 - INFO - Setting chamber_heater3 Heater Temp to 298.355 for chamber setpoint of 118.0 Request successfully executed.
10-10-2024 20:43:16 - INFO - Sending request to Setting chamber_heater4 Heater Temp to 298.355 for chamber setpoint of 118.0 with timeout of 5s...
10-10-2024 20:43:16 - INFO - Setting chamber_heater4 Heater Temp to 298.355 for chamber setpoint of 118.0 request successfully sent.
10-10-2024 20:43:16 - INFO - Response from moonraker: {'result': 'ok'}
10-10-2024 20:43:16 - INFO - Setting chamber_heater4 Heater Temp to 298.355 for chamber setpoint of 118.0 Request successfully executed.
10-10-2024 20:43:16 - INFO - Sending request to Setting chamber_heater5 Heater Temp to 269.00350000000003 for chamber setpoint of 118.0 with timeout of 5s...
10-10-2024 20:43:16 - INFO - Setting chamber_heater5 Heater Temp to 269.00350000000003 for chamber setpoint of 118.0 request successfully sent.
10-10-2024 20:43:16 - INFO - Response from moonraker: {'result': 'ok'}
10-10-2024 20:43:16 - INFO - Setting chamber_heater5 Heater Temp to 269.00350000000003 for chamber setpoint of 118.0 Request successfully executed.
10-10-2024 20:43:16 - INFO - Sending request to Setting chamber_heater6 Heater Temp to 269.00350000000003 for chamber setpoint of 118.0 with timeout of 5s...
10-10-2024 20:43:16 - INFO - Setting chamber_heater6 Heater Temp to 269.00350000000003 for chamber setpoint of 118.0 request successfully sent.
10-10-2024 20:43:16 - INFO - Response from moonraker: {'result': 'ok'}
10-10-2024 20:43:16 - INFO - Setting chamber_heater6 Heater Temp to 269.00350000000003 for chamber setpoint of 118.0 Request successfully executed.
10-10-2024 20:43:16 - INFO - Sending request to Setting chamber_heater7 Heater Temp to 269.00350000000003 for chamber setpoint of 118.0 with timeout of 5s...
10-10-2024 20:43:16 - INFO - Setting chamber_heater7 Heater Temp to 269.00350000000003 for chamber setpoint of 118.0 request successfully sent.
10-10-2024 20:43:16 - INFO - Response from moonraker: {'result': 'ok'}
10-10-2024 20:43:16 - INFO - Setting chamber_heater7 Heater Temp to 269.00350000000003 for chamber setpoint of 118.0 Request successfully executed.
10-10-2024 20:43:16 - INFO - Sending request to Setting chamber_heater11 Heater Temp to 269.00350000000003 for chamber setpoint of 118.0 with timeout of 5s...
10-10-2024 20:43:16 - INFO - Setting chamber_heater11 Heater Temp to 269.00350000000003 for chamber setpoint of 118.0 request successfully sent.
10-10-2024 20:43:16 - INFO - Response from moonraker: {'result': 'ok'}
10-10-2024 20:43:16 - INFO - Setting chamber_heater11 Heater Temp to 269.00350000000003 for chamber setpoint of 118.0 Request successfully executed.
10-10-2024 20:43:16 - INFO - Sending request to Setting chamber_heater12 Heater Temp to 269.00350000000003 for chamber setpoint of 118.0 with timeout of 5s...
10-10-2024 20:43:16 - INFO - Setting chamber_heater12 Heater Temp to 269.00350000000003 for chamber setpoint of 118.0 request successfully sent.
10-10-2024 20:43:16 - INFO - Response from moonraker: {'result': 'ok'}
10-10-2024 20:43:16 - INFO - Setting chamber_heater12 Heater Temp to 269.00350000000003 for chamber setpoint of 118.0 Request successfully executed.
10-10-2024 20:43:26 - INFO - Sending request to Setting chamber_heater2 Heater Temp to 305.1498 for chamber setpoint of 120.0 with timeout of 5s...
10-10-2024 20:43:26 - INFO - Setting chamber_heater2 Heater Temp to 305.1498 for chamber setpoint of 120.0 request successfully sent.
10-10-2024 20:43:26 - INFO - Response from moonraker: {'result': 'ok'}
10-10-2024 20:43:26 - INFO - Setting chamber_heater2 Heater Temp to 305.1498 for chamber setpoint of 120.0 Request successfully executed.
10-10-2024 20:43:26 - INFO - Sending request to Setting chamber_heater3 Heater Temp to 305.1498 for chamber setpoint of 120.0 with timeout of 5s...
10-10-2024 20:43:26 - INFO - Setting chamber_heater3 Heater Temp to 305.1498 for chamber setpoint of 120.0 request successfully sent.
10-10-2024 20:43:26 - INFO - Response from moonraker: {'result': 'ok'}
10-10-2024 20:43:26 - INFO - Setting chamber_heater3 Heater Temp to 305.1498 for chamber setpoint of 120.0 Request successfully executed.
10-10-2024 20:43:26 - INFO - Sending request to Setting chamber_heater4 Heater Temp to 305.1498 for chamber setpoint of 120.0 with timeout of 5s...
10-10-2024 20:43:26 - INFO - Setting chamber_heater4 Heater Temp to 305.1498 for chamber setpoint of 120.0 request successfully sent.
10-10-2024 20:43:26 - INFO - Response from moonraker: {'result': 'ok'}
10-10-2024 20:43:26 - INFO - Setting chamber_heater4 Heater Temp to 305.1498 for chamber setpoint of 120.0 Request successfully executed.
10-10-2024 20:43:26 - INFO - Sending request to Setting chamber_heater5 Heater Temp to 275.1567 for chamber setpoint of 120.0 with timeout of 5s...
10-10-2024 20:43:26 - INFO - Setting chamber_heater5 Heater Temp to 275.1567 for chamber setpoint of 120.0 request successfully sent.
10-10-2024 20:43:26 - INFO - Response from moonraker: {'result': 'ok'}
10-10-2024 20:43:26 - INFO - Setting chamber_heater5 Heater Temp to 275.1567 for chamber setpoint of 120.0 Request successfully executed.
10-10-2024 20:43:26 - INFO - Sending request to Setting chamber_heater6 Heater Temp to 275.1567 for chamber setpoint of 120.0 with timeout of 5s...
10-10-2024 20:43:27 - INFO - Setting chamber_heater6 Heater Temp to 275.1567 for chamber setpoint of 120.0 request successfully sent.
10-10-2024 20:43:27 - INFO - Response from moonraker: {'result': 'ok'}
10-10-2024 20:43:27 - INFO - Setting chamber_heater6 Heater Temp to 275.1567 for chamber setpoint of 120.0 Request successfully executed.
10-10-2024 20:43:27 - INFO - Sending request to Setting chamber_heater7 Heater Temp to 275.1567 for chamber setpoint of 120.0 with timeout of 5s...
10-10-2024 20:43:27 - INFO - Setting chamber_heater7 Heater Temp to 275.1567 for chamber setpoint of 120.0 request successfully sent.
10-10-2024 20:43:27 - INFO - Response from moonraker: {'result': 'ok'}
10-10-2024 20:43:27 - INFO - Setting chamber_heater7 Heater Temp to 275.1567 for chamber setpoint of 120.0 Request successfully executed.
10-10-2024 20:43:27 - INFO - Sending request to Setting chamber_heater11 Heater Temp to 275.1567 for chamber setpoint of 120.0 with timeout of 5s...
10-10-2024 20:43:27 - INFO - Setting chamber_heater11 Heater Temp to 275.1567 for chamber setpoint of 120.0 request successfully sent.
10-10-2024 20:43:27 - INFO - Response from moonraker: {'result': 'ok'}
10-10-2024 20:43:27 - INFO - Setting chamber_heater11 Heater Temp to 275.1567 for chamber setpoint of 120.0 Request successfully executed.
10-10-2024 20:43:27 - INFO - Sending request to Setting chamber_heater12 Heater Temp to 275.1567 for chamber setpoint of 120.0 with timeout of 5s...
10-10-2024 20:43:27 - INFO - Setting chamber_heater12 Heater Temp to 275.1567 for chamber setpoint of 120.0 request successfully sent.
10-10-2024 20:43:27 - INFO - Response from moonraker: {'result': 'ok'}
10-10-2024 20:43:27 - INFO - Setting chamber_heater12 Heater Temp to 275.1567 for chamber setpoint of 120.0 Request successfully executed.
10-10-2024 20:43:37 - INFO - Sending request to Setting chamber_heater2 Heater Temp to 311.9654 for chamber setpoint of 122.0 with timeout of 5s...
10-10-2024 20:43:37 - INFO - Setting chamber_heater2 Heater Temp to 311.9654 for chamber setpoint of 122.0 request successfully sent.
10-10-2024 20:43:37 - INFO - Response from moonraker: {'result': 'ok'}
10-10-2024 20:43:37 - INFO - Setting chamber_heater2 Heater Temp to 311.9654 for chamber setpoint of 122.0 Request successfully executed.
10-10-2024 20:43:37 - INFO - Sending request to Setting chamber_heater3 Heater Temp to 311.9654 for chamber setpoint of 122.0 with timeout of 5s...
10-10-2024 20:43:37 - INFO - Setting chamber_heater3 Heater Temp to 311.9654 for chamber setpoint of 122.0 request successfully sent.
10-10-2024 20:43:37 - INFO - Response from moonraker: {'result': 'ok'}
10-10-2024 20:43:37 - INFO - Setting chamber_heater3 Heater Temp to 311.9654 for chamber setpoint of 122.0 Request successfully executed.
10-10-2024 20:43:37 - INFO - Sending request to Setting chamber_heater4 Heater Temp to 311.9654 for chamber setpoint of 122.0 with timeout of 5s...
10-10-2024 20:43:37 - INFO - Setting chamber_heater4 Heater Temp to 311.9654 for chamber setpoint of 122.0 request successfully sent.
10-10-2024 20:43:37 - INFO - Response from moonraker: {'result': 'ok'}
10-10-2024 20:43:37 - INFO - Setting chamber_heater4 Heater Temp to 311.9654 for chamber setpoint of 122.0 Request successfully executed.
10-10-2024 20:43:37 - INFO - Sending request to Setting chamber_heater5 Heater Temp to 281.3339 for chamber setpoint of 122.0 with timeout of 5s...
10-10-2024 20:43:37 - INFO - Setting chamber_heater5 Heater Temp to 281.3339 for chamber setpoint of 122.0 request successfully sent.
10-10-2024 20:43:37 - INFO - Response from moonraker: {'result': 'ok'}
10-10-2024 20:43:37 - INFO - Setting chamber_heater5 Heater Temp to 281.3339 for chamber setpoint of 122.0 Request successfully executed.
10-10-2024 20:43:37 - INFO - Sending request to Setting chamber_heater6 Heater Temp to 281.3339 for chamber setpoint of 122.0 with timeout of 5s...
10-10-2024 20:43:37 - INFO - Setting chamber_heater6 Heater Temp to 281.3339 for chamber setpoint of 122.0 request successfully sent.
10-10-2024 20:43:37 - INFO - Response from moonraker: {'result': 'ok'}
10-10-2024 20:43:37 - INFO - Setting chamber_heater6 Heater Temp to 281.3339 for chamber setpoint of 122.0 Request successfully executed.
10-10-2024 20:43:37 - INFO - Sending request to Setting chamber_heater7 Heater Temp to 281.3339 for chamber setpoint of 122.0 with timeout of 5s...
10-10-2024 20:43:37 - INFO - Setting chamber_heater7 Heater Temp to 281.3339 for chamber setpoint of 122.0 request successfully sent.
10-10-2024 20:43:37 - INFO - Response from moonraker: {'result': 'ok'}
10-10-2024 20:43:37 - INFO - Setting chamber_heater7 Heater Temp to 281.3339 for chamber setpoint of 122.0 Request successfully executed.
10-10-2024 20:43:37 - INFO - Sending request to Setting chamber_heater11 Heater Temp to 281.3339 for chamber setpoint of 122.0 with timeout of 5s...
10-10-2024 20:43:37 - INFO - Setting chamber_heater11 Heater Temp to 281.3339 for chamber setpoint of 122.0 request successfully sent.
10-10-2024 20:43:37 - INFO - Response from moonraker: {'result': 'ok'}
10-10-2024 20:43:37 - INFO - Setting chamber_heater11 Heater Temp to 281.3339 for chamber setpoint of 122.0 Request successfully executed.
10-10-2024 20:43:37 - INFO - Sending request to Setting chamber_heater12 Heater Temp to 281.3339 for chamber setpoint of 122.0 with timeout of 5s...
10-10-2024 20:43:37 - INFO - Setting chamber_heater12 Heater Temp to 281.3339 for chamber setpoint of 122.0 request successfully sent.
10-10-2024 20:43:37 - INFO - Response from moonraker: {'result': 'ok'}
10-10-2024 20:43:37 - INFO - Setting chamber_heater12 Heater Temp to 281.3339 for chamber setpoint of 122.0 Request successfully executed.
10-10-2024 20:43:47 - INFO - Sending request to Setting chamber_heater2 Heater Temp to 318.8018 for chamber setpoint of 124.0 with timeout of 5s...
10-10-2024 20:43:47 - INFO - Setting chamber_heater2 Heater Temp to 318.8018 for chamber setpoint of 124.0 request successfully sent.
10-10-2024 20:43:47 - INFO - Response from moonraker: {'result': 'ok'}
10-10-2024 20:43:47 - INFO - Setting chamber_heater2 Heater Temp to 318.8018 for chamber setpoint of 124.0 Request successfully executed.
10-10-2024 20:43:47 - INFO - Sending request to Setting chamber_heater3 Heater Temp to 318.8018 for chamber setpoint of 124.0 with timeout of 5s...
10-10-2024 20:43:47 - INFO - Setting chamber_heater3 Heater Temp to 318.8018 for chamber setpoint of 124.0 request successfully sent.
10-10-2024 20:43:47 - INFO - Response from moonraker: {'result': 'ok'}
10-10-2024 20:43:47 - INFO - Setting chamber_heater3 Heater Temp to 318.8018 for chamber setpoint of 124.0 Request successfully executed.
10-10-2024 20:43:47 - INFO - Sending request to Setting chamber_heater4 Heater Temp to 318.8018 for chamber setpoint of 124.0 with timeout of 5s...
10-10-2024 20:43:47 - INFO - Setting chamber_heater4 Heater Temp to 318.8018 for chamber setpoint of 124.0 request successfully sent.
10-10-2024 20:43:47 - INFO - Response from moonraker: {'result': 'ok'}
10-10-2024 20:43:47 - INFO - Setting chamber_heater4 Heater Temp to 318.8018 for chamber setpoint of 124.0 Request successfully executed.
10-10-2024 20:43:47 - INFO - Sending request to Setting chamber_heater5 Heater Temp to 287.5351 for chamber setpoint of 124.0 with timeout of 5s...
10-10-2024 20:43:47 - INFO - Setting chamber_heater5 Heater Temp to 287.5351 for chamber setpoint of 124.0 request successfully sent.
10-10-2024 20:43:47 - INFO - Response from moonraker: {'result': 'ok'}
10-10-2024 20:43:47 - INFO - Setting chamber_heater5 Heater Temp to 287.5351 for chamber setpoint of 124.0 Request successfully executed.
10-10-2024 20:43:47 - INFO - Sending request to Setting chamber_heater6 Heater Temp to 287.5351 for chamber setpoint of 124.0 with timeout of 5s...
10-10-2024 20:43:47 - INFO - Setting chamber_heater6 Heater Temp to 287.5351 for chamber setpoint of 124.0 request successfully sent.
10-10-2024 20:43:47 - INFO - Response from moonraker: {'result': 'ok'}
10-10-2024 20:43:47 - INFO - Setting chamber_heater6 Heater Temp to 287.5351 for chamber setpoint of 124.0 Request successfully executed.
10-10-2024 20:43:47 - INFO - Sending request to Setting chamber_heater7 Heater Temp to 287.5351 for chamber setpoint of 124.0 with timeout of 5s...
10-10-2024 20:43:47 - INFO - Setting chamber_heater7 Heater Temp to 287.5351 for chamber setpoint of 124.0 request successfully sent.
10-10-2024 20:43:47 - INFO - Response from moonraker: {'result': 'ok'}
10-10-2024 20:43:47 - INFO - Setting chamber_heater7 Heater Temp to 287.5351 for chamber setpoint of 124.0 Request successfully executed.
10-10-2024 20:43:47 - INFO - Sending request to Setting chamber_heater11 Heater Temp to 287.5351 for chamber setpoint of 124.0 with timeout of 5s...
10-10-2024 20:43:47 - INFO - Setting chamber_heater11 Heater Temp to 287.5351 for chamber setpoint of 124.0 request successfully sent.
10-10-2024 20:43:47 - INFO - Response from moonraker: {'result': 'ok'}
10-10-2024 20:43:47 - INFO - Setting chamber_heater11 Heater Temp to 287.5351 for chamber setpoint of 124.0 Request successfully executed.
10-10-2024 20:43:47 - INFO - Sending request to Setting chamber_heater12 Heater Temp to 287.5351 for chamber setpoint of 124.0 with timeout of 5s...
10-10-2024 20:43:47 - INFO - Setting chamber_heater12 Heater Temp to 287.5351 for chamber setpoint of 124.0 request successfully sent.
10-10-2024 20:43:47 - INFO - Response from moonraker: {'result': 'ok'}
10-10-2024 20:43:47 - INFO - Setting chamber_heater12 Heater Temp to 287.5351 for chamber setpoint of 124.0 Request successfully executed.
10-10-2024 20:43:57 - INFO - Sending request to Setting chamber_heater2 Heater Temp to 325.659 for chamber setpoint of 126.0 with timeout of 5s...
10-10-2024 20:43:57 - INFO - Setting chamber_heater2 Heater Temp to 325.659 for chamber setpoint of 126.0 request successfully sent.
10-10-2024 20:43:57 - INFO - Response from moonraker: {'result': 'ok'}
10-10-2024 20:43:57 - INFO - Setting chamber_heater2 Heater Temp to 325.659 for chamber setpoint of 126.0 Request successfully executed.
10-10-2024 20:43:57 - INFO - Sending request to Setting chamber_heater3 Heater Temp to 325.659 for chamber setpoint of 126.0 with timeout of 5s...
10-10-2024 20:43:57 - INFO - Setting chamber_heater3 Heater Temp to 325.659 for chamber setpoint of 126.0 request successfully sent.
10-10-2024 20:43:57 - INFO - Response from moonraker: {'result': 'ok'}
10-10-2024 20:43:57 - INFO - Setting chamber_heater3 Heater Temp to 325.659 for chamber setpoint of 126.0 Request successfully executed.
10-10-2024 20:43:57 - INFO - Sending request to Setting chamber_heater4 Heater Temp to 325.659 for chamber setpoint of 126.0 with timeout of 5s...
10-10-2024 20:43:57 - INFO - Setting chamber_heater4 Heater Temp to 325.659 for chamber setpoint of 126.0 request successfully sent.
10-10-2024 20:43:57 - INFO - Response from moonraker: {'result': 'ok'}
10-10-2024 20:43:57 - INFO - Setting chamber_heater4 Heater Temp to 325.659 for chamber setpoint of 126.0 Request successfully executed.
10-10-2024 20:43:57 - INFO - Sending request to Setting chamber_heater5 Heater Temp to 293.76030000000003 for chamber setpoint of 126.0 with timeout of 5s...
10-10-2024 20:43:57 - INFO - Setting chamber_heater5 Heater Temp to 293.76030000000003 for chamber setpoint of 126.0 request successfully sent.
10-10-2024 20:43:57 - INFO - Response from moonraker: {'result': 'ok'}
10-10-2024 20:43:57 - INFO - Setting chamber_heater5 Heater Temp to 293.76030000000003 for chamber setpoint of 126.0 Request successfully executed.
10-10-2024 20:43:57 - INFO - Sending request to Setting chamber_heater6 Heater Temp to 293.76030000000003 for chamber setpoint of 126.0 with timeout of 5s...
10-10-2024 20:43:57 - INFO - Setting chamber_heater6 Heater Temp to 293.76030000000003 for chamber setpoint of 126.0 request successfully sent.
10-10-2024 20:43:57 - INFO - Response from moonraker: {'result': 'ok'}
10-10-2024 20:43:57 - INFO - Setting chamber_heater6 Heater Temp to 293.76030000000003 for chamber setpoint of 126.0 Request successfully executed.
10-10-2024 20:43:57 - INFO - Sending request to Setting chamber_heater7 Heater Temp to 293.76030000000003 for chamber setpoint of 126.0 with timeout of 5s...
10-10-2024 20:43:57 - INFO - Setting chamber_heater7 Heater Temp to 293.76030000000003 for chamber setpoint of 126.0 request successfully sent.
10-10-2024 20:43:57 - INFO - Response from moonraker: {'result': 'ok'}
10-10-2024 20:43:57 - INFO - Setting chamber_heater7 Heater Temp to 293.76030000000003 for chamber setpoint of 126.0 Request successfully executed.
10-10-2024 20:43:57 - INFO - Sending request to Setting chamber_heater11 Heater Temp to 293.76030000000003 for chamber setpoint of 126.0 with timeout of 5s...
10-10-2024 20:43:57 - INFO - Setting chamber_heater11 Heater Temp to 293.76030000000003 for chamber setpoint of 126.0 request successfully sent.
10-10-2024 20:43:57 - INFO - Response from moonraker: {'result': 'ok'}
10-10-2024 20:43:57 - INFO - Setting chamber_heater11 Heater Temp to 293.76030000000003 for chamber setpoint of 126.0 Request successfully executed.
10-10-2024 20:43:57 - INFO - Sending request to Setting chamber_heater12 Heater Temp to 293.76030000000003 for chamber setpoint of 126.0 with timeout of 5s...
10-10-2024 20:43:57 - INFO - Setting chamber_heater12 Heater Temp to 293.76030000000003 for chamber setpoint of 126.0 request successfully sent.
10-10-2024 20:43:57 - INFO - Response from moonraker: {'result': 'ok'}
10-10-2024 20:43:57 - INFO - Setting chamber_heater12 Heater Temp to 293.76030000000003 for chamber setpoint of 126.0 Request successfully executed.
10-10-2024 20:44:07 - INFO - Sending request to Setting chamber_heater2 Heater Temp to 332.537 for chamber setpoint of 128.0 with timeout of 5s...
10-10-2024 20:44:07 - INFO - Setting chamber_heater2 Heater Temp to 332.537 for chamber setpoint of 128.0 request successfully sent.
10-10-2024 20:44:07 - INFO - Response from moonraker: {'result': 'ok'}
10-10-2024 20:44:07 - INFO - Setting chamber_heater2 Heater Temp to 332.537 for chamber setpoint of 128.0 Request successfully executed.
10-10-2024 20:44:07 - INFO - Sending request to Setting chamber_heater3 Heater Temp to 332.537 for chamber setpoint of 128.0 with timeout of 5s...
10-10-2024 20:44:07 - INFO - Setting chamber_heater3 Heater Temp to 332.537 for chamber setpoint of 128.0 request successfully sent.
10-10-2024 20:44:07 - INFO - Response from moonraker: {'result': 'ok'}
10-10-2024 20:44:07 - INFO - Setting chamber_heater3 Heater Temp to 332.537 for chamber setpoint of 128.0 Request successfully executed.
10-10-2024 20:44:07 - INFO - Sending request to Setting chamber_heater4 Heater Temp to 332.537 for chamber setpoint of 128.0 with timeout of 5s...
10-10-2024 20:44:07 - INFO - Setting chamber_heater4 Heater Temp to 332.537 for chamber setpoint of 128.0 request successfully sent.
10-10-2024 20:44:07 - INFO - Response from moonraker: {'result': 'ok'}
10-10-2024 20:44:07 - INFO - Setting chamber_heater4 Heater Temp to 332.537 for chamber setpoint of 128.0 Request successfully executed.
10-10-2024 20:44:07 - INFO - Sending request to Setting chamber_heater5 Heater Temp to 300.0095 for chamber setpoint of 128.0 with timeout of 5s...
10-10-2024 20:44:07 - INFO - Setting chamber_heater5 Heater Temp to 300.0095 for chamber setpoint of 128.0 request successfully sent.
10-10-2024 20:44:07 - INFO - Response from moonraker: {'result': 'ok'}
10-10-2024 20:44:07 - INFO - Setting chamber_heater5 Heater Temp to 300.0095 for chamber setpoint of 128.0 Request successfully executed.
10-10-2024 20:44:07 - INFO - Sending request to Setting chamber_heater6 Heater Temp to 300.0095 for chamber setpoint of 128.0 with timeout of 5s...
10-10-2024 20:44:07 - INFO - Setting chamber_heater6 Heater Temp to 300.0095 for chamber setpoint of 128.0 request successfully sent.
10-10-2024 20:44:07 - INFO - Response from moonraker: {'result': 'ok'}
10-10-2024 20:44:07 - INFO - Setting chamber_heater6 Heater Temp to 300.0095 for chamber setpoint of 128.0 Request successfully executed.
10-10-2024 20:44:07 - INFO - Sending request to Setting chamber_heater7 Heater Temp to 300.0095 for chamber setpoint of 128.0 with timeout of 5s...
10-10-2024 20:44:07 - INFO - Setting chamber_heater7 Heater Temp to 300.0095 for chamber setpoint of 128.0 request successfully sent.
10-10-2024 20:44:07 - INFO - Response from moonraker: {'result': 'ok'}
10-10-2024 20:44:07 - INFO - Setting chamber_heater7 Heater Temp to 300.0095 for chamber setpoint of 128.0 Request successfully executed.
10-10-2024 20:44:07 - INFO - Sending request to Setting chamber_heater11 Heater Temp to 300.0095 for chamber setpoint of 128.0 with timeout of 5s...
10-10-2024 20:44:07 - INFO - Setting chamber_heater11 Heater Temp to 300.0095 for chamber setpoint of 128.0 request successfully sent.
10-10-2024 20:44:07 - INFO - Response from moonraker: {'result': 'ok'}
10-10-2024 20:44:07 - INFO - Setting chamber_heater11 Heater Temp to 300.0095 for chamber setpoint of 128.0 Request successfully executed.
10-10-2024 20:44:07 - INFO - Sending request to Setting chamber_heater12 Heater Temp to 300.0095 for chamber setpoint of 128.0 with timeout of 5s...
10-10-2024 20:44:07 - INFO - Setting chamber_heater12 Heater Temp to 300.0095 for chamber setpoint of 128.0 request successfully sent.
10-10-2024 20:44:07 - INFO - Response from moonraker: {'result': 'ok'}
10-10-2024 20:44:07 - INFO - Setting chamber_heater12 Heater Temp to 300.0095 for chamber setpoint of 128.0 Request successfully executed.
10-10-2024 20:44:17 - INFO - Sending request to Setting chamber_heater2 Heater Temp to 339.43580000000003 for chamber setpoint of 130.0 with timeout of 5s...
10-10-2024 20:44:17 - INFO - Setting chamber_heater2 Heater Temp to 339.43580000000003 for chamber setpoint of 130.0 request successfully sent.
10-10-2024 20:44:17 - INFO - Response from moonraker: {'result': 'ok'}
10-10-2024 20:44:17 - INFO - Setting chamber_heater2 Heater Temp to 339.43580000000003 for chamber setpoint of 130.0 Request successfully executed.
10-10-2024 20:44:17 - INFO - Sending request to Setting chamber_heater3 Heater Temp to 339.43580000000003 for chamber setpoint of 130.0 with timeout of 5s...
10-10-2024 20:44:17 - INFO - Setting chamber_heater3 Heater Temp to 339.43580000000003 for chamber setpoint of 130.0 request successfully sent.
10-10-2024 20:44:17 - INFO - Response from moonraker: {'result': 'ok'}
10-10-2024 20:44:17 - INFO - Setting chamber_heater3 Heater Temp to 339.43580000000003 for chamber setpoint of 130.0 Request successfully executed.
10-10-2024 20:44:17 - INFO - Sending request to Setting chamber_heater4 Heater Temp to 339.43580000000003 for chamber setpoint of 130.0 with timeout of 5s...
10-10-2024 20:44:17 - INFO - Setting chamber_heater4 Heater Temp to 339.43580000000003 for chamber setpoint of 130.0 request successfully sent.
10-10-2024 20:44:17 - INFO - Response from moonraker: {'result': 'ok'}
10-10-2024 20:44:17 - INFO - Setting chamber_heater4 Heater Temp to 339.43580000000003 for chamber setpoint of 130.0 Request successfully executed.
10-10-2024 20:44:17 - INFO - Sending request to Setting chamber_heater5 Heater Temp to 306.2827 for chamber setpoint of 130.0 with timeout of 5s...
10-10-2024 20:44:17 - INFO - Setting chamber_heater5 Heater Temp to 306.2827 for chamber setpoint of 130.0 request successfully sent.
10-10-2024 20:44:17 - INFO - Response from moonraker: {'result': 'ok'}
10-10-2024 20:44:17 - INFO - Setting chamber_heater5 Heater Temp to 306.2827 for chamber setpoint of 130.0 Request successfully executed.
10-10-2024 20:44:17 - INFO - Sending request to Setting chamber_heater6 Heater Temp to 306.2827 for chamber setpoint of 130.0 with timeout of 5s...
10-10-2024 20:44:17 - INFO - Setting chamber_heater6 Heater Temp to 306.2827 for chamber setpoint of 130.0 request successfully sent.
10-10-2024 20:44:17 - INFO - Response from moonraker: {'result': 'ok'}
10-10-2024 20:44:17 - INFO - Setting chamber_heater6 Heater Temp to 306.2827 for chamber setpoint of 130.0 Request successfully executed.
10-10-2024 20:44:17 - INFO - Sending request to Setting chamber_heater7 Heater Temp to 306.2827 for chamber setpoint of 130.0 with timeout of 5s...
10-10-2024 20:44:17 - INFO - Setting chamber_heater7 Heater Temp to 306.2827 for chamber setpoint of 130.0 request successfully sent.
10-10-2024 20:44:17 - INFO - Response from moonraker: {'result': 'ok'}
10-10-2024 20:44:17 - INFO - Setting chamber_heater7 Heater Temp to 306.2827 for chamber setpoint of 130.0 Request successfully executed.
10-10-2024 20:44:17 - INFO - Sending request to Setting chamber_heater11 Heater Temp to 306.2827 for chamber setpoint of 130.0 with timeout of 5s...
10-10-2024 20:44:18 - INFO - Setting chamber_heater11 Heater Temp to 306.2827 for chamber setpoint of 130.0 request successfully sent.
10-10-2024 20:44:18 - INFO - Response from moonraker: {'result': 'ok'}
10-10-2024 20:44:18 - INFO - Setting chamber_heater11 Heater Temp to 306.2827 for chamber setpoint of 130.0 Request successfully executed.
10-10-2024 20:44:18 - INFO - Sending request to Setting chamber_heater12 Heater Temp to 306.2827 for chamber setpoint of 130.0 with timeout of 5s...
10-10-2024 20:44:18 - INFO - Setting chamber_heater12 Heater Temp to 306.2827 for chamber setpoint of 130.0 request successfully sent.
10-10-2024 20:44:18 - INFO - Response from moonraker: {'result': 'ok'}
10-10-2024 20:44:18 - INFO - Setting chamber_heater12 Heater Temp to 306.2827 for chamber setpoint of 130.0 Request successfully executed.
10-10-2024 20:44:28 - INFO - Sending request to Setting chamber_heater2 Heater Temp to 346.3554 for chamber setpoint of 132.0 with timeout of 5s...
10-10-2024 20:44:28 - INFO - Setting chamber_heater2 Heater Temp to 346.3554 for chamber setpoint of 132.0 request successfully sent.
10-10-2024 20:44:28 - INFO - Response from moonraker: {'result': 'ok'}
10-10-2024 20:44:28 - INFO - Setting chamber_heater2 Heater Temp to 346.3554 for chamber setpoint of 132.0 Request successfully executed.
10-10-2024 20:44:28 - INFO - Sending request to Setting chamber_heater3 Heater Temp to 346.3554 for chamber setpoint of 132.0 with timeout of 5s...
10-10-2024 20:44:28 - INFO - Setting chamber_heater3 Heater Temp to 346.3554 for chamber setpoint of 132.0 request successfully sent.
10-10-2024 20:44:28 - INFO - Response from moonraker: {'result': 'ok'}
10-10-2024 20:44:28 - INFO - Setting chamber_heater3 Heater Temp to 346.3554 for chamber setpoint of 132.0 Request successfully executed.
10-10-2024 20:44:28 - INFO - Sending request to Setting chamber_heater4 Heater Temp to 346.3554 for chamber setpoint of 132.0 with timeout of 5s...
10-10-2024 20:44:28 - INFO - Setting chamber_heater4 Heater Temp to 346.3554 for chamber setpoint of 132.0 request successfully sent.
10-10-2024 20:44:28 - INFO - Response from moonraker: {'result': 'ok'}
10-10-2024 20:44:28 - INFO - Setting chamber_heater4 Heater Temp to 346.3554 for chamber setpoint of 132.0 Request successfully executed.
10-10-2024 20:44:28 - INFO - Sending request to Setting chamber_heater5 Heater Temp to 312.5799 for chamber setpoint of 132.0 with timeout of 5s...
10-10-2024 20:44:28 - INFO - Setting chamber_heater5 Heater Temp to 312.5799 for chamber setpoint of 132.0 request successfully sent.
10-10-2024 20:44:28 - INFO - Response from moonraker: {'result': 'ok'}
10-10-2024 20:44:28 - INFO - Setting chamber_heater5 Heater Temp to 312.5799 for chamber setpoint of 132.0 Request successfully executed.
10-10-2024 20:44:28 - INFO - Sending request to Setting chamber_heater6 Heater Temp to 312.5799 for chamber setpoint of 132.0 with timeout of 5s...
10-10-2024 20:44:28 - INFO - Setting chamber_heater6 Heater Temp to 312.5799 for chamber setpoint of 132.0 request successfully sent.
10-10-2024 20:44:28 - INFO - Response from moonraker: {'result': 'ok'}
10-10-2024 20:44:28 - INFO - Setting chamber_heater6 Heater Temp to 312.5799 for chamber setpoint of 132.0 Request successfully executed.
10-10-2024 20:44:28 - INFO - Sending request to Setting chamber_heater7 Heater Temp to 312.5799 for chamber setpoint of 132.0 with timeout of 5s...
10-10-2024 20:44:28 - INFO - Setting chamber_heater7 Heater Temp to 312.5799 for chamber setpoint of 132.0 request successfully sent.
10-10-2024 20:44:28 - INFO - Response from moonraker: {'result': 'ok'}
10-10-2024 20:44:28 - INFO - Setting chamber_heater7 Heater Temp to 312.5799 for chamber setpoint of 132.0 Request successfully executed.
10-10-2024 20:44:28 - INFO - Sending request to Setting chamber_heater11 Heater Temp to 312.5799 for chamber setpoint of 132.0 with timeout of 5s...
10-10-2024 20:44:28 - INFO - Setting chamber_heater11 Heater Temp to 312.5799 for chamber setpoint of 132.0 request successfully sent.
10-10-2024 20:44:28 - INFO - Response from moonraker: {'result': 'ok'}
10-10-2024 20:44:28 - INFO - Setting chamber_heater11 Heater Temp to 312.5799 for chamber setpoint of 132.0 Request successfully executed.
10-10-2024 20:44:28 - INFO - Sending request to Setting chamber_heater12 Heater Temp to 312.5799 for chamber setpoint of 132.0 with timeout of 5s...
10-10-2024 20:44:28 - INFO - Setting chamber_heater12 Heater Temp to 312.5799 for chamber setpoint of 132.0 request successfully sent.
10-10-2024 20:44:28 - INFO - Response from moonraker: {'result': 'ok'}
10-10-2024 20:44:28 - INFO - Setting chamber_heater12 Heater Temp to 312.5799 for chamber setpoint of 132.0 Request successfully executed.
10-10-2024 20:44:31 - INFO - Sending request to Setting chamber_heater2 Heater Temp to 0 for chamber setpoint of 0 with timeout of 5s...
10-10-2024 20:44:31 - INFO - Setting chamber_heater2 Heater Temp to 0 for chamber setpoint of 0 request successfully sent.
10-10-2024 20:44:31 - INFO - Response from moonraker: {'result': 'ok'}
10-10-2024 20:44:31 - INFO - Setting chamber_heater2 Heater Temp to 0 for chamber setpoint of 0 Request successfully executed.
10-10-2024 20:44:31 - INFO - Sending request to Setting chamber_heater3 Heater Temp to 0 for chamber setpoint of 0 with timeout of 5s...
10-10-2024 20:44:31 - INFO - Setting chamber_heater3 Heater Temp to 0 for chamber setpoint of 0 request successfully sent.
10-10-2024 20:44:31 - INFO - Response from moonraker: {'result': 'ok'}
10-10-2024 20:44:31 - INFO - Setting chamber_heater3 Heater Temp to 0 for chamber setpoint of 0 Request successfully executed.
10-10-2024 20:44:31 - INFO - Sending request to Setting chamber_heater4 Heater Temp to 0 for chamber setpoint of 0 with timeout of 5s...
10-10-2024 20:44:31 - INFO - Setting chamber_heater4 Heater Temp to 0 for chamber setpoint of 0 request successfully sent.
10-10-2024 20:44:31 - INFO - Response from moonraker: {'result': 'ok'}
10-10-2024 20:44:31 - INFO - Setting chamber_heater4 Heater Temp to 0 for chamber setpoint of 0 Request successfully executed.
10-10-2024 20:44:31 - INFO - Sending request to Setting chamber_heater5 Heater Temp to 0 for chamber setpoint of 0 with timeout of 5s...
10-10-2024 20:44:31 - INFO - Setting chamber_heater5 Heater Temp to 0 for chamber setpoint of 0 request successfully sent.
10-10-2024 20:44:31 - INFO - Response from moonraker: {'result': 'ok'}
10-10-2024 20:44:31 - INFO - Setting chamber_heater5 Heater Temp to 0 for chamber setpoint of 0 Request successfully executed.
10-10-2024 20:44:31 - INFO - Sending request to Setting chamber_heater6 Heater Temp to 0 for chamber setpoint of 0 with timeout of 5s...
10-10-2024 20:44:31 - INFO - Setting chamber_heater6 Heater Temp to 0 for chamber setpoint of 0 request successfully sent.
10-10-2024 20:44:31 - INFO - Response from moonraker: {'result': 'ok'}
10-10-2024 20:44:31 - INFO - Setting chamber_heater6 Heater Temp to 0 for chamber setpoint of 0 Request successfully executed.
10-10-2024 20:44:31 - INFO - Sending request to Setting chamber_heater7 Heater Temp to 0 for chamber setpoint of 0 with timeout of 5s...
10-10-2024 20:44:31 - INFO - Setting chamber_heater7 Heater Temp to 0 for chamber setpoint of 0 request successfully sent.
10-10-2024 20:44:31 - INFO - Response from moonraker: {'result': 'ok'}
10-10-2024 20:44:31 - INFO - Setting chamber_heater7 Heater Temp to 0 for chamber setpoint of 0 Request successfully executed.
10-10-2024 20:44:31 - INFO - Sending request to Setting chamber_heater11 Heater Temp to 0 for chamber setpoint of 0 with timeout of 5s...
10-10-2024 20:44:31 - INFO - Setting chamber_heater11 Heater Temp to 0 for chamber setpoint of 0 request successfully sent.
10-10-2024 20:44:31 - INFO - Response from moonraker: {'result': 'ok'}
10-10-2024 20:44:31 - INFO - Setting chamber_heater11 Heater Temp to 0 for chamber setpoint of 0 Request successfully executed.
10-10-2024 20:44:31 - INFO - Sending request to Setting chamber_heater12 Heater Temp to 0 for chamber setpoint of 0 with timeout of 5s...
10-10-2024 20:44:31 - INFO - Setting chamber_heater12 Heater Temp to 0 for chamber setpoint of 0 request successfully sent.
10-10-2024 20:44:31 - INFO - Response from moonraker: {'result': 'ok'}
10-10-2024 20:44:31 - INFO - Setting chamber_heater12 Heater Temp to 0 for chamber setpoint of 0 Request successfully executed.
10-10-2024 20:44:32 - INFO - Sending request to Setting chamber_heater2 Heater Temp to 0 for chamber setpoint of 0 with timeout of 5s...
10-10-2024 20:44:32 - INFO - Setting chamber_heater2 Heater Temp to 0 for chamber setpoint of 0 request successfully sent.
10-10-2024 20:44:32 - INFO - Response from moonraker: {'result': 'ok'}
10-10-2024 20:44:32 - INFO - Setting chamber_heater2 Heater Temp to 0 for chamber setpoint of 0 Request successfully executed.
10-10-2024 20:44:32 - INFO - Sending request to Setting chamber_heater3 Heater Temp to 0 for chamber setpoint of 0 with timeout of 5s...
10-10-2024 20:44:32 - INFO - Setting chamber_heater3 Heater Temp to 0 for chamber setpoint of 0 request successfully sent.
10-10-2024 20:44:32 - INFO - Response from moonraker: {'result': 'ok'}
10-10-2024 20:44:32 - INFO - Setting chamber_heater3 Heater Temp to 0 for chamber setpoint of 0 Request successfully executed.
10-10-2024 20:44:32 - INFO - Sending request to Setting chamber_heater4 Heater Temp to 0 for chamber setpoint of 0 with timeout of 5s...
10-10-2024 20:44:32 - INFO - Setting chamber_heater4 Heater Temp to 0 for chamber setpoint of 0 request successfully sent.
10-10-2024 20:44:32 - INFO - Response from moonraker: {'result': 'ok'}
10-10-2024 20:44:32 - INFO - Setting chamber_heater4 Heater Temp to 0 for chamber setpoint of 0 Request successfully executed.
10-10-2024 20:44:32 - INFO - Sending request to Setting chamber_heater5 Heater Temp to 0 for chamber setpoint of 0 with timeout of 5s...
10-10-2024 20:44:32 - INFO - Setting chamber_heater5 Heater Temp to 0 for chamber setpoint of 0 request successfully sent.
10-10-2024 20:44:32 - INFO - Response from moonraker: {'result': 'ok'}
10-10-2024 20:44:32 - INFO - Setting chamber_heater5 Heater Temp to 0 for chamber setpoint of 0 Request successfully executed.
10-10-2024 20:44:32 - INFO - Sending request to Setting chamber_heater6 Heater Temp to 0 for chamber setpoint of 0 with timeout of 5s...
10-10-2024 20:44:32 - INFO - Setting chamber_heater6 Heater Temp to 0 for chamber setpoint of 0 request successfully sent.
10-10-2024 20:44:32 - INFO - Response from moonraker: {'result': 'ok'}
10-10-2024 20:44:32 - INFO - Setting chamber_heater6 Heater Temp to 0 for chamber setpoint of 0 Request successfully executed.
10-10-2024 20:44:32 - INFO - Sending request to Setting chamber_heater7 Heater Temp to 0 for chamber setpoint of 0 with timeout of 5s...
10-10-2024 20:44:32 - INFO - Setting chamber_heater7 Heater Temp to 0 for chamber setpoint of 0 request successfully sent.
10-10-2024 20:44:32 - INFO - Response from moonraker: {'result': 'ok'}
10-10-2024 20:44:32 - INFO - Setting chamber_heater7 Heater Temp to 0 for chamber setpoint of 0 Request successfully executed.
10-10-2024 20:44:32 - INFO - Sending request to Setting chamber_heater11 Heater Temp to 0 for chamber setpoint of 0 with timeout of 5s...
10-10-2024 20:44:32 - INFO - Setting chamber_heater11 Heater Temp to 0 for chamber setpoint of 0 request successfully sent.
10-10-2024 20:44:32 - INFO - Response from moonraker: {'result': 'ok'}
10-10-2024 20:44:32 - INFO - Setting chamber_heater11 Heater Temp to 0 for chamber setpoint of 0 Request successfully executed.
10-10-2024 20:44:32 - INFO - Sending request to Setting chamber_heater12 Heater Temp to 0 for chamber setpoint of 0 with timeout of 5s...
10-10-2024 20:44:32 - INFO - Setting chamber_heater12 Heater Temp to 0 for chamber setpoint of 0 request successfully sent.
10-10-2024 20:44:32 - INFO - Response from moonraker: {'result': 'ok'}
10-10-2024 20:44:32 - INFO - Setting chamber_heater12 Heater Temp to 0 for chamber setpoint of 0 Request successfully executed.
10-10-2024 20:44:32 - INFO - Sending request to Setting chamber_heater2 Heater Temp to 0 for chamber setpoint of 0 with timeout of 5s...
10-10-2024 20:44:32 - INFO - Setting chamber_heater2 Heater Temp to 0 for chamber setpoint of 0 request successfully sent.
10-10-2024 20:44:32 - INFO - Response from moonraker: {'result': 'ok'}
10-10-2024 20:44:32 - INFO - Setting chamber_heater2 Heater Temp to 0 for chamber setpoint of 0 Request successfully executed.
10-10-2024 20:44:32 - INFO - Sending request to Setting chamber_heater3 Heater Temp to 0 for chamber setpoint of 0 with timeout of 5s...
10-10-2024 20:44:32 - INFO - Setting chamber_heater3 Heater Temp to 0 for chamber setpoint of 0 request successfully sent.
10-10-2024 20:44:32 - INFO - Response from moonraker: {'result': 'ok'}
10-10-2024 20:44:32 - INFO - Setting chamber_heater3 Heater Temp to 0 for chamber setpoint of 0 Request successfully executed.
10-10-2024 20:44:32 - INFO - Sending request to Setting chamber_heater4 Heater Temp to 0 for chamber setpoint of 0 with timeout of 5s...
10-10-2024 20:44:32 - INFO - Setting chamber_heater4 Heater Temp to 0 for chamber setpoint of 0 request successfully sent.
10-10-2024 20:44:32 - INFO - Response from moonraker: {'result': 'ok'}
10-10-2024 20:44:32 - INFO - Setting chamber_heater4 Heater Temp to 0 for chamber setpoint of 0 Request successfully executed.
10-10-2024 20:44:32 - INFO - Sending request to Setting chamber_heater5 Heater Temp to 0 for chamber setpoint of 0 with timeout of 5s...
10-10-2024 20:44:32 - INFO - Setting chamber_heater5 Heater Temp to 0 for chamber setpoint of 0 request successfully sent.
10-10-2024 20:44:32 - INFO - Response from moonraker: {'result': 'ok'}
10-10-2024 20:44:32 - INFO - Setting chamber_heater5 Heater Temp to 0 for chamber setpoint of 0 Request successfully executed.
10-10-2024 20:44:32 - INFO - Sending request to Setting chamber_heater6 Heater Temp to 0 for chamber setpoint of 0 with timeout of 5s...
10-10-2024 20:44:32 - INFO - Setting chamber_heater6 Heater Temp to 0 for chamber setpoint of 0 request successfully sent.
10-10-2024 20:44:32 - INFO - Response from moonraker: {'result': 'ok'}
10-10-2024 20:44:32 - INFO - Setting chamber_heater6 Heater Temp to 0 for chamber setpoint of 0 Request successfully executed.
10-10-2024 20:44:32 - INFO - Sending request to Setting chamber_heater7 Heater Temp to 0 for chamber setpoint of 0 with timeout of 5s...
10-10-2024 20:44:32 - INFO - Setting chamber_heater7 Heater Temp to 0 for chamber setpoint of 0 request successfully sent.
10-10-2024 20:44:32 - INFO - Response from moonraker: {'result': 'ok'}
10-10-2024 20:44:32 - INFO - Setting chamber_heater7 Heater Temp to 0 for chamber setpoint of 0 Request successfully executed.
10-10-2024 20:44:32 - INFO - Sending request to Setting chamber_heater11 Heater Temp to 0 for chamber setpoint of 0 with timeout of 5s...
10-10-2024 20:44:32 - INFO - Setting chamber_heater11 Heater Temp to 0 for chamber setpoint of 0 request successfully sent.
10-10-2024 20:44:32 - INFO - Response from moonraker: {'result': 'ok'}
10-10-2024 20:44:32 - INFO - Setting chamber_heater11 Heater Temp to 0 for chamber setpoint of 0 Request successfully executed.
10-10-2024 20:44:32 - INFO - Sending request to Setting chamber_heater12 Heater Temp to 0 for chamber setpoint of 0 with timeout of 5s...
10-10-2024 20:44:32 - INFO - Setting chamber_heater12 Heater Temp to 0 for chamber setpoint of 0 request successfully sent.
10-10-2024 20:44:32 - INFO - Response from moonraker: {'result': 'ok'}
10-10-2024 20:44:32 - INFO - Setting chamber_heater12 Heater Temp to 0 for chamber setpoint of 0 Request successfully executed.
10-10-2024 20:44:38 - INFO - Sending request to Setting chamber_heater2 Heater Temp to 353.29580000000004 for chamber setpoint of 134.0 with timeout of 5s...
10-10-2024 20:44:38 - INFO - Setting chamber_heater2 Heater Temp to 353.29580000000004 for chamber setpoint of 134.0 request successfully sent.
10-10-2024 20:44:38 - INFO - Response from moonraker: {'result': 'ok'}
10-10-2024 20:44:38 - INFO - Setting chamber_heater2 Heater Temp to 353.29580000000004 for chamber setpoint of 134.0 Request successfully executed.
10-10-2024 20:44:38 - INFO - Sending request to Setting chamber_heater3 Heater Temp to 353.29580000000004 for chamber setpoint of 134.0 with timeout of 5s...
10-10-2024 20:44:38 - INFO - Setting chamber_heater3 Heater Temp to 353.29580000000004 for chamber setpoint of 134.0 request successfully sent.
10-10-2024 20:44:38 - INFO - Response from moonraker: {'result': 'ok'}
10-10-2024 20:44:38 - INFO - Setting chamber_heater3 Heater Temp to 353.29580000000004 for chamber setpoint of 134.0 Request successfully executed.
10-10-2024 20:44:38 - INFO - Sending request to Setting chamber_heater4 Heater Temp to 353.29580000000004 for chamber setpoint of 134.0 with timeout of 5s...
10-10-2024 20:44:38 - INFO - Setting chamber_heater4 Heater Temp to 353.29580000000004 for chamber setpoint of 134.0 request successfully sent.
10-10-2024 20:44:38 - INFO - Response from moonraker: {'result': 'ok'}
10-10-2024 20:44:38 - INFO - Setting chamber_heater4 Heater Temp to 353.29580000000004 for chamber setpoint of 134.0 Request successfully executed.
10-10-2024 20:44:38 - INFO - Sending request to Setting chamber_heater5 Heater Temp to 318.9011 for chamber setpoint of 134.0 with timeout of 5s...
10-10-2024 20:44:38 - INFO - Setting chamber_heater5 Heater Temp to 318.9011 for chamber setpoint of 134.0 request successfully sent.
10-10-2024 20:44:38 - INFO - Response from moonraker: {'result': 'ok'}
10-10-2024 20:44:38 - INFO - Setting chamber_heater5 Heater Temp to 318.9011 for chamber setpoint of 134.0 Request successfully executed.
10-10-2024 20:44:38 - INFO - Sending request to Setting chamber_heater6 Heater Temp to 318.9011 for chamber setpoint of 134.0 with timeout of 5s...
10-10-2024 20:44:38 - INFO - Setting chamber_heater6 Heater Temp to 318.9011 for chamber setpoint of 134.0 request successfully sent.
10-10-2024 20:44:38 - INFO - Response from moonraker: {'result': 'ok'}
10-10-2024 20:44:38 - INFO - Setting chamber_heater6 Heater Temp to 318.9011 for chamber setpoint of 134.0 Request successfully executed.
10-10-2024 20:44:38 - INFO - Sending request to Setting chamber_heater7 Heater Temp to 318.9011 for chamber setpoint of 134.0 with timeout of 5s...
10-10-2024 20:44:38 - INFO - Setting chamber_heater7 Heater Temp to 318.9011 for chamber setpoint of 134.0 request successfully sent.
10-10-2024 20:44:38 - INFO - Response from moonraker: {'result': 'ok'}
10-10-2024 20:44:38 - INFO - Setting chamber_heater7 Heater Temp to 318.9011 for chamber setpoint of 134.0 Request successfully executed.
10-10-2024 20:44:38 - INFO - Sending request to Setting chamber_heater11 Heater Temp to 318.9011 for chamber setpoint of 134.0 with timeout of 5s...
10-10-2024 20:44:38 - INFO - Setting chamber_heater11 Heater Temp to 318.9011 for chamber setpoint of 134.0 request successfully sent.
10-10-2024 20:44:38 - INFO - Response from moonraker: {'result': 'ok'}
10-10-2024 20:44:38 - INFO - Setting chamber_heater11 Heater Temp to 318.9011 for chamber setpoint of 134.0 Request successfully executed.
10-10-2024 20:44:38 - INFO - Sending request to Setting chamber_heater12 Heater Temp to 318.9011 for chamber setpoint of 134.0 with timeout of 5s...
10-10-2024 20:44:38 - INFO - Setting chamber_heater12 Heater Temp to 318.9011 for chamber setpoint of 134.0 request successfully sent.
10-10-2024 20:44:38 - INFO - Response from moonraker: {'result': 'ok'}
10-10-2024 20:44:38 - INFO - Setting chamber_heater12 Heater Temp to 318.9011 for chamber setpoint of 134.0 Request successfully executed.
10-10-2024 20:44:40 - INFO - Sending request to Setting chamber_heater2 Heater Temp to 0 for chamber setpoint of 0 with timeout of 5s...
10-10-2024 20:44:40 - INFO - Setting chamber_heater2 Heater Temp to 0 for chamber setpoint of 0 request successfully sent.
10-10-2024 20:44:40 - INFO - Response from moonraker: {'result': 'ok'}
10-10-2024 20:44:40 - INFO - Setting chamber_heater2 Heater Temp to 0 for chamber setpoint of 0 Request successfully executed.
10-10-2024 20:44:40 - INFO - Sending request to Setting chamber_heater3 Heater Temp to 0 for chamber setpoint of 0 with timeout of 5s...
10-10-2024 20:44:40 - INFO - Setting chamber_heater3 Heater Temp to 0 for chamber setpoint of 0 request successfully sent.
10-10-2024 20:44:40 - INFO - Response from moonraker: {'result': 'ok'}
10-10-2024 20:44:40 - INFO - Setting chamber_heater3 Heater Temp to 0 for chamber setpoint of 0 Request successfully executed.
10-10-2024 20:44:40 - INFO - Sending request to Setting chamber_heater4 Heater Temp to 0 for chamber setpoint of 0 with timeout of 5s...
10-10-2024 20:44:40 - INFO - Setting chamber_heater4 Heater Temp to 0 for chamber setpoint of 0 request successfully sent.
10-10-2024 20:44:40 - INFO - Response from moonraker: {'result': 'ok'}
10-10-2024 20:44:40 - INFO - Setting chamber_heater4 Heater Temp to 0 for chamber setpoint of 0 Request successfully executed.
10-10-2024 20:44:40 - INFO - Sending request to Setting chamber_heater5 Heater Temp to 0 for chamber setpoint of 0 with timeout of 5s...
10-10-2024 20:44:40 - INFO - Setting chamber_heater5 Heater Temp to 0 for chamber setpoint of 0 request successfully sent.
10-10-2024 20:44:40 - INFO - Response from moonraker: {'result': 'ok'}
10-10-2024 20:44:40 - INFO - Setting chamber_heater5 Heater Temp to 0 for chamber setpoint of 0 Request successfully executed.
10-10-2024 20:44:41 - INFO - Sending request to Setting chamber_heater6 Heater Temp to 0 for chamber setpoint of 0 with timeout of 5s...
10-10-2024 20:44:41 - INFO - Setting chamber_heater6 Heater Temp to 0 for chamber setpoint of 0 request successfully sent.
10-10-2024 20:44:41 - INFO - Response from moonraker: {'result': 'ok'}
10-10-2024 20:44:41 - INFO - Setting chamber_heater6 Heater Temp to 0 for chamber setpoint of 0 Request successfully executed.
10-10-2024 20:44:41 - INFO - Sending request to Setting chamber_heater7 Heater Temp to 0 for chamber setpoint of 0 with timeout of 5s...
10-10-2024 20:44:41 - INFO - Setting chamber_heater7 Heater Temp to 0 for chamber setpoint of 0 request successfully sent.
10-10-2024 20:44:41 - INFO - Response from moonraker: {'result': 'ok'}
10-10-2024 20:44:41 - INFO - Setting chamber_heater7 Heater Temp to 0 for chamber setpoint of 0 Request successfully executed.
10-10-2024 20:44:41 - INFO - Sending request to Setting chamber_heater11 Heater Temp to 0 for chamber setpoint of 0 with timeout of 5s...
10-10-2024 20:44:41 - INFO - Setting chamber_heater11 Heater Temp to 0 for chamber setpoint of 0 request successfully sent.
10-10-2024 20:44:41 - INFO - Response from moonraker: {'result': 'ok'}
10-10-2024 20:44:41 - INFO - Setting chamber_heater11 Heater Temp to 0 for chamber setpoint of 0 Request successfully executed.
10-10-2024 20:44:41 - INFO - Sending request to Setting chamber_heater12 Heater Temp to 0 for chamber setpoint of 0 with timeout of 5s...
10-10-2024 20:44:41 - INFO - Setting chamber_heater12 Heater Temp to 0 for chamber setpoint of 0 request successfully sent.
10-10-2024 20:44:41 - INFO - Response from moonraker: {'result': 'ok'}
10-10-2024 20:44:41 - INFO - Setting chamber_heater12 Heater Temp to 0 for chamber setpoint of 0 Request successfully executed.
10-10-2024 20:44:41 - INFO - Sending request to Setting chamber_heater2 Heater Temp to 0 for chamber setpoint of 0 with timeout of 5s...
10-10-2024 20:44:41 - INFO - Setting chamber_heater2 Heater Temp to 0 for chamber setpoint of 0 request successfully sent.
10-10-2024 20:44:41 - INFO - Response from moonraker: {'result': 'ok'}
10-10-2024 20:44:41 - INFO - Setting chamber_heater2 Heater Temp to 0 for chamber setpoint of 0 Request successfully executed.
10-10-2024 20:44:41 - INFO - Sending request to Setting chamber_heater3 Heater Temp to 0 for chamber setpoint of 0 with timeout of 5s...
10-10-2024 20:44:41 - INFO - Setting chamber_heater3 Heater Temp to 0 for chamber setpoint of 0 request successfully sent.
10-10-2024 20:44:41 - INFO - Response from moonraker: {'result': 'ok'}
10-10-2024 20:44:41 - INFO - Setting chamber_heater3 Heater Temp to 0 for chamber setpoint of 0 Request successfully executed.
10-10-2024 20:44:41 - INFO - Sending request to Setting chamber_heater4 Heater Temp to 0 for chamber setpoint of 0 with timeout of 5s...
10-10-2024 20:44:41 - INFO - Setting chamber_heater4 Heater Temp to 0 for chamber setpoint of 0 request successfully sent.
10-10-2024 20:44:41 - INFO - Response from moonraker: {'result': 'ok'}
10-10-2024 20:44:41 - INFO - Setting chamber_heater4 Heater Temp to 0 for chamber setpoint of 0 Request successfully executed.
10-10-2024 20:44:41 - INFO - Sending request to Setting chamber_heater5 Heater Temp to 0 for chamber setpoint of 0 with timeout of 5s...
10-10-2024 20:44:41 - INFO - Setting chamber_heater5 Heater Temp to 0 for chamber setpoint of 0 request successfully sent.
10-10-2024 20:44:41 - INFO - Response from moonraker: {'result': 'ok'}
10-10-2024 20:44:41 - INFO - Setting chamber_heater5 Heater Temp to 0 for chamber setpoint of 0 Request successfully executed.
10-10-2024 20:44:41 - INFO - Sending request to Setting chamber_heater6 Heater Temp to 0 for chamber setpoint of 0 with timeout of 5s...
10-10-2024 20:44:41 - INFO - Setting chamber_heater6 Heater Temp to 0 for chamber setpoint of 0 request successfully sent.
10-10-2024 20:44:41 - INFO - Response from moonraker: {'result': 'ok'}
10-10-2024 20:44:41 - INFO - Setting chamber_heater6 Heater Temp to 0 for chamber setpoint of 0 Request successfully executed.
10-10-2024 20:44:41 - INFO - Sending request to Setting chamber_heater7 Heater Temp to 0 for chamber setpoint of 0 with timeout of 5s...
10-10-2024 20:44:41 - INFO - Setting chamber_heater7 Heater Temp to 0 for chamber setpoint of 0 request successfully sent.
10-10-2024 20:44:41 - INFO - Response from moonraker: {'result': 'ok'}
10-10-2024 20:44:41 - INFO - Setting chamber_heater7 Heater Temp to 0 for chamber setpoint of 0 Request successfully executed.
10-10-2024 20:44:41 - INFO - Sending request to Setting chamber_heater11 Heater Temp to 0 for chamber setpoint of 0 with timeout of 5s...
10-10-2024 20:44:41 - INFO - Setting chamber_heater11 Heater Temp to 0 for chamber setpoint of 0 request successfully sent.
10-10-2024 20:44:41 - INFO - Response from moonraker: {'result': 'ok'}
10-10-2024 20:44:41 - INFO - Setting chamber_heater11 Heater Temp to 0 for chamber setpoint of 0 Request successfully executed.
10-10-2024 20:44:41 - INFO - Sending request to Setting chamber_heater12 Heater Temp to 0 for chamber setpoint of 0 with timeout of 5s...
10-10-2024 20:44:41 - INFO - Setting chamber_heater12 Heater Temp to 0 for chamber setpoint of 0 request successfully sent.
10-10-2024 20:44:41 - INFO - Response from moonraker: {'result': 'ok'}
10-10-2024 20:44:41 - INFO - Setting chamber_heater12 Heater Temp to 0 for chamber setpoint of 0 Request successfully executed.
10-10-2024 20:44:41 - INFO - Sending request to Setting chamber_heater2 Heater Temp to 0 for chamber setpoint of 0 with timeout of 5s...
10-10-2024 20:44:41 - INFO - Setting chamber_heater2 Heater Temp to 0 for chamber setpoint of 0 request successfully sent.
10-10-2024 20:44:41 - INFO - Response from moonraker: {'result': 'ok'}
10-10-2024 20:44:41 - INFO - Setting chamber_heater2 Heater Temp to 0 for chamber setpoint of 0 Request successfully executed.
10-10-2024 20:44:41 - INFO - Sending request to Setting chamber_heater3 Heater Temp to 0 for chamber setpoint of 0 with timeout of 5s...
10-10-2024 20:44:41 - INFO - Setting chamber_heater3 Heater Temp to 0 for chamber setpoint of 0 request successfully sent.
10-10-2024 20:44:41 - INFO - Response from moonraker: {'result': 'ok'}
10-10-2024 20:44:41 - INFO - Setting chamber_heater3 Heater Temp to 0 for chamber setpoint of 0 Request successfully executed.
10-10-2024 20:44:41 - INFO - Sending request to Setting chamber_heater4 Heater Temp to 0 for chamber setpoint of 0 with timeout of 5s...
10-10-2024 20:44:41 - INFO - Setting chamber_heater4 Heater Temp to 0 for chamber setpoint of 0 request successfully sent.
10-10-2024 20:44:41 - INFO - Response from moonraker: {'result': 'ok'}
10-10-2024 20:44:41 - INFO - Setting chamber_heater4 Heater Temp to 0 for chamber setpoint of 0 Request successfully executed.
10-10-2024 20:44:41 - INFO - Sending request to Setting chamber_heater5 Heater Temp to 0 for chamber setpoint of 0 with timeout of 5s...
10-10-2024 20:44:41 - INFO - Setting chamber_heater5 Heater Temp to 0 for chamber setpoint of 0 request successfully sent.
10-10-2024 20:44:41 - INFO - Response from moonraker: {'result': 'ok'}
10-10-2024 20:44:41 - INFO - Setting chamber_heater5 Heater Temp to 0 for chamber setpoint of 0 Request successfully executed.
10-10-2024 20:44:41 - INFO - Sending request to Setting chamber_heater6 Heater Temp to 0 for chamber setpoint of 0 with timeout of 5s...
10-10-2024 20:44:41 - INFO - Setting chamber_heater6 Heater Temp to 0 for chamber setpoint of 0 request successfully sent.
10-10-2024 20:44:41 - INFO - Response from moonraker: {'result': 'ok'}
10-10-2024 20:44:41 - INFO - Setting chamber_heater6 Heater Temp to 0 for chamber setpoint of 0 Request successfully executed.
10-10-2024 20:44:41 - INFO - Sending request to Setting chamber_heater7 Heater Temp to 0 for chamber setpoint of 0 with timeout of 5s...
10-10-2024 20:44:41 - INFO - Setting chamber_heater7 Heater Temp to 0 for chamber setpoint of 0 request successfully sent.
10-10-2024 20:44:41 - INFO - Response from moonraker: {'result': 'ok'}
10-10-2024 20:44:41 - INFO - Setting chamber_heater7 Heater Temp to 0 for chamber setpoint of 0 Request successfully executed.
10-10-2024 20:44:41 - INFO - Sending request to Setting chamber_heater11 Heater Temp to 0 for chamber setpoint of 0 with timeout of 5s...
10-10-2024 20:44:41 - INFO - Setting chamber_heater11 Heater Temp to 0 for chamber setpoint of 0 request successfully sent.
10-10-2024 20:44:41 - INFO - Response from moonraker: {'result': 'ok'}
10-10-2024 20:44:41 - INFO - Setting chamber_heater11 Heater Temp to 0 for chamber setpoint of 0 Request successfully executed.
10-10-2024 20:44:41 - INFO - Sending request to Setting chamber_heater12 Heater Temp to 0 for chamber setpoint of 0 with timeout of 5s...
10-10-2024 20:44:41 - INFO - Setting chamber_heater12 Heater Temp to 0 for chamber setpoint of 0 request successfully sent.
10-10-2024 20:44:41 - INFO - Response from moonraker: {'result': 'ok'}
10-10-2024 20:44:41 - INFO - Setting chamber_heater12 Heater Temp to 0 for chamber setpoint of 0 Request successfully executed.
10-10-2024 20:44:41 - INFO - Sending request to Setting chamber_heater2 Heater Temp to 0 for chamber setpoint of 0 with timeout of 5s...
10-10-2024 20:44:41 - INFO - Setting chamber_heater2 Heater Temp to 0 for chamber setpoint of 0 request successfully sent.
10-10-2024 20:44:41 - INFO - Response from moonraker: {'result': 'ok'}
10-10-2024 20:44:41 - INFO - Setting chamber_heater2 Heater Temp to 0 for chamber setpoint of 0 Request successfully executed.
10-10-2024 20:44:41 - INFO - Sending request to Setting chamber_heater3 Heater Temp to 0 for chamber setpoint of 0 with timeout of 5s...
10-10-2024 20:44:41 - INFO - Setting chamber_heater3 Heater Temp to 0 for chamber setpoint of 0 request successfully sent.
10-10-2024 20:44:41 - INFO - Response from moonraker: {'result': 'ok'}
10-10-2024 20:44:41 - INFO - Setting chamber_heater3 Heater Temp to 0 for chamber setpoint of 0 Request successfully executed.
10-10-2024 20:44:41 - INFO - Sending request to Setting chamber_heater4 Heater Temp to 0 for chamber setpoint of 0 with timeout of 5s...
10-10-2024 20:44:41 - INFO - Setting chamber_heater4 Heater Temp to 0 for chamber setpoint of 0 request successfully sent.
10-10-2024 20:44:41 - INFO - Response from moonraker: {'result': 'ok'}
10-10-2024 20:44:41 - INFO - Setting chamber_heater4 Heater Temp to 0 for chamber setpoint of 0 Request successfully executed.
10-10-2024 20:44:41 - INFO - Sending request to Setting chamber_heater5 Heater Temp to 0 for chamber setpoint of 0 with timeout of 5s...
10-10-2024 20:44:42 - INFO - Setting chamber_heater5 Heater Temp to 0 for chamber setpoint of 0 request successfully sent.
10-10-2024 20:44:42 - INFO - Response from moonraker: {'result': 'ok'}
10-10-2024 20:44:42 - INFO - Setting chamber_heater5 Heater Temp to 0 for chamber setpoint of 0 Request successfully executed.
10-10-2024 20:44:42 - INFO - Sending request to Setting chamber_heater6 Heater Temp to 0 for chamber setpoint of 0 with timeout of 5s...
10-10-2024 20:44:42 - INFO - Setting chamber_heater6 Heater Temp to 0 for chamber setpoint of 0 request successfully sent.
10-10-2024 20:44:42 - INFO - Response from moonraker: {'result': 'ok'}
10-10-2024 20:44:42 - INFO - Setting chamber_heater6 Heater Temp to 0 for chamber setpoint of 0 Request successfully executed.
10-10-2024 20:44:42 - INFO - Sending request to Setting chamber_heater7 Heater Temp to 0 for chamber setpoint of 0 with timeout of 5s...
10-10-2024 20:44:42 - INFO - Setting chamber_heater7 Heater Temp to 0 for chamber setpoint of 0 request successfully sent.
10-10-2024 20:44:42 - INFO - Response from moonraker: {'result': 'ok'}
10-10-2024 20:44:42 - INFO - Setting chamber_heater7 Heater Temp to 0 for chamber setpoint of 0 Request successfully executed.
10-10-2024 20:44:42 - INFO - Sending request to Setting chamber_heater11 Heater Temp to 0 for chamber setpoint of 0 with timeout of 5s...
10-10-2024 20:44:42 - INFO - Setting chamber_heater11 Heater Temp to 0 for chamber setpoint of 0 request successfully sent.
10-10-2024 20:44:42 - INFO - Response from moonraker: {'result': 'ok'}
10-10-2024 20:44:42 - INFO - Setting chamber_heater11 Heater Temp to 0 for chamber setpoint of 0 Request successfully executed.
10-10-2024 20:44:42 - INFO - Sending request to Setting chamber_heater12 Heater Temp to 0 for chamber setpoint of 0 with timeout of 5s...
10-10-2024 20:44:42 - INFO - Setting chamber_heater12 Heater Temp to 0 for chamber setpoint of 0 request successfully sent.
10-10-2024 20:44:42 - INFO - Response from moonraker: {'result': 'ok'}
10-10-2024 20:44:42 - INFO - Setting chamber_heater12 Heater Temp to 0 for chamber setpoint of 0 Request successfully executed.
10-10-2024 20:44:42 - INFO - Sending request to Setting chamber_heater2 Heater Temp to 0 for chamber setpoint of 0 with timeout of 5s...
10-10-2024 20:44:42 - INFO - Setting chamber_heater2 Heater Temp to 0 for chamber setpoint of 0 request successfully sent.
10-10-2024 20:44:42 - INFO - Response from moonraker: {'result': 'ok'}
10-10-2024 20:44:42 - INFO - Setting chamber_heater2 Heater Temp to 0 for chamber setpoint of 0 Request successfully executed.
10-10-2024 20:44:42 - INFO - Sending request to Setting chamber_heater3 Heater Temp to 0 for chamber setpoint of 0 with timeout of 5s...
10-10-2024 20:44:42 - INFO - Setting chamber_heater3 Heater Temp to 0 for chamber setpoint of 0 request successfully sent.
10-10-2024 20:44:42 - INFO - Response from moonraker: {'result': 'ok'}
10-10-2024 20:44:42 - INFO - Setting chamber_heater3 Heater Temp to 0 for chamber setpoint of 0 Request successfully executed.
10-10-2024 20:44:42 - INFO - Sending request to Setting chamber_heater4 Heater Temp to 0 for chamber setpoint of 0 with timeout of 5s...
10-10-2024 20:44:42 - INFO - Setting chamber_heater4 Heater Temp to 0 for chamber setpoint of 0 request successfully sent.
10-10-2024 20:44:42 - INFO - Response from moonraker: {'result': 'ok'}
10-10-2024 20:44:42 - INFO - Setting chamber_heater4 Heater Temp to 0 for chamber setpoint of 0 Request successfully executed.
10-10-2024 20:44:42 - INFO - Sending request to Setting chamber_heater5 Heater Temp to 0 for chamber setpoint of 0 with timeout of 5s...
10-10-2024 20:44:42 - INFO - Setting chamber_heater5 Heater Temp to 0 for chamber setpoint of 0 request successfully sent.
10-10-2024 20:44:42 - INFO - Response from moonraker: {'result': 'ok'}
10-10-2024 20:44:42 - INFO - Setting chamber_heater5 Heater Temp to 0 for chamber setpoint of 0 Request successfully executed.
10-10-2024 20:44:42 - INFO - Sending request to Setting chamber_heater6 Heater Temp to 0 for chamber setpoint of 0 with timeout of 5s...
10-10-2024 20:44:42 - INFO - Setting chamber_heater6 Heater Temp to 0 for chamber setpoint of 0 request successfully sent.
10-10-2024 20:44:42 - INFO - Response from moonraker: {'result': 'ok'}
10-10-2024 20:44:42 - INFO - Setting chamber_heater6 Heater Temp to 0 for chamber setpoint of 0 Request successfully executed.
10-10-2024 20:44:42 - INFO - Sending request to Setting chamber_heater7 Heater Temp to 0 for chamber setpoint of 0 with timeout of 5s...
10-10-2024 20:44:42 - INFO - Setting chamber_heater7 Heater Temp to 0 for chamber setpoint of 0 request successfully sent.
10-10-2024 20:44:42 - INFO - Response from moonraker: {'result': 'ok'}
10-10-2024 20:44:42 - INFO - Setting chamber_heater7 Heater Temp to 0 for chamber setpoint of 0 Request successfully executed.
10-10-2024 20:44:42 - INFO - Sending request to Setting chamber_heater11 Heater Temp to 0 for chamber setpoint of 0 with timeout of 5s...
10-10-2024 20:44:42 - INFO - Setting chamber_heater11 Heater Temp to 0 for chamber setpoint of 0 request successfully sent.
10-10-2024 20:44:42 - INFO - Response from moonraker: {'result': 'ok'}
10-10-2024 20:44:42 - INFO - Setting chamber_heater11 Heater Temp to 0 for chamber setpoint of 0 Request successfully executed.
10-10-2024 20:44:42 - INFO - Sending request to Setting chamber_heater12 Heater Temp to 0 for chamber setpoint of 0 with timeout of 5s...
10-10-2024 20:44:42 - INFO - Setting chamber_heater12 Heater Temp to 0 for chamber setpoint of 0 request successfully sent.
10-10-2024 20:44:42 - INFO - Response from moonraker: {'result': 'ok'}
10-10-2024 20:44:42 - INFO - Setting chamber_heater12 Heater Temp to 0 for chamber setpoint of 0 Request successfully executed.
10-10-2024 20:44:42 - INFO - Sending request to Setting chamber_heater2 Heater Temp to 0 for chamber setpoint of 0 with timeout of 5s...
10-10-2024 20:44:42 - INFO - Setting chamber_heater2 Heater Temp to 0 for chamber setpoint of 0 request successfully sent.
10-10-2024 20:44:42 - INFO - Response from moonraker: {'result': 'ok'}
10-10-2024 20:44:42 - INFO - Setting chamber_heater2 Heater Temp to 0 for chamber setpoint of 0 Request successfully executed.
10-10-2024 20:44:42 - INFO - Sending request to Setting chamber_heater3 Heater Temp to 0 for chamber setpoint of 0 with timeout of 5s...
10-10-2024 20:44:42 - INFO - Setting chamber_heater3 Heater Temp to 0 for chamber setpoint of 0 request successfully sent.
10-10-2024 20:44:42 - INFO - Response from moonraker: {'result': 'ok'}
10-10-2024 20:44:42 - INFO - Setting chamber_heater3 Heater Temp to 0 for chamber setpoint of 0 Request successfully executed.
10-10-2024 20:44:42 - INFO - Sending request to Setting chamber_heater4 Heater Temp to 0 for chamber setpoint of 0 with timeout of 5s...
10-10-2024 20:44:42 - INFO - Setting chamber_heater4 Heater Temp to 0 for chamber setpoint of 0 request successfully sent.
10-10-2024 20:44:42 - INFO - Response from moonraker: {'result': 'ok'}
10-10-2024 20:44:42 - INFO - Setting chamber_heater4 Heater Temp to 0 for chamber setpoint of 0 Request successfully executed.
10-10-2024 20:44:42 - INFO - Sending request to Setting chamber_heater5 Heater Temp to 0 for chamber setpoint of 0 with timeout of 5s...
10-10-2024 20:44:42 - INFO - Setting chamber_heater5 Heater Temp to 0 for chamber setpoint of 0 request successfully sent.
10-10-2024 20:44:42 - INFO - Response from moonraker: {'result': 'ok'}
10-10-2024 20:44:42 - INFO - Setting chamber_heater5 Heater Temp to 0 for chamber setpoint of 0 Request successfully executed.
10-10-2024 20:44:42 - INFO - Sending request to Setting chamber_heater6 Heater Temp to 0 for chamber setpoint of 0 with timeout of 5s...
10-10-2024 20:44:43 - INFO - Setting chamber_heater6 Heater Temp to 0 for chamber setpoint of 0 request successfully sent.
10-10-2024 20:44:43 - INFO - Response from moonraker: {'result': 'ok'}
10-10-2024 20:44:43 - INFO - Setting chamber_heater6 Heater Temp to 0 for chamber setpoint of 0 Request successfully executed.
10-10-2024 20:44:43 - INFO - Sending request to Setting chamber_heater7 Heater Temp to 0 for chamber setpoint of 0 with timeout of 5s...
10-10-2024 20:44:43 - INFO - Setting chamber_heater7 Heater Temp to 0 for chamber setpoint of 0 request successfully sent.
10-10-2024 20:44:43 - INFO - Response from moonraker: {'result': 'ok'}
10-10-2024 20:44:43 - INFO - Setting chamber_heater7 Heater Temp to 0 for chamber setpoint of 0 Request successfully executed.
10-10-2024 20:44:43 - INFO - Sending request to Setting chamber_heater11 Heater Temp to 0 for chamber setpoint of 0 with timeout of 5s...
10-10-2024 20:44:43 - INFO - Setting chamber_heater11 Heater Temp to 0 for chamber setpoint of 0 request successfully sent.
10-10-2024 20:44:43 - INFO - Response from moonraker: {'result': 'ok'}
10-10-2024 20:44:43 - INFO - Setting chamber_heater11 Heater Temp to 0 for chamber setpoint of 0 Request successfully executed.
10-10-2024 20:44:43 - INFO - Sending request to Setting chamber_heater12 Heater Temp to 0 for chamber setpoint of 0 with timeout of 5s...
10-10-2024 20:44:43 - INFO - Setting chamber_heater12 Heater Temp to 0 for chamber setpoint of 0 request successfully sent.
10-10-2024 20:44:43 - INFO - Response from moonraker: {'result': 'ok'}
10-10-2024 20:44:43 - INFO - Setting chamber_heater12 Heater Temp to 0 for chamber setpoint of 0 Request successfully executed.
10-10-2024 20:44:43 - INFO - Sending request to Setting chamber_heater2 Heater Temp to 0 for chamber setpoint of 0 with timeout of 5s...
10-10-2024 20:44:43 - INFO - Setting chamber_heater2 Heater Temp to 0 for chamber setpoint of 0 request successfully sent.
10-10-2024 20:44:43 - INFO - Response from moonraker: {'result': 'ok'}
10-10-2024 20:44:43 - INFO - Setting chamber_heater2 Heater Temp to 0 for chamber setpoint of 0 Request successfully executed.
10-10-2024 20:44:43 - INFO - Sending request to Setting chamber_heater3 Heater Temp to 0 for chamber setpoint of 0 with timeout of 5s...
10-10-2024 20:44:43 - INFO - Setting chamber_heater3 Heater Temp to 0 for chamber setpoint of 0 request successfully sent.
10-10-2024 20:44:43 - INFO - Response from moonraker: {'result': 'ok'}
10-10-2024 20:44:43 - INFO - Setting chamber_heater3 Heater Temp to 0 for chamber setpoint of 0 Request successfully executed.
10-10-2024 20:44:43 - INFO - Sending request to Setting chamber_heater4 Heater Temp to 0 for chamber setpoint of 0 with timeout of 5s...
10-10-2024 20:44:43 - INFO - Setting chamber_heater4 Heater Temp to 0 for chamber setpoint of 0 request successfully sent.
10-10-2024 20:44:43 - INFO - Response from moonraker: {'result': 'ok'}
10-10-2024 20:44:43 - INFO - Setting chamber_heater4 Heater Temp to 0 for chamber setpoint of 0 Request successfully executed.
10-10-2024 20:44:43 - INFO - Sending request to Setting chamber_heater5 Heater Temp to 0 for chamber setpoint of 0 with timeout of 5s...
10-10-2024 20:44:43 - INFO - Setting chamber_heater5 Heater Temp to 0 for chamber setpoint of 0 request successfully sent.
10-10-2024 20:44:43 - INFO - Response from moonraker: {'result': 'ok'}
10-10-2024 20:44:43 - INFO - Setting chamber_heater5 Heater Temp to 0 for chamber setpoint of 0 Request successfully executed.
10-10-2024 20:44:43 - INFO - Sending request to Setting chamber_heater6 Heater Temp to 0 for chamber setpoint of 0 with timeout of 5s...
10-10-2024 20:44:43 - INFO - Setting chamber_heater6 Heater Temp to 0 for chamber setpoint of 0 request successfully sent.
10-10-2024 20:44:43 - INFO - Response from moonraker: {'result': 'ok'}
10-10-2024 20:44:43 - INFO - Setting chamber_heater6 Heater Temp to 0 for chamber setpoint of 0 Request successfully executed.
10-10-2024 20:44:43 - INFO - Sending request to Setting chamber_heater7 Heater Temp to 0 for chamber setpoint of 0 with timeout of 5s...
10-10-2024 20:44:43 - INFO - Setting chamber_heater7 Heater Temp to 0 for chamber setpoint of 0 request successfully sent.
10-10-2024 20:44:43 - INFO - Response from moonraker: {'result': 'ok'}
10-10-2024 20:44:43 - INFO - Setting chamber_heater7 Heater Temp to 0 for chamber setpoint of 0 Request successfully executed.
10-10-2024 20:44:43 - INFO - Sending request to Setting chamber_heater11 Heater Temp to 0 for chamber setpoint of 0 with timeout of 5s...
10-10-2024 20:44:43 - INFO - Setting chamber_heater11 Heater Temp to 0 for chamber setpoint of 0 request successfully sent.
10-10-2024 20:44:43 - INFO - Response from moonraker: {'result': 'ok'}
10-10-2024 20:44:43 - INFO - Setting chamber_heater11 Heater Temp to 0 for chamber setpoint of 0 Request successfully executed.
10-10-2024 20:44:43 - INFO - Sending request to Setting chamber_heater12 Heater Temp to 0 for chamber setpoint of 0 with timeout of 5s...
10-10-2024 20:44:43 - INFO - Setting chamber_heater12 Heater Temp to 0 for chamber setpoint of 0 request successfully sent.
10-10-2024 20:44:43 - INFO - Response from moonraker: {'result': 'ok'}
10-10-2024 20:44:43 - INFO - Setting chamber_heater12 Heater Temp to 0 for chamber setpoint of 0 Request successfully executed.
10-10-2024 20:44:43 - INFO - Sending request to Setting chamber_heater2 Heater Temp to 0 for chamber setpoint of 0 with timeout of 5s...
10-10-2024 20:44:43 - INFO - Setting chamber_heater2 Heater Temp to 0 for chamber setpoint of 0 request successfully sent.
10-10-2024 20:44:43 - INFO - Response from moonraker: {'result': 'ok'}
10-10-2024 20:44:43 - INFO - Setting chamber_heater2 Heater Temp to 0 for chamber setpoint of 0 Request successfully executed.
10-10-2024 20:44:43 - INFO - Sending request to Setting chamber_heater3 Heater Temp to 0 for chamber setpoint of 0 with timeout of 5s...
10-10-2024 20:44:43 - INFO - Setting chamber_heater3 Heater Temp to 0 for chamber setpoint of 0 request successfully sent.
10-10-2024 20:44:43 - INFO - Response from moonraker: {'result': 'ok'}
10-10-2024 20:44:43 - INFO - Setting chamber_heater3 Heater Temp to 0 for chamber setpoint of 0 Request successfully executed.
10-10-2024 20:44:43 - INFO - Sending request to Setting chamber_heater4 Heater Temp to 0 for chamber setpoint of 0 with timeout of 5s...
10-10-2024 20:44:43 - INFO - Setting chamber_heater4 Heater Temp to 0 for chamber setpoint of 0 request successfully sent.
10-10-2024 20:44:43 - INFO - Response from moonraker: {'result': 'ok'}
10-10-2024 20:44:43 - INFO - Setting chamber_heater4 Heater Temp to 0 for chamber setpoint of 0 Request successfully executed.
10-10-2024 20:44:43 - INFO - Sending request to Setting chamber_heater5 Heater Temp to 0 for chamber setpoint of 0 with timeout of 5s...
10-10-2024 20:44:43 - INFO - Setting chamber_heater5 Heater Temp to 0 for chamber setpoint of 0 request successfully sent.
10-10-2024 20:44:43 - INFO - Response from moonraker: {'result': 'ok'}
10-10-2024 20:44:43 - INFO - Setting chamber_heater5 Heater Temp to 0 for chamber setpoint of 0 Request successfully executed.
10-10-2024 20:44:43 - INFO - Sending request to Setting chamber_heater6 Heater Temp to 0 for chamber setpoint of 0 with timeout of 5s...
10-10-2024 20:44:43 - INFO - Setting chamber_heater6 Heater Temp to 0 for chamber setpoint of 0 request successfully sent.
10-10-2024 20:44:43 - INFO - Response from moonraker: {'result': 'ok'}
10-10-2024 20:44:43 - INFO - Setting chamber_heater6 Heater Temp to 0 for chamber setpoint of 0 Request successfully executed.
10-10-2024 20:44:43 - INFO - Sending request to Setting chamber_heater7 Heater Temp to 0 for chamber setpoint of 0 with timeout of 5s...
10-10-2024 20:44:43 - INFO - Setting chamber_heater7 Heater Temp to 0 for chamber setpoint of 0 request successfully sent.
10-10-2024 20:44:43 - INFO - Response from moonraker: {'result': 'ok'}
10-10-2024 20:44:43 - INFO - Setting chamber_heater7 Heater Temp to 0 for chamber setpoint of 0 Request successfully executed.
10-10-2024 20:44:44 - INFO - Sending request to Setting chamber_heater11 Heater Temp to 0 for chamber setpoint of 0 with timeout of 5s...
10-10-2024 20:44:44 - INFO - Setting chamber_heater11 Heater Temp to 0 for chamber setpoint of 0 request successfully sent.
10-10-2024 20:44:44 - INFO - Response from moonraker: {'result': 'ok'}
10-10-2024 20:44:44 - INFO - Setting chamber_heater11 Heater Temp to 0 for chamber setpoint of 0 Request successfully executed.
10-10-2024 20:44:44 - INFO - Sending request to Setting chamber_heater12 Heater Temp to 0 for chamber setpoint of 0 with timeout of 5s...
10-10-2024 20:44:44 - INFO - Setting chamber_heater12 Heater Temp to 0 for chamber setpoint of 0 request successfully sent.
10-10-2024 20:44:44 - INFO - Response from moonraker: {'result': 'ok'}
10-10-2024 20:44:44 - INFO - Setting chamber_heater12 Heater Temp to 0 for chamber setpoint of 0 Request successfully executed.
10-10-2024 20:44:44 - INFO - Sending request to Setting chamber_heater2 Heater Temp to 0 for chamber setpoint of 0 with timeout of 5s...
10-10-2024 20:44:44 - INFO - Setting chamber_heater2 Heater Temp to 0 for chamber setpoint of 0 request successfully sent.
10-10-2024 20:44:44 - INFO - Response from moonraker: {'result': 'ok'}
10-10-2024 20:44:44 - INFO - Setting chamber_heater2 Heater Temp to 0 for chamber setpoint of 0 Request successfully executed.
10-10-2024 20:44:44 - INFO - Sending request to Setting chamber_heater3 Heater Temp to 0 for chamber setpoint of 0 with timeout of 5s...
10-10-2024 20:44:44 - INFO - Setting chamber_heater3 Heater Temp to 0 for chamber setpoint of 0 request successfully sent.
10-10-2024 20:44:44 - INFO - Response from moonraker: {'result': 'ok'}
10-10-2024 20:44:44 - INFO - Setting chamber_heater3 Heater Temp to 0 for chamber setpoint of 0 Request successfully executed.
10-10-2024 20:44:44 - INFO - Sending request to Setting chamber_heater4 Heater Temp to 0 for chamber setpoint of 0 with timeout of 5s...
10-10-2024 20:44:44 - INFO - Setting chamber_heater4 Heater Temp to 0 for chamber setpoint of 0 request successfully sent.
10-10-2024 20:44:44 - INFO - Response from moonraker: {'result': 'ok'}
10-10-2024 20:44:44 - INFO - Setting chamber_heater4 Heater Temp to 0 for chamber setpoint of 0 Request successfully executed.
10-10-2024 20:44:44 - INFO - Sending request to Setting chamber_heater5 Heater Temp to 0 for chamber setpoint of 0 with timeout of 5s...
10-10-2024 20:44:44 - INFO - Setting chamber_heater5 Heater Temp to 0 for chamber setpoint of 0 request successfully sent.
10-10-2024 20:44:44 - INFO - Response from moonraker: {'result': 'ok'}
10-10-2024 20:44:44 - INFO - Setting chamber_heater5 Heater Temp to 0 for chamber setpoint of 0 Request successfully executed.
10-10-2024 20:44:44 - INFO - Sending request to Setting chamber_heater6 Heater Temp to 0 for chamber setpoint of 0 with timeout of 5s...
10-10-2024 20:44:44 - INFO - Setting chamber_heater6 Heater Temp to 0 for chamber setpoint of 0 request successfully sent.
10-10-2024 20:44:44 - INFO - Response from moonraker: {'result': 'ok'}
10-10-2024 20:44:44 - INFO - Setting chamber_heater6 Heater Temp to 0 for chamber setpoint of 0 Request successfully executed.
10-10-2024 20:44:44 - INFO - Sending request to Setting chamber_heater7 Heater Temp to 0 for chamber setpoint of 0 with timeout of 5s...
10-10-2024 20:44:44 - INFO - Setting chamber_heater7 Heater Temp to 0 for chamber setpoint of 0 request successfully sent.
10-10-2024 20:44:44 - INFO - Response from moonraker: {'result': 'ok'}
10-10-2024 20:44:44 - INFO - Setting chamber_heater7 Heater Temp to 0 for chamber setpoint of 0 Request successfully executed.
10-10-2024 20:44:44 - INFO - Sending request to Setting chamber_heater11 Heater Temp to 0 for chamber setpoint of 0 with timeout of 5s...
10-10-2024 20:44:44 - INFO - Setting chamber_heater11 Heater Temp to 0 for chamber setpoint of 0 request successfully sent.
10-10-2024 20:44:44 - INFO - Response from moonraker: {'result': 'ok'}
10-10-2024 20:44:44 - INFO - Setting chamber_heater11 Heater Temp to 0 for chamber setpoint of 0 Request successfully executed.
10-10-2024 20:44:44 - INFO - Sending request to Setting chamber_heater12 Heater Temp to 0 for chamber setpoint of 0 with timeout of 5s...
10-10-2024 20:44:44 - INFO - Setting chamber_heater12 Heater Temp to 0 for chamber setpoint of 0 request successfully sent.
10-10-2024 20:44:44 - INFO - Response from moonraker: {'result': 'ok'}
10-10-2024 20:44:44 - INFO - Setting chamber_heater12 Heater Temp to 0 for chamber setpoint of 0 Request successfully executed.
10-10-2024 20:44:44 - INFO - Sending request to Setting chamber_heater2 Heater Temp to 0 for chamber setpoint of 0 with timeout of 5s...
10-10-2024 20:44:44 - INFO - Setting chamber_heater2 Heater Temp to 0 for chamber setpoint of 0 request successfully sent.
10-10-2024 20:44:44 - INFO - Response from moonraker: {'result': 'ok'}
10-10-2024 20:44:44 - INFO - Setting chamber_heater2 Heater Temp to 0 for chamber setpoint of 0 Request successfully executed.
10-10-2024 20:44:44 - INFO - Sending request to Setting chamber_heater3 Heater Temp to 0 for chamber setpoint of 0 with timeout of 5s...
10-10-2024 20:44:44 - INFO - Setting chamber_heater3 Heater Temp to 0 for chamber setpoint of 0 request successfully sent.
10-10-2024 20:44:44 - INFO - Response from moonraker: {'result': 'ok'}
10-10-2024 20:44:44 - INFO - Setting chamber_heater3 Heater Temp to 0 for chamber setpoint of 0 Request successfully executed.
10-10-2024 20:44:44 - INFO - Sending request to Setting chamber_heater4 Heater Temp to 0 for chamber setpoint of 0 with timeout of 5s...
10-10-2024 20:44:44 - INFO - Setting chamber_heater4 Heater Temp to 0 for chamber setpoint of 0 request successfully sent.
10-10-2024 20:44:44 - INFO - Response from moonraker: {'result': 'ok'}
10-10-2024 20:44:44 - INFO - Setting chamber_heater4 Heater Temp to 0 for chamber setpoint of 0 Request successfully executed.
10-10-2024 20:44:44 - INFO - Sending request to Setting chamber_heater5 Heater Temp to 0 for chamber setpoint of 0 with timeout of 5s...
10-10-2024 20:44:44 - INFO - Setting chamber_heater5 Heater Temp to 0 for chamber setpoint of 0 request successfully sent.
10-10-2024 20:44:44 - INFO - Response from moonraker: {'result': 'ok'}
10-10-2024 20:44:44 - INFO - Setting chamber_heater5 Heater Temp to 0 for chamber setpoint of 0 Request successfully executed.
10-10-2024 20:44:44 - INFO - Sending request to Setting chamber_heater6 Heater Temp to 0 for chamber setpoint of 0 with timeout of 5s...
10-10-2024 20:44:44 - INFO - Setting chamber_heater6 Heater Temp to 0 for chamber setpoint of 0 request successfully sent.
10-10-2024 20:44:44 - INFO - Response from moonraker: {'result': 'ok'}
10-10-2024 20:44:44 - INFO - Setting chamber_heater6 Heater Temp to 0 for chamber setpoint of 0 Request successfully executed.
10-10-2024 20:44:44 - INFO - Sending request to Setting chamber_heater7 Heater Temp to 0 for chamber setpoint of 0 with timeout of 5s...
10-10-2024 20:44:44 - INFO - Setting chamber_heater7 Heater Temp to 0 for chamber setpoint of 0 request successfully sent.
10-10-2024 20:44:44 - INFO - Response from moonraker: {'result': 'ok'}
10-10-2024 20:44:44 - INFO - Setting chamber_heater7 Heater Temp to 0 for chamber setpoint of 0 Request successfully executed.
10-10-2024 20:44:44 - INFO - Sending request to Setting chamber_heater11 Heater Temp to 0 for chamber setpoint of 0 with timeout of 5s...
10-10-2024 20:44:44 - INFO - Setting chamber_heater11 Heater Temp to 0 for chamber setpoint of 0 request successfully sent.
10-10-2024 20:44:45 - INFO - Response from moonraker: {'result': 'ok'}
10-10-2024 20:44:45 - INFO - Setting chamber_heater11 Heater Temp to 0 for chamber setpoint of 0 Request successfully executed.
10-10-2024 20:44:45 - INFO - Sending request to Setting chamber_heater12 Heater Temp to 0 for chamber setpoint of 0 with timeout of 5s...
10-10-2024 20:44:45 - INFO - Setting chamber_heater12 Heater Temp to 0 for chamber setpoint of 0 request successfully sent.
10-10-2024 20:44:45 - INFO - Response from moonraker: {'result': 'ok'}
10-10-2024 20:44:45 - INFO - Setting chamber_heater12 Heater Temp to 0 for chamber setpoint of 0 Request successfully executed.
10-10-2024 20:44:48 - INFO - Sending request to Setting chamber_heater2 Heater Temp to 360.257 for chamber setpoint of 136.0 with timeout of 5s...
10-10-2024 20:44:48 - INFO - Setting chamber_heater2 Heater Temp to 360.257 for chamber setpoint of 136.0 request successfully sent.
10-10-2024 20:44:48 - INFO - Response from moonraker: {'result': 'ok'}
10-10-2024 20:44:48 - INFO - Setting chamber_heater2 Heater Temp to 360.257 for chamber setpoint of 136.0 Request successfully executed.
10-10-2024 20:44:48 - INFO - Sending request to Setting chamber_heater3 Heater Temp to 360.257 for chamber setpoint of 136.0 with timeout of 5s...
10-10-2024 20:44:48 - INFO - Setting chamber_heater3 Heater Temp to 360.257 for chamber setpoint of 136.0 request successfully sent.
10-10-2024 20:44:48 - INFO - Response from moonraker: {'result': 'ok'}
10-10-2024 20:44:48 - INFO - Setting chamber_heater3 Heater Temp to 360.257 for chamber setpoint of 136.0 Request successfully executed.
10-10-2024 20:44:48 - INFO - Sending request to Setting chamber_heater4 Heater Temp to 360.257 for chamber setpoint of 136.0 with timeout of 5s...
10-10-2024 20:44:48 - INFO - Setting chamber_heater4 Heater Temp to 360.257 for chamber setpoint of 136.0 request successfully sent.
10-10-2024 20:44:48 - INFO - Response from moonraker: {'result': 'ok'}
10-10-2024 20:44:48 - INFO - Setting chamber_heater4 Heater Temp to 360.257 for chamber setpoint of 136.0 Request successfully executed.
10-10-2024 20:44:48 - INFO - Sending request to Setting chamber_heater5 Heater Temp to 325.2463 for chamber setpoint of 136.0 with timeout of 5s...
10-10-2024 20:44:48 - INFO - Setting chamber_heater5 Heater Temp to 325.2463 for chamber setpoint of 136.0 request successfully sent.
10-10-2024 20:44:48 - INFO - Response from moonraker: {'result': 'ok'}
10-10-2024 20:44:48 - INFO - Setting chamber_heater5 Heater Temp to 325.2463 for chamber setpoint of 136.0 Request successfully executed.
10-10-2024 20:44:48 - INFO - Sending request to Setting chamber_heater6 Heater Temp to 325.2463 for chamber setpoint of 136.0 with timeout of 5s...
10-10-2024 20:44:48 - INFO - Setting chamber_heater6 Heater Temp to 325.2463 for chamber setpoint of 136.0 request successfully sent.
10-10-2024 20:44:48 - INFO - Response from moonraker: {'result': 'ok'}
10-10-2024 20:44:48 - INFO - Setting chamber_heater6 Heater Temp to 325.2463 for chamber setpoint of 136.0 Request successfully executed.
10-10-2024 20:44:48 - INFO - Sending request to Setting chamber_heater7 Heater Temp to 325.2463 for chamber setpoint of 136.0 with timeout of 5s...
10-10-2024 20:44:48 - INFO - Setting chamber_heater7 Heater Temp to 325.2463 for chamber setpoint of 136.0 request successfully sent.
10-10-2024 20:44:48 - INFO - Response from moonraker: {'result': 'ok'}
10-10-2024 20:44:48 - INFO - Setting chamber_heater7 Heater Temp to 325.2463 for chamber setpoint of 136.0 Request successfully executed.
10-10-2024 20:44:48 - INFO - Sending request to Setting chamber_heater11 Heater Temp to 325.2463 for chamber setpoint of 136.0 with timeout of 5s...
10-10-2024 20:44:48 - INFO - Setting chamber_heater11 Heater Temp to 325.2463 for chamber setpoint of 136.0 request successfully sent.
10-10-2024 20:44:48 - INFO - Response from moonraker: {'result': 'ok'}
10-10-2024 20:44:48 - INFO - Setting chamber_heater11 Heater Temp to 325.2463 for chamber setpoint of 136.0 Request successfully executed.
10-10-2024 20:44:48 - INFO - Sending request to Setting chamber_heater12 Heater Temp to 325.2463 for chamber setpoint of 136.0 with timeout of 5s...
10-10-2024 20:44:48 - INFO - Setting chamber_heater12 Heater Temp to 325.2463 for chamber setpoint of 136.0 request successfully sent.
10-10-2024 20:44:48 - INFO - Response from moonraker: {'result': 'ok'}
10-10-2024 20:44:48 - INFO - Setting chamber_heater12 Heater Temp to 325.2463 for chamber setpoint of 136.0 Request successfully executed.
10-10-2024 20:44:52 - INFO - Sending request to Setting chamber_heater2 Heater Temp to 0 for chamber setpoint of 0 with timeout of 5s...
10-10-2024 20:44:52 - INFO - Setting chamber_heater2 Heater Temp to 0 for chamber setpoint of 0 request successfully sent.
10-10-2024 20:44:52 - INFO - Response from moonraker: {'result': 'ok'}
10-10-2024 20:44:52 - INFO - Setting chamber_heater2 Heater Temp to 0 for chamber setpoint of 0 Request successfully executed.
10-10-2024 20:44:52 - INFO - Sending request to Setting chamber_heater3 Heater Temp to 0 for chamber setpoint of 0 with timeout of 5s...
10-10-2024 20:44:52 - INFO - Setting chamber_heater3 Heater Temp to 0 for chamber setpoint of 0 request successfully sent.
10-10-2024 20:44:52 - INFO - Response from moonraker: {'result': 'ok'}
10-10-2024 20:44:52 - INFO - Setting chamber_heater3 Heater Temp to 0 for chamber setpoint of 0 Request successfully executed.
10-10-2024 20:44:52 - INFO - Sending request to Setting chamber_heater4 Heater Temp to 0 for chamber setpoint of 0 with timeout of 5s...
10-10-2024 20:44:52 - INFO - Setting chamber_heater4 Heater Temp to 0 for chamber setpoint of 0 request successfully sent.
10-10-2024 20:44:52 - INFO - Response from moonraker: {'result': 'ok'}
10-10-2024 20:44:52 - INFO - Setting chamber_heater4 Heater Temp to 0 for chamber setpoint of 0 Request successfully executed.
10-10-2024 20:44:52 - INFO - Sending request to Setting chamber_heater5 Heater Temp to 0 for chamber setpoint of 0 with timeout of 5s...
10-10-2024 20:44:52 - INFO - Setting chamber_heater5 Heater Temp to 0 for chamber setpoint of 0 request successfully sent.
10-10-2024 20:44:52 - INFO - Response from moonraker: {'result': 'ok'}
10-10-2024 20:44:52 - INFO - Setting chamber_heater5 Heater Temp to 0 for chamber setpoint of 0 Request successfully executed.
10-10-2024 20:44:52 - INFO - Sending request to Setting chamber_heater6 Heater Temp to 0 for chamber setpoint of 0 with timeout of 5s...
10-10-2024 20:44:52 - INFO - Setting chamber_heater6 Heater Temp to 0 for chamber setpoint of 0 request successfully sent.
10-10-2024 20:44:52 - INFO - Response from moonraker: {'result': 'ok'}
10-10-2024 20:44:52 - INFO - Setting chamber_heater6 Heater Temp to 0 for chamber setpoint of 0 Request successfully executed.
10-10-2024 20:44:52 - INFO - Sending request to Setting chamber_heater7 Heater Temp to 0 for chamber setpoint of 0 with timeout of 5s...
10-10-2024 20:44:52 - INFO - Setting chamber_heater7 Heater Temp to 0 for chamber setpoint of 0 request successfully sent.
10-10-2024 20:44:52 - INFO - Response from moonraker: {'result': 'ok'}
10-10-2024 20:44:52 - INFO - Setting chamber_heater7 Heater Temp to 0 for chamber setpoint of 0 Request successfully executed.
10-10-2024 20:44:52 - INFO - Sending request to Setting chamber_heater11 Heater Temp to 0 for chamber setpoint of 0 with timeout of 5s...
10-10-2024 20:44:52 - INFO - Setting chamber_heater11 Heater Temp to 0 for chamber setpoint of 0 request successfully sent.
10-10-2024 20:44:52 - INFO - Response from moonraker: {'result': 'ok'}
10-10-2024 20:44:52 - INFO - Setting chamber_heater11 Heater Temp to 0 for chamber setpoint of 0 Request successfully executed.
10-10-2024 20:44:52 - INFO - Sending request to Setting chamber_heater12 Heater Temp to 0 for chamber setpoint of 0 with timeout of 5s...
10-10-2024 20:44:53 - INFO - Setting chamber_heater12 Heater Temp to 0 for chamber setpoint of 0 request successfully sent.
10-10-2024 20:44:53 - INFO - Response from moonraker: {'result': 'ok'}
10-10-2024 20:44:53 - INFO - Setting chamber_heater12 Heater Temp to 0 for chamber setpoint of 0 Request successfully executed.
10-10-2024 20:44:53 - INFO - Sending request to Setting chamber_heater2 Heater Temp to 0 for chamber setpoint of 0 with timeout of 5s...
10-10-2024 20:44:53 - INFO - Setting chamber_heater2 Heater Temp to 0 for chamber setpoint of 0 request successfully sent.
10-10-2024 20:44:53 - INFO - Response from moonraker: {'result': 'ok'}
10-10-2024 20:44:53 - INFO - Setting chamber_heater2 Heater Temp to 0 for chamber setpoint of 0 Request successfully executed.
10-10-2024 20:44:53 - INFO - Sending request to Setting chamber_heater3 Heater Temp to 0 for chamber setpoint of 0 with timeout of 5s...
10-10-2024 20:44:53 - INFO - Setting chamber_heater3 Heater Temp to 0 for chamber setpoint of 0 request successfully sent.
10-10-2024 20:44:53 - INFO - Response from moonraker: {'result': 'ok'}
10-10-2024 20:44:53 - INFO - Setting chamber_heater3 Heater Temp to 0 for chamber setpoint of 0 Request successfully executed.
10-10-2024 20:44:53 - INFO - Sending request to Setting chamber_heater4 Heater Temp to 0 for chamber setpoint of 0 with timeout of 5s...
10-10-2024 20:44:53 - INFO - Setting chamber_heater4 Heater Temp to 0 for chamber setpoint of 0 request successfully sent.
10-10-2024 20:44:53 - INFO - Response from moonraker: {'result': 'ok'}
10-10-2024 20:44:53 - INFO - Setting chamber_heater4 Heater Temp to 0 for chamber setpoint of 0 Request successfully executed.
10-10-2024 20:44:53 - INFO - Sending request to Setting chamber_heater5 Heater Temp to 0 for chamber setpoint of 0 with timeout of 5s...
10-10-2024 20:44:53 - INFO - Setting chamber_heater5 Heater Temp to 0 for chamber setpoint of 0 request successfully sent.
10-10-2024 20:44:53 - INFO - Response from moonraker: {'result': 'ok'}
10-10-2024 20:44:53 - INFO - Setting chamber_heater5 Heater Temp to 0 for chamber setpoint of 0 Request successfully executed.
10-10-2024 20:44:53 - INFO - Sending request to Setting chamber_heater6 Heater Temp to 0 for chamber setpoint of 0 with timeout of 5s...
10-10-2024 20:44:53 - INFO - Setting chamber_heater6 Heater Temp to 0 for chamber setpoint of 0 request successfully sent.
10-10-2024 20:44:53 - INFO - Response from moonraker: {'result': 'ok'}
10-10-2024 20:44:53 - INFO - Setting chamber_heater6 Heater Temp to 0 for chamber setpoint of 0 Request successfully executed.
10-10-2024 20:44:53 - INFO - Sending request to Setting chamber_heater7 Heater Temp to 0 for chamber setpoint of 0 with timeout of 5s...
10-10-2024 20:44:53 - INFO - Setting chamber_heater7 Heater Temp to 0 for chamber setpoint of 0 request successfully sent.
10-10-2024 20:44:53 - INFO - Response from moonraker: {'result': 'ok'}
10-10-2024 20:44:53 - INFO - Setting chamber_heater7 Heater Temp to 0 for chamber setpoint of 0 Request successfully executed.
10-10-2024 20:44:53 - INFO - Sending request to Setting chamber_heater11 Heater Temp to 0 for chamber setpoint of 0 with timeout of 5s...
10-10-2024 20:44:53 - INFO - Setting chamber_heater11 Heater Temp to 0 for chamber setpoint of 0 request successfully sent.
10-10-2024 20:44:53 - INFO - Response from moonraker: {'result': 'ok'}
10-10-2024 20:44:53 - INFO - Setting chamber_heater11 Heater Temp to 0 for chamber setpoint of 0 Request successfully executed.
10-10-2024 20:44:53 - INFO - Sending request to Setting chamber_heater12 Heater Temp to 0 for chamber setpoint of 0 with timeout of 5s...
10-10-2024 20:44:53 - INFO - Setting chamber_heater12 Heater Temp to 0 for chamber setpoint of 0 request successfully sent.
10-10-2024 20:44:53 - INFO - Response from moonraker: {'result': 'ok'}
10-10-2024 20:44:53 - INFO - Setting chamber_heater12 Heater Temp to 0 for chamber setpoint of 0 Request successfully executed.
10-10-2024 20:44:53 - INFO - Sending request to Setting chamber_heater2 Heater Temp to 0 for chamber setpoint of 0 with timeout of 5s...
10-10-2024 20:44:53 - INFO - Setting chamber_heater2 Heater Temp to 0 for chamber setpoint of 0 request successfully sent.
10-10-2024 20:44:53 - INFO - Response from moonraker: {'result': 'ok'}
10-10-2024 20:44:53 - INFO - Setting chamber_heater2 Heater Temp to 0 for chamber setpoint of 0 Request successfully executed.
10-10-2024 20:44:53 - INFO - Sending request to Setting chamber_heater3 Heater Temp to 0 for chamber setpoint of 0 with timeout of 5s...
10-10-2024 20:44:53 - INFO - Setting chamber_heater3 Heater Temp to 0 for chamber setpoint of 0 request successfully sent.
10-10-2024 20:44:53 - INFO - Response from moonraker: {'result': 'ok'}
10-10-2024 20:44:53 - INFO - Setting chamber_heater3 Heater Temp to 0 for chamber setpoint of 0 Request successfully executed.
10-10-2024 20:44:53 - INFO - Sending request to Setting chamber_heater4 Heater Temp to 0 for chamber setpoint of 0 with timeout of 5s...
10-10-2024 20:44:53 - INFO - Setting chamber_heater4 Heater Temp to 0 for chamber setpoint of 0 request successfully sent.
10-10-2024 20:44:53 - INFO - Response from moonraker: {'result': 'ok'}
10-10-2024 20:44:53 - INFO - Setting chamber_heater4 Heater Temp to 0 for chamber setpoint of 0 Request successfully executed.
10-10-2024 20:44:53 - INFO - Sending request to Setting chamber_heater5 Heater Temp to 0 for chamber setpoint of 0 with timeout of 5s...
10-10-2024 20:44:53 - INFO - Setting chamber_heater5 Heater Temp to 0 for chamber setpoint of 0 request successfully sent.
10-10-2024 20:44:53 - INFO - Response from moonraker: {'result': 'ok'}
10-10-2024 20:44:53 - INFO - Setting chamber_heater5 Heater Temp to 0 for chamber setpoint of 0 Request successfully executed.
10-10-2024 20:44:53 - INFO - Sending request to Setting chamber_heater6 Heater Temp to 0 for chamber setpoint of 0 with timeout of 5s...
10-10-2024 20:44:53 - INFO - Setting chamber_heater6 Heater Temp to 0 for chamber setpoint of 0 request successfully sent.
10-10-2024 20:44:53 - INFO - Response from moonraker: {'result': 'ok'}
10-10-2024 20:44:53 - INFO - Setting chamber_heater6 Heater Temp to 0 for chamber setpoint of 0 Request successfully executed.
10-10-2024 20:44:53 - INFO - Sending request to Setting chamber_heater7 Heater Temp to 0 for chamber setpoint of 0 with timeout of 5s...
10-10-2024 20:44:53 - INFO - Setting chamber_heater7 Heater Temp to 0 for chamber setpoint of 0 request successfully sent.
10-10-2024 20:44:53 - INFO - Response from moonraker: {'result': 'ok'}
10-10-2024 20:44:53 - INFO - Setting chamber_heater7 Heater Temp to 0 for chamber setpoint of 0 Request successfully executed.
10-10-2024 20:44:53 - INFO - Sending request to Setting chamber_heater11 Heater Temp to 0 for chamber setpoint of 0 with timeout of 5s...
10-10-2024 20:44:54 - INFO - Setting chamber_heater11 Heater Temp to 0 for chamber setpoint of 0 request successfully sent.
10-10-2024 20:44:54 - INFO - Response from moonraker: {'result': 'ok'}
10-10-2024 20:44:54 - INFO - Setting chamber_heater11 Heater Temp to 0 for chamber setpoint of 0 Request successfully executed.
10-10-2024 20:44:54 - INFO - Sending request to Setting chamber_heater12 Heater Temp to 0 for chamber setpoint of 0 with timeout of 5s...
10-10-2024 20:44:54 - INFO - Setting chamber_heater12 Heater Temp to 0 for chamber setpoint of 0 request successfully sent.
10-10-2024 20:44:54 - INFO - Response from moonraker: {'result': 'ok'}
10-10-2024 20:44:54 - INFO - Setting chamber_heater12 Heater Temp to 0 for chamber setpoint of 0 Request successfully executed.
10-10-2024 20:44:54 - INFO - Sending request to Setting chamber_heater2 Heater Temp to 0 for chamber setpoint of 0 with timeout of 5s...
10-10-2024 20:44:54 - INFO - Setting chamber_heater2 Heater Temp to 0 for chamber setpoint of 0 request successfully sent.
10-10-2024 20:44:54 - INFO - Response from moonraker: {'result': 'ok'}
10-10-2024 20:44:54 - INFO - Setting chamber_heater2 Heater Temp to 0 for chamber setpoint of 0 Request successfully executed.
10-10-2024 20:44:54 - INFO - Sending request to Setting chamber_heater3 Heater Temp to 0 for chamber setpoint of 0 with timeout of 5s...
10-10-2024 20:44:54 - INFO - Setting chamber_heater3 Heater Temp to 0 for chamber setpoint of 0 request successfully sent.
10-10-2024 20:44:54 - INFO - Response from moonraker: {'result': 'ok'}
10-10-2024 20:44:54 - INFO - Setting chamber_heater3 Heater Temp to 0 for chamber setpoint of 0 Request successfully executed.
10-10-2024 20:44:54 - INFO - Sending request to Setting chamber_heater4 Heater Temp to 0 for chamber setpoint of 0 with timeout of 5s...
10-10-2024 20:44:54 - INFO - Setting chamber_heater4 Heater Temp to 0 for chamber setpoint of 0 request successfully sent.
10-10-2024 20:44:54 - INFO - Response from moonraker: {'result': 'ok'}
10-10-2024 20:44:54 - INFO - Setting chamber_heater4 Heater Temp to 0 for chamber setpoint of 0 Request successfully executed.
10-10-2024 20:44:54 - INFO - Sending request to Setting chamber_heater5 Heater Temp to 0 for chamber setpoint of 0 with timeout of 5s...
10-10-2024 20:44:54 - INFO - Setting chamber_heater5 Heater Temp to 0 for chamber setpoint of 0 request successfully sent.
10-10-2024 20:44:54 - INFO - Response from moonraker: {'result': 'ok'}
10-10-2024 20:44:54 - INFO - Setting chamber_heater5 Heater Temp to 0 for chamber setpoint of 0 Request successfully executed.
10-10-2024 20:44:54 - INFO - Sending request to Setting chamber_heater6 Heater Temp to 0 for chamber setpoint of 0 with timeout of 5s...
10-10-2024 20:44:54 - INFO - Setting chamber_heater6 Heater Temp to 0 for chamber setpoint of 0 request successfully sent.
10-10-2024 20:44:54 - INFO - Response from moonraker: {'result': 'ok'}
10-10-2024 20:44:54 - INFO - Setting chamber_heater6 Heater Temp to 0 for chamber setpoint of 0 Request successfully executed.
10-10-2024 20:44:54 - INFO - Sending request to Setting chamber_heater7 Heater Temp to 0 for chamber setpoint of 0 with timeout of 5s...
10-10-2024 20:44:54 - INFO - Setting chamber_heater7 Heater Temp to 0 for chamber setpoint of 0 request successfully sent.
10-10-2024 20:44:54 - INFO - Response from moonraker: {'result': 'ok'}
10-10-2024 20:44:54 - INFO - Setting chamber_heater7 Heater Temp to 0 for chamber setpoint of 0 Request successfully executed.
10-10-2024 20:44:54 - INFO - Sending request to Setting chamber_heater11 Heater Temp to 0 for chamber setpoint of 0 with timeout of 5s...
10-10-2024 20:44:54 - INFO - Setting chamber_heater11 Heater Temp to 0 for chamber setpoint of 0 request successfully sent.
10-10-2024 20:44:54 - INFO - Response from moonraker: {'result': 'ok'}
10-10-2024 20:44:54 - INFO - Setting chamber_heater11 Heater Temp to 0 for chamber setpoint of 0 Request successfully executed.
10-10-2024 20:44:54 - INFO - Sending request to Setting chamber_heater12 Heater Temp to 0 for chamber setpoint of 0 with timeout of 5s...
10-10-2024 20:44:54 - INFO - Setting chamber_heater12 Heater Temp to 0 for chamber setpoint of 0 request successfully sent.
10-10-2024 20:44:54 - INFO - Response from moonraker: {'result': 'ok'}
10-10-2024 20:44:54 - INFO - Setting chamber_heater12 Heater Temp to 0 for chamber setpoint of 0 Request successfully executed.
10-10-2024 20:44:54 - INFO - Sending request to Setting chamber_heater2 Heater Temp to 0 for chamber setpoint of 0 with timeout of 5s...
10-10-2024 20:44:54 - INFO - Setting chamber_heater2 Heater Temp to 0 for chamber setpoint of 0 request successfully sent.
10-10-2024 20:44:54 - INFO - Response from moonraker: {'result': 'ok'}
10-10-2024 20:44:54 - INFO - Setting chamber_heater2 Heater Temp to 0 for chamber setpoint of 0 Request successfully executed.
10-10-2024 20:44:54 - INFO - Sending request to Setting chamber_heater3 Heater Temp to 0 for chamber setpoint of 0 with timeout of 5s...
10-10-2024 20:44:54 - INFO - Setting chamber_heater3 Heater Temp to 0 for chamber setpoint of 0 request successfully sent.
10-10-2024 20:44:54 - INFO - Response from moonraker: {'result': 'ok'}
10-10-2024 20:44:54 - INFO - Setting chamber_heater3 Heater Temp to 0 for chamber setpoint of 0 Request successfully executed.
10-10-2024 20:44:54 - INFO - Sending request to Setting chamber_heater4 Heater Temp to 0 for chamber setpoint of 0 with timeout of 5s...
10-10-2024 20:44:54 - INFO - Setting chamber_heater4 Heater Temp to 0 for chamber setpoint of 0 request successfully sent.
10-10-2024 20:44:54 - INFO - Response from moonraker: {'result': 'ok'}
10-10-2024 20:44:54 - INFO - Setting chamber_heater4 Heater Temp to 0 for chamber setpoint of 0 Request successfully executed.
10-10-2024 20:44:54 - INFO - Sending request to Setting chamber_heater5 Heater Temp to 0 for chamber setpoint of 0 with timeout of 5s...
10-10-2024 20:44:54 - INFO - Setting chamber_heater5 Heater Temp to 0 for chamber setpoint of 0 request successfully sent.
10-10-2024 20:44:55 - INFO - Response from moonraker: {'result': 'ok'}
10-10-2024 20:44:55 - INFO - Setting chamber_heater5 Heater Temp to 0 for chamber setpoint of 0 Request successfully executed.
10-10-2024 20:44:55 - INFO - Sending request to Setting chamber_heater6 Heater Temp to 0 for chamber setpoint of 0 with timeout of 5s...
10-10-2024 20:44:55 - INFO - Setting chamber_heater6 Heater Temp to 0 for chamber setpoint of 0 request successfully sent.
10-10-2024 20:44:55 - INFO - Response from moonraker: {'result': 'ok'}
10-10-2024 20:44:55 - INFO - Setting chamber_heater6 Heater Temp to 0 for chamber setpoint of 0 Request successfully executed.
10-10-2024 20:44:55 - INFO - Sending request to Setting chamber_heater7 Heater Temp to 0 for chamber setpoint of 0 with timeout of 5s...
10-10-2024 20:44:55 - INFO - Setting chamber_heater7 Heater Temp to 0 for chamber setpoint of 0 request successfully sent.
10-10-2024 20:44:55 - INFO - Response from moonraker: {'result': 'ok'}
10-10-2024 20:44:55 - INFO - Setting chamber_heater7 Heater Temp to 0 for chamber setpoint of 0 Request successfully executed.
10-10-2024 20:44:55 - INFO - Sending request to Setting chamber_heater11 Heater Temp to 0 for chamber setpoint of 0 with timeout of 5s...
10-10-2024 20:44:55 - INFO - Setting chamber_heater11 Heater Temp to 0 for chamber setpoint of 0 request successfully sent.
10-10-2024 20:44:55 - INFO - Response from moonraker: {'result': 'ok'}
10-10-2024 20:44:55 - INFO - Setting chamber_heater11 Heater Temp to 0 for chamber setpoint of 0 Request successfully executed.
10-10-2024 20:44:55 - INFO - Sending request to Setting chamber_heater12 Heater Temp to 0 for chamber setpoint of 0 with timeout of 5s...
10-10-2024 20:44:55 - INFO - Setting chamber_heater12 Heater Temp to 0 for chamber setpoint of 0 request successfully sent.
10-10-2024 20:44:55 - INFO - Response from moonraker: {'result': 'ok'}
10-10-2024 20:44:55 - INFO - Setting chamber_heater12 Heater Temp to 0 for chamber setpoint of 0 Request successfully executed.
10-10-2024 20:44:55 - INFO - Sending request to Setting chamber_heater2 Heater Temp to 0 for chamber setpoint of 0 with timeout of 5s...
10-10-2024 20:44:55 - INFO - Setting chamber_heater2 Heater Temp to 0 for chamber setpoint of 0 request successfully sent.
10-10-2024 20:44:55 - INFO - Response from moonraker: {'result': 'ok'}
10-10-2024 20:44:55 - INFO - Setting chamber_heater2 Heater Temp to 0 for chamber setpoint of 0 Request successfully executed.
10-10-2024 20:44:55 - INFO - Sending request to Setting chamber_heater3 Heater Temp to 0 for chamber setpoint of 0 with timeout of 5s...
10-10-2024 20:44:55 - INFO - Setting chamber_heater3 Heater Temp to 0 for chamber setpoint of 0 request successfully sent.
10-10-2024 20:44:55 - INFO - Response from moonraker: {'result': 'ok'}
10-10-2024 20:44:55 - INFO - Setting chamber_heater3 Heater Temp to 0 for chamber setpoint of 0 Request successfully executed.
10-10-2024 20:44:55 - INFO - Sending request to Setting chamber_heater4 Heater Temp to 0 for chamber setpoint of 0 with timeout of 5s...
10-10-2024 20:44:55 - INFO - Setting chamber_heater4 Heater Temp to 0 for chamber setpoint of 0 request successfully sent.
10-10-2024 20:44:55 - INFO - Response from moonraker: {'result': 'ok'}
10-10-2024 20:44:55 - INFO - Setting chamber_heater4 Heater Temp to 0 for chamber setpoint of 0 Request successfully executed.
10-10-2024 20:44:55 - INFO - Sending request to Setting chamber_heater5 Heater Temp to 0 for chamber setpoint of 0 with timeout of 5s...
10-10-2024 20:44:55 - INFO - Setting chamber_heater5 Heater Temp to 0 for chamber setpoint of 0 request successfully sent.
10-10-2024 20:44:55 - INFO - Response from moonraker: {'result': 'ok'}
10-10-2024 20:44:55 - INFO - Setting chamber_heater5 Heater Temp to 0 for chamber setpoint of 0 Request successfully executed.
10-10-2024 20:44:55 - INFO - Sending request to Setting chamber_heater6 Heater Temp to 0 for chamber setpoint of 0 with timeout of 5s...
10-10-2024 20:44:55 - INFO - Setting chamber_heater6 Heater Temp to 0 for chamber setpoint of 0 request successfully sent.
10-10-2024 20:44:55 - INFO - Response from moonraker: {'result': 'ok'}
10-10-2024 20:44:55 - INFO - Setting chamber_heater6 Heater Temp to 0 for chamber setpoint of 0 Request successfully executed.
10-10-2024 20:44:55 - INFO - Sending request to Setting chamber_heater7 Heater Temp to 0 for chamber setpoint of 0 with timeout of 5s...
10-10-2024 20:44:55 - INFO - Setting chamber_heater7 Heater Temp to 0 for chamber setpoint of 0 request successfully sent.
10-10-2024 20:44:55 - INFO - Response from moonraker: {'result': 'ok'}
10-10-2024 20:44:55 - INFO - Setting chamber_heater7 Heater Temp to 0 for chamber setpoint of 0 Request successfully executed.
10-10-2024 20:44:55 - INFO - Sending request to Setting chamber_heater11 Heater Temp to 0 for chamber setpoint of 0 with timeout of 5s...
10-10-2024 20:44:55 - INFO - Setting chamber_heater11 Heater Temp to 0 for chamber setpoint of 0 request successfully sent.
10-10-2024 20:44:55 - INFO - Response from moonraker: {'result': 'ok'}
10-10-2024 20:44:55 - INFO - Setting chamber_heater11 Heater Temp to 0 for chamber setpoint of 0 Request successfully executed.
10-10-2024 20:44:55 - INFO - Sending request to Setting chamber_heater12 Heater Temp to 0 for chamber setpoint of 0 with timeout of 5s...
10-10-2024 20:44:55 - INFO - Setting chamber_heater12 Heater Temp to 0 for chamber setpoint of 0 request successfully sent.
10-10-2024 20:44:55 - INFO - Response from moonraker: {'result': 'ok'}
10-10-2024 20:44:55 - INFO - Setting chamber_heater12 Heater Temp to 0 for chamber setpoint of 0 Request successfully executed.
10-10-2024 20:44:57 - INFO - Sending request to Setting chamber_heater2 Heater Temp to 0 for chamber setpoint of 0 with timeout of 5s...
10-10-2024 20:44:57 - INFO - Setting chamber_heater2 Heater Temp to 0 for chamber setpoint of 0 request successfully sent.
10-10-2024 20:44:57 - INFO - Response from moonraker: {'result': 'ok'}
10-10-2024 20:44:57 - INFO - Setting chamber_heater2 Heater Temp to 0 for chamber setpoint of 0 Request successfully executed.
10-10-2024 20:44:57 - INFO - Sending request to Setting chamber_heater3 Heater Temp to 0 for chamber setpoint of 0 with timeout of 5s...
10-10-2024 20:44:57 - INFO - Setting chamber_heater3 Heater Temp to 0 for chamber setpoint of 0 request successfully sent.
10-10-2024 20:44:57 - INFO - Response from moonraker: {'result': 'ok'}
10-10-2024 20:44:57 - INFO - Setting chamber_heater3 Heater Temp to 0 for chamber setpoint of 0 Request successfully executed.
10-10-2024 20:44:57 - INFO - Sending request to Setting chamber_heater4 Heater Temp to 0 for chamber setpoint of 0 with timeout of 5s...
10-10-2024 20:44:57 - INFO - Setting chamber_heater4 Heater Temp to 0 for chamber setpoint of 0 request successfully sent.
10-10-2024 20:44:57 - INFO - Response from moonraker: {'result': 'ok'}
10-10-2024 20:44:57 - INFO - Setting chamber_heater4 Heater Temp to 0 for chamber setpoint of 0 Request successfully executed.
10-10-2024 20:44:57 - INFO - Sending request to Setting chamber_heater5 Heater Temp to 0 for chamber setpoint of 0 with timeout of 5s...
10-10-2024 20:44:57 - INFO - Setting chamber_heater5 Heater Temp to 0 for chamber setpoint of 0 request successfully sent.
10-10-2024 20:44:57 - INFO - Response from moonraker: {'result': 'ok'}
10-10-2024 20:44:57 - INFO - Setting chamber_heater5 Heater Temp to 0 for chamber setpoint of 0 Request successfully executed.
10-10-2024 20:44:57 - INFO - Sending request to Setting chamber_heater6 Heater Temp to 0 for chamber setpoint of 0 with timeout of 5s...
10-10-2024 20:44:57 - INFO - Setting chamber_heater6 Heater Temp to 0 for chamber setpoint of 0 request successfully sent.
10-10-2024 20:44:57 - INFO - Response from moonraker: {'result': 'ok'}
10-10-2024 20:44:57 - INFO - Setting chamber_heater6 Heater Temp to 0 for chamber setpoint of 0 Request successfully executed.
10-10-2024 20:44:57 - INFO - Sending request to Setting chamber_heater7 Heater Temp to 0 for chamber setpoint of 0 with timeout of 5s...
10-10-2024 20:44:57 - INFO - Setting chamber_heater7 Heater Temp to 0 for chamber setpoint of 0 request successfully sent.
10-10-2024 20:44:57 - INFO - Response from moonraker: {'result': 'ok'}
10-10-2024 20:44:57 - INFO - Setting chamber_heater7 Heater Temp to 0 for chamber setpoint of 0 Request successfully executed.
10-10-2024 20:44:57 - INFO - Sending request to Setting chamber_heater11 Heater Temp to 0 for chamber setpoint of 0 with timeout of 5s...
10-10-2024 20:44:57 - INFO - Setting chamber_heater11 Heater Temp to 0 for chamber setpoint of 0 request successfully sent.
10-10-2024 20:44:57 - INFO - Response from moonraker: {'result': 'ok'}
10-10-2024 20:44:57 - INFO - Setting chamber_heater11 Heater Temp to 0 for chamber setpoint of 0 Request successfully executed.
10-10-2024 20:44:57 - INFO - Sending request to Setting chamber_heater12 Heater Temp to 0 for chamber setpoint of 0 with timeout of 5s...
10-10-2024 20:44:57 - INFO - Setting chamber_heater12 Heater Temp to 0 for chamber setpoint of 0 request successfully sent.
10-10-2024 20:44:57 - INFO - Response from moonraker: {'result': 'ok'}
10-10-2024 20:44:57 - INFO - Setting chamber_heater12 Heater Temp to 0 for chamber setpoint of 0 Request successfully executed.
