30-10-2024 12:46:07 - INFO - Count value updated in GUI!
30-10-2024 12:46:21 - INFO - Sending request to Setting Chmaber Zones to a= 0, b= 0, c= 0, d= 0 with timeout of 5s...
30-10-2024 12:46:21 - INFO - Sending request to Setting Chmaber Zones to a= 0.0, b= 0.0, c= 0.0, d= 0.0 with timeout of 5s...
30-10-2024 12:46:21 - INFO - Setting Chmaber Zones to a= 0.0, b= 0.0, c= 0.0, d= 0.0 request successfully sent.
30-10-2024 12:46:21 - INFO - Response from moonraker: {'result': 'ok'}
30-10-2024 12:46:21 - INFO - Setting Chmaber Zones to a= 0.0, b= 0.0, c= 0.0, d= 0.0 Request successfully executed.
30-10-2024 12:46:21 - INFO - Setting Chmaber Zones to a= 0.0, b= 0.0, c= 0.0, d= 0.0 request successfully sent.
30-10-2024 12:46:21 - INFO - Response from moonraker: {'result': 'ok'}
30-10-2024 12:46:21 - INFO - Setting Chmaber Zones to a= 0.0, b= 0.0, c= 0.0, d= 0.0 Request successfully executed.
30-10-2024 12:46:21 - INFO - Sending request to Setting Chmaber Zones to a= 0.005058000000000073, b= 0.0012645000000000182, c= 0.005058000000000073, d= 0.0012645000000000182 with timeout of 5s...
30-10-2024 12:46:21 - INFO - Setting Chmaber Zones to a= 0.005058000000000073, b= 0.0012645000000000182, c= 0.005058000000000073, d= 0.0012645000000000182 request successfully sent.
30-10-2024 12:46:21 - INFO - Response from moonraker: {'result': 'ok'}
30-10-2024 12:46:21 - INFO - Setting Chmaber Zones to a= 0.005058000000000073, b= 0.0012645000000000182, c= 0.005058000000000073, d= 0.0012645000000000182 Request successfully executed.
30-10-2024 12:46:21 - INFO - Sending request to Setting Chmaber Zones to a= 0.005016000000000072, b= 0.001254000000000018, c= 0.005016000000000072, d= 0.001254000000000018 with timeout of 5s...
30-10-2024 12:46:21 - INFO - Setting Chmaber Zones to a= 0.005016000000000072, b= 0.001254000000000018, c= 0.005016000000000072, d= 0.001254000000000018 request successfully sent.
30-10-2024 12:46:21 - INFO - Response from moonraker: {'result': 'ok'}
30-10-2024 12:46:21 - INFO - Setting Chmaber Zones to a= 0.005016000000000072, b= 0.001254000000000018, c= 0.005016000000000072, d= 0.001254000000000018 Request successfully executed.
30-10-2024 12:46:21 - INFO - Sending request to Setting Chmaber Zones to a= 0.005024000000000072, b= 0.001256000000000018, c= 0.005024000000000072, d= 0.001256000000000018 with timeout of 5s...
30-10-2024 12:46:21 - INFO - Setting Chmaber Zones to a= 0.005024000000000072, b= 0.001256000000000018, c= 0.005024000000000072, d= 0.001256000000000018 request successfully sent.
30-10-2024 12:46:21 - INFO - Response from moonraker: {'result': 'ok'}
30-10-2024 12:46:21 - INFO - Setting Chmaber Zones to a= 0.005024000000000072, b= 0.001256000000000018, c= 0.005024000000000072, d= 0.001256000000000018 Request successfully executed.
30-10-2024 12:46:21 - INFO - Sending request to Setting Chmaber Zones to a= 0.005032000000000072, b= 0.001258000000000018, c= 0.005032000000000072, d= 0.001258000000000018 with timeout of 5s...
30-10-2024 12:46:22 - INFO - Setting Chmaber Zones to a= 0.005032000000000072, b= 0.001258000000000018, c= 0.005032000000000072, d= 0.001258000000000018 request successfully sent.
30-10-2024 12:46:22 - INFO - Response from moonraker: {'result': 'ok'}
30-10-2024 12:46:22 - INFO - Setting Chmaber Zones to a= 0.005032000000000072, b= 0.001258000000000018, c= 0.005032000000000072, d= 0.001258000000000018 Request successfully executed.
30-10-2024 12:46:22 - INFO - Sending request to Setting Chmaber Zones to a= 0.005040000000000072, b= 0.001260000000000018, c= 0.005040000000000072, d= 0.001260000000000018 with timeout of 5s...
30-10-2024 12:46:22 - INFO - Setting Chmaber Zones to a= 0.005040000000000072, b= 0.001260000000000018, c= 0.005040000000000072, d= 0.001260000000000018 request successfully sent.
30-10-2024 12:46:22 - INFO - Response from moonraker: {'result': 'ok'}
30-10-2024 12:46:22 - INFO - Setting Chmaber Zones to a= 0.005040000000000072, b= 0.001260000000000018, c= 0.005040000000000072, d= 0.001260000000000018 Request successfully executed.
30-10-2024 12:46:22 - INFO - Sending request to Setting Chmaber Zones to a= 0.0050480000000000715, b= 0.0012620000000000179, c= 0.0050480000000000715, d= 0.0012620000000000179 with timeout of 5s...
30-10-2024 12:46:22 - INFO - Setting Chmaber Zones to a= 0.0050480000000000715, b= 0.0012620000000000179, c= 0.0050480000000000715, d= 0.0012620000000000179 request successfully sent.
30-10-2024 12:46:22 - INFO - Response from moonraker: {'result': 'ok'}
30-10-2024 12:46:22 - INFO - Setting Chmaber Zones to a= 0.0050480000000000715, b= 0.0012620000000000179, c= 0.0050480000000000715, d= 0.0012620000000000179 Request successfully executed.
30-10-2024 12:46:22 - INFO - Sending request to Setting Chmaber Zones to a= 0.005056000000000072, b= 0.001264000000000018, c= 0.005056000000000072, d= 0.001264000000000018 with timeout of 5s...
30-10-2024 12:46:22 - INFO - Setting Chmaber Zones to a= 0.005056000000000072, b= 0.001264000000000018, c= 0.005056000000000072, d= 0.001264000000000018 request successfully sent.
30-10-2024 12:46:22 - INFO - Response from moonraker: {'result': 'ok'}
30-10-2024 12:46:22 - INFO - Setting Chmaber Zones to a= 0.005056000000000072, b= 0.001264000000000018, c= 0.005056000000000072, d= 0.001264000000000018 Request successfully executed.
30-10-2024 12:46:22 - INFO - Sending request to Setting Chmaber Zones to a= 0.005064000000000072, b= 0.001266000000000018, c= 0.005064000000000072, d= 0.001266000000000018 with timeout of 5s...
30-10-2024 12:46:22 - INFO - Setting Chmaber Zones to a= 0.005064000000000072, b= 0.001266000000000018, c= 0.005064000000000072, d= 0.001266000000000018 request successfully sent.
30-10-2024 12:46:22 - INFO - Response from moonraker: {'result': 'ok'}
30-10-2024 12:46:22 - INFO - Setting Chmaber Zones to a= 0.005064000000000072, b= 0.001266000000000018, c= 0.005064000000000072, d= 0.001266000000000018 Request successfully executed.
30-10-2024 12:46:22 - INFO - Sending request to Setting Chmaber Zones to a= 0.005072000000000072, b= 0.001268000000000018, c= 0.005072000000000072, d= 0.001268000000000018 with timeout of 5s...
30-10-2024 12:46:23 - INFO - Setting Chmaber Zones to a= 0.005072000000000072, b= 0.001268000000000018, c= 0.005072000000000072, d= 0.001268000000000018 request successfully sent.
30-10-2024 12:46:23 - INFO - Response from moonraker: {'result': 'ok'}
30-10-2024 12:46:23 - INFO - Setting Chmaber Zones to a= 0.005072000000000072, b= 0.001268000000000018, c= 0.005072000000000072, d= 0.001268000000000018 Request successfully executed.
30-10-2024 12:46:23 - INFO - Sending request to Setting Chmaber Zones to a= 0.005080000000000072, b= 0.001270000000000018, c= 0.005080000000000072, d= 0.001270000000000018 with timeout of 5s...
30-10-2024 12:46:23 - INFO - Setting Chmaber Zones to a= 0.005080000000000072, b= 0.001270000000000018, c= 0.005080000000000072, d= 0.001270000000000018 request successfully sent.
30-10-2024 12:46:23 - INFO - Response from moonraker: {'result': 'ok'}
30-10-2024 12:46:23 - INFO - Setting Chmaber Zones to a= 0.005080000000000072, b= 0.001270000000000018, c= 0.005080000000000072, d= 0.001270000000000018 Request successfully executed.
30-10-2024 12:46:23 - INFO - Sending request to Setting Chmaber Zones to a= 2.0000000000000286e-05, b= 5.0000000000000716e-06, c= 2.0000000000000286e-05, d= 5.0000000000000716e-06 with timeout of 5s...
30-10-2024 12:46:23 - INFO - Setting Chmaber Zones to a= 2.0000000000000286e-05, b= 5.0000000000000716e-06, c= 2.0000000000000286e-05, d= 5.0000000000000716e-06 request successfully sent.
30-10-2024 12:46:23 - INFO - Response from moonraker: {'result': 'ok'}
30-10-2024 12:46:23 - INFO - Setting Chmaber Zones to a= 2.0000000000000286e-05, b= 5.0000000000000716e-06, c= 2.0000000000000286e-05, d= 5.0000000000000716e-06 Request successfully executed.
30-10-2024 12:46:23 - INFO - Sending request to Setting Chmaber Zones to a= 0.0, b= 0.0, c= 0.0, d= 0.0 with timeout of 5s...
30-10-2024 12:46:23 - INFO - Setting Chmaber Zones to a= 0.0, b= 0.0, c= 0.0, d= 0.0 request successfully sent.
30-10-2024 12:46:23 - INFO - Response from moonraker: {'result': 'ok'}
30-10-2024 12:46:23 - INFO - Setting Chmaber Zones to a= 0.0, b= 0.0, c= 0.0, d= 0.0 Request successfully executed.
30-10-2024 12:46:23 - INFO - Sending request to Setting Chmaber Zones to a= 0.0, b= 0.0, c= 0.0, d= 0.0 with timeout of 5s...
30-10-2024 12:46:23 - INFO - Setting Chmaber Zones to a= 0.0, b= 0.0, c= 0.0, d= 0.0 request successfully sent.
30-10-2024 12:46:23 - INFO - Response from moonraker: {'result': 'ok'}
30-10-2024 12:46:23 - INFO - Setting Chmaber Zones to a= 0.0, b= 0.0, c= 0.0, d= 0.0 Request successfully executed.
30-10-2024 12:46:23 - INFO - Sending request to Setting Chmaber Zones to a= 0.0, b= 0.0, c= 0.0, d= 0.0 with timeout of 5s...
30-10-2024 12:46:24 - INFO - Setting Chmaber Zones to a= 0.0, b= 0.0, c= 0.0, d= 0.0 request successfully sent.
30-10-2024 12:46:24 - INFO - Response from moonraker: {'result': 'ok'}
30-10-2024 12:46:24 - INFO - Setting Chmaber Zones to a= 0.0, b= 0.0, c= 0.0, d= 0.0 Request successfully executed.
30-10-2024 12:46:24 - INFO - Sending request to Setting Chmaber Zones to a= 0.0, b= 0.0, c= 0.0, d= 0.0 with timeout of 5s...
30-10-2024 12:46:24 - INFO - Setting Chmaber Zones to a= 0.0, b= 0.0, c= 0.0, d= 0.0 request successfully sent.
30-10-2024 12:46:24 - INFO - Response from moonraker: {'result': 'ok'}
30-10-2024 12:46:24 - INFO - Setting Chmaber Zones to a= 0.0, b= 0.0, c= 0.0, d= 0.0 Request successfully executed.
30-10-2024 12:46:24 - INFO - Sending request to Setting Chmaber Zones to a= 0.0, b= 0.0, c= 0.0, d= 0.0 with timeout of 5s...
30-10-2024 12:46:24 - INFO - Setting Chmaber Zones to a= 0.0, b= 0.0, c= 0.0, d= 0.0 request successfully sent.
30-10-2024 12:46:24 - INFO - Response from moonraker: {'result': 'ok'}
30-10-2024 12:46:24 - INFO - Setting Chmaber Zones to a= 0.0, b= 0.0, c= 0.0, d= 0.0 Request successfully executed.
30-10-2024 12:46:24 - INFO - Sending request to Setting Chmaber Zones to a= 0.0, b= 0.0, c= 0.0, d= 0.0 with timeout of 5s...
30-10-2024 12:46:24 - INFO - Setting Chmaber Zones to a= 0.0, b= 0.0, c= 0.0, d= 0.0 request successfully sent.
30-10-2024 12:46:24 - INFO - Response from moonraker: {'result': 'ok'}
30-10-2024 12:46:24 - INFO - Setting Chmaber Zones to a= 0.0, b= 0.0, c= 0.0, d= 0.0 Request successfully executed.
30-10-2024 12:46:24 - INFO - Sending request to Setting Chmaber Zones to a= 0.0, b= 0.0, c= 0.0, d= 0.0 with timeout of 5s...
30-10-2024 12:46:24 - INFO - Setting Chmaber Zones to a= 0.0, b= 0.0, c= 0.0, d= 0.0 request successfully sent.
30-10-2024 12:46:24 - INFO - Response from moonraker: {'result': 'ok'}
30-10-2024 12:46:24 - INFO - Setting Chmaber Zones to a= 0.0, b= 0.0, c= 0.0, d= 0.0 Request successfully executed.
30-10-2024 12:46:25 - INFO - Sending request to Setting Chmaber Zones to a= 0.0, b= 0.0, c= 0.0, d= 0.0 with timeout of 5s...
30-10-2024 12:46:25 - INFO - Setting Chmaber Zones to a= 0.0, b= 0.0, c= 0.0, d= 0.0 request successfully sent.
30-10-2024 12:46:25 - INFO - Response from moonraker: {'result': 'ok'}
30-10-2024 12:46:25 - INFO - Setting Chmaber Zones to a= 0.0, b= 0.0, c= 0.0, d= 0.0 Request successfully executed.
30-10-2024 12:46:25 - INFO - Sending request to Setting Chmaber Zones to a= 0.0, b= 0.0, c= 0.0, d= 0.0 with timeout of 5s...
30-10-2024 12:46:25 - INFO - Setting Chmaber Zones to a= 0.0, b= 0.0, c= 0.0, d= 0.0 request successfully sent.
30-10-2024 12:46:25 - INFO - Response from moonraker: {'result': 'ok'}
30-10-2024 12:46:25 - INFO - Setting Chmaber Zones to a= 0.0, b= 0.0, c= 0.0, d= 0.0 Request successfully executed.
30-10-2024 12:46:25 - INFO - Sending request to Setting Chmaber Zones to a= 0.0, b= 0.0, c= 0.0, d= 0.0 with timeout of 5s...
30-10-2024 12:46:25 - INFO - Setting Chmaber Zones to a= 0.0, b= 0.0, c= 0.0, d= 0.0 request successfully sent.
30-10-2024 12:46:25 - INFO - Response from moonraker: {'result': 'ok'}
30-10-2024 12:46:25 - INFO - Setting Chmaber Zones to a= 0.0, b= 0.0, c= 0.0, d= 0.0 Request successfully executed.
30-10-2024 12:46:25 - INFO - Sending request to Setting Chmaber Zones to a= 0.0, b= 0.0, c= 0.0, d= 0.0 with timeout of 5s...
30-10-2024 12:46:25 - INFO - Setting Chmaber Zones to a= 0.0, b= 0.0, c= 0.0, d= 0.0 request successfully sent.
30-10-2024 12:46:25 - INFO - Response from moonraker: {'result': 'ok'}
30-10-2024 12:46:25 - INFO - Setting Chmaber Zones to a= 0.0, b= 0.0, c= 0.0, d= 0.0 Request successfully executed.
30-10-2024 12:46:25 - INFO - Sending request to Setting Chmaber Zones to a= 0.0, b= 0.0, c= 0.0, d= 0.0 with timeout of 5s...
30-10-2024 12:46:25 - INFO - Setting Chmaber Zones to a= 0.0, b= 0.0, c= 0.0, d= 0.0 request successfully sent.
30-10-2024 12:46:25 - INFO - Response from moonraker: {'result': 'ok'}
30-10-2024 12:46:25 - INFO - Setting Chmaber Zones to a= 0.0, b= 0.0, c= 0.0, d= 0.0 Request successfully executed.
30-10-2024 12:46:26 - INFO - Sending request to Setting Chmaber Zones to a= 0.0, b= 0.0, c= 0.0, d= 0.0 with timeout of 5s...
30-10-2024 12:46:26 - INFO - Setting Chmaber Zones to a= 0.0, b= 0.0, c= 0.0, d= 0.0 request successfully sent.
30-10-2024 12:46:26 - INFO - Response from moonraker: {'result': 'ok'}
30-10-2024 12:46:26 - INFO - Setting Chmaber Zones to a= 0.0, b= 0.0, c= 0.0, d= 0.0 Request successfully executed.
30-10-2024 12:46:26 - INFO - Sending request to Setting Chmaber Zones to a= 0.0, b= 0.0, c= 0.0, d= 0.0 with timeout of 5s...
30-10-2024 12:46:26 - INFO - Setting Chmaber Zones to a= 0.0, b= 0.0, c= 0.0, d= 0.0 request successfully sent.
30-10-2024 12:46:26 - INFO - Response from moonraker: {'result': 'ok'}
30-10-2024 12:46:26 - INFO - Setting Chmaber Zones to a= 0.0, b= 0.0, c= 0.0, d= 0.0 Request successfully executed.
30-10-2024 12:46:26 - INFO - Sending request to Setting Chmaber Zones to a= 0.0, b= 0.0, c= 0.0, d= 0.0 with timeout of 5s...
30-10-2024 12:46:26 - INFO - Setting Chmaber Zones to a= 0.0, b= 0.0, c= 0.0, d= 0.0 request successfully sent.
30-10-2024 12:46:26 - INFO - Response from moonraker: {'result': 'ok'}
30-10-2024 12:46:26 - INFO - Setting Chmaber Zones to a= 0.0, b= 0.0, c= 0.0, d= 0.0 Request successfully executed.
30-10-2024 12:46:26 - INFO - Sending request to Setting Chmaber Zones to a= 0.0, b= 0.0, c= 0.0, d= 0.0 with timeout of 5s...
30-10-2024 12:46:26 - INFO - Setting Chmaber Zones to a= 0.0, b= 0.0, c= 0.0, d= 0.0 request successfully sent.
30-10-2024 12:46:26 - INFO - Response from moonraker: {'result': 'ok'}
30-10-2024 12:46:26 - INFO - Setting Chmaber Zones to a= 0.0, b= 0.0, c= 0.0, d= 0.0 Request successfully executed.
30-10-2024 12:46:26 - INFO - Sending request to Setting Chmaber Zones to a= 0.0, b= 0.0, c= 0.0, d= 0.0 with timeout of 5s...
30-10-2024 12:46:26 - INFO - Setting Chmaber Zones to a= 0.0, b= 0.0, c= 0.0, d= 0.0 request successfully sent.
30-10-2024 12:46:26 - INFO - Response from moonraker: {'result': 'ok'}
30-10-2024 12:46:26 - INFO - Setting Chmaber Zones to a= 0.0, b= 0.0, c= 0.0, d= 0.0 Request successfully executed.
30-10-2024 12:46:27 - INFO - Sending request to Setting Chmaber Zones to a= 0.0, b= 0.0, c= 0.0, d= 0.0 with timeout of 5s...
30-10-2024 12:46:27 - INFO - Setting Chmaber Zones to a= 0.0, b= 0.0, c= 0.0, d= 0.0 request successfully sent.
30-10-2024 12:46:27 - INFO - Response from moonraker: {'result': 'ok'}
30-10-2024 12:46:27 - INFO - Setting Chmaber Zones to a= 0.0, b= 0.0, c= 0.0, d= 0.0 Request successfully executed.
30-10-2024 12:46:27 - INFO - Sending request to Setting Chmaber Zones to a= 0.0, b= 0.0, c= 0.0, d= 0.0 with timeout of 5s...
30-10-2024 12:46:27 - INFO - Setting Chmaber Zones to a= 0.0, b= 0.0, c= 0.0, d= 0.0 request successfully sent.
30-10-2024 12:46:27 - INFO - Response from moonraker: {'result': 'ok'}
30-10-2024 12:46:27 - INFO - Setting Chmaber Zones to a= 0.0, b= 0.0, c= 0.0, d= 0.0 Request successfully executed.
30-10-2024 12:46:27 - INFO - Sending request to Setting Chmaber Zones to a= 0.0, b= 0.0, c= 0.0, d= 0.0 with timeout of 5s...
30-10-2024 12:46:27 - INFO - Setting Chmaber Zones to a= 0.0, b= 0.0, c= 0.0, d= 0.0 request successfully sent.
30-10-2024 12:46:27 - INFO - Response from moonraker: {'result': 'ok'}
30-10-2024 12:46:27 - INFO - Setting Chmaber Zones to a= 0.0, b= 0.0, c= 0.0, d= 0.0 Request successfully executed.
30-10-2024 12:46:27 - INFO - Sending request to Setting Chmaber Zones to a= 0.0, b= 0.0, c= 0.0, d= 0.0 with timeout of 5s...
30-10-2024 12:46:27 - INFO - Setting Chmaber Zones to a= 0.0, b= 0.0, c= 0.0, d= 0.0 request successfully sent.
30-10-2024 12:46:27 - INFO - Response from moonraker: {'result': 'ok'}
30-10-2024 12:46:27 - INFO - Setting Chmaber Zones to a= 0.0, b= 0.0, c= 0.0, d= 0.0 Request successfully executed.
30-10-2024 12:46:27 - INFO - Sending request to Setting Chmaber Zones to a= 0.0, b= 0.0, c= 0.0, d= 0.0 with timeout of 5s...
30-10-2024 12:46:27 - INFO - Setting Chmaber Zones to a= 0.0, b= 0.0, c= 0.0, d= 0.0 request successfully sent.
30-10-2024 12:46:27 - INFO - Response from moonraker: {'result': 'ok'}
30-10-2024 12:46:27 - INFO - Setting Chmaber Zones to a= 0.0, b= 0.0, c= 0.0, d= 0.0 Request successfully executed.
30-10-2024 12:46:28 - INFO - Sending request to Setting Chmaber Zones to a= 0.0, b= 0.0, c= 0.0, d= 0.0 with timeout of 5s...
30-10-2024 12:46:28 - INFO - Setting Chmaber Zones to a= 0.0, b= 0.0, c= 0.0, d= 0.0 request successfully sent.
30-10-2024 12:46:28 - INFO - Response from moonraker: {'result': 'ok'}
30-10-2024 12:46:28 - INFO - Setting Chmaber Zones to a= 0.0, b= 0.0, c= 0.0, d= 0.0 Request successfully executed.
30-10-2024 12:46:28 - INFO - Sending request to Setting Chmaber Zones to a= 0.0, b= 0.0, c= 0.0, d= 0.0 with timeout of 5s...
30-10-2024 12:46:28 - INFO - Setting Chmaber Zones to a= 0.0, b= 0.0, c= 0.0, d= 0.0 request successfully sent.
30-10-2024 12:46:28 - INFO - Response from moonraker: {'result': 'ok'}
30-10-2024 12:46:28 - INFO - Setting Chmaber Zones to a= 0.0, b= 0.0, c= 0.0, d= 0.0 Request successfully executed.
30-10-2024 12:46:28 - INFO - Sending request to Setting Chmaber Zones to a= 0.0, b= 0.0, c= 0.0, d= 0.0 with timeout of 5s...
30-10-2024 12:46:28 - INFO - Setting Chmaber Zones to a= 0.0, b= 0.0, c= 0.0, d= 0.0 request successfully sent.
30-10-2024 12:46:28 - INFO - Response from moonraker: {'result': 'ok'}
30-10-2024 12:46:28 - INFO - Setting Chmaber Zones to a= 0.0, b= 0.0, c= 0.0, d= 0.0 Request successfully executed.
30-10-2024 12:46:28 - INFO - Sending request to Setting Chmaber Zones to a= 0.0, b= 0.0, c= 0.0, d= 0.0 with timeout of 5s...
30-10-2024 12:46:28 - INFO - Setting Chmaber Zones to a= 0.0, b= 0.0, c= 0.0, d= 0.0 request successfully sent.
30-10-2024 12:46:28 - INFO - Response from moonraker: {'result': 'ok'}
30-10-2024 12:46:28 - INFO - Setting Chmaber Zones to a= 0.0, b= 0.0, c= 0.0, d= 0.0 Request successfully executed.
30-10-2024 12:46:28 - INFO - Sending request to Setting Chmaber Zones to a= 0.0, b= 0.0, c= 0.0, d= 0.0 with timeout of 5s...
30-10-2024 12:46:28 - INFO - Setting Chmaber Zones to a= 0.0, b= 0.0, c= 0.0, d= 0.0 request successfully sent.
30-10-2024 12:46:28 - INFO - Response from moonraker: {'result': 'ok'}
30-10-2024 12:46:28 - INFO - Setting Chmaber Zones to a= 0.0, b= 0.0, c= 0.0, d= 0.0 Request successfully executed.
30-10-2024 12:46:29 - INFO - Sending request to Setting Chmaber Zones to a= 0.0, b= 0.0, c= 0.0, d= 0.0 with timeout of 5s...
30-10-2024 12:46:29 - INFO - Setting Chmaber Zones to a= 0.0, b= 0.0, c= 0.0, d= 0.0 request successfully sent.
30-10-2024 12:46:29 - INFO - Response from moonraker: {'result': 'ok'}
30-10-2024 12:46:29 - INFO - Setting Chmaber Zones to a= 0.0, b= 0.0, c= 0.0, d= 0.0 Request successfully executed.
30-10-2024 12:46:29 - INFO - Sending request to Setting Chmaber Zones to a= 0.0, b= 0.0, c= 0.0, d= 0.0 with timeout of 5s...
30-10-2024 12:46:29 - INFO - Setting Chmaber Zones to a= 0.0, b= 0.0, c= 0.0, d= 0.0 request successfully sent.
30-10-2024 12:46:29 - INFO - Response from moonraker: {'result': 'ok'}
30-10-2024 12:46:29 - INFO - Setting Chmaber Zones to a= 0.0, b= 0.0, c= 0.0, d= 0.0 Request successfully executed.
30-10-2024 12:46:29 - INFO - Sending request to Setting Chmaber Zones to a= 0.0, b= 0.0, c= 0.0, d= 0.0 with timeout of 5s...
30-10-2024 12:46:29 - INFO - Setting Chmaber Zones to a= 0.0, b= 0.0, c= 0.0, d= 0.0 request successfully sent.
30-10-2024 12:46:29 - INFO - Response from moonraker: {'result': 'ok'}
30-10-2024 12:46:29 - INFO - Setting Chmaber Zones to a= 0.0, b= 0.0, c= 0.0, d= 0.0 Request successfully executed.
30-10-2024 12:46:29 - INFO - Sending request to Setting Chmaber Zones to a= 0.0, b= 0.0, c= 0.0, d= 0.0 with timeout of 5s...
30-10-2024 12:46:29 - INFO - Setting Chmaber Zones to a= 0.0, b= 0.0, c= 0.0, d= 0.0 request successfully sent.
30-10-2024 12:46:29 - INFO - Response from moonraker: {'result': 'ok'}
30-10-2024 12:46:29 - INFO - Setting Chmaber Zones to a= 0.0, b= 0.0, c= 0.0, d= 0.0 Request successfully executed.
30-10-2024 12:46:29 - INFO - Sending request to Setting Chmaber Zones to a= 0.0, b= 0.0, c= 0.0, d= 0.0 with timeout of 5s...
30-10-2024 12:46:29 - INFO - Setting Chmaber Zones to a= 0.0, b= 0.0, c= 0.0, d= 0.0 request successfully sent.
30-10-2024 12:46:29 - INFO - Response from moonraker: {'result': 'ok'}
30-10-2024 12:46:29 - INFO - Setting Chmaber Zones to a= 0.0, b= 0.0, c= 0.0, d= 0.0 Request successfully executed.
30-10-2024 12:46:30 - INFO - Sending request to Setting Chmaber Zones to a= 0.0, b= 0.0, c= 0.0, d= 0.0 with timeout of 5s...
30-10-2024 12:46:30 - INFO - Setting Chmaber Zones to a= 0.0, b= 0.0, c= 0.0, d= 0.0 request successfully sent.
30-10-2024 12:46:30 - INFO - Response from moonraker: {'result': 'ok'}
30-10-2024 12:46:30 - INFO - Setting Chmaber Zones to a= 0.0, b= 0.0, c= 0.0, d= 0.0 Request successfully executed.
30-10-2024 12:46:30 - INFO - Sending request to Setting Chmaber Zones to a= 0.0, b= 0.0, c= 0.0, d= 0.0 with timeout of 5s...
30-10-2024 12:46:30 - INFO - Setting Chmaber Zones to a= 0.0, b= 0.0, c= 0.0, d= 0.0 request successfully sent.
30-10-2024 12:46:30 - INFO - Response from moonraker: {'result': 'ok'}
30-10-2024 12:46:30 - INFO - Setting Chmaber Zones to a= 0.0, b= 0.0, c= 0.0, d= 0.0 Request successfully executed.
30-10-2024 12:46:30 - INFO - Sending request to Setting Chmaber Zones to a= 0.0, b= 0.0, c= 0.0, d= 0.0 with timeout of 5s...
30-10-2024 12:46:30 - INFO - Setting Chmaber Zones to a= 0.0, b= 0.0, c= 0.0, d= 0.0 request successfully sent.
30-10-2024 12:46:30 - INFO - Response from moonraker: {'result': 'ok'}
30-10-2024 12:46:30 - INFO - Setting Chmaber Zones to a= 0.0, b= 0.0, c= 0.0, d= 0.0 Request successfully executed.
30-10-2024 12:46:30 - INFO - Sending request to Setting Chmaber Zones to a= 0.0, b= 0.0, c= 0.0, d= 0.0 with timeout of 5s...
30-10-2024 12:46:30 - INFO - Setting Chmaber Zones to a= 0.0, b= 0.0, c= 0.0, d= 0.0 request successfully sent.
30-10-2024 12:46:30 - INFO - Response from moonraker: {'result': 'ok'}
30-10-2024 12:46:30 - INFO - Setting Chmaber Zones to a= 0.0, b= 0.0, c= 0.0, d= 0.0 Request successfully executed.
30-10-2024 12:46:30 - INFO - Sending request to Setting Chmaber Zones to a= 0.0, b= 0.0, c= 0.0, d= 0.0 with timeout of 5s...
30-10-2024 12:46:30 - INFO - Setting Chmaber Zones to a= 0.0, b= 0.0, c= 0.0, d= 0.0 request successfully sent.
30-10-2024 12:46:30 - INFO - Response from moonraker: {'result': 'ok'}
30-10-2024 12:46:30 - INFO - Setting Chmaber Zones to a= 0.0, b= 0.0, c= 0.0, d= 0.0 Request successfully executed.
30-10-2024 12:46:31 - INFO - Sending request to Setting Chmaber Zones to a= 0.0, b= 0.0, c= 0.0, d= 0.0 with timeout of 5s...
30-10-2024 12:46:31 - INFO - Setting Chmaber Zones to a= 0.0, b= 0.0, c= 0.0, d= 0.0 request successfully sent.
30-10-2024 12:46:31 - INFO - Response from moonraker: {'result': 'ok'}
30-10-2024 12:46:31 - INFO - Setting Chmaber Zones to a= 0.0, b= 0.0, c= 0.0, d= 0.0 Request successfully executed.
30-10-2024 12:46:31 - INFO - Sending request to Setting Chmaber Zones to a= 0.0, b= 0.0, c= 0.0, d= 0.0 with timeout of 5s...
30-10-2024 12:46:31 - INFO - Setting Chmaber Zones to a= 0.0, b= 0.0, c= 0.0, d= 0.0 request successfully sent.
30-10-2024 12:46:31 - INFO - Response from moonraker: {'result': 'ok'}
30-10-2024 12:46:31 - INFO - Setting Chmaber Zones to a= 0.0, b= 0.0, c= 0.0, d= 0.0 Request successfully executed.
30-10-2024 12:46:31 - INFO - Sending request to Setting Chmaber Zones to a= 0.0, b= 0.0, c= 0.0, d= 0.0 with timeout of 5s...
30-10-2024 12:46:31 - INFO - Setting Chmaber Zones to a= 0.0, b= 0.0, c= 0.0, d= 0.0 request successfully sent.
30-10-2024 12:46:31 - INFO - Response from moonraker: {'result': 'ok'}
30-10-2024 12:46:31 - INFO - Setting Chmaber Zones to a= 0.0, b= 0.0, c= 0.0, d= 0.0 Request successfully executed.
30-10-2024 12:46:31 - INFO - Sending request to Setting Chmaber Zones to a= 0.0, b= 0.0, c= 0.0, d= 0.0 with timeout of 5s...
30-10-2024 12:46:31 - INFO - Setting Chmaber Zones to a= 0.0, b= 0.0, c= 0.0, d= 0.0 request successfully sent.
30-10-2024 12:46:31 - INFO - Response from moonraker: {'result': 'ok'}
30-10-2024 12:46:31 - INFO - Setting Chmaber Zones to a= 0.0, b= 0.0, c= 0.0, d= 0.0 Request successfully executed.
30-10-2024 12:46:31 - INFO - Sending request to Setting Chmaber Zones to a= 0.0, b= 0.0, c= 0.0, d= 0.0 with timeout of 5s...
30-10-2024 12:46:31 - INFO - Setting Chmaber Zones to a= 0.0, b= 0.0, c= 0.0, d= 0.0 request successfully sent.
30-10-2024 12:46:31 - INFO - Response from moonraker: {'result': 'ok'}
30-10-2024 12:46:31 - INFO - Setting Chmaber Zones to a= 0.0, b= 0.0, c= 0.0, d= 0.0 Request successfully executed.
30-10-2024 12:46:32 - INFO - Sending request to Setting Chmaber Zones to a= 0.0, b= 0.0, c= 0.0, d= 0.0 with timeout of 5s...
30-10-2024 12:46:32 - INFO - Setting Chmaber Zones to a= 0.0, b= 0.0, c= 0.0, d= 0.0 request successfully sent.
30-10-2024 12:46:32 - INFO - Response from moonraker: {'result': 'ok'}
30-10-2024 12:46:32 - INFO - Setting Chmaber Zones to a= 0.0, b= 0.0, c= 0.0, d= 0.0 Request successfully executed.
30-10-2024 12:46:32 - INFO - Sending request to Setting Chmaber Zones to a= 0.0, b= 0.0, c= 0.0, d= 0.0 with timeout of 5s...
30-10-2024 12:46:32 - INFO - Setting Chmaber Zones to a= 0.0, b= 0.0, c= 0.0, d= 0.0 request successfully sent.
30-10-2024 12:46:32 - INFO - Response from moonraker: {'result': 'ok'}
30-10-2024 12:46:32 - INFO - Setting Chmaber Zones to a= 0.0, b= 0.0, c= 0.0, d= 0.0 Request successfully executed.
30-10-2024 12:46:32 - INFO - Sending request to Setting Chmaber Zones to a= 0.0, b= 0.0, c= 0.0, d= 0.0 with timeout of 5s...
30-10-2024 12:46:32 - INFO - Setting Chmaber Zones to a= 0.0, b= 0.0, c= 0.0, d= 0.0 request successfully sent.
30-10-2024 12:46:32 - INFO - Response from moonraker: {'result': 'ok'}
30-10-2024 12:46:32 - INFO - Setting Chmaber Zones to a= 0.0, b= 0.0, c= 0.0, d= 0.0 Request successfully executed.
30-10-2024 12:46:32 - INFO - Sending request to Setting Chmaber Zones to a= 0.0, b= 0.0, c= 0.0, d= 0.0 with timeout of 5s...
30-10-2024 12:46:32 - INFO - Setting Chmaber Zones to a= 0.0, b= 0.0, c= 0.0, d= 0.0 request successfully sent.
30-10-2024 12:46:32 - INFO - Response from moonraker: {'result': 'ok'}
30-10-2024 12:46:32 - INFO - Setting Chmaber Zones to a= 0.0, b= 0.0, c= 0.0, d= 0.0 Request successfully executed.
30-10-2024 12:46:32 - INFO - Sending request to Setting Chmaber Zones to a= 0.0, b= 0.0, c= 0.0, d= 0.0 with timeout of 5s...
30-10-2024 12:46:32 - INFO - Setting Chmaber Zones to a= 0.0, b= 0.0, c= 0.0, d= 0.0 request successfully sent.
30-10-2024 12:46:32 - INFO - Response from moonraker: {'result': 'ok'}
30-10-2024 12:46:32 - INFO - Setting Chmaber Zones to a= 0.0, b= 0.0, c= 0.0, d= 0.0 Request successfully executed.
30-10-2024 12:46:33 - INFO - Sending request to Setting Chmaber Zones to a= 0.0, b= 0.0, c= 0.0, d= 0.0 with timeout of 5s...
30-10-2024 12:46:33 - INFO - Setting Chmaber Zones to a= 0.0, b= 0.0, c= 0.0, d= 0.0 request successfully sent.
30-10-2024 12:46:33 - INFO - Response from moonraker: {'result': 'ok'}
30-10-2024 12:46:33 - INFO - Setting Chmaber Zones to a= 0.0, b= 0.0, c= 0.0, d= 0.0 Request successfully executed.
30-10-2024 12:46:33 - INFO - Sending request to Setting Chmaber Zones to a= 0.0, b= 0.0, c= 0.0, d= 0.0 with timeout of 5s...
30-10-2024 12:46:33 - INFO - Setting Chmaber Zones to a= 0.0, b= 0.0, c= 0.0, d= 0.0 request successfully sent.
30-10-2024 12:46:33 - INFO - Response from moonraker: {'result': 'ok'}
30-10-2024 12:46:33 - INFO - Setting Chmaber Zones to a= 0.0, b= 0.0, c= 0.0, d= 0.0 Request successfully executed.
30-10-2024 12:46:33 - INFO - Sending request to Setting Chmaber Zones to a= 0.0, b= 0.0, c= 0.0, d= 0.0 with timeout of 5s...
30-10-2024 12:46:33 - INFO - Setting Chmaber Zones to a= 0.0, b= 0.0, c= 0.0, d= 0.0 request successfully sent.
30-10-2024 12:46:33 - INFO - Response from moonraker: {'result': 'ok'}
30-10-2024 12:46:33 - INFO - Setting Chmaber Zones to a= 0.0, b= 0.0, c= 0.0, d= 0.0 Request successfully executed.
30-10-2024 12:46:33 - INFO - Sending request to Setting Chmaber Zones to a= 0.0, b= 0.0, c= 0.0, d= 0.0 with timeout of 5s...
30-10-2024 12:46:33 - INFO - Setting Chmaber Zones to a= 0.0, b= 0.0, c= 0.0, d= 0.0 request successfully sent.
30-10-2024 12:46:33 - INFO - Response from moonraker: {'result': 'ok'}
30-10-2024 12:46:33 - INFO - Setting Chmaber Zones to a= 0.0, b= 0.0, c= 0.0, d= 0.0 Request successfully executed.
30-10-2024 12:46:33 - INFO - Sending request to Setting Chmaber Zones to a= 0.0, b= 0.0, c= 0.0, d= 0.0 with timeout of 5s...
30-10-2024 12:46:34 - INFO - Sending request to Setting Chmaber Zones to a= 0.0, b= 0.0, c= 0.0, d= 0.0 with timeout of 5s...
30-10-2024 12:46:34 - INFO - Sending request to Setting Chmaber Zones to a= 0.0, b= 0.0, c= 0.0, d= 0.0 with timeout of 5s...
30-10-2024 12:46:34 - INFO - Setting Chmaber Zones to a= 0.0, b= 0.0, c= 0.0, d= 0.0 request successfully sent.
30-10-2024 12:46:34 - INFO - Response from moonraker: {'result': 'ok'}
30-10-2024 12:46:34 - INFO - Setting Chmaber Zones to a= 0.0, b= 0.0, c= 0.0, d= 0.0 Request successfully executed.
30-10-2024 12:46:34 - INFO - Setting Chmaber Zones to a= 0.0, b= 0.0, c= 0.0, d= 0.0 request successfully sent.
30-10-2024 12:46:34 - INFO - Response from moonraker: {'result': 'ok'}
30-10-2024 12:46:34 - INFO - Setting Chmaber Zones to a= 0.0, b= 0.0, c= 0.0, d= 0.0 Request successfully executed.
30-10-2024 12:46:34 - INFO - Setting Chmaber Zones to a= 0.0, b= 0.0, c= 0.0, d= 0.0 request successfully sent.
30-10-2024 12:46:34 - INFO - Response from moonraker: {'result': 'ok'}
30-10-2024 12:46:34 - INFO - Setting Chmaber Zones to a= 0.0, b= 0.0, c= 0.0, d= 0.0 Request successfully executed.
30-10-2024 12:46:34 - INFO - Sending request to Setting Chmaber Zones to a= 0.0, b= 0.0, c= 0.0, d= 0.0 with timeout of 5s...
30-10-2024 12:46:34 - INFO - Setting Chmaber Zones to a= 0.0, b= 0.0, c= 0.0, d= 0.0 request successfully sent.
30-10-2024 12:46:34 - INFO - Response from moonraker: {'result': 'ok'}
30-10-2024 12:46:34 - INFO - Setting Chmaber Zones to a= 0.0, b= 0.0, c= 0.0, d= 0.0 Request successfully executed.
30-10-2024 12:46:34 - INFO - Sending request to Setting Chmaber Zones to a= 0.0, b= 0.0, c= 0.0, d= 0.0 with timeout of 5s...
30-10-2024 12:46:34 - INFO - Setting Chmaber Zones to a= 0.0, b= 0.0, c= 0.0, d= 0.0 request successfully sent.
30-10-2024 12:46:34 - INFO - Response from moonraker: {'result': 'ok'}
30-10-2024 12:46:34 - INFO - Setting Chmaber Zones to a= 0.0, b= 0.0, c= 0.0, d= 0.0 Request successfully executed.
30-10-2024 12:46:34 - INFO - Sending request to Setting Chmaber Zones to a= 0.0, b= 0.0, c= 0.0, d= 0.0 with timeout of 5s...
30-10-2024 12:46:34 - INFO - Setting Chmaber Zones to a= 0.0, b= 0.0, c= 0.0, d= 0.0 request successfully sent.
30-10-2024 12:46:34 - INFO - Response from moonraker: {'result': 'ok'}
30-10-2024 12:46:34 - INFO - Setting Chmaber Zones to a= 0.0, b= 0.0, c= 0.0, d= 0.0 Request successfully executed.
30-10-2024 12:46:35 - INFO - Sending request to Setting Chmaber Zones to a= 0.0, b= 0.0, c= 0.0, d= 0.0 with timeout of 5s...
30-10-2024 12:46:35 - INFO - Setting Chmaber Zones to a= 0.0, b= 0.0, c= 0.0, d= 0.0 request successfully sent.
30-10-2024 12:46:35 - INFO - Response from moonraker: {'result': 'ok'}
30-10-2024 12:46:35 - INFO - Setting Chmaber Zones to a= 0.0, b= 0.0, c= 0.0, d= 0.0 Request successfully executed.
30-10-2024 12:46:35 - INFO - Sending request to Setting Chmaber Zones to a= 0.0, b= 0.0, c= 0.0, d= 0.0 with timeout of 5s...
30-10-2024 12:46:35 - INFO - Setting Chmaber Zones to a= 0.0, b= 0.0, c= 0.0, d= 0.0 request successfully sent.
30-10-2024 12:46:35 - INFO - Response from moonraker: {'result': 'ok'}
30-10-2024 12:46:35 - INFO - Setting Chmaber Zones to a= 0.0, b= 0.0, c= 0.0, d= 0.0 Request successfully executed.
30-10-2024 12:46:35 - INFO - Sending request to Setting Chmaber Zones to a= 0.0, b= 0.0, c= 0.0, d= 0.0 with timeout of 5s...
30-10-2024 12:46:35 - INFO - Setting Chmaber Zones to a= 0.0, b= 0.0, c= 0.0, d= 0.0 request successfully sent.
30-10-2024 12:46:35 - INFO - Response from moonraker: {'result': 'ok'}
30-10-2024 12:46:35 - INFO - Setting Chmaber Zones to a= 0.0, b= 0.0, c= 0.0, d= 0.0 Request successfully executed.
30-10-2024 12:46:35 - INFO - Sending request to Setting Chmaber Zones to a= 0.0, b= 0.0, c= 0.0, d= 0.0 with timeout of 5s...
30-10-2024 12:46:35 - INFO - Setting Chmaber Zones to a= 0.0, b= 0.0, c= 0.0, d= 0.0 request successfully sent.
30-10-2024 12:46:35 - INFO - Response from moonraker: {'result': 'ok'}
30-10-2024 12:46:35 - INFO - Setting Chmaber Zones to a= 0.0, b= 0.0, c= 0.0, d= 0.0 Request successfully executed.
30-10-2024 12:46:35 - INFO - Sending request to Setting Chmaber Zones to a= 0.0, b= 0.0, c= 0.0, d= 0.0 with timeout of 5s...
30-10-2024 12:46:35 - INFO - Setting Chmaber Zones to a= 0.0, b= 0.0, c= 0.0, d= 0.0 request successfully sent.
30-10-2024 12:46:35 - INFO - Response from moonraker: {'result': 'ok'}
30-10-2024 12:46:35 - INFO - Setting Chmaber Zones to a= 0.0, b= 0.0, c= 0.0, d= 0.0 Request successfully executed.
30-10-2024 12:46:36 - INFO - Sending request to Setting Chmaber Zones to a= 0.0, b= 0.0, c= 0.0, d= 0.0 with timeout of 5s...
30-10-2024 12:46:36 - INFO - Setting Chmaber Zones to a= 0.0, b= 0.0, c= 0.0, d= 0.0 request successfully sent.
30-10-2024 12:46:36 - INFO - Response from moonraker: {'result': 'ok'}
30-10-2024 12:46:36 - INFO - Setting Chmaber Zones to a= 0.0, b= 0.0, c= 0.0, d= 0.0 Request successfully executed.
30-10-2024 12:46:36 - INFO - Sending request to Homing Z axis with timeout of 5s...
30-10-2024 12:46:36 - INFO - Sending request to Setting Chmaber Zones to a= 0.0, b= 0.0, c= 0.0, d= 0.0 with timeout of 5s...
30-10-2024 12:46:36 - INFO - Sending request to Setting Chmaber Zones to a= 0.0, b= 0.0, c= 0.0, d= 0.0 with timeout of 5s...
30-10-2024 12:46:36 - INFO - Sending request to Setting Chmaber Zones to a= 0.0, b= 0.0, c= 0.0, d= 0.0 with timeout of 5s...
30-10-2024 12:46:36 - INFO - Sending request to Setting Chmaber Zones to a= 0.0, b= 0.0, c= 0.0, d= 0.0 with timeout of 5s...
30-10-2024 12:46:37 - INFO - Sending request to Setting Chmaber Zones to a= 0.0, b= 0.0, c= 0.0, d= 0.0 with timeout of 5s...
30-10-2024 12:46:37 - INFO - Sending request to Setting Chmaber Zones to a= 0.0, b= 0.0, c= 0.0, d= 0.0 with timeout of 5s...
30-10-2024 12:46:37 - INFO - Sending request to Setting Chmaber Zones to a= 0.0, b= 0.0, c= 0.0, d= 0.0 with timeout of 5s...
30-10-2024 12:46:37 - INFO - Sending request to Setting Chmaber Zones to a= 0.0, b= 0.0, c= 0.0, d= 0.0 with timeout of 5s...
30-10-2024 12:46:37 - INFO - Sending request to Setting Chmaber Zones to a= 0.0, b= 0.0, c= 0.0, d= 0.0 with timeout of 5s...
30-10-2024 12:46:38 - INFO - Sending request to Setting Chmaber Zones to a= 0.0, b= 0.0, c= 0.0, d= 0.0 with timeout of 5s...
30-10-2024 12:46:38 - INFO - Sending request to Setting Chmaber Zones to a= 0.0, b= 0.0, c= 0.0, d= 0.0 with timeout of 5s...
30-10-2024 12:46:38 - INFO - Sending request to Setting Chmaber Zones to a= 0.0, b= 0.0, c= 0.0, d= 0.0 with timeout of 5s...
30-10-2024 12:46:38 - INFO - Sending request to Setting Chmaber Zones to a= 0.0, b= 0.0, c= 0.0, d= 0.0 with timeout of 5s...
30-10-2024 12:46:38 - INFO - Sending request to Setting Chmaber Zones to a= 0.0, b= 0.0, c= 0.0, d= 0.0 with timeout of 5s...
30-10-2024 12:46:39 - INFO - Sending request to Setting Chmaber Zones to a= 0.0, b= 0.0, c= 0.0, d= 0.0 with timeout of 5s...
30-10-2024 12:46:39 - INFO - Sending request to Setting Chmaber Zones to a= 0.0, b= 0.0, c= 0.0, d= 0.0 with timeout of 5s...
30-10-2024 12:46:39 - INFO - Sending request to Setting Chmaber Zones to a= 0.0, b= 0.0, c= 0.0, d= 0.0 with timeout of 5s...
30-10-2024 12:46:39 - INFO - Sending request to Setting Chmaber Zones to a= 0.0, b= 0.0, c= 0.0, d= 0.0 with timeout of 5s...
30-10-2024 12:46:39 - INFO - Sending request to Setting Chmaber Zones to a= 0.0, b= 0.0, c= 0.0, d= 0.0 with timeout of 5s...
30-10-2024 12:46:40 - INFO - Sending request to Setting Chmaber Zones to a= 0.0, b= 0.0, c= 0.0, d= 0.0 with timeout of 5s...
30-10-2024 12:46:40 - INFO - Sending request to Setting Chmaber Zones to a= 0.0, b= 0.0, c= 0.0, d= 0.0 with timeout of 5s...
30-10-2024 12:46:40 - INFO - Sending request to Setting Chmaber Zones to a= 0.0, b= 0.0, c= 0.0, d= 0.0 with timeout of 5s...
30-10-2024 12:46:40 - INFO - Sending request to Setting Chmaber Zones to a= 0.0, b= 0.0, c= 0.0, d= 0.0 with timeout of 5s...
30-10-2024 12:46:40 - INFO - Sending request to Setting Chmaber Zones to a= 0.0, b= 0.0, c= 0.0, d= 0.0 with timeout of 5s...
30-10-2024 12:46:41 - INFO - Sending request to Setting Chmaber Zones to a= 0.0, b= 0.0, c= 0.0, d= 0.0 with timeout of 5s...
30-10-2024 12:46:41 - ERROR - E102 : Homing Z axis Request to Moonraker Timed out 
 Homing Z axis not successful
30-10-2024 12:46:41 - INFO - Sending request to Homing Z axis with timeout of 5s...
30-10-2024 12:46:41 - ERROR - E102 : Setting Chmaber Zones to a= 0.0, b= 0.0, c= 0.0, d= 0.0 Request to Moonraker Timed out 
 Setting Chmaber Zones to a= 0.0, b= 0.0, c= 0.0, d= 0.0 not successful
30-10-2024 12:46:41 - INFO - Sending request to Setting Chmaber Zones to a= 0.0, b= 0.0, c= 0.0, d= 0.0 with timeout of 5s...
30-10-2024 12:46:41 - ERROR - E102 : Setting Chmaber Zones to a= 0.0, b= 0.0, c= 0.0, d= 0.0 Request to Moonraker Timed out 
 Setting Chmaber Zones to a= 0.0, b= 0.0, c= 0.0, d= 0.0 not successful
30-10-2024 12:46:41 - INFO - Sending request to Setting Chmaber Zones to a= 0.0, b= 0.0, c= 0.0, d= 0.0 with timeout of 5s...
30-10-2024 12:46:41 - ERROR - E102 : Setting Chmaber Zones to a= 0.0, b= 0.0, c= 0.0, d= 0.0 Request to Moonraker Timed out 
 Setting Chmaber Zones to a= 0.0, b= 0.0, c= 0.0, d= 0.0 not successful
30-10-2024 12:46:41 - INFO - Sending request to Setting Chmaber Zones to a= 0.0, b= 0.0, c= 0.0, d= 0.0 with timeout of 5s...
30-10-2024 12:46:41 - ERROR - E102 : Setting Chmaber Zones to a= 0.0, b= 0.0, c= 0.0, d= 0.0 Request to Moonraker Timed out 
 Setting Chmaber Zones to a= 0.0, b= 0.0, c= 0.0, d= 0.0 not successful
30-10-2024 12:46:41 - INFO - Sending request to Setting Chmaber Zones to a= 0.0, b= 0.0, c= 0.0, d= 0.0 with timeout of 5s...
30-10-2024 12:46:42 - ERROR - E102 : Setting Chmaber Zones to a= 0.0, b= 0.0, c= 0.0, d= 0.0 Request to Moonraker Timed out 
 Setting Chmaber Zones to a= 0.0, b= 0.0, c= 0.0, d= 0.0 not successful
30-10-2024 12:46:42 - INFO - Sending request to Setting Chmaber Zones to a= 0.0, b= 0.0, c= 0.0, d= 0.0 with timeout of 5s...
30-10-2024 12:46:42 - ERROR - E102 : Setting Chmaber Zones to a= 0.0, b= 0.0, c= 0.0, d= 0.0 Request to Moonraker Timed out 
 Setting Chmaber Zones to a= 0.0, b= 0.0, c= 0.0, d= 0.0 not successful
30-10-2024 12:46:42 - INFO - Sending request to Setting Chmaber Zones to a= 0.0, b= 0.0, c= 0.0, d= 0.0 with timeout of 5s...
30-10-2024 12:46:42 - ERROR - E102 : Setting Chmaber Zones to a= 0.0, b= 0.0, c= 0.0, d= 0.0 Request to Moonraker Timed out 
 Setting Chmaber Zones to a= 0.0, b= 0.0, c= 0.0, d= 0.0 not successful
30-10-2024 12:46:42 - INFO - Sending request to Setting Chmaber Zones to a= 0.0, b= 0.0, c= 0.0, d= 0.0 with timeout of 5s...
30-10-2024 12:46:42 - ERROR - E102 : Setting Chmaber Zones to a= 0.0, b= 0.0, c= 0.0, d= 0.0 Request to Moonraker Timed out 
 Setting Chmaber Zones to a= 0.0, b= 0.0, c= 0.0, d= 0.0 not successful
30-10-2024 12:46:42 - INFO - Sending request to Setting Chmaber Zones to a= 0.0, b= 0.0, c= 0.0, d= 0.0 with timeout of 5s...
30-10-2024 12:46:42 - ERROR - E102 : Setting Chmaber Zones to a= 0.0, b= 0.0, c= 0.0, d= 0.0 Request to Moonraker Timed out 
 Setting Chmaber Zones to a= 0.0, b= 0.0, c= 0.0, d= 0.0 not successful
30-10-2024 12:46:42 - INFO - Sending request to Setting Chmaber Zones to a= 0.0, b= 0.0, c= 0.0, d= 0.0 with timeout of 5s...
30-10-2024 12:46:43 - ERROR - E102 : Setting Chmaber Zones to a= 0.0, b= 0.0, c= 0.0, d= 0.0 Request to Moonraker Timed out 
 Setting Chmaber Zones to a= 0.0, b= 0.0, c= 0.0, d= 0.0 not successful
30-10-2024 12:46:43 - INFO - Sending request to Setting Chmaber Zones to a= 0.0, b= 0.0, c= 0.0, d= 0.0 with timeout of 5s...
30-10-2024 12:46:43 - ERROR - E102 : Setting Chmaber Zones to a= 0.0, b= 0.0, c= 0.0, d= 0.0 Request to Moonraker Timed out 
 Setting Chmaber Zones to a= 0.0, b= 0.0, c= 0.0, d= 0.0 not successful
30-10-2024 12:46:43 - INFO - Sending request to Setting Chmaber Zones to a= 0.0, b= 0.0, c= 0.0, d= 0.0 with timeout of 5s...
30-10-2024 12:46:43 - ERROR - E102 : Setting Chmaber Zones to a= 0.0, b= 0.0, c= 0.0, d= 0.0 Request to Moonraker Timed out 
 Setting Chmaber Zones to a= 0.0, b= 0.0, c= 0.0, d= 0.0 not successful
30-10-2024 12:46:43 - INFO - Sending request to Setting Chmaber Zones to a= 0.0, b= 0.0, c= 0.0, d= 0.0 with timeout of 5s...
30-10-2024 12:46:43 - ERROR - E102 : Setting Chmaber Zones to a= 0.0, b= 0.0, c= 0.0, d= 0.0 Request to Moonraker Timed out 
 Setting Chmaber Zones to a= 0.0, b= 0.0, c= 0.0, d= 0.0 not successful
30-10-2024 12:46:43 - INFO - Sending request to Setting Chmaber Zones to a= 0.0, b= 0.0, c= 0.0, d= 0.0 with timeout of 5s...
30-10-2024 12:46:43 - ERROR - E102 : Setting Chmaber Zones to a= 0.0, b= 0.0, c= 0.0, d= 0.0 Request to Moonraker Timed out 
 Setting Chmaber Zones to a= 0.0, b= 0.0, c= 0.0, d= 0.0 not successful
30-10-2024 12:46:43 - INFO - Sending request to Setting Chmaber Zones to a= 0.0, b= 0.0, c= 0.0, d= 0.0 with timeout of 5s...
30-10-2024 12:46:44 - ERROR - E102 : Setting Chmaber Zones to a= 0.0, b= 0.0, c= 0.0, d= 0.0 Request to Moonraker Timed out 
 Setting Chmaber Zones to a= 0.0, b= 0.0, c= 0.0, d= 0.0 not successful
30-10-2024 12:46:44 - INFO - Sending request to Setting Chmaber Zones to a= 0.0, b= 0.0, c= 0.0, d= 0.0 with timeout of 5s...
30-10-2024 12:46:44 - ERROR - E102 : Setting Chmaber Zones to a= 0.0, b= 0.0, c= 0.0, d= 0.0 Request to Moonraker Timed out 
 Setting Chmaber Zones to a= 0.0, b= 0.0, c= 0.0, d= 0.0 not successful
30-10-2024 12:46:44 - INFO - Sending request to Setting Chmaber Zones to a= 0.0, b= 0.0, c= 0.0, d= 0.0 with timeout of 5s...
30-10-2024 12:46:44 - ERROR - E102 : Setting Chmaber Zones to a= 0.0, b= 0.0, c= 0.0, d= 0.0 Request to Moonraker Timed out 
 Setting Chmaber Zones to a= 0.0, b= 0.0, c= 0.0, d= 0.0 not successful
30-10-2024 12:46:44 - INFO - Sending request to Setting Chmaber Zones to a= 0.0, b= 0.0, c= 0.0, d= 0.0 with timeout of 5s...
30-10-2024 12:46:44 - ERROR - E102 : Setting Chmaber Zones to a= 0.0, b= 0.0, c= 0.0, d= 0.0 Request to Moonraker Timed out 
 Setting Chmaber Zones to a= 0.0, b= 0.0, c= 0.0, d= 0.0 not successful
30-10-2024 12:46:44 - INFO - Sending request to Setting Chmaber Zones to a= 0.0, b= 0.0, c= 0.0, d= 0.0 with timeout of 5s...
30-10-2024 12:46:44 - ERROR - E102 : Setting Chmaber Zones to a= 0.0, b= 0.0, c= 0.0, d= 0.0 Request to Moonraker Timed out 
 Setting Chmaber Zones to a= 0.0, b= 0.0, c= 0.0, d= 0.0 not successful
30-10-2024 12:46:44 - INFO - Sending request to Setting Chmaber Zones to a= 0.0, b= 0.0, c= 0.0, d= 0.0 with timeout of 5s...
30-10-2024 12:46:45 - ERROR - E102 : Setting Chmaber Zones to a= 0.0, b= 0.0, c= 0.0, d= 0.0 Request to Moonraker Timed out 
 Setting Chmaber Zones to a= 0.0, b= 0.0, c= 0.0, d= 0.0 not successful
30-10-2024 12:46:45 - INFO - Sending request to Setting Chmaber Zones to a= 0.0, b= 0.0, c= 0.0, d= 0.0 with timeout of 5s...
30-10-2024 12:46:45 - ERROR - E102 : Setting Chmaber Zones to a= 0.0, b= 0.0, c= 0.0, d= 0.0 Request to Moonraker Timed out 
 Setting Chmaber Zones to a= 0.0, b= 0.0, c= 0.0, d= 0.0 not successful
30-10-2024 12:46:45 - INFO - Sending request to Setting Chmaber Zones to a= 0.0, b= 0.0, c= 0.0, d= 0.0 with timeout of 5s...
30-10-2024 12:46:45 - ERROR - E102 : Setting Chmaber Zones to a= 0.0, b= 0.0, c= 0.0, d= 0.0 Request to Moonraker Timed out 
 Setting Chmaber Zones to a= 0.0, b= 0.0, c= 0.0, d= 0.0 not successful
30-10-2024 12:46:45 - INFO - Sending request to Setting Chmaber Zones to a= 0.0, b= 0.0, c= 0.0, d= 0.0 with timeout of 5s...
30-10-2024 12:46:45 - ERROR - E102 : Setting Chmaber Zones to a= 0.0, b= 0.0, c= 0.0, d= 0.0 Request to Moonraker Timed out 
 Setting Chmaber Zones to a= 0.0, b= 0.0, c= 0.0, d= 0.0 not successful
30-10-2024 12:46:45 - INFO - Sending request to Setting Chmaber Zones to a= 0.0, b= 0.0, c= 0.0, d= 0.0 with timeout of 5s...
30-10-2024 12:46:45 - ERROR - E102 : Setting Chmaber Zones to a= 0.0, b= 0.0, c= 0.0, d= 0.0 Request to Moonraker Timed out 
 Setting Chmaber Zones to a= 0.0, b= 0.0, c= 0.0, d= 0.0 not successful
30-10-2024 12:46:45 - INFO - Sending request to Setting Chmaber Zones to a= 0.0, b= 0.0, c= 0.0, d= 0.0 with timeout of 5s...
30-10-2024 12:46:46 - ERROR - E102 : Setting Chmaber Zones to a= 0.0, b= 0.0, c= 0.0, d= 0.0 Request to Moonraker Timed out 
 Setting Chmaber Zones to a= 0.0, b= 0.0, c= 0.0, d= 0.0 not successful
30-10-2024 12:46:46 - INFO - Sending request to Setting Chmaber Zones to a= 0.0, b= 0.0, c= 0.0, d= 0.0 with timeout of 5s...
30-10-2024 12:46:46 - ERROR - E102 : Homing Z axis Request to Moonraker Timed out 
 Homing Z axis not successful
30-10-2024 12:46:46 - INFO - Sending request to Homing Z axis with timeout of 5s...
30-10-2024 12:46:46 - ERROR - E102 : Setting Chmaber Zones to a= 0.0, b= 0.0, c= 0.0, d= 0.0 Request to Moonraker Timed out 
 Setting Chmaber Zones to a= 0.0, b= 0.0, c= 0.0, d= 0.0 not successful
30-10-2024 12:46:46 - INFO - Sending request to Setting Chmaber Zones to a= 0.0, b= 0.0, c= 0.0, d= 0.0 with timeout of 5s...
30-10-2024 12:46:46 - ERROR - E102 : Setting Chmaber Zones to a= 0.0, b= 0.0, c= 0.0, d= 0.0 Request to Moonraker Timed out 
 Setting Chmaber Zones to a= 0.0, b= 0.0, c= 0.0, d= 0.0 not successful
30-10-2024 12:46:46 - INFO - Sending request to Setting Chmaber Zones to a= 0.0, b= 0.0, c= 0.0, d= 0.0 with timeout of 5s...
30-10-2024 12:46:46 - ERROR - E102 : Setting Chmaber Zones to a= 0.0, b= 0.0, c= 0.0, d= 0.0 Request to Moonraker Timed out 
 Setting Chmaber Zones to a= 0.0, b= 0.0, c= 0.0, d= 0.0 not successful
30-10-2024 12:46:46 - INFO - Sending request to Setting Chmaber Zones to a= 0.0, b= 0.0, c= 0.0, d= 0.0 with timeout of 5s...
30-10-2024 12:46:46 - ERROR - E102 : Setting Chmaber Zones to a= 0.0, b= 0.0, c= 0.0, d= 0.0 Request to Moonraker Timed out 
 Setting Chmaber Zones to a= 0.0, b= 0.0, c= 0.0, d= 0.0 not successful
30-10-2024 12:46:47 - INFO - Sending request to Setting Chmaber Zones to a= 0.0, b= 0.0, c= 0.0, d= 0.0 with timeout of 5s...
30-10-2024 12:46:47 - ERROR - E102 : Setting Chmaber Zones to a= 0.0, b= 0.0, c= 0.0, d= 0.0 Request to Moonraker Timed out 
 Setting Chmaber Zones to a= 0.0, b= 0.0, c= 0.0, d= 0.0 not successful
30-10-2024 12:46:47 - INFO - Sending request to Setting Chmaber Zones to a= 0.0, b= 0.0, c= 0.0, d= 0.0 with timeout of 5s...
30-10-2024 12:46:47 - ERROR - E102 : Setting Chmaber Zones to a= 0.0, b= 0.0, c= 0.0, d= 0.0 Request to Moonraker Timed out 
 Setting Chmaber Zones to a= 0.0, b= 0.0, c= 0.0, d= 0.0 not successful
30-10-2024 12:46:47 - INFO - Sending request to Setting Chmaber Zones to a= 0.0, b= 0.0, c= 0.0, d= 0.0 with timeout of 5s...
30-10-2024 12:46:47 - ERROR - E102 : Setting Chmaber Zones to a= 0.0, b= 0.0, c= 0.0, d= 0.0 Request to Moonraker Timed out 
 Setting Chmaber Zones to a= 0.0, b= 0.0, c= 0.0, d= 0.0 not successful
30-10-2024 12:46:47 - INFO - Sending request to Setting Chmaber Zones to a= 0.0, b= 0.0, c= 0.0, d= 0.0 with timeout of 5s...
30-10-2024 12:46:47 - ERROR - E102 : Setting Chmaber Zones to a= 0.0, b= 0.0, c= 0.0, d= 0.0 Request to Moonraker Timed out 
 Setting Chmaber Zones to a= 0.0, b= 0.0, c= 0.0, d= 0.0 not successful
30-10-2024 12:46:47 - INFO - Sending request to Setting Chmaber Zones to a= 0.0, b= 0.0, c= 0.0, d= 0.0 with timeout of 5s...
30-10-2024 12:46:47 - ERROR - E102 : Setting Chmaber Zones to a= 0.0, b= 0.0, c= 0.0, d= 0.0 Request to Moonraker Timed out 
 Setting Chmaber Zones to a= 0.0, b= 0.0, c= 0.0, d= 0.0 not successful
30-10-2024 12:46:48 - INFO - Sending request to Setting Chmaber Zones to a= 0.0, b= 0.0, c= 0.0, d= 0.0 with timeout of 5s...
30-10-2024 12:46:48 - ERROR - E102 : Setting Chmaber Zones to a= 0.0, b= 0.0, c= 0.0, d= 0.0 Request to Moonraker Timed out 
 Setting Chmaber Zones to a= 0.0, b= 0.0, c= 0.0, d= 0.0 not successful
30-10-2024 12:46:48 - INFO - Sending request to Setting Chmaber Zones to a= 0.0, b= 0.0, c= 0.0, d= 0.0 with timeout of 5s...
30-10-2024 12:46:48 - ERROR - E102 : Setting Chmaber Zones to a= 0.0, b= 0.0, c= 0.0, d= 0.0 Request to Moonraker Timed out 
 Setting Chmaber Zones to a= 0.0, b= 0.0, c= 0.0, d= 0.0 not successful
30-10-2024 12:46:48 - INFO - Sending request to Setting Chmaber Zones to a= 0.0, b= 0.0, c= 0.0, d= 0.0 with timeout of 5s...
30-10-2024 12:46:48 - ERROR - E102 : Setting Chmaber Zones to a= 0.0, b= 0.0, c= 0.0, d= 0.0 Request to Moonraker Timed out 
 Setting Chmaber Zones to a= 0.0, b= 0.0, c= 0.0, d= 0.0 not successful
30-10-2024 12:46:48 - INFO - Sending request to Setting Chmaber Zones to a= 0.0, b= 0.0, c= 0.0, d= 0.0 with timeout of 5s...
30-10-2024 12:46:48 - ERROR - E102 : Setting Chmaber Zones to a= 0.0, b= 0.0, c= 0.0, d= 0.0 Request to Moonraker Timed out 
 Setting Chmaber Zones to a= 0.0, b= 0.0, c= 0.0, d= 0.0 not successful
30-10-2024 12:46:48 - INFO - Sending request to Setting Chmaber Zones to a= 0.0, b= 0.0, c= 0.0, d= 0.0 with timeout of 5s...
30-10-2024 12:46:49 - ERROR - E102 : Setting Chmaber Zones to a= 0.0, b= 0.0, c= 0.0, d= 0.0 Request to Moonraker Timed out 
 Setting Chmaber Zones to a= 0.0, b= 0.0, c= 0.0, d= 0.0 not successful
30-10-2024 12:46:49 - INFO - Sending request to Setting Chmaber Zones to a= 0.0, b= 0.0, c= 0.0, d= 0.0 with timeout of 5s...
30-10-2024 12:46:49 - ERROR - E102 : Setting Chmaber Zones to a= 0.0, b= 0.0, c= 0.0, d= 0.0 Request to Moonraker Timed out 
 Setting Chmaber Zones to a= 0.0, b= 0.0, c= 0.0, d= 0.0 not successful
30-10-2024 12:46:49 - INFO - Sending request to Setting Chmaber Zones to a= 0.0, b= 0.0, c= 0.0, d= 0.0 with timeout of 5s...
30-10-2024 12:46:49 - ERROR - E102 : Setting Chmaber Zones to a= 0.0, b= 0.0, c= 0.0, d= 0.0 Request to Moonraker Timed out 
 Setting Chmaber Zones to a= 0.0, b= 0.0, c= 0.0, d= 0.0 not successful
30-10-2024 12:46:49 - INFO - Sending request to Setting Chmaber Zones to a= 0.0, b= 0.0, c= 0.0, d= 0.0 with timeout of 5s...
30-10-2024 12:46:49 - INFO - Sending request to Setting Chmaber Zones to a= 0.0, b= 0.0, c= 0.0, d= 0.0 with timeout of 5s...
30-10-2024 12:46:49 - INFO - Sending request to Setting Chmaber Zones to a= 0.0, b= 0.0, c= 0.0, d= 0.0 with timeout of 5s...
30-10-2024 12:46:50 - INFO - Sending request to Setting Chmaber Zones to a= 0.0, b= 0.0, c= 0.0, d= 0.0 with timeout of 5s...
30-10-2024 12:46:50 - INFO - Sending request to Setting Chmaber Zones to a= 0.0, b= 0.0, c= 0.0, d= 0.0 with timeout of 5s...
30-10-2024 12:46:50 - ERROR - E102 : Setting Chmaber Zones to a= 0.0, b= 0.0, c= 0.0, d= 0.0 Request to Moonraker Timed out 
 Setting Chmaber Zones to a= 0.0, b= 0.0, c= 0.0, d= 0.0 not successful
30-10-2024 12:46:50 - ERROR - E102 : Setting Chmaber Zones to a= 0.0, b= 0.0, c= 0.0, d= 0.0 Request to Moonraker Timed out 
 Setting Chmaber Zones to a= 0.0, b= 0.0, c= 0.0, d= 0.0 not successful
30-10-2024 12:46:50 - ERROR - E102 : Setting Chmaber Zones to a= 0.0, b= 0.0, c= 0.0, d= 0.0 Request to Moonraker Timed out 
 Setting Chmaber Zones to a= 0.0, b= 0.0, c= 0.0, d= 0.0 not successful
30-10-2024 12:46:50 - ERROR - E102 : Setting Chmaber Zones to a= 0.0, b= 0.0, c= 0.0, d= 0.0 Request to Moonraker Timed out 
 Setting Chmaber Zones to a= 0.0, b= 0.0, c= 0.0, d= 0.0 not successful
30-10-2024 12:46:50 - ERROR - E102 : Setting Chmaber Zones to a= 0.0, b= 0.0, c= 0.0, d= 0.0 Request to Moonraker Timed out 
 Setting Chmaber Zones to a= 0.0, b= 0.0, c= 0.0, d= 0.0 not successful
30-10-2024 12:46:50 - INFO - Sending request to Setting Chmaber Zones to a= 0.0, b= 0.0, c= 0.0, d= 0.0 with timeout of 5s...
30-10-2024 12:46:50 - ERROR - E102 : Setting Chmaber Zones to a= 0.0, b= 0.0, c= 0.0, d= 0.0 Request to Moonraker Timed out 
 Setting Chmaber Zones to a= 0.0, b= 0.0, c= 0.0, d= 0.0 not successful
30-10-2024 12:46:50 - INFO - Sending request to Setting Chmaber Zones to a= 0.0, b= 0.0, c= 0.0, d= 0.0 with timeout of 5s...
30-10-2024 12:46:50 - ERROR - E102 : Setting Chmaber Zones to a= 0.0, b= 0.0, c= 0.0, d= 0.0 Request to Moonraker Timed out 
 Setting Chmaber Zones to a= 0.0, b= 0.0, c= 0.0, d= 0.0 not successful
30-10-2024 12:46:50 - INFO - Sending request to Setting Chmaber Zones to a= 0.0, b= 0.0, c= 0.0, d= 0.0 with timeout of 5s...
30-10-2024 12:46:51 - ERROR - E102 : Setting Chmaber Zones to a= 0.0, b= 0.0, c= 0.0, d= 0.0 Request to Moonraker Timed out 
 Setting Chmaber Zones to a= 0.0, b= 0.0, c= 0.0, d= 0.0 not successful
30-10-2024 12:46:51 - INFO - Sending request to Setting Chmaber Zones to a= 0.0, b= 0.0, c= 0.0, d= 0.0 with timeout of 5s...
30-10-2024 12:46:51 - ERROR - E102 : Setting Chmaber Zones to a= 0.0, b= 0.0, c= 0.0, d= 0.0 Request to Moonraker Timed out 
 Setting Chmaber Zones to a= 0.0, b= 0.0, c= 0.0, d= 0.0 not successful
30-10-2024 12:46:51 - INFO - Sending request to Setting Chmaber Zones to a= 0.0, b= 0.0, c= 0.0, d= 0.0 with timeout of 5s...
30-10-2024 12:46:51 - ERROR - E102 : Homing Z axis Request to Moonraker Timed out 
 Homing Z axis not successful
30-10-2024 12:46:51 - INFO - Sending request to Homing Z axis with timeout of 5s...
30-10-2024 12:46:51 - ERROR - E102 : Setting Chmaber Zones to a= 0.0, b= 0.0, c= 0.0, d= 0.0 Request to Moonraker Timed out 
 Setting Chmaber Zones to a= 0.0, b= 0.0, c= 0.0, d= 0.0 not successful
30-10-2024 12:46:51 - INFO - Sending request to Setting Chmaber Zones to a= 0.0, b= 0.0, c= 0.0, d= 0.0 with timeout of 5s...
30-10-2024 12:46:51 - ERROR - E102 : Setting Chmaber Zones to a= 0.0, b= 0.0, c= 0.0, d= 0.0 Request to Moonraker Timed out 
 Setting Chmaber Zones to a= 0.0, b= 0.0, c= 0.0, d= 0.0 not successful
30-10-2024 12:46:51 - INFO - Sending request to Setting Chmaber Zones to a= 0.0, b= 0.0, c= 0.0, d= 0.0 with timeout of 5s...
30-10-2024 12:46:51 - ERROR - E102 : Setting Chmaber Zones to a= 0.0, b= 0.0, c= 0.0, d= 0.0 Request to Moonraker Timed out 
 Setting Chmaber Zones to a= 0.0, b= 0.0, c= 0.0, d= 0.0 not successful
30-10-2024 12:46:51 - INFO - Sending request to Setting Chmaber Zones to a= 0.0, b= 0.0, c= 0.0, d= 0.0 with timeout of 5s...
30-10-2024 12:46:52 - ERROR - E102 : Setting Chmaber Zones to a= 0.0, b= 0.0, c= 0.0, d= 0.0 Request to Moonraker Timed out 
 Setting Chmaber Zones to a= 0.0, b= 0.0, c= 0.0, d= 0.0 not successful
30-10-2024 12:46:52 - INFO - Sending request to Setting Chmaber Zones to a= 0.0, b= 0.0, c= 0.0, d= 0.0 with timeout of 5s...
30-10-2024 12:46:52 - ERROR - E102 : Setting Chmaber Zones to a= 0.0, b= 0.0, c= 0.0, d= 0.0 Request to Moonraker Timed out 
 Setting Chmaber Zones to a= 0.0, b= 0.0, c= 0.0, d= 0.0 not successful
30-10-2024 12:46:52 - INFO - Sending request to Setting Chmaber Zones to a= 0.0, b= 0.0, c= 0.0, d= 0.0 with timeout of 5s...
30-10-2024 12:46:52 - ERROR - E102 : Setting Chmaber Zones to a= 0.0, b= 0.0, c= 0.0, d= 0.0 Request to Moonraker Timed out 
 Setting Chmaber Zones to a= 0.0, b= 0.0, c= 0.0, d= 0.0 not successful
30-10-2024 12:46:52 - INFO - Sending request to Setting Chmaber Zones to a= 0.0, b= 0.0, c= 0.0, d= 0.0 with timeout of 5s...
30-10-2024 12:46:52 - ERROR - E102 : Setting Chmaber Zones to a= 0.0, b= 0.0, c= 0.0, d= 0.0 Request to Moonraker Timed out 
 Setting Chmaber Zones to a= 0.0, b= 0.0, c= 0.0, d= 0.0 not successful
30-10-2024 12:46:52 - INFO - Sending request to Setting Chmaber Zones to a= 0.0, b= 0.0, c= 0.0, d= 0.0 with timeout of 5s...
30-10-2024 12:46:52 - ERROR - E102 : Setting Chmaber Zones to a= 0.0, b= 0.0, c= 0.0, d= 0.0 Request to Moonraker Timed out 
 Setting Chmaber Zones to a= 0.0, b= 0.0, c= 0.0, d= 0.0 not successful
30-10-2024 12:46:52 - INFO - Sending request to Setting Chmaber Zones to a= 0.0, b= 0.0, c= 0.0, d= 0.0 with timeout of 5s...
30-10-2024 12:46:53 - ERROR - E102 : Setting Chmaber Zones to a= 0.0, b= 0.0, c= 0.0, d= 0.0 Request to Moonraker Timed out 
 Setting Chmaber Zones to a= 0.0, b= 0.0, c= 0.0, d= 0.0 not successful
30-10-2024 12:46:53 - INFO - Sending request to Setting Chmaber Zones to a= 0.0, b= 0.0, c= 0.0, d= 0.0 with timeout of 5s...
30-10-2024 12:46:53 - ERROR - E102 : Setting Chmaber Zones to a= 0.0, b= 0.0, c= 0.0, d= 0.0 Request to Moonraker Timed out 
 Setting Chmaber Zones to a= 0.0, b= 0.0, c= 0.0, d= 0.0 not successful
30-10-2024 12:46:53 - INFO - Sending request to Setting Chmaber Zones to a= 0.0, b= 0.0, c= 0.0, d= 0.0 with timeout of 5s...
30-10-2024 12:46:53 - ERROR - E102 : Setting Chmaber Zones to a= 0.0, b= 0.0, c= 0.0, d= 0.0 Request to Moonraker Timed out 
 Setting Chmaber Zones to a= 0.0, b= 0.0, c= 0.0, d= 0.0 not successful
30-10-2024 12:46:53 - INFO - Sending request to Setting Chmaber Zones to a= 0.0, b= 0.0, c= 0.0, d= 0.0 with timeout of 5s...
30-10-2024 12:46:53 - ERROR - E102 : Setting Chmaber Zones to a= 0.0, b= 0.0, c= 0.0, d= 0.0 Request to Moonraker Timed out 
 Setting Chmaber Zones to a= 0.0, b= 0.0, c= 0.0, d= 0.0 not successful
30-10-2024 12:46:53 - INFO - Sending request to Setting Chmaber Zones to a= 0.0, b= 0.0, c= 0.0, d= 0.0 with timeout of 5s...
30-10-2024 12:46:53 - ERROR - E102 : Setting Chmaber Zones to a= 0.0, b= 0.0, c= 0.0, d= 0.0 Request to Moonraker Timed out 
 Setting Chmaber Zones to a= 0.0, b= 0.0, c= 0.0, d= 0.0 not successful
30-10-2024 12:46:53 - INFO - Sending request to Setting Chmaber Zones to a= 0.0, b= 0.0, c= 0.0, d= 0.0 with timeout of 5s...
30-10-2024 12:46:54 - ERROR - E102 : Setting Chmaber Zones to a= 0.0, b= 0.0, c= 0.0, d= 0.0 Request to Moonraker Timed out 
 Setting Chmaber Zones to a= 0.0, b= 0.0, c= 0.0, d= 0.0 not successful
30-10-2024 12:46:54 - INFO - Sending request to Setting Chmaber Zones to a= 0.0, b= 0.0, c= 0.0, d= 0.0 with timeout of 5s...
30-10-2024 12:46:54 - ERROR - E102 : Setting Chmaber Zones to a= 0.0, b= 0.0, c= 0.0, d= 0.0 Request to Moonraker Timed out 
 Setting Chmaber Zones to a= 0.0, b= 0.0, c= 0.0, d= 0.0 not successful
30-10-2024 12:46:54 - INFO - Sending request to Setting Chmaber Zones to a= 0.0, b= 0.0, c= 0.0, d= 0.0 with timeout of 5s...
30-10-2024 12:46:54 - ERROR - E102 : Setting Chmaber Zones to a= 0.0, b= 0.0, c= 0.0, d= 0.0 Request to Moonraker Timed out 
 Setting Chmaber Zones to a= 0.0, b= 0.0, c= 0.0, d= 0.0 not successful
30-10-2024 12:46:54 - INFO - Sending request to Setting Chmaber Zones to a= 0.0, b= 0.0, c= 0.0, d= 0.0 with timeout of 5s...
30-10-2024 12:46:54 - ERROR - E102 : Setting Chmaber Zones to a= 0.0, b= 0.0, c= 0.0, d= 0.0 Request to Moonraker Timed out 
 Setting Chmaber Zones to a= 0.0, b= 0.0, c= 0.0, d= 0.0 not successful
30-10-2024 12:46:54 - INFO - Sending request to Setting Chmaber Zones to a= 0.0, b= 0.0, c= 0.0, d= 0.0 with timeout of 5s...
30-10-2024 12:46:54 - ERROR - E102 : Setting Chmaber Zones to a= 0.0, b= 0.0, c= 0.0, d= 0.0 Request to Moonraker Timed out 
 Setting Chmaber Zones to a= 0.0, b= 0.0, c= 0.0, d= 0.0 not successful
30-10-2024 12:46:54 - INFO - Sending request to Setting Chmaber Zones to a= 0.0, b= 0.0, c= 0.0, d= 0.0 with timeout of 5s...
30-10-2024 12:46:55 - ERROR - E102 : Setting Chmaber Zones to a= 0.0, b= 0.0, c= 0.0, d= 0.0 Request to Moonraker Timed out 
 Setting Chmaber Zones to a= 0.0, b= 0.0, c= 0.0, d= 0.0 not successful
30-10-2024 12:46:55 - INFO - Sending request to Setting Chmaber Zones to a= 0.0, b= 0.0, c= 0.0, d= 0.0 with timeout of 5s...
30-10-2024 12:46:55 - ERROR - E102 : Setting Chmaber Zones to a= 0.0, b= 0.0, c= 0.0, d= 0.0 Request to Moonraker Timed out 
 Setting Chmaber Zones to a= 0.0, b= 0.0, c= 0.0, d= 0.0 not successful
30-10-2024 12:46:55 - INFO - Sending request to Setting Chmaber Zones to a= 0.0, b= 0.0, c= 0.0, d= 0.0 with timeout of 5s...
30-10-2024 12:46:55 - ERROR - E102 : Setting Chmaber Zones to a= 0.0, b= 0.0, c= 0.0, d= 0.0 Request to Moonraker Timed out 
 Setting Chmaber Zones to a= 0.0, b= 0.0, c= 0.0, d= 0.0 not successful
30-10-2024 12:46:55 - INFO - Sending request to Setting Chmaber Zones to a= 0.0, b= 0.0, c= 0.0, d= 0.0 with timeout of 5s...
30-10-2024 12:46:55 - ERROR - E102 : Setting Chmaber Zones to a= 0.0, b= 0.0, c= 0.0, d= 0.0 Request to Moonraker Timed out 
 Setting Chmaber Zones to a= 0.0, b= 0.0, c= 0.0, d= 0.0 not successful
30-10-2024 12:46:55 - INFO - Sending request to Setting Chmaber Zones to a= 0.0, b= 0.0, c= 0.0, d= 0.0 with timeout of 5s...
30-10-2024 12:46:55 - ERROR - E102 : Setting Chmaber Zones to a= 0.0, b= 0.0, c= 0.0, d= 0.0 Request to Moonraker Timed out 
 Setting Chmaber Zones to a= 0.0, b= 0.0, c= 0.0, d= 0.0 not successful
30-10-2024 12:46:55 - INFO - Sending request to Setting Chmaber Zones to a= 0.0, b= 0.0, c= 0.0, d= 0.0 with timeout of 5s...
30-10-2024 12:46:56 - ERROR - E102 : Setting Chmaber Zones to a= 0.0, b= 0.0, c= 0.0, d= 0.0 Request to Moonraker Timed out 
 Setting Chmaber Zones to a= 0.0, b= 0.0, c= 0.0, d= 0.0 not successful
30-10-2024 12:46:56 - INFO - Sending request to Setting Chmaber Zones to a= 0.0, b= 0.0, c= 0.0, d= 0.0 with timeout of 5s...
30-10-2024 12:46:56 - ERROR - E102 : Setting Chmaber Zones to a= 0.0, b= 0.0, c= 0.0, d= 0.0 Request to Moonraker Timed out 
 Setting Chmaber Zones to a= 0.0, b= 0.0, c= 0.0, d= 0.0 not successful
30-10-2024 12:46:56 - INFO - Sending request to Setting Chmaber Zones to a= 0.0, b= 0.0, c= 0.0, d= 0.0 with timeout of 5s...
30-10-2024 12:46:56 - ERROR - E102 : Homing Z axis Request to Moonraker Timed out 
 Homing Z axis not successful
30-10-2024 12:46:56 - INFO - Sending Z position query to printer...
30-10-2024 12:46:56 - ERROR - E102 : Setting Chmaber Zones to a= 0.0, b= 0.0, c= 0.0, d= 0.0 Request to Moonraker Timed out 
 Setting Chmaber Zones to a= 0.0, b= 0.0, c= 0.0, d= 0.0 not successful
30-10-2024 12:46:56 - INFO - Sending request to Setting Chmaber Zones to a= 0.0, b= 0.0, c= 0.0, d= 0.0 with timeout of 5s...
30-10-2024 12:46:56 - INFO - Request successful. Parsing JSON response...
30-10-2024 12:46:56 - INFO - Z position: -268.025
30-10-2024 12:46:56 - INFO - Sending request to Recoater go LEFT with timeout of 5s...
30-10-2024 12:46:56 - ERROR - E102 : Setting Chmaber Zones to a= 0.0, b= 0.0, c= 0.0, d= 0.0 Request to Moonraker Timed out 
 Setting Chmaber Zones to a= 0.0, b= 0.0, c= 0.0, d= 0.0 not successful
30-10-2024 12:46:56 - INFO - Sending request to Setting Chmaber Zones to a= 0.0, b= 0.0, c= 0.0, d= 0.0 with timeout of 5s...
30-10-2024 12:46:56 - ERROR - E102 : Setting Chmaber Zones to a= 0.0, b= 0.0, c= 0.0, d= 0.0 Request to Moonraker Timed out 
 Setting Chmaber Zones to a= 0.0, b= 0.0, c= 0.0, d= 0.0 not successful
30-10-2024 12:46:56 - INFO - Sending request to Setting Chmaber Zones to a= 0.0, b= 0.0, c= 0.0, d= 0.0 with timeout of 5s...
30-10-2024 12:46:57 - ERROR - E102 : Setting Chmaber Zones to a= 0.0, b= 0.0, c= 0.0, d= 0.0 Request to Moonraker Timed out 
 Setting Chmaber Zones to a= 0.0, b= 0.0, c= 0.0, d= 0.0 not successful
30-10-2024 12:46:57 - INFO - Sending request to Setting Chmaber Zones to a= 0.0, b= 0.0, c= 0.0, d= 0.0 with timeout of 5s...
30-10-2024 12:46:57 - ERROR - E102 : Setting Chmaber Zones to a= 0.0, b= 0.0, c= 0.0, d= 0.0 Request to Moonraker Timed out 
 Setting Chmaber Zones to a= 0.0, b= 0.0, c= 0.0, d= 0.0 not successful
30-10-2024 12:46:57 - INFO - Sending request to Setting Chmaber Zones to a= 0.0, b= 0.0, c= 0.0, d= 0.0 with timeout of 5s...
30-10-2024 12:46:57 - ERROR - E102 : Setting Chmaber Zones to a= 0.0, b= 0.0, c= 0.0, d= 0.0 Request to Moonraker Timed out 
 Setting Chmaber Zones to a= 0.0, b= 0.0, c= 0.0, d= 0.0 not successful
30-10-2024 12:46:57 - INFO - Sending request to Setting Chmaber Zones to a= 0.0, b= 0.0, c= 0.0, d= 0.0 with timeout of 5s...
30-10-2024 12:46:57 - ERROR - E102 : Setting Chmaber Zones to a= 0.0, b= 0.0, c= 0.0, d= 0.0 Request to Moonraker Timed out 
 Setting Chmaber Zones to a= 0.0, b= 0.0, c= 0.0, d= 0.0 not successful
30-10-2024 12:46:57 - INFO - Sending request to Setting Chmaber Zones to a= 0.0, b= 0.0, c= 0.0, d= 0.0 with timeout of 5s...
30-10-2024 12:46:57 - ERROR - E102 : Setting Chmaber Zones to a= 0.0, b= 0.0, c= 0.0, d= 0.0 Request to Moonraker Timed out 
 Setting Chmaber Zones to a= 0.0, b= 0.0, c= 0.0, d= 0.0 not successful
30-10-2024 12:46:57 - INFO - Sending request to Setting Chmaber Zones to a= 0.0, b= 0.0, c= 0.0, d= 0.0 with timeout of 5s...
30-10-2024 12:46:58 - ERROR - E102 : Setting Chmaber Zones to a= 0.0, b= 0.0, c= 0.0, d= 0.0 Request to Moonraker Timed out 
 Setting Chmaber Zones to a= 0.0, b= 0.0, c= 0.0, d= 0.0 not successful
30-10-2024 12:46:58 - INFO - Sending request to Setting Chmaber Zones to a= 0.0, b= 0.0, c= 0.0, d= 0.0 with timeout of 5s...
30-10-2024 12:46:58 - ERROR - E102 : Setting Chmaber Zones to a= 0.0, b= 0.0, c= 0.0, d= 0.0 Request to Moonraker Timed out 
 Setting Chmaber Zones to a= 0.0, b= 0.0, c= 0.0, d= 0.0 not successful
30-10-2024 12:46:58 - INFO - Sending request to Setting Chmaber Zones to a= 0.0, b= 0.0, c= 0.0, d= 0.0 with timeout of 5s...
30-10-2024 12:46:58 - ERROR - E102 : Setting Chmaber Zones to a= 0.0, b= 0.0, c= 0.0, d= 0.0 Request to Moonraker Timed out 
 Setting Chmaber Zones to a= 0.0, b= 0.0, c= 0.0, d= 0.0 not successful
30-10-2024 12:46:58 - INFO - Sending request to Setting Chmaber Zones to a= 0.0, b= 0.0, c= 0.0, d= 0.0 with timeout of 5s...
30-10-2024 12:46:58 - ERROR - E102 : Setting Chmaber Zones to a= 0.0, b= 0.0, c= 0.0, d= 0.0 Request to Moonraker Timed out 
 Setting Chmaber Zones to a= 0.0, b= 0.0, c= 0.0, d= 0.0 not successful
30-10-2024 12:46:58 - INFO - Sending request to Setting Chmaber Zones to a= 0.0, b= 0.0, c= 0.0, d= 0.0 with timeout of 5s...
30-10-2024 12:46:58 - ERROR - E102 : Setting Chmaber Zones to a= 0.0, b= 0.0, c= 0.0, d= 0.0 Request to Moonraker Timed out 
 Setting Chmaber Zones to a= 0.0, b= 0.0, c= 0.0, d= 0.0 not successful
30-10-2024 12:46:58 - INFO - Sending request to Setting Chmaber Zones to a= 0.0, b= 0.0, c= 0.0, d= 0.0 with timeout of 5s...
30-10-2024 12:46:59 - ERROR - E102 : Setting Chmaber Zones to a= 0.0, b= 0.0, c= 0.0, d= 0.0 Request to Moonraker Timed out 
 Setting Chmaber Zones to a= 0.0, b= 0.0, c= 0.0, d= 0.0 not successful
30-10-2024 12:46:59 - INFO - Sending request to Setting Chmaber Zones to a= 0.0, b= 0.0, c= 0.0, d= 0.0 with timeout of 5s...
30-10-2024 12:46:59 - ERROR - E102 : Setting Chmaber Zones to a= 0.0, b= 0.0, c= 0.0, d= 0.0 Request to Moonraker Timed out 
 Setting Chmaber Zones to a= 0.0, b= 0.0, c= 0.0, d= 0.0 not successful
30-10-2024 12:46:59 - INFO - Sending request to Setting Chmaber Zones to a= 0.0, b= 0.0, c= 0.0, d= 0.0 with timeout of 5s...
30-10-2024 12:46:59 - ERROR - E102 : Setting Chmaber Zones to a= 0.0, b= 0.0, c= 0.0, d= 0.0 Request to Moonraker Timed out 
 Setting Chmaber Zones to a= 0.0, b= 0.0, c= 0.0, d= 0.0 not successful
30-10-2024 12:46:59 - INFO - Sending request to Setting Chmaber Zones to a= 0.0, b= 0.0, c= 0.0, d= 0.0 with timeout of 5s...
30-10-2024 12:46:59 - ERROR - E102 : Setting Chmaber Zones to a= 0.0, b= 0.0, c= 0.0, d= 0.0 Request to Moonraker Timed out 
 Setting Chmaber Zones to a= 0.0, b= 0.0, c= 0.0, d= 0.0 not successful
30-10-2024 12:46:59 - INFO - Sending request to Setting Chmaber Zones to a= 0.0, b= 0.0, c= 0.0, d= 0.0 with timeout of 5s...
30-10-2024 12:46:59 - ERROR - E102 : Setting Chmaber Zones to a= 0.0, b= 0.0, c= 0.0, d= 0.0 Request to Moonraker Timed out 
 Setting Chmaber Zones to a= 0.0, b= 0.0, c= 0.0, d= 0.0 not successful
30-10-2024 12:46:59 - INFO - Sending request to Setting Chmaber Zones to a= 0.0, b= 0.0, c= 0.0, d= 0.0 with timeout of 5s...
30-10-2024 12:47:00 - ERROR - E102 : Setting Chmaber Zones to a= 0.0, b= 0.0, c= 0.0, d= 0.0 Request to Moonraker Timed out 
 Setting Chmaber Zones to a= 0.0, b= 0.0, c= 0.0, d= 0.0 not successful
30-10-2024 12:47:00 - INFO - Sending request to Setting Chmaber Zones to a= 0.0, b= 0.0, c= 0.0, d= 0.0 with timeout of 5s...
30-10-2024 12:47:00 - ERROR - E102 : Setting Chmaber Zones to a= 0.0, b= 0.0, c= 0.0, d= 0.0 Request to Moonraker Timed out 
 Setting Chmaber Zones to a= 0.0, b= 0.0, c= 0.0, d= 0.0 not successful
30-10-2024 12:47:00 - INFO - Sending request to Setting Chmaber Zones to a= 0.0, b= 0.0, c= 0.0, d= 0.0 with timeout of 5s...
30-10-2024 12:47:00 - ERROR - E102 : Setting Chmaber Zones to a= 0.0, b= 0.0, c= 0.0, d= 0.0 Request to Moonraker Timed out 
 Setting Chmaber Zones to a= 0.0, b= 0.0, c= 0.0, d= 0.0 not successful
30-10-2024 12:47:00 - INFO - Sending request to Setting Chmaber Zones to a= 0.0, b= 0.0, c= 0.0, d= 0.0 with timeout of 5s...
30-10-2024 12:47:00 - ERROR - E102 : Setting Chmaber Zones to a= 0.0, b= 0.0, c= 0.0, d= 0.0 Request to Moonraker Timed out 
 Setting Chmaber Zones to a= 0.0, b= 0.0, c= 0.0, d= 0.0 not successful
30-10-2024 12:47:00 - INFO - Sending request to Setting Chmaber Zones to a= 0.0, b= 0.0, c= 0.0, d= 0.0 with timeout of 5s...
30-10-2024 12:47:00 - ERROR - E102 : Setting Chmaber Zones to a= 0.0, b= 0.0, c= 0.0, d= 0.0 Request to Moonraker Timed out 
 Setting Chmaber Zones to a= 0.0, b= 0.0, c= 0.0, d= 0.0 not successful
30-10-2024 12:47:00 - INFO - Sending request to Setting Chmaber Zones to a= 0.0, b= 0.0, c= 0.0, d= 0.0 with timeout of 5s...
30-10-2024 12:47:01 - ERROR - E102 : Setting Chmaber Zones to a= 0.0, b= 0.0, c= 0.0, d= 0.0 Request to Moonraker Timed out 
 Setting Chmaber Zones to a= 0.0, b= 0.0, c= 0.0, d= 0.0 not successful
30-10-2024 12:47:01 - INFO - Sending request to Setting Chmaber Zones to a= 0.0, b= 0.0, c= 0.0, d= 0.0 with timeout of 5s...
30-10-2024 12:47:01 - ERROR - E102 : Setting Chmaber Zones to a= 0.0, b= 0.0, c= 0.0, d= 0.0 Request to Moonraker Timed out 
 Setting Chmaber Zones to a= 0.0, b= 0.0, c= 0.0, d= 0.0 not successful
30-10-2024 12:47:01 - INFO - Sending request to Setting Chmaber Zones to a= 0.0, b= 0.0, c= 0.0, d= 0.0 with timeout of 5s...
30-10-2024 12:47:01 - ERROR - E102 : Setting Chmaber Zones to a= 0.0, b= 0.0, c= 0.0, d= 0.0 Request to Moonraker Timed out 
 Setting Chmaber Zones to a= 0.0, b= 0.0, c= 0.0, d= 0.0 not successful
30-10-2024 12:47:01 - INFO - Sending request to Setting Chmaber Zones to a= 0.0, b= 0.0, c= 0.0, d= 0.0 with timeout of 5s...
30-10-2024 12:47:01 - ERROR - E102 : Recoater go LEFT Request to Moonraker Timed out 
 Recoater go LEFT not successful
30-10-2024 12:47:01 - INFO - Sending request to pre-layer-gcodes with timeout of 5s...
30-10-2024 12:47:01 - ERROR - E102 : Setting Chmaber Zones to a= 0.0, b= 0.0, c= 0.0, d= 0.0 Request to Moonraker Timed out 
 Setting Chmaber Zones to a= 0.0, b= 0.0, c= 0.0, d= 0.0 not successful
30-10-2024 12:47:01 - INFO - Sending request to Setting Chmaber Zones to a= 0.0, b= 0.0, c= 0.0, d= 0.0 with timeout of 5s...
30-10-2024 12:47:01 - ERROR - E102 : Setting Chmaber Zones to a= 0.0, b= 0.0, c= 0.0, d= 0.0 Request to Moonraker Timed out 
 Setting Chmaber Zones to a= 0.0, b= 0.0, c= 0.0, d= 0.0 not successful
30-10-2024 12:47:01 - INFO - Sending request to Setting Chmaber Zones to a= 0.0, b= 0.0, c= 0.0, d= 0.0 with timeout of 5s...
30-10-2024 12:47:02 - ERROR - E102 : Setting Chmaber Zones to a= 0.0, b= 0.0, c= 0.0, d= 0.0 Request to Moonraker Timed out 
 Setting Chmaber Zones to a= 0.0, b= 0.0, c= 0.0, d= 0.0 not successful
30-10-2024 12:47:02 - INFO - Sending request to Setting Chmaber Zones to a= 0.0, b= 0.0, c= 0.0, d= 0.0 with timeout of 5s...
30-10-2024 12:47:02 - ERROR - E102 : Setting Chmaber Zones to a= 0.0, b= 0.0, c= 0.0, d= 0.0 Request to Moonraker Timed out 
 Setting Chmaber Zones to a= 0.0, b= 0.0, c= 0.0, d= 0.0 not successful
30-10-2024 12:47:02 - INFO - Sending request to Setting Chmaber Zones to a= 0.0, b= 0.0, c= 0.0, d= 0.0 with timeout of 5s...
30-10-2024 12:47:02 - ERROR - E102 : Setting Chmaber Zones to a= 0.0, b= 0.0, c= 0.0, d= 0.0 Request to Moonraker Timed out 
 Setting Chmaber Zones to a= 0.0, b= 0.0, c= 0.0, d= 0.0 not successful
30-10-2024 12:47:02 - INFO - Sending request to Setting Chmaber Zones to a= 0.0, b= 0.0, c= 0.0, d= 0.0 with timeout of 5s...
30-10-2024 12:47:02 - ERROR - E102 : Setting Chmaber Zones to a= 0.0, b= 0.0, c= 0.0, d= 0.0 Request to Moonraker Timed out 
 Setting Chmaber Zones to a= 0.0, b= 0.0, c= 0.0, d= 0.0 not successful
30-10-2024 12:47:02 - INFO - Sending request to Setting Chmaber Zones to a= 0.0, b= 0.0, c= 0.0, d= 0.0 with timeout of 5s...
30-10-2024 12:47:02 - ERROR - E102 : Setting Chmaber Zones to a= 0.0, b= 0.0, c= 0.0, d= 0.0 Request to Moonraker Timed out 
 Setting Chmaber Zones to a= 0.0, b= 0.0, c= 0.0, d= 0.0 not successful
30-10-2024 12:47:02 - INFO - Sending request to Setting Chmaber Zones to a= 0.0, b= 0.0, c= 0.0, d= 0.0 with timeout of 5s...
30-10-2024 12:47:03 - ERROR - E102 : Setting Chmaber Zones to a= 0.0, b= 0.0, c= 0.0, d= 0.0 Request to Moonraker Timed out 
 Setting Chmaber Zones to a= 0.0, b= 0.0, c= 0.0, d= 0.0 not successful
30-10-2024 12:47:03 - INFO - Sending request to Setting Chmaber Zones to a= 0.0, b= 0.0, c= 0.0, d= 0.0 with timeout of 5s...
30-10-2024 12:47:03 - ERROR - E102 : Setting Chmaber Zones to a= 0.0, b= 0.0, c= 0.0, d= 0.0 Request to Moonraker Timed out 
 Setting Chmaber Zones to a= 0.0, b= 0.0, c= 0.0, d= 0.0 not successful
30-10-2024 12:47:03 - INFO - Sending request to Setting Chmaber Zones to a= 0.0, b= 0.0, c= 0.0, d= 0.0 with timeout of 5s...
30-10-2024 12:47:03 - ERROR - E102 : Setting Chmaber Zones to a= 0.0, b= 0.0, c= 0.0, d= 0.0 Request to Moonraker Timed out 
 Setting Chmaber Zones to a= 0.0, b= 0.0, c= 0.0, d= 0.0 not successful
30-10-2024 12:47:03 - INFO - Sending request to Setting Chmaber Zones to a= 0.0, b= 0.0, c= 0.0, d= 0.0 with timeout of 5s...
30-10-2024 12:47:03 - ERROR - E102 : Setting Chmaber Zones to a= 0.0, b= 0.0, c= 0.0, d= 0.0 Request to Moonraker Timed out 
 Setting Chmaber Zones to a= 0.0, b= 0.0, c= 0.0, d= 0.0 not successful
30-10-2024 12:47:03 - INFO - Sending request to Setting Chmaber Zones to a= 0.0, b= 0.0, c= 0.0, d= 0.0 with timeout of 5s...
30-10-2024 12:47:03 - ERROR - E102 : Setting Chmaber Zones to a= 0.0, b= 0.0, c= 0.0, d= 0.0 Request to Moonraker Timed out 
 Setting Chmaber Zones to a= 0.0, b= 0.0, c= 0.0, d= 0.0 not successful
30-10-2024 12:47:03 - INFO - Sending request to Setting Chmaber Zones to a= 0.0, b= 0.0, c= 0.0, d= 0.0 with timeout of 5s...
30-10-2024 12:47:04 - ERROR - E102 : Setting Chmaber Zones to a= 0.0, b= 0.0, c= 0.0, d= 0.0 Request to Moonraker Timed out 
 Setting Chmaber Zones to a= 0.0, b= 0.0, c= 0.0, d= 0.0 not successful
30-10-2024 12:47:04 - INFO - Sending request to Setting Chmaber Zones to a= 0.0, b= 0.0, c= 0.0, d= 0.0 with timeout of 5s...
30-10-2024 12:47:04 - ERROR - E102 : Setting Chmaber Zones to a= 0.0, b= 0.0, c= 0.0, d= 0.0 Request to Moonraker Timed out 
 Setting Chmaber Zones to a= 0.0, b= 0.0, c= 0.0, d= 0.0 not successful
30-10-2024 12:47:04 - INFO - Sending request to Setting Chmaber Zones to a= 0.0, b= 0.0, c= 0.0, d= 0.0 with timeout of 5s...
30-10-2024 12:47:04 - ERROR - E102 : Setting Chmaber Zones to a= 0.0, b= 0.0, c= 0.0, d= 0.0 Request to Moonraker Timed out 
 Setting Chmaber Zones to a= 0.0, b= 0.0, c= 0.0, d= 0.0 not successful
30-10-2024 12:47:04 - INFO - Sending request to Setting Chmaber Zones to a= 0.0, b= 0.0, c= 0.0, d= 0.0 with timeout of 5s...
30-10-2024 12:47:04 - ERROR - E102 : Setting Chmaber Zones to a= 0.0, b= 0.0, c= 0.0, d= 0.0 Request to Moonraker Timed out 
 Setting Chmaber Zones to a= 0.0, b= 0.0, c= 0.0, d= 0.0 not successful
30-10-2024 12:47:04 - INFO - Sending request to Setting Chmaber Zones to a= 0.0, b= 0.0, c= 0.0, d= 0.0 with timeout of 5s...
30-10-2024 12:47:04 - ERROR - E102 : Setting Chmaber Zones to a= 0.0, b= 0.0, c= 0.0, d= 0.0 Request to Moonraker Timed out 
 Setting Chmaber Zones to a= 0.0, b= 0.0, c= 0.0, d= 0.0 not successful
30-10-2024 12:47:04 - INFO - Sending request to Setting Chmaber Zones to a= 0.0, b= 0.0, c= 0.0, d= 0.0 with timeout of 5s...
30-10-2024 12:47:05 - ERROR - E102 : Setting Chmaber Zones to a= 0.0, b= 0.0, c= 0.0, d= 0.0 Request to Moonraker Timed out 
 Setting Chmaber Zones to a= 0.0, b= 0.0, c= 0.0, d= 0.0 not successful
30-10-2024 12:47:05 - INFO - Sending request to Setting Chmaber Zones to a= 0.0, b= 0.0, c= 0.0, d= 0.0 with timeout of 5s...
30-10-2024 12:47:05 - ERROR - E102 : Setting Chmaber Zones to a= 0.0, b= 0.0, c= 0.0, d= 0.0 Request to Moonraker Timed out 
 Setting Chmaber Zones to a= 0.0, b= 0.0, c= 0.0, d= 0.0 not successful
30-10-2024 12:47:05 - INFO - Sending request to Setting Chmaber Zones to a= 0.0, b= 0.0, c= 0.0, d= 0.0 with timeout of 5s...
30-10-2024 12:47:05 - ERROR - E102 : Setting Chmaber Zones to a= 0.0, b= 0.0, c= 0.0, d= 0.0 Request to Moonraker Timed out 
 Setting Chmaber Zones to a= 0.0, b= 0.0, c= 0.0, d= 0.0 not successful
30-10-2024 12:47:05 - INFO - Sending request to Setting Chmaber Zones to a= 0.0, b= 0.0, c= 0.0, d= 0.0 with timeout of 5s...
30-10-2024 12:47:05 - ERROR - E102 : Setting Chmaber Zones to a= 0.0, b= 0.0, c= 0.0, d= 0.0 Request to Moonraker Timed out 
 Setting Chmaber Zones to a= 0.0, b= 0.0, c= 0.0, d= 0.0 not successful
30-10-2024 12:47:05 - INFO - Sending request to Setting Chmaber Zones to a= 0.0, b= 0.0, c= 0.0, d= 0.0 with timeout of 5s...
30-10-2024 12:47:05 - ERROR - E102 : Setting Chmaber Zones to a= 0.0, b= 0.0, c= 0.0, d= 0.0 Request to Moonraker Timed out 
 Setting Chmaber Zones to a= 0.0, b= 0.0, c= 0.0, d= 0.0 not successful
30-10-2024 12:47:05 - INFO - Sending request to Setting Chmaber Zones to a= 0.0, b= 0.0, c= 0.0, d= 0.0 with timeout of 5s...
30-10-2024 12:47:06 - INFO - Sending request to Setting Chmaber Zones to a= 0.0, b= 0.0, c= 0.0, d= 0.0 with timeout of 5s...
30-10-2024 12:47:06 - ERROR - E102 : Setting Chmaber Zones to a= 0.0, b= 0.0, c= 0.0, d= 0.0 Request to Moonraker Timed out 
 Setting Chmaber Zones to a= 0.0, b= 0.0, c= 0.0, d= 0.0 not successful
30-10-2024 12:47:06 - ERROR - E102 : Setting Chmaber Zones to a= 0.0, b= 0.0, c= 0.0, d= 0.0 Request to Moonraker Timed out 
 Setting Chmaber Zones to a= 0.0, b= 0.0, c= 0.0, d= 0.0 not successful
30-10-2024 12:47:06 - INFO - Sending request to Setting Chmaber Zones to a= 0.0, b= 0.0, c= 0.0, d= 0.0 with timeout of 5s...
30-10-2024 12:47:06 - ERROR - E102 : Setting Chmaber Zones to a= 0.0, b= 0.0, c= 0.0, d= 0.0 Request to Moonraker Timed out 
 Setting Chmaber Zones to a= 0.0, b= 0.0, c= 0.0, d= 0.0 not successful
30-10-2024 12:47:06 - ERROR - E102 : pre-layer-gcodes Request to Moonraker Timed out 
 pre-layer-gcodes not successful
30-10-2024 12:47:06 - INFO - Sending request to pre-layer-gcodes with timeout of 5s...
30-10-2024 12:47:06 - INFO - Sending request to Setting Chmaber Zones to a= 0.0, b= 0.0, c= 0.0, d= 0.0 with timeout of 5s...
30-10-2024 12:47:06 - ERROR - E102 : Setting Chmaber Zones to a= 0.0, b= 0.0, c= 0.0, d= 0.0 Request to Moonraker Timed out 
 Setting Chmaber Zones to a= 0.0, b= 0.0, c= 0.0, d= 0.0 not successful
30-10-2024 12:47:06 - INFO - Sending request to Setting Chmaber Zones to a= 0.0, b= 0.0, c= 0.0, d= 0.0 with timeout of 5s...
30-10-2024 12:47:06 - ERROR - E102 : Setting Chmaber Zones to a= 0.0, b= 0.0, c= 0.0, d= 0.0 Request to Moonraker Timed out 
 Setting Chmaber Zones to a= 0.0, b= 0.0, c= 0.0, d= 0.0 not successful
30-10-2024 12:47:06 - INFO - Sending request to Setting Chmaber Zones to a= 0.0, b= 0.0, c= 0.0, d= 0.0 with timeout of 5s...
30-10-2024 12:47:07 - ERROR - E102 : Setting Chmaber Zones to a= 0.0, b= 0.0, c= 0.0, d= 0.0 Request to Moonraker Timed out 
 Setting Chmaber Zones to a= 0.0, b= 0.0, c= 0.0, d= 0.0 not successful
30-10-2024 12:47:07 - INFO - Sending request to Setting Chmaber Zones to a= 0.0, b= 0.0, c= 0.0, d= 0.0 with timeout of 5s...
30-10-2024 12:47:07 - ERROR - E102 : Setting Chmaber Zones to a= 0.0, b= 0.0, c= 0.0, d= 0.0 Request to Moonraker Timed out 
 Setting Chmaber Zones to a= 0.0, b= 0.0, c= 0.0, d= 0.0 not successful
30-10-2024 12:47:07 - INFO - Sending request to Setting Chmaber Zones to a= 0.0, b= 0.0, c= 0.0, d= 0.0 with timeout of 5s...
30-10-2024 12:47:07 - ERROR - E102 : Setting Chmaber Zones to a= 0.0, b= 0.0, c= 0.0, d= 0.0 Request to Moonraker Timed out 
 Setting Chmaber Zones to a= 0.0, b= 0.0, c= 0.0, d= 0.0 not successful
30-10-2024 12:47:07 - INFO - Sending request to Setting Chmaber Zones to a= 0.0, b= 0.0, c= 0.0, d= 0.0 with timeout of 5s...
30-10-2024 12:47:07 - ERROR - E102 : Setting Chmaber Zones to a= 0.0, b= 0.0, c= 0.0, d= 0.0 Request to Moonraker Timed out 
 Setting Chmaber Zones to a= 0.0, b= 0.0, c= 0.0, d= 0.0 not successful
30-10-2024 12:47:07 - INFO - Sending request to Setting Chmaber Zones to a= 0.0, b= 0.0, c= 0.0, d= 0.0 with timeout of 5s...
30-10-2024 12:47:07 - ERROR - E102 : Setting Chmaber Zones to a= 0.0, b= 0.0, c= 0.0, d= 0.0 Request to Moonraker Timed out 
 Setting Chmaber Zones to a= 0.0, b= 0.0, c= 0.0, d= 0.0 not successful
30-10-2024 12:47:07 - INFO - Sending request to Setting Chmaber Zones to a= 0.0, b= 0.0, c= 0.0, d= 0.0 with timeout of 5s...
30-10-2024 12:47:08 - ERROR - E102 : Setting Chmaber Zones to a= 0.0, b= 0.0, c= 0.0, d= 0.0 Request to Moonraker Timed out 
 Setting Chmaber Zones to a= 0.0, b= 0.0, c= 0.0, d= 0.0 not successful
30-10-2024 12:47:08 - INFO - Sending request to Setting Chmaber Zones to a= 0.0, b= 0.0, c= 0.0, d= 0.0 with timeout of 5s...
30-10-2024 12:47:08 - ERROR - E102 : Setting Chmaber Zones to a= 0.0, b= 0.0, c= 0.0, d= 0.0 Request to Moonraker Timed out 
 Setting Chmaber Zones to a= 0.0, b= 0.0, c= 0.0, d= 0.0 not successful
30-10-2024 12:47:08 - INFO - Sending request to Setting Chmaber Zones to a= 0.0, b= 0.0, c= 0.0, d= 0.0 with timeout of 5s...
30-10-2024 12:47:08 - ERROR - E102 : Setting Chmaber Zones to a= 0.0, b= 0.0, c= 0.0, d= 0.0 Request to Moonraker Timed out 
 Setting Chmaber Zones to a= 0.0, b= 0.0, c= 0.0, d= 0.0 not successful
30-10-2024 12:47:08 - INFO - Sending request to Setting Chmaber Zones to a= 0.0, b= 0.0, c= 0.0, d= 0.0 with timeout of 5s...
30-10-2024 12:47:08 - ERROR - E102 : Setting Chmaber Zones to a= 0.0, b= 0.0, c= 0.0, d= 0.0 Request to Moonraker Timed out 
 Setting Chmaber Zones to a= 0.0, b= 0.0, c= 0.0, d= 0.0 not successful
30-10-2024 12:47:08 - INFO - Sending request to Setting Chmaber Zones to a= 0.0, b= 0.0, c= 0.0, d= 0.0 with timeout of 5s...
30-10-2024 12:47:08 - ERROR - E102 : Setting Chmaber Zones to a= 0.0, b= 0.0, c= 0.0, d= 0.0 Request to Moonraker Timed out 
 Setting Chmaber Zones to a= 0.0, b= 0.0, c= 0.0, d= 0.0 not successful
30-10-2024 12:47:08 - INFO - Sending request to Setting Chmaber Zones to a= 0.0, b= 0.0, c= 0.0, d= 0.0 with timeout of 5s...
30-10-2024 12:47:09 - ERROR - E102 : Setting Chmaber Zones to a= 0.0, b= 0.0, c= 0.0, d= 0.0 Request to Moonraker Timed out 
 Setting Chmaber Zones to a= 0.0, b= 0.0, c= 0.0, d= 0.0 not successful
30-10-2024 12:47:09 - INFO - Sending request to Setting Chmaber Zones to a= 0.0, b= 0.0, c= 0.0, d= 0.0 with timeout of 5s...
30-10-2024 12:47:09 - ERROR - E102 : Setting Chmaber Zones to a= 0.0, b= 0.0, c= 0.0, d= 0.0 Request to Moonraker Timed out 
 Setting Chmaber Zones to a= 0.0, b= 0.0, c= 0.0, d= 0.0 not successful
30-10-2024 12:47:09 - INFO - Sending request to Setting Chmaber Zones to a= 0.0, b= 0.0, c= 0.0, d= 0.0 with timeout of 5s...
30-10-2024 12:47:09 - ERROR - E102 : Setting Chmaber Zones to a= 0.0, b= 0.0, c= 0.0, d= 0.0 Request to Moonraker Timed out 
 Setting Chmaber Zones to a= 0.0, b= 0.0, c= 0.0, d= 0.0 not successful
30-10-2024 12:47:09 - INFO - Sending request to Setting Chmaber Zones to a= 0.0, b= 0.0, c= 0.0, d= 0.0 with timeout of 5s...
30-10-2024 12:47:09 - ERROR - E102 : Setting Chmaber Zones to a= 0.0, b= 0.0, c= 0.0, d= 0.0 Request to Moonraker Timed out 
 Setting Chmaber Zones to a= 0.0, b= 0.0, c= 0.0, d= 0.0 not successful
30-10-2024 12:47:09 - INFO - Sending request to Setting Chmaber Zones to a= 0.0, b= 0.0, c= 0.0, d= 0.0 with timeout of 5s...
30-10-2024 12:47:09 - ERROR - E102 : Setting Chmaber Zones to a= 0.0, b= 0.0, c= 0.0, d= 0.0 Request to Moonraker Timed out 
 Setting Chmaber Zones to a= 0.0, b= 0.0, c= 0.0, d= 0.0 not successful
30-10-2024 12:47:10 - INFO - Sending request to Setting Chmaber Zones to a= 0.0, b= 0.0, c= 0.0, d= 0.0 with timeout of 5s...
30-10-2024 12:47:10 - ERROR - E102 : Setting Chmaber Zones to a= 0.0, b= 0.0, c= 0.0, d= 0.0 Request to Moonraker Timed out 
 Setting Chmaber Zones to a= 0.0, b= 0.0, c= 0.0, d= 0.0 not successful
30-10-2024 12:47:10 - INFO - Sending request to Setting Chmaber Zones to a= 0.0, b= 0.0, c= 0.0, d= 0.0 with timeout of 5s...
30-10-2024 12:47:10 - ERROR - E102 : Setting Chmaber Zones to a= 0.0, b= 0.0, c= 0.0, d= 0.0 Request to Moonraker Timed out 
 Setting Chmaber Zones to a= 0.0, b= 0.0, c= 0.0, d= 0.0 not successful
30-10-2024 12:47:10 - INFO - Sending request to Setting Chmaber Zones to a= 0.0, b= 0.0, c= 0.0, d= 0.0 with timeout of 5s...
30-10-2024 12:47:10 - ERROR - E102 : Setting Chmaber Zones to a= 0.0, b= 0.0, c= 0.0, d= 0.0 Request to Moonraker Timed out 
 Setting Chmaber Zones to a= 0.0, b= 0.0, c= 0.0, d= 0.0 not successful
30-10-2024 12:47:10 - INFO - Sending request to Setting Chmaber Zones to a= 0.0, b= 0.0, c= 0.0, d= 0.0 with timeout of 5s...
30-10-2024 12:47:10 - ERROR - E102 : Setting Chmaber Zones to a= 0.0, b= 0.0, c= 0.0, d= 0.0 Request to Moonraker Timed out 
 Setting Chmaber Zones to a= 0.0, b= 0.0, c= 0.0, d= 0.0 not successful
30-10-2024 12:47:10 - INFO - Sending request to Setting Chmaber Zones to a= 0.0, b= 0.0, c= 0.0, d= 0.0 with timeout of 5s...
30-10-2024 12:47:10 - ERROR - E102 : Setting Chmaber Zones to a= 0.0, b= 0.0, c= 0.0, d= 0.0 Request to Moonraker Timed out 
 Setting Chmaber Zones to a= 0.0, b= 0.0, c= 0.0, d= 0.0 not successful
30-10-2024 12:47:11 - INFO - Sending request to Setting Chmaber Zones to a= 0.0, b= 0.0, c= 0.0, d= 0.0 with timeout of 5s...
30-10-2024 12:47:11 - ERROR - E102 : Setting Chmaber Zones to a= 0.0, b= 0.0, c= 0.0, d= 0.0 Request to Moonraker Timed out 
 Setting Chmaber Zones to a= 0.0, b= 0.0, c= 0.0, d= 0.0 not successful
30-10-2024 12:47:11 - INFO - Sending request to Setting Chmaber Zones to a= 0.0, b= 0.0, c= 0.0, d= 0.0 with timeout of 5s...
30-10-2024 12:47:11 - ERROR - E102 : Setting Chmaber Zones to a= 0.0, b= 0.0, c= 0.0, d= 0.0 Request to Moonraker Timed out 
 Setting Chmaber Zones to a= 0.0, b= 0.0, c= 0.0, d= 0.0 not successful
30-10-2024 12:47:11 - INFO - Sending request to Setting Chmaber Zones to a= 0.0, b= 0.0, c= 0.0, d= 0.0 with timeout of 5s...
30-10-2024 12:47:11 - ERROR - E102 : pre-layer-gcodes Request to Moonraker Timed out 
 pre-layer-gcodes not successful
30-10-2024 12:47:11 - INFO - Sending request to pre-layer-gcodes with timeout of 5s...
30-10-2024 12:47:11 - ERROR - E102 : Setting Chmaber Zones to a= 0.0, b= 0.0, c= 0.0, d= 0.0 Request to Moonraker Timed out 
 Setting Chmaber Zones to a= 0.0, b= 0.0, c= 0.0, d= 0.0 not successful
30-10-2024 12:47:11 - INFO - Sending request to Setting Chmaber Zones to a= 0.0, b= 0.0, c= 0.0, d= 0.0 with timeout of 5s...
30-10-2024 12:47:11 - ERROR - E102 : Setting Chmaber Zones to a= 0.0, b= 0.0, c= 0.0, d= 0.0 Request to Moonraker Timed out 
 Setting Chmaber Zones to a= 0.0, b= 0.0, c= 0.0, d= 0.0 not successful
30-10-2024 12:47:11 - INFO - Sending request to Setting Chmaber Zones to a= 0.0, b= 0.0, c= 0.0, d= 0.0 with timeout of 5s...
30-10-2024 12:47:12 - ERROR - E102 : Setting Chmaber Zones to a= 0.0, b= 0.0, c= 0.0, d= 0.0 Request to Moonraker Timed out 
 Setting Chmaber Zones to a= 0.0, b= 0.0, c= 0.0, d= 0.0 not successful
30-10-2024 12:47:12 - INFO - Sending request to Setting Chmaber Zones to a= 0.0, b= 0.0, c= 0.0, d= 0.0 with timeout of 5s...
30-10-2024 12:47:12 - ERROR - E102 : Setting Chmaber Zones to a= 0.0, b= 0.0, c= 0.0, d= 0.0 Request to Moonraker Timed out 
 Setting Chmaber Zones to a= 0.0, b= 0.0, c= 0.0, d= 0.0 not successful
30-10-2024 12:47:12 - INFO - Sending request to Setting Chmaber Zones to a= 0.0, b= 0.0, c= 0.0, d= 0.0 with timeout of 5s...
30-10-2024 12:47:12 - ERROR - E102 : Setting Chmaber Zones to a= 0.0, b= 0.0, c= 0.0, d= 0.0 Request to Moonraker Timed out 
 Setting Chmaber Zones to a= 0.0, b= 0.0, c= 0.0, d= 0.0 not successful
30-10-2024 12:47:12 - INFO - Sending request to Setting Chmaber Zones to a= 0.0, b= 0.0, c= 0.0, d= 0.0 with timeout of 5s...
30-10-2024 12:47:12 - ERROR - E102 : Setting Chmaber Zones to a= 0.0, b= 0.0, c= 0.0, d= 0.0 Request to Moonraker Timed out 
 Setting Chmaber Zones to a= 0.0, b= 0.0, c= 0.0, d= 0.0 not successful
30-10-2024 12:47:12 - INFO - Sending request to Setting Chmaber Zones to a= 0.0, b= 0.0, c= 0.0, d= 0.0 with timeout of 5s...
30-10-2024 12:47:12 - ERROR - E102 : Setting Chmaber Zones to a= 0.0, b= 0.0, c= 0.0, d= 0.0 Request to Moonraker Timed out 
 Setting Chmaber Zones to a= 0.0, b= 0.0, c= 0.0, d= 0.0 not successful
30-10-2024 12:47:12 - INFO - Sending request to Setting Chmaber Zones to a= 0.0, b= 0.0, c= 0.0, d= 0.0 with timeout of 5s...
30-10-2024 12:47:12 - ERROR - E102 : Setting Chmaber Zones to a= 0.0, b= 0.0, c= 0.0, d= 0.0 Request to Moonraker Timed out 
 Setting Chmaber Zones to a= 0.0, b= 0.0, c= 0.0, d= 0.0 not successful
30-10-2024 12:47:13 - INFO - Sending request to Setting Chmaber Zones to a= 0.0, b= 0.0, c= 0.0, d= 0.0 with timeout of 5s...
30-10-2024 12:47:13 - ERROR - E102 : Setting Chmaber Zones to a= 0.0, b= 0.0, c= 0.0, d= 0.0 Request to Moonraker Timed out 
 Setting Chmaber Zones to a= 0.0, b= 0.0, c= 0.0, d= 0.0 not successful
30-10-2024 12:47:13 - INFO - Sending request to Setting Chmaber Zones to a= 0.0, b= 0.0, c= 0.0, d= 0.0 with timeout of 5s...
30-10-2024 12:47:13 - ERROR - E102 : Setting Chmaber Zones to a= 0.0, b= 0.0, c= 0.0, d= 0.0 Request to Moonraker Timed out 
 Setting Chmaber Zones to a= 0.0, b= 0.0, c= 0.0, d= 0.0 not successful
30-10-2024 12:47:13 - INFO - Sending request to Setting Chmaber Zones to a= 0.0, b= 0.0, c= 0.0, d= 0.0 with timeout of 5s...
30-10-2024 12:47:13 - ERROR - E102 : Setting Chmaber Zones to a= 0.0, b= 0.0, c= 0.0, d= 0.0 Request to Moonraker Timed out 
 Setting Chmaber Zones to a= 0.0, b= 0.0, c= 0.0, d= 0.0 not successful
30-10-2024 12:47:13 - INFO - Sending request to Setting Chmaber Zones to a= 0.0, b= 0.0, c= 0.0, d= 0.0 with timeout of 5s...
30-10-2024 12:47:13 - ERROR - E102 : Setting Chmaber Zones to a= 0.0, b= 0.0, c= 0.0, d= 0.0 Request to Moonraker Timed out 
 Setting Chmaber Zones to a= 0.0, b= 0.0, c= 0.0, d= 0.0 not successful
30-10-2024 12:47:13 - INFO - Sending request to Setting Chmaber Zones to a= 0.0, b= 0.0, c= 0.0, d= 0.0 with timeout of 5s...
30-10-2024 12:47:14 - ERROR - E102 : Setting Chmaber Zones to a= 0.0, b= 0.0, c= 0.0, d= 0.0 Request to Moonraker Timed out 
 Setting Chmaber Zones to a= 0.0, b= 0.0, c= 0.0, d= 0.0 not successful
30-10-2024 12:47:14 - INFO - Sending request to Setting Chmaber Zones to a= 0.0, b= 0.0, c= 0.0, d= 0.0 with timeout of 5s...
30-10-2024 12:47:14 - ERROR - E102 : Setting Chmaber Zones to a= 0.0, b= 0.0, c= 0.0, d= 0.0 Request to Moonraker Timed out 
 Setting Chmaber Zones to a= 0.0, b= 0.0, c= 0.0, d= 0.0 not successful
30-10-2024 12:47:14 - INFO - Sending request to Setting Chmaber Zones to a= 0.0, b= 0.0, c= 0.0, d= 0.0 with timeout of 5s...
30-10-2024 12:47:14 - ERROR - E102 : Setting Chmaber Zones to a= 0.0, b= 0.0, c= 0.0, d= 0.0 Request to Moonraker Timed out 
 Setting Chmaber Zones to a= 0.0, b= 0.0, c= 0.0, d= 0.0 not successful
30-10-2024 12:47:14 - INFO - Sending request to Setting Chmaber Zones to a= 0.0, b= 0.0, c= 0.0, d= 0.0 with timeout of 5s...
30-10-2024 12:47:14 - ERROR - E102 : Setting Chmaber Zones to a= 0.0, b= 0.0, c= 0.0, d= 0.0 Request to Moonraker Timed out 
 Setting Chmaber Zones to a= 0.0, b= 0.0, c= 0.0, d= 0.0 not successful
30-10-2024 12:47:14 - ERROR - E104: Error while executing Setting Chmaber Zones to a= 0.0, b= 0.0, c= 0.0, d= 0.0 
 502 Server Error: Bad Gateway for url: http://192.168.0.231/printer/gcode/script?script=M15+A0.0+B0.0+C0.0+D0.0
30-10-2024 12:47:14 - ERROR - E104: Error while executing Setting Chmaber Zones to a= 0.0, b= 0.0, c= 0.0, d= 0.0 
 502 Server Error: Bad Gateway for url: http://192.168.0.231/printer/gcode/script?script=M15+A0.0+B0.0+C0.0+D0.0
30-10-2024 12:47:14 - ERROR - E104: Error while executing Setting Chmaber Zones to a= 0.0, b= 0.0, c= 0.0, d= 0.0 
 502 Server Error: Bad Gateway for url: http://192.168.0.231/printer/gcode/script?script=M15+A0.0+B0.0+C0.0+D0.0
30-10-2024 12:47:14 - ERROR - E104: Error while executing Setting Chmaber Zones to a= 0.0, b= 0.0, c= 0.0, d= 0.0 
 502 Server Error: Bad Gateway for url: http://192.168.0.231/printer/gcode/script?script=M15+A0.0+B0.0+C0.0+D0.0
30-10-2024 12:47:14 - ERROR - E104: Error while executing Setting Chmaber Zones to a= 0.0, b= 0.0, c= 0.0, d= 0.0 
 502 Server Error: Bad Gateway for url: http://192.168.0.231/printer/gcode/script?script=M15+A0.0+B0.0+C0.0+D0.0
30-10-2024 12:47:14 - ERROR - E104: Error while executing Setting Chmaber Zones to a= 0.0, b= 0.0, c= 0.0, d= 0.0 
 502 Server Error: Bad Gateway for url: http://192.168.0.231/printer/gcode/script?script=M15+A0.0+B0.0+C0.0+D0.0
30-10-2024 12:47:14 - ERROR - E104: Error while executing Setting Chmaber Zones to a= 0.0, b= 0.0, c= 0.0, d= 0.0 
 502 Server Error: Bad Gateway for url: http://192.168.0.231/printer/gcode/script?script=M15+A0.0+B0.0+C0.0+D0.0
30-10-2024 12:47:14 - ERROR - E104: Error while executing Setting Chmaber Zones to a= 0.0, b= 0.0, c= 0.0, d= 0.0 
 502 Server Error: Bad Gateway for url: http://192.168.0.231/printer/gcode/script?script=M15+A0.0+B0.0+C0.0+D0.0
30-10-2024 12:47:14 - ERROR - E104: Error while executing Setting Chmaber Zones to a= 0.0, b= 0.0, c= 0.0, d= 0.0 
 502 Server Error: Bad Gateway for url: http://192.168.0.231/printer/gcode/script?script=M15+A0.0+B0.0+C0.0+D0.0
30-10-2024 12:47:14 - INFO - Sending request to Setting Chmaber Zones to a= 0.0, b= 0.0, c= 0.0, d= 0.0 with timeout of 5s...
30-10-2024 12:47:14 - ERROR - E104: Error while executing pre-layer-gcodes 
 502 Server Error: Bad Gateway for url: http://192.168.0.231/printer/gcode/script?script=FORCE_MOVE+stepper%3Dstepper_z+distance%3D-10.0+velocity%3D2.5
30-10-2024 12:47:14 - INFO - Sending request to Moving left hopper motors 0.1mm - stage 1 with timeout of 5s...
30-10-2024 12:47:14 - ERROR - E104: Error while executing Setting Chmaber Zones to a= 0.0, b= 0.0, c= 0.0, d= 0.0 
 502 Server Error: Bad Gateway for url: http://192.168.0.231/printer/gcode/script?script=M15+A0.0+B0.0+C0.0+D0.0
30-10-2024 12:47:14 - ERROR - E104: Error while executing Setting Chmaber Zones to a= 0.0, b= 0.0, c= 0.0, d= 0.0 
 502 Server Error: Bad Gateway for url: http://192.168.0.231/printer/gcode/script?script=M15+A0.0+B0.0+C0.0+D0.0
30-10-2024 12:47:14 - ERROR - E104: Error while executing Setting Chmaber Zones to a= 0.0, b= 0.0, c= 0.0, d= 0.0 
 502 Server Error: Bad Gateway for url: http://192.168.0.231/printer/gcode/script?script=M15+A0.0+B0.0+C0.0+D0.0
30-10-2024 12:47:14 - ERROR - E104: Error while executing Setting Chmaber Zones to a= 0.0, b= 0.0, c= 0.0, d= 0.0 
 502 Server Error: Bad Gateway for url: http://192.168.0.231/printer/gcode/script?script=M15+A0.0+B0.0+C0.0+D0.0
30-10-2024 12:47:14 - ERROR - E104: Error while executing Setting Chmaber Zones to a= 0.0, b= 0.0, c= 0.0, d= 0.0 
 502 Server Error: Bad Gateway for url: http://192.168.0.231/printer/gcode/script?script=M15+A0.0+B0.0+C0.0+D0.0
30-10-2024 12:47:14 - ERROR - E104: Error while executing Setting Chmaber Zones to a= 0.0, b= 0.0, c= 0.0, d= 0.0 
 502 Server Error: Bad Gateway for url: http://192.168.0.231/printer/gcode/script?script=M15+A0.0+B0.0+C0.0+D0.0
30-10-2024 12:47:14 - ERROR - E104: Error while executing Setting Chmaber Zones to a= 0.0, b= 0.0, c= 0.0, d= 0.0 
 502 Server Error: Bad Gateway for url: http://192.168.0.231/printer/gcode/script?script=M15+A0.0+B0.0+C0.0+D0.0
30-10-2024 12:47:14 - ERROR - E104: Error while executing Setting Chmaber Zones to a= 0.0, b= 0.0, c= 0.0, d= 0.0 
 502 Server Error: Bad Gateway for url: http://192.168.0.231/printer/gcode/script?script=M15+A0.0+B0.0+C0.0+D0.0
30-10-2024 12:47:14 - ERROR - E104: Error while executing Setting Chmaber Zones to a= 0.0, b= 0.0, c= 0.0, d= 0.0 
 400 Client Error: maximum recursion depth exceeded for url: http://192.168.0.231/printer/gcode/script?script=M15+A0.0+B0.0+C0.0+D0.0
30-10-2024 12:47:14 - ERROR - E104: Error while executing Setting Chmaber Zones to a= 0.0, b= 0.0, c= 0.0, d= 0.0 
 502 Server Error: Bad Gateway for url: http://192.168.0.231/printer/gcode/script?script=M15+A0.0+B0.0+C0.0+D0.0
30-10-2024 12:47:14 - ERROR - E104: Error while executing Setting Chmaber Zones to a= 0.0, b= 0.0, c= 0.0, d= 0.0 
 502 Server Error: Bad Gateway for url: http://192.168.0.231/printer/gcode/script?script=M15+A0.0+B0.0+C0.0+D0.0
30-10-2024 12:47:14 - ERROR - E104: Error while executing Setting Chmaber Zones to a= 0.0, b= 0.0, c= 0.0, d= 0.0 
 502 Server Error: Bad Gateway for url: http://192.168.0.231/printer/gcode/script?script=M15+A0.0+B0.0+C0.0+D0.0
30-10-2024 12:47:14 - ERROR - E104: Error while executing Setting Chmaber Zones to a= 0.0, b= 0.0, c= 0.0, d= 0.0 
 502 Server Error: Bad Gateway for url: http://192.168.0.231/printer/gcode/script?script=M15+A0.0+B0.0+C0.0+D0.0
30-10-2024 12:47:14 - ERROR - E104: Error while executing Setting Chmaber Zones to a= 0.0, b= 0.0, c= 0.0, d= 0.0 
 502 Server Error: Bad Gateway for url: http://192.168.0.231/printer/gcode/script?script=M15+A0.0+B0.0+C0.0+D0.0
30-10-2024 12:47:14 - ERROR - E104: Error while executing Setting Chmaber Zones to a= 0.0, b= 0.0, c= 0.0, d= 0.0 
 502 Server Error: Bad Gateway for url: http://192.168.0.231/printer/gcode/script?script=M15+A0.0+B0.0+C0.0+D0.0
30-10-2024 12:47:14 - ERROR - E104: Error while executing Setting Chmaber Zones to a= 0.0, b= 0.0, c= 0.0, d= 0.0 
 502 Server Error: Bad Gateway for url: http://192.168.0.231/printer/gcode/script?script=M15+A0.0+B0.0+C0.0+D0.0
30-10-2024 12:47:14 - ERROR - E104: Error while executing Moving left hopper motors 0.1mm - stage 1 
 502 Server Error: Bad Gateway for url: http://192.168.0.231/printer/gcode/script?script=FORCE_MOVE+stepper%3Dstepper_x+distance%3D0.1+velocity%3D30
30-10-2024 12:47:14 - INFO - Sending request to Dwell for 100.0 with timeout of 5s...
30-10-2024 12:47:14 - INFO - Sending request to Setting Chmaber Zones to a= 0.0, b= 0.0, c= 0.0, d= 0.0 with timeout of 5s...
30-10-2024 12:47:14 - ERROR - E104: Error while executing Dwell for 100.0 
 502 Server Error: Bad Gateway for url: http://192.168.0.231/printer/gcode/script?script=G4+P100.0
30-10-2024 12:47:14 - INFO - Sending request to Moving left hopper motors - stage 2 with timeout of 5s...
30-10-2024 12:47:14 - ERROR - E104: Error while executing Setting Chmaber Zones to a= 0.0, b= 0.0, c= 0.0, d= 0.0 
 502 Server Error: Bad Gateway for url: http://192.168.0.231/printer/gcode/script?script=M15+A0.0+B0.0+C0.0+D0.0
30-10-2024 12:47:14 - ERROR - E104: Error while executing Moving left hopper motors - stage 2 
 502 Server Error: Bad Gateway for url: http://192.168.0.231/printer/gcode/script?script=FORCE_MOVE+stepper%3Dstepper_x+distance%3D-1.1+velocity%3D30
30-10-2024 12:47:14 - INFO - Sending request to Recoater go RIGHT with timeout of 5s...
30-10-2024 12:47:14 - ERROR - E104: Error while executing Recoater go RIGHT 
 502 Server Error: Bad Gateway for url: http://192.168.0.231/printer/gcode/script?script=recoater_go_right
30-10-2024 12:47:14 - INFO - Sending request to Turning on heater with timeout of 5s...
30-10-2024 12:47:14 - ERROR - E104: Error while executing Turning on heater 
 502 Server Error: Bad Gateway for url: http://192.168.0.231/printer/gcode/script?script=heater_on
30-10-2024 12:47:15 - INFO - Sending request to Setting Chmaber Zones to a= 0.0, b= 0.0, c= 0.0, d= 0.0 with timeout of 5s...
30-10-2024 12:47:15 - ERROR - E104: Error while executing Setting Chmaber Zones to a= 0.0, b= 0.0, c= 0.0, d= 0.0 
 502 Server Error: Bad Gateway for url: http://192.168.0.231/printer/gcode/script?script=M15+A0.0+B0.0+C0.0+D0.0
30-10-2024 12:47:15 - INFO - Sending request to Setting Chmaber Zones to a= 0.0, b= 0.0, c= 0.0, d= 0.0 with timeout of 5s...
30-10-2024 12:47:15 - ERROR - E104: Error while executing Setting Chmaber Zones to a= 0.0, b= 0.0, c= 0.0, d= 0.0 
 502 Server Error: Bad Gateway for url: http://192.168.0.231/printer/gcode/script?script=M15+A0.0+B0.0+C0.0+D0.0
30-10-2024 12:47:15 - INFO - Sending request to Setting Chmaber Zones to a= 0.0, b= 0.0, c= 0.0, d= 0.0 with timeout of 5s...
30-10-2024 12:47:15 - ERROR - E104: Error while executing Setting Chmaber Zones to a= 0.0, b= 0.0, c= 0.0, d= 0.0 
 502 Server Error: Bad Gateway for url: http://192.168.0.231/printer/gcode/script?script=M15+A0.0+B0.0+C0.0+D0.0
30-10-2024 12:47:15 - INFO - Sending request to Setting Chmaber Zones to a= 0.0, b= 0.0, c= 0.0, d= 0.0 with timeout of 5s...
30-10-2024 12:47:15 - ERROR - E104: Error while executing Setting Chmaber Zones to a= 0.0, b= 0.0, c= 0.0, d= 0.0 
 502 Server Error: Bad Gateway for url: http://192.168.0.231/printer/gcode/script?script=M15+A0.0+B0.0+C0.0+D0.0
30-10-2024 12:47:15 - INFO - Sending request to Setting Chmaber Zones to a= 0.0, b= 0.0, c= 0.0, d= 0.0 with timeout of 5s...
30-10-2024 12:47:15 - ERROR - E104: Error while executing Setting Chmaber Zones to a= 0.0, b= 0.0, c= 0.0, d= 0.0 
 502 Server Error: Bad Gateway for url: http://192.168.0.231/printer/gcode/script?script=M15+A0.0+B0.0+C0.0+D0.0
30-10-2024 12:47:15 - INFO - Sending request to Turning off heater with timeout of 5s...
30-10-2024 12:47:16 - ERROR - E104: Error while executing Turning off heater 
 502 Server Error: Bad Gateway for url: http://192.168.0.231/printer/gcode/script?script=heater_off
30-10-2024 12:47:16 - INFO - Sending request to Setting Chmaber Zones to a= 0.0, b= 0.0, c= 0.0, d= 0.0 with timeout of 5s...
30-10-2024 12:47:16 - ERROR - E104: Error while executing Setting Chmaber Zones to a= 0.0, b= 0.0, c= 0.0, d= 0.0 
 502 Server Error: Bad Gateway for url: http://192.168.0.231/printer/gcode/script?script=M15+A0.0+B0.0+C0.0+D0.0
30-10-2024 12:47:16 - INFO - Sending request to Setting Chmaber Zones to a= 0.0, b= 0.0, c= 0.0, d= 0.0 with timeout of 5s...
30-10-2024 12:47:16 - ERROR - E104: Error while executing Setting Chmaber Zones to a= 0.0, b= 0.0, c= 0.0, d= 0.0 
 502 Server Error: Bad Gateway for url: http://192.168.0.231/printer/gcode/script?script=M15+A0.0+B0.0+C0.0+D0.0
30-10-2024 12:47:16 - INFO - Sending request to Setting Chmaber Zones to a= 0.0, b= 0.0, c= 0.0, d= 0.0 with timeout of 5s...
30-10-2024 12:47:16 - ERROR - E104: Error while executing Setting Chmaber Zones to a= 0.0, b= 0.0, c= 0.0, d= 0.0 
 502 Server Error: Bad Gateway for url: http://192.168.0.231/printer/gcode/script?script=M15+A0.0+B0.0+C0.0+D0.0
30-10-2024 12:47:16 - INFO - Sending request to Setting Chmaber Zones to a= 0.0, b= 0.0, c= 0.0, d= 0.0 with timeout of 5s...
30-10-2024 12:47:16 - ERROR - E104: Error while executing Setting Chmaber Zones to a= 0.0, b= 0.0, c= 0.0, d= 0.0 
 502 Server Error: Bad Gateway for url: http://192.168.0.231/printer/gcode/script?script=M15+A0.0+B0.0+C0.0+D0.0
30-10-2024 12:47:16 - INFO - Sending request to Setting Chmaber Zones to a= 0.0, b= 0.0, c= 0.0, d= 0.0 with timeout of 5s...
30-10-2024 12:47:16 - ERROR - E104: Error while executing Setting Chmaber Zones to a= 0.0, b= 0.0, c= 0.0, d= 0.0 
 502 Server Error: Bad Gateway for url: http://192.168.0.231/printer/gcode/script?script=M15+A0.0+B0.0+C0.0+D0.0
30-10-2024 12:47:17 - INFO - Sending request to Setting Chmaber Zones to a= 0.0, b= 0.0, c= 0.0, d= 0.0 with timeout of 5s...
30-10-2024 12:47:17 - ERROR - E104: Error while executing Setting Chmaber Zones to a= 0.0, b= 0.0, c= 0.0, d= 0.0 
 502 Server Error: Bad Gateway for url: http://192.168.0.231/printer/gcode/script?script=M15+A0.0+B0.0+C0.0+D0.0
30-10-2024 12:47:17 - INFO - Sending request to Setting Chmaber Zones to a= 0.0, b= 0.0, c= 0.0, d= 0.0 with timeout of 5s...
30-10-2024 12:47:17 - ERROR - E104: Error while executing Setting Chmaber Zones to a= 0.0, b= 0.0, c= 0.0, d= 0.0 
 502 Server Error: Bad Gateway for url: http://192.168.0.231/printer/gcode/script?script=M15+A0.0+B0.0+C0.0+D0.0
30-10-2024 12:47:17 - INFO - Sending request to Setting Chmaber Zones to a= 0.0, b= 0.0, c= 0.0, d= 0.0 with timeout of 5s...
30-10-2024 12:47:17 - ERROR - E104: Error while executing Setting Chmaber Zones to a= 0.0, b= 0.0, c= 0.0, d= 0.0 
 502 Server Error: Bad Gateway for url: http://192.168.0.231/printer/gcode/script?script=M15+A0.0+B0.0+C0.0+D0.0
30-10-2024 12:47:17 - INFO - Sending request to Setting Chmaber Zones to a= 0.0, b= 0.0, c= 0.0, d= 0.0 with timeout of 5s...
30-10-2024 12:47:17 - ERROR - E104: Error while executing Setting Chmaber Zones to a= 0.0, b= 0.0, c= 0.0, d= 0.0 
 502 Server Error: Bad Gateway for url: http://192.168.0.231/printer/gcode/script?script=M15+A0.0+B0.0+C0.0+D0.0
30-10-2024 12:47:17 - INFO - Sending request to Setting Chmaber Zones to a= 0.0, b= 0.0, c= 0.0, d= 0.0 with timeout of 5s...
30-10-2024 12:47:17 - ERROR - E104: Error while executing Setting Chmaber Zones to a= 0.0, b= 0.0, c= 0.0, d= 0.0 
 502 Server Error: Bad Gateway for url: http://192.168.0.231/printer/gcode/script?script=M15+A0.0+B0.0+C0.0+D0.0
30-10-2024 12:47:18 - INFO - Sending request to Setting Chmaber Zones to a= 0.0, b= 0.0, c= 0.0, d= 0.0 with timeout of 5s...
30-10-2024 12:47:18 - ERROR - E104: Error while executing Setting Chmaber Zones to a= 0.0, b= 0.0, c= 0.0, d= 0.0 
 502 Server Error: Bad Gateway for url: http://192.168.0.231/printer/gcode/script?script=M15+A0.0+B0.0+C0.0+D0.0
30-10-2024 12:47:18 - INFO - Sending request to Setting Chmaber Zones to a= 0.0, b= 0.0, c= 0.0, d= 0.0 with timeout of 5s...
30-10-2024 12:47:18 - ERROR - E104: Error while executing Setting Chmaber Zones to a= 0.0, b= 0.0, c= 0.0, d= 0.0 
 502 Server Error: Bad Gateway for url: http://192.168.0.231/printer/gcode/script?script=M15+A0.0+B0.0+C0.0+D0.0
30-10-2024 12:47:18 - INFO - Sending request to Setting Chmaber Zones to a= 0.0, b= 0.0, c= 0.0, d= 0.0 with timeout of 5s...
30-10-2024 12:47:18 - ERROR - E104: Error while executing Setting Chmaber Zones to a= 0.0, b= 0.0, c= 0.0, d= 0.0 
 502 Server Error: Bad Gateway for url: http://192.168.0.231/printer/gcode/script?script=M15+A0.0+B0.0+C0.0+D0.0
30-10-2024 12:47:18 - INFO - Sending request to Setting Chmaber Zones to a= 0.0, b= 0.0, c= 0.0, d= 0.0 with timeout of 5s...
30-10-2024 12:47:18 - ERROR - E104: Error while executing Setting Chmaber Zones to a= 0.0, b= 0.0, c= 0.0, d= 0.0 
 502 Server Error: Bad Gateway for url: http://192.168.0.231/printer/gcode/script?script=M15+A0.0+B0.0+C0.0+D0.0
30-10-2024 12:47:18 - INFO - Sending request to Setting Chmaber Zones to a= 0.0, b= 0.0, c= 0.0, d= 0.0 with timeout of 5s...
30-10-2024 12:47:18 - ERROR - E104: Error while executing Setting Chmaber Zones to a= 0.0, b= 0.0, c= 0.0, d= 0.0 
 502 Server Error: Bad Gateway for url: http://192.168.0.231/printer/gcode/script?script=M15+A0.0+B0.0+C0.0+D0.0
30-10-2024 12:47:19 - INFO - Sending request to Setting Chmaber Zones to a= 0.0, b= 0.0, c= 0.0, d= 0.0 with timeout of 5s...
30-10-2024 12:47:19 - ERROR - E104: Error while executing Setting Chmaber Zones to a= 0.0, b= 0.0, c= 0.0, d= 0.0 
 502 Server Error: Bad Gateway for url: http://192.168.0.231/printer/gcode/script?script=M15+A0.0+B0.0+C0.0+D0.0
30-10-2024 12:47:19 - INFO - Sending request to Setting Chmaber Zones to a= 0.0, b= 0.0, c= 0.0, d= 0.0 with timeout of 5s...
30-10-2024 12:47:19 - ERROR - E104: Error while executing Setting Chmaber Zones to a= 0.0, b= 0.0, c= 0.0, d= 0.0 
 502 Server Error: Bad Gateway for url: http://192.168.0.231/printer/gcode/script?script=M15+A0.0+B0.0+C0.0+D0.0
30-10-2024 12:47:19 - INFO - Sending request to Setting Chmaber Zones to a= 0.0, b= 0.0, c= 0.0, d= 0.0 with timeout of 5s...
30-10-2024 12:47:19 - ERROR - E104: Error while executing Setting Chmaber Zones to a= 0.0, b= 0.0, c= 0.0, d= 0.0 
 502 Server Error: Bad Gateway for url: http://192.168.0.231/printer/gcode/script?script=M15+A0.0+B0.0+C0.0+D0.0
30-10-2024 12:47:19 - INFO - Sending request to Setting Chmaber Zones to a= 0.0, b= 0.0, c= 0.0, d= 0.0 with timeout of 5s...
30-10-2024 12:47:19 - ERROR - E104: Error while executing Setting Chmaber Zones to a= 0.0, b= 0.0, c= 0.0, d= 0.0 
 502 Server Error: Bad Gateway for url: http://192.168.0.231/printer/gcode/script?script=M15+A0.0+B0.0+C0.0+D0.0
30-10-2024 12:47:19 - INFO - Sending request to Setting Chmaber Zones to a= 0.0, b= 0.0, c= 0.0, d= 0.0 with timeout of 5s...
30-10-2024 12:47:19 - ERROR - E104: Error while executing Setting Chmaber Zones to a= 0.0, b= 0.0, c= 0.0, d= 0.0 
 502 Server Error: Bad Gateway for url: http://192.168.0.231/printer/gcode/script?script=M15+A0.0+B0.0+C0.0+D0.0
30-10-2024 12:47:20 - INFO - Sending request to Setting Chmaber Zones to a= 0.0, b= 0.0, c= 0.0, d= 0.0 with timeout of 5s...
30-10-2024 12:47:20 - ERROR - E104: Error while executing Setting Chmaber Zones to a= 0.0, b= 0.0, c= 0.0, d= 0.0 
 502 Server Error: Bad Gateway for url: http://192.168.0.231/printer/gcode/script?script=M15+A0.0+B0.0+C0.0+D0.0
30-10-2024 12:47:20 - INFO - Sending request to Setting Chmaber Zones to a= 0.0, b= 0.0, c= 0.0, d= 0.0 with timeout of 5s...
30-10-2024 12:47:20 - ERROR - E104: Error while executing Setting Chmaber Zones to a= 0.0, b= 0.0, c= 0.0, d= 0.0 
 502 Server Error: Bad Gateway for url: http://192.168.0.231/printer/gcode/script?script=M15+A0.0+B0.0+C0.0+D0.0
30-10-2024 12:47:20 - INFO - Sending request to Setting Chmaber Zones to a= 0.0, b= 0.0, c= 0.0, d= 0.0 with timeout of 5s...
30-10-2024 12:47:20 - ERROR - E104: Error while executing Setting Chmaber Zones to a= 0.0, b= 0.0, c= 0.0, d= 0.0 
 502 Server Error: Bad Gateway for url: http://192.168.0.231/printer/gcode/script?script=M15+A0.0+B0.0+C0.0+D0.0
30-10-2024 12:47:20 - INFO - Sending request to Setting Chmaber Zones to a= 0.0, b= 0.0, c= 0.0, d= 0.0 with timeout of 5s...
30-10-2024 12:47:20 - ERROR - E104: Error while executing Setting Chmaber Zones to a= 0.0, b= 0.0, c= 0.0, d= 0.0 
 502 Server Error: Bad Gateway for url: http://192.168.0.231/printer/gcode/script?script=M15+A0.0+B0.0+C0.0+D0.0
30-10-2024 12:47:20 - INFO - Sending request to Setting Chmaber Zones to a= 0.0, b= 0.0, c= 0.0, d= 0.0 with timeout of 5s...
30-10-2024 12:47:20 - ERROR - E104: Error while executing Setting Chmaber Zones to a= 0.0, b= 0.0, c= 0.0, d= 0.0 
 502 Server Error: Bad Gateway for url: http://192.168.0.231/printer/gcode/script?script=M15+A0.0+B0.0+C0.0+D0.0
30-10-2024 12:47:21 - INFO - Sending request to Setting Chmaber Zones to a= 0.0, b= 0.0, c= 0.0, d= 0.0 with timeout of 5s...
30-10-2024 12:47:21 - ERROR - E104: Error while executing Setting Chmaber Zones to a= 0.0, b= 0.0, c= 0.0, d= 0.0 
 502 Server Error: Bad Gateway for url: http://192.168.0.231/printer/gcode/script?script=M15+A0.0+B0.0+C0.0+D0.0
30-10-2024 12:47:21 - INFO - Sending request to Setting Chmaber Zones to a= 0.0, b= 0.0, c= 0.0, d= 0.0 with timeout of 5s...
30-10-2024 12:47:21 - ERROR - E104: Error while executing Setting Chmaber Zones to a= 0.0, b= 0.0, c= 0.0, d= 0.0 
 502 Server Error: Bad Gateway for url: http://192.168.0.231/printer/gcode/script?script=M15+A0.0+B0.0+C0.0+D0.0
30-10-2024 12:47:21 - INFO - Sending request to Setting Chmaber Zones to a= 0.0, b= 0.0, c= 0.0, d= 0.0 with timeout of 5s...
30-10-2024 12:47:21 - ERROR - E104: Error while executing Setting Chmaber Zones to a= 0.0, b= 0.0, c= 0.0, d= 0.0 
 502 Server Error: Bad Gateway for url: http://192.168.0.231/printer/gcode/script?script=M15+A0.0+B0.0+C0.0+D0.0
30-10-2024 12:47:21 - INFO - Sending request to Setting Chmaber Zones to a= 0.0, b= 0.0, c= 0.0, d= 0.0 with timeout of 5s...
30-10-2024 12:47:21 - ERROR - E104: Error while executing Setting Chmaber Zones to a= 0.0, b= 0.0, c= 0.0, d= 0.0 
 502 Server Error: Bad Gateway for url: http://192.168.0.231/printer/gcode/script?script=M15+A0.0+B0.0+C0.0+D0.0
30-10-2024 12:47:21 - INFO - Sending request to Setting Chmaber Zones to a= 0.0, b= 0.0, c= 0.0, d= 0.0 with timeout of 5s...
30-10-2024 12:47:21 - ERROR - E104: Error while executing Setting Chmaber Zones to a= 0.0, b= 0.0, c= 0.0, d= 0.0 
 502 Server Error: Bad Gateway for url: http://192.168.0.231/printer/gcode/script?script=M15+A0.0+B0.0+C0.0+D0.0
30-10-2024 12:47:22 - INFO - Sending request to Setting Chmaber Zones to a= 0.0, b= 0.0, c= 0.0, d= 0.0 with timeout of 5s...
30-10-2024 12:47:22 - ERROR - E104: Error while executing Setting Chmaber Zones to a= 0.0, b= 0.0, c= 0.0, d= 0.0 
 502 Server Error: Bad Gateway for url: http://192.168.0.231/printer/gcode/script?script=M15+A0.0+B0.0+C0.0+D0.0
30-10-2024 12:47:22 - INFO - Sending request to Setting Chmaber Zones to a= 0.0, b= 0.0, c= 0.0, d= 0.0 with timeout of 5s...
30-10-2024 12:47:22 - INFO - Sending request to Setting Chmaber Zones to a= 0.0, b= 0.0, c= 0.0, d= 0.0 with timeout of 5s...
30-10-2024 12:47:22 - INFO - Sending request to Setting Chmaber Zones to a= 0.0, b= 0.0, c= 0.0, d= 0.0 with timeout of 5s...
30-10-2024 12:47:22 - INFO - Sending request to Setting Chmaber Zones to a= 0.0, b= 0.0, c= 0.0, d= 0.0 with timeout of 5s...
30-10-2024 12:47:23 - INFO - Sending request to Setting Chmaber Zones to a= 0.0, b= 0.0, c= 0.0, d= 0.0 with timeout of 5s...
30-10-2024 12:47:23 - ERROR - E104: Error while executing Setting Chmaber Zones to a= 0.0, b= 0.0, c= 0.0, d= 0.0 
 502 Server Error: Bad Gateway for url: http://192.168.0.231/printer/gcode/script?script=M15+A0.0+B0.0+C0.0+D0.0
30-10-2024 12:47:23 - ERROR - E104: Error while executing Setting Chmaber Zones to a= 0.0, b= 0.0, c= 0.0, d= 0.0 
 502 Server Error: Bad Gateway for url: http://192.168.0.231/printer/gcode/script?script=M15+A0.0+B0.0+C0.0+D0.0
30-10-2024 12:47:23 - ERROR - E104: Error while executing Setting Chmaber Zones to a= 0.0, b= 0.0, c= 0.0, d= 0.0 
 502 Server Error: Bad Gateway for url: http://192.168.0.231/printer/gcode/script?script=M15+A0.0+B0.0+C0.0+D0.0
30-10-2024 12:47:23 - ERROR - E104: Error while executing Setting Chmaber Zones to a= 0.0, b= 0.0, c= 0.0, d= 0.0 
 502 Server Error: Bad Gateway for url: http://192.168.0.231/printer/gcode/script?script=M15+A0.0+B0.0+C0.0+D0.0
30-10-2024 12:47:23 - ERROR - E104: Error while executing Setting Chmaber Zones to a= 0.0, b= 0.0, c= 0.0, d= 0.0 
 502 Server Error: Bad Gateway for url: http://192.168.0.231/printer/gcode/script?script=M15+A0.0+B0.0+C0.0+D0.0
30-10-2024 12:47:23 - INFO - Sending request to Setting Chmaber Zones to a= 0.0, b= 0.0, c= 0.0, d= 0.0 with timeout of 5s...
30-10-2024 12:47:23 - ERROR - E104: Error while executing Setting Chmaber Zones to a= 0.0, b= 0.0, c= 0.0, d= 0.0 
 502 Server Error: Bad Gateway for url: http://192.168.0.231/printer/gcode/script?script=M15+A0.0+B0.0+C0.0+D0.0
30-10-2024 12:47:23 - INFO - Sending request to Setting Chmaber Zones to a= 0.0, b= 0.0, c= 0.0, d= 0.0 with timeout of 5s...
30-10-2024 12:47:23 - ERROR - E104: Error while executing Setting Chmaber Zones to a= 0.0, b= 0.0, c= 0.0, d= 0.0 
 502 Server Error: Bad Gateway for url: http://192.168.0.231/printer/gcode/script?script=M15+A0.0+B0.0+C0.0+D0.0
30-10-2024 12:47:23 - INFO - Sending request to Setting Chmaber Zones to a= 0.0, b= 0.0, c= 0.0, d= 0.0 with timeout of 5s...
30-10-2024 12:47:23 - ERROR - E104: Error while executing Setting Chmaber Zones to a= 0.0, b= 0.0, c= 0.0, d= 0.0 
 502 Server Error: Bad Gateway for url: http://192.168.0.231/printer/gcode/script?script=M15+A0.0+B0.0+C0.0+D0.0
30-10-2024 12:47:23 - INFO - Sending request to Setting Chmaber Zones to a= 0.0, b= 0.0, c= 0.0, d= 0.0 with timeout of 5s...
30-10-2024 12:47:23 - ERROR - E104: Error while executing Setting Chmaber Zones to a= 0.0, b= 0.0, c= 0.0, d= 0.0 
 502 Server Error: Bad Gateway for url: http://192.168.0.231/printer/gcode/script?script=M15+A0.0+B0.0+C0.0+D0.0
30-10-2024 12:47:24 - INFO - Sending request to Setting Chmaber Zones to a= 0.0, b= 0.0, c= 0.0, d= 0.0 with timeout of 5s...
30-10-2024 12:47:24 - ERROR - E104: Error while executing Setting Chmaber Zones to a= 0.0, b= 0.0, c= 0.0, d= 0.0 
 502 Server Error: Bad Gateway for url: http://192.168.0.231/printer/gcode/script?script=M15+A0.0+B0.0+C0.0+D0.0
30-10-2024 12:47:24 - INFO - Sending request to Setting Chmaber Zones to a= 0.0, b= 0.0, c= 0.0, d= 0.0 with timeout of 5s...
30-10-2024 12:47:24 - ERROR - E104: Error while executing Setting Chmaber Zones to a= 0.0, b= 0.0, c= 0.0, d= 0.0 
 502 Server Error: Bad Gateway for url: http://192.168.0.231/printer/gcode/script?script=M15+A0.0+B0.0+C0.0+D0.0
30-10-2024 12:47:24 - INFO - Sending request to Setting Chmaber Zones to a= 0.0, b= 0.0, c= 0.0, d= 0.0 with timeout of 5s...
30-10-2024 12:47:24 - ERROR - E104: Error while executing Setting Chmaber Zones to a= 0.0, b= 0.0, c= 0.0, d= 0.0 
 502 Server Error: Bad Gateway for url: http://192.168.0.231/printer/gcode/script?script=M15+A0.0+B0.0+C0.0+D0.0
30-10-2024 12:47:24 - INFO - Sending request to Setting Chmaber Zones to a= 0.0, b= 0.0, c= 0.0, d= 0.0 with timeout of 5s...
30-10-2024 12:47:24 - ERROR - E104: Error while executing Setting Chmaber Zones to a= 0.0, b= 0.0, c= 0.0, d= 0.0 
 502 Server Error: Bad Gateway for url: http://192.168.0.231/printer/gcode/script?script=M15+A0.0+B0.0+C0.0+D0.0
30-10-2024 12:47:24 - INFO - Sending request to Setting Chmaber Zones to a= 0.0, b= 0.0, c= 0.0, d= 0.0 with timeout of 5s...
30-10-2024 12:47:24 - ERROR - E104: Error while executing Setting Chmaber Zones to a= 0.0, b= 0.0, c= 0.0, d= 0.0 
 502 Server Error: Bad Gateway for url: http://192.168.0.231/printer/gcode/script?script=M15+A0.0+B0.0+C0.0+D0.0
30-10-2024 12:47:25 - INFO - Sending request to Setting Chmaber Zones to a= 0.0, b= 0.0, c= 0.0, d= 0.0 with timeout of 5s...
30-10-2024 12:47:25 - ERROR - E104: Error while executing Setting Chmaber Zones to a= 0.0, b= 0.0, c= 0.0, d= 0.0 
 502 Server Error: Bad Gateway for url: http://192.168.0.231/printer/gcode/script?script=M15+A0.0+B0.0+C0.0+D0.0
30-10-2024 12:47:25 - INFO - Sending request to Setting Chmaber Zones to a= 0.0, b= 0.0, c= 0.0, d= 0.0 with timeout of 5s...
30-10-2024 12:47:25 - ERROR - E104: Error while executing Setting Chmaber Zones to a= 0.0, b= 0.0, c= 0.0, d= 0.0 
 502 Server Error: Bad Gateway for url: http://192.168.0.231/printer/gcode/script?script=M15+A0.0+B0.0+C0.0+D0.0
30-10-2024 12:47:25 - INFO - Sending request to Setting Chmaber Zones to a= 0.0, b= 0.0, c= 0.0, d= 0.0 with timeout of 5s...
30-10-2024 12:47:25 - ERROR - E104: Error while executing Setting Chmaber Zones to a= 0.0, b= 0.0, c= 0.0, d= 0.0 
 502 Server Error: Bad Gateway for url: http://192.168.0.231/printer/gcode/script?script=M15+A0.0+B0.0+C0.0+D0.0
30-10-2024 12:47:25 - INFO - Sending request to Setting Chmaber Zones to a= 0.0, b= 0.0, c= 0.0, d= 0.0 with timeout of 5s...
30-10-2024 12:47:25 - ERROR - E104: Error while executing Setting Chmaber Zones to a= 0.0, b= 0.0, c= 0.0, d= 0.0 
 502 Server Error: Bad Gateway for url: http://192.168.0.231/printer/gcode/script?script=M15+A0.0+B0.0+C0.0+D0.0
30-10-2024 12:47:25 - INFO - Sending request to Setting Chmaber Zones to a= 0.0, b= 0.0, c= 0.0, d= 0.0 with timeout of 5s...
30-10-2024 12:47:25 - ERROR - E104: Error while executing Setting Chmaber Zones to a= 0.0, b= 0.0, c= 0.0, d= 0.0 
 502 Server Error: Bad Gateway for url: http://192.168.0.231/printer/gcode/script?script=M15+A0.0+B0.0+C0.0+D0.0
30-10-2024 12:47:26 - INFO - Sending request to Setting Chmaber Zones to a= 0.0, b= 0.0, c= 0.0, d= 0.0 with timeout of 5s...
30-10-2024 12:47:26 - ERROR - E104: Error while executing Setting Chmaber Zones to a= 0.0, b= 0.0, c= 0.0, d= 0.0 
 502 Server Error: Bad Gateway for url: http://192.168.0.231/printer/gcode/script?script=M15+A0.0+B0.0+C0.0+D0.0
30-10-2024 12:47:26 - INFO - Sending request to Setting Chmaber Zones to a= 0.0, b= 0.0, c= 0.0, d= 0.0 with timeout of 5s...
30-10-2024 12:47:26 - ERROR - E104: Error while executing Setting Chmaber Zones to a= 0.0, b= 0.0, c= 0.0, d= 0.0 
 502 Server Error: Bad Gateway for url: http://192.168.0.231/printer/gcode/script?script=M15+A0.0+B0.0+C0.0+D0.0
30-10-2024 12:47:26 - INFO - Sending request to Setting Chmaber Zones to a= 0.0, b= 0.0, c= 0.0, d= 0.0 with timeout of 5s...
30-10-2024 12:47:26 - ERROR - E104: Error while executing Setting Chmaber Zones to a= 0.0, b= 0.0, c= 0.0, d= 0.0 
 502 Server Error: Bad Gateway for url: http://192.168.0.231/printer/gcode/script?script=M15+A0.0+B0.0+C0.0+D0.0
30-10-2024 12:47:26 - INFO - Sending request to Setting Chmaber Zones to a= 0.0, b= 0.0, c= 0.0, d= 0.0 with timeout of 5s...
30-10-2024 12:47:26 - ERROR - E104: Error while executing Setting Chmaber Zones to a= 0.0, b= 0.0, c= 0.0, d= 0.0 
 502 Server Error: Bad Gateway for url: http://192.168.0.231/printer/gcode/script?script=M15+A0.0+B0.0+C0.0+D0.0
30-10-2024 12:47:26 - INFO - Sending request to Setting Chmaber Zones to a= 0.0, b= 0.0, c= 0.0, d= 0.0 with timeout of 5s...
30-10-2024 12:47:26 - ERROR - E104: Error while executing Setting Chmaber Zones to a= 0.0, b= 0.0, c= 0.0, d= 0.0 
 502 Server Error: Bad Gateway for url: http://192.168.0.231/printer/gcode/script?script=M15+A0.0+B0.0+C0.0+D0.0
30-10-2024 12:47:27 - INFO - Sending request to Setting Chmaber Zones to a= 0.0, b= 0.0, c= 0.0, d= 0.0 with timeout of 5s...
30-10-2024 12:47:27 - ERROR - E104: Error while executing Setting Chmaber Zones to a= 0.0, b= 0.0, c= 0.0, d= 0.0 
 502 Server Error: Bad Gateway for url: http://192.168.0.231/printer/gcode/script?script=M15+A0.0+B0.0+C0.0+D0.0
30-10-2024 12:47:27 - INFO - Sending request to Setting Chmaber Zones to a= 0.0, b= 0.0, c= 0.0, d= 0.0 with timeout of 5s...
30-10-2024 12:47:27 - ERROR - E104: Error while executing Setting Chmaber Zones to a= 0.0, b= 0.0, c= 0.0, d= 0.0 
 502 Server Error: Bad Gateway for url: http://192.168.0.231/printer/gcode/script?script=M15+A0.0+B0.0+C0.0+D0.0
30-10-2024 12:47:27 - INFO - Sending request to Setting Chmaber Zones to a= 0.0, b= 0.0, c= 0.0, d= 0.0 with timeout of 5s...
30-10-2024 12:47:27 - ERROR - E104: Error while executing Setting Chmaber Zones to a= 0.0, b= 0.0, c= 0.0, d= 0.0 
 502 Server Error: Bad Gateway for url: http://192.168.0.231/printer/gcode/script?script=M15+A0.0+B0.0+C0.0+D0.0
30-10-2024 12:47:27 - INFO - Sending request to Setting Chmaber Zones to a= 0.0, b= 0.0, c= 0.0, d= 0.0 with timeout of 5s...
30-10-2024 12:47:27 - ERROR - E104: Error while executing Setting Chmaber Zones to a= 0.0, b= 0.0, c= 0.0, d= 0.0 
 502 Server Error: Bad Gateway for url: http://192.168.0.231/printer/gcode/script?script=M15+A0.0+B0.0+C0.0+D0.0
30-10-2024 12:47:27 - INFO - Sending request to Setting Chmaber Zones to a= 0.0, b= 0.0, c= 0.0, d= 0.0 with timeout of 5s...
30-10-2024 12:47:27 - ERROR - E104: Error while executing Setting Chmaber Zones to a= 0.0, b= 0.0, c= 0.0, d= 0.0 
 502 Server Error: Bad Gateway for url: http://192.168.0.231/printer/gcode/script?script=M15+A0.0+B0.0+C0.0+D0.0
30-10-2024 12:47:28 - INFO - Sending request to Setting Chmaber Zones to a= 0.0, b= 0.0, c= 0.0, d= 0.0 with timeout of 5s...
30-10-2024 12:47:28 - ERROR - E104: Error while executing Setting Chmaber Zones to a= 0.0, b= 0.0, c= 0.0, d= 0.0 
 502 Server Error: Bad Gateway for url: http://192.168.0.231/printer/gcode/script?script=M15+A0.0+B0.0+C0.0+D0.0
30-10-2024 12:47:28 - INFO - Sending request to Setting Chmaber Zones to a= 0.0, b= 0.0, c= 0.0, d= 0.0 with timeout of 5s...
30-10-2024 12:47:28 - ERROR - E104: Error while executing Setting Chmaber Zones to a= 0.0, b= 0.0, c= 0.0, d= 0.0 
 502 Server Error: Bad Gateway for url: http://192.168.0.231/printer/gcode/script?script=M15+A0.0+B0.0+C0.0+D0.0
30-10-2024 12:47:28 - INFO - Sending request to Setting Chmaber Zones to a= 0.0, b= 0.0, c= 0.0, d= 0.0 with timeout of 5s...
30-10-2024 12:47:28 - ERROR - E104: Error while executing Setting Chmaber Zones to a= 0.0, b= 0.0, c= 0.0, d= 0.0 
 502 Server Error: Bad Gateway for url: http://192.168.0.231/printer/gcode/script?script=M15+A0.0+B0.0+C0.0+D0.0
30-10-2024 12:47:28 - INFO - Sending request to Setting Chmaber Zones to a= 0.0, b= 0.0, c= 0.0, d= 0.0 with timeout of 5s...
30-10-2024 12:47:28 - ERROR - E104: Error while executing Setting Chmaber Zones to a= 0.0, b= 0.0, c= 0.0, d= 0.0 
 502 Server Error: Bad Gateway for url: http://192.168.0.231/printer/gcode/script?script=M15+A0.0+B0.0+C0.0+D0.0
30-10-2024 12:47:28 - INFO - Sending request to Setting Chmaber Zones to a= 0.0, b= 0.0, c= 0.0, d= 0.0 with timeout of 5s...
30-10-2024 12:47:28 - ERROR - E104: Error while executing Setting Chmaber Zones to a= 0.0, b= 0.0, c= 0.0, d= 0.0 
 502 Server Error: Bad Gateway for url: http://192.168.0.231/printer/gcode/script?script=M15+A0.0+B0.0+C0.0+D0.0
30-10-2024 12:47:29 - INFO - Sending request to Setting Chmaber Zones to a= 0.0, b= 0.0, c= 0.0, d= 0.0 with timeout of 5s...
30-10-2024 12:47:29 - ERROR - E104: Error while executing Setting Chmaber Zones to a= 0.0, b= 0.0, c= 0.0, d= 0.0 
 502 Server Error: Bad Gateway for url: http://192.168.0.231/printer/gcode/script?script=M15+A0.0+B0.0+C0.0+D0.0
30-10-2024 12:47:29 - INFO - Sending request to Setting Chmaber Zones to a= 0.0, b= 0.0, c= 0.0, d= 0.0 with timeout of 5s...
30-10-2024 12:47:29 - ERROR - E104: Error while executing Setting Chmaber Zones to a= 0.0, b= 0.0, c= 0.0, d= 0.0 
 502 Server Error: Bad Gateway for url: http://192.168.0.231/printer/gcode/script?script=M15+A0.0+B0.0+C0.0+D0.0
30-10-2024 12:47:29 - INFO - Sending request to Setting Chmaber Zones to a= 0.0, b= 0.0, c= 0.0, d= 0.0 with timeout of 5s...
30-10-2024 12:47:29 - INFO - Sending request to Setting Chmaber Zones to a= 0.0, b= 0.0, c= 0.0, d= 0.0 with timeout of 5s...
30-10-2024 12:47:29 - INFO - Sending request to Setting Chmaber Zones to a= 0.0, b= 0.0, c= 0.0, d= 0.0 with timeout of 5s...
30-10-2024 12:47:30 - INFO - Sending request to Setting Chmaber Zones to a= 0.0, b= 0.0, c= 0.0, d= 0.0 with timeout of 5s...
30-10-2024 12:47:30 - ERROR - E104: Error while executing Setting Chmaber Zones to a= 0.0, b= 0.0, c= 0.0, d= 0.0 
 502 Server Error: Bad Gateway for url: http://192.168.0.231/printer/gcode/script?script=M15+A0.0+B0.0+C0.0+D0.0
30-10-2024 12:47:30 - ERROR - E104: Error while executing Setting Chmaber Zones to a= 0.0, b= 0.0, c= 0.0, d= 0.0 
 502 Server Error: Bad Gateway for url: http://192.168.0.231/printer/gcode/script?script=M15+A0.0+B0.0+C0.0+D0.0
30-10-2024 12:47:30 - ERROR - E104: Error while executing Setting Chmaber Zones to a= 0.0, b= 0.0, c= 0.0, d= 0.0 
 502 Server Error: Bad Gateway for url: http://192.168.0.231/printer/gcode/script?script=M15+A0.0+B0.0+C0.0+D0.0
30-10-2024 12:47:30 - ERROR - E104: Error while executing Setting Chmaber Zones to a= 0.0, b= 0.0, c= 0.0, d= 0.0 
 502 Server Error: Bad Gateway for url: http://192.168.0.231/printer/gcode/script?script=M15+A0.0+B0.0+C0.0+D0.0
30-10-2024 12:47:30 - INFO - Sending request to Setting Chmaber Zones to a= 0.0, b= 0.0, c= 0.0, d= 0.0 with timeout of 5s...
30-10-2024 12:47:30 - ERROR - E104: Error while executing Setting Chmaber Zones to a= 0.0, b= 0.0, c= 0.0, d= 0.0 
 502 Server Error: Bad Gateway for url: http://192.168.0.231/printer/gcode/script?script=M15+A0.0+B0.0+C0.0+D0.0
30-10-2024 12:47:30 - INFO - Sending request to Setting Chmaber Zones to a= 0.0, b= 0.0, c= 0.0, d= 0.0 with timeout of 5s...
30-10-2024 12:47:30 - ERROR - E104: Error while executing Setting Chmaber Zones to a= 0.0, b= 0.0, c= 0.0, d= 0.0 
 502 Server Error: Bad Gateway for url: http://192.168.0.231/printer/gcode/script?script=M15+A0.0+B0.0+C0.0+D0.0
30-10-2024 12:47:30 - INFO - Sending request to Setting Chmaber Zones to a= 0.0, b= 0.0, c= 0.0, d= 0.0 with timeout of 5s...
30-10-2024 12:47:30 - ERROR - E104: Error while executing Setting Chmaber Zones to a= 0.0, b= 0.0, c= 0.0, d= 0.0 
 502 Server Error: Bad Gateway for url: http://192.168.0.231/printer/gcode/script?script=M15+A0.0+B0.0+C0.0+D0.0
30-10-2024 12:47:30 - INFO - Sending request to Setting Chmaber Zones to a= 0.0, b= 0.0, c= 0.0, d= 0.0 with timeout of 5s...
30-10-2024 12:47:30 - ERROR - E104: Error while executing Setting Chmaber Zones to a= 0.0, b= 0.0, c= 0.0, d= 0.0 
 502 Server Error: Bad Gateway for url: http://192.168.0.231/printer/gcode/script?script=M15+A0.0+B0.0+C0.0+D0.0
30-10-2024 12:47:31 - INFO - Sending request to Setting Chmaber Zones to a= 0.0, b= 0.0, c= 0.0, d= 0.0 with timeout of 5s...
30-10-2024 12:47:31 - ERROR - E104: Error while executing Setting Chmaber Zones to a= 0.0, b= 0.0, c= 0.0, d= 0.0 
 502 Server Error: Bad Gateway for url: http://192.168.0.231/printer/gcode/script?script=M15+A0.0+B0.0+C0.0+D0.0
30-10-2024 12:47:31 - INFO - Sending request to Setting Chmaber Zones to a= 0.0, b= 0.0, c= 0.0, d= 0.0 with timeout of 5s...
30-10-2024 12:47:31 - ERROR - E104: Error while executing Setting Chmaber Zones to a= 0.0, b= 0.0, c= 0.0, d= 0.0 
 502 Server Error: Bad Gateway for url: http://192.168.0.231/printer/gcode/script?script=M15+A0.0+B0.0+C0.0+D0.0
30-10-2024 12:47:31 - INFO - Sending request to Setting Chmaber Zones to a= 0.0, b= 0.0, c= 0.0, d= 0.0 with timeout of 5s...
30-10-2024 12:47:31 - ERROR - E104: Error while executing Setting Chmaber Zones to a= 0.0, b= 0.0, c= 0.0, d= 0.0 
 502 Server Error: Bad Gateway for url: http://192.168.0.231/printer/gcode/script?script=M15+A0.0+B0.0+C0.0+D0.0
30-10-2024 12:47:31 - INFO - Sending request to Setting Chmaber Zones to a= 0.0, b= 0.0, c= 0.0, d= 0.0 with timeout of 5s...
30-10-2024 12:47:31 - ERROR - E104: Error while executing Setting Chmaber Zones to a= 0.0, b= 0.0, c= 0.0, d= 0.0 
 502 Server Error: Bad Gateway for url: http://192.168.0.231/printer/gcode/script?script=M15+A0.0+B0.0+C0.0+D0.0
30-10-2024 12:47:31 - INFO - Sending request to Setting Chmaber Zones to a= 0.0, b= 0.0, c= 0.0, d= 0.0 with timeout of 5s...
30-10-2024 12:47:32 - ERROR - E104: Error while executing Setting Chmaber Zones to a= 0.0, b= 0.0, c= 0.0, d= 0.0 
 502 Server Error: Bad Gateway for url: http://192.168.0.231/printer/gcode/script?script=M15+A0.0+B0.0+C0.0+D0.0
30-10-2024 12:47:32 - INFO - Sending request to Setting Chmaber Zones to a= 0.0, b= 0.0, c= 0.0, d= 0.0 with timeout of 5s...
30-10-2024 12:47:32 - ERROR - E104: Error while executing Setting Chmaber Zones to a= 0.0, b= 0.0, c= 0.0, d= 0.0 
 502 Server Error: Bad Gateway for url: http://192.168.0.231/printer/gcode/script?script=M15+A0.0+B0.0+C0.0+D0.0
30-10-2024 12:47:32 - INFO - Sending request to Setting Chmaber Zones to a= 0.0, b= 0.0, c= 0.0, d= 0.0 with timeout of 5s...
30-10-2024 12:47:32 - ERROR - E104: Error while executing Setting Chmaber Zones to a= 0.0, b= 0.0, c= 0.0, d= 0.0 
 502 Server Error: Bad Gateway for url: http://192.168.0.231/printer/gcode/script?script=M15+A0.0+B0.0+C0.0+D0.0
30-10-2024 12:47:32 - INFO - Sending request to Setting Chmaber Zones to a= 0.0, b= 0.0, c= 0.0, d= 0.0 with timeout of 5s...
30-10-2024 12:47:32 - ERROR - E104: Error while executing Setting Chmaber Zones to a= 0.0, b= 0.0, c= 0.0, d= 0.0 
 502 Server Error: Bad Gateway for url: http://192.168.0.231/printer/gcode/script?script=M15+A0.0+B0.0+C0.0+D0.0
30-10-2024 12:47:32 - INFO - Sending request to Setting Chmaber Zones to a= 0.0, b= 0.0, c= 0.0, d= 0.0 with timeout of 5s...
30-10-2024 12:47:32 - ERROR - E104: Error while executing Setting Chmaber Zones to a= 0.0, b= 0.0, c= 0.0, d= 0.0 
 502 Server Error: Bad Gateway for url: http://192.168.0.231/printer/gcode/script?script=M15+A0.0+B0.0+C0.0+D0.0
30-10-2024 12:47:32 - INFO - Sending request to Setting Chmaber Zones to a= 0.0, b= 0.0, c= 0.0, d= 0.0 with timeout of 5s...
30-10-2024 12:47:33 - ERROR - E104: Error while executing Setting Chmaber Zones to a= 0.0, b= 0.0, c= 0.0, d= 0.0 
 502 Server Error: Bad Gateway for url: http://192.168.0.231/printer/gcode/script?script=M15+A0.0+B0.0+C0.0+D0.0
30-10-2024 12:47:33 - INFO - Sending request to Setting Chmaber Zones to a= 0.0, b= 0.0, c= 0.0, d= 0.0 with timeout of 5s...
30-10-2024 12:47:33 - ERROR - E104: Error while executing Setting Chmaber Zones to a= 0.0, b= 0.0, c= 0.0, d= 0.0 
 502 Server Error: Bad Gateway for url: http://192.168.0.231/printer/gcode/script?script=M15+A0.0+B0.0+C0.0+D0.0
30-10-2024 12:47:33 - INFO - Sending request to Setting Chmaber Zones to a= 0.0, b= 0.0, c= 0.0, d= 0.0 with timeout of 5s...
30-10-2024 12:47:33 - ERROR - E104: Error while executing Setting Chmaber Zones to a= 0.0, b= 0.0, c= 0.0, d= 0.0 
 502 Server Error: Bad Gateway for url: http://192.168.0.231/printer/gcode/script?script=M15+A0.0+B0.0+C0.0+D0.0
30-10-2024 12:47:33 - INFO - Sending request to Setting Chmaber Zones to a= 0.0, b= 0.0, c= 0.0, d= 0.0 with timeout of 5s...
30-10-2024 12:47:33 - ERROR - E104: Error while executing Setting Chmaber Zones to a= 0.0, b= 0.0, c= 0.0, d= 0.0 
 502 Server Error: Bad Gateway for url: http://192.168.0.231/printer/gcode/script?script=M15+A0.0+B0.0+C0.0+D0.0
30-10-2024 12:47:33 - INFO - Sending request to Setting Chmaber Zones to a= 0.0, b= 0.0, c= 0.0, d= 0.0 with timeout of 5s...
30-10-2024 12:47:33 - ERROR - E104: Error while executing Setting Chmaber Zones to a= 0.0, b= 0.0, c= 0.0, d= 0.0 
 502 Server Error: Bad Gateway for url: http://192.168.0.231/printer/gcode/script?script=M15+A0.0+B0.0+C0.0+D0.0
30-10-2024 12:47:34 - INFO - Sending request to Setting Chmaber Zones to a= 0.0, b= 0.0, c= 0.0, d= 0.0 with timeout of 5s...
30-10-2024 12:47:34 - ERROR - E104: Error while executing Setting Chmaber Zones to a= 0.0, b= 0.0, c= 0.0, d= 0.0 
 502 Server Error: Bad Gateway for url: http://192.168.0.231/printer/gcode/script?script=M15+A0.0+B0.0+C0.0+D0.0
30-10-2024 12:47:34 - INFO - Sending request to Setting Chmaber Zones to a= 0.0, b= 0.0, c= 0.0, d= 0.0 with timeout of 5s...
30-10-2024 12:47:34 - ERROR - E104: Error while executing Setting Chmaber Zones to a= 0.0, b= 0.0, c= 0.0, d= 0.0 
 502 Server Error: Bad Gateway for url: http://192.168.0.231/printer/gcode/script?script=M15+A0.0+B0.0+C0.0+D0.0
30-10-2024 12:47:34 - INFO - Sending request to Setting Chmaber Zones to a= 0.0, b= 0.0, c= 0.0, d= 0.0 with timeout of 5s...
30-10-2024 12:47:34 - ERROR - E104: Error while executing Setting Chmaber Zones to a= 0.0, b= 0.0, c= 0.0, d= 0.0 
 502 Server Error: Bad Gateway for url: http://192.168.0.231/printer/gcode/script?script=M15+A0.0+B0.0+C0.0+D0.0
30-10-2024 12:47:34 - INFO - Sending request to Setting Chmaber Zones to a= 0.0, b= 0.0, c= 0.0, d= 0.0 with timeout of 5s...
30-10-2024 12:47:34 - ERROR - E104: Error while executing Setting Chmaber Zones to a= 0.0, b= 0.0, c= 0.0, d= 0.0 
 502 Server Error: Bad Gateway for url: http://192.168.0.231/printer/gcode/script?script=M15+A0.0+B0.0+C0.0+D0.0
30-10-2024 12:47:34 - INFO - Sending request to Setting Chmaber Zones to a= 0.0, b= 0.0, c= 0.0, d= 0.0 with timeout of 5s...
30-10-2024 12:47:34 - ERROR - E104: Error while executing Setting Chmaber Zones to a= 0.0, b= 0.0, c= 0.0, d= 0.0 
 502 Server Error: Bad Gateway for url: http://192.168.0.231/printer/gcode/script?script=M15+A0.0+B0.0+C0.0+D0.0
30-10-2024 12:47:35 - INFO - Sending request to Setting Chmaber Zones to a= 0.0, b= 0.0, c= 0.0, d= 0.0 with timeout of 5s...
30-10-2024 12:47:35 - ERROR - E104: Error while executing Setting Chmaber Zones to a= 0.0, b= 0.0, c= 0.0, d= 0.0 
 502 Server Error: Bad Gateway for url: http://192.168.0.231/printer/gcode/script?script=M15+A0.0+B0.0+C0.0+D0.0
30-10-2024 12:47:35 - INFO - Sending request to Setting Chmaber Zones to a= 0.0, b= 0.0, c= 0.0, d= 0.0 with timeout of 5s...
30-10-2024 12:47:35 - ERROR - E104: Error while executing Setting Chmaber Zones to a= 0.0, b= 0.0, c= 0.0, d= 0.0 
 502 Server Error: Bad Gateway for url: http://192.168.0.231/printer/gcode/script?script=M15+A0.0+B0.0+C0.0+D0.0
30-10-2024 12:47:35 - INFO - Sending request to Setting Chmaber Zones to a= 0.0, b= 0.0, c= 0.0, d= 0.0 with timeout of 5s...
30-10-2024 12:47:35 - ERROR - E104: Error while executing Setting Chmaber Zones to a= 0.0, b= 0.0, c= 0.0, d= 0.0 
 502 Server Error: Bad Gateway for url: http://192.168.0.231/printer/gcode/script?script=M15+A0.0+B0.0+C0.0+D0.0
30-10-2024 12:47:35 - INFO - Sending request to Setting Chmaber Zones to a= 0.0, b= 0.0, c= 0.0, d= 0.0 with timeout of 5s...
30-10-2024 12:47:35 - ERROR - E104: Error while executing Setting Chmaber Zones to a= 0.0, b= 0.0, c= 0.0, d= 0.0 
 502 Server Error: Bad Gateway for url: http://192.168.0.231/printer/gcode/script?script=M15+A0.0+B0.0+C0.0+D0.0
30-10-2024 12:47:35 - INFO - Sending request to Setting Chmaber Zones to a= 0.0, b= 0.0, c= 0.0, d= 0.0 with timeout of 5s...
30-10-2024 12:47:35 - ERROR - E104: Error while executing Setting Chmaber Zones to a= 0.0, b= 0.0, c= 0.0, d= 0.0 
 502 Server Error: Bad Gateway for url: http://192.168.0.231/printer/gcode/script?script=M15+A0.0+B0.0+C0.0+D0.0
30-10-2024 12:47:36 - INFO - Sending request to Setting Chmaber Zones to a= 0.0, b= 0.0, c= 0.0, d= 0.0 with timeout of 5s...
30-10-2024 12:47:36 - ERROR - E104: Error while executing Setting Chmaber Zones to a= 0.0, b= 0.0, c= 0.0, d= 0.0 
 502 Server Error: Bad Gateway for url: http://192.168.0.231/printer/gcode/script?script=M15+A0.0+B0.0+C0.0+D0.0
30-10-2024 12:47:36 - INFO - Sending request to Setting Chmaber Zones to a= 0.0, b= 0.0, c= 0.0, d= 0.0 with timeout of 5s...
30-10-2024 12:47:36 - ERROR - E104: Error while executing Setting Chmaber Zones to a= 0.0, b= 0.0, c= 0.0, d= 0.0 
 502 Server Error: Bad Gateway for url: http://192.168.0.231/printer/gcode/script?script=M15+A0.0+B0.0+C0.0+D0.0
30-10-2024 12:47:36 - INFO - Sending request to Setting Chmaber Zones to a= 0.0, b= 0.0, c= 0.0, d= 0.0 with timeout of 5s...
30-10-2024 12:47:36 - ERROR - E104: Error while executing Setting Chmaber Zones to a= 0.0, b= 0.0, c= 0.0, d= 0.0 
 502 Server Error: Bad Gateway for url: http://192.168.0.231/printer/gcode/script?script=M15+A0.0+B0.0+C0.0+D0.0
30-10-2024 12:47:36 - INFO - Sending request to Setting Chmaber Zones to a= 0.0, b= 0.0, c= 0.0, d= 0.0 with timeout of 5s...
30-10-2024 12:47:36 - ERROR - E104: Error while executing Setting Chmaber Zones to a= 0.0, b= 0.0, c= 0.0, d= 0.0 
 502 Server Error: Bad Gateway for url: http://192.168.0.231/printer/gcode/script?script=M15+A0.0+B0.0+C0.0+D0.0
30-10-2024 12:47:36 - INFO - Sending request to Setting Chmaber Zones to a= 0.0, b= 0.0, c= 0.0, d= 0.0 with timeout of 5s...
30-10-2024 12:47:36 - ERROR - E104: Error while executing Setting Chmaber Zones to a= 0.0, b= 0.0, c= 0.0, d= 0.0 
 502 Server Error: Bad Gateway for url: http://192.168.0.231/printer/gcode/script?script=M15+A0.0+B0.0+C0.0+D0.0
30-10-2024 12:47:37 - INFO - Sending request to Setting Chmaber Zones to a= 0.0, b= 0.0, c= 0.0, d= 0.0 with timeout of 5s...
30-10-2024 12:47:37 - ERROR - E104: Error while executing Setting Chmaber Zones to a= 0.0, b= 0.0, c= 0.0, d= 0.0 
 502 Server Error: Bad Gateway for url: http://192.168.0.231/printer/gcode/script?script=M15+A0.0+B0.0+C0.0+D0.0
30-10-2024 12:47:37 - INFO - Sending request to Setting Chmaber Zones to a= 0.0, b= 0.0, c= 0.0, d= 0.0 with timeout of 5s...
30-10-2024 12:47:37 - ERROR - E104: Error while executing Setting Chmaber Zones to a= 0.0, b= 0.0, c= 0.0, d= 0.0 
 502 Server Error: Bad Gateway for url: http://192.168.0.231/printer/gcode/script?script=M15+A0.0+B0.0+C0.0+D0.0
30-10-2024 12:47:37 - INFO - Sending request to Setting Chmaber Zones to a= 0.0, b= 0.0, c= 0.0, d= 0.0 with timeout of 5s...
30-10-2024 12:47:37 - ERROR - E104: Error while executing Setting Chmaber Zones to a= 0.0, b= 0.0, c= 0.0, d= 0.0 
 502 Server Error: Bad Gateway for url: http://192.168.0.231/printer/gcode/script?script=M15+A0.0+B0.0+C0.0+D0.0
30-10-2024 12:47:37 - INFO - Sending request to Setting Chmaber Zones to a= 0.0, b= 0.0, c= 0.0, d= 0.0 with timeout of 5s...
30-10-2024 12:47:37 - ERROR - E104: Error while executing Setting Chmaber Zones to a= 0.0, b= 0.0, c= 0.0, d= 0.0 
 502 Server Error: Bad Gateway for url: http://192.168.0.231/printer/gcode/script?script=M15+A0.0+B0.0+C0.0+D0.0
30-10-2024 12:47:37 - INFO - Sending request to Setting Chmaber Zones to a= 0.0, b= 0.0, c= 0.0, d= 0.0 with timeout of 5s...
30-10-2024 12:47:37 - ERROR - E104: Error while executing Setting Chmaber Zones to a= 0.0, b= 0.0, c= 0.0, d= 0.0 
 502 Server Error: Bad Gateway for url: http://192.168.0.231/printer/gcode/script?script=M15+A0.0+B0.0+C0.0+D0.0
30-10-2024 12:47:38 - INFO - Sending request to Setting Chmaber Zones to a= 0.0, b= 0.0, c= 0.0, d= 0.0 with timeout of 5s...
30-10-2024 12:47:38 - ERROR - E104: Error while executing Setting Chmaber Zones to a= 0.0, b= 0.0, c= 0.0, d= 0.0 
 502 Server Error: Bad Gateway for url: http://192.168.0.231/printer/gcode/script?script=M15+A0.0+B0.0+C0.0+D0.0
30-10-2024 12:47:38 - INFO - Sending request to Setting Chmaber Zones to a= 0.0, b= 0.0, c= 0.0, d= 0.0 with timeout of 5s...
30-10-2024 12:47:38 - ERROR - E104: Error while executing Setting Chmaber Zones to a= 0.0, b= 0.0, c= 0.0, d= 0.0 
 502 Server Error: Bad Gateway for url: http://192.168.0.231/printer/gcode/script?script=M15+A0.0+B0.0+C0.0+D0.0
30-10-2024 12:47:38 - INFO - Sending request to Setting Chmaber Zones to a= 0.0, b= 0.0, c= 0.0, d= 0.0 with timeout of 5s...
30-10-2024 12:47:38 - ERROR - E104: Error while executing Setting Chmaber Zones to a= 0.0, b= 0.0, c= 0.0, d= 0.0 
 502 Server Error: Bad Gateway for url: http://192.168.0.231/printer/gcode/script?script=M15+A0.0+B0.0+C0.0+D0.0
30-10-2024 12:47:38 - INFO - Sending request to Setting Chmaber Zones to a= 0.0, b= 0.0, c= 0.0, d= 0.0 with timeout of 5s...
30-10-2024 12:47:38 - ERROR - E104: Error while executing Setting Chmaber Zones to a= 0.0, b= 0.0, c= 0.0, d= 0.0 
 502 Server Error: Bad Gateway for url: http://192.168.0.231/printer/gcode/script?script=M15+A0.0+B0.0+C0.0+D0.0
30-10-2024 12:47:38 - INFO - Sending request to Setting Chmaber Zones to a= 0.0, b= 0.0, c= 0.0, d= 0.0 with timeout of 5s...
30-10-2024 12:47:38 - ERROR - E104: Error while executing Setting Chmaber Zones to a= 0.0, b= 0.0, c= 0.0, d= 0.0 
 502 Server Error: Bad Gateway for url: http://192.168.0.231/printer/gcode/script?script=M15+A0.0+B0.0+C0.0+D0.0
30-10-2024 12:47:39 - INFO - Sending request to Setting Chmaber Zones to a= 0.0, b= 0.0, c= 0.0, d= 0.0 with timeout of 5s...
30-10-2024 12:47:39 - ERROR - E104: Error while executing Setting Chmaber Zones to a= 0.0, b= 0.0, c= 0.0, d= 0.0 
 502 Server Error: Bad Gateway for url: http://192.168.0.231/printer/gcode/script?script=M15+A0.0+B0.0+C0.0+D0.0
30-10-2024 12:47:39 - INFO - Sending request to Setting Chmaber Zones to a= 0.0, b= 0.0, c= 0.0, d= 0.0 with timeout of 5s...
30-10-2024 12:47:39 - ERROR - E104: Error while executing Setting Chmaber Zones to a= 0.0, b= 0.0, c= 0.0, d= 0.0 
 502 Server Error: Bad Gateway for url: http://192.168.0.231/printer/gcode/script?script=M15+A0.0+B0.0+C0.0+D0.0
30-10-2024 12:47:39 - INFO - Sending request to Setting Chmaber Zones to a= 0.0, b= 0.0, c= 0.0, d= 0.0 with timeout of 5s...
30-10-2024 12:47:39 - ERROR - E104: Error while executing Setting Chmaber Zones to a= 0.0, b= 0.0, c= 0.0, d= 0.0 
 502 Server Error: Bad Gateway for url: http://192.168.0.231/printer/gcode/script?script=M15+A0.0+B0.0+C0.0+D0.0
30-10-2024 12:47:39 - INFO - Sending request to Setting Chmaber Zones to a= 0.0, b= 0.0, c= 0.0, d= 0.0 with timeout of 5s...
30-10-2024 12:47:39 - ERROR - E104: Error while executing Setting Chmaber Zones to a= 0.0, b= 0.0, c= 0.0, d= 0.0 
 502 Server Error: Bad Gateway for url: http://192.168.0.231/printer/gcode/script?script=M15+A0.0+B0.0+C0.0+D0.0
30-10-2024 12:47:39 - INFO - Sending request to Setting Chmaber Zones to a= 0.0, b= 0.0, c= 0.0, d= 0.0 with timeout of 5s...
30-10-2024 12:47:39 - ERROR - E104: Error while executing Setting Chmaber Zones to a= 0.0, b= 0.0, c= 0.0, d= 0.0 
 502 Server Error: Bad Gateway for url: http://192.168.0.231/printer/gcode/script?script=M15+A0.0+B0.0+C0.0+D0.0
30-10-2024 12:47:40 - INFO - Sending request to Setting Chmaber Zones to a= 0.0, b= 0.0, c= 0.0, d= 0.0 with timeout of 5s...
30-10-2024 12:47:40 - ERROR - E104: Error while executing Setting Chmaber Zones to a= 0.0, b= 0.0, c= 0.0, d= 0.0 
 502 Server Error: Bad Gateway for url: http://192.168.0.231/printer/gcode/script?script=M15+A0.0+B0.0+C0.0+D0.0
30-10-2024 12:47:40 - INFO - Sending request to Setting Chmaber Zones to a= 0.0, b= 0.0, c= 0.0, d= 0.0 with timeout of 5s...
30-10-2024 12:47:40 - ERROR - E104: Error while executing Setting Chmaber Zones to a= 0.0, b= 0.0, c= 0.0, d= 0.0 
 502 Server Error: Bad Gateway for url: http://192.168.0.231/printer/gcode/script?script=M15+A0.0+B0.0+C0.0+D0.0
30-10-2024 12:47:40 - INFO - Sending request to Setting Chmaber Zones to a= 0.0, b= 0.0, c= 0.0, d= 0.0 with timeout of 5s...
30-10-2024 12:47:40 - ERROR - E104: Error while executing Setting Chmaber Zones to a= 0.0, b= 0.0, c= 0.0, d= 0.0 
 502 Server Error: Bad Gateway for url: http://192.168.0.231/printer/gcode/script?script=M15+A0.0+B0.0+C0.0+D0.0
30-10-2024 12:47:40 - INFO - Sending request to Setting Chmaber Zones to a= 0.0, b= 0.0, c= 0.0, d= 0.0 with timeout of 5s...
30-10-2024 12:47:40 - INFO - Sending request to Setting Chmaber Zones to a= 0.0, b= 0.0, c= 0.0, d= 0.0 with timeout of 5s...
30-10-2024 12:47:41 - INFO - Sending request to Setting Chmaber Zones to a= 0.0, b= 0.0, c= 0.0, d= 0.0 with timeout of 5s...
30-10-2024 12:47:41 - ERROR - E104: Error while executing Setting Chmaber Zones to a= 0.0, b= 0.0, c= 0.0, d= 0.0 
 502 Server Error: Bad Gateway for url: http://192.168.0.231/printer/gcode/script?script=M15+A0.0+B0.0+C0.0+D0.0
30-10-2024 12:47:41 - ERROR - E104: Error while executing Setting Chmaber Zones to a= 0.0, b= 0.0, c= 0.0, d= 0.0 
 502 Server Error: Bad Gateway for url: http://192.168.0.231/printer/gcode/script?script=M15+A0.0+B0.0+C0.0+D0.0
30-10-2024 12:47:41 - ERROR - E104: Error while executing Setting Chmaber Zones to a= 0.0, b= 0.0, c= 0.0, d= 0.0 
 502 Server Error: Bad Gateway for url: http://192.168.0.231/printer/gcode/script?script=M15+A0.0+B0.0+C0.0+D0.0
30-10-2024 12:47:41 - INFO - Sending request to Setting Chmaber Zones to a= 0.0, b= 0.0, c= 0.0, d= 0.0 with timeout of 5s...
30-10-2024 12:47:41 - ERROR - E104: Error while executing Setting Chmaber Zones to a= 0.0, b= 0.0, c= 0.0, d= 0.0 
 502 Server Error: Bad Gateway for url: http://192.168.0.231/printer/gcode/script?script=M15+A0.0+B0.0+C0.0+D0.0
30-10-2024 12:47:41 - INFO - Sending request to Setting Chmaber Zones to a= 0.0, b= 0.0, c= 0.0, d= 0.0 with timeout of 5s...
30-10-2024 12:47:41 - ERROR - E104: Error while executing Setting Chmaber Zones to a= 0.0, b= 0.0, c= 0.0, d= 0.0 
 502 Server Error: Bad Gateway for url: http://192.168.0.231/printer/gcode/script?script=M15+A0.0+B0.0+C0.0+D0.0
30-10-2024 12:47:41 - INFO - Sending request to Setting Chmaber Zones to a= 0.0, b= 0.0, c= 0.0, d= 0.0 with timeout of 5s...
30-10-2024 12:47:41 - ERROR - E104: Error while executing Setting Chmaber Zones to a= 0.0, b= 0.0, c= 0.0, d= 0.0 
 502 Server Error: Bad Gateway for url: http://192.168.0.231/printer/gcode/script?script=M15+A0.0+B0.0+C0.0+D0.0
30-10-2024 12:47:41 - INFO - Sending request to Setting Chmaber Zones to a= 0.0, b= 0.0, c= 0.0, d= 0.0 with timeout of 5s...
30-10-2024 12:47:41 - ERROR - E104: Error while executing Setting Chmaber Zones to a= 0.0, b= 0.0, c= 0.0, d= 0.0 
 502 Server Error: Bad Gateway for url: http://192.168.0.231/printer/gcode/script?script=M15+A0.0+B0.0+C0.0+D0.0
30-10-2024 12:47:42 - INFO - Sending request to Setting Chmaber Zones to a= 0.0, b= 0.0, c= 0.0, d= 0.0 with timeout of 5s...
30-10-2024 12:47:42 - ERROR - E104: Error while executing Setting Chmaber Zones to a= 0.0, b= 0.0, c= 0.0, d= 0.0 
 502 Server Error: Bad Gateway for url: http://192.168.0.231/printer/gcode/script?script=M15+A0.0+B0.0+C0.0+D0.0
30-10-2024 12:47:42 - INFO - Sending request to Setting Chmaber Zones to a= 0.0, b= 0.0, c= 0.0, d= 0.0 with timeout of 5s...
30-10-2024 12:47:42 - ERROR - E104: Error while executing Setting Chmaber Zones to a= 0.0, b= 0.0, c= 0.0, d= 0.0 
 502 Server Error: Bad Gateway for url: http://192.168.0.231/printer/gcode/script?script=M15+A0.0+B0.0+C0.0+D0.0
30-10-2024 12:47:42 - INFO - Sending request to Setting Chmaber Zones to a= 0.0, b= 0.0, c= 0.0, d= 0.0 with timeout of 5s...
30-10-2024 12:47:42 - ERROR - E104: Error while executing Setting Chmaber Zones to a= 0.0, b= 0.0, c= 0.0, d= 0.0 
 502 Server Error: Bad Gateway for url: http://192.168.0.231/printer/gcode/script?script=M15+A0.0+B0.0+C0.0+D0.0
30-10-2024 12:47:42 - INFO - Sending request to Setting Chmaber Zones to a= 0.0, b= 0.0, c= 0.0, d= 0.0 with timeout of 5s...
30-10-2024 12:47:42 - ERROR - E104: Error while executing Setting Chmaber Zones to a= 0.0, b= 0.0, c= 0.0, d= 0.0 
 502 Server Error: Bad Gateway for url: http://192.168.0.231/printer/gcode/script?script=M15+A0.0+B0.0+C0.0+D0.0
30-10-2024 12:47:42 - INFO - Sending request to Setting Chmaber Zones to a= 0.0, b= 0.0, c= 0.0, d= 0.0 with timeout of 5s...
30-10-2024 12:47:42 - ERROR - E104: Error while executing Setting Chmaber Zones to a= 0.0, b= 0.0, c= 0.0, d= 0.0 
 502 Server Error: Bad Gateway for url: http://192.168.0.231/printer/gcode/script?script=M15+A0.0+B0.0+C0.0+D0.0
30-10-2024 12:47:43 - INFO - Sending request to Setting Chmaber Zones to a= 0.0, b= 0.0, c= 0.0, d= 0.0 with timeout of 5s...
30-10-2024 12:47:43 - ERROR - E104: Error while executing Setting Chmaber Zones to a= 0.0, b= 0.0, c= 0.0, d= 0.0 
 502 Server Error: Bad Gateway for url: http://192.168.0.231/printer/gcode/script?script=M15+A0.0+B0.0+C0.0+D0.0
30-10-2024 12:47:43 - INFO - Sending request to Setting Chmaber Zones to a= 0.0, b= 0.0, c= 0.0, d= 0.0 with timeout of 5s...
30-10-2024 12:47:43 - ERROR - E104: Error while executing Setting Chmaber Zones to a= 0.0, b= 0.0, c= 0.0, d= 0.0 
 502 Server Error: Bad Gateway for url: http://192.168.0.231/printer/gcode/script?script=M15+A0.0+B0.0+C0.0+D0.0
30-10-2024 12:47:43 - INFO - Sending request to Setting Chmaber Zones to a= 0.0, b= 0.0, c= 0.0, d= 0.0 with timeout of 5s...
30-10-2024 12:47:43 - ERROR - E104: Error while executing Setting Chmaber Zones to a= 0.0, b= 0.0, c= 0.0, d= 0.0 
 502 Server Error: Bad Gateway for url: http://192.168.0.231/printer/gcode/script?script=M15+A0.0+B0.0+C0.0+D0.0
30-10-2024 12:47:43 - INFO - Sending request to Setting Chmaber Zones to a= 0.0, b= 0.0, c= 0.0, d= 0.0 with timeout of 5s...
30-10-2024 12:47:43 - ERROR - E104: Error while executing Setting Chmaber Zones to a= 0.0, b= 0.0, c= 0.0, d= 0.0 
 502 Server Error: Bad Gateway for url: http://192.168.0.231/printer/gcode/script?script=M15+A0.0+B0.0+C0.0+D0.0
30-10-2024 12:47:43 - INFO - Sending request to Setting Chmaber Zones to a= 0.0, b= 0.0, c= 0.0, d= 0.0 with timeout of 5s...
30-10-2024 12:47:43 - ERROR - E104: Error while executing Setting Chmaber Zones to a= 0.0, b= 0.0, c= 0.0, d= 0.0 
 502 Server Error: Bad Gateway for url: http://192.168.0.231/printer/gcode/script?script=M15+A0.0+B0.0+C0.0+D0.0
30-10-2024 12:47:44 - INFO - Sending request to Setting Chmaber Zones to a= 0.0, b= 0.0, c= 0.0, d= 0.0 with timeout of 5s...
30-10-2024 12:47:44 - ERROR - E104: Error while executing Setting Chmaber Zones to a= 0.0, b= 0.0, c= 0.0, d= 0.0 
 502 Server Error: Bad Gateway for url: http://192.168.0.231/printer/gcode/script?script=M15+A0.0+B0.0+C0.0+D0.0
30-10-2024 12:47:44 - INFO - Sending request to Setting Chmaber Zones to a= 0.0, b= 0.0, c= 0.0, d= 0.0 with timeout of 5s...
30-10-2024 12:47:44 - ERROR - E104: Error while executing Setting Chmaber Zones to a= 0.0, b= 0.0, c= 0.0, d= 0.0 
 502 Server Error: Bad Gateway for url: http://192.168.0.231/printer/gcode/script?script=M15+A0.0+B0.0+C0.0+D0.0
30-10-2024 12:47:44 - INFO - Sending request to Setting Chmaber Zones to a= 0.0, b= 0.0, c= 0.0, d= 0.0 with timeout of 5s...
30-10-2024 12:47:44 - ERROR - E104: Error while executing Setting Chmaber Zones to a= 0.0, b= 0.0, c= 0.0, d= 0.0 
 502 Server Error: Bad Gateway for url: http://192.168.0.231/printer/gcode/script?script=M15+A0.0+B0.0+C0.0+D0.0
30-10-2024 12:47:44 - INFO - Sending request to Setting Chmaber Zones to a= 0.0, b= 0.0, c= 0.0, d= 0.0 with timeout of 5s...
30-10-2024 12:47:44 - ERROR - E104: Error while executing Setting Chmaber Zones to a= 0.0, b= 0.0, c= 0.0, d= 0.0 
 502 Server Error: Bad Gateway for url: http://192.168.0.231/printer/gcode/script?script=M15+A0.0+B0.0+C0.0+D0.0
30-10-2024 12:47:44 - INFO - Sending request to Setting Chmaber Zones to a= 0.0, b= 0.0, c= 0.0, d= 0.0 with timeout of 5s...
30-10-2024 12:47:44 - ERROR - E104: Error while executing Setting Chmaber Zones to a= 0.0, b= 0.0, c= 0.0, d= 0.0 
 502 Server Error: Bad Gateway for url: http://192.168.0.231/printer/gcode/script?script=M15+A0.0+B0.0+C0.0+D0.0
30-10-2024 12:47:45 - INFO - Sending request to Setting Chmaber Zones to a= 0.0, b= 0.0, c= 0.0, d= 0.0 with timeout of 5s...
30-10-2024 12:47:45 - ERROR - E104: Error while executing Setting Chmaber Zones to a= 0.0, b= 0.0, c= 0.0, d= 0.0 
 502 Server Error: Bad Gateway for url: http://192.168.0.231/printer/gcode/script?script=M15+A0.0+B0.0+C0.0+D0.0
30-10-2024 12:47:45 - INFO - Sending request to Setting Chmaber Zones to a= 0.0, b= 0.0, c= 0.0, d= 0.0 with timeout of 5s...
30-10-2024 12:47:45 - ERROR - E104: Error while executing Setting Chmaber Zones to a= 0.0, b= 0.0, c= 0.0, d= 0.0 
 502 Server Error: Bad Gateway for url: http://192.168.0.231/printer/gcode/script?script=M15+A0.0+B0.0+C0.0+D0.0
30-10-2024 12:47:45 - INFO - Sending request to Setting Chmaber Zones to a= 0.0, b= 0.0, c= 0.0, d= 0.0 with timeout of 5s...
30-10-2024 12:47:45 - ERROR - E104: Error while executing Setting Chmaber Zones to a= 0.0, b= 0.0, c= 0.0, d= 0.0 
 502 Server Error: Bad Gateway for url: http://192.168.0.231/printer/gcode/script?script=M15+A0.0+B0.0+C0.0+D0.0
30-10-2024 12:47:45 - INFO - Sending request to Setting Chmaber Zones to a= 0.0, b= 0.0, c= 0.0, d= 0.0 with timeout of 5s...
30-10-2024 12:47:45 - ERROR - E104: Error while executing Setting Chmaber Zones to a= 0.0, b= 0.0, c= 0.0, d= 0.0 
 502 Server Error: Bad Gateway for url: http://192.168.0.231/printer/gcode/script?script=M15+A0.0+B0.0+C0.0+D0.0
30-10-2024 12:47:45 - INFO - Sending request to Setting Chmaber Zones to a= 0.0, b= 0.0, c= 0.0, d= 0.0 with timeout of 5s...
30-10-2024 12:47:45 - ERROR - E104: Error while executing Setting Chmaber Zones to a= 0.0, b= 0.0, c= 0.0, d= 0.0 
 502 Server Error: Bad Gateway for url: http://192.168.0.231/printer/gcode/script?script=M15+A0.0+B0.0+C0.0+D0.0
30-10-2024 12:47:46 - INFO - Sending request to Setting Chmaber Zones to a= 0.0, b= 0.0, c= 0.0, d= 0.0 with timeout of 5s...
30-10-2024 12:47:46 - ERROR - E104: Error while executing Setting Chmaber Zones to a= 0.0, b= 0.0, c= 0.0, d= 0.0 
 502 Server Error: Bad Gateway for url: http://192.168.0.231/printer/gcode/script?script=M15+A0.0+B0.0+C0.0+D0.0
30-10-2024 12:47:46 - INFO - Sending request to Setting Chmaber Zones to a= 0.0, b= 0.0, c= 0.0, d= 0.0 with timeout of 5s...
30-10-2024 12:47:46 - ERROR - E104: Error while executing Setting Chmaber Zones to a= 0.0, b= 0.0, c= 0.0, d= 0.0 
 502 Server Error: Bad Gateway for url: http://192.168.0.231/printer/gcode/script?script=M15+A0.0+B0.0+C0.0+D0.0
30-10-2024 12:47:46 - INFO - Sending request to Setting Chmaber Zones to a= 0.0, b= 0.0, c= 0.0, d= 0.0 with timeout of 5s...
30-10-2024 12:47:46 - ERROR - E104: Error while executing Setting Chmaber Zones to a= 0.0, b= 0.0, c= 0.0, d= 0.0 
 502 Server Error: Bad Gateway for url: http://192.168.0.231/printer/gcode/script?script=M15+A0.0+B0.0+C0.0+D0.0
30-10-2024 12:47:46 - INFO - Sending request to Setting Chmaber Zones to a= 0.0, b= 0.0, c= 0.0, d= 0.0 with timeout of 5s...
30-10-2024 12:47:46 - ERROR - E104: Error while executing Setting Chmaber Zones to a= 0.0, b= 0.0, c= 0.0, d= 0.0 
 502 Server Error: Bad Gateway for url: http://192.168.0.231/printer/gcode/script?script=M15+A0.0+B0.0+C0.0+D0.0
30-10-2024 12:47:46 - INFO - Sending request to Setting Chmaber Zones to a= 0.0, b= 0.0, c= 0.0, d= 0.0 with timeout of 5s...
30-10-2024 12:47:46 - ERROR - E104: Error while executing Setting Chmaber Zones to a= 0.0, b= 0.0, c= 0.0, d= 0.0 
 502 Server Error: Bad Gateway for url: http://192.168.0.231/printer/gcode/script?script=M15+A0.0+B0.0+C0.0+D0.0
30-10-2024 12:47:47 - INFO - Sending request to Setting Chmaber Zones to a= 0.0, b= 0.0, c= 0.0, d= 0.0 with timeout of 5s...
30-10-2024 12:47:47 - ERROR - E104: Error while executing Setting Chmaber Zones to a= 0.0, b= 0.0, c= 0.0, d= 0.0 
 502 Server Error: Bad Gateway for url: http://192.168.0.231/printer/gcode/script?script=M15+A0.0+B0.0+C0.0+D0.0
30-10-2024 12:47:47 - INFO - Sending request to Setting Chmaber Zones to a= 0.0, b= 0.0, c= 0.0, d= 0.0 with timeout of 5s...
30-10-2024 12:47:47 - ERROR - E104: Error while executing Setting Chmaber Zones to a= 0.0, b= 0.0, c= 0.0, d= 0.0 
 502 Server Error: Bad Gateway for url: http://192.168.0.231/printer/gcode/script?script=M15+A0.0+B0.0+C0.0+D0.0
30-10-2024 12:47:47 - INFO - Sending request to Setting Chmaber Zones to a= 0.0, b= 0.0, c= 0.0, d= 0.0 with timeout of 5s...
30-10-2024 12:47:47 - ERROR - E104: Error while executing Setting Chmaber Zones to a= 0.0, b= 0.0, c= 0.0, d= 0.0 
 502 Server Error: Bad Gateway for url: http://192.168.0.231/printer/gcode/script?script=M15+A0.0+B0.0+C0.0+D0.0
30-10-2024 12:47:47 - INFO - Sending request to Setting Chmaber Zones to a= 0.0, b= 0.0, c= 0.0, d= 0.0 with timeout of 5s...
30-10-2024 12:47:47 - ERROR - E104: Error while executing Setting Chmaber Zones to a= 0.0, b= 0.0, c= 0.0, d= 0.0 
 502 Server Error: Bad Gateway for url: http://192.168.0.231/printer/gcode/script?script=M15+A0.0+B0.0+C0.0+D0.0
30-10-2024 12:47:47 - INFO - Sending request to Setting Chmaber Zones to a= 0.0, b= 0.0, c= 0.0, d= 0.0 with timeout of 5s...
30-10-2024 12:47:47 - ERROR - E104: Error while executing Setting Chmaber Zones to a= 0.0, b= 0.0, c= 0.0, d= 0.0 
 502 Server Error: Bad Gateway for url: http://192.168.0.231/printer/gcode/script?script=M15+A0.0+B0.0+C0.0+D0.0
30-10-2024 12:47:48 - INFO - Sending request to Setting Chmaber Zones to a= 0.0, b= 0.0, c= 0.0, d= 0.0 with timeout of 5s...
30-10-2024 12:47:48 - ERROR - E104: Error while executing Setting Chmaber Zones to a= 0.0, b= 0.0, c= 0.0, d= 0.0 
 502 Server Error: Bad Gateway for url: http://192.168.0.231/printer/gcode/script?script=M15+A0.0+B0.0+C0.0+D0.0
30-10-2024 12:47:48 - INFO - Sending request to Setting Chmaber Zones to a= 0.0, b= 0.0, c= 0.0, d= 0.0 with timeout of 5s...
30-10-2024 12:47:48 - ERROR - E104: Error while executing Setting Chmaber Zones to a= 0.0, b= 0.0, c= 0.0, d= 0.0 
 502 Server Error: Bad Gateway for url: http://192.168.0.231/printer/gcode/script?script=M15+A0.0+B0.0+C0.0+D0.0
30-10-2024 12:47:48 - INFO - Sending request to Setting Chmaber Zones to a= 0.0, b= 0.0, c= 0.0, d= 0.0 with timeout of 5s...
30-10-2024 12:47:48 - ERROR - E104: Error while executing Setting Chmaber Zones to a= 0.0, b= 0.0, c= 0.0, d= 0.0 
 502 Server Error: Bad Gateway for url: http://192.168.0.231/printer/gcode/script?script=M15+A0.0+B0.0+C0.0+D0.0
30-10-2024 12:47:48 - INFO - Sending request to Setting Chmaber Zones to a= 0.0, b= 0.0, c= 0.0, d= 0.0 with timeout of 5s...
30-10-2024 12:47:48 - ERROR - E104: Error while executing Setting Chmaber Zones to a= 0.0, b= 0.0, c= 0.0, d= 0.0 
 502 Server Error: Bad Gateway for url: http://192.168.0.231/printer/gcode/script?script=M15+A0.0+B0.0+C0.0+D0.0
30-10-2024 12:47:48 - INFO - Sending request to Setting Chmaber Zones to a= 0.0, b= 0.0, c= 0.0, d= 0.0 with timeout of 5s...
30-10-2024 12:47:48 - ERROR - E104: Error while executing Setting Chmaber Zones to a= 0.0, b= 0.0, c= 0.0, d= 0.0 
 502 Server Error: Bad Gateway for url: http://192.168.0.231/printer/gcode/script?script=M15+A0.0+B0.0+C0.0+D0.0
30-10-2024 12:47:49 - INFO - Sending request to Setting Chmaber Zones to a= 0.0, b= 0.0, c= 0.0, d= 0.0 with timeout of 5s...
30-10-2024 12:47:49 - ERROR - E104: Error while executing Setting Chmaber Zones to a= 0.0, b= 0.0, c= 0.0, d= 0.0 
 502 Server Error: Bad Gateway for url: http://192.168.0.231/printer/gcode/script?script=M15+A0.0+B0.0+C0.0+D0.0
30-10-2024 12:47:49 - INFO - Sending request to Setting Chmaber Zones to a= 0.0, b= 0.0, c= 0.0, d= 0.0 with timeout of 5s...
30-10-2024 12:47:49 - ERROR - E104: Error while executing Setting Chmaber Zones to a= 0.0, b= 0.0, c= 0.0, d= 0.0 
 502 Server Error: Bad Gateway for url: http://192.168.0.231/printer/gcode/script?script=M15+A0.0+B0.0+C0.0+D0.0
30-10-2024 12:47:49 - INFO - Sending request to Setting Chmaber Zones to a= 0.0, b= 0.0, c= 0.0, d= 0.0 with timeout of 5s...
30-10-2024 12:47:49 - ERROR - E104: Error while executing Setting Chmaber Zones to a= 0.0, b= 0.0, c= 0.0, d= 0.0 
 502 Server Error: Bad Gateway for url: http://192.168.0.231/printer/gcode/script?script=M15+A0.0+B0.0+C0.0+D0.0
30-10-2024 12:47:49 - INFO - Sending request to Setting Chmaber Zones to a= 0.0, b= 0.0, c= 0.0, d= 0.0 with timeout of 5s...
30-10-2024 12:47:49 - ERROR - E104: Error while executing Setting Chmaber Zones to a= 0.0, b= 0.0, c= 0.0, d= 0.0 
 502 Server Error: Bad Gateway for url: http://192.168.0.231/printer/gcode/script?script=M15+A0.0+B0.0+C0.0+D0.0
30-10-2024 12:47:49 - INFO - Sending request to Setting Chmaber Zones to a= 0.0, b= 0.0, c= 0.0, d= 0.0 with timeout of 5s...
30-10-2024 12:47:49 - ERROR - E104: Error while executing Setting Chmaber Zones to a= 0.0, b= 0.0, c= 0.0, d= 0.0 
 502 Server Error: Bad Gateway for url: http://192.168.0.231/printer/gcode/script?script=M15+A0.0+B0.0+C0.0+D0.0
30-10-2024 12:47:50 - INFO - Sending request to Setting Chmaber Zones to a= 0.0, b= 0.0, c= 0.0, d= 0.0 with timeout of 5s...
30-10-2024 12:47:50 - ERROR - E104: Error while executing Setting Chmaber Zones to a= 0.0, b= 0.0, c= 0.0, d= 0.0 
 502 Server Error: Bad Gateway for url: http://192.168.0.231/printer/gcode/script?script=M15+A0.0+B0.0+C0.0+D0.0
30-10-2024 12:47:50 - INFO - Sending request to Setting Chmaber Zones to a= 0.0, b= 0.0, c= 0.0, d= 0.0 with timeout of 5s...
30-10-2024 12:47:50 - ERROR - E104: Error while executing Setting Chmaber Zones to a= 0.0, b= 0.0, c= 0.0, d= 0.0 
 502 Server Error: Bad Gateway for url: http://192.168.0.231/printer/gcode/script?script=M15+A0.0+B0.0+C0.0+D0.0
30-10-2024 12:47:50 - INFO - Sending request to Setting Chmaber Zones to a= 0.0, b= 0.0, c= 0.0, d= 0.0 with timeout of 5s...
30-10-2024 12:47:50 - ERROR - E104: Error while executing Setting Chmaber Zones to a= 0.0, b= 0.0, c= 0.0, d= 0.0 
 502 Server Error: Bad Gateway for url: http://192.168.0.231/printer/gcode/script?script=M15+A0.0+B0.0+C0.0+D0.0
30-10-2024 12:47:50 - INFO - Sending request to Setting Chmaber Zones to a= 0.0, b= 0.0, c= 0.0, d= 0.0 with timeout of 5s...
30-10-2024 12:47:50 - ERROR - E104: Error while executing Setting Chmaber Zones to a= 0.0, b= 0.0, c= 0.0, d= 0.0 
 502 Server Error: Bad Gateway for url: http://192.168.0.231/printer/gcode/script?script=M15+A0.0+B0.0+C0.0+D0.0
30-10-2024 12:47:50 - INFO - Sending request to Setting Chmaber Zones to a= 0.0, b= 0.0, c= 0.0, d= 0.0 with timeout of 5s...
30-10-2024 12:47:51 - ERROR - E104: Error while executing Setting Chmaber Zones to a= 0.0, b= 0.0, c= 0.0, d= 0.0 
 502 Server Error: Bad Gateway for url: http://192.168.0.231/printer/gcode/script?script=M15+A0.0+B0.0+C0.0+D0.0
30-10-2024 12:47:51 - INFO - Sending request to Setting Chmaber Zones to a= 0.0, b= 0.0, c= 0.0, d= 0.0 with timeout of 5s...
30-10-2024 12:47:51 - ERROR - E104: Error while executing Setting Chmaber Zones to a= 0.0, b= 0.0, c= 0.0, d= 0.0 
 502 Server Error: Bad Gateway for url: http://192.168.0.231/printer/gcode/script?script=M15+A0.0+B0.0+C0.0+D0.0
30-10-2024 12:47:51 - INFO - Sending request to Setting Chmaber Zones to a= 0.0, b= 0.0, c= 0.0, d= 0.0 with timeout of 5s...
30-10-2024 12:47:51 - ERROR - E104: Error while executing Setting Chmaber Zones to a= 0.0, b= 0.0, c= 0.0, d= 0.0 
 502 Server Error: Bad Gateway for url: http://192.168.0.231/printer/gcode/script?script=M15+A0.0+B0.0+C0.0+D0.0
30-10-2024 12:47:51 - INFO - Sending request to Setting Chmaber Zones to a= 0.0, b= 0.0, c= 0.0, d= 0.0 with timeout of 5s...
30-10-2024 12:47:51 - ERROR - E104: Error while executing Setting Chmaber Zones to a= 0.0, b= 0.0, c= 0.0, d= 0.0 
 502 Server Error: Bad Gateway for url: http://192.168.0.231/printer/gcode/script?script=M15+A0.0+B0.0+C0.0+D0.0
30-10-2024 12:47:51 - INFO - Sending request to Setting Chmaber Zones to a= 0.0, b= 0.0, c= 0.0, d= 0.0 with timeout of 5s...
30-10-2024 12:47:51 - ERROR - E104: Error while executing Setting Chmaber Zones to a= 0.0, b= 0.0, c= 0.0, d= 0.0 
 502 Server Error: Bad Gateway for url: http://192.168.0.231/printer/gcode/script?script=M15+A0.0+B0.0+C0.0+D0.0
30-10-2024 12:47:51 - INFO - Sending request to Setting Chmaber Zones to a= 0.0, b= 0.0, c= 0.0, d= 0.0 with timeout of 5s...
30-10-2024 12:47:52 - ERROR - E104: Error while executing Setting Chmaber Zones to a= 0.0, b= 0.0, c= 0.0, d= 0.0 
 502 Server Error: Bad Gateway for url: http://192.168.0.231/printer/gcode/script?script=M15+A0.0+B0.0+C0.0+D0.0
30-10-2024 12:47:52 - INFO - Sending request to Setting Chmaber Zones to a= 0.0, b= 0.0, c= 0.0, d= 0.0 with timeout of 5s...
30-10-2024 12:47:52 - ERROR - E104: Error while executing Setting Chmaber Zones to a= 0.0, b= 0.0, c= 0.0, d= 0.0 
 502 Server Error: Bad Gateway for url: http://192.168.0.231/printer/gcode/script?script=M15+A0.0+B0.0+C0.0+D0.0
30-10-2024 12:47:52 - INFO - Sending request to Setting Chmaber Zones to a= 0.0, b= 0.0, c= 0.0, d= 0.0 with timeout of 5s...
30-10-2024 12:47:52 - ERROR - E104: Error while executing Setting Chmaber Zones to a= 0.0, b= 0.0, c= 0.0, d= 0.0 
 502 Server Error: Bad Gateway for url: http://192.168.0.231/printer/gcode/script?script=M15+A0.0+B0.0+C0.0+D0.0
30-10-2024 12:47:52 - INFO - Sending request to Setting Chmaber Zones to a= 0.0, b= 0.0, c= 0.0, d= 0.0 with timeout of 5s...
30-10-2024 12:47:52 - ERROR - E104: Error while executing Setting Chmaber Zones to a= 0.0, b= 0.0, c= 0.0, d= 0.0 
 502 Server Error: Bad Gateway for url: http://192.168.0.231/printer/gcode/script?script=M15+A0.0+B0.0+C0.0+D0.0
30-10-2024 12:47:52 - INFO - Sending request to Setting Chmaber Zones to a= 0.0, b= 0.0, c= 0.0, d= 0.0 with timeout of 5s...
30-10-2024 12:47:52 - ERROR - E104: Error while executing Setting Chmaber Zones to a= 0.0, b= 0.0, c= 0.0, d= 0.0 
 502 Server Error: Bad Gateway for url: http://192.168.0.231/printer/gcode/script?script=M15+A0.0+B0.0+C0.0+D0.0
30-10-2024 12:47:52 - INFO - Sending request to Setting Chmaber Zones to a= 0.0, b= 0.0, c= 0.0, d= 0.0 with timeout of 5s...
30-10-2024 12:47:52 - ERROR - E104: Error while executing Setting Chmaber Zones to a= 0.0, b= 0.0, c= 0.0, d= 0.0 
 502 Server Error: Bad Gateway for url: http://192.168.0.231/printer/gcode/script?script=M15+A0.0+B0.0+C0.0+D0.0
30-10-2024 12:47:53 - INFO - Sending request to Setting Chmaber Zones to a= 0.0, b= 0.0, c= 0.0, d= 0.0 with timeout of 5s...
30-10-2024 12:47:53 - ERROR - E104: Error while executing Setting Chmaber Zones to a= 0.0, b= 0.0, c= 0.0, d= 0.0 
 502 Server Error: Bad Gateway for url: http://192.168.0.231/printer/gcode/script?script=M15+A0.0+B0.0+C0.0+D0.0
30-10-2024 12:47:53 - INFO - Sending request to Setting Chmaber Zones to a= 0.0, b= 0.0, c= 0.0, d= 0.0 with timeout of 5s...
30-10-2024 12:47:53 - ERROR - E104: Error while executing Setting Chmaber Zones to a= 0.0, b= 0.0, c= 0.0, d= 0.0 
 502 Server Error: Bad Gateway for url: http://192.168.0.231/printer/gcode/script?script=M15+A0.0+B0.0+C0.0+D0.0
30-10-2024 12:47:53 - INFO - Sending request to Setting Chmaber Zones to a= 0.0, b= 0.0, c= 0.0, d= 0.0 with timeout of 5s...
30-10-2024 12:47:53 - ERROR - E104: Error while executing Setting Chmaber Zones to a= 0.0, b= 0.0, c= 0.0, d= 0.0 
 502 Server Error: Bad Gateway for url: http://192.168.0.231/printer/gcode/script?script=M15+A0.0+B0.0+C0.0+D0.0
30-10-2024 12:47:53 - INFO - Sending request to Setting Chmaber Zones to a= 0.0, b= 0.0, c= 0.0, d= 0.0 with timeout of 5s...
30-10-2024 12:47:53 - ERROR - E104: Error while executing Setting Chmaber Zones to a= 0.0, b= 0.0, c= 0.0, d= 0.0 
 502 Server Error: Bad Gateway for url: http://192.168.0.231/printer/gcode/script?script=M15+A0.0+B0.0+C0.0+D0.0
30-10-2024 12:47:53 - INFO - Sending request to Setting Chmaber Zones to a= 0.0, b= 0.0, c= 0.0, d= 0.0 with timeout of 5s...
30-10-2024 12:47:53 - ERROR - E104: Error while executing Setting Chmaber Zones to a= 0.0, b= 0.0, c= 0.0, d= 0.0 
 502 Server Error: Bad Gateway for url: http://192.168.0.231/printer/gcode/script?script=M15+A0.0+B0.0+C0.0+D0.0
30-10-2024 12:47:54 - INFO - Sending request to Setting Chmaber Zones to a= 0.0, b= 0.0, c= 0.0, d= 0.0 with timeout of 5s...
30-10-2024 12:47:54 - ERROR - E104: Error while executing Setting Chmaber Zones to a= 0.0, b= 0.0, c= 0.0, d= 0.0 
 502 Server Error: Bad Gateway for url: http://192.168.0.231/printer/gcode/script?script=M15+A0.0+B0.0+C0.0+D0.0
30-10-2024 12:47:54 - INFO - Sending request to Setting Chmaber Zones to a= 0.0, b= 0.0, c= 0.0, d= 0.0 with timeout of 5s...
30-10-2024 12:47:54 - ERROR - E104: Error while executing Setting Chmaber Zones to a= 0.0, b= 0.0, c= 0.0, d= 0.0 
 502 Server Error: Bad Gateway for url: http://192.168.0.231/printer/gcode/script?script=M15+A0.0+B0.0+C0.0+D0.0
30-10-2024 12:47:54 - INFO - Sending request to Setting Chmaber Zones to a= 0.0, b= 0.0, c= 0.0, d= 0.0 with timeout of 5s...
30-10-2024 12:47:54 - ERROR - E104: Error while executing Setting Chmaber Zones to a= 0.0, b= 0.0, c= 0.0, d= 0.0 
 502 Server Error: Bad Gateway for url: http://192.168.0.231/printer/gcode/script?script=M15+A0.0+B0.0+C0.0+D0.0
30-10-2024 12:47:54 - INFO - Sending request to Setting Chmaber Zones to a= 0.0, b= 0.0, c= 0.0, d= 0.0 with timeout of 5s...
30-10-2024 12:47:54 - INFO - Sending request to Setting Chmaber Zones to a= 0.0, b= 0.0, c= 0.0, d= 0.0 with timeout of 5s...
30-10-2024 12:47:55 - ERROR - E104: Error while executing Setting Chmaber Zones to a= 0.0, b= 0.0, c= 0.0, d= 0.0 
 502 Server Error: Bad Gateway for url: http://192.168.0.231/printer/gcode/script?script=M15+A0.0+B0.0+C0.0+D0.0
30-10-2024 12:47:55 - ERROR - E104: Error while executing Setting Chmaber Zones to a= 0.0, b= 0.0, c= 0.0, d= 0.0 
 502 Server Error: Bad Gateway for url: http://192.168.0.231/printer/gcode/script?script=M15+A0.0+B0.0+C0.0+D0.0
30-10-2024 12:47:55 - INFO - Sending request to Setting Chmaber Zones to a= 0.0, b= 0.0, c= 0.0, d= 0.0 with timeout of 5s...
30-10-2024 12:47:55 - ERROR - E104: Error while executing Setting Chmaber Zones to a= 0.0, b= 0.0, c= 0.0, d= 0.0 
 502 Server Error: Bad Gateway for url: http://192.168.0.231/printer/gcode/script?script=M15+A0.0+B0.0+C0.0+D0.0
30-10-2024 12:47:55 - INFO - Sending request to Setting Chmaber Zones to a= 0.0, b= 0.0, c= 0.0, d= 0.0 with timeout of 5s...
30-10-2024 12:47:55 - ERROR - E104: Error while executing Setting Chmaber Zones to a= 0.0, b= 0.0, c= 0.0, d= 0.0 
 502 Server Error: Bad Gateway for url: http://192.168.0.231/printer/gcode/script?script=M15+A0.0+B0.0+C0.0+D0.0
30-10-2024 12:47:55 - INFO - Sending request to Setting Chmaber Zones to a= 0.0, b= 0.0, c= 0.0, d= 0.0 with timeout of 5s...
30-10-2024 12:47:55 - ERROR - E104: Error while executing Setting Chmaber Zones to a= 0.0, b= 0.0, c= 0.0, d= 0.0 
 502 Server Error: Bad Gateway for url: http://192.168.0.231/printer/gcode/script?script=M15+A0.0+B0.0+C0.0+D0.0
30-10-2024 12:47:55 - INFO - Sending request to Setting Chmaber Zones to a= 0.0, b= 0.0, c= 0.0, d= 0.0 with timeout of 5s...
30-10-2024 12:47:55 - ERROR - E104: Error while executing Setting Chmaber Zones to a= 0.0, b= 0.0, c= 0.0, d= 0.0 
 502 Server Error: Bad Gateway for url: http://192.168.0.231/printer/gcode/script?script=M15+A0.0+B0.0+C0.0+D0.0
30-10-2024 12:47:55 - INFO - Sending request to Setting Chmaber Zones to a= 0.0, b= 0.0, c= 0.0, d= 0.0 with timeout of 5s...
30-10-2024 12:47:56 - ERROR - E104: Error while executing Setting Chmaber Zones to a= 0.0, b= 0.0, c= 0.0, d= 0.0 
 502 Server Error: Bad Gateway for url: http://192.168.0.231/printer/gcode/script?script=M15+A0.0+B0.0+C0.0+D0.0
30-10-2024 12:47:56 - INFO - Sending request to Setting Chmaber Zones to a= 0.0, b= 0.0, c= 0.0, d= 0.0 with timeout of 5s...
30-10-2024 12:47:56 - ERROR - E104: Error while executing Setting Chmaber Zones to a= 0.0, b= 0.0, c= 0.0, d= 0.0 
 502 Server Error: Bad Gateway for url: http://192.168.0.231/printer/gcode/script?script=M15+A0.0+B0.0+C0.0+D0.0
30-10-2024 12:47:56 - INFO - Sending request to Setting Chmaber Zones to a= 0.0, b= 0.0, c= 0.0, d= 0.0 with timeout of 5s...
30-10-2024 12:47:56 - ERROR - E104: Error while executing Setting Chmaber Zones to a= 0.0, b= 0.0, c= 0.0, d= 0.0 
 502 Server Error: Bad Gateway for url: http://192.168.0.231/printer/gcode/script?script=M15+A0.0+B0.0+C0.0+D0.0
30-10-2024 12:47:56 - INFO - Sending request to Setting Chmaber Zones to a= 0.0, b= 0.0, c= 0.0, d= 0.0 with timeout of 5s...
30-10-2024 12:47:56 - ERROR - E104: Error while executing Setting Chmaber Zones to a= 0.0, b= 0.0, c= 0.0, d= 0.0 
 502 Server Error: Bad Gateway for url: http://192.168.0.231/printer/gcode/script?script=M15+A0.0+B0.0+C0.0+D0.0
30-10-2024 12:47:56 - INFO - Sending request to Setting Chmaber Zones to a= 0.0, b= 0.0, c= 0.0, d= 0.0 with timeout of 5s...
30-10-2024 12:47:56 - ERROR - E104: Error while executing Setting Chmaber Zones to a= 0.0, b= 0.0, c= 0.0, d= 0.0 
 502 Server Error: Bad Gateway for url: http://192.168.0.231/printer/gcode/script?script=M15+A0.0+B0.0+C0.0+D0.0
30-10-2024 12:47:56 - INFO - Sending request to Setting Chmaber Zones to a= 0.0, b= 0.0, c= 0.0, d= 0.0 with timeout of 5s...
30-10-2024 12:47:57 - ERROR - E104: Error while executing Setting Chmaber Zones to a= 0.0, b= 0.0, c= 0.0, d= 0.0 
 502 Server Error: Bad Gateway for url: http://192.168.0.231/printer/gcode/script?script=M15+A0.0+B0.0+C0.0+D0.0
30-10-2024 12:47:57 - INFO - Sending request to Setting Chmaber Zones to a= 0.0, b= 0.0, c= 0.0, d= 0.0 with timeout of 5s...
30-10-2024 12:47:57 - ERROR - E104: Error while executing Setting Chmaber Zones to a= 0.0, b= 0.0, c= 0.0, d= 0.0 
 502 Server Error: Bad Gateway for url: http://192.168.0.231/printer/gcode/script?script=M15+A0.0+B0.0+C0.0+D0.0
30-10-2024 12:47:57 - INFO - Sending request to Setting Chmaber Zones to a= 0.0, b= 0.0, c= 0.0, d= 0.0 with timeout of 5s...
30-10-2024 12:47:57 - ERROR - E104: Error while executing Setting Chmaber Zones to a= 0.0, b= 0.0, c= 0.0, d= 0.0 
 502 Server Error: Bad Gateway for url: http://192.168.0.231/printer/gcode/script?script=M15+A0.0+B0.0+C0.0+D0.0
30-10-2024 12:47:57 - INFO - Sending request to Setting Chmaber Zones to a= 0.0, b= 0.0, c= 0.0, d= 0.0 with timeout of 5s...
30-10-2024 12:47:57 - ERROR - E104: Error while executing Setting Chmaber Zones to a= 0.0, b= 0.0, c= 0.0, d= 0.0 
 502 Server Error: Bad Gateway for url: http://192.168.0.231/printer/gcode/script?script=M15+A0.0+B0.0+C0.0+D0.0
30-10-2024 12:47:57 - INFO - Sending request to Setting Chmaber Zones to a= 0.0, b= 0.0, c= 0.0, d= 0.0 with timeout of 5s...
30-10-2024 12:47:57 - ERROR - E104: Error while executing Setting Chmaber Zones to a= 0.0, b= 0.0, c= 0.0, d= 0.0 
 502 Server Error: Bad Gateway for url: http://192.168.0.231/printer/gcode/script?script=M15+A0.0+B0.0+C0.0+D0.0
30-10-2024 12:47:58 - INFO - Sending request to Setting Chmaber Zones to a= 0.0, b= 0.0, c= 0.0, d= 0.0 with timeout of 5s...
30-10-2024 12:47:58 - ERROR - E104: Error while executing Setting Chmaber Zones to a= 0.0, b= 0.0, c= 0.0, d= 0.0 
 502 Server Error: Bad Gateway for url: http://192.168.0.231/printer/gcode/script?script=M15+A0.0+B0.0+C0.0+D0.0
30-10-2024 12:47:58 - INFO - Sending request to Setting Chmaber Zones to a= 0.0, b= 0.0, c= 0.0, d= 0.0 with timeout of 5s...
30-10-2024 12:47:58 - ERROR - E104: Error while executing Setting Chmaber Zones to a= 0.0, b= 0.0, c= 0.0, d= 0.0 
 502 Server Error: Bad Gateway for url: http://192.168.0.231/printer/gcode/script?script=M15+A0.0+B0.0+C0.0+D0.0
30-10-2024 12:47:58 - INFO - Sending request to Setting Chmaber Zones to a= 0.0, b= 0.0, c= 0.0, d= 0.0 with timeout of 5s...
30-10-2024 12:47:58 - ERROR - E104: Error while executing Setting Chmaber Zones to a= 0.0, b= 0.0, c= 0.0, d= 0.0 
 502 Server Error: Bad Gateway for url: http://192.168.0.231/printer/gcode/script?script=M15+A0.0+B0.0+C0.0+D0.0
30-10-2024 12:47:58 - INFO - Sending request to Setting Chmaber Zones to a= 0.0, b= 0.0, c= 0.0, d= 0.0 with timeout of 5s...
30-10-2024 12:47:58 - ERROR - E104: Error while executing Setting Chmaber Zones to a= 0.0, b= 0.0, c= 0.0, d= 0.0 
 502 Server Error: Bad Gateway for url: http://192.168.0.231/printer/gcode/script?script=M15+A0.0+B0.0+C0.0+D0.0
30-10-2024 12:47:58 - INFO - Sending request to Setting Chmaber Zones to a= 0.0, b= 0.0, c= 0.0, d= 0.0 with timeout of 5s...
30-10-2024 12:47:58 - ERROR - E104: Error while executing Setting Chmaber Zones to a= 0.0, b= 0.0, c= 0.0, d= 0.0 
 502 Server Error: Bad Gateway for url: http://192.168.0.231/printer/gcode/script?script=M15+A0.0+B0.0+C0.0+D0.0
30-10-2024 12:47:59 - INFO - Sending request to Setting Chmaber Zones to a= 0.0, b= 0.0, c= 0.0, d= 0.0 with timeout of 5s...
30-10-2024 12:47:59 - ERROR - E104: Error while executing Setting Chmaber Zones to a= 0.0, b= 0.0, c= 0.0, d= 0.0 
 502 Server Error: Bad Gateway for url: http://192.168.0.231/printer/gcode/script?script=M15+A0.0+B0.0+C0.0+D0.0
30-10-2024 12:47:59 - INFO - Sending request to Setting Chmaber Zones to a= 0.0, b= 0.0, c= 0.0, d= 0.0 with timeout of 5s...
30-10-2024 12:47:59 - ERROR - E104: Error while executing Setting Chmaber Zones to a= 0.0, b= 0.0, c= 0.0, d= 0.0 
 502 Server Error: Bad Gateway for url: http://192.168.0.231/printer/gcode/script?script=M15+A0.0+B0.0+C0.0+D0.0
30-10-2024 12:47:59 - INFO - Sending request to Setting Chmaber Zones to a= 0.0, b= 0.0, c= 0.0, d= 0.0 with timeout of 5s...
30-10-2024 12:47:59 - ERROR - E104: Error while executing Setting Chmaber Zones to a= 0.0, b= 0.0, c= 0.0, d= 0.0 
 502 Server Error: Bad Gateway for url: http://192.168.0.231/printer/gcode/script?script=M15+A0.0+B0.0+C0.0+D0.0
30-10-2024 12:47:59 - INFO - Sending request to Setting Chmaber Zones to a= 0.0, b= 0.0, c= 0.0, d= 0.0 with timeout of 5s...
30-10-2024 12:47:59 - ERROR - E104: Error while executing Setting Chmaber Zones to a= 0.0, b= 0.0, c= 0.0, d= 0.0 
 502 Server Error: Bad Gateway for url: http://192.168.0.231/printer/gcode/script?script=M15+A0.0+B0.0+C0.0+D0.0
30-10-2024 12:47:59 - INFO - Sending request to Setting Chmaber Zones to a= 0.0, b= 0.0, c= 0.0, d= 0.0 with timeout of 5s...
30-10-2024 12:47:59 - ERROR - E104: Error while executing Setting Chmaber Zones to a= 0.0, b= 0.0, c= 0.0, d= 0.0 
 502 Server Error: Bad Gateway for url: http://192.168.0.231/printer/gcode/script?script=M15+A0.0+B0.0+C0.0+D0.0
30-10-2024 12:48:00 - INFO - Sending request to Setting Chmaber Zones to a= 0.0, b= 0.0, c= 0.0, d= 0.0 with timeout of 5s...
30-10-2024 12:48:00 - ERROR - E104: Error while executing Setting Chmaber Zones to a= 0.0, b= 0.0, c= 0.0, d= 0.0 
 502 Server Error: Bad Gateway for url: http://192.168.0.231/printer/gcode/script?script=M15+A0.0+B0.0+C0.0+D0.0
30-10-2024 12:48:00 - INFO - Sending request to Setting Chmaber Zones to a= 0.0, b= 0.0, c= 0.0, d= 0.0 with timeout of 5s...
30-10-2024 12:48:00 - ERROR - E104: Error while executing Setting Chmaber Zones to a= 0.0, b= 0.0, c= 0.0, d= 0.0 
 502 Server Error: Bad Gateway for url: http://192.168.0.231/printer/gcode/script?script=M15+A0.0+B0.0+C0.0+D0.0
30-10-2024 12:48:00 - INFO - Sending request to Setting Chmaber Zones to a= 0.0, b= 0.0, c= 0.0, d= 0.0 with timeout of 5s...
30-10-2024 12:48:00 - ERROR - E104: Error while executing Setting Chmaber Zones to a= 0.0, b= 0.0, c= 0.0, d= 0.0 
 502 Server Error: Bad Gateway for url: http://192.168.0.231/printer/gcode/script?script=M15+A0.0+B0.0+C0.0+D0.0
30-10-2024 12:48:00 - INFO - Sending request to Setting Chmaber Zones to a= 0.0, b= 0.0, c= 0.0, d= 0.0 with timeout of 5s...
30-10-2024 12:48:00 - ERROR - E104: Error while executing Setting Chmaber Zones to a= 0.0, b= 0.0, c= 0.0, d= 0.0 
 502 Server Error: Bad Gateway for url: http://192.168.0.231/printer/gcode/script?script=M15+A0.0+B0.0+C0.0+D0.0
30-10-2024 12:48:00 - INFO - Sending request to Setting Chmaber Zones to a= 0.0, b= 0.0, c= 0.0, d= 0.0 with timeout of 5s...
30-10-2024 12:48:00 - ERROR - E104: Error while executing Setting Chmaber Zones to a= 0.0, b= 0.0, c= 0.0, d= 0.0 
 502 Server Error: Bad Gateway for url: http://192.168.0.231/printer/gcode/script?script=M15+A0.0+B0.0+C0.0+D0.0
30-10-2024 12:48:01 - INFO - Sending request to Setting Chmaber Zones to a= 0.0, b= 0.0, c= 0.0, d= 0.0 with timeout of 5s...
30-10-2024 12:48:01 - ERROR - E104: Error while executing Setting Chmaber Zones to a= 0.0, b= 0.0, c= 0.0, d= 0.0 
 502 Server Error: Bad Gateway for url: http://192.168.0.231/printer/gcode/script?script=M15+A0.0+B0.0+C0.0+D0.0
30-10-2024 12:48:01 - INFO - Sending request to Setting Chmaber Zones to a= 0.0, b= 0.0, c= 0.0, d= 0.0 with timeout of 5s...
30-10-2024 12:48:01 - ERROR - E104: Error while executing Setting Chmaber Zones to a= 0.0, b= 0.0, c= 0.0, d= 0.0 
 502 Server Error: Bad Gateway for url: http://192.168.0.231/printer/gcode/script?script=M15+A0.0+B0.0+C0.0+D0.0
30-10-2024 12:48:01 - INFO - Sending request to Setting Chmaber Zones to a= 0.0, b= 0.0, c= 0.0, d= 0.0 with timeout of 5s...
30-10-2024 12:48:01 - ERROR - E104: Error while executing Setting Chmaber Zones to a= 0.0, b= 0.0, c= 0.0, d= 0.0 
 502 Server Error: Bad Gateway for url: http://192.168.0.231/printer/gcode/script?script=M15+A0.0+B0.0+C0.0+D0.0
30-10-2024 12:48:01 - INFO - Sending request to Setting Chmaber Zones to a= 0.0, b= 0.0, c= 0.0, d= 0.0 with timeout of 5s...
30-10-2024 12:48:01 - ERROR - E104: Error while executing Setting Chmaber Zones to a= 0.0, b= 0.0, c= 0.0, d= 0.0 
 502 Server Error: Bad Gateway for url: http://192.168.0.231/printer/gcode/script?script=M15+A0.0+B0.0+C0.0+D0.0
30-10-2024 12:48:01 - INFO - Sending request to Setting Chmaber Zones to a= 0.0, b= 0.0, c= 0.0, d= 0.0 with timeout of 5s...
30-10-2024 12:48:01 - ERROR - E104: Error while executing Setting Chmaber Zones to a= 0.0, b= 0.0, c= 0.0, d= 0.0 
 502 Server Error: Bad Gateway for url: http://192.168.0.231/printer/gcode/script?script=M15+A0.0+B0.0+C0.0+D0.0
30-10-2024 12:48:02 - INFO - Sending request to Setting Chmaber Zones to a= 0.0, b= 0.0, c= 0.0, d= 0.0 with timeout of 5s...
30-10-2024 12:48:02 - ERROR - E104: Error while executing Setting Chmaber Zones to a= 0.0, b= 0.0, c= 0.0, d= 0.0 
 502 Server Error: Bad Gateway for url: http://192.168.0.231/printer/gcode/script?script=M15+A0.0+B0.0+C0.0+D0.0
30-10-2024 12:48:02 - INFO - Sending request to Setting Chmaber Zones to a= 0.0, b= 0.0, c= 0.0, d= 0.0 with timeout of 5s...
30-10-2024 12:48:02 - ERROR - E104: Error while executing Setting Chmaber Zones to a= 0.0, b= 0.0, c= 0.0, d= 0.0 
 502 Server Error: Bad Gateway for url: http://192.168.0.231/printer/gcode/script?script=M15+A0.0+B0.0+C0.0+D0.0
30-10-2024 12:48:02 - INFO - Sending request to Setting Chmaber Zones to a= 0.0, b= 0.0, c= 0.0, d= 0.0 with timeout of 5s...
30-10-2024 12:48:02 - ERROR - E104: Error while executing Setting Chmaber Zones to a= 0.0, b= 0.0, c= 0.0, d= 0.0 
 502 Server Error: Bad Gateway for url: http://192.168.0.231/printer/gcode/script?script=M15+A0.0+B0.0+C0.0+D0.0
30-10-2024 12:48:02 - INFO - Sending request to Setting Chmaber Zones to a= 0.0, b= 0.0, c= 0.0, d= 0.0 with timeout of 5s...
30-10-2024 12:48:02 - ERROR - E104: Error while executing Setting Chmaber Zones to a= 0.0, b= 0.0, c= 0.0, d= 0.0 
 502 Server Error: Bad Gateway for url: http://192.168.0.231/printer/gcode/script?script=M15+A0.0+B0.0+C0.0+D0.0
30-10-2024 12:48:02 - INFO - Sending request to Setting Chmaber Zones to a= 0.0, b= 0.0, c= 0.0, d= 0.0 with timeout of 5s...
30-10-2024 12:48:02 - ERROR - E104: Error while executing Setting Chmaber Zones to a= 0.0, b= 0.0, c= 0.0, d= 0.0 
 502 Server Error: Bad Gateway for url: http://192.168.0.231/printer/gcode/script?script=M15+A0.0+B0.0+C0.0+D0.0
30-10-2024 12:48:03 - INFO - Sending request to Setting Chmaber Zones to a= 0.0, b= 0.0, c= 0.0, d= 0.0 with timeout of 5s...
30-10-2024 12:48:03 - ERROR - E104: Error while executing Setting Chmaber Zones to a= 0.0, b= 0.0, c= 0.0, d= 0.0 
 502 Server Error: Bad Gateway for url: http://192.168.0.231/printer/gcode/script?script=M15+A0.0+B0.0+C0.0+D0.0
30-10-2024 12:48:03 - INFO - Sending request to Setting Chmaber Zones to a= 0.0, b= 0.0, c= 0.0, d= 0.0 with timeout of 5s...
30-10-2024 12:48:03 - ERROR - E104: Error while executing Setting Chmaber Zones to a= 0.0, b= 0.0, c= 0.0, d= 0.0 
 502 Server Error: Bad Gateway for url: http://192.168.0.231/printer/gcode/script?script=M15+A0.0+B0.0+C0.0+D0.0
30-10-2024 12:48:03 - INFO - Sending request to Setting Chmaber Zones to a= 0.0, b= 0.0, c= 0.0, d= 0.0 with timeout of 5s...
30-10-2024 12:48:03 - ERROR - E104: Error while executing Setting Chmaber Zones to a= 0.0, b= 0.0, c= 0.0, d= 0.0 
 502 Server Error: Bad Gateway for url: http://192.168.0.231/printer/gcode/script?script=M15+A0.0+B0.0+C0.0+D0.0
30-10-2024 12:48:03 - INFO - Sending request to Setting Chmaber Zones to a= 0.0, b= 0.0, c= 0.0, d= 0.0 with timeout of 5s...
30-10-2024 12:48:03 - ERROR - E104: Error while executing Setting Chmaber Zones to a= 0.0, b= 0.0, c= 0.0, d= 0.0 
 502 Server Error: Bad Gateway for url: http://192.168.0.231/printer/gcode/script?script=M15+A0.0+B0.0+C0.0+D0.0
30-10-2024 12:48:03 - INFO - Sending request to Setting Chmaber Zones to a= 0.0, b= 0.0, c= 0.0, d= 0.0 with timeout of 5s...
30-10-2024 12:48:03 - ERROR - E104: Error while executing Setting Chmaber Zones to a= 0.0, b= 0.0, c= 0.0, d= 0.0 
 502 Server Error: Bad Gateway for url: http://192.168.0.231/printer/gcode/script?script=M15+A0.0+B0.0+C0.0+D0.0
30-10-2024 12:48:04 - INFO - Sending request to Setting Chmaber Zones to a= 0.0, b= 0.0, c= 0.0, d= 0.0 with timeout of 5s...
30-10-2024 12:48:04 - ERROR - E104: Error while executing Setting Chmaber Zones to a= 0.0, b= 0.0, c= 0.0, d= 0.0 
 502 Server Error: Bad Gateway for url: http://192.168.0.231/printer/gcode/script?script=M15+A0.0+B0.0+C0.0+D0.0
30-10-2024 12:48:04 - INFO - Sending request to Setting Chmaber Zones to a= 0.0, b= 0.0, c= 0.0, d= 0.0 with timeout of 5s...
30-10-2024 12:48:04 - ERROR - E104: Error while executing Setting Chmaber Zones to a= 0.0, b= 0.0, c= 0.0, d= 0.0 
 502 Server Error: Bad Gateway for url: http://192.168.0.231/printer/gcode/script?script=M15+A0.0+B0.0+C0.0+D0.0
30-10-2024 12:48:04 - INFO - Sending request to Setting Chmaber Zones to a= 0.0, b= 0.0, c= 0.0, d= 0.0 with timeout of 5s...
30-10-2024 12:48:04 - ERROR - E104: Error while executing Setting Chmaber Zones to a= 0.0, b= 0.0, c= 0.0, d= 0.0 
 502 Server Error: Bad Gateway for url: http://192.168.0.231/printer/gcode/script?script=M15+A0.0+B0.0+C0.0+D0.0
30-10-2024 12:48:04 - INFO - Sending request to Setting Chmaber Zones to a= 0.0, b= 0.0, c= 0.0, d= 0.0 with timeout of 5s...
30-10-2024 12:48:04 - ERROR - E104: Error while executing Setting Chmaber Zones to a= 0.0, b= 0.0, c= 0.0, d= 0.0 
 502 Server Error: Bad Gateway for url: http://192.168.0.231/printer/gcode/script?script=M15+A0.0+B0.0+C0.0+D0.0
30-10-2024 12:48:04 - INFO - Sending request to Setting Chmaber Zones to a= 0.0, b= 0.0, c= 0.0, d= 0.0 with timeout of 5s...
30-10-2024 12:48:04 - ERROR - E104: Error while executing Setting Chmaber Zones to a= 0.0, b= 0.0, c= 0.0, d= 0.0 
 502 Server Error: Bad Gateway for url: http://192.168.0.231/printer/gcode/script?script=M15+A0.0+B0.0+C0.0+D0.0
30-10-2024 12:48:05 - INFO - Sending request to Setting Chmaber Zones to a= 0.0, b= 0.0, c= 0.0, d= 0.0 with timeout of 5s...
30-10-2024 12:48:05 - ERROR - E104: Error while executing Setting Chmaber Zones to a= 0.0, b= 0.0, c= 0.0, d= 0.0 
 502 Server Error: Bad Gateway for url: http://192.168.0.231/printer/gcode/script?script=M15+A0.0+B0.0+C0.0+D0.0
30-10-2024 12:48:05 - INFO - Sending request to Setting Chmaber Zones to a= 0.0, b= 0.0, c= 0.0, d= 0.0 with timeout of 5s...
30-10-2024 12:48:05 - ERROR - E104: Error while executing Setting Chmaber Zones to a= 0.0, b= 0.0, c= 0.0, d= 0.0 
 502 Server Error: Bad Gateway for url: http://192.168.0.231/printer/gcode/script?script=M15+A0.0+B0.0+C0.0+D0.0
30-10-2024 12:48:05 - INFO - Sending request to Setting Chmaber Zones to a= 0.0, b= 0.0, c= 0.0, d= 0.0 with timeout of 5s...
30-10-2024 12:48:05 - ERROR - E104: Error while executing Setting Chmaber Zones to a= 0.0, b= 0.0, c= 0.0, d= 0.0 
 502 Server Error: Bad Gateway for url: http://192.168.0.231/printer/gcode/script?script=M15+A0.0+B0.0+C0.0+D0.0
30-10-2024 12:48:05 - INFO - Sending request to Setting Chmaber Zones to a= 0.0, b= 0.0, c= 0.0, d= 0.0 with timeout of 5s...
30-10-2024 12:48:05 - ERROR - E104: Error while executing Setting Chmaber Zones to a= 0.0, b= 0.0, c= 0.0, d= 0.0 
 502 Server Error: Bad Gateway for url: http://192.168.0.231/printer/gcode/script?script=M15+A0.0+B0.0+C0.0+D0.0
30-10-2024 12:48:05 - INFO - Sending request to Setting Chmaber Zones to a= 0.0, b= 0.0, c= 0.0, d= 0.0 with timeout of 5s...
30-10-2024 12:48:05 - ERROR - E104: Error while executing Setting Chmaber Zones to a= 0.0, b= 0.0, c= 0.0, d= 0.0 
 502 Server Error: Bad Gateway for url: http://192.168.0.231/printer/gcode/script?script=M15+A0.0+B0.0+C0.0+D0.0
30-10-2024 12:48:06 - INFO - Sending request to Setting Chmaber Zones to a= 0.0, b= 0.0, c= 0.0, d= 0.0 with timeout of 5s...
30-10-2024 12:48:06 - ERROR - E104: Error while executing Setting Chmaber Zones to a= 0.0, b= 0.0, c= 0.0, d= 0.0 
 502 Server Error: Bad Gateway for url: http://192.168.0.231/printer/gcode/script?script=M15+A0.0+B0.0+C0.0+D0.0
30-10-2024 12:48:06 - INFO - Sending request to Setting Chmaber Zones to a= 0.0, b= 0.0, c= 0.0, d= 0.0 with timeout of 5s...
30-10-2024 12:48:06 - ERROR - E104: Error while executing Setting Chmaber Zones to a= 0.0, b= 0.0, c= 0.0, d= 0.0 
 502 Server Error: Bad Gateway for url: http://192.168.0.231/printer/gcode/script?script=M15+A0.0+B0.0+C0.0+D0.0
30-10-2024 12:48:06 - INFO - Sending request to Setting Chmaber Zones to a= 0.0, b= 0.0, c= 0.0, d= 0.0 with timeout of 5s...
30-10-2024 12:48:06 - ERROR - E104: Error while executing Setting Chmaber Zones to a= 0.0, b= 0.0, c= 0.0, d= 0.0 
 502 Server Error: Bad Gateway for url: http://192.168.0.231/printer/gcode/script?script=M15+A0.0+B0.0+C0.0+D0.0
30-10-2024 12:48:06 - INFO - Sending request to Setting Chmaber Zones to a= 0.0, b= 0.0, c= 0.0, d= 0.0 with timeout of 5s...
30-10-2024 12:48:06 - ERROR - E104: Error while executing Setting Chmaber Zones to a= 0.0, b= 0.0, c= 0.0, d= 0.0 
 502 Server Error: Bad Gateway for url: http://192.168.0.231/printer/gcode/script?script=M15+A0.0+B0.0+C0.0+D0.0
30-10-2024 12:48:06 - INFO - Sending request to Setting Chmaber Zones to a= 0.0, b= 0.0, c= 0.0, d= 0.0 with timeout of 5s...
30-10-2024 12:48:06 - ERROR - E104: Error while executing Setting Chmaber Zones to a= 0.0, b= 0.0, c= 0.0, d= 0.0 
 502 Server Error: Bad Gateway for url: http://192.168.0.231/printer/gcode/script?script=M15+A0.0+B0.0+C0.0+D0.0
30-10-2024 12:48:07 - INFO - Sending request to Setting Chmaber Zones to a= 0.0, b= 0.0, c= 0.0, d= 0.0 with timeout of 5s...
30-10-2024 12:48:07 - ERROR - E104: Error while executing Setting Chmaber Zones to a= 0.0, b= 0.0, c= 0.0, d= 0.0 
 502 Server Error: Bad Gateway for url: http://192.168.0.231/printer/gcode/script?script=M15+A0.0+B0.0+C0.0+D0.0
30-10-2024 12:48:07 - INFO - Sending request to Setting Chmaber Zones to a= 0.0, b= 0.0, c= 0.0, d= 0.0 with timeout of 5s...
30-10-2024 12:48:07 - ERROR - E104: Error while executing Setting Chmaber Zones to a= 0.0, b= 0.0, c= 0.0, d= 0.0 
 502 Server Error: Bad Gateway for url: http://192.168.0.231/printer/gcode/script?script=M15+A0.0+B0.0+C0.0+D0.0
30-10-2024 12:48:07 - INFO - Sending request to Setting Chmaber Zones to a= 0.0, b= 0.0, c= 0.0, d= 0.0 with timeout of 5s...
30-10-2024 12:48:07 - ERROR - E104: Error while executing Setting Chmaber Zones to a= 0.0, b= 0.0, c= 0.0, d= 0.0 
 502 Server Error: Bad Gateway for url: http://192.168.0.231/printer/gcode/script?script=M15+A0.0+B0.0+C0.0+D0.0
30-10-2024 12:48:07 - INFO - Sending request to Setting Chmaber Zones to a= 0.0, b= 0.0, c= 0.0, d= 0.0 with timeout of 5s...
30-10-2024 12:48:07 - ERROR - E104: Error while executing Setting Chmaber Zones to a= 0.0, b= 0.0, c= 0.0, d= 0.0 
 502 Server Error: Bad Gateway for url: http://192.168.0.231/printer/gcode/script?script=M15+A0.0+B0.0+C0.0+D0.0
30-10-2024 12:48:07 - INFO - Sending request to Setting Chmaber Zones to a= 0.0, b= 0.0, c= 0.0, d= 0.0 with timeout of 5s...
30-10-2024 12:48:07 - ERROR - E104: Error while executing Setting Chmaber Zones to a= 0.0, b= 0.0, c= 0.0, d= 0.0 
 502 Server Error: Bad Gateway for url: http://192.168.0.231/printer/gcode/script?script=M15+A0.0+B0.0+C0.0+D0.0
30-10-2024 12:48:08 - INFO - Sending request to Setting Chmaber Zones to a= 0.0, b= 0.0, c= 0.0, d= 0.0 with timeout of 5s...
30-10-2024 12:48:08 - ERROR - E104: Error while executing Setting Chmaber Zones to a= 0.0, b= 0.0, c= 0.0, d= 0.0 
 502 Server Error: Bad Gateway for url: http://192.168.0.231/printer/gcode/script?script=M15+A0.0+B0.0+C0.0+D0.0
30-10-2024 12:48:08 - INFO - Sending request to Setting Chmaber Zones to a= 0.0, b= 0.0, c= 0.0, d= 0.0 with timeout of 5s...
30-10-2024 12:48:08 - ERROR - E104: Error while executing Setting Chmaber Zones to a= 0.0, b= 0.0, c= 0.0, d= 0.0 
 502 Server Error: Bad Gateway for url: http://192.168.0.231/printer/gcode/script?script=M15+A0.0+B0.0+C0.0+D0.0
30-10-2024 12:48:08 - INFO - Sending request to Setting Chmaber Zones to a= 0.0, b= 0.0, c= 0.0, d= 0.0 with timeout of 5s...
30-10-2024 12:48:08 - ERROR - E104: Error while executing Setting Chmaber Zones to a= 0.0, b= 0.0, c= 0.0, d= 0.0 
 502 Server Error: Bad Gateway for url: http://192.168.0.231/printer/gcode/script?script=M15+A0.0+B0.0+C0.0+D0.0
30-10-2024 12:48:08 - INFO - Sending request to Setting Chmaber Zones to a= 0.0, b= 0.0, c= 0.0, d= 0.0 with timeout of 5s...
30-10-2024 12:48:08 - ERROR - E104: Error while executing Setting Chmaber Zones to a= 0.0, b= 0.0, c= 0.0, d= 0.0 
 502 Server Error: Bad Gateway for url: http://192.168.0.231/printer/gcode/script?script=M15+A0.0+B0.0+C0.0+D0.0
30-10-2024 12:48:08 - INFO - Sending request to Setting Chmaber Zones to a= 0.0, b= 0.0, c= 0.0, d= 0.0 with timeout of 5s...
30-10-2024 12:48:08 - ERROR - E104: Error while executing Setting Chmaber Zones to a= 0.0, b= 0.0, c= 0.0, d= 0.0 
 502 Server Error: Bad Gateway for url: http://192.168.0.231/printer/gcode/script?script=M15+A0.0+B0.0+C0.0+D0.0
30-10-2024 12:48:09 - INFO - Sending request to Setting Chmaber Zones to a= 0.0, b= 0.0, c= 0.0, d= 0.0 with timeout of 5s...
30-10-2024 12:48:09 - ERROR - E104: Error while executing Setting Chmaber Zones to a= 0.0, b= 0.0, c= 0.0, d= 0.0 
 502 Server Error: Bad Gateway for url: http://192.168.0.231/printer/gcode/script?script=M15+A0.0+B0.0+C0.0+D0.0
30-10-2024 12:48:09 - INFO - Sending request to Setting Chmaber Zones to a= 0.0, b= 0.0, c= 0.0, d= 0.0 with timeout of 5s...
30-10-2024 12:48:09 - ERROR - E104: Error while executing Setting Chmaber Zones to a= 0.0, b= 0.0, c= 0.0, d= 0.0 
 502 Server Error: Bad Gateway for url: http://192.168.0.231/printer/gcode/script?script=M15+A0.0+B0.0+C0.0+D0.0
30-10-2024 12:48:09 - INFO - Sending request to Setting Chmaber Zones to a= 0.0, b= 0.0, c= 0.0, d= 0.0 with timeout of 5s...
30-10-2024 12:48:09 - ERROR - E104: Error while executing Setting Chmaber Zones to a= 0.0, b= 0.0, c= 0.0, d= 0.0 
 502 Server Error: Bad Gateway for url: http://192.168.0.231/printer/gcode/script?script=M15+A0.0+B0.0+C0.0+D0.0
30-10-2024 12:48:09 - INFO - Sending request to Setting Chmaber Zones to a= 0.0, b= 0.0, c= 0.0, d= 0.0 with timeout of 5s...
30-10-2024 12:48:09 - ERROR - E104: Error while executing Setting Chmaber Zones to a= 0.0, b= 0.0, c= 0.0, d= 0.0 
 502 Server Error: Bad Gateway for url: http://192.168.0.231/printer/gcode/script?script=M15+A0.0+B0.0+C0.0+D0.0
30-10-2024 12:48:09 - INFO - Sending request to Setting Chmaber Zones to a= 0.0, b= 0.0, c= 0.0, d= 0.0 with timeout of 5s...
30-10-2024 12:48:09 - ERROR - E104: Error while executing Setting Chmaber Zones to a= 0.0, b= 0.0, c= 0.0, d= 0.0 
 502 Server Error: Bad Gateway for url: http://192.168.0.231/printer/gcode/script?script=M15+A0.0+B0.0+C0.0+D0.0
30-10-2024 12:48:10 - INFO - Sending request to Setting Chmaber Zones to a= 0.0, b= 0.0, c= 0.0, d= 0.0 with timeout of 5s...
30-10-2024 12:48:10 - ERROR - E104: Error while executing Setting Chmaber Zones to a= 0.0, b= 0.0, c= 0.0, d= 0.0 
 502 Server Error: Bad Gateway for url: http://192.168.0.231/printer/gcode/script?script=M15+A0.0+B0.0+C0.0+D0.0
30-10-2024 12:48:10 - INFO - Sending request to Setting Chmaber Zones to a= 0.0, b= 0.0, c= 0.0, d= 0.0 with timeout of 5s...
30-10-2024 12:48:10 - ERROR - E104: Error while executing Setting Chmaber Zones to a= 0.0, b= 0.0, c= 0.0, d= 0.0 
 502 Server Error: Bad Gateway for url: http://192.168.0.231/printer/gcode/script?script=M15+A0.0+B0.0+C0.0+D0.0
30-10-2024 12:48:10 - INFO - Sending request to Setting Chmaber Zones to a= 0.0, b= 0.0, c= 0.0, d= 0.0 with timeout of 5s...
30-10-2024 12:48:10 - ERROR - E104: Error while executing Setting Chmaber Zones to a= 0.0, b= 0.0, c= 0.0, d= 0.0 
 502 Server Error: Bad Gateway for url: http://192.168.0.231/printer/gcode/script?script=M15+A0.0+B0.0+C0.0+D0.0
30-10-2024 12:48:10 - INFO - Sending request to Setting Chmaber Zones to a= 0.0, b= 0.0, c= 0.0, d= 0.0 with timeout of 5s...
30-10-2024 12:48:10 - ERROR - E104: Error while executing Setting Chmaber Zones to a= 0.0, b= 0.0, c= 0.0, d= 0.0 
 502 Server Error: Bad Gateway for url: http://192.168.0.231/printer/gcode/script?script=M15+A0.0+B0.0+C0.0+D0.0
30-10-2024 12:48:10 - INFO - Sending request to Setting Chmaber Zones to a= 0.0, b= 0.0, c= 0.0, d= 0.0 with timeout of 5s...
30-10-2024 12:48:10 - ERROR - E104: Error while executing Setting Chmaber Zones to a= 0.0, b= 0.0, c= 0.0, d= 0.0 
 502 Server Error: Bad Gateway for url: http://192.168.0.231/printer/gcode/script?script=M15+A0.0+B0.0+C0.0+D0.0
30-10-2024 12:48:11 - INFO - Sending request to Setting Chmaber Zones to a= 0.0, b= 0.0, c= 0.0, d= 0.0 with timeout of 5s...
30-10-2024 12:48:11 - ERROR - E104: Error while executing Setting Chmaber Zones to a= 0.0, b= 0.0, c= 0.0, d= 0.0 
 502 Server Error: Bad Gateway for url: http://192.168.0.231/printer/gcode/script?script=M15+A0.0+B0.0+C0.0+D0.0
30-10-2024 12:48:11 - INFO - Sending request to Setting Chmaber Zones to a= 0.0, b= 0.0, c= 0.0, d= 0.0 with timeout of 5s...
30-10-2024 12:48:11 - ERROR - E104: Error while executing Setting Chmaber Zones to a= 0.0, b= 0.0, c= 0.0, d= 0.0 
 502 Server Error: Bad Gateway for url: http://192.168.0.231/printer/gcode/script?script=M15+A0.0+B0.0+C0.0+D0.0
30-10-2024 12:48:11 - INFO - Sending request to Setting Chmaber Zones to a= 0.0, b= 0.0, c= 0.0, d= 0.0 with timeout of 5s...
30-10-2024 12:48:11 - ERROR - E104: Error while executing Setting Chmaber Zones to a= 0.0, b= 0.0, c= 0.0, d= 0.0 
 502 Server Error: Bad Gateway for url: http://192.168.0.231/printer/gcode/script?script=M15+A0.0+B0.0+C0.0+D0.0
30-10-2024 12:48:11 - INFO - Sending request to Setting Chmaber Zones to a= 0.0, b= 0.0, c= 0.0, d= 0.0 with timeout of 5s...
30-10-2024 12:48:11 - ERROR - E104: Error while executing Setting Chmaber Zones to a= 0.0, b= 0.0, c= 0.0, d= 0.0 
 502 Server Error: Bad Gateway for url: http://192.168.0.231/printer/gcode/script?script=M15+A0.0+B0.0+C0.0+D0.0
30-10-2024 12:48:11 - INFO - Sending request to Setting Chmaber Zones to a= 0.0, b= 0.0, c= 0.0, d= 0.0 with timeout of 5s...
30-10-2024 12:48:11 - ERROR - E104: Error while executing Setting Chmaber Zones to a= 0.0, b= 0.0, c= 0.0, d= 0.0 
 502 Server Error: Bad Gateway for url: http://192.168.0.231/printer/gcode/script?script=M15+A0.0+B0.0+C0.0+D0.0
30-10-2024 12:48:12 - INFO - Sending request to Setting Chmaber Zones to a= 0.0, b= 0.0, c= 0.0, d= 0.0 with timeout of 5s...
30-10-2024 12:48:12 - ERROR - E104: Error while executing Setting Chmaber Zones to a= 0.0, b= 0.0, c= 0.0, d= 0.0 
 502 Server Error: Bad Gateway for url: http://192.168.0.231/printer/gcode/script?script=M15+A0.0+B0.0+C0.0+D0.0
30-10-2024 12:48:12 - INFO - Sending request to Setting Chmaber Zones to a= 0.0, b= 0.0, c= 0.0, d= 0.0 with timeout of 5s...
30-10-2024 12:48:12 - ERROR - E104: Error while executing Setting Chmaber Zones to a= 0.0, b= 0.0, c= 0.0, d= 0.0 
 502 Server Error: Bad Gateway for url: http://192.168.0.231/printer/gcode/script?script=M15+A0.0+B0.0+C0.0+D0.0
30-10-2024 12:48:12 - INFO - Sending request to Setting Chmaber Zones to a= 0.0, b= 0.0, c= 0.0, d= 0.0 with timeout of 5s...
30-10-2024 12:48:12 - ERROR - E104: Error while executing Setting Chmaber Zones to a= 0.0, b= 0.0, c= 0.0, d= 0.0 
 502 Server Error: Bad Gateway for url: http://192.168.0.231/printer/gcode/script?script=M15+A0.0+B0.0+C0.0+D0.0
30-10-2024 12:48:12 - INFO - Sending request to Setting Chmaber Zones to a= 0.0, b= 0.0, c= 0.0, d= 0.0 with timeout of 5s...
30-10-2024 12:48:12 - ERROR - E104: Error while executing Setting Chmaber Zones to a= 0.0, b= 0.0, c= 0.0, d= 0.0 
 502 Server Error: Bad Gateway for url: http://192.168.0.231/printer/gcode/script?script=M15+A0.0+B0.0+C0.0+D0.0
30-10-2024 12:48:12 - INFO - Sending request to Setting Chmaber Zones to a= 0.0, b= 0.0, c= 0.0, d= 0.0 with timeout of 5s...
30-10-2024 12:48:12 - ERROR - E104: Error while executing Setting Chmaber Zones to a= 0.0, b= 0.0, c= 0.0, d= 0.0 
 502 Server Error: Bad Gateway for url: http://192.168.0.231/printer/gcode/script?script=M15+A0.0+B0.0+C0.0+D0.0
30-10-2024 12:48:13 - INFO - Sending request to Setting Chmaber Zones to a= 0.0, b= 0.0, c= 0.0, d= 0.0 with timeout of 5s...
30-10-2024 12:48:13 - ERROR - E104: Error while executing Setting Chmaber Zones to a= 0.0, b= 0.0, c= 0.0, d= 0.0 
 502 Server Error: Bad Gateway for url: http://192.168.0.231/printer/gcode/script?script=M15+A0.0+B0.0+C0.0+D0.0
30-10-2024 12:48:13 - INFO - Sending request to Setting Chmaber Zones to a= 0.0, b= 0.0, c= 0.0, d= 0.0 with timeout of 5s...
30-10-2024 12:48:13 - ERROR - E104: Error while executing Setting Chmaber Zones to a= 0.0, b= 0.0, c= 0.0, d= 0.0 
 502 Server Error: Bad Gateway for url: http://192.168.0.231/printer/gcode/script?script=M15+A0.0+B0.0+C0.0+D0.0
30-10-2024 12:48:13 - INFO - Sending request to Setting Chmaber Zones to a= 0.0, b= 0.0, c= 0.0, d= 0.0 with timeout of 5s...
30-10-2024 12:48:13 - ERROR - E104: Error while executing Setting Chmaber Zones to a= 0.0, b= 0.0, c= 0.0, d= 0.0 
 502 Server Error: Bad Gateway for url: http://192.168.0.231/printer/gcode/script?script=M15+A0.0+B0.0+C0.0+D0.0
30-10-2024 12:48:13 - INFO - Sending request to Setting Chmaber Zones to a= 0.0, b= 0.0, c= 0.0, d= 0.0 with timeout of 5s...
30-10-2024 12:48:13 - ERROR - E104: Error while executing Setting Chmaber Zones to a= 0.0, b= 0.0, c= 0.0, d= 0.0 
 502 Server Error: Bad Gateway for url: http://192.168.0.231/printer/gcode/script?script=M15+A0.0+B0.0+C0.0+D0.0
30-10-2024 12:48:13 - INFO - Sending request to Setting Chmaber Zones to a= 0.0, b= 0.0, c= 0.0, d= 0.0 with timeout of 5s...
30-10-2024 12:48:13 - ERROR - E104: Error while executing Setting Chmaber Zones to a= 0.0, b= 0.0, c= 0.0, d= 0.0 
 502 Server Error: Bad Gateway for url: http://192.168.0.231/printer/gcode/script?script=M15+A0.0+B0.0+C0.0+D0.0
30-10-2024 12:48:14 - INFO - Sending request to Setting Chmaber Zones to a= 0.0, b= 0.0, c= 0.0, d= 0.0 with timeout of 5s...
30-10-2024 12:48:14 - ERROR - E104: Error while executing Setting Chmaber Zones to a= 0.0, b= 0.0, c= 0.0, d= 0.0 
 502 Server Error: Bad Gateway for url: http://192.168.0.231/printer/gcode/script?script=M15+A0.0+B0.0+C0.0+D0.0
30-10-2024 12:48:14 - INFO - Sending request to Setting Chmaber Zones to a= 0.0, b= 0.0, c= 0.0, d= 0.0 with timeout of 5s...
30-10-2024 12:48:14 - ERROR - E104: Error while executing Setting Chmaber Zones to a= 0.0, b= 0.0, c= 0.0, d= 0.0 
 502 Server Error: Bad Gateway for url: http://192.168.0.231/printer/gcode/script?script=M15+A0.0+B0.0+C0.0+D0.0
30-10-2024 12:48:14 - INFO - Sending request to Setting Chmaber Zones to a= 0.0, b= 0.0, c= 0.0, d= 0.0 with timeout of 5s...
30-10-2024 12:48:14 - ERROR - E104: Error while executing Setting Chmaber Zones to a= 0.0, b= 0.0, c= 0.0, d= 0.0 
 502 Server Error: Bad Gateway for url: http://192.168.0.231/printer/gcode/script?script=M15+A0.0+B0.0+C0.0+D0.0
30-10-2024 12:48:14 - INFO - Sending request to Setting Chmaber Zones to a= 0.0, b= 0.0, c= 0.0, d= 0.0 with timeout of 5s...
30-10-2024 12:48:14 - ERROR - E104: Error while executing Setting Chmaber Zones to a= 0.0, b= 0.0, c= 0.0, d= 0.0 
 502 Server Error: Bad Gateway for url: http://192.168.0.231/printer/gcode/script?script=M15+A0.0+B0.0+C0.0+D0.0
30-10-2024 12:48:14 - INFO - Sending request to Setting Chmaber Zones to a= 0.0, b= 0.0, c= 0.0, d= 0.0 with timeout of 5s...
30-10-2024 12:48:14 - ERROR - E104: Error while executing Setting Chmaber Zones to a= 0.0, b= 0.0, c= 0.0, d= 0.0 
 502 Server Error: Bad Gateway for url: http://192.168.0.231/printer/gcode/script?script=M15+A0.0+B0.0+C0.0+D0.0
30-10-2024 12:48:15 - INFO - Sending request to Setting Chmaber Zones to a= 0.0, b= 0.0, c= 0.0, d= 0.0 with timeout of 5s...
30-10-2024 12:48:15 - ERROR - E104: Error while executing Setting Chmaber Zones to a= 0.0, b= 0.0, c= 0.0, d= 0.0 
 502 Server Error: Bad Gateway for url: http://192.168.0.231/printer/gcode/script?script=M15+A0.0+B0.0+C0.0+D0.0
30-10-2024 12:48:15 - INFO - Sending request to Setting Chmaber Zones to a= 0.0, b= 0.0, c= 0.0, d= 0.0 with timeout of 5s...
30-10-2024 12:48:15 - ERROR - E104: Error while executing Setting Chmaber Zones to a= 0.0, b= 0.0, c= 0.0, d= 0.0 
 502 Server Error: Bad Gateway for url: http://192.168.0.231/printer/gcode/script?script=M15+A0.0+B0.0+C0.0+D0.0
30-10-2024 12:48:15 - INFO - Sending request to Setting Chmaber Zones to a= 0.0, b= 0.0, c= 0.0, d= 0.0 with timeout of 5s...
30-10-2024 12:48:15 - ERROR - E104: Error while executing Setting Chmaber Zones to a= 0.0, b= 0.0, c= 0.0, d= 0.0 
 502 Server Error: Bad Gateway for url: http://192.168.0.231/printer/gcode/script?script=M15+A0.0+B0.0+C0.0+D0.0
30-10-2024 12:48:15 - INFO - Sending request to Setting Chmaber Zones to a= 0.0, b= 0.0, c= 0.0, d= 0.0 with timeout of 5s...
30-10-2024 12:48:15 - ERROR - E104: Error while executing Setting Chmaber Zones to a= 0.0, b= 0.0, c= 0.0, d= 0.0 
 502 Server Error: Bad Gateway for url: http://192.168.0.231/printer/gcode/script?script=M15+A0.0+B0.0+C0.0+D0.0
30-10-2024 12:48:15 - INFO - Sending request to Setting Chmaber Zones to a= 0.0, b= 0.0, c= 0.0, d= 0.0 with timeout of 5s...
30-10-2024 12:48:15 - ERROR - E104: Error while executing Setting Chmaber Zones to a= 0.0, b= 0.0, c= 0.0, d= 0.0 
 502 Server Error: Bad Gateway for url: http://192.168.0.231/printer/gcode/script?script=M15+A0.0+B0.0+C0.0+D0.0
30-10-2024 12:48:16 - INFO - Sending request to Setting Chmaber Zones to a= 0.0, b= 0.0, c= 0.0, d= 0.0 with timeout of 5s...
30-10-2024 12:48:16 - ERROR - E104: Error while executing Setting Chmaber Zones to a= 0.0, b= 0.0, c= 0.0, d= 0.0 
 502 Server Error: Bad Gateway for url: http://192.168.0.231/printer/gcode/script?script=M15+A0.0+B0.0+C0.0+D0.0
30-10-2024 12:48:16 - INFO - Sending request to Setting Chmaber Zones to a= 0.0, b= 0.0, c= 0.0, d= 0.0 with timeout of 5s...
30-10-2024 12:48:16 - ERROR - E104: Error while executing Setting Chmaber Zones to a= 0.0, b= 0.0, c= 0.0, d= 0.0 
 502 Server Error: Bad Gateway for url: http://192.168.0.231/printer/gcode/script?script=M15+A0.0+B0.0+C0.0+D0.0
30-10-2024 12:48:16 - INFO - Sending request to Setting Chmaber Zones to a= 0.0, b= 0.0, c= 0.0, d= 0.0 with timeout of 5s...
30-10-2024 12:48:16 - ERROR - E104: Error while executing Setting Chmaber Zones to a= 0.0, b= 0.0, c= 0.0, d= 0.0 
 502 Server Error: Bad Gateway for url: http://192.168.0.231/printer/gcode/script?script=M15+A0.0+B0.0+C0.0+D0.0
30-10-2024 12:48:16 - INFO - Sending request to Setting Chmaber Zones to a= 0.0, b= 0.0, c= 0.0, d= 0.0 with timeout of 5s...
30-10-2024 12:48:16 - ERROR - E104: Error while executing Setting Chmaber Zones to a= 0.0, b= 0.0, c= 0.0, d= 0.0 
 502 Server Error: Bad Gateway for url: http://192.168.0.231/printer/gcode/script?script=M15+A0.0+B0.0+C0.0+D0.0
30-10-2024 12:48:16 - INFO - Sending request to Setting Chmaber Zones to a= 0.0, b= 0.0, c= 0.0, d= 0.0 with timeout of 5s...
30-10-2024 12:48:16 - ERROR - E104: Error while executing Setting Chmaber Zones to a= 0.0, b= 0.0, c= 0.0, d= 0.0 
 502 Server Error: Bad Gateway for url: http://192.168.0.231/printer/gcode/script?script=M15+A0.0+B0.0+C0.0+D0.0
30-10-2024 12:48:17 - INFO - Sending request to Setting Chmaber Zones to a= 0.0, b= 0.0, c= 0.0, d= 0.0 with timeout of 5s...
30-10-2024 12:48:17 - ERROR - E104: Error while executing Setting Chmaber Zones to a= 0.0, b= 0.0, c= 0.0, d= 0.0 
 502 Server Error: Bad Gateway for url: http://192.168.0.231/printer/gcode/script?script=M15+A0.0+B0.0+C0.0+D0.0
30-10-2024 12:48:17 - INFO - Sending request to Setting Chmaber Zones to a= 0.0, b= 0.0, c= 0.0, d= 0.0 with timeout of 5s...
30-10-2024 12:48:17 - ERROR - E104: Error while executing Setting Chmaber Zones to a= 0.0, b= 0.0, c= 0.0, d= 0.0 
 502 Server Error: Bad Gateway for url: http://192.168.0.231/printer/gcode/script?script=M15+A0.0+B0.0+C0.0+D0.0
30-10-2024 12:48:17 - INFO - Sending request to Setting Chmaber Zones to a= 0.0, b= 0.0, c= 0.0, d= 0.0 with timeout of 5s...
30-10-2024 12:48:17 - ERROR - E104: Error while executing Setting Chmaber Zones to a= 0.0, b= 0.0, c= 0.0, d= 0.0 
 502 Server Error: Bad Gateway for url: http://192.168.0.231/printer/gcode/script?script=M15+A0.0+B0.0+C0.0+D0.0
30-10-2024 12:48:17 - INFO - Sending request to Setting Chmaber Zones to a= 0.0, b= 0.0, c= 0.0, d= 0.0 with timeout of 5s...
30-10-2024 12:48:17 - ERROR - E104: Error while executing Setting Chmaber Zones to a= 0.0, b= 0.0, c= 0.0, d= 0.0 
 502 Server Error: Bad Gateway for url: http://192.168.0.231/printer/gcode/script?script=M15+A0.0+B0.0+C0.0+D0.0
30-10-2024 12:48:17 - INFO - Sending request to Setting Chmaber Zones to a= 0.0, b= 0.0, c= 0.0, d= 0.0 with timeout of 5s...
30-10-2024 12:48:17 - ERROR - E104: Error while executing Setting Chmaber Zones to a= 0.0, b= 0.0, c= 0.0, d= 0.0 
 502 Server Error: Bad Gateway for url: http://192.168.0.231/printer/gcode/script?script=M15+A0.0+B0.0+C0.0+D0.0
30-10-2024 12:48:18 - INFO - Sending request to Setting Chmaber Zones to a= 0.0, b= 0.0, c= 0.0, d= 0.0 with timeout of 5s...
30-10-2024 12:48:18 - ERROR - E104: Error while executing Setting Chmaber Zones to a= 0.0, b= 0.0, c= 0.0, d= 0.0 
 502 Server Error: Bad Gateway for url: http://192.168.0.231/printer/gcode/script?script=M15+A0.0+B0.0+C0.0+D0.0
30-10-2024 12:48:18 - INFO - Sending request to Setting Chmaber Zones to a= 0.0, b= 0.0, c= 0.0, d= 0.0 with timeout of 5s...
30-10-2024 12:48:18 - ERROR - E104: Error while executing Setting Chmaber Zones to a= 0.0, b= 0.0, c= 0.0, d= 0.0 
 502 Server Error: Bad Gateway for url: http://192.168.0.231/printer/gcode/script?script=M15+A0.0+B0.0+C0.0+D0.0
30-10-2024 12:48:18 - INFO - Sending request to Setting Chmaber Zones to a= 0.0, b= 0.0, c= 0.0, d= 0.0 with timeout of 5s...
30-10-2024 12:48:18 - ERROR - E104: Error while executing Setting Chmaber Zones to a= 0.0, b= 0.0, c= 0.0, d= 0.0 
 502 Server Error: Bad Gateway for url: http://192.168.0.231/printer/gcode/script?script=M15+A0.0+B0.0+C0.0+D0.0
30-10-2024 12:48:18 - INFO - Sending request to Setting Chmaber Zones to a= 0.0, b= 0.0, c= 0.0, d= 0.0 with timeout of 5s...
30-10-2024 12:48:18 - ERROR - E104: Error while executing Setting Chmaber Zones to a= 0.0, b= 0.0, c= 0.0, d= 0.0 
 502 Server Error: Bad Gateway for url: http://192.168.0.231/printer/gcode/script?script=M15+A0.0+B0.0+C0.0+D0.0
30-10-2024 12:48:18 - INFO - Sending request to Setting Chmaber Zones to a= 0.0, b= 0.0, c= 0.0, d= 0.0 with timeout of 5s...
30-10-2024 12:48:19 - ERROR - E104: Error while executing Setting Chmaber Zones to a= 0.0, b= 0.0, c= 0.0, d= 0.0 
 502 Server Error: Bad Gateway for url: http://192.168.0.231/printer/gcode/script?script=M15+A0.0+B0.0+C0.0+D0.0
30-10-2024 12:48:19 - INFO - Sending request to Setting Chmaber Zones to a= 0.0, b= 0.0, c= 0.0, d= 0.0 with timeout of 5s...
30-10-2024 12:48:19 - ERROR - E104: Error while executing Setting Chmaber Zones to a= 0.0, b= 0.0, c= 0.0, d= 0.0 
 502 Server Error: Bad Gateway for url: http://192.168.0.231/printer/gcode/script?script=M15+A0.0+B0.0+C0.0+D0.0
30-10-2024 12:48:19 - INFO - Sending request to Setting Chmaber Zones to a= 0.0, b= 0.0, c= 0.0, d= 0.0 with timeout of 5s...
30-10-2024 12:48:19 - ERROR - E104: Error while executing Setting Chmaber Zones to a= 0.0, b= 0.0, c= 0.0, d= 0.0 
 502 Server Error: Bad Gateway for url: http://192.168.0.231/printer/gcode/script?script=M15+A0.0+B0.0+C0.0+D0.0
30-10-2024 12:48:19 - INFO - Sending request to Setting Chmaber Zones to a= 0.0, b= 0.0, c= 0.0, d= 0.0 with timeout of 5s...
30-10-2024 12:48:19 - ERROR - E104: Error while executing Setting Chmaber Zones to a= 0.0, b= 0.0, c= 0.0, d= 0.0 
 502 Server Error: Bad Gateway for url: http://192.168.0.231/printer/gcode/script?script=M15+A0.0+B0.0+C0.0+D0.0
30-10-2024 12:48:19 - INFO - Sending request to Setting Chmaber Zones to a= 0.0, b= 0.0, c= 0.0, d= 0.0 with timeout of 5s...
30-10-2024 12:48:19 - ERROR - E104: Error while executing Setting Chmaber Zones to a= 0.0, b= 0.0, c= 0.0, d= 0.0 
 502 Server Error: Bad Gateway for url: http://192.168.0.231/printer/gcode/script?script=M15+A0.0+B0.0+C0.0+D0.0
30-10-2024 12:48:19 - INFO - Sending request to Setting Chmaber Zones to a= 0.0, b= 0.0, c= 0.0, d= 0.0 with timeout of 5s...
30-10-2024 12:48:19 - ERROR - E104: Error while executing Setting Chmaber Zones to a= 0.0, b= 0.0, c= 0.0, d= 0.0 
 502 Server Error: Bad Gateway for url: http://192.168.0.231/printer/gcode/script?script=M15+A0.0+B0.0+C0.0+D0.0
30-10-2024 12:48:20 - INFO - Sending request to Setting Chmaber Zones to a= 0.0, b= 0.0, c= 0.0, d= 0.0 with timeout of 5s...
30-10-2024 12:48:20 - ERROR - E104: Error while executing Setting Chmaber Zones to a= 0.0, b= 0.0, c= 0.0, d= 0.0 
 502 Server Error: Bad Gateway for url: http://192.168.0.231/printer/gcode/script?script=M15+A0.0+B0.0+C0.0+D0.0
30-10-2024 12:48:20 - INFO - Sending request to Setting Chmaber Zones to a= 0.0, b= 0.0, c= 0.0, d= 0.0 with timeout of 5s...
30-10-2024 12:48:20 - ERROR - E104: Error while executing Setting Chmaber Zones to a= 0.0, b= 0.0, c= 0.0, d= 0.0 
 502 Server Error: Bad Gateway for url: http://192.168.0.231/printer/gcode/script?script=M15+A0.0+B0.0+C0.0+D0.0
30-10-2024 12:48:20 - INFO - Sending request to Setting Chmaber Zones to a= 0.0, b= 0.0, c= 0.0, d= 0.0 with timeout of 5s...
30-10-2024 12:48:20 - ERROR - E104: Error while executing Setting Chmaber Zones to a= 0.0, b= 0.0, c= 0.0, d= 0.0 
 502 Server Error: Bad Gateway for url: http://192.168.0.231/printer/gcode/script?script=M15+A0.0+B0.0+C0.0+D0.0
30-10-2024 12:48:20 - INFO - Sending request to Setting Chmaber Zones to a= 0.0, b= 0.0, c= 0.0, d= 0.0 with timeout of 5s...
30-10-2024 12:48:20 - ERROR - E104: Error while executing Setting Chmaber Zones to a= 0.0, b= 0.0, c= 0.0, d= 0.0 
 502 Server Error: Bad Gateway for url: http://192.168.0.231/printer/gcode/script?script=M15+A0.0+B0.0+C0.0+D0.0
30-10-2024 12:48:20 - INFO - Sending request to Setting Chmaber Zones to a= 0.0, b= 0.0, c= 0.0, d= 0.0 with timeout of 5s...
30-10-2024 12:48:20 - ERROR - E104: Error while executing Setting Chmaber Zones to a= 0.0, b= 0.0, c= 0.0, d= 0.0 
 502 Server Error: Bad Gateway for url: http://192.168.0.231/printer/gcode/script?script=M15+A0.0+B0.0+C0.0+D0.0
30-10-2024 12:48:21 - INFO - Sending request to Setting Chmaber Zones to a= 0.0, b= 0.0, c= 0.0, d= 0.0 with timeout of 5s...
30-10-2024 12:48:21 - ERROR - E104: Error while executing Setting Chmaber Zones to a= 0.0, b= 0.0, c= 0.0, d= 0.0 
 502 Server Error: Bad Gateway for url: http://192.168.0.231/printer/gcode/script?script=M15+A0.0+B0.0+C0.0+D0.0
30-10-2024 12:48:21 - INFO - Sending request to Setting Chmaber Zones to a= 0.0, b= 0.0, c= 0.0, d= 0.0 with timeout of 5s...
30-10-2024 12:48:21 - ERROR - E104: Error while executing Setting Chmaber Zones to a= 0.0, b= 0.0, c= 0.0, d= 0.0 
 502 Server Error: Bad Gateway for url: http://192.168.0.231/printer/gcode/script?script=M15+A0.0+B0.0+C0.0+D0.0
30-10-2024 12:48:21 - INFO - Sending request to Setting Chmaber Zones to a= 0.0, b= 0.0, c= 0.0, d= 0.0 with timeout of 5s...
30-10-2024 12:48:21 - ERROR - E104: Error while executing Setting Chmaber Zones to a= 0.0, b= 0.0, c= 0.0, d= 0.0 
 502 Server Error: Bad Gateway for url: http://192.168.0.231/printer/gcode/script?script=M15+A0.0+B0.0+C0.0+D0.0
30-10-2024 12:48:21 - INFO - Sending request to Setting Chmaber Zones to a= 0.0, b= 0.0, c= 0.0, d= 0.0 with timeout of 5s...
30-10-2024 12:48:21 - ERROR - E104: Error while executing Setting Chmaber Zones to a= 0.0, b= 0.0, c= 0.0, d= 0.0 
 502 Server Error: Bad Gateway for url: http://192.168.0.231/printer/gcode/script?script=M15+A0.0+B0.0+C0.0+D0.0
30-10-2024 12:48:21 - INFO - Sending request to Setting Chmaber Zones to a= 0.0, b= 0.0, c= 0.0, d= 0.0 with timeout of 5s...
30-10-2024 12:48:21 - ERROR - E104: Error while executing Setting Chmaber Zones to a= 0.0, b= 0.0, c= 0.0, d= 0.0 
 502 Server Error: Bad Gateway for url: http://192.168.0.231/printer/gcode/script?script=M15+A0.0+B0.0+C0.0+D0.0
30-10-2024 12:48:22 - INFO - Sending request to Setting Chmaber Zones to a= 0.0, b= 0.0, c= 0.0, d= 0.0 with timeout of 5s...
30-10-2024 12:48:22 - ERROR - E104: Error while executing Setting Chmaber Zones to a= 0.0, b= 0.0, c= 0.0, d= 0.0 
 502 Server Error: Bad Gateway for url: http://192.168.0.231/printer/gcode/script?script=M15+A0.0+B0.0+C0.0+D0.0
30-10-2024 12:48:22 - INFO - Sending request to Setting Chmaber Zones to a= 0.0, b= 0.0, c= 0.0, d= 0.0 with timeout of 5s...
30-10-2024 12:48:22 - ERROR - E104: Error while executing Setting Chmaber Zones to a= 0.0, b= 0.0, c= 0.0, d= 0.0 
 502 Server Error: Bad Gateway for url: http://192.168.0.231/printer/gcode/script?script=M15+A0.0+B0.0+C0.0+D0.0
30-10-2024 12:48:22 - INFO - Sending request to Setting Chmaber Zones to a= 0.0, b= 0.0, c= 0.0, d= 0.0 with timeout of 5s...
30-10-2024 12:48:22 - ERROR - E104: Error while executing Setting Chmaber Zones to a= 0.0, b= 0.0, c= 0.0, d= 0.0 
 502 Server Error: Bad Gateway for url: http://192.168.0.231/printer/gcode/script?script=M15+A0.0+B0.0+C0.0+D0.0
30-10-2024 12:48:22 - INFO - Sending request to Setting Chmaber Zones to a= 0.0, b= 0.0, c= 0.0, d= 0.0 with timeout of 5s...
30-10-2024 12:48:22 - ERROR - E104: Error while executing Setting Chmaber Zones to a= 0.0, b= 0.0, c= 0.0, d= 0.0 
 502 Server Error: Bad Gateway for url: http://192.168.0.231/printer/gcode/script?script=M15+A0.0+B0.0+C0.0+D0.0
30-10-2024 12:48:22 - INFO - Sending request to Setting Chmaber Zones to a= 0.0, b= 0.0, c= 0.0, d= 0.0 with timeout of 5s...
30-10-2024 12:48:23 - ERROR - E104: Error while executing Setting Chmaber Zones to a= 0.0, b= 0.0, c= 0.0, d= 0.0 
 502 Server Error: Bad Gateway for url: http://192.168.0.231/printer/gcode/script?script=M15+A0.0+B0.0+C0.0+D0.0
30-10-2024 12:48:23 - INFO - Sending request to Setting Chmaber Zones to a= 0.0, b= 0.0, c= 0.0, d= 0.0 with timeout of 5s...
30-10-2024 12:48:23 - ERROR - E104: Error while executing Setting Chmaber Zones to a= 0.0, b= 0.0, c= 0.0, d= 0.0 
 502 Server Error: Bad Gateway for url: http://192.168.0.231/printer/gcode/script?script=M15+A0.0+B0.0+C0.0+D0.0
30-10-2024 12:48:23 - INFO - Sending request to Setting Chmaber Zones to a= 0.0, b= 0.0, c= 0.0, d= 0.0 with timeout of 5s...
30-10-2024 12:48:23 - ERROR - E104: Error while executing Setting Chmaber Zones to a= 0.0, b= 0.0, c= 0.0, d= 0.0 
 502 Server Error: Bad Gateway for url: http://192.168.0.231/printer/gcode/script?script=M15+A0.0+B0.0+C0.0+D0.0
30-10-2024 12:48:23 - INFO - Sending request to Setting Chmaber Zones to a= 0.0, b= 0.0, c= 0.0, d= 0.0 with timeout of 5s...
30-10-2024 12:48:23 - ERROR - E104: Error while executing Setting Chmaber Zones to a= 0.0, b= 0.0, c= 0.0, d= 0.0 
 502 Server Error: Bad Gateway for url: http://192.168.0.231/printer/gcode/script?script=M15+A0.0+B0.0+C0.0+D0.0
30-10-2024 12:48:23 - INFO - Sending request to Setting Chmaber Zones to a= 0.0, b= 0.0, c= 0.0, d= 0.0 with timeout of 5s...
30-10-2024 12:48:23 - ERROR - E104: Error while executing Setting Chmaber Zones to a= 0.0, b= 0.0, c= 0.0, d= 0.0 
 502 Server Error: Bad Gateway for url: http://192.168.0.231/printer/gcode/script?script=M15+A0.0+B0.0+C0.0+D0.0
30-10-2024 12:48:23 - INFO - Sending request to Setting Chmaber Zones to a= 0.0, b= 0.0, c= 0.0, d= 0.0 with timeout of 5s...
30-10-2024 12:48:24 - ERROR - E104: Error while executing Setting Chmaber Zones to a= 0.0, b= 0.0, c= 0.0, d= 0.0 
 502 Server Error: Bad Gateway for url: http://192.168.0.231/printer/gcode/script?script=M15+A0.0+B0.0+C0.0+D0.0
30-10-2024 12:48:24 - INFO - Sending request to Setting Chmaber Zones to a= 0.0, b= 0.0, c= 0.0, d= 0.0 with timeout of 5s...
30-10-2024 12:48:24 - INFO - Sending request to Setting Chmaber Zones to a= 0.0, b= 0.0, c= 0.0, d= 0.0 with timeout of 5s...
30-10-2024 12:48:24 - INFO - Sending request to Setting Chmaber Zones to a= 0.0, b= 0.0, c= 0.0, d= 0.0 with timeout of 5s...
30-10-2024 12:48:24 - INFO - Sending request to Setting Chmaber Zones to a= 0.0, b= 0.0, c= 0.0, d= 0.0 with timeout of 5s...
30-10-2024 12:48:24 - ERROR - E104: Error while executing Setting Chmaber Zones to a= 0.0, b= 0.0, c= 0.0, d= 0.0 
 502 Server Error: Bad Gateway for url: http://192.168.0.231/printer/gcode/script?script=M15+A0.0+B0.0+C0.0+D0.0
30-10-2024 12:48:24 - ERROR - E104: Error while executing Setting Chmaber Zones to a= 0.0, b= 0.0, c= 0.0, d= 0.0 
 502 Server Error: Bad Gateway for url: http://192.168.0.231/printer/gcode/script?script=M15+A0.0+B0.0+C0.0+D0.0
30-10-2024 12:48:24 - ERROR - E104: Error while executing Setting Chmaber Zones to a= 0.0, b= 0.0, c= 0.0, d= 0.0 
 502 Server Error: Bad Gateway for url: http://192.168.0.231/printer/gcode/script?script=M15+A0.0+B0.0+C0.0+D0.0
30-10-2024 12:48:24 - ERROR - E104: Error while executing Setting Chmaber Zones to a= 0.0, b= 0.0, c= 0.0, d= 0.0 
 502 Server Error: Bad Gateway for url: http://192.168.0.231/printer/gcode/script?script=M15+A0.0+B0.0+C0.0+D0.0
30-10-2024 12:48:24 - INFO - Sending request to Setting Chmaber Zones to a= 0.0, b= 0.0, c= 0.0, d= 0.0 with timeout of 5s...
30-10-2024 12:48:25 - ERROR - E104: Error while executing Setting Chmaber Zones to a= 0.0, b= 0.0, c= 0.0, d= 0.0 
 502 Server Error: Bad Gateway for url: http://192.168.0.231/printer/gcode/script?script=M15+A0.0+B0.0+C0.0+D0.0
30-10-2024 12:48:25 - INFO - Sending request to Setting Chmaber Zones to a= 0.0, b= 0.0, c= 0.0, d= 0.0 with timeout of 5s...
30-10-2024 12:48:25 - ERROR - E104: Error while executing Setting Chmaber Zones to a= 0.0, b= 0.0, c= 0.0, d= 0.0 
 502 Server Error: Bad Gateway for url: http://192.168.0.231/printer/gcode/script?script=M15+A0.0+B0.0+C0.0+D0.0
30-10-2024 12:48:25 - INFO - Sending request to Setting Chmaber Zones to a= 0.0, b= 0.0, c= 0.0, d= 0.0 with timeout of 5s...
30-10-2024 12:48:25 - ERROR - E104: Error while executing Setting Chmaber Zones to a= 0.0, b= 0.0, c= 0.0, d= 0.0 
 502 Server Error: Bad Gateway for url: http://192.168.0.231/printer/gcode/script?script=M15+A0.0+B0.0+C0.0+D0.0
30-10-2024 12:48:25 - INFO - Sending request to Setting Chmaber Zones to a= 0.0, b= 0.0, c= 0.0, d= 0.0 with timeout of 5s...
30-10-2024 12:48:25 - ERROR - E104: Error while executing Setting Chmaber Zones to a= 0.0, b= 0.0, c= 0.0, d= 0.0 
 502 Server Error: Bad Gateway for url: http://192.168.0.231/printer/gcode/script?script=M15+A0.0+B0.0+C0.0+D0.0
30-10-2024 12:48:25 - INFO - Sending request to Setting Chmaber Zones to a= 0.0, b= 0.0, c= 0.0, d= 0.0 with timeout of 5s...
30-10-2024 12:48:25 - ERROR - E104: Error while executing Setting Chmaber Zones to a= 0.0, b= 0.0, c= 0.0, d= 0.0 
 502 Server Error: Bad Gateway for url: http://192.168.0.231/printer/gcode/script?script=M15+A0.0+B0.0+C0.0+D0.0
30-10-2024 12:48:26 - INFO - Sending request to Setting Chmaber Zones to a= 0.0, b= 0.0, c= 0.0, d= 0.0 with timeout of 5s...
30-10-2024 12:48:26 - ERROR - E104: Error while executing Setting Chmaber Zones to a= 0.0, b= 0.0, c= 0.0, d= 0.0 
 502 Server Error: Bad Gateway for url: http://192.168.0.231/printer/gcode/script?script=M15+A0.0+B0.0+C0.0+D0.0
