27-11-2024 15:40:13 - INFO - Sending request to Setting Chamber Zones to a= 0, b= 0, c= 0, d= 0 with timeout of 5s...
27-11-2024 15:40:13 - INFO - Sending request to Setting Chamber Zones to a= 1.0, b= 0.25, c= 1.0, d= 0.25 with timeout of 5s...
27-11-2024 15:40:13 - INFO - Sending request to Setting Chamber Zones to a= 1.0, b= 0.25, c= 1.0, d= 0.25 with timeout of 5s...
27-11-2024 15:40:13 - INFO - Sending request to Setting Chamber Zones to a= 1.0, b= 0.25, c= 1.0, d= 0.25 with timeout of 5s...
27-11-2024 15:40:14 - INFO - Sending request to Setting Chamber Zones to a= 1.0, b= 0.25, c= 1.0, d= 0.25 with timeout of 5s...
27-11-2024 15:40:14 - INFO - Sending request to Setting Chamber Zones to a= 1.0, b= 0.25, c= 1.0, d= 0.25 with timeout of 5s...
27-11-2024 15:40:14 - INFO - Sending request to Setting Chamber Zones to a= 1.0, b= 0.25, c= 1.0, d= 0.25 with timeout of 5s...
27-11-2024 15:40:14 - INFO - Sending request to Setting Chamber Zones to a= 1.0, b= 0.25, c= 1.0, d= 0.25 with timeout of 5s...
27-11-2024 15:40:14 - INFO - Sending request to Setting Chamber Zones to a= 1.0, b= 0.25, c= 1.0, d= 0.25 with timeout of 5s...
27-11-2024 15:40:15 - INFO - Sending request to Setting Chamber Zones to a= 1.0, b= 0.25, c= 1.0, d= 0.25 with timeout of 5s...
27-11-2024 15:40:15 - INFO - Sending request to Setting Chamber Zones to a= 1.0, b= 0.25, c= 1.0, d= 0.25 with timeout of 5s...
27-11-2024 15:40:15 - INFO - Sending request to Setting Chamber Zones to a= 1.0, b= 0.25, c= 1.0, d= 0.25 with timeout of 5s...
27-11-2024 15:40:15 - INFO - Sending request to Setting Chamber Zones to a= 1.0, b= 0.25, c= 1.0, d= 0.25 with timeout of 5s...
27-11-2024 15:40:15 - INFO - Sending request to Setting Chamber Zones to a= 1.0, b= 0.25, c= 1.0, d= 0.25 with timeout of 5s...
27-11-2024 15:40:16 - INFO - Sending request to Setting Chamber Zones to a= 1.0, b= 0.25, c= 1.0, d= 0.25 with timeout of 5s...
27-11-2024 15:40:16 - INFO - Sending request to Setting Chamber Zones to a= 1.0, b= 0.25, c= 1.0, d= 0.25 with timeout of 5s...
27-11-2024 15:40:16 - INFO - Sending request to Setting Chamber Zones to a= 1.0, b= 0.25, c= 1.0, d= 0.25 with timeout of 5s...
27-11-2024 15:40:16 - INFO - Sending request to Setting Chamber Zones to a= 1.0, b= 0.25, c= 1.0, d= 0.25 with timeout of 5s...
27-11-2024 15:40:16 - INFO - Sending request to Setting Chamber Zones to a= 1.0, b= 0.25, c= 1.0, d= 0.25 with timeout of 5s...
27-11-2024 15:40:17 - INFO - Sending request to Setting Chamber Zones to a= 1.0, b= 0.25, c= 1.0, d= 0.25 with timeout of 5s...
27-11-2024 15:40:17 - INFO - Sending request to Setting Chamber Zones to a= 1.0, b= 0.25, c= 1.0, d= 0.25 with timeout of 5s...
27-11-2024 15:40:17 - INFO - Sending request to Setting Chamber Zones to a= 1.0, b= 0.25, c= 1.0, d= 0.25 with timeout of 5s...
27-11-2024 15:40:17 - INFO - Sending request to Setting Chamber Zones to a= 1.0, b= 0.25, c= 1.0, d= 0.25 with timeout of 5s...
27-11-2024 15:40:17 - INFO - Sending request to Setting Chamber Zones to a= 1.0, b= 0.25, c= 1.0, d= 0.25 with timeout of 5s...
27-11-2024 15:40:18 - INFO - Sending request to Setting Chamber Zones to a= 1.0, b= 0.25, c= 1.0, d= 0.25 with timeout of 5s...
27-11-2024 15:40:18 - INFO - Sending request to Setting Chamber Zones to a= 1.0, b= 0.25, c= 1.0, d= 0.25 with timeout of 5s...
27-11-2024 15:40:18 - INFO - Sending request to Setting Chamber Zones to a= 1.0, b= 0.25, c= 1.0, d= 0.25 with timeout of 5s...
27-11-2024 15:40:18 - INFO - Sending request to Setting Chamber Zones to a= 1.0, b= 0.25, c= 1.0, d= 0.25 with timeout of 5s...
27-11-2024 15:40:18 - INFO - Sending request to Setting Chamber Zones to a= 1.0, b= 0.25, c= 1.0, d= 0.25 with timeout of 5s...
27-11-2024 15:40:19 - INFO - Sending request to Setting Chamber Zones to a= 1.0, b= 0.25, c= 1.0, d= 0.25 with timeout of 5s...
27-11-2024 15:40:19 - INFO - Sending request to Setting Chamber Zones to a= 1.0, b= 0.25, c= 1.0, d= 0.25 with timeout of 5s...
27-11-2024 15:40:19 - INFO - Sending request to Setting Chamber Zones to a= 1.0, b= 0.25, c= 1.0, d= 0.25 with timeout of 5s...
27-11-2024 15:40:19 - INFO - Sending request to Setting Chamber Zones to a= 1.0, b= 0.25, c= 1.0, d= 0.25 with timeout of 5s...
27-11-2024 15:40:19 - INFO - Sending request to Setting Chamber Zones to a= 1.0, b= 0.25, c= 1.0, d= 0.25 with timeout of 5s...
27-11-2024 15:40:20 - INFO - Sending request to Setting Chamber Zones to a= 1.0, b= 0.25, c= 1.0, d= 0.25 with timeout of 5s...
27-11-2024 15:40:20 - INFO - Sending request to Setting Chamber Zones to a= 1.0, b= 0.25, c= 1.0, d= 0.25 with timeout of 5s...
27-11-2024 15:40:20 - INFO - Sending request to Setting Chamber Zones to a= 1.0, b= 0.25, c= 1.0, d= 0.25 with timeout of 5s...
27-11-2024 15:40:20 - INFO - Sending request to Setting Chamber Zones to a= 1.0, b= 0.25, c= 1.0, d= 0.25 with timeout of 5s...
27-11-2024 15:40:20 - INFO - Sending request to Setting Chamber Zones to a= 1.0, b= 0.25, c= 1.0, d= 0.25 with timeout of 5s...
27-11-2024 15:40:21 - INFO - Sending request to Setting Chamber Zones to a= 1.0, b= 0.25, c= 1.0, d= 0.25 with timeout of 5s...
27-11-2024 15:40:21 - INFO - Sending request to Setting Chamber Zones to a= 1.0, b= 0.25, c= 1.0, d= 0.25 with timeout of 5s...
27-11-2024 15:40:21 - INFO - Sending request to Setting Chamber Zones to a= 1.0, b= 0.25, c= 1.0, d= 0.25 with timeout of 5s...
27-11-2024 15:40:21 - INFO - Sending request to Setting Chamber Zones to a= 1.0, b= 0.25, c= 1.0, d= 0.25 with timeout of 5s...
27-11-2024 15:40:21 - INFO - Sending request to Setting Chamber Zones to a= 1.0, b= 0.25, c= 1.0, d= 0.25 with timeout of 5s...
27-11-2024 15:40:22 - INFO - Sending request to Setting Chamber Zones to a= 1.0, b= 0.25, c= 1.0, d= 0.25 with timeout of 5s...
27-11-2024 15:40:22 - INFO - Sending request to Setting Chamber Zones to a= 1.0, b= 0.25, c= 1.0, d= 0.25 with timeout of 5s...
27-11-2024 15:40:22 - INFO - Sending request to Setting Chamber Zones to a= 1.0, b= 0.25, c= 1.0, d= 0.25 with timeout of 5s...
27-11-2024 15:40:22 - INFO - Sending request to Setting Chamber Zones to a= 1.0, b= 0.25, c= 1.0, d= 0.25 with timeout of 5s...
27-11-2024 15:40:22 - INFO - Sending request to Setting Chamber Zones to a= 1.0, b= 0.25, c= 1.0, d= 0.25 with timeout of 5s...
27-11-2024 15:40:23 - INFO - Sending request to Setting Chamber Zones to a= 1.0, b= 0.25, c= 1.0, d= 0.25 with timeout of 5s...
27-11-2024 15:40:23 - INFO - Sending request to Setting Chamber Zones to a= 1.0, b= 0.25, c= 1.0, d= 0.25 with timeout of 5s...
27-11-2024 15:40:23 - INFO - Sending request to Setting Chamber Zones to a= 1.0, b= 0.25, c= 1.0, d= 0.25 with timeout of 5s...
27-11-2024 15:40:23 - INFO - Sending request to Setting Chamber Zones to a= 1.0, b= 0.25, c= 1.0, d= 0.25 with timeout of 5s...
27-11-2024 15:40:23 - INFO - Sending request to Setting Chamber Zones to a= 1.0, b= 0.25, c= 1.0, d= 0.25 with timeout of 5s...
27-11-2024 15:40:24 - INFO - Sending request to Setting Chamber Zones to a= 1.0, b= 0.25, c= 1.0, d= 0.25 with timeout of 5s...
27-11-2024 15:40:24 - INFO - Sending request to Setting Chamber Zones to a= 1.0, b= 0.25, c= 1.0, d= 0.25 with timeout of 5s...
27-11-2024 15:40:24 - INFO - Sending request to Setting Chamber Zones to a= 1.0, b= 0.25, c= 1.0, d= 0.25 with timeout of 5s...
27-11-2024 15:40:24 - INFO - Sending request to Setting Chamber Zones to a= 1.0, b= 0.25, c= 1.0, d= 0.25 with timeout of 5s...
27-11-2024 15:40:24 - INFO - Sending request to Setting Chamber Zones to a= 1.0, b= 0.25, c= 1.0, d= 0.25 with timeout of 5s...
27-11-2024 15:40:25 - INFO - Sending request to Setting Chamber Zones to a= 1.0, b= 0.25, c= 1.0, d= 0.25 with timeout of 5s...
27-11-2024 15:40:25 - INFO - Sending request to Setting Chamber Zones to a= 1.0, b= 0.25, c= 1.0, d= 0.25 with timeout of 5s...
27-11-2024 15:40:25 - INFO - Sending request to Setting Chamber Zones to a= 1.0, b= 0.25, c= 1.0, d= 0.25 with timeout of 5s...
27-11-2024 15:40:25 - INFO - Sending request to Setting Chamber Zones to a= 1.0, b= 0.25, c= 1.0, d= 0.25 with timeout of 5s...
27-11-2024 15:40:25 - INFO - Sending request to Setting Chamber Zones to a= 1.0, b= 0.25, c= 1.0, d= 0.25 with timeout of 5s...
27-11-2024 15:40:26 - INFO - Sending request to Setting Chamber Zones to a= 1.0, b= 0.25, c= 1.0, d= 0.25 with timeout of 5s...
27-11-2024 15:40:26 - INFO - Sending request to Setting Chamber Zones to a= 1.0, b= 0.25, c= 1.0, d= 0.25 with timeout of 5s...
27-11-2024 15:40:26 - INFO - Sending request to Setting Chamber Zones to a= 1.0, b= 0.25, c= 1.0, d= 0.25 with timeout of 5s...
27-11-2024 15:40:26 - INFO - Sending request to Setting Chamber Zones to a= 1.0, b= 0.25, c= 1.0, d= 0.25 with timeout of 5s...
27-11-2024 15:40:26 - INFO - Sending request to Setting Chamber Zones to a= 1.0, b= 0.25, c= 1.0, d= 0.25 with timeout of 5s...
27-11-2024 15:40:27 - INFO - Sending request to Setting Chamber Zones to a= 1.0, b= 0.25, c= 1.0, d= 0.25 with timeout of 5s...
27-11-2024 15:40:27 - INFO - Sending request to Setting Chamber Zones to a= 1.0, b= 0.25, c= 1.0, d= 0.25 with timeout of 5s...
27-11-2024 15:40:27 - INFO - Sending request to Setting Chamber Zones to a= 1.0, b= 0.25, c= 1.0, d= 0.25 with timeout of 5s...
27-11-2024 15:40:27 - INFO - Sending request to Setting Chamber Zones to a= 1.0, b= 0.25, c= 1.0, d= 0.25 with timeout of 5s...
27-11-2024 15:40:27 - INFO - Sending request to Setting Chamber Zones to a= 1.0, b= 0.25, c= 1.0, d= 0.25 with timeout of 5s...
27-11-2024 15:40:28 - INFO - Sending request to Setting Chamber Zones to a= 1.0, b= 0.25, c= 1.0, d= 0.25 with timeout of 5s...
27-11-2024 15:40:28 - INFO - Sending request to Setting Chamber Zones to a= 1.0, b= 0.25, c= 1.0, d= 0.25 with timeout of 5s...
27-11-2024 15:40:28 - INFO - Sending request to Setting Chamber Zones to a= 1.0, b= 0.25, c= 1.0, d= 0.25 with timeout of 5s...
27-11-2024 15:40:28 - INFO - Sending request to Setting Chamber Zones to a= 1.0, b= 0.25, c= 1.0, d= 0.25 with timeout of 5s...
27-11-2024 15:40:28 - INFO - Sending request to Setting Chamber Zones to a= 1.0, b= 0.25, c= 1.0, d= 0.25 with timeout of 5s...
27-11-2024 15:40:29 - INFO - Sending request to Setting Chamber Zones to a= 1.0, b= 0.25, c= 1.0, d= 0.25 with timeout of 5s...
27-11-2024 15:40:29 - INFO - Sending request to Setting Chamber Zones to a= 1.0, b= 0.25, c= 1.0, d= 0.25 with timeout of 5s...
27-11-2024 15:40:29 - INFO - Sending request to Setting Chamber Zones to a= 1.0, b= 0.25, c= 1.0, d= 0.25 with timeout of 5s...
27-11-2024 15:40:29 - INFO - Sending request to Setting Chamber Zones to a= 1.0, b= 0.25, c= 1.0, d= 0.25 with timeout of 5s...
27-11-2024 15:40:29 - INFO - Sending request to Setting Chamber Zones to a= 1.0, b= 0.25, c= 1.0, d= 0.25 with timeout of 5s...
27-11-2024 15:40:30 - INFO - Sending request to Setting Chamber Zones to a= 1.0, b= 0.25, c= 1.0, d= 0.25 with timeout of 5s...
27-11-2024 15:40:30 - INFO - Sending request to Setting Chamber Zones to a= 1.0, b= 0.25, c= 1.0, d= 0.25 with timeout of 5s...
27-11-2024 15:40:30 - INFO - Sending request to Setting Chamber Zones to a= 1.0, b= 0.25, c= 1.0, d= 0.25 with timeout of 5s...
27-11-2024 15:40:30 - INFO - Sending request to Setting Chamber Zones to a= 1.0, b= 0.25, c= 1.0, d= 0.25 with timeout of 5s...
27-11-2024 15:40:30 - INFO - Sending request to Setting Chamber Zones to a= 1.0, b= 0.25, c= 1.0, d= 0.25 with timeout of 5s...
27-11-2024 15:40:31 - INFO - Sending request to Setting Chamber Zones to a= 1.0, b= 0.25, c= 1.0, d= 0.25 with timeout of 5s...
27-11-2024 15:40:31 - INFO - Sending request to Setting Chamber Zones to a= 1.0, b= 0.25, c= 1.0, d= 0.25 with timeout of 5s...
27-11-2024 15:40:31 - INFO - Sending request to Setting Chamber Zones to a= 1.0, b= 0.25, c= 1.0, d= 0.25 with timeout of 5s...
27-11-2024 15:40:31 - INFO - Sending request to Setting Chamber Zones to a= 1.0, b= 0.25, c= 1.0, d= 0.25 with timeout of 5s...
27-11-2024 15:40:31 - INFO - Sending request to Setting Chamber Zones to a= 1.0, b= 0.25, c= 1.0, d= 0.25 with timeout of 5s...
27-11-2024 15:40:32 - INFO - Sending request to Setting Chamber Zones to a= 1.0, b= 0.25, c= 1.0, d= 0.25 with timeout of 5s...
27-11-2024 15:40:32 - INFO - Sending request to Setting Chamber Zones to a= 1.0, b= 0.25, c= 1.0, d= 0.25 with timeout of 5s...
27-11-2024 15:40:32 - INFO - Sending request to Setting Chamber Zones to a= 1.0, b= 0.25, c= 1.0, d= 0.25 with timeout of 5s...
27-11-2024 15:40:32 - INFO - Sending request to Setting Chamber Zones to a= 1.0, b= 0.25, c= 1.0, d= 0.25 with timeout of 5s...
27-11-2024 15:40:32 - INFO - Sending request to Setting Chamber Zones to a= 1.0, b= 0.25, c= 1.0, d= 0.25 with timeout of 5s...
27-11-2024 15:40:33 - INFO - Sending request to Setting Chamber Zones to a= 1.0, b= 0.25, c= 1.0, d= 0.25 with timeout of 5s...
27-11-2024 15:40:33 - INFO - Sending request to Setting Chamber Zones to a= 1.0, b= 0.25, c= 1.0, d= 0.25 with timeout of 5s...
27-11-2024 15:40:33 - INFO - Sending request to Setting Chamber Zones to a= 1.0, b= 0.25, c= 1.0, d= 0.25 with timeout of 5s...
27-11-2024 15:40:33 - INFO - Sending request to Setting Chamber Zones to a= 1.0, b= 0.25, c= 1.0, d= 0.25 with timeout of 5s...
27-11-2024 15:40:33 - INFO - Sending request to Setting Chamber Zones to a= 1.0, b= 0.25, c= 1.0, d= 0.25 with timeout of 5s...
27-11-2024 15:40:34 - INFO - Sending request to Setting Chamber Zones to a= 1.0, b= 0.25, c= 1.0, d= 0.25 with timeout of 5s...
27-11-2024 15:40:34 - INFO - Sending request to Setting Chamber Zones to a= 1.0, b= 0.25, c= 1.0, d= 0.25 with timeout of 5s...
27-11-2024 15:40:34 - INFO - Sending request to Setting Chamber Zones to a= 1.0, b= 0.25, c= 1.0, d= 0.25 with timeout of 5s...
27-11-2024 15:40:34 - INFO - Sending request to Setting Chamber Zones to a= 1.0, b= 0.25, c= 1.0, d= 0.25 with timeout of 5s...
27-11-2024 15:40:34 - INFO - Sending request to Setting Chamber Zones to a= 1.0, b= 0.25, c= 1.0, d= 0.25 with timeout of 5s...
27-11-2024 15:40:35 - INFO - Sending request to Setting Chamber Zones to a= 1.0, b= 0.25, c= 1.0, d= 0.25 with timeout of 5s...
27-11-2024 15:40:35 - INFO - Sending request to Setting Chamber Zones to a= 1.0, b= 0.25, c= 1.0, d= 0.25 with timeout of 5s...
27-11-2024 15:40:35 - INFO - Sending request to Setting Chamber Zones to a= 1.0, b= 0.25, c= 1.0, d= 0.25 with timeout of 5s...
27-11-2024 15:40:35 - INFO - Sending request to Setting Chamber Zones to a= 1.0, b= 0.25, c= 1.0, d= 0.25 with timeout of 5s...
27-11-2024 15:40:35 - INFO - Sending request to Setting Chamber Zones to a= 1.0, b= 0.25, c= 1.0, d= 0.25 with timeout of 5s...
27-11-2024 15:40:36 - INFO - Sending request to Setting Chamber Zones to a= 1.0, b= 0.25, c= 1.0, d= 0.25 with timeout of 5s...
27-11-2024 15:40:36 - INFO - Sending request to Setting Chamber Zones to a= 1.0, b= 0.25, c= 1.0, d= 0.25 with timeout of 5s...
27-11-2024 15:40:36 - INFO - Sending request to Setting Chamber Zones to a= 1.0, b= 0.25, c= 1.0, d= 0.25 with timeout of 5s...
27-11-2024 15:40:36 - INFO - Sending request to Setting Chamber Zones to a= 1.0, b= 0.25, c= 1.0, d= 0.25 with timeout of 5s...
27-11-2024 15:40:36 - INFO - Sending request to Setting Chamber Zones to a= 1.0, b= 0.25, c= 1.0, d= 0.25 with timeout of 5s...
27-11-2024 15:40:37 - INFO - Sending request to Setting Chamber Zones to a= 1.0, b= 0.25, c= 1.0, d= 0.25 with timeout of 5s...
27-11-2024 15:40:37 - INFO - Sending request to Setting Chamber Zones to a= 1.0, b= 0.25, c= 1.0, d= 0.25 with timeout of 5s...
27-11-2024 15:40:37 - INFO - Sending request to Setting Chamber Zones to a= 1.0, b= 0.25, c= 1.0, d= 0.25 with timeout of 5s...
27-11-2024 15:40:37 - INFO - Sending request to Setting Chamber Zones to a= 1.0, b= 0.25, c= 1.0, d= 0.25 with timeout of 5s...
27-11-2024 15:40:37 - INFO - Sending request to Setting Chamber Zones to a= 1.0, b= 0.25, c= 1.0, d= 0.25 with timeout of 5s...
27-11-2024 15:40:38 - INFO - Sending request to Setting Chamber Zones to a= 1.0, b= 0.25, c= 1.0, d= 0.25 with timeout of 5s...
27-11-2024 15:40:38 - INFO - Sending request to Setting Chamber Zones to a= 1.0, b= 0.25, c= 1.0, d= 0.25 with timeout of 5s...
27-11-2024 15:40:38 - INFO - Sending request to Setting Chamber Zones to a= 1.0, b= 0.25, c= 1.0, d= 0.25 with timeout of 5s...
27-11-2024 15:40:38 - INFO - Sending request to Setting Chamber Zones to a= 1.0, b= 0.25, c= 1.0, d= 0.25 with timeout of 5s...
27-11-2024 15:40:38 - INFO - Sending request to Setting Chamber Zones to a= 1.0, b= 0.25, c= 1.0, d= 0.25 with timeout of 5s...
27-11-2024 15:40:39 - INFO - Sending request to Setting Chamber Zones to a= 1.0, b= 0.25, c= 1.0, d= 0.25 with timeout of 5s...
27-11-2024 15:40:39 - INFO - Sending request to Setting Chamber Zones to a= 1.0, b= 0.25, c= 1.0, d= 0.25 with timeout of 5s...
27-11-2024 15:40:39 - INFO - Sending request to Setting Chamber Zones to a= 1.0, b= 0.25, c= 1.0, d= 0.25 with timeout of 5s...
27-11-2024 15:40:39 - INFO - Sending request to Setting Chamber Zones to a= 1.0, b= 0.25, c= 1.0, d= 0.25 with timeout of 5s...
27-11-2024 15:40:40 - INFO - Sending request to Setting Chamber Zones to a= 1.0, b= 0.25, c= 1.0, d= 0.25 with timeout of 5s...
27-11-2024 15:40:40 - INFO - Sending request to Setting Chamber Zones to a= 1.0, b= 0.25, c= 1.0, d= 0.25 with timeout of 5s...
27-11-2024 15:40:40 - INFO - Sending request to Setting Chamber Zones to a= 1.0, b= 0.25, c= 1.0, d= 0.25 with timeout of 5s...
27-11-2024 15:40:40 - INFO - Sending request to Setting Chamber Zones to a= 1.0, b= 0.25, c= 1.0, d= 0.25 with timeout of 5s...
27-11-2024 15:40:40 - INFO - Sending request to Setting Chamber Zones to a= 1.0, b= 0.25, c= 1.0, d= 0.25 with timeout of 5s...
27-11-2024 15:40:41 - INFO - Sending request to Setting Chamber Zones to a= 1.0, b= 0.25, c= 1.0, d= 0.25 with timeout of 5s...
27-11-2024 15:40:41 - INFO - Sending request to Setting Chamber Zones to a= 1.0, b= 0.25, c= 1.0, d= 0.25 with timeout of 5s...
27-11-2024 15:40:41 - INFO - Sending request to Setting Chamber Zones to a= 1.0, b= 0.25, c= 1.0, d= 0.25 with timeout of 5s...
27-11-2024 15:40:41 - INFO - Sending request to Setting Chamber Zones to a= 1.0, b= 0.25, c= 1.0, d= 0.25 with timeout of 5s...
27-11-2024 15:40:41 - INFO - Sending request to Setting Chamber Zones to a= 1.0, b= 0.25, c= 1.0, d= 0.25 with timeout of 5s...
27-11-2024 15:40:42 - INFO - Sending request to Setting Chamber Zones to a= 1.0, b= 0.25, c= 1.0, d= 0.25 with timeout of 5s...
27-11-2024 15:40:42 - INFO - Sending request to Setting Chamber Zones to a= 1.0, b= 0.25, c= 1.0, d= 0.25 with timeout of 5s...
27-11-2024 15:40:42 - INFO - Sending request to Setting Chamber Zones to a= 1.0, b= 0.25, c= 1.0, d= 0.25 with timeout of 5s...
27-11-2024 15:40:42 - INFO - Sending request to Setting Chamber Zones to a= 1.0, b= 0.25, c= 1.0, d= 0.25 with timeout of 5s...
27-11-2024 15:40:42 - INFO - Sending request to Setting Chamber Zones to a= 1.0, b= 0.25, c= 1.0, d= 0.25 with timeout of 5s...
27-11-2024 15:40:43 - INFO - Sending request to Setting Chamber Zones to a= 1.0, b= 0.25, c= 1.0, d= 0.25 with timeout of 5s...
27-11-2024 15:40:43 - INFO - Sending request to Setting Chamber Zones to a= 1.0, b= 0.25, c= 1.0, d= 0.25 with timeout of 5s...
27-11-2024 15:40:43 - INFO - Sending request to Setting Chamber Zones to a= 1.0, b= 0.25, c= 1.0, d= 0.25 with timeout of 5s...
27-11-2024 15:40:43 - INFO - Sending request to Setting Chamber Zones to a= 1.0, b= 0.25, c= 1.0, d= 0.25 with timeout of 5s...
27-11-2024 15:40:43 - INFO - Sending request to Setting Chamber Zones to a= 1.0, b= 0.25, c= 1.0, d= 0.25 with timeout of 5s...
27-11-2024 15:40:44 - INFO - Sending request to Setting Chamber Zones to a= 1.0, b= 0.25, c= 1.0, d= 0.25 with timeout of 5s...
27-11-2024 15:40:44 - INFO - Sending request to Setting Chamber Zones to a= 1.0, b= 0.25, c= 1.0, d= 0.25 with timeout of 5s...
27-11-2024 15:40:44 - INFO - Sending request to Setting Chamber Zones to a= 1.0, b= 0.25, c= 1.0, d= 0.25 with timeout of 5s...
27-11-2024 15:40:44 - INFO - Sending request to Setting Chamber Zones to a= 1.0, b= 0.25, c= 1.0, d= 0.25 with timeout of 5s...
27-11-2024 15:40:44 - INFO - Sending request to Setting Chamber Zones to a= 1.0, b= 0.25, c= 1.0, d= 0.25 with timeout of 5s...
27-11-2024 15:40:45 - INFO - Sending request to Setting Chamber Zones to a= 1.0, b= 0.25, c= 1.0, d= 0.25 with timeout of 5s...
27-11-2024 15:40:45 - INFO - Sending request to Setting Chamber Zones to a= 1.0, b= 0.25, c= 1.0, d= 0.25 with timeout of 5s...
27-11-2024 15:40:45 - INFO - Sending request to Setting Chamber Zones to a= 1.0, b= 0.25, c= 1.0, d= 0.25 with timeout of 5s...
27-11-2024 15:40:45 - INFO - Sending request to Setting Chamber Zones to a= 1.0, b= 0.25, c= 1.0, d= 0.25 with timeout of 5s...
27-11-2024 15:40:45 - INFO - Sending request to Setting Chamber Zones to a= 1.0, b= 0.25, c= 1.0, d= 0.25 with timeout of 5s...
27-11-2024 15:40:46 - INFO - Sending request to Setting Chamber Zones to a= 1.0, b= 0.25, c= 1.0, d= 0.25 with timeout of 5s...
27-11-2024 15:40:46 - INFO - Sending request to Setting Chamber Zones to a= 1.0, b= 0.25, c= 1.0, d= 0.25 with timeout of 5s...
27-11-2024 15:40:46 - INFO - Sending request to Setting Chamber Zones to a= 1.0, b= 0.25, c= 1.0, d= 0.25 with timeout of 5s...
27-11-2024 15:40:46 - INFO - Sending request to Setting Chamber Zones to a= 1.0, b= 0.25, c= 1.0, d= 0.25 with timeout of 5s...
27-11-2024 15:40:46 - INFO - Sending request to Setting Chamber Zones to a= 1.0, b= 0.25, c= 1.0, d= 0.25 with timeout of 5s...
27-11-2024 15:40:47 - INFO - Sending request to Setting Chamber Zones to a= 1.0, b= 0.25, c= 1.0, d= 0.25 with timeout of 5s...
27-11-2024 15:40:47 - INFO - Sending request to Setting Chamber Zones to a= 1.0, b= 0.25, c= 1.0, d= 0.25 with timeout of 5s...
27-11-2024 15:40:47 - INFO - Sending request to Setting Chamber Zones to a= 1.0, b= 0.25, c= 1.0, d= 0.25 with timeout of 5s...
27-11-2024 15:40:47 - INFO - Sending request to Setting Chamber Zones to a= 1.0, b= 0.25, c= 1.0, d= 0.25 with timeout of 5s...
27-11-2024 15:40:47 - INFO - Sending request to Setting Chamber Zones to a= 1.0, b= 0.25, c= 1.0, d= 0.25 with timeout of 5s...
27-11-2024 15:40:48 - INFO - Sending request to Setting Chamber Zones to a= 1.0, b= 0.25, c= 1.0, d= 0.25 with timeout of 5s...
27-11-2024 15:40:48 - INFO - Sending request to Setting Chamber Zones to a= 1.0, b= 0.25, c= 1.0, d= 0.25 with timeout of 5s...
27-11-2024 15:40:48 - INFO - Sending request to Setting Chamber Zones to a= 1.0, b= 0.25, c= 1.0, d= 0.25 with timeout of 5s...
27-11-2024 15:40:48 - INFO - Sending request to Setting Chamber Zones to a= 1.0, b= 0.25, c= 1.0, d= 0.25 with timeout of 5s...
27-11-2024 15:40:48 - INFO - Sending request to Setting Chamber Zones to a= 1.0, b= 0.25, c= 1.0, d= 0.25 with timeout of 5s...
27-11-2024 15:40:49 - INFO - Sending request to Setting Chamber Zones to a= 1.0, b= 0.25, c= 1.0, d= 0.25 with timeout of 5s...
27-11-2024 15:40:49 - INFO - Sending request to Setting Chamber Zones to a= 1.0, b= 0.25, c= 1.0, d= 0.25 with timeout of 5s...
27-11-2024 15:40:49 - INFO - Sending request to Setting Chamber Zones to a= 1.0, b= 0.25, c= 1.0, d= 0.25 with timeout of 5s...
27-11-2024 15:40:49 - INFO - Sending request to Homing Z axis - command 1/4 with timeout of 360s...
27-11-2024 15:40:49 - ERROR - E104: Error while executing Homing Z axis - command 1/4 
 502 Server Error: Bad Gateway for url: http://192.168.0.231/printer/gcode/script?script=G28+Z0
27-11-2024 15:40:49 - INFO - Sending request to Homing Z axis - command 2/4 with timeout of 360s...
27-11-2024 15:40:49 - ERROR - E104: Error while executing Homing Z axis - command 2/4 
 502 Server Error: Bad Gateway for url: http://192.168.0.231/printer/gcode/script?script=G90
27-11-2024 15:40:49 - INFO - Sending request to Homing Z axis - command 3/4 with timeout of 360s...
27-11-2024 15:40:49 - ERROR - E104: Error while executing Homing Z axis - command 3/4 
 502 Server Error: Bad Gateway for url: http://192.168.0.231/printer/gcode/script?script=G0+Z0
27-11-2024 15:40:49 - INFO - Sending request to Homing Z axis - command 4/4 with timeout of 360s...
27-11-2024 15:40:49 - ERROR - E104: Error while executing Homing Z axis - command 4/4 
 502 Server Error: Bad Gateway for url: http://192.168.0.231/printer/gcode/script?script=G91
27-11-2024 15:40:49 - INFO - Delay of 105 s
27-11-2024 15:40:49 - INFO - Sending request to Setting Chamber Zones to a= 1.0, b= 0.25, c= 1.0, d= 0.25 with timeout of 5s...
27-11-2024 15:40:49 - INFO - Sending request to Setting Chamber Zones to a= 1.0, b= 0.25, c= 1.0, d= 0.25 with timeout of 5s...
27-11-2024 15:40:50 - INFO - Sending request to Setting Chamber Zones to a= 1.0, b= 0.25, c= 1.0, d= 0.25 with timeout of 5s...
27-11-2024 15:40:50 - INFO - Sending request to Setting Chamber Zones to a= 1.0, b= 0.25, c= 1.0, d= 0.25 with timeout of 5s...
27-11-2024 15:40:50 - INFO - Sending request to Setting Chamber Zones to a= 1.0, b= 0.25, c= 1.0, d= 0.25 with timeout of 5s...
27-11-2024 15:40:50 - INFO - Sending request to Setting Chamber Zones to a= 1.0, b= 0.25, c= 1.0, d= 0.25 with timeout of 5s...
27-11-2024 15:40:50 - INFO - Sending request to Setting Chamber Zones to a= 1.0, b= 0.25, c= 1.0, d= 0.25 with timeout of 5s...
27-11-2024 15:40:51 - INFO - Sending request to Setting Chamber Zones to a= 1.0, b= 0.25, c= 1.0, d= 0.25 with timeout of 5s...
27-11-2024 15:40:51 - INFO - Sending request to Setting Chamber Zones to a= 1.0, b= 0.25, c= 1.0, d= 0.25 with timeout of 5s...
27-11-2024 15:40:51 - INFO - Sending request to Setting Chamber Zones to a= 1.0, b= 0.25, c= 1.0, d= 0.25 with timeout of 5s...
27-11-2024 15:40:51 - INFO - Sending request to Setting Chamber Zones to a= 1.0, b= 0.25, c= 1.0, d= 0.25 with timeout of 5s...
27-11-2024 15:40:51 - INFO - Sending request to Setting Chamber Zones to a= 1.0, b= 0.25, c= 1.0, d= 0.25 with timeout of 5s...
27-11-2024 15:40:52 - INFO - Sending request to Setting Chamber Zones to a= 1.0, b= 0.25, c= 1.0, d= 0.25 with timeout of 5s...
27-11-2024 15:40:52 - INFO - Sending request to Setting Chamber Zones to a= 1.0, b= 0.25, c= 1.0, d= 0.25 with timeout of 5s...
27-11-2024 15:40:52 - INFO - Sending request to Setting Chamber Zones to a= 1.0, b= 0.25, c= 1.0, d= 0.25 with timeout of 5s...
27-11-2024 15:40:52 - INFO - Sending request to Setting Chamber Zones to a= 1.0, b= 0.25, c= 1.0, d= 0.25 with timeout of 5s...
27-11-2024 15:40:52 - INFO - Sending request to Setting Chamber Zones to a= 1.0, b= 0.25, c= 1.0, d= 0.25 with timeout of 5s...
27-11-2024 15:40:53 - INFO - Sending request to Setting Chamber Zones to a= 1.0, b= 0.25, c= 1.0, d= 0.25 with timeout of 5s...
27-11-2024 15:40:53 - INFO - Sending request to Setting Chamber Zones to a= 1.0, b= 0.25, c= 1.0, d= 0.25 with timeout of 5s...
27-11-2024 15:40:53 - INFO - Sending request to Setting Chamber Zones to a= 1.0, b= 0.25, c= 1.0, d= 0.25 with timeout of 5s...
27-11-2024 15:40:53 - INFO - Sending request to Setting Chamber Zones to a= 1.0, b= 0.25, c= 1.0, d= 0.25 with timeout of 5s...
27-11-2024 15:40:53 - INFO - Sending request to Setting Chamber Zones to a= 1.0, b= 0.25, c= 1.0, d= 0.25 with timeout of 5s...
27-11-2024 15:40:54 - INFO - Sending request to Setting Chamber Zones to a= 1.0, b= 0.25, c= 1.0, d= 0.25 with timeout of 5s...
27-11-2024 15:40:54 - INFO - Sending request to Setting Chamber Zones to a= 1.0, b= 0.25, c= 1.0, d= 0.25 with timeout of 5s...
27-11-2024 15:40:54 - INFO - Sending request to Setting Chamber Zones to a= 1.0, b= 0.25, c= 1.0, d= 0.25 with timeout of 5s...
27-11-2024 15:40:54 - INFO - Sending request to Setting Chamber Zones to a= 1.0, b= 0.25, c= 1.0, d= 0.25 with timeout of 5s...
27-11-2024 15:40:54 - INFO - Sending request to Setting Chamber Zones to a= 1.0, b= 0.25, c= 1.0, d= 0.25 with timeout of 5s...
27-11-2024 15:40:55 - INFO - Sending request to Setting Chamber Zones to a= 1.0, b= 0.25, c= 1.0, d= 0.25 with timeout of 5s...
27-11-2024 15:40:55 - INFO - Sending request to Setting Chamber Zones to a= 1.0, b= 0.25, c= 1.0, d= 0.25 with timeout of 5s...
27-11-2024 15:40:55 - INFO - Sending request to Setting Chamber Zones to a= 1.0, b= 0.25, c= 1.0, d= 0.25 with timeout of 5s...
27-11-2024 15:40:55 - INFO - Sending request to Setting Chamber Zones to a= 1.0, b= 0.25, c= 1.0, d= 0.25 with timeout of 5s...
27-11-2024 15:40:55 - INFO - Sending request to Setting Chamber Zones to a= 1.0, b= 0.25, c= 1.0, d= 0.25 with timeout of 5s...
27-11-2024 15:40:56 - INFO - Sending request to Setting Chamber Zones to a= 1.0, b= 0.25, c= 1.0, d= 0.25 with timeout of 5s...
27-11-2024 15:40:56 - INFO - Sending request to Setting Chamber Zones to a= 1.0, b= 0.25, c= 1.0, d= 0.25 with timeout of 5s...
27-11-2024 15:40:56 - INFO - Sending request to Setting Chamber Zones to a= 1.0, b= 0.25, c= 1.0, d= 0.25 with timeout of 5s...
27-11-2024 15:40:56 - INFO - Sending request to Setting Chamber Zones to a= 1.0, b= 0.25, c= 1.0, d= 0.25 with timeout of 5s...
27-11-2024 15:40:56 - INFO - Sending request to Setting Chamber Zones to a= 1.0, b= 0.25, c= 1.0, d= 0.25 with timeout of 5s...
27-11-2024 15:40:57 - INFO - Sending request to Setting Chamber Zones to a= 1.0, b= 0.25, c= 1.0, d= 0.25 with timeout of 5s...
27-11-2024 15:40:57 - INFO - Sending request to Setting Chamber Zones to a= 1.0, b= 0.25, c= 1.0, d= 0.25 with timeout of 5s...
27-11-2024 15:40:57 - INFO - Sending request to Setting Chamber Zones to a= 1.0, b= 0.25, c= 1.0, d= 0.25 with timeout of 5s...
27-11-2024 15:40:57 - INFO - Sending request to Setting Chamber Zones to a= 1.0, b= 0.25, c= 1.0, d= 0.25 with timeout of 5s...
27-11-2024 15:40:57 - INFO - Sending request to Setting Chamber Zones to a= 1.0, b= 0.25, c= 1.0, d= 0.25 with timeout of 5s...
27-11-2024 15:40:58 - INFO - Sending request to Setting Chamber Zones to a= 1.0, b= 0.25, c= 1.0, d= 0.25 with timeout of 5s...
27-11-2024 15:40:58 - INFO - Sending request to Setting Chamber Zones to a= 1.0, b= 0.25, c= 1.0, d= 0.25 with timeout of 5s...
27-11-2024 15:40:58 - INFO - Sending request to Setting Chamber Zones to a= 1.0, b= 0.25, c= 1.0, d= 0.25 with timeout of 5s...
27-11-2024 15:40:58 - INFO - Sending request to Setting Chamber Zones to a= 1.0, b= 0.25, c= 1.0, d= 0.25 with timeout of 5s...
27-11-2024 15:40:58 - INFO - Sending request to Setting Chamber Zones to a= 1.0, b= 0.25, c= 1.0, d= 0.25 with timeout of 5s...
27-11-2024 15:40:59 - INFO - Sending request to Setting Chamber Zones to a= 1.0, b= 0.25, c= 1.0, d= 0.25 with timeout of 5s...
27-11-2024 15:40:59 - INFO - Sending request to Setting Chamber Zones to a= 1.0, b= 0.25, c= 1.0, d= 0.25 with timeout of 5s...
27-11-2024 15:40:59 - INFO - Sending request to Setting Chamber Zones to a= 1.0, b= 0.25, c= 1.0, d= 0.25 with timeout of 5s...
27-11-2024 15:40:59 - INFO - Sending request to Setting Chamber Zones to a= 1.0, b= 0.25, c= 1.0, d= 0.25 with timeout of 5s...
27-11-2024 15:40:59 - INFO - Sending request to Setting Chamber Zones to a= 1.0, b= 0.25, c= 1.0, d= 0.25 with timeout of 5s...
27-11-2024 15:41:00 - INFO - Sending request to Setting Chamber Zones to a= 1.0, b= 0.25, c= 1.0, d= 0.25 with timeout of 5s...
27-11-2024 15:41:00 - INFO - Sending request to Setting Chamber Zones to a= 1.0, b= 0.25, c= 1.0, d= 0.25 with timeout of 5s...
27-11-2024 15:41:00 - INFO - Sending request to Setting Chamber Zones to a= 1.0, b= 0.25, c= 1.0, d= 0.25 with timeout of 5s...
27-11-2024 15:41:00 - INFO - Sending request to Setting Chamber Zones to a= 1.0, b= 0.25, c= 1.0, d= 0.25 with timeout of 5s...
27-11-2024 15:41:00 - INFO - Sending request to Setting Chamber Zones to a= 1.0, b= 0.25, c= 1.0, d= 0.25 with timeout of 5s...
27-11-2024 15:41:01 - INFO - Sending request to Setting Chamber Zones to a= 1.0, b= 0.25, c= 1.0, d= 0.25 with timeout of 5s...
27-11-2024 15:41:01 - INFO - Sending request to Setting Chamber Zones to a= 1.0, b= 0.25, c= 1.0, d= 0.25 with timeout of 5s...
27-11-2024 15:41:01 - INFO - Sending request to Setting Chamber Zones to a= 1.0, b= 0.25, c= 1.0, d= 0.25 with timeout of 5s...
27-11-2024 15:41:01 - INFO - Sending request to Setting Chamber Zones to a= 1.0, b= 0.25, c= 1.0, d= 0.25 with timeout of 5s...
27-11-2024 15:41:01 - INFO - Sending request to Setting Chamber Zones to a= 1.0, b= 0.25, c= 1.0, d= 0.25 with timeout of 5s...
27-11-2024 15:41:02 - INFO - Sending request to Setting Chamber Zones to a= 1.0, b= 0.25, c= 1.0, d= 0.25 with timeout of 5s...
27-11-2024 15:41:02 - INFO - Sending request to Setting Chamber Zones to a= 1.0, b= 0.25, c= 1.0, d= 0.25 with timeout of 5s...
27-11-2024 15:41:02 - INFO - Sending request to Setting Chamber Zones to a= 1.0, b= 0.25, c= 1.0, d= 0.25 with timeout of 5s...
27-11-2024 15:41:02 - INFO - Sending request to Setting Chamber Zones to a= 1.0, b= 0.25, c= 1.0, d= 0.25 with timeout of 5s...
27-11-2024 15:41:02 - INFO - Sending request to Setting Chamber Zones to a= 1.0, b= 0.25, c= 1.0, d= 0.25 with timeout of 5s...
27-11-2024 15:41:03 - INFO - Sending request to Setting Chamber Zones to a= 1.0, b= 0.25, c= 1.0, d= 0.25 with timeout of 5s...
27-11-2024 15:41:03 - INFO - Sending request to Setting Chamber Zones to a= 1.0, b= 0.25, c= 1.0, d= 0.25 with timeout of 5s...
27-11-2024 15:41:03 - INFO - Sending request to Setting Chamber Zones to a= 1.0, b= 0.25, c= 1.0, d= 0.25 with timeout of 5s...
27-11-2024 15:41:03 - INFO - Sending request to Setting Chamber Zones to a= 1.0, b= 0.25, c= 1.0, d= 0.25 with timeout of 5s...
27-11-2024 15:41:03 - INFO - Sending request to Setting Chamber Zones to a= 1.0, b= 0.25, c= 1.0, d= 0.25 with timeout of 5s...
27-11-2024 15:41:04 - INFO - Sending request to Setting Chamber Zones to a= 1.0, b= 0.25, c= 1.0, d= 0.25 with timeout of 5s...
27-11-2024 15:41:04 - INFO - Sending request to Setting Chamber Zones to a= 1.0, b= 0.25, c= 1.0, d= 0.25 with timeout of 5s...
27-11-2024 15:41:04 - INFO - Sending request to Setting Chamber Zones to a= 1.0, b= 0.25, c= 1.0, d= 0.25 with timeout of 5s...
27-11-2024 15:41:04 - INFO - Sending request to Setting Chamber Zones to a= 1.0, b= 0.25, c= 1.0, d= 0.25 with timeout of 5s...
27-11-2024 15:41:04 - INFO - Sending request to Setting Chamber Zones to a= 1.0, b= 0.25, c= 1.0, d= 0.25 with timeout of 5s...
27-11-2024 15:41:05 - INFO - Sending request to Setting Chamber Zones to a= 1.0, b= 0.25, c= 1.0, d= 0.25 with timeout of 5s...
27-11-2024 15:41:05 - INFO - Sending request to Setting Chamber Zones to a= 1.0, b= 0.25, c= 1.0, d= 0.25 with timeout of 5s...
27-11-2024 15:41:05 - INFO - Sending request to Setting Chamber Zones to a= 1.0, b= 0.25, c= 1.0, d= 0.25 with timeout of 5s...
27-11-2024 15:41:05 - INFO - Sending request to Setting Chamber Zones to a= 1.0, b= 0.25, c= 1.0, d= 0.25 with timeout of 5s...
27-11-2024 15:41:05 - INFO - Sending request to Setting Chamber Zones to a= 1.0, b= 0.25, c= 1.0, d= 0.25 with timeout of 5s...
27-11-2024 15:41:06 - INFO - Sending request to Setting Chamber Zones to a= 1.0, b= 0.25, c= 1.0, d= 0.25 with timeout of 5s...
27-11-2024 15:41:06 - INFO - Sending request to Setting Chamber Zones to a= 1.0, b= 0.25, c= 1.0, d= 0.25 with timeout of 5s...
27-11-2024 15:41:06 - INFO - Sending request to Setting Chamber Zones to a= 1.0, b= 0.25, c= 1.0, d= 0.25 with timeout of 5s...
27-11-2024 15:41:06 - INFO - Sending request to Setting Chamber Zones to a= 1.0, b= 0.25, c= 1.0, d= 0.25 with timeout of 5s...
27-11-2024 15:41:06 - INFO - Sending request to Setting Chamber Zones to a= 1.0, b= 0.25, c= 1.0, d= 0.25 with timeout of 5s...
27-11-2024 15:41:07 - INFO - Sending request to Setting Chamber Zones to a= 1.0, b= 0.25, c= 1.0, d= 0.25 with timeout of 5s...
27-11-2024 15:41:07 - INFO - Sending request to Setting Chamber Zones to a= 1.0, b= 0.25, c= 1.0, d= 0.25 with timeout of 5s...
27-11-2024 15:41:07 - INFO - Sending request to Setting Chamber Zones to a= 1.0, b= 0.25, c= 1.0, d= 0.25 with timeout of 5s...
27-11-2024 15:41:07 - INFO - Sending request to Setting Chamber Zones to a= 1.0, b= 0.25, c= 1.0, d= 0.25 with timeout of 5s...
27-11-2024 15:41:07 - INFO - Sending request to Setting Chamber Zones to a= 1.0, b= 0.25, c= 1.0, d= 0.25 with timeout of 5s...
27-11-2024 15:41:08 - INFO - Sending request to Setting Chamber Zones to a= 1.0, b= 0.25, c= 1.0, d= 0.25 with timeout of 5s...
27-11-2024 15:41:08 - INFO - Sending request to Setting Chamber Zones to a= 1.0, b= 0.25, c= 1.0, d= 0.25 with timeout of 5s...
27-11-2024 15:41:08 - INFO - Sending request to Setting Chamber Zones to a= 1.0, b= 0.25, c= 1.0, d= 0.25 with timeout of 5s...
27-11-2024 15:41:08 - INFO - Sending request to Setting Chamber Zones to a= 1.0, b= 0.25, c= 1.0, d= 0.25 with timeout of 5s...
27-11-2024 15:41:08 - INFO - Sending request to Setting Chamber Zones to a= 1.0, b= 0.25, c= 1.0, d= 0.25 with timeout of 5s...
27-11-2024 15:41:09 - INFO - Sending request to Setting Chamber Zones to a= 1.0, b= 0.25, c= 1.0, d= 0.25 with timeout of 5s...
27-11-2024 15:41:09 - INFO - Sending request to Setting Chamber Zones to a= 1.0, b= 0.25, c= 1.0, d= 0.25 with timeout of 5s...
27-11-2024 15:41:09 - INFO - Sending request to Setting Chamber Zones to a= 1.0, b= 0.25, c= 1.0, d= 0.25 with timeout of 5s...
27-11-2024 15:41:09 - INFO - Sending request to Setting Chamber Zones to a= 1.0, b= 0.25, c= 1.0, d= 0.25 with timeout of 5s...
27-11-2024 15:41:09 - INFO - Sending request to Setting Chamber Zones to a= 1.0, b= 0.25, c= 1.0, d= 0.25 with timeout of 5s...
27-11-2024 15:41:10 - INFO - Sending request to Setting Chamber Zones to a= 1.0, b= 0.25, c= 1.0, d= 0.25 with timeout of 5s...
27-11-2024 15:41:10 - INFO - Sending request to Setting Chamber Zones to a= 1.0, b= 0.25, c= 1.0, d= 0.25 with timeout of 5s...
27-11-2024 15:41:10 - INFO - Sending request to Setting Chamber Zones to a= 1.0, b= 0.25, c= 1.0, d= 0.25 with timeout of 5s...
27-11-2024 15:41:10 - INFO - Sending request to Setting Chamber Zones to a= 1.0, b= 0.25, c= 1.0, d= 0.25 with timeout of 5s...
27-11-2024 15:41:10 - INFO - Sending request to Setting Chamber Zones to a= 1.0, b= 0.25, c= 1.0, d= 0.25 with timeout of 5s...
27-11-2024 15:41:11 - INFO - Sending request to Setting Chamber Zones to a= 1.0, b= 0.25, c= 1.0, d= 0.25 with timeout of 5s...
27-11-2024 15:41:11 - INFO - Sending request to Setting Chamber Zones to a= 1.0, b= 0.25, c= 1.0, d= 0.25 with timeout of 5s...
27-11-2024 15:41:11 - INFO - Sending request to Setting Chamber Zones to a= 1.0, b= 0.25, c= 1.0, d= 0.25 with timeout of 5s...
27-11-2024 15:41:11 - INFO - Sending request to Setting Chamber Zones to a= 1.0, b= 0.25, c= 1.0, d= 0.25 with timeout of 5s...
27-11-2024 15:41:11 - INFO - Sending request to Setting Chamber Zones to a= 1.0, b= 0.25, c= 1.0, d= 0.25 with timeout of 5s...
27-11-2024 15:41:12 - INFO - Sending request to Setting Chamber Zones to a= 1.0, b= 0.25, c= 1.0, d= 0.25 with timeout of 5s...
27-11-2024 15:41:12 - INFO - Sending request to Setting Chamber Zones to a= 1.0, b= 0.25, c= 1.0, d= 0.25 with timeout of 5s...
27-11-2024 15:41:12 - INFO - Sending request to Setting Chamber Zones to a= 1.0, b= 0.25, c= 1.0, d= 0.25 with timeout of 5s...
27-11-2024 15:41:12 - INFO - Sending request to Setting Chamber Zones to a= 1.0, b= 0.25, c= 1.0, d= 0.25 with timeout of 5s...
27-11-2024 15:41:12 - INFO - Sending request to Setting Chamber Zones to a= 1.0, b= 0.25, c= 1.0, d= 0.25 with timeout of 5s...
27-11-2024 15:41:13 - INFO - Sending request to Setting Chamber Zones to a= 1.0, b= 0.25, c= 1.0, d= 0.25 with timeout of 5s...
27-11-2024 15:41:13 - INFO - Sending request to Setting Chamber Zones to a= 1.0, b= 0.25, c= 1.0, d= 0.25 with timeout of 5s...
27-11-2024 15:41:13 - INFO - Sending request to Setting Chamber Zones to a= 1.0, b= 0.25, c= 1.0, d= 0.25 with timeout of 5s...
27-11-2024 15:41:13 - INFO - Sending request to Setting Chamber Zones to a= 1.0, b= 0.25, c= 1.0, d= 0.25 with timeout of 5s...
27-11-2024 15:41:13 - INFO - Sending request to Setting Chamber Zones to a= 1.0, b= 0.25, c= 1.0, d= 0.25 with timeout of 5s...
27-11-2024 15:41:14 - INFO - Sending request to Setting Chamber Zones to a= 1.0, b= 0.25, c= 1.0, d= 0.25 with timeout of 5s...
27-11-2024 15:41:14 - INFO - Sending request to Setting Chamber Zones to a= 1.0, b= 0.25, c= 1.0, d= 0.25 with timeout of 5s...
27-11-2024 15:41:14 - INFO - Sending request to Setting Chamber Zones to a= 1.0, b= 0.25, c= 1.0, d= 0.25 with timeout of 5s...
27-11-2024 15:41:14 - INFO - Sending request to Setting Chamber Zones to a= 1.0, b= 0.25, c= 1.0, d= 0.25 with timeout of 5s...
27-11-2024 15:41:14 - INFO - Sending request to Setting Chamber Zones to a= 1.0, b= 0.25, c= 1.0, d= 0.25 with timeout of 5s...
27-11-2024 15:41:15 - INFO - Sending request to Setting Chamber Zones to a= 1.0, b= 0.25, c= 1.0, d= 0.25 with timeout of 5s...
27-11-2024 15:41:15 - INFO - Sending request to Setting Chamber Zones to a= 1.0, b= 0.25, c= 1.0, d= 0.25 with timeout of 5s...
27-11-2024 15:41:15 - INFO - Sending request to Setting Chamber Zones to a= 1.0, b= 0.25, c= 1.0, d= 0.25 with timeout of 5s...
27-11-2024 15:41:15 - INFO - Sending request to Setting Chamber Zones to a= 1.0, b= 0.25, c= 1.0, d= 0.25 with timeout of 5s...
27-11-2024 15:41:15 - INFO - Sending request to Setting Chamber Zones to a= 1.0, b= 0.25, c= 1.0, d= 0.25 with timeout of 5s...
27-11-2024 15:41:16 - INFO - Sending request to Setting Chamber Zones to a= 1.0, b= 0.25, c= 1.0, d= 0.25 with timeout of 5s...
27-11-2024 15:41:16 - INFO - Sending request to Setting Chamber Zones to a= 1.0, b= 0.25, c= 1.0, d= 0.25 with timeout of 5s...
27-11-2024 15:41:16 - INFO - Sending request to Setting Chamber Zones to a= 1.0, b= 0.25, c= 1.0, d= 0.25 with timeout of 5s...
27-11-2024 15:41:16 - INFO - Sending request to Setting Chamber Zones to a= 1.0, b= 0.25, c= 1.0, d= 0.25 with timeout of 5s...
27-11-2024 15:41:17 - INFO - Sending request to Setting Chamber Zones to a= 1.0, b= 0.25, c= 1.0, d= 0.25 with timeout of 5s...
27-11-2024 15:41:17 - INFO - Sending request to Setting Chamber Zones to a= 1.0, b= 0.25, c= 1.0, d= 0.25 with timeout of 5s...
27-11-2024 15:41:17 - INFO - Sending request to Setting Chamber Zones to a= 1.0, b= 0.25, c= 1.0, d= 0.25 with timeout of 5s...
27-11-2024 15:41:17 - INFO - Sending request to Setting Chamber Zones to a= 1.0, b= 0.25, c= 1.0, d= 0.25 with timeout of 5s...
27-11-2024 15:41:17 - INFO - Sending request to Setting Chamber Zones to a= 1.0, b= 0.25, c= 1.0, d= 0.25 with timeout of 5s...
27-11-2024 15:41:18 - INFO - Sending request to Setting Chamber Zones to a= 1.0, b= 0.25, c= 1.0, d= 0.25 with timeout of 5s...
27-11-2024 15:41:18 - INFO - Sending request to Setting Chamber Zones to a= 1.0, b= 0.25, c= 1.0, d= 0.25 with timeout of 5s...
27-11-2024 15:41:18 - INFO - Sending request to Setting Chamber Zones to a= 1.0, b= 0.25, c= 1.0, d= 0.25 with timeout of 5s...
27-11-2024 15:41:18 - INFO - Sending request to Setting Chamber Zones to a= 1.0, b= 0.25, c= 1.0, d= 0.25 with timeout of 5s...
27-11-2024 15:41:18 - INFO - Sending request to Setting Chamber Zones to a= 1.0, b= 0.25, c= 1.0, d= 0.25 with timeout of 5s...
27-11-2024 15:41:19 - INFO - Sending request to Setting Chamber Zones to a= 1.0, b= 0.25, c= 1.0, d= 0.25 with timeout of 5s...
27-11-2024 15:41:19 - INFO - Sending request to Setting Chamber Zones to a= 1.0, b= 0.25, c= 1.0, d= 0.25 with timeout of 5s...
27-11-2024 15:41:19 - INFO - Sending request to Setting Chamber Zones to a= 1.0, b= 0.25, c= 1.0, d= 0.25 with timeout of 5s...
27-11-2024 15:41:19 - INFO - Sending request to Setting Chamber Zones to a= 1.0, b= 0.25, c= 1.0, d= 0.25 with timeout of 5s...
27-11-2024 15:41:19 - INFO - Sending request to Setting Chamber Zones to a= 1.0, b= 0.25, c= 1.0, d= 0.25 with timeout of 5s...
27-11-2024 15:41:20 - INFO - Sending request to Setting Chamber Zones to a= 1.0, b= 0.25, c= 1.0, d= 0.25 with timeout of 5s...
27-11-2024 15:41:20 - INFO - Sending request to Setting Chamber Zones to a= 1.0, b= 0.25, c= 1.0, d= 0.25 with timeout of 5s...
27-11-2024 15:41:20 - INFO - Sending request to Setting Chamber Zones to a= 1.0, b= 0.25, c= 1.0, d= 0.25 with timeout of 5s...
27-11-2024 15:41:20 - INFO - Sending request to Setting Chamber Zones to a= 1.0, b= 0.25, c= 1.0, d= 0.25 with timeout of 5s...
27-11-2024 15:41:20 - INFO - Sending request to Setting Chamber Zones to a= 1.0, b= 0.25, c= 1.0, d= 0.25 with timeout of 5s...
27-11-2024 15:41:21 - INFO - Sending request to Setting Chamber Zones to a= 1.0, b= 0.25, c= 1.0, d= 0.25 with timeout of 5s...
27-11-2024 15:41:21 - INFO - Sending request to Setting Chamber Zones to a= 1.0, b= 0.25, c= 1.0, d= 0.25 with timeout of 5s...
27-11-2024 15:41:21 - INFO - Sending request to Setting Chamber Zones to a= 1.0, b= 0.25, c= 1.0, d= 0.25 with timeout of 5s...
27-11-2024 15:41:21 - INFO - Sending request to Setting Chamber Zones to a= 1.0, b= 0.25, c= 1.0, d= 0.25 with timeout of 5s...
27-11-2024 15:41:21 - INFO - Sending request to Setting Chamber Zones to a= 1.0, b= 0.25, c= 1.0, d= 0.25 with timeout of 5s...
27-11-2024 15:41:22 - INFO - Sending request to Setting Chamber Zones to a= 1.0, b= 0.25, c= 1.0, d= 0.25 with timeout of 5s...
27-11-2024 15:41:22 - INFO - Sending request to Setting Chamber Zones to a= 1.0, b= 0.25, c= 1.0, d= 0.25 with timeout of 5s...
27-11-2024 15:41:22 - INFO - Sending request to Setting Chamber Zones to a= 1.0, b= 0.25, c= 1.0, d= 0.25 with timeout of 5s...
27-11-2024 15:41:22 - INFO - Sending request to Setting Chamber Zones to a= 1.0, b= 0.25, c= 1.0, d= 0.25 with timeout of 5s...
27-11-2024 15:41:22 - INFO - Sending request to Setting Chamber Zones to a= 1.0, b= 0.25, c= 1.0, d= 0.25 with timeout of 5s...
27-11-2024 15:41:23 - INFO - Sending request to Setting Chamber Zones to a= 1.0, b= 0.25, c= 1.0, d= 0.25 with timeout of 5s...
27-11-2024 15:41:23 - INFO - Sending request to Setting Chamber Zones to a= 1.0, b= 0.25, c= 1.0, d= 0.25 with timeout of 5s...
27-11-2024 15:41:23 - INFO - Sending request to Setting Chamber Zones to a= 1.0, b= 0.25, c= 1.0, d= 0.25 with timeout of 5s...
27-11-2024 15:41:23 - INFO - Sending request to Setting Chamber Zones to a= 1.0, b= 0.25, c= 1.0, d= 0.25 with timeout of 5s...
27-11-2024 15:41:23 - INFO - Sending request to Setting Chamber Zones to a= 1.0, b= 0.25, c= 1.0, d= 0.25 with timeout of 5s...
27-11-2024 15:41:24 - INFO - Sending request to Setting Chamber Zones to a= 1.0, b= 0.25, c= 1.0, d= 0.25 with timeout of 5s...
27-11-2024 15:41:24 - INFO - Sending request to Setting Chamber Zones to a= 1.0, b= 0.25, c= 1.0, d= 0.25 with timeout of 5s...
27-11-2024 15:41:24 - INFO - Sending request to Setting Chamber Zones to a= 1.0, b= 0.25, c= 1.0, d= 0.25 with timeout of 5s...
27-11-2024 15:41:24 - INFO - Sending request to Setting Chamber Zones to a= 1.0, b= 0.25, c= 1.0, d= 0.25 with timeout of 5s...
27-11-2024 15:41:24 - INFO - Sending request to Setting Chamber Zones to a= 1.0, b= 0.25, c= 1.0, d= 0.25 with timeout of 5s...
27-11-2024 15:41:25 - INFO - Sending request to Setting Chamber Zones to a= 1.0, b= 0.25, c= 1.0, d= 0.25 with timeout of 5s...
27-11-2024 15:41:25 - INFO - Sending request to Setting Chamber Zones to a= 1.0, b= 0.25, c= 1.0, d= 0.25 with timeout of 5s...
27-11-2024 15:41:25 - INFO - Sending request to Setting Chamber Zones to a= 1.0, b= 0.25, c= 1.0, d= 0.25 with timeout of 5s...
27-11-2024 15:41:25 - INFO - Sending request to Setting Chamber Zones to a= 1.0, b= 0.25, c= 1.0, d= 0.25 with timeout of 5s...
27-11-2024 15:41:25 - INFO - Sending request to Setting Chamber Zones to a= 1.0, b= 0.25, c= 1.0, d= 0.25 with timeout of 5s...
27-11-2024 15:41:26 - INFO - Sending request to Setting Chamber Zones to a= 1.0, b= 0.25, c= 1.0, d= 0.25 with timeout of 5s...
27-11-2024 15:41:26 - INFO - Sending request to Setting Chamber Zones to a= 1.0, b= 0.25, c= 1.0, d= 0.25 with timeout of 5s...
27-11-2024 15:41:26 - INFO - Sending request to Setting Chamber Zones to a= 1.0, b= 0.25, c= 1.0, d= 0.25 with timeout of 5s...
27-11-2024 15:41:26 - INFO - Sending request to Setting Chamber Zones to a= 1.0, b= 0.25, c= 1.0, d= 0.25 with timeout of 5s...
27-11-2024 15:41:26 - INFO - Sending request to Setting Chamber Zones to a= 1.0, b= 0.25, c= 1.0, d= 0.25 with timeout of 5s...
27-11-2024 15:41:27 - INFO - Sending request to Setting Chamber Zones to a= 1.0, b= 0.25, c= 1.0, d= 0.25 with timeout of 5s...
27-11-2024 15:41:27 - INFO - Sending request to Setting Chamber Zones to a= 1.0, b= 0.25, c= 1.0, d= 0.25 with timeout of 5s...
27-11-2024 15:41:27 - INFO - Sending request to Setting Chamber Zones to a= 1.0, b= 0.25, c= 1.0, d= 0.25 with timeout of 5s...
27-11-2024 15:41:27 - INFO - Sending request to Setting Chamber Zones to a= 1.0, b= 0.25, c= 1.0, d= 0.25 with timeout of 5s...
27-11-2024 15:41:27 - INFO - Sending request to Setting Chamber Zones to a= 1.0, b= 0.25, c= 1.0, d= 0.25 with timeout of 5s...
27-11-2024 15:41:28 - INFO - Sending request to Setting Chamber Zones to a= 1.0, b= 0.25, c= 1.0, d= 0.25 with timeout of 5s...
27-11-2024 15:41:28 - INFO - Sending request to Setting Chamber Zones to a= 1.0, b= 0.25, c= 1.0, d= 0.25 with timeout of 5s...
27-11-2024 15:41:28 - INFO - Sending request to Setting Chamber Zones to a= 1.0, b= 0.25, c= 1.0, d= 0.25 with timeout of 5s...
27-11-2024 15:41:28 - INFO - Sending request to Setting Chamber Zones to a= 1.0, b= 0.25, c= 1.0, d= 0.25 with timeout of 5s...
27-11-2024 15:41:28 - INFO - Sending request to Setting Chamber Zones to a= 1.0, b= 0.25, c= 1.0, d= 0.25 with timeout of 5s...
27-11-2024 15:41:29 - INFO - Sending request to Setting Chamber Zones to a= 1.0, b= 0.25, c= 1.0, d= 0.25 with timeout of 5s...
27-11-2024 15:41:29 - INFO - Sending request to Setting Chamber Zones to a= 1.0, b= 0.25, c= 1.0, d= 0.25 with timeout of 5s...
27-11-2024 15:41:29 - INFO - Sending request to Setting Chamber Zones to a= 1.0, b= 0.25, c= 1.0, d= 0.25 with timeout of 5s...
27-11-2024 15:41:29 - INFO - Sending request to Setting Chamber Zones to a= 1.0, b= 0.25, c= 1.0, d= 0.25 with timeout of 5s...
27-11-2024 15:41:29 - INFO - Sending request to Setting Chamber Zones to a= 1.0, b= 0.25, c= 1.0, d= 0.25 with timeout of 5s...
27-11-2024 15:41:30 - INFO - Sending request to Setting Chamber Zones to a= 1.0, b= 0.25, c= 1.0, d= 0.25 with timeout of 5s...
27-11-2024 15:41:30 - INFO - Sending request to Setting Chamber Zones to a= 1.0, b= 0.25, c= 1.0, d= 0.25 with timeout of 5s...
27-11-2024 15:41:30 - INFO - Sending request to Setting Chamber Zones to a= 1.0, b= 0.25, c= 1.0, d= 0.25 with timeout of 5s...
27-11-2024 15:41:30 - INFO - Sending request to Setting Chamber Zones to a= 1.0, b= 0.25, c= 1.0, d= 0.25 with timeout of 5s...
27-11-2024 15:41:30 - INFO - Sending request to Setting Chamber Zones to a= 1.0, b= 0.25, c= 1.0, d= 0.25 with timeout of 5s...
27-11-2024 15:41:31 - INFO - Sending request to Setting Chamber Zones to a= 1.0, b= 0.25, c= 1.0, d= 0.25 with timeout of 5s...
27-11-2024 15:41:31 - INFO - Sending request to Setting Chamber Zones to a= 1.0, b= 0.25, c= 1.0, d= 0.25 with timeout of 5s...
27-11-2024 15:41:31 - INFO - Sending request to Setting Chamber Zones to a= 1.0, b= 0.25, c= 1.0, d= 0.25 with timeout of 5s...
27-11-2024 15:41:31 - INFO - Sending request to Setting Chamber Zones to a= 1.0, b= 0.25, c= 1.0, d= 0.25 with timeout of 5s...
27-11-2024 15:41:31 - INFO - Sending request to Setting Chamber Zones to a= 1.0, b= 0.25, c= 1.0, d= 0.25 with timeout of 5s...
27-11-2024 15:41:32 - INFO - Sending request to Setting Chamber Zones to a= 1.0, b= 0.25, c= 1.0, d= 0.25 with timeout of 5s...
27-11-2024 15:41:32 - INFO - Sending request to Setting Chamber Zones to a= 1.0, b= 0.25, c= 1.0, d= 0.25 with timeout of 5s...
27-11-2024 15:41:32 - INFO - Sending request to Setting Chamber Zones to a= 1.0, b= 0.25, c= 1.0, d= 0.25 with timeout of 5s...
27-11-2024 15:41:32 - INFO - Sending request to Setting Chamber Zones to a= 1.0, b= 0.25, c= 1.0, d= 0.25 with timeout of 5s...
27-11-2024 15:41:32 - INFO - Sending request to Setting Chamber Zones to a= 1.0, b= 0.25, c= 1.0, d= 0.25 with timeout of 5s...
27-11-2024 15:41:33 - INFO - Sending request to Setting Chamber Zones to a= 1.0, b= 0.25, c= 1.0, d= 0.25 with timeout of 5s...
27-11-2024 15:41:33 - INFO - Sending request to Setting Chamber Zones to a= 1.0, b= 0.25, c= 1.0, d= 0.25 with timeout of 5s...
27-11-2024 15:41:33 - INFO - Sending request to Setting Chamber Zones to a= 1.0, b= 0.25, c= 1.0, d= 0.25 with timeout of 5s...
27-11-2024 15:41:33 - INFO - Sending request to Setting Chamber Zones to a= 1.0, b= 0.25, c= 1.0, d= 0.25 with timeout of 5s...
27-11-2024 15:41:33 - INFO - Sending request to Setting Chamber Zones to a= 1.0, b= 0.25, c= 1.0, d= 0.25 with timeout of 5s...
27-11-2024 15:41:34 - INFO - Sending request to Setting Chamber Zones to a= 1.0, b= 0.25, c= 1.0, d= 0.25 with timeout of 5s...
27-11-2024 15:41:34 - INFO - Sending request to Setting Chamber Zones to a= 1.0, b= 0.25, c= 1.0, d= 0.25 with timeout of 5s...
27-11-2024 15:41:34 - INFO - Sending request to Setting Chamber Zones to a= 1.0, b= 0.25, c= 1.0, d= 0.25 with timeout of 5s...
27-11-2024 15:41:34 - INFO - Sending request to Setting Chamber Zones to a= 1.0, b= 0.25, c= 1.0, d= 0.25 with timeout of 5s...
27-11-2024 15:41:34 - INFO - Sending request to Setting Chamber Zones to a= 1.0, b= 0.25, c= 1.0, d= 0.25 with timeout of 5s...
27-11-2024 15:41:35 - INFO - Sending request to Setting Chamber Zones to a= 1.0, b= 0.25, c= 1.0, d= 0.25 with timeout of 5s...
27-11-2024 15:41:35 - INFO - Sending request to Setting Chamber Zones to a= 1.0, b= 0.25, c= 1.0, d= 0.25 with timeout of 5s...
27-11-2024 15:41:35 - INFO - Sending request to Setting Chamber Zones to a= 1.0, b= 0.25, c= 1.0, d= 0.25 with timeout of 5s...
27-11-2024 15:41:35 - INFO - Sending request to Setting Chamber Zones to a= 1.0, b= 0.25, c= 1.0, d= 0.25 with timeout of 5s...
27-11-2024 15:41:35 - INFO - Sending request to Setting Chamber Zones to a= 1.0, b= 0.25, c= 1.0, d= 0.25 with timeout of 5s...
27-11-2024 15:41:36 - INFO - Sending request to Setting Chamber Zones to a= 1.0, b= 0.25, c= 1.0, d= 0.25 with timeout of 5s...
27-11-2024 15:41:36 - INFO - Sending request to Setting Chamber Zones to a= 1.0, b= 0.25, c= 1.0, d= 0.25 with timeout of 5s...
27-11-2024 15:41:36 - INFO - Sending request to Setting Chamber Zones to a= 1.0, b= 0.25, c= 1.0, d= 0.25 with timeout of 5s...
27-11-2024 15:41:36 - INFO - Sending request to Setting Chamber Zones to a= 1.0, b= 0.25, c= 1.0, d= 0.25 with timeout of 5s...
27-11-2024 15:41:36 - INFO - Sending request to Setting Chamber Zones to a= 1.0, b= 0.25, c= 1.0, d= 0.25 with timeout of 5s...
27-11-2024 15:41:37 - INFO - Sending request to Setting Chamber Zones to a= 1.0, b= 0.25, c= 1.0, d= 0.25 with timeout of 5s...
27-11-2024 15:41:37 - INFO - Sending request to Setting Chamber Zones to a= 1.0, b= 0.25, c= 1.0, d= 0.25 with timeout of 5s...
27-11-2024 15:41:37 - INFO - Sending request to Setting Chamber Zones to a= 1.0, b= 0.25, c= 1.0, d= 0.25 with timeout of 5s...
27-11-2024 15:41:37 - INFO - Sending request to Setting Chamber Zones to a= 1.0, b= 0.25, c= 1.0, d= 0.25 with timeout of 5s...
27-11-2024 15:41:37 - INFO - Sending request to Setting Chamber Zones to a= 1.0, b= 0.25, c= 1.0, d= 0.25 with timeout of 5s...
27-11-2024 15:41:38 - INFO - Sending request to Setting Chamber Zones to a= 1.0, b= 0.25, c= 1.0, d= 0.25 with timeout of 5s...
27-11-2024 15:41:38 - INFO - Sending request to Setting Chamber Zones to a= 1.0, b= 0.25, c= 1.0, d= 0.25 with timeout of 5s...
27-11-2024 15:41:38 - INFO - Sending request to Setting Chamber Zones to a= 1.0, b= 0.25, c= 1.0, d= 0.25 with timeout of 5s...
27-11-2024 15:41:38 - INFO - Sending request to Setting Chamber Zones to a= 1.0, b= 0.25, c= 1.0, d= 0.25 with timeout of 5s...
27-11-2024 15:41:38 - INFO - Sending request to Setting Chamber Zones to a= 1.0, b= 0.25, c= 1.0, d= 0.25 with timeout of 5s...
27-11-2024 15:41:39 - INFO - Sending request to Setting Chamber Zones to a= 1.0, b= 0.25, c= 1.0, d= 0.25 with timeout of 5s...
27-11-2024 15:41:39 - INFO - Sending request to Setting Chamber Zones to a= 1.0, b= 0.25, c= 1.0, d= 0.25 with timeout of 5s...
27-11-2024 15:41:39 - INFO - Sending request to Setting Chamber Zones to a= 1.0, b= 0.25, c= 1.0, d= 0.25 with timeout of 5s...
27-11-2024 15:41:39 - INFO - Sending request to Setting Chamber Zones to a= 1.0, b= 0.25, c= 1.0, d= 0.25 with timeout of 5s...
27-11-2024 15:41:39 - INFO - Sending request to Setting Chamber Zones to a= 1.0, b= 0.25, c= 1.0, d= 0.25 with timeout of 5s...
27-11-2024 15:41:40 - INFO - Sending request to Setting Chamber Zones to a= 1.0, b= 0.25, c= 1.0, d= 0.25 with timeout of 5s...
27-11-2024 15:41:40 - INFO - Sending request to Setting Chamber Zones to a= 1.0, b= 0.25, c= 1.0, d= 0.25 with timeout of 5s...
27-11-2024 15:41:40 - INFO - Sending request to Setting Chamber Zones to a= 1.0, b= 0.25, c= 1.0, d= 0.25 with timeout of 5s...
27-11-2024 15:41:40 - INFO - Sending request to Setting Chamber Zones to a= 1.0, b= 0.25, c= 1.0, d= 0.25 with timeout of 5s...
27-11-2024 15:41:40 - INFO - Sending request to Setting Chamber Zones to a= 1.0, b= 0.25, c= 1.0, d= 0.25 with timeout of 5s...
27-11-2024 15:41:41 - INFO - Sending request to Setting Chamber Zones to a= 1.0, b= 0.25, c= 1.0, d= 0.25 with timeout of 5s...
27-11-2024 15:41:41 - INFO - Sending request to Setting Chamber Zones to a= 1.0, b= 0.25, c= 1.0, d= 0.25 with timeout of 5s...
27-11-2024 15:41:41 - INFO - Sending request to Setting Chamber Zones to a= 1.0, b= 0.25, c= 1.0, d= 0.25 with timeout of 5s...
27-11-2024 15:41:41 - INFO - Sending request to Setting Chamber Zones to a= 1.0, b= 0.25, c= 1.0, d= 0.25 with timeout of 5s...
27-11-2024 15:41:41 - INFO - Sending request to Setting Chamber Zones to a= 1.0, b= 0.25, c= 1.0, d= 0.25 with timeout of 5s...
27-11-2024 15:41:42 - INFO - Sending request to Setting Chamber Zones to a= 1.0, b= 0.25, c= 1.0, d= 0.25 with timeout of 5s...
27-11-2024 15:41:42 - INFO - Sending request to Setting Chamber Zones to a= 1.0, b= 0.25, c= 1.0, d= 0.25 with timeout of 5s...
27-11-2024 15:41:42 - INFO - Sending request to Setting Chamber Zones to a= 1.0, b= 0.25, c= 1.0, d= 0.25 with timeout of 5s...
27-11-2024 15:41:42 - INFO - Sending request to Setting Chamber Zones to a= 1.0, b= 0.25, c= 1.0, d= 0.25 with timeout of 5s...
27-11-2024 15:41:42 - INFO - Sending request to Setting Chamber Zones to a= 1.0, b= 0.25, c= 1.0, d= 0.25 with timeout of 5s...
27-11-2024 15:41:43 - INFO - Sending request to Setting Chamber Zones to a= 1.0, b= 0.25, c= 1.0, d= 0.25 with timeout of 5s...
27-11-2024 15:41:43 - INFO - Sending request to Setting Chamber Zones to a= 1.0, b= 0.25, c= 1.0, d= 0.25 with timeout of 5s...
27-11-2024 15:41:43 - INFO - Sending request to Setting Chamber Zones to a= 1.0, b= 0.25, c= 1.0, d= 0.25 with timeout of 5s...
27-11-2024 15:41:43 - INFO - Sending request to Setting Chamber Zones to a= 1.0, b= 0.25, c= 1.0, d= 0.25 with timeout of 5s...
27-11-2024 15:41:43 - INFO - Sending request to Setting Chamber Zones to a= 1.0, b= 0.25, c= 1.0, d= 0.25 with timeout of 5s...
27-11-2024 15:41:44 - INFO - Sending request to Setting Chamber Zones to a= 1.0, b= 0.25, c= 1.0, d= 0.25 with timeout of 5s...
27-11-2024 15:41:44 - INFO - Sending request to Setting Chamber Zones to a= 1.0, b= 0.25, c= 1.0, d= 0.25 with timeout of 5s...
27-11-2024 15:41:44 - INFO - Sending request to Setting Chamber Zones to a= 1.0, b= 0.25, c= 1.0, d= 0.25 with timeout of 5s...
27-11-2024 15:41:44 - INFO - Sending request to Setting Chamber Zones to a= 1.0, b= 0.25, c= 1.0, d= 0.25 with timeout of 5s...
27-11-2024 15:41:44 - INFO - Sending request to Setting Chamber Zones to a= 1.0, b= 0.25, c= 1.0, d= 0.25 with timeout of 5s...
27-11-2024 15:41:45 - INFO - Sending request to Setting Chamber Zones to a= 1.0, b= 0.25, c= 1.0, d= 0.25 with timeout of 5s...
27-11-2024 15:41:45 - INFO - Sending request to Setting Chamber Zones to a= 1.0, b= 0.25, c= 1.0, d= 0.25 with timeout of 5s...
27-11-2024 15:41:45 - INFO - Sending request to Setting Chamber Zones to a= 1.0, b= 0.25, c= 1.0, d= 0.25 with timeout of 5s...
27-11-2024 15:41:45 - INFO - Sending request to Setting Chamber Zones to a= 1.0, b= 0.25, c= 1.0, d= 0.25 with timeout of 5s...
27-11-2024 15:41:45 - INFO - Sending request to Setting Chamber Zones to a= 1.0, b= 0.25, c= 1.0, d= 0.25 with timeout of 5s...
27-11-2024 15:41:46 - INFO - Sending request to Setting Chamber Zones to a= 1.0, b= 0.25, c= 1.0, d= 0.25 with timeout of 5s...
27-11-2024 15:41:46 - INFO - Sending request to Setting Chamber Zones to a= 1.0, b= 0.25, c= 1.0, d= 0.25 with timeout of 5s...
27-11-2024 15:41:46 - INFO - Sending request to Setting Chamber Zones to a= 1.0, b= 0.25, c= 1.0, d= 0.25 with timeout of 5s...
27-11-2024 15:41:46 - INFO - Sending request to Setting Chamber Zones to a= 1.0, b= 0.25, c= 1.0, d= 0.25 with timeout of 5s...
27-11-2024 15:41:46 - INFO - Sending request to Setting Chamber Zones to a= 1.0, b= 0.25, c= 1.0, d= 0.25 with timeout of 5s...
27-11-2024 15:41:47 - INFO - Sending request to Setting Chamber Zones to a= 1.0, b= 0.25, c= 1.0, d= 0.25 with timeout of 5s...
27-11-2024 15:41:47 - INFO - Sending request to Setting Chamber Zones to a= 1.0, b= 0.25, c= 1.0, d= 0.25 with timeout of 5s...
27-11-2024 15:41:47 - INFO - Sending request to Setting Chamber Zones to a= 1.0, b= 0.25, c= 1.0, d= 0.25 with timeout of 5s...
27-11-2024 15:41:47 - INFO - Sending request to Setting Chamber Zones to a= 1.0, b= 0.25, c= 1.0, d= 0.25 with timeout of 5s...
27-11-2024 15:41:47 - INFO - Sending request to Setting Chamber Zones to a= 1.0, b= 0.25, c= 1.0, d= 0.25 with timeout of 5s...
27-11-2024 15:41:48 - INFO - Sending request to Setting Chamber Zones to a= 1.0, b= 0.25, c= 1.0, d= 0.25 with timeout of 5s...
27-11-2024 15:41:48 - INFO - Sending request to Setting Chamber Zones to a= 1.0, b= 0.25, c= 1.0, d= 0.25 with timeout of 5s...
27-11-2024 15:41:48 - INFO - Sending request to Setting Chamber Zones to a= 1.0, b= 0.25, c= 1.0, d= 0.25 with timeout of 5s...
27-11-2024 15:41:48 - INFO - Sending request to Setting Chamber Zones to a= 1.0, b= 0.25, c= 1.0, d= 0.25 with timeout of 5s...
27-11-2024 15:41:48 - INFO - Sending request to Setting Chamber Zones to a= 1.0, b= 0.25, c= 1.0, d= 0.25 with timeout of 5s...
27-11-2024 15:41:49 - INFO - Sending request to Setting Chamber Zones to a= 1.0, b= 0.25, c= 1.0, d= 0.25 with timeout of 5s...
27-11-2024 15:41:49 - INFO - Sending request to Setting Chamber Zones to a= 1.0, b= 0.25, c= 1.0, d= 0.25 with timeout of 5s...
27-11-2024 15:41:49 - INFO - Sending request to Setting Chamber Zones to a= 1.0, b= 0.25, c= 1.0, d= 0.25 with timeout of 5s...
27-11-2024 15:41:49 - INFO - Sending request to Setting Chamber Zones to a= 1.0, b= 0.25, c= 1.0, d= 0.25 with timeout of 5s...
27-11-2024 15:41:49 - INFO - Sending request to Setting Chamber Zones to a= 1.0, b= 0.25, c= 1.0, d= 0.25 with timeout of 5s...
27-11-2024 15:41:50 - INFO - Sending request to Setting Chamber Zones to a= 1.0, b= 0.25, c= 1.0, d= 0.25 with timeout of 5s...
27-11-2024 15:41:50 - INFO - Sending request to Setting Chamber Zones to a= 1.0, b= 0.25, c= 1.0, d= 0.25 with timeout of 5s...
27-11-2024 15:41:50 - INFO - Sending request to Setting Chamber Zones to a= 1.0, b= 0.25, c= 1.0, d= 0.25 with timeout of 5s...
27-11-2024 15:41:50 - INFO - Sending request to Setting Chamber Zones to a= 1.0, b= 0.25, c= 1.0, d= 0.25 with timeout of 5s...
27-11-2024 15:41:50 - INFO - Sending request to Setting Chamber Zones to a= 1.0, b= 0.25, c= 1.0, d= 0.25 with timeout of 5s...
27-11-2024 15:41:51 - INFO - Sending request to Setting Chamber Zones to a= 1.0, b= 0.25, c= 1.0, d= 0.25 with timeout of 5s...
27-11-2024 15:41:51 - INFO - Sending request to Setting Chamber Zones to a= 1.0, b= 0.25, c= 1.0, d= 0.25 with timeout of 5s...
27-11-2024 15:41:51 - INFO - Sending request to Setting Chamber Zones to a= 1.0, b= 0.25, c= 1.0, d= 0.25 with timeout of 5s...
27-11-2024 15:41:51 - INFO - Sending request to Setting Chamber Zones to a= 1.0, b= 0.25, c= 1.0, d= 0.25 with timeout of 5s...
27-11-2024 15:41:51 - INFO - Sending request to Setting Chamber Zones to a= 1.0, b= 0.25, c= 1.0, d= 0.25 with timeout of 5s...
27-11-2024 15:41:52 - INFO - Sending request to Setting Chamber Zones to a= 1.0, b= 0.25, c= 1.0, d= 0.25 with timeout of 5s...
27-11-2024 15:41:52 - INFO - Sending request to Setting Chamber Zones to a= 1.0, b= 0.25, c= 1.0, d= 0.25 with timeout of 5s...
27-11-2024 15:41:52 - INFO - Sending request to Setting Chamber Zones to a= 1.0, b= 0.25, c= 1.0, d= 0.25 with timeout of 5s...
27-11-2024 15:41:52 - INFO - Sending request to Setting Chamber Zones to a= 1.0, b= 0.25, c= 1.0, d= 0.25 with timeout of 5s...
27-11-2024 15:41:52 - INFO - Sending request to Setting Chamber Zones to a= 1.0, b= 0.25, c= 1.0, d= 0.25 with timeout of 5s...
27-11-2024 15:41:53 - INFO - Sending request to Setting Chamber Zones to a= 1.0, b= 0.25, c= 1.0, d= 0.25 with timeout of 5s...
27-11-2024 15:41:53 - INFO - Sending request to Setting Chamber Zones to a= 1.0, b= 0.25, c= 1.0, d= 0.25 with timeout of 5s...
27-11-2024 15:41:53 - INFO - Sending request to Setting Chamber Zones to a= 1.0, b= 0.25, c= 1.0, d= 0.25 with timeout of 5s...
27-11-2024 15:41:53 - INFO - Sending request to Setting Chamber Zones to a= 1.0, b= 0.25, c= 1.0, d= 0.25 with timeout of 5s...
27-11-2024 15:41:53 - INFO - Sending request to Setting Chamber Zones to a= 1.0, b= 0.25, c= 1.0, d= 0.25 with timeout of 5s...
27-11-2024 15:41:54 - INFO - Sending request to Setting Chamber Zones to a= 1.0, b= 0.25, c= 1.0, d= 0.25 with timeout of 5s...
27-11-2024 15:41:54 - INFO - Sending request to Setting Chamber Zones to a= 1.0, b= 0.25, c= 1.0, d= 0.25 with timeout of 5s...
27-11-2024 15:41:54 - INFO - Sending request to Setting Chamber Zones to a= 1.0, b= 0.25, c= 1.0, d= 0.25 with timeout of 5s...
27-11-2024 15:41:54 - INFO - Sending request to Setting Chamber Zones to a= 1.0, b= 0.25, c= 1.0, d= 0.25 with timeout of 5s...
27-11-2024 15:41:54 - INFO - Sending request to Setting Chamber Zones to a= 1.0, b= 0.25, c= 1.0, d= 0.25 with timeout of 5s...
27-11-2024 15:41:55 - INFO - Sending request to Setting Chamber Zones to a= 1.0, b= 0.25, c= 1.0, d= 0.25 with timeout of 5s...
27-11-2024 15:41:55 - INFO - Sending request to Setting Chamber Zones to a= 1.0, b= 0.25, c= 1.0, d= 0.25 with timeout of 5s...
27-11-2024 15:41:55 - INFO - Sending request to Setting Chamber Zones to a= 1.0, b= 0.25, c= 1.0, d= 0.25 with timeout of 5s...
27-11-2024 15:41:55 - INFO - Sending request to Setting Chamber Zones to a= 1.0, b= 0.25, c= 1.0, d= 0.25 with timeout of 5s...
27-11-2024 15:41:56 - INFO - Sending request to Setting Chamber Zones to a= 1.0, b= 0.25, c= 1.0, d= 0.25 with timeout of 5s...
27-11-2024 15:41:56 - INFO - Sending request to Setting Chamber Zones to a= 1.0, b= 0.25, c= 1.0, d= 0.25 with timeout of 5s...
27-11-2024 15:41:56 - INFO - Sending request to Setting Chamber Zones to a= 1.0, b= 0.25, c= 1.0, d= 0.25 with timeout of 5s...
27-11-2024 15:41:56 - INFO - Sending request to Setting Chamber Zones to a= 1.0, b= 0.25, c= 1.0, d= 0.25 with timeout of 5s...
27-11-2024 15:41:56 - INFO - Sending request to Setting Chamber Zones to a= 1.0, b= 0.25, c= 1.0, d= 0.25 with timeout of 5s...
27-11-2024 15:41:57 - INFO - Sending request to Setting Chamber Zones to a= 1.0, b= 0.25, c= 1.0, d= 0.25 with timeout of 5s...
27-11-2024 15:41:57 - INFO - Sending request to Setting Chamber Zones to a= 1.0, b= 0.25, c= 1.0, d= 0.25 with timeout of 5s...
27-11-2024 15:41:57 - INFO - Sending request to Setting Chamber Zones to a= 1.0, b= 0.25, c= 1.0, d= 0.25 with timeout of 5s...
27-11-2024 15:41:57 - INFO - Sending request to Setting Chamber Zones to a= 1.0, b= 0.25, c= 1.0, d= 0.25 with timeout of 5s...
27-11-2024 15:41:57 - INFO - Sending request to Setting Chamber Zones to a= 1.0, b= 0.25, c= 1.0, d= 0.25 with timeout of 5s...
27-11-2024 15:41:58 - INFO - Sending request to Setting Chamber Zones to a= 1.0, b= 0.25, c= 1.0, d= 0.25 with timeout of 5s...
27-11-2024 15:41:58 - INFO - Sending request to Setting Chamber Zones to a= 1.0, b= 0.25, c= 1.0, d= 0.25 with timeout of 5s...
27-11-2024 15:41:58 - INFO - Sending request to Setting Chamber Zones to a= 1.0, b= 0.25, c= 1.0, d= 0.25 with timeout of 5s...
27-11-2024 15:41:58 - INFO - Sending request to Setting Chamber Zones to a= 1.0, b= 0.25, c= 1.0, d= 0.25 with timeout of 5s...
27-11-2024 15:41:58 - INFO - Sending request to Setting Chamber Zones to a= 1.0, b= 0.25, c= 1.0, d= 0.25 with timeout of 5s...
27-11-2024 15:41:59 - INFO - Sending request to Setting Chamber Zones to a= 1.0, b= 0.25, c= 1.0, d= 0.25 with timeout of 5s...
27-11-2024 15:41:59 - INFO - Sending request to Setting Chamber Zones to a= 1.0, b= 0.25, c= 1.0, d= 0.25 with timeout of 5s...
27-11-2024 15:41:59 - INFO - Sending request to Setting Chamber Zones to a= 1.0, b= 0.25, c= 1.0, d= 0.25 with timeout of 5s...
27-11-2024 15:41:59 - INFO - Sending request to Setting Chamber Zones to a= 1.0, b= 0.25, c= 1.0, d= 0.25 with timeout of 5s...
27-11-2024 15:41:59 - INFO - Sending request to Setting Chamber Zones to a= 1.0, b= 0.25, c= 1.0, d= 0.25 with timeout of 5s...
27-11-2024 15:42:00 - INFO - Sending request to Setting Chamber Zones to a= 1.0, b= 0.25, c= 1.0, d= 0.25 with timeout of 5s...
27-11-2024 15:42:00 - INFO - Sending request to Setting Chamber Zones to a= 1.0, b= 0.25, c= 1.0, d= 0.25 with timeout of 5s...
27-11-2024 15:42:00 - INFO - Sending request to Setting Chamber Zones to a= 1.0, b= 0.25, c= 1.0, d= 0.25 with timeout of 5s...
27-11-2024 15:42:00 - INFO - Sending request to Setting Chamber Zones to a= 1.0, b= 0.25, c= 1.0, d= 0.25 with timeout of 5s...
27-11-2024 15:42:00 - INFO - Sending request to Setting Chamber Zones to a= 1.0, b= 0.25, c= 1.0, d= 0.25 with timeout of 5s...
27-11-2024 15:42:01 - INFO - Sending request to Setting Chamber Zones to a= 1.0, b= 0.25, c= 1.0, d= 0.25 with timeout of 5s...
27-11-2024 15:42:01 - INFO - Sending request to Setting Chamber Zones to a= 1.0, b= 0.25, c= 1.0, d= 0.25 with timeout of 5s...
27-11-2024 15:42:01 - INFO - Sending request to Setting Chamber Zones to a= 1.0, b= 0.25, c= 1.0, d= 0.25 with timeout of 5s...
27-11-2024 15:42:01 - INFO - Sending request to Setting Chamber Zones to a= 1.0, b= 0.25, c= 1.0, d= 0.25 with timeout of 5s...
27-11-2024 15:42:01 - INFO - Sending request to Setting Chamber Zones to a= 1.0, b= 0.25, c= 1.0, d= 0.25 with timeout of 5s...
27-11-2024 15:42:02 - INFO - Sending request to Setting Chamber Zones to a= 1.0, b= 0.25, c= 1.0, d= 0.25 with timeout of 5s...
27-11-2024 15:42:02 - INFO - Sending request to Setting Chamber Zones to a= 1.0, b= 0.25, c= 1.0, d= 0.25 with timeout of 5s...
27-11-2024 15:42:02 - INFO - Sending request to Setting Chamber Zones to a= 1.0, b= 0.25, c= 1.0, d= 0.25 with timeout of 5s...
27-11-2024 15:42:02 - INFO - Sending request to Setting Chamber Zones to a= 1.0, b= 0.25, c= 1.0, d= 0.25 with timeout of 5s...
27-11-2024 15:42:02 - INFO - Sending request to Setting Chamber Zones to a= 1.0, b= 0.25, c= 1.0, d= 0.25 with timeout of 5s...
27-11-2024 15:42:03 - INFO - Sending request to Setting Chamber Zones to a= 1.0, b= 0.25, c= 1.0, d= 0.25 with timeout of 5s...
27-11-2024 15:42:03 - INFO - Sending request to Setting Chamber Zones to a= 1.0, b= 0.25, c= 1.0, d= 0.25 with timeout of 5s...
27-11-2024 15:42:03 - INFO - Sending request to Setting Chamber Zones to a= 1.0, b= 0.25, c= 1.0, d= 0.25 with timeout of 5s...
27-11-2024 15:42:03 - INFO - Sending request to Setting Chamber Zones to a= 1.0, b= 0.25, c= 1.0, d= 0.25 with timeout of 5s...
27-11-2024 15:42:03 - INFO - Sending request to Setting Chamber Zones to a= 1.0, b= 0.25, c= 1.0, d= 0.25 with timeout of 5s...
27-11-2024 15:42:04 - INFO - Sending request to Setting Chamber Zones to a= 1.0, b= 0.25, c= 1.0, d= 0.25 with timeout of 5s...
27-11-2024 15:42:04 - INFO - Sending request to Setting Chamber Zones to a= 1.0, b= 0.25, c= 1.0, d= 0.25 with timeout of 5s...
27-11-2024 15:42:04 - INFO - Sending request to Setting Chamber Zones to a= 1.0, b= 0.25, c= 1.0, d= 0.25 with timeout of 5s...
27-11-2024 15:42:04 - INFO - Sending request to Setting Chamber Zones to a= 1.0, b= 0.25, c= 1.0, d= 0.25 with timeout of 5s...
27-11-2024 15:42:04 - INFO - Sending request to Setting Chamber Zones to a= 1.0, b= 0.25, c= 1.0, d= 0.25 with timeout of 5s...
27-11-2024 15:42:05 - INFO - Sending request to Setting Chamber Zones to a= 1.0, b= 0.25, c= 1.0, d= 0.25 with timeout of 5s...
27-11-2024 15:42:05 - INFO - Sending request to Setting Chamber Zones to a= 1.0, b= 0.25, c= 1.0, d= 0.25 with timeout of 5s...
27-11-2024 15:42:05 - INFO - Sending request to Setting Chamber Zones to a= 1.0, b= 0.25, c= 1.0, d= 0.25 with timeout of 5s...
27-11-2024 15:42:05 - INFO - Sending request to Setting Chamber Zones to a= 1.0, b= 0.25, c= 1.0, d= 0.25 with timeout of 5s...
27-11-2024 15:42:05 - INFO - Sending request to Setting Chamber Zones to a= 1.0, b= 0.25, c= 1.0, d= 0.25 with timeout of 5s...
27-11-2024 15:42:06 - INFO - Sending request to Setting Chamber Zones to a= 1.0, b= 0.25, c= 1.0, d= 0.25 with timeout of 5s...
27-11-2024 15:42:06 - INFO - Sending request to Setting Chamber Zones to a= 1.0, b= 0.25, c= 1.0, d= 0.25 with timeout of 5s...
27-11-2024 15:42:06 - INFO - Sending request to Setting Chamber Zones to a= 1.0, b= 0.25, c= 1.0, d= 0.25 with timeout of 5s...
27-11-2024 15:42:06 - INFO - Sending request to Setting Chamber Zones to a= 1.0, b= 0.25, c= 1.0, d= 0.25 with timeout of 5s...
27-11-2024 15:42:06 - INFO - Sending request to Setting Chamber Zones to a= 1.0, b= 0.25, c= 1.0, d= 0.25 with timeout of 5s...
27-11-2024 15:42:07 - INFO - Sending request to Setting Chamber Zones to a= 1.0, b= 0.25, c= 1.0, d= 0.25 with timeout of 5s...
27-11-2024 15:42:07 - INFO - Sending request to Setting Chamber Zones to a= 1.0, b= 0.25, c= 1.0, d= 0.25 with timeout of 5s...
27-11-2024 15:42:07 - INFO - Sending request to Setting Chamber Zones to a= 1.0, b= 0.25, c= 1.0, d= 0.25 with timeout of 5s...
27-11-2024 15:42:07 - INFO - Sending request to Setting Chamber Zones to a= 1.0, b= 0.25, c= 1.0, d= 0.25 with timeout of 5s...
27-11-2024 15:42:07 - INFO - Sending request to Setting Chamber Zones to a= 1.0, b= 0.25, c= 1.0, d= 0.25 with timeout of 5s...
27-11-2024 15:42:08 - INFO - Sending request to Setting Chamber Zones to a= 1.0, b= 0.25, c= 1.0, d= 0.25 with timeout of 5s...
27-11-2024 15:42:08 - INFO - Sending request to Setting Chamber Zones to a= 1.0, b= 0.25, c= 1.0, d= 0.25 with timeout of 5s...
27-11-2024 15:42:08 - INFO - Sending request to Setting Chamber Zones to a= 1.0, b= 0.25, c= 1.0, d= 0.25 with timeout of 5s...
27-11-2024 15:42:08 - INFO - Sending request to Setting Chamber Zones to a= 1.0, b= 0.25, c= 1.0, d= 0.25 with timeout of 5s...
27-11-2024 15:42:08 - INFO - Sending request to Setting Chamber Zones to a= 1.0, b= 0.25, c= 1.0, d= 0.25 with timeout of 5s...
27-11-2024 15:42:09 - INFO - Sending request to Setting Chamber Zones to a= 1.0, b= 0.25, c= 1.0, d= 0.25 with timeout of 5s...
27-11-2024 15:42:09 - INFO - Sending request to Setting Chamber Zones to a= 1.0, b= 0.25, c= 1.0, d= 0.25 with timeout of 5s...
27-11-2024 15:42:09 - INFO - Sending request to Setting Chamber Zones to a= 1.0, b= 0.25, c= 1.0, d= 0.25 with timeout of 5s...
27-11-2024 15:42:09 - INFO - Sending request to Setting Chamber Zones to a= 1.0, b= 0.25, c= 1.0, d= 0.25 with timeout of 5s...
27-11-2024 15:42:09 - INFO - Sending request to Setting Chamber Zones to a= 1.0, b= 0.25, c= 1.0, d= 0.25 with timeout of 5s...
27-11-2024 15:42:10 - INFO - Sending request to Setting Chamber Zones to a= 1.0, b= 0.25, c= 1.0, d= 0.25 with timeout of 5s...
27-11-2024 15:42:10 - INFO - Sending request to Setting Chamber Zones to a= 1.0, b= 0.25, c= 1.0, d= 0.25 with timeout of 5s...
27-11-2024 15:42:10 - INFO - Sending request to Setting Chamber Zones to a= 1.0, b= 0.25, c= 1.0, d= 0.25 with timeout of 5s...
27-11-2024 15:42:10 - INFO - Sending request to Setting Chamber Zones to a= 1.0, b= 0.25, c= 1.0, d= 0.25 with timeout of 5s...
27-11-2024 15:42:10 - INFO - Sending request to Setting Chamber Zones to a= 1.0, b= 0.25, c= 1.0, d= 0.25 with timeout of 5s...
27-11-2024 15:42:11 - INFO - Sending request to Setting Chamber Zones to a= 1.0, b= 0.25, c= 1.0, d= 0.25 with timeout of 5s...
27-11-2024 15:42:11 - INFO - Sending request to Setting Chamber Zones to a= 1.0, b= 0.25, c= 1.0, d= 0.25 with timeout of 5s...
27-11-2024 15:42:11 - INFO - Sending request to Setting Chamber Zones to a= 1.0, b= 0.25, c= 1.0, d= 0.25 with timeout of 5s...
27-11-2024 15:42:11 - INFO - Sending request to Setting Chamber Zones to a= 1.0, b= 0.25, c= 1.0, d= 0.25 with timeout of 5s...
27-11-2024 15:42:11 - INFO - Sending request to Setting Chamber Zones to a= 1.0, b= 0.25, c= 1.0, d= 0.25 with timeout of 5s...
27-11-2024 15:42:12 - INFO - Sending request to Setting Chamber Zones to a= 1.0, b= 0.25, c= 1.0, d= 0.25 with timeout of 5s...
27-11-2024 15:42:12 - INFO - Sending request to Setting Chamber Zones to a= 1.0, b= 0.25, c= 1.0, d= 0.25 with timeout of 5s...
27-11-2024 15:42:12 - INFO - Sending request to Setting Chamber Zones to a= 1.0, b= 0.25, c= 1.0, d= 0.25 with timeout of 5s...
27-11-2024 15:42:12 - INFO - Sending request to Setting Chamber Zones to a= 1.0, b= 0.25, c= 1.0, d= 0.25 with timeout of 5s...
27-11-2024 15:42:12 - INFO - Sending request to Setting Chamber Zones to a= 1.0, b= 0.25, c= 1.0, d= 0.25 with timeout of 5s...
27-11-2024 15:42:13 - INFO - Sending request to Setting Chamber Zones to a= 1.0, b= 0.25, c= 1.0, d= 0.25 with timeout of 5s...
27-11-2024 15:42:13 - INFO - Sending request to Setting Chamber Zones to a= 1.0, b= 0.25, c= 1.0, d= 0.25 with timeout of 5s...
27-11-2024 15:42:13 - INFO - Sending request to Setting Chamber Zones to a= 1.0, b= 0.25, c= 1.0, d= 0.25 with timeout of 5s...
27-11-2024 15:42:13 - INFO - Sending request to Setting Chamber Zones to a= 1.0, b= 0.25, c= 1.0, d= 0.25 with timeout of 5s...
27-11-2024 15:42:13 - INFO - Sending request to Setting Chamber Zones to a= 1.0, b= 0.25, c= 1.0, d= 0.25 with timeout of 5s...
27-11-2024 15:42:14 - INFO - Sending request to Setting Chamber Zones to a= 1.0, b= 0.25, c= 1.0, d= 0.25 with timeout of 5s...
27-11-2024 15:42:14 - INFO - Sending request to Setting Chamber Zones to a= 1.0, b= 0.25, c= 1.0, d= 0.25 with timeout of 5s...
27-11-2024 15:42:14 - INFO - Sending request to Setting Chamber Zones to a= 1.0, b= 0.25, c= 1.0, d= 0.25 with timeout of 5s...
27-11-2024 15:42:14 - INFO - Sending request to Setting Chamber Zones to a= 1.0, b= 0.25, c= 1.0, d= 0.25 with timeout of 5s...
27-11-2024 15:42:14 - INFO - Sending request to Setting Chamber Zones to a= 1.0, b= 0.25, c= 1.0, d= 0.25 with timeout of 5s...
27-11-2024 15:42:15 - INFO - Sending request to Setting Chamber Zones to a= 1.0, b= 0.25, c= 1.0, d= 0.25 with timeout of 5s...
27-11-2024 15:42:15 - INFO - Sending request to Setting Chamber Zones to a= 1.0, b= 0.25, c= 1.0, d= 0.25 with timeout of 5s...
27-11-2024 15:42:15 - INFO - Sending request to Setting Chamber Zones to a= 1.0, b= 0.25, c= 1.0, d= 0.25 with timeout of 5s...
27-11-2024 15:42:15 - INFO - Sending request to Setting Chamber Zones to a= 1.0, b= 0.25, c= 1.0, d= 0.25 with timeout of 5s...
27-11-2024 15:42:15 - INFO - Sending request to Setting Chamber Zones to a= 1.0, b= 0.25, c= 1.0, d= 0.25 with timeout of 5s...
27-11-2024 15:42:16 - INFO - Sending request to Setting Chamber Zones to a= 1.0, b= 0.25, c= 1.0, d= 0.25 with timeout of 5s...
27-11-2024 15:42:16 - INFO - Sending request to Setting Chamber Zones to a= 1.0, b= 0.25, c= 1.0, d= 0.25 with timeout of 5s...
27-11-2024 15:42:16 - INFO - Sending request to Setting Chamber Zones to a= 1.0, b= 0.25, c= 1.0, d= 0.25 with timeout of 5s...
27-11-2024 15:42:16 - INFO - Sending request to Setting Chamber Zones to a= 1.0, b= 0.25, c= 1.0, d= 0.25 with timeout of 5s...
27-11-2024 15:42:16 - INFO - Sending request to Setting Chamber Zones to a= 1.0, b= 0.25, c= 1.0, d= 0.25 with timeout of 5s...
27-11-2024 15:42:17 - INFO - Sending request to Setting Chamber Zones to a= 1.0, b= 0.25, c= 1.0, d= 0.25 with timeout of 5s...
27-11-2024 15:42:17 - INFO - Sending request to Setting Chamber Zones to a= 1.0, b= 0.25, c= 1.0, d= 0.25 with timeout of 5s...
27-11-2024 15:42:17 - INFO - Sending request to Setting Chamber Zones to a= 1.0, b= 0.25, c= 1.0, d= 0.25 with timeout of 5s...
27-11-2024 15:42:17 - INFO - Sending request to Setting Chamber Zones to a= 1.0, b= 0.25, c= 1.0, d= 0.25 with timeout of 5s...
27-11-2024 15:42:17 - INFO - Sending request to Setting Chamber Zones to a= 1.0, b= 0.25, c= 1.0, d= 0.25 with timeout of 5s...
27-11-2024 15:42:18 - INFO - Sending request to Setting Chamber Zones to a= 1.0, b= 0.25, c= 1.0, d= 0.25 with timeout of 5s...
27-11-2024 15:42:18 - INFO - Sending request to Setting Chamber Zones to a= 1.0, b= 0.25, c= 1.0, d= 0.25 with timeout of 5s...
27-11-2024 15:42:18 - INFO - Sending request to Setting Chamber Zones to a= 1.0, b= 0.25, c= 1.0, d= 0.25 with timeout of 5s...
27-11-2024 15:42:18 - INFO - Sending request to Setting Chamber Zones to a= 1.0, b= 0.25, c= 1.0, d= 0.25 with timeout of 5s...
27-11-2024 15:42:18 - INFO - Sending request to Setting Chamber Zones to a= 1.0, b= 0.25, c= 1.0, d= 0.25 with timeout of 5s...
27-11-2024 15:42:19 - INFO - Sending request to Setting Chamber Zones to a= 1.0, b= 0.25, c= 1.0, d= 0.25 with timeout of 5s...
27-11-2024 15:42:19 - INFO - Sending request to Setting Chamber Zones to a= 1.0, b= 0.25, c= 1.0, d= 0.25 with timeout of 5s...
27-11-2024 15:42:19 - INFO - Sending request to Setting Chamber Zones to a= 1.0, b= 0.25, c= 1.0, d= 0.25 with timeout of 5s...
27-11-2024 15:42:19 - INFO - Sending request to Setting Chamber Zones to a= 1.0, b= 0.25, c= 1.0, d= 0.25 with timeout of 5s...
27-11-2024 15:42:19 - INFO - Sending request to Setting Chamber Zones to a= 1.0, b= 0.25, c= 1.0, d= 0.25 with timeout of 5s...
27-11-2024 15:42:20 - INFO - Sending request to Setting Chamber Zones to a= 1.0, b= 0.25, c= 1.0, d= 0.25 with timeout of 5s...
27-11-2024 15:42:20 - INFO - Sending request to Setting Chamber Zones to a= 1.0, b= 0.25, c= 1.0, d= 0.25 with timeout of 5s...
27-11-2024 15:42:20 - INFO - Sending request to Setting Chamber Zones to a= 1.0, b= 0.25, c= 1.0, d= 0.25 with timeout of 5s...
27-11-2024 15:42:20 - INFO - Sending request to Setting Chamber Zones to a= 1.0, b= 0.25, c= 1.0, d= 0.25 with timeout of 5s...
27-11-2024 15:42:20 - INFO - Sending request to Setting Chamber Zones to a= 1.0, b= 0.25, c= 1.0, d= 0.25 with timeout of 5s...
27-11-2024 15:42:21 - INFO - Sending request to Setting Chamber Zones to a= 1.0, b= 0.25, c= 1.0, d= 0.25 with timeout of 5s...
27-11-2024 15:42:21 - INFO - Sending request to Setting Chamber Zones to a= 1.0, b= 0.25, c= 1.0, d= 0.25 with timeout of 5s...
27-11-2024 15:42:21 - INFO - Sending request to Setting Chamber Zones to a= 1.0, b= 0.25, c= 1.0, d= 0.25 with timeout of 5s...
27-11-2024 15:42:21 - INFO - Sending request to Setting Chamber Zones to a= 1.0, b= 0.25, c= 1.0, d= 0.25 with timeout of 5s...
27-11-2024 15:42:21 - INFO - Sending request to Setting Chamber Zones to a= 1.0, b= 0.25, c= 1.0, d= 0.25 with timeout of 5s...
27-11-2024 15:42:22 - INFO - Sending request to Setting Chamber Zones to a= 1.0, b= 0.25, c= 1.0, d= 0.25 with timeout of 5s...
27-11-2024 15:42:22 - INFO - Sending request to Setting Chamber Zones to a= 1.0, b= 0.25, c= 1.0, d= 0.25 with timeout of 5s...
27-11-2024 15:42:22 - INFO - Sending request to Setting Chamber Zones to a= 1.0, b= 0.25, c= 1.0, d= 0.25 with timeout of 5s...
27-11-2024 15:42:22 - INFO - Sending request to Setting Chamber Zones to a= 1.0, b= 0.25, c= 1.0, d= 0.25 with timeout of 5s...
27-11-2024 15:42:22 - INFO - Sending request to Setting Chamber Zones to a= 1.0, b= 0.25, c= 1.0, d= 0.25 with timeout of 5s...
27-11-2024 15:42:23 - INFO - Sending request to Setting Chamber Zones to a= 1.0, b= 0.25, c= 1.0, d= 0.25 with timeout of 5s...
27-11-2024 15:42:23 - INFO - Sending request to Setting Chamber Zones to a= 1.0, b= 0.25, c= 1.0, d= 0.25 with timeout of 5s...
27-11-2024 15:42:23 - INFO - Sending request to Setting Chamber Zones to a= 1.0, b= 0.25, c= 1.0, d= 0.25 with timeout of 5s...
27-11-2024 15:42:23 - INFO - Sending request to Setting Chamber Zones to a= 1.0, b= 0.25, c= 1.0, d= 0.25 with timeout of 5s...
27-11-2024 15:42:23 - INFO - Sending request to Setting Chamber Zones to a= 1.0, b= 0.25, c= 1.0, d= 0.25 with timeout of 5s...
27-11-2024 15:42:24 - INFO - Sending request to Setting Chamber Zones to a= 1.0, b= 0.25, c= 1.0, d= 0.25 with timeout of 5s...
27-11-2024 15:42:24 - INFO - Sending request to Setting Chamber Zones to a= 1.0, b= 0.25, c= 1.0, d= 0.25 with timeout of 5s...
27-11-2024 15:42:24 - INFO - Sending request to Setting Chamber Zones to a= 1.0, b= 0.25, c= 1.0, d= 0.25 with timeout of 5s...
27-11-2024 15:42:24 - INFO - Sending request to Setting Chamber Zones to a= 1.0, b= 0.25, c= 1.0, d= 0.25 with timeout of 5s...
27-11-2024 15:42:24 - INFO - Sending request to Setting Chamber Zones to a= 1.0, b= 0.25, c= 1.0, d= 0.25 with timeout of 5s...
27-11-2024 15:42:25 - INFO - Sending request to Setting Chamber Zones to a= 1.0, b= 0.25, c= 1.0, d= 0.25 with timeout of 5s...
27-11-2024 15:42:25 - INFO - Sending request to Setting Chamber Zones to a= 1.0, b= 0.25, c= 1.0, d= 0.25 with timeout of 5s...
27-11-2024 15:42:25 - INFO - Sending request to Setting Chamber Zones to a= 1.0, b= 0.25, c= 1.0, d= 0.25 with timeout of 5s...
27-11-2024 15:42:25 - INFO - Sending request to Setting Chamber Zones to a= 1.0, b= 0.25, c= 1.0, d= 0.25 with timeout of 5s...
27-11-2024 15:42:25 - INFO - Sending request to Setting Chamber Zones to a= 1.0, b= 0.25, c= 1.0, d= 0.25 with timeout of 5s...
27-11-2024 15:42:26 - INFO - Sending request to Setting Chamber Zones to a= 1.0, b= 0.25, c= 1.0, d= 0.25 with timeout of 5s...
27-11-2024 15:42:26 - INFO - Sending request to Setting Chamber Zones to a= 1.0, b= 0.25, c= 1.0, d= 0.25 with timeout of 5s...
27-11-2024 15:42:26 - INFO - Sending request to Setting Chamber Zones to a= 1.0, b= 0.25, c= 1.0, d= 0.25 with timeout of 5s...
27-11-2024 15:42:26 - INFO - Sending request to Setting Chamber Zones to a= 1.0, b= 0.25, c= 1.0, d= 0.25 with timeout of 5s...
27-11-2024 15:42:26 - INFO - Sending request to Setting Chamber Zones to a= 1.0, b= 0.25, c= 1.0, d= 0.25 with timeout of 5s...
27-11-2024 15:42:27 - INFO - Sending request to Setting Chamber Zones to a= 1.0, b= 0.25, c= 1.0, d= 0.25 with timeout of 5s...
27-11-2024 15:42:27 - INFO - Sending request to Setting Chamber Zones to a= 1.0, b= 0.25, c= 1.0, d= 0.25 with timeout of 5s...
27-11-2024 15:42:27 - INFO - Sending request to Setting Chamber Zones to a= 1.0, b= 0.25, c= 1.0, d= 0.25 with timeout of 5s...
27-11-2024 15:42:27 - INFO - Sending request to Setting Chamber Zones to a= 1.0, b= 0.25, c= 1.0, d= 0.25 with timeout of 5s...
27-11-2024 15:42:27 - INFO - Sending request to Setting Chamber Zones to a= 1.0, b= 0.25, c= 1.0, d= 0.25 with timeout of 5s...
27-11-2024 15:42:28 - INFO - Sending request to Setting Chamber Zones to a= 1.0, b= 0.25, c= 1.0, d= 0.25 with timeout of 5s...
27-11-2024 15:42:28 - INFO - Sending request to Setting Chamber Zones to a= 1.0, b= 0.25, c= 1.0, d= 0.25 with timeout of 5s...
27-11-2024 15:42:28 - INFO - Sending request to Setting Chamber Zones to a= 1.0, b= 0.25, c= 1.0, d= 0.25 with timeout of 5s...
27-11-2024 15:42:28 - INFO - Sending request to Setting Chamber Zones to a= 1.0, b= 0.25, c= 1.0, d= 0.25 with timeout of 5s...
27-11-2024 15:42:28 - INFO - Sending request to Setting Chamber Zones to a= 1.0, b= 0.25, c= 1.0, d= 0.25 with timeout of 5s...
27-11-2024 15:42:29 - INFO - Sending request to Setting Chamber Zones to a= 1.0, b= 0.25, c= 1.0, d= 0.25 with timeout of 5s...
27-11-2024 15:42:29 - INFO - Sending request to Setting Chamber Zones to a= 1.0, b= 0.25, c= 1.0, d= 0.25 with timeout of 5s...
27-11-2024 15:42:29 - INFO - Sending request to Setting Chamber Zones to a= 1.0, b= 0.25, c= 1.0, d= 0.25 with timeout of 5s...
27-11-2024 15:42:29 - INFO - Sending request to Setting Chamber Zones to a= 1.0, b= 0.25, c= 1.0, d= 0.25 with timeout of 5s...
27-11-2024 15:42:29 - INFO - Sending request to Setting Chamber Zones to a= 1.0, b= 0.25, c= 1.0, d= 0.25 with timeout of 5s...
27-11-2024 15:42:30 - INFO - Sending request to Setting Chamber Zones to a= 1.0, b= 0.25, c= 1.0, d= 0.25 with timeout of 5s...
27-11-2024 15:42:30 - INFO - Sending request to Setting Chamber Zones to a= 1.0, b= 0.25, c= 1.0, d= 0.25 with timeout of 5s...
27-11-2024 15:42:30 - INFO - Sending request to Setting Chamber Zones to a= 1.0, b= 0.25, c= 1.0, d= 0.25 with timeout of 5s...
27-11-2024 15:42:30 - INFO - Sending request to Setting Chamber Zones to a= 1.0, b= 0.25, c= 1.0, d= 0.25 with timeout of 5s...
27-11-2024 15:42:30 - INFO - Sending request to Setting Chamber Zones to a= 1.0, b= 0.25, c= 1.0, d= 0.25 with timeout of 5s...
27-11-2024 15:42:31 - INFO - Sending request to Setting Chamber Zones to a= 1.0, b= 0.25, c= 1.0, d= 0.25 with timeout of 5s...
27-11-2024 15:42:31 - INFO - Sending request to Setting Chamber Zones to a= 1.0, b= 0.25, c= 1.0, d= 0.25 with timeout of 5s...
27-11-2024 15:42:31 - INFO - Sending request to Setting Chamber Zones to a= 1.0, b= 0.25, c= 1.0, d= 0.25 with timeout of 5s...
27-11-2024 15:42:31 - INFO - Sending request to Setting Chamber Zones to a= 1.0, b= 0.25, c= 1.0, d= 0.25 with timeout of 5s...
27-11-2024 15:42:31 - INFO - Sending request to Setting Chamber Zones to a= 1.0, b= 0.25, c= 1.0, d= 0.25 with timeout of 5s...
27-11-2024 15:42:32 - INFO - Sending request to Setting Chamber Zones to a= 1.0, b= 0.25, c= 1.0, d= 0.25 with timeout of 5s...
27-11-2024 15:42:32 - INFO - Sending request to Setting Chamber Zones to a= 1.0, b= 0.25, c= 1.0, d= 0.25 with timeout of 5s...
27-11-2024 15:42:32 - INFO - Sending request to Setting Chamber Zones to a= 1.0, b= 0.25, c= 1.0, d= 0.25 with timeout of 5s...
27-11-2024 15:42:32 - INFO - Sending request to Setting Chamber Zones to a= 1.0, b= 0.25, c= 1.0, d= 0.25 with timeout of 5s...
27-11-2024 15:42:32 - INFO - Sending request to Setting Chamber Zones to a= 1.0, b= 0.25, c= 1.0, d= 0.25 with timeout of 5s...
27-11-2024 15:42:33 - INFO - Sending request to Setting Chamber Zones to a= 1.0, b= 0.25, c= 1.0, d= 0.25 with timeout of 5s...
27-11-2024 15:42:33 - INFO - Sending request to Setting Chamber Zones to a= 1.0, b= 0.25, c= 1.0, d= 0.25 with timeout of 5s...
27-11-2024 15:42:33 - INFO - Sending request to Setting Chamber Zones to a= 1.0, b= 0.25, c= 1.0, d= 0.25 with timeout of 5s...
27-11-2024 15:42:33 - INFO - Sending request to Setting Chamber Zones to a= 1.0, b= 0.25, c= 1.0, d= 0.25 with timeout of 5s...
27-11-2024 15:42:33 - INFO - Sending request to Setting Chamber Zones to a= 1.0, b= 0.25, c= 1.0, d= 0.25 with timeout of 5s...
27-11-2024 15:42:34 - INFO - Sending request to Setting Chamber Zones to a= 1.0, b= 0.25, c= 1.0, d= 0.25 with timeout of 5s...
27-11-2024 15:42:34 - INFO - Sending request to Setting Chamber Zones to a= 1.0, b= 0.25, c= 1.0, d= 0.25 with timeout of 5s...
27-11-2024 15:42:34 - INFO - Sending request to Recoater go LEFT with timeout of 5s...
27-11-2024 15:42:34 - INFO - Sending request to Setting Chamber Zones to a= 1.0, b= 0.25, c= 1.0, d= 0.25 with timeout of 5s...
27-11-2024 15:42:34 - ERROR - E104: Error while executing Recoater go LEFT 
 502 Server Error: Bad Gateway for url: http://192.168.0.231/printer/gcode/script?script=recoater_go_left
27-11-2024 15:42:34 - INFO - Sending request to Setting Chamber Zones to a= 1.0, b= 0.25, c= 1.0, d= 0.25 with timeout of 5s...
27-11-2024 15:42:35 - INFO - Sending request to Setting Chamber Zones to a= 1.0, b= 0.25, c= 1.0, d= 0.25 with timeout of 5s...
27-11-2024 15:42:35 - INFO - Sending request to Setting Chamber Zones to a= 1.0, b= 0.25, c= 1.0, d= 0.25 with timeout of 5s...
27-11-2024 15:42:35 - INFO - Sending request to Setting Chamber Zones to a= 1.0, b= 0.25, c= 1.0, d= 0.25 with timeout of 5s...
27-11-2024 15:42:35 - INFO - Sending request to Setting Chamber Zones to a= 1.0, b= 0.25, c= 1.0, d= 0.25 with timeout of 5s...
27-11-2024 15:42:35 - INFO - Sending request to Setting Chamber Zones to a= 1.0, b= 0.25, c= 1.0, d= 0.25 with timeout of 5s...
27-11-2024 15:42:36 - INFO - Sending request to Setting Chamber Zones to a= 1.0, b= 0.25, c= 1.0, d= 0.25 with timeout of 5s...
27-11-2024 15:42:36 - INFO - Sending request to Setting Chamber Zones to a= 1.0, b= 0.25, c= 1.0, d= 0.25 with timeout of 5s...
27-11-2024 15:42:36 - INFO - Sending request to Setting Chamber Zones to a= 1.0, b= 0.25, c= 1.0, d= 0.25 with timeout of 5s...
27-11-2024 15:42:36 - INFO - Sending request to Setting Chamber Zones to a= 1.0, b= 0.25, c= 1.0, d= 0.25 with timeout of 5s...
27-11-2024 15:42:36 - INFO - Sending request to Setting Chamber Zones to a= 1.0, b= 0.25, c= 1.0, d= 0.25 with timeout of 5s...
27-11-2024 15:42:37 - INFO - Sending request to Setting Chamber Zones to a= 1.0, b= 0.25, c= 1.0, d= 0.25 with timeout of 5s...
27-11-2024 15:42:37 - INFO - Sending request to Setting Chamber Zones to a= 1.0, b= 0.25, c= 1.0, d= 0.25 with timeout of 5s...
27-11-2024 15:42:37 - INFO - Sending request to Setting Chamber Zones to a= 1.0, b= 0.25, c= 1.0, d= 0.25 with timeout of 5s...
27-11-2024 15:42:37 - INFO - Sending request to Setting Chamber Zones to a= 1.0, b= 0.25, c= 1.0, d= 0.25 with timeout of 5s...
27-11-2024 15:42:37 - INFO - Sending request to Setting Chamber Zones to a= 1.0, b= 0.25, c= 1.0, d= 0.25 with timeout of 5s...
27-11-2024 15:42:38 - INFO - Sending request to Setting Chamber Zones to a= 1.0, b= 0.25, c= 1.0, d= 0.25 with timeout of 5s...
27-11-2024 15:42:38 - INFO - Sending request to Setting Chamber Zones to a= 1.0, b= 0.25, c= 1.0, d= 0.25 with timeout of 5s...
27-11-2024 15:42:38 - INFO - Sending request to Setting Chamber Zones to a= 1.0, b= 0.25, c= 1.0, d= 0.25 with timeout of 5s...
27-11-2024 15:42:38 - INFO - Sending request to Setting Chamber Zones to a= 1.0, b= 0.25, c= 1.0, d= 0.25 with timeout of 5s...
27-11-2024 15:42:38 - INFO - Sending request to Setting Chamber Zones to a= 1.0, b= 0.25, c= 1.0, d= 0.25 with timeout of 5s...
27-11-2024 15:42:39 - INFO - Sending request to Setting Chamber Zones to a= 1.0, b= 0.25, c= 1.0, d= 0.25 with timeout of 5s...
27-11-2024 15:42:39 - INFO - Sending request to Setting Chamber Zones to a= 1.0, b= 0.25, c= 1.0, d= 0.25 with timeout of 5s...
27-11-2024 15:42:39 - INFO - Sending request to Setting Chamber Zones to a= 1.0, b= 0.25, c= 1.0, d= 0.25 with timeout of 5s...
27-11-2024 15:42:39 - INFO - Sending request to pre-layer-gcodes with timeout of 5s...
27-11-2024 15:42:39 - INFO - Sending request to Setting Chamber Zones to a= 1.0, b= 0.25, c= 1.0, d= 0.25 with timeout of 5s...
27-11-2024 15:42:39 - ERROR - E104: Error while executing pre-layer-gcodes 
 502 Server Error: Bad Gateway for url: http://192.168.0.231/printer/gcode/script?script=FORCE_MOVE+stepper%3Dstepper_z+distance%3D10.12+velocity%3D2.5
27-11-2024 15:42:39 - INFO - Sending request to pre-layer-gcodes with timeout of 5s...
27-11-2024 15:42:39 - ERROR - E104: Error while executing pre-layer-gcodes 
 502 Server Error: Bad Gateway for url: http://192.168.0.231/printer/gcode/script?script=G4+P1000
27-11-2024 15:42:39 - INFO - Sending request to pre-layer-gcodes with timeout of 5s...
27-11-2024 15:42:39 - ERROR - E104: Error while executing pre-layer-gcodes 
 502 Server Error: Bad Gateway for url: http://192.168.0.231/printer/gcode/script?script=FORCE_MOVE+stepper%3Dstepper_z+distance%3D-10.0+velocity%3D2.5
27-11-2024 15:42:39 - INFO - Sending request to Moving left hopper motors 0.1mm - stage 1 with timeout of 5s...
27-11-2024 15:42:39 - ERROR - E104: Error while executing Moving left hopper motors 0.1mm - stage 1 
 502 Server Error: Bad Gateway for url: http://192.168.0.231/printer/gcode/script?script=FORCE_MOVE+stepper%3Dstepper_x+distance%3D0.1+velocity%3D30
27-11-2024 15:42:39 - INFO - Sending request to Dwell for 100.0 with timeout of 5s...
27-11-2024 15:42:39 - ERROR - E104: Error while executing Dwell for 100.0 
 502 Server Error: Bad Gateway for url: http://192.168.0.231/printer/gcode/script?script=G4+P100.0
27-11-2024 15:42:39 - INFO - Sending request to Moving left hopper motors - stage 2 with timeout of 5s...
27-11-2024 15:42:39 - INFO - Sending request to Setting Chamber Zones to a= 1.0, b= 0.25, c= 1.0, d= 0.25 with timeout of 5s...
27-11-2024 15:42:39 - ERROR - E104: Error while executing Moving left hopper motors - stage 2 
 502 Server Error: Bad Gateway for url: http://192.168.0.231/printer/gcode/script?script=FORCE_MOVE+stepper%3Dstepper_x+distance%3D-1.1+velocity%3D30
27-11-2024 15:42:40 - INFO - Sending request to Setting Chamber Zones to a= 1.0, b= 0.25, c= 1.0, d= 0.25 with timeout of 5s...
27-11-2024 15:42:40 - INFO - Sending request to Setting Chamber Zones to a= 1.0, b= 0.25, c= 1.0, d= 0.25 with timeout of 5s...
27-11-2024 15:42:40 - INFO - Sending request to Setting Chamber Zones to a= 1.0, b= 0.25, c= 1.0, d= 0.25 with timeout of 5s...
27-11-2024 15:42:40 - INFO - Sending request to Setting Chamber Zones to a= 1.0, b= 0.25, c= 1.0, d= 0.25 with timeout of 5s...
27-11-2024 15:42:40 - INFO - Sending request to Setting Chamber Zones to a= 1.0, b= 0.25, c= 1.0, d= 0.25 with timeout of 5s...
27-11-2024 15:42:41 - INFO - Sending request to Setting Chamber Zones to a= 1.0, b= 0.25, c= 1.0, d= 0.25 with timeout of 5s...
27-11-2024 15:42:41 - INFO - Sending request to Setting Chamber Zones to a= 1.0, b= 0.25, c= 1.0, d= 0.25 with timeout of 5s...
27-11-2024 15:42:41 - INFO - Sending request to Setting Chamber Zones to a= 1.0, b= 0.25, c= 1.0, d= 0.25 with timeout of 5s...
27-11-2024 15:42:41 - INFO - Sending request to Setting Chamber Zones to a= 1.0, b= 0.25, c= 1.0, d= 0.25 with timeout of 5s...
27-11-2024 15:42:41 - INFO - Sending request to Setting Chamber Zones to a= 1.0, b= 0.25, c= 1.0, d= 0.25 with timeout of 5s...
27-11-2024 15:42:42 - INFO - Sending request to Setting Chamber Zones to a= 1.0, b= 0.25, c= 1.0, d= 0.25 with timeout of 5s...
27-11-2024 15:42:42 - INFO - Sending request to Setting Chamber Zones to a= 1.0, b= 0.25, c= 1.0, d= 0.25 with timeout of 5s...
27-11-2024 15:42:42 - INFO - Sending request to Setting Chamber Zones to a= 1.0, b= 0.25, c= 1.0, d= 0.25 with timeout of 5s...
27-11-2024 15:42:42 - INFO - Sending request to Setting Chamber Zones to a= 1.0, b= 0.25, c= 1.0, d= 0.25 with timeout of 5s...
27-11-2024 15:42:42 - INFO - Sending request to Setting Chamber Zones to a= 1.0, b= 0.25, c= 1.0, d= 0.25 with timeout of 5s...
27-11-2024 15:42:43 - INFO - Sending request to Setting Chamber Zones to a= 1.0, b= 0.25, c= 1.0, d= 0.25 with timeout of 5s...
27-11-2024 15:42:43 - INFO - Sending request to Setting Chamber Zones to a= 1.0, b= 0.25, c= 1.0, d= 0.25 with timeout of 5s...
27-11-2024 15:42:43 - INFO - Sending request to Setting Chamber Zones to a= 1.0, b= 0.25, c= 1.0, d= 0.25 with timeout of 5s...
27-11-2024 15:42:43 - INFO - Sending request to Setting Chamber Zones to a= 1.0, b= 0.25, c= 1.0, d= 0.25 with timeout of 5s...
27-11-2024 15:42:43 - INFO - Sending request to Setting Chamber Zones to a= 1.0, b= 0.25, c= 1.0, d= 0.25 with timeout of 5s...
27-11-2024 15:42:44 - INFO - Sending request to Setting Chamber Zones to a= 1.0, b= 0.25, c= 1.0, d= 0.25 with timeout of 5s...
27-11-2024 15:42:44 - INFO - Sending request to Setting Chamber Zones to a= 1.0, b= 0.25, c= 1.0, d= 0.25 with timeout of 5s...
27-11-2024 15:42:44 - INFO - Sending request to Setting Chamber Zones to a= 1.0, b= 0.25, c= 1.0, d= 0.25 with timeout of 5s...
27-11-2024 15:42:44 - INFO - Sending request to Setting Chamber Zones to a= 1.0, b= 0.25, c= 1.0, d= 0.25 with timeout of 5s...
27-11-2024 15:42:44 - INFO - Sending request to Setting Chamber Zones to a= 1.0, b= 0.25, c= 1.0, d= 0.25 with timeout of 5s...
27-11-2024 15:42:45 - INFO - Sending request to Setting Chamber Zones to a= 1.0, b= 0.25, c= 1.0, d= 0.25 with timeout of 5s...
27-11-2024 15:42:45 - INFO - Sending request to Setting Chamber Zones to a= 1.0, b= 0.25, c= 1.0, d= 0.25 with timeout of 5s...
27-11-2024 15:42:45 - INFO - Sending request to Setting Chamber Zones to a= 1.0, b= 0.25, c= 1.0, d= 0.25 with timeout of 5s...
27-11-2024 15:42:45 - INFO - Sending request to Setting Chamber Zones to a= 1.0, b= 0.25, c= 1.0, d= 0.25 with timeout of 5s...
27-11-2024 15:42:45 - INFO - Sending request to Setting Chamber Zones to a= 1.0, b= 0.25, c= 1.0, d= 0.25 with timeout of 5s...
27-11-2024 15:42:46 - INFO - Sending request to Setting Chamber Zones to a= 1.0, b= 0.25, c= 1.0, d= 0.25 with timeout of 5s...
27-11-2024 15:42:46 - INFO - Sending request to Setting Chamber Zones to a= 1.0, b= 0.25, c= 1.0, d= 0.25 with timeout of 5s...
27-11-2024 15:42:46 - INFO - Sending request to Setting Chamber Zones to a= 1.0, b= 0.25, c= 1.0, d= 0.25 with timeout of 5s...
27-11-2024 15:42:46 - INFO - Sending request to Setting Chamber Zones to a= 1.0, b= 0.25, c= 1.0, d= 0.25 with timeout of 5s...
27-11-2024 15:42:46 - INFO - Sending request to Setting Chamber Zones to a= 1.0, b= 0.25, c= 1.0, d= 0.25 with timeout of 5s...
27-11-2024 15:42:47 - INFO - Sending request to Setting Chamber Zones to a= 1.0, b= 0.25, c= 1.0, d= 0.25 with timeout of 5s...
27-11-2024 15:42:47 - INFO - Sending request to Setting Chamber Zones to a= 1.0, b= 0.25, c= 1.0, d= 0.25 with timeout of 5s...
27-11-2024 15:42:47 - INFO - Sending request to Setting Chamber Zones to a= 1.0, b= 0.25, c= 1.0, d= 0.25 with timeout of 5s...
27-11-2024 15:42:47 - INFO - Sending request to Setting Chamber Zones to a= 1.0, b= 0.25, c= 1.0, d= 0.25 with timeout of 5s...
27-11-2024 15:42:47 - INFO - Sending request to Setting Chamber Zones to a= 1.0, b= 0.25, c= 1.0, d= 0.25 with timeout of 5s...
27-11-2024 15:42:48 - INFO - Sending request to Setting Chamber Zones to a= 1.0, b= 0.25, c= 1.0, d= 0.25 with timeout of 5s...
27-11-2024 15:42:48 - INFO - Sending request to Setting Chamber Zones to a= 1.0, b= 0.25, c= 1.0, d= 0.25 with timeout of 5s...
27-11-2024 15:42:48 - INFO - Sending request to Setting Chamber Zones to a= 1.0, b= 0.25, c= 1.0, d= 0.25 with timeout of 5s...
27-11-2024 15:42:48 - INFO - Sending request to Setting Chamber Zones to a= 1.0, b= 0.25, c= 1.0, d= 0.25 with timeout of 5s...
27-11-2024 15:42:48 - INFO - Sending request to Setting Chamber Zones to a= 1.0, b= 0.25, c= 1.0, d= 0.25 with timeout of 5s...
27-11-2024 15:42:49 - INFO - Sending request to Setting Chamber Zones to a= 1.0, b= 0.25, c= 1.0, d= 0.25 with timeout of 5s...
27-11-2024 15:42:49 - INFO - Sending request to Setting Chamber Zones to a= 1.0, b= 0.25, c= 1.0, d= 0.25 with timeout of 5s...
27-11-2024 15:42:49 - INFO - Sending request to Setting Chamber Zones to a= 1.0, b= 0.25, c= 1.0, d= 0.25 with timeout of 5s...
27-11-2024 15:42:49 - INFO - Sending request to Setting Chamber Zones to a= 1.0, b= 0.25, c= 1.0, d= 0.25 with timeout of 5s...
27-11-2024 15:42:49 - INFO - Sending request to Recoater go RIGHT with timeout of 5s...
27-11-2024 15:42:49 - INFO - Sending request to Setting Chamber Zones to a= 1.0, b= 0.25, c= 1.0, d= 0.25 with timeout of 5s...
27-11-2024 15:42:49 - ERROR - E104: Error while executing Recoater go RIGHT 
 502 Server Error: Bad Gateway for url: http://192.168.0.231/printer/gcode/script?script=recoater_go_right
27-11-2024 15:42:50 - INFO - Sending request to Setting Chamber Zones to a= 1.0, b= 0.25, c= 1.0, d= 0.25 with timeout of 5s...
27-11-2024 15:42:50 - INFO - Sending request to Setting Chamber Zones to a= 1.0, b= 0.25, c= 1.0, d= 0.25 with timeout of 5s...
27-11-2024 15:42:50 - INFO - Sending request to Setting Chamber Zones to a= 1.0, b= 0.25, c= 1.0, d= 0.25 with timeout of 5s...
27-11-2024 15:42:50 - INFO - Sending request to Setting Chamber Zones to a= 1.0, b= 0.25, c= 1.0, d= 0.25 with timeout of 5s...
27-11-2024 15:42:50 - INFO - Sending request to Setting Chamber Zones to a= 1.0, b= 0.25, c= 1.0, d= 0.25 with timeout of 5s...
27-11-2024 15:42:51 - INFO - Sending request to Setting Chamber Zones to a= 1.0, b= 0.25, c= 1.0, d= 0.25 with timeout of 5s...
27-11-2024 15:42:51 - INFO - Sending request to Setting Chamber Zones to a= 1.0, b= 0.25, c= 1.0, d= 0.25 with timeout of 5s...
27-11-2024 15:42:51 - INFO - Sending request to Setting Chamber Zones to a= 1.0, b= 0.25, c= 1.0, d= 0.25 with timeout of 5s...
27-11-2024 15:42:51 - INFO - Sending request to Setting Chamber Zones to a= 1.0, b= 0.25, c= 1.0, d= 0.25 with timeout of 5s...
27-11-2024 15:42:51 - INFO - Sending request to Setting Chamber Zones to a= 1.0, b= 0.25, c= 1.0, d= 0.25 with timeout of 5s...
27-11-2024 15:42:52 - INFO - Sending request to Setting Chamber Zones to a= 1.0, b= 0.25, c= 1.0, d= 0.25 with timeout of 5s...
27-11-2024 15:42:52 - INFO - Sending request to Setting Chamber Zones to a= 1.0, b= 0.25, c= 1.0, d= 0.25 with timeout of 5s...
27-11-2024 15:42:52 - INFO - Sending request to Setting Chamber Zones to a= 1.0, b= 0.25, c= 1.0, d= 0.25 with timeout of 5s...
27-11-2024 15:42:52 - INFO - Sending request to Setting Chamber Zones to a= 1.0, b= 0.25, c= 1.0, d= 0.25 with timeout of 5s...
27-11-2024 15:42:52 - INFO - Sending request to Setting Chamber Zones to a= 1.0, b= 0.25, c= 1.0, d= 0.25 with timeout of 5s...
27-11-2024 15:42:53 - INFO - Sending request to Setting Chamber Zones to a= 1.0, b= 0.25, c= 1.0, d= 0.25 with timeout of 5s...
27-11-2024 15:42:53 - INFO - Sending request to Setting Chamber Zones to a= 1.0, b= 0.25, c= 1.0, d= 0.25 with timeout of 5s...
27-11-2024 15:42:53 - INFO - Sending request to Setting Chamber Zones to a= 1.0, b= 0.25, c= 1.0, d= 0.25 with timeout of 5s...
27-11-2024 15:42:53 - INFO - Sending request to Setting Chamber Zones to a= 1.0, b= 0.25, c= 1.0, d= 0.25 with timeout of 5s...
27-11-2024 15:42:53 - INFO - Sending request to Setting Chamber Zones to a= 1.0, b= 0.25, c= 1.0, d= 0.25 with timeout of 5s...
27-11-2024 15:42:54 - INFO - Sending request to Setting Chamber Zones to a= 1.0, b= 0.25, c= 1.0, d= 0.25 with timeout of 5s...
27-11-2024 15:42:54 - INFO - Sending request to Setting Chamber Zones to a= 1.0, b= 0.25, c= 1.0, d= 0.25 with timeout of 5s...
27-11-2024 15:42:54 - INFO - Sending request to Setting Chamber Zones to a= 1.0, b= 0.25, c= 1.0, d= 0.25 with timeout of 5s...
27-11-2024 15:42:54 - INFO - Sending request to Setting Chamber Zones to a= 1.0, b= 0.25, c= 1.0, d= 0.25 with timeout of 5s...
27-11-2024 15:42:54 - INFO - Sending Laser Window OPEN request with timeout of 5s...
27-11-2024 15:42:54 - INFO - Sending request to Setting Chamber Zones to a= 1.0, b= 0.25, c= 1.0, d= 0.25 with timeout of 5s...
27-11-2024 15:42:54 - ERROR - E104: Error while executing Open Laser Window 
 502 Server Error: Bad Gateway for url: http://192.168.0.231/printer/gcode/script?script=laser_door_open
27-11-2024 15:42:54 - INFO - Sending Laser Window CLOSE request with timeout of 5s...
27-11-2024 15:42:54 - ERROR - E104: Error while executing Close Laser Window 
 502 Server Error: Bad Gateway for url: http://192.168.0.231/printer/gcode/script?script=laser_door_close
27-11-2024 15:42:54 - INFO - Sending request to pre-layer-gcodes with timeout of 5s...
27-11-2024 15:42:54 - ERROR - E104: Error while executing pre-layer-gcodes 
 502 Server Error: Bad Gateway for url: http://192.168.0.231/printer/gcode/script?script=FORCE_MOVE+stepper%3Dstepper_z+distance%3D10.12+velocity%3D2.5
27-11-2024 15:42:54 - INFO - Sending request to pre-layer-gcodes with timeout of 5s...
27-11-2024 15:42:54 - ERROR - E104: Error while executing pre-layer-gcodes 
 502 Server Error: Bad Gateway for url: http://192.168.0.231/printer/gcode/script?script=G4+P1000
27-11-2024 15:42:54 - INFO - Sending request to pre-layer-gcodes with timeout of 5s...
27-11-2024 15:42:55 - ERROR - E104: Error while executing pre-layer-gcodes 
 502 Server Error: Bad Gateway for url: http://192.168.0.231/printer/gcode/script?script=FORCE_MOVE+stepper%3Dstepper_z+distance%3D-10.0+velocity%3D2.5
27-11-2024 15:42:55 - INFO - Sending request to Moving right hopper motor 0.1mm - stage 1 with timeout of 5s...
27-11-2024 15:42:55 - ERROR - E104: Error while executing Moving right hopper motor 0.1mm - stage 1 
 502 Server Error: Bad Gateway for url: http://192.168.0.231/printer/gcode/script?script=FORCE_MOVE+stepper%3Ddual_carriage+distance%3D0.1+velocity%3D30
27-11-2024 15:42:55 - INFO - Sending request to Dwell for 100.0 with timeout of 5s...
27-11-2024 15:42:55 - ERROR - E104: Error while executing Dwell for 100.0 
 502 Server Error: Bad Gateway for url: http://192.168.0.231/printer/gcode/script?script=G4+P100.0
27-11-2024 15:42:55 - INFO - Sending request to Moving right hopper motors - stage 2 with timeout of 5s...
27-11-2024 15:42:55 - ERROR - E104: Error while executing Moving right hopper motors - stage 2 
 502 Server Error: Bad Gateway for url: http://192.168.0.231/printer/gcode/script?script=FORCE_MOVE+stepper%3Ddual_carriage+distance%3D-1.1+velocity%3D30
27-11-2024 15:42:55 - INFO - Sending request to Setting Chamber Zones to a= 1.0, b= 0.25, c= 1.0, d= 0.25 with timeout of 5s...
27-11-2024 15:42:55 - INFO - Sending request to Setting Chamber Zones to a= 1.0, b= 0.25, c= 1.0, d= 0.25 with timeout of 5s...
27-11-2024 15:42:55 - INFO - Sending request to Setting Chamber Zones to a= 1.0, b= 0.25, c= 1.0, d= 0.25 with timeout of 5s...
27-11-2024 15:42:55 - INFO - Sending request to Setting Chamber Zones to a= 1.0, b= 0.25, c= 1.0, d= 0.25 with timeout of 5s...
27-11-2024 15:42:55 - INFO - Sending request to Setting Chamber Zones to a= 1.0, b= 0.25, c= 1.0, d= 0.25 with timeout of 5s...
27-11-2024 15:42:56 - INFO - Sending request to Setting Chamber Zones to a= 1.0, b= 0.25, c= 1.0, d= 0.25 with timeout of 5s...
27-11-2024 15:42:56 - INFO - Sending request to Setting Chamber Zones to a= 1.0, b= 0.25, c= 1.0, d= 0.25 with timeout of 5s...
27-11-2024 15:42:56 - INFO - Sending request to Setting Chamber Zones to a= 1.0, b= 0.25, c= 1.0, d= 0.25 with timeout of 5s...
27-11-2024 15:42:56 - INFO - Sending request to Setting Chamber Zones to a= 1.0, b= 0.25, c= 1.0, d= 0.25 with timeout of 5s...
27-11-2024 15:42:56 - INFO - Sending request to Setting Chamber Zones to a= 1.0, b= 0.25, c= 1.0, d= 0.25 with timeout of 5s...
27-11-2024 15:42:57 - INFO - Sending request to Setting Chamber Zones to a= 1.0, b= 0.25, c= 1.0, d= 0.25 with timeout of 5s...
27-11-2024 15:42:57 - INFO - Sending request to Setting Chamber Zones to a= 1.0, b= 0.25, c= 1.0, d= 0.25 with timeout of 5s...
27-11-2024 15:42:57 - INFO - Sending request to Setting Chamber Zones to a= 1.0, b= 0.25, c= 1.0, d= 0.25 with timeout of 5s...
27-11-2024 15:42:57 - INFO - Sending request to Setting Chamber Zones to a= 1.0, b= 0.25, c= 1.0, d= 0.25 with timeout of 5s...
27-11-2024 15:42:57 - INFO - Sending request to Setting Chamber Zones to a= 1.0, b= 0.25, c= 1.0, d= 0.25 with timeout of 5s...
27-11-2024 15:42:58 - INFO - Sending request to Setting Chamber Zones to a= 1.0, b= 0.25, c= 1.0, d= 0.25 with timeout of 5s...
27-11-2024 15:42:58 - INFO - Sending request to Setting Chamber Zones to a= 1.0, b= 0.25, c= 1.0, d= 0.25 with timeout of 5s...
27-11-2024 15:42:58 - INFO - Sending request to Setting Chamber Zones to a= 1.0, b= 0.25, c= 1.0, d= 0.25 with timeout of 5s...
27-11-2024 15:42:58 - INFO - Sending request to Setting Chamber Zones to a= 1.0, b= 0.25, c= 1.0, d= 0.25 with timeout of 5s...
27-11-2024 15:42:58 - INFO - Sending request to Setting Chamber Zones to a= 1.0, b= 0.25, c= 1.0, d= 0.25 with timeout of 5s...
27-11-2024 15:42:59 - INFO - Sending request to Setting Chamber Zones to a= 1.0, b= 0.25, c= 1.0, d= 0.25 with timeout of 5s...
27-11-2024 15:42:59 - INFO - Sending request to Setting Chamber Zones to a= 1.0, b= 0.25, c= 1.0, d= 0.25 with timeout of 5s...
27-11-2024 15:42:59 - INFO - Sending request to Setting Chamber Zones to a= 1.0, b= 0.25, c= 1.0, d= 0.25 with timeout of 5s...
27-11-2024 15:42:59 - INFO - Sending request to Setting Chamber Zones to a= 1.0, b= 0.25, c= 1.0, d= 0.25 with timeout of 5s...
27-11-2024 15:42:59 - INFO - Sending request to Setting Chamber Zones to a= 1.0, b= 0.25, c= 1.0, d= 0.25 with timeout of 5s...
27-11-2024 15:43:00 - INFO - Sending request to Setting Chamber Zones to a= 1.0, b= 0.25, c= 1.0, d= 0.25 with timeout of 5s...
27-11-2024 15:43:00 - INFO - Sending request to Setting Chamber Zones to a= 1.0, b= 0.25, c= 1.0, d= 0.25 with timeout of 5s...
27-11-2024 15:43:00 - INFO - Sending request to Setting Chamber Zones to a= 1.0, b= 0.25, c= 1.0, d= 0.25 with timeout of 5s...
27-11-2024 15:43:00 - INFO - Sending request to Setting Chamber Zones to a= 1.0, b= 0.25, c= 1.0, d= 0.25 with timeout of 5s...
27-11-2024 15:43:00 - INFO - Sending request to Setting Chamber Zones to a= 1.0, b= 0.25, c= 1.0, d= 0.25 with timeout of 5s...
27-11-2024 15:43:01 - INFO - Sending request to Setting Chamber Zones to a= 1.0, b= 0.25, c= 1.0, d= 0.25 with timeout of 5s...
27-11-2024 15:43:01 - INFO - Sending request to Setting Chamber Zones to a= 1.0, b= 0.25, c= 1.0, d= 0.25 with timeout of 5s...
27-11-2024 15:43:01 - INFO - Sending request to Setting Chamber Zones to a= 1.0, b= 0.25, c= 1.0, d= 0.25 with timeout of 5s...
27-11-2024 15:43:01 - INFO - Sending request to Setting Chamber Zones to a= 1.0, b= 0.25, c= 1.0, d= 0.25 with timeout of 5s...
27-11-2024 15:43:01 - INFO - Sending request to Setting Chamber Zones to a= 1.0, b= 0.25, c= 1.0, d= 0.25 with timeout of 5s...
27-11-2024 15:43:02 - INFO - Sending request to Setting Chamber Zones to a= 1.0, b= 0.25, c= 1.0, d= 0.25 with timeout of 5s...
27-11-2024 15:43:02 - INFO - Sending request to Setting Chamber Zones to a= 1.0, b= 0.25, c= 1.0, d= 0.25 with timeout of 5s...
27-11-2024 15:43:02 - INFO - Sending request to Setting Chamber Zones to a= 1.0, b= 0.25, c= 1.0, d= 0.25 with timeout of 5s...
27-11-2024 15:43:02 - INFO - Sending request to Setting Chamber Zones to a= 1.0, b= 0.25, c= 1.0, d= 0.25 with timeout of 5s...
27-11-2024 15:43:02 - INFO - Sending request to Setting Chamber Zones to a= 1.0, b= 0.25, c= 1.0, d= 0.25 with timeout of 5s...
27-11-2024 15:43:03 - INFO - Sending request to Setting Chamber Zones to a= 1.0, b= 0.25, c= 1.0, d= 0.25 with timeout of 5s...
27-11-2024 15:43:03 - INFO - Sending request to Setting Chamber Zones to a= 1.0, b= 0.25, c= 1.0, d= 0.25 with timeout of 5s...
27-11-2024 15:43:03 - INFO - Sending request to Setting Chamber Zones to a= 1.0, b= 0.25, c= 1.0, d= 0.25 with timeout of 5s...
27-11-2024 15:43:03 - INFO - Sending request to Setting Chamber Zones to a= 1.0, b= 0.25, c= 1.0, d= 0.25 with timeout of 5s...
27-11-2024 15:43:03 - INFO - Sending request to Setting Chamber Zones to a= 1.0, b= 0.25, c= 1.0, d= 0.25 with timeout of 5s...
27-11-2024 15:43:04 - INFO - Sending request to Setting Chamber Zones to a= 1.0, b= 0.25, c= 1.0, d= 0.25 with timeout of 5s...
27-11-2024 15:43:04 - INFO - Sending request to Setting Chamber Zones to a= 1.0, b= 0.25, c= 1.0, d= 0.25 with timeout of 5s...
27-11-2024 15:43:04 - INFO - Sending request to Setting Chamber Zones to a= 1.0, b= 0.25, c= 1.0, d= 0.25 with timeout of 5s...
27-11-2024 15:43:04 - INFO - Sending request to Setting Chamber Zones to a= 1.0, b= 0.25, c= 1.0, d= 0.25 with timeout of 5s...
27-11-2024 15:43:04 - INFO - Sending request to Setting Chamber Zones to a= 1.0, b= 0.25, c= 1.0, d= 0.25 with timeout of 5s...
27-11-2024 15:43:05 - INFO - Sending request to Recoater go LEFT with timeout of 5s...
27-11-2024 15:43:05 - ERROR - E104: Error while executing Recoater go LEFT 
 502 Server Error: Bad Gateway for url: http://192.168.0.231/printer/gcode/script?script=recoater_go_left
27-11-2024 15:43:05 - INFO - Sending request to Setting Chamber Zones to a= 1.0, b= 0.25, c= 1.0, d= 0.25 with timeout of 5s...
27-11-2024 15:43:05 - INFO - Sending request to Setting Chamber Zones to a= 1.0, b= 0.25, c= 1.0, d= 0.25 with timeout of 5s...
27-11-2024 15:43:05 - INFO - Sending request to Setting Chamber Zones to a= 1.0, b= 0.25, c= 1.0, d= 0.25 with timeout of 5s...
27-11-2024 15:43:05 - INFO - Sending request to Setting Chamber Zones to a= 1.0, b= 0.25, c= 1.0, d= 0.25 with timeout of 5s...
27-11-2024 15:43:05 - INFO - Sending request to Setting Chamber Zones to a= 1.0, b= 0.25, c= 1.0, d= 0.25 with timeout of 5s...
27-11-2024 15:43:06 - INFO - Sending request to Setting Chamber Zones to a= 1.0, b= 0.25, c= 1.0, d= 0.25 with timeout of 5s...
27-11-2024 15:43:06 - INFO - Sending request to Setting Chamber Zones to a= 1.0, b= 0.25, c= 1.0, d= 0.25 with timeout of 5s...
27-11-2024 15:43:06 - INFO - Sending request to Setting Chamber Zones to a= 1.0, b= 0.25, c= 1.0, d= 0.25 with timeout of 5s...
27-11-2024 15:43:06 - INFO - Sending request to Setting Chamber Zones to a= 1.0, b= 0.25, c= 1.0, d= 0.25 with timeout of 5s...
27-11-2024 15:43:06 - INFO - Sending request to Setting Chamber Zones to a= 1.0, b= 0.25, c= 1.0, d= 0.25 with timeout of 5s...
27-11-2024 15:43:07 - INFO - Sending request to Setting Chamber Zones to a= 1.0, b= 0.25, c= 1.0, d= 0.25 with timeout of 5s...
27-11-2024 15:43:07 - INFO - Sending request to Setting Chamber Zones to a= 1.0, b= 0.25, c= 1.0, d= 0.25 with timeout of 5s...
27-11-2024 15:43:07 - INFO - Sending request to Setting Chamber Zones to a= 1.0, b= 0.25, c= 1.0, d= 0.25 with timeout of 5s...
27-11-2024 15:43:07 - INFO - Sending request to Setting Chamber Zones to a= 1.0, b= 0.25, c= 1.0, d= 0.25 with timeout of 5s...
27-11-2024 15:43:07 - INFO - Sending request to Setting Chamber Zones to a= 1.0, b= 0.25, c= 1.0, d= 0.25 with timeout of 5s...
27-11-2024 15:43:08 - INFO - Sending request to Setting Chamber Zones to a= 1.0, b= 0.25, c= 1.0, d= 0.25 with timeout of 5s...
27-11-2024 15:43:08 - INFO - Sending request to Setting Chamber Zones to a= 1.0, b= 0.25, c= 1.0, d= 0.25 with timeout of 5s...
27-11-2024 15:43:08 - INFO - Sending request to Setting Chamber Zones to a= 1.0, b= 0.25, c= 1.0, d= 0.25 with timeout of 5s...
27-11-2024 15:43:08 - INFO - Sending request to Setting Chamber Zones to a= 1.0, b= 0.25, c= 1.0, d= 0.25 with timeout of 5s...
27-11-2024 15:43:08 - INFO - Sending request to Setting Chamber Zones to a= 1.0, b= 0.25, c= 1.0, d= 0.25 with timeout of 5s...
27-11-2024 15:43:09 - INFO - Sending request to Setting Chamber Zones to a= 1.0, b= 0.25, c= 1.0, d= 0.25 with timeout of 5s...
27-11-2024 15:43:09 - INFO - Sending request to Setting Chamber Zones to a= 1.0, b= 0.25, c= 1.0, d= 0.25 with timeout of 5s...
27-11-2024 15:43:09 - INFO - Sending request to Setting Chamber Zones to a= 1.0, b= 0.25, c= 1.0, d= 0.25 with timeout of 5s...
27-11-2024 15:43:09 - INFO - Sending request to Setting Chamber Zones to a= 1.0, b= 0.25, c= 1.0, d= 0.25 with timeout of 5s...
27-11-2024 15:43:09 - INFO - Sending request to Setting Chamber Zones to a= 1.0, b= 0.25, c= 1.0, d= 0.25 with timeout of 5s...
27-11-2024 15:43:10 - INFO - Sending Laser Window OPEN request with timeout of 5s...
27-11-2024 15:43:10 - ERROR - E104: Error while executing Open Laser Window 
 502 Server Error: Bad Gateway for url: http://192.168.0.231/printer/gcode/script?script=laser_door_open
27-11-2024 15:43:10 - INFO - Sending Laser Window CLOSE request with timeout of 5s...
27-11-2024 15:43:10 - ERROR - E104: Error while executing Close Laser Window 
 502 Server Error: Bad Gateway for url: http://192.168.0.231/printer/gcode/script?script=laser_door_close
27-11-2024 15:43:10 - INFO - Sending request to pre-layer-gcodes with timeout of 5s...
27-11-2024 15:43:10 - INFO - Sending request to Setting Chamber Zones to a= 1.0, b= 0.25, c= 1.0, d= 0.25 with timeout of 5s...
27-11-2024 15:43:10 - ERROR - E104: Error while executing pre-layer-gcodes 
 502 Server Error: Bad Gateway for url: http://192.168.0.231/printer/gcode/script?script=FORCE_MOVE+stepper%3Dstepper_z+distance%3D10.12+velocity%3D2.5
27-11-2024 15:43:10 - INFO - Sending request to pre-layer-gcodes with timeout of 5s...
27-11-2024 15:43:10 - ERROR - E104: Error while executing pre-layer-gcodes 
 502 Server Error: Bad Gateway for url: http://192.168.0.231/printer/gcode/script?script=G4+P1000
27-11-2024 15:43:10 - INFO - Sending request to pre-layer-gcodes with timeout of 5s...
27-11-2024 15:43:10 - ERROR - E104: Error while executing pre-layer-gcodes 
 502 Server Error: Bad Gateway for url: http://192.168.0.231/printer/gcode/script?script=FORCE_MOVE+stepper%3Dstepper_z+distance%3D-10.0+velocity%3D2.5
27-11-2024 15:43:10 - INFO - Sending request to Moving left hopper motors 0.1mm - stage 1 with timeout of 5s...
27-11-2024 15:43:10 - ERROR - E104: Error while executing Moving left hopper motors 0.1mm - stage 1 
 502 Server Error: Bad Gateway for url: http://192.168.0.231/printer/gcode/script?script=FORCE_MOVE+stepper%3Dstepper_x+distance%3D0.1+velocity%3D30
27-11-2024 15:43:10 - INFO - Sending request to Dwell for 100.0 with timeout of 5s...
27-11-2024 15:43:10 - ERROR - E104: Error while executing Dwell for 100.0 
 502 Server Error: Bad Gateway for url: http://192.168.0.231/printer/gcode/script?script=G4+P100.0
27-11-2024 15:43:10 - INFO - Sending request to Moving left hopper motors - stage 2 with timeout of 5s...
27-11-2024 15:43:10 - ERROR - E104: Error while executing Moving left hopper motors - stage 2 
 502 Server Error: Bad Gateway for url: http://192.168.0.231/printer/gcode/script?script=FORCE_MOVE+stepper%3Dstepper_x+distance%3D-1.1+velocity%3D30
27-11-2024 15:43:10 - INFO - Sending request to Setting Chamber Zones to a= 1.0, b= 0.25, c= 1.0, d= 0.25 with timeout of 5s...
27-11-2024 15:43:10 - INFO - Sending request to Setting Chamber Zones to a= 1.0, b= 0.25, c= 1.0, d= 0.25 with timeout of 5s...
27-11-2024 15:43:10 - INFO - Sending request to Setting Chamber Zones to a= 1.0, b= 0.25, c= 1.0, d= 0.25 with timeout of 5s...
27-11-2024 15:43:10 - INFO - Sending request to Setting Chamber Zones to a= 1.0, b= 0.25, c= 1.0, d= 0.25 with timeout of 5s...
27-11-2024 15:43:11 - INFO - Sending request to Setting Chamber Zones to a= 1.0, b= 0.25, c= 1.0, d= 0.25 with timeout of 5s...
27-11-2024 15:43:11 - INFO - Sending request to Setting Chamber Zones to a= 1.0, b= 0.25, c= 1.0, d= 0.25 with timeout of 5s...
27-11-2024 15:43:11 - INFO - Sending request to Setting Chamber Zones to a= 1.0, b= 0.25, c= 1.0, d= 0.25 with timeout of 5s...
27-11-2024 15:43:11 - INFO - Sending request to Setting Chamber Zones to a= 1.0, b= 0.25, c= 1.0, d= 0.25 with timeout of 5s...
27-11-2024 15:43:11 - INFO - Sending request to Setting Chamber Zones to a= 1.0, b= 0.25, c= 1.0, d= 0.25 with timeout of 5s...
27-11-2024 15:43:12 - INFO - Sending request to Setting Chamber Zones to a= 1.0, b= 0.25, c= 1.0, d= 0.25 with timeout of 5s...
27-11-2024 15:43:12 - INFO - Sending request to Setting Chamber Zones to a= 1.0, b= 0.25, c= 1.0, d= 0.25 with timeout of 5s...
27-11-2024 15:43:12 - INFO - Sending request to Setting Chamber Zones to a= 1.0, b= 0.25, c= 1.0, d= 0.25 with timeout of 5s...
27-11-2024 15:43:12 - INFO - Sending request to Setting Chamber Zones to a= 1.0, b= 0.25, c= 1.0, d= 0.25 with timeout of 5s...
27-11-2024 15:43:13 - INFO - Sending request to Setting Chamber Zones to a= 1.0, b= 0.25, c= 1.0, d= 0.25 with timeout of 5s...
27-11-2024 15:43:13 - INFO - Sending request to Setting Chamber Zones to a= 1.0, b= 0.25, c= 1.0, d= 0.25 with timeout of 5s...
27-11-2024 15:43:13 - INFO - Sending request to Setting Chamber Zones to a= 1.0, b= 0.25, c= 1.0, d= 0.25 with timeout of 5s...
27-11-2024 15:43:13 - INFO - Sending request to Setting Chamber Zones to a= 1.0, b= 0.25, c= 1.0, d= 0.25 with timeout of 5s...
27-11-2024 15:43:13 - INFO - Sending request to Setting Chamber Zones to a= 1.0, b= 0.25, c= 1.0, d= 0.25 with timeout of 5s...
27-11-2024 15:43:14 - INFO - Sending request to Setting Chamber Zones to a= 1.0, b= 0.25, c= 1.0, d= 0.25 with timeout of 5s...
27-11-2024 15:43:14 - INFO - Sending request to Setting Chamber Zones to a= 1.0, b= 0.25, c= 1.0, d= 0.25 with timeout of 5s...
27-11-2024 15:43:14 - INFO - Sending request to Setting Chamber Zones to a= 1.0, b= 0.25, c= 1.0, d= 0.25 with timeout of 5s...
27-11-2024 15:43:14 - INFO - Sending request to Setting Chamber Zones to a= 1.0, b= 0.25, c= 1.0, d= 0.25 with timeout of 5s...
27-11-2024 15:43:14 - INFO - Sending request to Setting Chamber Zones to a= 1.0, b= 0.25, c= 1.0, d= 0.25 with timeout of 5s...
27-11-2024 15:43:15 - INFO - Sending request to Setting Chamber Zones to a= 1.0, b= 0.25, c= 1.0, d= 0.25 with timeout of 5s...
27-11-2024 15:43:15 - INFO - Sending request to Setting Chamber Zones to a= 1.0, b= 0.25, c= 1.0, d= 0.25 with timeout of 5s...
27-11-2024 15:43:15 - INFO - Sending request to Setting Chamber Zones to a= 1.0, b= 0.25, c= 1.0, d= 0.25 with timeout of 5s...
27-11-2024 15:43:15 - INFO - Sending request to Setting Chamber Zones to a= 1.0, b= 0.25, c= 1.0, d= 0.25 with timeout of 5s...
27-11-2024 15:43:15 - INFO - Sending request to Setting Chamber Zones to a= 1.0, b= 0.25, c= 1.0, d= 0.25 with timeout of 5s...
27-11-2024 15:43:16 - INFO - Sending request to Setting Chamber Zones to a= 1.0, b= 0.25, c= 1.0, d= 0.25 with timeout of 5s...
27-11-2024 15:43:16 - INFO - Sending request to Setting Chamber Zones to a= 1.0, b= 0.25, c= 1.0, d= 0.25 with timeout of 5s...
27-11-2024 15:43:16 - INFO - Sending request to Setting Chamber Zones to a= 1.0, b= 0.25, c= 1.0, d= 0.25 with timeout of 5s...
27-11-2024 15:43:16 - INFO - Sending request to Setting Chamber Zones to a= 1.0, b= 0.25, c= 1.0, d= 0.25 with timeout of 5s...
27-11-2024 15:43:16 - INFO - Sending request to Setting Chamber Zones to a= 1.0, b= 0.25, c= 1.0, d= 0.25 with timeout of 5s...
27-11-2024 15:43:17 - INFO - Sending request to Setting Chamber Zones to a= 1.0, b= 0.25, c= 1.0, d= 0.25 with timeout of 5s...
27-11-2024 15:43:17 - INFO - Sending request to Setting Chamber Zones to a= 1.0, b= 0.25, c= 1.0, d= 0.25 with timeout of 5s...
27-11-2024 15:43:17 - INFO - Sending request to Setting Chamber Zones to a= 1.0, b= 0.25, c= 1.0, d= 0.25 with timeout of 5s...
27-11-2024 15:43:17 - INFO - Sending request to Setting Chamber Zones to a= 1.0, b= 0.25, c= 1.0, d= 0.25 with timeout of 5s...
27-11-2024 15:43:17 - INFO - Sending request to Setting Chamber Zones to a= 1.0, b= 0.25, c= 1.0, d= 0.25 with timeout of 5s...
27-11-2024 15:43:18 - INFO - Sending request to Setting Chamber Zones to a= 1.0, b= 0.25, c= 1.0, d= 0.25 with timeout of 5s...
27-11-2024 15:43:18 - INFO - Sending request to Setting Chamber Zones to a= 1.0, b= 0.25, c= 1.0, d= 0.25 with timeout of 5s...
27-11-2024 15:43:18 - INFO - Sending request to Setting Chamber Zones to a= 1.0, b= 0.25, c= 1.0, d= 0.25 with timeout of 5s...
27-11-2024 15:43:18 - INFO - Sending request to Setting Chamber Zones to a= 1.0, b= 0.25, c= 1.0, d= 0.25 with timeout of 5s...
27-11-2024 15:43:18 - INFO - Sending request to Setting Chamber Zones to a= 1.0, b= 0.25, c= 1.0, d= 0.25 with timeout of 5s...
27-11-2024 15:43:19 - INFO - Sending request to Setting Chamber Zones to a= 1.0, b= 0.25, c= 1.0, d= 0.25 with timeout of 5s...
27-11-2024 15:43:19 - INFO - Sending request to Setting Chamber Zones to a= 1.0, b= 0.25, c= 1.0, d= 0.25 with timeout of 5s...
27-11-2024 15:43:19 - INFO - Sending request to Setting Chamber Zones to a= 1.0, b= 0.25, c= 1.0, d= 0.25 with timeout of 5s...
27-11-2024 15:43:19 - INFO - Sending request to Setting Chamber Zones to a= 1.0, b= 0.25, c= 1.0, d= 0.25 with timeout of 5s...
27-11-2024 15:43:19 - INFO - Sending request to Setting Chamber Zones to a= 1.0, b= 0.25, c= 1.0, d= 0.25 with timeout of 5s...
27-11-2024 15:43:20 - INFO - Sending request to Setting Chamber Zones to a= 1.0, b= 0.25, c= 1.0, d= 0.25 with timeout of 5s...
27-11-2024 15:43:20 - INFO - Sending request to Setting Chamber Zones to a= 1.0, b= 0.25, c= 1.0, d= 0.25 with timeout of 5s...
27-11-2024 15:43:20 - INFO - Sending request to Recoater go RIGHT with timeout of 5s...
27-11-2024 15:43:20 - ERROR - E104: Error while executing Recoater go RIGHT 
 502 Server Error: Bad Gateway for url: http://192.168.0.231/printer/gcode/script?script=recoater_go_right
27-11-2024 15:43:20 - INFO - Sending request to Setting Chamber Zones to a= 1.0, b= 0.25, c= 1.0, d= 0.25 with timeout of 5s...
27-11-2024 15:43:20 - INFO - Sending request to Setting Chamber Zones to a= 1.0, b= 0.25, c= 1.0, d= 0.25 with timeout of 5s...
27-11-2024 15:43:20 - INFO - Sending request to Setting Chamber Zones to a= 1.0, b= 0.25, c= 1.0, d= 0.25 with timeout of 5s...
27-11-2024 15:43:21 - INFO - Sending request to Setting Chamber Zones to a= 1.0, b= 0.25, c= 1.0, d= 0.25 with timeout of 5s...
27-11-2024 15:43:21 - INFO - Sending request to Setting Chamber Zones to a= 1.0, b= 0.25, c= 1.0, d= 0.25 with timeout of 5s...
27-11-2024 15:43:21 - INFO - Sending request to Setting Chamber Zones to a= 1.0, b= 0.25, c= 1.0, d= 0.25 with timeout of 5s...
27-11-2024 15:43:21 - INFO - Sending request to Setting Chamber Zones to a= 1.0, b= 0.25, c= 1.0, d= 0.25 with timeout of 5s...
27-11-2024 15:43:21 - INFO - Sending request to Setting Chamber Zones to a= 1.0, b= 0.25, c= 1.0, d= 0.25 with timeout of 5s...
27-11-2024 15:43:22 - INFO - Sending request to Setting Chamber Zones to a= 1.0, b= 0.25, c= 1.0, d= 0.25 with timeout of 5s...
27-11-2024 15:43:22 - INFO - Sending request to Setting Chamber Zones to a= 1.0, b= 0.25, c= 1.0, d= 0.25 with timeout of 5s...
27-11-2024 15:43:22 - INFO - Sending request to Setting Chamber Zones to a= 1.0, b= 0.25, c= 1.0, d= 0.25 with timeout of 5s...
27-11-2024 15:43:22 - INFO - Sending request to Setting Chamber Zones to a= 1.0, b= 0.25, c= 1.0, d= 0.25 with timeout of 5s...
27-11-2024 15:43:22 - INFO - Sending request to Setting Chamber Zones to a= 1.0, b= 0.25, c= 1.0, d= 0.25 with timeout of 5s...
27-11-2024 15:43:23 - INFO - Sending request to Setting Chamber Zones to a= 1.0, b= 0.25, c= 1.0, d= 0.25 with timeout of 5s...
27-11-2024 15:43:23 - INFO - Sending request to Setting Chamber Zones to a= 1.0, b= 0.25, c= 1.0, d= 0.25 with timeout of 5s...
27-11-2024 15:43:23 - INFO - Sending request to Setting Chamber Zones to a= 1.0, b= 0.25, c= 1.0, d= 0.25 with timeout of 5s...
27-11-2024 15:43:23 - INFO - Sending request to Setting Chamber Zones to a= 1.0, b= 0.25, c= 1.0, d= 0.25 with timeout of 5s...
27-11-2024 15:43:23 - INFO - Sending request to Setting Chamber Zones to a= 1.0, b= 0.25, c= 1.0, d= 0.25 with timeout of 5s...
27-11-2024 15:43:24 - INFO - Sending request to Setting Chamber Zones to a= 1.0, b= 0.25, c= 1.0, d= 0.25 with timeout of 5s...
27-11-2024 15:43:24 - INFO - Sending request to Setting Chamber Zones to a= 1.0, b= 0.25, c= 1.0, d= 0.25 with timeout of 5s...
27-11-2024 15:43:24 - INFO - Sending request to Setting Chamber Zones to a= 1.0, b= 0.25, c= 1.0, d= 0.25 with timeout of 5s...
27-11-2024 15:43:24 - INFO - Sending request to Setting Chamber Zones to a= 1.0, b= 0.25, c= 1.0, d= 0.25 with timeout of 5s...
27-11-2024 15:43:24 - INFO - Sending request to Setting Chamber Zones to a= 1.0, b= 0.25, c= 1.0, d= 0.25 with timeout of 5s...
27-11-2024 15:43:25 - INFO - Sending request to Setting Chamber Zones to a= 1.0, b= 0.25, c= 1.0, d= 0.25 with timeout of 5s...
27-11-2024 15:43:25 - INFO - Sending request to Setting Chamber Zones to a= 1.0, b= 0.25, c= 1.0, d= 0.25 with timeout of 5s...
27-11-2024 15:43:25 - INFO - Sending Laser Window OPEN request with timeout of 5s...
27-11-2024 15:43:25 - ERROR - E104: Error while executing Open Laser Window 
 502 Server Error: Bad Gateway for url: http://192.168.0.231/printer/gcode/script?script=laser_door_open
27-11-2024 15:43:25 - INFO - Sending Laser Window CLOSE request with timeout of 5s...
27-11-2024 15:43:25 - ERROR - E104: Error while executing Close Laser Window 
 502 Server Error: Bad Gateway for url: http://192.168.0.231/printer/gcode/script?script=laser_door_close
27-11-2024 15:43:25 - INFO - Sending request to pre-layer-gcodes with timeout of 5s...
27-11-2024 15:43:25 - ERROR - E104: Error while executing pre-layer-gcodes 
 502 Server Error: Bad Gateway for url: http://192.168.0.231/printer/gcode/script?script=FORCE_MOVE+stepper%3Dstepper_z+distance%3D10.12+velocity%3D2.5
27-11-2024 15:43:25 - INFO - Sending request to pre-layer-gcodes with timeout of 5s...
27-11-2024 15:43:25 - ERROR - E104: Error while executing pre-layer-gcodes 
 502 Server Error: Bad Gateway for url: http://192.168.0.231/printer/gcode/script?script=G4+P1000
27-11-2024 15:43:25 - INFO - Sending request to pre-layer-gcodes with timeout of 5s...
27-11-2024 15:43:25 - ERROR - E104: Error while executing pre-layer-gcodes 
 502 Server Error: Bad Gateway for url: http://192.168.0.231/printer/gcode/script?script=FORCE_MOVE+stepper%3Dstepper_z+distance%3D-10.0+velocity%3D2.5
27-11-2024 15:43:25 - INFO - Sending request to Moving right hopper motor 0.1mm - stage 1 with timeout of 5s...
27-11-2024 15:43:25 - INFO - Sending request to Setting Chamber Zones to a= 1.0, b= 0.25, c= 1.0, d= 0.25 with timeout of 5s...
27-11-2024 15:43:25 - ERROR - E104: Error while executing Moving right hopper motor 0.1mm - stage 1 
 502 Server Error: Bad Gateway for url: http://192.168.0.231/printer/gcode/script?script=FORCE_MOVE+stepper%3Ddual_carriage+distance%3D0.1+velocity%3D30
27-11-2024 15:43:25 - INFO - Sending request to Dwell for 100.0 with timeout of 5s...
27-11-2024 15:43:25 - ERROR - E104: Error while executing Dwell for 100.0 
 502 Server Error: Bad Gateway for url: http://192.168.0.231/printer/gcode/script?script=G4+P100.0
27-11-2024 15:43:25 - INFO - Sending request to Moving right hopper motors - stage 2 with timeout of 5s...
27-11-2024 15:43:25 - ERROR - E104: Error while executing Moving right hopper motors - stage 2 
 502 Server Error: Bad Gateway for url: http://192.168.0.231/printer/gcode/script?script=FORCE_MOVE+stepper%3Ddual_carriage+distance%3D-1.1+velocity%3D30
27-11-2024 15:43:25 - INFO - Sending request to Setting Chamber Zones to a= 1.0, b= 0.25, c= 1.0, d= 0.25 with timeout of 5s...
27-11-2024 15:43:25 - INFO - Sending request to Setting Chamber Zones to a= 1.0, b= 0.25, c= 1.0, d= 0.25 with timeout of 5s...
27-11-2024 15:43:26 - INFO - Sending request to Setting Chamber Zones to a= 1.0, b= 0.25, c= 1.0, d= 0.25 with timeout of 5s...
27-11-2024 15:43:26 - INFO - Sending request to Setting Chamber Zones to a= 1.0, b= 0.25, c= 1.0, d= 0.25 with timeout of 5s...
27-11-2024 15:43:26 - INFO - Sending request to Setting Chamber Zones to a= 1.0, b= 0.25, c= 1.0, d= 0.25 with timeout of 5s...
27-11-2024 15:43:26 - INFO - Sending request to Setting Chamber Zones to a= 1.0, b= 0.25, c= 1.0, d= 0.25 with timeout of 5s...
27-11-2024 15:43:26 - INFO - Sending request to Setting Chamber Zones to a= 1.0, b= 0.25, c= 1.0, d= 0.25 with timeout of 5s...
27-11-2024 15:43:27 - INFO - Sending request to Setting Chamber Zones to a= 1.0, b= 0.25, c= 1.0, d= 0.25 with timeout of 5s...
27-11-2024 15:43:27 - INFO - Sending request to Setting Chamber Zones to a= 1.0, b= 0.25, c= 1.0, d= 0.25 with timeout of 5s...
27-11-2024 15:43:27 - INFO - Sending request to Setting Chamber Zones to a= 1.0, b= 0.25, c= 1.0, d= 0.25 with timeout of 5s...
27-11-2024 15:43:27 - INFO - Sending request to Setting Chamber Zones to a= 1.0, b= 0.25, c= 1.0, d= 0.25 with timeout of 5s...
27-11-2024 15:43:27 - INFO - Sending request to Setting Chamber Zones to a= 1.0, b= 0.25, c= 1.0, d= 0.25 with timeout of 5s...
27-11-2024 15:43:28 - INFO - Sending request to Setting Chamber Zones to a= 1.0, b= 0.25, c= 1.0, d= 0.25 with timeout of 5s...
27-11-2024 15:43:28 - INFO - Sending request to Setting Chamber Zones to a= 1.0, b= 0.25, c= 1.0, d= 0.25 with timeout of 5s...
27-11-2024 15:43:28 - INFO - Sending request to Setting Chamber Zones to a= 1.0, b= 0.25, c= 1.0, d= 0.25 with timeout of 5s...
27-11-2024 15:43:28 - INFO - Sending request to Setting Chamber Zones to a= 1.0, b= 0.25, c= 1.0, d= 0.25 with timeout of 5s...
27-11-2024 15:43:28 - INFO - Sending request to Setting Chamber Zones to a= 1.0, b= 0.25, c= 1.0, d= 0.25 with timeout of 5s...
27-11-2024 15:43:29 - INFO - Sending request to Setting Chamber Zones to a= 1.0, b= 0.25, c= 1.0, d= 0.25 with timeout of 5s...
27-11-2024 15:43:29 - INFO - Sending request to Setting Chamber Zones to a= 1.0, b= 0.25, c= 1.0, d= 0.25 with timeout of 5s...
27-11-2024 15:43:29 - INFO - Sending request to Setting Chamber Zones to a= 1.0, b= 0.25, c= 1.0, d= 0.25 with timeout of 5s...
27-11-2024 15:43:29 - INFO - Sending request to Setting Chamber Zones to a= 1.0, b= 0.25, c= 1.0, d= 0.25 with timeout of 5s...
27-11-2024 15:43:29 - INFO - Sending request to Setting Chamber Zones to a= 1.0, b= 0.25, c= 1.0, d= 0.25 with timeout of 5s...
27-11-2024 15:43:30 - INFO - Sending request to Setting Chamber Zones to a= 1.0, b= 0.25, c= 1.0, d= 0.25 with timeout of 5s...
27-11-2024 15:43:30 - INFO - Sending request to Setting Chamber Zones to a= 1.0, b= 0.25, c= 1.0, d= 0.25 with timeout of 5s...
27-11-2024 15:43:30 - INFO - Sending request to Setting Chamber Zones to a= 1.0, b= 0.25, c= 1.0, d= 0.25 with timeout of 5s...
27-11-2024 15:43:30 - INFO - Sending request to Setting Chamber Zones to a= 1.0, b= 0.25, c= 1.0, d= 0.25 with timeout of 5s...
27-11-2024 15:43:30 - INFO - Sending request to Setting Chamber Zones to a= 1.0, b= 0.25, c= 1.0, d= 0.25 with timeout of 5s...
27-11-2024 15:43:31 - INFO - Sending request to Setting Chamber Zones to a= 1.0, b= 0.25, c= 1.0, d= 0.25 with timeout of 5s...
27-11-2024 15:43:31 - INFO - Sending request to Setting Chamber Zones to a= 1.0, b= 0.25, c= 1.0, d= 0.25 with timeout of 5s...
27-11-2024 15:43:31 - INFO - Sending request to Setting Chamber Zones to a= 1.0, b= 0.25, c= 1.0, d= 0.25 with timeout of 5s...
27-11-2024 15:43:31 - INFO - Sending request to Setting Chamber Zones to a= 1.0, b= 0.25, c= 1.0, d= 0.25 with timeout of 5s...
27-11-2024 15:43:31 - INFO - Sending request to Setting Chamber Zones to a= 1.0, b= 0.25, c= 1.0, d= 0.25 with timeout of 5s...
27-11-2024 15:43:32 - INFO - Sending request to Setting Chamber Zones to a= 1.0, b= 0.25, c= 1.0, d= 0.25 with timeout of 5s...
27-11-2024 15:43:32 - INFO - Sending request to Setting Chamber Zones to a= 1.0, b= 0.25, c= 1.0, d= 0.25 with timeout of 5s...
27-11-2024 15:43:32 - INFO - Sending request to Setting Chamber Zones to a= 1.0, b= 0.25, c= 1.0, d= 0.25 with timeout of 5s...
27-11-2024 15:43:32 - INFO - Sending request to Setting Chamber Zones to a= 1.0, b= 0.25, c= 1.0, d= 0.25 with timeout of 5s...
27-11-2024 15:43:32 - INFO - Sending request to Setting Chamber Zones to a= 1.0, b= 0.25, c= 1.0, d= 0.25 with timeout of 5s...
27-11-2024 15:43:33 - INFO - Sending request to Setting Chamber Zones to a= 1.0, b= 0.25, c= 1.0, d= 0.25 with timeout of 5s...
27-11-2024 15:43:33 - INFO - Sending request to Setting Chamber Zones to a= 1.0, b= 0.25, c= 1.0, d= 0.25 with timeout of 5s...
27-11-2024 15:43:33 - INFO - Sending request to Setting Chamber Zones to a= 1.0, b= 0.25, c= 1.0, d= 0.25 with timeout of 5s...
27-11-2024 15:43:33 - INFO - Sending request to Setting Chamber Zones to a= 1.0, b= 0.25, c= 1.0, d= 0.25 with timeout of 5s...
27-11-2024 15:43:33 - INFO - Sending request to Setting Chamber Zones to a= 1.0, b= 0.25, c= 1.0, d= 0.25 with timeout of 5s...
27-11-2024 15:43:34 - INFO - Sending request to Setting Chamber Zones to a= 1.0, b= 0.25, c= 1.0, d= 0.25 with timeout of 5s...
27-11-2024 15:43:34 - INFO - Sending request to Setting Chamber Zones to a= 1.0, b= 0.25, c= 1.0, d= 0.25 with timeout of 5s...
27-11-2024 15:43:34 - INFO - Sending request to Setting Chamber Zones to a= 1.0, b= 0.25, c= 1.0, d= 0.25 with timeout of 5s...
27-11-2024 15:43:34 - INFO - Sending request to Setting Chamber Zones to a= 1.0, b= 0.25, c= 1.0, d= 0.25 with timeout of 5s...
27-11-2024 15:43:34 - INFO - Sending request to Setting Chamber Zones to a= 1.0, b= 0.25, c= 1.0, d= 0.25 with timeout of 5s...
27-11-2024 15:43:35 - INFO - Sending request to Setting Chamber Zones to a= 1.0, b= 0.25, c= 1.0, d= 0.25 with timeout of 5s...
27-11-2024 15:43:35 - INFO - Sending request to Setting Chamber Zones to a= 1.0, b= 0.25, c= 1.0, d= 0.25 with timeout of 5s...
27-11-2024 15:43:35 - INFO - Sending request to Setting Chamber Zones to a= 1.0, b= 0.25, c= 1.0, d= 0.25 with timeout of 5s...
27-11-2024 15:43:35 - INFO - Sending request to Recoater go LEFT with timeout of 5s...
27-11-2024 15:43:35 - ERROR - E104: Error while executing Recoater go LEFT 
 502 Server Error: Bad Gateway for url: http://192.168.0.231/printer/gcode/script?script=recoater_go_left
27-11-2024 15:43:35 - INFO - Sending request to Setting Chamber Zones to a= 1.0, b= 0.25, c= 1.0, d= 0.25 with timeout of 5s...
27-11-2024 15:43:35 - INFO - Sending request to Setting Chamber Zones to a= 1.0, b= 0.25, c= 1.0, d= 0.25 with timeout of 5s...
27-11-2024 15:43:36 - INFO - Sending request to Setting Chamber Zones to a= 1.0, b= 0.25, c= 1.0, d= 0.25 with timeout of 5s...
27-11-2024 15:43:36 - INFO - Sending request to Setting Chamber Zones to a= 1.0, b= 0.25, c= 1.0, d= 0.25 with timeout of 5s...
27-11-2024 15:43:36 - INFO - Sending request to Setting Chamber Zones to a= 1.0, b= 0.25, c= 1.0, d= 0.25 with timeout of 5s...
27-11-2024 15:43:36 - INFO - Sending request to Setting Chamber Zones to a= 1.0, b= 0.25, c= 1.0, d= 0.25 with timeout of 5s...
27-11-2024 15:43:36 - INFO - Sending request to Setting Chamber Zones to a= 1.0, b= 0.25, c= 1.0, d= 0.25 with timeout of 5s...
27-11-2024 15:43:37 - INFO - Sending request to Setting Chamber Zones to a= 1.0, b= 0.25, c= 1.0, d= 0.25 with timeout of 5s...
27-11-2024 15:43:37 - INFO - Sending request to Setting Chamber Zones to a= 1.0, b= 0.25, c= 1.0, d= 0.25 with timeout of 5s...
27-11-2024 15:43:37 - INFO - Sending request to Setting Chamber Zones to a= 1.0, b= 0.25, c= 1.0, d= 0.25 with timeout of 5s...
27-11-2024 15:43:37 - INFO - Sending request to Setting Chamber Zones to a= 1.0, b= 0.25, c= 1.0, d= 0.25 with timeout of 5s...
27-11-2024 15:43:37 - INFO - Sending request to Setting Chamber Zones to a= 1.0, b= 0.25, c= 1.0, d= 0.25 with timeout of 5s...
27-11-2024 15:43:38 - INFO - Sending request to Setting Chamber Zones to a= 1.0, b= 0.25, c= 1.0, d= 0.25 with timeout of 5s...
27-11-2024 15:43:38 - INFO - Sending request to Setting Chamber Zones to a= 1.0, b= 0.25, c= 1.0, d= 0.25 with timeout of 5s...
27-11-2024 15:43:38 - INFO - Sending request to Setting Chamber Zones to a= 1.0, b= 0.25, c= 1.0, d= 0.25 with timeout of 5s...
27-11-2024 15:43:38 - INFO - Sending request to Setting Chamber Zones to a= 1.0, b= 0.25, c= 1.0, d= 0.25 with timeout of 5s...
27-11-2024 15:43:38 - INFO - Sending request to Setting Chamber Zones to a= 1.0, b= 0.25, c= 1.0, d= 0.25 with timeout of 5s...
27-11-2024 15:43:39 - INFO - Sending request to Setting Chamber Zones to a= 1.0, b= 0.25, c= 1.0, d= 0.25 with timeout of 5s...
27-11-2024 15:43:39 - INFO - Sending request to Setting Chamber Zones to a= 1.0, b= 0.25, c= 1.0, d= 0.25 with timeout of 5s...
27-11-2024 15:43:39 - INFO - Sending request to Setting Chamber Zones to a= 1.0, b= 0.25, c= 1.0, d= 0.25 with timeout of 5s...
27-11-2024 15:43:39 - INFO - Sending request to Setting Chamber Zones to a= 1.0, b= 0.25, c= 1.0, d= 0.25 with timeout of 5s...
27-11-2024 15:43:39 - INFO - Sending request to Setting Chamber Zones to a= 1.0, b= 0.25, c= 1.0, d= 0.25 with timeout of 5s...
27-11-2024 15:43:40 - INFO - Sending request to Setting Chamber Zones to a= 1.0, b= 0.25, c= 1.0, d= 0.25 with timeout of 5s...
27-11-2024 15:43:40 - INFO - Sending request to Setting Chamber Zones to a= 1.0, b= 0.25, c= 1.0, d= 0.25 with timeout of 5s...
27-11-2024 15:43:40 - INFO - Sending request to Setting Chamber Zones to a= 1.0, b= 0.25, c= 1.0, d= 0.25 with timeout of 5s...
27-11-2024 15:43:40 - INFO - Sending Laser Window OPEN request with timeout of 5s...
27-11-2024 15:43:40 - ERROR - E104: Error while executing Open Laser Window 
 502 Server Error: Bad Gateway for url: http://192.168.0.231/printer/gcode/script?script=laser_door_open
27-11-2024 15:43:40 - INFO - Sending Laser Window CLOSE request with timeout of 5s...
27-11-2024 15:43:40 - ERROR - E104: Error while executing Close Laser Window 
 502 Server Error: Bad Gateway for url: http://192.168.0.231/printer/gcode/script?script=laser_door_close
27-11-2024 15:43:40 - INFO - Sending request to Setting Chamber Zones to a= 1.0, b= 0.25, c= 1.0, d= 0.25 with timeout of 5s...
27-11-2024 15:43:40 - INFO - Sending request to Setting Chamber Zones to a= 1.0, b= 0.25, c= 1.0, d= 0.25 with timeout of 5s...
27-11-2024 15:43:41 - INFO - Sending request to Setting Chamber Zones to a= 1.0, b= 0.25, c= 1.0, d= 0.25 with timeout of 5s...
27-11-2024 15:43:41 - INFO - Sending request to Setting Chamber Zones to a= 1.0, b= 0.25, c= 1.0, d= 0.25 with timeout of 5s...
27-11-2024 15:43:41 - INFO - Sending request to Setting Chamber Zones to a= 1.0, b= 0.25, c= 1.0, d= 0.25 with timeout of 5s...
27-11-2024 15:43:41 - INFO - Sending request to Setting Chamber Zones to a= 1.0, b= 0.25, c= 1.0, d= 0.25 with timeout of 5s...
27-11-2024 15:43:41 - INFO - Sending request to Setting Chamber Zones to a= 1.0, b= 0.25, c= 1.0, d= 0.25 with timeout of 5s...
27-11-2024 15:43:42 - INFO - Sending request to Setting Chamber Zones to a= 1.0, b= 0.25, c= 1.0, d= 0.25 with timeout of 5s...
27-11-2024 15:43:42 - INFO - Sending request to Setting Chamber Zones to a= 1.0, b= 0.25, c= 1.0, d= 0.25 with timeout of 5s...
27-11-2024 15:43:42 - INFO - Sending request to Setting Chamber Zones to a= 1.0, b= 0.25, c= 1.0, d= 0.25 with timeout of 5s...
27-11-2024 15:43:42 - INFO - Sending request to Setting Chamber Zones to a= 1.0, b= 0.25, c= 1.0, d= 0.25 with timeout of 5s...
27-11-2024 15:43:42 - INFO - Sending request to Setting Chamber Zones to a= 1.0, b= 0.25, c= 1.0, d= 0.25 with timeout of 5s...
27-11-2024 15:43:43 - INFO - Sending request to Setting Chamber Zones to a= 1.0, b= 0.25, c= 1.0, d= 0.25 with timeout of 5s...
27-11-2024 15:43:43 - INFO - Sending request to Setting Chamber Zones to a= 1.0, b= 0.25, c= 1.0, d= 0.25 with timeout of 5s...
27-11-2024 15:43:43 - INFO - Sending request to Setting Chamber Zones to a= 1.0, b= 0.25, c= 1.0, d= 0.25 with timeout of 5s...
27-11-2024 15:43:43 - INFO - Sending request to Setting Chamber Zones to a= 1.0, b= 0.25, c= 1.0, d= 0.25 with timeout of 5s...
27-11-2024 15:43:43 - INFO - Sending request to Setting Chamber Zones to a= 1.0, b= 0.25, c= 1.0, d= 0.25 with timeout of 5s...
27-11-2024 15:43:44 - INFO - Sending request to Setting Chamber Zones to a= 1.0, b= 0.25, c= 1.0, d= 0.25 with timeout of 5s...
27-11-2024 15:43:44 - INFO - Sending request to Setting Chamber Zones to a= 1.0, b= 0.25, c= 1.0, d= 0.25 with timeout of 5s...
27-11-2024 15:43:44 - INFO - Sending request to Setting Chamber Zones to a= 1.0, b= 0.25, c= 1.0, d= 0.25 with timeout of 5s...
27-11-2024 15:43:44 - INFO - Sending request to Setting Chamber Zones to a= 1.0, b= 0.25, c= 1.0, d= 0.25 with timeout of 5s...
27-11-2024 15:43:44 - INFO - Sending request to Setting Chamber Zones to a= 1.0, b= 0.25, c= 1.0, d= 0.25 with timeout of 5s...
27-11-2024 15:43:45 - INFO - Sending request to Setting Chamber Zones to a= 1.0, b= 0.25, c= 1.0, d= 0.25 with timeout of 5s...
27-11-2024 15:43:45 - INFO - Sending request to Setting Chamber Zones to a= 1.0, b= 0.25, c= 1.0, d= 0.25 with timeout of 5s...
27-11-2024 15:43:45 - INFO - Sending request to Setting Chamber Zones to a= 1.0, b= 0.25, c= 1.0, d= 0.25 with timeout of 5s...
27-11-2024 15:43:45 - INFO - Sending request to Setting Chamber Zones to a= 1.0, b= 0.25, c= 1.0, d= 0.25 with timeout of 5s...
27-11-2024 15:43:45 - INFO - Sending request to Setting Chamber Zones to a= 1.0, b= 0.25, c= 1.0, d= 0.25 with timeout of 5s...
27-11-2024 15:43:46 - INFO - Sending request to Setting Chamber Zones to a= 1.0, b= 0.25, c= 1.0, d= 0.25 with timeout of 5s...
27-11-2024 15:43:46 - INFO - Sending request to Setting Chamber Zones to a= 1.0, b= 0.25, c= 1.0, d= 0.25 with timeout of 5s...
27-11-2024 15:43:46 - INFO - Sending request to Setting Chamber Zones to a= 1.0, b= 0.25, c= 1.0, d= 0.25 with timeout of 5s...
27-11-2024 15:43:46 - INFO - Sending request to Setting Chamber Zones to a= 1.0, b= 0.25, c= 1.0, d= 0.25 with timeout of 5s...
27-11-2024 15:43:46 - INFO - Sending request to Setting Chamber Zones to a= 1.0, b= 0.25, c= 1.0, d= 0.25 with timeout of 5s...
27-11-2024 15:43:47 - INFO - Sending request to Setting Chamber Zones to a= 1.0, b= 0.25, c= 1.0, d= 0.25 with timeout of 5s...
27-11-2024 15:43:47 - INFO - Sending request to Setting Chamber Zones to a= 1.0, b= 0.25, c= 1.0, d= 0.25 with timeout of 5s...
27-11-2024 15:43:47 - INFO - Sending request to Setting Chamber Zones to a= 1.0, b= 0.25, c= 1.0, d= 0.25 with timeout of 5s...
27-11-2024 15:43:47 - INFO - Sending request to Setting Chamber Zones to a= 1.0, b= 0.25, c= 1.0, d= 0.25 with timeout of 5s...
27-11-2024 15:43:47 - INFO - Sending request to Setting Chamber Zones to a= 1.0, b= 0.25, c= 1.0, d= 0.25 with timeout of 5s...
27-11-2024 15:43:48 - INFO - Sending request to Setting Chamber Zones to a= 1.0, b= 0.25, c= 1.0, d= 0.25 with timeout of 5s...
27-11-2024 15:43:48 - INFO - Sending request to Setting Chamber Zones to a= 1.0, b= 0.25, c= 1.0, d= 0.25 with timeout of 5s...
27-11-2024 15:43:48 - INFO - Sending request to Setting Chamber Zones to a= 1.0, b= 0.25, c= 1.0, d= 0.25 with timeout of 5s...
27-11-2024 15:43:48 - INFO - Sending request to Setting Chamber Zones to a= 1.0, b= 0.25, c= 1.0, d= 0.25 with timeout of 5s...
27-11-2024 15:43:48 - INFO - Sending request to Setting Chamber Zones to a= 1.0, b= 0.25, c= 1.0, d= 0.25 with timeout of 5s...
27-11-2024 15:43:49 - INFO - Sending request to Setting Chamber Zones to a= 1.0, b= 0.25, c= 1.0, d= 0.25 with timeout of 5s...
27-11-2024 15:43:49 - INFO - Sending request to Setting Chamber Zones to a= 1.0, b= 0.25, c= 1.0, d= 0.25 with timeout of 5s...
27-11-2024 15:43:49 - INFO - Sending request to Setting Chamber Zones to a= 1.0, b= 0.25, c= 1.0, d= 0.25 with timeout of 5s...
27-11-2024 15:43:49 - INFO - Sending request to Setting Chamber Zones to a= 1.0, b= 0.25, c= 1.0, d= 0.25 with timeout of 5s...
27-11-2024 15:43:49 - INFO - Sending request to Setting Chamber Zones to a= 1.0, b= 0.25, c= 1.0, d= 0.25 with timeout of 5s...
27-11-2024 15:43:50 - INFO - Sending request to Setting Chamber Zones to a= 1.0, b= 0.25, c= 1.0, d= 0.25 with timeout of 5s...
27-11-2024 15:43:50 - INFO - Sending request to Setting Chamber Zones to a= 1.0, b= 0.25, c= 1.0, d= 0.25 with timeout of 5s...
27-11-2024 15:43:50 - INFO - Sending request to Setting Chamber Zones to a= 1.0, b= 0.25, c= 1.0, d= 0.25 with timeout of 5s...
27-11-2024 15:43:50 - INFO - Sending request to Setting Chamber Zones to a= 1.0, b= 0.25, c= 1.0, d= 0.25 with timeout of 5s...
27-11-2024 15:43:50 - INFO - Sending request to Setting Chamber Zones to a= 1.0, b= 0.25, c= 1.0, d= 0.25 with timeout of 5s...
27-11-2024 15:43:51 - INFO - Sending request to Setting Chamber Zones to a= 1.0, b= 0.25, c= 1.0, d= 0.25 with timeout of 5s...
27-11-2024 15:43:51 - INFO - Sending request to Setting Chamber Zones to a= 1.0, b= 0.25, c= 1.0, d= 0.25 with timeout of 5s...
27-11-2024 15:43:51 - INFO - Sending request to Setting Chamber Zones to a= 1.0, b= 0.25, c= 1.0, d= 0.25 with timeout of 5s...
27-11-2024 15:43:51 - INFO - Sending request to Setting Chamber Zones to a= 1.0, b= 0.25, c= 1.0, d= 0.25 with timeout of 5s...
27-11-2024 15:43:51 - INFO - Sending request to Setting Chamber Zones to a= 1.0, b= 0.25, c= 1.0, d= 0.25 with timeout of 5s...
27-11-2024 15:43:52 - INFO - Sending request to Setting Chamber Zones to a= 1.0, b= 0.25, c= 1.0, d= 0.25 with timeout of 5s...
27-11-2024 15:43:52 - INFO - Sending request to Setting Chamber Zones to a= 1.0, b= 0.25, c= 1.0, d= 0.25 with timeout of 5s...
27-11-2024 15:43:52 - INFO - Sending request to Setting Chamber Zones to a= 1.0, b= 0.25, c= 1.0, d= 0.25 with timeout of 5s...
27-11-2024 15:43:52 - INFO - Sending request to Setting Chamber Zones to a= 1.0, b= 0.25, c= 1.0, d= 0.25 with timeout of 5s...
27-11-2024 15:43:53 - INFO - Sending request to Setting Chamber Zones to a= 1.0, b= 0.25, c= 1.0, d= 0.25 with timeout of 5s...
27-11-2024 15:43:53 - INFO - Sending request to Setting Chamber Zones to a= 1.0, b= 0.25, c= 1.0, d= 0.25 with timeout of 5s...
27-11-2024 15:43:53 - INFO - Sending request to Setting Chamber Zones to a= 1.0, b= 0.25, c= 1.0, d= 0.25 with timeout of 5s...
27-11-2024 15:43:53 - INFO - Sending request to Setting Chamber Zones to a= 1.0, b= 0.25, c= 1.0, d= 0.25 with timeout of 5s...
27-11-2024 15:43:53 - INFO - Sending request to Setting Chamber Zones to a= 1.0, b= 0.25, c= 1.0, d= 0.25 with timeout of 5s...
27-11-2024 15:43:54 - INFO - Sending request to Setting Chamber Zones to a= 1.0, b= 0.25, c= 1.0, d= 0.25 with timeout of 5s...
27-11-2024 15:43:54 - INFO - Sending request to Setting Chamber Zones to a= 1.0, b= 0.25, c= 1.0, d= 0.25 with timeout of 5s...
27-11-2024 15:43:54 - INFO - Sending request to Setting Chamber Zones to a= 1.0, b= 0.25, c= 1.0, d= 0.25 with timeout of 5s...
27-11-2024 15:43:54 - INFO - Sending request to Setting Chamber Zones to a= 1.0, b= 0.25, c= 1.0, d= 0.25 with timeout of 5s...
27-11-2024 15:43:54 - INFO - Sending request to Setting Chamber Zones to a= 1.0, b= 0.25, c= 1.0, d= 0.25 with timeout of 5s...
27-11-2024 15:43:55 - INFO - Sending request to Setting Chamber Zones to a= 1.0, b= 0.25, c= 1.0, d= 0.25 with timeout of 5s...
27-11-2024 15:43:55 - INFO - Sending request to Setting Chamber Zones to a= 1.0, b= 0.25, c= 1.0, d= 0.25 with timeout of 5s...
27-11-2024 15:43:55 - INFO - Sending request to Setting Chamber Zones to a= 1.0, b= 0.25, c= 1.0, d= 0.25 with timeout of 5s...
27-11-2024 15:43:55 - INFO - Sending request to Setting Chamber Zones to a= 1.0, b= 0.25, c= 1.0, d= 0.25 with timeout of 5s...
27-11-2024 15:43:55 - INFO - Sending request to Setting Chamber Zones to a= 1.0, b= 0.25, c= 1.0, d= 0.25 with timeout of 5s...
27-11-2024 15:43:56 - INFO - Sending request to Setting Chamber Zones to a= 1.0, b= 0.25, c= 1.0, d= 0.25 with timeout of 5s...
27-11-2024 15:43:56 - INFO - Sending request to Setting Chamber Zones to a= 1.0, b= 0.25, c= 1.0, d= 0.25 with timeout of 5s...
27-11-2024 15:43:56 - INFO - Sending request to Setting Chamber Zones to a= 1.0, b= 0.25, c= 1.0, d= 0.25 with timeout of 5s...
27-11-2024 15:43:56 - INFO - Sending request to Setting Chamber Zones to a= 1.0, b= 0.25, c= 1.0, d= 0.25 with timeout of 5s...
27-11-2024 15:43:56 - INFO - Sending request to Setting Chamber Zones to a= 1.0, b= 0.25, c= 1.0, d= 0.25 with timeout of 5s...
27-11-2024 15:43:57 - INFO - Sending request to Setting Chamber Zones to a= 1.0, b= 0.25, c= 1.0, d= 0.25 with timeout of 5s...
27-11-2024 15:43:57 - INFO - Sending request to Setting Chamber Zones to a= 1.0, b= 0.25, c= 1.0, d= 0.25 with timeout of 5s...
