05-12-2024 14:43:45 - INFO - Sending request to Setting Chamber Zones to a= 0, b= 0, c= 0, d= 0 with timeout of 5s...
05-12-2024 14:43:45 - INFO - Sending request to Setting Chamber Zones to a= 0.04046399999999986, b= 0.010115999999999965, c= 0.04046399999999986, d= 0.010115999999999965 with timeout of 5s...
05-12-2024 14:43:45 - INFO - Setting Chamber Zones to a= 0.04046399999999986, b= 0.010115999999999965, c= 0.04046399999999986, d= 0.010115999999999965 request successfully sent.
05-12-2024 14:43:45 - INFO - Response from moonraker: {'result': 'ok'}
05-12-2024 14:43:45 - INFO - Setting Chamber Zones to a= 0.04046399999999986, b= 0.010115999999999965, c= 0.04046399999999986, d= 0.010115999999999965 Request successfully executed.
05-12-2024 14:43:45 - ERROR - E102 : Setting Chamber Zones to a= 0.04046399999999986, b= 0.010115999999999965, c= 0.04046399999999986, d= 0.010115999999999965 Request to Moonraker Timed out 
 Setting Chamber Zones to a= 0.04046399999999986, b= 0.010115999999999965, c= 0.04046399999999986, d= 0.010115999999999965 not successful
 Initiating firmware restart
05-12-2024 14:43:45 - INFO - Sending request to Setting Chamber Zones to a= 0.04012799999999986, b= 0.010031999999999965, c= 0.04012799999999986, d= 0.010031999999999965 with timeout of 5s...
05-12-2024 14:43:45 - INFO - Sending request to Setting Chamber Zones to a= 0.04019199999999987, b= 0.010047999999999967, c= 0.04019199999999987, d= 0.010047999999999967 with timeout of 5s...
05-12-2024 14:43:45 - INFO - Sending request to Setting Chamber Zones to a= 0.04025599999999987, b= 0.010063999999999967, c= 0.04025599999999987, d= 0.010063999999999967 with timeout of 5s...
05-12-2024 14:43:46 - INFO - Sending request to Setting Chamber Zones to a= 0.04031999999999987, b= 0.010079999999999967, c= 0.04031999999999987, d= 0.010079999999999967 with timeout of 5s...
05-12-2024 14:43:46 - INFO - Sending request to Setting Chamber Zones to a= 0.03532600000000015, b= 0.008831500000000037, c= 0.03532600000000015, d= 0.008831500000000037 with timeout of 5s...
05-12-2024 14:43:46 - INFO - Sending request to Setting Chamber Zones to a= 0.03037400000000007, b= 0.007593500000000018, c= 0.03037400000000007, d= 0.007593500000000018 with timeout of 5s...
05-12-2024 14:43:46 - INFO - Sending request to Setting Chamber Zones to a= 0.020355999999999926, b= 0.0050889999999999816, c= 0.020355999999999926, d= 0.0050889999999999816 with timeout of 5s...
05-12-2024 14:43:46 - INFO - Sending request to Setting Chamber Zones to a= 0.015429999999999857, b= 0.0038574999999999643, c= 0.015429999999999857, d= 0.0038574999999999643 with timeout of 5s...
05-12-2024 14:43:47 - INFO - Sending request to Setting Chamber Zones to a= 0.010446000000000144, b= 0.002611500000000036, c= 0.010446000000000144, d= 0.002611500000000036 with timeout of 5s...
05-12-2024 14:43:47 - INFO - Sending request to Setting Chamber Zones to a= 0.00545400000000007, b= 0.0013635000000000175, c= 0.00545400000000007, d= 0.0013635000000000175 with timeout of 5s...
05-12-2024 14:43:47 - INFO - Sending request to Setting Chamber Zones to a= 0.00551200000000007, b= 0.0013780000000000174, c= 0.00551200000000007, d= 0.0013780000000000174 with timeout of 5s...
05-12-2024 14:43:47 - INFO - Sending request to Setting Chamber Zones to a= 0.00552000000000007, b= 0.0013800000000000175, c= 0.00552000000000007, d= 0.0013800000000000175 with timeout of 5s...
05-12-2024 14:43:47 - INFO - Sending request to Setting Chamber Zones to a= 0.005528000000000071, b= 0.0013820000000000178, c= 0.005528000000000071, d= 0.0013820000000000178 with timeout of 5s...
05-12-2024 14:43:48 - INFO - Sending request to Setting Chamber Zones to a= 0.005536000000000071, b= 0.0013840000000000178, c= 0.005536000000000071, d= 0.0013840000000000178 with timeout of 5s...
05-12-2024 14:43:48 - INFO - Sending request to Setting Chamber Zones to a= 0.0055440000000000714, b= 0.0013860000000000179, c= 0.0055440000000000714, d= 0.0013860000000000179 with timeout of 5s...
05-12-2024 14:43:48 - INFO - Sending request to Setting Chamber Zones to a= 0.00555200000000007, b= 0.0013880000000000175, c= 0.00555200000000007, d= 0.0013880000000000175 with timeout of 5s...
05-12-2024 14:43:48 - INFO - Sending request to Setting Chamber Zones to a= 0.00556000000000007, b= 0.0013900000000000175, c= 0.00556000000000007, d= 0.0013900000000000175 with timeout of 5s...
05-12-2024 14:43:48 - INFO - Sending request to Setting Chamber Zones to a= 0.00556800000000007, b= 0.0013920000000000176, c= 0.00556800000000007, d= 0.0013920000000000176 with timeout of 5s...
05-12-2024 14:43:49 - INFO - Sending request to Setting Chamber Zones to a= 0.0055760000000000705, b= 0.0013940000000000176, c= 0.0055760000000000705, d= 0.0013940000000000176 with timeout of 5s...
05-12-2024 14:43:49 - INFO - Sending request to Setting Chamber Zones to a= 0.0055840000000000715, b= 0.0013960000000000179, c= 0.0055840000000000715, d= 0.0013960000000000179 with timeout of 5s...
05-12-2024 14:43:49 - INFO - Sending request to Setting Chamber Zones to a= 0.005592000000000072, b= 0.001398000000000018, c= 0.005592000000000072, d= 0.001398000000000018 with timeout of 5s...
05-12-2024 14:43:49 - INFO - Sending request to Setting Chamber Zones to a= 0.005600000000000072, b= 0.001400000000000018, c= 0.005600000000000072, d= 0.001400000000000018 with timeout of 5s...
05-12-2024 14:43:49 - INFO - Sending request to Setting Chamber Zones to a= 0.005608000000000072, b= 0.001402000000000018, c= 0.005608000000000072, d= 0.001402000000000018 with timeout of 5s...
05-12-2024 14:43:50 - INFO - Sending request to Setting Chamber Zones to a= 0.005616000000000072, b= 0.001404000000000018, c= 0.005616000000000072, d= 0.001404000000000018 with timeout of 5s...
05-12-2024 14:43:50 - INFO - Sending request to Setting Chamber Zones to a= 0.0056240000000000725, b= 0.0014060000000000181, c= 0.0056240000000000725, d= 0.0014060000000000181 with timeout of 5s...
05-12-2024 14:43:50 - INFO - Sending request to Setting Chamber Zones to a= 0.0, b= 0.0, c= 0.0, d= 0.0 with timeout of 5s...
05-12-2024 14:43:50 - INFO - Sending request to Setting Chamber Zones to a= 0.0, b= 0.0, c= 0.0, d= 0.0 with timeout of 5s...
05-12-2024 14:43:50 - INFO - Sending request to Setting Chamber Zones to a= 0.0, b= 0.0, c= 0.0, d= 0.0 with timeout of 5s...
05-12-2024 14:43:51 - INFO - Sending request to Setting Chamber Zones to a= 0.0, b= 0.0, c= 0.0, d= 0.0 with timeout of 5s...
05-12-2024 14:43:51 - INFO - Sending request to Setting Chamber Zones to a= 0.0, b= 0.0, c= 0.0, d= 0.0 with timeout of 5s...
05-12-2024 14:43:51 - INFO - Sending request to Setting Chamber Zones to a= 0.0, b= 0.0, c= 0.0, d= 0.0 with timeout of 5s...
05-12-2024 14:43:51 - INFO - Sending request to Setting Chamber Zones to a= 0.0, b= 0.0, c= 0.0, d= 0.0 with timeout of 5s...
05-12-2024 14:43:52 - INFO - Sending request to Setting Chamber Zones to a= 0.0, b= 0.0, c= 0.0, d= 0.0 with timeout of 5s...
05-12-2024 14:43:52 - INFO - Sending request to Setting Chamber Zones to a= 0.0, b= 0.0, c= 0.0, d= 0.0 with timeout of 5s...
05-12-2024 14:43:52 - INFO - Sending request to Setting Chamber Zones to a= 0.0, b= 0.0, c= 0.0, d= 0.0 with timeout of 5s...
05-12-2024 14:43:52 - INFO - Sending request to Setting Chamber Zones to a= 0.0, b= 0.0, c= 0.0, d= 0.0 with timeout of 5s...
05-12-2024 14:43:52 - INFO - Sending request to Setting Chamber Zones to a= 0.0, b= 0.0, c= 0.0, d= 0.0 with timeout of 5s...
05-12-2024 14:43:53 - INFO - Sending request to Setting Chamber Zones to a= 0.0, b= 0.0, c= 0.0, d= 0.0 with timeout of 5s...
05-12-2024 14:43:53 - INFO - Sending request to Setting Chamber Zones to a= 0.0, b= 0.0, c= 0.0, d= 0.0 with timeout of 5s...
05-12-2024 14:43:53 - INFO - Sending request to Setting Chamber Zones to a= 0.0, b= 0.0, c= 0.0, d= 0.0 with timeout of 5s...
05-12-2024 14:43:53 - INFO - Sending request to Setting Chamber Zones to a= 0.0, b= 0.0, c= 0.0, d= 0.0 with timeout of 5s...
05-12-2024 14:43:53 - INFO - Sending request to Setting Chamber Zones to a= 0.0, b= 0.0, c= 0.0, d= 0.0 with timeout of 5s...
05-12-2024 14:43:54 - INFO - Sending request to Setting Chamber Zones to a= 0.0, b= 0.0, c= 0.0, d= 0.0 with timeout of 5s...
05-12-2024 14:43:54 - INFO - Sending request to Setting Chamber Zones to a= 0.0, b= 0.0, c= 0.0, d= 0.0 with timeout of 5s...
05-12-2024 14:43:54 - INFO - Sending request to Setting Chamber Zones to a= 0.0, b= 0.0, c= 0.0, d= 0.0 with timeout of 5s...
05-12-2024 14:43:54 - INFO - Sending request to Setting Chamber Zones to a= 0.0, b= 0.0, c= 0.0, d= 0.0 with timeout of 5s...
05-12-2024 14:43:54 - INFO - Sending request to Setting Chamber Zones to a= 0.0, b= 0.0, c= 0.0, d= 0.0 with timeout of 5s...
05-12-2024 14:43:55 - INFO - Sending request to Setting Chamber Zones to a= 0.0, b= 0.0, c= 0.0, d= 0.0 with timeout of 5s...
05-12-2024 14:43:55 - INFO - Sending request to Setting Chamber Zones to a= 0.0, b= 0.0, c= 0.0, d= 0.0 with timeout of 5s...
05-12-2024 14:43:55 - INFO - Setting Chamber Zones to a= 0.0, b= 0.0, c= 0.0, d= 0.0 request successfully sent.
05-12-2024 14:43:55 - INFO - Response from moonraker: {'result': 'ok'}
05-12-2024 14:43:55 - INFO - Setting Chamber Zones to a= 0.0, b= 0.0, c= 0.0, d= 0.0 Request successfully executed.
05-12-2024 14:43:55 - ERROR - E102 : Setting Chamber Zones to a= 0.0, b= 0.0, c= 0.0, d= 0.0 Request to Moonraker Timed out 
 Setting Chamber Zones to a= 0.0, b= 0.0, c= 0.0, d= 0.0 not successful
 Initiating firmware restart
05-12-2024 14:43:55 - INFO - Sending request to Setting Chamber Zones to a= 0.0, b= 0.0, c= 0.0, d= 0.0 with timeout of 5s...
05-12-2024 14:43:55 - INFO - Sending request to Setting Chamber Zones to a= 0.0, b= 0.0, c= 0.0, d= 0.0 with timeout of 5s...
05-12-2024 14:43:55 - INFO - Sending request to Setting Chamber Zones to a= 0.0, b= 0.0, c= 0.0, d= 0.0 with timeout of 5s...
05-12-2024 14:43:56 - INFO - Sending request to Setting Chamber Zones to a= 0.0, b= 0.0, c= 0.0, d= 0.0 with timeout of 5s...
05-12-2024 14:43:56 - INFO - Sending request to Setting Chamber Zones to a= 0.0, b= 0.0, c= 0.0, d= 0.0 with timeout of 5s...
05-12-2024 14:43:56 - INFO - Sending request to Setting Chamber Zones to a= 0.0, b= 0.0, c= 0.0, d= 0.0 with timeout of 5s...
05-12-2024 14:43:56 - INFO - Sending request to Setting Chamber Zones to a= 0.0, b= 0.0, c= 0.0, d= 0.0 with timeout of 5s...
05-12-2024 14:43:56 - INFO - Sending request to Setting Chamber Zones to a= 0.0, b= 0.0, c= 0.0, d= 0.0 with timeout of 5s...
05-12-2024 14:43:57 - INFO - Sending request to Setting Chamber Zones to a= 0.0, b= 0.0, c= 0.0, d= 0.0 with timeout of 5s...
05-12-2024 14:43:57 - INFO - Sending request to Setting Chamber Zones to a= 0.0, b= 0.0, c= 0.0, d= 0.0 with timeout of 5s...
05-12-2024 14:43:57 - INFO - Sending request to Setting Chamber Zones to a= 0.0, b= 0.0, c= 0.0, d= 0.0 with timeout of 5s...
05-12-2024 14:43:57 - INFO - Sending request to Setting Chamber Zones to a= 0.0, b= 0.0, c= 0.0, d= 0.0 with timeout of 5s...
05-12-2024 14:43:57 - INFO - Sending request to Setting Chamber Zones to a= 0.0, b= 0.0, c= 0.0, d= 0.0 with timeout of 5s...
05-12-2024 14:43:58 - INFO - Sending request to Setting Chamber Zones to a= 0.0, b= 0.0, c= 0.0, d= 0.0 with timeout of 5s...
05-12-2024 14:43:58 - INFO - Sending request to Setting Chamber Zones to a= 0.0, b= 0.0, c= 0.0, d= 0.0 with timeout of 5s...
05-12-2024 14:43:58 - INFO - Sending request to Setting Chamber Zones to a= 0.0, b= 0.0, c= 0.0, d= 0.0 with timeout of 5s...
05-12-2024 14:43:58 - INFO - Sending request to Setting Chamber Zones to a= 0.0, b= 0.0, c= 0.0, d= 0.0 with timeout of 5s...
05-12-2024 14:43:58 - INFO - Sending request to Setting Chamber Zones to a= 0.0, b= 0.0, c= 0.0, d= 0.0 with timeout of 5s...
05-12-2024 14:43:59 - INFO - Sending request to Setting Chamber Zones to a= 0.0, b= 0.0, c= 0.0, d= 0.0 with timeout of 5s...
05-12-2024 14:43:59 - INFO - Sending request to Setting Chamber Zones to a= 0.0, b= 0.0, c= 0.0, d= 0.0 with timeout of 5s...
05-12-2024 14:43:59 - INFO - Sending request to Setting Chamber Zones to a= 0.0, b= 0.0, c= 0.0, d= 0.0 with timeout of 5s...
05-12-2024 14:43:59 - INFO - Sending request to Setting Chamber Zones to a= 0.0, b= 0.0, c= 0.0, d= 0.0 with timeout of 5s...
05-12-2024 14:43:59 - INFO - Sending request to Setting Chamber Zones to a= 0.0, b= 0.0, c= 0.0, d= 0.0 with timeout of 5s...
05-12-2024 14:44:00 - INFO - Sending request to Setting Chamber Zones to a= 0.0, b= 0.0, c= 0.0, d= 0.0 with timeout of 5s...
05-12-2024 14:44:00 - INFO - Sending request to Setting Chamber Zones to a= 0.0, b= 0.0, c= 0.0, d= 0.0 with timeout of 5s...
05-12-2024 14:44:00 - INFO - Sending request to Setting Chamber Zones to a= 0.0, b= 0.0, c= 0.0, d= 0.0 with timeout of 5s...
05-12-2024 14:44:00 - INFO - Sending request to Setting Chamber Zones to a= 0.0, b= 0.0, c= 0.0, d= 0.0 with timeout of 5s...
05-12-2024 14:44:00 - INFO - Sending request to Setting Chamber Zones to a= 0.0, b= 0.0, c= 0.0, d= 0.0 with timeout of 5s...
05-12-2024 14:44:01 - INFO - Sending request to Setting Chamber Zones to a= 0.0, b= 0.0, c= 0.0, d= 0.0 with timeout of 5s...
05-12-2024 14:44:01 - INFO - Sending request to Setting Chamber Zones to a= 0.0, b= 0.0, c= 0.0, d= 0.0 with timeout of 5s...
05-12-2024 14:44:01 - INFO - Sending request to Setting Chamber Zones to a= 0.0, b= 0.0, c= 0.0, d= 0.0 with timeout of 5s...
05-12-2024 14:44:01 - INFO - Sending request to Setting Chamber Zones to a= 0.0, b= 0.0, c= 0.0, d= 0.0 with timeout of 5s...
05-12-2024 14:44:01 - INFO - Sending request to Setting Chamber Zones to a= 0.0, b= 0.0, c= 0.0, d= 0.0 with timeout of 5s...
05-12-2024 14:44:02 - INFO - Sending request to Setting Chamber Zones to a= 0.0, b= 0.0, c= 0.0, d= 0.0 with timeout of 5s...
05-12-2024 14:44:02 - INFO - Sending request to Setting Chamber Zones to a= 0.0, b= 0.0, c= 0.0, d= 0.0 with timeout of 5s...
05-12-2024 14:44:02 - INFO - Sending request to Setting Chamber Zones to a= 0.0, b= 0.0, c= 0.0, d= 0.0 with timeout of 5s...
05-12-2024 14:44:02 - INFO - Sending request to Setting Chamber Zones to a= 0.0, b= 0.0, c= 0.0, d= 0.0 with timeout of 5s...
05-12-2024 14:44:02 - INFO - Sending request to Setting Chamber Zones to a= 0.0, b= 0.0, c= 0.0, d= 0.0 with timeout of 5s...
05-12-2024 14:44:03 - INFO - Sending request to Setting Chamber Zones to a= 0.0, b= 0.0, c= 0.0, d= 0.0 with timeout of 5s...
05-12-2024 14:44:03 - INFO - Sending request to Setting Chamber Zones to a= 0.0, b= 0.0, c= 0.0, d= 0.0 with timeout of 5s...
05-12-2024 14:44:03 - INFO - Sending request to Setting Chamber Zones to a= 0.0, b= 0.0, c= 0.0, d= 0.0 with timeout of 5s...
05-12-2024 14:44:03 - INFO - Sending request to Setting Chamber Zones to a= 0.0, b= 0.0, c= 0.0, d= 0.0 with timeout of 5s...
05-12-2024 14:44:03 - INFO - Sending request to Setting Chamber Zones to a= 0.0, b= 0.0, c= 0.0, d= 0.0 with timeout of 5s...
05-12-2024 14:44:04 - INFO - Sending request to Setting Chamber Zones to a= 0.0, b= 0.0, c= 0.0, d= 0.0 with timeout of 5s...
05-12-2024 14:44:04 - INFO - Sending request to Setting Chamber Zones to a= 0.0, b= 0.0, c= 0.0, d= 0.0 with timeout of 5s...
05-12-2024 14:44:04 - INFO - Sending request to Setting Chamber Zones to a= 0.0, b= 0.0, c= 0.0, d= 0.0 with timeout of 5s...
05-12-2024 14:44:04 - INFO - Sending request to Setting Chamber Zones to a= 0.0, b= 0.0, c= 0.0, d= 0.0 with timeout of 5s...
05-12-2024 14:44:04 - INFO - Sending request to Setting Chamber Zones to a= 0.0, b= 0.0, c= 0.0, d= 0.0 with timeout of 5s...
05-12-2024 14:44:05 - INFO - Sending request to Setting Chamber Zones to a= 0.0, b= 0.0, c= 0.0, d= 0.0 with timeout of 5s...
05-12-2024 14:44:05 - INFO - Sending request to Setting Chamber Zones to a= 0.0, b= 0.0, c= 0.0, d= 0.0 with timeout of 5s...
05-12-2024 14:44:05 - INFO - Setting Chamber Zones to a= 0.0, b= 0.0, c= 0.0, d= 0.0 request successfully sent.
05-12-2024 14:44:05 - INFO - Response from moonraker: {'result': 'ok'}
05-12-2024 14:44:05 - INFO - Setting Chamber Zones to a= 0.0, b= 0.0, c= 0.0, d= 0.0 Request successfully executed.
05-12-2024 14:44:05 - ERROR - E102 : Setting Chamber Zones to a= 0.0, b= 0.0, c= 0.0, d= 0.0 Request to Moonraker Timed out 
 Setting Chamber Zones to a= 0.0, b= 0.0, c= 0.0, d= 0.0 not successful
 Initiating firmware restart
05-12-2024 14:44:05 - INFO - Sending request to Setting Chamber Zones to a= 0.0, b= 0.0, c= 0.0, d= 0.0 with timeout of 5s...
05-12-2024 14:44:05 - INFO - Sending request to Setting Chamber Zones to a= 0.0, b= 0.0, c= 0.0, d= 0.0 with timeout of 5s...
05-12-2024 14:44:05 - INFO - Sending request to Setting Chamber Zones to a= 0.0, b= 0.0, c= 0.0, d= 0.0 with timeout of 5s...
05-12-2024 14:44:06 - INFO - Sending request to Setting Chamber Zones to a= 0.0, b= 0.0, c= 0.0, d= 0.0 with timeout of 5s...
05-12-2024 14:44:06 - INFO - Sending request to Setting Chamber Zones to a= 0.0, b= 0.0, c= 0.0, d= 0.0 with timeout of 5s...
05-12-2024 14:44:06 - INFO - Sending request to Setting Chamber Zones to a= 0.0, b= 0.0, c= 0.0, d= 0.0 with timeout of 5s...
05-12-2024 14:44:06 - INFO - Sending request to Setting Chamber Zones to a= 0.0, b= 0.0, c= 0.0, d= 0.0 with timeout of 5s...
05-12-2024 14:44:06 - INFO - Sending request to Setting Chamber Zones to a= 0.0, b= 0.0, c= 0.0, d= 0.0 with timeout of 5s...
05-12-2024 14:44:07 - INFO - Sending request to Setting Chamber Zones to a= 0.0, b= 0.0, c= 0.0, d= 0.0 with timeout of 5s...
05-12-2024 14:44:07 - INFO - Sending request to Setting Chamber Zones to a= 0.0, b= 0.0, c= 0.0, d= 0.0 with timeout of 5s...
05-12-2024 14:44:07 - INFO - Sending request to Setting Chamber Zones to a= 0.0, b= 0.0, c= 0.0, d= 0.0 with timeout of 5s...
05-12-2024 14:44:07 - INFO - Sending request to Setting Chamber Zones to a= 0.0, b= 0.0, c= 0.0, d= 0.0 with timeout of 5s...
05-12-2024 14:44:07 - INFO - Sending request to Setting Chamber Zones to a= 0.0, b= 0.0, c= 0.0, d= 0.0 with timeout of 5s...
05-12-2024 14:44:08 - INFO - Sending request to Setting Chamber Zones to a= 0.002858000000000076, b= 0.000714500000000019, c= 0.002858000000000076, d= 0.000714500000000019 with timeout of 5s...
05-12-2024 14:44:08 - INFO - Sending request to Setting Chamber Zones to a= 0.002816000000000076, b= 0.000704000000000019, c= 0.002816000000000076, d= 0.000704000000000019 with timeout of 5s...
05-12-2024 14:44:08 - INFO - Sending request to Setting Chamber Zones to a= 0.002824000000000076, b= 0.000706000000000019, c= 0.002824000000000076, d= 0.000706000000000019 with timeout of 5s...
05-12-2024 14:44:08 - INFO - Sending request to Setting Chamber Zones to a= 0.002832000000000076, b= 0.000708000000000019, c= 0.002832000000000076, d= 0.000708000000000019 with timeout of 5s...
05-12-2024 14:44:08 - INFO - Sending request to Setting Chamber Zones to a= 0.002840000000000076, b= 0.000710000000000019, c= 0.002840000000000076, d= 0.000710000000000019 with timeout of 5s...
05-12-2024 14:44:09 - INFO - Sending request to Setting Chamber Zones to a= 0.002848000000000076, b= 0.000712000000000019, c= 0.002848000000000076, d= 0.000712000000000019 with timeout of 5s...
05-12-2024 14:44:09 - INFO - Sending request to Setting Chamber Zones to a= 0.0028560000000000764, b= 0.0007140000000000191, c= 0.0028560000000000764, d= 0.0007140000000000191 with timeout of 5s...
05-12-2024 14:44:09 - INFO - Sending request to Setting Chamber Zones to a= 0.0028640000000000766, b= 0.0007160000000000191, c= 0.0028640000000000766, d= 0.0007160000000000191 with timeout of 5s...
05-12-2024 14:44:09 - INFO - Sending request to Setting Chamber Zones to a= 0.0028720000000000767, b= 0.0007180000000000192, c= 0.0028720000000000767, d= 0.0007180000000000192 with timeout of 5s...
05-12-2024 14:44:09 - INFO - Sending request to Setting Chamber Zones to a= 0.002880000000000077, b= 0.0007200000000000192, c= 0.002880000000000077, d= 0.0007200000000000192 with timeout of 5s...
05-12-2024 14:44:10 - INFO - Sending request to Setting Chamber Zones to a= 0.0028880000000000767, b= 0.0007220000000000192, c= 0.0028880000000000767, d= 0.0007220000000000192 with timeout of 5s...
05-12-2024 14:44:10 - INFO - Sending request to Setting Chamber Zones to a= 0.002896000000000077, b= 0.0007240000000000192, c= 0.002896000000000077, d= 0.0007240000000000192 with timeout of 5s...
05-12-2024 14:44:10 - INFO - Sending request to Setting Chamber Zones to a= 0.002904000000000077, b= 0.0007260000000000193, c= 0.002904000000000077, d= 0.0007260000000000193 with timeout of 5s...
05-12-2024 14:44:10 - INFO - Sending request to Setting Chamber Zones to a= 0.0029120000000000773, b= 0.0007280000000000193, c= 0.0029120000000000773, d= 0.0007280000000000193 with timeout of 5s...
05-12-2024 14:44:10 - INFO - Sending request to Setting Chamber Zones to a= 0.0029200000000000775, b= 0.0007300000000000194, c= 0.0029200000000000775, d= 0.0007300000000000194 with timeout of 5s...
05-12-2024 14:44:11 - INFO - Sending request to Setting Chamber Zones to a= 0.0029280000000000772, b= 0.0007320000000000193, c= 0.0029280000000000772, d= 0.0007320000000000193 with timeout of 5s...
05-12-2024 14:44:11 - INFO - Sending request to Setting Chamber Zones to a= 0.0029360000000000774, b= 0.0007340000000000194, c= 0.0029360000000000774, d= 0.0007340000000000194 with timeout of 5s...
05-12-2024 14:44:11 - INFO - Sending request to Setting Chamber Zones to a= 0.0029440000000000776, b= 0.0007360000000000194, c= 0.0029440000000000776, d= 0.0007360000000000194 with timeout of 5s...
05-12-2024 14:44:11 - INFO - Sending request to Setting Chamber Zones to a= 0.002952000000000078, b= 0.0007380000000000195, c= 0.002952000000000078, d= 0.0007380000000000195 with timeout of 5s...
05-12-2024 14:44:11 - INFO - Sending request to Setting Chamber Zones to a= 0.002960000000000078, b= 0.0007400000000000195, c= 0.002960000000000078, d= 0.0007400000000000195 with timeout of 5s...
05-12-2024 14:44:12 - INFO - Sending request to Setting Chamber Zones to a= 0.0029680000000000778, b= 0.0007420000000000194, c= 0.0029680000000000778, d= 0.0007420000000000194 with timeout of 5s...
05-12-2024 14:44:12 - INFO - Sending request to Setting Chamber Zones to a= 0.002976000000000078, b= 0.0007440000000000195, c= 0.002976000000000078, d= 0.0007440000000000195 with timeout of 5s...
05-12-2024 14:44:12 - INFO - Sending request to Setting Chamber Zones to a= 0.002984000000000078, b= 0.0007460000000000195, c= 0.002984000000000078, d= 0.0007460000000000195 with timeout of 5s...
05-12-2024 14:44:12 - INFO - Sending request to Setting Chamber Zones to a= 0.0029920000000000784, b= 0.0007480000000000196, c= 0.0029920000000000784, d= 0.0007480000000000196 with timeout of 5s...
05-12-2024 14:44:12 - INFO - Sending request to Setting Chamber Zones to a= 0.0030000000000000786, b= 0.0007500000000000196, c= 0.0030000000000000786, d= 0.0007500000000000196 with timeout of 5s...
05-12-2024 14:44:13 - INFO - Sending request to Setting Chamber Zones to a= 0.0030080000000000788, b= 0.0007520000000000197, c= 0.0030080000000000788, d= 0.0007520000000000197 with timeout of 5s...
05-12-2024 14:44:13 - INFO - Sending request to Setting Chamber Zones to a= 0.0030160000000000785, b= 0.0007540000000000196, c= 0.0030160000000000785, d= 0.0007540000000000196 with timeout of 5s...
05-12-2024 14:44:13 - INFO - Sending request to Setting Chamber Zones to a= 0.0030240000000000787, b= 0.0007560000000000197, c= 0.0030240000000000787, d= 0.0007560000000000197 with timeout of 5s...
05-12-2024 14:44:13 - INFO - Sending request to Setting Chamber Zones to a= 0.003032000000000079, b= 0.0007580000000000197, c= 0.003032000000000079, d= 0.0007580000000000197 with timeout of 5s...
05-12-2024 14:44:13 - INFO - Sending request to Setting Chamber Zones to a= 0.003040000000000079, b= 0.0007600000000000198, c= 0.003040000000000079, d= 0.0007600000000000198 with timeout of 5s...
05-12-2024 14:44:14 - INFO - Sending request to Setting Chamber Zones to a= 0.0030480000000000797, b= 0.0007620000000000199, c= 0.0030480000000000797, d= 0.0007620000000000199 with timeout of 5s...
05-12-2024 14:44:14 - INFO - Sending request to Setting Chamber Zones to a= 0.00305600000000008, b= 0.00076400000000002, c= 0.00305600000000008, d= 0.00076400000000002 with timeout of 5s...
05-12-2024 14:44:14 - INFO - Sending request to Setting Chamber Zones to a= 0.0030640000000000792, b= 0.0007660000000000198, c= 0.0030640000000000792, d= 0.0007660000000000198 with timeout of 5s...
05-12-2024 14:44:14 - INFO - Sending request to Setting Chamber Zones to a= 0.00307200000000008, b= 0.00076800000000002, c= 0.00307200000000008, d= 0.00076800000000002 with timeout of 5s...
05-12-2024 14:44:14 - INFO - Sending request to Setting Chamber Zones to a= 0.00308000000000008, b= 0.00077000000000002, c= 0.00308000000000008, d= 0.00077000000000002 with timeout of 5s...
05-12-2024 14:44:15 - INFO - Sending request to Setting Chamber Zones to a= 0.0030880000000000794, b= 0.0007720000000000198, c= 0.0030880000000000794, d= 0.0007720000000000198 with timeout of 5s...
05-12-2024 14:44:15 - INFO - Sending request to Setting Chamber Zones to a= 0.0030960000000000796, b= 0.0007740000000000199, c= 0.0030960000000000796, d= 0.0007740000000000199 with timeout of 5s...
05-12-2024 14:44:15 - INFO - Setting Chamber Zones to a= 0.0030960000000000796, b= 0.0007740000000000199, c= 0.0030960000000000796, d= 0.0007740000000000199 request successfully sent.
05-12-2024 14:44:15 - INFO - Response from moonraker: {'result': 'ok'}
05-12-2024 14:44:15 - INFO - Setting Chamber Zones to a= 0.0030960000000000796, b= 0.0007740000000000199, c= 0.0030960000000000796, d= 0.0007740000000000199 Request successfully executed.
05-12-2024 14:44:15 - ERROR - E102 : Setting Chamber Zones to a= 0.0030960000000000796, b= 0.0007740000000000199, c= 0.0030960000000000796, d= 0.0007740000000000199 Request to Moonraker Timed out 
 Setting Chamber Zones to a= 0.0030960000000000796, b= 0.0007740000000000199, c= 0.0030960000000000796, d= 0.0007740000000000199 not successful
 Initiating firmware restart
05-12-2024 14:44:15 - INFO - Sending request to Setting Chamber Zones to a= 0.0031040000000000802, b= 0.0007760000000000201, c= 0.0031040000000000802, d= 0.0007760000000000201 with timeout of 5s...
05-12-2024 14:44:15 - INFO - Sending request to Setting Chamber Zones to a= 0.0031120000000000804, b= 0.0007780000000000201, c= 0.0031120000000000804, d= 0.0007780000000000201 with timeout of 5s...
05-12-2024 14:44:15 - INFO - Sending request to Setting Chamber Zones to a= 0.0031200000000000797, b= 0.0007800000000000199, c= 0.0031200000000000797, d= 0.0007800000000000199 with timeout of 5s...
05-12-2024 14:44:16 - INFO - Sending request to Setting Chamber Zones to a= 0.0031280000000000804, b= 0.0007820000000000201, c= 0.0031280000000000804, d= 0.0007820000000000201 with timeout of 5s...
05-12-2024 14:44:16 - INFO - Sending request to Setting Chamber Zones to a= 0.0031360000000000806, b= 0.0007840000000000201, c= 0.0031360000000000806, d= 0.0007840000000000201 with timeout of 5s...
05-12-2024 14:44:16 - INFO - Sending request to Setting Chamber Zones to a= 0.0031440000000000808, b= 0.0007860000000000202, c= 0.0031440000000000808, d= 0.0007860000000000202 with timeout of 5s...
05-12-2024 14:44:16 - INFO - Sending request to Setting Chamber Zones to a= 0.0, b= 0.0, c= 0.0, d= 0.0 with timeout of 5s...
05-12-2024 14:44:16 - INFO - Sending request to Setting Chamber Zones to a= 0.0, b= 0.0, c= 0.0, d= 0.0 with timeout of 5s...
05-12-2024 14:44:17 - INFO - Sending request to Setting Chamber Zones to a= 0.0, b= 0.0, c= 0.0, d= 0.0 with timeout of 5s...
05-12-2024 14:44:17 - INFO - Sending request to Setting Chamber Zones to a= 0.0, b= 0.0, c= 0.0, d= 0.0 with timeout of 5s...
05-12-2024 14:44:17 - INFO - Sending request to Setting Chamber Zones to a= 0.0, b= 0.0, c= 0.0, d= 0.0 with timeout of 5s...
05-12-2024 14:44:17 - INFO - Sending request to Setting Chamber Zones to a= 0.0, b= 0.0, c= 0.0, d= 0.0 with timeout of 5s...
05-12-2024 14:44:18 - INFO - Sending request to Setting Chamber Zones to a= 0.0, b= 0.0, c= 0.0, d= 0.0 with timeout of 5s...
05-12-2024 14:44:18 - INFO - Sending request to Setting Chamber Zones to a= 0.0, b= 0.0, c= 0.0, d= 0.0 with timeout of 5s...
05-12-2024 14:44:18 - INFO - Sending request to Setting Chamber Zones to a= 0.0, b= 0.0, c= 0.0, d= 0.0 with timeout of 5s...
05-12-2024 14:44:18 - INFO - Sending request to Setting Chamber Zones to a= 0.0, b= 0.0, c= 0.0, d= 0.0 with timeout of 5s...
05-12-2024 14:44:18 - INFO - Sending request to Setting Chamber Zones to a= 0.0, b= 0.0, c= 0.0, d= 0.0 with timeout of 5s...
05-12-2024 14:44:19 - INFO - Sending request to Setting Chamber Zones to a= 0.0, b= 0.0, c= 0.0, d= 0.0 with timeout of 5s...
05-12-2024 14:44:19 - INFO - Sending request to Setting Chamber Zones to a= 0.0, b= 0.0, c= 0.0, d= 0.0 with timeout of 5s...
05-12-2024 14:44:19 - INFO - Sending request to Setting Chamber Zones to a= 0.0, b= 0.0, c= 0.0, d= 0.0 with timeout of 5s...
05-12-2024 14:44:19 - INFO - Sending request to Setting Chamber Zones to a= 0.0, b= 0.0, c= 0.0, d= 0.0 with timeout of 5s...
05-12-2024 14:44:19 - INFO - Sending request to Setting Chamber Zones to a= 0.0, b= 0.0, c= 0.0, d= 0.0 with timeout of 5s...
05-12-2024 14:44:20 - INFO - Sending request to Setting Chamber Zones to a= 0.0, b= 0.0, c= 0.0, d= 0.0 with timeout of 5s...
05-12-2024 14:44:20 - INFO - Sending request to Setting Chamber Zones to a= 0.0, b= 0.0, c= 0.0, d= 0.0 with timeout of 5s...
05-12-2024 14:44:20 - INFO - Sending request to Setting Chamber Zones to a= 0.0, b= 0.0, c= 0.0, d= 0.0 with timeout of 5s...
05-12-2024 14:44:20 - INFO - Sending request to Setting Chamber Zones to a= 0.0, b= 0.0, c= 0.0, d= 0.0 with timeout of 5s...
05-12-2024 14:44:20 - INFO - Sending request to Setting Chamber Zones to a= 0.0, b= 0.0, c= 0.0, d= 0.0 with timeout of 5s...
05-12-2024 14:44:21 - INFO - Sending request to Setting Chamber Zones to a= 0.0, b= 0.0, c= 0.0, d= 0.0 with timeout of 5s...
05-12-2024 14:44:21 - INFO - Sending request to Setting Chamber Zones to a= 0.0, b= 0.0, c= 0.0, d= 0.0 with timeout of 5s...
05-12-2024 14:44:21 - INFO - Sending request to Setting Chamber Zones to a= 0.0, b= 0.0, c= 0.0, d= 0.0 with timeout of 5s...
05-12-2024 14:44:21 - INFO - Sending request to Setting Chamber Zones to a= 0.0, b= 0.0, c= 0.0, d= 0.0 with timeout of 5s...
05-12-2024 14:44:21 - INFO - Sending request to Setting Chamber Zones to a= 0.0, b= 0.0, c= 0.0, d= 0.0 with timeout of 5s...
05-12-2024 14:44:22 - INFO - Sending request to Setting Chamber Zones to a= 0.0, b= 0.0, c= 0.0, d= 0.0 with timeout of 5s...
05-12-2024 14:44:22 - INFO - Sending request to Setting Chamber Zones to a= 0.0, b= 0.0, c= 0.0, d= 0.0 with timeout of 5s...
05-12-2024 14:44:22 - INFO - Sending request to Setting Chamber Zones to a= 0.0, b= 0.0, c= 0.0, d= 0.0 with timeout of 5s...
05-12-2024 14:44:22 - INFO - Sending request to Setting Chamber Zones to a= 0.0, b= 0.0, c= 0.0, d= 0.0 with timeout of 5s...
05-12-2024 14:44:22 - INFO - Sending request to Setting Chamber Zones to a= 0.0, b= 0.0, c= 0.0, d= 0.0 with timeout of 5s...
05-12-2024 14:44:23 - INFO - Sending request to Setting Chamber Zones to a= 0.0, b= 0.0, c= 0.0, d= 0.0 with timeout of 5s...
05-12-2024 14:44:23 - INFO - Sending request to Setting Chamber Zones to a= 0.0, b= 0.0, c= 0.0, d= 0.0 with timeout of 5s...
05-12-2024 14:44:23 - INFO - Sending request to Setting Chamber Zones to a= 0.0, b= 0.0, c= 0.0, d= 0.0 with timeout of 5s...
05-12-2024 14:44:23 - INFO - Sending request to Setting Chamber Zones to a= 0.0, b= 0.0, c= 0.0, d= 0.0 with timeout of 5s...
05-12-2024 14:44:23 - INFO - Sending request to Setting Chamber Zones to a= 0.0, b= 0.0, c= 0.0, d= 0.0 with timeout of 5s...
05-12-2024 14:44:24 - INFO - Sending request to Setting Chamber Zones to a= 0.0, b= 0.0, c= 0.0, d= 0.0 with timeout of 5s...
05-12-2024 14:44:24 - INFO - Sending request to Setting Chamber Zones to a= 0.0, b= 0.0, c= 0.0, d= 0.0 with timeout of 5s...
05-12-2024 14:44:24 - INFO - Sending request to Setting Chamber Zones to a= 0.0, b= 0.0, c= 0.0, d= 0.0 with timeout of 5s...
05-12-2024 14:44:24 - INFO - Sending request to Setting Chamber Zones to a= 0.0, b= 0.0, c= 0.0, d= 0.0 with timeout of 5s...
05-12-2024 14:44:24 - INFO - Sending request to Setting Chamber Zones to a= 0.0, b= 0.0, c= 0.0, d= 0.0 with timeout of 5s...
05-12-2024 14:44:25 - INFO - Sending request to Setting Chamber Zones to a= 0.0, b= 0.0, c= 0.0, d= 0.0 with timeout of 5s...
05-12-2024 14:44:25 - INFO - Sending request to Setting Chamber Zones to a= 0.0, b= 0.0, c= 0.0, d= 0.0 with timeout of 5s...
05-12-2024 14:44:25 - INFO - Sending request to Setting Chamber Zones to a= 0.0, b= 0.0, c= 0.0, d= 0.0 with timeout of 5s...
05-12-2024 14:44:25 - INFO - Sending request to Setting Chamber Zones to a= 0.0, b= 0.0, c= 0.0, d= 0.0 with timeout of 5s...
05-12-2024 14:44:25 - INFO - Sending request to Setting Chamber Zones to a= 0.0, b= 0.0, c= 0.0, d= 0.0 with timeout of 5s...
05-12-2024 14:44:26 - INFO - Sending request to Setting Chamber Zones to a= 0.0, b= 0.0, c= 0.0, d= 0.0 with timeout of 5s...
05-12-2024 14:44:26 - INFO - Sending request to Setting Chamber Zones to a= 0.0, b= 0.0, c= 0.0, d= 0.0 with timeout of 5s...
05-12-2024 14:44:26 - INFO - Sending request to Setting Chamber Zones to a= 0.0, b= 0.0, c= 0.0, d= 0.0 with timeout of 5s...
05-12-2024 14:44:26 - INFO - Sending request to Setting Chamber Zones to a= 0.0, b= 0.0, c= 0.0, d= 0.0 with timeout of 5s...
05-12-2024 14:44:26 - INFO - Sending request to Setting Chamber Zones to a= 0.0, b= 0.0, c= 0.0, d= 0.0 with timeout of 5s...
05-12-2024 14:44:27 - INFO - Sending request to Setting Chamber Zones to a= 0.0, b= 0.0, c= 0.0, d= 0.0 with timeout of 5s...
05-12-2024 14:44:27 - INFO - Sending request to Setting Chamber Zones to a= 0.0, b= 0.0, c= 0.0, d= 0.0 with timeout of 5s...
05-12-2024 14:44:27 - INFO - Sending request to Setting Chamber Zones to a= 0.0, b= 0.0, c= 0.0, d= 0.0 with timeout of 5s...
05-12-2024 14:44:27 - INFO - Sending request to Setting Chamber Zones to a= 0.0, b= 0.0, c= 0.0, d= 0.0 with timeout of 5s...
05-12-2024 14:44:27 - INFO - Sending request to Setting Chamber Zones to a= 0.0, b= 0.0, c= 0.0, d= 0.0 with timeout of 5s...
05-12-2024 14:44:28 - INFO - Sending request to Setting Chamber Zones to a= 0.0, b= 0.0, c= 0.0, d= 0.0 with timeout of 5s...
05-12-2024 14:44:28 - INFO - Sending request to Setting Chamber Zones to a= 0.0, b= 0.0, c= 0.0, d= 0.0 with timeout of 5s...
05-12-2024 14:44:28 - INFO - Sending request to Setting Chamber Zones to a= 0.0, b= 0.0, c= 0.0, d= 0.0 with timeout of 5s...
05-12-2024 14:44:28 - INFO - Sending request to Setting Chamber Zones to a= 0.0, b= 0.0, c= 0.0, d= 0.0 with timeout of 5s...
05-12-2024 14:44:28 - INFO - Sending request to Setting Chamber Zones to a= 0.0, b= 0.0, c= 0.0, d= 0.0 with timeout of 5s...
05-12-2024 14:44:29 - INFO - Sending request to Setting Chamber Zones to a= 0.0, b= 0.0, c= 0.0, d= 0.0 with timeout of 5s...
05-12-2024 14:44:29 - INFO - Sending request to Setting Chamber Zones to a= 0.0, b= 0.0, c= 0.0, d= 0.0 with timeout of 5s...
05-12-2024 14:44:29 - INFO - Sending request to Setting Chamber Zones to a= 0.0, b= 0.0, c= 0.0, d= 0.0 with timeout of 5s...
05-12-2024 14:44:29 - INFO - Sending request to Setting Chamber Zones to a= 0.0, b= 0.0, c= 0.0, d= 0.0 with timeout of 5s...
05-12-2024 14:44:29 - INFO - Sending request to Setting Chamber Zones to a= 0.0, b= 0.0, c= 0.0, d= 0.0 with timeout of 5s...
05-12-2024 14:44:30 - INFO - Sending request to Setting Chamber Zones to a= 0.0, b= 0.0, c= 0.0, d= 0.0 with timeout of 5s...
05-12-2024 14:44:30 - INFO - Sending request to Setting Chamber Zones to a= 0.0, b= 0.0, c= 0.0, d= 0.0 with timeout of 5s...
05-12-2024 14:44:30 - INFO - Sending request to Setting Chamber Zones to a= 0.0, b= 0.0, c= 0.0, d= 0.0 with timeout of 5s...
05-12-2024 14:44:30 - INFO - Sending request to Setting Chamber Zones to a= 0.0, b= 0.0, c= 0.0, d= 0.0 with timeout of 5s...
05-12-2024 14:44:30 - INFO - Sending request to Setting Chamber Zones to a= 0.0, b= 0.0, c= 0.0, d= 0.0 with timeout of 5s...
05-12-2024 14:44:31 - INFO - Sending request to Setting Chamber Zones to a= 0.0, b= 0.0, c= 0.0, d= 0.0 with timeout of 5s...
05-12-2024 14:44:31 - INFO - Sending request to Setting Chamber Zones to a= 0.0, b= 0.0, c= 0.0, d= 0.0 with timeout of 5s...
05-12-2024 14:44:31 - INFO - Sending request to Setting Chamber Zones to a= 0.0, b= 0.0, c= 0.0, d= 0.0 with timeout of 5s...
05-12-2024 14:44:31 - INFO - Sending request to Setting Chamber Zones to a= 0.0, b= 0.0, c= 0.0, d= 0.0 with timeout of 5s...
05-12-2024 14:44:31 - INFO - Sending request to Setting Chamber Zones to a= 0.0, b= 0.0, c= 0.0, d= 0.0 with timeout of 5s...
05-12-2024 14:44:32 - INFO - Sending request to Setting Chamber Zones to a= 0.0, b= 0.0, c= 0.0, d= 0.0 with timeout of 5s...
05-12-2024 14:44:32 - INFO - Sending request to Setting Chamber Zones to a= 0.0, b= 0.0, c= 0.0, d= 0.0 with timeout of 5s...
05-12-2024 14:44:32 - INFO - Sending request to Setting Chamber Zones to a= 0.0, b= 0.0, c= 0.0, d= 0.0 with timeout of 5s...
05-12-2024 14:44:32 - INFO - Sending request to Setting Chamber Zones to a= 0.0, b= 0.0, c= 0.0, d= 0.0 with timeout of 5s...
05-12-2024 14:44:32 - INFO - Sending request to Setting Chamber Zones to a= 0.0, b= 0.0, c= 0.0, d= 0.0 with timeout of 5s...
05-12-2024 14:44:33 - INFO - Sending request to Setting Chamber Zones to a= 0.0, b= 0.0, c= 0.0, d= 0.0 with timeout of 5s...
05-12-2024 14:44:33 - INFO - Sending request to Setting Chamber Zones to a= 0.0, b= 0.0, c= 0.0, d= 0.0 with timeout of 5s...
05-12-2024 14:44:33 - INFO - Sending request to Setting Chamber Zones to a= 0.0, b= 0.0, c= 0.0, d= 0.0 with timeout of 5s...
05-12-2024 14:44:33 - INFO - Sending request to Setting Chamber Zones to a= 0.0, b= 0.0, c= 0.0, d= 0.0 with timeout of 5s...
05-12-2024 14:44:33 - INFO - Sending request to Setting Chamber Zones to a= 0.0, b= 0.0, c= 0.0, d= 0.0 with timeout of 5s...
05-12-2024 14:44:34 - INFO - Sending request to Setting Chamber Zones to a= 0.0, b= 0.0, c= 0.0, d= 0.0 with timeout of 5s...
05-12-2024 14:44:34 - INFO - Sending request to Setting Chamber Zones to a= 0.0, b= 0.0, c= 0.0, d= 0.0 with timeout of 5s...
05-12-2024 14:44:34 - INFO - Sending request to Setting Chamber Zones to a= 0.0, b= 0.0, c= 0.0, d= 0.0 with timeout of 5s...
05-12-2024 14:44:34 - INFO - Sending request to Setting Chamber Zones to a= 0.0, b= 0.0, c= 0.0, d= 0.0 with timeout of 5s...
05-12-2024 14:44:34 - INFO - Sending request to Setting Chamber Zones to a= 0.0, b= 0.0, c= 0.0, d= 0.0 with timeout of 5s...
05-12-2024 14:44:35 - INFO - Sending request to Setting Chamber Zones to a= 0.0, b= 0.0, c= 0.0, d= 0.0 with timeout of 5s...
05-12-2024 14:44:35 - INFO - Sending request to Setting Chamber Zones to a= 0.0, b= 0.0, c= 0.0, d= 0.0 with timeout of 5s...
05-12-2024 14:44:35 - INFO - Sending request to Setting Chamber Zones to a= 0.0, b= 0.0, c= 0.0, d= 0.0 with timeout of 5s...
05-12-2024 14:44:35 - INFO - Sending request to Setting Chamber Zones to a= 0.0, b= 0.0, c= 0.0, d= 0.0 with timeout of 5s...
05-12-2024 14:44:35 - INFO - Sending request to Setting Chamber Zones to a= 0.0, b= 0.0, c= 0.0, d= 0.0 with timeout of 5s...
05-12-2024 14:44:36 - INFO - Sending request to Setting Chamber Zones to a= 0.0, b= 0.0, c= 0.0, d= 0.0 with timeout of 5s...
05-12-2024 14:44:36 - INFO - Sending request to Setting Chamber Zones to a= 0.0, b= 0.0, c= 0.0, d= 0.0 with timeout of 5s...
05-12-2024 14:44:36 - INFO - Sending request to Setting Chamber Zones to a= 0.0, b= 0.0, c= 0.0, d= 0.0 with timeout of 5s...
05-12-2024 14:44:36 - INFO - Sending request to Setting Chamber Zones to a= 0.0, b= 0.0, c= 0.0, d= 0.0 with timeout of 5s...
05-12-2024 14:44:36 - INFO - Sending request to Setting Chamber Zones to a= 0.0, b= 0.0, c= 0.0, d= 0.0 with timeout of 5s...
05-12-2024 14:44:37 - INFO - Sending request to Setting Chamber Zones to a= 0.0, b= 0.0, c= 0.0, d= 0.0 with timeout of 5s...
05-12-2024 14:44:37 - INFO - Sending request to Setting Chamber Zones to a= 0.0, b= 0.0, c= 0.0, d= 0.0 with timeout of 5s...
05-12-2024 14:44:37 - INFO - Sending request to Setting Chamber Zones to a= 0.00035000000000009806, b= 8.750000000002452e-05, c= 0.00035000000000009806, d= 8.750000000002452e-05 with timeout of 5s...
05-12-2024 14:44:37 - INFO - Sending request to Setting Chamber Zones to a= 0.03055600000000017, b= 0.0076390000000000425, c= 0.03055600000000017, d= 0.0076390000000000425 with timeout of 5s...
05-12-2024 14:44:37 - INFO - Sending request to Setting Chamber Zones to a= 0.04042799999999995, b= 0.010106999999999988, c= 0.04042799999999995, d= 0.010106999999999988 with timeout of 5s...
05-12-2024 14:44:38 - INFO - Sending request to Setting Chamber Zones to a= 0.04039999999999995, b= 0.010099999999999987, c= 0.04039999999999995, d= 0.010099999999999987 with timeout of 5s...
05-12-2024 14:44:38 - INFO - Sending request to Setting Chamber Zones to a= 0.4147640000000001, b= 0.10369100000000002, c= 0.4147640000000001, d= 0.10369100000000002 with timeout of 5s...
05-12-2024 14:44:38 - INFO - Sending request to Setting Chamber Zones to a= 0.41172800000000004, b= 0.10293200000000001, c= 0.41172800000000004, d= 0.10293200000000001 with timeout of 5s...
05-12-2024 14:44:38 - INFO - Sending request to Setting Chamber Zones to a= 0.41239200000000004, b= 0.10309800000000001, c= 0.41239200000000004, d= 0.10309800000000001 with timeout of 5s...
05-12-2024 14:44:38 - INFO - Sending request to Setting Chamber Zones to a= 0.41305600000000003, b= 0.10326400000000001, c= 0.41305600000000003, d= 0.10326400000000001 with timeout of 5s...
05-12-2024 14:44:39 - INFO - Sending request to Setting Chamber Zones to a= 0.0495440000000001, b= 0.012386000000000025, c= 0.0495440000000001, d= 0.012386000000000025 with timeout of 5s...
05-12-2024 14:44:39 - INFO - Sending request to Setting Chamber Zones to a= 0.04817400000000002, b= 0.012043500000000006, c= 0.04817400000000002, d= 0.012043500000000006 with timeout of 5s...
05-12-2024 14:44:39 - INFO - Setting Chamber Zones to a= 0.04817400000000002, b= 0.012043500000000006, c= 0.04817400000000002, d= 0.012043500000000006 request successfully sent.
05-12-2024 14:44:39 - INFO - Response from moonraker: {'result': 'ok'}
05-12-2024 14:44:39 - INFO - Setting Chamber Zones to a= 0.04817400000000002, b= 0.012043500000000006, c= 0.04817400000000002, d= 0.012043500000000006 Request successfully executed.
05-12-2024 14:44:39 - ERROR - E102 : Setting Chamber Zones to a= 0.04817400000000002, b= 0.012043500000000006, c= 0.04817400000000002, d= 0.012043500000000006 Request to Moonraker Timed out 
 Setting Chamber Zones to a= 0.04817400000000002, b= 0.012043500000000006, c= 0.04817400000000002, d= 0.012043500000000006 not successful
 Initiating firmware restart
05-12-2024 14:44:39 - INFO - Sending request to Setting Chamber Zones to a= 0.04830400000000003, b= 0.012076000000000007, c= 0.04830400000000003, d= 0.012076000000000007 with timeout of 5s...
05-12-2024 14:44:39 - INFO - Sending request to Setting Chamber Zones to a= 0.038267999999999885, b= 0.009566999999999971, c= 0.038267999999999885, d= 0.009566999999999971 with timeout of 5s...
05-12-2024 14:44:39 - INFO - Sending request to Setting Chamber Zones to a= 0.033374000000000174, b= 0.008343500000000044, c= 0.033374000000000174, d= 0.008343500000000044 with timeout of 5s...
05-12-2024 14:44:40 - INFO - Sending request to Setting Chamber Zones to a= 0.028422000000000093, b= 0.007105500000000023, c= 0.028422000000000093, d= 0.007105500000000023 with timeout of 5s...
05-12-2024 14:44:40 - INFO - Sending request to Setting Chamber Zones to a= 0.028520000000000097, b= 0.007130000000000024, c= 0.028520000000000097, d= 0.007130000000000024 with timeout of 5s...
05-12-2024 14:44:40 - INFO - Sending request to Setting Chamber Zones to a= 0.028568000000000097, b= 0.007142000000000024, c= 0.028568000000000097, d= 0.007142000000000024 with timeout of 5s...
05-12-2024 14:44:40 - INFO - Sending request to Setting Chamber Zones to a= 0.02355800000000002, b= 0.005889500000000005, c= 0.02355800000000002, d= 0.005889500000000005 with timeout of 5s...
05-12-2024 14:44:40 - INFO - Sending request to Setting Chamber Zones to a= 0.023648000000000023, b= 0.005912000000000006, c= 0.023648000000000023, d= 0.005912000000000006 with timeout of 5s...
05-12-2024 14:44:41 - INFO - Sending request to Setting Chamber Zones to a= 0.023688000000000025, b= 0.005922000000000006, c= 0.023688000000000025, d= 0.005922000000000006 with timeout of 5s...
05-12-2024 14:44:41 - INFO - Sending request to Setting Chamber Zones to a= 0.018669999999999954, b= 0.0046674999999999885, c= 0.018669999999999954, d= 0.0046674999999999885 with timeout of 5s...
05-12-2024 14:44:41 - INFO - Sending request to Setting Chamber Zones to a= 0.018751999999999956, b= 0.004687999999999989, c= 0.018751999999999956, d= 0.004687999999999989 with timeout of 5s...
05-12-2024 14:44:41 - INFO - Sending request to Setting Chamber Zones to a= 0.018783999999999957, b= 0.004695999999999989, c= 0.018783999999999957, d= 0.004695999999999989 with timeout of 5s...
05-12-2024 14:44:41 - INFO - Sending request to Setting Chamber Zones to a= 0.018815999999999954, b= 0.004703999999999989, c= 0.018815999999999954, d= 0.004703999999999989 with timeout of 5s...
05-12-2024 14:44:42 - INFO - Sending request to Setting Chamber Zones to a= 0.018847999999999955, b= 0.004711999999999989, c= 0.018847999999999955, d= 0.004711999999999989 with timeout of 5s...
05-12-2024 14:44:42 - INFO - Sending request to Setting Chamber Zones to a= 0.018879999999999956, b= 0.004719999999999989, c= 0.018879999999999956, d= 0.004719999999999989 with timeout of 5s...
05-12-2024 14:44:42 - INFO - Sending request to Setting Chamber Zones to a= 0.018911999999999957, b= 0.004727999999999989, c= 0.018911999999999957, d= 0.004727999999999989 with timeout of 5s...
05-12-2024 14:44:42 - INFO - Sending request to Setting Chamber Zones to a= 0.018943999999999954, b= 0.0047359999999999885, c= 0.018943999999999954, d= 0.0047359999999999885 with timeout of 5s...
05-12-2024 14:44:42 - INFO - Sending request to Setting Chamber Zones to a= 0.018975999999999955, b= 0.004743999999999989, c= 0.018975999999999955, d= 0.004743999999999989 with timeout of 5s...
05-12-2024 14:44:43 - INFO - Sending request to Setting Chamber Zones to a= 0.019007999999999955, b= 0.004751999999999989, c= 0.019007999999999955, d= 0.004751999999999989 with timeout of 5s...
05-12-2024 14:44:43 - INFO - Sending request to Setting Chamber Zones to a= 0.019039999999999953, b= 0.004759999999999988, c= 0.019039999999999953, d= 0.004759999999999988 with timeout of 5s...
05-12-2024 14:44:43 - INFO - Sending request to Setting Chamber Zones to a= 0.019071999999999954, b= 0.004767999999999988, c= 0.019071999999999954, d= 0.004767999999999988 with timeout of 5s...
05-12-2024 14:44:43 - INFO - Sending request to Setting Chamber Zones to a= 0.019103999999999954, b= 0.004775999999999989, c= 0.019103999999999954, d= 0.004775999999999989 with timeout of 5s...
05-12-2024 14:44:43 - INFO - Sending request to Setting Chamber Zones to a= 0.019135999999999955, b= 0.004783999999999989, c= 0.019135999999999955, d= 0.004783999999999989 with timeout of 5s...
05-12-2024 14:44:44 - INFO - Sending request to Setting Chamber Zones to a= 0.019167999999999952, b= 0.004791999999999988, c= 0.019167999999999952, d= 0.004791999999999988 with timeout of 5s...
05-12-2024 14:44:44 - INFO - Sending request to Setting Chamber Zones to a= 0.019199999999999953, b= 0.004799999999999988, c= 0.019199999999999953, d= 0.004799999999999988 with timeout of 5s...
05-12-2024 14:44:44 - INFO - Sending request to Setting Chamber Zones to a= 0.019231999999999954, b= 0.0048079999999999885, c= 0.019231999999999954, d= 0.0048079999999999885 with timeout of 5s...
05-12-2024 14:44:44 - INFO - Sending request to Setting Chamber Zones to a= 0.019263999999999955, b= 0.004815999999999989, c= 0.019263999999999955, d= 0.004815999999999989 with timeout of 5s...
05-12-2024 14:44:45 - INFO - Sending request to Setting Chamber Zones to a= 0.019295999999999952, b= 0.004823999999999988, c= 0.019295999999999952, d= 0.004823999999999988 with timeout of 5s...
05-12-2024 14:44:45 - INFO - Sending request to Setting Chamber Zones to a= 0.019327999999999953, b= 0.004831999999999988, c= 0.019327999999999953, d= 0.004831999999999988 with timeout of 5s...
05-12-2024 14:44:45 - INFO - Sending request to Setting Chamber Zones to a= 0.019359999999999954, b= 0.004839999999999988, c= 0.019359999999999954, d= 0.004839999999999988 with timeout of 5s...
05-12-2024 14:44:45 - INFO - Sending request to Setting Chamber Zones to a= 0.019391999999999954, b= 0.004847999999999989, c= 0.019391999999999954, d= 0.004847999999999989 with timeout of 5s...
05-12-2024 14:44:45 - INFO - Sending request to Setting Chamber Zones to a= 0.01942399999999995, b= 0.004855999999999988, c= 0.01942399999999995, d= 0.004855999999999988 with timeout of 5s...
05-12-2024 14:44:46 - INFO - Sending request to Setting Chamber Zones to a= 0.019455999999999952, b= 0.004863999999999988, c= 0.019455999999999952, d= 0.004863999999999988 with timeout of 5s...
05-12-2024 14:44:46 - INFO - Sending request to Setting Chamber Zones to a= 0.019487999999999953, b= 0.004871999999999988, c= 0.019487999999999953, d= 0.004871999999999988 with timeout of 5s...
05-12-2024 14:44:46 - INFO - Sending request to Setting Chamber Zones to a= 0.019519999999999954, b= 0.0048799999999999885, c= 0.019519999999999954, d= 0.0048799999999999885 with timeout of 5s...
05-12-2024 14:44:46 - INFO - Sending request to Setting Chamber Zones to a= 0.01955199999999995, b= 0.004887999999999988, c= 0.01955199999999995, d= 0.004887999999999988 with timeout of 5s...
05-12-2024 14:44:46 - INFO - Sending request to Setting Chamber Zones to a= 0.01452599999999988, b= 0.00363149999999997, c= 0.01452599999999988, d= 0.00363149999999997 with timeout of 5s...
05-12-2024 14:44:47 - INFO - Sending request to Setting Chamber Zones to a= 0.01459999999999988, b= 0.00364999999999997, c= 0.01459999999999988, d= 0.00364999999999997 with timeout of 5s...
05-12-2024 14:44:47 - INFO - Sending request to Setting Chamber Zones to a= 0.01462399999999988, b= 0.00365599999999997, c= 0.01462399999999988, d= 0.00365599999999997 with timeout of 5s...
05-12-2024 14:44:47 - INFO - Sending request to Setting Chamber Zones to a= 0.014647999999999878, b= 0.0036619999999999695, c= 0.014647999999999878, d= 0.0036619999999999695 with timeout of 5s...
05-12-2024 14:44:47 - INFO - Sending request to Setting Chamber Zones to a= 0.014671999999999881, b= 0.0036679999999999703, c= 0.014671999999999881, d= 0.0036679999999999703 with timeout of 5s...
05-12-2024 14:44:47 - INFO - Sending request to Setting Chamber Zones to a= 0.014695999999999881, b= 0.0036739999999999703, c= 0.014695999999999881, d= 0.0036739999999999703 with timeout of 5s...
05-12-2024 14:44:48 - INFO - Sending request to Setting Chamber Zones to a= 0.019777999999999952, b= 0.004944499999999988, c= 0.019777999999999952, d= 0.004944499999999988 with timeout of 5s...
05-12-2024 14:44:48 - INFO - Sending request to Setting Chamber Zones to a= 0.01975999999999995, b= 0.004939999999999988, c= 0.01975999999999995, d= 0.004939999999999988 with timeout of 5s...
05-12-2024 14:44:48 - INFO - Sending request to Setting Chamber Zones to a= 0.019791999999999952, b= 0.004947999999999988, c= 0.019791999999999952, d= 0.004947999999999988 with timeout of 5s...
05-12-2024 14:44:48 - INFO - Sending request to Setting Chamber Zones to a= 0.014765999999999876, b= 0.003691499999999969, c= 0.014765999999999876, d= 0.003691499999999969 with timeout of 5s...
05-12-2024 14:44:48 - INFO - Sending request to Setting Chamber Zones to a= 0.01483999999999988, b= 0.00370999999999997, c= 0.01483999999999988, d= 0.00370999999999997 with timeout of 5s...
05-12-2024 14:44:49 - INFO - Sending request to Setting Chamber Zones to a= 0.014863999999999879, b= 0.0037159999999999698, c= 0.014863999999999879, d= 0.0037159999999999698 with timeout of 5s...
05-12-2024 14:44:49 - INFO - Sending request to Setting Chamber Zones to a= 0.014887999999999879, b= 0.0037219999999999697, c= 0.014887999999999879, d= 0.0037219999999999697 with timeout of 5s...
05-12-2024 14:44:49 - INFO - Sending request to Setting Chamber Zones to a= 0.014911999999999878, b= 0.0037279999999999696, c= 0.014911999999999878, d= 0.0037279999999999696 with timeout of 5s...
05-12-2024 14:44:49 - INFO - Setting Chamber Zones to a= 0.014911999999999878, b= 0.0037279999999999696, c= 0.014911999999999878, d= 0.0037279999999999696 request successfully sent.
05-12-2024 14:44:49 - INFO - Response from moonraker: {'result': 'ok'}
05-12-2024 14:44:49 - INFO - Setting Chamber Zones to a= 0.014911999999999878, b= 0.0037279999999999696, c= 0.014911999999999878, d= 0.0037279999999999696 Request successfully executed.
05-12-2024 14:44:49 - ERROR - E102 : Setting Chamber Zones to a= 0.014911999999999878, b= 0.0037279999999999696, c= 0.014911999999999878, d= 0.0037279999999999696 Request to Moonraker Timed out 
 Setting Chamber Zones to a= 0.014911999999999878, b= 0.0037279999999999696, c= 0.014911999999999878, d= 0.0037279999999999696 not successful
 Initiating firmware restart
05-12-2024 14:44:49 - INFO - Sending request to Setting Chamber Zones to a= 0.014935999999999878, b= 0.0037339999999999695, c= 0.014935999999999878, d= 0.0037339999999999695 with timeout of 5s...
05-12-2024 14:44:49 - INFO - Sending request to Setting Chamber Zones to a= 0.014959999999999878, b= 0.0037399999999999695, c= 0.014959999999999878, d= 0.0037399999999999695 with timeout of 5s...
05-12-2024 14:44:50 - INFO - Sending request to Setting Chamber Zones to a= 0.014983999999999878, b= 0.0037459999999999694, c= 0.014983999999999878, d= 0.0037459999999999694 with timeout of 5s...
05-12-2024 14:44:50 - INFO - Sending request to Setting Chamber Zones to a= 0.015007999999999877, b= 0.0037519999999999693, c= 0.015007999999999877, d= 0.0037519999999999693 with timeout of 5s...
05-12-2024 14:44:50 - INFO - Sending request to Setting Chamber Zones to a= 0.02008999999999995, b= 0.005022499999999988, c= 0.02008999999999995, d= 0.005022499999999988 with timeout of 5s...
05-12-2024 14:44:50 - INFO - Sending request to Setting Chamber Zones to a= 0.004898000000000091, b= 0.0012245000000000227, c= 0.004898000000000091, d= 0.0012245000000000227 with timeout of 5s...
05-12-2024 14:44:50 - INFO - Sending request to Setting Chamber Zones to a= 0.0, b= 0.0, c= 0.0, d= 0.0 with timeout of 5s...
05-12-2024 14:44:51 - INFO - Sending request to Setting Chamber Zones to a= 0.0, b= 0.0, c= 0.0, d= 0.0 with timeout of 5s...
05-12-2024 14:44:51 - INFO - Sending request to Setting Chamber Zones to a= 0.0, b= 0.0, c= 0.0, d= 0.0 with timeout of 5s...
05-12-2024 14:44:51 - INFO - Sending request to Setting Chamber Zones to a= 0.0, b= 0.0, c= 0.0, d= 0.0 with timeout of 5s...
05-12-2024 14:44:51 - INFO - Sending request to Setting Chamber Zones to a= 0.0, b= 0.0, c= 0.0, d= 0.0 with timeout of 5s...
05-12-2024 14:44:51 - INFO - Sending request to Setting Chamber Zones to a= 0.0, b= 0.0, c= 0.0, d= 0.0 with timeout of 5s...
05-12-2024 14:44:52 - INFO - Sending request to Setting Chamber Zones to a= 0.0, b= 0.0, c= 0.0, d= 0.0 with timeout of 5s...
05-12-2024 14:44:52 - INFO - Sending request to Setting Chamber Zones to a= 0.0, b= 0.0, c= 0.0, d= 0.0 with timeout of 5s...
05-12-2024 14:44:52 - INFO - Sending request to Setting Chamber Zones to a= 0.0, b= 0.0, c= 0.0, d= 0.0 with timeout of 5s...
05-12-2024 14:44:52 - INFO - Sending request to Setting Chamber Zones to a= 0.0, b= 0.0, c= 0.0, d= 0.0 with timeout of 5s...
05-12-2024 14:44:52 - INFO - Sending request to Setting Chamber Zones to a= 0.0, b= 0.0, c= 0.0, d= 0.0 with timeout of 5s...
05-12-2024 14:44:53 - INFO - Sending request to Setting Chamber Zones to a= 0.0, b= 0.0, c= 0.0, d= 0.0 with timeout of 5s...
05-12-2024 14:44:53 - INFO - Sending request to Setting Chamber Zones to a= 0.0, b= 0.0, c= 0.0, d= 0.0 with timeout of 5s...
05-12-2024 14:44:53 - INFO - Sending request to Setting Chamber Zones to a= 0.0, b= 0.0, c= 0.0, d= 0.0 with timeout of 5s...
05-12-2024 14:44:53 - INFO - Sending request to Setting Chamber Zones to a= 0.0, b= 0.0, c= 0.0, d= 0.0 with timeout of 5s...
05-12-2024 14:44:53 - INFO - Sending request to Setting Chamber Zones to a= 0.0, b= 0.0, c= 0.0, d= 0.0 with timeout of 5s...
05-12-2024 14:44:54 - INFO - Sending request to Setting Chamber Zones to a= 0.0, b= 0.0, c= 0.0, d= 0.0 with timeout of 5s...
05-12-2024 14:44:54 - INFO - Sending request to Setting Chamber Zones to a= 0.0, b= 0.0, c= 0.0, d= 0.0 with timeout of 5s...
05-12-2024 14:44:54 - INFO - Sending request to Setting Chamber Zones to a= 0.0, b= 0.0, c= 0.0, d= 0.0 with timeout of 5s...
05-12-2024 14:44:54 - INFO - Sending request to Setting Chamber Zones to a= 0.0, b= 0.0, c= 0.0, d= 0.0 with timeout of 5s...
05-12-2024 14:44:54 - INFO - Sending request to Setting Chamber Zones to a= 0.0, b= 0.0, c= 0.0, d= 0.0 with timeout of 5s...
05-12-2024 14:44:55 - INFO - Sending request to Setting Chamber Zones to a= 0.0, b= 0.0, c= 0.0, d= 0.0 with timeout of 5s...
05-12-2024 14:44:55 - INFO - Sending request to Setting Chamber Zones to a= 0.0, b= 0.0, c= 0.0, d= 0.0 with timeout of 5s...
05-12-2024 14:44:55 - INFO - Sending request to Setting Chamber Zones to a= 0.0, b= 0.0, c= 0.0, d= 0.0 with timeout of 5s...
05-12-2024 14:44:55 - INFO - Sending request to Setting Chamber Zones to a= 0.0, b= 0.0, c= 0.0, d= 0.0 with timeout of 5s...
05-12-2024 14:44:55 - INFO - Sending request to Setting Chamber Zones to a= 0.0, b= 0.0, c= 0.0, d= 0.0 with timeout of 5s...
05-12-2024 14:44:56 - INFO - Sending request to Setting Chamber Zones to a= 0.0, b= 0.0, c= 0.0, d= 0.0 with timeout of 5s...
05-12-2024 14:44:56 - INFO - Sending request to Setting Chamber Zones to a= 0.0, b= 0.0, c= 0.0, d= 0.0 with timeout of 5s...
05-12-2024 14:44:56 - INFO - Sending request to Setting Chamber Zones to a= 0.0, b= 0.0, c= 0.0, d= 0.0 with timeout of 5s...
05-12-2024 14:44:56 - INFO - Sending request to Setting Chamber Zones to a= 0.0, b= 0.0, c= 0.0, d= 0.0 with timeout of 5s...
05-12-2024 14:44:56 - INFO - Sending request to Setting Chamber Zones to a= 0.0, b= 0.0, c= 0.0, d= 0.0 with timeout of 5s...
05-12-2024 14:44:57 - INFO - Sending request to Setting Chamber Zones to a= 0.0, b= 0.0, c= 0.0, d= 0.0 with timeout of 5s...
05-12-2024 14:44:57 - INFO - Sending request to Setting Chamber Zones to a= 0.0, b= 0.0, c= 0.0, d= 0.0 with timeout of 5s...
05-12-2024 14:44:57 - INFO - Sending request to Setting Chamber Zones to a= 0.0, b= 0.0, c= 0.0, d= 0.0 with timeout of 5s...
05-12-2024 14:44:57 - INFO - Sending request to Setting Chamber Zones to a= 0.0, b= 0.0, c= 0.0, d= 0.0 with timeout of 5s...
05-12-2024 14:44:57 - INFO - Sending request to Setting Chamber Zones to a= 0.0, b= 0.0, c= 0.0, d= 0.0 with timeout of 5s...
05-12-2024 14:44:58 - INFO - Sending request to Setting Chamber Zones to a= 0.0, b= 0.0, c= 0.0, d= 0.0 with timeout of 5s...
05-12-2024 14:44:58 - INFO - Sending request to Setting Chamber Zones to a= 0.0, b= 0.0, c= 0.0, d= 0.0 with timeout of 5s...
05-12-2024 14:44:58 - INFO - Sending request to Setting Chamber Zones to a= 0.0, b= 0.0, c= 0.0, d= 0.0 with timeout of 5s...
05-12-2024 14:44:58 - INFO - Sending request to Setting Chamber Zones to a= 0.0, b= 0.0, c= 0.0, d= 0.0 with timeout of 5s...
05-12-2024 14:44:58 - INFO - Sending request to Setting Chamber Zones to a= 0.0, b= 0.0, c= 0.0, d= 0.0 with timeout of 5s...
05-12-2024 14:44:59 - INFO - Sending request to Setting Chamber Zones to a= 0.0, b= 0.0, c= 0.0, d= 0.0 with timeout of 5s...
05-12-2024 14:44:59 - INFO - Sending request to Setting Chamber Zones to a= 0.0, b= 0.0, c= 0.0, d= 0.0 with timeout of 5s...
05-12-2024 14:44:59 - INFO - Sending request to Setting Chamber Zones to a= 0.0, b= 0.0, c= 0.0, d= 0.0 with timeout of 5s...
05-12-2024 14:44:59 - INFO - Setting Chamber Zones to a= 0.0, b= 0.0, c= 0.0, d= 0.0 request successfully sent.
05-12-2024 14:44:59 - INFO - Response from moonraker: {'result': 'ok'}
05-12-2024 14:44:59 - INFO - Setting Chamber Zones to a= 0.0, b= 0.0, c= 0.0, d= 0.0 Request successfully executed.
05-12-2024 14:44:59 - ERROR - E102 : Setting Chamber Zones to a= 0.0, b= 0.0, c= 0.0, d= 0.0 Request to Moonraker Timed out 
 Setting Chamber Zones to a= 0.0, b= 0.0, c= 0.0, d= 0.0 not successful
 Initiating firmware restart
05-12-2024 14:44:59 - INFO - Sending request to Setting Chamber Zones to a= 0.0, b= 0.0, c= 0.0, d= 0.0 with timeout of 5s...
05-12-2024 14:44:59 - INFO - Sending request to Setting Chamber Zones to a= 0.0, b= 0.0, c= 0.0, d= 0.0 with timeout of 5s...
05-12-2024 14:45:00 - INFO - Sending request to Setting Chamber Zones to a= 0.0, b= 0.0, c= 0.0, d= 0.0 with timeout of 5s...
05-12-2024 14:45:00 - INFO - Sending request to Setting Chamber Zones to a= 0.0, b= 0.0, c= 0.0, d= 0.0 with timeout of 5s...
05-12-2024 14:45:00 - INFO - Sending request to Setting Chamber Zones to a= 0.0, b= 0.0, c= 0.0, d= 0.0 with timeout of 5s...
05-12-2024 14:45:00 - INFO - Sending request to Setting Chamber Zones to a= 0.0, b= 0.0, c= 0.0, d= 0.0 with timeout of 5s...
05-12-2024 14:45:00 - INFO - Sending request to Setting Chamber Zones to a= 0.0, b= 0.0, c= 0.0, d= 0.0 with timeout of 5s...
05-12-2024 14:45:01 - INFO - Sending request to Setting Chamber Zones to a= 0.0, b= 0.0, c= 0.0, d= 0.0 with timeout of 5s...
05-12-2024 14:45:01 - INFO - Sending request to Setting Chamber Zones to a= 0.0, b= 0.0, c= 0.0, d= 0.0 with timeout of 5s...
05-12-2024 14:45:01 - INFO - Sending request to Setting Chamber Zones to a= 0.0, b= 0.0, c= 0.0, d= 0.0 with timeout of 5s...
05-12-2024 14:45:01 - INFO - Sending request to Setting Chamber Zones to a= 0.0, b= 0.0, c= 0.0, d= 0.0 with timeout of 5s...
05-12-2024 14:45:01 - INFO - Sending request to Setting Chamber Zones to a= 0.0, b= 0.0, c= 0.0, d= 0.0 with timeout of 5s...
05-12-2024 14:45:02 - INFO - Sending request to Setting Chamber Zones to a= 0.0, b= 0.0, c= 0.0, d= 0.0 with timeout of 5s...
05-12-2024 14:45:02 - INFO - Sending request to Setting Chamber Zones to a= 0.0, b= 0.0, c= 0.0, d= 0.0 with timeout of 5s...
05-12-2024 14:45:02 - INFO - Sending request to Setting Chamber Zones to a= 0.0, b= 0.0, c= 0.0, d= 0.0 with timeout of 5s...
05-12-2024 14:45:02 - INFO - Sending request to Setting Chamber Zones to a= 0.0, b= 0.0, c= 0.0, d= 0.0 with timeout of 5s...
05-12-2024 14:45:02 - INFO - Sending request to Setting Chamber Zones to a= 0.0, b= 0.0, c= 0.0, d= 0.0 with timeout of 5s...
05-12-2024 14:45:03 - INFO - Sending request to Setting Chamber Zones to a= 0.0, b= 0.0, c= 0.0, d= 0.0 with timeout of 5s...
05-12-2024 14:45:03 - INFO - Sending request to Setting Chamber Zones to a= 0.0, b= 0.0, c= 0.0, d= 0.0 with timeout of 5s...
05-12-2024 14:45:03 - INFO - Sending request to Setting Chamber Zones to a= 0.0, b= 0.0, c= 0.0, d= 0.0 with timeout of 5s...
05-12-2024 14:45:03 - INFO - Sending request to Setting Chamber Zones to a= 0.0, b= 0.0, c= 0.0, d= 0.0 with timeout of 5s...
05-12-2024 14:45:03 - INFO - Sending request to Setting Chamber Zones to a= 0.0, b= 0.0, c= 0.0, d= 0.0 with timeout of 5s...
05-12-2024 14:45:04 - INFO - Sending request to Setting Chamber Zones to a= 0.0, b= 0.0, c= 0.0, d= 0.0 with timeout of 5s...
05-12-2024 14:45:04 - INFO - Sending request to Setting Chamber Zones to a= 0.0, b= 0.0, c= 0.0, d= 0.0 with timeout of 5s...
05-12-2024 14:45:04 - INFO - Sending request to Setting Chamber Zones to a= 0.0, b= 0.0, c= 0.0, d= 0.0 with timeout of 5s...
05-12-2024 14:45:04 - INFO - Sending request to Setting Chamber Zones to a= 0.0, b= 0.0, c= 0.0, d= 0.0 with timeout of 5s...
05-12-2024 14:45:04 - INFO - Sending request to Setting Chamber Zones to a= 0.0, b= 0.0, c= 0.0, d= 0.0 with timeout of 5s...
05-12-2024 14:45:05 - INFO - Sending request to Setting Chamber Zones to a= 0.0, b= 0.0, c= 0.0, d= 0.0 with timeout of 5s...
05-12-2024 14:45:05 - INFO - Sending request to Setting Chamber Zones to a= 0.0, b= 0.0, c= 0.0, d= 0.0 with timeout of 5s...
05-12-2024 14:45:05 - INFO - Sending request to Setting Chamber Zones to a= 0.0, b= 0.0, c= 0.0, d= 0.0 with timeout of 5s...
05-12-2024 14:45:05 - INFO - Sending request to Setting Chamber Zones to a= 0.0, b= 0.0, c= 0.0, d= 0.0 with timeout of 5s...
05-12-2024 14:45:05 - INFO - Sending request to Setting Chamber Zones to a= 0.0, b= 0.0, c= 0.0, d= 0.0 with timeout of 5s...
05-12-2024 14:45:06 - INFO - Sending request to Setting Chamber Zones to a= 0.0, b= 0.0, c= 0.0, d= 0.0 with timeout of 5s...
05-12-2024 14:45:06 - INFO - Sending request to Setting Chamber Zones to a= 0.0, b= 0.0, c= 0.0, d= 0.0 with timeout of 5s...
05-12-2024 14:45:06 - INFO - Sending request to Setting Chamber Zones to a= 0.0, b= 0.0, c= 0.0, d= 0.0 with timeout of 5s...
05-12-2024 14:45:06 - INFO - Sending request to Setting Chamber Zones to a= 0.0, b= 0.0, c= 0.0, d= 0.0 with timeout of 5s...
05-12-2024 14:45:06 - INFO - Sending request to Setting Chamber Zones to a= 0.0, b= 0.0, c= 0.0, d= 0.0 with timeout of 5s...
05-12-2024 14:45:07 - INFO - Sending request to Setting Chamber Zones to a= 0.0, b= 0.0, c= 0.0, d= 0.0 with timeout of 5s...
05-12-2024 14:45:07 - INFO - Sending request to Setting Chamber Zones to a= 0.0, b= 0.0, c= 0.0, d= 0.0 with timeout of 5s...
05-12-2024 14:45:07 - INFO - Sending request to Setting Chamber Zones to a= 0.0, b= 0.0, c= 0.0, d= 0.0 with timeout of 5s...
05-12-2024 14:45:07 - INFO - Sending request to Setting Chamber Zones to a= 0.0, b= 0.0, c= 0.0, d= 0.0 with timeout of 5s...
05-12-2024 14:45:07 - INFO - Sending request to Setting Chamber Zones to a= 0.0, b= 0.0, c= 0.0, d= 0.0 with timeout of 5s...
05-12-2024 14:45:08 - INFO - Sending request to Setting Chamber Zones to a= 0.0, b= 0.0, c= 0.0, d= 0.0 with timeout of 5s...
05-12-2024 14:45:08 - INFO - Sending request to Setting Chamber Zones to a= 0.0, b= 0.0, c= 0.0, d= 0.0 with timeout of 5s...
05-12-2024 14:45:08 - INFO - Sending request to Setting Chamber Zones to a= 0.0, b= 0.0, c= 0.0, d= 0.0 with timeout of 5s...
05-12-2024 14:45:08 - INFO - Sending request to Setting Chamber Zones to a= 0.0, b= 0.0, c= 0.0, d= 0.0 with timeout of 5s...
05-12-2024 14:45:08 - INFO - Sending request to Setting Chamber Zones to a= 0.0, b= 0.0, c= 0.0, d= 0.0 with timeout of 5s...
05-12-2024 14:45:09 - INFO - Sending request to Setting Chamber Zones to a= 0.0, b= 0.0, c= 0.0, d= 0.0 with timeout of 5s...
05-12-2024 14:45:09 - INFO - Sending request to Setting Chamber Zones to a= 0.0, b= 0.0, c= 0.0, d= 0.0 with timeout of 5s...
05-12-2024 14:45:09 - INFO - Sending request to Setting Chamber Zones to a= 0.0, b= 0.0, c= 0.0, d= 0.0 with timeout of 5s...
05-12-2024 14:45:09 - INFO - Setting Chamber Zones to a= 0.0, b= 0.0, c= 0.0, d= 0.0 request successfully sent.
05-12-2024 14:45:09 - INFO - Response from moonraker: {'result': 'ok'}
05-12-2024 14:45:09 - INFO - Setting Chamber Zones to a= 0.0, b= 0.0, c= 0.0, d= 0.0 Request successfully executed.
05-12-2024 14:45:09 - ERROR - E102 : Setting Chamber Zones to a= 0.0, b= 0.0, c= 0.0, d= 0.0 Request to Moonraker Timed out 
 Setting Chamber Zones to a= 0.0, b= 0.0, c= 0.0, d= 0.0 not successful
 Initiating firmware restart
05-12-2024 14:45:09 - INFO - Sending request to Setting Chamber Zones to a= 0.0, b= 0.0, c= 0.0, d= 0.0 with timeout of 5s...
05-12-2024 14:45:09 - INFO - Sending request to Setting Chamber Zones to a= 0.0, b= 0.0, c= 0.0, d= 0.0 with timeout of 5s...
05-12-2024 14:45:10 - INFO - Sending request to Setting Chamber Zones to a= 0.0, b= 0.0, c= 0.0, d= 0.0 with timeout of 5s...
05-12-2024 14:45:10 - INFO - Sending request to Setting Chamber Zones to a= 0.0, b= 0.0, c= 0.0, d= 0.0 with timeout of 5s...
05-12-2024 14:45:10 - INFO - Sending request to Setting Chamber Zones to a= 0.0, b= 0.0, c= 0.0, d= 0.0 with timeout of 5s...
05-12-2024 14:45:10 - INFO - Sending request to Setting Chamber Zones to a= 0.0, b= 0.0, c= 0.0, d= 0.0 with timeout of 5s...
05-12-2024 14:45:11 - INFO - Sending request to Setting Chamber Zones to a= 0.0, b= 0.0, c= 0.0, d= 0.0 with timeout of 5s...
05-12-2024 14:45:11 - INFO - Sending request to Setting Chamber Zones to a= 0.0, b= 0.0, c= 0.0, d= 0.0 with timeout of 5s...
05-12-2024 14:45:11 - INFO - Sending request to Setting Chamber Zones to a= 0.0, b= 0.0, c= 0.0, d= 0.0 with timeout of 5s...
05-12-2024 14:45:11 - INFO - Sending request to Setting Chamber Zones to a= 0.0, b= 0.0, c= 0.0, d= 0.0 with timeout of 5s...
05-12-2024 14:45:11 - INFO - Sending request to Setting Chamber Zones to a= 0.0, b= 0.0, c= 0.0, d= 0.0 with timeout of 5s...
05-12-2024 14:45:12 - INFO - Sending request to Setting Chamber Zones to a= 0.0, b= 0.0, c= 0.0, d= 0.0 with timeout of 5s...
05-12-2024 14:45:12 - INFO - Sending request to Setting Chamber Zones to a= 0.0, b= 0.0, c= 0.0, d= 0.0 with timeout of 5s...
05-12-2024 14:45:12 - INFO - Sending request to Setting Chamber Zones to a= 0.0, b= 0.0, c= 0.0, d= 0.0 with timeout of 5s...
05-12-2024 14:45:12 - INFO - Sending request to Setting Chamber Zones to a= 0.0, b= 0.0, c= 0.0, d= 0.0 with timeout of 5s...
05-12-2024 14:45:12 - INFO - Sending request to Setting Chamber Zones to a= 0.0, b= 0.0, c= 0.0, d= 0.0 with timeout of 5s...
05-12-2024 14:45:13 - INFO - Sending request to Setting Chamber Zones to a= 0.0, b= 0.0, c= 0.0, d= 0.0 with timeout of 5s...
05-12-2024 14:45:13 - INFO - Sending request to Setting Chamber Zones to a= 0.0, b= 0.0, c= 0.0, d= 0.0 with timeout of 5s...
05-12-2024 14:45:13 - INFO - Sending request to Setting Chamber Zones to a= 0.0, b= 0.0, c= 0.0, d= 0.0 with timeout of 5s...
05-12-2024 14:45:13 - INFO - Sending request to Setting Chamber Zones to a= 0.0, b= 0.0, c= 0.0, d= 0.0 with timeout of 5s...
05-12-2024 14:45:13 - INFO - Sending request to Setting Chamber Zones to a= 0.0, b= 0.0, c= 0.0, d= 0.0 with timeout of 5s...
05-12-2024 14:45:14 - INFO - Sending request to Setting Chamber Zones to a= 0.0, b= 0.0, c= 0.0, d= 0.0 with timeout of 5s...
05-12-2024 14:45:14 - INFO - Sending request to Setting Chamber Zones to a= 0.0, b= 0.0, c= 0.0, d= 0.0 with timeout of 5s...
05-12-2024 14:45:14 - INFO - Sending request to Setting Chamber Zones to a= 0.0, b= 0.0, c= 0.0, d= 0.0 with timeout of 5s...
05-12-2024 14:45:14 - INFO - Sending request to Setting Chamber Zones to a= 0.0, b= 0.0, c= 0.0, d= 0.0 with timeout of 5s...
05-12-2024 14:45:14 - INFO - Sending request to Setting Chamber Zones to a= 0.0, b= 0.0, c= 0.0, d= 0.0 with timeout of 5s...
05-12-2024 14:45:15 - INFO - Sending request to Setting Chamber Zones to a= 0.0, b= 0.0, c= 0.0, d= 0.0 with timeout of 5s...
05-12-2024 14:45:15 - INFO - Sending request to Setting Chamber Zones to a= 0.0, b= 0.0, c= 0.0, d= 0.0 with timeout of 5s...
05-12-2024 14:45:15 - INFO - Sending request to Setting Chamber Zones to a= 0.0, b= 0.0, c= 0.0, d= 0.0 with timeout of 5s...
05-12-2024 14:45:15 - INFO - Sending request to Setting Chamber Zones to a= 0.0, b= 0.0, c= 0.0, d= 0.0 with timeout of 5s...
05-12-2024 14:45:15 - INFO - Sending request to Setting Chamber Zones to a= 0.0, b= 0.0, c= 0.0, d= 0.0 with timeout of 5s...
05-12-2024 14:45:16 - INFO - Sending request to Setting Chamber Zones to a= 0.0, b= 0.0, c= 0.0, d= 0.0 with timeout of 5s...
05-12-2024 14:45:16 - INFO - Sending request to Setting Chamber Zones to a= 0.0, b= 0.0, c= 0.0, d= 0.0 with timeout of 5s...
05-12-2024 14:45:16 - INFO - Sending request to Setting Chamber Zones to a= 0.0, b= 0.0, c= 0.0, d= 0.0 with timeout of 5s...
05-12-2024 14:45:16 - INFO - Sending request to Setting Chamber Zones to a= 0.0, b= 0.0, c= 0.0, d= 0.0 with timeout of 5s...
05-12-2024 14:45:16 - INFO - Sending request to Setting Chamber Zones to a= 0.0, b= 0.0, c= 0.0, d= 0.0 with timeout of 5s...
05-12-2024 14:45:17 - INFO - Sending request to Setting Chamber Zones to a= 0.0, b= 0.0, c= 0.0, d= 0.0 with timeout of 5s...
05-12-2024 14:45:17 - INFO - Sending request to Setting Chamber Zones to a= 0.0, b= 0.0, c= 0.0, d= 0.0 with timeout of 5s...
05-12-2024 14:45:17 - INFO - Sending request to Setting Chamber Zones to a= 0.0, b= 0.0, c= 0.0, d= 0.0 with timeout of 5s...
05-12-2024 14:45:17 - INFO - Sending request to Setting Chamber Zones to a= 0.0, b= 0.0, c= 0.0, d= 0.0 with timeout of 5s...
05-12-2024 14:45:17 - INFO - Sending request to Setting Chamber Zones to a= 0.0, b= 0.0, c= 0.0, d= 0.0 with timeout of 5s...
05-12-2024 14:45:18 - INFO - Sending request to Setting Chamber Zones to a= 0.0, b= 0.0, c= 0.0, d= 0.0 with timeout of 5s...
05-12-2024 14:45:18 - INFO - Sending request to Setting Chamber Zones to a= 0.0, b= 0.0, c= 0.0, d= 0.0 with timeout of 5s...
05-12-2024 14:45:18 - INFO - Sending request to Setting Chamber Zones to a= 0.0, b= 0.0, c= 0.0, d= 0.0 with timeout of 5s...
05-12-2024 14:45:18 - INFO - Sending request to Setting Chamber Zones to a= 0.0, b= 0.0, c= 0.0, d= 0.0 with timeout of 5s...
05-12-2024 14:45:18 - INFO - Sending request to Setting Chamber Zones to a= 0.0, b= 0.0, c= 0.0, d= 0.0 with timeout of 5s...
05-12-2024 14:45:19 - INFO - Sending request to Setting Chamber Zones to a= 0.0, b= 0.0, c= 0.0, d= 0.0 with timeout of 5s...
05-12-2024 14:45:19 - INFO - Sending request to Setting Chamber Zones to a= 0.0, b= 0.0, c= 0.0, d= 0.0 with timeout of 5s...
05-12-2024 14:45:19 - INFO - Sending request to Setting Chamber Zones to a= 0.0, b= 0.0, c= 0.0, d= 0.0 with timeout of 5s...
05-12-2024 14:45:19 - INFO - Sending request to Setting Chamber Zones to a= 0.0, b= 0.0, c= 0.0, d= 0.0 with timeout of 5s...
05-12-2024 14:45:19 - INFO - Setting Chamber Zones to a= 0.0, b= 0.0, c= 0.0, d= 0.0 request successfully sent.
05-12-2024 14:45:19 - INFO - Response from moonraker: {'result': 'ok'}
05-12-2024 14:45:19 - INFO - Setting Chamber Zones to a= 0.0, b= 0.0, c= 0.0, d= 0.0 Request successfully executed.
05-12-2024 14:45:19 - ERROR - E102 : Setting Chamber Zones to a= 0.0, b= 0.0, c= 0.0, d= 0.0 Request to Moonraker Timed out 
 Setting Chamber Zones to a= 0.0, b= 0.0, c= 0.0, d= 0.0 not successful
 Initiating firmware restart
05-12-2024 14:45:19 - INFO - Sending request to Setting Chamber Zones to a= 0.0, b= 0.0, c= 0.0, d= 0.0 with timeout of 5s...
05-12-2024 14:45:20 - INFO - Sending request to Setting Chamber Zones to a= 0.0, b= 0.0, c= 0.0, d= 0.0 with timeout of 5s...
05-12-2024 14:45:20 - INFO - Sending request to Setting Chamber Zones to a= 0.0, b= 0.0, c= 0.0, d= 0.0 with timeout of 5s...
05-12-2024 14:45:20 - INFO - Sending request to Setting Chamber Zones to a= 0.0, b= 0.0, c= 0.0, d= 0.0 with timeout of 5s...
05-12-2024 14:45:20 - INFO - Sending request to Setting Chamber Zones to a= 0.0, b= 0.0, c= 0.0, d= 0.0 with timeout of 5s...
05-12-2024 14:45:20 - INFO - Sending request to Setting Chamber Zones to a= 0.0, b= 0.0, c= 0.0, d= 0.0 with timeout of 5s...
05-12-2024 14:45:21 - INFO - Sending request to Setting Chamber Zones to a= 0.0, b= 0.0, c= 0.0, d= 0.0 with timeout of 5s...
05-12-2024 14:45:21 - INFO - Sending request to Setting Chamber Zones to a= 0.0, b= 0.0, c= 0.0, d= 0.0 with timeout of 5s...
05-12-2024 14:45:21 - INFO - Sending request to Setting Chamber Zones to a= 0.0, b= 0.0, c= 0.0, d= 0.0 with timeout of 5s...
05-12-2024 14:45:21 - INFO - Sending request to Setting Chamber Zones to a= 0.0, b= 0.0, c= 0.0, d= 0.0 with timeout of 5s...
05-12-2024 14:45:21 - INFO - Sending request to Setting Chamber Zones to a= 0.0, b= 0.0, c= 0.0, d= 0.0 with timeout of 5s...
05-12-2024 14:45:22 - INFO - Sending request to Setting Chamber Zones to a= 0.0, b= 0.0, c= 0.0, d= 0.0 with timeout of 5s...
05-12-2024 14:45:22 - INFO - Sending request to Setting Chamber Zones to a= 0.0, b= 0.0, c= 0.0, d= 0.0 with timeout of 5s...
05-12-2024 14:45:22 - INFO - Sending request to Setting Chamber Zones to a= 0.0, b= 0.0, c= 0.0, d= 0.0 with timeout of 5s...
05-12-2024 14:45:22 - INFO - Sending request to Setting Chamber Zones to a= 0.0, b= 0.0, c= 0.0, d= 0.0 with timeout of 5s...
05-12-2024 14:45:22 - INFO - Sending request to Setting Chamber Zones to a= 0.0, b= 0.0, c= 0.0, d= 0.0 with timeout of 5s...
05-12-2024 14:45:23 - INFO - Sending request to Setting Chamber Zones to a= 0.0, b= 0.0, c= 0.0, d= 0.0 with timeout of 5s...
05-12-2024 14:45:23 - INFO - Sending request to Setting Chamber Zones to a= 0.0, b= 0.0, c= 0.0, d= 0.0 with timeout of 5s...
05-12-2024 14:45:23 - INFO - Sending request to Setting Chamber Zones to a= 0.0, b= 0.0, c= 0.0, d= 0.0 with timeout of 5s...
05-12-2024 14:45:23 - INFO - Sending request to Setting Chamber Zones to a= 0.0, b= 0.0, c= 0.0, d= 0.0 with timeout of 5s...
05-12-2024 14:45:23 - INFO - Sending request to Setting Chamber Zones to a= 0.0, b= 0.0, c= 0.0, d= 0.0 with timeout of 5s...
05-12-2024 14:45:24 - INFO - Sending request to Setting Chamber Zones to a= 0.0, b= 0.0, c= 0.0, d= 0.0 with timeout of 5s...
05-12-2024 14:45:24 - INFO - Sending request to Setting Chamber Zones to a= 0.0, b= 0.0, c= 0.0, d= 0.0 with timeout of 5s...
05-12-2024 14:45:24 - INFO - Sending request to Setting Chamber Zones to a= 0.0, b= 0.0, c= 0.0, d= 0.0 with timeout of 5s...
05-12-2024 14:45:24 - INFO - Sending request to Setting Chamber Zones to a= 0.0, b= 0.0, c= 0.0, d= 0.0 with timeout of 5s...
05-12-2024 14:45:24 - INFO - Sending request to Setting Chamber Zones to a= 0.0, b= 0.0, c= 0.0, d= 0.0 with timeout of 5s...
05-12-2024 14:45:25 - INFO - Sending request to Setting Chamber Zones to a= 0.0, b= 0.0, c= 0.0, d= 0.0 with timeout of 5s...
05-12-2024 14:45:25 - INFO - Sending request to Setting Chamber Zones to a= 0.0, b= 0.0, c= 0.0, d= 0.0 with timeout of 5s...
05-12-2024 14:45:25 - INFO - Sending request to Setting Chamber Zones to a= 0.0, b= 0.0, c= 0.0, d= 0.0 with timeout of 5s...
05-12-2024 14:45:25 - INFO - Sending request to Setting Chamber Zones to a= 0.0, b= 0.0, c= 0.0, d= 0.0 with timeout of 5s...
05-12-2024 14:45:25 - INFO - Sending request to Setting Chamber Zones to a= 0.0, b= 0.0, c= 0.0, d= 0.0 with timeout of 5s...
05-12-2024 14:45:26 - INFO - Sending request to Setting Chamber Zones to a= 0.0, b= 0.0, c= 0.0, d= 0.0 with timeout of 5s...
05-12-2024 14:45:26 - INFO - Sending request to Setting Chamber Zones to a= 0.0, b= 0.0, c= 0.0, d= 0.0 with timeout of 5s...
05-12-2024 14:45:26 - INFO - Sending request to Setting Chamber Zones to a= 0.0, b= 0.0, c= 0.0, d= 0.0 with timeout of 5s...
05-12-2024 14:45:26 - INFO - Sending request to Setting Chamber Zones to a= 0.0, b= 0.0, c= 0.0, d= 0.0 with timeout of 5s...
05-12-2024 14:45:26 - INFO - Sending request to Setting Chamber Zones to a= 0.0, b= 0.0, c= 0.0, d= 0.0 with timeout of 5s...
05-12-2024 14:45:27 - INFO - Sending request to Setting Chamber Zones to a= 0.0, b= 0.0, c= 0.0, d= 0.0 with timeout of 5s...
05-12-2024 14:45:27 - INFO - Sending request to Setting Chamber Zones to a= 0.0, b= 0.0, c= 0.0, d= 0.0 with timeout of 5s...
05-12-2024 14:45:27 - INFO - Sending request to Setting Chamber Zones to a= 0.0, b= 0.0, c= 0.0, d= 0.0 with timeout of 5s...
05-12-2024 14:45:27 - INFO - Sending request to Setting Chamber Zones to a= 0.0, b= 0.0, c= 0.0, d= 0.0 with timeout of 5s...
05-12-2024 14:45:27 - INFO - Sending request to Setting Chamber Zones to a= 0.0, b= 0.0, c= 0.0, d= 0.0 with timeout of 5s...
05-12-2024 14:45:28 - INFO - Sending request to Setting Chamber Zones to a= 0.0, b= 0.0, c= 0.0, d= 0.0 with timeout of 5s...
05-12-2024 14:45:28 - INFO - Sending request to Setting Chamber Zones to a= 0.0, b= 0.0, c= 0.0, d= 0.0 with timeout of 5s...
05-12-2024 14:45:28 - INFO - Sending request to Setting Chamber Zones to a= 0.0, b= 0.0, c= 0.0, d= 0.0 with timeout of 5s...
05-12-2024 14:45:28 - INFO - Sending request to Setting Chamber Zones to a= 0.0, b= 0.0, c= 0.0, d= 0.0 with timeout of 5s...
05-12-2024 14:45:28 - INFO - Sending request to Setting Chamber Zones to a= 0.0, b= 0.0, c= 0.0, d= 0.0 with timeout of 5s...
05-12-2024 14:45:29 - INFO - Sending request to Setting Chamber Zones to a= 0.0, b= 0.0, c= 0.0, d= 0.0 with timeout of 5s...
05-12-2024 14:45:29 - INFO - Sending request to Setting Chamber Zones to a= 0.0, b= 0.0, c= 0.0, d= 0.0 with timeout of 5s...
05-12-2024 14:45:29 - INFO - Sending request to Setting Chamber Zones to a= 0.0, b= 0.0, c= 0.0, d= 0.0 with timeout of 5s...
05-12-2024 14:45:29 - INFO - Setting Chamber Zones to a= 0.0, b= 0.0, c= 0.0, d= 0.0 request successfully sent.
05-12-2024 14:45:29 - INFO - Response from moonraker: {'result': 'ok'}
05-12-2024 14:45:29 - INFO - Setting Chamber Zones to a= 0.0, b= 0.0, c= 0.0, d= 0.0 Request successfully executed.
05-12-2024 14:45:29 - ERROR - E102 : Setting Chamber Zones to a= 0.0, b= 0.0, c= 0.0, d= 0.0 Request to Moonraker Timed out 
 Setting Chamber Zones to a= 0.0, b= 0.0, c= 0.0, d= 0.0 not successful
 Initiating firmware restart
05-12-2024 14:45:29 - INFO - Sending request to Setting Chamber Zones to a= 0.0, b= 0.0, c= 0.0, d= 0.0 with timeout of 5s...
05-12-2024 14:45:29 - INFO - Sending request to Setting Chamber Zones to a= 0.0, b= 0.0, c= 0.0, d= 0.0 with timeout of 5s...
05-12-2024 14:45:30 - INFO - Sending request to Setting Chamber Zones to a= 0.0, b= 0.0, c= 0.0, d= 0.0 with timeout of 5s...
05-12-2024 14:45:30 - INFO - Sending request to Setting Chamber Zones to a= 0.0, b= 0.0, c= 0.0, d= 0.0 with timeout of 5s...
05-12-2024 14:45:30 - INFO - Sending request to Setting Chamber Zones to a= 0.0, b= 0.0, c= 0.0, d= 0.0 with timeout of 5s...
05-12-2024 14:45:30 - INFO - Sending request to Setting Chamber Zones to a= 0.0, b= 0.0, c= 0.0, d= 0.0 with timeout of 5s...
05-12-2024 14:45:30 - INFO - Sending request to Setting Chamber Zones to a= 0.0, b= 0.0, c= 0.0, d= 0.0 with timeout of 5s...
05-12-2024 14:45:31 - INFO - Sending request to Setting Chamber Zones to a= 0.0, b= 0.0, c= 0.0, d= 0.0 with timeout of 5s...
05-12-2024 14:45:31 - INFO - Sending request to Setting Chamber Zones to a= 0.0, b= 0.0, c= 0.0, d= 0.0 with timeout of 5s...
05-12-2024 14:45:31 - INFO - Sending request to Setting Chamber Zones to a= 0.0, b= 0.0, c= 0.0, d= 0.0 with timeout of 5s...
05-12-2024 14:45:31 - INFO - Sending request to Setting Chamber Zones to a= 0.0, b= 0.0, c= 0.0, d= 0.0 with timeout of 5s...
05-12-2024 14:45:31 - INFO - Sending request to Setting Chamber Zones to a= 0.0, b= 0.0, c= 0.0, d= 0.0 with timeout of 5s...
05-12-2024 14:45:32 - INFO - Sending request to Setting Chamber Zones to a= 0.0, b= 0.0, c= 0.0, d= 0.0 with timeout of 5s...
05-12-2024 14:45:32 - INFO - Sending request to Setting Chamber Zones to a= 0.0, b= 0.0, c= 0.0, d= 0.0 with timeout of 5s...
05-12-2024 14:45:32 - INFO - Sending request to Setting Chamber Zones to a= 0.0, b= 0.0, c= 0.0, d= 0.0 with timeout of 5s...
05-12-2024 14:45:32 - INFO - Sending request to Setting Chamber Zones to a= 0.0, b= 0.0, c= 0.0, d= 0.0 with timeout of 5s...
05-12-2024 14:45:32 - INFO - Sending request to Setting Chamber Zones to a= 0.0, b= 0.0, c= 0.0, d= 0.0 with timeout of 5s...
05-12-2024 14:45:33 - INFO - Sending request to Setting Chamber Zones to a= 0.0, b= 0.0, c= 0.0, d= 0.0 with timeout of 5s...
05-12-2024 14:45:33 - INFO - Sending request to Setting Chamber Zones to a= 0.0, b= 0.0, c= 0.0, d= 0.0 with timeout of 5s...
05-12-2024 14:45:33 - INFO - Sending request to Setting Chamber Zones to a= 0.0, b= 0.0, c= 0.0, d= 0.0 with timeout of 5s...
05-12-2024 14:45:33 - INFO - Sending request to Setting Chamber Zones to a= 0.0, b= 0.0, c= 0.0, d= 0.0 with timeout of 5s...
05-12-2024 14:45:33 - INFO - Sending request to Setting Chamber Zones to a= 0.0, b= 0.0, c= 0.0, d= 0.0 with timeout of 5s...
05-12-2024 14:45:34 - INFO - Sending request to Setting Chamber Zones to a= 0.0, b= 0.0, c= 0.0, d= 0.0 with timeout of 5s...
05-12-2024 14:45:34 - INFO - Sending request to Setting Chamber Zones to a= 0.0, b= 0.0, c= 0.0, d= 0.0 with timeout of 5s...
05-12-2024 14:45:34 - INFO - Sending request to Setting Chamber Zones to a= 0.0, b= 0.0, c= 0.0, d= 0.0 with timeout of 5s...
05-12-2024 14:45:34 - INFO - Sending request to Setting Chamber Zones to a= 0.0, b= 0.0, c= 0.0, d= 0.0 with timeout of 5s...
05-12-2024 14:45:34 - INFO - Sending request to Setting Chamber Zones to a= 0.0, b= 0.0, c= 0.0, d= 0.0 with timeout of 5s...
05-12-2024 14:45:35 - INFO - Sending request to Setting Chamber Zones to a= 0.0, b= 0.0, c= 0.0, d= 0.0 with timeout of 5s...
05-12-2024 14:45:35 - INFO - Sending request to Setting Chamber Zones to a= 0.0, b= 0.0, c= 0.0, d= 0.0 with timeout of 5s...
05-12-2024 14:45:35 - INFO - Sending request to Setting Chamber Zones to a= 0.0, b= 0.0, c= 0.0, d= 0.0 with timeout of 5s...
05-12-2024 14:45:35 - INFO - Sending request to Setting Chamber Zones to a= 0.0, b= 0.0, c= 0.0, d= 0.0 with timeout of 5s...
05-12-2024 14:45:35 - INFO - Sending request to Setting Chamber Zones to a= 0.0, b= 0.0, c= 0.0, d= 0.0 with timeout of 5s...
05-12-2024 14:45:36 - INFO - Sending request to Setting Chamber Zones to a= 0.0, b= 0.0, c= 0.0, d= 0.0 with timeout of 5s...
05-12-2024 14:45:36 - INFO - Sending request to Setting Chamber Zones to a= 0.0, b= 0.0, c= 0.0, d= 0.0 with timeout of 5s...
05-12-2024 14:45:36 - INFO - Sending request to Setting Chamber Zones to a= 0.0, b= 0.0, c= 0.0, d= 0.0 with timeout of 5s...
05-12-2024 14:45:36 - INFO - Sending request to Setting Chamber Zones to a= 0.0, b= 0.0, c= 0.0, d= 0.0 with timeout of 5s...
05-12-2024 14:45:37 - INFO - Sending request to Setting Chamber Zones to a= 0.0, b= 0.0, c= 0.0, d= 0.0 with timeout of 5s...
05-12-2024 14:45:37 - INFO - Sending request to Setting Chamber Zones to a= 0.0, b= 0.0, c= 0.0, d= 0.0 with timeout of 5s...
05-12-2024 14:45:37 - INFO - Sending request to Setting Chamber Zones to a= 0.0, b= 0.0, c= 0.0, d= 0.0 with timeout of 5s...
05-12-2024 14:45:37 - INFO - Sending request to Setting Chamber Zones to a= 0.0, b= 0.0, c= 0.0, d= 0.0 with timeout of 5s...
05-12-2024 14:45:37 - INFO - Sending request to Setting Chamber Zones to a= 0.0, b= 0.0, c= 0.0, d= 0.0 with timeout of 5s...
05-12-2024 14:45:38 - INFO - Sending request to Setting Chamber Zones to a= 0.0, b= 0.0, c= 0.0, d= 0.0 with timeout of 5s...
05-12-2024 14:45:38 - INFO - Sending request to Setting Chamber Zones to a= 0.0, b= 0.0, c= 0.0, d= 0.0 with timeout of 5s...
05-12-2024 14:45:38 - INFO - Sending request to Setting Chamber Zones to a= 0.0, b= 0.0, c= 0.0, d= 0.0 with timeout of 5s...
05-12-2024 14:45:38 - INFO - Sending request to Setting Chamber Zones to a= 0.0, b= 0.0, c= 0.0, d= 0.0 with timeout of 5s...
05-12-2024 14:45:38 - INFO - Sending request to Setting Chamber Zones to a= 0.0, b= 0.0, c= 0.0, d= 0.0 with timeout of 5s...
05-12-2024 14:45:39 - INFO - Sending request to Setting Chamber Zones to a= 0.0, b= 0.0, c= 0.0, d= 0.0 with timeout of 5s...
05-12-2024 14:45:39 - INFO - Sending request to Setting Chamber Zones to a= 0.0, b= 0.0, c= 0.0, d= 0.0 with timeout of 5s...
05-12-2024 14:45:39 - INFO - Sending request to Setting Chamber Zones to a= 0.0, b= 0.0, c= 0.0, d= 0.0 with timeout of 5s...
05-12-2024 14:45:39 - INFO - Sending request to Setting Chamber Zones to a= 0.0, b= 0.0, c= 0.0, d= 0.0 with timeout of 5s...
05-12-2024 14:45:39 - INFO - Setting Chamber Zones to a= 0.0, b= 0.0, c= 0.0, d= 0.0 request successfully sent.
05-12-2024 14:45:39 - INFO - Response from moonraker: {'result': 'ok'}
05-12-2024 14:45:39 - INFO - Setting Chamber Zones to a= 0.0, b= 0.0, c= 0.0, d= 0.0 Request successfully executed.
05-12-2024 14:45:39 - ERROR - E102 : Setting Chamber Zones to a= 0.0, b= 0.0, c= 0.0, d= 0.0 Request to Moonraker Timed out 
 Setting Chamber Zones to a= 0.0, b= 0.0, c= 0.0, d= 0.0 not successful
 Initiating firmware restart
05-12-2024 14:45:39 - INFO - Sending request to Setting Chamber Zones to a= 0.0, b= 0.0, c= 0.0, d= 0.0 with timeout of 5s...
05-12-2024 14:45:40 - INFO - Sending request to Setting Chamber Zones to a= 0.0, b= 0.0, c= 0.0, d= 0.0 with timeout of 5s...
05-12-2024 14:45:40 - INFO - Sending request to Setting Chamber Zones to a= 0.0, b= 0.0, c= 0.0, d= 0.0 with timeout of 5s...
05-12-2024 14:45:40 - INFO - Sending request to Setting Chamber Zones to a= 0.0, b= 0.0, c= 0.0, d= 0.0 with timeout of 5s...
05-12-2024 14:45:40 - INFO - Sending request to Setting Chamber Zones to a= 0.0, b= 0.0, c= 0.0, d= 0.0 with timeout of 5s...
05-12-2024 14:45:40 - INFO - Sending request to Setting Chamber Zones to a= 0.0, b= 0.0, c= 0.0, d= 0.0 with timeout of 5s...
05-12-2024 14:45:41 - INFO - Sending request to Setting Chamber Zones to a= 0.0, b= 0.0, c= 0.0, d= 0.0 with timeout of 5s...
05-12-2024 14:45:41 - INFO - Sending request to Setting Chamber Zones to a= 0.0, b= 0.0, c= 0.0, d= 0.0 with timeout of 5s...
05-12-2024 14:45:41 - INFO - Sending request to Setting Chamber Zones to a= 0.0, b= 0.0, c= 0.0, d= 0.0 with timeout of 5s...
05-12-2024 14:45:41 - INFO - Sending request to Setting Chamber Zones to a= 0.0, b= 0.0, c= 0.0, d= 0.0 with timeout of 5s...
05-12-2024 14:45:41 - INFO - Sending request to Setting Chamber Zones to a= 0.0, b= 0.0, c= 0.0, d= 0.0 with timeout of 5s...
05-12-2024 14:45:42 - INFO - Sending request to Setting Chamber Zones to a= 0.0, b= 0.0, c= 0.0, d= 0.0 with timeout of 5s...
05-12-2024 14:45:42 - INFO - Sending request to Setting Chamber Zones to a= 0.0, b= 0.0, c= 0.0, d= 0.0 with timeout of 5s...
05-12-2024 14:45:42 - INFO - Sending request to Setting Chamber Zones to a= 0.0, b= 0.0, c= 0.0, d= 0.0 with timeout of 5s...
05-12-2024 14:45:42 - INFO - Sending request to Setting Chamber Zones to a= 0.0, b= 0.0, c= 0.0, d= 0.0 with timeout of 5s...
05-12-2024 14:45:42 - INFO - Sending request to Setting Chamber Zones to a= 0.0, b= 0.0, c= 0.0, d= 0.0 with timeout of 5s...
05-12-2024 14:45:43 - INFO - Sending request to Setting Chamber Zones to a= 0.0, b= 0.0, c= 0.0, d= 0.0 with timeout of 5s...
05-12-2024 14:45:43 - INFO - Sending request to Setting Chamber Zones to a= 0.0, b= 0.0, c= 0.0, d= 0.0 with timeout of 5s...
05-12-2024 14:45:43 - INFO - Sending request to Setting Chamber Zones to a= 0.0, b= 0.0, c= 0.0, d= 0.0 with timeout of 5s...
05-12-2024 14:45:43 - INFO - Sending request to Setting Chamber Zones to a= 0.0, b= 0.0, c= 0.0, d= 0.0 with timeout of 5s...
05-12-2024 14:45:43 - INFO - Sending request to Setting Chamber Zones to a= 0.0, b= 0.0, c= 0.0, d= 0.0 with timeout of 5s...
05-12-2024 14:45:44 - INFO - Sending request to Setting Chamber Zones to a= 0.0, b= 0.0, c= 0.0, d= 0.0 with timeout of 5s...
05-12-2024 14:45:44 - INFO - Sending request to Setting Chamber Zones to a= 0.0, b= 0.0, c= 0.0, d= 0.0 with timeout of 5s...
05-12-2024 14:45:44 - INFO - Sending request to Setting Chamber Zones to a= 0.0, b= 0.0, c= 0.0, d= 0.0 with timeout of 5s...
05-12-2024 14:45:44 - INFO - Sending request to Setting Chamber Zones to a= 0.0, b= 0.0, c= 0.0, d= 0.0 with timeout of 5s...
05-12-2024 14:45:44 - INFO - Sending request to Setting Chamber Zones to a= 0.0, b= 0.0, c= 0.0, d= 0.0 with timeout of 5s...
05-12-2024 14:45:45 - INFO - Sending request to Setting Chamber Zones to a= 0.0, b= 0.0, c= 0.0, d= 0.0 with timeout of 5s...
05-12-2024 14:45:45 - INFO - Sending request to Setting Chamber Zones to a= 0.0, b= 0.0, c= 0.0, d= 0.0 with timeout of 5s...
05-12-2024 14:45:45 - INFO - Sending request to Setting Chamber Zones to a= 0.0, b= 0.0, c= 0.0, d= 0.0 with timeout of 5s...
05-12-2024 14:45:45 - INFO - Sending request to Setting Chamber Zones to a= 0.0, b= 0.0, c= 0.0, d= 0.0 with timeout of 5s...
05-12-2024 14:45:45 - INFO - Sending request to Setting Chamber Zones to a= 0.0, b= 0.0, c= 0.0, d= 0.0 with timeout of 5s...
05-12-2024 14:45:46 - INFO - Sending request to Setting Chamber Zones to a= 0.0, b= 0.0, c= 0.0, d= 0.0 with timeout of 5s...
05-12-2024 14:45:46 - INFO - Sending request to Setting Chamber Zones to a= 0.0, b= 0.0, c= 0.0, d= 0.0 with timeout of 5s...
05-12-2024 14:45:46 - INFO - Sending request to Setting Chamber Zones to a= 0.0, b= 0.0, c= 0.0, d= 0.0 with timeout of 5s...
05-12-2024 14:45:46 - INFO - Sending request to Setting Chamber Zones to a= 0.0, b= 0.0, c= 0.0, d= 0.0 with timeout of 5s...
05-12-2024 14:45:46 - INFO - Sending request to Setting Chamber Zones to a= 0.0, b= 0.0, c= 0.0, d= 0.0 with timeout of 5s...
05-12-2024 14:45:47 - INFO - Sending request to Setting Chamber Zones to a= 0.0, b= 0.0, c= 0.0, d= 0.0 with timeout of 5s...
05-12-2024 14:45:47 - INFO - Sending request to Setting Chamber Zones to a= 0.0, b= 0.0, c= 0.0, d= 0.0 with timeout of 5s...
05-12-2024 14:45:47 - INFO - Sending request to Setting Chamber Zones to a= 0.0, b= 0.0, c= 0.0, d= 0.0 with timeout of 5s...
05-12-2024 14:45:47 - INFO - Sending request to Setting Chamber Zones to a= 0.0, b= 0.0, c= 0.0, d= 0.0 with timeout of 5s...
05-12-2024 14:45:47 - INFO - Sending request to Setting Chamber Zones to a= 0.0, b= 0.0, c= 0.0, d= 0.0 with timeout of 5s...
05-12-2024 14:45:48 - INFO - Sending request to Setting Chamber Zones to a= 0.0, b= 0.0, c= 0.0, d= 0.0 with timeout of 5s...
05-12-2024 14:45:48 - INFO - Sending request to Setting Chamber Zones to a= 0.0, b= 0.0, c= 0.0, d= 0.0 with timeout of 5s...
05-12-2024 14:45:48 - INFO - Sending request to Setting Chamber Zones to a= 0.0, b= 0.0, c= 0.0, d= 0.0 with timeout of 5s...
05-12-2024 14:45:48 - INFO - Sending request to Setting Chamber Zones to a= 0.0, b= 0.0, c= 0.0, d= 0.0 with timeout of 5s...
05-12-2024 14:45:48 - INFO - Sending request to Setting Chamber Zones to a= 0.0, b= 0.0, c= 0.0, d= 0.0 with timeout of 5s...
05-12-2024 14:45:49 - INFO - Sending request to Setting Chamber Zones to a= 0.0, b= 0.0, c= 0.0, d= 0.0 with timeout of 5s...
05-12-2024 14:45:49 - INFO - Sending request to Setting Chamber Zones to a= 0.0, b= 0.0, c= 0.0, d= 0.0 with timeout of 5s...
05-12-2024 14:45:49 - INFO - Sending request to Setting Chamber Zones to a= 0.0, b= 0.0, c= 0.0, d= 0.0 with timeout of 5s...
05-12-2024 14:45:49 - INFO - Sending request to Setting Chamber Zones to a= 0.0, b= 0.0, c= 0.0, d= 0.0 with timeout of 5s...
05-12-2024 14:45:49 - INFO - Setting Chamber Zones to a= 0.0, b= 0.0, c= 0.0, d= 0.0 request successfully sent.
05-12-2024 14:45:49 - INFO - Response from moonraker: {'result': 'ok'}
05-12-2024 14:45:49 - INFO - Setting Chamber Zones to a= 0.0, b= 0.0, c= 0.0, d= 0.0 Request successfully executed.
05-12-2024 14:45:49 - ERROR - E102 : Setting Chamber Zones to a= 0.0, b= 0.0, c= 0.0, d= 0.0 Request to Moonraker Timed out 
 Setting Chamber Zones to a= 0.0, b= 0.0, c= 0.0, d= 0.0 not successful
 Initiating firmware restart
05-12-2024 14:45:49 - INFO - Sending request to Setting Chamber Zones to a= 0.0, b= 0.0, c= 0.0, d= 0.0 with timeout of 5s...
05-12-2024 14:45:50 - INFO - Sending request to Setting Chamber Zones to a= 0.0, b= 0.0, c= 0.0, d= 0.0 with timeout of 5s...
05-12-2024 14:45:50 - INFO - Sending request to Setting Chamber Zones to a= 0.0, b= 0.0, c= 0.0, d= 0.0 with timeout of 5s...
05-12-2024 14:45:50 - INFO - Sending request to Setting Chamber Zones to a= 0.0, b= 0.0, c= 0.0, d= 0.0 with timeout of 5s...
05-12-2024 14:45:50 - INFO - Sending request to Setting Chamber Zones to a= 0.0, b= 0.0, c= 0.0, d= 0.0 with timeout of 5s...
05-12-2024 14:45:50 - INFO - Sending request to Setting Chamber Zones to a= 0.0, b= 0.0, c= 0.0, d= 0.0 with timeout of 5s...
05-12-2024 14:45:51 - INFO - Sending request to Setting Chamber Zones to a= 0.0, b= 0.0, c= 0.0, d= 0.0 with timeout of 5s...
05-12-2024 14:45:51 - INFO - Sending request to Setting Chamber Zones to a= 0.0, b= 0.0, c= 0.0, d= 0.0 with timeout of 5s...
05-12-2024 14:45:51 - INFO - Sending request to Setting Chamber Zones to a= 0.0, b= 0.0, c= 0.0, d= 0.0 with timeout of 5s...
05-12-2024 14:45:51 - INFO - Sending request to Setting Chamber Zones to a= 0.0, b= 0.0, c= 0.0, d= 0.0 with timeout of 5s...
05-12-2024 14:45:51 - INFO - Sending request to Setting Chamber Zones to a= 0.0, b= 0.0, c= 0.0, d= 0.0 with timeout of 5s...
05-12-2024 14:45:52 - INFO - Sending request to Setting Chamber Zones to a= 0.0, b= 0.0, c= 0.0, d= 0.0 with timeout of 5s...
05-12-2024 14:45:52 - INFO - Sending request to Setting Chamber Zones to a= 0.0, b= 0.0, c= 0.0, d= 0.0 with timeout of 5s...
05-12-2024 14:45:52 - INFO - Sending request to Setting Chamber Zones to a= 0.0, b= 0.0, c= 0.0, d= 0.0 with timeout of 5s...
05-12-2024 14:45:52 - INFO - Sending request to Setting Chamber Zones to a= 0.0, b= 0.0, c= 0.0, d= 0.0 with timeout of 5s...
05-12-2024 14:45:52 - INFO - Sending request to Setting Chamber Zones to a= 0.0, b= 0.0, c= 0.0, d= 0.0 with timeout of 5s...
05-12-2024 14:45:53 - INFO - Sending request to Setting Chamber Zones to a= 0.0, b= 0.0, c= 0.0, d= 0.0 with timeout of 5s...
05-12-2024 14:45:53 - INFO - Sending request to Setting Chamber Zones to a= 0.0, b= 0.0, c= 0.0, d= 0.0 with timeout of 5s...
05-12-2024 14:45:53 - INFO - Sending request to Setting Chamber Zones to a= 0.0, b= 0.0, c= 0.0, d= 0.0 with timeout of 5s...
05-12-2024 14:45:53 - INFO - Sending request to Setting Chamber Zones to a= 0.0, b= 0.0, c= 0.0, d= 0.0 with timeout of 5s...
05-12-2024 14:45:53 - INFO - Sending request to Setting Chamber Zones to a= 0.0, b= 0.0, c= 0.0, d= 0.0 with timeout of 5s...
05-12-2024 14:45:54 - INFO - Sending request to Setting Chamber Zones to a= 0.0, b= 0.0, c= 0.0, d= 0.0 with timeout of 5s...
05-12-2024 14:45:54 - INFO - Sending request to Setting Chamber Zones to a= 0.0, b= 0.0, c= 0.0, d= 0.0 with timeout of 5s...
05-12-2024 14:45:54 - INFO - Sending request to Setting Chamber Zones to a= 0.0, b= 0.0, c= 0.0, d= 0.0 with timeout of 5s...
05-12-2024 14:45:54 - INFO - Sending request to Setting Chamber Zones to a= 0.0, b= 0.0, c= 0.0, d= 0.0 with timeout of 5s...
05-12-2024 14:45:54 - INFO - Sending request to Setting Chamber Zones to a= 0.0, b= 0.0, c= 0.0, d= 0.0 with timeout of 5s...
05-12-2024 14:45:55 - INFO - Sending request to Setting Chamber Zones to a= 0.0, b= 0.0, c= 0.0, d= 0.0 with timeout of 5s...
05-12-2024 14:45:55 - INFO - Sending request to Setting Chamber Zones to a= 0.0, b= 0.0, c= 0.0, d= 0.0 with timeout of 5s...
05-12-2024 14:45:55 - INFO - Sending request to Setting Chamber Zones to a= 0.0, b= 0.0, c= 0.0, d= 0.0 with timeout of 5s...
05-12-2024 14:45:55 - INFO - Sending request to Setting Chamber Zones to a= 0.0, b= 0.0, c= 0.0, d= 0.0 with timeout of 5s...
05-12-2024 14:45:55 - INFO - Sending request to Setting Chamber Zones to a= 0.0, b= 0.0, c= 0.0, d= 0.0 with timeout of 5s...
05-12-2024 14:45:56 - INFO - Sending request to Setting Chamber Zones to a= 0.0, b= 0.0, c= 0.0, d= 0.0 with timeout of 5s...
05-12-2024 14:45:56 - INFO - Sending request to Setting Chamber Zones to a= 0.0, b= 0.0, c= 0.0, d= 0.0 with timeout of 5s...
05-12-2024 14:45:56 - INFO - Sending request to Setting Chamber Zones to a= 0.0, b= 0.0, c= 0.0, d= 0.0 with timeout of 5s...
05-12-2024 14:45:56 - INFO - Sending request to Setting Chamber Zones to a= 0.0, b= 0.0, c= 0.0, d= 0.0 with timeout of 5s...
05-12-2024 14:45:56 - INFO - Sending request to Setting Chamber Zones to a= 0.0, b= 0.0, c= 0.0, d= 0.0 with timeout of 5s...
05-12-2024 14:45:57 - INFO - Sending request to Setting Chamber Zones to a= 0.0, b= 0.0, c= 0.0, d= 0.0 with timeout of 5s...
05-12-2024 14:45:57 - INFO - Sending request to Setting Chamber Zones to a= 0.0, b= 0.0, c= 0.0, d= 0.0 with timeout of 5s...
05-12-2024 14:45:57 - INFO - Sending request to Setting Chamber Zones to a= 0.0, b= 0.0, c= 0.0, d= 0.0 with timeout of 5s...
05-12-2024 14:45:57 - INFO - Sending request to Setting Chamber Zones to a= 0.0, b= 0.0, c= 0.0, d= 0.0 with timeout of 5s...
05-12-2024 14:45:57 - INFO - Sending request to Setting Chamber Zones to a= 0.0, b= 0.0, c= 0.0, d= 0.0 with timeout of 5s...
05-12-2024 14:45:58 - INFO - Sending request to Setting Chamber Zones to a= 0.0, b= 0.0, c= 0.0, d= 0.0 with timeout of 5s...
05-12-2024 14:45:58 - INFO - Sending request to Setting Chamber Zones to a= 0.0, b= 0.0, c= 0.0, d= 0.0 with timeout of 5s...
05-12-2024 14:45:58 - INFO - Sending request to Setting Chamber Zones to a= 0.0, b= 0.0, c= 0.0, d= 0.0 with timeout of 5s...
05-12-2024 14:45:58 - INFO - Sending request to Setting Chamber Zones to a= 0.0, b= 0.0, c= 0.0, d= 0.0 with timeout of 5s...
05-12-2024 14:45:58 - INFO - Sending request to Setting Chamber Zones to a= 0.0, b= 0.0, c= 0.0, d= 0.0 with timeout of 5s...
05-12-2024 14:45:59 - INFO - Sending request to Setting Chamber Zones to a= 0.0, b= 0.0, c= 0.0, d= 0.0 with timeout of 5s...
05-12-2024 14:45:59 - INFO - Sending request to Setting Chamber Zones to a= 0.0, b= 0.0, c= 0.0, d= 0.0 with timeout of 5s...
05-12-2024 14:45:59 - INFO - Sending request to Setting Chamber Zones to a= 0.0, b= 0.0, c= 0.0, d= 0.0 with timeout of 5s...
05-12-2024 14:45:59 - INFO - Sending request to Setting Chamber Zones to a= 0.0, b= 0.0, c= 0.0, d= 0.0 with timeout of 5s...
05-12-2024 14:45:59 - INFO - Setting Chamber Zones to a= 0.0, b= 0.0, c= 0.0, d= 0.0 request successfully sent.
05-12-2024 14:45:59 - INFO - Response from moonraker: {'result': 'ok'}
05-12-2024 14:45:59 - INFO - Setting Chamber Zones to a= 0.0, b= 0.0, c= 0.0, d= 0.0 Request successfully executed.
05-12-2024 14:45:59 - ERROR - E102 : Setting Chamber Zones to a= 0.0, b= 0.0, c= 0.0, d= 0.0 Request to Moonraker Timed out 
 Setting Chamber Zones to a= 0.0, b= 0.0, c= 0.0, d= 0.0 not successful
 Initiating firmware restart
05-12-2024 14:45:59 - INFO - Sending request to Setting Chamber Zones to a= 0.0, b= 0.0, c= 0.0, d= 0.0 with timeout of 5s...
05-12-2024 14:46:00 - INFO - Sending request to Setting Chamber Zones to a= 0.0, b= 0.0, c= 0.0, d= 0.0 with timeout of 5s...
05-12-2024 14:46:00 - INFO - Sending request to Setting Chamber Zones to a= 0.0, b= 0.0, c= 0.0, d= 0.0 with timeout of 5s...
05-12-2024 14:46:00 - INFO - Sending request to Setting Chamber Zones to a= 0.0, b= 0.0, c= 0.0, d= 0.0 with timeout of 5s...
05-12-2024 14:46:00 - INFO - Sending request to Setting Chamber Zones to a= 0.0, b= 0.0, c= 0.0, d= 0.0 with timeout of 5s...
05-12-2024 14:46:00 - INFO - Sending request to Setting Chamber Zones to a= 0.0, b= 0.0, c= 0.0, d= 0.0 with timeout of 5s...
05-12-2024 14:46:01 - INFO - Sending request to Setting Chamber Zones to a= 0.0, b= 0.0, c= 0.0, d= 0.0 with timeout of 5s...
05-12-2024 14:46:01 - INFO - Sending request to Setting Chamber Zones to a= 0.0, b= 0.0, c= 0.0, d= 0.0 with timeout of 5s...
05-12-2024 14:46:01 - INFO - Sending request to Setting Chamber Zones to a= 0.0, b= 0.0, c= 0.0, d= 0.0 with timeout of 5s...
05-12-2024 14:46:01 - INFO - Sending request to Setting Chamber Zones to a= 0.0, b= 0.0, c= 0.0, d= 0.0 with timeout of 5s...
05-12-2024 14:46:01 - INFO - Sending request to Setting Chamber Zones to a= 0.0, b= 0.0, c= 0.0, d= 0.0 with timeout of 5s...
05-12-2024 14:46:02 - INFO - Sending request to Setting Chamber Zones to a= 0.0, b= 0.0, c= 0.0, d= 0.0 with timeout of 5s...
05-12-2024 14:46:02 - INFO - Sending request to Setting Chamber Zones to a= 0.0, b= 0.0, c= 0.0, d= 0.0 with timeout of 5s...
05-12-2024 14:46:02 - INFO - Sending request to Setting Chamber Zones to a= 0.0, b= 0.0, c= 0.0, d= 0.0 with timeout of 5s...
05-12-2024 14:46:02 - INFO - Sending request to Setting Chamber Zones to a= 0.0, b= 0.0, c= 0.0, d= 0.0 with timeout of 5s...
05-12-2024 14:46:02 - INFO - Sending request to Setting Chamber Zones to a= 0.0, b= 0.0, c= 0.0, d= 0.0 with timeout of 5s...
05-12-2024 14:46:03 - INFO - Sending request to Setting Chamber Zones to a= 0.0, b= 0.0, c= 0.0, d= 0.0 with timeout of 5s...
05-12-2024 14:46:03 - INFO - Sending request to Setting Chamber Zones to a= 0.0, b= 0.0, c= 0.0, d= 0.0 with timeout of 5s...
05-12-2024 14:46:03 - INFO - Sending request to Setting Chamber Zones to a= 0.0, b= 0.0, c= 0.0, d= 0.0 with timeout of 5s...
05-12-2024 14:46:03 - INFO - Sending request to Setting Chamber Zones to a= 0.0, b= 0.0, c= 0.0, d= 0.0 with timeout of 5s...
05-12-2024 14:46:04 - INFO - Sending request to Setting Chamber Zones to a= 0.0, b= 0.0, c= 0.0, d= 0.0 with timeout of 5s...
05-12-2024 14:46:04 - INFO - Sending request to Setting Chamber Zones to a= 0.0, b= 0.0, c= 0.0, d= 0.0 with timeout of 5s...
05-12-2024 14:46:04 - INFO - Sending request to Setting Chamber Zones to a= 0.0, b= 0.0, c= 0.0, d= 0.0 with timeout of 5s...
05-12-2024 14:46:04 - INFO - Sending request to Setting Chamber Zones to a= 0.0, b= 0.0, c= 0.0, d= 0.0 with timeout of 5s...
05-12-2024 14:46:04 - INFO - Sending request to Setting Chamber Zones to a= 0.0, b= 0.0, c= 0.0, d= 0.0 with timeout of 5s...
05-12-2024 14:46:05 - INFO - Sending request to Setting Chamber Zones to a= 0.0, b= 0.0, c= 0.0, d= 0.0 with timeout of 5s...
05-12-2024 14:46:05 - INFO - Sending request to Setting Chamber Zones to a= 0.0, b= 0.0, c= 0.0, d= 0.0 with timeout of 5s...
05-12-2024 14:46:05 - INFO - Sending request to Setting Chamber Zones to a= 0.0, b= 0.0, c= 0.0, d= 0.0 with timeout of 5s...
05-12-2024 14:46:05 - INFO - Sending request to Setting Chamber Zones to a= 0.0, b= 0.0, c= 0.0, d= 0.0 with timeout of 5s...
05-12-2024 14:46:05 - INFO - Sending request to Setting Chamber Zones to a= 0.0, b= 0.0, c= 0.0, d= 0.0 with timeout of 5s...
05-12-2024 14:46:06 - INFO - Sending request to Setting Chamber Zones to a= 0.0, b= 0.0, c= 0.0, d= 0.0 with timeout of 5s...
05-12-2024 14:46:06 - INFO - Sending request to Setting Chamber Zones to a= 0.0, b= 0.0, c= 0.0, d= 0.0 with timeout of 5s...
05-12-2024 14:46:06 - INFO - Sending request to Setting Chamber Zones to a= 0.0, b= 0.0, c= 0.0, d= 0.0 with timeout of 5s...
05-12-2024 14:46:06 - INFO - Sending request to Setting Chamber Zones to a= 0.0, b= 0.0, c= 0.0, d= 0.0 with timeout of 5s...
05-12-2024 14:46:06 - INFO - Sending request to Setting Chamber Zones to a= 0.0, b= 0.0, c= 0.0, d= 0.0 with timeout of 5s...
05-12-2024 14:46:07 - INFO - Sending request to Setting Chamber Zones to a= 0.0, b= 0.0, c= 0.0, d= 0.0 with timeout of 5s...
05-12-2024 14:46:07 - INFO - Sending request to Setting Chamber Zones to a= 0.0, b= 0.0, c= 0.0, d= 0.0 with timeout of 5s...
05-12-2024 14:46:07 - INFO - Sending request to Setting Chamber Zones to a= 0.0, b= 0.0, c= 0.0, d= 0.0 with timeout of 5s...
05-12-2024 14:46:07 - INFO - Sending request to Setting Chamber Zones to a= 0.0, b= 0.0, c= 0.0, d= 0.0 with timeout of 5s...
05-12-2024 14:46:07 - INFO - Sending request to Setting Chamber Zones to a= 0.0, b= 0.0, c= 0.0, d= 0.0 with timeout of 5s...
05-12-2024 14:46:08 - INFO - Sending request to Setting Chamber Zones to a= 0.0, b= 0.0, c= 0.0, d= 0.0 with timeout of 5s...
05-12-2024 14:46:08 - INFO - Sending request to Setting Chamber Zones to a= 0.0, b= 0.0, c= 0.0, d= 0.0 with timeout of 5s...
05-12-2024 14:46:08 - INFO - Sending request to Setting Chamber Zones to a= 0.0, b= 0.0, c= 0.0, d= 0.0 with timeout of 5s...
05-12-2024 14:46:08 - INFO - Sending request to Setting Chamber Zones to a= 0.0, b= 0.0, c= 0.0, d= 0.0 with timeout of 5s...
05-12-2024 14:46:08 - INFO - Sending request to Setting Chamber Zones to a= 0.0, b= 0.0, c= 0.0, d= 0.0 with timeout of 5s...
05-12-2024 14:46:09 - INFO - Sending request to Setting Chamber Zones to a= 0.0, b= 0.0, c= 0.0, d= 0.0 with timeout of 5s...
05-12-2024 14:46:09 - INFO - Sending request to Setting Chamber Zones to a= 0.0, b= 0.0, c= 0.0, d= 0.0 with timeout of 5s...
05-12-2024 14:46:09 - INFO - Sending request to Setting Chamber Zones to a= 0.0, b= 0.0, c= 0.0, d= 0.0 with timeout of 5s...
05-12-2024 14:46:09 - INFO - Sending request to Setting Chamber Zones to a= 0.0, b= 0.0, c= 0.0, d= 0.0 with timeout of 5s...
05-12-2024 14:46:09 - INFO - Sending request to Setting Chamber Zones to a= 0.0, b= 0.0, c= 0.0, d= 0.0 with timeout of 5s...
05-12-2024 14:46:09 - INFO - Setting Chamber Zones to a= 0.0, b= 0.0, c= 0.0, d= 0.0 request successfully sent.
05-12-2024 14:46:09 - INFO - Response from moonraker: {'result': 'ok'}
05-12-2024 14:46:09 - INFO - Setting Chamber Zones to a= 0.0, b= 0.0, c= 0.0, d= 0.0 Request successfully executed.
05-12-2024 14:46:09 - ERROR - E102 : Setting Chamber Zones to a= 0.0, b= 0.0, c= 0.0, d= 0.0 Request to Moonraker Timed out 
 Setting Chamber Zones to a= 0.0, b= 0.0, c= 0.0, d= 0.0 not successful
 Initiating firmware restart
05-12-2024 14:46:10 - INFO - Sending request to Setting Chamber Zones to a= 0.0, b= 0.0, c= 0.0, d= 0.0 with timeout of 5s...
05-12-2024 14:46:10 - INFO - Sending request to Setting Chamber Zones to a= 0.0, b= 0.0, c= 0.0, d= 0.0 with timeout of 5s...
05-12-2024 14:46:10 - INFO - Sending request to Setting Chamber Zones to a= 0.0, b= 0.0, c= 0.0, d= 0.0 with timeout of 5s...
05-12-2024 14:46:10 - INFO - Sending request to Setting Chamber Zones to a= 0.0, b= 0.0, c= 0.0, d= 0.0 with timeout of 5s...
05-12-2024 14:46:10 - INFO - Sending request to Setting Chamber Zones to a= 0.0, b= 0.0, c= 0.0, d= 0.0 with timeout of 5s...
05-12-2024 14:46:11 - INFO - Sending request to Setting Chamber Zones to a= 0.0, b= 0.0, c= 0.0, d= 0.0 with timeout of 5s...
05-12-2024 14:46:11 - INFO - Sending request to Setting Chamber Zones to a= 0.0, b= 0.0, c= 0.0, d= 0.0 with timeout of 5s...
05-12-2024 14:46:11 - INFO - Sending request to Setting Chamber Zones to a= 0.0, b= 0.0, c= 0.0, d= 0.0 with timeout of 5s...
05-12-2024 14:46:11 - INFO - Sending request to Setting Chamber Zones to a= 0.0, b= 0.0, c= 0.0, d= 0.0 with timeout of 5s...
05-12-2024 14:46:11 - INFO - Sending request to Setting Chamber Zones to a= 0.0, b= 0.0, c= 0.0, d= 0.0 with timeout of 5s...
05-12-2024 14:46:12 - INFO - Sending request to Setting Chamber Zones to a= 0.0, b= 0.0, c= 0.0, d= 0.0 with timeout of 5s...
05-12-2024 14:46:12 - INFO - Sending request to Setting Chamber Zones to a= 0.0, b= 0.0, c= 0.0, d= 0.0 with timeout of 5s...
05-12-2024 14:46:12 - INFO - Sending request to Setting Chamber Zones to a= 0.0, b= 0.0, c= 0.0, d= 0.0 with timeout of 5s...
05-12-2024 14:46:12 - INFO - Sending request to Setting Chamber Zones to a= 0.0, b= 0.0, c= 0.0, d= 0.0 with timeout of 5s...
05-12-2024 14:46:12 - INFO - Sending request to Setting Chamber Zones to a= 0.0, b= 0.0, c= 0.0, d= 0.0 with timeout of 5s...
05-12-2024 14:46:13 - INFO - Sending request to Setting Chamber Zones to a= 0.0, b= 0.0, c= 0.0, d= 0.0 with timeout of 5s...
05-12-2024 14:46:13 - INFO - Sending request to Setting Chamber Zones to a= 0.0, b= 0.0, c= 0.0, d= 0.0 with timeout of 5s...
05-12-2024 14:46:13 - INFO - Sending request to Setting Chamber Zones to a= 0.0, b= 0.0, c= 0.0, d= 0.0 with timeout of 5s...
05-12-2024 14:46:13 - INFO - Sending request to Setting Chamber Zones to a= 0.0, b= 0.0, c= 0.0, d= 0.0 with timeout of 5s...
05-12-2024 14:46:13 - INFO - Sending request to Setting Chamber Zones to a= 0.0, b= 0.0, c= 0.0, d= 0.0 with timeout of 5s...
05-12-2024 14:46:14 - INFO - Sending request to Setting Chamber Zones to a= 0.0, b= 0.0, c= 0.0, d= 0.0 with timeout of 5s...
05-12-2024 14:46:14 - INFO - Sending request to Setting Chamber Zones to a= 0.0, b= 0.0, c= 0.0, d= 0.0 with timeout of 5s...
05-12-2024 14:46:14 - INFO - Sending request to Setting Chamber Zones to a= 0.0, b= 0.0, c= 0.0, d= 0.0 with timeout of 5s...
05-12-2024 14:46:14 - INFO - Sending request to Setting Chamber Zones to a= 0.0, b= 0.0, c= 0.0, d= 0.0 with timeout of 5s...
05-12-2024 14:46:14 - INFO - Sending request to Setting Chamber Zones to a= 0.0011380000000001105, b= 0.0002845000000000276, c= 0.0011380000000001105, d= 0.0002845000000000276 with timeout of 5s...
05-12-2024 14:46:15 - INFO - Sending request to Setting Chamber Zones to a= 0.0, b= 0.0, c= 0.0, d= 0.0 with timeout of 5s...
05-12-2024 14:46:15 - INFO - Sending request to Setting Chamber Zones to a= 0.0, b= 0.0, c= 0.0, d= 0.0 with timeout of 5s...
05-12-2024 14:46:15 - INFO - Sending request to Setting Chamber Zones to a= 0.0, b= 0.0, c= 0.0, d= 0.0 with timeout of 5s...
05-12-2024 14:46:15 - INFO - Sending request to Setting Chamber Zones to a= 0.0, b= 0.0, c= 0.0, d= 0.0 with timeout of 5s...
05-12-2024 14:46:15 - INFO - Sending request to Setting Chamber Zones to a= 0.0, b= 0.0, c= 0.0, d= 0.0 with timeout of 5s...
05-12-2024 14:46:16 - INFO - Sending request to Setting Chamber Zones to a= 0.0, b= 0.0, c= 0.0, d= 0.0 with timeout of 5s...
05-12-2024 14:46:16 - INFO - Sending request to Setting Chamber Zones to a= 0.0, b= 0.0, c= 0.0, d= 0.0 with timeout of 5s...
05-12-2024 14:46:16 - INFO - Sending request to Setting Chamber Zones to a= 0.0, b= 0.0, c= 0.0, d= 0.0 with timeout of 5s...
05-12-2024 14:46:16 - INFO - Sending request to Setting Chamber Zones to a= 0.0, b= 0.0, c= 0.0, d= 0.0 with timeout of 5s...
05-12-2024 14:46:16 - INFO - Sending request to Setting Chamber Zones to a= 0.0, b= 0.0, c= 0.0, d= 0.0 with timeout of 5s...
05-12-2024 14:46:17 - INFO - Sending request to Setting Chamber Zones to a= 0.0, b= 0.0, c= 0.0, d= 0.0 with timeout of 5s...
05-12-2024 14:46:17 - INFO - Sending request to Setting Chamber Zones to a= 0.0, b= 0.0, c= 0.0, d= 0.0 with timeout of 5s...
05-12-2024 14:46:17 - INFO - Sending request to Setting Chamber Zones to a= 0.0, b= 0.0, c= 0.0, d= 0.0 with timeout of 5s...
05-12-2024 14:46:17 - INFO - Sending request to Setting Chamber Zones to a= 0.0, b= 0.0, c= 0.0, d= 0.0 with timeout of 5s...
05-12-2024 14:46:17 - INFO - Sending request to Setting Chamber Zones to a= 0.0, b= 0.0, c= 0.0, d= 0.0 with timeout of 5s...
05-12-2024 14:46:18 - INFO - Sending request to Setting Chamber Zones to a= 0.0, b= 0.0, c= 0.0, d= 0.0 with timeout of 5s...
05-12-2024 14:46:18 - INFO - Sending request to Setting Chamber Zones to a= 0.0, b= 0.0, c= 0.0, d= 0.0 with timeout of 5s...
05-12-2024 14:46:18 - INFO - Sending request to Setting Chamber Zones to a= 0.0, b= 0.0, c= 0.0, d= 0.0 with timeout of 5s...
05-12-2024 14:46:18 - INFO - Sending request to Setting Chamber Zones to a= 0.0, b= 0.0, c= 0.0, d= 0.0 with timeout of 5s...
05-12-2024 14:46:18 - INFO - Sending request to Setting Chamber Zones to a= 0.0, b= 0.0, c= 0.0, d= 0.0 with timeout of 5s...
05-12-2024 14:46:19 - INFO - Sending request to Setting Chamber Zones to a= 0.0, b= 0.0, c= 0.0, d= 0.0 with timeout of 5s...
05-12-2024 14:46:19 - INFO - Sending request to Setting Chamber Zones to a= 0.0, b= 0.0, c= 0.0, d= 0.0 with timeout of 5s...
05-12-2024 14:46:19 - INFO - Sending request to Setting Chamber Zones to a= 0.0, b= 0.0, c= 0.0, d= 0.0 with timeout of 5s...
05-12-2024 14:46:19 - INFO - Sending request to Setting Chamber Zones to a= 0.0, b= 0.0, c= 0.0, d= 0.0 with timeout of 5s...
05-12-2024 14:46:19 - INFO - Setting Chamber Zones to a= 0.0, b= 0.0, c= 0.0, d= 0.0 request successfully sent.
05-12-2024 14:46:19 - INFO - Response from moonraker: {'result': 'ok'}
05-12-2024 14:46:19 - INFO - Setting Chamber Zones to a= 0.0, b= 0.0, c= 0.0, d= 0.0 Request successfully executed.
05-12-2024 14:46:19 - ERROR - E102 : Setting Chamber Zones to a= 0.0, b= 0.0, c= 0.0, d= 0.0 Request to Moonraker Timed out 
 Setting Chamber Zones to a= 0.0, b= 0.0, c= 0.0, d= 0.0 not successful
 Initiating firmware restart
05-12-2024 14:46:19 - INFO - Sending request to Setting Chamber Zones to a= 0.0013460000000001015, b= 0.00033650000000002536, c= 0.0013460000000001015, d= 0.00033650000000002536 with timeout of 5s...
05-12-2024 14:46:20 - INFO - Sending request to Setting Chamber Zones to a= 0.0013120000000001015, b= 0.0003280000000000254, c= 0.0013120000000001015, d= 0.0003280000000000254 with timeout of 5s...
05-12-2024 14:46:20 - INFO - Sending request to Setting Chamber Zones to a= 0.0013280000000001017, b= 0.0003320000000000254, c= 0.0013280000000001017, d= 0.0003320000000000254 with timeout of 5s...
05-12-2024 14:46:20 - INFO - Sending request to Setting Chamber Zones to a= 0.001344000000000102, b= 0.0003360000000000255, c= 0.001344000000000102, d= 0.0003360000000000255 with timeout of 5s...
05-12-2024 14:46:20 - INFO - Sending request to Setting Chamber Zones to a= 0.0013600000000001024, b= 0.0003400000000000256, c= 0.0013600000000001024, d= 0.0003400000000000256 with timeout of 5s...
05-12-2024 14:46:20 - INFO - Sending request to Setting Chamber Zones to a= 0.0013760000000001026, b= 0.00034400000000002565, c= 0.0013760000000001026, d= 0.00034400000000002565 with timeout of 5s...
05-12-2024 14:46:21 - INFO - Sending request to Setting Chamber Zones to a= 0.0013920000000001032, b= 0.0003480000000000258, c= 0.0013920000000001032, d= 0.0003480000000000258 with timeout of 5s...
05-12-2024 14:46:21 - INFO - Sending request to Setting Chamber Zones to a= 0.0014080000000001019, b= 0.00035200000000002547, c= 0.0014080000000001019, d= 0.00035200000000002547 with timeout of 5s...
05-12-2024 14:46:21 - INFO - Sending request to Setting Chamber Zones to a= 0.0014240000000001025, b= 0.0003560000000000256, c= 0.0014240000000001025, d= 0.0003560000000000256 with timeout of 5s...
05-12-2024 14:46:21 - INFO - Sending request to Setting Chamber Zones to a= 0.0014400000000001027, b= 0.00036000000000002566, c= 0.0014400000000001027, d= 0.00036000000000002566 with timeout of 5s...
05-12-2024 14:46:21 - INFO - Sending request to Setting Chamber Zones to a= 0.001456000000000103, b= 0.00036400000000002576, c= 0.001456000000000103, d= 0.00036400000000002576 with timeout of 5s...
05-12-2024 14:46:22 - INFO - Sending request to Setting Chamber Zones to a= 0.0014720000000001034, b= 0.00036800000000002586, c= 0.0014720000000001034, d= 0.00036800000000002586 with timeout of 5s...
05-12-2024 14:46:22 - INFO - Sending request to Setting Chamber Zones to a= 0.0014880000000001036, b= 0.0003720000000000259, c= 0.0014880000000001036, d= 0.0003720000000000259 with timeout of 5s...
05-12-2024 14:46:22 - INFO - Sending request to Setting Chamber Zones to a= 0.006561999999999817, b= 0.0016404999999999543, c= 0.006561999999999817, d= 0.0016404999999999543 with timeout of 5s...
05-12-2024 14:46:22 - INFO - Sending request to Setting Chamber Zones to a= 0.00653599999999982, b= 0.001633999999999955, c= 0.00653599999999982, d= 0.001633999999999955 with timeout of 5s...
05-12-2024 14:46:22 - INFO - Sending request to Setting Chamber Zones to a= 0.0065599999999998194, b= 0.0016399999999999549, c= 0.0065599999999998194, d= 0.0016399999999999549 with timeout of 5s...
05-12-2024 14:46:23 - INFO - Sending request to Setting Chamber Zones to a= 0.0015260000000001063, b= 0.00038150000000002657, c= 0.0015260000000001063, d= 0.00038150000000002657 with timeout of 5s...
05-12-2024 14:46:23 - INFO - Sending request to Setting Chamber Zones to a= 0.001592000000000104, b= 0.000398000000000026, c= 0.001592000000000104, d= 0.000398000000000026 with timeout of 5s...
05-12-2024 14:46:23 - INFO - Sending request to Setting Chamber Zones to a= 0.0016080000000001041, b= 0.00040200000000002603, c= 0.0016080000000001041, d= 0.00040200000000002603 with timeout of 5s...
05-12-2024 14:46:23 - INFO - Sending request to Setting Chamber Zones to a= 0.0016240000000001045, b= 0.00040600000000002613, c= 0.0016240000000001045, d= 0.00040600000000002613 with timeout of 5s...
05-12-2024 14:46:23 - INFO - Sending request to Setting Chamber Zones to a= 0.001640000000000105, b= 0.00041000000000002623, c= 0.001640000000000105, d= 0.00041000000000002623 with timeout of 5s...
05-12-2024 14:46:24 - INFO - Sending request to Setting Chamber Zones to a= 0.001656000000000105, b= 0.00041400000000002627, c= 0.001656000000000105, d= 0.00041400000000002627 with timeout of 5s...
05-12-2024 14:46:24 - INFO - Sending request to Setting Chamber Zones to a= 0.001672000000000104, b= 0.000418000000000026, c= 0.001672000000000104, d= 0.000418000000000026 with timeout of 5s...
05-12-2024 14:46:24 - INFO - Sending request to Setting Chamber Zones to a= 0.0016880000000001043, b= 0.0004220000000000261, c= 0.0016880000000001043, d= 0.0004220000000000261 with timeout of 5s...
05-12-2024 14:46:24 - INFO - Sending request to Setting Chamber Zones to a= 0.001704000000000105, b= 0.00042600000000002624, c= 0.001704000000000105, d= 0.00042600000000002624 with timeout of 5s...
05-12-2024 14:46:24 - INFO - Sending request to Setting Chamber Zones to a= 0.0017200000000001051, b= 0.0004300000000000263, c= 0.0017200000000001051, d= 0.0004300000000000263 with timeout of 5s...
05-12-2024 14:46:25 - INFO - Sending request to Setting Chamber Zones to a= 0.0017360000000001055, b= 0.0004340000000000264, c= 0.0017360000000001055, d= 0.0004340000000000264 with timeout of 5s...
05-12-2024 14:46:25 - INFO - Sending request to Setting Chamber Zones to a= 0.001752000000000106, b= 0.0004380000000000265, c= 0.001752000000000106, d= 0.0004380000000000265 with timeout of 5s...
05-12-2024 14:46:25 - INFO - Sending request to Setting Chamber Zones to a= 0.001768000000000106, b= 0.0004420000000000265, c= 0.001768000000000106, d= 0.0004420000000000265 with timeout of 5s...
05-12-2024 14:46:25 - INFO - Sending request to Setting Chamber Zones to a= 0.0017840000000001067, b= 0.00044600000000002667, c= 0.0017840000000001067, d= 0.00044600000000002667 with timeout of 5s...
05-12-2024 14:46:26 - INFO - Sending request to Setting Chamber Zones to a= 0.001800000000000107, b= 0.00045000000000002677, c= 0.001800000000000107, d= 0.00045000000000002677 with timeout of 5s...
05-12-2024 14:46:26 - INFO - Sending request to Setting Chamber Zones to a= 0.0, b= 0.0, c= 0.0, d= 0.0 with timeout of 5s...
05-12-2024 14:46:26 - INFO - Sending request to Setting Chamber Zones to a= 0.0, b= 0.0, c= 0.0, d= 0.0 with timeout of 5s...
05-12-2024 14:46:26 - INFO - Sending request to Setting Chamber Zones to a= 0.0018820000000001086, b= 0.00047050000000002716, c= 0.0018820000000001086, d= 0.00047050000000002716 with timeout of 5s...
05-12-2024 14:46:26 - INFO - Sending request to Setting Chamber Zones to a= 0.0018480000000001065, b= 0.0004620000000000266, c= 0.0018480000000001065, d= 0.0004620000000000266 with timeout of 5s...
05-12-2024 14:46:27 - INFO - Sending request to Setting Chamber Zones to a= 0.0018640000000001069, b= 0.0004660000000000267, c= 0.0018640000000001069, d= 0.0004660000000000267 with timeout of 5s...
05-12-2024 14:46:27 - INFO - Sending request to Setting Chamber Zones to a= 0.001880000000000107, b= 0.00047000000000002677, c= 0.001880000000000107, d= 0.00047000000000002677 with timeout of 5s...
05-12-2024 14:46:27 - INFO - Sending request to Setting Chamber Zones to a= 0.0018960000000001077, b= 0.0004740000000000269, c= 0.0018960000000001077, d= 0.0004740000000000269 with timeout of 5s...
05-12-2024 14:46:27 - INFO - Sending request to Setting Chamber Zones to a= 0.001912000000000108, b= 0.000478000000000027, c= 0.001912000000000108, d= 0.000478000000000027 with timeout of 5s...
05-12-2024 14:46:27 - INFO - Sending request to Setting Chamber Zones to a= 0.0019280000000001084, b= 0.0004820000000000271, c= 0.0019280000000001084, d= 0.0004820000000000271 with timeout of 5s...
05-12-2024 14:46:28 - INFO - Sending request to Setting Chamber Zones to a= 0.001944000000000109, b= 0.00048600000000002726, c= 0.001944000000000109, d= 0.00048600000000002726 with timeout of 5s...
05-12-2024 14:46:28 - INFO - Sending request to Setting Chamber Zones to a= 0.0019600000000001092, b= 0.0004900000000000273, c= 0.0019600000000001092, d= 0.0004900000000000273 with timeout of 5s...
05-12-2024 14:46:28 - INFO - Sending request to Setting Chamber Zones to a= 0.0, b= 0.0, c= 0.0, d= 0.0 with timeout of 5s...
05-12-2024 14:46:28 - INFO - Sending request to Setting Chamber Zones to a= 0.0, b= 0.0, c= 0.0, d= 0.0 with timeout of 5s...
05-12-2024 14:46:28 - INFO - Sending request to Setting Chamber Zones to a= 0.0, b= 0.0, c= 0.0, d= 0.0 with timeout of 5s...
05-12-2024 14:46:29 - INFO - Sending request to Setting Chamber Zones to a= 0.0, b= 0.0, c= 0.0, d= 0.0 with timeout of 5s...
05-12-2024 14:46:29 - INFO - Sending request to Setting Chamber Zones to a= 0.0, b= 0.0, c= 0.0, d= 0.0 with timeout of 5s...
05-12-2024 14:46:29 - INFO - Sending request to Setting Chamber Zones to a= 0.0, b= 0.0, c= 0.0, d= 0.0 with timeout of 5s...
05-12-2024 14:46:29 - INFO - Sending request to Setting Chamber Zones to a= 0.0, b= 0.0, c= 0.0, d= 0.0 with timeout of 5s...
05-12-2024 14:46:29 - INFO - Sending request to Setting Chamber Zones to a= 0.0, b= 0.0, c= 0.0, d= 0.0 with timeout of 5s...
05-12-2024 14:46:29 - INFO - Setting Chamber Zones to a= 0.0, b= 0.0, c= 0.0, d= 0.0 request successfully sent.
05-12-2024 14:46:29 - INFO - Response from moonraker: {'result': 'ok'}
05-12-2024 14:46:29 - INFO - Setting Chamber Zones to a= 0.0, b= 0.0, c= 0.0, d= 0.0 Request successfully executed.
05-12-2024 14:46:29 - ERROR - E102 : Setting Chamber Zones to a= 0.0, b= 0.0, c= 0.0, d= 0.0 Request to Moonraker Timed out 
 Setting Chamber Zones to a= 0.0, b= 0.0, c= 0.0, d= 0.0 not successful
 Initiating firmware restart
05-12-2024 14:46:30 - INFO - Sending request to Setting Chamber Zones to a= 0.0, b= 0.0, c= 0.0, d= 0.0 with timeout of 5s...
05-12-2024 14:46:30 - INFO - Sending request to Setting Chamber Zones to a= 0.0, b= 0.0, c= 0.0, d= 0.0 with timeout of 5s...
05-12-2024 14:46:30 - INFO - Sending request to Setting Chamber Zones to a= 0.0, b= 0.0, c= 0.0, d= 0.0 with timeout of 5s...
05-12-2024 14:46:30 - INFO - Sending request to Setting Chamber Zones to a= 0.0, b= 0.0, c= 0.0, d= 0.0 with timeout of 5s...
05-12-2024 14:46:30 - INFO - Sending request to Setting Chamber Zones to a= 0.0, b= 0.0, c= 0.0, d= 0.0 with timeout of 5s...
05-12-2024 14:46:31 - INFO - Sending request to Setting Chamber Zones to a= 0.0, b= 0.0, c= 0.0, d= 0.0 with timeout of 5s...
05-12-2024 14:46:31 - INFO - Sending request to Setting Chamber Zones to a= 0.0, b= 0.0, c= 0.0, d= 0.0 with timeout of 5s...
05-12-2024 14:46:31 - INFO - Sending request to Setting Chamber Zones to a= 0.0, b= 0.0, c= 0.0, d= 0.0 with timeout of 5s...
05-12-2024 14:46:31 - INFO - Sending request to Setting Chamber Zones to a= 0.0, b= 0.0, c= 0.0, d= 0.0 with timeout of 5s...
05-12-2024 14:46:31 - INFO - Sending request to Setting Chamber Zones to a= 0.0, b= 0.0, c= 0.0, d= 0.0 with timeout of 5s...
05-12-2024 14:46:32 - INFO - Sending request to Setting Chamber Zones to a= 0.0, b= 0.0, c= 0.0, d= 0.0 with timeout of 5s...
05-12-2024 14:46:32 - INFO - Sending request to Setting Chamber Zones to a= 0.0, b= 0.0, c= 0.0, d= 0.0 with timeout of 5s...
05-12-2024 14:46:32 - INFO - Sending request to Setting Chamber Zones to a= 0.0, b= 0.0, c= 0.0, d= 0.0 with timeout of 5s...
05-12-2024 14:46:32 - INFO - Sending request to Setting Chamber Zones to a= 0.0, b= 0.0, c= 0.0, d= 0.0 with timeout of 5s...
05-12-2024 14:46:32 - INFO - Sending request to Setting Chamber Zones to a= 0.0, b= 0.0, c= 0.0, d= 0.0 with timeout of 5s...
05-12-2024 14:46:33 - INFO - Sending request to Setting Chamber Zones to a= 0.0, b= 0.0, c= 0.0, d= 0.0 with timeout of 5s...
05-12-2024 14:46:33 - INFO - Sending request to Setting Chamber Zones to a= 0.0, b= 0.0, c= 0.0, d= 0.0 with timeout of 5s...
05-12-2024 14:46:33 - INFO - Sending request to Setting Chamber Zones to a= 0.0, b= 0.0, c= 0.0, d= 0.0 with timeout of 5s...
05-12-2024 14:46:33 - INFO - Sending request to Setting Chamber Zones to a= 0.0, b= 0.0, c= 0.0, d= 0.0 with timeout of 5s...
05-12-2024 14:46:33 - INFO - Sending request to Setting Chamber Zones to a= 0.0, b= 0.0, c= 0.0, d= 0.0 with timeout of 5s...
05-12-2024 14:46:34 - INFO - Sending request to Setting Chamber Zones to a= 0.0, b= 0.0, c= 0.0, d= 0.0 with timeout of 5s...
05-12-2024 14:46:34 - INFO - Sending request to Setting Chamber Zones to a= 0.0, b= 0.0, c= 0.0, d= 0.0 with timeout of 5s...
05-12-2024 14:46:34 - INFO - Sending request to Setting Chamber Zones to a= 0.0, b= 0.0, c= 0.0, d= 0.0 with timeout of 5s...
05-12-2024 14:46:34 - INFO - Sending request to Setting Chamber Zones to a= 0.0, b= 0.0, c= 0.0, d= 0.0 with timeout of 5s...
05-12-2024 14:46:34 - INFO - Sending request to Setting Chamber Zones to a= 0.0, b= 0.0, c= 0.0, d= 0.0 with timeout of 5s...
05-12-2024 14:46:35 - INFO - Sending request to Setting Chamber Zones to a= 0.0, b= 0.0, c= 0.0, d= 0.0 with timeout of 5s...
05-12-2024 14:46:35 - INFO - Sending request to Setting Chamber Zones to a= 0.0, b= 0.0, c= 0.0, d= 0.0 with timeout of 5s...
05-12-2024 14:46:35 - INFO - Sending request to Setting Chamber Zones to a= 0.0, b= 0.0, c= 0.0, d= 0.0 with timeout of 5s...
05-12-2024 14:46:35 - INFO - Sending request to Setting Chamber Zones to a= 0.0, b= 0.0, c= 0.0, d= 0.0 with timeout of 5s...
05-12-2024 14:46:35 - INFO - Sending request to Setting Chamber Zones to a= 0.002322000000000094, b= 0.0005805000000000235, c= 0.002322000000000094, d= 0.0005805000000000235 with timeout of 5s...
05-12-2024 14:46:36 - INFO - Sending request to Setting Chamber Zones to a= 0.0073459999999998075, b= 0.0018364999999999519, c= 0.0073459999999998075, d= 0.0018364999999999519 with timeout of 5s...
05-12-2024 14:46:36 - INFO - Sending request to Setting Chamber Zones to a= 0.007319999999999809, b= 0.0018299999999999523, c= 0.007319999999999809, d= 0.0018299999999999523 with timeout of 5s...
05-12-2024 14:46:36 - INFO - Sending request to Setting Chamber Zones to a= 0.012401999999999882, b= 0.0031004999999999705, c= 0.012401999999999882, d= 0.0031004999999999705 with timeout of 5s...
05-12-2024 14:46:36 - INFO - Sending request to Setting Chamber Zones to a= 0.012383999999999881, b= 0.0030959999999999703, c= 0.012383999999999881, d= 0.0030959999999999703 with timeout of 5s...
05-12-2024 14:46:36 - INFO - Sending request to Setting Chamber Zones to a= 0.012415999999999882, b= 0.0031039999999999705, c= 0.012415999999999882, d= 0.0031039999999999705 with timeout of 5s...
05-12-2024 14:46:37 - INFO - Sending request to Setting Chamber Zones to a= 0.007389999999999809, b= 0.0018474999999999523, c= 0.007389999999999809, d= 0.0018474999999999523 with timeout of 5s...
05-12-2024 14:46:37 - INFO - Sending request to Setting Chamber Zones to a= 0.007463999999999809, b= 0.0018659999999999523, c= 0.007463999999999809, d= 0.0018659999999999523 with timeout of 5s...
05-12-2024 14:46:37 - INFO - Sending request to Setting Chamber Zones to a= 0.007487999999999809, b= 0.0018719999999999523, c= 0.007487999999999809, d= 0.0018719999999999523 with timeout of 5s...
05-12-2024 14:46:37 - INFO - Sending request to Setting Chamber Zones to a= 0.007511999999999809, b= 0.0018779999999999522, c= 0.007511999999999809, d= 0.0018779999999999522 with timeout of 5s...
05-12-2024 14:46:37 - INFO - Sending request to Setting Chamber Zones to a= 0.0075359999999998085, b= 0.0018839999999999521, c= 0.0075359999999998085, d= 0.0018839999999999521 with timeout of 5s...
05-12-2024 14:46:38 - INFO - Sending request to Setting Chamber Zones to a= 0.012617999999999881, b= 0.0031544999999999703, c= 0.012617999999999881, d= 0.0031544999999999703 with timeout of 5s...
05-12-2024 14:46:38 - INFO - Sending request to Setting Chamber Zones to a= 0.007541999999999807, b= 0.0018854999999999517, c= 0.007541999999999807, d= 0.0018854999999999517 with timeout of 5s...
05-12-2024 14:46:38 - INFO - Sending request to Setting Chamber Zones to a= 0.007615999999999807, b= 0.0019039999999999517, c= 0.007615999999999807, d= 0.0019039999999999517 with timeout of 5s...
05-12-2024 14:46:38 - INFO - Sending request to Setting Chamber Zones to a= 0.0025820000000000938, b= 0.0006455000000000234, c= 0.0025820000000000938, d= 0.0006455000000000234 with timeout of 5s...
05-12-2024 14:46:38 - INFO - Sending request to Setting Chamber Zones to a= 0.0026480000000000913, b= 0.0006620000000000228, c= 0.0026480000000000913, d= 0.0006620000000000228 with timeout of 5s...
05-12-2024 14:46:39 - INFO - Sending request to Setting Chamber Zones to a= 0.0077219999999998045, b= 0.0019304999999999511, c= 0.0077219999999998045, d= 0.0019304999999999511 with timeout of 5s...
05-12-2024 14:46:39 - INFO - Sending request to Setting Chamber Zones to a= 0.007695999999999807, b= 0.0019239999999999518, c= 0.007695999999999807, d= 0.0019239999999999518 with timeout of 5s...
05-12-2024 14:46:39 - INFO - Sending request to Setting Chamber Zones to a= 0.01277799999999988, b= 0.00319449999999997, c= 0.01277799999999988, d= 0.00319449999999997 with timeout of 5s...
05-12-2024 14:46:39 - INFO - Sending request to Setting Chamber Zones to a= 0.01275999999999988, b= 0.00318999999999997, c= 0.01275999999999988, d= 0.00318999999999997 with timeout of 5s...
05-12-2024 14:46:39 - INFO - Sending request to Setting Chamber Zones to a= 0.01279199999999988, b= 0.00319799999999997, c= 0.01279199999999988, d= 0.00319799999999997 with timeout of 5s...
05-12-2024 14:46:39 - INFO - Setting Chamber Zones to a= 0.01279199999999988, b= 0.00319799999999997, c= 0.01279199999999988, d= 0.00319799999999997 request successfully sent.
05-12-2024 14:46:39 - INFO - Response from moonraker: {'result': 'ok'}
05-12-2024 14:46:39 - INFO - Setting Chamber Zones to a= 0.01279199999999988, b= 0.00319799999999997, c= 0.01279199999999988, d= 0.00319799999999997 Request successfully executed.
05-12-2024 14:46:39 - ERROR - E102 : Setting Chamber Zones to a= 0.01279199999999988, b= 0.00319799999999997, c= 0.01279199999999988, d= 0.00319799999999997 Request to Moonraker Timed out 
 Setting Chamber Zones to a= 0.01279199999999988, b= 0.00319799999999997, c= 0.01279199999999988, d= 0.00319799999999997 not successful
 Initiating firmware restart
05-12-2024 14:46:40 - INFO - Sending request to Setting Chamber Zones to a= 0.01282399999999988, b= 0.00320599999999997, c= 0.01282399999999988, d= 0.00320599999999997 with timeout of 5s...
05-12-2024 14:46:40 - INFO - Sending request to Setting Chamber Zones to a= 0.012855999999999881, b= 0.0032139999999999704, c= 0.012855999999999881, d= 0.0032139999999999704 with timeout of 5s...
05-12-2024 14:46:40 - INFO - Sending request to Setting Chamber Zones to a= 0.012887999999999882, b= 0.0032219999999999705, c= 0.012887999999999882, d= 0.0032219999999999705 with timeout of 5s...
05-12-2024 14:46:40 - INFO - Sending request to Setting Chamber Zones to a= 0.012919999999999883, b= 0.0032299999999999707, c= 0.012919999999999883, d= 0.0032299999999999707 with timeout of 5s...
05-12-2024 14:46:40 - INFO - Sending request to Setting Chamber Zones to a= 0.00789399999999981, b= 0.0019734999999999523, c= 0.00789399999999981, d= 0.0019734999999999523 with timeout of 5s...
05-12-2024 14:46:41 - INFO - Sending request to Setting Chamber Zones to a= 0.00796799999999981, b= 0.0019919999999999526, c= 0.00796799999999981, d= 0.0019919999999999526 with timeout of 5s...
05-12-2024 14:46:41 - INFO - Sending request to Setting Chamber Zones to a= 0.0, b= 0.0, c= 0.0, d= 0.0 with timeout of 5s...
05-12-2024 14:46:41 - INFO - Sending request to Setting Chamber Zones to a= 0.0, b= 0.0, c= 0.0, d= 0.0 with timeout of 5s...
05-12-2024 14:46:41 - INFO - Sending request to Setting Chamber Zones to a= 0.0, b= 0.0, c= 0.0, d= 0.0 with timeout of 5s...
05-12-2024 14:46:41 - INFO - Sending request to Setting Chamber Zones to a= 0.0, b= 0.0, c= 0.0, d= 0.0 with timeout of 5s...
05-12-2024 14:46:42 - INFO - Sending request to Setting Chamber Zones to a= 0.0, b= 0.0, c= 0.0, d= 0.0 with timeout of 5s...
05-12-2024 14:46:42 - INFO - Sending request to Setting Chamber Zones to a= 0.0, b= 0.0, c= 0.0, d= 0.0 with timeout of 5s...
05-12-2024 14:46:42 - INFO - Sending request to Setting Chamber Zones to a= 0.0, b= 0.0, c= 0.0, d= 0.0 with timeout of 5s...
05-12-2024 14:46:42 - INFO - Sending request to Setting Chamber Zones to a= 0.0, b= 0.0, c= 0.0, d= 0.0 with timeout of 5s...
05-12-2024 14:46:42 - INFO - Sending request to Setting Chamber Zones to a= 0.0, b= 0.0, c= 0.0, d= 0.0 with timeout of 5s...
05-12-2024 14:46:43 - INFO - Sending request to Setting Chamber Zones to a= 0.0, b= 0.0, c= 0.0, d= 0.0 with timeout of 5s...
05-12-2024 14:46:43 - INFO - Sending request to Setting Chamber Zones to a= 0.0, b= 0.0, c= 0.0, d= 0.0 with timeout of 5s...
05-12-2024 14:46:43 - INFO - Sending request to Setting Chamber Zones to a= 0.0, b= 0.0, c= 0.0, d= 0.0 with timeout of 5s...
05-12-2024 14:46:43 - INFO - Sending request to Setting Chamber Zones to a= 0.0, b= 0.0, c= 0.0, d= 0.0 with timeout of 5s...
05-12-2024 14:46:43 - INFO - Sending request to Setting Chamber Zones to a= 0.0, b= 0.0, c= 0.0, d= 0.0 with timeout of 5s...
05-12-2024 14:46:44 - INFO - Sending request to Setting Chamber Zones to a= 0.0, b= 0.0, c= 0.0, d= 0.0 with timeout of 5s...
05-12-2024 14:46:44 - INFO - Sending request to Setting Chamber Zones to a= 0.0, b= 0.0, c= 0.0, d= 0.0 with timeout of 5s...
05-12-2024 14:46:44 - INFO - Sending request to Setting Chamber Zones to a= 0.0, b= 0.0, c= 0.0, d= 0.0 with timeout of 5s...
05-12-2024 14:46:44 - INFO - Sending request to Setting Chamber Zones to a= 0.0, b= 0.0, c= 0.0, d= 0.0 with timeout of 5s...
05-12-2024 14:46:44 - INFO - Sending request to Setting Chamber Zones to a= 0.0, b= 0.0, c= 0.0, d= 0.0 with timeout of 5s...
05-12-2024 14:46:45 - INFO - Sending request to Setting Chamber Zones to a= 0.0, b= 0.0, c= 0.0, d= 0.0 with timeout of 5s...
05-12-2024 14:46:45 - INFO - Sending request to Setting Chamber Zones to a= 0.0, b= 0.0, c= 0.0, d= 0.0 with timeout of 5s...
05-12-2024 14:46:45 - INFO - Sending request to Setting Chamber Zones to a= 0.0, b= 0.0, c= 0.0, d= 0.0 with timeout of 5s...
05-12-2024 14:46:45 - INFO - Sending request to Setting Chamber Zones to a= 0.0, b= 0.0, c= 0.0, d= 0.0 with timeout of 5s...
05-12-2024 14:46:46 - INFO - Sending request to Setting Chamber Zones to a= 0.0, b= 0.0, c= 0.0, d= 0.0 with timeout of 5s...
05-12-2024 14:46:46 - INFO - Sending request to Setting Chamber Zones to a= 0.0, b= 0.0, c= 0.0, d= 0.0 with timeout of 5s...
05-12-2024 14:46:46 - INFO - Sending request to Setting Chamber Zones to a= 0.0, b= 0.0, c= 0.0, d= 0.0 with timeout of 5s...
05-12-2024 14:46:46 - INFO - Sending request to Setting Chamber Zones to a= 0.0, b= 0.0, c= 0.0, d= 0.0 with timeout of 5s...
05-12-2024 14:46:46 - INFO - Sending request to Setting Chamber Zones to a= 0.0, b= 0.0, c= 0.0, d= 0.0 with timeout of 5s...
05-12-2024 14:46:47 - INFO - Sending request to Setting Chamber Zones to a= 0.0, b= 0.0, c= 0.0, d= 0.0 with timeout of 5s...
05-12-2024 14:46:47 - INFO - Sending request to Setting Chamber Zones to a= 0.0, b= 0.0, c= 0.0, d= 0.0 with timeout of 5s...
05-12-2024 14:46:47 - INFO - Sending request to Setting Chamber Zones to a= 0.0, b= 0.0, c= 0.0, d= 0.0 with timeout of 5s...
05-12-2024 14:46:47 - INFO - Sending request to Setting Chamber Zones to a= 0.0, b= 0.0, c= 0.0, d= 0.0 with timeout of 5s...
05-12-2024 14:46:47 - INFO - Sending request to Setting Chamber Zones to a= 0.0, b= 0.0, c= 0.0, d= 0.0 with timeout of 5s...
05-12-2024 14:46:48 - INFO - Sending request to Setting Chamber Zones to a= 0.0, b= 0.0, c= 0.0, d= 0.0 with timeout of 5s...
05-12-2024 14:46:48 - INFO - Sending request to Setting Chamber Zones to a= 0.0, b= 0.0, c= 0.0, d= 0.0 with timeout of 5s...
05-12-2024 14:46:48 - INFO - Sending request to Setting Chamber Zones to a= 0.0, b= 0.0, c= 0.0, d= 0.0 with timeout of 5s...
05-12-2024 14:46:48 - INFO - Sending request to Setting Chamber Zones to a= 0.0, b= 0.0, c= 0.0, d= 0.0 with timeout of 5s...
05-12-2024 14:46:48 - INFO - Sending request to Setting Chamber Zones to a= 0.0, b= 0.0, c= 0.0, d= 0.0 with timeout of 5s...
05-12-2024 14:46:49 - INFO - Sending request to Setting Chamber Zones to a= 0.0, b= 0.0, c= 0.0, d= 0.0 with timeout of 5s...
05-12-2024 14:46:49 - INFO - Sending request to Setting Chamber Zones to a= 0.0, b= 0.0, c= 0.0, d= 0.0 with timeout of 5s...
05-12-2024 14:46:49 - INFO - Sending request to Setting Chamber Zones to a= 0.0, b= 0.0, c= 0.0, d= 0.0 with timeout of 5s...
05-12-2024 14:46:49 - INFO - Sending request to Setting Chamber Zones to a= 0.0, b= 0.0, c= 0.0, d= 0.0 with timeout of 5s...
05-12-2024 14:46:49 - INFO - Sending request to Setting Chamber Zones to a= 0.0, b= 0.0, c= 0.0, d= 0.0 with timeout of 5s...
05-12-2024 14:46:49 - INFO - Setting Chamber Zones to a= 0.0, b= 0.0, c= 0.0, d= 0.0 request successfully sent.
05-12-2024 14:46:49 - INFO - Response from moonraker: {'result': 'ok'}
05-12-2024 14:46:49 - INFO - Setting Chamber Zones to a= 0.0, b= 0.0, c= 0.0, d= 0.0 Request successfully executed.
05-12-2024 14:46:49 - ERROR - E102 : Setting Chamber Zones to a= 0.0, b= 0.0, c= 0.0, d= 0.0 Request to Moonraker Timed out 
 Setting Chamber Zones to a= 0.0, b= 0.0, c= 0.0, d= 0.0 not successful
 Initiating firmware restart
05-12-2024 14:46:50 - INFO - Sending request to Setting Chamber Zones to a= 0.0, b= 0.0, c= 0.0, d= 0.0 with timeout of 5s...
05-12-2024 14:46:50 - INFO - Sending request to Setting Chamber Zones to a= 0.0, b= 0.0, c= 0.0, d= 0.0 with timeout of 5s...
05-12-2024 14:46:50 - INFO - Sending request to Setting Chamber Zones to a= 0.0, b= 0.0, c= 0.0, d= 0.0 with timeout of 5s...
05-12-2024 14:46:50 - INFO - Sending request to Setting Chamber Zones to a= 0.0, b= 0.0, c= 0.0, d= 0.0 with timeout of 5s...
05-12-2024 14:46:50 - INFO - Sending request to Setting Chamber Zones to a= 0.0, b= 0.0, c= 0.0, d= 0.0 with timeout of 5s...
05-12-2024 14:46:51 - INFO - Sending request to Setting Chamber Zones to a= 0.0, b= 0.0, c= 0.0, d= 0.0 with timeout of 5s...
05-12-2024 14:46:51 - INFO - Sending request to Setting Chamber Zones to a= 0.0, b= 0.0, c= 0.0, d= 0.0 with timeout of 5s...
05-12-2024 14:46:51 - INFO - Sending request to Setting Chamber Zones to a= 0.0, b= 0.0, c= 0.0, d= 0.0 with timeout of 5s...
05-12-2024 14:46:51 - INFO - Sending request to Setting Chamber Zones to a= 0.0, b= 0.0, c= 0.0, d= 0.0 with timeout of 5s...
05-12-2024 14:46:51 - INFO - Sending request to Setting Chamber Zones to a= 0.0, b= 0.0, c= 0.0, d= 0.0 with timeout of 5s...
05-12-2024 14:46:52 - INFO - Sending request to Setting Chamber Zones to a= 0.0, b= 0.0, c= 0.0, d= 0.0 with timeout of 5s...
05-12-2024 14:46:52 - INFO - Sending request to Setting Chamber Zones to a= 0.0, b= 0.0, c= 0.0, d= 0.0 with timeout of 5s...
05-12-2024 14:46:52 - INFO - Sending request to Setting Chamber Zones to a= 0.0, b= 0.0, c= 0.0, d= 0.0 with timeout of 5s...
05-12-2024 14:46:52 - INFO - Sending request to Setting Chamber Zones to a= 0.0, b= 0.0, c= 0.0, d= 0.0 with timeout of 5s...
05-12-2024 14:46:52 - INFO - Sending request to Setting Chamber Zones to a= 0.0, b= 0.0, c= 0.0, d= 0.0 with timeout of 5s...
05-12-2024 14:46:53 - INFO - Sending request to Setting Chamber Zones to a= 0.0, b= 0.0, c= 0.0, d= 0.0 with timeout of 5s...
05-12-2024 14:46:53 - INFO - Sending request to Setting Chamber Zones to a= 0.0, b= 0.0, c= 0.0, d= 0.0 with timeout of 5s...
05-12-2024 14:46:53 - INFO - Sending request to Setting Chamber Zones to a= 0.0, b= 0.0, c= 0.0, d= 0.0 with timeout of 5s...
05-12-2024 14:46:53 - INFO - Sending request to Setting Chamber Zones to a= 0.0, b= 0.0, c= 0.0, d= 0.0 with timeout of 5s...
05-12-2024 14:46:53 - INFO - Sending request to Setting Chamber Zones to a= 0.0, b= 0.0, c= 0.0, d= 0.0 with timeout of 5s...
05-12-2024 14:46:54 - INFO - Sending request to Setting Chamber Zones to a= 0.0, b= 0.0, c= 0.0, d= 0.0 with timeout of 5s...
05-12-2024 14:46:54 - INFO - Sending request to Setting Chamber Zones to a= 0.0, b= 0.0, c= 0.0, d= 0.0 with timeout of 5s...
05-12-2024 14:46:54 - INFO - Sending request to Setting Chamber Zones to a= 0.0, b= 0.0, c= 0.0, d= 0.0 with timeout of 5s...
05-12-2024 14:46:54 - INFO - Sending request to Setting Chamber Zones to a= 0.0, b= 0.0, c= 0.0, d= 0.0 with timeout of 5s...
05-12-2024 14:46:54 - INFO - Sending request to Setting Chamber Zones to a= 0.0, b= 0.0, c= 0.0, d= 0.0 with timeout of 5s...
05-12-2024 14:46:55 - INFO - Sending request to Setting Chamber Zones to a= 0.0, b= 0.0, c= 0.0, d= 0.0 with timeout of 5s...
05-12-2024 14:46:55 - INFO - Sending request to Setting Chamber Zones to a= 0.0, b= 0.0, c= 0.0, d= 0.0 with timeout of 5s...
05-12-2024 14:46:55 - INFO - Sending request to Setting Chamber Zones to a= 0.0, b= 0.0, c= 0.0, d= 0.0 with timeout of 5s...
05-12-2024 14:46:55 - INFO - Sending request to Setting Chamber Zones to a= 0.0, b= 0.0, c= 0.0, d= 0.0 with timeout of 5s...
05-12-2024 14:46:55 - INFO - Sending request to Setting Chamber Zones to a= 0.0, b= 0.0, c= 0.0, d= 0.0 with timeout of 5s...
05-12-2024 14:46:56 - INFO - Sending request to Setting Chamber Zones to a= 0.0, b= 0.0, c= 0.0, d= 0.0 with timeout of 5s...
05-12-2024 14:46:56 - INFO - Sending request to Setting Chamber Zones to a= 0.0, b= 0.0, c= 0.0, d= 0.0 with timeout of 5s...
05-12-2024 14:46:56 - INFO - Sending request to Setting Chamber Zones to a= 0.0, b= 0.0, c= 0.0, d= 0.0 with timeout of 5s...
05-12-2024 14:46:56 - INFO - Sending request to Setting Chamber Zones to a= 0.0, b= 0.0, c= 0.0, d= 0.0 with timeout of 5s...
05-12-2024 14:46:56 - INFO - Sending request to Setting Chamber Zones to a= 0.0, b= 0.0, c= 0.0, d= 0.0 with timeout of 5s...
05-12-2024 14:46:57 - INFO - Sending request to Setting Chamber Zones to a= 0.0, b= 0.0, c= 0.0, d= 0.0 with timeout of 5s...
05-12-2024 14:46:57 - INFO - Sending request to Setting Chamber Zones to a= 0.0, b= 0.0, c= 0.0, d= 0.0 with timeout of 5s...
05-12-2024 14:46:57 - INFO - Sending request to Setting Chamber Zones to a= 0.0, b= 0.0, c= 0.0, d= 0.0 with timeout of 5s...
05-12-2024 14:46:57 - INFO - Sending request to Setting Chamber Zones to a= 0.0, b= 0.0, c= 0.0, d= 0.0 with timeout of 5s...
05-12-2024 14:46:57 - INFO - Sending request to Setting Chamber Zones to a= 0.0, b= 0.0, c= 0.0, d= 0.0 with timeout of 5s...
05-12-2024 14:46:58 - INFO - Sending request to Setting Chamber Zones to a= 0.0, b= 0.0, c= 0.0, d= 0.0 with timeout of 5s...
05-12-2024 14:46:58 - INFO - Sending request to Setting Chamber Zones to a= 0.0, b= 0.0, c= 0.0, d= 0.0 with timeout of 5s...
05-12-2024 14:46:58 - INFO - Sending request to Setting Chamber Zones to a= 0.0, b= 0.0, c= 0.0, d= 0.0 with timeout of 5s...
05-12-2024 14:46:58 - INFO - Sending request to Setting Chamber Zones to a= 0.0, b= 0.0, c= 0.0, d= 0.0 with timeout of 5s...
05-12-2024 14:46:58 - INFO - Sending request to Setting Chamber Zones to a= 0.0, b= 0.0, c= 0.0, d= 0.0 with timeout of 5s...
05-12-2024 14:46:59 - INFO - Sending request to Setting Chamber Zones to a= 0.0, b= 0.0, c= 0.0, d= 0.0 with timeout of 5s...
05-12-2024 14:46:59 - INFO - Sending request to Setting Chamber Zones to a= 0.0, b= 0.0, c= 0.0, d= 0.0 with timeout of 5s...
05-12-2024 14:46:59 - INFO - Sending request to Setting Chamber Zones to a= 0.0, b= 0.0, c= 0.0, d= 0.0 with timeout of 5s...
05-12-2024 14:46:59 - INFO - Sending request to Setting Chamber Zones to a= 0.0, b= 0.0, c= 0.0, d= 0.0 with timeout of 5s...
05-12-2024 14:46:59 - INFO - Sending request to Setting Chamber Zones to a= 0.0, b= 0.0, c= 0.0, d= 0.0 with timeout of 5s...
05-12-2024 14:47:00 - INFO - Setting Chamber Zones to a= 0.0, b= 0.0, c= 0.0, d= 0.0 request successfully sent.
05-12-2024 14:47:00 - INFO - Response from moonraker: {'result': 'ok'}
05-12-2024 14:47:00 - INFO - Setting Chamber Zones to a= 0.0, b= 0.0, c= 0.0, d= 0.0 Request successfully executed.
05-12-2024 14:47:00 - ERROR - E102 : Setting Chamber Zones to a= 0.0, b= 0.0, c= 0.0, d= 0.0 Request to Moonraker Timed out 
 Setting Chamber Zones to a= 0.0, b= 0.0, c= 0.0, d= 0.0 not successful
 Initiating firmware restart
05-12-2024 14:47:00 - INFO - Sending request to Setting Chamber Zones to a= 0.0, b= 0.0, c= 0.0, d= 0.0 with timeout of 5s...
05-12-2024 14:47:00 - INFO - Sending request to Setting Chamber Zones to a= 0.0, b= 0.0, c= 0.0, d= 0.0 with timeout of 5s...
05-12-2024 14:47:00 - INFO - Sending request to Setting Chamber Zones to a= 0.0, b= 0.0, c= 0.0, d= 0.0 with timeout of 5s...
05-12-2024 14:47:00 - INFO - Sending request to Setting Chamber Zones to a= 0.0, b= 0.0, c= 0.0, d= 0.0 with timeout of 5s...
05-12-2024 14:47:00 - INFO - Sending request to Setting Chamber Zones to a= 0.0, b= 0.0, c= 0.0, d= 0.0 with timeout of 5s...
05-12-2024 14:47:01 - INFO - Sending request to Setting Chamber Zones to a= 0.0, b= 0.0, c= 0.0, d= 0.0 with timeout of 5s...
05-12-2024 14:47:01 - INFO - Sending request to Setting Chamber Zones to a= 0.0, b= 0.0, c= 0.0, d= 0.0 with timeout of 5s...
05-12-2024 14:47:01 - INFO - Sending request to Setting Chamber Zones to a= 0.0, b= 0.0, c= 0.0, d= 0.0 with timeout of 5s...
05-12-2024 14:47:01 - INFO - Sending request to Setting Chamber Zones to a= 0.0, b= 0.0, c= 0.0, d= 0.0 with timeout of 5s...
05-12-2024 14:47:01 - INFO - Sending request to Setting Chamber Zones to a= 0.0, b= 0.0, c= 0.0, d= 0.0 with timeout of 5s...
05-12-2024 14:47:02 - INFO - Sending request to Setting Chamber Zones to a= 0.0, b= 0.0, c= 0.0, d= 0.0 with timeout of 5s...
05-12-2024 14:47:02 - INFO - Sending request to Setting Chamber Zones to a= 0.0, b= 0.0, c= 0.0, d= 0.0 with timeout of 5s...
05-12-2024 14:47:02 - INFO - Sending request to Setting Chamber Zones to a= 0.0, b= 0.0, c= 0.0, d= 0.0 with timeout of 5s...
05-12-2024 14:47:02 - INFO - Sending request to Setting Chamber Zones to a= 0.0, b= 0.0, c= 0.0, d= 0.0 with timeout of 5s...
05-12-2024 14:47:02 - INFO - Sending request to Setting Chamber Zones to a= 0.0, b= 0.0, c= 0.0, d= 0.0 with timeout of 5s...
05-12-2024 14:47:03 - INFO - Sending request to Setting Chamber Zones to a= 0.0, b= 0.0, c= 0.0, d= 0.0 with timeout of 5s...
05-12-2024 14:47:03 - INFO - Sending request to Setting Chamber Zones to a= 0.0, b= 0.0, c= 0.0, d= 0.0 with timeout of 5s...
05-12-2024 14:47:03 - INFO - Sending request to Setting Chamber Zones to a= 0.0, b= 0.0, c= 0.0, d= 0.0 with timeout of 5s...
05-12-2024 14:47:03 - INFO - Sending request to Setting Chamber Zones to a= 0.0, b= 0.0, c= 0.0, d= 0.0 with timeout of 5s...
05-12-2024 14:47:03 - INFO - Sending request to Setting Chamber Zones to a= 0.0, b= 0.0, c= 0.0, d= 0.0 with timeout of 5s...
05-12-2024 14:47:04 - INFO - Sending request to Setting Chamber Zones to a= 0.0, b= 0.0, c= 0.0, d= 0.0 with timeout of 5s...
05-12-2024 14:47:04 - INFO - Sending request to Setting Chamber Zones to a= 0.0, b= 0.0, c= 0.0, d= 0.0 with timeout of 5s...
05-12-2024 14:47:04 - INFO - Sending request to Setting Chamber Zones to a= 0.0, b= 0.0, c= 0.0, d= 0.0 with timeout of 5s...
05-12-2024 14:47:04 - INFO - Sending request to Setting Chamber Zones to a= 0.0, b= 0.0, c= 0.0, d= 0.0 with timeout of 5s...
05-12-2024 14:47:04 - INFO - Sending request to Setting Chamber Zones to a= 0.0, b= 0.0, c= 0.0, d= 0.0 with timeout of 5s...
05-12-2024 14:47:05 - INFO - Sending request to Setting Chamber Zones to a= 0.0, b= 0.0, c= 0.0, d= 0.0 with timeout of 5s...
05-12-2024 14:47:05 - INFO - Sending request to Setting Chamber Zones to a= 0.0, b= 0.0, c= 0.0, d= 0.0 with timeout of 5s...
05-12-2024 14:47:05 - INFO - Sending request to Setting Chamber Zones to a= 0.0, b= 0.0, c= 0.0, d= 0.0 with timeout of 5s...
05-12-2024 14:47:05 - INFO - Sending request to Setting Chamber Zones to a= 0.0, b= 0.0, c= 0.0, d= 0.0 with timeout of 5s...
05-12-2024 14:47:05 - INFO - Sending request to Setting Chamber Zones to a= 0.0, b= 0.0, c= 0.0, d= 0.0 with timeout of 5s...
05-12-2024 14:47:06 - INFO - Sending request to Setting Chamber Zones to a= 0.0, b= 0.0, c= 0.0, d= 0.0 with timeout of 5s...
05-12-2024 14:47:06 - INFO - Sending request to Setting Chamber Zones to a= 0.0, b= 0.0, c= 0.0, d= 0.0 with timeout of 5s...
05-12-2024 14:47:06 - INFO - Sending request to Setting Chamber Zones to a= 0.0, b= 0.0, c= 0.0, d= 0.0 with timeout of 5s...
05-12-2024 14:47:06 - INFO - Sending request to Setting Chamber Zones to a= 0.0, b= 0.0, c= 0.0, d= 0.0 with timeout of 5s...
05-12-2024 14:47:06 - INFO - Sending request to Setting Chamber Zones to a= 0.0, b= 0.0, c= 0.0, d= 0.0 with timeout of 5s...
05-12-2024 14:47:07 - INFO - Sending request to Setting Chamber Zones to a= 0.0, b= 0.0, c= 0.0, d= 0.0 with timeout of 5s...
05-12-2024 14:47:07 - INFO - Sending request to Setting Chamber Zones to a= 0.0, b= 0.0, c= 0.0, d= 0.0 with timeout of 5s...
05-12-2024 14:47:07 - INFO - Sending request to Setting Chamber Zones to a= 0.0, b= 0.0, c= 0.0, d= 0.0 with timeout of 5s...
05-12-2024 14:47:07 - INFO - Sending request to Setting Chamber Zones to a= 0.0, b= 0.0, c= 0.0, d= 0.0 with timeout of 5s...
05-12-2024 14:47:08 - INFO - Sending request to Setting Chamber Zones to a= 0.0, b= 0.0, c= 0.0, d= 0.0 with timeout of 5s...
05-12-2024 14:47:08 - INFO - Sending request to Setting Chamber Zones to a= 0.0, b= 0.0, c= 0.0, d= 0.0 with timeout of 5s...
05-12-2024 14:47:08 - INFO - Sending request to Setting Chamber Zones to a= 0.0, b= 0.0, c= 0.0, d= 0.0 with timeout of 5s...
05-12-2024 14:47:08 - INFO - Sending request to Setting Chamber Zones to a= 0.0, b= 0.0, c= 0.0, d= 0.0 with timeout of 5s...
05-12-2024 14:47:08 - INFO - Sending request to Setting Chamber Zones to a= 0.0, b= 0.0, c= 0.0, d= 0.0 with timeout of 5s...
05-12-2024 14:47:09 - INFO - Sending request to Setting Chamber Zones to a= 0.0, b= 0.0, c= 0.0, d= 0.0 with timeout of 5s...
05-12-2024 14:47:09 - INFO - Sending request to Setting Chamber Zones to a= 0.0, b= 0.0, c= 0.0, d= 0.0 with timeout of 5s...
05-12-2024 14:47:09 - INFO - Sending request to Setting Chamber Zones to a= 0.0, b= 0.0, c= 0.0, d= 0.0 with timeout of 5s...
05-12-2024 14:47:09 - INFO - Sending request to Setting Chamber Zones to a= 0.0, b= 0.0, c= 0.0, d= 0.0 with timeout of 5s...
05-12-2024 14:47:09 - INFO - Sending request to Setting Chamber Zones to a= 0.0, b= 0.0, c= 0.0, d= 0.0 with timeout of 5s...
05-12-2024 14:47:10 - INFO - Sending request to Setting Chamber Zones to a= 0.0, b= 0.0, c= 0.0, d= 0.0 with timeout of 5s...
05-12-2024 14:47:10 - INFO - Setting Chamber Zones to a= 0.0, b= 0.0, c= 0.0, d= 0.0 request successfully sent.
05-12-2024 14:47:10 - INFO - Response from moonraker: {'result': 'ok'}
05-12-2024 14:47:10 - INFO - Setting Chamber Zones to a= 0.0, b= 0.0, c= 0.0, d= 0.0 Request successfully executed.
05-12-2024 14:47:10 - ERROR - E102 : Setting Chamber Zones to a= 0.0, b= 0.0, c= 0.0, d= 0.0 Request to Moonraker Timed out 
 Setting Chamber Zones to a= 0.0, b= 0.0, c= 0.0, d= 0.0 not successful
 Initiating firmware restart
05-12-2024 14:47:10 - INFO - Sending request to Setting Chamber Zones to a= 0.0, b= 0.0, c= 0.0, d= 0.0 with timeout of 5s...
05-12-2024 14:47:10 - INFO - Sending request to Setting Chamber Zones to a= 0.0, b= 0.0, c= 0.0, d= 0.0 with timeout of 5s...
05-12-2024 14:47:10 - INFO - Sending request to Setting Chamber Zones to a= 0.0, b= 0.0, c= 0.0, d= 0.0 with timeout of 5s...
05-12-2024 14:47:10 - INFO - Sending request to Setting Chamber Zones to a= 0.0, b= 0.0, c= 0.0, d= 0.0 with timeout of 5s...
05-12-2024 14:47:11 - INFO - Sending request to Setting Chamber Zones to a= 0.0, b= 0.0, c= 0.0, d= 0.0 with timeout of 5s...
05-12-2024 14:47:11 - INFO - Sending request to Setting Chamber Zones to a= 0.0, b= 0.0, c= 0.0, d= 0.0 with timeout of 5s...
05-12-2024 14:47:11 - INFO - Sending request to Setting Chamber Zones to a= 0.0, b= 0.0, c= 0.0, d= 0.0 with timeout of 5s...
05-12-2024 14:47:11 - INFO - Sending request to Setting Chamber Zones to a= 0.0, b= 0.0, c= 0.0, d= 0.0 with timeout of 5s...
05-12-2024 14:47:11 - INFO - Sending request to Setting Chamber Zones to a= 0.0, b= 0.0, c= 0.0, d= 0.0 with timeout of 5s...
05-12-2024 14:47:12 - INFO - Sending request to Setting Chamber Zones to a= 0.0, b= 0.0, c= 0.0, d= 0.0 with timeout of 5s...
05-12-2024 14:47:12 - INFO - Sending request to Setting Chamber Zones to a= 0.0, b= 0.0, c= 0.0, d= 0.0 with timeout of 5s...
05-12-2024 14:47:12 - INFO - Sending request to Setting Chamber Zones to a= 0.0, b= 0.0, c= 0.0, d= 0.0 with timeout of 5s...
05-12-2024 14:47:12 - INFO - Sending request to Setting Chamber Zones to a= 0.0, b= 0.0, c= 0.0, d= 0.0 with timeout of 5s...
05-12-2024 14:47:12 - INFO - Sending request to Setting Chamber Zones to a= 0.0, b= 0.0, c= 0.0, d= 0.0 with timeout of 5s...
05-12-2024 14:47:13 - INFO - Sending request to Setting Chamber Zones to a= 0.0, b= 0.0, c= 0.0, d= 0.0 with timeout of 5s...
05-12-2024 14:47:13 - INFO - Sending request to Setting Chamber Zones to a= 0.0, b= 0.0, c= 0.0, d= 0.0 with timeout of 5s...
05-12-2024 14:47:13 - INFO - Sending request to Setting Chamber Zones to a= 0.0, b= 0.0, c= 0.0, d= 0.0 with timeout of 5s...
05-12-2024 14:47:13 - INFO - Sending request to Setting Chamber Zones to a= 0.0, b= 0.0, c= 0.0, d= 0.0 with timeout of 5s...
05-12-2024 14:47:13 - INFO - Sending request to Setting Chamber Zones to a= 0.0, b= 0.0, c= 0.0, d= 0.0 with timeout of 5s...
05-12-2024 14:47:14 - INFO - Sending request to Setting Chamber Zones to a= 0.0, b= 0.0, c= 0.0, d= 0.0 with timeout of 5s...
05-12-2024 14:47:14 - INFO - Sending request to Setting Chamber Zones to a= 0.0, b= 0.0, c= 0.0, d= 0.0 with timeout of 5s...
05-12-2024 14:47:14 - INFO - Sending request to Setting Chamber Zones to a= 0.0, b= 0.0, c= 0.0, d= 0.0 with timeout of 5s...
05-12-2024 14:47:14 - INFO - Sending request to Setting Chamber Zones to a= 0.0, b= 0.0, c= 0.0, d= 0.0 with timeout of 5s...
05-12-2024 14:47:14 - INFO - Sending request to Setting Chamber Zones to a= 0.0, b= 0.0, c= 0.0, d= 0.0 with timeout of 5s...
05-12-2024 14:47:15 - INFO - Sending request to Setting Chamber Zones to a= 0.0, b= 0.0, c= 0.0, d= 0.0 with timeout of 5s...
05-12-2024 14:47:15 - INFO - Sending request to Setting Chamber Zones to a= 0.0, b= 0.0, c= 0.0, d= 0.0 with timeout of 5s...
05-12-2024 14:47:15 - INFO - Sending request to Setting Chamber Zones to a= 0.0, b= 0.0, c= 0.0, d= 0.0 with timeout of 5s...
05-12-2024 14:47:15 - INFO - Sending request to Setting Chamber Zones to a= 0.0, b= 0.0, c= 0.0, d= 0.0 with timeout of 5s...
05-12-2024 14:47:15 - INFO - Sending request to Setting Chamber Zones to a= 0.0, b= 0.0, c= 0.0, d= 0.0 with timeout of 5s...
05-12-2024 14:47:16 - INFO - Sending request to Setting Chamber Zones to a= 0.0, b= 0.0, c= 0.0, d= 0.0 with timeout of 5s...
05-12-2024 14:47:16 - INFO - Sending request to Setting Chamber Zones to a= 0.0, b= 0.0, c= 0.0, d= 0.0 with timeout of 5s...
05-12-2024 14:47:16 - INFO - Sending request to Setting Chamber Zones to a= 0.0, b= 0.0, c= 0.0, d= 0.0 with timeout of 5s...
05-12-2024 14:47:16 - INFO - Sending request to Setting Chamber Zones to a= 0.0, b= 0.0, c= 0.0, d= 0.0 with timeout of 5s...
05-12-2024 14:47:16 - INFO - Sending request to Setting Chamber Zones to a= 0.0, b= 0.0, c= 0.0, d= 0.0 with timeout of 5s...
05-12-2024 14:47:17 - INFO - Sending request to Setting Chamber Zones to a= 0.0, b= 0.0, c= 0.0, d= 0.0 with timeout of 5s...
05-12-2024 14:47:17 - INFO - Sending request to Setting Chamber Zones to a= 0.0, b= 0.0, c= 0.0, d= 0.0 with timeout of 5s...
05-12-2024 14:47:17 - INFO - Sending request to Setting Chamber Zones to a= 0.0, b= 0.0, c= 0.0, d= 0.0 with timeout of 5s...
05-12-2024 14:47:17 - INFO - Sending request to Setting Chamber Zones to a= 0.0, b= 0.0, c= 0.0, d= 0.0 with timeout of 5s...
05-12-2024 14:47:17 - INFO - Sending request to Setting Chamber Zones to a= 0.0, b= 0.0, c= 0.0, d= 0.0 with timeout of 5s...
05-12-2024 14:47:18 - INFO - Sending request to Setting Chamber Zones to a= 0.0, b= 0.0, c= 0.0, d= 0.0 with timeout of 5s...
05-12-2024 14:47:18 - INFO - Sending request to Setting Chamber Zones to a= 0.0, b= 0.0, c= 0.0, d= 0.0 with timeout of 5s...
05-12-2024 14:47:18 - INFO - Sending request to Setting Chamber Zones to a= 0.0, b= 0.0, c= 0.0, d= 0.0 with timeout of 5s...
05-12-2024 14:47:18 - INFO - Sending request to Setting Chamber Zones to a= 0.0, b= 0.0, c= 0.0, d= 0.0 with timeout of 5s...
05-12-2024 14:47:18 - INFO - Sending request to Setting Chamber Zones to a= 0.0, b= 0.0, c= 0.0, d= 0.0 with timeout of 5s...
05-12-2024 14:47:19 - INFO - Sending request to Setting Chamber Zones to a= 0.0, b= 0.0, c= 0.0, d= 0.0 with timeout of 5s...
05-12-2024 14:47:19 - INFO - Sending request to Setting Chamber Zones to a= 0.0, b= 0.0, c= 0.0, d= 0.0 with timeout of 5s...
05-12-2024 14:47:19 - INFO - Sending request to Setting Chamber Zones to a= 0.0, b= 0.0, c= 0.0, d= 0.0 with timeout of 5s...
05-12-2024 14:47:19 - INFO - Sending request to Setting Chamber Zones to a= 0.0, b= 0.0, c= 0.0, d= 0.0 with timeout of 5s...
05-12-2024 14:47:19 - INFO - Sending request to Setting Chamber Zones to a= 0.0, b= 0.0, c= 0.0, d= 0.0 with timeout of 5s...
05-12-2024 14:47:20 - INFO - Setting Chamber Zones to a= 0.0, b= 0.0, c= 0.0, d= 0.0 request successfully sent.
05-12-2024 14:47:20 - INFO - Response from moonraker: {'result': 'ok'}
05-12-2024 14:47:20 - INFO - Setting Chamber Zones to a= 0.0, b= 0.0, c= 0.0, d= 0.0 Request successfully executed.
05-12-2024 14:47:20 - ERROR - E102 : Setting Chamber Zones to a= 0.0, b= 0.0, c= 0.0, d= 0.0 Request to Moonraker Timed out 
 Setting Chamber Zones to a= 0.0, b= 0.0, c= 0.0, d= 0.0 not successful
 Initiating firmware restart
05-12-2024 14:47:20 - INFO - Sending request to Setting Chamber Zones to a= 0.0, b= 0.0, c= 0.0, d= 0.0 with timeout of 5s...
05-12-2024 14:47:20 - INFO - Sending request to Setting Chamber Zones to a= 0.0, b= 0.0, c= 0.0, d= 0.0 with timeout of 5s...
05-12-2024 14:47:20 - INFO - Sending request to Setting Chamber Zones to a= 0.0, b= 0.0, c= 0.0, d= 0.0 with timeout of 5s...
05-12-2024 14:47:20 - INFO - Sending request to Setting Chamber Zones to a= 0.0, b= 0.0, c= 0.0, d= 0.0 with timeout of 5s...
05-12-2024 14:47:20 - INFO - Sending request to Setting Chamber Zones to a= 0.0, b= 0.0, c= 0.0, d= 0.0 with timeout of 5s...
05-12-2024 14:47:21 - INFO - Sending request to Setting Chamber Zones to a= 0.0, b= 0.0, c= 0.0, d= 0.0 with timeout of 5s...
05-12-2024 14:47:21 - INFO - Sending request to Setting Chamber Zones to a= 0.0, b= 0.0, c= 0.0, d= 0.0 with timeout of 5s...
05-12-2024 14:47:21 - INFO - Sending request to Setting Chamber Zones to a= 0.0, b= 0.0, c= 0.0, d= 0.0 with timeout of 5s...
05-12-2024 14:47:21 - INFO - Sending request to Setting Chamber Zones to a= 0.0, b= 0.0, c= 0.0, d= 0.0 with timeout of 5s...
05-12-2024 14:47:21 - INFO - Sending request to Setting Chamber Zones to a= 0.0, b= 0.0, c= 0.0, d= 0.0 with timeout of 5s...
05-12-2024 14:47:22 - INFO - Sending request to Setting Chamber Zones to a= 0.0, b= 0.0, c= 0.0, d= 0.0 with timeout of 5s...
05-12-2024 14:47:22 - INFO - Sending request to Setting Chamber Zones to a= 0.0, b= 0.0, c= 0.0, d= 0.0 with timeout of 5s...
05-12-2024 14:47:22 - INFO - Sending request to Setting Chamber Zones to a= 0.0, b= 0.0, c= 0.0, d= 0.0 with timeout of 5s...
05-12-2024 14:47:22 - INFO - Sending request to Setting Chamber Zones to a= 0.0, b= 0.0, c= 0.0, d= 0.0 with timeout of 5s...
05-12-2024 14:47:22 - INFO - Sending request to Setting Chamber Zones to a= 0.0, b= 0.0, c= 0.0, d= 0.0 with timeout of 5s...
05-12-2024 14:47:23 - INFO - Sending request to Setting Chamber Zones to a= 0.0, b= 0.0, c= 0.0, d= 0.0 with timeout of 5s...
05-12-2024 14:47:23 - INFO - Sending request to Setting Chamber Zones to a= 0.0, b= 0.0, c= 0.0, d= 0.0 with timeout of 5s...
05-12-2024 14:47:23 - INFO - Sending request to Setting Chamber Zones to a= 0.0, b= 0.0, c= 0.0, d= 0.0 with timeout of 5s...
05-12-2024 14:47:23 - INFO - Sending request to Setting Chamber Zones to a= 0.0, b= 0.0, c= 0.0, d= 0.0 with timeout of 5s...
05-12-2024 14:47:23 - INFO - Sending request to Setting Chamber Zones to a= 0.0, b= 0.0, c= 0.0, d= 0.0 with timeout of 5s...
05-12-2024 14:47:24 - INFO - Sending request to Setting Chamber Zones to a= 0.0, b= 0.0, c= 0.0, d= 0.0 with timeout of 5s...
05-12-2024 14:47:24 - INFO - Sending request to Setting Chamber Zones to a= 0.0, b= 0.0, c= 0.0, d= 0.0 with timeout of 5s...
05-12-2024 14:47:24 - INFO - Sending request to Setting Chamber Zones to a= 0.0, b= 0.0, c= 0.0, d= 0.0 with timeout of 5s...
05-12-2024 14:47:24 - INFO - Sending request to Setting Chamber Zones to a= 0.0, b= 0.0, c= 0.0, d= 0.0 with timeout of 5s...
05-12-2024 14:47:24 - INFO - Sending request to Setting Chamber Zones to a= 0.0, b= 0.0, c= 0.0, d= 0.0 with timeout of 5s...
05-12-2024 14:47:25 - INFO - Sending request to Setting Chamber Zones to a= 0.0, b= 0.0, c= 0.0, d= 0.0 with timeout of 5s...
05-12-2024 14:47:25 - INFO - Sending request to Setting Chamber Zones to a= 0.0, b= 0.0, c= 0.0, d= 0.0 with timeout of 5s...
05-12-2024 14:47:25 - INFO - Sending request to Setting Chamber Zones to a= 0.0, b= 0.0, c= 0.0, d= 0.0 with timeout of 5s...
05-12-2024 14:47:25 - INFO - Sending request to Setting Chamber Zones to a= 0.0, b= 0.0, c= 0.0, d= 0.0 with timeout of 5s...
05-12-2024 14:47:25 - INFO - Sending request to Setting Chamber Zones to a= 0.0, b= 0.0, c= 0.0, d= 0.0 with timeout of 5s...
05-12-2024 14:47:26 - INFO - Sending request to Setting Chamber Zones to a= 0.0, b= 0.0, c= 0.0, d= 0.0 with timeout of 5s...
05-12-2024 14:47:26 - INFO - Sending request to Setting Chamber Zones to a= 0.0, b= 0.0, c= 0.0, d= 0.0 with timeout of 5s...
05-12-2024 14:47:26 - INFO - Sending request to Setting Chamber Zones to a= 0.0, b= 0.0, c= 0.0, d= 0.0 with timeout of 5s...
05-12-2024 14:47:26 - INFO - Sending request to Setting Chamber Zones to a= 0.0, b= 0.0, c= 0.0, d= 0.0 with timeout of 5s...
05-12-2024 14:47:26 - INFO - Sending request to Setting Chamber Zones to a= 0.0, b= 0.0, c= 0.0, d= 0.0 with timeout of 5s...
05-12-2024 14:47:27 - INFO - Sending request to Setting Chamber Zones to a= 0.0, b= 0.0, c= 0.0, d= 0.0 with timeout of 5s...
05-12-2024 14:47:27 - INFO - Sending request to Setting Chamber Zones to a= 0.0, b= 0.0, c= 0.0, d= 0.0 with timeout of 5s...
05-12-2024 14:47:27 - INFO - Sending request to Setting Chamber Zones to a= 0.0, b= 0.0, c= 0.0, d= 0.0 with timeout of 5s...
05-12-2024 14:47:27 - INFO - Sending request to Setting Chamber Zones to a= 0.0, b= 0.0, c= 0.0, d= 0.0 with timeout of 5s...
05-12-2024 14:47:27 - INFO - Sending request to Setting Chamber Zones to a= 0.0, b= 0.0, c= 0.0, d= 0.0 with timeout of 5s...
05-12-2024 14:47:28 - INFO - Sending request to Setting Chamber Zones to a= 0.0, b= 0.0, c= 0.0, d= 0.0 with timeout of 5s...
05-12-2024 14:47:28 - INFO - Sending request to Setting Chamber Zones to a= 0.0, b= 0.0, c= 0.0, d= 0.0 with timeout of 5s...
05-12-2024 14:47:28 - INFO - Sending request to Setting Chamber Zones to a= 0.0, b= 0.0, c= 0.0, d= 0.0 with timeout of 5s...
05-12-2024 14:47:28 - INFO - Sending request to Setting Chamber Zones to a= 0.0, b= 0.0, c= 0.0, d= 0.0 with timeout of 5s...
05-12-2024 14:47:28 - INFO - Sending request to Setting Chamber Zones to a= 0.0, b= 0.0, c= 0.0, d= 0.0 with timeout of 5s...
05-12-2024 14:47:29 - INFO - Sending request to Setting Chamber Zones to a= 0.0, b= 0.0, c= 0.0, d= 0.0 with timeout of 5s...
05-12-2024 14:47:29 - INFO - Sending request to Setting Chamber Zones to a= 0.0, b= 0.0, c= 0.0, d= 0.0 with timeout of 5s...
05-12-2024 14:47:29 - INFO - Sending request to Setting Chamber Zones to a= 0.0, b= 0.0, c= 0.0, d= 0.0 with timeout of 5s...
05-12-2024 14:47:29 - INFO - Sending request to Setting Chamber Zones to a= 0.0, b= 0.0, c= 0.0, d= 0.0 with timeout of 5s...
05-12-2024 14:47:30 - INFO - Sending request to Setting Chamber Zones to a= 0.0, b= 0.0, c= 0.0, d= 0.0 with timeout of 5s...
05-12-2024 14:47:30 - INFO - Setting Chamber Zones to a= 0.0, b= 0.0, c= 0.0, d= 0.0 request successfully sent.
05-12-2024 14:47:30 - INFO - Response from moonraker: {'result': 'ok'}
05-12-2024 14:47:30 - INFO - Setting Chamber Zones to a= 0.0, b= 0.0, c= 0.0, d= 0.0 Request successfully executed.
05-12-2024 14:47:30 - ERROR - E102 : Setting Chamber Zones to a= 0.0, b= 0.0, c= 0.0, d= 0.0 Request to Moonraker Timed out 
 Setting Chamber Zones to a= 0.0, b= 0.0, c= 0.0, d= 0.0 not successful
 Initiating firmware restart
05-12-2024 14:47:30 - INFO - Sending request to Setting Chamber Zones to a= 0.0, b= 0.0, c= 0.0, d= 0.0 with timeout of 5s...
05-12-2024 14:47:30 - INFO - Sending request to Setting Chamber Zones to a= 0.0, b= 0.0, c= 0.0, d= 0.0 with timeout of 5s...
05-12-2024 14:47:30 - INFO - Sending request to Setting Chamber Zones to a= 0.0, b= 0.0, c= 0.0, d= 0.0 with timeout of 5s...
05-12-2024 14:47:30 - INFO - Sending request to Setting Chamber Zones to a= 0.0, b= 0.0, c= 0.0, d= 0.0 with timeout of 5s...
05-12-2024 14:47:31 - INFO - Sending request to Setting Chamber Zones to a= 0.0, b= 0.0, c= 0.0, d= 0.0 with timeout of 5s...
05-12-2024 14:47:31 - INFO - Sending request to Setting Chamber Zones to a= 0.0, b= 0.0, c= 0.0, d= 0.0 with timeout of 5s...
05-12-2024 14:47:31 - INFO - Sending request to Setting Chamber Zones to a= 0.0, b= 0.0, c= 0.0, d= 0.0 with timeout of 5s...
05-12-2024 14:47:31 - INFO - Sending request to Setting Chamber Zones to a= 0.0, b= 0.0, c= 0.0, d= 0.0 with timeout of 5s...
05-12-2024 14:47:31 - INFO - Sending request to Setting Chamber Zones to a= 0.0, b= 0.0, c= 0.0, d= 0.0 with timeout of 5s...
05-12-2024 14:47:32 - INFO - Sending request to Setting Chamber Zones to a= 0.0, b= 0.0, c= 0.0, d= 0.0 with timeout of 5s...
05-12-2024 14:47:32 - INFO - Sending request to Setting Chamber Zones to a= 0.0, b= 0.0, c= 0.0, d= 0.0 with timeout of 5s...
05-12-2024 14:47:32 - INFO - Sending request to Setting Chamber Zones to a= 0.0, b= 0.0, c= 0.0, d= 0.0 with timeout of 5s...
05-12-2024 14:47:32 - INFO - Sending request to Setting Chamber Zones to a= 0.0, b= 0.0, c= 0.0, d= 0.0 with timeout of 5s...
05-12-2024 14:47:32 - INFO - Sending request to Setting Chamber Zones to a= 0.0, b= 0.0, c= 0.0, d= 0.0 with timeout of 5s...
05-12-2024 14:47:33 - INFO - Sending request to Setting Chamber Zones to a= 0.0, b= 0.0, c= 0.0, d= 0.0 with timeout of 5s...
05-12-2024 14:47:33 - INFO - Sending request to Setting Chamber Zones to a= 0.0, b= 0.0, c= 0.0, d= 0.0 with timeout of 5s...
05-12-2024 14:47:33 - INFO - Sending request to Setting Chamber Zones to a= 0.0, b= 0.0, c= 0.0, d= 0.0 with timeout of 5s...
05-12-2024 14:47:33 - INFO - Sending request to Setting Chamber Zones to a= 0.0, b= 0.0, c= 0.0, d= 0.0 with timeout of 5s...
05-12-2024 14:47:33 - INFO - Sending request to Setting Chamber Zones to a= 0.0, b= 0.0, c= 0.0, d= 0.0 with timeout of 5s...
05-12-2024 14:47:34 - INFO - Sending request to Setting Chamber Zones to a= 0.0, b= 0.0, c= 0.0, d= 0.0 with timeout of 5s...
05-12-2024 14:47:34 - INFO - Sending request to Setting Chamber Zones to a= 0.0, b= 0.0, c= 0.0, d= 0.0 with timeout of 5s...
05-12-2024 14:47:34 - INFO - Sending request to Setting Chamber Zones to a= 0.0, b= 0.0, c= 0.0, d= 0.0 with timeout of 5s...
05-12-2024 14:47:34 - INFO - Sending request to Setting Chamber Zones to a= 0.0, b= 0.0, c= 0.0, d= 0.0 with timeout of 5s...
05-12-2024 14:47:34 - INFO - Sending request to Setting Chamber Zones to a= 0.0, b= 0.0, c= 0.0, d= 0.0 with timeout of 5s...
05-12-2024 14:47:35 - INFO - Sending request to Setting Chamber Zones to a= 0.0, b= 0.0, c= 0.0, d= 0.0 with timeout of 5s...
05-12-2024 14:47:35 - INFO - Sending request to Setting Chamber Zones to a= 0.0, b= 0.0, c= 0.0, d= 0.0 with timeout of 5s...
05-12-2024 14:47:35 - INFO - Sending request to Setting Chamber Zones to a= 0.0, b= 0.0, c= 0.0, d= 0.0 with timeout of 5s...
05-12-2024 14:47:35 - INFO - Sending request to Setting Chamber Zones to a= 0.0, b= 0.0, c= 0.0, d= 0.0 with timeout of 5s...
05-12-2024 14:47:35 - INFO - Sending request to Setting Chamber Zones to a= 0.0, b= 0.0, c= 0.0, d= 0.0 with timeout of 5s...
05-12-2024 14:47:36 - INFO - Sending request to Setting Chamber Zones to a= 0.0, b= 0.0, c= 0.0, d= 0.0 with timeout of 5s...
05-12-2024 14:47:36 - INFO - Sending request to Setting Chamber Zones to a= 0.0, b= 0.0, c= 0.0, d= 0.0 with timeout of 5s...
05-12-2024 14:47:36 - INFO - Sending request to Setting Chamber Zones to a= 0.0, b= 0.0, c= 0.0, d= 0.0 with timeout of 5s...
05-12-2024 14:47:36 - INFO - Sending request to Setting Chamber Zones to a= 0.0, b= 0.0, c= 0.0, d= 0.0 with timeout of 5s...
05-12-2024 14:47:36 - INFO - Sending request to Setting Chamber Zones to a= 0.0, b= 0.0, c= 0.0, d= 0.0 with timeout of 5s...
05-12-2024 14:47:37 - INFO - Sending request to Setting Chamber Zones to a= 0.0, b= 0.0, c= 0.0, d= 0.0 with timeout of 5s...
05-12-2024 14:47:37 - INFO - Sending request to Setting Chamber Zones to a= 0.0, b= 0.0, c= 0.0, d= 0.0 with timeout of 5s...
05-12-2024 14:47:37 - INFO - Sending request to Setting Chamber Zones to a= 0.0, b= 0.0, c= 0.0, d= 0.0 with timeout of 5s...
05-12-2024 14:47:37 - INFO - Sending request to Setting Chamber Zones to a= 0.0, b= 0.0, c= 0.0, d= 0.0 with timeout of 5s...
05-12-2024 14:47:37 - INFO - Sending request to Setting Chamber Zones to a= 0.0, b= 0.0, c= 0.0, d= 0.0 with timeout of 5s...
05-12-2024 14:47:38 - INFO - Sending request to Setting Chamber Zones to a= 0.0, b= 0.0, c= 0.0, d= 0.0 with timeout of 5s...
05-12-2024 14:47:38 - INFO - Sending request to Setting Chamber Zones to a= 0.0, b= 0.0, c= 0.0, d= 0.0 with timeout of 5s...
05-12-2024 14:47:38 - INFO - Sending request to Setting Chamber Zones to a= 0.0, b= 0.0, c= 0.0, d= 0.0 with timeout of 5s...
05-12-2024 14:47:38 - INFO - Sending request to Setting Chamber Zones to a= 0.0, b= 0.0, c= 0.0, d= 0.0 with timeout of 5s...
05-12-2024 14:47:38 - INFO - Sending request to Setting Chamber Zones to a= 0.0, b= 0.0, c= 0.0, d= 0.0 with timeout of 5s...
05-12-2024 14:47:39 - INFO - Sending request to Setting Chamber Zones to a= 0.0, b= 0.0, c= 0.0, d= 0.0 with timeout of 5s...
05-12-2024 14:47:39 - INFO - Sending request to Setting Chamber Zones to a= 0.0, b= 0.0, c= 0.0, d= 0.0 with timeout of 5s...
05-12-2024 14:47:39 - INFO - Sending request to Setting Chamber Zones to a= 0.0, b= 0.0, c= 0.0, d= 0.0 with timeout of 5s...
05-12-2024 14:47:39 - INFO - Sending request to Setting Chamber Zones to a= 0.0, b= 0.0, c= 0.0, d= 0.0 with timeout of 5s...
05-12-2024 14:47:39 - INFO - Sending request to Setting Chamber Zones to a= 0.0, b= 0.0, c= 0.0, d= 0.0 with timeout of 5s...
05-12-2024 14:47:40 - INFO - Sending request to Setting Chamber Zones to a= 0.0, b= 0.0, c= 0.0, d= 0.0 with timeout of 5s...
05-12-2024 14:47:40 - INFO - Setting Chamber Zones to a= 0.0, b= 0.0, c= 0.0, d= 0.0 request successfully sent.
05-12-2024 14:47:40 - INFO - Response from moonraker: {'result': 'ok'}
05-12-2024 14:47:40 - INFO - Setting Chamber Zones to a= 0.0, b= 0.0, c= 0.0, d= 0.0 Request successfully executed.
05-12-2024 14:47:40 - ERROR - E102 : Setting Chamber Zones to a= 0.0, b= 0.0, c= 0.0, d= 0.0 Request to Moonraker Timed out 
 Setting Chamber Zones to a= 0.0, b= 0.0, c= 0.0, d= 0.0 not successful
 Initiating firmware restart
05-12-2024 14:47:40 - INFO - Sending request to Setting Chamber Zones to a= 0.0, b= 0.0, c= 0.0, d= 0.0 with timeout of 5s...
05-12-2024 14:47:40 - INFO - Sending request to Setting Chamber Zones to a= 0.0, b= 0.0, c= 0.0, d= 0.0 with timeout of 5s...
05-12-2024 14:47:40 - INFO - Sending request to Setting Chamber Zones to a= 0.0, b= 0.0, c= 0.0, d= 0.0 with timeout of 5s...
05-12-2024 14:47:40 - INFO - Sending request to Setting Chamber Zones to a= 0.0, b= 0.0, c= 0.0, d= 0.0 with timeout of 5s...
05-12-2024 14:47:41 - INFO - Sending request to Setting Chamber Zones to a= 0.0, b= 0.0, c= 0.0, d= 0.0 with timeout of 5s...
05-12-2024 14:47:41 - INFO - Sending request to Setting Chamber Zones to a= 0.0, b= 0.0, c= 0.0, d= 0.0 with timeout of 5s...
05-12-2024 14:47:41 - INFO - Sending request to Setting Chamber Zones to a= 0.0, b= 0.0, c= 0.0, d= 0.0 with timeout of 5s...
05-12-2024 14:47:41 - INFO - Sending request to Setting Chamber Zones to a= 0.0, b= 0.0, c= 0.0, d= 0.0 with timeout of 5s...
05-12-2024 14:47:41 - INFO - Sending request to Setting Chamber Zones to a= 0.0, b= 0.0, c= 0.0, d= 0.0 with timeout of 5s...
05-12-2024 14:47:42 - INFO - Sending request to Setting Chamber Zones to a= 0.0, b= 0.0, c= 0.0, d= 0.0 with timeout of 5s...
05-12-2024 14:47:42 - INFO - Sending request to Setting Chamber Zones to a= 0.0, b= 0.0, c= 0.0, d= 0.0 with timeout of 5s...
05-12-2024 14:47:42 - INFO - Sending request to Setting Chamber Zones to a= 0.0, b= 0.0, c= 0.0, d= 0.0 with timeout of 5s...
05-12-2024 14:47:42 - INFO - Sending request to Setting Chamber Zones to a= 0.0, b= 0.0, c= 0.0, d= 0.0 with timeout of 5s...
05-12-2024 14:47:42 - INFO - Sending request to Setting Chamber Zones to a= 0.0, b= 0.0, c= 0.0, d= 0.0 with timeout of 5s...
05-12-2024 14:47:43 - INFO - Sending request to Setting Chamber Zones to a= 0.0, b= 0.0, c= 0.0, d= 0.0 with timeout of 5s...
05-12-2024 14:47:43 - INFO - Sending request to Setting Chamber Zones to a= 0.0, b= 0.0, c= 0.0, d= 0.0 with timeout of 5s...
05-12-2024 14:47:43 - INFO - Sending request to Setting Chamber Zones to a= 0.0, b= 0.0, c= 0.0, d= 0.0 with timeout of 5s...
05-12-2024 14:47:43 - INFO - Sending request to Setting Chamber Zones to a= 0.0, b= 0.0, c= 0.0, d= 0.0 with timeout of 5s...
05-12-2024 14:47:43 - INFO - Sending request to Setting Chamber Zones to a= 0.0, b= 0.0, c= 0.0, d= 0.0 with timeout of 5s...
05-12-2024 14:47:44 - INFO - Sending request to Setting Chamber Zones to a= 0.0, b= 0.0, c= 0.0, d= 0.0 with timeout of 5s...
05-12-2024 14:47:44 - INFO - Sending request to Setting Chamber Zones to a= 0.0, b= 0.0, c= 0.0, d= 0.0 with timeout of 5s...
05-12-2024 14:47:44 - INFO - Sending request to Setting Chamber Zones to a= 0.0, b= 0.0, c= 0.0, d= 0.0 with timeout of 5s...
05-12-2024 14:47:44 - INFO - Sending request to Setting Chamber Zones to a= 0.003473999999999787, b= 0.0008684999999999468, c= 0.003473999999999787, d= 0.0008684999999999468 with timeout of 5s...
05-12-2024 14:47:44 - INFO - Sending request to Setting Chamber Zones to a= 0.003447999999999791, b= 0.0008619999999999478, c= 0.003447999999999791, d= 0.0008619999999999478 with timeout of 5s...
05-12-2024 14:47:45 - INFO - Sending request to Setting Chamber Zones to a= 0.003471999999999793, b= 0.0008679999999999482, c= 0.003471999999999793, d= 0.0008679999999999482 with timeout of 5s...
05-12-2024 14:47:45 - INFO - Sending request to Setting Chamber Zones to a= 0.0034959999999997927, b= 0.0008739999999999482, c= 0.0034959999999997927, d= 0.0008739999999999482 with timeout of 5s...
05-12-2024 14:47:45 - INFO - Sending request to Setting Chamber Zones to a= 0.0035199999999997946, b= 0.0008799999999999486, c= 0.0035199999999997946, d= 0.0008799999999999486 with timeout of 5s...
05-12-2024 14:47:45 - INFO - Sending request to Setting Chamber Zones to a= 0.0035439999999997956, b= 0.0008859999999999489, c= 0.0035439999999997956, d= 0.0008859999999999489 with timeout of 5s...
05-12-2024 14:47:45 - INFO - Sending request to Setting Chamber Zones to a= 0.0035679999999997953, b= 0.0008919999999999488, c= 0.0035679999999997953, d= 0.0008919999999999488 with timeout of 5s...
05-12-2024 14:47:46 - INFO - Sending request to Setting Chamber Zones to a= 0.0035919999999997963, b= 0.0008979999999999491, c= 0.0035919999999997963, d= 0.0008979999999999491 with timeout of 5s...
05-12-2024 14:47:46 - INFO - Sending request to Setting Chamber Zones to a= 0.003615999999999798, b= 0.0009039999999999495, c= 0.003615999999999798, d= 0.0009039999999999495 with timeout of 5s...
05-12-2024 14:47:46 - INFO - Sending request to Setting Chamber Zones to a= 0.0036399999999997996, b= 0.0009099999999999499, c= 0.0036399999999997996, d= 0.0009099999999999499 with timeout of 5s...
05-12-2024 14:47:46 - INFO - Sending request to Setting Chamber Zones to a= 0.0036639999999998, b= 0.00091599999999995, c= 0.0036639999999998, d= 0.00091599999999995 with timeout of 5s...
05-12-2024 14:47:46 - INFO - Sending request to Setting Chamber Zones to a= 0.003687999999999801, b= 0.0009219999999999502, c= 0.003687999999999801, d= 0.0009219999999999502 with timeout of 5s...
05-12-2024 14:47:47 - INFO - Sending request to Setting Chamber Zones to a= 0.0037119999999998023, b= 0.0009279999999999506, c= 0.0037119999999998023, d= 0.0009279999999999506 with timeout of 5s...
05-12-2024 14:47:47 - INFO - Sending request to Setting Chamber Zones to a= 0.0037359999999998015, b= 0.0009339999999999504, c= 0.0037359999999998015, d= 0.0009339999999999504 with timeout of 5s...
05-12-2024 14:47:47 - INFO - Sending request to Setting Chamber Zones to a= 0.0037599999999998034, b= 0.0009399999999999509, c= 0.0037599999999998034, d= 0.0009399999999999509 with timeout of 5s...
05-12-2024 14:47:47 - INFO - Sending request to Setting Chamber Zones to a= 0.003783999999999805, b= 0.0009459999999999512, c= 0.003783999999999805, d= 0.0009459999999999512 with timeout of 5s...
05-12-2024 14:47:47 - INFO - Sending request to Setting Chamber Zones to a= 0.003807999999999805, b= 0.0009519999999999513, c= 0.003807999999999805, d= 0.0009519999999999513 with timeout of 5s...
05-12-2024 14:47:48 - INFO - Sending request to Setting Chamber Zones to a= 0.003831999999999806, b= 0.0009579999999999515, c= 0.003831999999999806, d= 0.0009579999999999515 with timeout of 5s...
05-12-2024 14:47:48 - INFO - Sending request to Setting Chamber Zones to a= 0.0038559999999998075, b= 0.0009639999999999519, c= 0.0038559999999998075, d= 0.0009639999999999519 with timeout of 5s...
05-12-2024 14:47:48 - INFO - Sending request to Setting Chamber Zones to a= 0.0038799999999998068, b= 0.0009699999999999517, c= 0.0038799999999998068, d= 0.0009699999999999517 with timeout of 5s...
05-12-2024 14:47:48 - INFO - Sending request to Setting Chamber Zones to a= 0.008961999999999882, b= 0.0022404999999999704, c= 0.008961999999999882, d= 0.0022404999999999704 with timeout of 5s...
05-12-2024 14:47:48 - INFO - Sending request to Setting Chamber Zones to a= 0.00894399999999988, b= 0.00223599999999997, c= 0.00894399999999988, d= 0.00223599999999997 with timeout of 5s...
05-12-2024 14:47:49 - INFO - Sending request to Setting Chamber Zones to a= 0.008975999999999882, b= 0.0022439999999999704, c= 0.008975999999999882, d= 0.0022439999999999704 with timeout of 5s...
05-12-2024 14:47:49 - INFO - Sending request to Setting Chamber Zones to a= 0.009007999999999882, b= 0.0022519999999999706, c= 0.009007999999999882, d= 0.0022519999999999706 with timeout of 5s...
05-12-2024 14:47:49 - INFO - Sending request to Setting Chamber Zones to a= 0.009039999999999883, b= 0.002259999999999971, c= 0.009039999999999883, d= 0.002259999999999971 with timeout of 5s...
05-12-2024 14:47:49 - INFO - Sending request to Setting Chamber Zones to a= 0.009071999999999882, b= 0.0022679999999999706, c= 0.009071999999999882, d= 0.0022679999999999706 with timeout of 5s...
05-12-2024 14:47:49 - INFO - Sending request to Setting Chamber Zones to a= 0.009103999999999883, b= 0.0022759999999999708, c= 0.009103999999999883, d= 0.0022759999999999708 with timeout of 5s...
05-12-2024 14:47:50 - INFO - Setting Chamber Zones to a= 0.009103999999999883, b= 0.0022759999999999708, c= 0.009103999999999883, d= 0.0022759999999999708 request successfully sent.
05-12-2024 14:47:50 - INFO - Response from moonraker: {'result': 'ok'}
05-12-2024 14:47:50 - INFO - Setting Chamber Zones to a= 0.009103999999999883, b= 0.0022759999999999708, c= 0.009103999999999883, d= 0.0022759999999999708 Request successfully executed.
05-12-2024 14:47:50 - ERROR - E102 : Setting Chamber Zones to a= 0.009103999999999883, b= 0.0022759999999999708, c= 0.009103999999999883, d= 0.0022759999999999708 Request to Moonraker Timed out 
 Setting Chamber Zones to a= 0.009103999999999883, b= 0.0022759999999999708, c= 0.009103999999999883, d= 0.0022759999999999708 not successful
 Initiating firmware restart
05-12-2024 14:47:50 - INFO - Sending request to Setting Chamber Zones to a= 0.009135999999999884, b= 0.002283999999999971, c= 0.009135999999999884, d= 0.002283999999999971 with timeout of 5s...
05-12-2024 14:47:50 - INFO - Sending request to Setting Chamber Zones to a= 0.009167999999999885, b= 0.002291999999999971, c= 0.009167999999999885, d= 0.002291999999999971 with timeout of 5s...
05-12-2024 14:47:50 - INFO - Sending request to Setting Chamber Zones to a= 0.009199999999999885, b= 0.0022999999999999713, c= 0.009199999999999885, d= 0.0022999999999999713 with timeout of 5s...
05-12-2024 14:47:50 - INFO - Sending request to Setting Chamber Zones to a= 0.009231999999999884, b= 0.002307999999999971, c= 0.009231999999999884, d= 0.002307999999999971 with timeout of 5s...
05-12-2024 14:47:50 - INFO - Sending request to Setting Chamber Zones to a= 0.009263999999999885, b= 0.0023159999999999713, c= 0.009263999999999885, d= 0.0023159999999999713 with timeout of 5s...
05-12-2024 14:47:51 - INFO - Sending request to Setting Chamber Zones to a= 0.004237999999999814, b= 0.0010594999999999535, c= 0.004237999999999814, d= 0.0010594999999999535 with timeout of 5s...
05-12-2024 14:47:51 - INFO - Sending request to Setting Chamber Zones to a= 0.0, b= 0.0, c= 0.0, d= 0.0 with timeout of 5s...
05-12-2024 14:47:51 - INFO - Sending request to Setting Chamber Zones to a= 0.0, b= 0.0, c= 0.0, d= 0.0 with timeout of 5s...
05-12-2024 14:47:51 - INFO - Sending request to Setting Chamber Zones to a= 0.0, b= 0.0, c= 0.0, d= 0.0 with timeout of 5s...
05-12-2024 14:47:52 - INFO - Sending request to Setting Chamber Zones to a= 0.0, b= 0.0, c= 0.0, d= 0.0 with timeout of 5s...
05-12-2024 14:47:52 - INFO - Sending request to Setting Chamber Zones to a= 0.0, b= 0.0, c= 0.0, d= 0.0 with timeout of 5s...
05-12-2024 14:47:52 - INFO - Sending request to Setting Chamber Zones to a= 0.0, b= 0.0, c= 0.0, d= 0.0 with timeout of 5s...
05-12-2024 14:47:52 - INFO - Sending request to Setting Chamber Zones to a= 0.0, b= 0.0, c= 0.0, d= 0.0 with timeout of 5s...
05-12-2024 14:47:52 - INFO - Sending request to Setting Chamber Zones to a= 0.0, b= 0.0, c= 0.0, d= 0.0 with timeout of 5s...
05-12-2024 14:47:55 - INFO - Sending request to Setting Chamber Zones to a= 0, b= 0, c= 0, d= 0 with timeout of 5s...
05-12-2024 14:47:55 - INFO - Sending request to Setting Chamber Zones to a= 0.4906260000000002, b= 0.12265650000000004, c= 0.4906260000000002, d= 0.12265650000000004 with timeout of 5s...
05-12-2024 14:47:55 - INFO - Sending request to Setting Chamber Zones to a= 0.48655200000000015, b= 0.12163800000000004, c= 0.48655200000000015, d= 0.12163800000000004 with timeout of 5s...
05-12-2024 14:47:55 - INFO - Sending request to Setting Chamber Zones to a= 0.4873280000000001, b= 0.12183200000000002, c= 0.4873280000000001, d= 0.12183200000000002 with timeout of 5s...
05-12-2024 14:47:55 - INFO - Sending request to Setting Chamber Zones to a= 0.48810400000000015, b= 0.12202600000000004, c= 0.48810400000000015, d= 0.12202600000000004 with timeout of 5s...
05-12-2024 14:47:55 - INFO - Sending request to Setting Chamber Zones to a= 0.4939379999999998, b= 0.12348449999999996, c= 0.4939379999999998, d= 0.12348449999999996 with timeout of 5s...
05-12-2024 14:47:56 - INFO - Sending request to Setting Chamber Zones to a= 0.4946719999999999, b= 0.12366799999999997, c= 0.4946719999999999, d= 0.12366799999999997 with timeout of 5s...
05-12-2024 14:47:56 - INFO - Sending request to Setting Chamber Zones to a= 0.49545599999999995, b= 0.12386399999999999, c= 0.49545599999999995, d= 0.12386399999999999 with timeout of 5s...
05-12-2024 14:47:56 - INFO - Sending request to Setting Chamber Zones to a= 0.4962399999999999, b= 0.12405999999999998, c= 0.4962399999999999, d= 0.12405999999999998 with timeout of 5s...
05-12-2024 14:47:56 - INFO - Sending request to Setting Chamber Zones to a= 0.49702399999999985, b= 0.12425599999999996, c= 0.49702399999999985, d= 0.12425599999999996 with timeout of 5s...
05-12-2024 14:47:56 - INFO - Sending request to Setting Chamber Zones to a= 0.49780799999999986, b= 0.12445199999999997, c= 0.49780799999999986, d= 0.12445199999999997 with timeout of 5s...
05-12-2024 14:47:57 - INFO - Sending request to Setting Chamber Zones to a= 0.49859199999999987, b= 0.12464799999999997, c= 0.49859199999999987, d= 0.12464799999999997 with timeout of 5s...
05-12-2024 14:47:57 - INFO - Sending request to Setting Chamber Zones to a= 0.5044339999999999, b= 0.12610849999999998, c= 0.5044339999999999, d= 0.12610849999999998 with timeout of 5s...
05-12-2024 14:47:57 - INFO - Sending request to Setting Chamber Zones to a= 0.505176, b= 0.126294, c= 0.505176, d= 0.126294 with timeout of 5s...
05-12-2024 14:47:57 - INFO - Sending request to Setting Chamber Zones to a= 0.505968, b= 0.126492, c= 0.505968, d= 0.126492 with timeout of 5s...
05-12-2024 14:47:57 - INFO - Sending request to Setting Chamber Zones to a= 0.50676, b= 0.12669, c= 0.50676, d= 0.12669 with timeout of 5s...
05-12-2024 14:47:58 - INFO - Sending request to Setting Chamber Zones to a= 0.5075519999999999, b= 0.12688799999999997, c= 0.5075519999999999, d= 0.12688799999999997 with timeout of 5s...
05-12-2024 14:47:58 - INFO - Sending request to Setting Chamber Zones to a= 0.5083439999999999, b= 0.12708599999999998, c= 0.5083439999999999, d= 0.12708599999999998 with timeout of 5s...
05-12-2024 14:47:58 - INFO - Sending request to Setting Chamber Zones to a= 0.5091359999999999, b= 0.12728399999999998, c= 0.5091359999999999, d= 0.12728399999999998 with timeout of 5s...
05-12-2024 14:47:58 - INFO - Sending request to Setting Chamber Zones to a= 0.5099279999999999, b= 0.12748199999999998, c= 0.5099279999999999, d= 0.12748199999999998 with timeout of 5s...
05-12-2024 14:47:58 - INFO - Sending request to Setting Chamber Zones to a= 0.51072, b= 0.12768, c= 0.51072, d= 0.12768 with timeout of 5s...
05-12-2024 14:47:59 - INFO - Sending request to Setting Chamber Zones to a= 0.511512, b= 0.127878, c= 0.511512, d= 0.127878 with timeout of 5s...
05-12-2024 14:47:59 - INFO - Sending request to Setting Chamber Zones to a= 0.512304, b= 0.128076, c= 0.512304, d= 0.128076 with timeout of 5s...
05-12-2024 14:47:59 - INFO - Sending request to Setting Chamber Zones to a= 0.513096, b= 0.128274, c= 0.513096, d= 0.128274 with timeout of 5s...
05-12-2024 14:47:59 - INFO - Sending request to Setting Chamber Zones to a= 0.5138879999999999, b= 0.12847199999999998, c= 0.5138879999999999, d= 0.12847199999999998 with timeout of 5s...
05-12-2024 14:47:59 - INFO - Sending request to Setting Chamber Zones to a= 0.5146799999999999, b= 0.12866999999999998, c= 0.5146799999999999, d= 0.12866999999999998 with timeout of 5s...
05-12-2024 14:48:00 - INFO - Sending request to Setting Chamber Zones to a= 0.5154719999999999, b= 0.12886799999999998, c= 0.5154719999999999, d= 0.12886799999999998 with timeout of 5s...
05-12-2024 14:48:00 - INFO - Sending request to Setting Chamber Zones to a= 0.516264, b= 0.129066, c= 0.516264, d= 0.129066 with timeout of 5s...
05-12-2024 14:48:00 - INFO - Sending request to Setting Chamber Zones to a= 0.522114, b= 0.1305285, c= 0.522114, d= 0.1305285 with timeout of 5s...
05-12-2024 14:48:00 - INFO - Sending request to Setting Chamber Zones to a= 0.522864, b= 0.130716, c= 0.522864, d= 0.130716 with timeout of 5s...
05-12-2024 14:48:00 - INFO - Sending request to Setting Chamber Zones to a= 0.523664, b= 0.130916, c= 0.523664, d= 0.130916 with timeout of 5s...
05-12-2024 14:48:01 - INFO - Sending request to Setting Chamber Zones to a= 0.524464, b= 0.131116, c= 0.524464, d= 0.131116 with timeout of 5s...
05-12-2024 14:48:01 - INFO - Sending request to Setting Chamber Zones to a= 0.525264, b= 0.131316, c= 0.525264, d= 0.131316 with timeout of 5s...
05-12-2024 14:48:01 - INFO - Sending request to Setting Chamber Zones to a= 0.526064, b= 0.131516, c= 0.526064, d= 0.131516 with timeout of 5s...
05-12-2024 14:48:01 - INFO - Sending request to Setting Chamber Zones to a= 0.526864, b= 0.131716, c= 0.526864, d= 0.131716 with timeout of 5s...
05-12-2024 14:48:01 - INFO - Sending request to Setting Chamber Zones to a= 0.5327220000000001, b= 0.13318050000000003, c= 0.5327220000000001, d= 0.13318050000000003 with timeout of 5s...
05-12-2024 14:48:02 - INFO - Sending request to Setting Chamber Zones to a= 0.5334800000000002, b= 0.13337000000000004, c= 0.5334800000000002, d= 0.13337000000000004 with timeout of 5s...
05-12-2024 14:48:02 - INFO - Sending request to Setting Chamber Zones to a= 0.5342880000000001, b= 0.13357200000000002, c= 0.5342880000000001, d= 0.13357200000000002 with timeout of 5s...
05-12-2024 14:48:02 - INFO - Sending request to Setting Chamber Zones to a= 0.5350960000000001, b= 0.13377400000000003, c= 0.5350960000000001, d= 0.13377400000000003 with timeout of 5s...
05-12-2024 14:48:02 - INFO - Sending request to Setting Chamber Zones to a= 0.5359040000000002, b= 0.13397600000000004, c= 0.5359040000000002, d= 0.13397600000000004 with timeout of 5s...
05-12-2024 14:48:02 - INFO - Sending request to Setting Chamber Zones to a= 0.5367120000000001, b= 0.13417800000000002, c= 0.5367120000000001, d= 0.13417800000000002 with timeout of 5s...
05-12-2024 14:48:03 - INFO - Sending request to Setting Chamber Zones to a= 0.5375200000000001, b= 0.13438000000000003, c= 0.5375200000000001, d= 0.13438000000000003 with timeout of 5s...
05-12-2024 14:48:03 - INFO - Sending request to Setting Chamber Zones to a= 0.5383280000000001, b= 0.13458200000000003, c= 0.5383280000000001, d= 0.13458200000000003 with timeout of 5s...
05-12-2024 14:48:03 - INFO - Sending request to Setting Chamber Zones to a= 0.5391360000000002, b= 0.13478400000000004, c= 0.5391360000000002, d= 0.13478400000000004 with timeout of 5s...
05-12-2024 14:48:03 - INFO - Sending request to Setting Chamber Zones to a= 0.5399440000000001, b= 0.13498600000000002, c= 0.5399440000000001, d= 0.13498600000000002 with timeout of 5s...
05-12-2024 14:48:03 - INFO - Sending request to Setting Chamber Zones to a= 0.5407520000000001, b= 0.13518800000000003, c= 0.5407520000000001, d= 0.13518800000000003 with timeout of 5s...
05-12-2024 14:48:04 - INFO - Sending request to Setting Chamber Zones to a= 0.5415600000000002, b= 0.13539000000000004, c= 0.5415600000000002, d= 0.13539000000000004 with timeout of 5s...
05-12-2024 14:48:04 - INFO - Sending request to Setting Chamber Zones to a= 0.5423680000000002, b= 0.13559200000000005, c= 0.5423680000000002, d= 0.13559200000000005 with timeout of 5s...
05-12-2024 14:48:04 - INFO - Sending request to Setting Chamber Zones to a= 0.5431760000000001, b= 0.13579400000000003, c= 0.5431760000000001, d= 0.13579400000000003 with timeout of 5s...
05-12-2024 14:48:04 - INFO - Sending request to Setting Chamber Zones to a= 0.5439840000000001, b= 0.13599600000000003, c= 0.5439840000000001, d= 0.13599600000000003 with timeout of 5s...
05-12-2024 14:48:04 - INFO - Sending request to Setting Chamber Zones to a= 0.5447920000000002, b= 0.13619800000000004, c= 0.5447920000000002, d= 0.13619800000000004 with timeout of 5s...
05-12-2024 14:48:05 - INFO - Sending request to Setting Chamber Zones to a= 0.5456000000000002, b= 0.13640000000000005, c= 0.5456000000000002, d= 0.13640000000000005 with timeout of 5s...
05-12-2024 14:48:05 - INFO - Sending request to Setting Chamber Zones to a= 0.5464080000000001, b= 0.13660200000000003, c= 0.5464080000000001, d= 0.13660200000000003 with timeout of 5s...
05-12-2024 14:48:05 - INFO - Sending request to Setting Chamber Zones to a= 0.5472160000000001, b= 0.13680400000000004, c= 0.5472160000000001, d= 0.13680400000000004 with timeout of 5s...
05-12-2024 14:48:05 - INFO - Sending request to Setting Chamber Zones to a= 0.5480240000000002, b= 0.13700600000000004, c= 0.5480240000000002, d= 0.13700600000000004 with timeout of 5s...
05-12-2024 14:48:05 - INFO - Sending request to Setting Chamber Zones to a= 0.5488320000000002, b= 0.13720800000000005, c= 0.5488320000000002, d= 0.13720800000000005 with timeout of 5s...
05-12-2024 14:48:06 - INFO - Sending request to Setting Chamber Zones to a= 0.5496400000000001, b= 0.13741000000000003, c= 0.5496400000000001, d= 0.13741000000000003 with timeout of 5s...
05-12-2024 14:48:06 - INFO - Sending request to Setting Chamber Zones to a= 0.5504480000000002, b= 0.13761200000000004, c= 0.5504480000000002, d= 0.13761200000000004 with timeout of 5s...
05-12-2024 14:48:06 - INFO - Sending request to Setting Chamber Zones to a= 0.5512560000000002, b= 0.13781400000000005, c= 0.5512560000000002, d= 0.13781400000000005 with timeout of 5s...
05-12-2024 14:48:06 - INFO - Sending request to Setting Chamber Zones to a= 0.5520640000000002, b= 0.13801600000000006, c= 0.5520640000000002, d= 0.13801600000000006 with timeout of 5s...
05-12-2024 14:48:06 - INFO - Sending request to Setting Chamber Zones to a= 0.5528720000000001, b= 0.13821800000000004, c= 0.5528720000000001, d= 0.13821800000000004 with timeout of 5s...
05-12-2024 14:48:07 - INFO - Sending request to Setting Chamber Zones to a= 0.5536800000000002, b= 0.13842000000000004, c= 0.5536800000000002, d= 0.13842000000000004 with timeout of 5s...
05-12-2024 14:48:07 - INFO - Sending request to Setting Chamber Zones to a= 0.5544880000000002, b= 0.13862200000000005, c= 0.5544880000000002, d= 0.13862200000000005 with timeout of 5s...
05-12-2024 14:48:07 - INFO - Sending request to Setting Chamber Zones to a= 0.5552960000000002, b= 0.13882400000000006, c= 0.5552960000000002, d= 0.13882400000000006 with timeout of 5s...
05-12-2024 14:48:07 - INFO - Sending request to Setting Chamber Zones to a= 0.5561040000000002, b= 0.13902600000000004, c= 0.5561040000000002, d= 0.13902600000000004 with timeout of 5s...
05-12-2024 14:48:07 - INFO - Sending request to Setting Chamber Zones to a= 0.5569120000000002, b= 0.13922800000000005, c= 0.5569120000000002, d= 0.13922800000000005 with timeout of 5s...
05-12-2024 14:48:08 - INFO - Sending request to Setting Chamber Zones to a= 0.5577200000000002, b= 0.13943000000000005, c= 0.5577200000000002, d= 0.13943000000000005 with timeout of 5s...
05-12-2024 14:48:08 - INFO - Sending request to Setting Chamber Zones to a= 0.5585280000000001, b= 0.13963200000000003, c= 0.5585280000000001, d= 0.13963200000000003 with timeout of 5s...
05-12-2024 14:48:08 - INFO - Sending request to Setting Chamber Zones to a= 0.5593360000000002, b= 0.13983400000000004, c= 0.5593360000000002, d= 0.13983400000000004 with timeout of 5s...
05-12-2024 14:48:08 - INFO - Sending request to Setting Chamber Zones to a= 0.5601440000000002, b= 0.14003600000000005, c= 0.5601440000000002, d= 0.14003600000000005 with timeout of 5s...
05-12-2024 14:48:08 - INFO - Sending request to Setting Chamber Zones to a= 0.5609520000000002, b= 0.14023800000000006, c= 0.5609520000000002, d= 0.14023800000000006 with timeout of 5s...
05-12-2024 14:48:09 - INFO - Sending request to Setting Chamber Zones to a= 0.5617600000000001, b= 0.14044000000000004, c= 0.5617600000000001, d= 0.14044000000000004 with timeout of 5s...
05-12-2024 14:48:09 - INFO - Sending request to Setting Chamber Zones to a= 0.5625680000000002, b= 0.14064200000000004, c= 0.5625680000000002, d= 0.14064200000000004 with timeout of 5s...
05-12-2024 14:48:09 - INFO - Sending request to Setting Chamber Zones to a= 0.5633760000000002, b= 0.14084400000000005, c= 0.5633760000000002, d= 0.14084400000000005 with timeout of 5s...
05-12-2024 14:48:09 - INFO - Sending request to Setting Chamber Zones to a= 0.5641840000000002, b= 0.14104600000000006, c= 0.5641840000000002, d= 0.14104600000000006 with timeout of 5s...
05-12-2024 14:48:09 - INFO - Sending request to Setting Chamber Zones to a= 0.5649920000000002, b= 0.14124800000000004, c= 0.5649920000000002, d= 0.14124800000000004 with timeout of 5s...
05-12-2024 14:48:10 - INFO - Sending request to Setting Chamber Zones to a= 0.5658000000000002, b= 0.14145000000000005, c= 0.5658000000000002, d= 0.14145000000000005 with timeout of 5s...
05-12-2024 14:48:10 - INFO - Sending request to Setting Chamber Zones to a= 0.5666080000000002, b= 0.14165200000000006, c= 0.5666080000000002, d= 0.14165200000000006 with timeout of 5s...
05-12-2024 14:48:10 - INFO - Sending request to Setting Chamber Zones to a= 0.5674160000000003, b= 0.14185400000000006, c= 0.5674160000000003, d= 0.14185400000000006 with timeout of 5s...
05-12-2024 14:48:10 - INFO - Sending request to Setting Chamber Zones to a= 0.5682240000000002, b= 0.14205600000000004, c= 0.5682240000000002, d= 0.14205600000000004 with timeout of 5s...
05-12-2024 14:48:10 - INFO - Sending request to Setting Chamber Zones to a= 0.5690320000000002, b= 0.14225800000000005, c= 0.5690320000000002, d= 0.14225800000000005 with timeout of 5s...
05-12-2024 14:48:11 - INFO - Sending request to Setting Chamber Zones to a= 0.5698400000000002, b= 0.14246000000000006, c= 0.5698400000000002, d= 0.14246000000000006 with timeout of 5s...
05-12-2024 14:48:11 - INFO - Sending request to Setting Chamber Zones to a= 0.5706480000000003, b= 0.14266200000000007, c= 0.5706480000000003, d= 0.14266200000000007 with timeout of 5s...
05-12-2024 14:48:11 - INFO - Sending request to Setting Chamber Zones to a= 0.5714560000000002, b= 0.14286400000000005, c= 0.5714560000000002, d= 0.14286400000000005 with timeout of 5s...
05-12-2024 14:48:11 - INFO - Sending request to Setting Chamber Zones to a= 0.5722640000000002, b= 0.14306600000000005, c= 0.5722640000000002, d= 0.14306600000000005 with timeout of 5s...
05-12-2024 14:48:11 - INFO - Sending request to Setting Chamber Zones to a= 0.5730720000000002, b= 0.14326800000000006, c= 0.5730720000000002, d= 0.14326800000000006 with timeout of 5s...
05-12-2024 14:48:12 - INFO - Sending request to Setting Chamber Zones to a= 0.5738800000000002, b= 0.14347000000000004, c= 0.5738800000000002, d= 0.14347000000000004 with timeout of 5s...
05-12-2024 14:48:12 - INFO - Sending request to Setting Chamber Zones to a= 0.5746880000000002, b= 0.14367200000000005, c= 0.5746880000000002, d= 0.14367200000000005 with timeout of 5s...
05-12-2024 14:48:12 - INFO - Sending request to Setting Chamber Zones to a= 0.5754960000000002, b= 0.14387400000000006, c= 0.5754960000000002, d= 0.14387400000000006 with timeout of 5s...
05-12-2024 14:48:12 - INFO - Sending request to Setting Chamber Zones to a= 0.5763040000000003, b= 0.14407600000000007, c= 0.5763040000000003, d= 0.14407600000000007 with timeout of 5s...
05-12-2024 14:48:12 - INFO - Sending request to Setting Chamber Zones to a= 0.5771120000000002, b= 0.14427800000000005, c= 0.5771120000000002, d= 0.14427800000000005 with timeout of 5s...
05-12-2024 14:48:13 - INFO - Sending request to Setting Chamber Zones to a= 0.5779200000000002, b= 0.14448000000000005, c= 0.5779200000000002, d= 0.14448000000000005 with timeout of 5s...
05-12-2024 14:48:13 - INFO - Sending request to Setting Chamber Zones to a= 0.5837860000000002, b= 0.14594650000000006, c= 0.5837860000000002, d= 0.14594650000000006 with timeout of 5s...
05-12-2024 14:48:13 - INFO - Sending request to Setting Chamber Zones to a= 0.5845520000000002, b= 0.14613800000000005, c= 0.5845520000000002, d= 0.14613800000000005 with timeout of 5s...
05-12-2024 14:48:13 - INFO - Sending request to Setting Chamber Zones to a= 0.5853680000000002, b= 0.14634200000000006, c= 0.5853680000000002, d= 0.14634200000000006 with timeout of 5s...
05-12-2024 14:48:13 - INFO - Sending request to Setting Chamber Zones to a= 0.591242, b= 0.1478105, c= 0.591242, d= 0.1478105 with timeout of 5s...
05-12-2024 14:48:14 - INFO - Sending request to Setting Chamber Zones to a= 0.6071900000000002, b= 0.15179750000000006, c= 0.6071900000000002, d= 0.15179750000000006 with timeout of 5s...
05-12-2024 14:48:14 - INFO - Sending request to Setting Chamber Zones to a= 0.6281200000000001, b= 0.15703000000000003, c= 0.6281200000000001, d= 0.15703000000000003 with timeout of 5s...
05-12-2024 14:48:14 - INFO - Sending request to Setting Chamber Zones to a= 0.6288000000000001, b= 0.15720000000000003, c= 0.6288000000000001, d= 0.15720000000000003 with timeout of 5s...
05-12-2024 14:48:14 - INFO - Sending request to Setting Chamber Zones to a= 0.6752020000000001, b= 0.16880050000000002, c= 0.6752020000000001, d= 0.16880050000000002 with timeout of 5s...
05-12-2024 14:48:14 - INFO - Sending request to Setting Chamber Zones to a= 0.6858200000000002, b= 0.17145500000000005, c= 0.6858200000000002, d= 0.17145500000000005 with timeout of 5s...
05-12-2024 14:48:15 - INFO - Sending request to Setting Chamber Zones to a= 0.6866880000000002, b= 0.17167200000000005, c= 0.6866880000000002, d= 0.17167200000000005 with timeout of 5s...
05-12-2024 14:48:15 - INFO - Sending request to Setting Chamber Zones to a= 0.7180040000000002, b= 0.17950100000000005, c= 0.7180040000000002, d= 0.17950100000000005 with timeout of 5s...
05-12-2024 14:48:15 - INFO - Setting Chamber Zones to a= 0.7180040000000002, b= 0.17950100000000005, c= 0.7180040000000002, d= 0.17950100000000005 request successfully sent.
05-12-2024 14:48:15 - INFO - Response from moonraker: {'result': 'ok'}
05-12-2024 14:48:15 - INFO - Setting Chamber Zones to a= 0.7180040000000002, b= 0.17950100000000005, c= 0.7180040000000002, d= 0.17950100000000005 Request successfully executed.
05-12-2024 14:48:15 - ERROR - E102 : Setting Chamber Zones to a= 0.7180040000000002, b= 0.17950100000000005, c= 0.7180040000000002, d= 0.17950100000000005 Request to Moonraker Timed out 
 Setting Chamber Zones to a= 0.7180040000000002, b= 0.17950100000000005, c= 0.7180040000000002, d= 0.17950100000000005 not successful
 Initiating firmware restart
05-12-2024 14:48:15 - INFO - Sending request to Setting Chamber Zones to a= 0.7288360000000002, b= 0.18220900000000004, c= 0.7288360000000002, d= 0.18220900000000004 with timeout of 5s...
05-12-2024 14:48:15 - INFO - Sending request to Setting Chamber Zones to a= 0.5881440000000003, b= 0.14703600000000008, c= 0.5881440000000003, d= 0.14703600000000008 with timeout of 5s...
05-12-2024 14:48:15 - INFO - Sending request to Setting Chamber Zones to a= 0.5903520000000002, b= 0.14758800000000005, c= 0.5903520000000002, d= 0.14758800000000005 with timeout of 5s...
05-12-2024 14:48:16 - INFO - Sending request to Setting Chamber Zones to a= 0.5911600000000002, b= 0.14779000000000006, c= 0.5911600000000002, d= 0.14779000000000006 with timeout of 5s...
05-12-2024 14:48:16 - INFO - Sending request to Setting Chamber Zones to a= 0.5919680000000003, b= 0.14799200000000007, c= 0.5919680000000003, d= 0.14799200000000007 with timeout of 5s...
05-12-2024 14:48:16 - INFO - Sending request to Setting Chamber Zones to a= 0.5927760000000002, b= 0.14819400000000005, c= 0.5927760000000002, d= 0.14819400000000005 with timeout of 5s...
05-12-2024 14:48:16 - INFO - Sending request to Setting Chamber Zones to a= 0.5935840000000002, b= 0.14839600000000006, c= 0.5935840000000002, d= 0.14839600000000006 with timeout of 5s...
05-12-2024 14:48:16 - INFO - Sending request to Setting Chamber Zones to a= 0.5943920000000003, b= 0.14859800000000006, c= 0.5943920000000003, d= 0.14859800000000006 with timeout of 5s...
05-12-2024 14:48:17 - INFO - Sending request to Setting Chamber Zones to a= 0.5952000000000002, b= 0.14880000000000004, c= 0.5952000000000002, d= 0.14880000000000004 with timeout of 5s...
05-12-2024 14:48:17 - INFO - Sending request to Setting Chamber Zones to a= 0.5960080000000002, b= 0.14900200000000005, c= 0.5960080000000002, d= 0.14900200000000005 with timeout of 5s...
05-12-2024 14:48:17 - INFO - Sending request to Setting Chamber Zones to a= 0.5968160000000002, b= 0.14920400000000006, c= 0.5968160000000002, d= 0.14920400000000006 with timeout of 5s...
05-12-2024 14:48:17 - INFO - Sending request to Setting Chamber Zones to a= 0.5976240000000002, b= 0.14940600000000004, c= 0.5976240000000002, d= 0.14940600000000004 with timeout of 5s...
05-12-2024 14:48:17 - INFO - Sending request to Setting Chamber Zones to a= 0.5984320000000002, b= 0.14960800000000005, c= 0.5984320000000002, d= 0.14960800000000005 with timeout of 5s...
05-12-2024 14:48:18 - INFO - Sending request to Setting Chamber Zones to a= 0.5941820000000001, b= 0.14854550000000002, c= 0.5941820000000001, d= 0.14854550000000002 with timeout of 5s...
05-12-2024 14:48:18 - INFO - Sending request to Setting Chamber Zones to a= 0.589974, b= 0.1474935, c= 0.589974, d= 0.1474935 with timeout of 5s...
05-12-2024 14:48:18 - INFO - Sending request to Setting Chamber Zones to a= 0.5807000000000002, b= 0.14517500000000005, c= 0.5807000000000002, d= 0.14517500000000005 with timeout of 5s...
05-12-2024 14:48:18 - INFO - Sending request to Setting Chamber Zones to a= 0.5562860000000003, b= 0.13907150000000007, c= 0.5562860000000003, d= 0.13907150000000007 with timeout of 5s...
05-12-2024 14:48:18 - INFO - Sending request to Setting Chamber Zones to a= 0.5572720000000002, b= 0.13931800000000005, c= 0.5572720000000002, d= 0.13931800000000005 with timeout of 5s...
05-12-2024 14:48:19 - INFO - Sending request to Setting Chamber Zones to a= 0.512486, b= 0.1281215, c= 0.512486, d= 0.1281215 with timeout of 5s...
05-12-2024 14:48:19 - INFO - Sending request to Setting Chamber Zones to a= 0.49336800000000003, b= 0.12334200000000001, c= 0.49336800000000003, d= 0.12334200000000001 with timeout of 5s...
05-12-2024 14:48:19 - INFO - Sending request to Setting Chamber Zones to a= 0.4739680000000001, b= 0.11849200000000003, c= 0.4739680000000001, d= 0.11849200000000003 with timeout of 5s...
05-12-2024 14:48:19 - INFO - Sending request to Setting Chamber Zones to a= 0.44947800000000016, b= 0.11236950000000004, c= 0.44947800000000016, d= 0.11236950000000004 with timeout of 5s...
05-12-2024 14:48:19 - INFO - Sending request to Setting Chamber Zones to a= 0.4351140000000003, b= 0.10877850000000007, c= 0.4351140000000003, d= 0.10877850000000007 with timeout of 5s...
05-12-2024 14:48:20 - INFO - Sending request to Setting Chamber Zones to a= 0.42062600000000006, b= 0.10515650000000001, c= 0.42062600000000006, d= 0.10515650000000001 with timeout of 5s...
05-12-2024 14:48:20 - INFO - Sending request to Setting Chamber Zones to a= 0.38082400000000016, b= 0.09520600000000004, c= 0.38082400000000016, d= 0.09520600000000004 with timeout of 5s...
05-12-2024 14:48:20 - INFO - Sending request to Setting Chamber Zones to a= 0.36144000000000026, b= 0.09036000000000007, c= 0.36144000000000026, d= 0.09036000000000007 with timeout of 5s...
05-12-2024 14:48:20 - INFO - Sending request to Setting Chamber Zones to a= 0.3519400000000001, b= 0.08798500000000002, c= 0.3519400000000001, d= 0.08798500000000002 with timeout of 5s...
05-12-2024 14:48:20 - INFO - Sending request to Setting Chamber Zones to a= 0.34232399999999996, b= 0.08558099999999999, c= 0.34232399999999996, d= 0.08558099999999999 with timeout of 5s...
05-12-2024 14:48:21 - INFO - Sending request to Setting Chamber Zones to a= 0.34280799999999995, b= 0.08570199999999999, c= 0.34280799999999995, d= 0.08570199999999999 with timeout of 5s...
05-12-2024 14:48:21 - INFO - Sending request to Setting Chamber Zones to a= 0.3280180000000001, b= 0.08200450000000002, c= 0.3280180000000001, d= 0.08200450000000002 with timeout of 5s...
05-12-2024 14:48:21 - INFO - Sending request to Setting Chamber Zones to a= 0.3032380000000001, b= 0.07580950000000003, c= 0.3032380000000001, d= 0.07580950000000003 with timeout of 5s...
05-12-2024 14:48:21 - INFO - Sending request to Setting Chamber Zones to a= 0.2886340000000003, b= 0.07215850000000007, c= 0.2886340000000003, d= 0.07215850000000007 with timeout of 5s...
05-12-2024 14:48:22 - INFO - Sending request to Setting Chamber Zones to a= 0.268848, b= 0.067212, c= 0.268848, d= 0.067212 with timeout of 5s...
05-12-2024 14:48:22 - INFO - Sending request to Setting Chamber Zones to a= 0.24908000000000002, b= 0.062270000000000006, c= 0.24908000000000002, d= 0.062270000000000006 with timeout of 5s...
05-12-2024 14:48:22 - INFO - Sending request to Setting Chamber Zones to a= 0.24445399999999995, b= 0.06111349999999999, c= 0.24445399999999995, d= 0.06111349999999999 with timeout of 5s...
05-12-2024 14:48:22 - INFO - Sending request to Setting Chamber Zones to a= 0.23461200000000015, b= 0.05865300000000004, c= 0.23461200000000015, d= 0.05865300000000004 with timeout of 5s...
05-12-2024 14:48:22 - INFO - Sending request to Setting Chamber Zones to a= 0.2197459999999999, b= 0.05493649999999998, c= 0.2197459999999999, d= 0.05493649999999998 with timeout of 5s...
05-12-2024 14:48:23 - INFO - Sending request to Setting Chamber Zones to a= 0.21502200000000019, b= 0.053755500000000046, c= 0.21502200000000019, d= 0.053755500000000046 with timeout of 5s...
05-12-2024 14:48:23 - INFO - Sending request to Setting Chamber Zones to a= 0.200074, b= 0.0500185, c= 0.200074, d= 0.0500185 with timeout of 5s...
05-12-2024 14:48:23 - INFO - Sending request to Setting Chamber Zones to a= 0.200376, b= 0.050094, c= 0.200376, d= 0.050094 with timeout of 5s...
05-12-2024 14:48:23 - INFO - Sending request to Setting Chamber Zones to a= 0.19041200000000025, b= 0.04760300000000006, c= 0.19041200000000025, d= 0.04760300000000006 with timeout of 5s...
05-12-2024 14:48:23 - INFO - Sending request to Setting Chamber Zones to a= 0.17041599999999993, b= 0.04260399999999998, c= 0.17041599999999993, d= 0.04260399999999998 with timeout of 5s...
05-12-2024 14:48:24 - INFO - Sending request to Setting Chamber Zones to a= 0.16060400000000016, b= 0.04015100000000004, c= 0.16060400000000016, d= 0.04015100000000004 with timeout of 5s...
05-12-2024 14:48:24 - INFO - Sending request to Setting Chamber Zones to a= 0.14561799999999991, b= 0.03640449999999998, c= 0.14561799999999991, d= 0.03640449999999998 with timeout of 5s...
05-12-2024 14:48:24 - INFO - Sending request to Setting Chamber Zones to a= 0.13065800000000005, b= 0.03266450000000001, c= 0.13065800000000005, d= 0.03266450000000001 with timeout of 5s...
05-12-2024 14:48:24 - INFO - Sending request to Setting Chamber Zones to a= 0.12579, b= 0.0314475, c= 0.12579, d= 0.0314475 with timeout of 5s...
05-12-2024 14:48:24 - INFO - Sending request to Setting Chamber Zones to a= 0.12081399999999995, b= 0.030203499999999987, c= 0.12081399999999995, d= 0.030203499999999987 with timeout of 5s...
05-12-2024 14:48:25 - INFO - Sending request to Setting Chamber Zones to a= 0.11077200000000015, b= 0.027693000000000037, c= 0.11077200000000015, d= 0.027693000000000037 with timeout of 5s...
05-12-2024 14:48:25 - INFO - Sending request to Setting Chamber Zones to a= 0.06380399999999994, b= 0.015950999999999986, c= 0.06380399999999994, d= 0.015950999999999986 with timeout of 5s...
05-12-2024 14:48:25 - INFO - Sending request to Setting Chamber Zones to a= 0.06052133333333347, b= 0.015130333333333367, c= 0.06052133333333347, d= 0.015130333333333367 with timeout of 5s...
05-12-2024 14:48:25 - INFO - Setting Chamber Zones to a= 0.06052133333333347, b= 0.015130333333333367, c= 0.06052133333333347, d= 0.015130333333333367 request successfully sent.
05-12-2024 14:48:25 - INFO - Response from moonraker: {'result': 'ok'}
05-12-2024 14:48:25 - INFO - Setting Chamber Zones to a= 0.06052133333333347, b= 0.015130333333333367, c= 0.06052133333333347, d= 0.015130333333333367 Request successfully executed.
05-12-2024 14:48:25 - ERROR - E102 : Setting Chamber Zones to a= 0.06052133333333347, b= 0.015130333333333367, c= 0.06052133333333347, d= 0.015130333333333367 Request to Moonraker Timed out 
 Setting Chamber Zones to a= 0.06052133333333347, b= 0.015130333333333367, c= 0.06052133333333347, d= 0.015130333333333367 not successful
 Initiating firmware restart
05-12-2024 14:48:25 - INFO - Sending request to Setting Chamber Zones to a= 0.0605386666666668, b= 0.0151346666666667, c= 0.0605386666666668, d= 0.0151346666666667 with timeout of 5s...
05-12-2024 14:48:25 - INFO - Sending request to Setting Chamber Zones to a= 0.053778666666666704, b= 0.013444666666666676, c= 0.053778666666666704, d= 0.013444666666666676 with timeout of 5s...
05-12-2024 14:48:26 - INFO - Sending request to Setting Chamber Zones to a= 0.04707466666666662, b= 0.011768666666666655, c= 0.04707466666666662, d= 0.011768666666666655 with timeout of 5s...
05-12-2024 14:48:26 - INFO - Sending request to Setting Chamber Zones to a= 0.033616, b= 0.008404, c= 0.033616, d= 0.008404 with timeout of 5s...
05-12-2024 14:48:26 - INFO - Sending request to Setting Chamber Zones to a= 0.030318666666666622, b= 0.007579666666666656, c= 0.030318666666666622, d= 0.007579666666666656 with timeout of 5s...
05-12-2024 14:48:26 - INFO - Sending request to Setting Chamber Zones to a= 0.03028799999999995, b= 0.007571999999999988, c= 0.03028799999999995, d= 0.007571999999999988 with timeout of 5s...
05-12-2024 14:48:26 - INFO - Sending request to Setting Chamber Zones to a= 0.03696800000000005, b= 0.009242000000000012, c= 0.03696800000000005, d= 0.009242000000000012 with timeout of 5s...
05-12-2024 14:48:27 - INFO - Sending request to Setting Chamber Zones to a= 0.0402200000000001, b= 0.010055000000000026, c= 0.0402200000000001, d= 0.010055000000000026 with timeout of 5s...
05-12-2024 14:48:27 - INFO - Sending request to Setting Chamber Zones to a= 0.05025466666666666, b= 0.012563666666666666, c= 0.05025466666666666, d= 0.012563666666666666 with timeout of 5s...
05-12-2024 14:48:27 - INFO - Sending request to Setting Chamber Zones to a= 0.06023866666666681, b= 0.015059666666666702, c= 0.06023866666666681, d= 0.015059666666666702 with timeout of 5s...
05-12-2024 14:48:27 - INFO - Sending request to Setting Chamber Zones to a= 0.06686666666666667, b= 0.016716666666666668, c= 0.06686666666666667, d= 0.016716666666666668 with timeout of 5s...
05-12-2024 14:48:27 - INFO - Sending request to Setting Chamber Zones to a= 0.06679466666666668, b= 0.01669866666666667, c= 0.06679466666666668, d= 0.01669866666666667 with timeout of 5s...
05-12-2024 14:48:28 - INFO - Sending request to Setting Chamber Zones to a= 0.06678933333333335, b= 0.01669733333333334, c= 0.06678933333333335, d= 0.01669733333333334 with timeout of 5s...
05-12-2024 14:48:28 - INFO - Sending request to Setting Chamber Zones to a= 0.13052400000000008, b= 0.03263100000000002, c= 0.13052400000000008, d= 0.03263100000000002 with timeout of 5s...
05-12-2024 14:48:28 - INFO - Sending request to Setting Chamber Zones to a= 0.14543799999999996, b= 0.03635949999999999, c= 0.14543799999999996, d= 0.03635949999999999 with timeout of 5s...
05-12-2024 14:48:28 - INFO - Sending request to Setting Chamber Zones to a= 0.15546800000000008, b= 0.03886700000000002, c= 0.15546800000000008, d= 0.03886700000000002 with timeout of 5s...
05-12-2024 14:48:28 - INFO - Sending request to Setting Chamber Zones to a= 0.16050600000000015, b= 0.04012650000000004, c= 0.16050600000000015, d= 0.04012650000000004 with timeout of 5s...
05-12-2024 14:48:29 - INFO - Sending request to Setting Chamber Zones to a= 0.16560200000000022, b= 0.041400500000000055, c= 0.16560200000000022, d= 0.041400500000000055 with timeout of 5s...
05-12-2024 14:48:29 - INFO - Sending request to Setting Chamber Zones to a= 0.18588000000000016, b= 0.04647000000000004, c= 0.18588000000000016, d= 0.04647000000000004 with timeout of 5s...
05-12-2024 14:48:29 - INFO - Sending request to Setting Chamber Zones to a= 0.19086600000000023, b= 0.04771650000000006, c= 0.19086600000000023, d= 0.04771650000000006 with timeout of 5s...
05-12-2024 14:48:29 - INFO - Sending request to Setting Chamber Zones to a= 0.1960099999999999, b= 0.04900249999999998, c= 0.1960099999999999, d= 0.04900249999999998 with timeout of 5s...
05-12-2024 14:48:29 - INFO - Sending request to Setting Chamber Zones to a= 0.20622000000000007, b= 0.05155500000000002, c= 0.20622000000000007, d= 0.05155500000000002 with timeout of 5s...
05-12-2024 14:48:30 - INFO - Sending request to Setting Chamber Zones to a= 0.20628000000000007, b= 0.05157000000000002, c= 0.20628000000000007, d= 0.05157000000000002 with timeout of 5s...
05-12-2024 14:48:30 - INFO - Sending request to Setting Chamber Zones to a= 0.22667200000000004, b= 0.05666800000000001, c= 0.22667200000000004, d= 0.05666800000000001 with timeout of 5s...
05-12-2024 14:48:30 - INFO - Sending request to Setting Chamber Zones to a= 0.23678000000000016, b= 0.05919500000000004, c= 0.23678000000000016, d= 0.05919500000000004 with timeout of 5s...
05-12-2024 14:48:30 - INFO - Sending request to Setting Chamber Zones to a= 0.24194600000000022, b= 0.060486500000000054, c= 0.24194600000000022, d= 0.060486500000000054 with timeout of 5s...
05-12-2024 14:48:30 - INFO - Sending request to Setting Chamber Zones to a= 0.24716999999999995, b= 0.061792499999999986, c= 0.24716999999999995, d= 0.061792499999999986 with timeout of 5s...
05-12-2024 14:48:31 - INFO - Sending request to Setting Chamber Zones to a= 0.252402, b= 0.0631005, c= 0.252402, d= 0.0631005 with timeout of 5s...
05-12-2024 14:48:31 - INFO - Sending request to Setting Chamber Zones to a= 0.27281599999999995, b= 0.06820399999999999, c= 0.27281599999999995, d= 0.06820399999999999 with timeout of 5s...
05-12-2024 14:48:31 - INFO - Sending request to Setting Chamber Zones to a= 0.27287999999999996, b= 0.06821999999999999, c= 0.27287999999999996, d= 0.06821999999999999 with timeout of 5s...
05-12-2024 14:48:31 - INFO - Sending request to Setting Chamber Zones to a= 0.278202, b= 0.0695505, c= 0.278202, d= 0.0695505 with timeout of 5s...
05-12-2024 14:48:31 - INFO - Sending request to Setting Chamber Zones to a= 0.2834820000000001, b= 0.07087050000000003, c= 0.2834820000000001, d= 0.07087050000000003 with timeout of 5s...
05-12-2024 14:48:32 - INFO - Sending request to Setting Chamber Zones to a= 0.28877000000000014, b= 0.07219250000000003, c= 0.28877000000000014, d= 0.07219250000000003 with timeout of 5s...
05-12-2024 14:48:32 - INFO - Sending request to Setting Chamber Zones to a= 0.29912399999999995, b= 0.07478099999999999, c= 0.29912399999999995, d= 0.07478099999999999 with timeout of 5s...
05-12-2024 14:48:32 - INFO - Sending request to Setting Chamber Zones to a= 0.30438600000000005, b= 0.07609650000000001, c= 0.30438600000000005, d= 0.07609650000000001 with timeout of 5s...
05-12-2024 14:48:32 - INFO - Sending request to Setting Chamber Zones to a= 0.3097060000000001, b= 0.07742650000000002, c= 0.3097060000000001, d= 0.07742650000000002 with timeout of 5s...
05-12-2024 14:48:32 - INFO - Sending request to Setting Chamber Zones to a= 0.32514999999999994, b= 0.08128749999999998, c= 0.32514999999999994, d= 0.08128749999999998 with timeout of 5s...
05-12-2024 14:48:33 - INFO - Sending request to Setting Chamber Zones to a= 0.3304020000000001, b= 0.08260050000000002, c= 0.3304020000000001, d= 0.08260050000000002 with timeout of 5s...
05-12-2024 14:48:33 - INFO - Sending request to Setting Chamber Zones to a= 0.3357620000000001, b= 0.08394050000000003, c= 0.3357620000000001, d= 0.08394050000000003 with timeout of 5s...
05-12-2024 14:48:33 - INFO - Sending request to Setting Chamber Zones to a= 0.34113000000000016, b= 0.08528250000000004, c= 0.34113000000000016, d= 0.08528250000000004 with timeout of 5s...
05-12-2024 14:48:33 - INFO - Sending request to Setting Chamber Zones to a= 0.3414480000000002, b= 0.08536200000000005, c= 0.3414480000000002, d= 0.08536200000000005 with timeout of 5s...
05-12-2024 14:48:33 - INFO - Sending request to Setting Chamber Zones to a= 0.34687400000000024, b= 0.08671850000000006, c= 0.34687400000000024, d= 0.08671850000000006 with timeout of 5s...
05-12-2024 14:48:34 - INFO - Sending request to Setting Chamber Zones to a= 0.3522579999999999, b= 0.08806449999999998, c= 0.3522579999999999, d= 0.08806449999999998 with timeout of 5s...
05-12-2024 14:48:34 - INFO - Sending request to Setting Chamber Zones to a= 0.3525919999999999, b= 0.08814799999999998, c= 0.3525919999999999, d= 0.08814799999999998 with timeout of 5s...
05-12-2024 14:48:34 - INFO - Sending request to Setting Chamber Zones to a= 0.35297599999999996, b= 0.08824399999999999, c= 0.35297599999999996, d= 0.08824399999999999 with timeout of 5s...
05-12-2024 14:48:34 - INFO - Sending request to Setting Chamber Zones to a= 0.358418, b= 0.0896045, c= 0.358418, d= 0.0896045 with timeout of 5s...
05-12-2024 14:48:34 - INFO - Sending request to Setting Chamber Zones to a= 0.36381800000000003, b= 0.09095450000000001, c= 0.36381800000000003, d= 0.09095450000000001 with timeout of 5s...
05-12-2024 14:48:35 - INFO - Sending request to Setting Chamber Zones to a= 0.3793419999999999, b= 0.09483549999999998, c= 0.3793419999999999, d= 0.09483549999999998 with timeout of 5s...
05-12-2024 14:48:35 - INFO - Sending request to Setting Chamber Zones to a= 0.3796159999999999, b= 0.09490399999999997, c= 0.3796159999999999, d= 0.09490399999999997 with timeout of 5s...
05-12-2024 14:48:35 - INFO - Sending request to Setting Chamber Zones to a= 0.38003999999999993, b= 0.09500999999999998, c= 0.38003999999999993, d= 0.09500999999999998 with timeout of 5s...
05-12-2024 14:48:35 - INFO - Sending request to Setting Chamber Zones to a= 0.3855220000000001, b= 0.09638050000000002, c= 0.3855220000000001, d= 0.09638050000000002 with timeout of 5s...
05-12-2024 14:48:35 - INFO - Sending request to Setting Chamber Zones to a= 0.3909620000000001, b= 0.09774050000000002, c= 0.3909620000000001, d= 0.09774050000000002 with timeout of 5s...
05-12-2024 14:48:36 - INFO - Sending request to Setting Chamber Zones to a= 0.39135200000000014, b= 0.09783800000000004, c= 0.39135200000000014, d= 0.09783800000000004 with timeout of 5s...
05-12-2024 14:48:36 - INFO - Sending request to Setting Chamber Zones to a= 0.40190800000000027, b= 0.10047700000000007, c= 0.40190800000000027, d= 0.10047700000000007 with timeout of 5s...
05-12-2024 14:48:38 - INFO - Sending request to Setting Chamber Zones to a= 0, b= 0, c= 0, d= 0 with timeout of 5s...
05-12-2024 14:48:38 - INFO - Sending request to Setting Chamber Zones to a= 1.0, b= 0.25, c= 1.0, d= 0.25 with timeout of 5s...
05-12-2024 14:48:38 - INFO - Sending request to Setting Chamber Zones to a= 1.0, b= 0.25, c= 1.0, d= 0.25 with timeout of 5s...
05-12-2024 14:48:38 - INFO - Sending request to Setting Chamber Zones to a= 1.0, b= 0.25, c= 1.0, d= 0.25 with timeout of 5s...
05-12-2024 14:48:38 - INFO - Sending request to Setting Chamber Zones to a= 1.0, b= 0.25, c= 1.0, d= 0.25 with timeout of 5s...
05-12-2024 14:48:39 - INFO - Sending request to Setting Chamber Zones to a= 1.0, b= 0.25, c= 1.0, d= 0.25 with timeout of 5s...
05-12-2024 14:48:39 - INFO - Sending request to Setting Chamber Zones to a= 1.0, b= 0.25, c= 1.0, d= 0.25 with timeout of 5s...
05-12-2024 14:48:39 - INFO - Sending request to Setting Chamber Zones to a= 1.0, b= 0.25, c= 1.0, d= 0.25 with timeout of 5s...
05-12-2024 14:48:39 - INFO - Sending request to Setting Chamber Zones to a= 1.0, b= 0.25, c= 1.0, d= 0.25 with timeout of 5s...
05-12-2024 14:48:39 - INFO - Sending request to Setting Chamber Zones to a= 1.0, b= 0.25, c= 1.0, d= 0.25 with timeout of 5s...
05-12-2024 14:48:40 - INFO - Sending request to Setting Chamber Zones to a= 1.0, b= 0.25, c= 1.0, d= 0.25 with timeout of 5s...
05-12-2024 14:48:40 - INFO - Sending request to Setting Chamber Zones to a= 1.0, b= 0.25, c= 1.0, d= 0.25 with timeout of 5s...
05-12-2024 14:48:40 - INFO - Sending request to Setting Chamber Zones to a= 1.0, b= 0.25, c= 1.0, d= 0.25 with timeout of 5s...
05-12-2024 14:48:40 - INFO - Sending request to Setting Chamber Zones to a= 1.0, b= 0.25, c= 1.0, d= 0.25 with timeout of 5s...
05-12-2024 14:48:40 - INFO - Sending request to Setting Chamber Zones to a= 1.0, b= 0.25, c= 1.0, d= 0.25 with timeout of 5s...
05-12-2024 14:48:41 - INFO - Sending request to Setting Chamber Zones to a= 1.0, b= 0.25, c= 1.0, d= 0.25 with timeout of 5s...
05-12-2024 14:48:41 - INFO - Sending request to Setting Chamber Zones to a= 1.0, b= 0.25, c= 1.0, d= 0.25 with timeout of 5s...
05-12-2024 14:48:41 - INFO - Sending request to Setting Chamber Zones to a= 1.0, b= 0.25, c= 1.0, d= 0.25 with timeout of 5s...
05-12-2024 14:48:41 - INFO - Sending request to Setting Chamber Zones to a= 1.0, b= 0.25, c= 1.0, d= 0.25 with timeout of 5s...
05-12-2024 14:48:41 - INFO - Sending request to Setting Chamber Zones to a= 1.0, b= 0.25, c= 1.0, d= 0.25 with timeout of 5s...
05-12-2024 14:48:42 - INFO - Sending request to Setting Chamber Zones to a= 1.0, b= 0.25, c= 1.0, d= 0.25 with timeout of 5s...
05-12-2024 14:48:42 - INFO - Sending request to Setting Chamber Zones to a= 1.0, b= 0.25, c= 1.0, d= 0.25 with timeout of 5s...
05-12-2024 14:48:42 - INFO - Sending request to Setting Chamber Zones to a= 1.0, b= 0.25, c= 1.0, d= 0.25 with timeout of 5s...
05-12-2024 14:48:42 - INFO - Sending request to Setting Chamber Zones to a= 1.0, b= 0.25, c= 1.0, d= 0.25 with timeout of 5s...
05-12-2024 14:48:42 - INFO - Sending request to Setting Chamber Zones to a= 1.0, b= 0.25, c= 1.0, d= 0.25 with timeout of 5s...
05-12-2024 14:48:43 - INFO - Sending request to Setting Chamber Zones to a= 1.0, b= 0.25, c= 1.0, d= 0.25 with timeout of 5s...
05-12-2024 14:48:43 - INFO - Sending request to Setting Chamber Zones to a= 1.0, b= 0.25, c= 1.0, d= 0.25 with timeout of 5s...
05-12-2024 14:48:43 - INFO - Sending request to Setting Chamber Zones to a= 1.0, b= 0.25, c= 1.0, d= 0.25 with timeout of 5s...
05-12-2024 14:48:43 - INFO - Sending request to Setting Chamber Zones to a= 1.0, b= 0.25, c= 1.0, d= 0.25 with timeout of 5s...
05-12-2024 14:48:43 - INFO - Sending request to Setting Chamber Zones to a= 1.0, b= 0.25, c= 1.0, d= 0.25 with timeout of 5s...
05-12-2024 14:48:44 - INFO - Sending request to Setting Chamber Zones to a= 1.0, b= 0.25, c= 1.0, d= 0.25 with timeout of 5s...
05-12-2024 14:48:44 - INFO - Sending request to Setting Chamber Zones to a= 1.0, b= 0.25, c= 1.0, d= 0.25 with timeout of 5s...
05-12-2024 14:48:44 - INFO - Sending request to Setting Chamber Zones to a= 1.0, b= 0.25, c= 1.0, d= 0.25 with timeout of 5s...
05-12-2024 14:48:44 - INFO - Sending request to Setting Chamber Zones to a= 1.0, b= 0.25, c= 1.0, d= 0.25 with timeout of 5s...
05-12-2024 14:48:44 - INFO - Sending request to Setting Chamber Zones to a= 1.0, b= 0.25, c= 1.0, d= 0.25 with timeout of 5s...
05-12-2024 14:48:45 - INFO - Sending request to Setting Chamber Zones to a= 1.0, b= 0.25, c= 1.0, d= 0.25 with timeout of 5s...
05-12-2024 14:48:45 - INFO - Sending request to Setting Chamber Zones to a= 1.0, b= 0.25, c= 1.0, d= 0.25 with timeout of 5s...
05-12-2024 14:48:45 - INFO - Sending request to Setting Chamber Zones to a= 1.0, b= 0.25, c= 1.0, d= 0.25 with timeout of 5s...
05-12-2024 14:48:45 - INFO - Setting Chamber Zones to a= 1.0, b= 0.25, c= 1.0, d= 0.25 request successfully sent.
05-12-2024 14:48:45 - INFO - Response from moonraker: {'result': 'ok'}
05-12-2024 14:48:45 - INFO - Setting Chamber Zones to a= 1.0, b= 0.25, c= 1.0, d= 0.25 Request successfully executed.
05-12-2024 14:48:45 - ERROR - E102 : Setting Chamber Zones to a= 1.0, b= 0.25, c= 1.0, d= 0.25 Request to Moonraker Timed out 
 Setting Chamber Zones to a= 1.0, b= 0.25, c= 1.0, d= 0.25 not successful
 Initiating firmware restart
05-12-2024 14:48:45 - INFO - Sending request to Setting Chamber Zones to a= 1.0, b= 0.25, c= 1.0, d= 0.25 with timeout of 5s...
05-12-2024 14:48:45 - INFO - Sending request to Setting Chamber Zones to a= 1.0, b= 0.25, c= 1.0, d= 0.25 with timeout of 5s...
05-12-2024 14:48:46 - INFO - Sending request to Setting Chamber Zones to a= 1.0, b= 0.25, c= 1.0, d= 0.25 with timeout of 5s...
05-12-2024 14:48:46 - INFO - Sending request to Setting Chamber Zones to a= 1.0, b= 0.25, c= 1.0, d= 0.25 with timeout of 5s...
05-12-2024 14:48:46 - INFO - Sending request to Setting Chamber Zones to a= 1.0, b= 0.25, c= 1.0, d= 0.25 with timeout of 5s...
05-12-2024 14:48:46 - INFO - Sending request to Setting Chamber Zones to a= 1.0, b= 0.25, c= 1.0, d= 0.25 with timeout of 5s...
05-12-2024 14:48:47 - INFO - Sending request to Setting Chamber Zones to a= 1.0, b= 0.25, c= 1.0, d= 0.25 with timeout of 5s...
05-12-2024 14:48:47 - INFO - Sending request to Setting Chamber Zones to a= 1.0, b= 0.25, c= 1.0, d= 0.25 with timeout of 5s...
05-12-2024 14:48:47 - INFO - Sending request to Setting Chamber Zones to a= 1.0, b= 0.25, c= 1.0, d= 0.25 with timeout of 5s...
05-12-2024 14:48:47 - INFO - Sending request to Setting Chamber Zones to a= 1.0, b= 0.25, c= 1.0, d= 0.25 with timeout of 5s...
05-12-2024 14:48:47 - INFO - Sending request to Setting Chamber Zones to a= 1.0, b= 0.25, c= 1.0, d= 0.25 with timeout of 5s...
05-12-2024 14:48:48 - INFO - Sending request to Setting Chamber Zones to a= 1.0, b= 0.25, c= 1.0, d= 0.25 with timeout of 5s...
05-12-2024 14:48:48 - INFO - Sending request to Setting Chamber Zones to a= 1.0, b= 0.25, c= 1.0, d= 0.25 with timeout of 5s...
05-12-2024 14:48:48 - INFO - Sending request to Setting Chamber Zones to a= 1.0, b= 0.25, c= 1.0, d= 0.25 with timeout of 5s...
05-12-2024 14:48:48 - INFO - Sending request to Setting Chamber Zones to a= 1.0, b= 0.25, c= 1.0, d= 0.25 with timeout of 5s...
05-12-2024 14:48:48 - INFO - Sending request to Setting Chamber Zones to a= 1.0, b= 0.25, c= 1.0, d= 0.25 with timeout of 5s...
05-12-2024 14:48:49 - INFO - Sending request to Setting Chamber Zones to a= 1.0, b= 0.25, c= 1.0, d= 0.25 with timeout of 5s...
05-12-2024 14:48:49 - INFO - Sending request to Setting Chamber Zones to a= 1.0, b= 0.25, c= 1.0, d= 0.25 with timeout of 5s...
05-12-2024 14:48:49 - INFO - Sending request to Setting Chamber Zones to a= 1.0, b= 0.25, c= 1.0, d= 0.25 with timeout of 5s...
05-12-2024 14:48:49 - INFO - Sending request to Setting Chamber Zones to a= 1.0, b= 0.25, c= 1.0, d= 0.25 with timeout of 5s...
05-12-2024 14:48:49 - INFO - Sending request to Setting Chamber Zones to a= 1.0, b= 0.25, c= 1.0, d= 0.25 with timeout of 5s...
05-12-2024 14:48:50 - INFO - Sending request to Setting Chamber Zones to a= 1.0, b= 0.25, c= 1.0, d= 0.25 with timeout of 5s...
05-12-2024 14:48:50 - INFO - Sending request to Setting Chamber Zones to a= 1.0, b= 0.25, c= 1.0, d= 0.25 with timeout of 5s...
05-12-2024 14:48:50 - INFO - Sending request to Setting Chamber Zones to a= 1.0, b= 0.25, c= 1.0, d= 0.25 with timeout of 5s...
05-12-2024 14:48:50 - INFO - Sending request to Setting Chamber Zones to a= 1.0, b= 0.25, c= 1.0, d= 0.25 with timeout of 5s...
05-12-2024 14:48:50 - INFO - Sending request to Setting Chamber Zones to a= 1.0, b= 0.25, c= 1.0, d= 0.25 with timeout of 5s...
05-12-2024 14:48:51 - INFO - Sending request to Setting Chamber Zones to a= 1.0, b= 0.25, c= 1.0, d= 0.25 with timeout of 5s...
05-12-2024 14:48:51 - INFO - Sending request to Setting Chamber Zones to a= 1.0, b= 0.25, c= 1.0, d= 0.25 with timeout of 5s...
05-12-2024 14:48:51 - INFO - Sending request to Setting Chamber Zones to a= 1.0, b= 0.25, c= 1.0, d= 0.25 with timeout of 5s...
05-12-2024 14:48:51 - INFO - Sending request to Setting Chamber Zones to a= 1.0, b= 0.25, c= 1.0, d= 0.25 with timeout of 5s...
05-12-2024 14:48:51 - INFO - Sending request to Setting Chamber Zones to a= 1.0, b= 0.25, c= 1.0, d= 0.25 with timeout of 5s...
05-12-2024 14:48:52 - INFO - Sending request to Setting Chamber Zones to a= 1.0, b= 0.25, c= 1.0, d= 0.25 with timeout of 5s...
05-12-2024 14:48:52 - INFO - Sending request to Setting Chamber Zones to a= 1.0, b= 0.25, c= 1.0, d= 0.25 with timeout of 5s...
05-12-2024 14:48:52 - INFO - Sending request to Setting Chamber Zones to a= 1.0, b= 0.25, c= 1.0, d= 0.25 with timeout of 5s...
05-12-2024 14:48:52 - INFO - Sending request to Setting Chamber Zones to a= 1.0, b= 0.25, c= 1.0, d= 0.25 with timeout of 5s...
05-12-2024 14:48:52 - INFO - Sending request to Setting Chamber Zones to a= 1.0, b= 0.25, c= 1.0, d= 0.25 with timeout of 5s...
05-12-2024 14:48:53 - INFO - Sending request to Setting Chamber Zones to a= 1.0, b= 0.25, c= 1.0, d= 0.25 with timeout of 5s...
05-12-2024 14:48:53 - INFO - Sending request to Setting Chamber Zones to a= 1.0, b= 0.25, c= 1.0, d= 0.25 with timeout of 5s...
05-12-2024 14:48:53 - INFO - Sending request to Setting Chamber Zones to a= 1.0, b= 0.25, c= 1.0, d= 0.25 with timeout of 5s...
05-12-2024 14:48:53 - INFO - Sending request to Setting Chamber Zones to a= 1.0, b= 0.25, c= 1.0, d= 0.25 with timeout of 5s...
05-12-2024 14:48:53 - INFO - Sending request to Setting Chamber Zones to a= 1.0, b= 0.25, c= 1.0, d= 0.25 with timeout of 5s...
05-12-2024 14:48:54 - INFO - Sending request to Setting Chamber Zones to a= 1.0, b= 0.25, c= 1.0, d= 0.25 with timeout of 5s...
05-12-2024 14:48:54 - INFO - Sending request to Setting Chamber Zones to a= 1.0, b= 0.25, c= 1.0, d= 0.25 with timeout of 5s...
05-12-2024 14:48:54 - INFO - Sending request to Setting Chamber Zones to a= 1.0, b= 0.25, c= 1.0, d= 0.25 with timeout of 5s...
05-12-2024 14:48:54 - INFO - Sending request to Setting Chamber Zones to a= 1.0, b= 0.25, c= 1.0, d= 0.25 with timeout of 5s...
05-12-2024 14:48:54 - INFO - Sending request to Setting Chamber Zones to a= 1.0, b= 0.25, c= 1.0, d= 0.25 with timeout of 5s...
05-12-2024 14:48:55 - INFO - Sending request to Setting Chamber Zones to a= 1.0, b= 0.25, c= 1.0, d= 0.25 with timeout of 5s...
05-12-2024 14:48:55 - INFO - Sending request to Setting Chamber Zones to a= 1.0, b= 0.25, c= 1.0, d= 0.25 with timeout of 5s...
05-12-2024 14:48:55 - INFO - Sending request to Setting Chamber Zones to a= 1.0, b= 0.25, c= 1.0, d= 0.25 with timeout of 5s...
05-12-2024 14:48:55 - INFO - Sending request to Setting Chamber Zones to a= 1.0, b= 0.25, c= 1.0, d= 0.25 with timeout of 5s...
05-12-2024 14:48:55 - INFO - Setting Chamber Zones to a= 1.0, b= 0.25, c= 1.0, d= 0.25 request successfully sent.
05-12-2024 14:48:55 - INFO - Response from moonraker: {'result': 'ok'}
05-12-2024 14:48:55 - INFO - Setting Chamber Zones to a= 1.0, b= 0.25, c= 1.0, d= 0.25 Request successfully executed.
05-12-2024 14:48:55 - ERROR - E102 : Setting Chamber Zones to a= 1.0, b= 0.25, c= 1.0, d= 0.25 Request to Moonraker Timed out 
 Setting Chamber Zones to a= 1.0, b= 0.25, c= 1.0, d= 0.25 not successful
 Initiating firmware restart
05-12-2024 14:48:55 - INFO - Sending request to Setting Chamber Zones to a= 1.0, b= 0.25, c= 1.0, d= 0.25 with timeout of 5s...
05-12-2024 14:48:56 - INFO - Sending request to Setting Chamber Zones to a= 1.0, b= 0.25, c= 1.0, d= 0.25 with timeout of 5s...
05-12-2024 14:48:56 - INFO - Sending request to Setting Chamber Zones to a= 1.0, b= 0.25, c= 1.0, d= 0.25 with timeout of 5s...
05-12-2024 14:48:56 - INFO - Sending request to Setting Chamber Zones to a= 1.0, b= 0.25, c= 1.0, d= 0.25 with timeout of 5s...
05-12-2024 14:48:56 - INFO - Sending request to Setting Chamber Zones to a= 1.0, b= 0.25, c= 1.0, d= 0.25 with timeout of 5s...
05-12-2024 14:48:56 - INFO - Sending request to Setting Chamber Zones to a= 1.0, b= 0.25, c= 1.0, d= 0.25 with timeout of 5s...
05-12-2024 14:48:57 - INFO - Sending request to Setting Chamber Zones to a= 1.0, b= 0.25, c= 1.0, d= 0.25 with timeout of 5s...
05-12-2024 14:48:57 - INFO - Sending request to Setting Chamber Zones to a= 1.0, b= 0.25, c= 1.0, d= 0.25 with timeout of 5s...
05-12-2024 14:48:57 - INFO - Sending request to Setting Chamber Zones to a= 1.0, b= 0.25, c= 1.0, d= 0.25 with timeout of 5s...
05-12-2024 14:48:57 - INFO - Sending request to Setting Chamber Zones to a= 1.0, b= 0.25, c= 1.0, d= 0.25 with timeout of 5s...
05-12-2024 14:48:57 - INFO - Sending request to Setting Chamber Zones to a= 1.0, b= 0.25, c= 1.0, d= 0.25 with timeout of 5s...
05-12-2024 14:48:58 - INFO - Sending request to Setting Chamber Zones to a= 1.0, b= 0.25, c= 1.0, d= 0.25 with timeout of 5s...
05-12-2024 14:48:58 - INFO - Sending request to Setting Chamber Zones to a= 1.0, b= 0.25, c= 1.0, d= 0.25 with timeout of 5s...
05-12-2024 14:48:58 - INFO - Sending request to Setting Chamber Zones to a= 1.0, b= 0.25, c= 1.0, d= 0.25 with timeout of 5s...
05-12-2024 14:48:58 - INFO - Sending request to Setting Chamber Zones to a= 1.0, b= 0.25, c= 1.0, d= 0.25 with timeout of 5s...
05-12-2024 14:48:58 - INFO - Sending request to Setting Chamber Zones to a= 1.0, b= 0.25, c= 1.0, d= 0.25 with timeout of 5s...
05-12-2024 14:48:59 - INFO - Sending request to Setting Chamber Zones to a= 1.0, b= 0.25, c= 1.0, d= 0.25 with timeout of 5s...
05-12-2024 14:48:59 - INFO - Sending request to Setting Chamber Zones to a= 1.0, b= 0.25, c= 1.0, d= 0.25 with timeout of 5s...
05-12-2024 14:48:59 - INFO - Sending request to Setting Chamber Zones to a= 1.0, b= 0.25, c= 1.0, d= 0.25 with timeout of 5s...
05-12-2024 14:48:59 - INFO - Sending request to Setting Chamber Zones to a= 1.0, b= 0.25, c= 1.0, d= 0.25 with timeout of 5s...
05-12-2024 14:48:59 - INFO - Sending request to Setting Chamber Zones to a= 1.0, b= 0.25, c= 1.0, d= 0.25 with timeout of 5s...
05-12-2024 14:49:00 - INFO - Sending request to Setting Chamber Zones to a= 1.0, b= 0.25, c= 1.0, d= 0.25 with timeout of 5s...
05-12-2024 14:49:00 - INFO - Sending request to Setting Chamber Zones to a= 1.0, b= 0.25, c= 1.0, d= 0.25 with timeout of 5s...
05-12-2024 14:49:00 - INFO - Sending request to Setting Chamber Zones to a= 1.0, b= 0.25, c= 1.0, d= 0.25 with timeout of 5s...
05-12-2024 14:49:00 - INFO - Sending request to Setting Chamber Zones to a= 1.0, b= 0.25, c= 1.0, d= 0.25 with timeout of 5s...
05-12-2024 14:49:00 - INFO - Sending request to Setting Chamber Zones to a= 1.0, b= 0.25, c= 1.0, d= 0.25 with timeout of 5s...
05-12-2024 14:49:01 - INFO - Sending request to Setting Chamber Zones to a= 1.0, b= 0.25, c= 1.0, d= 0.25 with timeout of 5s...
05-12-2024 14:49:01 - INFO - Sending request to Setting Chamber Zones to a= 1.0, b= 0.25, c= 1.0, d= 0.25 with timeout of 5s...
05-12-2024 14:49:01 - INFO - Sending request to Setting Chamber Zones to a= 1.0, b= 0.25, c= 1.0, d= 0.25 with timeout of 5s...
05-12-2024 14:49:01 - INFO - Sending request to Setting Chamber Zones to a= 1.0, b= 0.25, c= 1.0, d= 0.25 with timeout of 5s...
05-12-2024 14:49:01 - INFO - Sending request to Setting Chamber Zones to a= 1.0, b= 0.25, c= 1.0, d= 0.25 with timeout of 5s...
05-12-2024 14:49:02 - INFO - Sending request to Setting Chamber Zones to a= 1.0, b= 0.25, c= 1.0, d= 0.25 with timeout of 5s...
05-12-2024 14:49:02 - INFO - Sending request to Setting Chamber Zones to a= 1.0, b= 0.25, c= 1.0, d= 0.25 with timeout of 5s...
05-12-2024 14:49:02 - INFO - Sending request to Setting Chamber Zones to a= 1.0, b= 0.25, c= 1.0, d= 0.25 with timeout of 5s...
05-12-2024 14:49:02 - INFO - Sending request to Setting Chamber Zones to a= 1.0, b= 0.25, c= 1.0, d= 0.25 with timeout of 5s...
05-12-2024 14:49:02 - INFO - Sending request to Setting Chamber Zones to a= 1.0, b= 0.25, c= 1.0, d= 0.25 with timeout of 5s...
05-12-2024 14:49:03 - INFO - Sending request to Setting Chamber Zones to a= 1.0, b= 0.25, c= 1.0, d= 0.25 with timeout of 5s...
05-12-2024 14:49:03 - INFO - Sending request to Setting Chamber Zones to a= 1.0, b= 0.25, c= 1.0, d= 0.25 with timeout of 5s...
05-12-2024 14:49:03 - INFO - Sending request to Setting Chamber Zones to a= 1.0, b= 0.25, c= 1.0, d= 0.25 with timeout of 5s...
05-12-2024 14:49:03 - INFO - Sending request to Setting Chamber Zones to a= 1.0, b= 0.25, c= 1.0, d= 0.25 with timeout of 5s...
05-12-2024 14:49:03 - INFO - Sending request to Setting Chamber Zones to a= 1.0, b= 0.25, c= 1.0, d= 0.25 with timeout of 5s...
05-12-2024 14:49:04 - INFO - Sending request to Setting Chamber Zones to a= 1.0, b= 0.25, c= 1.0, d= 0.25 with timeout of 5s...
05-12-2024 14:49:04 - INFO - Sending request to Setting Chamber Zones to a= 1.0, b= 0.25, c= 1.0, d= 0.25 with timeout of 5s...
05-12-2024 14:49:04 - INFO - Sending request to Setting Chamber Zones to a= 1.0, b= 0.25, c= 1.0, d= 0.25 with timeout of 5s...
05-12-2024 14:49:04 - INFO - Sending request to Setting Chamber Zones to a= 1.0, b= 0.25, c= 1.0, d= 0.25 with timeout of 5s...
05-12-2024 14:49:04 - INFO - Sending request to Setting Chamber Zones to a= 1.0, b= 0.25, c= 1.0, d= 0.25 with timeout of 5s...
05-12-2024 14:49:05 - INFO - Sending request to Setting Chamber Zones to a= 1.0, b= 0.25, c= 1.0, d= 0.25 with timeout of 5s...
05-12-2024 14:49:05 - INFO - Sending request to Setting Chamber Zones to a= 1.0, b= 0.25, c= 1.0, d= 0.25 with timeout of 5s...
05-12-2024 14:49:05 - INFO - Sending request to Setting Chamber Zones to a= 1.0, b= 0.25, c= 1.0, d= 0.25 with timeout of 5s...
05-12-2024 14:49:05 - INFO - Sending request to Setting Chamber Zones to a= 1.0, b= 0.25, c= 1.0, d= 0.25 with timeout of 5s...
05-12-2024 14:49:05 - INFO - Sending request to Setting Chamber Zones to a= 1.0, b= 0.25, c= 1.0, d= 0.25 with timeout of 5s...
05-12-2024 14:49:06 - INFO - Sending request to Setting Chamber Zones to a= 1.0, b= 0.25, c= 1.0, d= 0.25 with timeout of 5s...
05-12-2024 14:49:06 - INFO - Sending request to Setting Chamber Zones to a= 1.0, b= 0.25, c= 1.0, d= 0.25 with timeout of 5s...
05-12-2024 14:49:06 - INFO - Sending request to Setting Chamber Zones to a= 1.0, b= 0.25, c= 1.0, d= 0.25 with timeout of 5s...
05-12-2024 14:49:06 - INFO - Sending request to Setting Chamber Zones to a= 1.0, b= 0.25, c= 1.0, d= 0.25 with timeout of 5s...
05-12-2024 14:49:06 - INFO - Sending request to Setting Chamber Zones to a= 1.0, b= 0.25, c= 1.0, d= 0.25 with timeout of 5s...
05-12-2024 14:49:07 - INFO - Sending request to Setting Chamber Zones to a= 1.0, b= 0.25, c= 1.0, d= 0.25 with timeout of 5s...
05-12-2024 14:49:07 - INFO - Sending request to Setting Chamber Zones to a= 1.0, b= 0.25, c= 1.0, d= 0.25 with timeout of 5s...
05-12-2024 14:49:07 - INFO - Sending request to Setting Chamber Zones to a= 1.0, b= 0.25, c= 1.0, d= 0.25 with timeout of 5s...
05-12-2024 14:49:07 - INFO - Sending request to Setting Chamber Zones to a= 1.0, b= 0.25, c= 1.0, d= 0.25 with timeout of 5s...
05-12-2024 14:49:07 - INFO - Sending request to Setting Chamber Zones to a= 1.0, b= 0.25, c= 1.0, d= 0.25 with timeout of 5s...
05-12-2024 14:49:08 - INFO - Sending request to Setting Chamber Zones to a= 1.0, b= 0.25, c= 1.0, d= 0.25 with timeout of 5s...
05-12-2024 14:49:08 - INFO - Sending request to Setting Chamber Zones to a= 1.0, b= 0.25, c= 1.0, d= 0.25 with timeout of 5s...
05-12-2024 14:49:08 - INFO - Sending request to Setting Chamber Zones to a= 1.0, b= 0.25, c= 1.0, d= 0.25 with timeout of 5s...
05-12-2024 14:49:08 - INFO - Sending request to Setting Chamber Zones to a= 1.0, b= 0.25, c= 1.0, d= 0.25 with timeout of 5s...
05-12-2024 14:49:08 - INFO - Sending request to Setting Chamber Zones to a= 1.0, b= 0.25, c= 1.0, d= 0.25 with timeout of 5s...
05-12-2024 14:49:09 - INFO - Sending request to Setting Chamber Zones to a= 1.0, b= 0.25, c= 1.0, d= 0.25 with timeout of 5s...
05-12-2024 14:49:09 - INFO - Sending request to Setting Chamber Zones to a= 1.0, b= 0.25, c= 1.0, d= 0.25 with timeout of 5s...
05-12-2024 14:49:09 - INFO - Sending request to Setting Chamber Zones to a= 1.0, b= 0.25, c= 1.0, d= 0.25 with timeout of 5s...
05-12-2024 14:49:09 - INFO - Sending request to Setting Chamber Zones to a= 1.0, b= 0.25, c= 1.0, d= 0.25 with timeout of 5s...
05-12-2024 14:49:09 - INFO - Sending request to Setting Chamber Zones to a= 1.0, b= 0.25, c= 1.0, d= 0.25 with timeout of 5s...
05-12-2024 14:49:10 - INFO - Sending request to Setting Chamber Zones to a= 1.0, b= 0.25, c= 1.0, d= 0.25 with timeout of 5s...
05-12-2024 14:49:10 - INFO - Sending request to Setting Chamber Zones to a= 1.0, b= 0.25, c= 1.0, d= 0.25 with timeout of 5s...
05-12-2024 14:49:10 - INFO - Sending request to Setting Chamber Zones to a= 1.0, b= 0.25, c= 1.0, d= 0.25 with timeout of 5s...
05-12-2024 14:49:10 - INFO - Sending request to Setting Chamber Zones to a= 1.0, b= 0.25, c= 1.0, d= 0.25 with timeout of 5s...
05-12-2024 14:49:10 - INFO - Sending request to Setting Chamber Zones to a= 1.0, b= 0.25, c= 1.0, d= 0.25 with timeout of 5s...
05-12-2024 14:49:11 - INFO - Sending request to Setting Chamber Zones to a= 1.0, b= 0.25, c= 1.0, d= 0.25 with timeout of 5s...
05-12-2024 14:49:11 - INFO - Sending request to Setting Chamber Zones to a= 1.0, b= 0.25, c= 1.0, d= 0.25 with timeout of 5s...
05-12-2024 14:49:11 - INFO - Sending request to Setting Chamber Zones to a= 1.0, b= 0.25, c= 1.0, d= 0.25 with timeout of 5s...
05-12-2024 14:49:11 - INFO - Sending request to Setting Chamber Zones to a= 1.0, b= 0.25, c= 1.0, d= 0.25 with timeout of 5s...
05-12-2024 14:49:12 - INFO - Sending request to Setting Chamber Zones to a= 1.0, b= 0.25, c= 1.0, d= 0.25 with timeout of 5s...
05-12-2024 14:49:12 - INFO - Sending request to Setting Chamber Zones to a= 1.0, b= 0.25, c= 1.0, d= 0.25 with timeout of 5s...
05-12-2024 14:49:12 - INFO - Sending request to Setting Chamber Zones to a= 1.0, b= 0.25, c= 1.0, d= 0.25 with timeout of 5s...
05-12-2024 14:49:12 - INFO - Sending request to Setting Chamber Zones to a= 1.0, b= 0.25, c= 1.0, d= 0.25 with timeout of 5s...
05-12-2024 14:49:12 - INFO - Sending request to Setting Chamber Zones to a= 1.0, b= 0.25, c= 1.0, d= 0.25 with timeout of 5s...
05-12-2024 14:49:13 - INFO - Sending request to Setting Chamber Zones to a= 1.0, b= 0.25, c= 1.0, d= 0.25 with timeout of 5s...
05-12-2024 14:49:13 - INFO - Sending request to Setting Chamber Zones to a= 1.0, b= 0.25, c= 1.0, d= 0.25 with timeout of 5s...
05-12-2024 14:49:13 - INFO - Sending request to Setting Chamber Zones to a= 1.0, b= 0.25, c= 1.0, d= 0.25 with timeout of 5s...
05-12-2024 14:49:13 - INFO - Sending request to Setting Chamber Zones to a= 1.0, b= 0.25, c= 1.0, d= 0.25 with timeout of 5s...
05-12-2024 14:49:13 - INFO - Sending request to Setting Chamber Zones to a= 1.0, b= 0.25, c= 1.0, d= 0.25 with timeout of 5s...
05-12-2024 14:49:14 - INFO - Sending request to Setting Chamber Zones to a= 1.0, b= 0.25, c= 1.0, d= 0.25 with timeout of 5s...
05-12-2024 14:49:14 - INFO - Sending request to Setting Chamber Zones to a= 1.0, b= 0.25, c= 1.0, d= 0.25 with timeout of 5s...
05-12-2024 14:49:14 - INFO - Sending request to Setting Chamber Zones to a= 1.0, b= 0.25, c= 1.0, d= 0.25 with timeout of 5s...
05-12-2024 14:49:14 - INFO - Sending request to Setting Chamber Zones to a= 1.0, b= 0.25, c= 1.0, d= 0.25 with timeout of 5s...
05-12-2024 14:49:14 - INFO - Sending request to Setting Chamber Zones to a= 1.0, b= 0.25, c= 1.0, d= 0.25 with timeout of 5s...
05-12-2024 14:49:15 - INFO - Sending request to Setting Chamber Zones to a= 1.0, b= 0.25, c= 1.0, d= 0.25 with timeout of 5s...
05-12-2024 14:49:15 - INFO - Sending request to Setting Chamber Zones to a= 1.0, b= 0.25, c= 1.0, d= 0.25 with timeout of 5s...
05-12-2024 14:49:15 - INFO - Sending request to Setting Chamber Zones to a= 1.0, b= 0.25, c= 1.0, d= 0.25 with timeout of 5s...
05-12-2024 14:49:15 - INFO - Sending request to Setting Chamber Zones to a= 1.0, b= 0.25, c= 1.0, d= 0.25 with timeout of 5s...
05-12-2024 14:49:15 - INFO - Setting Chamber Zones to a= 1.0, b= 0.25, c= 1.0, d= 0.25 request successfully sent.
05-12-2024 14:49:15 - INFO - Response from moonraker: {'result': 'ok'}
05-12-2024 14:49:15 - INFO - Setting Chamber Zones to a= 1.0, b= 0.25, c= 1.0, d= 0.25 Request successfully executed.
05-12-2024 14:49:15 - ERROR - E102 : Setting Chamber Zones to a= 1.0, b= 0.25, c= 1.0, d= 0.25 Request to Moonraker Timed out 
 Setting Chamber Zones to a= 1.0, b= 0.25, c= 1.0, d= 0.25 not successful
 Initiating firmware restart
05-12-2024 14:49:15 - INFO - Sending request to Setting Chamber Zones to a= 1.0, b= 0.25, c= 1.0, d= 0.25 with timeout of 5s...
05-12-2024 14:49:16 - INFO - Sending request to Setting Chamber Zones to a= 1.0, b= 0.25, c= 1.0, d= 0.25 with timeout of 5s...
05-12-2024 14:49:16 - INFO - Sending request to Setting Chamber Zones to a= 1.0, b= 0.25, c= 1.0, d= 0.25 with timeout of 5s...
05-12-2024 14:49:16 - INFO - Sending request to Setting Chamber Zones to a= 1.0, b= 0.25, c= 1.0, d= 0.25 with timeout of 5s...
05-12-2024 14:49:16 - INFO - Sending request to Setting Chamber Zones to a= 1.0, b= 0.25, c= 1.0, d= 0.25 with timeout of 5s...
05-12-2024 14:49:16 - INFO - Sending request to Setting Chamber Zones to a= 1.0, b= 0.25, c= 1.0, d= 0.25 with timeout of 5s...
05-12-2024 14:49:17 - INFO - Sending request to Setting Chamber Zones to a= 1.0, b= 0.25, c= 1.0, d= 0.25 with timeout of 5s...
05-12-2024 14:49:17 - INFO - Sending request to Setting Chamber Zones to a= 1.0, b= 0.25, c= 1.0, d= 0.25 with timeout of 5s...
05-12-2024 14:49:17 - INFO - Sending request to Setting Chamber Zones to a= 1.0, b= 0.25, c= 1.0, d= 0.25 with timeout of 5s...
05-12-2024 14:49:17 - INFO - Sending request to Setting Chamber Zones to a= 1.0, b= 0.25, c= 1.0, d= 0.25 with timeout of 5s...
05-12-2024 14:49:17 - INFO - Sending request to Setting Chamber Zones to a= 1.0, b= 0.25, c= 1.0, d= 0.25 with timeout of 5s...
05-12-2024 14:49:18 - INFO - Sending request to Setting Chamber Zones to a= 1.0, b= 0.25, c= 1.0, d= 0.25 with timeout of 5s...
05-12-2024 14:49:18 - INFO - Sending request to Setting Chamber Zones to a= 1.0, b= 0.25, c= 1.0, d= 0.25 with timeout of 5s...
05-12-2024 14:49:18 - INFO - Sending request to Setting Chamber Zones to a= 1.0, b= 0.25, c= 1.0, d= 0.25 with timeout of 5s...
05-12-2024 14:49:18 - INFO - Sending request to Setting Chamber Zones to a= 1.0, b= 0.25, c= 1.0, d= 0.25 with timeout of 5s...
05-12-2024 14:49:18 - INFO - Sending request to Setting Chamber Zones to a= 1.0, b= 0.25, c= 1.0, d= 0.25 with timeout of 5s...
05-12-2024 14:49:19 - INFO - Sending request to Setting Chamber Zones to a= 1.0, b= 0.25, c= 1.0, d= 0.25 with timeout of 5s...
05-12-2024 14:49:19 - INFO - Sending request to Setting Chamber Zones to a= 1.0, b= 0.25, c= 1.0, d= 0.25 with timeout of 5s...
05-12-2024 14:49:19 - INFO - Sending request to Setting Chamber Zones to a= 1.0, b= 0.25, c= 1.0, d= 0.25 with timeout of 5s...
05-12-2024 14:49:19 - INFO - Sending request to Setting Chamber Zones to a= 1.0, b= 0.25, c= 1.0, d= 0.25 with timeout of 5s...
05-12-2024 14:49:19 - INFO - Sending request to Setting Chamber Zones to a= 1.0, b= 0.25, c= 1.0, d= 0.25 with timeout of 5s...
05-12-2024 14:49:20 - INFO - Sending request to Setting Chamber Zones to a= 1.0, b= 0.25, c= 1.0, d= 0.25 with timeout of 5s...
05-12-2024 14:49:20 - INFO - Sending request to Setting Chamber Zones to a= 1.0, b= 0.25, c= 1.0, d= 0.25 with timeout of 5s...
05-12-2024 14:49:20 - INFO - Sending request to Setting Chamber Zones to a= 1.0, b= 0.25, c= 1.0, d= 0.25 with timeout of 5s...
05-12-2024 14:49:20 - INFO - Sending request to Setting Chamber Zones to a= 1.0, b= 0.25, c= 1.0, d= 0.25 with timeout of 5s...
05-12-2024 14:49:20 - INFO - Sending request to Setting Chamber Zones to a= 1.0, b= 0.25, c= 1.0, d= 0.25 with timeout of 5s...
05-12-2024 14:49:21 - INFO - Sending request to Setting Chamber Zones to a= 1.0, b= 0.25, c= 1.0, d= 0.25 with timeout of 5s...
05-12-2024 14:49:21 - INFO - Sending request to Setting Chamber Zones to a= 1.0, b= 0.25, c= 1.0, d= 0.25 with timeout of 5s...
05-12-2024 14:49:21 - INFO - Sending request to Setting Chamber Zones to a= 1.0, b= 0.25, c= 1.0, d= 0.25 with timeout of 5s...
05-12-2024 14:49:21 - INFO - Sending request to Setting Chamber Zones to a= 1.0, b= 0.25, c= 1.0, d= 0.25 with timeout of 5s...
05-12-2024 14:49:21 - INFO - Sending request to Setting Chamber Zones to a= 1.0, b= 0.25, c= 1.0, d= 0.25 with timeout of 5s...
05-12-2024 14:49:22 - INFO - Sending request to Setting Chamber Zones to a= 1.0, b= 0.25, c= 1.0, d= 0.25 with timeout of 5s...
05-12-2024 14:49:22 - INFO - Sending request to Setting Chamber Zones to a= 1.0, b= 0.25, c= 1.0, d= 0.25 with timeout of 5s...
05-12-2024 14:49:22 - INFO - Sending request to Setting Chamber Zones to a= 1.0, b= 0.25, c= 1.0, d= 0.25 with timeout of 5s...
05-12-2024 14:49:22 - INFO - Sending request to Setting Chamber Zones to a= 1.0, b= 0.25, c= 1.0, d= 0.25 with timeout of 5s...
05-12-2024 14:49:22 - INFO - Sending request to Setting Chamber Zones to a= 1.0, b= 0.25, c= 1.0, d= 0.25 with timeout of 5s...
05-12-2024 14:49:23 - INFO - Sending request to Setting Chamber Zones to a= 1.0, b= 0.25, c= 1.0, d= 0.25 with timeout of 5s...
05-12-2024 14:49:23 - INFO - Sending request to Setting Chamber Zones to a= 1.0, b= 0.25, c= 1.0, d= 0.25 with timeout of 5s...
05-12-2024 14:49:23 - INFO - Sending request to Setting Chamber Zones to a= 1.0, b= 0.25, c= 1.0, d= 0.25 with timeout of 5s...
05-12-2024 14:49:23 - INFO - Sending request to Setting Chamber Zones to a= 1.0, b= 0.25, c= 1.0, d= 0.25 with timeout of 5s...
05-12-2024 14:49:23 - INFO - Sending request to Setting Chamber Zones to a= 1.0, b= 0.25, c= 1.0, d= 0.25 with timeout of 5s...
05-12-2024 14:49:24 - INFO - Sending request to Setting Chamber Zones to a= 1.0, b= 0.25, c= 1.0, d= 0.25 with timeout of 5s...
05-12-2024 14:49:24 - INFO - Sending request to Setting Chamber Zones to a= 1.0, b= 0.25, c= 1.0, d= 0.25 with timeout of 5s...
05-12-2024 14:49:24 - INFO - Sending request to Setting Chamber Zones to a= 1.0, b= 0.25, c= 1.0, d= 0.25 with timeout of 5s...
05-12-2024 14:49:24 - INFO - Sending request to Setting Chamber Zones to a= 1.0, b= 0.25, c= 1.0, d= 0.25 with timeout of 5s...
05-12-2024 14:49:24 - INFO - Sending request to Setting Chamber Zones to a= 1.0, b= 0.25, c= 1.0, d= 0.25 with timeout of 5s...
05-12-2024 14:49:25 - INFO - Sending request to Setting Chamber Zones to a= 1.0, b= 0.25, c= 1.0, d= 0.25 with timeout of 5s...
05-12-2024 14:49:25 - INFO - Sending request to Setting Chamber Zones to a= 1.0, b= 0.25, c= 1.0, d= 0.25 with timeout of 5s...
05-12-2024 14:49:25 - INFO - Sending request to Setting Chamber Zones to a= 1.0, b= 0.25, c= 1.0, d= 0.25 with timeout of 5s...
05-12-2024 14:49:25 - INFO - Sending request to Setting Chamber Zones to a= 1.0, b= 0.25, c= 1.0, d= 0.25 with timeout of 5s...
05-12-2024 14:49:25 - INFO - Setting Chamber Zones to a= 1.0, b= 0.25, c= 1.0, d= 0.25 request successfully sent.
05-12-2024 14:49:25 - INFO - Response from moonraker: {'result': 'ok'}
05-12-2024 14:49:25 - INFO - Setting Chamber Zones to a= 1.0, b= 0.25, c= 1.0, d= 0.25 Request successfully executed.
05-12-2024 14:49:25 - ERROR - E102 : Setting Chamber Zones to a= 1.0, b= 0.25, c= 1.0, d= 0.25 Request to Moonraker Timed out 
 Setting Chamber Zones to a= 1.0, b= 0.25, c= 1.0, d= 0.25 not successful
 Initiating firmware restart
05-12-2024 14:49:25 - INFO - Sending request to Setting Chamber Zones to a= 1.0, b= 0.25, c= 1.0, d= 0.25 with timeout of 5s...
05-12-2024 14:49:26 - INFO - Sending request to Setting Chamber Zones to a= 1.0, b= 0.25, c= 1.0, d= 0.25 with timeout of 5s...
05-12-2024 14:49:26 - INFO - Sending request to Setting Chamber Zones to a= 1.0, b= 0.25, c= 1.0, d= 0.25 with timeout of 5s...
05-12-2024 14:49:26 - INFO - Sending request to Setting Chamber Zones to a= 1.0, b= 0.25, c= 1.0, d= 0.25 with timeout of 5s...
05-12-2024 14:49:26 - INFO - Sending request to Setting Chamber Zones to a= 1.0, b= 0.25, c= 1.0, d= 0.25 with timeout of 5s...
05-12-2024 14:49:26 - INFO - Sending request to Setting Chamber Zones to a= 1.0, b= 0.25, c= 1.0, d= 0.25 with timeout of 5s...
05-12-2024 14:49:27 - INFO - Sending request to Setting Chamber Zones to a= 1.0, b= 0.25, c= 1.0, d= 0.25 with timeout of 5s...
05-12-2024 14:49:27 - INFO - Sending request to Setting Chamber Zones to a= 1.0, b= 0.25, c= 1.0, d= 0.25 with timeout of 5s...
05-12-2024 14:49:27 - INFO - Sending request to Setting Chamber Zones to a= 1.0, b= 0.25, c= 1.0, d= 0.25 with timeout of 5s...
05-12-2024 14:49:27 - INFO - Sending request to Setting Chamber Zones to a= 1.0, b= 0.25, c= 1.0, d= 0.25 with timeout of 5s...
05-12-2024 14:49:27 - INFO - Sending request to Setting Chamber Zones to a= 1.0, b= 0.25, c= 1.0, d= 0.25 with timeout of 5s...
05-12-2024 14:49:28 - INFO - Sending request to Setting Chamber Zones to a= 0.9977159999999996, b= 0.2494289999999999, c= 0.9977159999999996, d= 0.2494289999999999 with timeout of 5s...
05-12-2024 14:49:28 - INFO - Sending request to Setting Chamber Zones to a= 0.9884280000000001, b= 0.24710700000000002, c= 0.9884280000000001, d= 0.24710700000000002 with timeout of 5s...
05-12-2024 14:49:28 - INFO - Sending request to Setting Chamber Zones to a= 0.9791240000000001, b= 0.24478100000000003, c= 0.9791240000000001, d= 0.24478100000000003 with timeout of 5s...
05-12-2024 14:49:28 - INFO - Sending request to Setting Chamber Zones to a= 0.9748619999999996, b= 0.2437154999999999, c= 0.9748619999999996, d= 0.2437154999999999 with timeout of 5s...
05-12-2024 14:49:28 - INFO - Sending request to Setting Chamber Zones to a= 0.9705419999999998, b= 0.24263549999999995, c= 0.9705419999999998, d= 0.24263549999999995 with timeout of 5s...
05-12-2024 14:49:29 - INFO - Sending request to Setting Chamber Zones to a= 0.9662140000000001, b= 0.24155350000000003, c= 0.9662140000000001, d= 0.24155350000000003 with timeout of 5s...
05-12-2024 14:49:29 - INFO - Sending request to Setting Chamber Zones to a= 0.9618779999999997, b= 0.24046949999999992, c= 0.9618779999999997, d= 0.24046949999999992 with timeout of 5s...
05-12-2024 14:49:29 - INFO - Sending request to Setting Chamber Zones to a= 0.9625919999999997, b= 0.24064799999999992, c= 0.9625919999999997, d= 0.24064799999999992 with timeout of 5s...
05-12-2024 14:49:29 - INFO - Sending request to Setting Chamber Zones to a= 0.9581979999999999, b= 0.23954949999999997, c= 0.9581979999999999, d= 0.23954949999999997 with timeout of 5s...
05-12-2024 14:49:29 - INFO - Sending request to Setting Chamber Zones to a= 0.9487879999999999, b= 0.23719699999999996, c= 0.9487879999999999, d= 0.23719699999999996 with timeout of 5s...
05-12-2024 14:49:30 - INFO - Sending request to Setting Chamber Zones to a= 0.9495279999999998, b= 0.23738199999999995, c= 0.9495279999999998, d= 0.23738199999999995 with timeout of 5s...
05-12-2024 14:49:30 - INFO - Sending request to Setting Chamber Zones to a= 0.9400519999999998, b= 0.23501299999999994, c= 0.9400519999999998, d= 0.23501299999999994 with timeout of 5s...
05-12-2024 14:49:30 - INFO - Sending request to Setting Chamber Zones to a= 0.9357179999999999, b= 0.23392949999999998, c= 0.9357179999999999, d= 0.23392949999999998 with timeout of 5s...
05-12-2024 14:49:30 - INFO - Sending request to Setting Chamber Zones to a= 0.9262679999999998, b= 0.23156699999999994, c= 0.9262679999999998, d= 0.23156699999999994 with timeout of 5s...
05-12-2024 14:49:30 - INFO - Sending request to Setting Chamber Zones to a= 0.9219100000000001, b= 0.23047750000000003, c= 0.9219100000000001, d= 0.23047750000000003 with timeout of 5s...
05-12-2024 14:49:31 - INFO - Sending request to Setting Chamber Zones to a= 0.9174939999999997, b= 0.22937349999999992, c= 0.9174939999999997, d= 0.22937349999999992 with timeout of 5s...
05-12-2024 14:49:31 - INFO - Sending request to Setting Chamber Zones to a= 0.9130699999999998, b= 0.22826749999999996, c= 0.9130699999999998, d= 0.22826749999999996 with timeout of 5s...
05-12-2024 14:49:31 - INFO - Sending request to Setting Chamber Zones to a= 0.9086379999999995, b= 0.22715949999999988, c= 0.9086379999999995, d= 0.22715949999999988 with timeout of 5s...
05-12-2024 14:49:31 - INFO - Sending request to Setting Chamber Zones to a= 0.9041979999999996, b= 0.2260494999999999, c= 0.9041979999999996, d= 0.2260494999999999 with timeout of 5s...
05-12-2024 14:49:31 - INFO - Sending request to Setting Chamber Zones to a= 0.9048079999999998, b= 0.22620199999999996, c= 0.9048079999999998, d= 0.22620199999999996 with timeout of 5s...
05-12-2024 14:49:32 - INFO - Sending request to Setting Chamber Zones to a= 0.90031, b= 0.2250775, c= 0.90031, d= 0.2250775 with timeout of 5s...
05-12-2024 14:49:32 - INFO - Sending request to Setting Chamber Zones to a= 0.900912, b= 0.225228, c= 0.900912, d= 0.225228 with timeout of 5s...
05-12-2024 14:49:32 - INFO - Sending request to Setting Chamber Zones to a= 0.8964059999999996, b= 0.2241014999999999, c= 0.8964059999999996, d= 0.2241014999999999 with timeout of 5s...
05-12-2024 14:49:32 - INFO - Sending request to Setting Chamber Zones to a= 0.8868839999999996, b= 0.2217209999999999, c= 0.8868839999999996, d= 0.2217209999999999 with timeout of 5s...
05-12-2024 14:49:32 - INFO - Sending request to Setting Chamber Zones to a= 0.8824539999999997, b= 0.22061349999999993, c= 0.8824539999999997, d= 0.22061349999999993 with timeout of 5s...
05-12-2024 14:49:33 - INFO - Sending request to Setting Chamber Zones to a= 0.877966, b= 0.2194915, c= 0.877966, d= 0.2194915 with timeout of 5s...
05-12-2024 14:49:33 - INFO - Sending request to Setting Chamber Zones to a= 0.8684119999999999, b= 0.21710299999999996, c= 0.8684119999999999, d= 0.21710299999999996 with timeout of 5s...
05-12-2024 14:49:33 - INFO - Sending request to Setting Chamber Zones to a= 0.8639499999999994, b= 0.21598749999999986, c= 0.8639499999999994, d= 0.21598749999999986 with timeout of 5s...
05-12-2024 14:49:33 - INFO - Sending request to Setting Chamber Zones to a= 0.8644879999999995, b= 0.21612199999999987, c= 0.8644879999999995, d= 0.21612199999999987 with timeout of 5s...
05-12-2024 14:49:33 - INFO - Sending request to Setting Chamber Zones to a= 0.8599179999999998, b= 0.21497949999999996, c= 0.8599179999999998, d= 0.21497949999999996 with timeout of 5s...
05-12-2024 14:49:34 - INFO - Sending request to Setting Chamber Zones to a= 0.8604479999999998, b= 0.21511199999999994, c= 0.8604479999999998, d= 0.21511199999999994 with timeout of 5s...
05-12-2024 14:49:34 - INFO - Sending request to Setting Chamber Zones to a= 0.85587, b= 0.2139675, c= 0.85587, d= 0.2139675 with timeout of 5s...
05-12-2024 14:49:34 - INFO - Sending request to Setting Chamber Zones to a= 0.856392, b= 0.214098, c= 0.856392, d= 0.214098 with timeout of 5s...
05-12-2024 14:49:34 - INFO - Sending request to Setting Chamber Zones to a= 0.8467479999999997, b= 0.21168699999999993, c= 0.8467479999999997, d= 0.21168699999999993 with timeout of 5s...
05-12-2024 14:49:34 - INFO - Sending request to Setting Chamber Zones to a= 0.8422459999999995, b= 0.21056149999999987, c= 0.8422459999999995, d= 0.21056149999999987 with timeout of 5s...
05-12-2024 14:49:35 - INFO - Sending request to Setting Chamber Zones to a= 0.8376859999999998, b= 0.20942149999999995, c= 0.8376859999999998, d= 0.20942149999999995 with timeout of 5s...
05-12-2024 14:49:35 - INFO - Sending request to Setting Chamber Zones to a= 0.8331179999999999, b= 0.20827949999999998, c= 0.8331179999999999, d= 0.20827949999999998 with timeout of 5s...
05-12-2024 14:49:35 - INFO - Sending request to Setting Chamber Zones to a= 0.8285419999999994, b= 0.20713549999999986, c= 0.8285419999999994, d= 0.20713549999999986 with timeout of 5s...
05-12-2024 14:49:35 - INFO - Sending request to Setting Chamber Zones to a= 0.8239579999999997, b= 0.20598949999999994, c= 0.8239579999999997, d= 0.20598949999999994 with timeout of 5s...
05-12-2024 14:49:35 - INFO - Sending request to Setting Chamber Zones to a= 0.8244239999999998, b= 0.20610599999999996, c= 0.8244239999999998, d= 0.20610599999999996 with timeout of 5s...
05-12-2024 14:49:36 - INFO - Sending request to Setting Chamber Zones to a= 0.8197819999999995, b= 0.20494549999999986, c= 0.8197819999999995, d= 0.20494549999999986 with timeout of 5s...
05-12-2024 14:49:36 - INFO - Sending request to Setting Chamber Zones to a= 0.8050659999999996, b= 0.2012664999999999, c= 0.8050659999999996, d= 0.2012664999999999 with timeout of 5s...
05-12-2024 14:49:36 - INFO - Sending request to Setting Chamber Zones to a= 0.8055999999999996, b= 0.2013999999999999, c= 0.8055999999999996, d= 0.2013999999999999 with timeout of 5s...
05-12-2024 14:49:36 - INFO - Sending request to Setting Chamber Zones to a= 0.8059839999999997, b= 0.20149599999999993, c= 0.8059839999999997, d= 0.20149599999999993 with timeout of 5s...
05-12-2024 14:49:36 - INFO - Setting Chamber Zones to a= 0.8059839999999997, b= 0.20149599999999993, c= 0.8059839999999997, d= 0.20149599999999993 request successfully sent.
05-12-2024 14:49:36 - INFO - Response from moonraker: {'result': 'ok'}
05-12-2024 14:49:36 - INFO - Setting Chamber Zones to a= 0.8059839999999997, b= 0.20149599999999993, c= 0.8059839999999997, d= 0.20149599999999993 Request successfully executed.
05-12-2024 14:49:36 - ERROR - E102 : Setting Chamber Zones to a= 0.8059839999999997, b= 0.20149599999999993, c= 0.8059839999999997, d= 0.20149599999999993 Request to Moonraker Timed out 
 Setting Chamber Zones to a= 0.8059839999999997, b= 0.20149599999999993, c= 0.8059839999999997, d= 0.20149599999999993 not successful
 Initiating firmware restart
05-12-2024 14:49:36 - INFO - Sending request to Setting Chamber Zones to a= 0.8013099999999999, b= 0.20032749999999996, c= 0.8013099999999999, d= 0.20032749999999996 with timeout of 5s...
05-12-2024 14:49:37 - INFO - Sending request to Setting Chamber Zones to a= 0.8017359999999999, b= 0.20043399999999997, c= 0.8017359999999999, d= 0.20043399999999997 with timeout of 5s...
05-12-2024 14:49:37 - INFO - Sending request to Setting Chamber Zones to a= 0.7970539999999996, b= 0.1992634999999999, c= 0.7970539999999996, d= 0.1992634999999999 with timeout of 5s...
05-12-2024 14:49:37 - INFO - Sending request to Setting Chamber Zones to a= 0.7974719999999995, b= 0.19936799999999988, c= 0.7974719999999995, d= 0.19936799999999988 with timeout of 5s...
05-12-2024 14:49:37 - INFO - Sending request to Setting Chamber Zones to a= 0.7978399999999994, b= 0.19945999999999986, c= 0.7978399999999994, d= 0.19945999999999986 with timeout of 5s...
05-12-2024 14:49:38 - INFO - Sending request to Setting Chamber Zones to a= 0.7931499999999998, b= 0.19828749999999995, c= 0.7931499999999998, d= 0.19828749999999995 with timeout of 5s...
05-12-2024 14:49:38 - INFO - Sending request to Setting Chamber Zones to a= 0.7885020000000001, b= 0.19712550000000004, c= 0.7885020000000001, d= 0.19712550000000004 with timeout of 5s...
05-12-2024 14:49:38 - INFO - Sending request to Setting Chamber Zones to a= 0.788904, b= 0.197226, c= 0.788904, d= 0.197226 with timeout of 5s...
05-12-2024 14:49:38 - INFO - Sending request to Setting Chamber Zones to a= 0.7791399999999998, b= 0.19478499999999996, c= 0.7791399999999998, d= 0.19478499999999996 with timeout of 5s...
05-12-2024 14:49:38 - INFO - Sending request to Setting Chamber Zones to a= 0.7745179999999995, b= 0.19362949999999987, c= 0.7745179999999995, d= 0.19362949999999987 with timeout of 5s...
05-12-2024 14:49:39 - INFO - Sending request to Setting Chamber Zones to a= 0.7748959999999996, b= 0.1937239999999999, c= 0.7748959999999996, d= 0.1937239999999999 with timeout of 5s...
05-12-2024 14:49:39 - INFO - Sending request to Setting Chamber Zones to a= 0.7701659999999998, b= 0.19254149999999995, c= 0.7701659999999998, d= 0.19254149999999995 with timeout of 5s...
05-12-2024 14:49:39 - INFO - Sending request to Setting Chamber Zones to a= 0.7654780000000001, b= 0.19136950000000003, c= 0.7654780000000001, d= 0.19136950000000003 with timeout of 5s...
05-12-2024 14:49:39 - INFO - Sending request to Setting Chamber Zones to a= 0.7607819999999996, b= 0.1901954999999999, c= 0.7607819999999996, d= 0.1901954999999999 with timeout of 5s...
05-12-2024 14:49:39 - INFO - Sending request to Setting Chamber Zones to a= 0.7611359999999998, b= 0.19028399999999995, c= 0.7611359999999998, d= 0.19028399999999995 with timeout of 5s...
05-12-2024 14:49:40 - INFO - Sending request to Setting Chamber Zones to a= 0.7614399999999997, b= 0.19035999999999992, c= 0.7614399999999997, d= 0.19035999999999992 with timeout of 5s...
05-12-2024 14:49:40 - INFO - Sending request to Setting Chamber Zones to a= 0.7668020000000001, b= 0.19170050000000002, c= 0.7668020000000001, d= 0.19170050000000002 with timeout of 5s...
05-12-2024 14:49:40 - INFO - Sending request to Setting Chamber Zones to a= 0.792354, b= 0.1980885, c= 0.792354, d= 0.1980885 with timeout of 5s...
05-12-2024 14:49:40 - INFO - Sending request to Setting Chamber Zones to a= 0.80763, b= 0.2019075, c= 0.80763, d= 0.2019075 with timeout of 5s...
05-12-2024 14:49:40 - INFO - Sending request to Setting Chamber Zones to a= 0.817972, b= 0.204493, c= 0.817972, d= 0.204493 with timeout of 5s...
05-12-2024 14:49:41 - INFO - Sending request to Setting Chamber Zones to a= 0.8233219999999997, b= 0.20583049999999992, c= 0.8233219999999997, d= 0.20583049999999992 with timeout of 5s...
05-12-2024 14:49:41 - INFO - Sending request to Setting Chamber Zones to a= 0.8236719999999997, b= 0.20591799999999993, c= 0.8236719999999997, d= 0.20591799999999993 with timeout of 5s...
05-12-2024 14:49:41 - INFO - Sending request to Setting Chamber Zones to a= 1.0, b= 0.25, c= 1.0, d= 0.25 with timeout of 5s...
05-12-2024 14:49:41 - INFO - Sending request to Setting Chamber Zones to a= 1.0, b= 0.25, c= 1.0, d= 0.25 with timeout of 5s...
05-12-2024 14:49:41 - INFO - Sending request to Setting Chamber Zones to a= 1.0, b= 0.25, c= 1.0, d= 0.25 with timeout of 5s...
05-12-2024 14:49:42 - INFO - Sending request to Setting Chamber Zones to a= 1.0, b= 0.25, c= 1.0, d= 0.25 with timeout of 5s...
05-12-2024 14:49:42 - INFO - Sending request to Setting Chamber Zones to a= 1.0, b= 0.25, c= 1.0, d= 0.25 with timeout of 5s...
05-12-2024 14:49:42 - INFO - Sending request to Setting Chamber Zones to a= 1.0, b= 0.25, c= 1.0, d= 0.25 with timeout of 5s...
05-12-2024 14:49:42 - INFO - Sending request to Setting Chamber Zones to a= 1.0, b= 0.25, c= 1.0, d= 0.25 with timeout of 5s...
05-12-2024 14:49:42 - INFO - Sending request to Setting Chamber Zones to a= 0.9855499999999998, b= 0.24638749999999995, c= 0.9855499999999998, d= 0.24638749999999995 with timeout of 5s...
05-12-2024 14:49:43 - INFO - Sending request to Setting Chamber Zones to a= 0.9769239999999997, b= 0.24423099999999992, c= 0.9769239999999997, d= 0.24423099999999992 with timeout of 5s...
05-12-2024 14:49:43 - INFO - Sending request to Setting Chamber Zones to a= 0.9675319999999996, b= 0.2418829999999999, c= 0.9675319999999996, d= 0.2418829999999999 with timeout of 5s...
05-12-2024 14:49:43 - INFO - Sending request to Setting Chamber Zones to a= 0.9682399999999995, b= 0.2420599999999999, c= 0.9682399999999995, d= 0.2420599999999999 with timeout of 5s...
05-12-2024 14:49:43 - INFO - Sending request to Setting Chamber Zones to a= 0.9587320000000001, b= 0.23968300000000003, c= 0.9587320000000001, d= 0.23968300000000003 with timeout of 5s...
05-12-2024 14:49:43 - INFO - Sending request to Setting Chamber Zones to a= 0.9543659999999997, b= 0.23859149999999993, c= 0.9543659999999997, d= 0.23859149999999993 with timeout of 5s...
05-12-2024 14:49:44 - INFO - Sending request to Setting Chamber Zones to a= 0.9398259999999999, b= 0.23495649999999998, c= 0.9398259999999999, d= 0.23495649999999998 with timeout of 5s...
05-12-2024 14:49:44 - INFO - Sending request to Setting Chamber Zones to a= 0.9405359999999999, b= 0.23513399999999998, c= 0.9405359999999999, d= 0.23513399999999998 with timeout of 5s...
05-12-2024 14:49:44 - INFO - Sending request to Setting Chamber Zones to a= 0.9360380000000003, b= 0.23400950000000006, c= 0.9360380000000003, d= 0.23400950000000006 with timeout of 5s...
05-12-2024 14:49:44 - INFO - Sending request to Setting Chamber Zones to a= 0.9315819999999997, b= 0.23289549999999992, c= 0.9315819999999997, d= 0.23289549999999992 with timeout of 5s...
05-12-2024 14:49:44 - INFO - Sending request to Setting Chamber Zones to a= 0.9321759999999997, b= 0.23304399999999992, c= 0.9321759999999997, d= 0.23304399999999992 with timeout of 5s...
05-12-2024 14:49:45 - INFO - Sending request to Setting Chamber Zones to a= 0.9226039999999996, b= 0.2306509999999999, c= 0.9226039999999996, d= 0.2306509999999999 with timeout of 5s...
05-12-2024 14:49:45 - INFO - Sending request to Setting Chamber Zones to a= 0.9232319999999996, b= 0.2308079999999999, c= 0.9232319999999996, d= 0.2308079999999999 with timeout of 5s...
05-12-2024 14:49:45 - INFO - Sending request to Setting Chamber Zones to a= 0.9187019999999998, b= 0.22967549999999995, c= 0.9187019999999998, d= 0.22967549999999995 with timeout of 5s...
05-12-2024 14:49:45 - INFO - Sending request to Setting Chamber Zones to a= 0.9142140000000001, b= 0.22855350000000002, c= 0.9142140000000001, d= 0.22855350000000002 with timeout of 5s...
05-12-2024 14:49:45 - INFO - Sending request to Setting Chamber Zones to a= 0.9097179999999997, b= 0.22742949999999992, c= 0.9097179999999997, d= 0.22742949999999992 with timeout of 5s...
05-12-2024 14:49:46 - INFO - Sending request to Setting Chamber Zones to a= 0.895098, b= 0.2237745, c= 0.895098, d= 0.2237745 with timeout of 5s...
05-12-2024 14:49:46 - INFO - Sending request to Setting Chamber Zones to a= 0.8906700000000002, b= 0.22266750000000005, c= 0.8906700000000002, d= 0.22266750000000005 with timeout of 5s...
05-12-2024 14:49:46 - INFO - Sending request to Setting Chamber Zones to a= 0.8861339999999998, b= 0.22153349999999994, c= 0.8861339999999998, d= 0.22153349999999994 with timeout of 5s...
05-12-2024 14:49:46 - INFO - Sending request to Setting Chamber Zones to a= 0.8866479999999997, b= 0.22166199999999991, c= 0.8866479999999997, d= 0.22166199999999991 with timeout of 5s...
05-12-2024 14:49:46 - INFO - Sending request to Setting Chamber Zones to a= 0.8871119999999997, b= 0.22177799999999992, c= 0.8871119999999997, d= 0.22177799999999992 with timeout of 5s...
05-12-2024 14:49:47 - INFO - Sending request to Setting Chamber Zones to a= 0.9128659999999997, b= 0.22821649999999993, c= 0.9128659999999997, d= 0.22821649999999993 with timeout of 5s...
05-12-2024 14:49:47 - INFO - Sending request to Setting Chamber Zones to a= 0.923236, b= 0.230809, c= 0.923236, d= 0.230809 with timeout of 5s...
05-12-2024 14:49:47 - INFO - Sending request to Setting Chamber Zones to a= 0.9287139999999997, b= 0.23217849999999993, c= 0.9287139999999997, d= 0.23217849999999993 with timeout of 5s...
05-12-2024 14:49:47 - INFO - Sending request to Setting Chamber Zones to a= 1.0, b= 0.25, c= 1.0, d= 0.25 with timeout of 5s...
05-12-2024 14:49:47 - INFO - Sending request to Setting Chamber Zones to a= 1.0, b= 0.25, c= 1.0, d= 0.25 with timeout of 5s...
05-12-2024 14:49:48 - INFO - Sending request to Setting Chamber Zones to a= 1.0, b= 0.25, c= 1.0, d= 0.25 with timeout of 5s...
05-12-2024 14:49:48 - INFO - Sending request to Setting Chamber Zones to a= 1.0, b= 0.25, c= 1.0, d= 0.25 with timeout of 5s...
05-12-2024 14:49:48 - INFO - Setting Chamber Zones to a= 1.0, b= 0.25, c= 1.0, d= 0.25 request successfully sent.
05-12-2024 14:49:48 - INFO - Response from moonraker: {'result': 'ok'}
05-12-2024 14:49:48 - INFO - Setting Chamber Zones to a= 1.0, b= 0.25, c= 1.0, d= 0.25 Request successfully executed.
05-12-2024 14:49:48 - ERROR - E102 : Setting Chamber Zones to a= 1.0, b= 0.25, c= 1.0, d= 0.25 Request to Moonraker Timed out 
 Setting Chamber Zones to a= 1.0, b= 0.25, c= 1.0, d= 0.25 not successful
 Initiating firmware restart
05-12-2024 14:49:48 - INFO - Sending request to Setting Chamber Zones to a= 1.0, b= 0.25, c= 1.0, d= 0.25 with timeout of 5s...
05-12-2024 14:49:48 - INFO - Sending request to Setting Chamber Zones to a= 1.0, b= 0.25, c= 1.0, d= 0.25 with timeout of 5s...
05-12-2024 14:49:48 - INFO - Sending request to Setting Chamber Zones to a= 1.0, b= 0.25, c= 1.0, d= 0.25 with timeout of 5s...
05-12-2024 14:49:49 - INFO - Sending request to Setting Chamber Zones to a= 1.0, b= 0.25, c= 1.0, d= 0.25 with timeout of 5s...
05-12-2024 14:49:49 - INFO - Sending request to Setting Chamber Zones to a= 0.9818280000000001, b= 0.24545700000000004, c= 0.9818280000000001, d= 0.24545700000000004 with timeout of 5s...
05-12-2024 14:49:49 - INFO - Sending request to Setting Chamber Zones to a= 0.9728039999999997, b= 0.24320099999999992, c= 0.9728039999999997, d= 0.24320099999999992 with timeout of 5s...
05-12-2024 14:49:49 - INFO - Sending request to Setting Chamber Zones to a= 0.9633639999999997, b= 0.24084099999999992, c= 0.9633639999999997, d= 0.24084099999999992 with timeout of 5s...
05-12-2024 14:49:49 - INFO - Sending request to Setting Chamber Zones to a= 0.9589659999999999, b= 0.23974149999999997, c= 0.9589659999999999, d= 0.23974149999999997 with timeout of 5s...
05-12-2024 14:49:50 - INFO - Sending request to Setting Chamber Zones to a= 0.9494519999999999, b= 0.23736299999999996, c= 0.9494519999999999, d= 0.23736299999999996 with timeout of 5s...
05-12-2024 14:49:50 - INFO - Sending request to Setting Chamber Zones to a= 0.9399719999999996, b= 0.2349929999999999, c= 0.9399719999999996, d= 0.2349929999999999 with timeout of 5s...
05-12-2024 14:49:50 - INFO - Sending request to Setting Chamber Zones to a= 0.9254179999999999, b= 0.23135449999999996, c= 0.9254179999999999, d= 0.23135449999999996 with timeout of 5s...
05-12-2024 14:49:50 - INFO - Sending request to Setting Chamber Zones to a= 0.9210059999999994, b= 0.23025149999999986, c= 0.9210059999999994, d= 0.23025149999999986 with timeout of 5s...
05-12-2024 14:49:50 - INFO - Sending request to Setting Chamber Zones to a= 0.9164859999999997, b= 0.22912149999999992, c= 0.9164859999999997, d= 0.22912149999999992 with timeout of 5s...
05-12-2024 14:49:51 - INFO - Sending request to Setting Chamber Zones to a= 0.9018419999999998, b= 0.22546049999999995, c= 0.9018419999999998, d= 0.22546049999999995 with timeout of 5s...
05-12-2024 14:49:51 - INFO - Sending request to Setting Chamber Zones to a= 0.8973899999999994, b= 0.22434749999999984, c= 0.8973899999999994, d= 0.22434749999999984 with timeout of 5s...
05-12-2024 14:49:51 - INFO - Sending request to Setting Chamber Zones to a= 0.8928299999999997, b= 0.22320749999999992, c= 0.8928299999999997, d= 0.22320749999999992 with timeout of 5s...
05-12-2024 14:49:51 - INFO - Sending request to Setting Chamber Zones to a= 0.8933199999999997, b= 0.22332999999999992, c= 0.8933199999999997, d= 0.22332999999999992 with timeout of 5s...
05-12-2024 14:49:51 - INFO - Sending request to Setting Chamber Zones to a= 0.8836439999999997, b= 0.2209109999999999, c= 0.8836439999999997, d= 0.2209109999999999 with timeout of 5s...
05-12-2024 14:49:52 - INFO - Sending request to Setting Chamber Zones to a= 0.8791100000000001, b= 0.21977750000000001, c= 0.8791100000000001, d= 0.21977750000000001 with timeout of 5s...
05-12-2024 14:49:52 - INFO - Sending request to Setting Chamber Zones to a= 0.8795759999999998, b= 0.21989399999999995, c= 0.8795759999999998, d= 0.21989399999999995 with timeout of 5s...
05-12-2024 14:49:52 - INFO - Sending request to Setting Chamber Zones to a= 0.8749339999999993, b= 0.21873349999999983, c= 0.8749339999999993, d= 0.21873349999999983 with timeout of 5s...
05-12-2024 14:49:52 - INFO - Sending request to Setting Chamber Zones to a= 0.8703339999999997, b= 0.21758349999999993, c= 0.8703339999999997, d= 0.21758349999999993 with timeout of 5s...
05-12-2024 14:49:52 - INFO - Sending request to Setting Chamber Zones to a= 0.8606679999999998, b= 0.21516699999999994, c= 0.8606679999999998, d= 0.21516699999999994 with timeout of 5s...
05-12-2024 14:49:53 - INFO - Sending request to Setting Chamber Zones to a= 0.8611519999999996, b= 0.2152879999999999, c= 0.8611519999999996, d= 0.2152879999999999 with timeout of 5s...
05-12-2024 14:49:53 - INFO - Sending request to Setting Chamber Zones to a= 0.8564779999999999, b= 0.21411949999999996, c= 0.8564779999999999, d= 0.21411949999999996 with timeout of 5s...
05-12-2024 14:49:53 - INFO - Sending request to Setting Chamber Zones to a= 0.8518459999999997, b= 0.21296149999999991, c= 0.8518459999999997, d= 0.21296149999999991 with timeout of 5s...
05-12-2024 14:49:53 - INFO - Sending request to Setting Chamber Zones to a= 0.8472059999999996, b= 0.2118014999999999, c= 0.8472059999999996, d= 0.2118014999999999 with timeout of 5s...
05-12-2024 14:49:53 - INFO - Sending request to Setting Chamber Zones to a= 0.8476159999999997, b= 0.21190399999999993, c= 0.8476159999999997, d= 0.21190399999999993 with timeout of 5s...
05-12-2024 14:49:54 - INFO - Sending request to Setting Chamber Zones to a= 0.8479759999999997, b= 0.21199399999999993, c= 0.8479759999999997, d= 0.21199399999999993 with timeout of 5s...
05-12-2024 14:49:54 - INFO - Sending request to Setting Chamber Zones to a= 0.8483359999999998, b= 0.21208399999999994, c= 0.8483359999999998, d= 0.21208399999999994 with timeout of 5s...
05-12-2024 14:49:54 - INFO - Sending request to Setting Chamber Zones to a= 0.8486959999999997, b= 0.21217399999999992, c= 0.8486959999999997, d= 0.21217399999999992 with timeout of 5s...
05-12-2024 14:49:54 - INFO - Sending request to Setting Chamber Zones to a= 0.8490559999999996, b= 0.2122639999999999, c= 0.8490559999999996, d= 0.2122639999999999 with timeout of 5s...
05-12-2024 14:49:54 - INFO - Sending request to Setting Chamber Zones to a= 0.844358, b= 0.2110895, c= 0.844358, d= 0.2110895 with timeout of 5s...
05-12-2024 14:49:55 - INFO - Sending request to Setting Chamber Zones to a= 0.8295859999999995, b= 0.20739649999999987, c= 0.8295859999999995, d= 0.20739649999999987 with timeout of 5s...
05-12-2024 14:49:55 - INFO - Sending request to Setting Chamber Zones to a= 0.8250059999999998, b= 0.20625149999999995, c= 0.8250059999999998, d= 0.20625149999999995 with timeout of 5s...
05-12-2024 14:49:55 - INFO - Sending request to Setting Chamber Zones to a= 0.8253759999999997, b= 0.20634399999999992, c= 0.8253759999999997, d= 0.20634399999999992 with timeout of 5s...
05-12-2024 14:49:55 - INFO - Sending request to Setting Chamber Zones to a= 0.8256959999999998, b= 0.20642399999999994, c= 0.8256959999999998, d= 0.20642399999999994 with timeout of 5s...
05-12-2024 14:49:55 - INFO - Sending request to Setting Chamber Zones to a= 0.8260159999999999, b= 0.20650399999999997, c= 0.8260159999999999, d= 0.20650399999999997 with timeout of 5s...
05-12-2024 14:49:56 - INFO - Sending request to Setting Chamber Zones to a= 0.821278, b= 0.2053195, c= 0.821278, d= 0.2053195 with timeout of 5s...
05-12-2024 14:49:56 - INFO - Sending request to Setting Chamber Zones to a= 0.8165819999999997, b= 0.20414549999999992, c= 0.8165819999999997, d= 0.20414549999999992 with timeout of 5s...
05-12-2024 14:49:56 - INFO - Sending request to Setting Chamber Zones to a= 0.8169359999999997, b= 0.20423399999999992, c= 0.8169359999999997, d= 0.20423399999999992 with timeout of 5s...
05-12-2024 14:49:56 - INFO - Sending request to Setting Chamber Zones to a= 0.8172399999999996, b= 0.2043099999999999, c= 0.8172399999999996, d= 0.2043099999999999 with timeout of 5s...
05-12-2024 14:49:56 - INFO - Sending request to Setting Chamber Zones to a= 0.8124859999999999, b= 0.20312149999999998, c= 0.8124859999999999, d= 0.20312149999999998 with timeout of 5s...
05-12-2024 14:49:57 - INFO - Sending request to Setting Chamber Zones to a= 0.8077739999999995, b= 0.2019434999999999, c= 0.8077739999999995, d= 0.2019434999999999 with timeout of 5s...
05-12-2024 14:49:57 - INFO - Sending request to Setting Chamber Zones to a= 0.8030539999999998, b= 0.20076349999999996, c= 0.8030539999999998, d= 0.20076349999999996 with timeout of 5s...
05-12-2024 14:49:57 - INFO - Sending request to Setting Chamber Zones to a= 0.798326, b= 0.1995815, c= 0.798326, d= 0.1995815 with timeout of 5s...
05-12-2024 14:49:57 - INFO - Sending request to Setting Chamber Zones to a= 0.798648, b= 0.199662, c= 0.798648, d= 0.199662 with timeout of 5s...
05-12-2024 14:49:57 - INFO - Sending request to Setting Chamber Zones to a= 0.79892, b= 0.19973, c= 0.79892, d= 0.19973 with timeout of 5s...
05-12-2024 14:49:58 - INFO - Sending request to Setting Chamber Zones to a= 0.7991919999999999, b= 0.19979799999999998, c= 0.7991919999999999, d= 0.19979799999999998 with timeout of 5s...
05-12-2024 14:49:58 - INFO - Sending request to Setting Chamber Zones to a= 0.7944059999999996, b= 0.1986014999999999, c= 0.7944059999999996, d= 0.1986014999999999 with timeout of 5s...
05-12-2024 14:49:58 - INFO - Sending request to Setting Chamber Zones to a= 0.7896619999999998, b= 0.19741549999999994, c= 0.7896619999999998, d= 0.19741549999999994 with timeout of 5s...
05-12-2024 14:49:58 - INFO - Sending request to Setting Chamber Zones to a= 0.7849099999999994, b= 0.19622749999999986, c= 0.7849099999999994, d= 0.19622749999999986 with timeout of 5s...
05-12-2024 14:49:58 - INFO - Sending request to Setting Chamber Zones to a= 0.7852079999999995, b= 0.19630199999999987, c= 0.7852079999999995, d= 0.19630199999999987 with timeout of 5s...
05-12-2024 14:49:59 - INFO - Sending request to Setting Chamber Zones to a= 0.7854559999999995, b= 0.19636399999999987, c= 0.7854559999999995, d= 0.19636399999999987 with timeout of 5s...
05-12-2024 14:49:59 - INFO - Sending request to Setting Chamber Zones to a= 0.7857039999999995, b= 0.19642599999999988, c= 0.7857039999999995, d= 0.19642599999999988 with timeout of 5s...
05-12-2024 14:49:59 - INFO - Sending request to Setting Chamber Zones to a= 0.7808939999999996, b= 0.1952234999999999, c= 0.7808939999999996, d= 0.1952234999999999 with timeout of 5s...
05-12-2024 14:49:59 - INFO - Sending request to Setting Chamber Zones to a= 0.7710679999999998, b= 0.19276699999999994, c= 0.7710679999999998, d= 0.19276699999999994 with timeout of 5s...
05-12-2024 14:49:59 - INFO - Sending request to Setting Chamber Zones to a= 0.7713919999999997, b= 0.19284799999999994, c= 0.7713919999999997, d= 0.19284799999999994 with timeout of 5s...
05-12-2024 14:50:00 - INFO - Sending request to Setting Chamber Zones to a= 0.766558, b= 0.1916395, c= 0.766558, d= 0.1916395 with timeout of 5s...
05-12-2024 14:50:00 - INFO - Sending request to Setting Chamber Zones to a= 0.7617659999999996, b= 0.1904414999999999, c= 0.7617659999999996, d= 0.1904414999999999 with timeout of 5s...
05-12-2024 14:50:00 - INFO - Sending request to Setting Chamber Zones to a= 0.7620239999999996, b= 0.1905059999999999, c= 0.7620239999999996, d= 0.1905059999999999 with timeout of 5s...
05-12-2024 14:50:00 - INFO - Sending request to Setting Chamber Zones to a= 0.7571739999999998, b= 0.18929349999999995, c= 0.7571739999999998, d= 0.18929349999999995 with timeout of 5s...
05-12-2024 14:50:00 - INFO - Sending request to Setting Chamber Zones to a= 0.7574239999999999, b= 0.18935599999999997, c= 0.7574239999999999, d= 0.18935599999999997 with timeout of 5s...
05-12-2024 14:50:01 - INFO - Sending request to Setting Chamber Zones to a= 0.7576239999999999, b= 0.18940599999999996, c= 0.7576239999999999, d= 0.18940599999999996 with timeout of 5s...
05-12-2024 14:50:01 - INFO - Sending request to Setting Chamber Zones to a= 0.7578239999999998, b= 0.18945599999999996, c= 0.7578239999999998, d= 0.18945599999999996 with timeout of 5s...
05-12-2024 14:50:01 - INFO - Sending request to Setting Chamber Zones to a= 0.7529660000000001, b= 0.18824150000000003, c= 0.7529660000000001, d= 0.18824150000000003 with timeout of 5s...
05-12-2024 14:50:01 - INFO - Sending request to Setting Chamber Zones to a= 0.7481499999999996, b= 0.1870374999999999, c= 0.7481499999999996, d= 0.1870374999999999 with timeout of 5s...
05-12-2024 14:50:01 - INFO - Sending request to Setting Chamber Zones to a= 0.7483839999999998, b= 0.18709599999999996, c= 0.7483839999999998, d= 0.18709599999999996 with timeout of 5s...
05-12-2024 14:50:02 - INFO - Sending request to Setting Chamber Zones to a= 0.74351, b= 0.1858775, c= 0.74351, d= 0.1858775 with timeout of 5s...
05-12-2024 14:50:02 - INFO - Sending request to Setting Chamber Zones to a= 0.7386779999999996, b= 0.1846694999999999, c= 0.7386779999999996, d= 0.1846694999999999 with timeout of 5s...
05-12-2024 14:50:02 - INFO - Sending request to Setting Chamber Zones to a= 0.733838, b= 0.1834595, c= 0.733838, d= 0.1834595 with timeout of 5s...
05-12-2024 14:50:02 - INFO - Sending request to Setting Chamber Zones to a= 0.7340479999999998, b= 0.18351199999999995, c= 0.7340479999999998, d= 0.18351199999999995 with timeout of 5s...
05-12-2024 14:50:02 - INFO - Sending request to Setting Chamber Zones to a= 0.7342079999999999, b= 0.18355199999999997, c= 0.7342079999999999, d= 0.18355199999999997 with timeout of 5s...
05-12-2024 14:50:03 - INFO - Sending request to Setting Chamber Zones to a= 0.7343679999999998, b= 0.18359199999999995, c= 0.7343679999999998, d= 0.18359199999999995 with timeout of 5s...
05-12-2024 14:50:03 - INFO - Sending request to Setting Chamber Zones to a= 0.7345279999999998, b= 0.18363199999999996, c= 0.7345279999999998, d= 0.18363199999999996 with timeout of 5s...
05-12-2024 14:50:03 - INFO - Sending request to Setting Chamber Zones to a= 0.7397459999999997, b= 0.18493649999999992, c= 0.7397459999999997, d= 0.18493649999999992 with timeout of 5s...
05-12-2024 14:50:03 - INFO - Sending request to Setting Chamber Zones to a= 0.7398639999999996, b= 0.1849659999999999, c= 0.7398639999999996, d= 0.1849659999999999 with timeout of 5s...
05-12-2024 14:50:03 - INFO - Sending request to Setting Chamber Zones to a= 0.7400319999999997, b= 0.18500799999999992, c= 0.7400319999999997, d= 0.18500799999999992 with timeout of 5s...
05-12-2024 14:50:04 - INFO - Sending request to Setting Chamber Zones to a= 1.0, b= 0.25, c= 1.0, d= 0.25 with timeout of 5s...
05-12-2024 14:50:04 - INFO - Sending request to Setting Chamber Zones to a= 1.0, b= 0.25, c= 1.0, d= 0.25 with timeout of 5s...
05-12-2024 14:50:04 - INFO - Sending request to Setting Chamber Zones to a= 1.0, b= 0.25, c= 1.0, d= 0.25 with timeout of 5s...
05-12-2024 14:50:04 - INFO - Sending request to Setting Chamber Zones to a= 1.0, b= 0.25, c= 1.0, d= 0.25 with timeout of 5s...
05-12-2024 14:50:05 - INFO - Sending request to Setting Chamber Zones to a= 1.0, b= 0.25, c= 1.0, d= 0.25 with timeout of 5s...
05-12-2024 14:50:05 - INFO - Sending request to Setting Chamber Zones to a= 1.0, b= 0.25, c= 1.0, d= 0.25 with timeout of 5s...
05-12-2024 14:50:05 - INFO - Sending request to Setting Chamber Zones to a= 1.0, b= 0.25, c= 1.0, d= 0.25 with timeout of 5s...
05-12-2024 14:50:05 - INFO - Sending request to Setting Chamber Zones to a= 1.0, b= 0.25, c= 1.0, d= 0.25 with timeout of 5s...
05-12-2024 14:50:05 - INFO - Setting Chamber Zones to a= 1.0, b= 0.25, c= 1.0, d= 0.25 request successfully sent.
05-12-2024 14:50:05 - INFO - Response from moonraker: {'result': 'ok'}
05-12-2024 14:50:05 - INFO - Setting Chamber Zones to a= 1.0, b= 0.25, c= 1.0, d= 0.25 Request successfully executed.
05-12-2024 14:50:05 - ERROR - E102 : Setting Chamber Zones to a= 1.0, b= 0.25, c= 1.0, d= 0.25 Request to Moonraker Timed out 
 Setting Chamber Zones to a= 1.0, b= 0.25, c= 1.0, d= 0.25 not successful
 Initiating firmware restart
05-12-2024 14:50:05 - INFO - Sending request to Setting Chamber Zones to a= 1.0, b= 0.25, c= 1.0, d= 0.25 with timeout of 5s...
05-12-2024 14:50:06 - INFO - Sending request to Setting Chamber Zones to a= 1.0, b= 0.25, c= 1.0, d= 0.25 with timeout of 5s...
05-12-2024 14:50:06 - INFO - Sending request to Setting Chamber Zones to a= 1.0, b= 0.25, c= 1.0, d= 0.25 with timeout of 5s...
05-12-2024 14:50:06 - INFO - Sending request to Setting Chamber Zones to a= 1.0, b= 0.25, c= 1.0, d= 0.25 with timeout of 5s...
05-12-2024 14:50:06 - INFO - Sending request to Setting Chamber Zones to a= 1.0, b= 0.25, c= 1.0, d= 0.25 with timeout of 5s...
05-12-2024 14:50:06 - INFO - Sending request to Setting Chamber Zones to a= 1.0, b= 0.25, c= 1.0, d= 0.25 with timeout of 5s...
05-12-2024 14:50:07 - INFO - Sending request to Setting Chamber Zones to a= 1.0, b= 0.25, c= 1.0, d= 0.25 with timeout of 5s...
05-12-2024 14:50:07 - INFO - Sending request to Setting Chamber Zones to a= 1.0, b= 0.25, c= 1.0, d= 0.25 with timeout of 5s...
05-12-2024 14:50:07 - INFO - Sending request to Setting Chamber Zones to a= 1.0, b= 0.25, c= 1.0, d= 0.25 with timeout of 5s...
05-12-2024 14:50:07 - INFO - Sending request to Setting Chamber Zones to a= 0.990836, b= 0.247709, c= 0.990836, d= 0.247709 with timeout of 5s...
05-12-2024 14:50:07 - INFO - Sending request to Setting Chamber Zones to a= 0.9916720000000001, b= 0.24791800000000003, c= 0.9916720000000001, d= 0.24791800000000003 with timeout of 5s...
05-12-2024 14:50:08 - INFO - Sending request to Setting Chamber Zones to a= 0.9922080000000001, b= 0.24805200000000002, c= 0.9922080000000001, d= 0.24805200000000002 with timeout of 5s...
05-12-2024 14:50:08 - INFO - Sending request to Setting Chamber Zones to a= 0.9623959999999997, b= 0.24059899999999992, c= 0.9623959999999997, d= 0.24059899999999992 with timeout of 5s...
05-12-2024 14:50:08 - INFO - Sending request to Setting Chamber Zones to a= 0.9480099999999997, b= 0.23700249999999992, c= 0.9480099999999997, d= 0.23700249999999992 with timeout of 5s...
05-12-2024 14:50:08 - INFO - Sending request to Setting Chamber Zones to a= 0.93345, b= 0.2333625, c= 0.93345, d= 0.2333625 with timeout of 5s...
05-12-2024 14:50:08 - INFO - Sending request to Setting Chamber Zones to a= 0.928982, b= 0.2322455, c= 0.928982, d= 0.2322455 with timeout of 5s...
05-12-2024 14:50:09 - INFO - Sending request to Setting Chamber Zones to a= 0.9244059999999997, b= 0.23110149999999993, c= 0.9244059999999997, d= 0.23110149999999993 with timeout of 5s...
05-12-2024 14:50:09 - INFO - Sending request to Setting Chamber Zones to a= 0.919822, b= 0.2299555, c= 0.919822, d= 0.2299555 with timeout of 5s...
05-12-2024 14:50:09 - INFO - Sending request to Setting Chamber Zones to a= 0.9101719999999999, b= 0.22754299999999997, c= 0.9101719999999999, d= 0.22754299999999997 with timeout of 5s...
05-12-2024 14:50:09 - INFO - Sending request to Setting Chamber Zones to a= 0.9056140000000003, b= 0.22640350000000006, c= 0.9056140000000003, d= 0.22640350000000006 with timeout of 5s...
05-12-2024 14:50:09 - INFO - Sending request to Setting Chamber Zones to a= 0.9009979999999996, b= 0.2252494999999999, c= 0.9009979999999996, d= 0.2252494999999999 with timeout of 5s...
05-12-2024 14:50:10 - INFO - Sending request to Setting Chamber Zones to a= 0.8963740000000001, b= 0.22409350000000003, c= 0.8963740000000001, d= 0.22409350000000003 with timeout of 5s...
05-12-2024 14:50:10 - INFO - Sending request to Setting Chamber Zones to a= 0.8968, b= 0.2242, c= 0.8968, d= 0.2242 with timeout of 5s...
05-12-2024 14:50:10 - INFO - Sending request to Setting Chamber Zones to a= 0.8820020000000003, b= 0.22050050000000007, c= 0.8820020000000003, d= 0.22050050000000007 with timeout of 5s...
05-12-2024 14:50:10 - INFO - Sending request to Setting Chamber Zones to a= 0.8723880000000002, b= 0.21809700000000004, c= 0.8723880000000002, d= 0.21809700000000004 with timeout of 5s...
05-12-2024 14:50:10 - INFO - Sending request to Setting Chamber Zones to a= 0.8677659999999997, b= 0.21694149999999993, c= 0.8677659999999997, d= 0.21694149999999993 with timeout of 5s...
05-12-2024 14:50:11 - INFO - Sending request to Setting Chamber Zones to a= 0.8630859999999998, b= 0.21577149999999995, c= 0.8630859999999998, d= 0.21577149999999995 with timeout of 5s...
05-12-2024 14:50:11 - INFO - Sending request to Setting Chamber Zones to a= 0.8583980000000002, b= 0.21459950000000005, c= 0.8583980000000002, d= 0.21459950000000005 with timeout of 5s...
05-12-2024 14:50:11 - INFO - Sending request to Setting Chamber Zones to a= 0.8537019999999997, b= 0.21342549999999993, c= 0.8537019999999997, d= 0.21342549999999993 with timeout of 5s...
05-12-2024 14:50:11 - INFO - Sending request to Setting Chamber Zones to a= 0.8489980000000001, b= 0.21224950000000004, c= 0.8489980000000001, d= 0.21224950000000004 with timeout of 5s...
05-12-2024 14:50:11 - INFO - Sending request to Setting Chamber Zones to a= 0.8493440000000002, b= 0.21233600000000005, c= 0.8493440000000002, d= 0.21233600000000005 with timeout of 5s...
05-12-2024 14:50:12 - INFO - Sending request to Setting Chamber Zones to a= 0.8445819999999997, b= 0.21114549999999993, c= 0.8445819999999997, d= 0.21114549999999993 with timeout of 5s...
05-12-2024 14:50:12 - INFO - Sending request to Setting Chamber Zones to a= 0.8348040000000003, b= 0.20870100000000008, c= 0.8348040000000003, d= 0.20870100000000008 with timeout of 5s...
05-12-2024 14:50:12 - INFO - Sending request to Setting Chamber Zones to a= 0.8301179999999998, b= 0.20752949999999995, c= 0.8301179999999998, d= 0.20752949999999995 with timeout of 5s...
05-12-2024 14:50:12 - INFO - Sending request to Setting Chamber Zones to a= 0.8253740000000002, b= 0.20634350000000004, c= 0.8253740000000002, d= 0.20634350000000004 with timeout of 5s...
05-12-2024 14:50:12 - INFO - Sending request to Setting Chamber Zones to a= 0.8206219999999997, b= 0.20515549999999994, c= 0.8206219999999997, d= 0.20515549999999994 with timeout of 5s...
05-12-2024 14:50:13 - INFO - Sending request to Setting Chamber Zones to a= 0.8108040000000003, b= 0.20270100000000008, c= 0.8108040000000003, d= 0.20270100000000008 with timeout of 5s...
05-12-2024 14:50:13 - INFO - Sending request to Setting Chamber Zones to a= 0.7959619999999997, b= 0.19899049999999993, c= 0.7959619999999997, d= 0.19899049999999993 with timeout of 5s...
05-12-2024 14:50:13 - INFO - Sending request to Setting Chamber Zones to a= 0.791262, b= 0.1978155, c= 0.791262, d= 0.1978155 with timeout of 5s...
05-12-2024 14:50:13 - INFO - Sending request to Setting Chamber Zones to a= 0.7864540000000004, b= 0.1966135000000001, c= 0.7864540000000004, d= 0.1966135000000001 with timeout of 5s...
05-12-2024 14:50:13 - INFO - Sending request to Setting Chamber Zones to a= 0.7816379999999998, b= 0.19540949999999996, c= 0.7816379999999998, d= 0.19540949999999996 with timeout of 5s...
05-12-2024 14:50:14 - INFO - Sending request to Setting Chamber Zones to a= 0.7768140000000002, b= 0.19420350000000006, c= 0.7768140000000002, d= 0.19420350000000006 with timeout of 5s...
05-12-2024 14:50:14 - INFO - Sending request to Setting Chamber Zones to a= 0.7669239999999999, b= 0.19173099999999998, c= 0.7669239999999999, d= 0.19173099999999998 with timeout of 5s...
05-12-2024 14:50:14 - INFO - Sending request to Setting Chamber Zones to a= 0.767184, b= 0.191796, c= 0.767184, d= 0.191796 with timeout of 5s...
05-12-2024 14:50:14 - INFO - Sending request to Setting Chamber Zones to a= 0.767344, b= 0.191836, c= 0.767344, d= 0.191836 with timeout of 5s...
05-12-2024 14:50:14 - INFO - Sending request to Setting Chamber Zones to a= 0.7624460000000003, b= 0.19061150000000007, c= 0.7624460000000003, d= 0.19061150000000007 with timeout of 5s...
05-12-2024 14:50:15 - INFO - Sending request to Setting Chamber Zones to a= 0.7575899999999998, b= 0.18939749999999994, c= 0.7575899999999998, d= 0.18939749999999994 with timeout of 5s...
05-12-2024 14:50:15 - INFO - Sending request to Setting Chamber Zones to a= 0.7426099999999998, b= 0.18565249999999994, c= 0.7426099999999998, d= 0.18565249999999994 with timeout of 5s...
05-12-2024 14:50:15 - INFO - Sending request to Setting Chamber Zones to a= 0.7378220000000002, b= 0.18445550000000005, c= 0.7378220000000002, d= 0.18445550000000005 with timeout of 5s...
05-12-2024 14:50:15 - INFO - Sending request to Setting Chamber Zones to a= 0.7329259999999996, b= 0.1832314999999999, c= 0.7329259999999996, d= 0.1832314999999999 with timeout of 5s...
05-12-2024 14:50:15 - INFO - Setting Chamber Zones to a= 0.7329259999999996, b= 0.1832314999999999, c= 0.7329259999999996, d= 0.1832314999999999 request successfully sent.
05-12-2024 14:50:15 - INFO - Response from moonraker: {'result': 'ok'}
05-12-2024 14:50:15 - INFO - Setting Chamber Zones to a= 0.7329259999999996, b= 0.1832314999999999, c= 0.7329259999999996, d= 0.1832314999999999 Request successfully executed.
05-12-2024 14:50:15 - ERROR - E102 : Setting Chamber Zones to a= 0.7329259999999996, b= 0.1832314999999999, c= 0.7329259999999996, d= 0.1832314999999999 Request to Moonraker Timed out 
 Setting Chamber Zones to a= 0.7329259999999996, b= 0.1832314999999999, c= 0.7329259999999996, d= 0.1832314999999999 not successful
 Initiating firmware restart
05-12-2024 14:50:15 - INFO - Sending request to Setting Chamber Zones to a= 0.7330799999999996, b= 0.1832699999999999, c= 0.7330799999999996, d= 0.1832699999999999 with timeout of 5s...
05-12-2024 14:50:16 - INFO - Sending request to Setting Chamber Zones to a= 0.7281259999999999, b= 0.18203149999999998, c= 0.7281259999999999, d= 0.18203149999999998 with timeout of 5s...
05-12-2024 14:50:16 - INFO - Sending request to Setting Chamber Zones to a= 0.7181559999999999, b= 0.17953899999999998, c= 0.7181559999999999, d= 0.17953899999999998 with timeout of 5s...
05-12-2024 14:50:16 - INFO - Sending request to Setting Chamber Zones to a= 0.7183359999999999, b= 0.17958399999999997, c= 0.7183359999999999, d= 0.17958399999999997 with timeout of 5s...
05-12-2024 14:50:16 - INFO - Sending request to Setting Chamber Zones to a= 0.713358, b= 0.1783395, c= 0.713358, d= 0.1783395 with timeout of 5s...
05-12-2024 14:50:16 - INFO - Sending request to Setting Chamber Zones to a= 0.71348, b= 0.17837, c= 0.71348, d= 0.17837 with timeout of 5s...
05-12-2024 14:50:17 - INFO - Sending request to Setting Chamber Zones to a= 0.7084939999999995, b= 0.17712349999999988, c= 0.7084939999999995, d= 0.17712349999999988 with timeout of 5s...
05-12-2024 14:50:17 - INFO - Sending request to Setting Chamber Zones to a= 0.7035499999999999, b= 0.17588749999999997, c= 0.7035499999999999, d= 0.17588749999999997 with timeout of 5s...
05-12-2024 14:50:17 - INFO - Sending request to Setting Chamber Zones to a= 0.7036560000000001, b= 0.17591400000000001, c= 0.7036560000000001, d= 0.17591400000000001 with timeout of 5s...
05-12-2024 14:50:17 - INFO - Sending request to Setting Chamber Zones to a= 0.703712, b= 0.175928, c= 0.703712, d= 0.175928 with timeout of 5s...
05-12-2024 14:50:17 - INFO - Sending request to Setting Chamber Zones to a= 0.6987099999999997, b= 0.17467749999999993, c= 0.6987099999999997, d= 0.17467749999999993 with timeout of 5s...
05-12-2024 14:50:18 - INFO - Sending request to Setting Chamber Zones to a= 0.69375, b= 0.1734375, c= 0.69375, d= 0.1734375 with timeout of 5s...
05-12-2024 14:50:18 - INFO - Sending request to Setting Chamber Zones to a= 0.6837239999999997, b= 0.17093099999999992, c= 0.6837239999999997, d= 0.17093099999999992 with timeout of 5s...
05-12-2024 14:50:18 - INFO - Sending request to Setting Chamber Zones to a= 0.6838479999999997, b= 0.17096199999999992, c= 0.6838479999999997, d= 0.17096199999999992 with timeout of 5s...
05-12-2024 14:50:18 - INFO - Sending request to Setting Chamber Zones to a= 0.6838719999999996, b= 0.1709679999999999, c= 0.6838719999999996, d= 0.1709679999999999 with timeout of 5s...
05-12-2024 14:50:18 - INFO - Sending request to Setting Chamber Zones to a= 0.6838959999999996, b= 0.1709739999999999, c= 0.6838959999999996, d= 0.1709739999999999 with timeout of 5s...
05-12-2024 14:50:19 - INFO - Sending request to Setting Chamber Zones to a= 0.6839199999999995, b= 0.17097999999999988, c= 0.6839199999999995, d= 0.17097999999999988 with timeout of 5s...
05-12-2024 14:50:19 - INFO - Sending request to Setting Chamber Zones to a= 0.6788859999999999, b= 0.16972149999999997, c= 0.6788859999999999, d= 0.16972149999999997 with timeout of 5s...
05-12-2024 14:50:19 - INFO - Sending request to Setting Chamber Zones to a= 0.6789519999999999, b= 0.16973799999999997, c= 0.6789519999999999, d= 0.16973799999999997 with timeout of 5s...
05-12-2024 14:50:19 - INFO - Sending request to Setting Chamber Zones to a= 0.6789679999999998, b= 0.16974199999999995, c= 0.6789679999999998, d= 0.16974199999999995 with timeout of 5s...
05-12-2024 14:50:19 - INFO - Sending request to Setting Chamber Zones to a= 0.6739259999999995, b= 0.16848149999999987, c= 0.6739259999999995, d= 0.16848149999999987 with timeout of 5s...
05-12-2024 14:50:20 - INFO - Sending request to Setting Chamber Zones to a= 0.44257866666666673, b= 0.11064466666666668, c= 0.44257866666666673, d= 0.11064466666666668 with timeout of 5s...
05-12-2024 14:50:20 - INFO - Sending request to Setting Chamber Zones to a= 0.43926799999999977, b= 0.10981699999999994, c= 0.43926799999999977, d= 0.10981699999999994 with timeout of 5s...
05-12-2024 14:50:20 - INFO - Sending request to Setting Chamber Zones to a= 0.43929066666666633, b= 0.10982266666666658, c= 0.43929066666666633, d= 0.10982266666666658 with timeout of 5s...
05-12-2024 14:50:20 - INFO - Sending request to Setting Chamber Zones to a= 0.43590799999999985, b= 0.10897699999999996, c= 0.43590799999999985, d= 0.10897699999999996 with timeout of 5s...
05-12-2024 14:50:20 - INFO - Sending request to Setting Chamber Zones to a= 0.43255333333333307, b= 0.10813833333333327, c= 0.43255333333333307, d= 0.10813833333333327 with timeout of 5s...
05-12-2024 14:50:21 - INFO - Sending request to Setting Chamber Zones to a= 0.432565333333333, b= 0.10814133333333326, c= 0.432565333333333, d= 0.10814133333333326 with timeout of 5s...
05-12-2024 14:50:21 - INFO - Sending request to Setting Chamber Zones to a= 0.4291719999999999, b= 0.10729299999999997, c= 0.4291719999999999, d= 0.10729299999999997 with timeout of 5s...
05-12-2024 14:50:21 - INFO - Sending request to Setting Chamber Zones to a= 0.4258066666666667, b= 0.10645166666666668, c= 0.4258066666666667, d= 0.10645166666666668 with timeout of 5s...
05-12-2024 14:50:21 - INFO - Sending request to Setting Chamber Zones to a= 0.4224359999999997, b= 0.10560899999999993, c= 0.4224359999999997, d= 0.10560899999999993 with timeout of 5s...
05-12-2024 14:50:21 - INFO - Sending request to Setting Chamber Zones to a= 0.41906, b= 0.104765, c= 0.41906, d= 0.104765 with timeout of 5s...
05-12-2024 14:50:22 - INFO - Sending request to Setting Chamber Zones to a= 0.4190506666666667, b= 0.10476266666666667, c= 0.4190506666666667, d= 0.10476266666666667 with timeout of 5s...
05-12-2024 14:50:22 - INFO - Sending request to Setting Chamber Zones to a= 0.41563599999999973, b= 0.10390899999999993, c= 0.41563599999999973, d= 0.10390899999999993 with timeout of 5s...
05-12-2024 14:50:22 - INFO - Sending request to Setting Chamber Zones to a= 0.4156213333333331, b= 0.10390533333333328, c= 0.4156213333333331, d= 0.10390533333333328 with timeout of 5s...
05-12-2024 14:50:22 - INFO - Sending request to Setting Chamber Zones to a= 0.4122013333333332, b= 0.1030503333333333, c= 0.4122013333333332, d= 0.1030503333333333 with timeout of 5s...
05-12-2024 14:50:22 - INFO - Sending request to Setting Chamber Zones to a= 0.40880933333333336, b= 0.10220233333333334, c= 0.40880933333333336, d= 0.10220233333333334 with timeout of 5s...
05-12-2024 14:50:23 - INFO - Sending request to Setting Chamber Zones to a= 0.40878400000000004, b= 0.10219600000000001, c= 0.40878400000000004, d= 0.10219600000000001 with timeout of 5s...
05-12-2024 14:50:23 - INFO - Sending request to Setting Chamber Zones to a= 0.4087253333333334, b= 0.10218133333333335, c= 0.4087253333333334, d= 0.10218133333333335 with timeout of 5s...
05-12-2024 14:50:23 - INFO - Sending request to Setting Chamber Zones to a= 0.40866666666666673, b= 0.10216666666666668, c= 0.40866666666666673, d= 0.10216666666666668 with timeout of 5s...
05-12-2024 14:50:23 - INFO - Sending request to Setting Chamber Zones to a= 0.4052359999999997, b= 0.10130899999999993, c= 0.4052359999999997, d= 0.10130899999999993 with timeout of 5s...
05-12-2024 14:50:23 - INFO - Sending request to Setting Chamber Zones to a= 0.4018333333333332, b= 0.1004583333333333, c= 0.4018333333333332, d= 0.1004583333333333 with timeout of 5s...
05-12-2024 14:50:24 - INFO - Sending request to Setting Chamber Zones to a= 0.398425333333333, b= 0.09960633333333326, c= 0.398425333333333, d= 0.09960633333333326 with timeout of 5s...
05-12-2024 14:50:24 - INFO - Sending request to Setting Chamber Zones to a= 0.3950119999999998, b= 0.09875299999999995, c= 0.3950119999999998, d= 0.09875299999999995 with timeout of 5s...
05-12-2024 14:50:24 - INFO - Sending request to Setting Chamber Zones to a= 0.3949653333333332, b= 0.0987413333333333, c= 0.3949653333333332, d= 0.0987413333333333 with timeout of 5s...
05-12-2024 14:50:24 - INFO - Sending request to Setting Chamber Zones to a= 0.3915133333333334, b= 0.09787833333333334, c= 0.3915133333333334, d= 0.09787833333333334 with timeout of 5s...
05-12-2024 14:50:24 - INFO - Sending request to Setting Chamber Zones to a= 0.3914613333333334, b= 0.09786533333333335, c= 0.3914613333333334, d= 0.09786533333333335 with timeout of 5s...
05-12-2024 14:50:25 - INFO - Sending request to Setting Chamber Zones to a= 0.3880039999999996, b= 0.0970009999999999, c= 0.3880039999999996, d= 0.0970009999999999 with timeout of 5s...
05-12-2024 14:50:25 - INFO - Sending request to Setting Chamber Zones to a= 0.38457466666666656, b= 0.09614366666666664, c= 0.38457466666666656, d= 0.09614366666666664 with timeout of 5s...
05-12-2024 14:50:25 - INFO - Sending request to Setting Chamber Zones to a= 0.384512, b= 0.096128, c= 0.384512, d= 0.096128 with timeout of 5s...
05-12-2024 14:50:25 - INFO - Sending request to Setting Chamber Zones to a= 0.38441600000000004, b= 0.09610400000000001, c= 0.38441600000000004, d= 0.09610400000000001 with timeout of 5s...
05-12-2024 14:50:25 - INFO - Setting Chamber Zones to a= 0.38441600000000004, b= 0.09610400000000001, c= 0.38441600000000004, d= 0.09610400000000001 request successfully sent.
05-12-2024 14:50:25 - INFO - Response from moonraker: {'result': 'ok'}
05-12-2024 14:50:25 - INFO - Setting Chamber Zones to a= 0.38441600000000004, b= 0.09610400000000001, c= 0.38441600000000004, d= 0.09610400000000001 Request successfully executed.
05-12-2024 14:50:25 - ERROR - E102 : Setting Chamber Zones to a= 0.38441600000000004, b= 0.09610400000000001, c= 0.38441600000000004, d= 0.09610400000000001 Request to Moonraker Timed out 
 Setting Chamber Zones to a= 0.38441600000000004, b= 0.09610400000000001, c= 0.38441600000000004, d= 0.09610400000000001 not successful
 Initiating firmware restart
05-12-2024 14:50:25 - INFO - Sending request to Setting Chamber Zones to a= 0.38432, b= 0.09608, c= 0.38432, d= 0.09608 with timeout of 5s...
05-12-2024 14:50:26 - INFO - Sending request to Setting Chamber Zones to a= 0.37748, b= 0.09437, c= 0.37748, d= 0.09437 with timeout of 5s...
05-12-2024 14:50:26 - INFO - Sending request to Setting Chamber Zones to a= 0.37406800000000007, b= 0.09351700000000002, c= 0.37406800000000007, d= 0.09351700000000002 with timeout of 5s...
05-12-2024 14:50:26 - INFO - Sending request to Setting Chamber Zones to a= 0.37398933333333334, b= 0.09349733333333334, c= 0.37398933333333334, d= 0.09349733333333334 with timeout of 5s...
05-12-2024 14:50:26 - INFO - Sending request to Setting Chamber Zones to a= 0.3705053333333331, b= 0.09262633333333327, c= 0.3705053333333331, d= 0.09262633333333327 with timeout of 5s...
05-12-2024 14:50:27 - INFO - Sending request to Setting Chamber Zones to a= 0.3704213333333331, b= 0.09260533333333328, c= 0.3704213333333331, d= 0.09260533333333328 with timeout of 5s...
05-12-2024 14:50:27 - INFO - Sending request to Setting Chamber Zones to a= 0.37367599999999995, b= 0.09341899999999999, c= 0.37367599999999995, d= 0.09341899999999999 with timeout of 5s...
05-12-2024 14:50:27 - INFO - Sending request to Setting Chamber Zones to a= 0.37690266666666644, b= 0.09422566666666661, c= 0.37690266666666644, d= 0.09422566666666661 with timeout of 5s...
05-12-2024 14:50:27 - INFO - Sending request to Setting Chamber Zones to a= 0.3835066666666666, b= 0.09587666666666665, c= 0.3835066666666666, d= 0.09587666666666665 with timeout of 5s...
05-12-2024 14:50:27 - INFO - Sending request to Setting Chamber Zones to a= 0.390088, b= 0.097522, c= 0.390088, d= 0.097522 with timeout of 5s...
05-12-2024 14:50:28 - INFO - Sending request to Setting Chamber Zones to a= 0.389936, b= 0.097484, c= 0.389936, d= 0.097484 with timeout of 5s...
05-12-2024 14:50:28 - INFO - Sending request to Setting Chamber Zones to a= 0.4033386666666663, b= 0.10083466666666657, c= 0.4033386666666663, d= 0.10083466666666657 with timeout of 5s...
05-12-2024 14:50:28 - INFO - Sending request to Setting Chamber Zones to a= 0.4132573333333329, b= 0.10331433333333323, c= 0.4132573333333329, d= 0.10331433333333323 with timeout of 5s...
05-12-2024 14:50:28 - INFO - Sending request to Setting Chamber Zones to a= 0.41648133333333326, b= 0.10412033333333331, c= 0.41648133333333326, d= 0.10412033333333331 with timeout of 5s...
05-12-2024 14:50:28 - INFO - Sending request to Setting Chamber Zones to a= 0.419777333333333, b= 0.10494433333333325, c= 0.419777333333333, d= 0.10494433333333325 with timeout of 5s...
05-12-2024 14:50:29 - INFO - Sending request to Setting Chamber Zones to a= 0.4230786666666666, b= 0.10576966666666665, c= 0.4230786666666666, d= 0.10576966666666665 with timeout of 5s...
05-12-2024 14:50:29 - INFO - Sending request to Setting Chamber Zones to a= 0.42975733333333294, b= 0.10743933333333323, c= 0.42975733333333294, d= 0.10743933333333323 with timeout of 5s...
05-12-2024 14:50:29 - INFO - Sending request to Setting Chamber Zones to a= 0.4364133333333331, b= 0.10910333333333327, c= 0.4364133333333331, d= 0.10910333333333327 with timeout of 5s...
05-12-2024 14:50:29 - INFO - Sending request to Setting Chamber Zones to a= 0.4397079999999999, b= 0.10992699999999997, c= 0.4397079999999999, d= 0.10992699999999997 with timeout of 5s...
05-12-2024 14:50:29 - INFO - Sending request to Setting Chamber Zones to a= 0.43966933333333325, b= 0.10991733333333331, c= 0.43966933333333325, d= 0.10991733333333331 with timeout of 5s...
05-12-2024 14:50:30 - INFO - Sending request to Setting Chamber Zones to a= 0.44303599999999965, b= 0.11075899999999991, c= 0.44303599999999965, d= 0.11075899999999991 with timeout of 5s...
05-12-2024 14:50:30 - INFO - Sending request to Setting Chamber Zones to a= 0.4430026666666664, b= 0.1107506666666666, c= 0.4430026666666664, d= 0.1107506666666666 with timeout of 5s...
05-12-2024 14:50:30 - INFO - Sending request to Setting Chamber Zones to a= 0.6796779999999994, b= 0.16991949999999986, c= 0.6796779999999994, d= 0.16991949999999986 with timeout of 5s...
05-12-2024 14:50:30 - INFO - Sending request to Setting Chamber Zones to a= 0.6846099999999997, b= 0.17115249999999993, c= 0.6846099999999997, d= 0.17115249999999993 with timeout of 5s...
05-12-2024 14:50:30 - INFO - Sending request to Setting Chamber Zones to a= 0.6947079999999992, b= 0.1736769999999998, c= 0.6947079999999992, d= 0.1736769999999998 with timeout of 5s...
05-12-2024 14:50:31 - INFO - Sending request to Setting Chamber Zones to a= 0.6946559999999993, b= 0.17366399999999982, c= 0.6946559999999993, d= 0.17366399999999982 with timeout of 5s...
05-12-2024 14:50:31 - INFO - Sending request to Setting Chamber Zones to a= 0.7048199999999993, b= 0.17620499999999983, c= 0.7048199999999993, d= 0.17620499999999983 with timeout of 5s...
05-12-2024 14:50:31 - INFO - Sending request to Setting Chamber Zones to a= 0.7047839999999992, b= 0.1761959999999998, c= 0.7047839999999992, d= 0.1761959999999998 with timeout of 5s...
05-12-2024 14:50:31 - INFO - Sending request to Setting Chamber Zones to a= 0.7099059999999996, b= 0.1774764999999999, c= 0.7099059999999996, d= 0.1774764999999999 with timeout of 5s...
05-12-2024 14:50:31 - INFO - Sending request to Setting Chamber Zones to a= 0.7099279999999996, b= 0.1774819999999999, c= 0.7099279999999996, d= 0.1774819999999999 with timeout of 5s...
05-12-2024 14:50:32 - INFO - Sending request to Setting Chamber Zones to a= 0.7150579999999994, b= 0.17876449999999985, c= 0.7150579999999994, d= 0.17876449999999985 with timeout of 5s...
05-12-2024 14:50:32 - INFO - Sending request to Setting Chamber Zones to a= 0.7150879999999994, b= 0.17877199999999985, c= 0.7150879999999994, d= 0.17877199999999985 with timeout of 5s...
05-12-2024 14:50:32 - INFO - Sending request to Setting Chamber Zones to a= 0.7202259999999991, b= 0.1800564999999998, c= 0.7202259999999991, d= 0.1800564999999998 with timeout of 5s...
05-12-2024 14:50:32 - INFO - Sending request to Setting Chamber Zones to a= 0.7202639999999991, b= 0.18006599999999978, c= 0.7202639999999991, d= 0.18006599999999978 with timeout of 5s...
05-12-2024 14:50:32 - INFO - Sending request to Setting Chamber Zones to a= 0.7304679999999992, b= 0.1826169999999998, c= 0.7304679999999992, d= 0.1826169999999998 with timeout of 5s...
05-12-2024 14:50:33 - INFO - Sending request to Setting Chamber Zones to a= 0.7304719999999992, b= 0.1826179999999998, c= 0.7304719999999992, d= 0.1826179999999998 with timeout of 5s...
05-12-2024 14:50:33 - INFO - Sending request to Setting Chamber Zones to a= 0.7305759999999991, b= 0.18264399999999978, c= 0.7305759999999991, d= 0.18264399999999978 with timeout of 5s...
05-12-2024 14:50:33 - INFO - Sending request to Setting Chamber Zones to a= 0.7357379999999994, b= 0.18393449999999986, c= 0.7357379999999994, d= 0.18393449999999986 with timeout of 5s...
05-12-2024 14:50:33 - INFO - Sending request to Setting Chamber Zones to a= 0.7357999999999995, b= 0.18394999999999986, c= 0.7357999999999995, d= 0.18394999999999986 with timeout of 5s...
05-12-2024 14:50:33 - INFO - Sending request to Setting Chamber Zones to a= 0.7460279999999989, b= 0.18650699999999973, c= 0.7460279999999989, d= 0.18650699999999973 with timeout of 5s...
05-12-2024 14:50:34 - INFO - Sending request to Setting Chamber Zones to a= 0.7460559999999989, b= 0.18651399999999974, c= 0.7460559999999989, d= 0.18651399999999974 with timeout of 5s...
05-12-2024 14:50:34 - INFO - Sending request to Setting Chamber Zones to a= 0.7512419999999994, b= 0.18781049999999985, c= 0.7512419999999994, d= 0.18781049999999985 with timeout of 5s...
05-12-2024 14:50:34 - INFO - Sending request to Setting Chamber Zones to a= 0.7513279999999996, b= 0.1878319999999999, c= 0.7513279999999996, d= 0.1878319999999999 with timeout of 5s...
05-12-2024 14:50:34 - INFO - Sending request to Setting Chamber Zones to a= 0.7514639999999996, b= 0.1878659999999999, c= 0.7514639999999996, d= 0.1878659999999999 with timeout of 5s...
05-12-2024 14:50:34 - INFO - Sending request to Setting Chamber Zones to a= 0.7566579999999992, b= 0.1891644999999998, c= 0.7566579999999992, d= 0.1891644999999998 with timeout of 5s...
05-12-2024 14:50:35 - INFO - Sending request to Setting Chamber Zones to a= 0.7618099999999997, b= 0.1904524999999999, c= 0.7618099999999997, d= 0.1904524999999999 with timeout of 5s...
05-12-2024 14:50:35 - INFO - Sending request to Setting Chamber Zones to a= 0.7669699999999993, b= 0.19174249999999982, c= 0.7669699999999993, d= 0.19174249999999982 with timeout of 5s...
05-12-2024 14:50:35 - INFO - Sending request to Setting Chamber Zones to a= 0.7670799999999993, b= 0.19176999999999983, c= 0.7670799999999993, d= 0.19176999999999983 with timeout of 5s...
05-12-2024 14:50:35 - INFO - Sending request to Setting Chamber Zones to a= 0.7672399999999994, b= 0.19180999999999984, c= 0.7672399999999994, d= 0.19180999999999984 with timeout of 5s...
05-12-2024 14:50:35 - INFO - Sending request to Setting Chamber Zones to a= 0.7673999999999992, b= 0.1918499999999998, c= 0.7673999999999992, d= 0.1918499999999998 with timeout of 5s...
05-12-2024 14:50:35 - INFO - Setting Chamber Zones to a= 0.7673999999999992, b= 0.1918499999999998, c= 0.7673999999999992, d= 0.1918499999999998 request successfully sent.
05-12-2024 14:50:35 - INFO - Response from moonraker: {'result': 'ok'}
05-12-2024 14:50:35 - INFO - Setting Chamber Zones to a= 0.7673999999999992, b= 0.1918499999999998, c= 0.7673999999999992, d= 0.1918499999999998 Request successfully executed.
05-12-2024 14:50:35 - ERROR - E102 : Setting Chamber Zones to a= 0.7673999999999992, b= 0.1918499999999998, c= 0.7673999999999992, d= 0.1918499999999998 Request to Moonraker Timed out 
 Setting Chamber Zones to a= 0.7673999999999992, b= 0.1918499999999998, c= 0.7673999999999992, d= 0.1918499999999998 not successful
 Initiating firmware restart
05-12-2024 14:50:36 - INFO - Sending request to Setting Chamber Zones to a= 0.7726179999999991, b= 0.19315449999999978, c= 0.7726179999999991, d= 0.19315449999999978 with timeout of 5s...
05-12-2024 14:50:36 - INFO - Sending request to Setting Chamber Zones to a= 0.772735999999999, b= 0.19318399999999974, c= 0.772735999999999, d= 0.19318399999999974 with timeout of 5s...
05-12-2024 14:50:36 - INFO - Sending request to Setting Chamber Zones to a= 0.7779619999999994, b= 0.19449049999999984, c= 0.7779619999999994, d= 0.19449049999999984 with timeout of 5s...
05-12-2024 14:50:36 - INFO - Sending request to Setting Chamber Zones to a= 0.7780879999999997, b= 0.19452199999999992, c= 0.7780879999999997, d= 0.19452199999999992 with timeout of 5s...
05-12-2024 14:50:36 - INFO - Sending request to Setting Chamber Zones to a= 0.7782639999999996, b= 0.1945659999999999, c= 0.7782639999999996, d= 0.1945659999999999 with timeout of 5s...
05-12-2024 14:50:37 - INFO - Sending request to Setting Chamber Zones to a= 0.7733819999999993, b= 0.19334549999999984, c= 0.7733819999999993, d= 0.19334549999999984 with timeout of 5s...
05-12-2024 14:50:37 - INFO - Sending request to Setting Chamber Zones to a= 0.7483099999999994, b= 0.18707749999999984, c= 0.7483099999999994, d= 0.18707749999999984 with timeout of 5s...
05-12-2024 14:50:37 - INFO - Sending request to Setting Chamber Zones to a= 0.7436299999999997, b= 0.18590749999999992, c= 0.7436299999999997, d= 0.18590749999999992 with timeout of 5s...
05-12-2024 14:50:37 - INFO - Sending request to Setting Chamber Zones to a= 0.7387419999999999, b= 0.18468549999999997, c= 0.7387419999999999, d= 0.18468549999999997 with timeout of 5s...
05-12-2024 14:50:37 - INFO - Sending request to Setting Chamber Zones to a= 0.7287879999999999, b= 0.18219699999999997, c= 0.7287879999999999, d= 0.18219699999999997 with timeout of 5s...
05-12-2024 14:50:38 - INFO - Sending request to Setting Chamber Zones to a= 0.7239259999999994, b= 0.18098149999999985, c= 0.7239259999999994, d= 0.18098149999999985 with timeout of 5s...
05-12-2024 14:50:38 - INFO - Sending request to Setting Chamber Zones to a= 0.7139479999999999, b= 0.17848699999999998, c= 0.7139479999999999, d= 0.17848699999999998 with timeout of 5s...
05-12-2024 14:50:38 - INFO - Sending request to Setting Chamber Zones to a= 0.7141199999999999, b= 0.17852999999999997, c= 0.7141199999999999, d= 0.17852999999999997 with timeout of 5s...
05-12-2024 14:50:38 - INFO - Sending request to Setting Chamber Zones to a= 0.6990179999999994, b= 0.17475449999999984, c= 0.6990179999999994, d= 0.17475449999999984 with timeout of 5s...
05-12-2024 14:50:38 - INFO - Sending request to Setting Chamber Zones to a= 0.6992159999999994, b= 0.17480399999999985, c= 0.6992159999999994, d= 0.17480399999999985 with timeout of 5s...
05-12-2024 14:50:39 - INFO - Sending request to Setting Chamber Zones to a= 0.6992639999999994, b= 0.17481599999999986, c= 0.6992639999999994, d= 0.17481599999999986 with timeout of 5s...
05-12-2024 14:50:39 - INFO - Sending request to Setting Chamber Zones to a= 0.6942539999999997, b= 0.17356349999999993, c= 0.6942539999999997, d= 0.17356349999999993 with timeout of 5s...
05-12-2024 14:50:39 - INFO - Sending request to Setting Chamber Zones to a= 0.6842279999999996, b= 0.1710569999999999, c= 0.6842279999999996, d= 0.1710569999999999 with timeout of 5s...
05-12-2024 14:50:39 - INFO - Sending request to Setting Chamber Zones to a= 0.6792939999999998, b= 0.16982349999999996, c= 0.6792939999999998, d= 0.16982349999999996 with timeout of 5s...
05-12-2024 14:50:39 - INFO - Sending request to Setting Chamber Zones to a= 0.6743019999999994, b= 0.16857549999999985, c= 0.6743019999999994, d= 0.16857549999999985 with timeout of 5s...
05-12-2024 14:50:40 - INFO - Sending request to Setting Chamber Zones to a= 0.4428293333333333, b= 0.11070733333333332, c= 0.4428293333333333, d= 0.11070733333333332 with timeout of 5s...
05-12-2024 14:50:40 - INFO - Sending request to Setting Chamber Zones to a= 0.4428906666666667, b= 0.11072266666666668, c= 0.4428906666666667, d= 0.11072266666666668 with timeout of 5s...
05-12-2024 14:50:40 - INFO - Sending request to Setting Chamber Zones to a= 0.439513333333333, b= 0.10987833333333324, c= 0.439513333333333, d= 0.10987833333333324 with timeout of 5s...
05-12-2024 14:50:40 - INFO - Sending request to Setting Chamber Zones to a= 0.43953599999999965, b= 0.10988399999999991, c= 0.43953599999999965, d= 0.10988399999999991 with timeout of 5s...
05-12-2024 14:50:40 - INFO - Sending request to Setting Chamber Zones to a= 0.43615333333333317, b= 0.10903833333333329, c= 0.43615333333333317, d= 0.10903833333333329 with timeout of 5s...
05-12-2024 14:50:41 - INFO - Sending request to Setting Chamber Zones to a= 0.4327986666666663, b= 0.10819966666666657, c= 0.4327986666666663, d= 0.10819966666666657 with timeout of 5s...
05-12-2024 14:50:41 - INFO - Sending request to Setting Chamber Zones to a= 0.43281066666666634, b= 0.10820266666666659, c= 0.43281066666666634, d= 0.10820266666666659 with timeout of 5s...
05-12-2024 14:50:41 - INFO - Sending request to Setting Chamber Zones to a= 0.4294173333333331, b= 0.10735433333333327, c= 0.4294173333333331, d= 0.10735433333333327 with timeout of 5s...
05-12-2024 14:50:41 - INFO - Sending request to Setting Chamber Zones to a= 0.4294239999999998, b= 0.10735599999999995, c= 0.4294239999999998, d= 0.10735599999999995 with timeout of 5s...
05-12-2024 14:50:41 - INFO - Sending request to Setting Chamber Zones to a= 0.42265333333333294, b= 0.10566333333333323, c= 0.42265333333333294, d= 0.10566333333333323 with timeout of 5s...
05-12-2024 14:50:42 - INFO - Sending request to Setting Chamber Zones to a= 0.4193106666666666, b= 0.10482766666666665, c= 0.4193106666666666, d= 0.10482766666666665 with timeout of 5s...
05-12-2024 14:50:42 - INFO - Sending request to Setting Chamber Zones to a= 0.4193013333333333, b= 0.10482533333333333, c= 0.4193013333333333, d= 0.10482533333333333 with timeout of 5s...
05-12-2024 14:50:42 - INFO - Sending request to Setting Chamber Zones to a= 0.41925866666666667, b= 0.10481466666666667, c= 0.41925866666666667, d= 0.10481466666666667 with timeout of 5s...
05-12-2024 14:50:42 - INFO - Sending request to Setting Chamber Zones to a= 0.41921600000000003, b= 0.10480400000000001, c= 0.41921600000000003, d= 0.10480400000000001 with timeout of 5s...
05-12-2024 14:50:42 - INFO - Sending request to Setting Chamber Zones to a= 0.4158013333333331, b= 0.10395033333333327, c= 0.4158013333333331, d= 0.10395033333333327 with timeout of 5s...
05-12-2024 14:50:43 - INFO - Sending request to Setting Chamber Zones to a= 0.41578666666666647, b= 0.10394666666666662, c= 0.41578666666666647, d= 0.10394666666666662 with timeout of 5s...
05-12-2024 14:50:43 - INFO - Sending request to Setting Chamber Zones to a= 0.41236666666666655, b= 0.10309166666666664, c= 0.41236666666666655, d= 0.10309166666666664 with timeout of 5s...
05-12-2024 14:50:43 - INFO - Sending request to Setting Chamber Zones to a= 0.41234666666666653, b= 0.10308666666666663, c= 0.41234666666666653, d= 0.10308666666666663 with timeout of 5s...
05-12-2024 14:50:43 - INFO - Sending request to Setting Chamber Zones to a= 0.40892133333333347, b= 0.10223033333333337, c= 0.40892133333333347, d= 0.10223033333333337 with timeout of 5s...
05-12-2024 14:50:43 - INFO - Sending request to Setting Chamber Zones to a= 0.4088960000000001, b= 0.10222400000000002, c= 0.4088960000000001, d= 0.10222400000000002 with timeout of 5s...
05-12-2024 14:50:44 - INFO - Sending request to Setting Chamber Zones to a= 0.40883733333333344, b= 0.10220933333333336, c= 0.40883733333333344, d= 0.10220933333333336 with timeout of 5s...
05-12-2024 14:50:44 - INFO - Sending request to Setting Chamber Zones to a= 0.4087786666666667, b= 0.10219466666666667, c= 0.4087786666666667, d= 0.10219466666666667 with timeout of 5s...
05-12-2024 14:50:44 - INFO - Sending request to Setting Chamber Zones to a= 0.40871999999999997, b= 0.10217999999999999, c= 0.40871999999999997, d= 0.10217999999999999 with timeout of 5s...
05-12-2024 14:50:44 - INFO - Sending request to Setting Chamber Zones to a= 0.405289333333333, b= 0.10132233333333325, c= 0.405289333333333, d= 0.10132233333333325 with timeout of 5s...
05-12-2024 14:50:44 - INFO - Sending request to Setting Chamber Zones to a= 0.4018866666666667, b= 0.10047166666666668, c= 0.4018866666666667, d= 0.10047166666666668 with timeout of 5s...
05-12-2024 14:50:45 - INFO - Sending request to Setting Chamber Zones to a= 0.3984786666666664, b= 0.0996196666666666, c= 0.3984786666666664, d= 0.0996196666666666 with timeout of 5s...
05-12-2024 14:50:45 - INFO - Sending request to Setting Chamber Zones to a= 0.39843733333333303, b= 0.09960933333333326, c= 0.39843733333333303, d= 0.09960933333333326 with timeout of 5s...
05-12-2024 14:50:45 - INFO - Sending request to Setting Chamber Zones to a= 0.3949906666666665, b= 0.09874766666666662, c= 0.3949906666666665, d= 0.09874766666666662 with timeout of 5s...
05-12-2024 14:50:45 - INFO - Sending request to Setting Chamber Zones to a= 0.3949439999999999, b= 0.09873599999999998, c= 0.3949439999999999, d= 0.09873599999999998 with timeout of 5s...
05-12-2024 14:50:45 - INFO - Setting Chamber Zones to a= 0.3949439999999999, b= 0.09873599999999998, c= 0.3949439999999999, d= 0.09873599999999998 request successfully sent.
05-12-2024 14:50:45 - INFO - Response from moonraker: {'result': 'ok'}
05-12-2024 14:50:45 - INFO - Setting Chamber Zones to a= 0.3949439999999999, b= 0.09873599999999998, c= 0.3949439999999999, d= 0.09873599999999998 Request successfully executed.
05-12-2024 14:50:45 - ERROR - E102 : Setting Chamber Zones to a= 0.3949439999999999, b= 0.09873599999999998, c= 0.3949439999999999, d= 0.09873599999999998 Request to Moonraker Timed out 
 Setting Chamber Zones to a= 0.3949439999999999, b= 0.09873599999999998, c= 0.3949439999999999, d= 0.09873599999999998 not successful
 Initiating firmware restart
05-12-2024 14:50:45 - INFO - Sending request to Setting Chamber Zones to a= 0.3948639999999998, b= 0.09871599999999996, c= 0.3948639999999998, d= 0.09871599999999996 with timeout of 5s...
05-12-2024 14:50:46 - INFO - Sending request to Setting Chamber Zones to a= 0.384668, b= 0.096167, c= 0.384668, d= 0.096167 with timeout of 5s...
05-12-2024 14:50:46 - INFO - Sending request to Setting Chamber Zones to a= 0.38467200000000007, b= 0.09616800000000002, c= 0.38467200000000007, d= 0.09616800000000002 with timeout of 5s...
05-12-2024 14:50:46 - INFO - Sending request to Setting Chamber Zones to a= 0.3812039999999998, b= 0.09530099999999996, c= 0.3812039999999998, d= 0.09530099999999996 with timeout of 5s...
05-12-2024 14:50:46 - INFO - Sending request to Setting Chamber Zones to a= 0.38113599999999975, b= 0.09528399999999994, c= 0.38113599999999975, d= 0.09528399999999994 with timeout of 5s...
05-12-2024 14:50:46 - INFO - Sending request to Setting Chamber Zones to a= 0.38103466666666647, b= 0.09525866666666662, c= 0.38103466666666647, d= 0.09525866666666662 with timeout of 5s...
05-12-2024 14:50:47 - INFO - Sending request to Setting Chamber Zones to a= 0.3809333333333332, b= 0.0952333333333333, c= 0.3809333333333332, d= 0.0952333333333333 with timeout of 5s...
05-12-2024 14:50:47 - INFO - Sending request to Setting Chamber Zones to a= 0.38420400000000016, b= 0.09605100000000004, c= 0.38420400000000016, d= 0.09605100000000004 with timeout of 5s...
05-12-2024 14:50:47 - INFO - Sending request to Setting Chamber Zones to a= 0.38744666666666655, b= 0.09686166666666664, c= 0.38744666666666655, d= 0.09686166666666664 with timeout of 5s...
05-12-2024 14:50:47 - INFO - Sending request to Setting Chamber Zones to a= 0.39069466666666686, b= 0.09767366666666671, c= 0.39069466666666686, d= 0.09767366666666671 with timeout of 5s...
05-12-2024 14:50:47 - INFO - Sending request to Setting Chamber Zones to a= 0.393948, b= 0.098487, c= 0.393948, d= 0.098487 with timeout of 5s...
05-12-2024 14:50:48 - INFO - Sending request to Setting Chamber Zones to a= 0.39720666666666643, b= 0.09930166666666661, c= 0.39720666666666643, d= 0.09930166666666661 with timeout of 5s...
05-12-2024 14:50:48 - INFO - Sending request to Setting Chamber Zones to a= 0.40384266666666657, b= 0.10096066666666664, c= 0.40384266666666657, d= 0.10096066666666664 with timeout of 5s...
05-12-2024 14:50:48 - INFO - Sending request to Setting Chamber Zones to a= 0.40708400000000017, b= 0.10177100000000004, c= 0.40708400000000017, d= 0.10177100000000004 with timeout of 5s...
05-12-2024 14:50:48 - INFO - Sending request to Setting Chamber Zones to a= 0.4137359999999998, b= 0.10343399999999996, c= 0.4137359999999998, d= 0.10343399999999996 with timeout of 5s...
05-12-2024 14:50:48 - INFO - Sending request to Setting Chamber Zones to a= 0.4136213333333332, b= 0.1034053333333333, c= 0.4136213333333332, d= 0.1034053333333333 with timeout of 5s...
05-12-2024 14:50:49 - INFO - Sending request to Setting Chamber Zones to a= 0.41694533333333356, b= 0.10423633333333339, c= 0.41694533333333356, d= 0.10423633333333339 with timeout of 5s...
05-12-2024 14:50:49 - INFO - Sending request to Setting Chamber Zones to a= 0.42024133333333324, b= 0.10506033333333331, c= 0.42024133333333324, d= 0.10506033333333331 with timeout of 5s...
05-12-2024 14:50:49 - INFO - Sending request to Setting Chamber Zones to a= 0.4269146666666666, b= 0.10672866666666665, c= 0.4269146666666666, d= 0.10672866666666665 with timeout of 5s...
05-12-2024 14:50:49 - INFO - Sending request to Setting Chamber Zones to a= 0.42682133333333333, b= 0.10670533333333333, c= 0.42682133333333333, d= 0.10670533333333333 with timeout of 5s...
05-12-2024 14:50:49 - INFO - Sending request to Setting Chamber Zones to a= 0.43016666666666653, b= 0.10754166666666663, c= 0.43016666666666653, d= 0.10754166666666663 with timeout of 5s...
05-12-2024 14:50:50 - INFO - Sending request to Setting Chamber Zones to a= 0.4301119999999999, b= 0.10752799999999997, c= 0.4301119999999999, d= 0.10752799999999997 with timeout of 5s...
05-12-2024 14:50:50 - INFO - Sending request to Setting Chamber Zones to a= 0.43009066666666657, b= 0.10752266666666664, c= 0.43009066666666657, d= 0.10752266666666664 with timeout of 5s...
05-12-2024 14:50:50 - INFO - Sending request to Setting Chamber Zones to a= 0.4300693333333332, b= 0.1075173333333333, c= 0.4300693333333332, d= 0.1075173333333333 with timeout of 5s...
05-12-2024 14:50:50 - INFO - Sending request to Setting Chamber Zones to a= 0.436792, b= 0.109198, c= 0.436792, d= 0.109198 with timeout of 5s...
05-12-2024 14:50:50 - INFO - Sending request to Setting Chamber Zones to a= 0.4400866666666669, b= 0.11002166666666673, c= 0.4400866666666669, d= 0.11002166666666673 with timeout of 5s...
05-12-2024 14:50:51 - INFO - Sending request to Setting Chamber Zones to a= 0.4400480000000002, b= 0.11001200000000005, c= 0.4400480000000002, d= 0.11001200000000005 with timeout of 5s...
05-12-2024 14:50:51 - INFO - Sending request to Setting Chamber Zones to a= 0.4434146666666667, b= 0.11085366666666667, c= 0.4434146666666667, d= 0.11085366666666667 with timeout of 5s...
05-12-2024 14:50:51 - INFO - Sending request to Setting Chamber Zones to a= 0.4433813333333333, b= 0.11084533333333332, c= 0.4433813333333333, d= 0.11084533333333332 with timeout of 5s...
05-12-2024 14:50:51 - INFO - Sending request to Setting Chamber Zones to a= 0.6701299999999997, b= 0.16753249999999992, c= 0.6701299999999997, d= 0.16753249999999992 with timeout of 5s...
05-12-2024 14:50:51 - INFO - Sending request to Setting Chamber Zones to a= 0.6700879999999998, b= 0.16752199999999995, c= 0.6700879999999998, d= 0.16752199999999995 with timeout of 5s...
05-12-2024 14:50:52 - INFO - Sending request to Setting Chamber Zones to a= 0.6700959999999998, b= 0.16752399999999995, c= 0.6700959999999998, d= 0.16752399999999995 with timeout of 5s...
05-12-2024 14:50:52 - INFO - Sending request to Setting Chamber Zones to a= 0.6701039999999998, b= 0.16752599999999995, c= 0.6701039999999998, d= 0.16752599999999995 with timeout of 5s...
05-12-2024 14:50:52 - INFO - Sending request to Setting Chamber Zones to a= 0.6701119999999999, b= 0.16752799999999998, c= 0.6701119999999999, d= 0.16752799999999998 with timeout of 5s...
05-12-2024 14:50:52 - INFO - Sending request to Setting Chamber Zones to a= 0.6701199999999998, b= 0.16752999999999996, c= 0.6701199999999998, d= 0.16752999999999996 with timeout of 5s...
05-12-2024 14:50:52 - INFO - Sending request to Setting Chamber Zones to a= 0.6751860000000004, b= 0.1687965000000001, c= 0.6751860000000004, d= 0.1687965000000001 with timeout of 5s...
05-12-2024 14:50:53 - INFO - Sending request to Setting Chamber Zones to a= 0.6751520000000003, b= 0.16878800000000008, c= 0.6751520000000003, d= 0.16878800000000008 with timeout of 5s...
05-12-2024 14:50:53 - INFO - Sending request to Setting Chamber Zones to a= 0.6802260000000001, b= 0.17005650000000003, c= 0.6802260000000001, d= 0.17005650000000003 with timeout of 5s...
05-12-2024 14:50:53 - INFO - Sending request to Setting Chamber Zones to a= 0.6852580000000005, b= 0.17131450000000012, c= 0.6852580000000005, d= 0.17131450000000012 with timeout of 5s...
05-12-2024 14:50:53 - INFO - Sending request to Setting Chamber Zones to a= 0.6852400000000004, b= 0.1713100000000001, c= 0.6852400000000004, d= 0.1713100000000001 with timeout of 5s...
05-12-2024 14:50:53 - INFO - Sending request to Setting Chamber Zones to a= 0.6903300000000001, b= 0.17258250000000003, c= 0.6903300000000001, d= 0.17258250000000003 with timeout of 5s...
05-12-2024 14:50:54 - INFO - Sending request to Setting Chamber Zones to a= 0.6903200000000003, b= 0.17258000000000007, c= 0.6903200000000003, d= 0.17258000000000007 with timeout of 5s...
05-12-2024 14:50:54 - INFO - Sending request to Setting Chamber Zones to a= 0.6903600000000002, b= 0.17259000000000005, c= 0.6903600000000002, d= 0.17259000000000005 with timeout of 5s...
05-12-2024 14:50:54 - INFO - Sending request to Setting Chamber Zones to a= 0.6904000000000002, b= 0.17260000000000006, c= 0.6904000000000002, d= 0.17260000000000006 with timeout of 5s...
05-12-2024 14:50:54 - INFO - Sending request to Setting Chamber Zones to a= 0.6904400000000003, b= 0.17261000000000007, c= 0.6904400000000003, d= 0.17261000000000007 with timeout of 5s...
05-12-2024 14:50:54 - INFO - Sending request to Setting Chamber Zones to a= 0.6904800000000002, b= 0.17262000000000005, c= 0.6904800000000002, d= 0.17262000000000005 with timeout of 5s...
05-12-2024 14:50:55 - INFO - Sending request to Setting Chamber Zones to a= 0.6905200000000002, b= 0.17263000000000006, c= 0.6905200000000002, d= 0.17263000000000006 with timeout of 5s...
05-12-2024 14:50:55 - INFO - Sending request to Setting Chamber Zones to a= 0.695618, b= 0.1739045, c= 0.695618, d= 0.1739045 with timeout of 5s...
05-12-2024 14:50:55 - INFO - Sending request to Setting Chamber Zones to a= 0.6956159999999998, b= 0.17390399999999995, c= 0.6956159999999998, d= 0.17390399999999995 with timeout of 5s...
05-12-2024 14:50:55 - INFO - Sending request to Setting Chamber Zones to a= 0.6956640000000001, b= 0.17391600000000002, c= 0.6956640000000001, d= 0.17391600000000002 with timeout of 5s...
05-12-2024 14:50:55 - INFO - Setting Chamber Zones to a= 0.6956640000000001, b= 0.17391600000000002, c= 0.6956640000000001, d= 0.17391600000000002 request successfully sent.
05-12-2024 14:50:55 - INFO - Response from moonraker: {'result': 'ok'}
05-12-2024 14:50:55 - INFO - Setting Chamber Zones to a= 0.6956640000000001, b= 0.17391600000000002, c= 0.6956640000000001, d= 0.17391600000000002 Request successfully executed.
05-12-2024 14:50:55 - ERROR - E102 : Setting Chamber Zones to a= 0.6956640000000001, b= 0.17391600000000002, c= 0.6956640000000001, d= 0.17391600000000002 Request to Moonraker Timed out 
 Setting Chamber Zones to a= 0.6956640000000001, b= 0.17391600000000002, c= 0.6956640000000001, d= 0.17391600000000002 not successful
 Initiating firmware restart
05-12-2024 14:50:56 - INFO - Sending request to Setting Chamber Zones to a= 0.695712, b= 0.173928, c= 0.695712, d= 0.173928 with timeout of 5s...
05-12-2024 14:50:56 - INFO - Sending request to Setting Chamber Zones to a= 0.69576, b= 0.17394, c= 0.69576, d= 0.17394 with timeout of 5s...
05-12-2024 14:50:56 - INFO - Sending request to Setting Chamber Zones to a= 0.6958080000000001, b= 0.17395200000000002, c= 0.6958080000000001, d= 0.17395200000000002 with timeout of 5s...
05-12-2024 14:50:56 - INFO - Sending request to Setting Chamber Zones to a= 0.7009140000000006, b= 0.17522850000000015, c= 0.7009140000000006, d= 0.17522850000000015 with timeout of 5s...
05-12-2024 14:50:56 - INFO - Sending request to Setting Chamber Zones to a= 0.7009200000000007, b= 0.17523000000000016, c= 0.7009200000000007, d= 0.17523000000000016 with timeout of 5s...
05-12-2024 14:50:57 - INFO - Sending request to Setting Chamber Zones to a= 0.7009760000000007, b= 0.17524400000000018, c= 0.7009760000000007, d= 0.17524400000000018 with timeout of 5s...
05-12-2024 14:50:57 - INFO - Sending request to Setting Chamber Zones to a= 0.6959740000000003, b= 0.17399350000000008, c= 0.6959740000000003, d= 0.17399350000000008 with timeout of 5s...
05-12-2024 14:50:57 - INFO - Sending request to Setting Chamber Zones to a= 0.6808980000000004, b= 0.1702245000000001, c= 0.6808980000000004, d= 0.1702245000000001 with timeout of 5s...
05-12-2024 14:50:57 - INFO - Sending request to Setting Chamber Zones to a= 0.4439320000000004, b= 0.1109830000000001, c= 0.4439320000000004, d= 0.1109830000000001 with timeout of 5s...
05-12-2024 14:50:57 - INFO - Sending request to Setting Chamber Zones to a= 0.4406600000000005, b= 0.11016500000000012, c= 0.4406600000000005, d= 0.11016500000000012 with timeout of 5s...
05-12-2024 14:50:58 - INFO - Sending request to Setting Chamber Zones to a= 0.4305720000000002, b= 0.10764300000000004, c= 0.4305720000000002, d= 0.10764300000000004 with timeout of 5s...
05-12-2024 14:50:58 - INFO - Sending request to Setting Chamber Zones to a= 0.427278666666667, b= 0.10681966666666674, c= 0.427278666666667, d= 0.10681966666666674 with timeout of 5s...
05-12-2024 14:50:58 - INFO - Sending request to Setting Chamber Zones to a= 0.4205413333333336, b= 0.1051353333333334, c= 0.4205413333333336, d= 0.1051353333333334 with timeout of 5s...
05-12-2024 14:50:58 - INFO - Sending request to Setting Chamber Zones to a= 0.41382666666666684, b= 0.10345666666666671, c= 0.41382666666666684, d= 0.10345666666666671 with timeout of 5s...
05-12-2024 14:50:58 - INFO - Sending request to Setting Chamber Zones to a= 0.40035733333333384, b= 0.10008933333333346, c= 0.40035733333333384, d= 0.10008933333333346 with timeout of 5s...
05-12-2024 14:50:59 - INFO - Sending request to Setting Chamber Zones to a= 0.4004213333333338, b= 0.10010533333333345, c= 0.4004213333333338, d= 0.10010533333333345 with timeout of 5s...
05-12-2024 14:50:59 - INFO - Sending request to Setting Chamber Zones to a= 0.40035200000000054, b= 0.10008800000000014, c= 0.40035200000000054, d= 0.10008800000000014 with timeout of 5s...
05-12-2024 14:50:59 - INFO - Sending request to Setting Chamber Zones to a= 0.3834226666666673, b= 0.09585566666666683, c= 0.3834226666666673, d= 0.09585566666666683 with timeout of 5s...
05-12-2024 14:50:59 - INFO - Sending request to Setting Chamber Zones to a= 0.3801213333333336, b= 0.0950303333333334, c= 0.3801213333333336, d= 0.0950303333333334 with timeout of 5s...
05-12-2024 14:50:59 - INFO - Sending request to Setting Chamber Zones to a= 0.38005333333333363, b= 0.09501333333333341, c= 0.38005333333333363, d= 0.09501333333333341 with timeout of 5s...
05-12-2024 14:51:00 - INFO - Sending request to Setting Chamber Zones to a= 0.3765800000000005, b= 0.09414500000000013, c= 0.3765800000000005, d= 0.09414500000000013 with timeout of 5s...
05-12-2024 14:51:00 - INFO - Sending request to Setting Chamber Zones to a= 0.36976266666666713, b= 0.09244066666666678, c= 0.36976266666666713, d= 0.09244066666666678 with timeout of 5s...
05-12-2024 14:51:00 - INFO - Sending request to Setting Chamber Zones to a= 0.36296800000000023, b= 0.09074200000000006, c= 0.36296800000000023, d= 0.09074200000000006 with timeout of 5s...
05-12-2024 14:51:00 - INFO - Sending request to Setting Chamber Zones to a= 0.36290666666666693, b= 0.09072666666666673, c= 0.36290666666666693, d= 0.09072666666666673 with timeout of 5s...
05-12-2024 14:51:00 - INFO - Sending request to Setting Chamber Zones to a= 0.35940666666666715, b= 0.08985166666666679, c= 0.35940666666666715, d= 0.08985166666666679 with timeout of 5s...
05-12-2024 14:51:01 - INFO - Sending request to Setting Chamber Zones to a= 0.35930666666666716, b= 0.08982666666666679, c= 0.35930666666666716, d= 0.08982666666666679 with timeout of 5s...
05-12-2024 14:51:01 - INFO - Sending request to Setting Chamber Zones to a= 0.3591733333333338, b= 0.08979333333333345, c= 0.3591733333333338, d= 0.08979333333333345 with timeout of 5s...
05-12-2024 14:51:01 - INFO - Sending request to Setting Chamber Zones to a= 0.3590400000000005, b= 0.08976000000000013, c= 0.3590400000000005, d= 0.08976000000000013 with timeout of 5s...
05-12-2024 14:51:01 - INFO - Sending request to Setting Chamber Zones to a= 0.35216266666666707, b= 0.08804066666666677, c= 0.35216266666666707, d= 0.08804066666666677 with timeout of 5s...
05-12-2024 14:51:01 - INFO - Sending request to Setting Chamber Zones to a= 0.34534133333333356, b= 0.08633533333333339, c= 0.34534133333333356, d= 0.08633533333333339 with timeout of 5s...
05-12-2024 14:51:02 - INFO - Sending request to Setting Chamber Zones to a= 0.3452533333333337, b= 0.08631333333333342, c= 0.3452533333333337, d= 0.08631333333333342 with timeout of 5s...
05-12-2024 14:51:02 - INFO - Sending request to Setting Chamber Zones to a= 0.34509866666666705, b= 0.08627466666666676, c= 0.34509866666666705, d= 0.08627466666666676 with timeout of 5s...
05-12-2024 14:51:02 - INFO - Sending request to Setting Chamber Zones to a= 0.34494400000000036, b= 0.08623600000000009, c= 0.34494400000000036, d= 0.08623600000000009 with timeout of 5s...
05-12-2024 14:51:02 - INFO - Sending request to Setting Chamber Zones to a= 0.3414173333333339, b= 0.08535433333333348, c= 0.3414173333333339, d= 0.08535433333333348 with timeout of 5s...
05-12-2024 14:51:02 - INFO - Sending request to Setting Chamber Zones to a= 0.3379186666666674, b= 0.08447966666666686, c= 0.3379186666666674, d= 0.08447966666666686 with timeout of 5s...
05-12-2024 14:51:03 - INFO - Sending request to Setting Chamber Zones to a= 0.3344146666666671, b= 0.08360366666666677, c= 0.3344146666666671, d= 0.08360366666666677 with timeout of 5s...
05-12-2024 14:51:03 - INFO - Sending request to Setting Chamber Zones to a= 0.3342773333333337, b= 0.08356933333333343, c= 0.3342773333333337, d= 0.08356933333333343 with timeout of 5s...
05-12-2024 14:51:03 - INFO - Sending request to Setting Chamber Zones to a= 0.334106666666667, b= 0.08352666666666675, c= 0.334106666666667, d= 0.08352666666666675 with timeout of 5s...
05-12-2024 14:51:03 - INFO - Sending request to Setting Chamber Zones to a= 0.3305640000000006, b= 0.08264100000000014, c= 0.3305640000000006, d= 0.08264100000000014 with timeout of 5s...
05-12-2024 14:51:03 - INFO - Sending request to Setting Chamber Zones to a= 0.32704933333333375, b= 0.08176233333333344, c= 0.32704933333333375, d= 0.08176233333333344 with timeout of 5s...
05-12-2024 14:51:04 - INFO - Sending request to Setting Chamber Zones to a= 0.3235293333333338, b= 0.08088233333333344, c= 0.3235293333333338, d= 0.08088233333333344 with timeout of 5s...
05-12-2024 14:51:04 - INFO - Sending request to Setting Chamber Zones to a= 0.3233760000000005, b= 0.08084400000000012, c= 0.3233760000000005, d= 0.08084400000000012 with timeout of 5s...
05-12-2024 14:51:04 - INFO - Sending request to Setting Chamber Zones to a= 0.3231893333333338, b= 0.08079733333333344, c= 0.3231893333333338, d= 0.08079733333333344 with timeout of 5s...
05-12-2024 14:51:04 - INFO - Sending request to Setting Chamber Zones to a= 0.32300266666666716, b= 0.08075066666666679, c= 0.32300266666666716, d= 0.08075066666666679 with timeout of 5s...
05-12-2024 14:51:04 - INFO - Sending request to Setting Chamber Zones to a= 0.31944400000000067, b= 0.07986100000000017, c= 0.31944400000000067, d= 0.07986100000000017 with timeout of 5s...
05-12-2024 14:51:05 - INFO - Sending request to Setting Chamber Zones to a= 0.31591333333333366, b= 0.07897833333333341, c= 0.31591333333333366, d= 0.07897833333333341 with timeout of 5s...
05-12-2024 14:51:05 - INFO - Sending request to Setting Chamber Zones to a= 0.3123773333333339, b= 0.07809433333333347, c= 0.3123773333333339, d= 0.07809433333333347 with timeout of 5s...
05-12-2024 14:51:05 - INFO - Sending request to Setting Chamber Zones to a= 0.31220800000000065, b= 0.07805200000000016, c= 0.31220800000000065, d= 0.07805200000000016 with timeout of 5s...
05-12-2024 14:51:05 - INFO - Sending request to Setting Chamber Zones to a= 0.31200533333333397, b= 0.07800133333333349, c= 0.31200533333333397, d= 0.07800133333333349 with timeout of 5s...
05-12-2024 14:51:05 - INFO - Sending request to Setting Chamber Zones to a= 0.31180266666666734, b= 0.07795066666666683, c= 0.31180266666666734, d= 0.07795066666666683 with timeout of 5s...
05-12-2024 14:51:05 - INFO - Setting Chamber Zones to a= 0.31180266666666734, b= 0.07795066666666683, c= 0.31180266666666734, d= 0.07795066666666683 request successfully sent.
05-12-2024 14:51:05 - INFO - Response from moonraker: {'result': 'ok'}
05-12-2024 14:51:05 - INFO - Setting Chamber Zones to a= 0.31180266666666734, b= 0.07795066666666683, c= 0.31180266666666734, d= 0.07795066666666683 Request successfully executed.
05-12-2024 14:51:05 - ERROR - E102 : Setting Chamber Zones to a= 0.31180266666666734, b= 0.07795066666666683, c= 0.31180266666666734, d= 0.07795066666666683 Request to Moonraker Timed out 
 Setting Chamber Zones to a= 0.31180266666666734, b= 0.07795066666666683, c= 0.31180266666666734, d= 0.07795066666666683 not successful
 Initiating firmware restart
05-12-2024 14:51:06 - INFO - Sending request to Setting Chamber Zones to a= 0.3082280000000004, b= 0.0770570000000001, c= 0.3082280000000004, d= 0.0770570000000001 with timeout of 5s...
05-12-2024 14:51:06 - INFO - Sending request to Setting Chamber Zones to a= 0.3013093333333341, b= 0.07532733333333352, c= 0.3013093333333341, d= 0.07532733333333352 with timeout of 5s...
05-12-2024 14:51:06 - INFO - Sending request to Setting Chamber Zones to a= 0.3011573333333341, b= 0.07528933333333353, c= 0.3011573333333341, d= 0.07528933333333353 with timeout of 5s...
05-12-2024 14:51:06 - INFO - Sending request to Setting Chamber Zones to a= 0.29756666666666703, b= 0.07439166666666676, c= 0.29756666666666703, d= 0.07439166666666676 with timeout of 5s...
05-12-2024 14:51:06 - INFO - Sending request to Setting Chamber Zones to a= 0.29737600000000036, b= 0.07434400000000009, c= 0.29737600000000036, d= 0.07434400000000009 with timeout of 5s...
05-12-2024 14:51:07 - INFO - Sending request to Setting Chamber Zones to a= 0.2971520000000003, b= 0.07428800000000008, c= 0.2971520000000003, d= 0.07428800000000008 with timeout of 5s...
05-12-2024 14:51:07 - INFO - Sending request to Setting Chamber Zones to a= 0.3003000000000006, b= 0.07507500000000016, c= 0.3003000000000006, d= 0.07507500000000016 with timeout of 5s...
05-12-2024 14:51:07 - INFO - Sending request to Setting Chamber Zones to a= 0.3101640000000005, b= 0.07754100000000012, c= 0.3101640000000005, d= 0.07754100000000012 with timeout of 5s...
05-12-2024 14:51:07 - INFO - Sending request to Setting Chamber Zones to a= 0.31323333333333364, b= 0.07830833333333341, c= 0.31323333333333364, d= 0.07830833333333341 with timeout of 5s...
05-12-2024 14:51:07 - INFO - Sending request to Setting Chamber Zones to a= 0.31974666666666707, b= 0.07993666666666677, c= 0.31974666666666707, d= 0.07993666666666677 with timeout of 5s...
05-12-2024 14:51:08 - INFO - Sending request to Setting Chamber Zones to a= 0.3194933333333337, b= 0.07987333333333342, c= 0.3194933333333337, d= 0.07987333333333342 with timeout of 5s...
05-12-2024 14:51:08 - INFO - Sending request to Setting Chamber Zones to a= 0.336166666666667, b= 0.08404166666666675, c= 0.336166666666667, d= 0.08404166666666675 with timeout of 5s...
05-12-2024 14:51:08 - INFO - Sending request to Setting Chamber Zones to a= 0.34258400000000044, b= 0.08564600000000011, c= 0.34258400000000044, d= 0.08564600000000011 with timeout of 5s...
05-12-2024 14:51:08 - INFO - Sending request to Setting Chamber Zones to a= 0.3626000000000003, b= 0.09065000000000008, c= 0.3626000000000003, d= 0.09065000000000008 with timeout of 5s...
05-12-2024 14:51:08 - INFO - Sending request to Setting Chamber Zones to a= 0.3656546666666671, b= 0.09141366666666678, c= 0.3656546666666671, d= 0.09141366666666678 with timeout of 5s...
05-12-2024 14:51:09 - INFO - Sending request to Setting Chamber Zones to a= 0.3688813333333338, b= 0.09222033333333345, c= 0.3688813333333338, d= 0.09222033333333345 with timeout of 5s...
05-12-2024 14:51:09 - INFO - Sending request to Setting Chamber Zones to a= 0.37548533333333384, b= 0.09387133333333346, c= 0.37548533333333384, d= 0.09387133333333346 with timeout of 5s...
05-12-2024 14:51:09 - INFO - Sending request to Setting Chamber Zones to a= 0.3820666666666672, b= 0.0955166666666668, c= 0.3820666666666672, d= 0.0955166666666668 with timeout of 5s...
05-12-2024 14:51:09 - INFO - Sending request to Setting Chamber Zones to a= 0.3852866666666671, b= 0.09632166666666678, c= 0.3852866666666671, d= 0.09632166666666678 with timeout of 5s...
05-12-2024 14:51:09 - INFO - Sending request to Setting Chamber Zones to a= 0.3952893333333336, b= 0.0988223333333334, c= 0.3952893333333336, d= 0.0988223333333334 with timeout of 5s...
05-12-2024 14:51:10 - INFO - Sending request to Setting Chamber Zones to a= 0.3984973333333339, b= 0.09962433333333348, c= 0.3984973333333339, d= 0.09962433333333348 with timeout of 5s...
05-12-2024 14:51:10 - INFO - Sending request to Setting Chamber Zones to a= 0.40177733333333365, b= 0.10044433333333341, c= 0.40177733333333365, d= 0.10044433333333341 with timeout of 5s...
05-12-2024 14:51:10 - INFO - Sending request to Setting Chamber Zones to a= 0.40843466666666717, b= 0.10210866666666679, c= 0.40843466666666717, d= 0.10210866666666679 with timeout of 5s...
05-12-2024 14:51:10 - INFO - Sending request to Setting Chamber Zones to a= 0.4116973333333335, b= 0.10292433333333338, c= 0.4116973333333335, d= 0.10292433333333338 with timeout of 5s...
05-12-2024 14:51:10 - INFO - Sending request to Setting Chamber Zones to a= 0.4217426666666669, b= 0.10543566666666672, c= 0.4217426666666669, d= 0.10543566666666672 with timeout of 5s...
05-12-2024 14:51:11 - INFO - Sending request to Setting Chamber Zones to a= 0.42162133333333357, b= 0.10540533333333339, c= 0.42162133333333357, d= 0.10540533333333339 with timeout of 5s...
05-12-2024 14:51:11 - INFO - Sending request to Setting Chamber Zones to a= 0.4283440000000003, b= 0.10708600000000007, c= 0.4283440000000003, d= 0.10708600000000007 with timeout of 5s...
05-12-2024 14:51:11 - INFO - Sending request to Setting Chamber Zones to a= 0.428266666666667, b= 0.10706666666666675, c= 0.428266666666667, d= 0.10706666666666675 with timeout of 5s...
05-12-2024 14:51:11 - INFO - Sending request to Setting Chamber Zones to a= 0.43500000000000044, b= 0.10875000000000011, c= 0.43500000000000044, d= 0.10875000000000011 with timeout of 5s...
05-12-2024 14:51:11 - INFO - Sending request to Setting Chamber Zones to a= 0.6574580000000003, b= 0.16436450000000008, c= 0.6574580000000003, d= 0.16436450000000008 with timeout of 5s...
05-12-2024 14:51:12 - INFO - Sending request to Setting Chamber Zones to a= 0.6624740000000009, b= 0.16561850000000022, c= 0.6624740000000009, d= 0.16561850000000022 with timeout of 5s...
05-12-2024 14:51:12 - INFO - Sending request to Setting Chamber Zones to a= 0.6674980000000006, b= 0.16687450000000015, c= 0.6674980000000006, d= 0.16687450000000015 with timeout of 5s...
05-12-2024 14:51:12 - INFO - Sending request to Setting Chamber Zones to a= 0.6674720000000006, b= 0.16686800000000016, c= 0.6674720000000006, d= 0.16686800000000016 with timeout of 5s...
05-12-2024 14:51:12 - INFO - Sending request to Setting Chamber Zones to a= 0.672554000000001, b= 0.16813850000000025, c= 0.672554000000001, d= 0.16813850000000025 with timeout of 5s...
05-12-2024 14:51:12 - INFO - Sending request to Setting Chamber Zones to a= 0.6775940000000007, b= 0.16939850000000017, c= 0.6775940000000007, d= 0.16939850000000017 with timeout of 5s...
05-12-2024 14:51:13 - INFO - Sending request to Setting Chamber Zones to a= 0.6826420000000004, b= 0.1706605000000001, c= 0.6826420000000004, d= 0.1706605000000001 with timeout of 5s...
05-12-2024 14:51:13 - INFO - Sending request to Setting Chamber Zones to a= 0.6927560000000006, b= 0.17318900000000015, c= 0.6927560000000006, d= 0.17318900000000015 with timeout of 5s...
05-12-2024 14:51:13 - INFO - Sending request to Setting Chamber Zones to a= 0.6977780000000009, b= 0.17444450000000022, c= 0.6977780000000009, d= 0.17444450000000022 with timeout of 5s...
05-12-2024 14:51:13 - INFO - Sending request to Setting Chamber Zones to a= 0.7028580000000006, b= 0.17571450000000016, c= 0.7028580000000006, d= 0.17571450000000016 with timeout of 5s...
05-12-2024 14:51:13 - INFO - Sending request to Setting Chamber Zones to a= 0.7028880000000008, b= 0.1757220000000002, c= 0.7028880000000008, d= 0.1757220000000002 with timeout of 5s...
05-12-2024 14:51:14 - INFO - Sending request to Setting Chamber Zones to a= 0.7130840000000007, b= 0.17827100000000018, c= 0.7130840000000007, d= 0.17827100000000018 with timeout of 5s...
05-12-2024 14:51:14 - INFO - Sending request to Setting Chamber Zones to a= 0.7181380000000004, b= 0.1795345000000001, c= 0.7181380000000004, d= 0.1795345000000001 with timeout of 5s...
05-12-2024 14:51:14 - INFO - Sending request to Setting Chamber Zones to a= 0.7181920000000005, b= 0.17954800000000012, c= 0.7181920000000005, d= 0.17954800000000012 with timeout of 5s...
05-12-2024 14:51:14 - INFO - Sending request to Setting Chamber Zones to a= 0.7182960000000006, b= 0.17957400000000015, c= 0.7182960000000006, d= 0.17957400000000015 with timeout of 5s...
05-12-2024 14:51:14 - INFO - Sending request to Setting Chamber Zones to a= 0.7184000000000006, b= 0.17960000000000015, c= 0.7184000000000006, d= 0.17960000000000015 with timeout of 5s...
05-12-2024 14:51:15 - INFO - Sending request to Setting Chamber Zones to a= 0.7235620000000008, b= 0.1808905000000002, c= 0.7235620000000008, d= 0.1808905000000002 with timeout of 5s...
05-12-2024 14:51:15 - INFO - Sending request to Setting Chamber Zones to a= 0.7337400000000004, b= 0.1834350000000001, c= 0.7337400000000004, d= 0.1834350000000001 with timeout of 5s...
05-12-2024 14:51:15 - INFO - Sending request to Setting Chamber Zones to a= 0.7337680000000004, b= 0.1834420000000001, c= 0.7337680000000004, d= 0.1834420000000001 with timeout of 5s...
05-12-2024 14:51:15 - INFO - Sending request to Setting Chamber Zones to a= 0.738954000000001, b= 0.18473850000000025, c= 0.738954000000001, d= 0.18473850000000025 with timeout of 5s...
05-12-2024 14:51:15 - INFO - Sending request to Setting Chamber Zones to a= 0.7440980000000006, b= 0.18602450000000015, c= 0.7440980000000006, d= 0.18602450000000015 with timeout of 5s...
05-12-2024 14:51:16 - INFO - Setting Chamber Zones to a= 0.7440980000000006, b= 0.18602450000000015, c= 0.7440980000000006, d= 0.18602450000000015 request successfully sent.
05-12-2024 14:51:16 - INFO - Response from moonraker: {'result': 'ok'}
05-12-2024 14:51:16 - INFO - Setting Chamber Zones to a= 0.7440980000000006, b= 0.18602450000000015, c= 0.7440980000000006, d= 0.18602450000000015 Request successfully executed.
05-12-2024 14:51:16 - ERROR - E102 : Setting Chamber Zones to a= 0.7440980000000006, b= 0.18602450000000015, c= 0.7440980000000006, d= 0.18602450000000015 Request to Moonraker Timed out 
 Setting Chamber Zones to a= 0.7440980000000006, b= 0.18602450000000015, c= 0.7440980000000006, d= 0.18602450000000015 not successful
 Initiating firmware restart
05-12-2024 14:51:16 - INFO - Sending request to Setting Chamber Zones to a= 0.749250000000001, b= 0.18731250000000024, c= 0.749250000000001, d= 0.18731250000000024 with timeout of 5s...
05-12-2024 14:51:16 - INFO - Sending request to Setting Chamber Zones to a= 0.7544100000000007, b= 0.18860250000000017, c= 0.7544100000000007, d= 0.18860250000000017 with timeout of 5s...
05-12-2024 14:51:16 - INFO - Sending request to Setting Chamber Zones to a= 0.7545200000000007, b= 0.1886300000000002, c= 0.7545200000000007, d= 0.1886300000000002 with timeout of 5s...
05-12-2024 14:51:16 - INFO - Sending request to Setting Chamber Zones to a= 0.7597380000000004, b= 0.1899345000000001, c= 0.7597380000000004, d= 0.1899345000000001 with timeout of 5s...
05-12-2024 14:51:16 - INFO - Sending request to Setting Chamber Zones to a= 0.7598560000000005, b= 0.18996400000000013, c= 0.7598560000000005, d= 0.18996400000000013 with timeout of 5s...
05-12-2024 14:51:17 - INFO - Sending request to Setting Chamber Zones to a= 0.7650820000000009, b= 0.19127050000000023, c= 0.7650820000000009, d= 0.19127050000000023 with timeout of 5s...
05-12-2024 14:51:17 - INFO - Sending request to Setting Chamber Zones to a= 0.7601500000000005, b= 0.19003750000000014, c= 0.7601500000000005, d= 0.19003750000000014 with timeout of 5s...
05-12-2024 14:51:17 - INFO - Sending request to Setting Chamber Zones to a= 0.7553100000000008, b= 0.1888275000000002, c= 0.7553100000000008, d= 0.1888275000000002 with timeout of 5s...
05-12-2024 14:51:17 - INFO - Sending request to Setting Chamber Zones to a= 0.7454040000000006, b= 0.18635100000000016, c= 0.7454040000000006, d= 0.18635100000000016 with timeout of 5s...
05-12-2024 14:51:17 - INFO - Sending request to Setting Chamber Zones to a= 0.7355320000000005, b= 0.18388300000000013, c= 0.7355320000000005, d= 0.18388300000000013 with timeout of 5s...
05-12-2024 14:51:18 - INFO - Sending request to Setting Chamber Zones to a= 0.7307020000000007, b= 0.18267550000000018, c= 0.7307020000000007, d= 0.18267550000000018 with timeout of 5s...
05-12-2024 14:51:18 - INFO - Sending request to Setting Chamber Zones to a= 0.7207560000000005, b= 0.18018900000000013, c= 0.7207560000000005, d= 0.18018900000000013 with timeout of 5s...
05-12-2024 14:51:18 - INFO - Sending request to Setting Chamber Zones to a= 0.6956700000000005, b= 0.1739175000000001, c= 0.6956700000000005, d= 0.1739175000000001 with timeout of 5s...
05-12-2024 14:51:18 - INFO - Sending request to Setting Chamber Zones to a= 0.6858680000000004, b= 0.1714670000000001, c= 0.6858680000000004, d= 0.1714670000000001 with timeout of 5s...
05-12-2024 14:51:18 - INFO - Sending request to Setting Chamber Zones to a= 0.6860160000000005, b= 0.17150400000000013, c= 0.6860160000000005, d= 0.17150400000000013 with timeout of 5s...
05-12-2024 14:51:19 - INFO - Sending request to Setting Chamber Zones to a= 0.6860640000000005, b= 0.1715160000000001, c= 0.6860640000000005, d= 0.1715160000000001 with timeout of 5s...
05-12-2024 14:51:19 - INFO - Sending request to Setting Chamber Zones to a= 0.6658800000000009, b= 0.16647000000000023, c= 0.6658800000000009, d= 0.16647000000000023 with timeout of 5s...
05-12-2024 14:51:19 - INFO - Sending request to Setting Chamber Zones to a= 0.43732000000000054, b= 0.10933000000000014, c= 0.43732000000000054, d= 0.10933000000000014 with timeout of 5s...
05-12-2024 14:51:19 - INFO - Sending request to Setting Chamber Zones to a= 0.4306426666666671, b= 0.10766066666666678, c= 0.4306426666666671, d= 0.10766066666666678 with timeout of 5s...
05-12-2024 14:51:19 - INFO - Sending request to Setting Chamber Zones to a= 0.423954666666667, b= 0.10598866666666674, c= 0.423954666666667, d= 0.10598866666666674 with timeout of 5s...
05-12-2024 14:51:20 - INFO - Sending request to Setting Chamber Zones to a= 0.41051200000000065, b= 0.10262800000000016, c= 0.41051200000000065, d= 0.10262800000000016 with timeout of 5s...
05-12-2024 14:51:20 - INFO - Sending request to Setting Chamber Zones to a= 0.407230666666667, b= 0.10180766666666675, c= 0.407230666666667, d= 0.10180766666666675 with timeout of 5s...
05-12-2024 14:51:20 - INFO - Sending request to Setting Chamber Zones to a= 0.40384400000000054, b= 0.10096100000000013, c= 0.40384400000000054, d= 0.10096100000000013 with timeout of 5s...
05-12-2024 14:51:20 - INFO - Sending request to Setting Chamber Zones to a= 0.4004520000000007, b= 0.10011300000000017, c= 0.4004520000000007, d= 0.10011300000000017 with timeout of 5s...
05-12-2024 14:51:20 - INFO - Sending request to Setting Chamber Zones to a= 0.39368266666666735, b= 0.09842066666666684, c= 0.39368266666666735, d= 0.09842066666666684 with timeout of 5s...
05-12-2024 14:51:21 - INFO - Sending request to Setting Chamber Zones to a= 0.3903080000000003, b= 0.09757700000000008, c= 0.3903080000000003, d= 0.09757700000000008 with timeout of 5s...
05-12-2024 14:51:21 - INFO - Sending request to Setting Chamber Zones to a= 0.39026666666666715, b= 0.09756666666666679, c= 0.39026666666666715, d= 0.09756666666666679 with timeout of 5s...
05-12-2024 14:51:21 - INFO - Sending request to Setting Chamber Zones to a= 0.38682000000000066, b= 0.09670500000000017, c= 0.38682000000000066, d= 0.09670500000000017 with timeout of 5s...
05-12-2024 14:51:21 - INFO - Sending request to Setting Chamber Zones to a= 0.37665733333333407, b= 0.09416433333333352, c= 0.37665733333333407, d= 0.09416433333333352 with timeout of 5s...
05-12-2024 14:51:21 - INFO - Sending request to Setting Chamber Zones to a= 0.36991733333333393, b= 0.09247933333333348, c= 0.36991733333333393, d= 0.09247933333333348 with timeout of 5s...
05-12-2024 14:51:22 - INFO - Sending request to Setting Chamber Zones to a= 0.3631333333333339, b= 0.09078333333333348, c= 0.3631333333333339, d= 0.09078333333333348 with timeout of 5s...
05-12-2024 14:51:22 - INFO - Sending request to Setting Chamber Zones to a= 0.356338666666667, b= 0.08908466666666676, c= 0.356338666666667, d= 0.08908466666666676 with timeout of 5s...
05-12-2024 14:51:22 - INFO - Sending request to Setting Chamber Zones to a= 0.3495333333333342, b= 0.08738333333333355, c= 0.3495333333333342, d= 0.08738333333333355 with timeout of 5s...
05-12-2024 14:51:22 - INFO - Sending request to Setting Chamber Zones to a= 0.342717333333334, b= 0.0856793333333335, c= 0.342717333333334, d= 0.0856793333333335 with timeout of 5s...
05-12-2024 14:51:22 - INFO - Sending request to Setting Chamber Zones to a= 0.33926266666666716, b= 0.08481566666666679, c= 0.33926266666666716, d= 0.08481566666666679 with timeout of 5s...
05-12-2024 14:51:23 - INFO - Sending request to Setting Chamber Zones to a= 0.33576933333333403, b= 0.08394233333333351, c= 0.33576933333333403, d= 0.08394233333333351 with timeout of 5s...
05-12-2024 14:51:23 - INFO - Sending request to Setting Chamber Zones to a= 0.3322706666666675, b= 0.08306766666666687, c= 0.3322706666666675, d= 0.08306766666666687 with timeout of 5s...
05-12-2024 14:51:23 - INFO - Sending request to Setting Chamber Zones to a= 0.33213866666666747, b= 0.08303466666666687, c= 0.33213866666666747, d= 0.08303466666666687 with timeout of 5s...
05-12-2024 14:51:23 - INFO - Sending request to Setting Chamber Zones to a= 0.32185733333333383, b= 0.08046433333333346, c= 0.32185733333333383, d= 0.08046433333333346 with timeout of 5s...
05-12-2024 14:51:23 - INFO - Sending request to Setting Chamber Zones to a= 0.3184040000000006, b= 0.07960100000000014, c= 0.3184040000000006, d= 0.07960100000000014 with timeout of 5s...
05-12-2024 14:51:24 - INFO - Sending request to Setting Chamber Zones to a= 0.3115066666666672, b= 0.0778766666666668, c= 0.3115066666666672, d= 0.0778766666666668 with timeout of 5s...
05-12-2024 14:51:24 - INFO - Sending request to Setting Chamber Zones to a= 0.31137600000000054, b= 0.07784400000000014, c= 0.31137600000000054, d= 0.07784400000000014 with timeout of 5s...
05-12-2024 14:51:24 - INFO - Sending request to Setting Chamber Zones to a= 0.3078066666666674, b= 0.07695166666666685, c= 0.3078066666666674, d= 0.07695166666666685 with timeout of 5s...
05-12-2024 14:51:24 - INFO - Sending request to Setting Chamber Zones to a= 0.30089333333333396, b= 0.07522333333333349, c= 0.30089333333333396, d= 0.07522333333333349 with timeout of 5s...
05-12-2024 14:51:24 - INFO - Sending request to Setting Chamber Zones to a= 0.29737466666666745, b= 0.07434366666666686, c= 0.29737466666666745, d= 0.07434366666666686 with timeout of 5s...
05-12-2024 14:51:25 - INFO - Sending request to Setting Chamber Zones to a= 0.29044533333333405, b= 0.07261133333333351, c= 0.29044533333333405, d= 0.07261133333333351 with timeout of 5s...
05-12-2024 14:51:25 - INFO - Sending request to Setting Chamber Zones to a= 0.29028266666666735, b= 0.07257066666666684, c= 0.29028266666666735, d= 0.07257066666666684 with timeout of 5s...
05-12-2024 14:51:25 - INFO - Sending request to Setting Chamber Zones to a= 0.28668133333333373, b= 0.07167033333333343, c= 0.28668133333333373, d= 0.07167033333333343 with timeout of 5s...
05-12-2024 14:51:25 - INFO - Sending request to Setting Chamber Zones to a= 0.28648000000000046, b= 0.07162000000000011, c= 0.28648000000000046, d= 0.07162000000000011 with timeout of 5s...
05-12-2024 14:51:25 - INFO - Sending request to Setting Chamber Zones to a= 0.282873333333334, b= 0.0707183333333335, c= 0.282873333333334, d= 0.0707183333333335 with timeout of 5s...
05-12-2024 14:51:26 - INFO - Setting Chamber Zones to a= 0.282873333333334, b= 0.0707183333333335, c= 0.282873333333334, d= 0.0707183333333335 request successfully sent.
05-12-2024 14:51:26 - INFO - Response from moonraker: {'result': 'ok'}
05-12-2024 14:51:26 - INFO - Setting Chamber Zones to a= 0.282873333333334, b= 0.0707183333333335, c= 0.282873333333334, d= 0.0707183333333335 Request successfully executed.
05-12-2024 14:51:26 - ERROR - E102 : Setting Chamber Zones to a= 0.282873333333334, b= 0.0707183333333335, c= 0.282873333333334, d= 0.0707183333333335 Request to Moonraker Timed out 
 Setting Chamber Zones to a= 0.282873333333334, b= 0.0707183333333335, c= 0.282873333333334, d= 0.0707183333333335 not successful
 Initiating firmware restart
05-12-2024 14:51:26 - INFO - Sending request to Setting Chamber Zones to a= 0.27592266666666715, b= 0.06898066666666679, c= 0.27592266666666715, d= 0.06898066666666679 with timeout of 5s...
05-12-2024 14:51:26 - INFO - Sending request to Setting Chamber Zones to a= 0.2689946666666671, b= 0.06724866666666678, c= 0.2689946666666671, d= 0.06724866666666678 with timeout of 5s...
05-12-2024 14:51:26 - INFO - Sending request to Setting Chamber Zones to a= 0.26542800000000066, b= 0.06635700000000017, c= 0.26542800000000066, d= 0.06635700000000017 with timeout of 5s...
05-12-2024 14:51:26 - INFO - Sending request to Setting Chamber Zones to a= 0.2584506666666672, b= 0.0646126666666668, c= 0.2584506666666672, d= 0.0646126666666668 with timeout of 5s...
05-12-2024 14:51:26 - INFO - Sending request to Setting Chamber Zones to a= 0.2582400000000006, b= 0.06456000000000015, c= 0.2582400000000006, d= 0.06456000000000015 with timeout of 5s...
05-12-2024 14:51:27 - INFO - Sending request to Setting Chamber Zones to a= 0.2545906666666674, b= 0.06364766666666685, c= 0.2545906666666674, d= 0.06364766666666685 with timeout of 5s...
05-12-2024 14:51:27 - INFO - Sending request to Setting Chamber Zones to a= 0.264457333333334, b= 0.0661143333333335, c= 0.264457333333334, d= 0.0661143333333335 with timeout of 5s...
05-12-2024 14:51:27 - INFO - Sending request to Setting Chamber Zones to a= 0.2775786666666675, b= 0.06939466666666687, c= 0.2775786666666675, d= 0.06939466666666687 with timeout of 5s...
05-12-2024 14:51:27 - INFO - Sending request to Setting Chamber Zones to a= 0.2839440000000004, b= 0.0709860000000001, c= 0.2839440000000004, d= 0.0709860000000001 with timeout of 5s...
05-12-2024 14:51:27 - INFO - Sending request to Setting Chamber Zones to a= 0.28364266666666715, b= 0.07091066666666679, c= 0.28364266666666715, d= 0.07091066666666679 with timeout of 5s...
05-12-2024 14:51:28 - INFO - Sending request to Setting Chamber Zones to a= 0.30364000000000074, b= 0.07591000000000019, c= 0.30364000000000074, d= 0.07591000000000019 with timeout of 5s...
05-12-2024 14:51:28 - INFO - Sending request to Setting Chamber Zones to a= 0.3167253333333338, b= 0.07918133333333345, c= 0.3167253333333338, d= 0.07918133333333345 with timeout of 5s...
05-12-2024 14:51:28 - INFO - Sending request to Setting Chamber Zones to a= 0.3265266666666675, b= 0.08163166666666688, c= 0.3265266666666675, d= 0.08163166666666688 with timeout of 5s...
05-12-2024 14:51:28 - INFO - Sending request to Setting Chamber Zones to a= 0.336377333333334, b= 0.0840943333333335, c= 0.336377333333334, d= 0.0840943333333335 with timeout of 5s...
05-12-2024 14:51:28 - INFO - Sending request to Setting Chamber Zones to a= 0.3428720000000009, b= 0.08571800000000022, c= 0.3428720000000009, d= 0.08571800000000022 with timeout of 5s...
05-12-2024 14:51:29 - INFO - Sending request to Setting Chamber Zones to a= 0.34603866666666727, b= 0.08650966666666682, c= 0.34603866666666727, d= 0.08650966666666682 with timeout of 5s...
05-12-2024 14:51:29 - INFO - Sending request to Setting Chamber Zones to a= 0.3492440000000004, b= 0.0873110000000001, c= 0.3492440000000004, d= 0.0873110000000001 with timeout of 5s...
05-12-2024 14:51:29 - INFO - Sending request to Setting Chamber Zones to a= 0.3490826666666671, b= 0.08727066666666677, c= 0.3490826666666671, d= 0.08727066666666677 with timeout of 5s...
05-12-2024 14:51:29 - INFO - Sending request to Setting Chamber Zones to a= 0.3624426666666673, b= 0.09061066666666683, c= 0.3624426666666673, d= 0.09061066666666683 with timeout of 5s...
05-12-2024 14:51:30 - INFO - Sending request to Setting Chamber Zones to a= 0.36220266666666734, b= 0.09055066666666683, c= 0.36220266666666734, d= 0.09055066666666683 with timeout of 5s...
05-12-2024 14:51:30 - INFO - Sending request to Setting Chamber Zones to a= 0.36209600000000075, b= 0.09052400000000019, c= 0.36209600000000075, d= 0.09052400000000019 with timeout of 5s...
05-12-2024 14:51:30 - INFO - Sending request to Setting Chamber Zones to a= 0.3653613333333338, b= 0.09134033333333345, c= 0.3653613333333338, d= 0.09134033333333345 with timeout of 5s...
05-12-2024 14:51:30 - INFO - Sending request to Setting Chamber Zones to a= 0.3685986666666674, b= 0.09214966666666685, c= 0.3685986666666674, d= 0.09214966666666685 with timeout of 5s...
05-12-2024 14:51:30 - INFO - Sending request to Setting Chamber Zones to a= 0.3718413333333339, b= 0.09296033333333348, c= 0.3718413333333339, d= 0.09296033333333348 with timeout of 5s...
05-12-2024 14:51:31 - INFO - Sending request to Setting Chamber Zones to a= 0.3750893333333342, b= 0.09377233333333355, c= 0.3750893333333342, d= 0.09377233333333355 with timeout of 5s...
05-12-2024 14:51:31 - INFO - Sending request to Setting Chamber Zones to a= 0.3783426666666674, b= 0.09458566666666685, c= 0.3783426666666674, d= 0.09458566666666685 with timeout of 5s...
05-12-2024 14:51:31 - INFO - Sending request to Setting Chamber Zones to a= 0.378229333333334, b= 0.0945573333333335, c= 0.378229333333334, d= 0.0945573333333335 with timeout of 5s...
05-12-2024 14:51:31 - INFO - Sending request to Setting Chamber Zones to a= 0.37814933333333406, b= 0.09453733333333351, c= 0.37814933333333406, d= 0.09453733333333351 with timeout of 5s...
05-12-2024 14:51:31 - INFO - Sending request to Setting Chamber Zones to a= 0.378069333333334, b= 0.0945173333333335, c= 0.378069333333334, d= 0.0945173333333335 with timeout of 5s...
05-12-2024 14:51:32 - INFO - Sending request to Setting Chamber Zones to a= 0.377989333333334, b= 0.0944973333333335, c= 0.377989333333334, d= 0.0944973333333335 with timeout of 5s...
05-12-2024 14:51:32 - INFO - Sending request to Setting Chamber Zones to a= 0.37790933333333393, b= 0.09447733333333348, c= 0.37790933333333393, d= 0.09447733333333348 with timeout of 5s...
05-12-2024 14:51:32 - INFO - Sending request to Setting Chamber Zones to a= 0.377829333333334, b= 0.0944573333333335, c= 0.377829333333334, d= 0.0944573333333335 with timeout of 5s...
05-12-2024 14:51:32 - INFO - Sending request to Setting Chamber Zones to a= 0.38112133333333387, b= 0.09528033333333347, c= 0.38112133333333387, d= 0.09528033333333347 with timeout of 5s...
05-12-2024 14:51:32 - INFO - Sending request to Setting Chamber Zones to a= 0.3843853333333341, b= 0.09609633333333352, c= 0.3843853333333341, d= 0.09609633333333352 with timeout of 5s...
05-12-2024 14:51:33 - INFO - Sending request to Setting Chamber Zones to a= 0.38428266666666744, b= 0.09607066666666686, c= 0.38428266666666744, d= 0.09607066666666686 with timeout of 5s...
05-12-2024 14:51:33 - INFO - Sending request to Setting Chamber Zones to a= 0.3909573333333342, b= 0.09773933333333355, c= 0.3909573333333342, d= 0.09773933333333355 with timeout of 5s...
05-12-2024 14:51:33 - INFO - Sending request to Setting Chamber Zones to a= 0.39083200000000073, b= 0.09770800000000018, c= 0.39083200000000073, d= 0.09770800000000018 with timeout of 5s...
05-12-2024 14:51:33 - INFO - Sending request to Setting Chamber Zones to a= 0.39414533333333396, b= 0.09853633333333349, c= 0.39414533333333396, d= 0.09853633333333349 with timeout of 5s...
05-12-2024 14:51:33 - INFO - Sending request to Setting Chamber Zones to a= 0.39743066666666715, b= 0.09935766666666679, c= 0.39743066666666715, d= 0.09935766666666679 with timeout of 5s...
05-12-2024 14:51:34 - INFO - Sending request to Setting Chamber Zones to a= 0.4007213333333341, b= 0.10018033333333352, c= 0.4007213333333341, d= 0.10018033333333352 with timeout of 5s...
05-12-2024 14:51:34 - INFO - Sending request to Setting Chamber Zones to a= 0.40738933333333416, b= 0.10184733333333354, c= 0.40738933333333416, d= 0.10184733333333354 with timeout of 5s...
05-12-2024 14:51:34 - INFO - Sending request to Setting Chamber Zones to a= 0.4072906666666675, b= 0.10182266666666688, c= 0.4072906666666675, d= 0.10182266666666688 with timeout of 5s...
05-12-2024 14:51:34 - INFO - Sending request to Setting Chamber Zones to a= 0.4072586666666675, b= 0.10181466666666687, c= 0.4072586666666675, d= 0.10181466666666687 with timeout of 5s...
05-12-2024 14:51:34 - INFO - Sending request to Setting Chamber Zones to a= 0.4105986666666672, b= 0.1026496666666668, c= 0.4105986666666672, d= 0.1026496666666668 with timeout of 5s...
05-12-2024 14:51:35 - INFO - Sending request to Setting Chamber Zones to a= 0.41391066666666715, b= 0.10347766666666679, c= 0.41391066666666715, d= 0.10347766666666679 with timeout of 5s...
05-12-2024 14:51:35 - INFO - Sending request to Setting Chamber Zones to a= 0.41385600000000045, b= 0.10346400000000011, c= 0.41385600000000045, d= 0.10346400000000011 with timeout of 5s...
05-12-2024 14:51:35 - INFO - Sending request to Setting Chamber Zones to a= 0.4172066666666673, b= 0.10430166666666682, c= 0.4172066666666673, d= 0.10430166666666682 with timeout of 5s...
05-12-2024 14:51:35 - INFO - Sending request to Setting Chamber Zones to a= 0.4205293333333339, b= 0.10513233333333348, c= 0.4205293333333339, d= 0.10513233333333348 with timeout of 5s...
05-12-2024 14:51:35 - INFO - Sending request to Setting Chamber Zones to a= 0.42385733333333414, b= 0.10596433333333354, c= 0.42385733333333414, d= 0.10596433333333354 with timeout of 5s...
05-12-2024 14:51:36 - INFO - Sending request to Setting Chamber Zones to a= 0.42381866666666745, b= 0.10595466666666686, c= 0.42381866666666745, d= 0.10595466666666686 with timeout of 5s...
05-12-2024 14:51:36 - INFO - Setting Chamber Zones to a= 0.42381866666666745, b= 0.10595466666666686, c= 0.42381866666666745, d= 0.10595466666666686 request successfully sent.
05-12-2024 14:51:36 - INFO - Response from moonraker: {'result': 'ok'}
05-12-2024 14:51:36 - INFO - Setting Chamber Zones to a= 0.42381866666666745, b= 0.10595466666666686, c= 0.42381866666666745, d= 0.10595466666666686 Request successfully executed.
05-12-2024 14:51:36 - ERROR - E102 : Setting Chamber Zones to a= 0.42381866666666745, b= 0.10595466666666686, c= 0.42381866666666745, d= 0.10595466666666686 Request to Moonraker Timed out 
 Setting Chamber Zones to a= 0.42381866666666745, b= 0.10595466666666686, c= 0.42381866666666745, d= 0.10595466666666686 not successful
 Initiating firmware restart
05-12-2024 14:51:36 - INFO - Sending request to Setting Chamber Zones to a= 0.4238133333333341, b= 0.10595333333333352, c= 0.4238133333333341, d= 0.10595333333333352 with timeout of 5s...
05-12-2024 14:51:36 - INFO - Sending request to Setting Chamber Zones to a= 0.4238080000000008, b= 0.1059520000000002, c= 0.4238080000000008, d= 0.1059520000000002 with timeout of 5s...
05-12-2024 14:51:36 - INFO - Sending request to Setting Chamber Zones to a= 0.42717466666666726, b= 0.10679366666666681, c= 0.42717466666666726, d= 0.10679366666666681 with timeout of 5s...
05-12-2024 14:51:36 - INFO - Sending request to Setting Chamber Zones to a= 0.4271413333333339, b= 0.10678533333333347, c= 0.4271413333333339, d= 0.10678533333333347 with timeout of 5s...
05-12-2024 14:51:37 - INFO - Sending request to Setting Chamber Zones to a= 0.4271413333333339, b= 0.10678533333333347, c= 0.4271413333333339, d= 0.10678533333333347 with timeout of 5s...
05-12-2024 14:51:37 - INFO - Sending request to Setting Chamber Zones to a= 0.6457700000000005, b= 0.16144250000000013, c= 0.6457700000000005, d= 0.16144250000000013 with timeout of 5s...
05-12-2024 14:51:37 - INFO - Sending request to Setting Chamber Zones to a= 0.650786000000001, b= 0.16269650000000024, c= 0.650786000000001, d= 0.16269650000000024 with timeout of 5s...
05-12-2024 14:51:37 - INFO - Sending request to Setting Chamber Zones to a= 0.650752000000001, b= 0.16268800000000025, c= 0.650752000000001, d= 0.16268800000000025 with timeout of 5s...
05-12-2024 14:51:37 - INFO - Sending request to Setting Chamber Zones to a= 0.6507680000000009, b= 0.16269200000000023, c= 0.6507680000000009, d= 0.16269200000000023 with timeout of 5s...
05-12-2024 14:51:38 - INFO - Sending request to Setting Chamber Zones to a= 0.6457260000000005, b= 0.16143150000000012, c= 0.6457260000000005, d= 0.16143150000000012 with timeout of 5s...
05-12-2024 14:51:38 - INFO - Sending request to Setting Chamber Zones to a= 0.4271506666666671, b= 0.10678766666666678, c= 0.4271506666666671, d= 0.10678766666666678 with timeout of 5s...
05-12-2024 14:51:38 - INFO - Sending request to Setting Chamber Zones to a= 0.4238120000000008, b= 0.1059530000000002, c= 0.4238120000000008, d= 0.1059530000000002 with timeout of 5s...
05-12-2024 14:51:38 - INFO - Sending request to Setting Chamber Zones to a= 0.4238400000000007, b= 0.10596000000000018, c= 0.4238400000000007, d= 0.10596000000000018 with timeout of 5s...
05-12-2024 14:51:38 - INFO - Sending request to Setting Chamber Zones to a= 0.4238346666666674, b= 0.10595866666666685, c= 0.4238346666666674, d= 0.10595866666666685 with timeout of 5s...
05-12-2024 14:51:39 - INFO - Sending request to Setting Chamber Zones to a= 0.42382933333333406, b= 0.10595733333333351, c= 0.42382933333333406, d= 0.10595733333333351 with timeout of 5s...
05-12-2024 14:51:39 - INFO - Sending request to Setting Chamber Zones to a= 0.4238240000000006, b= 0.10595600000000015, c= 0.4238240000000006, d= 0.10595600000000015 with timeout of 5s...
05-12-2024 14:51:39 - INFO - Sending request to Setting Chamber Zones to a= 0.4238186666666673, b= 0.10595466666666682, c= 0.4238186666666673, d= 0.10595466666666682 with timeout of 5s...
05-12-2024 14:51:39 - INFO - Sending request to Setting Chamber Zones to a= 0.42381333333333404, b= 0.10595333333333351, c= 0.42381333333333404, d= 0.10595333333333351 with timeout of 5s...
05-12-2024 14:51:39 - INFO - Sending request to Setting Chamber Zones to a= 0.4204360000000003, b= 0.10510900000000008, c= 0.4204360000000003, d= 0.10510900000000008 with timeout of 5s...
05-12-2024 14:51:40 - INFO - Sending request to Setting Chamber Zones to a= 0.42045866666666704, b= 0.10511466666666676, c= 0.42045866666666704, d= 0.10511466666666676 with timeout of 5s...
05-12-2024 14:51:40 - INFO - Sending request to Setting Chamber Zones to a= 0.4204480000000004, b= 0.1051120000000001, c= 0.4204480000000004, d= 0.1051120000000001 with timeout of 5s...
05-12-2024 14:51:40 - INFO - Sending request to Setting Chamber Zones to a= 0.41706533333333384, b= 0.10426633333333346, c= 0.41706533333333384, d= 0.10426633333333346 with timeout of 5s...
05-12-2024 14:51:40 - INFO - Sending request to Setting Chamber Zones to a= 0.413710666666667, b= 0.10342766666666675, c= 0.413710666666667, d= 0.10342766666666675 with timeout of 5s...
05-12-2024 14:51:40 - INFO - Sending request to Setting Chamber Zones to a= 0.41372266666666696, b= 0.10343066666666674, c= 0.41372266666666696, d= 0.10343066666666674 with timeout of 5s...
05-12-2024 14:51:41 - INFO - Sending request to Setting Chamber Zones to a= 0.4137013333333337, b= 0.10342533333333342, c= 0.4137013333333337, d= 0.10342533333333342 with timeout of 5s...
05-12-2024 14:51:41 - INFO - Sending request to Setting Chamber Zones to a= 0.4136800000000003, b= 0.10342000000000008, c= 0.4136800000000003, d= 0.10342000000000008 with timeout of 5s...
05-12-2024 14:51:41 - INFO - Sending request to Setting Chamber Zones to a= 0.41365866666666706, b= 0.10341466666666677, c= 0.41365866666666706, d= 0.10341466666666677 with timeout of 5s...
05-12-2024 14:51:41 - INFO - Sending request to Setting Chamber Zones to a= 0.4136373333333337, b= 0.10340933333333342, c= 0.4136373333333337, d= 0.10340933333333342 with timeout of 5s...
05-12-2024 14:51:41 - INFO - Sending request to Setting Chamber Zones to a= 0.41361600000000043, b= 0.10340400000000011, c= 0.41361600000000043, d= 0.10340400000000011 with timeout of 5s...
05-12-2024 14:51:42 - INFO - Sending request to Setting Chamber Zones to a= 0.41359466666666705, b= 0.10339866666666676, c= 0.41359466666666705, d= 0.10339866666666676 with timeout of 5s...
05-12-2024 14:51:42 - INFO - Sending request to Setting Chamber Zones to a= 0.4135733333333338, b= 0.10339333333333345, c= 0.4135733333333338, d= 0.10339333333333345 with timeout of 5s...
05-12-2024 14:51:42 - INFO - Sending request to Setting Chamber Zones to a= 0.41355200000000053, b= 0.10338800000000013, c= 0.41355200000000053, d= 0.10338800000000013 with timeout of 5s...
05-12-2024 14:51:42 - INFO - Sending request to Setting Chamber Zones to a= 0.41015866666666734, b= 0.10253966666666683, c= 0.41015866666666734, d= 0.10253966666666683 with timeout of 5s...
05-12-2024 14:51:42 - INFO - Sending request to Setting Chamber Zones to a= 0.41016533333333394, b= 0.10254133333333348, c= 0.41016533333333394, d= 0.10254133333333348 with timeout of 5s...
05-12-2024 14:51:43 - INFO - Sending request to Setting Chamber Zones to a= 0.4101386666666673, b= 0.10253466666666683, c= 0.4101386666666673, d= 0.10253466666666683 with timeout of 5s...
05-12-2024 14:51:43 - INFO - Sending request to Setting Chamber Zones to a= 0.4067400000000008, b= 0.1016850000000002, c= 0.4067400000000008, d= 0.1016850000000002 with timeout of 5s...
05-12-2024 14:51:43 - INFO - Sending request to Setting Chamber Zones to a= 0.4067413333333342, b= 0.10168533333333354, c= 0.4067413333333342, d= 0.10168533333333354 with timeout of 5s...
05-12-2024 14:51:43 - INFO - Sending request to Setting Chamber Zones to a= 0.4067093333333341, b= 0.10167733333333352, c= 0.4067093333333341, d= 0.10167733333333352 with timeout of 5s...
05-12-2024 14:51:43 - INFO - Sending request to Setting Chamber Zones to a= 0.40330533333333385, b= 0.10082633333333346, c= 0.40330533333333385, d= 0.10082633333333346 with timeout of 5s...
05-12-2024 14:51:44 - INFO - Sending request to Setting Chamber Zones to a= 0.4033013333333338, b= 0.10082533333333345, c= 0.4033013333333338, d= 0.10082533333333345 with timeout of 5s...
05-12-2024 14:51:44 - INFO - Sending request to Setting Chamber Zones to a= 0.4032640000000005, b= 0.10081600000000013, c= 0.4032640000000005, d= 0.10081600000000013 with timeout of 5s...
05-12-2024 14:51:44 - INFO - Sending request to Setting Chamber Zones to a= 0.39985466666666736, b= 0.09996366666666684, c= 0.39985466666666736, d= 0.09996366666666684 with timeout of 5s...
05-12-2024 14:51:44 - INFO - Sending request to Setting Chamber Zones to a= 0.39647333333333373, b= 0.09911833333333343, c= 0.39647333333333373, d= 0.09911833333333343 with timeout of 5s...
05-12-2024 14:51:44 - INFO - Sending request to Setting Chamber Zones to a= 0.3964586666666671, b= 0.09911466666666678, c= 0.3964586666666671, d= 0.09911466666666678 with timeout of 5s...
05-12-2024 14:51:45 - INFO - Sending request to Setting Chamber Zones to a= 0.39303866666666726, b= 0.09825966666666681, c= 0.39303866666666726, d= 0.09825966666666681 with timeout of 5s...
05-12-2024 14:51:45 - INFO - Sending request to Setting Chamber Zones to a= 0.3795306666666671, b= 0.09488266666666678, c= 0.3795306666666671, d= 0.09488266666666678 with timeout of 5s...
05-12-2024 14:51:45 - INFO - Sending request to Setting Chamber Zones to a= 0.3762173333333339, b= 0.09405433333333348, c= 0.3762173333333339, d= 0.09405433333333348 with timeout of 5s...
05-12-2024 14:51:45 - INFO - Sending request to Setting Chamber Zones to a= 0.3761706666666673, b= 0.09404266666666683, c= 0.3761706666666673, d= 0.09404266666666683 with timeout of 5s...
05-12-2024 14:51:45 - INFO - Sending request to Setting Chamber Zones to a= 0.3760906666666674, b= 0.09402266666666685, c= 0.3760906666666674, d= 0.09402266666666685 with timeout of 5s...
05-12-2024 14:51:46 - INFO - Sending request to Setting Chamber Zones to a= 0.3760106666666673, b= 0.09400266666666683, c= 0.3760106666666673, d= 0.09400266666666683 with timeout of 5s...
05-12-2024 14:51:46 - INFO - Setting Chamber Zones to a= 0.3760106666666673, b= 0.09400266666666683, c= 0.3760106666666673, d= 0.09400266666666683 request successfully sent.
05-12-2024 14:51:46 - INFO - Response from moonraker: {'result': 'ok'}
05-12-2024 14:51:46 - INFO - Setting Chamber Zones to a= 0.3760106666666673, b= 0.09400266666666683, c= 0.3760106666666673, d= 0.09400266666666683 Request successfully executed.
05-12-2024 14:51:46 - ERROR - E102 : Setting Chamber Zones to a= 0.3760106666666673, b= 0.09400266666666683, c= 0.3760106666666673, d= 0.09400266666666683 Request to Moonraker Timed out 
 Setting Chamber Zones to a= 0.3760106666666673, b= 0.09400266666666683, c= 0.3760106666666673, d= 0.09400266666666683 not successful
 Initiating firmware restart
05-12-2024 14:51:46 - INFO - Sending request to Setting Chamber Zones to a= 0.37593066666666736, b= 0.09398266666666684, c= 0.37593066666666736, d= 0.09398266666666684 with timeout of 5s...
05-12-2024 14:51:46 - INFO - Sending request to Setting Chamber Zones to a= 0.3758506666666673, b= 0.09396266666666682, c= 0.3758506666666673, d= 0.09396266666666682 with timeout of 5s...
05-12-2024 14:51:46 - INFO - Sending request to Setting Chamber Zones to a= 0.3791426666666671, b= 0.09478566666666678, c= 0.3791426666666671, d= 0.09478566666666678 with timeout of 5s...
05-12-2024 14:51:46 - INFO - Sending request to Setting Chamber Zones to a= 0.3790346666666672, b= 0.0947586666666668, c= 0.3790346666666672, d= 0.0947586666666668 with timeout of 5s...
05-12-2024 14:51:47 - INFO - Sending request to Setting Chamber Zones to a= 0.3789600000000006, b= 0.09474000000000014, c= 0.3789600000000006, d= 0.09474000000000014 with timeout of 5s...
05-12-2024 14:51:47 - INFO - Sending request to Setting Chamber Zones to a= 0.3788853333333339, b= 0.09472133333333348, c= 0.3788853333333339, d= 0.09472133333333348 with timeout of 5s...
05-12-2024 14:51:47 - INFO - Sending request to Setting Chamber Zones to a= 0.37881066666666724, b= 0.09470266666666681, c= 0.37881066666666724, d= 0.09470266666666681 with timeout of 5s...
05-12-2024 14:51:47 - INFO - Sending request to Setting Chamber Zones to a= 0.3787360000000006, b= 0.09468400000000016, c= 0.3787360000000006, d= 0.09468400000000016 with timeout of 5s...
05-12-2024 14:51:47 - INFO - Sending request to Setting Chamber Zones to a= 0.37866133333333396, b= 0.09466533333333349, c= 0.37866133333333396, d= 0.09466533333333349 with timeout of 5s...
05-12-2024 14:51:48 - INFO - Sending request to Setting Chamber Zones to a= 0.3785866666666673, b= 0.09464666666666682, c= 0.3785866666666673, d= 0.09464666666666682 with timeout of 5s...
05-12-2024 14:51:48 - INFO - Sending request to Setting Chamber Zones to a= 0.3785120000000006, b= 0.09462800000000016, c= 0.3785120000000006, d= 0.09462800000000016 with timeout of 5s...
05-12-2024 14:51:48 - INFO - Sending request to Setting Chamber Zones to a= 0.3818093333333343, b= 0.09545233333333357, c= 0.3818093333333343, d= 0.09545233333333357 with timeout of 5s...
05-12-2024 14:51:48 - INFO - Sending request to Setting Chamber Zones to a= 0.3783346666666673, b= 0.09458366666666683, c= 0.3783346666666673, d= 0.09458366666666683 with timeout of 5s...
05-12-2024 14:51:48 - INFO - Sending request to Setting Chamber Zones to a= 0.37829333333333404, b= 0.09457333333333351, c= 0.37829333333333404, d= 0.09457333333333351 with timeout of 5s...
05-12-2024 14:51:49 - INFO - Sending request to Setting Chamber Zones to a= 0.37821866666666737, b= 0.09455466666666684, c= 0.37821866666666737, d= 0.09455466666666684 with timeout of 5s...
05-12-2024 14:51:49 - INFO - Sending request to Setting Chamber Zones to a= 0.381516000000001, b= 0.09537900000000026, c= 0.381516000000001, d= 0.09537900000000026 with timeout of 5s...
05-12-2024 14:51:49 - INFO - Sending request to Setting Chamber Zones to a= 0.38141333333333427, b= 0.09535333333333357, c= 0.38141333333333427, d= 0.09535333333333357 with timeout of 5s...
05-12-2024 14:51:49 - INFO - Sending request to Setting Chamber Zones to a= 0.381344000000001, b= 0.09533600000000025, c= 0.381344000000001, d= 0.09533600000000025 with timeout of 5s...
05-12-2024 14:51:49 - INFO - Sending request to Setting Chamber Zones to a= 0.38127466666666765, b= 0.09531866666666691, c= 0.38127466666666765, d= 0.09531866666666691 with timeout of 5s...
05-12-2024 14:51:50 - INFO - Sending request to Setting Chamber Zones to a= 0.3812053333333343, b= 0.09530133333333357, c= 0.3812053333333343, d= 0.09530133333333357 with timeout of 5s...
05-12-2024 14:51:50 - INFO - Sending request to Setting Chamber Zones to a= 0.38450800000000074, b= 0.09612700000000018, c= 0.38450800000000074, d= 0.09612700000000018 with timeout of 5s...
05-12-2024 14:51:50 - INFO - Sending request to Setting Chamber Zones to a= 0.3844106666666674, b= 0.09610266666666685, c= 0.3844106666666674, d= 0.09610266666666685 with timeout of 5s...
05-12-2024 14:51:50 - INFO - Sending request to Setting Chamber Zones to a= 0.38771866666666766, b= 0.09692966666666691, c= 0.38771866666666766, d= 0.09692966666666691 with timeout of 5s...
05-12-2024 14:51:50 - INFO - Sending request to Setting Chamber Zones to a= 0.3876266666666677, b= 0.09690666666666692, c= 0.3876266666666677, d= 0.09690666666666692 with timeout of 5s...
05-12-2024 14:51:51 - INFO - Sending request to Setting Chamber Zones to a= 0.38756800000000097, b= 0.09689200000000024, c= 0.38756800000000097, d= 0.09689200000000024 with timeout of 5s...
05-12-2024 14:51:51 - INFO - Sending request to Setting Chamber Zones to a= 0.38750933333333426, b= 0.09687733333333357, c= 0.38750933333333426, d= 0.09687733333333357 with timeout of 5s...
05-12-2024 14:51:51 - INFO - Sending request to Setting Chamber Zones to a= 0.3874506666666676, b= 0.0968626666666669, c= 0.3874506666666676, d= 0.0968626666666669 with timeout of 5s...
05-12-2024 14:51:51 - INFO - Sending request to Setting Chamber Zones to a= 0.3873920000000009, b= 0.09684800000000023, c= 0.3873920000000009, d= 0.09684800000000023 with timeout of 5s...
05-12-2024 14:51:51 - INFO - Sending request to Setting Chamber Zones to a= 0.38733333333333425, b= 0.09683333333333356, c= 0.38733333333333425, d= 0.09683333333333356 with timeout of 5s...
05-12-2024 14:51:52 - INFO - Sending request to Setting Chamber Zones to a= 0.38727466666666754, b= 0.09681866666666689, c= 0.38727466666666754, d= 0.09681866666666689 with timeout of 5s...
05-12-2024 14:51:52 - INFO - Sending request to Setting Chamber Zones to a= 0.3872160000000009, b= 0.09680400000000022, c= 0.3872160000000009, d= 0.09680400000000022 with timeout of 5s...
05-12-2024 14:51:52 - INFO - Sending request to Setting Chamber Zones to a= 0.3871573333333342, b= 0.09678933333333355, c= 0.3871573333333342, d= 0.09678933333333355 with timeout of 5s...
05-12-2024 14:51:52 - INFO - Sending request to Setting Chamber Zones to a= 0.38709866666666753, b= 0.09677466666666688, c= 0.38709866666666753, d= 0.09677466666666688 with timeout of 5s...
05-12-2024 14:51:52 - INFO - Sending request to Setting Chamber Zones to a= 0.3870400000000008, b= 0.0967600000000002, c= 0.3870400000000008, d= 0.0967600000000002 with timeout of 5s...
05-12-2024 14:51:53 - INFO - Sending request to Setting Chamber Zones to a= 0.38698133333333407, b= 0.09674533333333352, c= 0.38698133333333407, d= 0.09674533333333352 with timeout of 5s...
05-12-2024 14:51:53 - INFO - Sending request to Setting Chamber Zones to a= 0.3869226666666674, b= 0.09673066666666685, c= 0.3869226666666674, d= 0.09673066666666685 with timeout of 5s...
05-12-2024 14:51:53 - INFO - Sending request to Setting Chamber Zones to a= 0.38686400000000076, b= 0.09671600000000019, c= 0.38686400000000076, d= 0.09671600000000019 with timeout of 5s...
05-12-2024 14:51:53 - INFO - Sending request to Setting Chamber Zones to a= 0.38680533333333406, b= 0.09670133333333351, c= 0.38680533333333406, d= 0.09670133333333351 with timeout of 5s...
05-12-2024 14:51:53 - INFO - Sending request to Setting Chamber Zones to a= 0.3867466666666674, b= 0.09668666666666685, c= 0.3867466666666674, d= 0.09668666666666685 with timeout of 5s...
05-12-2024 14:51:54 - INFO - Sending request to Setting Chamber Zones to a= 0.3866880000000006, b= 0.09667200000000015, c= 0.3866880000000006, d= 0.09667200000000015 with timeout of 5s...
05-12-2024 14:51:54 - INFO - Sending request to Setting Chamber Zones to a= 0.3832573333333337, b= 0.09581433333333343, c= 0.3832573333333337, d= 0.09581433333333343 with timeout of 5s...
05-12-2024 14:51:54 - INFO - Sending request to Setting Chamber Zones to a= 0.38322666666666705, b= 0.09580666666666676, c= 0.38322666666666705, d= 0.09580666666666676 with timeout of 5s...
05-12-2024 14:51:54 - INFO - Sending request to Setting Chamber Zones to a= 0.38316266666666704, b= 0.09579066666666676, c= 0.38316266666666704, d= 0.09579066666666676 with timeout of 5s...
05-12-2024 14:51:54 - INFO - Sending request to Setting Chamber Zones to a= 0.3830986666666671, b= 0.09577466666666677, c= 0.3830986666666671, d= 0.09577466666666677 with timeout of 5s...
05-12-2024 14:51:55 - INFO - Sending request to Setting Chamber Zones to a= 0.3864066666666674, b= 0.09660166666666685, c= 0.3864066666666674, d= 0.09660166666666685 with timeout of 5s...
05-12-2024 14:51:55 - INFO - Sending request to Setting Chamber Zones to a= 0.3863146666666673, b= 0.09657866666666683, c= 0.3863146666666673, d= 0.09657866666666683 with timeout of 5s...
05-12-2024 14:51:55 - INFO - Sending request to Setting Chamber Zones to a= 0.3862560000000006, b= 0.09656400000000015, c= 0.3862560000000006, d= 0.09656400000000015 with timeout of 5s...
05-12-2024 14:51:55 - INFO - Sending request to Setting Chamber Zones to a= 0.3895693333333338, b= 0.09739233333333346, c= 0.3895693333333338, d= 0.09739233333333346 with timeout of 5s...
05-12-2024 14:51:55 - INFO - Sending request to Setting Chamber Zones to a= 0.3894826666666671, b= 0.09737066666666677, c= 0.3894826666666671, d= 0.09737066666666677 with timeout of 5s...
05-12-2024 14:51:56 - INFO - Setting Chamber Zones to a= 0.3894826666666671, b= 0.09737066666666677, c= 0.3894826666666671, d= 0.09737066666666677 request successfully sent.
05-12-2024 14:51:56 - INFO - Response from moonraker: {'result': 'ok'}
05-12-2024 14:51:56 - INFO - Setting Chamber Zones to a= 0.3894826666666671, b= 0.09737066666666677, c= 0.3894826666666671, d= 0.09737066666666677 Request successfully executed.
05-12-2024 14:51:56 - ERROR - E102 : Setting Chamber Zones to a= 0.3894826666666671, b= 0.09737066666666677, c= 0.3894826666666671, d= 0.09737066666666677 Request to Moonraker Timed out 
 Setting Chamber Zones to a= 0.3894826666666671, b= 0.09737066666666677, c= 0.3894826666666671, d= 0.09737066666666677 not successful
 Initiating firmware restart
05-12-2024 14:51:56 - INFO - Sending request to Setting Chamber Zones to a= 0.3928013333333336, b= 0.0982003333333334, c= 0.3928013333333336, d= 0.0982003333333334 with timeout of 5s...
05-12-2024 14:51:56 - INFO - Sending request to Setting Chamber Zones to a= 0.39272000000000035, b= 0.09818000000000009, c= 0.39272000000000035, d= 0.09818000000000009 with timeout of 5s...
05-12-2024 14:51:56 - INFO - Sending request to Setting Chamber Zones to a= 0.39267200000000035, b= 0.09816800000000009, c= 0.39267200000000035, d= 0.09816800000000009 with timeout of 5s...
05-12-2024 14:51:56 - INFO - Sending request to Setting Chamber Zones to a= 0.39262400000000036, b= 0.09815600000000009, c= 0.39262400000000036, d= 0.09815600000000009 with timeout of 5s...
05-12-2024 14:51:56 - INFO - Sending request to Setting Chamber Zones to a= 0.39257600000000037, b= 0.09814400000000009, c= 0.39257600000000037, d= 0.09814400000000009 with timeout of 5s...
05-12-2024 14:51:57 - INFO - Sending request to Setting Chamber Zones to a= 0.39252800000000043, b= 0.09813200000000011, c= 0.39252800000000043, d= 0.09813200000000011 with timeout of 5s...
05-12-2024 14:51:57 - INFO - Sending request to Setting Chamber Zones to a= 0.3958520000000007, b= 0.09896300000000018, c= 0.3958520000000007, d= 0.09896300000000018 with timeout of 5s...
05-12-2024 14:51:57 - INFO - Sending request to Setting Chamber Zones to a= 0.39577600000000074, b= 0.09894400000000018, c= 0.39577600000000074, d= 0.09894400000000018 with timeout of 5s...
05-12-2024 14:51:57 - INFO - Sending request to Setting Chamber Zones to a= 0.395733333333334, b= 0.0989333333333335, c= 0.395733333333334, d= 0.0989333333333335 with timeout of 5s...
05-12-2024 14:51:57 - INFO - Sending request to Setting Chamber Zones to a= 0.39569066666666736, b= 0.09892266666666684, c= 0.39569066666666736, d= 0.09892266666666684 with timeout of 5s...
05-12-2024 14:51:58 - INFO - Sending request to Setting Chamber Zones to a= 0.39564800000000067, b= 0.09891200000000017, c= 0.39564800000000067, d= 0.09891200000000017 with timeout of 5s...
05-12-2024 14:51:58 - INFO - Sending request to Setting Chamber Zones to a= 0.39560533333333403, b= 0.09890133333333351, c= 0.39560533333333403, d= 0.09890133333333351 with timeout of 5s...
05-12-2024 14:51:58 - INFO - Sending request to Setting Chamber Zones to a= 0.3955626666666674, b= 0.09889066666666685, c= 0.3955626666666674, d= 0.09889066666666685 with timeout of 5s...
05-12-2024 14:51:58 - INFO - Sending request to Setting Chamber Zones to a= 0.39552000000000054, b= 0.09888000000000013, c= 0.39552000000000054, d= 0.09888000000000013 with timeout of 5s...
05-12-2024 14:51:58 - INFO - Sending request to Setting Chamber Zones to a= 0.39210533333333364, b= 0.09802633333333341, c= 0.39210533333333364, d= 0.09802633333333341 with timeout of 5s...
05-12-2024 14:51:59 - INFO - Sending request to Setting Chamber Zones to a= 0.3887186666666672, b= 0.0971796666666668, c= 0.3887186666666672, d= 0.0971796666666668 with timeout of 5s...
05-12-2024 14:51:59 - INFO - Sending request to Setting Chamber Zones to a= 0.38532666666666743, b= 0.09633166666666686, c= 0.38532666666666743, d= 0.09633166666666686 with timeout of 5s...
05-12-2024 14:51:59 - INFO - Sending request to Setting Chamber Zones to a= 0.38530133333333405, b= 0.09632533333333351, c= 0.38530133333333405, d= 0.09632533333333351 with timeout of 5s...
05-12-2024 14:51:59 - INFO - Sending request to Setting Chamber Zones to a= 0.38524266666666734, b= 0.09631066666666684, c= 0.38524266666666734, d= 0.09631066666666684 with timeout of 5s...
05-12-2024 14:51:59 - INFO - Sending request to Setting Chamber Zones to a= 0.38518400000000064, b= 0.09629600000000016, c= 0.38518400000000064, d= 0.09629600000000016 with timeout of 5s...
05-12-2024 14:52:00 - INFO - Sending request to Setting Chamber Zones to a= 0.385125333333334, b= 0.0962813333333335, c= 0.385125333333334, d= 0.0962813333333335 with timeout of 5s...
05-12-2024 14:52:00 - INFO - Sending request to Setting Chamber Zones to a= 0.3850666666666672, b= 0.0962666666666668, c= 0.3850666666666672, d= 0.0962666666666668 with timeout of 5s...
05-12-2024 14:52:00 - INFO - Sending request to Setting Chamber Zones to a= 0.3850080000000006, b= 0.09625200000000016, c= 0.3850080000000006, d= 0.09625200000000016 with timeout of 5s...
05-12-2024 14:52:00 - INFO - Sending request to Setting Chamber Zones to a= 0.38494933333333387, b= 0.09623733333333347, c= 0.38494933333333387, d= 0.09623733333333347 with timeout of 5s...
05-12-2024 14:52:00 - INFO - Sending request to Setting Chamber Zones to a= 0.3848906666666672, b= 0.0962226666666668, c= 0.3848906666666672, d= 0.0962226666666668 with timeout of 5s...
05-12-2024 14:52:01 - INFO - Sending request to Setting Chamber Zones to a= 0.3848320000000005, b= 0.09620800000000013, c= 0.3848320000000005, d= 0.09620800000000013 with timeout of 5s...
05-12-2024 14:52:01 - INFO - Sending request to Setting Chamber Zones to a= 0.38477333333333386, b= 0.09619333333333346, c= 0.38477333333333386, d= 0.09619333333333346 with timeout of 5s...
05-12-2024 14:52:01 - INFO - Sending request to Setting Chamber Zones to a= 0.38471466666666715, b= 0.09617866666666679, c= 0.38471466666666715, d= 0.09617866666666679 with timeout of 5s...
05-12-2024 14:52:01 - INFO - Sending request to Setting Chamber Zones to a= 0.3846560000000005, b= 0.09616400000000012, c= 0.3846560000000005, d= 0.09616400000000012 with timeout of 5s...
05-12-2024 14:52:01 - INFO - Sending request to Setting Chamber Zones to a= 0.38459733333333374, b= 0.09614933333333343, c= 0.38459733333333374, d= 0.09614933333333343 with timeout of 5s...
05-12-2024 14:52:02 - INFO - Sending request to Setting Chamber Zones to a= 0.38453866666666703, b= 0.09613466666666676, c= 0.38453866666666703, d= 0.09613466666666676 with timeout of 5s...
05-12-2024 14:52:02 - INFO - Sending request to Setting Chamber Zones to a= 0.38448000000000043, b= 0.09612000000000011, c= 0.38448000000000043, d= 0.09612000000000011 with timeout of 5s...
05-12-2024 14:52:02 - INFO - Sending request to Setting Chamber Zones to a= 0.3844213333333337, b= 0.09610533333333343, c= 0.3844213333333337, d= 0.09610533333333343 with timeout of 5s...
05-12-2024 14:52:02 - INFO - Sending request to Setting Chamber Zones to a= 0.38436266666666713, b= 0.09609066666666678, c= 0.38436266666666713, d= 0.09609066666666678 with timeout of 5s...
05-12-2024 14:52:02 - INFO - Sending request to Setting Chamber Zones to a= 0.38430400000000037, b= 0.09607600000000009, c= 0.38430400000000037, d= 0.09607600000000009 with timeout of 5s...
05-12-2024 14:52:03 - INFO - Sending request to Setting Chamber Zones to a= 0.3842453333333337, b= 0.09606133333333343, c= 0.3842453333333337, d= 0.09606133333333343 with timeout of 5s...
05-12-2024 14:52:03 - INFO - Sending request to Setting Chamber Zones to a= 0.38418666666666695, b= 0.09604666666666674, c= 0.38418666666666695, d= 0.09604666666666674 with timeout of 5s...
05-12-2024 14:52:03 - INFO - Sending request to Setting Chamber Zones to a= 0.3841280000000003, b= 0.09603200000000008, c= 0.3841280000000003, d= 0.09603200000000008 with timeout of 5s...
05-12-2024 14:52:03 - INFO - Sending request to Setting Chamber Zones to a= 0.38406933333333354, b= 0.09601733333333339, c= 0.38406933333333354, d= 0.09601733333333339 with timeout of 5s...
05-12-2024 14:52:04 - INFO - Sending request to Setting Chamber Zones to a= 0.38401066666666694, b= 0.09600266666666674, c= 0.38401066666666694, d= 0.09600266666666674 with timeout of 5s...
05-12-2024 14:52:04 - INFO - Sending request to Setting Chamber Zones to a= 0.38395200000000024, b= 0.09598800000000006, c= 0.38395200000000024, d= 0.09598800000000006 with timeout of 5s...
05-12-2024 14:52:04 - INFO - Sending request to Setting Chamber Zones to a= 0.38389333333333364, b= 0.09597333333333341, c= 0.38389333333333364, d= 0.09597333333333341 with timeout of 5s...
05-12-2024 14:52:04 - INFO - Sending request to Setting Chamber Zones to a= 0.3838346666666668, b= 0.0959586666666667, c= 0.3838346666666668, d= 0.0959586666666667 with timeout of 5s...
05-12-2024 14:52:04 - INFO - Sending request to Setting Chamber Zones to a= 0.3837760000000002, b= 0.09594400000000004, c= 0.3837760000000002, d= 0.09594400000000004 with timeout of 5s...
05-12-2024 14:52:05 - INFO - Sending request to Setting Chamber Zones to a= 0.3803453333333333, b= 0.09508633333333333, c= 0.3803453333333333, d= 0.09508633333333333 with timeout of 5s...
05-12-2024 14:52:05 - INFO - Sending request to Setting Chamber Zones to a= 0.3803146666666666, b= 0.09507866666666664, c= 0.3803146666666666, d= 0.09507866666666664 with timeout of 5s...
05-12-2024 14:52:05 - INFO - Sending request to Setting Chamber Zones to a= 0.3768786666666668, b= 0.0942196666666667, c= 0.3768786666666668, d= 0.0942196666666667 with timeout of 5s...
05-12-2024 14:52:05 - INFO - Sending request to Setting Chamber Zones to a= 0.3768426666666668, b= 0.0942106666666667, c= 0.3768426666666668, d= 0.0942106666666667 with timeout of 5s...
05-12-2024 14:52:05 - INFO - Sending request to Setting Chamber Zones to a= 0.37677333333333335, b= 0.09419333333333334, c= 0.37677333333333335, d= 0.09419333333333334 with timeout of 5s...
05-12-2024 14:52:06 - INFO - Sending request to Setting Chamber Zones to a= 0.3767040000000001, b= 0.09417600000000002, c= 0.3767040000000001, d= 0.09417600000000002 with timeout of 5s...
05-12-2024 14:52:06 - INFO - Setting Chamber Zones to a= 0.3767040000000001, b= 0.09417600000000002, c= 0.3767040000000001, d= 0.09417600000000002 request successfully sent.
05-12-2024 14:52:06 - INFO - Response from moonraker: {'result': 'ok'}
05-12-2024 14:52:06 - INFO - Setting Chamber Zones to a= 0.3767040000000001, b= 0.09417600000000002, c= 0.3767040000000001, d= 0.09417600000000002 Request successfully executed.
05-12-2024 14:52:06 - ERROR - E102 : Setting Chamber Zones to a= 0.3767040000000001, b= 0.09417600000000002, c= 0.3767040000000001, d= 0.09417600000000002 Request to Moonraker Timed out 
 Setting Chamber Zones to a= 0.3767040000000001, b= 0.09417600000000002, c= 0.3767040000000001, d= 0.09417600000000002 not successful
 Initiating firmware restart
05-12-2024 14:52:06 - INFO - Sending request to Setting Chamber Zones to a= 0.37663466666666673, b= 0.09415866666666668, c= 0.37663466666666673, d= 0.09415866666666668 with timeout of 5s...
05-12-2024 14:52:06 - INFO - Sending request to Setting Chamber Zones to a= 0.3765653333333334, b= 0.09414133333333335, c= 0.3765653333333334, d= 0.09414133333333335 with timeout of 5s...
05-12-2024 14:52:06 - INFO - Sending request to Setting Chamber Zones to a= 0.37312399999999984, b= 0.09328099999999996, c= 0.37312399999999984, d= 0.09328099999999996 with timeout of 5s...
05-12-2024 14:52:06 - INFO - Sending request to Setting Chamber Zones to a= 0.36971066666666663, b= 0.09242766666666666, c= 0.36971066666666663, d= 0.09242766666666666 with timeout of 5s...
05-12-2024 14:52:07 - INFO - Sending request to Setting Chamber Zones to a= 0.36966399999999994, b= 0.09241599999999998, c= 0.36966399999999994, d= 0.09241599999999998 with timeout of 5s...
05-12-2024 14:52:07 - INFO - Sending request to Setting Chamber Zones to a= 0.36958399999999997, b= 0.09239599999999999, c= 0.36958399999999997, d= 0.09239599999999999 with timeout of 5s...
05-12-2024 14:52:07 - INFO - Sending request to Setting Chamber Zones to a= 0.3695039999999999, b= 0.09237599999999997, c= 0.3695039999999999, d= 0.09237599999999997 with timeout of 5s...
05-12-2024 14:52:07 - INFO - Sending request to Setting Chamber Zones to a= 0.369424, b= 0.092356, c= 0.369424, d= 0.092356 with timeout of 5s...
05-12-2024 14:52:07 - INFO - Sending request to Setting Chamber Zones to a= 0.36934400000000006, b= 0.09233600000000002, c= 0.36934400000000006, d= 0.09233600000000002 with timeout of 5s...
05-12-2024 14:52:08 - INFO - Sending request to Setting Chamber Zones to a= 0.36926400000000004, b= 0.09231600000000001, c= 0.36926400000000004, d= 0.09231600000000001 with timeout of 5s...
05-12-2024 14:52:08 - INFO - Sending request to Setting Chamber Zones to a= 0.36918399999999996, b= 0.09229599999999999, c= 0.36918399999999996, d= 0.09229599999999999 with timeout of 5s...
05-12-2024 14:52:08 - INFO - Sending request to Setting Chamber Zones to a= 0.36910399999999993, b= 0.09227599999999998, c= 0.36910399999999993, d= 0.09227599999999998 with timeout of 5s...
05-12-2024 14:52:08 - INFO - Sending request to Setting Chamber Zones to a= 0.369024, b= 0.092256, c= 0.369024, d= 0.092256 with timeout of 5s...
05-12-2024 14:52:08 - INFO - Sending request to Setting Chamber Zones to a= 0.3689439999999999, b= 0.09223599999999997, c= 0.3689439999999999, d= 0.09223599999999997 with timeout of 5s...
05-12-2024 14:52:09 - INFO - Sending request to Setting Chamber Zones to a= 0.368864, b= 0.092216, c= 0.368864, d= 0.092216 with timeout of 5s...
05-12-2024 14:52:09 - INFO - Sending request to Setting Chamber Zones to a= 0.36878399999999995, b= 0.09219599999999999, c= 0.36878399999999995, d= 0.09219599999999999 with timeout of 5s...
05-12-2024 14:52:09 - INFO - Sending request to Setting Chamber Zones to a= 0.368704, b= 0.092176, c= 0.368704, d= 0.092176 with timeout of 5s...
05-12-2024 14:52:09 - INFO - Sending request to Setting Chamber Zones to a= 0.36862399999999984, b= 0.09215599999999996, c= 0.36862399999999984, d= 0.09215599999999996 with timeout of 5s...
05-12-2024 14:52:09 - INFO - Sending request to Setting Chamber Zones to a= 0.368544, b= 0.092136, c= 0.368544, d= 0.092136 with timeout of 5s...
05-12-2024 14:52:10 - INFO - Sending request to Setting Chamber Zones to a= 0.37183599999999983, b= 0.09295899999999996, c= 0.37183599999999983, d= 0.09295899999999996 with timeout of 5s...
05-12-2024 14:52:10 - INFO - Sending request to Setting Chamber Zones to a= 0.37172799999999984, b= 0.09293199999999996, c= 0.37172799999999984, d= 0.09293199999999996 with timeout of 5s...
05-12-2024 14:52:10 - INFO - Sending request to Setting Chamber Zones to a= 0.37165333333333317, b= 0.09291333333333329, c= 0.37165333333333317, d= 0.09291333333333329 with timeout of 5s...
05-12-2024 14:52:10 - INFO - Sending request to Setting Chamber Zones to a= 0.3715786666666665, b= 0.09289466666666663, c= 0.3715786666666665, d= 0.09289466666666663 with timeout of 5s...
05-12-2024 14:52:10 - INFO - Sending request to Setting Chamber Zones to a= 0.3715039999999999, b= 0.09287599999999997, c= 0.3715039999999999, d= 0.09287599999999997 with timeout of 5s...
05-12-2024 14:52:11 - INFO - Sending request to Setting Chamber Zones to a= 0.3714293333333332, b= 0.0928573333333333, c= 0.3714293333333332, d= 0.0928573333333333 with timeout of 5s...
05-12-2024 14:52:11 - INFO - Sending request to Setting Chamber Zones to a= 0.3713546666666666, b= 0.09283866666666665, c= 0.3713546666666666, d= 0.09283866666666665 with timeout of 5s...
05-12-2024 14:52:11 - INFO - Sending request to Setting Chamber Zones to a= 0.37127999999999983, b= 0.09281999999999996, c= 0.37127999999999983, d= 0.09281999999999996 with timeout of 5s...
05-12-2024 14:52:11 - INFO - Sending request to Setting Chamber Zones to a= 0.3678333333333335, b= 0.09195833333333338, c= 0.3678333333333335, d= 0.09195833333333338 with timeout of 5s...
05-12-2024 14:52:11 - INFO - Sending request to Setting Chamber Zones to a= 0.3677866666666667, b= 0.09194666666666668, c= 0.3677866666666667, d= 0.09194666666666668 with timeout of 5s...
05-12-2024 14:52:12 - INFO - Sending request to Setting Chamber Zones to a= 0.36770666666666685, b= 0.09192666666666671, c= 0.36770666666666685, d= 0.09192666666666671 with timeout of 5s...
05-12-2024 14:52:12 - INFO - Sending request to Setting Chamber Zones to a= 0.37099866666666664, b= 0.09274966666666666, c= 0.37099866666666664, d= 0.09274966666666666 with timeout of 5s...
05-12-2024 14:52:12 - INFO - Sending request to Setting Chamber Zones to a= 0.3708906666666667, b= 0.09272266666666668, c= 0.3708906666666667, d= 0.09272266666666668 with timeout of 5s...
05-12-2024 14:52:12 - INFO - Sending request to Setting Chamber Zones to a= 0.37081600000000003, b= 0.09270400000000001, c= 0.37081600000000003, d= 0.09270400000000001 with timeout of 5s...
05-12-2024 14:52:12 - INFO - Sending request to Setting Chamber Zones to a= 0.3741133333333336, b= 0.0935283333333334, c= 0.3741133333333336, d= 0.0935283333333334 with timeout of 5s...
05-12-2024 14:52:13 - INFO - Sending request to Setting Chamber Zones to a= 0.3773826666666667, b= 0.09434566666666667, c= 0.3773826666666667, d= 0.09434566666666667 with timeout of 5s...
05-12-2024 14:52:13 - INFO - Sending request to Setting Chamber Zones to a= 0.37728533333333336, b= 0.09432133333333334, c= 0.37728533333333336, d= 0.09432133333333334 with timeout of 5s...
05-12-2024 14:52:13 - INFO - Sending request to Setting Chamber Zones to a= 0.3772213333333334, b= 0.09430533333333335, c= 0.3772213333333334, d= 0.09430533333333335 with timeout of 5s...
05-12-2024 14:52:13 - INFO - Sending request to Setting Chamber Zones to a= 0.3704133333333334, b= 0.09260333333333336, c= 0.3704133333333334, d= 0.09260333333333336 with timeout of 5s...
05-12-2024 14:52:13 - INFO - Sending request to Setting Chamber Zones to a= 0.3704053333333334, b= 0.09260133333333335, c= 0.3704053333333334, d= 0.09260133333333335 with timeout of 5s...
05-12-2024 14:52:14 - INFO - Sending request to Setting Chamber Zones to a= 0.373702666666667, b= 0.09342566666666675, c= 0.373702666666667, d= 0.09342566666666675 with timeout of 5s...
05-12-2024 14:52:14 - INFO - Sending request to Setting Chamber Zones to a= 0.3736000000000004, b= 0.0934000000000001, c= 0.3736000000000004, d= 0.0934000000000001 with timeout of 5s...
05-12-2024 14:52:14 - INFO - Sending request to Setting Chamber Zones to a= 0.373530666666667, b= 0.09338266666666675, c= 0.373530666666667, d= 0.09338266666666675 with timeout of 5s...
05-12-2024 14:52:14 - INFO - Sending request to Setting Chamber Zones to a= 0.37346133333333364, b= 0.09336533333333341, c= 0.37346133333333364, d= 0.09336533333333341 with timeout of 5s...
05-12-2024 14:52:14 - INFO - Sending request to Setting Chamber Zones to a= 0.37339200000000033, b= 0.09334800000000008, c= 0.37339200000000033, d= 0.09334800000000008 with timeout of 5s...
05-12-2024 14:52:15 - INFO - Sending request to Setting Chamber Zones to a= 0.37332266666666697, b= 0.09333066666666674, c= 0.37332266666666697, d= 0.09333066666666674 with timeout of 5s...
05-12-2024 14:52:15 - INFO - Sending request to Setting Chamber Zones to a= 0.3698813333333334, b= 0.09247033333333335, c= 0.3698813333333334, d= 0.09247033333333335 with timeout of 5s...
05-12-2024 14:52:15 - INFO - Sending request to Setting Chamber Zones to a= 0.36984, b= 0.09246, c= 0.36984, d= 0.09246 with timeout of 5s...
05-12-2024 14:52:15 - INFO - Sending request to Setting Chamber Zones to a= 0.36639333333333357, b= 0.09159833333333339, c= 0.36639333333333357, d= 0.09159833333333339 with timeout of 5s...
05-12-2024 14:52:15 - INFO - Sending request to Setting Chamber Zones to a= 0.3663466666666668, b= 0.0915866666666667, c= 0.3663466666666668, d= 0.0915866666666667 with timeout of 5s...
05-12-2024 14:52:16 - INFO - Sending request to Setting Chamber Zones to a= 0.36626666666666696, b= 0.09156666666666674, c= 0.36626666666666696, d= 0.09156666666666674 with timeout of 5s...
05-12-2024 14:52:16 - INFO - Setting Chamber Zones to a= 0.36626666666666696, b= 0.09156666666666674, c= 0.36626666666666696, d= 0.09156666666666674 request successfully sent.
05-12-2024 14:52:16 - INFO - Response from moonraker: {'result': 'ok'}
05-12-2024 14:52:16 - INFO - Setting Chamber Zones to a= 0.36626666666666696, b= 0.09156666666666674, c= 0.36626666666666696, d= 0.09156666666666674 Request successfully executed.
05-12-2024 14:52:16 - ERROR - E102 : Setting Chamber Zones to a= 0.36626666666666696, b= 0.09156666666666674, c= 0.36626666666666696, d= 0.09156666666666674 Request to Moonraker Timed out 
 Setting Chamber Zones to a= 0.36626666666666696, b= 0.09156666666666674, c= 0.36626666666666696, d= 0.09156666666666674 not successful
 Initiating firmware restart
05-12-2024 14:52:16 - INFO - Sending request to Setting Chamber Zones to a= 0.3661866666666669, b= 0.09154666666666672, c= 0.3661866666666669, d= 0.09154666666666672 with timeout of 5s...
05-12-2024 14:52:16 - INFO - Sending request to Setting Chamber Zones to a= 0.36610666666666686, b= 0.09152666666666671, c= 0.36610666666666686, d= 0.09152666666666671 with timeout of 5s...
05-12-2024 14:52:16 - INFO - Sending request to Setting Chamber Zones to a= 0.36602666666666694, b= 0.09150666666666674, c= 0.36602666666666694, d= 0.09150666666666674 with timeout of 5s...
05-12-2024 14:52:16 - INFO - Sending request to Setting Chamber Zones to a= 0.3659466666666668, b= 0.0914866666666667, c= 0.3659466666666668, d= 0.0914866666666667 with timeout of 5s...
05-12-2024 14:52:17 - INFO - Sending request to Setting Chamber Zones to a= 0.36586666666666695, b= 0.09146666666666674, c= 0.36586666666666695, d= 0.09146666666666674 with timeout of 5s...
05-12-2024 14:52:17 - INFO - Sending request to Setting Chamber Zones to a= 0.36578666666666687, b= 0.09144666666666672, c= 0.36578666666666687, d= 0.09144666666666672 with timeout of 5s...
05-12-2024 14:52:17 - INFO - Sending request to Setting Chamber Zones to a= 0.3657066666666669, b= 0.09142666666666673, c= 0.3657066666666669, d= 0.09142666666666673 with timeout of 5s...
05-12-2024 14:52:17 - INFO - Sending request to Setting Chamber Zones to a= 0.36562666666666677, b= 0.09140666666666669, c= 0.36562666666666677, d= 0.09140666666666669 with timeout of 5s...
05-12-2024 14:52:17 - INFO - Sending request to Setting Chamber Zones to a= 0.3655466666666669, b= 0.09138666666666673, c= 0.3655466666666669, d= 0.09138666666666673 with timeout of 5s...
05-12-2024 14:52:18 - INFO - Sending request to Setting Chamber Zones to a= 0.36546666666666683, b= 0.09136666666666671, c= 0.36546666666666683, d= 0.09136666666666671 with timeout of 5s...
05-12-2024 14:52:18 - INFO - Sending request to Setting Chamber Zones to a= 0.3653866666666669, b= 0.09134666666666673, c= 0.3653866666666669, d= 0.09134666666666673 with timeout of 5s...
05-12-2024 14:52:18 - INFO - Sending request to Setting Chamber Zones to a= 0.36530666666666683, b= 0.09132666666666671, c= 0.36530666666666683, d= 0.09132666666666671 with timeout of 5s...
05-12-2024 14:52:18 - INFO - Sending request to Setting Chamber Zones to a= 0.36522666666666687, b= 0.09130666666666672, c= 0.36522666666666687, d= 0.09130666666666672 with timeout of 5s...
05-12-2024 14:52:18 - INFO - Sending request to Setting Chamber Zones to a= 0.365146666666667, b= 0.09128666666666675, c= 0.365146666666667, d= 0.09128666666666675 with timeout of 5s...
05-12-2024 14:52:19 - INFO - Sending request to Setting Chamber Zones to a= 0.3650666666666669, b= 0.09126666666666672, c= 0.3650666666666669, d= 0.09126666666666672 with timeout of 5s...
05-12-2024 14:52:19 - INFO - Sending request to Setting Chamber Zones to a= 0.36498666666666696, b= 0.09124666666666674, c= 0.36498666666666696, d= 0.09124666666666674 with timeout of 5s...
05-12-2024 14:52:19 - INFO - Sending request to Setting Chamber Zones to a= 0.3615346666666671, b= 0.09038366666666678, c= 0.3615346666666671, d= 0.09038366666666678 with timeout of 5s...
05-12-2024 14:52:19 - INFO - Sending request to Setting Chamber Zones to a= 0.36148266666666706, b= 0.09037066666666677, c= 0.36148266666666706, d= 0.09037066666666677 with timeout of 5s...
05-12-2024 14:52:19 - INFO - Sending request to Setting Chamber Zones to a= 0.3613973333333336, b= 0.0903493333333334, c= 0.3613973333333336, d= 0.0903493333333334 with timeout of 5s...
05-12-2024 14:52:20 - INFO - Sending request to Setting Chamber Zones to a= 0.3613120000000003, b= 0.09032800000000007, c= 0.3613120000000003, d= 0.09032800000000007 with timeout of 5s...
05-12-2024 14:52:20 - INFO - Sending request to Setting Chamber Zones to a= 0.361226666666667, b= 0.09030666666666674, c= 0.361226666666667, d= 0.09030666666666674 with timeout of 5s...
05-12-2024 14:52:20 - INFO - Sending request to Setting Chamber Zones to a= 0.36114133333333354, b= 0.09028533333333338, c= 0.36114133333333354, d= 0.09028533333333338 with timeout of 5s...
05-12-2024 14:52:20 - INFO - Sending request to Setting Chamber Zones to a= 0.36105600000000027, b= 0.09026400000000007, c= 0.36105600000000027, d= 0.09026400000000007 with timeout of 5s...
05-12-2024 14:52:20 - INFO - Sending request to Setting Chamber Zones to a= 0.36097066666666694, b= 0.09024266666666673, c= 0.36097066666666694, d= 0.09024266666666673 with timeout of 5s...
05-12-2024 14:52:21 - INFO - Sending request to Setting Chamber Zones to a= 0.36425733333333343, b= 0.09106433333333336, c= 0.36425733333333343, d= 0.09106433333333336 with timeout of 5s...
05-12-2024 14:52:21 - INFO - Sending request to Setting Chamber Zones to a= 0.364144, b= 0.091036, c= 0.364144, d= 0.091036 with timeout of 5s...
05-12-2024 14:52:21 - INFO - Sending request to Setting Chamber Zones to a= 0.3640640000000001, b= 0.09101600000000003, c= 0.3640640000000001, d= 0.09101600000000003 with timeout of 5s...
05-12-2024 14:52:21 - INFO - Sending request to Setting Chamber Zones to a= 0.36398400000000003, b= 0.09099600000000001, c= 0.36398400000000003, d= 0.09099600000000001 with timeout of 5s...
05-12-2024 14:52:21 - INFO - Sending request to Setting Chamber Zones to a= 0.36390400000000006, b= 0.09097600000000002, c= 0.36390400000000006, d= 0.09097600000000002 with timeout of 5s...
05-12-2024 14:52:22 - INFO - Sending request to Setting Chamber Zones to a= 0.3671959999999999, b= 0.09179899999999998, c= 0.3671959999999999, d= 0.09179899999999998 with timeout of 5s...
05-12-2024 14:52:22 - INFO - Sending request to Setting Chamber Zones to a= 0.3670879999999999, b= 0.09177199999999998, c= 0.3670879999999999, d= 0.09177199999999998 with timeout of 5s...
05-12-2024 14:52:22 - INFO - Sending request to Setting Chamber Zones to a= 0.36701333333333325, b= 0.09175333333333331, c= 0.36701333333333325, d= 0.09175333333333331 with timeout of 5s...
05-12-2024 14:52:22 - INFO - Sending request to Setting Chamber Zones to a= 0.3669386666666666, b= 0.09173466666666664, c= 0.3669386666666666, d= 0.09173466666666664 with timeout of 5s...
05-12-2024 14:52:22 - INFO - Sending request to Setting Chamber Zones to a= 0.36686399999999997, b= 0.09171599999999999, c= 0.36686399999999997, d= 0.09171599999999999 with timeout of 5s...
05-12-2024 14:52:23 - INFO - Sending request to Setting Chamber Zones to a= 0.36678933333333336, b= 0.09169733333333334, c= 0.36678933333333336, d= 0.09169733333333334 with timeout of 5s...
05-12-2024 14:52:23 - INFO - Sending request to Setting Chamber Zones to a= 0.3633426666666668, b= 0.0908356666666667, c= 0.3633426666666668, d= 0.0908356666666667 with timeout of 5s...
05-12-2024 14:52:23 - INFO - Sending request to Setting Chamber Zones to a= 0.36329600000000023, b= 0.09082400000000006, c= 0.36329600000000023, d= 0.09082400000000006 with timeout of 5s...
05-12-2024 14:52:23 - INFO - Sending request to Setting Chamber Zones to a= 0.3632160000000002, b= 0.09080400000000005, c= 0.3632160000000002, d= 0.09080400000000005 with timeout of 5s...
05-12-2024 14:52:23 - INFO - Sending request to Setting Chamber Zones to a= 0.3631360000000001, b= 0.09078400000000003, c= 0.3631360000000001, d= 0.09078400000000003 with timeout of 5s...
05-12-2024 14:52:24 - INFO - Sending request to Setting Chamber Zones to a= 0.35968400000000034, b= 0.08992100000000008, c= 0.35968400000000034, d= 0.08992100000000008 with timeout of 5s...
05-12-2024 14:52:24 - INFO - Sending request to Setting Chamber Zones to a= 0.35963200000000034, b= 0.08990800000000009, c= 0.35963200000000034, d= 0.08990800000000009 with timeout of 5s...
05-12-2024 14:52:24 - INFO - Sending request to Setting Chamber Zones to a= 0.35954666666666696, b= 0.08988666666666674, c= 0.35954666666666696, d= 0.08988666666666674 with timeout of 5s...
05-12-2024 14:52:24 - INFO - Sending request to Setting Chamber Zones to a= 0.35946133333333363, b= 0.08986533333333341, c= 0.35946133333333363, d= 0.08986533333333341 with timeout of 5s...
05-12-2024 14:52:24 - INFO - Sending request to Setting Chamber Zones to a= 0.3593760000000003, b= 0.08984400000000008, c= 0.3593760000000003, d= 0.08984400000000008 with timeout of 5s...
05-12-2024 14:52:25 - INFO - Sending request to Setting Chamber Zones to a= 0.3592906666666669, b= 0.08982266666666673, c= 0.3592906666666669, d= 0.08982266666666673 with timeout of 5s...
05-12-2024 14:52:25 - INFO - Sending request to Setting Chamber Zones to a= 0.35920533333333354, b= 0.08980133333333339, c= 0.35920533333333354, d= 0.08980133333333339 with timeout of 5s...
05-12-2024 14:52:25 - INFO - Sending request to Setting Chamber Zones to a= 0.3624920000000001, b= 0.09062300000000002, c= 0.3624920000000001, d= 0.09062300000000002 with timeout of 5s...
05-12-2024 14:52:25 - INFO - Sending request to Setting Chamber Zones to a= 0.3623786666666667, b= 0.09059466666666667, c= 0.3623786666666667, d= 0.09059466666666667 with timeout of 5s...
05-12-2024 14:52:25 - INFO - Sending request to Setting Chamber Zones to a= 0.3622986666666668, b= 0.0905746666666667, c= 0.3622986666666668, d= 0.0905746666666667 with timeout of 5s...
05-12-2024 14:52:26 - INFO - Sending request to Setting Chamber Zones to a= 0.3622186666666667, b= 0.09055466666666667, c= 0.3622186666666667, d= 0.09055466666666667 with timeout of 5s...
05-12-2024 14:52:26 - INFO - Setting Chamber Zones to a= 0.3622186666666667, b= 0.09055466666666667, c= 0.3622186666666667, d= 0.09055466666666667 request successfully sent.
05-12-2024 14:52:26 - INFO - Response from moonraker: {'result': 'ok'}
05-12-2024 14:52:26 - INFO - Setting Chamber Zones to a= 0.3622186666666667, b= 0.09055466666666667, c= 0.3622186666666667, d= 0.09055466666666667 Request successfully executed.
05-12-2024 14:52:26 - ERROR - E102 : Setting Chamber Zones to a= 0.3622186666666667, b= 0.09055466666666667, c= 0.3622186666666667, d= 0.09055466666666667 Request to Moonraker Timed out 
 Setting Chamber Zones to a= 0.3622186666666667, b= 0.09055466666666667, c= 0.3622186666666667, d= 0.09055466666666667 not successful
 Initiating firmware restart
05-12-2024 14:52:26 - INFO - Sending request to Setting Chamber Zones to a= 0.3621386666666668, b= 0.0905346666666667, c= 0.3621386666666668, d= 0.0905346666666667 with timeout of 5s...
05-12-2024 14:52:26 - INFO - Sending request to Setting Chamber Zones to a= 0.36205866666666675, b= 0.09051466666666669, c= 0.36205866666666675, d= 0.09051466666666669 with timeout of 5s...
05-12-2024 14:52:26 - INFO - Sending request to Setting Chamber Zones to a= 0.36197866666666667, b= 0.09049466666666667, c= 0.36197866666666667, d= 0.09049466666666667 with timeout of 5s...
05-12-2024 14:52:26 - INFO - Sending request to Setting Chamber Zones to a= 0.36189866666666665, b= 0.09047466666666666, c= 0.36189866666666665, d= 0.09047466666666666 with timeout of 5s...
05-12-2024 14:52:27 - INFO - Sending request to Setting Chamber Zones to a= 0.36181866666666673, b= 0.09045466666666668, c= 0.36181866666666673, d= 0.09045466666666668 with timeout of 5s...
05-12-2024 14:52:27 - INFO - Sending request to Setting Chamber Zones to a= 0.3617386666666667, b= 0.09043466666666668, c= 0.3617386666666667, d= 0.09043466666666668 with timeout of 5s...
05-12-2024 14:52:27 - INFO - Sending request to Setting Chamber Zones to a= 0.36165866666666674, b= 0.09041466666666668, c= 0.36165866666666674, d= 0.09041466666666668 with timeout of 5s...
05-12-2024 14:52:27 - INFO - Sending request to Setting Chamber Zones to a= 0.36157866666666666, b= 0.09039466666666666, c= 0.36157866666666666, d= 0.09039466666666666 with timeout of 5s...
05-12-2024 14:52:27 - INFO - Sending request to Setting Chamber Zones to a= 0.3614986666666667, b= 0.09037466666666667, c= 0.3614986666666667, d= 0.09037466666666667 with timeout of 5s...
05-12-2024 14:52:28 - INFO - Sending request to Setting Chamber Zones to a= 0.3614186666666668, b= 0.0903546666666667, c= 0.3614186666666668, d= 0.0903546666666667 with timeout of 5s...
05-12-2024 14:52:28 - INFO - Sending request to Setting Chamber Zones to a= 0.35796666666666693, b= 0.08949166666666673, c= 0.35796666666666693, d= 0.08949166666666673 with timeout of 5s...
05-12-2024 14:52:28 - INFO - Sending request to Setting Chamber Zones to a= 0.3511706666666668, b= 0.0877926666666667, c= 0.3511706666666668, d= 0.0877926666666667 with timeout of 5s...
05-12-2024 14:52:28 - INFO - Sending request to Setting Chamber Zones to a= 0.35114133333333347, b= 0.08778533333333337, c= 0.35114133333333347, d= 0.08778533333333337 with timeout of 5s...
05-12-2024 14:52:28 - INFO - Sending request to Setting Chamber Zones to a= 0.35104533333333343, b= 0.08776133333333336, c= 0.35104533333333343, d= 0.08776133333333336 with timeout of 5s...
05-12-2024 14:52:29 - INFO - Sending request to Setting Chamber Zones to a= 0.3509493333333334, b= 0.08773733333333335, c= 0.3509493333333334, d= 0.08773733333333335 with timeout of 5s...
05-12-2024 14:52:29 - INFO - Sending request to Setting Chamber Zones to a= 0.3508533333333334, b= 0.08771333333333335, c= 0.3508533333333334, d= 0.08771333333333335 with timeout of 5s...
05-12-2024 14:52:29 - INFO - Sending request to Setting Chamber Zones to a= 0.35075733333333337, b= 0.08768933333333334, c= 0.35075733333333337, d= 0.08768933333333334 with timeout of 5s...
05-12-2024 14:52:29 - INFO - Sending request to Setting Chamber Zones to a= 0.3506613333333334, b= 0.08766533333333335, c= 0.3506613333333334, d= 0.08766533333333335 with timeout of 5s...
05-12-2024 14:52:30 - INFO - Sending request to Setting Chamber Zones to a= 0.3505653333333334, b= 0.08764133333333335, c= 0.3505653333333334, d= 0.08764133333333335 with timeout of 5s...
05-12-2024 14:52:30 - INFO - Sending request to Setting Chamber Zones to a= 0.35046933333333335, b= 0.08761733333333334, c= 0.35046933333333335, d= 0.08761733333333334 with timeout of 5s...
05-12-2024 14:52:30 - INFO - Sending request to Setting Chamber Zones to a= 0.35037333333333337, b= 0.08759333333333334, c= 0.35037333333333337, d= 0.08759333333333334 with timeout of 5s...
05-12-2024 14:52:30 - INFO - Sending request to Setting Chamber Zones to a= 0.3536493333333332, b= 0.0884123333333333, c= 0.3536493333333332, d= 0.0884123333333333 with timeout of 5s...
05-12-2024 14:52:30 - INFO - Sending request to Setting Chamber Zones to a= 0.3535253333333332, b= 0.0883813333333333, c= 0.3535253333333332, d= 0.0883813333333333 with timeout of 5s...
05-12-2024 14:52:31 - INFO - Sending request to Setting Chamber Zones to a= 0.3568066666666667, b= 0.08920166666666668, c= 0.3568066666666667, d= 0.08920166666666668 with timeout of 5s...
05-12-2024 14:52:31 - INFO - Sending request to Setting Chamber Zones to a= 0.3600599999999999, b= 0.09001499999999997, c= 0.3600599999999999, d= 0.09001499999999997 with timeout of 5s...
05-12-2024 14:52:31 - INFO - Sending request to Setting Chamber Zones to a= 0.3599466666666666, b= 0.08998666666666665, c= 0.3599466666666666, d= 0.08998666666666665 with timeout of 5s...
05-12-2024 14:52:31 - INFO - Sending request to Setting Chamber Zones to a= 0.35986666666666656, b= 0.08996666666666664, c= 0.35986666666666656, d= 0.08996666666666664 with timeout of 5s...
05-12-2024 14:52:31 - INFO - Sending request to Setting Chamber Zones to a= 0.3564146666666667, b= 0.08910366666666668, c= 0.3564146666666667, d= 0.08910366666666668 with timeout of 5s...
05-12-2024 14:52:32 - INFO - Sending request to Setting Chamber Zones to a= 0.35636266666666677, b= 0.08909066666666669, c= 0.35636266666666677, d= 0.08909066666666669 with timeout of 5s...
05-12-2024 14:52:32 - INFO - Sending request to Setting Chamber Zones to a= 0.3562773333333334, b= 0.08906933333333335, c= 0.3562773333333334, d= 0.08906933333333335 with timeout of 5s...
05-12-2024 14:52:32 - INFO - Sending request to Setting Chamber Zones to a= 0.35281999999999974, b= 0.08820499999999994, c= 0.35281999999999974, d= 0.08820499999999994 with timeout of 5s...
05-12-2024 14:52:32 - INFO - Sending request to Setting Chamber Zones to a= 0.35276266666666634, b= 0.08819066666666658, c= 0.35276266666666634, d= 0.08819066666666658 with timeout of 5s...
05-12-2024 14:52:32 - INFO - Sending request to Setting Chamber Zones to a= 0.3493, b= 0.087325, c= 0.3493, d= 0.087325 with timeout of 5s...
05-12-2024 14:52:33 - INFO - Sending request to Setting Chamber Zones to a= 0.3492373333333333, b= 0.08730933333333332, c= 0.3492373333333333, d= 0.08730933333333332 with timeout of 5s...
05-12-2024 14:52:33 - INFO - Sending request to Setting Chamber Zones to a= 0.3491413333333333, b= 0.08728533333333333, c= 0.3491413333333333, d= 0.08728533333333333 with timeout of 5s...
05-12-2024 14:52:33 - INFO - Sending request to Setting Chamber Zones to a= 0.34904533333333326, b= 0.08726133333333332, c= 0.34904533333333326, d= 0.08726133333333332 with timeout of 5s...
05-12-2024 14:52:33 - INFO - Sending request to Setting Chamber Zones to a= 0.3489493333333333, b= 0.08723733333333332, c= 0.3489493333333333, d= 0.08723733333333332 with timeout of 5s...
05-12-2024 14:52:33 - INFO - Sending request to Setting Chamber Zones to a= 0.34885333333333324, b= 0.08721333333333331, c= 0.34885333333333324, d= 0.08721333333333331 with timeout of 5s...
05-12-2024 14:52:34 - INFO - Sending request to Setting Chamber Zones to a= 0.3487573333333333, b= 0.08718933333333333, c= 0.3487573333333333, d= 0.08718933333333333 with timeout of 5s...
05-12-2024 14:52:34 - INFO - Sending request to Setting Chamber Zones to a= 0.3486613333333332, b= 0.0871653333333333, c= 0.3486613333333332, d= 0.0871653333333333 with timeout of 5s...
05-12-2024 14:52:34 - INFO - Sending request to Setting Chamber Zones to a= 0.3485653333333332, b= 0.0871413333333333, c= 0.3485653333333332, d= 0.0871413333333333 with timeout of 5s...
05-12-2024 14:52:34 - INFO - Sending request to Setting Chamber Zones to a= 0.34846933333333324, b= 0.08711733333333331, c= 0.34846933333333324, d= 0.08711733333333331 with timeout of 5s...
05-12-2024 14:52:34 - INFO - Sending request to Setting Chamber Zones to a= 0.3517453333333329, b= 0.08793633333333323, c= 0.3517453333333329, d= 0.08793633333333323 with timeout of 5s...
05-12-2024 14:52:35 - INFO - Sending request to Setting Chamber Zones to a= 0.35499333333333327, b= 0.08874833333333332, c= 0.35499333333333327, d= 0.08874833333333332 with timeout of 5s...
05-12-2024 14:52:35 - INFO - Sending request to Setting Chamber Zones to a= 0.3548746666666666, b= 0.08871866666666665, c= 0.3548746666666666, d= 0.08871866666666665 with timeout of 5s...
05-12-2024 14:52:35 - INFO - Sending request to Setting Chamber Zones to a= 0.3581613333333331, b= 0.08954033333333328, c= 0.3581613333333331, d= 0.08954033333333328 with timeout of 5s...
05-12-2024 14:52:35 - INFO - Sending request to Setting Chamber Zones to a= 0.3580479999999997, b= 0.08951199999999992, c= 0.3580479999999997, d= 0.08951199999999992 with timeout of 5s...
05-12-2024 14:52:35 - INFO - Sending request to Setting Chamber Zones to a= 0.3579679999999998, b= 0.08949199999999995, c= 0.3579679999999998, d= 0.08949199999999995 with timeout of 5s...
05-12-2024 14:52:36 - INFO - Sending request to Setting Chamber Zones to a= 0.3578879999999998, b= 0.08947199999999995, c= 0.3578879999999998, d= 0.08947199999999995 with timeout of 5s...
05-12-2024 14:52:36 - INFO - Sending request to Setting Chamber Zones to a= 0.3578079999999997, b= 0.08945199999999992, c= 0.3578079999999997, d= 0.08945199999999992 with timeout of 5s...
05-12-2024 14:52:36 - INFO - Setting Chamber Zones to a= 0.3578079999999997, b= 0.08945199999999992, c= 0.3578079999999997, d= 0.08945199999999992 request successfully sent.
05-12-2024 14:52:36 - INFO - Response from moonraker: {'result': 'ok'}
05-12-2024 14:52:36 - INFO - Setting Chamber Zones to a= 0.3578079999999997, b= 0.08945199999999992, c= 0.3578079999999997, d= 0.08945199999999992 Request successfully executed.
05-12-2024 14:52:36 - ERROR - E102 : Setting Chamber Zones to a= 0.3578079999999997, b= 0.08945199999999992, c= 0.3578079999999997, d= 0.08945199999999992 Request to Moonraker Timed out 
 Setting Chamber Zones to a= 0.3578079999999997, b= 0.08945199999999992, c= 0.3578079999999997, d= 0.08945199999999992 not successful
 Initiating firmware restart
05-12-2024 14:52:36 - INFO - Sending request to Setting Chamber Zones to a= 0.3577279999999998, b= 0.08943199999999996, c= 0.3577279999999998, d= 0.08943199999999996 with timeout of 5s...
05-12-2024 14:52:36 - INFO - Sending request to Setting Chamber Zones to a= 0.35764799999999974, b= 0.08941199999999994, c= 0.35764799999999974, d= 0.08941199999999994 with timeout of 5s...
05-12-2024 14:52:36 - INFO - Sending request to Setting Chamber Zones to a= 0.35756799999999983, b= 0.08939199999999996, c= 0.35756799999999983, d= 0.08939199999999996 with timeout of 5s...
05-12-2024 14:52:37 - INFO - Sending request to Setting Chamber Zones to a= 0.35748799999999975, b= 0.08937199999999994, c= 0.35748799999999975, d= 0.08937199999999994 with timeout of 5s...
05-12-2024 14:52:37 - INFO - Sending request to Setting Chamber Zones to a= 0.3574079999999998, b= 0.08935199999999995, c= 0.3574079999999998, d= 0.08935199999999995 with timeout of 5s...
05-12-2024 14:52:37 - INFO - Sending request to Setting Chamber Zones to a= 0.3573279999999997, b= 0.08933199999999993, c= 0.3573279999999997, d= 0.08933199999999993 with timeout of 5s...
05-12-2024 14:52:37 - INFO - Sending request to Setting Chamber Zones to a= 0.3572479999999998, b= 0.08931199999999995, c= 0.3572479999999998, d= 0.08931199999999995 with timeout of 5s...
05-12-2024 14:52:37 - INFO - Sending request to Setting Chamber Zones to a= 0.3571679999999997, b= 0.08929199999999993, c= 0.3571679999999997, d= 0.08929199999999993 with timeout of 5s...
05-12-2024 14:52:38 - INFO - Sending request to Setting Chamber Zones to a= 0.3604599999999996, b= 0.0901149999999999, c= 0.3604599999999996, d= 0.0901149999999999 with timeout of 5s...
05-12-2024 14:52:38 - INFO - Sending request to Setting Chamber Zones to a= 0.35697999999999985, b= 0.08924499999999996, c= 0.35697999999999985, d= 0.08924499999999996 with timeout of 5s...
05-12-2024 14:52:38 - INFO - Sending request to Setting Chamber Zones to a= 0.35693333333333316, b= 0.08923333333333329, c= 0.35693333333333316, d= 0.08923333333333329 with timeout of 5s...
05-12-2024 14:52:38 - INFO - Sending request to Setting Chamber Zones to a= 0.3534813333333333, b= 0.08837033333333333, c= 0.3534813333333333, d= 0.08837033333333333 with timeout of 5s...
05-12-2024 14:52:38 - INFO - Sending request to Setting Chamber Zones to a= 0.3534293333333332, b= 0.0883573333333333, c= 0.3534293333333332, d= 0.0883573333333333 with timeout of 5s...
05-12-2024 14:52:39 - INFO - Sending request to Setting Chamber Zones to a= 0.3533439999999999, b= 0.08833599999999997, c= 0.3533439999999999, d= 0.08833599999999997 with timeout of 5s...
05-12-2024 14:52:39 - INFO - Sending request to Setting Chamber Zones to a= 0.35325866666666655, b= 0.08831466666666664, c= 0.35325866666666655, d= 0.08831466666666664 with timeout of 5s...
05-12-2024 14:52:39 - INFO - Sending request to Setting Chamber Zones to a= 0.34980133333333296, b= 0.08745033333333324, c= 0.34980133333333296, d= 0.08745033333333324 with timeout of 5s...
05-12-2024 14:52:39 - INFO - Sending request to Setting Chamber Zones to a= 0.3497439999999996, b= 0.0874359999999999, c= 0.3497439999999996, d= 0.0874359999999999 with timeout of 5s...
05-12-2024 14:52:39 - INFO - Sending request to Setting Chamber Zones to a= 0.3496533333333329, b= 0.08741333333333323, c= 0.3496533333333329, d= 0.08741333333333323 with timeout of 5s...
05-12-2024 14:52:40 - INFO - Sending request to Setting Chamber Zones to a= 0.3461906666666665, b= 0.08654766666666662, c= 0.3461906666666665, d= 0.08654766666666662 with timeout of 5s...
05-12-2024 14:52:40 - INFO - Sending request to Setting Chamber Zones to a= 0.3461279999999999, b= 0.08653199999999997, c= 0.3461279999999999, d= 0.08653199999999997 with timeout of 5s...
05-12-2024 14:52:40 - INFO - Sending request to Setting Chamber Zones to a= 0.3460319999999999, b= 0.08650799999999997, c= 0.3460319999999999, d= 0.08650799999999997 with timeout of 5s...
05-12-2024 14:52:40 - INFO - Sending request to Setting Chamber Zones to a= 0.3459359999999998, b= 0.08648399999999995, c= 0.3459359999999998, d= 0.08648399999999995 with timeout of 5s...
05-12-2024 14:52:40 - INFO - Sending request to Setting Chamber Zones to a= 0.34583999999999976, b= 0.08645999999999994, c= 0.34583999999999976, d= 0.08645999999999994 with timeout of 5s...
05-12-2024 14:52:41 - INFO - Sending request to Setting Chamber Zones to a= 0.3423719999999995, b= 0.08559299999999988, c= 0.3423719999999995, d= 0.08559299999999988 with timeout of 5s...
05-12-2024 14:52:41 - INFO - Sending request to Setting Chamber Zones to a= 0.34230399999999944, b= 0.08557599999999986, c= 0.34230399999999944, d= 0.08557599999999986 with timeout of 5s...
05-12-2024 14:52:41 - INFO - Sending request to Setting Chamber Zones to a= 0.3455746666666666, b= 0.08639366666666665, c= 0.3455746666666666, d= 0.08639366666666665 with timeout of 5s...
05-12-2024 14:52:41 - INFO - Sending request to Setting Chamber Zones to a= 0.3454453333333332, b= 0.0863613333333333, c= 0.3454453333333332, d= 0.0863613333333333 with timeout of 5s...
05-12-2024 14:52:41 - INFO - Sending request to Setting Chamber Zones to a= 0.3453493333333331, b= 0.08633733333333328, c= 0.3453493333333331, d= 0.08633733333333328 with timeout of 5s...
05-12-2024 14:52:42 - INFO - Sending request to Setting Chamber Zones to a= 0.3486253333333329, b= 0.08715633333333322, c= 0.3486253333333329, d= 0.08715633333333322 with timeout of 5s...
05-12-2024 14:52:42 - INFO - Sending request to Setting Chamber Zones to a= 0.34850133333333294, b= 0.08712533333333324, c= 0.34850133333333294, d= 0.08712533333333324 with timeout of 5s...
05-12-2024 14:52:42 - INFO - Sending request to Setting Chamber Zones to a= 0.34841066666666626, b= 0.08710266666666656, c= 0.34841066666666626, d= 0.08710266666666656 with timeout of 5s...
05-12-2024 14:52:42 - INFO - Sending request to Setting Chamber Zones to a= 0.3483199999999996, b= 0.0870799999999999, c= 0.3483199999999996, d= 0.0870799999999999 with timeout of 5s...
05-12-2024 14:52:42 - INFO - Sending request to Setting Chamber Zones to a= 0.34485733333333324, b= 0.08621433333333331, c= 0.34485733333333324, d= 0.08621433333333331 with timeout of 5s...
05-12-2024 14:52:43 - INFO - Sending request to Setting Chamber Zones to a= 0.3447946666666665, b= 0.08619866666666663, c= 0.3447946666666665, d= 0.08619866666666663 with timeout of 5s...
05-12-2024 14:52:43 - INFO - Sending request to Setting Chamber Zones to a= 0.3446986666666665, b= 0.08617466666666662, c= 0.3446986666666665, d= 0.08617466666666662 with timeout of 5s...
05-12-2024 14:52:43 - INFO - Sending request to Setting Chamber Zones to a= 0.3446026666666665, b= 0.08615066666666663, c= 0.3446026666666665, d= 0.08615066666666663 with timeout of 5s...
05-12-2024 14:52:43 - INFO - Sending request to Setting Chamber Zones to a= 0.3445066666666665, b= 0.08612666666666663, c= 0.3445066666666665, d= 0.08612666666666663 with timeout of 5s...
05-12-2024 14:52:43 - INFO - Sending request to Setting Chamber Zones to a= 0.3444106666666664, b= 0.0861026666666666, c= 0.3444106666666664, d= 0.0861026666666666 with timeout of 5s...
05-12-2024 14:52:44 - INFO - Sending request to Setting Chamber Zones to a= 0.3443146666666664, b= 0.0860786666666666, c= 0.3443146666666664, d= 0.0860786666666666 with timeout of 5s...
05-12-2024 14:52:44 - INFO - Sending request to Setting Chamber Zones to a= 0.34421866666666645, b= 0.08605466666666661, c= 0.34421866666666645, d= 0.08605466666666661 with timeout of 5s...
05-12-2024 14:52:44 - INFO - Sending request to Setting Chamber Zones to a= 0.3441226666666664, b= 0.0860306666666666, c= 0.3441226666666664, d= 0.0860306666666666 with timeout of 5s...
05-12-2024 14:52:44 - INFO - Sending request to Setting Chamber Zones to a= 0.3440266666666664, b= 0.0860066666666666, c= 0.3440266666666664, d= 0.0860066666666666 with timeout of 5s...
05-12-2024 14:52:44 - INFO - Sending request to Setting Chamber Zones to a= 0.3405586666666662, b= 0.08513966666666654, c= 0.3405586666666662, d= 0.08513966666666654 with timeout of 5s...
05-12-2024 14:52:45 - INFO - Sending request to Setting Chamber Zones to a= 0.3404906666666661, b= 0.08512266666666653, c= 0.3404906666666661, d= 0.08512266666666653 with timeout of 5s...
05-12-2024 14:52:45 - INFO - Sending request to Setting Chamber Zones to a= 0.3437613333333331, b= 0.08594033333333327, c= 0.3437613333333331, d= 0.08594033333333327 with timeout of 5s...
05-12-2024 14:52:45 - INFO - Sending request to Setting Chamber Zones to a= 0.34363199999999977, b= 0.08590799999999994, c= 0.34363199999999977, d= 0.08590799999999994 with timeout of 5s...
05-12-2024 14:52:45 - INFO - Sending request to Setting Chamber Zones to a= 0.34690799999999955, b= 0.08672699999999989, c= 0.34690799999999955, d= 0.08672699999999989 with timeout of 5s...
05-12-2024 14:52:45 - INFO - Sending request to Setting Chamber Zones to a= 0.35015599999999986, b= 0.08753899999999996, c= 0.35015599999999986, d= 0.08753899999999996 with timeout of 5s...
05-12-2024 14:52:46 - INFO - Sending request to Setting Chamber Zones to a= 0.35340933333333296, b= 0.08835233333333324, c= 0.35340933333333296, d= 0.08835233333333324 with timeout of 5s...
05-12-2024 14:52:46 - INFO - Setting Chamber Zones to a= 0.35340933333333296, b= 0.08835233333333324, c= 0.35340933333333296, d= 0.08835233333333324 request successfully sent.
05-12-2024 14:52:46 - INFO - Response from moonraker: {'result': 'ok'}
05-12-2024 14:52:46 - INFO - Setting Chamber Zones to a= 0.35340933333333296, b= 0.08835233333333324, c= 0.35340933333333296, d= 0.08835233333333324 Request successfully executed.
05-12-2024 14:52:46 - ERROR - E102 : Setting Chamber Zones to a= 0.35340933333333296, b= 0.08835233333333324, c= 0.35340933333333296, d= 0.08835233333333324 Request to Moonraker Timed out 
 Setting Chamber Zones to a= 0.35340933333333296, b= 0.08835233333333324, c= 0.35340933333333296, d= 0.08835233333333324 not successful
 Initiating firmware restart
05-12-2024 14:52:46 - INFO - Sending request to Setting Chamber Zones to a= 0.3532959999999996, b= 0.0883239999999999, c= 0.3532959999999996, d= 0.0883239999999999 with timeout of 5s...
05-12-2024 14:52:46 - INFO - Sending request to Setting Chamber Zones to a= 0.3565879999999994, b= 0.08914699999999985, c= 0.3565879999999994, d= 0.08914699999999985 with timeout of 5s...
05-12-2024 14:52:46 - INFO - Sending request to Setting Chamber Zones to a= 0.3564799999999995, b= 0.08911999999999988, c= 0.3564799999999995, d= 0.08911999999999988 with timeout of 5s...
05-12-2024 14:52:46 - INFO - Sending request to Setting Chamber Zones to a= 0.35640533333333285, b= 0.08910133333333321, c= 0.35640533333333285, d= 0.08910133333333321 with timeout of 5s...
05-12-2024 14:52:47 - INFO - Sending request to Setting Chamber Zones to a= 0.35633066666666624, b= 0.08908266666666656, c= 0.35633066666666624, d= 0.08908266666666656 with timeout of 5s...
05-12-2024 14:52:47 - INFO - Sending request to Setting Chamber Zones to a= 0.35625599999999946, b= 0.08906399999999987, c= 0.35625599999999946, d= 0.08906399999999987 with timeout of 5s...
05-12-2024 14:52:47 - INFO - Sending request to Setting Chamber Zones to a= 0.35618133333333296, b= 0.08904533333333324, c= 0.35618133333333296, d= 0.08904533333333324 with timeout of 5s...
05-12-2024 14:52:47 - INFO - Sending request to Setting Chamber Zones to a= 0.3561066666666663, b= 0.08902666666666657, c= 0.3561066666666663, d= 0.08902666666666657 with timeout of 5s...
05-12-2024 14:52:47 - INFO - Sending request to Setting Chamber Zones to a= 0.35265999999999986, b= 0.08816499999999997, c= 0.35265999999999986, d= 0.08816499999999997 with timeout of 5s...
05-12-2024 14:52:48 - INFO - Sending request to Setting Chamber Zones to a= 0.35261333333333306, b= 0.08815333333333326, c= 0.35261333333333306, d= 0.08815333333333326 with timeout of 5s...
05-12-2024 14:52:48 - INFO - Sending request to Setting Chamber Zones to a= 0.35253333333333314, b= 0.08813333333333329, c= 0.35253333333333314, d= 0.08813333333333329 with timeout of 5s...
05-12-2024 14:52:48 - INFO - Sending request to Setting Chamber Zones to a= 0.35582533333333294, b= 0.08895633333333323, c= 0.35582533333333294, d= 0.08895633333333323 with timeout of 5s...
05-12-2024 14:52:48 - INFO - Sending request to Setting Chamber Zones to a= 0.355717333333333, b= 0.08892933333333325, c= 0.355717333333333, d= 0.08892933333333325 with timeout of 5s...
05-12-2024 14:52:48 - INFO - Sending request to Setting Chamber Zones to a= 0.3590146666666666, b= 0.08975366666666665, c= 0.3590146666666666, d= 0.08975366666666665 with timeout of 5s...
05-12-2024 14:52:49 - INFO - Sending request to Setting Chamber Zones to a= 0.3589119999999999, b= 0.08972799999999997, c= 0.3589119999999999, d= 0.08972799999999997 with timeout of 5s...
05-12-2024 14:52:49 - INFO - Sending request to Setting Chamber Zones to a= 0.35884266666666664, b= 0.08971066666666666, c= 0.35884266666666664, d= 0.08971066666666666 with timeout of 5s...
05-12-2024 14:52:49 - INFO - Sending request to Setting Chamber Zones to a= 0.35540133333333296, b= 0.08885033333333324, c= 0.35540133333333296, d= 0.08885033333333324 with timeout of 5s...
05-12-2024 14:52:49 - INFO - Sending request to Setting Chamber Zones to a= 0.3553599999999997, b= 0.08883999999999992, c= 0.3553599999999997, d= 0.08883999999999992 with timeout of 5s...
05-12-2024 14:52:49 - INFO - Sending request to Setting Chamber Zones to a= 0.355285333333333, b= 0.08882133333333325, c= 0.355285333333333, d= 0.08882133333333325 with timeout of 5s...
05-12-2024 14:52:50 - INFO - Sending request to Setting Chamber Zones to a= 0.35521066666666634, b= 0.08880266666666659, c= 0.35521066666666634, d= 0.08880266666666659 with timeout of 5s...
05-12-2024 14:52:50 - INFO - Sending request to Setting Chamber Zones to a= 0.3551359999999997, b= 0.08878399999999992, c= 0.3551359999999997, d= 0.08878399999999992 with timeout of 5s...
05-12-2024 14:52:50 - INFO - Sending request to Setting Chamber Zones to a= 0.3550613333333331, b= 0.08876533333333328, c= 0.3550613333333331, d= 0.08876533333333328 with timeout of 5s...
05-12-2024 14:52:50 - INFO - Sending request to Setting Chamber Zones to a= 0.35498666666666634, b= 0.08874666666666658, c= 0.35498666666666634, d= 0.08874666666666658 with timeout of 5s...
05-12-2024 14:52:50 - INFO - Sending request to Setting Chamber Zones to a= 0.35828400000000005, b= 0.08957100000000001, c= 0.35828400000000005, d= 0.08957100000000001 with timeout of 5s...
05-12-2024 14:52:51 - INFO - Sending request to Setting Chamber Zones to a= 0.3581813333333334, b= 0.08954533333333335, c= 0.3581813333333334, d= 0.08954533333333335 with timeout of 5s...
05-12-2024 14:52:51 - INFO - Sending request to Setting Chamber Zones to a= 0.358112, b= 0.089528, c= 0.358112, d= 0.089528 with timeout of 5s...
05-12-2024 14:52:51 - INFO - Sending request to Setting Chamber Zones to a= 0.35804266666666673, b= 0.08951066666666668, c= 0.35804266666666673, d= 0.08951066666666668 with timeout of 5s...
05-12-2024 14:52:51 - INFO - Sending request to Setting Chamber Zones to a= 0.35460133333333305, b= 0.08865033333333326, c= 0.35460133333333305, d= 0.08865033333333326 with timeout of 5s...
05-12-2024 14:52:52 - INFO - Sending request to Setting Chamber Zones to a= 0.351188, b= 0.087797, c= 0.351188, d= 0.087797 with timeout of 5s...
05-12-2024 14:52:52 - INFO - Sending request to Setting Chamber Zones to a= 0.3511413333333333, b= 0.08778533333333333, c= 0.3511413333333333, d= 0.08778533333333333 with timeout of 5s...
05-12-2024 14:52:52 - INFO - Sending request to Setting Chamber Zones to a= 0.3510613333333332, b= 0.0877653333333333, c= 0.3510613333333332, d= 0.0877653333333333 with timeout of 5s...
05-12-2024 14:52:52 - INFO - Sending request to Setting Chamber Zones to a= 0.3509813333333332, b= 0.0877453333333333, c= 0.3509813333333332, d= 0.0877453333333333 with timeout of 5s...
05-12-2024 14:52:52 - INFO - Sending request to Setting Chamber Zones to a= 0.3509013333333333, b= 0.08772533333333332, c= 0.3509013333333333, d= 0.08772533333333332 with timeout of 5s...
05-12-2024 14:52:53 - INFO - Sending request to Setting Chamber Zones to a= 0.34744933333333344, b= 0.08686233333333336, c= 0.34744933333333344, d= 0.08686233333333336 with timeout of 5s...
05-12-2024 14:52:53 - INFO - Sending request to Setting Chamber Zones to a= 0.3473973333333334, b= 0.08684933333333335, c= 0.3473973333333334, d= 0.08684933333333335 with timeout of 5s...
05-12-2024 14:52:53 - INFO - Sending request to Setting Chamber Zones to a= 0.34393999999999975, b= 0.08598499999999994, c= 0.34393999999999975, d= 0.08598499999999994 with timeout of 5s...
05-12-2024 14:52:53 - INFO - Sending request to Setting Chamber Zones to a= 0.3438826666666664, b= 0.0859706666666666, c= 0.3438826666666664, d= 0.0859706666666666 with timeout of 5s...
05-12-2024 14:52:53 - INFO - Sending request to Setting Chamber Zones to a= 0.3437919999999998, b= 0.08594799999999995, c= 0.3437919999999998, d= 0.08594799999999995 with timeout of 5s...
05-12-2024 14:52:54 - INFO - Sending request to Setting Chamber Zones to a= 0.3403293333333333, b= 0.08508233333333333, c= 0.3403293333333333, d= 0.08508233333333333 with timeout of 5s...
05-12-2024 14:52:54 - INFO - Sending request to Setting Chamber Zones to a= 0.34026666666666666, b= 0.08506666666666667, c= 0.34026666666666666, d= 0.08506666666666667 with timeout of 5s...
05-12-2024 14:52:54 - INFO - Sending request to Setting Chamber Zones to a= 0.3401706666666666, b= 0.08504266666666666, c= 0.3401706666666666, d= 0.08504266666666666 with timeout of 5s...
05-12-2024 14:52:54 - INFO - Sending request to Setting Chamber Zones to a= 0.3400746666666666, b= 0.08501866666666665, c= 0.3400746666666666, d= 0.08501866666666665 with timeout of 5s...
05-12-2024 14:52:54 - INFO - Sending request to Setting Chamber Zones to a= 0.3433506666666664, b= 0.0858376666666666, c= 0.3433506666666664, d= 0.0858376666666666 with timeout of 5s...
05-12-2024 14:52:55 - INFO - Sending request to Setting Chamber Zones to a= 0.3499706666666665, b= 0.08749266666666662, c= 0.3499706666666665, d= 0.08749266666666662 with timeout of 5s...
05-12-2024 14:52:55 - INFO - Sending request to Setting Chamber Zones to a= 0.3531959999999997, b= 0.08829899999999992, c= 0.3531959999999997, d= 0.08829899999999992 with timeout of 5s...
05-12-2024 14:52:55 - INFO - Sending request to Setting Chamber Zones to a= 0.3530879999999997, b= 0.08827199999999992, c= 0.3530879999999997, d= 0.08827199999999992 with timeout of 5s...
05-12-2024 14:52:55 - INFO - Sending request to Setting Chamber Zones to a= 0.35638533333333333, b= 0.08909633333333333, c= 0.35638533333333333, d= 0.08909633333333333 with timeout of 5s...
05-12-2024 14:52:55 - INFO - Sending request to Setting Chamber Zones to a= 0.35965466666666646, b= 0.08991366666666661, c= 0.35965466666666646, d= 0.08991366666666661 with timeout of 5s...
05-12-2024 14:52:56 - INFO - Sending request to Setting Chamber Zones to a= 0.3595573333333331, b= 0.08988933333333328, c= 0.3595573333333331, d= 0.08988933333333328 with timeout of 5s...
05-12-2024 14:52:56 - INFO - Sending request to Setting Chamber Zones to a= 0.35949333333333316, b= 0.08987333333333329, c= 0.35949333333333316, d= 0.08987333333333329 with timeout of 5s...
05-12-2024 14:52:56 - INFO - Setting Chamber Zones to a= 0.35949333333333316, b= 0.08987333333333329, c= 0.35949333333333316, d= 0.08987333333333329 request successfully sent.
05-12-2024 14:52:56 - INFO - Response from moonraker: {'result': 'ok'}
05-12-2024 14:52:56 - INFO - Setting Chamber Zones to a= 0.35949333333333316, b= 0.08987333333333329, c= 0.35949333333333316, d= 0.08987333333333329 Request successfully executed.
05-12-2024 14:52:56 - ERROR - E102 : Setting Chamber Zones to a= 0.35949333333333316, b= 0.08987333333333329, c= 0.35949333333333316, d= 0.08987333333333329 Request to Moonraker Timed out 
 Setting Chamber Zones to a= 0.35949333333333316, b= 0.08987333333333329, c= 0.35949333333333316, d= 0.08987333333333329 not successful
 Initiating firmware restart
05-12-2024 14:52:56 - INFO - Sending request to Setting Chamber Zones to a= 0.3560573333333334, b= 0.08901433333333335, c= 0.3560573333333334, d= 0.08901433333333335 with timeout of 5s...
05-12-2024 14:52:56 - INFO - Sending request to Setting Chamber Zones to a= 0.3526493333333331, b= 0.08816233333333327, c= 0.3526493333333331, d= 0.08816233333333327 with timeout of 5s...
05-12-2024 14:52:56 - INFO - Sending request to Setting Chamber Zones to a= 0.3526079999999998, b= 0.08815199999999995, c= 0.3526079999999998, d= 0.08815199999999995 with timeout of 5s...
05-12-2024 14:52:57 - INFO - Sending request to Setting Chamber Zones to a= 0.35253333333333314, b= 0.08813333333333329, c= 0.35253333333333314, d= 0.08813333333333329 with timeout of 5s...
05-12-2024 14:52:57 - INFO - Sending request to Setting Chamber Zones to a= 0.3524586666666665, b= 0.08811466666666662, c= 0.3524586666666665, d= 0.08811466666666662 with timeout of 5s...
05-12-2024 14:52:57 - INFO - Sending request to Setting Chamber Zones to a= 0.34901200000000004, b= 0.08725300000000001, c= 0.34901200000000004, d= 0.08725300000000001 with timeout of 5s...
05-12-2024 14:52:57 - INFO - Sending request to Setting Chamber Zones to a= 0.3489653333333333, b= 0.08724133333333332, c= 0.3489653333333333, d= 0.08724133333333332 with timeout of 5s...
05-12-2024 14:52:57 - INFO - Sending request to Setting Chamber Zones to a= 0.3488853333333333, b= 0.08722133333333333, c= 0.3488853333333333, d= 0.08722133333333333 with timeout of 5s...
05-12-2024 14:52:58 - INFO - Sending request to Setting Chamber Zones to a= 0.3454333333333335, b= 0.08635833333333337, c= 0.3454333333333335, d= 0.08635833333333337 with timeout of 5s...
05-12-2024 14:52:58 - INFO - Sending request to Setting Chamber Zones to a= 0.3453813333333335, b= 0.08634533333333337, c= 0.3453813333333335, d= 0.08634533333333337 with timeout of 5s...
05-12-2024 14:52:58 - INFO - Sending request to Setting Chamber Zones to a= 0.34192399999999984, b= 0.08548099999999996, c= 0.34192399999999984, d= 0.08548099999999996 with timeout of 5s...
05-12-2024 14:52:58 - INFO - Sending request to Setting Chamber Zones to a= 0.3384946666666668, b= 0.0846236666666667, c= 0.3384946666666668, d= 0.0846236666666667 with timeout of 5s...
05-12-2024 14:52:58 - INFO - Sending request to Setting Chamber Zones to a= 0.3384320000000001, b= 0.08460800000000003, c= 0.3384320000000001, d= 0.08460800000000003 with timeout of 5s...
05-12-2024 14:52:59 - INFO - Sending request to Setting Chamber Zones to a= 0.338336, b= 0.084584, c= 0.338336, d= 0.084584 with timeout of 5s...
05-12-2024 14:52:59 - INFO - Sending request to Setting Chamber Zones to a= 0.33824000000000004, b= 0.08456000000000001, c= 0.33824000000000004, d= 0.08456000000000001 with timeout of 5s...
05-12-2024 14:52:59 - INFO - Sending request to Setting Chamber Zones to a= 0.338144, b= 0.084536, c= 0.338144, d= 0.084536 with timeout of 5s...
05-12-2024 14:52:59 - INFO - Sending request to Setting Chamber Zones to a= 0.33467599999999975, b= 0.08366899999999994, c= 0.33467599999999975, d= 0.08366899999999994 with timeout of 5s...
05-12-2024 14:52:59 - INFO - Sending request to Setting Chamber Zones to a= 0.3346079999999998, b= 0.08365199999999995, c= 0.3346079999999998, d= 0.08365199999999995 with timeout of 5s...
05-12-2024 14:53:00 - INFO - Sending request to Setting Chamber Zones to a= 0.3378786666666667, b= 0.08446966666666668, c= 0.3378786666666667, d= 0.08446966666666668 with timeout of 5s...
05-12-2024 14:53:00 - INFO - Sending request to Setting Chamber Zones to a= 0.33774933333333335, b= 0.08443733333333334, c= 0.33774933333333335, d= 0.08443733333333334 with timeout of 5s...
05-12-2024 14:53:00 - INFO - Sending request to Setting Chamber Zones to a= 0.33765333333333336, b= 0.08441333333333334, c= 0.33765333333333336, d= 0.08441333333333334 with timeout of 5s...
05-12-2024 14:53:00 - INFO - Sending request to Setting Chamber Zones to a= 0.3375573333333333, b= 0.08438933333333333, c= 0.3375573333333333, d= 0.08438933333333333 with timeout of 5s...
05-12-2024 14:53:00 - INFO - Sending request to Setting Chamber Zones to a= 0.33746133333333334, b= 0.08436533333333333, c= 0.33746133333333334, d= 0.08436533333333333 with timeout of 5s...
05-12-2024 14:53:01 - INFO - Sending request to Setting Chamber Zones to a= 0.33736533333333335, b= 0.08434133333333334, c= 0.33736533333333335, d= 0.08434133333333334 with timeout of 5s...
05-12-2024 14:53:01 - INFO - Sending request to Setting Chamber Zones to a= 0.3406413333333332, b= 0.0851603333333333, c= 0.3406413333333332, d= 0.0851603333333333 with timeout of 5s...
05-12-2024 14:53:01 - INFO - Sending request to Setting Chamber Zones to a= 0.34388933333333344, b= 0.08597233333333336, c= 0.34388933333333344, d= 0.08597233333333336 with timeout of 5s...
05-12-2024 14:53:01 - INFO - Sending request to Setting Chamber Zones to a= 0.3437706666666667, b= 0.08594266666666668, c= 0.3437706666666667, d= 0.08594266666666668 with timeout of 5s...
05-12-2024 14:53:01 - INFO - Sending request to Setting Chamber Zones to a= 0.3436853333333334, b= 0.08592133333333335, c= 0.3436853333333334, d= 0.08592133333333335 with timeout of 5s...
05-12-2024 14:53:02 - INFO - Sending request to Setting Chamber Zones to a= 0.3436, b= 0.0859, c= 0.3436, d= 0.0859 with timeout of 5s...
05-12-2024 14:53:02 - INFO - Sending request to Setting Chamber Zones to a= 0.3435146666666667, b= 0.08587866666666667, c= 0.3435146666666667, d= 0.08587866666666667 with timeout of 5s...
05-12-2024 14:53:02 - INFO - Sending request to Setting Chamber Zones to a= 0.34342933333333325, b= 0.08585733333333331, c= 0.34342933333333325, d= 0.08585733333333331 with timeout of 5s...
05-12-2024 14:53:02 - INFO - Sending request to Setting Chamber Zones to a= 0.34671599999999975, b= 0.08667899999999994, c= 0.34671599999999975, d= 0.08667899999999994 with timeout of 5s...
05-12-2024 14:53:02 - INFO - Sending request to Setting Chamber Zones to a= 0.34660266666666645, b= 0.08665066666666661, c= 0.34660266666666645, d= 0.08665066666666661 with timeout of 5s...
05-12-2024 14:53:03 - INFO - Sending request to Setting Chamber Zones to a= 0.3431506666666666, b= 0.08578766666666665, c= 0.3431506666666666, d= 0.08578766666666665 with timeout of 5s...
05-12-2024 14:53:03 - INFO - Sending request to Setting Chamber Zones to a= 0.34309866666666655, b= 0.08577466666666664, c= 0.34309866666666655, d= 0.08577466666666664 with timeout of 5s...
05-12-2024 14:53:03 - INFO - Sending request to Setting Chamber Zones to a= 0.3430133333333332, b= 0.0857533333333333, c= 0.3430133333333332, d= 0.0857533333333333 with timeout of 5s...
05-12-2024 14:53:03 - INFO - Sending request to Setting Chamber Zones to a= 0.3429279999999999, b= 0.08573199999999997, c= 0.3429279999999999, d= 0.08573199999999997 with timeout of 5s...
05-12-2024 14:53:03 - INFO - Sending request to Setting Chamber Zones to a= 0.34284266666666663, b= 0.08571066666666666, c= 0.34284266666666663, d= 0.08571066666666666 with timeout of 5s...
05-12-2024 14:53:04 - INFO - Sending request to Setting Chamber Zones to a= 0.3427573333333332, b= 0.0856893333333333, c= 0.3427573333333332, d= 0.0856893333333333 with timeout of 5s...
05-12-2024 14:53:04 - INFO - Sending request to Setting Chamber Zones to a= 0.34267199999999987, b= 0.08566799999999997, c= 0.34267199999999987, d= 0.08566799999999997 with timeout of 5s...
05-12-2024 14:53:04 - INFO - Sending request to Setting Chamber Zones to a= 0.34258666666666654, b= 0.08564666666666663, c= 0.34258666666666654, d= 0.08564666666666663 with timeout of 5s...
05-12-2024 14:53:04 - INFO - Sending request to Setting Chamber Zones to a= 0.33912933333333295, b= 0.08478233333333324, c= 0.33912933333333295, d= 0.08478233333333324 with timeout of 5s...
05-12-2024 14:53:04 - INFO - Sending request to Setting Chamber Zones to a= 0.33907199999999954, b= 0.08476799999999989, c= 0.33907199999999954, d= 0.08476799999999989 with timeout of 5s...
05-12-2024 14:53:05 - INFO - Sending request to Setting Chamber Zones to a= 0.33560933333333304, b= 0.08390233333333326, c= 0.33560933333333304, d= 0.08390233333333326 with timeout of 5s...
05-12-2024 14:53:05 - INFO - Sending request to Setting Chamber Zones to a= 0.33554666666666644, b= 0.08388666666666661, c= 0.33554666666666644, d= 0.08388666666666661 with timeout of 5s...
05-12-2024 14:53:05 - INFO - Sending request to Setting Chamber Zones to a= 0.3354506666666664, b= 0.0838626666666666, c= 0.3354506666666664, d= 0.0838626666666666 with timeout of 5s...
05-12-2024 14:53:05 - INFO - Sending request to Setting Chamber Zones to a= 0.3353546666666664, b= 0.0838386666666666, c= 0.3353546666666664, d= 0.0838386666666666 with timeout of 5s...
05-12-2024 14:53:05 - INFO - Sending request to Setting Chamber Zones to a= 0.33525866666666637, b= 0.08381466666666659, c= 0.33525866666666637, d= 0.08381466666666659 with timeout of 5s...
05-12-2024 14:53:06 - INFO - Sending request to Setting Chamber Zones to a= 0.3284186666666663, b= 0.08210466666666658, c= 0.3284186666666663, d= 0.08210466666666658 with timeout of 5s...
05-12-2024 14:53:06 - INFO - Sending request to Setting Chamber Zones to a= 0.3216346666666661, b= 0.08040866666666653, c= 0.3216346666666661, d= 0.08040866666666653 with timeout of 5s...
05-12-2024 14:53:06 - INFO - Setting Chamber Zones to a= 0.3216346666666661, b= 0.08040866666666653, c= 0.3216346666666661, d= 0.08040866666666653 request successfully sent.
05-12-2024 14:53:06 - INFO - Response from moonraker: {'result': 'ok'}
05-12-2024 14:53:06 - INFO - Setting Chamber Zones to a= 0.3216346666666661, b= 0.08040866666666653, c= 0.3216346666666661, d= 0.08040866666666653 Request successfully executed.
05-12-2024 14:53:06 - ERROR - E102 : Setting Chamber Zones to a= 0.3216346666666661, b= 0.08040866666666653, c= 0.3216346666666661, d= 0.08040866666666653 Request to Moonraker Timed out 
 Setting Chamber Zones to a= 0.3216346666666661, b= 0.08040866666666653, c= 0.3216346666666661, d= 0.08040866666666653 not successful
 Initiating firmware restart
05-12-2024 14:53:06 - INFO - Sending request to Setting Chamber Zones to a= 0.3215839999999995, b= 0.08039599999999987, c= 0.3215839999999995, d= 0.08039599999999987 with timeout of 5s...
05-12-2024 14:53:06 - INFO - Sending request to Setting Chamber Zones to a= 0.32146666666666623, b= 0.08036666666666656, c= 0.32146666666666623, d= 0.08036666666666656 with timeout of 5s...
05-12-2024 14:53:06 - INFO - Sending request to Setting Chamber Zones to a= 0.3213493333333329, b= 0.08033733333333322, c= 0.3213493333333329, d= 0.08033733333333322 with timeout of 5s...
05-12-2024 14:53:07 - INFO - Sending request to Setting Chamber Zones to a= 0.32460399999999984, b= 0.08115099999999996, c= 0.32460399999999984, d= 0.08115099999999996 with timeout of 5s...
05-12-2024 14:53:07 - INFO - Sending request to Setting Chamber Zones to a= 0.3244586666666665, b= 0.08111466666666663, c= 0.3244586666666665, d= 0.08111466666666663 with timeout of 5s...
05-12-2024 14:53:07 - INFO - Sending request to Setting Chamber Zones to a= 0.32097466666666624, b= 0.08024366666666656, c= 0.32097466666666624, d= 0.08024366666666656 with timeout of 5s...
05-12-2024 14:53:07 - INFO - Sending request to Setting Chamber Zones to a= 0.32089066666666616, b= 0.08022266666666654, c= 0.32089066666666616, d= 0.08022266666666654 with timeout of 5s...
05-12-2024 14:53:07 - INFO - Sending request to Setting Chamber Zones to a= 0.32077333333333286, b= 0.08019333333333321, c= 0.32077333333333286, d= 0.08019333333333321 with timeout of 5s...
05-12-2024 14:53:08 - INFO - Sending request to Setting Chamber Zones to a= 0.32065599999999955, b= 0.08016399999999989, c= 0.32065599999999955, d= 0.08016399999999989 with timeout of 5s...
05-12-2024 14:53:08 - INFO - Sending request to Setting Chamber Zones to a= 0.3205386666666662, b= 0.08013466666666655, c= 0.3205386666666662, d= 0.08013466666666655 with timeout of 5s...
05-12-2024 14:53:08 - INFO - Sending request to Setting Chamber Zones to a= 0.3204213333333329, b= 0.08010533333333322, c= 0.3204213333333329, d= 0.08010533333333322 with timeout of 5s...
05-12-2024 14:53:08 - INFO - Sending request to Setting Chamber Zones to a= 0.3203039999999996, b= 0.0800759999999999, c= 0.3203039999999996, d= 0.0800759999999999 with timeout of 5s...
05-12-2024 14:53:08 - INFO - Sending request to Setting Chamber Zones to a= 0.32018666666666623, b= 0.08004666666666656, c= 0.32018666666666623, d= 0.08004666666666656 with timeout of 5s...
05-12-2024 14:53:09 - INFO - Sending request to Setting Chamber Zones to a= 0.32006933333333293, b= 0.08001733333333323, c= 0.32006933333333293, d= 0.08001733333333323 with timeout of 5s...
05-12-2024 14:53:09 - INFO - Sending request to Setting Chamber Zones to a= 0.3199519999999996, b= 0.0799879999999999, c= 0.3199519999999996, d= 0.0799879999999999 with timeout of 5s...
05-12-2024 14:53:09 - INFO - Sending request to Setting Chamber Zones to a= 0.3198346666666663, b= 0.07995866666666658, c= 0.3198346666666663, d= 0.07995866666666658 with timeout of 5s...
05-12-2024 14:53:09 - INFO - Sending request to Setting Chamber Zones to a= 0.3163453333333331, b= 0.07908633333333327, c= 0.3163453333333331, d= 0.07908633333333327 with timeout of 5s...
05-12-2024 14:53:09 - INFO - Sending request to Setting Chamber Zones to a= 0.3162559999999998, b= 0.07906399999999995, c= 0.3162559999999998, d= 0.07906399999999995 with timeout of 5s...
05-12-2024 14:53:10 - INFO - Sending request to Setting Chamber Zones to a= 0.3127613333333329, b= 0.07819033333333322, c= 0.3127613333333329, d= 0.07819033333333322 with timeout of 5s...
05-12-2024 14:53:10 - INFO - Sending request to Setting Chamber Zones to a= 0.31266666666666626, b= 0.07816666666666656, c= 0.31266666666666626, d= 0.07816666666666656 with timeout of 5s...
05-12-2024 14:53:10 - INFO - Sending request to Setting Chamber Zones to a= 0.31253866666666624, b= 0.07813466666666656, c= 0.31253866666666624, d= 0.07813466666666656 with timeout of 5s...
05-12-2024 14:53:10 - INFO - Sending request to Setting Chamber Zones to a= 0.3124106666666663, b= 0.07810266666666657, c= 0.3124106666666663, d= 0.07810266666666657 with timeout of 5s...
05-12-2024 14:53:10 - INFO - Sending request to Setting Chamber Zones to a= 0.3156546666666665, b= 0.07891366666666662, c= 0.3156546666666665, d= 0.07891366666666662 with timeout of 5s...
05-12-2024 14:53:11 - INFO - Sending request to Setting Chamber Zones to a= 0.31549866666666654, b= 0.07887466666666663, c= 0.31549866666666654, d= 0.07887466666666663 with timeout of 5s...
05-12-2024 14:53:11 - INFO - Sending request to Setting Chamber Zones to a= 0.3187479999999997, b= 0.07968699999999992, c= 0.3187479999999997, d= 0.07968699999999992 with timeout of 5s...
05-12-2024 14:53:11 - INFO - Sending request to Setting Chamber Zones to a= 0.318597333333333, b= 0.07964933333333325, c= 0.318597333333333, d= 0.07964933333333325 with timeout of 5s...
05-12-2024 14:53:11 - INFO - Sending request to Setting Chamber Zones to a= 0.3184799999999997, b= 0.07961999999999993, c= 0.3184799999999997, d= 0.07961999999999993 with timeout of 5s...
05-12-2024 14:53:11 - INFO - Sending request to Setting Chamber Zones to a= 0.3149906666666666, b= 0.07874766666666665, c= 0.3149906666666666, d= 0.07874766666666665 with timeout of 5s...
05-12-2024 14:53:12 - INFO - Sending request to Setting Chamber Zones to a= 0.3149013333333332, b= 0.0787253333333333, c= 0.3149013333333332, d= 0.0787253333333333 with timeout of 5s...
05-12-2024 14:53:12 - INFO - Sending request to Setting Chamber Zones to a= 0.31477866666666654, b= 0.07869466666666664, c= 0.31477866666666654, d= 0.07869466666666664 with timeout of 5s...
05-12-2024 14:53:12 - INFO - Sending request to Setting Chamber Zones to a= 0.3146559999999998, b= 0.07866399999999996, c= 0.3146559999999998, d= 0.07866399999999996 with timeout of 5s...
05-12-2024 14:53:12 - INFO - Sending request to Setting Chamber Zones to a= 0.317905333333333, b= 0.07947633333333325, c= 0.317905333333333, d= 0.07947633333333325 with timeout of 5s...
05-12-2024 14:53:13 - INFO - Sending request to Setting Chamber Zones to a= 0.31775466666666635, b= 0.07943866666666659, c= 0.31775466666666635, d= 0.07943866666666659 with timeout of 5s...
05-12-2024 14:53:13 - INFO - Sending request to Setting Chamber Zones to a= 0.317637333333333, b= 0.07940933333333325, c= 0.317637333333333, d= 0.07940933333333325 with timeout of 5s...
05-12-2024 14:53:13 - INFO - Sending request to Setting Chamber Zones to a= 0.3242639999999998, b= 0.08106599999999994, c= 0.3242639999999998, d= 0.08106599999999994 with timeout of 5s...
05-12-2024 14:53:13 - INFO - Sending request to Setting Chamber Zones to a= 0.3342066666666663, b= 0.08355166666666658, c= 0.3342066666666663, d= 0.08355166666666658 with timeout of 5s...
05-12-2024 14:53:13 - INFO - Sending request to Setting Chamber Zones to a= 0.33738799999999997, b= 0.08434699999999999, c= 0.33738799999999997, d= 0.08434699999999999 with timeout of 5s...
05-12-2024 14:53:14 - INFO - Sending request to Setting Chamber Zones to a= 0.33726933333333325, b= 0.08431733333333331, c= 0.33726933333333325, d= 0.08431733333333331 with timeout of 5s...
05-12-2024 14:53:14 - INFO - Sending request to Setting Chamber Zones to a= 0.34055599999999975, b= 0.08513899999999994, c= 0.34055599999999975, d= 0.08513899999999994 with timeout of 5s...
05-12-2024 14:53:14 - INFO - Sending request to Setting Chamber Zones to a= 0.3404426666666664, b= 0.0851106666666666, c= 0.3404426666666664, d= 0.0851106666666666 with timeout of 5s...
05-12-2024 14:53:14 - INFO - Sending request to Setting Chamber Zones to a= 0.3403626666666664, b= 0.0850906666666666, c= 0.3403626666666664, d= 0.0850906666666666 with timeout of 5s...
05-12-2024 14:53:14 - INFO - Sending request to Setting Chamber Zones to a= 0.3402826666666663, b= 0.08507066666666657, c= 0.3402826666666663, d= 0.08507066666666657 with timeout of 5s...
05-12-2024 14:53:15 - INFO - Sending request to Setting Chamber Zones to a= 0.34020266666666643, b= 0.08505066666666661, c= 0.34020266666666643, d= 0.08505066666666661 with timeout of 5s...
05-12-2024 14:53:15 - INFO - Sending request to Setting Chamber Zones to a= 0.34686666666666643, b= 0.08671666666666661, c= 0.34686666666666643, d= 0.08671666666666661 with timeout of 5s...
05-12-2024 14:53:15 - INFO - Sending request to Setting Chamber Zones to a= 0.3501026666666663, b= 0.08752566666666657, c= 0.3501026666666663, d= 0.08752566666666657 with timeout of 5s...
05-12-2024 14:53:15 - INFO - Sending request to Setting Chamber Zones to a= 0.350005333333333, b= 0.08750133333333325, c= 0.350005333333333, d= 0.08750133333333325 with timeout of 5s...
05-12-2024 14:53:15 - INFO - Sending request to Setting Chamber Zones to a= 0.349941333333333, b= 0.08748533333333325, c= 0.349941333333333, d= 0.08748533333333325 with timeout of 5s...
05-12-2024 14:53:16 - INFO - Sending request to Setting Chamber Zones to a= 0.34987733333333293, b= 0.08746933333333323, c= 0.34987733333333293, d= 0.08746933333333323 with timeout of 5s...
05-12-2024 14:53:16 - INFO - Sending request to Setting Chamber Zones to a= 0.34981333333333303, b= 0.08745333333333326, c= 0.34981333333333303, d= 0.08745333333333326 with timeout of 5s...
05-12-2024 14:53:16 - INFO - Sending request to Setting Chamber Zones to a= 0.349749333333333, b= 0.08743733333333326, c= 0.349749333333333, d= 0.08743733333333326 with timeout of 5s...
05-12-2024 14:53:16 - INFO - Setting Chamber Zones to a= 0.349749333333333, b= 0.08743733333333326, c= 0.349749333333333, d= 0.08743733333333326 request successfully sent.
05-12-2024 14:53:16 - INFO - Response from moonraker: {'result': 'ok'}
05-12-2024 14:53:16 - INFO - Setting Chamber Zones to a= 0.349749333333333, b= 0.08743733333333326, c= 0.349749333333333, d= 0.08743733333333326 Request successfully executed.
05-12-2024 14:53:16 - ERROR - E102 : Setting Chamber Zones to a= 0.349749333333333, b= 0.08743733333333326, c= 0.349749333333333, d= 0.08743733333333326 Request to Moonraker Timed out 
 Setting Chamber Zones to a= 0.349749333333333, b= 0.08743733333333326, c= 0.349749333333333, d= 0.08743733333333326 not successful
 Initiating firmware restart
05-12-2024 14:53:16 - INFO - Sending request to Setting Chamber Zones to a= 0.34631333333333325, b= 0.08657833333333331, c= 0.34631333333333325, d= 0.08657833333333331 with timeout of 5s...
05-12-2024 14:53:16 - INFO - Sending request to Setting Chamber Zones to a= 0.34627733333333327, b= 0.08656933333333332, c= 0.34627733333333327, d= 0.08656933333333332 with timeout of 5s...
05-12-2024 14:53:17 - INFO - Sending request to Setting Chamber Zones to a= 0.3462079999999999, b= 0.08655199999999998, c= 0.3462079999999999, d= 0.08655199999999998 with timeout of 5s...
05-12-2024 14:53:17 - INFO - Sending request to Setting Chamber Zones to a= 0.3427666666666663, b= 0.08569166666666657, c= 0.3427666666666663, d= 0.08569166666666657 with timeout of 5s...
05-12-2024 14:53:17 - INFO - Sending request to Setting Chamber Zones to a= 0.34272533333333294, b= 0.08568133333333323, c= 0.34272533333333294, d= 0.08568133333333323 with timeout of 5s...
05-12-2024 14:53:17 - INFO - Sending request to Setting Chamber Zones to a= 0.33927866666666645, b= 0.08481966666666661, c= 0.33927866666666645, d= 0.08481966666666661 with timeout of 5s...
05-12-2024 14:53:17 - INFO - Sending request to Setting Chamber Zones to a= 0.3392319999999998, b= 0.08480799999999995, c= 0.3392319999999998, d= 0.08480799999999995 with timeout of 5s...
05-12-2024 14:53:18 - INFO - Sending request to Setting Chamber Zones to a= 0.3391519999999997, b= 0.08478799999999992, c= 0.3391519999999997, d= 0.08478799999999992 with timeout of 5s...
05-12-2024 14:53:18 - INFO - Sending request to Setting Chamber Zones to a= 0.3390719999999998, b= 0.08476799999999995, c= 0.3390719999999998, d= 0.08476799999999995 with timeout of 5s...
05-12-2024 14:53:18 - INFO - Sending request to Setting Chamber Zones to a= 0.33899199999999974, b= 0.08474799999999993, c= 0.33899199999999974, d= 0.08474799999999993 with timeout of 5s...
05-12-2024 14:53:18 - INFO - Sending request to Setting Chamber Zones to a= 0.3389119999999998, b= 0.08472799999999996, c= 0.3389119999999998, d= 0.08472799999999996 with timeout of 5s...
05-12-2024 14:53:18 - INFO - Sending request to Setting Chamber Zones to a= 0.33883199999999986, b= 0.08470799999999996, c= 0.33883199999999986, d= 0.08470799999999996 with timeout of 5s...
05-12-2024 14:53:19 - INFO - Sending request to Setting Chamber Zones to a= 0.3387519999999998, b= 0.08468799999999994, c= 0.3387519999999998, d= 0.08468799999999994 with timeout of 5s...
05-12-2024 14:53:19 - INFO - Sending request to Setting Chamber Zones to a= 0.3386719999999998, b= 0.08466799999999995, c= 0.3386719999999998, d= 0.08466799999999995 with timeout of 5s...
05-12-2024 14:53:19 - INFO - Sending request to Setting Chamber Zones to a= 0.3385919999999998, b= 0.08464799999999995, c= 0.3385919999999998, d= 0.08464799999999995 with timeout of 5s...
05-12-2024 14:53:19 - INFO - Sending request to Setting Chamber Zones to a= 0.34188399999999963, b= 0.08547099999999991, c= 0.34188399999999963, d= 0.08547099999999991 with timeout of 5s...
05-12-2024 14:53:19 - INFO - Sending request to Setting Chamber Zones to a= 0.34514799999999995, b= 0.08628699999999999, c= 0.34514799999999995, d= 0.08628699999999999 with timeout of 5s...
05-12-2024 14:53:20 - INFO - Sending request to Setting Chamber Zones to a= 0.3484173333333331, b= 0.08710433333333327, c= 0.3484173333333331, d= 0.08710433333333327 with timeout of 5s...
05-12-2024 14:53:20 - INFO - Sending request to Setting Chamber Zones to a= 0.34831999999999974, b= 0.08707999999999994, c= 0.34831999999999974, d= 0.08707999999999994 with timeout of 5s...
05-12-2024 14:53:20 - INFO - Sending request to Setting Chamber Zones to a= 0.351628, b= 0.087907, c= 0.351628, d= 0.087907 with timeout of 5s...
05-12-2024 14:53:20 - INFO - Sending request to Setting Chamber Zones to a= 0.35153600000000007, b= 0.08788400000000002, c= 0.35153600000000007, d= 0.08788400000000002 with timeout of 5s...
05-12-2024 14:53:20 - INFO - Sending request to Setting Chamber Zones to a= 0.34810533333333304, b= 0.08702633333333326, c= 0.34810533333333304, d= 0.08702633333333326 with timeout of 5s...
05-12-2024 14:53:21 - INFO - Sending request to Setting Chamber Zones to a= 0.3447026666666666, b= 0.08617566666666665, c= 0.3447026666666666, d= 0.08617566666666665 with timeout of 5s...
05-12-2024 14:53:21 - INFO - Sending request to Setting Chamber Zones to a= 0.34466666666666657, b= 0.08616666666666664, c= 0.34466666666666657, d= 0.08616666666666664 with timeout of 5s...
05-12-2024 14:53:21 - INFO - Sending request to Setting Chamber Zones to a= 0.341225333333333, b= 0.08530633333333325, c= 0.341225333333333, d= 0.08530633333333325 with timeout of 5s...
05-12-2024 14:53:21 - INFO - Sending request to Setting Chamber Zones to a= 0.34118399999999965, b= 0.08529599999999991, c= 0.34118399999999965, d= 0.08529599999999991 with timeout of 5s...
05-12-2024 14:53:21 - INFO - Sending request to Setting Chamber Zones to a= 0.341109333333333, b= 0.08527733333333325, c= 0.341109333333333, d= 0.08527733333333325 with timeout of 5s...
05-12-2024 14:53:22 - INFO - Sending request to Setting Chamber Zones to a= 0.33766266666666644, b= 0.08441566666666661, c= 0.33766266666666644, d= 0.08441566666666661 with timeout of 5s...
05-12-2024 14:53:22 - INFO - Sending request to Setting Chamber Zones to a= 0.33761599999999986, b= 0.08440399999999997, c= 0.33761599999999986, d= 0.08440399999999997 with timeout of 5s...
05-12-2024 14:53:22 - INFO - Sending request to Setting Chamber Zones to a= 0.33416399999999996, b= 0.08354099999999999, c= 0.33416399999999996, d= 0.08354099999999999 with timeout of 5s...
05-12-2024 14:53:22 - INFO - Sending request to Setting Chamber Zones to a= 0.33073999999999976, b= 0.08268499999999994, c= 0.33073999999999976, d= 0.08268499999999994 with timeout of 5s...
05-12-2024 14:53:22 - INFO - Sending request to Setting Chamber Zones to a= 0.3273106666666666, b= 0.08182766666666665, c= 0.3273106666666666, d= 0.08182766666666665 with timeout of 5s...
05-12-2024 14:53:23 - INFO - Sending request to Setting Chamber Zones to a= 0.32724799999999993, b= 0.08181199999999998, c= 0.32724799999999993, d= 0.08181199999999998 with timeout of 5s...
05-12-2024 14:53:23 - INFO - Sending request to Setting Chamber Zones to a= 0.3271519999999999, b= 0.08178799999999997, c= 0.3271519999999999, d= 0.08178799999999997 with timeout of 5s...
05-12-2024 14:53:23 - INFO - Sending request to Setting Chamber Zones to a= 0.32705599999999985, b= 0.08176399999999996, c= 0.32705599999999985, d= 0.08176399999999996 with timeout of 5s...
05-12-2024 14:53:23 - INFO - Sending request to Setting Chamber Zones to a= 0.3235879999999996, b= 0.0808969999999999, c= 0.3235879999999996, d= 0.0808969999999999 with timeout of 5s...
05-12-2024 14:53:23 - INFO - Sending request to Setting Chamber Zones to a= 0.3235199999999996, b= 0.0808799999999999, c= 0.3235199999999996, d= 0.0808799999999999 with timeout of 5s...
05-12-2024 14:53:24 - INFO - Sending request to Setting Chamber Zones to a= 0.32004666666666653, b= 0.08001166666666663, c= 0.32004666666666653, d= 0.08001166666666663 with timeout of 5s...
05-12-2024 14:53:24 - INFO - Sending request to Setting Chamber Zones to a= 0.3199733333333332, b= 0.0799933333333333, c= 0.3199733333333332, d= 0.0799933333333333 with timeout of 5s...
05-12-2024 14:53:24 - INFO - Sending request to Setting Chamber Zones to a= 0.3164946666666667, b= 0.07912366666666668, c= 0.3164946666666667, d= 0.07912366666666668 with timeout of 5s...
05-12-2024 14:53:24 - INFO - Sending request to Setting Chamber Zones to a= 0.316416, b= 0.079104, c= 0.316416, d= 0.079104 with timeout of 5s...
05-12-2024 14:53:24 - INFO - Sending request to Setting Chamber Zones to a= 0.316304, b= 0.079076, c= 0.316304, d= 0.079076 with timeout of 5s...
05-12-2024 14:53:25 - INFO - Sending request to Setting Chamber Zones to a= 0.3128199999999997, b= 0.07820499999999993, c= 0.3128199999999997, d= 0.07820499999999993 with timeout of 5s...
05-12-2024 14:53:25 - INFO - Sending request to Setting Chamber Zones to a= 0.31273599999999974, b= 0.07818399999999993, c= 0.31273599999999974, d= 0.07818399999999993 with timeout of 5s...
05-12-2024 14:53:25 - INFO - Sending request to Setting Chamber Zones to a= 0.3092466666666665, b= 0.07731166666666663, c= 0.3092466666666665, d= 0.07731166666666663 with timeout of 5s...
05-12-2024 14:53:25 - INFO - Sending request to Setting Chamber Zones to a= 0.30915733333333323, b= 0.07728933333333331, c= 0.30915733333333323, d= 0.07728933333333331 with timeout of 5s...
05-12-2024 14:53:25 - INFO - Sending request to Setting Chamber Zones to a= 0.3090346666666665, b= 0.07725866666666663, c= 0.3090346666666665, d= 0.07725866666666663 with timeout of 5s...
05-12-2024 14:53:26 - INFO - Sending request to Setting Chamber Zones to a= 0.3055399999999996, b= 0.0763849999999999, c= 0.3055399999999996, d= 0.0763849999999999 with timeout of 5s...
05-12-2024 14:53:26 - INFO - Sending request to Setting Chamber Zones to a= 0.30207333333333314, b= 0.07551833333333328, c= 0.30207333333333314, d= 0.07551833333333328 with timeout of 5s...
05-12-2024 14:53:26 - INFO - Setting Chamber Zones to a= 0.30207333333333314, b= 0.07551833333333328, c= 0.30207333333333314, d= 0.07551833333333328 request successfully sent.
05-12-2024 14:53:26 - INFO - Response from moonraker: {'result': 'ok'}
05-12-2024 14:53:26 - INFO - Setting Chamber Zones to a= 0.30207333333333314, b= 0.07551833333333328, c= 0.30207333333333314, d= 0.07551833333333328 Request successfully executed.
05-12-2024 14:53:26 - ERROR - E102 : Setting Chamber Zones to a= 0.30207333333333314, b= 0.07551833333333328, c= 0.30207333333333314, d= 0.07551833333333328 Request to Moonraker Timed out 
 Setting Chamber Zones to a= 0.30207333333333314, b= 0.07551833333333328, c= 0.30207333333333314, d= 0.07551833333333328 not successful
 Initiating firmware restart
05-12-2024 14:53:26 - INFO - Sending request to Setting Chamber Zones to a= 0.30197333333333315, b= 0.07549333333333329, c= 0.30197333333333315, d= 0.07549333333333329 with timeout of 5s...
05-12-2024 14:53:26 - INFO - Sending request to Setting Chamber Zones to a= 0.30183999999999983, b= 0.07545999999999996, c= 0.30183999999999983, d= 0.07545999999999996 with timeout of 5s...
05-12-2024 14:53:26 - INFO - Sending request to Setting Chamber Zones to a= 0.3017066666666664, b= 0.0754266666666666, c= 0.3017066666666664, d= 0.0754266666666666 with timeout of 5s...
05-12-2024 14:53:27 - INFO - Sending request to Setting Chamber Zones to a= 0.3015733333333331, b= 0.07539333333333327, c= 0.3015733333333331, d= 0.07539333333333327 with timeout of 5s...
05-12-2024 14:53:27 - INFO - Sending request to Setting Chamber Zones to a= 0.30143999999999976, b= 0.07535999999999994, c= 0.30143999999999976, d= 0.07535999999999994 with timeout of 5s...
05-12-2024 14:53:27 - INFO - Sending request to Setting Chamber Zones to a= 0.2979346666666666, b= 0.07448366666666666, c= 0.2979346666666666, d= 0.07448366666666666 with timeout of 5s...
05-12-2024 14:53:27 - INFO - Sending request to Setting Chamber Zones to a= 0.2978293333333332, b= 0.0744573333333333, c= 0.2978293333333332, d= 0.0744573333333333 with timeout of 5s...
05-12-2024 14:53:27 - INFO - Sending request to Setting Chamber Zones to a= 0.2976906666666666, b= 0.07442266666666665, c= 0.2976906666666666, d= 0.07442266666666665 with timeout of 5s...
05-12-2024 14:53:28 - INFO - Sending request to Setting Chamber Zones to a= 0.2975519999999999, b= 0.07438799999999998, c= 0.2975519999999999, d= 0.07438799999999998 with timeout of 5s...
05-12-2024 14:53:28 - INFO - Sending request to Setting Chamber Zones to a= 0.2974133333333332, b= 0.0743533333333333, c= 0.2974133333333332, d= 0.0743533333333333 with timeout of 5s...
05-12-2024 14:53:28 - INFO - Sending request to Setting Chamber Zones to a= 0.30064666666666634, b= 0.07516166666666659, c= 0.30064666666666634, d= 0.07516166666666659 with timeout of 5s...
05-12-2024 14:53:28 - INFO - Sending request to Setting Chamber Zones to a= 0.3004799999999997, b= 0.07511999999999992, c= 0.3004799999999997, d= 0.07511999999999992 with timeout of 5s...
05-12-2024 14:53:28 - INFO - Sending request to Setting Chamber Zones to a= 0.2969746666666665, b= 0.07424366666666662, c= 0.2969746666666665, d= 0.07424366666666662 with timeout of 5s...
05-12-2024 14:53:29 - INFO - Sending request to Setting Chamber Zones to a= 0.29686933333333315, b= 0.07421733333333329, c= 0.29686933333333315, d= 0.07421733333333329 with timeout of 5s...
05-12-2024 14:53:29 - INFO - Sending request to Setting Chamber Zones to a= 0.29673066666666653, b= 0.07418266666666663, c= 0.29673066666666653, d= 0.07418266666666663 with timeout of 5s...
05-12-2024 14:53:29 - INFO - Sending request to Setting Chamber Zones to a= 0.2965919999999998, b= 0.07414799999999995, c= 0.2965919999999998, d= 0.07414799999999995 with timeout of 5s...
05-12-2024 14:53:29 - INFO - Sending request to Setting Chamber Zones to a= 0.29308133333333286, b= 0.07327033333333322, c= 0.29308133333333286, d= 0.07327033333333322 with timeout of 5s...
05-12-2024 14:53:29 - INFO - Sending request to Setting Chamber Zones to a= 0.28959866666666634, b= 0.07239966666666658, c= 0.28959866666666634, d= 0.07239966666666658 with timeout of 5s...
05-12-2024 14:53:30 - INFO - Sending request to Setting Chamber Zones to a= 0.28948266666666633, b= 0.07237066666666658, c= 0.28948266666666633, d= 0.07237066666666658 with timeout of 5s...
05-12-2024 14:53:30 - INFO - Sending request to Setting Chamber Zones to a= 0.289333333333333, b= 0.07233333333333325, c= 0.289333333333333, d= 0.07233333333333325 with timeout of 5s...
05-12-2024 14:53:30 - INFO - Sending request to Setting Chamber Zones to a= 0.28918399999999966, b= 0.07229599999999992, c= 0.28918399999999966, d= 0.07229599999999992 with timeout of 5s...
05-12-2024 14:53:30 - INFO - Sending request to Setting Chamber Zones to a= 0.28903466666666633, b= 0.07225866666666658, c= 0.28903466666666633, d= 0.07225866666666658 with timeout of 5s...
05-12-2024 14:53:30 - INFO - Sending request to Setting Chamber Zones to a= 0.28551333333333273, b= 0.07137833333333318, c= 0.28551333333333273, d= 0.07137833333333318 with timeout of 5s...
05-12-2024 14:53:31 - INFO - Sending request to Setting Chamber Zones to a= 0.28539199999999937, b= 0.07134799999999984, c= 0.28539199999999937, d= 0.07134799999999984 with timeout of 5s...
05-12-2024 14:53:31 - INFO - Sending request to Setting Chamber Zones to a= 0.2852373333333328, b= 0.0713093333333332, c= 0.2852373333333328, d= 0.0713093333333332 with timeout of 5s...
05-12-2024 14:53:31 - INFO - Sending request to Setting Chamber Zones to a= 0.2850826666666661, b= 0.07127066666666652, c= 0.2850826666666661, d= 0.07127066666666652 with timeout of 5s...
05-12-2024 14:53:31 - INFO - Sending request to Setting Chamber Zones to a= 0.28492799999999946, b= 0.07123199999999986, c= 0.28492799999999946, d= 0.07123199999999986 with timeout of 5s...
05-12-2024 14:53:31 - INFO - Sending request to Setting Chamber Zones to a= 0.281401333333333, b= 0.07035033333333325, c= 0.281401333333333, d= 0.07035033333333325 with timeout of 5s...
05-12-2024 14:53:32 - INFO - Sending request to Setting Chamber Zones to a= 0.28127466666666634, b= 0.07031866666666658, c= 0.28127466666666634, d= 0.07031866666666658 with timeout of 5s...
05-12-2024 14:53:32 - INFO - Sending request to Setting Chamber Zones to a= 0.28111466666666635, b= 0.07027866666666659, c= 0.28111466666666635, d= 0.07027866666666659 with timeout of 5s...
05-12-2024 14:53:32 - INFO - Sending request to Setting Chamber Zones to a= 0.2809546666666663, b= 0.07023866666666657, c= 0.2809546666666663, d= 0.07023866666666657 with timeout of 5s...
05-12-2024 14:53:32 - INFO - Sending request to Setting Chamber Zones to a= 0.2807946666666663, b= 0.07019866666666658, c= 0.2807946666666663, d= 0.07019866666666658 with timeout of 5s...
05-12-2024 14:53:32 - INFO - Sending request to Setting Chamber Zones to a= 0.2840066666666662, b= 0.07100166666666655, c= 0.2840066666666662, d= 0.07100166666666655 with timeout of 5s...
05-12-2024 14:53:33 - INFO - Sending request to Setting Chamber Zones to a= 0.28044666666666634, b= 0.07011166666666659, c= 0.28044666666666634, d= 0.07011166666666659 with timeout of 5s...
05-12-2024 14:53:33 - INFO - Sending request to Setting Chamber Zones to a= 0.2803199999999997, b= 0.07007999999999992, c= 0.2803199999999997, d= 0.07007999999999992 with timeout of 5s...
05-12-2024 14:53:33 - INFO - Sending request to Setting Chamber Zones to a= 0.27678799999999987, b= 0.06919699999999997, c= 0.27678799999999987, d= 0.06919699999999997 with timeout of 5s...
05-12-2024 14:53:33 - INFO - Sending request to Setting Chamber Zones to a= 0.2732839999999996, b= 0.0683209999999999, c= 0.2732839999999996, d= 0.0683209999999999 with timeout of 5s...
05-12-2024 14:53:33 - INFO - Sending request to Setting Chamber Zones to a= 0.27314666666666626, b= 0.06828666666666657, c= 0.27314666666666626, d= 0.06828666666666657 with timeout of 5s...
05-12-2024 14:53:34 - INFO - Sending request to Setting Chamber Zones to a= 0.2729759999999996, b= 0.0682439999999999, c= 0.2729759999999996, d= 0.0682439999999999 with timeout of 5s...
05-12-2024 14:53:34 - INFO - Sending request to Setting Chamber Zones to a= 0.27280533333333296, b= 0.06820133333333324, c= 0.27280533333333296, d= 0.06820133333333324 with timeout of 5s...
05-12-2024 14:53:34 - INFO - Sending request to Setting Chamber Zones to a= 0.2726346666666663, b= 0.06815866666666658, c= 0.2726346666666663, d= 0.06815866666666658 with timeout of 5s...
05-12-2024 14:53:34 - INFO - Sending request to Setting Chamber Zones to a= 0.27246399999999965, b= 0.06811599999999991, c= 0.27246399999999965, d= 0.06811599999999991 with timeout of 5s...
05-12-2024 14:53:35 - INFO - Sending request to Setting Chamber Zones to a= 0.272293333333333, b= 0.06807333333333325, c= 0.272293333333333, d= 0.06807333333333325 with timeout of 5s...
05-12-2024 14:53:35 - INFO - Sending request to Setting Chamber Zones to a= 0.2721226666666663, b= 0.06803066666666657, c= 0.2721226666666663, d= 0.06803066666666657 with timeout of 5s...
05-12-2024 14:53:35 - INFO - Sending request to Setting Chamber Zones to a= 0.2719519999999997, b= 0.06798799999999992, c= 0.2719519999999997, d= 0.06798799999999992 with timeout of 5s...
05-12-2024 14:53:35 - INFO - Sending request to Setting Chamber Zones to a= 0.26840933333333317, b= 0.06710233333333329, c= 0.26840933333333317, d= 0.06710233333333329 with timeout of 5s...
05-12-2024 14:53:35 - INFO - Sending request to Setting Chamber Zones to a= 0.2682666666666665, b= 0.06706666666666662, c= 0.2682666666666665, d= 0.06706666666666662 with timeout of 5s...
05-12-2024 14:53:36 - INFO - Sending request to Setting Chamber Zones to a= 0.26809066666666653, b= 0.06702266666666663, c= 0.26809066666666653, d= 0.06702266666666663 with timeout of 5s...
05-12-2024 14:53:36 - INFO - Sending request to Setting Chamber Zones to a= 0.26791466666666647, b= 0.06697866666666662, c= 0.26791466666666647, d= 0.06697866666666662 with timeout of 5s...
05-12-2024 14:53:36 - INFO - Sending request to Setting Chamber Zones to a= 0.26773866666666646, b= 0.06693466666666661, c= 0.26773866666666646, d= 0.06693466666666661 with timeout of 5s...
05-12-2024 14:53:36 - INFO - Setting Chamber Zones to a= 0.26773866666666646, b= 0.06693466666666661, c= 0.26773866666666646, d= 0.06693466666666661 request successfully sent.
05-12-2024 14:53:36 - INFO - Response from moonraker: {'result': 'ok'}
05-12-2024 14:53:36 - INFO - Setting Chamber Zones to a= 0.26773866666666646, b= 0.06693466666666661, c= 0.26773866666666646, d= 0.06693466666666661 Request successfully executed.
05-12-2024 14:53:36 - ERROR - E102 : Setting Chamber Zones to a= 0.26773866666666646, b= 0.06693466666666661, c= 0.26773866666666646, d= 0.06693466666666661 Request to Moonraker Timed out 
 Setting Chamber Zones to a= 0.26773866666666646, b= 0.06693466666666661, c= 0.26773866666666646, d= 0.06693466666666661 not successful
 Initiating firmware restart
05-12-2024 14:53:36 - INFO - Sending request to Setting Chamber Zones to a= 0.2709346666666663, b= 0.06773366666666658, c= 0.2709346666666663, d= 0.06773366666666658 with timeout of 5s...
05-12-2024 14:53:36 - INFO - Sending request to Setting Chamber Zones to a= 0.2707306666666663, b= 0.06768266666666657, c= 0.2707306666666663, d= 0.06768266666666657 with timeout of 5s...
05-12-2024 14:53:37 - INFO - Sending request to Setting Chamber Zones to a= 0.27055999999999963, b= 0.06763999999999991, c= 0.27055999999999963, d= 0.06763999999999991 with timeout of 5s...
05-12-2024 14:53:37 - INFO - Sending request to Setting Chamber Zones to a= 0.270389333333333, b= 0.06759733333333325, c= 0.270389333333333, d= 0.06759733333333325 with timeout of 5s...
05-12-2024 14:53:37 - INFO - Sending request to Setting Chamber Zones to a= 0.27021866666666633, b= 0.06755466666666658, c= 0.27021866666666633, d= 0.06755466666666658 with timeout of 5s...
05-12-2024 14:53:37 - INFO - Sending request to Setting Chamber Zones to a= 0.26667599999999986, b= 0.06666899999999996, c= 0.26667599999999986, d= 0.06666899999999996 with timeout of 5s...
05-12-2024 14:53:37 - INFO - Sending request to Setting Chamber Zones to a= 0.2631613333333329, b= 0.06579033333333323, c= 0.2631613333333329, d= 0.06579033333333323 with timeout of 5s...
05-12-2024 14:53:38 - INFO - Sending request to Setting Chamber Zones to a= 0.26301333333333293, b= 0.06575333333333323, c= 0.26301333333333293, d= 0.06575333333333323 with timeout of 5s...
05-12-2024 14:53:38 - INFO - Sending request to Setting Chamber Zones to a= 0.2628319999999997, b= 0.06570799999999992, c= 0.2628319999999997, d= 0.06570799999999992 with timeout of 5s...
05-12-2024 14:53:38 - INFO - Sending request to Setting Chamber Zones to a= 0.2660226666666666, b= 0.06650566666666664, c= 0.2660226666666666, d= 0.06650566666666664 with timeout of 5s...
05-12-2024 14:53:38 - INFO - Sending request to Setting Chamber Zones to a= 0.2658133333333332, b= 0.0664533333333333, c= 0.2658133333333332, d= 0.0664533333333333 with timeout of 5s...
05-12-2024 14:53:38 - INFO - Sending request to Setting Chamber Zones to a= 0.26900933333333304, b= 0.06725233333333326, c= 0.26900933333333304, d= 0.06725233333333326 with timeout of 5s...
05-12-2024 14:53:39 - INFO - Sending request to Setting Chamber Zones to a= 0.26880533333333306, b= 0.06720133333333327, c= 0.26880533333333306, d= 0.06720133333333327 with timeout of 5s...
05-12-2024 14:53:39 - INFO - Sending request to Setting Chamber Zones to a= 0.26863466666666636, b= 0.06715866666666659, c= 0.26863466666666636, d= 0.06715866666666659 with timeout of 5s...
05-12-2024 14:53:39 - INFO - Sending request to Setting Chamber Zones to a= 0.26846399999999976, b= 0.06711599999999994, c= 0.26846399999999976, d= 0.06711599999999994 with timeout of 5s...
05-12-2024 14:53:39 - INFO - Sending request to Setting Chamber Zones to a= 0.26829333333333305, b= 0.06707333333333326, c= 0.26829333333333305, d= 0.06707333333333326 with timeout of 5s...
05-12-2024 14:53:39 - INFO - Sending request to Setting Chamber Zones to a= 0.26812266666666645, b= 0.06703066666666661, c= 0.26812266666666645, d= 0.06703066666666661 with timeout of 5s...
05-12-2024 14:53:40 - INFO - Sending request to Setting Chamber Zones to a= 0.26795199999999975, b= 0.06698799999999994, c= 0.26795199999999975, d= 0.06698799999999994 with timeout of 5s...
05-12-2024 14:53:40 - INFO - Sending request to Setting Chamber Zones to a= 0.27115333333333336, b= 0.06778833333333334, c= 0.27115333333333336, d= 0.06778833333333334 with timeout of 5s...
05-12-2024 14:53:40 - INFO - Sending request to Setting Chamber Zones to a= 0.27432666666666644, b= 0.06858166666666661, c= 0.27432666666666644, d= 0.06858166666666661 with timeout of 5s...
05-12-2024 14:53:40 - INFO - Sending request to Setting Chamber Zones to a= 0.2741333333333332, b= 0.0685333333333333, c= 0.2741333333333332, d= 0.0685333333333333 with timeout of 5s...
05-12-2024 14:53:40 - INFO - Sending request to Setting Chamber Zones to a= 0.2739733333333332, b= 0.0684933333333333, c= 0.2739733333333332, d= 0.0684933333333333 with timeout of 5s...
05-12-2024 14:53:41 - INFO - Sending request to Setting Chamber Zones to a= 0.2738133333333332, b= 0.0684533333333333, c= 0.2738133333333332, d= 0.0684533333333333 with timeout of 5s...
05-12-2024 14:53:41 - INFO - Sending request to Setting Chamber Zones to a= 0.27702533333333296, b= 0.06925633333333324, c= 0.27702533333333296, d= 0.06925633333333324 with timeout of 5s...
05-12-2024 14:53:41 - INFO - Sending request to Setting Chamber Zones to a= 0.27683733333333305, b= 0.06920933333333326, c= 0.27683733333333305, d= 0.06920933333333326 with timeout of 5s...
05-12-2024 14:53:41 - INFO - Sending request to Setting Chamber Zones to a= 0.28005466666666656, b= 0.07001366666666664, c= 0.28005466666666656, d= 0.07001366666666664 with timeout of 5s...
05-12-2024 14:53:41 - INFO - Sending request to Setting Chamber Zones to a= 0.2832439999999998, b= 0.07081099999999994, c= 0.2832439999999998, d= 0.07081099999999994 with timeout of 5s...
05-12-2024 14:53:42 - INFO - Sending request to Setting Chamber Zones to a= 0.2830666666666665, b= 0.07076666666666663, c= 0.2830666666666665, d= 0.07076666666666663 with timeout of 5s...
05-12-2024 14:53:42 - INFO - Sending request to Setting Chamber Zones to a= 0.2930386666666664, b= 0.0732596666666666, c= 0.2930386666666664, d= 0.0732596666666666 with timeout of 5s...
05-12-2024 14:53:42 - INFO - Sending request to Setting Chamber Zones to a= 0.29618266666666665, b= 0.07404566666666666, c= 0.29618266666666665, d= 0.07404566666666666 with timeout of 5s...
05-12-2024 14:53:42 - INFO - Sending request to Setting Chamber Zones to a= 0.29602666666666666, b= 0.07400666666666667, c= 0.29602666666666666, d= 0.07400666666666667 with timeout of 5s...
05-12-2024 14:53:42 - INFO - Sending request to Setting Chamber Zones to a= 0.29590399999999994, b= 0.07397599999999999, c= 0.29590399999999994, d= 0.07397599999999999 with timeout of 5s...
05-12-2024 14:53:43 - INFO - Sending request to Setting Chamber Zones to a= 0.2991533333333331, b= 0.07478833333333328, c= 0.2991533333333331, d= 0.07478833333333328 with timeout of 5s...
05-12-2024 14:53:43 - INFO - Sending request to Setting Chamber Zones to a= 0.30574666666666656, b= 0.07643666666666664, c= 0.30574666666666656, d= 0.07643666666666664 with timeout of 5s...
05-12-2024 14:53:43 - INFO - Sending request to Setting Chamber Zones to a= 0.30557333333333325, b= 0.07639333333333331, c= 0.30557333333333325, d= 0.07639333333333331 with timeout of 5s...
05-12-2024 14:53:43 - INFO - Sending request to Setting Chamber Zones to a= 0.30546666666666655, b= 0.07636666666666664, c= 0.30546666666666655, d= 0.07636666666666664 with timeout of 5s...
05-12-2024 14:53:43 - INFO - Sending request to Setting Chamber Zones to a= 0.30873199999999973, b= 0.07718299999999993, c= 0.30873199999999973, d= 0.07718299999999993 with timeout of 5s...
05-12-2024 14:53:44 - INFO - Sending request to Setting Chamber Zones to a= 0.3119693333333333, b= 0.07799233333333333, c= 0.3119693333333333, d= 0.07799233333333333 with timeout of 5s...
05-12-2024 14:53:44 - INFO - Sending request to Setting Chamber Zones to a= 0.32195599999999985, b= 0.08048899999999996, c= 0.32195599999999985, d= 0.08048899999999996 with timeout of 5s...
05-12-2024 14:53:44 - INFO - Sending request to Setting Chamber Zones to a= 0.3251479999999997, b= 0.08128699999999993, c= 0.3251479999999997, d= 0.08128699999999993 with timeout of 5s...
05-12-2024 14:53:44 - INFO - Sending request to Setting Chamber Zones to a= 0.328412, b= 0.082103, c= 0.328412, d= 0.082103 with timeout of 5s...
05-12-2024 14:53:44 - INFO - Sending request to Setting Chamber Zones to a= 0.3350533333333334, b= 0.08376333333333336, c= 0.3350533333333334, d= 0.08376333333333336 with timeout of 5s...
05-12-2024 14:53:45 - INFO - Sending request to Setting Chamber Zones to a= 0.334928, b= 0.083732, c= 0.334928, d= 0.083732 with timeout of 5s...
05-12-2024 14:53:45 - INFO - Sending request to Setting Chamber Zones to a= 0.33824133333333317, b= 0.08456033333333329, c= 0.33824133333333317, d= 0.08456033333333329 with timeout of 5s...
05-12-2024 14:53:45 - INFO - Sending request to Setting Chamber Zones to a= 0.3381546666666665, b= 0.08453866666666662, c= 0.3381546666666665, d= 0.08453866666666662 with timeout of 5s...
05-12-2024 14:53:45 - INFO - Sending request to Setting Chamber Zones to a= 0.3414733333333331, b= 0.08536833333333327, c= 0.3414733333333331, d= 0.08536833333333327 with timeout of 5s...
05-12-2024 14:53:45 - INFO - Sending request to Setting Chamber Zones to a= 0.3413919999999997, b= 0.08534799999999992, c= 0.3413919999999997, d= 0.08534799999999992 with timeout of 5s...
05-12-2024 14:53:46 - INFO - Sending request to Setting Chamber Zones to a= 0.344716, b= 0.086179, c= 0.344716, d= 0.086179 with timeout of 5s...
05-12-2024 14:53:46 - INFO - Sending request to Setting Chamber Zones to a= 0.3480119999999998, b= 0.08700299999999996, c= 0.3480119999999998, d= 0.08700299999999996 with timeout of 5s...
05-12-2024 14:53:46 - INFO - Sending request to Setting Chamber Zones to a= 0.35468533333333324, b= 0.08867133333333331, c= 0.35468533333333324, d= 0.08867133333333331 with timeout of 5s...
05-12-2024 14:53:46 - INFO - Setting Chamber Zones to a= 0.35468533333333324, b= 0.08867133333333331, c= 0.35468533333333324, d= 0.08867133333333331 request successfully sent.
05-12-2024 14:53:46 - INFO - Response from moonraker: {'result': 'ok'}
05-12-2024 14:53:46 - INFO - Setting Chamber Zones to a= 0.35468533333333324, b= 0.08867133333333331, c= 0.35468533333333324, d= 0.08867133333333331 Request successfully executed.
05-12-2024 14:53:46 - ERROR - E102 : Setting Chamber Zones to a= 0.35468533333333324, b= 0.08867133333333331, c= 0.35468533333333324, d= 0.08867133333333331 Request to Moonraker Timed out 
 Setting Chamber Zones to a= 0.35468533333333324, b= 0.08867133333333331, c= 0.35468533333333324, d= 0.08867133333333331 not successful
 Initiating firmware restart
05-12-2024 14:53:46 - INFO - Sending request to Setting Chamber Zones to a= 0.3579639999999997, b= 0.08949099999999993, c= 0.3579639999999997, d= 0.08949099999999993 with timeout of 5s...
05-12-2024 14:53:46 - INFO - Sending request to Setting Chamber Zones to a= 0.35790933333333314, b= 0.08947733333333328, c= 0.35790933333333314, d= 0.08947733333333328 with timeout of 5s...
05-12-2024 14:53:47 - INFO - Sending request to Setting Chamber Zones to a= 0.36125999999999997, b= 0.09031499999999999, c= 0.36125999999999997, d= 0.09031499999999999 with timeout of 5s...
05-12-2024 14:53:47 - INFO - Sending request to Setting Chamber Zones to a= 0.3612106666666666, b= 0.09030266666666666, c= 0.3612106666666666, d= 0.09030266666666666 with timeout of 5s...
05-12-2024 14:53:47 - INFO - Sending request to Setting Chamber Zones to a= 0.3645666666666665, b= 0.09114166666666662, c= 0.3645666666666665, d= 0.09114166666666662 with timeout of 5s...
05-12-2024 14:53:47 - INFO - Sending request to Setting Chamber Zones to a= 0.36452266666666655, b= 0.09113066666666664, c= 0.36452266666666655, d= 0.09113066666666664 with timeout of 5s...
05-12-2024 14:53:47 - INFO - Sending request to Setting Chamber Zones to a= 0.36451199999999984, b= 0.09112799999999996, c= 0.36451199999999984, d= 0.09112799999999996 with timeout of 5s...
05-12-2024 14:53:48 - INFO - Sending request to Setting Chamber Zones to a= 0.3645013333333332, b= 0.0911253333333333, c= 0.3645013333333332, d= 0.0911253333333333 with timeout of 5s...
05-12-2024 14:53:48 - INFO - Sending request to Setting Chamber Zones to a= 0.3644906666666666, b= 0.09112266666666664, c= 0.3644906666666666, d= 0.09112266666666664 with timeout of 5s...
05-12-2024 14:53:48 - INFO - Sending request to Setting Chamber Zones to a= 0.36110800000000004, b= 0.09027700000000001, c= 0.36110800000000004, d= 0.09027700000000001 with timeout of 5s...
05-12-2024 14:53:48 - INFO - Sending request to Setting Chamber Zones to a= 0.35775333333333315, b= 0.08943833333333329, c= 0.35775333333333315, d= 0.08943833333333329 with timeout of 5s...
05-12-2024 14:53:48 - INFO - Sending request to Setting Chamber Zones to a= 0.3577653333333332, b= 0.0894413333333333, c= 0.3577653333333332, d= 0.0894413333333333 with timeout of 5s...
05-12-2024 14:53:49 - INFO - Sending request to Setting Chamber Zones to a= 0.35774399999999984, b= 0.08943599999999996, c= 0.35774399999999984, d= 0.08943599999999996 with timeout of 5s...
05-12-2024 14:53:49 - INFO - Sending request to Setting Chamber Zones to a= 0.3509786666666668, b= 0.0877446666666667, c= 0.3509786666666668, d= 0.0877446666666667 with timeout of 5s...
05-12-2024 14:53:49 - INFO - Sending request to Setting Chamber Zones to a= 0.34764133333333325, b= 0.08691033333333331, c= 0.34764133333333325, d= 0.08691033333333331 with timeout of 5s...
05-12-2024 14:53:49 - INFO - Sending request to Setting Chamber Zones to a= 0.3442653333333335, b= 0.08606633333333337, c= 0.3442653333333335, d= 0.08606633333333337 with timeout of 5s...
05-12-2024 14:53:49 - INFO - Sending request to Setting Chamber Zones to a= 0.3442560000000001, b= 0.08606400000000003, c= 0.3442560000000001, d= 0.08606400000000003 with timeout of 5s...
05-12-2024 14:53:50 - INFO - Sending request to Setting Chamber Zones to a= 0.3408413333333332, b= 0.0852103333333333, c= 0.3408413333333332, d= 0.0852103333333333 with timeout of 5s...
05-12-2024 14:53:50 - INFO - Sending request to Setting Chamber Zones to a= 0.34082666666666656, b= 0.08520666666666664, c= 0.34082666666666656, d= 0.08520666666666664 with timeout of 5s...
05-12-2024 14:53:50 - INFO - Sending request to Setting Chamber Zones to a= 0.34077866666666656, b= 0.08519466666666664, c= 0.34077866666666656, d= 0.08519466666666664 with timeout of 5s...
05-12-2024 14:53:50 - INFO - Sending request to Setting Chamber Zones to a= 0.3339866666666669, b= 0.08349666666666672, c= 0.3339866666666669, d= 0.08349666666666672 with timeout of 5s...
05-12-2024 14:53:50 - INFO - Sending request to Setting Chamber Zones to a= 0.3272506666666668, b= 0.0818126666666667, c= 0.3272506666666668, d= 0.0818126666666667 with timeout of 5s...
05-12-2024 14:53:51 - INFO - Sending request to Setting Chamber Zones to a= 0.320504, b= 0.080126, c= 0.320504, d= 0.080126 with timeout of 5s...
05-12-2024 14:53:51 - INFO - Sending request to Setting Chamber Zones to a= 0.3204906666666666, b= 0.08012266666666665, c= 0.3204906666666666, d= 0.08012266666666665 with timeout of 5s...
05-12-2024 14:53:51 - INFO - Sending request to Setting Chamber Zones to a= 0.3204106666666667, b= 0.08010266666666667, c= 0.3204106666666667, d= 0.08010266666666667 with timeout of 5s...
05-12-2024 14:53:51 - INFO - Sending request to Setting Chamber Zones to a= 0.31695866666666683, b= 0.07923966666666671, c= 0.31695866666666683, d= 0.07923966666666671 with timeout of 5s...
05-12-2024 14:53:51 - INFO - Sending request to Setting Chamber Zones to a= 0.31353466666666663, b= 0.07838366666666666, c= 0.31353466666666663, d= 0.07838366666666666 with timeout of 5s...
05-12-2024 14:53:52 - INFO - Sending request to Setting Chamber Zones to a= 0.30673333333333314, b= 0.07668333333333328, c= 0.30673333333333314, d= 0.07668333333333328 with timeout of 5s...
05-12-2024 14:53:52 - INFO - Sending request to Setting Chamber Zones to a= 0.3066986666666665, b= 0.07667466666666663, c= 0.3066986666666665, d= 0.07667466666666663 with timeout of 5s...
05-12-2024 14:53:52 - INFO - Sending request to Setting Chamber Zones to a= 0.30659733333333317, b= 0.07664933333333329, c= 0.30659733333333317, d= 0.07664933333333329 with timeout of 5s...
05-12-2024 14:53:52 - INFO - Sending request to Setting Chamber Zones to a= 0.3031240000000001, b= 0.07578100000000003, c= 0.3031240000000001, d= 0.07578100000000003 with timeout of 5s...
05-12-2024 14:53:52 - INFO - Sending request to Setting Chamber Zones to a= 0.30305066666666675, b= 0.07576266666666669, c= 0.30305066666666675, d= 0.07576266666666669 with timeout of 5s...
05-12-2024 14:53:53 - INFO - Sending request to Setting Chamber Zones to a= 0.2995720000000003, b= 0.07489300000000007, c= 0.2995720000000003, d= 0.07489300000000007 with timeout of 5s...
05-12-2024 14:53:53 - INFO - Sending request to Setting Chamber Zones to a= 0.29949333333333356, b= 0.07487333333333339, c= 0.29949333333333356, d= 0.07487333333333339 with timeout of 5s...
05-12-2024 14:53:53 - INFO - Sending request to Setting Chamber Zones to a= 0.29938133333333355, b= 0.07484533333333339, c= 0.29938133333333355, d= 0.07484533333333339 with timeout of 5s...
05-12-2024 14:53:53 - INFO - Sending request to Setting Chamber Zones to a= 0.2958973333333333, b= 0.07397433333333332, c= 0.2958973333333333, d= 0.07397433333333332 with timeout of 5s...
05-12-2024 14:53:53 - INFO - Sending request to Setting Chamber Zones to a= 0.2958133333333332, b= 0.0739533333333333, c= 0.2958133333333332, d= 0.0739533333333333 with timeout of 5s...
05-12-2024 14:53:54 - INFO - Sending request to Setting Chamber Zones to a= 0.2956959999999999, b= 0.07392399999999998, c= 0.2956959999999999, d= 0.07392399999999998 with timeout of 5s...
05-12-2024 14:53:54 - INFO - Sending request to Setting Chamber Zones to a= 0.2955786666666666, b= 0.07389466666666665, c= 0.2955786666666666, d= 0.07389466666666665 with timeout of 5s...
05-12-2024 14:53:54 - INFO - Sending request to Setting Chamber Zones to a= 0.2954613333333333, b= 0.07386533333333332, c= 0.2954613333333333, d= 0.07386533333333332 with timeout of 5s...
05-12-2024 14:53:54 - INFO - Sending request to Setting Chamber Zones to a= 0.29534399999999994, b= 0.07383599999999998, c= 0.29534399999999994, d= 0.07383599999999998 with timeout of 5s...
05-12-2024 14:53:54 - INFO - Sending request to Setting Chamber Zones to a= 0.29522666666666664, b= 0.07380666666666666, c= 0.29522666666666664, d= 0.07380666666666666 with timeout of 5s...
05-12-2024 14:53:55 - INFO - Sending request to Setting Chamber Zones to a= 0.29510933333333333, b= 0.07377733333333333, c= 0.29510933333333333, d= 0.07377733333333333 with timeout of 5s...
05-12-2024 14:53:55 - INFO - Sending request to Setting Chamber Zones to a= 0.29499200000000003, b= 0.07374800000000001, c= 0.29499200000000003, d= 0.07374800000000001 with timeout of 5s...
05-12-2024 14:53:55 - INFO - Sending request to Setting Chamber Zones to a= 0.2948746666666667, b= 0.07371866666666667, c= 0.2948746666666667, d= 0.07371866666666667 with timeout of 5s...
05-12-2024 14:53:55 - INFO - Sending request to Setting Chamber Zones to a= 0.29475733333333337, b= 0.07368933333333334, c= 0.29475733333333337, d= 0.07368933333333334 with timeout of 5s...
05-12-2024 14:53:55 - INFO - Sending request to Setting Chamber Zones to a= 0.29464000000000007, b= 0.07366000000000002, c= 0.29464000000000007, d= 0.07366000000000002 with timeout of 5s...
05-12-2024 14:53:56 - INFO - Sending request to Setting Chamber Zones to a= 0.29452266666666665, b= 0.07363066666666666, c= 0.29452266666666665, d= 0.07363066666666666 with timeout of 5s...
05-12-2024 14:53:56 - INFO - Sending request to Setting Chamber Zones to a= 0.29440533333333335, b= 0.07360133333333334, c= 0.29440533333333335, d= 0.07360133333333334 with timeout of 5s...
05-12-2024 14:53:56 - INFO - Sending request to Setting Chamber Zones to a= 0.29428800000000005, b= 0.07357200000000001, c= 0.29428800000000005, d= 0.07357200000000001 with timeout of 5s...
05-12-2024 14:53:56 - INFO - Setting Chamber Zones to a= 0.29428800000000005, b= 0.07357200000000001, c= 0.29428800000000005, d= 0.07357200000000001 request successfully sent.
05-12-2024 14:53:56 - INFO - Response from moonraker: {'result': 'ok'}
05-12-2024 14:53:56 - INFO - Setting Chamber Zones to a= 0.29428800000000005, b= 0.07357200000000001, c= 0.29428800000000005, d= 0.07357200000000001 Request successfully executed.
05-12-2024 14:53:56 - ERROR - E102 : Setting Chamber Zones to a= 0.29428800000000005, b= 0.07357200000000001, c= 0.29428800000000005, d= 0.07357200000000001 Request to Moonraker Timed out 
 Setting Chamber Zones to a= 0.29428800000000005, b= 0.07357200000000001, c= 0.29428800000000005, d= 0.07357200000000001 not successful
 Initiating firmware restart
05-12-2024 14:53:56 - INFO - Sending request to Setting Chamber Zones to a= 0.29417066666666675, b= 0.07354266666666669, c= 0.29417066666666675, d= 0.07354266666666669 with timeout of 5s...
05-12-2024 14:53:57 - INFO - Sending request to Setting Chamber Zones to a= 0.2940533333333334, b= 0.07351333333333335, c= 0.2940533333333334, d= 0.07351333333333335 with timeout of 5s...
05-12-2024 14:53:57 - INFO - Sending request to Setting Chamber Zones to a= 0.2939360000000001, b= 0.07348400000000002, c= 0.2939360000000001, d= 0.07348400000000002 with timeout of 5s...
05-12-2024 14:53:57 - INFO - Sending request to Setting Chamber Zones to a= 0.2938186666666668, b= 0.0734546666666667, c= 0.2938186666666668, d= 0.0734546666666667 with timeout of 5s...
05-12-2024 14:53:57 - INFO - Sending request to Setting Chamber Zones to a= 0.2903293333333336, b= 0.0725823333333334, c= 0.2903293333333336, d= 0.0725823333333334 with timeout of 5s...
05-12-2024 14:53:57 - INFO - Sending request to Setting Chamber Zones to a= 0.286868, b= 0.071717, c= 0.286868, d= 0.071717 with timeout of 5s...
05-12-2024 14:53:58 - INFO - Sending request to Setting Chamber Zones to a= 0.28340133333333356, b= 0.07085033333333339, c= 0.28340133333333356, d= 0.07085033333333339 with timeout of 5s...
05-12-2024 14:53:58 - INFO - Sending request to Setting Chamber Zones to a= 0.2866733333333334, b= 0.07166833333333335, c= 0.2866733333333334, d= 0.07166833333333335 with timeout of 5s...
05-12-2024 14:53:58 - INFO - Sending request to Setting Chamber Zones to a= 0.28651200000000004, b= 0.07162800000000001, c= 0.28651200000000004, d= 0.07162800000000001 with timeout of 5s...
05-12-2024 14:53:58 - INFO - Sending request to Setting Chamber Zones to a= 0.2863840000000001, b= 0.07159600000000002, c= 0.2863840000000001, d= 0.07159600000000002 with timeout of 5s...
05-12-2024 14:53:58 - INFO - Sending request to Setting Chamber Zones to a= 0.2896280000000003, b= 0.07240700000000007, c= 0.2896280000000003, d= 0.07240700000000007 with timeout of 5s...
05-12-2024 14:53:59 - INFO - Sending request to Setting Chamber Zones to a= 0.28947200000000034, b= 0.07236800000000009, c= 0.28947200000000034, d= 0.07236800000000009 with timeout of 5s...
05-12-2024 14:53:59 - INFO - Sending request to Setting Chamber Zones to a= 0.2893493333333337, b= 0.07233733333333342, c= 0.2893493333333337, d= 0.07233733333333342 with timeout of 5s...
05-12-2024 14:53:59 - INFO - Sending request to Setting Chamber Zones to a= 0.28922666666666696, b= 0.07230666666666674, c= 0.28922666666666696, d= 0.07230666666666674 with timeout of 5s...
05-12-2024 14:53:59 - INFO - Sending request to Setting Chamber Zones to a= 0.2924760000000001, b= 0.07311900000000003, c= 0.2924760000000001, d= 0.07311900000000003 with timeout of 5s...
05-12-2024 14:53:59 - INFO - Sending request to Setting Chamber Zones to a= 0.2923253333333335, b= 0.07308133333333337, c= 0.2923253333333335, d= 0.07308133333333337 with timeout of 5s...
05-12-2024 14:54:00 - INFO - Sending request to Setting Chamber Zones to a= 0.29220800000000013, b= 0.07305200000000003, c= 0.29220800000000013, d= 0.07305200000000003 with timeout of 5s...
05-12-2024 14:54:00 - INFO - Sending request to Setting Chamber Zones to a= 0.29209066666666683, b= 0.07302266666666671, c= 0.29209066666666683, d= 0.07302266666666671 with timeout of 5s...
05-12-2024 14:54:00 - INFO - Sending request to Setting Chamber Zones to a= 0.29197333333333353, b= 0.07299333333333338, c= 0.29197333333333353, d= 0.07299333333333338 with timeout of 5s...
05-12-2024 14:54:00 - INFO - Sending request to Setting Chamber Zones to a= 0.29185600000000017, b= 0.07296400000000004, c= 0.29185600000000017, d= 0.07296400000000004 with timeout of 5s...
05-12-2024 14:54:00 - INFO - Sending request to Setting Chamber Zones to a= 0.29173866666666687, b= 0.07293466666666672, c= 0.29173866666666687, d= 0.07293466666666672 with timeout of 5s...
05-12-2024 14:54:01 - INFO - Sending request to Setting Chamber Zones to a= 0.2949933333333338, b= 0.07374833333333344, c= 0.2949933333333338, d= 0.07374833333333344 with timeout of 5s...
05-12-2024 14:54:01 - INFO - Sending request to Setting Chamber Zones to a= 0.2948480000000005, b= 0.07371200000000012, c= 0.2948480000000005, d= 0.07371200000000012 with timeout of 5s...
05-12-2024 14:54:01 - INFO - Sending request to Setting Chamber Zones to a= 0.29473600000000044, b= 0.07368400000000011, c= 0.29473600000000044, d= 0.07368400000000011 with timeout of 5s...
05-12-2024 14:54:01 - INFO - Sending request to Setting Chamber Zones to a= 0.2979960000000002, b= 0.07449900000000005, c= 0.2979960000000002, d= 0.07449900000000005 with timeout of 5s...
05-12-2024 14:54:01 - INFO - Sending request to Setting Chamber Zones to a= 0.30122800000000005, b= 0.07530700000000001, c= 0.30122800000000005, d= 0.07530700000000001 with timeout of 5s...
05-12-2024 14:54:02 - INFO - Sending request to Setting Chamber Zones to a= 0.29772133333333356, b= 0.07443033333333339, c= 0.29772133333333356, d= 0.07443033333333339 with timeout of 5s...
05-12-2024 14:54:02 - INFO - Sending request to Setting Chamber Zones to a= 0.2942760000000005, b= 0.07356900000000012, c= 0.2942760000000005, d= 0.07356900000000012 with timeout of 5s...
05-12-2024 14:54:02 - INFO - Sending request to Setting Chamber Zones to a= 0.29419733333333375, b= 0.07354933333333344, c= 0.29419733333333375, d= 0.07354933333333344 with timeout of 5s...
05-12-2024 14:54:02 - INFO - Sending request to Setting Chamber Zones to a= 0.2940853333333337, b= 0.07352133333333342, c= 0.2940853333333337, d= 0.07352133333333342 with timeout of 5s...
05-12-2024 14:54:02 - INFO - Sending request to Setting Chamber Zones to a= 0.29060133333333343, b= 0.07265033333333336, c= 0.29060133333333343, d= 0.07265033333333336 with timeout of 5s...
05-12-2024 14:54:03 - INFO - Sending request to Setting Chamber Zones to a= 0.29051733333333346, b= 0.07262933333333337, c= 0.29051733333333346, d= 0.07262933333333337 with timeout of 5s...
05-12-2024 14:54:03 - INFO - Sending request to Setting Chamber Zones to a= 0.2870280000000003, b= 0.07175700000000007, c= 0.2870280000000003, d= 0.07175700000000007 with timeout of 5s...
05-12-2024 14:54:03 - INFO - Sending request to Setting Chamber Zones to a= 0.28693866666666695, b= 0.07173466666666674, c= 0.28693866666666695, d= 0.07173466666666674 with timeout of 5s...
05-12-2024 14:54:03 - INFO - Sending request to Setting Chamber Zones to a= 0.2834440000000001, b= 0.07086100000000002, c= 0.2834440000000001, d= 0.07086100000000002 with timeout of 5s...
05-12-2024 14:54:03 - INFO - Sending request to Setting Chamber Zones to a= 0.2833493333333334, b= 0.07083733333333335, c= 0.2833493333333334, d= 0.07083733333333335 with timeout of 5s...
05-12-2024 14:54:04 - INFO - Sending request to Setting Chamber Zones to a= 0.27984933333333356, b= 0.06996233333333339, c= 0.27984933333333356, d= 0.06996233333333339 with timeout of 5s...
05-12-2024 14:54:04 - INFO - Sending request to Setting Chamber Zones to a= 0.27974933333333357, b= 0.06993733333333339, c= 0.27974933333333357, d= 0.06993733333333339 with timeout of 5s...
05-12-2024 14:54:04 - INFO - Sending request to Setting Chamber Zones to a= 0.27961600000000025, b= 0.06990400000000006, c= 0.27961600000000025, d= 0.06990400000000006 with timeout of 5s...
05-12-2024 14:54:04 - INFO - Sending request to Setting Chamber Zones to a= 0.27948266666666693, b= 0.06987066666666673, c= 0.27948266666666693, d= 0.06987066666666673 with timeout of 5s...
05-12-2024 14:54:04 - INFO - Sending request to Setting Chamber Zones to a= 0.2759773333333337, b= 0.06899433333333342, c= 0.2759773333333337, d= 0.06899433333333342 with timeout of 5s...
05-12-2024 14:54:05 - INFO - Sending request to Setting Chamber Zones to a= 0.2758720000000004, b= 0.0689680000000001, c= 0.2758720000000004, d= 0.0689680000000001 with timeout of 5s...
05-12-2024 14:54:05 - INFO - Sending request to Setting Chamber Zones to a= 0.2757333333333337, b= 0.06893333333333343, c= 0.2757333333333337, d= 0.06893333333333343 with timeout of 5s...
05-12-2024 14:54:05 - INFO - Sending request to Setting Chamber Zones to a= 0.2722226666666668, b= 0.0680556666666667, c= 0.2722226666666668, d= 0.0680556666666667 with timeout of 5s...
05-12-2024 14:54:05 - INFO - Sending request to Setting Chamber Zones to a= 0.27211200000000013, b= 0.06802800000000003, c= 0.27211200000000013, d= 0.06802800000000003 with timeout of 5s...
05-12-2024 14:54:05 - INFO - Sending request to Setting Chamber Zones to a= 0.27196800000000015, b= 0.06799200000000004, c= 0.27196800000000015, d= 0.06799200000000004 with timeout of 5s...
05-12-2024 14:54:06 - INFO - Sending request to Setting Chamber Zones to a= 0.2718240000000001, b= 0.06795600000000003, c= 0.2718240000000001, d= 0.06795600000000003 with timeout of 5s...
05-12-2024 14:54:06 - INFO - Sending request to Setting Chamber Zones to a= 0.26830800000000027, b= 0.06707700000000007, c= 0.26830800000000027, d= 0.06707700000000007 with timeout of 5s...
05-12-2024 14:54:06 - INFO - Sending request to Setting Chamber Zones to a= 0.26482, b= 0.066205, c= 0.26482, d= 0.066205 with timeout of 5s...
05-12-2024 14:54:06 - INFO - Setting Chamber Zones to a= 0.26482, b= 0.066205, c= 0.26482, d= 0.066205 request successfully sent.
05-12-2024 14:54:06 - INFO - Response from moonraker: {'result': 'ok'}
05-12-2024 14:54:06 - INFO - Setting Chamber Zones to a= 0.26482, b= 0.066205, c= 0.26482, d= 0.066205 Request successfully executed.
05-12-2024 14:54:06 - ERROR - E102 : Setting Chamber Zones to a= 0.26482, b= 0.066205, c= 0.26482, d= 0.066205 Request to Moonraker Timed out 
 Setting Chamber Zones to a= 0.26482, b= 0.066205, c= 0.26482, d= 0.066205 not successful
 Initiating firmware restart
05-12-2024 14:54:06 - INFO - Sending request to Setting Chamber Zones to a= 0.26469866666666675, b= 0.06617466666666669, c= 0.26469866666666675, d= 0.06617466666666669 with timeout of 5s...
05-12-2024 14:54:06 - INFO - Sending request to Setting Chamber Zones to a= 0.26454400000000006, b= 0.06613600000000001, c= 0.26454400000000006, d= 0.06613600000000001 with timeout of 5s...
05-12-2024 14:54:07 - INFO - Sending request to Setting Chamber Zones to a= 0.2643893333333334, b= 0.06609733333333336, c= 0.2643893333333334, d= 0.06609733333333336 with timeout of 5s...
05-12-2024 14:54:07 - INFO - Sending request to Setting Chamber Zones to a= 0.2642346666666668, b= 0.0660586666666667, c= 0.2642346666666668, d= 0.0660586666666667 with timeout of 5s...
05-12-2024 14:54:07 - INFO - Sending request to Setting Chamber Zones to a= 0.26408000000000015, b= 0.06602000000000004, c= 0.26408000000000015, d= 0.06602000000000004 with timeout of 5s...
05-12-2024 14:54:07 - INFO - Sending request to Setting Chamber Zones to a= 0.26392533333333346, b= 0.06598133333333336, c= 0.26392533333333346, d= 0.06598133333333336 with timeout of 5s...
05-12-2024 14:54:07 - INFO - Sending request to Setting Chamber Zones to a= 0.26714266666666703, b= 0.06678566666666676, c= 0.26714266666666703, d= 0.06678566666666676 with timeout of 5s...
05-12-2024 14:54:08 - INFO - Sending request to Setting Chamber Zones to a= 0.27033200000000024, b= 0.06758300000000006, c= 0.27033200000000024, d= 0.06758300000000006 with timeout of 5s...
05-12-2024 14:54:08 - INFO - Sending request to Setting Chamber Zones to a= 0.2735266666666672, b= 0.0683816666666668, c= 0.2735266666666672, d= 0.0683816666666668 with timeout of 5s...
05-12-2024 14:54:08 - INFO - Sending request to Setting Chamber Zones to a= 0.276726666666667, b= 0.06918166666666675, c= 0.276726666666667, d= 0.06918166666666675 with timeout of 5s...
05-12-2024 14:54:08 - INFO - Sending request to Setting Chamber Zones to a= 0.2799320000000002, b= 0.06998300000000005, c= 0.2799320000000002, d= 0.06998300000000005 with timeout of 5s...
05-12-2024 14:54:08 - INFO - Sending request to Setting Chamber Zones to a= 0.28314266666666704, b= 0.07078566666666676, c= 0.28314266666666704, d= 0.07078566666666676 with timeout of 5s...
05-12-2024 14:54:09 - INFO - Sending request to Setting Chamber Zones to a= 0.28635866666666693, b= 0.07158966666666673, c= 0.28635866666666693, d= 0.07158966666666673 with timeout of 5s...
05-12-2024 14:54:09 - INFO - Sending request to Setting Chamber Zones to a= 0.2963240000000002, b= 0.07408100000000005, c= 0.2963240000000002, d= 0.07408100000000005 with timeout of 5s...
05-12-2024 14:54:09 - INFO - Sending request to Setting Chamber Zones to a= 0.29949466666666713, b= 0.07487366666666678, c= 0.29949466666666713, d= 0.07487366666666678 with timeout of 5s...
05-12-2024 14:54:09 - INFO - Sending request to Setting Chamber Zones to a= 0.29936533333333376, b= 0.07484133333333344, c= 0.29936533333333376, d= 0.07484133333333344 with timeout of 5s...
05-12-2024 14:54:09 - INFO - Sending request to Setting Chamber Zones to a= 0.30601333333333386, b= 0.07650333333333346, c= 0.30601333333333386, d= 0.07650333333333346 with timeout of 5s...
05-12-2024 14:54:10 - INFO - Sending request to Setting Chamber Zones to a= 0.30923333333333364, b= 0.07730833333333341, c= 0.30923333333333364, d= 0.07730833333333341 with timeout of 5s...
05-12-2024 14:54:10 - INFO - Sending request to Setting Chamber Zones to a= 0.30912000000000034, b= 0.07728000000000008, c= 0.30912000000000034, d= 0.07728000000000008 with timeout of 5s...
05-12-2024 14:54:10 - INFO - Sending request to Setting Chamber Zones to a= 0.31241200000000013, b= 0.07810300000000003, c= 0.31241200000000013, d= 0.07810300000000003 with timeout of 5s...
05-12-2024 14:54:10 - INFO - Sending request to Setting Chamber Zones to a= 0.31567600000000046, b= 0.07891900000000011, c= 0.31567600000000046, d= 0.07891900000000011 with timeout of 5s...
05-12-2024 14:54:10 - INFO - Sending request to Setting Chamber Zones to a= 0.3189453333333336, b= 0.0797363333333334, c= 0.3189453333333336, d= 0.0797363333333334 with timeout of 5s...
05-12-2024 14:54:11 - INFO - Sending request to Setting Chamber Zones to a= 0.31884800000000024, b= 0.07971200000000006, c= 0.31884800000000024, d= 0.07971200000000006 with timeout of 5s...
05-12-2024 14:54:11 - INFO - Sending request to Setting Chamber Zones to a= 0.3221560000000005, b= 0.08053900000000012, c= 0.3221560000000005, d= 0.08053900000000012 with timeout of 5s...
05-12-2024 14:54:11 - INFO - Sending request to Setting Chamber Zones to a= 0.3220640000000005, b= 0.08051600000000013, c= 0.3220640000000005, d= 0.08051600000000013 with timeout of 5s...
05-12-2024 14:54:11 - INFO - Sending request to Setting Chamber Zones to a= 0.3220053333333339, b= 0.08050133333333348, c= 0.3220053333333339, d= 0.08050133333333348 with timeout of 5s...
05-12-2024 14:54:11 - INFO - Sending request to Setting Chamber Zones to a= 0.3219466666666671, b= 0.08048666666666678, c= 0.3219466666666671, d= 0.08048666666666678 with timeout of 5s...
05-12-2024 14:54:12 - INFO - Sending request to Setting Chamber Zones to a= 0.32188800000000045, b= 0.08047200000000011, c= 0.32188800000000045, d= 0.08047200000000011 with timeout of 5s...
05-12-2024 14:54:12 - INFO - Sending request to Setting Chamber Zones to a= 0.32182933333333374, b= 0.08045733333333344, c= 0.32182933333333374, d= 0.08045733333333344 with timeout of 5s...
05-12-2024 14:54:12 - INFO - Sending request to Setting Chamber Zones to a= 0.3217706666666671, b= 0.08044266666666677, c= 0.3217706666666671, d= 0.08044266666666677 with timeout of 5s...
05-12-2024 14:54:12 - INFO - Sending request to Setting Chamber Zones to a= 0.32171200000000044, b= 0.08042800000000011, c= 0.32171200000000044, d= 0.08042800000000011 with timeout of 5s...
05-12-2024 14:54:12 - INFO - Sending request to Setting Chamber Zones to a= 0.32165333333333374, b= 0.08041333333333343, c= 0.32165333333333374, d= 0.08041333333333343 with timeout of 5s...
05-12-2024 14:54:13 - INFO - Sending request to Setting Chamber Zones to a= 0.31822266666666676, b= 0.07955566666666669, c= 0.31822266666666676, d= 0.07955566666666669 with timeout of 5s...
05-12-2024 14:54:13 - INFO - Sending request to Setting Chamber Zones to a= 0.3148200000000003, b= 0.07870500000000008, c= 0.3148200000000003, d= 0.07870500000000008 with timeout of 5s...
05-12-2024 14:54:13 - INFO - Sending request to Setting Chamber Zones to a= 0.311412, b= 0.077853, c= 0.311412, d= 0.077853 with timeout of 5s...
05-12-2024 14:54:13 - INFO - Sending request to Setting Chamber Zones to a= 0.3113706666666667, b= 0.07784266666666667, c= 0.3113706666666667, d= 0.07784266666666667 with timeout of 5s...
05-12-2024 14:54:13 - INFO - Sending request to Setting Chamber Zones to a= 0.311296, b= 0.077824, c= 0.311296, d= 0.077824 with timeout of 5s...
05-12-2024 14:54:14 - INFO - Sending request to Setting Chamber Zones to a= 0.3112213333333334, b= 0.07780533333333335, c= 0.3112213333333334, d= 0.07780533333333335 with timeout of 5s...
05-12-2024 14:54:14 - INFO - Sending request to Setting Chamber Zones to a= 0.31114666666666674, b= 0.07778666666666668, c= 0.31114666666666674, d= 0.07778666666666668 with timeout of 5s...
05-12-2024 14:54:14 - INFO - Sending request to Setting Chamber Zones to a= 0.31107200000000007, b= 0.07776800000000002, c= 0.31107200000000007, d= 0.07776800000000002 with timeout of 5s...
05-12-2024 14:54:14 - INFO - Sending request to Setting Chamber Zones to a= 0.3109973333333334, b= 0.07774933333333335, c= 0.3109973333333334, d= 0.07774933333333335 with timeout of 5s...
05-12-2024 14:54:14 - INFO - Sending request to Setting Chamber Zones to a= 0.31429466666666706, b= 0.07857366666666676, c= 0.31429466666666706, d= 0.07857366666666676 with timeout of 5s...
05-12-2024 14:54:15 - INFO - Sending request to Setting Chamber Zones to a= 0.3141920000000004, b= 0.0785480000000001, c= 0.3141920000000004, d= 0.0785480000000001 with timeout of 5s...
05-12-2024 14:54:15 - INFO - Sending request to Setting Chamber Zones to a= 0.31749466666666687, b= 0.07937366666666672, c= 0.31749466666666687, d= 0.07937366666666672 with timeout of 5s...
05-12-2024 14:54:15 - INFO - Sending request to Setting Chamber Zones to a= 0.31739733333333353, b= 0.07934933333333338, c= 0.31739733333333353, d= 0.07934933333333338 with timeout of 5s...
05-12-2024 14:54:15 - INFO - Sending request to Setting Chamber Zones to a= 0.32070533333333384, b= 0.08017633333333346, c= 0.32070533333333384, d= 0.08017633333333346 with timeout of 5s...
05-12-2024 14:54:16 - INFO - Sending request to Setting Chamber Zones to a= 0.31724133333333354, b= 0.07931033333333339, c= 0.31724133333333354, d= 0.07931033333333339 with timeout of 5s...
05-12-2024 14:54:16 - INFO - Sending request to Setting Chamber Zones to a= 0.3172106666666669, b= 0.07930266666666673, c= 0.3172106666666669, d= 0.07930266666666673 with timeout of 5s...
05-12-2024 14:54:16 - INFO - Sending request to Setting Chamber Zones to a= 0.3171466666666669, b= 0.07928666666666673, c= 0.3171466666666669, d= 0.07928666666666673 with timeout of 5s...
05-12-2024 14:54:16 - INFO - Sending request to Setting Chamber Zones to a= 0.3170826666666669, b= 0.07927066666666673, c= 0.3170826666666669, d= 0.07927066666666673 with timeout of 5s...
05-12-2024 14:54:16 - INFO - Setting Chamber Zones to a= 0.3170826666666669, b= 0.07927066666666673, c= 0.3170826666666669, d= 0.07927066666666673 request successfully sent.
05-12-2024 14:54:16 - INFO - Response from moonraker: {'result': 'ok'}
05-12-2024 14:54:16 - INFO - Setting Chamber Zones to a= 0.3170826666666669, b= 0.07927066666666673, c= 0.3170826666666669, d= 0.07927066666666673 Request successfully executed.
05-12-2024 14:54:16 - ERROR - E102 : Setting Chamber Zones to a= 0.3170826666666669, b= 0.07927066666666673, c= 0.3170826666666669, d= 0.07927066666666673 Request to Moonraker Timed out 
 Setting Chamber Zones to a= 0.3170826666666669, b= 0.07927066666666673, c= 0.3170826666666669, d= 0.07927066666666673 not successful
 Initiating firmware restart
05-12-2024 14:54:16 - INFO - Sending request to Setting Chamber Zones to a= 0.3136466666666671, b= 0.07841166666666677, c= 0.3136466666666671, d= 0.07841166666666677 with timeout of 5s...
05-12-2024 14:54:17 - INFO - Sending request to Setting Chamber Zones to a= 0.3136106666666671, b= 0.07840266666666677, c= 0.3136106666666671, d= 0.07840266666666677 with timeout of 5s...
05-12-2024 14:54:17 - INFO - Sending request to Setting Chamber Zones to a= 0.3135413333333337, b= 0.07838533333333343, c= 0.3135413333333337, d= 0.07838533333333343 with timeout of 5s...
05-12-2024 14:54:17 - INFO - Sending request to Setting Chamber Zones to a= 0.3168440000000002, b= 0.07921100000000005, c= 0.3168440000000002, d= 0.07921100000000005 with timeout of 5s...
05-12-2024 14:54:17 - INFO - Sending request to Setting Chamber Zones to a= 0.3201186666666672, b= 0.0800296666666668, c= 0.3201186666666672, d= 0.0800296666666668 with timeout of 5s...
05-12-2024 14:54:17 - INFO - Sending request to Setting Chamber Zones to a= 0.3200266666666671, b= 0.08000666666666678, c= 0.3200266666666671, d= 0.08000666666666678 with timeout of 5s...
05-12-2024 14:54:18 - INFO - Sending request to Setting Chamber Zones to a= 0.3199680000000005, b= 0.07999200000000012, c= 0.3199680000000005, d= 0.07999200000000012 with timeout of 5s...
05-12-2024 14:54:18 - INFO - Sending request to Setting Chamber Zones to a= 0.31990933333333377, b= 0.07997733333333344, c= 0.31990933333333377, d= 0.07997733333333344 with timeout of 5s...
05-12-2024 14:54:18 - INFO - Sending request to Setting Chamber Zones to a= 0.32322266666666694, b= 0.08080566666666673, c= 0.32322266666666694, d= 0.08080566666666673 with timeout of 5s...
05-12-2024 14:54:18 - INFO - Sending request to Setting Chamber Zones to a= 0.3231360000000002, b= 0.08078400000000005, c= 0.3231360000000002, d= 0.08078400000000005 with timeout of 5s...
05-12-2024 14:54:18 - INFO - Sending request to Setting Chamber Zones to a= 0.3264546666666667, b= 0.08161366666666668, c= 0.3264546666666667, d= 0.08161366666666668 with timeout of 5s...
05-12-2024 14:54:19 - INFO - Sending request to Setting Chamber Zones to a= 0.3263733333333334, b= 0.08159333333333335, c= 0.3263733333333334, d= 0.08159333333333335 with timeout of 5s...
05-12-2024 14:54:19 - INFO - Sending request to Setting Chamber Zones to a= 0.3263253333333334, b= 0.08158133333333335, c= 0.3263253333333334, d= 0.08158133333333335 with timeout of 5s...
05-12-2024 14:54:19 - INFO - Sending request to Setting Chamber Zones to a= 0.3296493333333338, b= 0.08241233333333345, c= 0.3296493333333338, d= 0.08241233333333345 with timeout of 5s...
05-12-2024 14:54:19 - INFO - Sending request to Setting Chamber Zones to a= 0.32957333333333366, b= 0.08239333333333342, c= 0.32957333333333366, d= 0.08239333333333342 with timeout of 5s...
05-12-2024 14:54:19 - INFO - Sending request to Setting Chamber Zones to a= 0.3329026666666668, b= 0.0832256666666667, c= 0.3329026666666668, d= 0.0832256666666667 with timeout of 5s...
05-12-2024 14:54:20 - INFO - Sending request to Setting Chamber Zones to a= 0.3328320000000001, b= 0.08320800000000003, c= 0.3328320000000001, d= 0.08320800000000003 with timeout of 5s...
05-12-2024 14:54:20 - INFO - Sending request to Setting Chamber Zones to a= 0.33279466666666685, b= 0.08319866666666671, c= 0.33279466666666685, d= 0.08319866666666671 with timeout of 5s...
05-12-2024 14:54:20 - INFO - Sending request to Setting Chamber Zones to a= 0.33275733333333357, b= 0.08318933333333339, c= 0.33275733333333357, d= 0.08318933333333339 with timeout of 5s...
05-12-2024 14:54:20 - INFO - Sending request to Setting Chamber Zones to a= 0.3327200000000002, b= 0.08318000000000005, c= 0.3327200000000002, d= 0.08318000000000005 with timeout of 5s...
05-12-2024 14:54:20 - INFO - Sending request to Setting Chamber Zones to a= 0.3326826666666669, b= 0.08317066666666673, c= 0.3326826666666669, d= 0.08317066666666673 with timeout of 5s...
05-12-2024 14:54:21 - INFO - Sending request to Setting Chamber Zones to a= 0.3326453333333336, b= 0.0831613333333334, c= 0.3326453333333336, d= 0.0831613333333334 with timeout of 5s...
05-12-2024 14:54:21 - INFO - Sending request to Setting Chamber Zones to a= 0.33260800000000024, b= 0.08315200000000006, c= 0.33260800000000024, d= 0.08315200000000006 with timeout of 5s...
05-12-2024 14:54:21 - INFO - Sending request to Setting Chamber Zones to a= 0.33257066666666696, b= 0.08314266666666674, c= 0.33257066666666696, d= 0.08314266666666674 with timeout of 5s...
05-12-2024 14:54:21 - INFO - Sending request to Setting Chamber Zones to a= 0.32916133333333375, b= 0.08229033333333344, c= 0.32916133333333375, d= 0.08229033333333344 with timeout of 5s...
05-12-2024 14:54:21 - INFO - Sending request to Setting Chamber Zones to a= 0.3257800000000002, b= 0.08144500000000005, c= 0.3257800000000002, d= 0.08144500000000005 with timeout of 5s...
05-12-2024 14:54:22 - INFO - Sending request to Setting Chamber Zones to a= 0.3223933333333337, b= 0.08059833333333342, c= 0.3223933333333337, d= 0.08059833333333342 with timeout of 5s...
05-12-2024 14:54:22 - INFO - Sending request to Setting Chamber Zones to a= 0.31900133333333386, b= 0.07975033333333346, c= 0.31900133333333386, d= 0.07975033333333346 with timeout of 5s...
05-12-2024 14:54:22 - INFO - Sending request to Setting Chamber Zones to a= 0.31897600000000054, b= 0.07974400000000013, c= 0.31897600000000054, d= 0.07974400000000013 with timeout of 5s...
05-12-2024 14:54:22 - INFO - Sending request to Setting Chamber Zones to a= 0.3189173333333339, b= 0.07972933333333347, c= 0.3189173333333339, d= 0.07972933333333347 with timeout of 5s...
05-12-2024 14:54:22 - INFO - Sending request to Setting Chamber Zones to a= 0.3188586666666671, b= 0.07971466666666678, c= 0.3188586666666671, d= 0.07971466666666678 with timeout of 5s...
05-12-2024 14:54:23 - INFO - Sending request to Setting Chamber Zones to a= 0.31880000000000047, b= 0.07970000000000012, c= 0.31880000000000047, d= 0.07970000000000012 with timeout of 5s...
05-12-2024 14:54:23 - INFO - Sending request to Setting Chamber Zones to a= 0.3119973333333337, b= 0.07799933333333342, c= 0.3119973333333337, d= 0.07799933333333342 with timeout of 5s...
05-12-2024 14:54:23 - INFO - Sending request to Setting Chamber Zones to a= 0.31199466666666703, b= 0.07799866666666676, c= 0.31199466666666703, d= 0.07799866666666676 with timeout of 5s...
05-12-2024 14:54:23 - INFO - Sending request to Setting Chamber Zones to a= 0.31192533333333367, b= 0.07798133333333342, c= 0.31192533333333367, d= 0.07798133333333342 with timeout of 5s...
05-12-2024 14:54:23 - INFO - Sending request to Setting Chamber Zones to a= 0.31185600000000036, b= 0.07796400000000009, c= 0.31185600000000036, d= 0.07796400000000009 with timeout of 5s...
05-12-2024 14:54:24 - INFO - Sending request to Setting Chamber Zones to a= 0.3050426666666669, b= 0.07626066666666673, c= 0.3050426666666669, d= 0.07626066666666673 with timeout of 5s...
05-12-2024 14:54:24 - INFO - Sending request to Setting Chamber Zones to a= 0.30502933333333354, b= 0.07625733333333339, c= 0.30502933333333354, d= 0.07625733333333339 with timeout of 5s...
05-12-2024 14:54:24 - INFO - Sending request to Setting Chamber Zones to a= 0.30494933333333357, b= 0.07623733333333339, c= 0.30494933333333357, d= 0.07623733333333339 with timeout of 5s...
05-12-2024 14:54:24 - INFO - Sending request to Setting Chamber Zones to a= 0.30149733333333373, b= 0.07537433333333343, c= 0.30149733333333373, d= 0.07537433333333343 with timeout of 5s...
05-12-2024 14:54:24 - INFO - Sending request to Setting Chamber Zones to a= 0.30144533333333373, b= 0.07536133333333343, c= 0.30144533333333373, d= 0.07536133333333343 with timeout of 5s...
05-12-2024 14:54:25 - INFO - Sending request to Setting Chamber Zones to a= 0.2979880000000001, b= 0.07449700000000002, c= 0.2979880000000001, d= 0.07449700000000002 with timeout of 5s...
05-12-2024 14:54:25 - INFO - Sending request to Setting Chamber Zones to a= 0.2945586666666669, b= 0.07363966666666673, c= 0.2945586666666669, d= 0.07363966666666673 with timeout of 5s...
05-12-2024 14:54:25 - INFO - Sending request to Setting Chamber Zones to a= 0.2944960000000003, b= 0.07362400000000008, c= 0.2944960000000003, d= 0.07362400000000008 with timeout of 5s...
05-12-2024 14:54:25 - INFO - Sending request to Setting Chamber Zones to a= 0.2944000000000003, b= 0.07360000000000007, c= 0.2944000000000003, d= 0.07360000000000007 with timeout of 5s...
05-12-2024 14:54:25 - INFO - Sending request to Setting Chamber Zones to a= 0.2943040000000003, b= 0.07357600000000007, c= 0.2943040000000003, d= 0.07357600000000007 with timeout of 5s...
05-12-2024 14:54:26 - INFO - Sending request to Setting Chamber Zones to a= 0.29420800000000025, b= 0.07355200000000006, c= 0.29420800000000025, d= 0.07355200000000006 with timeout of 5s...
05-12-2024 14:54:26 - INFO - Sending request to Setting Chamber Zones to a= 0.29074, b= 0.072685, c= 0.29074, d= 0.072685 with timeout of 5s...
05-12-2024 14:54:26 - INFO - Sending request to Setting Chamber Zones to a= 0.28730000000000017, b= 0.07182500000000004, c= 0.28730000000000017, d= 0.07182500000000004 with timeout of 5s...
05-12-2024 14:54:26 - INFO - Sending request to Setting Chamber Zones to a= 0.2872266666666669, b= 0.07180666666666673, c= 0.2872266666666669, d= 0.07180666666666673 with timeout of 5s...
05-12-2024 14:54:26 - INFO - Setting Chamber Zones to a= 0.2872266666666669, b= 0.07180666666666673, c= 0.2872266666666669, d= 0.07180666666666673 request successfully sent.
05-12-2024 14:54:26 - INFO - Response from moonraker: {'result': 'ok'}
05-12-2024 14:54:26 - INFO - Setting Chamber Zones to a= 0.2872266666666669, b= 0.07180666666666673, c= 0.2872266666666669, d= 0.07180666666666673 Request successfully executed.
05-12-2024 14:54:26 - ERROR - E102 : Setting Chamber Zones to a= 0.2872266666666669, b= 0.07180666666666673, c= 0.2872266666666669, d= 0.07180666666666673 Request to Moonraker Timed out 
 Setting Chamber Zones to a= 0.2872266666666669, b= 0.07180666666666673, c= 0.2872266666666669, d= 0.07180666666666673 not successful
 Initiating firmware restart
05-12-2024 14:54:26 - INFO - Sending request to Setting Chamber Zones to a= 0.2837480000000004, b= 0.0709370000000001, c= 0.2837480000000004, d= 0.0709370000000001 with timeout of 5s...
05-12-2024 14:54:27 - INFO - Sending request to Setting Chamber Zones to a= 0.28366933333333366, b= 0.07091733333333342, c= 0.28366933333333366, d= 0.07091733333333342 with timeout of 5s...
05-12-2024 14:54:27 - INFO - Sending request to Setting Chamber Zones to a= 0.2835573333333336, b= 0.0708893333333334, c= 0.2835573333333336, d= 0.0708893333333334 with timeout of 5s...
05-12-2024 14:54:27 - INFO - Sending request to Setting Chamber Zones to a= 0.28007333333333334, b= 0.07001833333333334, c= 0.28007333333333334, d= 0.07001833333333334 with timeout of 5s...
05-12-2024 14:54:27 - INFO - Sending request to Setting Chamber Zones to a= 0.27661733333333355, b= 0.06915433333333339, c= 0.27661733333333355, d= 0.06915433333333339 with timeout of 5s...
05-12-2024 14:54:27 - INFO - Sending request to Setting Chamber Zones to a= 0.27652800000000016, b= 0.06913200000000004, c= 0.27652800000000016, d= 0.06913200000000004 with timeout of 5s...
05-12-2024 14:54:28 - INFO - Sending request to Setting Chamber Zones to a= 0.27640533333333356, b= 0.06910133333333339, c= 0.27640533333333356, d= 0.06910133333333339 with timeout of 5s...
05-12-2024 14:54:28 - INFO - Sending request to Setting Chamber Zones to a= 0.27628266666666684, b= 0.06907066666666671, c= 0.27628266666666684, d= 0.06907066666666671 with timeout of 5s...
05-12-2024 14:54:28 - INFO - Sending request to Setting Chamber Zones to a= 0.279532, b= 0.069883, c= 0.279532, d= 0.069883 with timeout of 5s...
05-12-2024 14:54:28 - INFO - Sending request to Setting Chamber Zones to a= 0.27938133333333337, b= 0.06984533333333334, c= 0.27938133333333337, d= 0.06984533333333334 with timeout of 5s...
05-12-2024 14:54:28 - INFO - Sending request to Setting Chamber Zones to a= 0.279264, b= 0.069816, c= 0.279264, d= 0.069816 with timeout of 5s...
05-12-2024 14:54:29 - INFO - Sending request to Setting Chamber Zones to a= 0.2791466666666667, b= 0.06978666666666668, c= 0.2791466666666667, d= 0.06978666666666668 with timeout of 5s...
05-12-2024 14:54:29 - INFO - Sending request to Setting Chamber Zones to a= 0.2790293333333334, b= 0.06975733333333335, c= 0.2790293333333334, d= 0.06975733333333335 with timeout of 5s...
05-12-2024 14:54:29 - INFO - Sending request to Setting Chamber Zones to a= 0.278912, b= 0.069728, c= 0.278912, d= 0.069728 with timeout of 5s...
05-12-2024 14:54:29 - INFO - Sending request to Setting Chamber Zones to a= 0.2787946666666667, b= 0.06969866666666667, c= 0.2787946666666667, d= 0.06969866666666667 with timeout of 5s...
05-12-2024 14:54:29 - INFO - Sending request to Setting Chamber Zones to a= 0.2786773333333334, b= 0.06966933333333335, c= 0.2786773333333334, d= 0.06966933333333335 with timeout of 5s...
05-12-2024 14:54:30 - INFO - Sending request to Setting Chamber Zones to a= 0.2785600000000001, b= 0.06964000000000002, c= 0.2785600000000001, d= 0.06964000000000002 with timeout of 5s...
05-12-2024 14:54:30 - INFO - Sending request to Setting Chamber Zones to a= 0.2784426666666667, b= 0.06961066666666668, c= 0.2784426666666667, d= 0.06961066666666668 with timeout of 5s...
05-12-2024 14:54:30 - INFO - Sending request to Setting Chamber Zones to a= 0.2783253333333334, b= 0.06958133333333336, c= 0.2783253333333334, d= 0.06958133333333336 with timeout of 5s...
05-12-2024 14:54:30 - INFO - Sending request to Setting Chamber Zones to a= 0.28158000000000033, b= 0.07039500000000008, c= 0.28158000000000033, d= 0.07039500000000008 with timeout of 5s...
05-12-2024 14:54:30 - INFO - Sending request to Setting Chamber Zones to a= 0.28143466666666705, b= 0.07035866666666676, c= 0.28143466666666705, d= 0.07035866666666676 with timeout of 5s...
05-12-2024 14:54:31 - INFO - Sending request to Setting Chamber Zones to a= 0.281322666666667, b= 0.07033066666666675, c= 0.281322666666667, d= 0.07033066666666675 with timeout of 5s...
05-12-2024 14:54:31 - INFO - Sending request to Setting Chamber Zones to a= 0.281210666666667, b= 0.07030266666666675, c= 0.281210666666667, d= 0.07030266666666675 with timeout of 5s...
05-12-2024 14:54:31 - INFO - Sending request to Setting Chamber Zones to a= 0.28447066666666676, b= 0.07111766666666669, c= 0.28447066666666676, d= 0.07111766666666669 with timeout of 5s...
05-12-2024 14:54:31 - INFO - Sending request to Setting Chamber Zones to a= 0.2843306666666668, b= 0.0710826666666667, c= 0.2843306666666668, d= 0.0710826666666667 with timeout of 5s...
05-12-2024 14:54:31 - INFO - Sending request to Setting Chamber Zones to a= 0.28759599999999996, b= 0.07189899999999999, c= 0.28759599999999996, d= 0.07189899999999999 with timeout of 5s...
05-12-2024 14:54:32 - INFO - Sending request to Setting Chamber Zones to a= 0.29083333333333355, b= 0.07270833333333339, c= 0.29083333333333355, d= 0.07270833333333339 with timeout of 5s...
05-12-2024 14:54:32 - INFO - Sending request to Setting Chamber Zones to a= 0.29070400000000024, b= 0.07267600000000006, c= 0.29070400000000024, d= 0.07267600000000006 with timeout of 5s...
05-12-2024 14:54:32 - INFO - Sending request to Setting Chamber Zones to a= 0.2906080000000002, b= 0.07265200000000005, c= 0.2906080000000002, d= 0.07265200000000005 with timeout of 5s...
05-12-2024 14:54:32 - INFO - Sending request to Setting Chamber Zones to a= 0.28713999999999995, b= 0.07178499999999999, c= 0.28713999999999995, d= 0.07178499999999999 with timeout of 5s...
05-12-2024 14:54:32 - INFO - Sending request to Setting Chamber Zones to a= 0.28707199999999994, b= 0.07176799999999998, c= 0.28707199999999994, d= 0.07176799999999998 with timeout of 5s...
05-12-2024 14:54:33 - INFO - Sending request to Setting Chamber Zones to a= 0.28697066666666665, b= 0.07174266666666666, c= 0.28697066666666665, d= 0.07174266666666666 with timeout of 5s...
05-12-2024 14:54:33 - INFO - Sending request to Setting Chamber Zones to a= 0.28686933333333337, b= 0.07171733333333334, c= 0.28686933333333337, d= 0.07171733333333334 with timeout of 5s...
05-12-2024 14:54:33 - INFO - Sending request to Setting Chamber Zones to a= 0.28676799999999997, b= 0.07169199999999999, c= 0.28676799999999997, d= 0.07169199999999999 with timeout of 5s...
05-12-2024 14:54:33 - INFO - Sending request to Setting Chamber Zones to a= 0.2866666666666667, b= 0.07166666666666667, c= 0.2866666666666667, d= 0.07166666666666667 with timeout of 5s...
05-12-2024 14:54:34 - INFO - Sending request to Setting Chamber Zones to a= 0.28656533333333334, b= 0.07164133333333333, c= 0.28656533333333334, d= 0.07164133333333333 with timeout of 5s...
05-12-2024 14:54:34 - INFO - Sending request to Setting Chamber Zones to a= 0.28646400000000005, b= 0.07161600000000001, c= 0.28646400000000005, d= 0.07161600000000001 with timeout of 5s...
05-12-2024 14:54:34 - INFO - Sending request to Setting Chamber Zones to a= 0.289734666666667, b= 0.07243366666666674, c= 0.289734666666667, d= 0.07243366666666674 with timeout of 5s...
05-12-2024 14:54:34 - INFO - Sending request to Setting Chamber Zones to a= 0.28960533333333366, b= 0.07240133333333341, c= 0.28960533333333366, d= 0.07240133333333341 with timeout of 5s...
05-12-2024 14:54:34 - INFO - Sending request to Setting Chamber Zones to a= 0.2895093333333337, b= 0.07237733333333342, c= 0.2895093333333337, d= 0.07237733333333342 with timeout of 5s...
05-12-2024 14:54:35 - INFO - Sending request to Setting Chamber Zones to a= 0.2894133333333337, b= 0.07235333333333342, c= 0.2894133333333337, d= 0.07235333333333342 with timeout of 5s...
05-12-2024 14:54:35 - INFO - Sending request to Setting Chamber Zones to a= 0.28931733333333365, b= 0.07232933333333341, c= 0.28931733333333365, d= 0.07232933333333341 with timeout of 5s...
05-12-2024 14:54:35 - INFO - Sending request to Setting Chamber Zones to a= 0.2892213333333336, b= 0.0723053333333334, c= 0.2892213333333336, d= 0.0723053333333334 with timeout of 5s...
05-12-2024 14:54:35 - INFO - Sending request to Setting Chamber Zones to a= 0.2891253333333336, b= 0.0722813333333334, c= 0.2891253333333336, d= 0.0722813333333334 with timeout of 5s...
05-12-2024 14:54:35 - INFO - Sending request to Setting Chamber Zones to a= 0.2991453333333335, b= 0.07478633333333337, c= 0.2991453333333335, d= 0.07478633333333337 with timeout of 5s...
05-12-2024 14:54:36 - INFO - Sending request to Setting Chamber Zones to a= 0.29896533333333347, b= 0.07474133333333337, c= 0.29896533333333347, d= 0.07474133333333337 with timeout of 5s...
05-12-2024 14:54:36 - INFO - Sending request to Setting Chamber Zones to a= 0.2988853333333335, b= 0.07472133333333338, c= 0.2988853333333335, d= 0.07472133333333338 with timeout of 5s...
05-12-2024 14:54:36 - INFO - Sending request to Setting Chamber Zones to a= 0.29880533333333353, b= 0.07470133333333338, c= 0.29880533333333353, d= 0.07470133333333338 with timeout of 5s...
05-12-2024 14:54:36 - INFO - Sending request to Setting Chamber Zones to a= 0.3020973333333334, b= 0.07552433333333335, c= 0.3020973333333334, d= 0.07552433333333335 with timeout of 5s...
05-12-2024 14:54:36 - INFO - Setting Chamber Zones to a= 0.3020973333333334, b= 0.07552433333333335, c= 0.3020973333333334, d= 0.07552433333333335 request successfully sent.
05-12-2024 14:54:36 - INFO - Response from moonraker: {'result': 'ok'}
05-12-2024 14:54:36 - INFO - Setting Chamber Zones to a= 0.3020973333333334, b= 0.07552433333333335, c= 0.3020973333333334, d= 0.07552433333333335 Request successfully executed.
05-12-2024 14:54:36 - ERROR - E102 : Setting Chamber Zones to a= 0.3020973333333334, b= 0.07552433333333335, c= 0.3020973333333334, d= 0.07552433333333335 Request to Moonraker Timed out 
 Setting Chamber Zones to a= 0.3020973333333334, b= 0.07552433333333335, c= 0.3020973333333334, d= 0.07552433333333335 not successful
 Initiating firmware restart
05-12-2024 14:54:36 - INFO - Sending request to Setting Chamber Zones to a= 0.3019893333333334, b= 0.07549733333333335, c= 0.3019893333333334, d= 0.07549733333333335 with timeout of 5s...
05-12-2024 14:54:37 - INFO - Sending request to Setting Chamber Zones to a= 0.3019146666666667, b= 0.07547866666666668, c= 0.3019146666666667, d= 0.07547866666666668 with timeout of 5s...
05-12-2024 14:54:37 - INFO - Sending request to Setting Chamber Zones to a= 0.3052120000000003, b= 0.07630300000000008, c= 0.3052120000000003, d= 0.07630300000000008 with timeout of 5s...
05-12-2024 14:54:37 - INFO - Sending request to Setting Chamber Zones to a= 0.3051093333333337, b= 0.07627733333333342, c= 0.3051093333333337, d= 0.07627733333333342 with timeout of 5s...
05-12-2024 14:54:37 - INFO - Sending request to Setting Chamber Zones to a= 0.30841200000000013, b= 0.07710300000000003, c= 0.30841200000000013, d= 0.07710300000000003 with timeout of 5s...
05-12-2024 14:54:37 - INFO - Sending request to Setting Chamber Zones to a= 0.30494266666666703, b= 0.07623566666666676, c= 0.30494266666666703, d= 0.07623566666666676 with timeout of 5s...
05-12-2024 14:54:38 - INFO - Sending request to Setting Chamber Zones to a= 0.30153466666666673, b= 0.07538366666666668, c= 0.30153466666666673, d= 0.07538366666666668 with timeout of 5s...
05-12-2024 14:54:38 - INFO - Sending request to Setting Chamber Zones to a= 0.29812133333333357, b= 0.07453033333333339, c= 0.29812133333333357, d= 0.07453033333333339 with timeout of 5s...
05-12-2024 14:54:38 - INFO - Sending request to Setting Chamber Zones to a= 0.2980746666666669, b= 0.07451866666666672, c= 0.2980746666666669, d= 0.07451866666666672 with timeout of 5s...
05-12-2024 14:54:38 - INFO - Sending request to Setting Chamber Zones to a= 0.2979946666666669, b= 0.07449866666666673, c= 0.2979946666666669, d= 0.07449866666666673 with timeout of 5s...
05-12-2024 14:54:38 - INFO - Sending request to Setting Chamber Zones to a= 0.29454266666666706, b= 0.07363566666666677, c= 0.29454266666666706, d= 0.07363566666666677 with timeout of 5s...
05-12-2024 14:54:39 - INFO - Sending request to Setting Chamber Zones to a= 0.29449066666666707, b= 0.07362266666666677, c= 0.29449066666666707, d= 0.07362266666666677 with timeout of 5s...
05-12-2024 14:54:39 - INFO - Sending request to Setting Chamber Zones to a= 0.2944053333333337, b= 0.07360133333333342, c= 0.2944053333333337, d= 0.07360133333333342 with timeout of 5s...
05-12-2024 14:54:39 - INFO - Sending request to Setting Chamber Zones to a= 0.2909480000000001, b= 0.07273700000000002, c= 0.2909480000000001, d= 0.07273700000000002 with timeout of 5s...
05-12-2024 14:54:39 - INFO - Sending request to Setting Chamber Zones to a= 0.2875186666666669, b= 0.07187966666666673, c= 0.2875186666666669, d= 0.07187966666666673 with timeout of 5s...
05-12-2024 14:54:39 - INFO - Sending request to Setting Chamber Zones to a= 0.2874560000000003, b= 0.07186400000000008, c= 0.2874560000000003, d= 0.07186400000000008 with timeout of 5s...
05-12-2024 14:54:40 - INFO - Sending request to Setting Chamber Zones to a= 0.2873600000000003, b= 0.07184000000000007, c= 0.2873600000000003, d= 0.07184000000000007 with timeout of 5s...
05-12-2024 14:54:40 - INFO - Sending request to Setting Chamber Zones to a= 0.28726400000000024, b= 0.07181600000000006, c= 0.28726400000000024, d= 0.07181600000000006 with timeout of 5s...
05-12-2024 14:54:40 - INFO - Sending request to Setting Chamber Zones to a= 0.28716800000000026, b= 0.07179200000000006, c= 0.28716800000000026, d= 0.07179200000000006 with timeout of 5s...
05-12-2024 14:54:40 - INFO - Sending request to Setting Chamber Zones to a= 0.2870720000000002, b= 0.07176800000000005, c= 0.2870720000000002, d= 0.07176800000000005 with timeout of 5s...
05-12-2024 14:54:40 - INFO - Sending request to Setting Chamber Zones to a= 0.2869760000000002, b= 0.07174400000000004, c= 0.2869760000000002, d= 0.07174400000000004 with timeout of 5s...
05-12-2024 14:54:41 - INFO - Sending request to Setting Chamber Zones to a= 0.28688000000000025, b= 0.07172000000000006, c= 0.28688000000000025, d= 0.07172000000000006 with timeout of 5s...
05-12-2024 14:54:41 - INFO - Sending request to Setting Chamber Zones to a= 0.2867840000000002, b= 0.07169600000000005, c= 0.2867840000000002, d= 0.07169600000000005 with timeout of 5s...
05-12-2024 14:54:41 - INFO - Sending request to Setting Chamber Zones to a= 0.2866880000000002, b= 0.07167200000000006, c= 0.2866880000000002, d= 0.07167200000000006 with timeout of 5s...
05-12-2024 14:54:41 - INFO - Sending request to Setting Chamber Zones to a= 0.28321999999999997, b= 0.07080499999999999, c= 0.28321999999999997, d= 0.07080499999999999 with timeout of 5s...
05-12-2024 14:54:41 - INFO - Sending request to Setting Chamber Zones to a= 0.27978000000000014, b= 0.06994500000000003, c= 0.27978000000000014, d= 0.06994500000000003 with timeout of 5s...
05-12-2024 14:54:42 - INFO - Sending request to Setting Chamber Zones to a= 0.27633466666666695, b= 0.06908366666666674, c= 0.27633466666666695, d= 0.06908366666666674 with timeout of 5s...
05-12-2024 14:54:42 - INFO - Sending request to Setting Chamber Zones to a= 0.27625600000000033, b= 0.06906400000000008, c= 0.27625600000000033, d= 0.06906400000000008 with timeout of 5s...
05-12-2024 14:54:42 - INFO - Sending request to Setting Chamber Zones to a= 0.2761440000000003, b= 0.06903600000000007, c= 0.2761440000000003, d= 0.06903600000000007 with timeout of 5s...
05-12-2024 14:54:42 - INFO - Sending request to Setting Chamber Zones to a= 0.2760320000000002, b= 0.06900800000000006, c= 0.2760320000000002, d= 0.06900800000000006 with timeout of 5s...
05-12-2024 14:54:42 - INFO - Sending request to Setting Chamber Zones to a= 0.2759200000000002, b= 0.06898000000000006, c= 0.2759200000000002, d= 0.06898000000000006 with timeout of 5s...
05-12-2024 14:54:43 - INFO - Sending request to Setting Chamber Zones to a= 0.2758080000000002, b= 0.06895200000000005, c= 0.2758080000000002, d= 0.06895200000000005 with timeout of 5s...
05-12-2024 14:54:43 - INFO - Sending request to Setting Chamber Zones to a= 0.2723239999999999, b= 0.06808099999999997, c= 0.2723239999999999, d= 0.06808099999999997 with timeout of 5s...
05-12-2024 14:54:43 - INFO - Sending request to Setting Chamber Zones to a= 0.2722399999999999, b= 0.06805999999999998, c= 0.2722399999999999, d= 0.06805999999999998 with timeout of 5s...
05-12-2024 14:54:43 - INFO - Sending request to Setting Chamber Zones to a= 0.2721226666666666, b= 0.06803066666666666, c= 0.2721226666666666, d= 0.06803066666666666 with timeout of 5s...
05-12-2024 14:54:43 - INFO - Sending request to Setting Chamber Zones to a= 0.26863333333333345, b= 0.06715833333333336, c= 0.26863333333333345, d= 0.06715833333333336 with timeout of 5s...
05-12-2024 14:54:44 - INFO - Sending request to Setting Chamber Zones to a= 0.26517199999999985, b= 0.06629299999999996, c= 0.26517199999999985, d= 0.06629299999999996 with timeout of 5s...
05-12-2024 14:54:44 - INFO - Sending request to Setting Chamber Zones to a= 0.2617053333333334, b= 0.06542633333333335, c= 0.2617053333333334, d= 0.06542633333333335 with timeout of 5s...
05-12-2024 14:54:44 - INFO - Sending request to Setting Chamber Zones to a= 0.2616053333333334, b= 0.06540133333333335, c= 0.2616053333333334, d= 0.06540133333333335 with timeout of 5s...
05-12-2024 14:54:44 - INFO - Sending request to Setting Chamber Zones to a= 0.2614720000000001, b= 0.06536800000000002, c= 0.2614720000000001, d= 0.06536800000000002 with timeout of 5s...
05-12-2024 14:54:44 - INFO - Sending request to Setting Chamber Zones to a= 0.26133866666666666, b= 0.06533466666666667, c= 0.26133866666666666, d= 0.06533466666666667 with timeout of 5s...
05-12-2024 14:54:45 - INFO - Sending request to Setting Chamber Zones to a= 0.26120533333333334, b= 0.06530133333333334, c= 0.26120533333333334, d= 0.06530133333333334 with timeout of 5s...
05-12-2024 14:54:45 - INFO - Sending request to Setting Chamber Zones to a= 0.2577000000000002, b= 0.06442500000000005, c= 0.2577000000000002, d= 0.06442500000000005 with timeout of 5s...
05-12-2024 14:54:45 - INFO - Sending request to Setting Chamber Zones to a= 0.2575946666666668, b= 0.0643986666666667, c= 0.2575946666666668, d= 0.0643986666666667 with timeout of 5s...
05-12-2024 14:54:45 - INFO - Sending request to Setting Chamber Zones to a= 0.2574560000000002, b= 0.06436400000000005, c= 0.2574560000000002, d= 0.06436400000000005 with timeout of 5s...
05-12-2024 14:54:45 - INFO - Sending request to Setting Chamber Zones to a= 0.2573173333333335, b= 0.06432933333333338, c= 0.2573173333333335, d= 0.06432933333333338 with timeout of 5s...
05-12-2024 14:54:46 - INFO - Sending request to Setting Chamber Zones to a= 0.25043466666666675, b= 0.06260866666666669, c= 0.25043466666666675, d= 0.06260866666666669 with timeout of 5s...
05-12-2024 14:54:46 - INFO - Sending request to Setting Chamber Zones to a= 0.25035199999999996, b= 0.06258799999999999, c= 0.25035199999999996, d= 0.06258799999999999 with timeout of 5s...
05-12-2024 14:54:46 - INFO - Sending request to Setting Chamber Zones to a= 0.25020266666666663, b= 0.06255066666666666, c= 0.25020266666666663, d= 0.06255066666666666 with timeout of 5s...
05-12-2024 14:54:46 - INFO - Sending request to Setting Chamber Zones to a= 0.2500533333333333, b= 0.06251333333333332, c= 0.2500533333333333, d= 0.06251333333333332 with timeout of 5s...
05-12-2024 14:54:46 - INFO - Setting Chamber Zones to a= 0.2500533333333333, b= 0.06251333333333332, c= 0.2500533333333333, d= 0.06251333333333332 request successfully sent.
05-12-2024 14:54:46 - INFO - Response from moonraker: {'result': 'ok'}
05-12-2024 14:54:46 - INFO - Setting Chamber Zones to a= 0.2500533333333333, b= 0.06251333333333332, c= 0.2500533333333333, d= 0.06251333333333332 Request successfully executed.
05-12-2024 14:54:46 - ERROR - E102 : Setting Chamber Zones to a= 0.2500533333333333, b= 0.06251333333333332, c= 0.2500533333333333, d= 0.06251333333333332 Request to Moonraker Timed out 
 Setting Chamber Zones to a= 0.2500533333333333, b= 0.06251333333333332, c= 0.2500533333333333, d= 0.06251333333333332 not successful
 Initiating firmware restart
05-12-2024 14:54:46 - INFO - Sending request to Setting Chamber Zones to a= 0.249904, b= 0.062476, c= 0.249904, d= 0.062476 with timeout of 5s...
05-12-2024 14:54:47 - INFO - Sending request to Setting Chamber Zones to a= 0.24975466666666665, b= 0.06243866666666666, c= 0.24975466666666665, d= 0.06243866666666666 with timeout of 5s...
05-12-2024 14:54:47 - INFO - Sending request to Setting Chamber Zones to a= 0.24960533333333332, b= 0.06240133333333333, c= 0.24960533333333332, d= 0.06240133333333333 with timeout of 5s...
05-12-2024 14:54:47 - INFO - Sending request to Setting Chamber Zones to a= 0.24945599999999998, b= 0.062363999999999996, c= 0.24945599999999998, d= 0.062363999999999996 with timeout of 5s...
05-12-2024 14:54:47 - INFO - Sending request to Setting Chamber Zones to a= 0.24930666666666665, b= 0.06232666666666666, c= 0.24930666666666665, d= 0.06232666666666666 with timeout of 5s...
05-12-2024 14:54:47 - INFO - Sending request to Setting Chamber Zones to a= 0.24915733333333331, b= 0.06228933333333333, c= 0.24915733333333331, d= 0.06228933333333333 with timeout of 5s...
05-12-2024 14:54:48 - INFO - Sending request to Setting Chamber Zones to a= 0.2490079999999999, b= 0.062251999999999974, c= 0.2490079999999999, d= 0.062251999999999974 with timeout of 5s...
05-12-2024 14:54:48 - INFO - Sending request to Setting Chamber Zones to a= 0.2488586666666666, b= 0.06221466666666665, c= 0.2488586666666666, d= 0.06221466666666665 with timeout of 5s...
05-12-2024 14:54:48 - INFO - Sending request to Setting Chamber Zones to a= 0.24870933333333323, b= 0.06217733333333331, c= 0.24870933333333323, d= 0.06217733333333331 with timeout of 5s...
05-12-2024 14:54:48 - INFO - Sending request to Setting Chamber Zones to a= 0.24855999999999986, b= 0.062139999999999966, c= 0.24855999999999986, d= 0.062139999999999966 with timeout of 5s...
05-12-2024 14:54:48 - INFO - Sending request to Setting Chamber Zones to a= 0.24841066666666656, b= 0.06210266666666664, c= 0.24841066666666656, d= 0.06210266666666664 with timeout of 5s...
05-12-2024 14:54:49 - INFO - Sending request to Setting Chamber Zones to a= 0.24826133333333325, b= 0.06206533333333331, c= 0.24826133333333325, d= 0.06206533333333331 with timeout of 5s...
05-12-2024 14:54:49 - INFO - Sending request to Setting Chamber Zones to a= 0.2481119999999999, b= 0.06202799999999997, c= 0.2481119999999999, d= 0.06202799999999997 with timeout of 5s...
05-12-2024 14:54:49 - INFO - Sending request to Setting Chamber Zones to a= 0.24796266666666653, b= 0.06199066666666663, c= 0.24796266666666653, d= 0.06199066666666663 with timeout of 5s...
05-12-2024 14:54:49 - INFO - Sending request to Setting Chamber Zones to a= 0.24781333333333322, b= 0.061953333333333305, c= 0.24781333333333322, d= 0.061953333333333305 with timeout of 5s...
05-12-2024 14:54:49 - INFO - Sending request to Setting Chamber Zones to a= 0.2476639999999998, b= 0.06191599999999995, c= 0.2476639999999998, d= 0.06191599999999995 with timeout of 5s...
05-12-2024 14:54:50 - INFO - Sending request to Setting Chamber Zones to a= 0.24751466666666647, b= 0.06187866666666662, c= 0.24751466666666647, d= 0.06187866666666662 with timeout of 5s...
05-12-2024 14:54:50 - INFO - Sending request to Setting Chamber Zones to a= 0.24736533333333313, b= 0.06184133333333328, c= 0.24736533333333313, d= 0.06184133333333328 with timeout of 5s...
05-12-2024 14:54:50 - INFO - Sending request to Setting Chamber Zones to a= 0.2472159999999998, b= 0.06180399999999995, c= 0.2472159999999998, d= 0.06180399999999995 with timeout of 5s...
05-12-2024 14:54:50 - INFO - Sending request to Setting Chamber Zones to a= 0.24706666666666646, b= 0.061766666666666616, c= 0.24706666666666646, d= 0.061766666666666616 with timeout of 5s...
05-12-2024 14:54:50 - INFO - Sending request to Setting Chamber Zones to a= 0.24691733333333313, b= 0.06172933333333328, c= 0.24691733333333313, d= 0.06172933333333328 with timeout of 5s...
05-12-2024 14:54:51 - INFO - Sending request to Setting Chamber Zones to a= 0.2467679999999998, b= 0.06169199999999995, c= 0.2467679999999998, d= 0.06169199999999995 with timeout of 5s...
05-12-2024 14:54:51 - INFO - Sending request to Setting Chamber Zones to a= 0.24661866666666646, b= 0.061654666666666615, c= 0.24661866666666646, d= 0.061654666666666615 with timeout of 5s...
05-12-2024 14:54:51 - INFO - Sending request to Setting Chamber Zones to a= 0.26670133333333296, b= 0.06667533333333324, c= 0.26670133333333296, d= 0.06667533333333324 with timeout of 5s...
05-12-2024 14:54:51 - INFO - Sending request to Setting Chamber Zones to a= 0.2663839999999996, b= 0.0665959999999999, c= 0.2663839999999996, d= 0.0665959999999999 with timeout of 5s...
05-12-2024 14:54:51 - INFO - Sending request to Setting Chamber Zones to a= 0.2662666666666663, b= 0.06656666666666658, c= 0.2662666666666663, d= 0.06656666666666658 with timeout of 5s...
05-12-2024 14:54:52 - INFO - Sending request to Setting Chamber Zones to a= 0.26614933333333296, b= 0.06653733333333324, c= 0.26614933333333296, d= 0.06653733333333324 with timeout of 5s...
05-12-2024 14:54:52 - INFO - Sending request to Setting Chamber Zones to a= 0.26603199999999966, b= 0.06650799999999991, c= 0.26603199999999966, d= 0.06650799999999991 with timeout of 5s...
05-12-2024 14:54:52 - INFO - Sending request to Setting Chamber Zones to a= 0.26591466666666635, b= 0.06647866666666659, c= 0.26591466666666635, d= 0.06647866666666659 with timeout of 5s...
05-12-2024 14:54:52 - INFO - Sending request to Setting Chamber Zones to a= 0.26579733333333305, b= 0.06644933333333326, c= 0.26579733333333305, d= 0.06644933333333326 with timeout of 5s...
05-12-2024 14:54:52 - INFO - Sending request to Setting Chamber Zones to a= 0.26567999999999964, b= 0.06641999999999991, c= 0.26567999999999964, d= 0.06641999999999991 with timeout of 5s...
05-12-2024 14:54:53 - INFO - Sending request to Setting Chamber Zones to a= 0.26556266666666634, b= 0.06639066666666658, c= 0.26556266666666634, d= 0.06639066666666658 with timeout of 5s...
05-12-2024 14:54:53 - INFO - Sending request to Setting Chamber Zones to a= 0.26544533333333303, b= 0.06636133333333326, c= 0.26544533333333303, d= 0.06636133333333326 with timeout of 5s...
05-12-2024 14:54:53 - INFO - Sending request to Setting Chamber Zones to a= 0.2653279999999997, b= 0.06633199999999992, c= 0.2653279999999997, d= 0.06633199999999992 with timeout of 5s...
05-12-2024 14:54:53 - INFO - Sending request to Setting Chamber Zones to a= 0.2652106666666664, b= 0.0663026666666666, c= 0.2652106666666664, d= 0.0663026666666666 with timeout of 5s...
05-12-2024 14:54:53 - INFO - Sending request to Setting Chamber Zones to a= 0.26509333333333307, b= 0.06627333333333327, c= 0.26509333333333307, d= 0.06627333333333327 with timeout of 5s...
05-12-2024 14:54:54 - INFO - Sending request to Setting Chamber Zones to a= 0.26497599999999977, b= 0.06624399999999994, c= 0.26497599999999977, d= 0.06624399999999994 with timeout of 5s...
05-12-2024 14:54:54 - INFO - Sending request to Setting Chamber Zones to a= 0.2648586666666664, b= 0.0662146666666666, c= 0.2648586666666664, d= 0.0662146666666666 with timeout of 5s...
05-12-2024 14:54:54 - INFO - Sending request to Setting Chamber Zones to a= 0.2647413333333331, b= 0.06618533333333328, c= 0.2647413333333331, d= 0.06618533333333328 with timeout of 5s...
05-12-2024 14:54:54 - INFO - Sending request to Setting Chamber Zones to a= 0.2646239999999998, b= 0.06615599999999995, c= 0.2646239999999998, d= 0.06615599999999995 with timeout of 5s...
05-12-2024 14:54:54 - INFO - Sending request to Setting Chamber Zones to a= 0.2645066666666665, b= 0.06612666666666663, c= 0.2645066666666665, d= 0.06612666666666663 with timeout of 5s...
05-12-2024 14:54:55 - INFO - Sending request to Setting Chamber Zones to a= 0.2643893333333331, b= 0.06609733333333327, c= 0.2643893333333331, d= 0.06609733333333327 with timeout of 5s...
05-12-2024 14:54:55 - INFO - Sending request to Setting Chamber Zones to a= 0.2642719999999998, b= 0.06606799999999995, c= 0.2642719999999998, d= 0.06606799999999995 with timeout of 5s...
05-12-2024 14:54:55 - INFO - Sending request to Setting Chamber Zones to a= 0.2641546666666665, b= 0.06603866666666662, c= 0.2641546666666665, d= 0.06603866666666662 with timeout of 5s...
05-12-2024 14:54:55 - INFO - Sending request to Setting Chamber Zones to a= 0.2640373333333331, b= 0.06600933333333328, c= 0.2640373333333331, d= 0.06600933333333328 with timeout of 5s...
05-12-2024 14:54:55 - INFO - Sending request to Setting Chamber Zones to a= 0.2639199999999998, b= 0.06597999999999996, c= 0.2639199999999998, d= 0.06597999999999996 with timeout of 5s...
05-12-2024 14:54:56 - INFO - Sending request to Setting Chamber Zones to a= 0.2638026666666665, b= 0.06595066666666663, c= 0.2638026666666665, d= 0.06595066666666663 with timeout of 5s...
05-12-2024 14:54:56 - INFO - Sending request to Setting Chamber Zones to a= 0.2636853333333332, b= 0.0659213333333333, c= 0.2636853333333332, d= 0.0659213333333333 with timeout of 5s...
05-12-2024 14:54:56 - INFO - Sending request to Setting Chamber Zones to a= 0.26356799999999986, b= 0.06589199999999996, c= 0.26356799999999986, d= 0.06589199999999996 with timeout of 5s...
05-12-2024 14:54:56 - INFO - Sending request to Setting Chamber Zones to a= 0.26345066666666656, b= 0.06586266666666664, c= 0.26345066666666656, d= 0.06586266666666664 with timeout of 5s...
05-12-2024 14:54:56 - INFO - Setting Chamber Zones to a= 0.26345066666666656, b= 0.06586266666666664, c= 0.26345066666666656, d= 0.06586266666666664 request successfully sent.
05-12-2024 14:54:56 - INFO - Response from moonraker: {'result': 'ok'}
05-12-2024 14:54:56 - INFO - Setting Chamber Zones to a= 0.26345066666666656, b= 0.06586266666666664, c= 0.26345066666666656, d= 0.06586266666666664 Request successfully executed.
05-12-2024 14:54:56 - ERROR - E102 : Setting Chamber Zones to a= 0.26345066666666656, b= 0.06586266666666664, c= 0.26345066666666656, d= 0.06586266666666664 Request to Moonraker Timed out 
 Setting Chamber Zones to a= 0.26345066666666656, b= 0.06586266666666664, c= 0.26345066666666656, d= 0.06586266666666664 not successful
 Initiating firmware restart
05-12-2024 14:54:57 - INFO - Sending request to Setting Chamber Zones to a= 0.26333333333333325, b= 0.06583333333333331, c= 0.26333333333333325, d= 0.06583333333333331 with timeout of 5s...
05-12-2024 14:54:57 - INFO - Sending request to Setting Chamber Zones to a= 0.26321599999999984, b= 0.06580399999999996, c= 0.26321599999999984, d= 0.06580399999999996 with timeout of 5s...
05-12-2024 14:54:57 - INFO - Sending request to Setting Chamber Zones to a= 0.26309866666666654, b= 0.06577466666666663, c= 0.26309866666666654, d= 0.06577466666666663 with timeout of 5s...
05-12-2024 14:54:57 - INFO - Sending request to Setting Chamber Zones to a= 0.26298133333333323, b= 0.06574533333333331, c= 0.26298133333333323, d= 0.06574533333333331 with timeout of 5s...
