13-10-2024 20:01:14 - INFO - Sending request to Setting Chmaber Zones to a= 0, b= 0, c= 0, d= 0 with timeout of 5s...
13-10-2024 20:01:14 - INFO - Sending request to Setting Chmaber Zones to a= 0.7, b= 0.8, c= 0.9, d= 1.0 with timeout of 5s...
13-10-2024 20:01:14 - INFO - Setting Chmaber Zones to a= 0.7, b= 0.8, c= 0.9, d= 1.0 request successfully sent.
13-10-2024 20:01:14 - INFO - Response from moonraker: {'result': 'ok'}
13-10-2024 20:01:14 - INFO - Setting Chmaber Zones to a= 0.7, b= 0.8, c= 0.9, d= 1.0 Request successfully executed.
13-10-2024 20:01:14 - INFO - Setting Chmaber Zones to a= 0.7, b= 0.8, c= 0.9, d= 1.0 request successfully sent.
13-10-2024 20:01:14 - INFO - Response from moonraker: {'result': 'ok'}
13-10-2024 20:01:14 - INFO - Setting Chmaber Zones to a= 0.7, b= 0.8, c= 0.9, d= 1.0 Request successfully executed.
13-10-2024 20:01:15 - INFO - Sending request to Setting Chmaber Zones to a= 0.7, b= 0.8, c= 0.9, d= 1.0 with timeout of 5s...
13-10-2024 20:01:15 - INFO - Setting Chmaber Zones to a= 0.7, b= 0.8, c= 0.9, d= 1.0 request successfully sent.
13-10-2024 20:01:15 - INFO - Response from moonraker: {'result': 'ok'}
13-10-2024 20:01:15 - INFO - Setting Chmaber Zones to a= 0.7, b= 0.8, c= 0.9, d= 1.0 Request successfully executed.
13-10-2024 20:01:16 - INFO - Sending request to Setting Chmaber Zones to a= 0.7, b= 0.8, c= 0.9, d= 1.0 with timeout of 5s...
13-10-2024 20:01:16 - INFO - Setting Chmaber Zones to a= 0.7, b= 0.8, c= 0.9, d= 1.0 request successfully sent.
13-10-2024 20:01:16 - INFO - Response from moonraker: {'result': 'ok'}
13-10-2024 20:01:16 - INFO - Setting Chmaber Zones to a= 0.7, b= 0.8, c= 0.9, d= 1.0 Request successfully executed.
13-10-2024 20:01:17 - INFO - Sending request to Setting Chmaber Zones to a= 0.7, b= 0.8, c= 0.9, d= 1.0 with timeout of 5s...
13-10-2024 20:01:17 - INFO - Setting Chmaber Zones to a= 0.7, b= 0.8, c= 0.9, d= 1.0 request successfully sent.
13-10-2024 20:01:17 - INFO - Response from moonraker: {'result': 'ok'}
13-10-2024 20:01:17 - INFO - Setting Chmaber Zones to a= 0.7, b= 0.8, c= 0.9, d= 1.0 Request successfully executed.
13-10-2024 20:01:19 - INFO - Sending request to Setting Chmaber Zones to a= 0, b= 0, c= 0, d= 0 with timeout of 5s...
13-10-2024 20:01:19 - INFO - Setting Chmaber Zones to a= 0, b= 0, c= 0, d= 0 request successfully sent.
13-10-2024 20:01:19 - INFO - Response from moonraker: {'result': 'ok'}
13-10-2024 20:01:19 - INFO - Setting Chmaber Zones to a= 0, b= 0, c= 0, d= 0 Request successfully executed.
13-10-2024 20:01:27 - INFO - Sending request to Setting Chmaber Zones to a= 0, b= 0, c= 0, d= 0 with timeout of 5s...
13-10-2024 20:01:27 - INFO - Sending request to Setting Chmaber Zones to a= 0.7, b= 0.8, c= 0.9, d= 1.0 with timeout of 5s...
13-10-2024 20:01:27 - INFO - Setting Chmaber Zones to a= 0.7, b= 0.8, c= 0.9, d= 1.0 request successfully sent.
13-10-2024 20:01:27 - INFO - Response from moonraker: {'result': 'ok'}
13-10-2024 20:01:27 - INFO - Setting Chmaber Zones to a= 0.7, b= 0.8, c= 0.9, d= 1.0 Request successfully executed.
13-10-2024 20:01:27 - INFO - Setting Chmaber Zones to a= 0.7, b= 0.8, c= 0.9, d= 1.0 request successfully sent.
13-10-2024 20:01:27 - INFO - Response from moonraker: {'result': 'ok'}
13-10-2024 20:01:27 - INFO - Setting Chmaber Zones to a= 0.7, b= 0.8, c= 0.9, d= 1.0 Request successfully executed.
13-10-2024 20:01:28 - INFO - Sending request to Setting Chmaber Zones to a= 0.7, b= 0.8, c= 0.9, d= 1.0 with timeout of 5s...
13-10-2024 20:01:28 - INFO - Setting Chmaber Zones to a= 0.7, b= 0.8, c= 0.9, d= 1.0 request successfully sent.
13-10-2024 20:01:28 - INFO - Response from moonraker: {'result': 'ok'}
13-10-2024 20:01:28 - INFO - Setting Chmaber Zones to a= 0.7, b= 0.8, c= 0.9, d= 1.0 Request successfully executed.
13-10-2024 20:01:29 - INFO - Sending request to Setting Chmaber Zones to a= 0.4605999999999996, b= 0.5263999999999995, c= 0.5921999999999996, d= 0.6579999999999996 with timeout of 5s...
13-10-2024 20:01:29 - INFO - Setting Chmaber Zones to a= 0.4605999999999996, b= 0.5263999999999995, c= 0.5921999999999996, d= 0.6579999999999996 request successfully sent.
13-10-2024 20:01:29 - INFO - Response from moonraker: {'result': 'ok'}
13-10-2024 20:01:29 - INFO - Setting Chmaber Zones to a= 0.4605999999999996, b= 0.5263999999999995, c= 0.5921999999999996, d= 0.6579999999999996 Request successfully executed.
13-10-2024 20:01:30 - INFO - Sending request to Setting Chmaber Zones to a= 0.04829999999999982, b= 0.05519999999999979, c= 0.062099999999999766, d= 0.06899999999999974 with timeout of 5s...
13-10-2024 20:01:30 - INFO - Setting Chmaber Zones to a= 0.04829999999999982, b= 0.05519999999999979, c= 0.062099999999999766, d= 0.06899999999999974 request successfully sent.
13-10-2024 20:01:30 - INFO - Response from moonraker: {'result': 'ok'}
13-10-2024 20:01:30 - INFO - Setting Chmaber Zones to a= 0.04829999999999982, b= 0.05519999999999979, c= 0.062099999999999766, d= 0.06899999999999974 Request successfully executed.
13-10-2024 20:01:31 - INFO - Sending request to Setting Chmaber Zones to a= 0.0, b= 0.0, c= 0.0, d= 0.0 with timeout of 5s...
13-10-2024 20:01:31 - INFO - Setting Chmaber Zones to a= 0.0, b= 0.0, c= 0.0, d= 0.0 request successfully sent.
13-10-2024 20:01:31 - INFO - Response from moonraker: {'result': 'ok'}
13-10-2024 20:01:31 - INFO - Setting Chmaber Zones to a= 0.0, b= 0.0, c= 0.0, d= 0.0 Request successfully executed.
13-10-2024 20:01:34 - INFO - Sending request to Setting Chmaber Zones to a= 0, b= 0, c= 0, d= 0 with timeout of 5s...
13-10-2024 20:01:34 - INFO - Setting Chmaber Zones to a= 0, b= 0, c= 0, d= 0 request successfully sent.
13-10-2024 20:01:34 - INFO - Response from moonraker: {'result': 'ok'}
13-10-2024 20:01:34 - INFO - Setting Chmaber Zones to a= 0, b= 0, c= 0, d= 0 Request successfully executed.
13-10-2024 20:01:43 - INFO - Sending request to Setting Chmaber Zones to a= 0, b= 0, c= 0, d= 0 with timeout of 5s...
13-10-2024 20:01:43 - INFO - Sending request to Setting Chmaber Zones to a= 0.6965000000000002, b= 0.7960000000000003, c= 0.8955000000000003, d= 0.9950000000000003 with timeout of 5s...
13-10-2024 20:01:44 - INFO - Setting Chmaber Zones to a= 0.6965000000000002, b= 0.7960000000000003, c= 0.8955000000000003, d= 0.9950000000000003 request successfully sent.
13-10-2024 20:01:44 - INFO - Response from moonraker: {'result': 'ok'}
13-10-2024 20:01:44 - INFO - Setting Chmaber Zones to a= 0.6965000000000002, b= 0.7960000000000003, c= 0.8955000000000003, d= 0.9950000000000003 Request successfully executed.
13-10-2024 20:01:44 - INFO - Setting Chmaber Zones to a= 0.6965000000000002, b= 0.7960000000000003, c= 0.8955000000000003, d= 0.9950000000000003 request successfully sent.
13-10-2024 20:01:44 - INFO - Response from moonraker: {'result': 'ok'}
13-10-2024 20:01:44 - INFO - Setting Chmaber Zones to a= 0.6965000000000002, b= 0.7960000000000003, c= 0.8955000000000003, d= 0.9950000000000003 Request successfully executed.
13-10-2024 20:01:44 - INFO - Sending request to Setting Chmaber Zones to a= 0.7, b= 0.8, c= 0.9, d= 1.0 with timeout of 5s...
13-10-2024 20:01:45 - INFO - Setting Chmaber Zones to a= 0.7, b= 0.8, c= 0.9, d= 1.0 request successfully sent.
13-10-2024 20:01:45 - INFO - Response from moonraker: {'result': 'ok'}
13-10-2024 20:01:45 - INFO - Setting Chmaber Zones to a= 0.7, b= 0.8, c= 0.9, d= 1.0 Request successfully executed.
13-10-2024 20:01:45 - INFO - Sending request to Setting Chmaber Zones to a= 0.6545000000000002, b= 0.7480000000000001, c= 0.8415000000000002, d= 0.9350000000000002 with timeout of 5s...
13-10-2024 20:01:46 - INFO - Setting Chmaber Zones to a= 0.6545000000000002, b= 0.7480000000000001, c= 0.8415000000000002, d= 0.9350000000000002 request successfully sent.
13-10-2024 20:01:46 - INFO - Response from moonraker: {'result': 'ok'}
13-10-2024 20:01:46 - INFO - Setting Chmaber Zones to a= 0.6545000000000002, b= 0.7480000000000001, c= 0.8415000000000002, d= 0.9350000000000002 Request successfully executed.
13-10-2024 20:01:47 - INFO - Sending request to Setting Chmaber Zones to a= 0.0, b= 0.0, c= 0.0, d= 0.0 with timeout of 5s...
13-10-2024 20:01:47 - INFO - Setting Chmaber Zones to a= 0.0, b= 0.0, c= 0.0, d= 0.0 request successfully sent.
13-10-2024 20:01:47 - INFO - Response from moonraker: {'result': 'ok'}
13-10-2024 20:01:47 - INFO - Setting Chmaber Zones to a= 0.0, b= 0.0, c= 0.0, d= 0.0 Request successfully executed.
13-10-2024 20:01:48 - INFO - Sending request to Setting Chmaber Zones to a= 0.0, b= 0.0, c= 0.0, d= 0.0 with timeout of 5s...
13-10-2024 20:01:48 - INFO - Setting Chmaber Zones to a= 0.0, b= 0.0, c= 0.0, d= 0.0 request successfully sent.
13-10-2024 20:01:48 - INFO - Response from moonraker: {'result': 'ok'}
13-10-2024 20:01:48 - INFO - Setting Chmaber Zones to a= 0.0, b= 0.0, c= 0.0, d= 0.0 Request successfully executed.
13-10-2024 20:01:49 - INFO - Sending request to Setting Chmaber Zones to a= 0.0, b= 0.0, c= 0.0, d= 0.0 with timeout of 5s...
13-10-2024 20:01:49 - INFO - Setting Chmaber Zones to a= 0.0, b= 0.0, c= 0.0, d= 0.0 request successfully sent.
13-10-2024 20:01:49 - INFO - Response from moonraker: {'result': 'ok'}
13-10-2024 20:01:49 - INFO - Setting Chmaber Zones to a= 0.0, b= 0.0, c= 0.0, d= 0.0 Request successfully executed.
13-10-2024 20:01:51 - INFO - Sending request to Setting Chmaber Zones to a= 0, b= 0, c= 0, d= 0 with timeout of 5s...
13-10-2024 20:01:51 - INFO - Setting Chmaber Zones to a= 0, b= 0, c= 0, d= 0 request successfully sent.
13-10-2024 20:01:51 - INFO - Response from moonraker: {'result': 'ok'}
13-10-2024 20:01:51 - INFO - Setting Chmaber Zones to a= 0, b= 0, c= 0, d= 0 Request successfully executed.
13-10-2024 20:01:58 - INFO - Sending request to Setting Chmaber Zones to a= 0, b= 0, c= 0, d= 0 with timeout of 5s...
13-10-2024 20:01:58 - INFO - Sending request to Setting Chmaber Zones to a= 0.7, b= 0.8, c= 0.9, d= 1.0 with timeout of 5s...
13-10-2024 20:01:58 - INFO - Setting Chmaber Zones to a= 0.7, b= 0.8, c= 0.9, d= 1.0 request successfully sent.
13-10-2024 20:01:58 - INFO - Response from moonraker: {'result': 'ok'}
13-10-2024 20:01:58 - INFO - Setting Chmaber Zones to a= 0.7, b= 0.8, c= 0.9, d= 1.0 Request successfully executed.
13-10-2024 20:01:58 - INFO - Setting Chmaber Zones to a= 0.7, b= 0.8, c= 0.9, d= 1.0 request successfully sent.
13-10-2024 20:01:58 - INFO - Response from moonraker: {'result': 'ok'}
13-10-2024 20:01:58 - INFO - Setting Chmaber Zones to a= 0.7, b= 0.8, c= 0.9, d= 1.0 Request successfully executed.
13-10-2024 20:01:59 - INFO - Sending request to Setting Chmaber Zones to a= 0.7, b= 0.8, c= 0.9, d= 1.0 with timeout of 5s...
13-10-2024 20:01:59 - INFO - Setting Chmaber Zones to a= 0.7, b= 0.8, c= 0.9, d= 1.0 request successfully sent.
13-10-2024 20:01:59 - INFO - Response from moonraker: {'result': 'ok'}
13-10-2024 20:01:59 - INFO - Setting Chmaber Zones to a= 0.7, b= 0.8, c= 0.9, d= 1.0 Request successfully executed.
13-10-2024 20:02:00 - INFO - Sending request to Setting Chmaber Zones to a= 0.7, b= 0.8, c= 0.9, d= 1.0 with timeout of 5s...
13-10-2024 20:02:00 - INFO - Setting Chmaber Zones to a= 0.7, b= 0.8, c= 0.9, d= 1.0 request successfully sent.
13-10-2024 20:02:00 - INFO - Response from moonraker: {'result': 'ok'}
13-10-2024 20:02:00 - INFO - Setting Chmaber Zones to a= 0.7, b= 0.8, c= 0.9, d= 1.0 Request successfully executed.
13-10-2024 20:02:01 - INFO - Sending request to Setting Chmaber Zones to a= 0.7, b= 0.8, c= 0.9, d= 1.0 with timeout of 5s...
13-10-2024 20:02:01 - INFO - Setting Chmaber Zones to a= 0.7, b= 0.8, c= 0.9, d= 1.0 request successfully sent.
13-10-2024 20:02:01 - INFO - Response from moonraker: {'result': 'ok'}
13-10-2024 20:02:01 - INFO - Setting Chmaber Zones to a= 0.7, b= 0.8, c= 0.9, d= 1.0 Request successfully executed.
13-10-2024 20:02:02 - INFO - Sending request to Setting Chmaber Zones to a= 0.7, b= 0.8, c= 0.9, d= 1.0 with timeout of 5s...
13-10-2024 20:02:02 - INFO - Setting Chmaber Zones to a= 0.7, b= 0.8, c= 0.9, d= 1.0 request successfully sent.
13-10-2024 20:02:02 - INFO - Response from moonraker: {'result': 'ok'}
13-10-2024 20:02:02 - INFO - Setting Chmaber Zones to a= 0.7, b= 0.8, c= 0.9, d= 1.0 Request successfully executed.
13-10-2024 20:02:03 - INFO - Sending request to Setting Chmaber Zones to a= 0.7, b= 0.8, c= 0.9, d= 1.0 with timeout of 5s...
13-10-2024 20:02:03 - INFO - Setting Chmaber Zones to a= 0.7, b= 0.8, c= 0.9, d= 1.0 request successfully sent.
13-10-2024 20:02:03 - INFO - Response from moonraker: {'result': 'ok'}
13-10-2024 20:02:03 - INFO - Setting Chmaber Zones to a= 0.7, b= 0.8, c= 0.9, d= 1.0 Request successfully executed.
13-10-2024 20:02:04 - INFO - Sending request to Setting Chmaber Zones to a= 0.7, b= 0.8, c= 0.9, d= 1.0 with timeout of 5s...
13-10-2024 20:02:04 - INFO - Setting Chmaber Zones to a= 0.7, b= 0.8, c= 0.9, d= 1.0 request successfully sent.
13-10-2024 20:02:04 - INFO - Response from moonraker: {'result': 'ok'}
13-10-2024 20:02:04 - INFO - Setting Chmaber Zones to a= 0.7, b= 0.8, c= 0.9, d= 1.0 Request successfully executed.
13-10-2024 20:02:05 - INFO - Sending request to Setting Chmaber Zones to a= 0.6615000000000002, b= 0.7560000000000002, c= 0.8505000000000003, d= 0.9450000000000003 with timeout of 5s...
13-10-2024 20:02:05 - INFO - Setting Chmaber Zones to a= 0.6615000000000002, b= 0.7560000000000002, c= 0.8505000000000003, d= 0.9450000000000003 request successfully sent.
13-10-2024 20:02:05 - INFO - Response from moonraker: {'result': 'ok'}
13-10-2024 20:02:05 - INFO - Setting Chmaber Zones to a= 0.6615000000000002, b= 0.7560000000000002, c= 0.8505000000000003, d= 0.9450000000000003 Request successfully executed.
13-10-2024 20:02:06 - INFO - Sending request to Setting Chmaber Zones to a= 0.6055000000000005, b= 0.6920000000000005, c= 0.7785000000000006, d= 0.8650000000000007 with timeout of 5s...
13-10-2024 20:02:06 - INFO - Setting Chmaber Zones to a= 0.6055000000000005, b= 0.6920000000000005, c= 0.7785000000000006, d= 0.8650000000000007 request successfully sent.
13-10-2024 20:02:06 - INFO - Response from moonraker: {'result': 'ok'}
13-10-2024 20:02:06 - INFO - Setting Chmaber Zones to a= 0.6055000000000005, b= 0.6920000000000005, c= 0.7785000000000006, d= 0.8650000000000007 Request successfully executed.
13-10-2024 20:02:07 - INFO - Sending request to Setting Chmaber Zones to a= 0.5669999999999997, b= 0.6479999999999996, c= 0.7289999999999995, d= 0.8099999999999994 with timeout of 5s...
13-10-2024 20:02:07 - INFO - Setting Chmaber Zones to a= 0.5669999999999997, b= 0.6479999999999996, c= 0.7289999999999995, d= 0.8099999999999994 request successfully sent.
13-10-2024 20:02:07 - INFO - Response from moonraker: {'result': 'ok'}
13-10-2024 20:02:07 - INFO - Setting Chmaber Zones to a= 0.5669999999999997, b= 0.6479999999999996, c= 0.7289999999999995, d= 0.8099999999999994 Request successfully executed.
13-10-2024 20:02:08 - INFO - Sending request to Setting Chmaber Zones to a= 0.5634999999999998, b= 0.6439999999999998, c= 0.7244999999999997, d= 0.8049999999999997 with timeout of 5s...
13-10-2024 20:02:08 - INFO - Setting Chmaber Zones to a= 0.5634999999999998, b= 0.6439999999999998, c= 0.7244999999999997, d= 0.8049999999999997 request successfully sent.
13-10-2024 20:02:08 - INFO - Response from moonraker: {'result': 'ok'}
13-10-2024 20:02:08 - INFO - Setting Chmaber Zones to a= 0.5634999999999998, b= 0.6439999999999998, c= 0.7244999999999997, d= 0.8049999999999997 Request successfully executed.
13-10-2024 20:02:09 - INFO - Sending request to Setting Chmaber Zones to a= 0.5634999999999998, b= 0.6439999999999998, c= 0.7244999999999997, d= 0.8049999999999997 with timeout of 5s...
13-10-2024 20:02:09 - INFO - Setting Chmaber Zones to a= 0.5634999999999998, b= 0.6439999999999998, c= 0.7244999999999997, d= 0.8049999999999997 request successfully sent.
13-10-2024 20:02:09 - INFO - Response from moonraker: {'result': 'ok'}
13-10-2024 20:02:09 - INFO - Setting Chmaber Zones to a= 0.5634999999999998, b= 0.6439999999999998, c= 0.7244999999999997, d= 0.8049999999999997 Request successfully executed.
13-10-2024 20:02:10 - INFO - Sending request to Setting Chmaber Zones to a= 0.56, b= 0.64, c= 0.72, d= 0.8 with timeout of 5s...
13-10-2024 20:02:10 - INFO - Setting Chmaber Zones to a= 0.56, b= 0.64, c= 0.72, d= 0.8 request successfully sent.
13-10-2024 20:02:10 - INFO - Response from moonraker: {'result': 'ok'}
13-10-2024 20:02:10 - INFO - Setting Chmaber Zones to a= 0.56, b= 0.64, c= 0.72, d= 0.8 Request successfully executed.
13-10-2024 20:02:11 - INFO - Sending request to Setting Chmaber Zones to a= 0.5425, b= 0.62, c= 0.6975, d= 0.775 with timeout of 5s...
13-10-2024 20:02:11 - INFO - Setting Chmaber Zones to a= 0.5425, b= 0.62, c= 0.6975, d= 0.775 request successfully sent.
13-10-2024 20:02:11 - INFO - Response from moonraker: {'result': 'ok'}
13-10-2024 20:02:11 - INFO - Setting Chmaber Zones to a= 0.5425, b= 0.62, c= 0.6975, d= 0.775 Request successfully executed.
13-10-2024 20:02:12 - INFO - Sending request to Setting Chmaber Zones to a= 0.5319999999999996, b= 0.6079999999999995, c= 0.6839999999999995, d= 0.7599999999999995 with timeout of 5s...
13-10-2024 20:02:12 - INFO - Setting Chmaber Zones to a= 0.5319999999999996, b= 0.6079999999999995, c= 0.6839999999999995, d= 0.7599999999999995 request successfully sent.
13-10-2024 20:02:12 - INFO - Response from moonraker: {'result': 'ok'}
13-10-2024 20:02:12 - INFO - Setting Chmaber Zones to a= 0.5319999999999996, b= 0.6079999999999995, c= 0.6839999999999995, d= 0.7599999999999995 Request successfully executed.
13-10-2024 20:02:13 - INFO - Sending request to Setting Chmaber Zones to a= 0.5109999999999998, b= 0.5839999999999997, c= 0.6569999999999997, d= 0.7299999999999998 with timeout of 5s...
13-10-2024 20:02:13 - INFO - Setting Chmaber Zones to a= 0.5109999999999998, b= 0.5839999999999997, c= 0.6569999999999997, d= 0.7299999999999998 request successfully sent.
13-10-2024 20:02:13 - INFO - Response from moonraker: {'result': 'ok'}
13-10-2024 20:02:13 - INFO - Setting Chmaber Zones to a= 0.5109999999999998, b= 0.5839999999999997, c= 0.6569999999999997, d= 0.7299999999999998 Request successfully executed.
13-10-2024 20:02:14 - INFO - Sending request to Setting Chmaber Zones to a= 0.4934999999999998, b= 0.5639999999999997, c= 0.6344999999999997, d= 0.7049999999999997 with timeout of 5s...
13-10-2024 20:02:14 - INFO - Setting Chmaber Zones to a= 0.4934999999999998, b= 0.5639999999999997, c= 0.6344999999999997, d= 0.7049999999999997 request successfully sent.
13-10-2024 20:02:14 - INFO - Response from moonraker: {'result': 'ok'}
13-10-2024 20:02:14 - INFO - Setting Chmaber Zones to a= 0.4934999999999998, b= 0.5639999999999997, c= 0.6344999999999997, d= 0.7049999999999997 Request successfully executed.
13-10-2024 20:02:15 - INFO - Sending request to Setting Chmaber Zones to a= 0.4725, b= 0.54, c= 0.6075, d= 0.675 with timeout of 5s...
13-10-2024 20:02:15 - INFO - Setting Chmaber Zones to a= 0.4725, b= 0.54, c= 0.6075, d= 0.675 request successfully sent.
13-10-2024 20:02:15 - INFO - Response from moonraker: {'result': 'ok'}
13-10-2024 20:02:15 - INFO - Setting Chmaber Zones to a= 0.4725, b= 0.54, c= 0.6075, d= 0.675 Request successfully executed.
13-10-2024 20:02:16 - INFO - Sending request to Setting Chmaber Zones to a= 0.46900000000000025, b= 0.5360000000000003, c= 0.6030000000000003, d= 0.6700000000000004 with timeout of 5s...
13-10-2024 20:02:16 - INFO - Setting Chmaber Zones to a= 0.46900000000000025, b= 0.5360000000000003, c= 0.6030000000000003, d= 0.6700000000000004 request successfully sent.
13-10-2024 20:02:16 - INFO - Response from moonraker: {'result': 'ok'}
13-10-2024 20:02:16 - INFO - Setting Chmaber Zones to a= 0.46900000000000025, b= 0.5360000000000003, c= 0.6030000000000003, d= 0.6700000000000004 Request successfully executed.
13-10-2024 20:02:17 - INFO - Sending request to Setting Chmaber Zones to a= 0.4725, b= 0.54, c= 0.6075, d= 0.675 with timeout of 5s...
13-10-2024 20:02:17 - INFO - Setting Chmaber Zones to a= 0.4725, b= 0.54, c= 0.6075, d= 0.675 request successfully sent.
13-10-2024 20:02:17 - INFO - Response from moonraker: {'result': 'ok'}
13-10-2024 20:02:17 - INFO - Setting Chmaber Zones to a= 0.4725, b= 0.54, c= 0.6075, d= 0.675 Request successfully executed.
13-10-2024 20:02:18 - INFO - Sending request to Setting Chmaber Zones to a= 0.7, b= 0.8, c= 0.9, d= 1.0 with timeout of 5s...
13-10-2024 20:02:18 - INFO - Setting Chmaber Zones to a= 0.7, b= 0.8, c= 0.9, d= 1.0 request successfully sent.
13-10-2024 20:02:18 - INFO - Response from moonraker: {'result': 'ok'}
13-10-2024 20:02:18 - INFO - Setting Chmaber Zones to a= 0.7, b= 0.8, c= 0.9, d= 1.0 Request successfully executed.
13-10-2024 20:02:19 - INFO - Sending request to Setting Chmaber Zones to a= 0.7, b= 0.8, c= 0.9, d= 1.0 with timeout of 5s...
13-10-2024 20:02:19 - INFO - Setting Chmaber Zones to a= 0.7, b= 0.8, c= 0.9, d= 1.0 request successfully sent.
13-10-2024 20:02:19 - INFO - Response from moonraker: {'result': 'ok'}
13-10-2024 20:02:19 - INFO - Setting Chmaber Zones to a= 0.7, b= 0.8, c= 0.9, d= 1.0 Request successfully executed.
13-10-2024 20:02:20 - INFO - Sending request to Setting Chmaber Zones to a= 0.7, b= 0.8, c= 0.9, d= 1.0 with timeout of 5s...
13-10-2024 20:02:20 - INFO - Setting Chmaber Zones to a= 0.7, b= 0.8, c= 0.9, d= 1.0 request successfully sent.
13-10-2024 20:02:20 - INFO - Response from moonraker: {'result': 'ok'}
13-10-2024 20:02:20 - INFO - Setting Chmaber Zones to a= 0.7, b= 0.8, c= 0.9, d= 1.0 Request successfully executed.
13-10-2024 20:02:21 - INFO - Sending request to Setting Chmaber Zones to a= 0.7, b= 0.8, c= 0.9, d= 1.0 with timeout of 5s...
13-10-2024 20:02:21 - INFO - Setting Chmaber Zones to a= 0.7, b= 0.8, c= 0.9, d= 1.0 request successfully sent.
13-10-2024 20:02:21 - INFO - Response from moonraker: {'result': 'ok'}
13-10-2024 20:02:21 - INFO - Setting Chmaber Zones to a= 0.7, b= 0.8, c= 0.9, d= 1.0 Request successfully executed.
13-10-2024 20:02:22 - INFO - Sending request to Setting Chmaber Zones to a= 0.7, b= 0.8, c= 0.9, d= 1.0 with timeout of 5s...
13-10-2024 20:02:22 - INFO - Setting Chmaber Zones to a= 0.7, b= 0.8, c= 0.9, d= 1.0 request successfully sent.
13-10-2024 20:02:22 - INFO - Response from moonraker: {'result': 'ok'}
13-10-2024 20:02:22 - INFO - Setting Chmaber Zones to a= 0.7, b= 0.8, c= 0.9, d= 1.0 Request successfully executed.
13-10-2024 20:02:23 - INFO - Sending request to Setting Chmaber Zones to a= 0.7, b= 0.8, c= 0.9, d= 1.0 with timeout of 5s...
13-10-2024 20:02:23 - INFO - Setting Chmaber Zones to a= 0.7, b= 0.8, c= 0.9, d= 1.0 request successfully sent.
13-10-2024 20:02:23 - INFO - Response from moonraker: {'result': 'ok'}
13-10-2024 20:02:23 - INFO - Setting Chmaber Zones to a= 0.7, b= 0.8, c= 0.9, d= 1.0 Request successfully executed.
13-10-2024 20:02:24 - INFO - Sending request to Setting Chmaber Zones to a= 0.7, b= 0.8, c= 0.9, d= 1.0 with timeout of 5s...
13-10-2024 20:02:24 - INFO - Setting Chmaber Zones to a= 0.7, b= 0.8, c= 0.9, d= 1.0 request successfully sent.
13-10-2024 20:02:24 - INFO - Response from moonraker: {'result': 'ok'}
13-10-2024 20:02:24 - INFO - Setting Chmaber Zones to a= 0.7, b= 0.8, c= 0.9, d= 1.0 Request successfully executed.
13-10-2024 20:02:25 - INFO - Sending request to Setting Chmaber Zones to a= 0.7, b= 0.8, c= 0.9, d= 1.0 with timeout of 5s...
13-10-2024 20:02:25 - INFO - Setting Chmaber Zones to a= 0.7, b= 0.8, c= 0.9, d= 1.0 request successfully sent.
13-10-2024 20:02:25 - INFO - Response from moonraker: {'result': 'ok'}
13-10-2024 20:02:25 - INFO - Setting Chmaber Zones to a= 0.7, b= 0.8, c= 0.9, d= 1.0 Request successfully executed.
13-10-2024 20:02:26 - INFO - Sending request to Setting Chmaber Zones to a= 0.7, b= 0.8, c= 0.9, d= 1.0 with timeout of 5s...
13-10-2024 20:02:26 - INFO - Setting Chmaber Zones to a= 0.7, b= 0.8, c= 0.9, d= 1.0 request successfully sent.
13-10-2024 20:02:26 - INFO - Response from moonraker: {'result': 'ok'}
13-10-2024 20:02:26 - INFO - Setting Chmaber Zones to a= 0.7, b= 0.8, c= 0.9, d= 1.0 Request successfully executed.
13-10-2024 20:02:27 - INFO - Sending request to Setting Chmaber Zones to a= 0.7, b= 0.8, c= 0.9, d= 1.0 with timeout of 5s...
13-10-2024 20:02:27 - INFO - Setting Chmaber Zones to a= 0.7, b= 0.8, c= 0.9, d= 1.0 request successfully sent.
13-10-2024 20:02:27 - INFO - Response from moonraker: {'result': 'ok'}
13-10-2024 20:02:27 - INFO - Setting Chmaber Zones to a= 0.7, b= 0.8, c= 0.9, d= 1.0 Request successfully executed.
13-10-2024 20:02:28 - INFO - Sending request to Setting Chmaber Zones to a= 0.7, b= 0.8, c= 0.9, d= 1.0 with timeout of 5s...
13-10-2024 20:02:28 - INFO - Setting Chmaber Zones to a= 0.7, b= 0.8, c= 0.9, d= 1.0 request successfully sent.
13-10-2024 20:02:28 - INFO - Response from moonraker: {'result': 'ok'}
13-10-2024 20:02:28 - INFO - Setting Chmaber Zones to a= 0.7, b= 0.8, c= 0.9, d= 1.0 Request successfully executed.
13-10-2024 20:02:29 - INFO - Sending request to Setting Chmaber Zones to a= 0.0, b= 0.0, c= 0.0, d= 0.0 with timeout of 5s...
13-10-2024 20:02:29 - INFO - Setting Chmaber Zones to a= 0.0, b= 0.0, c= 0.0, d= 0.0 request successfully sent.
13-10-2024 20:02:29 - INFO - Response from moonraker: {'result': 'ok'}
13-10-2024 20:02:29 - INFO - Setting Chmaber Zones to a= 0.0, b= 0.0, c= 0.0, d= 0.0 Request successfully executed.
13-10-2024 20:02:30 - INFO - Sending request to Setting Chmaber Zones to a= 0.7, b= 0.8, c= 0.9, d= 1.0 with timeout of 5s...
13-10-2024 20:02:30 - INFO - Setting Chmaber Zones to a= 0.7, b= 0.8, c= 0.9, d= 1.0 request successfully sent.
13-10-2024 20:02:30 - INFO - Response from moonraker: {'result': 'ok'}
13-10-2024 20:02:30 - INFO - Setting Chmaber Zones to a= 0.7, b= 0.8, c= 0.9, d= 1.0 Request successfully executed.
13-10-2024 20:02:31 - INFO - Sending request to Setting Chmaber Zones to a= 0.7, b= 0.8, c= 0.9, d= 1.0 with timeout of 5s...
13-10-2024 20:02:31 - INFO - Setting Chmaber Zones to a= 0.7, b= 0.8, c= 0.9, d= 1.0 request successfully sent.
13-10-2024 20:02:31 - INFO - Response from moonraker: {'result': 'ok'}
13-10-2024 20:02:31 - INFO - Setting Chmaber Zones to a= 0.7, b= 0.8, c= 0.9, d= 1.0 Request successfully executed.
13-10-2024 20:02:32 - INFO - Sending request to Setting Chmaber Zones to a= 0.7, b= 0.8, c= 0.9, d= 1.0 with timeout of 5s...
13-10-2024 20:02:32 - INFO - Setting Chmaber Zones to a= 0.7, b= 0.8, c= 0.9, d= 1.0 request successfully sent.
13-10-2024 20:02:32 - INFO - Response from moonraker: {'result': 'ok'}
13-10-2024 20:02:32 - INFO - Setting Chmaber Zones to a= 0.7, b= 0.8, c= 0.9, d= 1.0 Request successfully executed.
13-10-2024 20:02:33 - INFO - Sending request to Setting Chmaber Zones to a= 0.7, b= 0.8, c= 0.9, d= 1.0 with timeout of 5s...
13-10-2024 20:02:33 - INFO - Setting Chmaber Zones to a= 0.7, b= 0.8, c= 0.9, d= 1.0 request successfully sent.
13-10-2024 20:02:33 - INFO - Response from moonraker: {'result': 'ok'}
13-10-2024 20:02:33 - INFO - Setting Chmaber Zones to a= 0.7, b= 0.8, c= 0.9, d= 1.0 Request successfully executed.
13-10-2024 20:02:34 - INFO - Sending request to Setting Chmaber Zones to a= 0.7, b= 0.8, c= 0.9, d= 1.0 with timeout of 5s...
13-10-2024 20:02:34 - INFO - Setting Chmaber Zones to a= 0.7, b= 0.8, c= 0.9, d= 1.0 request successfully sent.
13-10-2024 20:02:34 - INFO - Response from moonraker: {'result': 'ok'}
13-10-2024 20:02:34 - INFO - Setting Chmaber Zones to a= 0.7, b= 0.8, c= 0.9, d= 1.0 Request successfully executed.
13-10-2024 20:02:35 - INFO - Sending request to Setting Chmaber Zones to a= 0.7, b= 0.8, c= 0.9, d= 1.0 with timeout of 5s...
13-10-2024 20:02:35 - INFO - Setting Chmaber Zones to a= 0.7, b= 0.8, c= 0.9, d= 1.0 request successfully sent.
13-10-2024 20:02:35 - INFO - Response from moonraker: {'result': 'ok'}
13-10-2024 20:02:35 - INFO - Setting Chmaber Zones to a= 0.7, b= 0.8, c= 0.9, d= 1.0 Request successfully executed.
13-10-2024 20:02:36 - INFO - Sending request to Setting Chmaber Zones to a= 0.7, b= 0.8, c= 0.9, d= 1.0 with timeout of 5s...
13-10-2024 20:02:36 - INFO - Setting Chmaber Zones to a= 0.7, b= 0.8, c= 0.9, d= 1.0 request successfully sent.
13-10-2024 20:02:36 - INFO - Response from moonraker: {'result': 'ok'}
13-10-2024 20:02:36 - INFO - Setting Chmaber Zones to a= 0.7, b= 0.8, c= 0.9, d= 1.0 Request successfully executed.
13-10-2024 20:02:37 - INFO - Sending request to Setting Chmaber Zones to a= 0.7, b= 0.8, c= 0.9, d= 1.0 with timeout of 5s...
13-10-2024 20:02:37 - INFO - Setting Chmaber Zones to a= 0.7, b= 0.8, c= 0.9, d= 1.0 request successfully sent.
13-10-2024 20:02:37 - INFO - Response from moonraker: {'result': 'ok'}
13-10-2024 20:02:37 - INFO - Setting Chmaber Zones to a= 0.7, b= 0.8, c= 0.9, d= 1.0 Request successfully executed.
13-10-2024 20:02:38 - INFO - Sending request to Setting Chmaber Zones to a= 0.7, b= 0.8, c= 0.9, d= 1.0 with timeout of 5s...
13-10-2024 20:02:38 - INFO - Setting Chmaber Zones to a= 0.7, b= 0.8, c= 0.9, d= 1.0 request successfully sent.
13-10-2024 20:02:38 - INFO - Response from moonraker: {'result': 'ok'}
13-10-2024 20:02:38 - INFO - Setting Chmaber Zones to a= 0.7, b= 0.8, c= 0.9, d= 1.0 Request successfully executed.
13-10-2024 20:02:39 - INFO - Sending request to Setting Chmaber Zones to a= 0.7, b= 0.8, c= 0.9, d= 1.0 with timeout of 5s...
13-10-2024 20:02:39 - INFO - Setting Chmaber Zones to a= 0.7, b= 0.8, c= 0.9, d= 1.0 request successfully sent.
13-10-2024 20:02:39 - INFO - Response from moonraker: {'result': 'ok'}
13-10-2024 20:02:39 - INFO - Setting Chmaber Zones to a= 0.7, b= 0.8, c= 0.9, d= 1.0 Request successfully executed.
13-10-2024 20:02:40 - INFO - Sending request to Setting Chmaber Zones to a= 0.7, b= 0.8, c= 0.9, d= 1.0 with timeout of 5s...
13-10-2024 20:02:40 - INFO - Setting Chmaber Zones to a= 0.7, b= 0.8, c= 0.9, d= 1.0 request successfully sent.
13-10-2024 20:02:40 - INFO - Response from moonraker: {'result': 'ok'}
13-10-2024 20:02:40 - INFO - Setting Chmaber Zones to a= 0.7, b= 0.8, c= 0.9, d= 1.0 Request successfully executed.
13-10-2024 20:02:41 - INFO - Sending request to Setting Chmaber Zones to a= 0.7, b= 0.8, c= 0.9, d= 1.0 with timeout of 5s...
13-10-2024 20:02:41 - INFO - Setting Chmaber Zones to a= 0.7, b= 0.8, c= 0.9, d= 1.0 request successfully sent.
13-10-2024 20:02:41 - INFO - Response from moonraker: {'result': 'ok'}
13-10-2024 20:02:41 - INFO - Setting Chmaber Zones to a= 0.7, b= 0.8, c= 0.9, d= 1.0 Request successfully executed.
13-10-2024 20:02:42 - INFO - Sending request to Setting Chmaber Zones to a= 0.7, b= 0.8, c= 0.9, d= 1.0 with timeout of 5s...
13-10-2024 20:02:42 - INFO - Setting Chmaber Zones to a= 0.7, b= 0.8, c= 0.9, d= 1.0 request successfully sent.
13-10-2024 20:02:42 - INFO - Response from moonraker: {'result': 'ok'}
13-10-2024 20:02:42 - INFO - Setting Chmaber Zones to a= 0.7, b= 0.8, c= 0.9, d= 1.0 Request successfully executed.
13-10-2024 20:02:43 - INFO - Sending request to Setting Chmaber Zones to a= 0.7, b= 0.8, c= 0.9, d= 1.0 with timeout of 5s...
13-10-2024 20:02:43 - INFO - Setting Chmaber Zones to a= 0.7, b= 0.8, c= 0.9, d= 1.0 request successfully sent.
13-10-2024 20:02:43 - INFO - Response from moonraker: {'result': 'ok'}
13-10-2024 20:02:43 - INFO - Setting Chmaber Zones to a= 0.7, b= 0.8, c= 0.9, d= 1.0 Request successfully executed.
13-10-2024 20:02:44 - INFO - Sending request to Setting Chmaber Zones to a= 0.7, b= 0.8, c= 0.9, d= 1.0 with timeout of 5s...
13-10-2024 20:02:44 - INFO - Setting Chmaber Zones to a= 0.7, b= 0.8, c= 0.9, d= 1.0 request successfully sent.
13-10-2024 20:02:44 - INFO - Response from moonraker: {'result': 'ok'}
13-10-2024 20:02:44 - INFO - Setting Chmaber Zones to a= 0.7, b= 0.8, c= 0.9, d= 1.0 Request successfully executed.
13-10-2024 20:02:45 - INFO - Sending request to Setting Chmaber Zones to a= 0.0, b= 0.0, c= 0.0, d= 0.0 with timeout of 5s...
13-10-2024 20:02:45 - INFO - Setting Chmaber Zones to a= 0.0, b= 0.0, c= 0.0, d= 0.0 request successfully sent.
13-10-2024 20:02:45 - INFO - Response from moonraker: {'result': 'ok'}
13-10-2024 20:02:45 - INFO - Setting Chmaber Zones to a= 0.0, b= 0.0, c= 0.0, d= 0.0 Request successfully executed.
13-10-2024 20:02:46 - INFO - Sending request to Setting Chmaber Zones to a= 0.0, b= 0.0, c= 0.0, d= 0.0 with timeout of 5s...
13-10-2024 20:02:46 - INFO - Setting Chmaber Zones to a= 0.0, b= 0.0, c= 0.0, d= 0.0 request successfully sent.
13-10-2024 20:02:46 - INFO - Response from moonraker: {'result': 'ok'}
13-10-2024 20:02:46 - INFO - Setting Chmaber Zones to a= 0.0, b= 0.0, c= 0.0, d= 0.0 Request successfully executed.
13-10-2024 20:02:47 - INFO - Sending request to Setting Chmaber Zones to a= 0.0, b= 0.0, c= 0.0, d= 0.0 with timeout of 5s...
13-10-2024 20:02:47 - INFO - Setting Chmaber Zones to a= 0.0, b= 0.0, c= 0.0, d= 0.0 request successfully sent.
13-10-2024 20:02:47 - INFO - Response from moonraker: {'result': 'ok'}
13-10-2024 20:02:47 - INFO - Setting Chmaber Zones to a= 0.0, b= 0.0, c= 0.0, d= 0.0 Request successfully executed.
13-10-2024 20:02:48 - INFO - Sending request to Setting Chmaber Zones to a= 0.0, b= 0.0, c= 0.0, d= 0.0 with timeout of 5s...
13-10-2024 20:02:48 - INFO - Setting Chmaber Zones to a= 0.0, b= 0.0, c= 0.0, d= 0.0 request successfully sent.
13-10-2024 20:02:48 - INFO - Response from moonraker: {'result': 'ok'}
13-10-2024 20:02:48 - INFO - Setting Chmaber Zones to a= 0.0, b= 0.0, c= 0.0, d= 0.0 Request successfully executed.
13-10-2024 20:02:49 - INFO - Sending request to Setting Chmaber Zones to a= 0.23449999999999963, b= 0.26799999999999957, c= 0.30149999999999955, d= 0.3349999999999994 with timeout of 5s...
13-10-2024 20:02:49 - INFO - Setting Chmaber Zones to a= 0.23449999999999963, b= 0.26799999999999957, c= 0.30149999999999955, d= 0.3349999999999994 request successfully sent.
13-10-2024 20:02:49 - INFO - Response from moonraker: {'result': 'ok'}
13-10-2024 20:02:49 - INFO - Setting Chmaber Zones to a= 0.23449999999999963, b= 0.26799999999999957, c= 0.30149999999999955, d= 0.3349999999999994 Request successfully executed.
13-10-2024 20:02:50 - INFO - Sending request to Setting Chmaber Zones to a= 0.3675, b= 0.42, c= 0.4725, d= 0.525 with timeout of 5s...
13-10-2024 20:02:50 - INFO - Setting Chmaber Zones to a= 0.3675, b= 0.42, c= 0.4725, d= 0.525 request successfully sent.
13-10-2024 20:02:50 - INFO - Response from moonraker: {'result': 'ok'}
13-10-2024 20:02:50 - INFO - Setting Chmaber Zones to a= 0.3675, b= 0.42, c= 0.4725, d= 0.525 Request successfully executed.
13-10-2024 20:02:51 - INFO - Sending request to Setting Chmaber Zones to a= 0.3709999999999998, b= 0.42399999999999977, c= 0.47699999999999976, d= 0.5299999999999997 with timeout of 5s...
13-10-2024 20:02:51 - INFO - Setting Chmaber Zones to a= 0.3709999999999998, b= 0.42399999999999977, c= 0.47699999999999976, d= 0.5299999999999997 request successfully sent.
13-10-2024 20:02:51 - INFO - Response from moonraker: {'result': 'ok'}
13-10-2024 20:02:51 - INFO - Setting Chmaber Zones to a= 0.3709999999999998, b= 0.42399999999999977, c= 0.47699999999999976, d= 0.5299999999999997 Request successfully executed.
13-10-2024 20:02:52 - INFO - Sending request to Setting Chmaber Zones to a= 0.2275, b= 0.26, c= 0.2925, d= 0.325 with timeout of 5s...
13-10-2024 20:02:52 - INFO - Setting Chmaber Zones to a= 0.2275, b= 0.26, c= 0.2925, d= 0.325 request successfully sent.
13-10-2024 20:02:52 - INFO - Response from moonraker: {'result': 'ok'}
13-10-2024 20:02:52 - INFO - Setting Chmaber Zones to a= 0.2275, b= 0.26, c= 0.2925, d= 0.325 Request successfully executed.
13-10-2024 20:02:53 - INFO - Sending request to Setting Chmaber Zones to a= 0.0315000000000002, b= 0.03600000000000023, c= 0.040500000000000265, d= 0.04500000000000029 with timeout of 5s...
13-10-2024 20:02:53 - INFO - Setting Chmaber Zones to a= 0.0315000000000002, b= 0.03600000000000023, c= 0.040500000000000265, d= 0.04500000000000029 request successfully sent.
13-10-2024 20:02:53 - INFO - Response from moonraker: {'result': 'ok'}
13-10-2024 20:02:53 - INFO - Setting Chmaber Zones to a= 0.0315000000000002, b= 0.03600000000000023, c= 0.040500000000000265, d= 0.04500000000000029 Request successfully executed.
13-10-2024 20:02:54 - INFO - Sending request to Setting Chmaber Zones to a= 0.010500000000000398, b= 0.012000000000000455, c= 0.013500000000000512, d= 0.015000000000000568 with timeout of 5s...
13-10-2024 20:02:54 - INFO - Setting Chmaber Zones to a= 0.010500000000000398, b= 0.012000000000000455, c= 0.013500000000000512, d= 0.015000000000000568 request successfully sent.
13-10-2024 20:02:54 - INFO - Response from moonraker: {'result': 'ok'}
13-10-2024 20:02:54 - INFO - Setting Chmaber Zones to a= 0.010500000000000398, b= 0.012000000000000455, c= 0.013500000000000512, d= 0.015000000000000568 Request successfully executed.
13-10-2024 20:02:55 - INFO - Sending request to Setting Chmaber Zones to a= 0.2309999999999998, b= 0.2639999999999998, c= 0.29699999999999976, d= 0.32999999999999974 with timeout of 5s...
13-10-2024 20:02:55 - INFO - Setting Chmaber Zones to a= 0.2309999999999998, b= 0.2639999999999998, c= 0.29699999999999976, d= 0.32999999999999974 request successfully sent.
13-10-2024 20:02:55 - INFO - Response from moonraker: {'result': 'ok'}
13-10-2024 20:02:55 - INFO - Setting Chmaber Zones to a= 0.2309999999999998, b= 0.2639999999999998, c= 0.29699999999999976, d= 0.32999999999999974 Request successfully executed.
13-10-2024 20:02:56 - INFO - Sending request to Setting Chmaber Zones to a= 0.3219999999999996, b= 0.36799999999999955, c= 0.4139999999999995, d= 0.4599999999999994 with timeout of 5s...
13-10-2024 20:02:56 - INFO - Setting Chmaber Zones to a= 0.3219999999999996, b= 0.36799999999999955, c= 0.4139999999999995, d= 0.4599999999999994 request successfully sent.
13-10-2024 20:02:56 - INFO - Response from moonraker: {'result': 'ok'}
13-10-2024 20:02:56 - INFO - Setting Chmaber Zones to a= 0.3219999999999996, b= 0.36799999999999955, c= 0.4139999999999995, d= 0.4599999999999994 Request successfully executed.
13-10-2024 20:02:57 - INFO - Sending request to Setting Chmaber Zones to a= 0.3394999999999996, b= 0.38799999999999957, c= 0.4364999999999995, d= 0.48499999999999943 with timeout of 5s...
13-10-2024 20:02:57 - INFO - Setting Chmaber Zones to a= 0.3394999999999996, b= 0.38799999999999957, c= 0.4364999999999995, d= 0.48499999999999943 request successfully sent.
13-10-2024 20:02:57 - INFO - Response from moonraker: {'result': 'ok'}
13-10-2024 20:02:57 - INFO - Setting Chmaber Zones to a= 0.3394999999999996, b= 0.38799999999999957, c= 0.4364999999999995, d= 0.48499999999999943 Request successfully executed.
13-10-2024 20:02:58 - INFO - Sending request to Setting Chmaber Zones to a= 0.23449999999999963, b= 0.26799999999999957, c= 0.30149999999999955, d= 0.3349999999999994 with timeout of 5s...
13-10-2024 20:02:58 - INFO - Setting Chmaber Zones to a= 0.23449999999999963, b= 0.26799999999999957, c= 0.30149999999999955, d= 0.3349999999999994 request successfully sent.
13-10-2024 20:02:58 - INFO - Response from moonraker: {'result': 'ok'}
13-10-2024 20:02:58 - INFO - Setting Chmaber Zones to a= 0.23449999999999963, b= 0.26799999999999957, c= 0.30149999999999955, d= 0.3349999999999994 Request successfully executed.
13-10-2024 20:02:59 - INFO - Sending request to Setting Chmaber Zones to a= 0.14349999999999982, b= 0.16399999999999978, c= 0.18449999999999978, d= 0.20499999999999974 with timeout of 5s...
13-10-2024 20:02:59 - INFO - Setting Chmaber Zones to a= 0.14349999999999982, b= 0.16399999999999978, c= 0.18449999999999978, d= 0.20499999999999974 request successfully sent.
13-10-2024 20:02:59 - INFO - Response from moonraker: {'result': 'ok'}
13-10-2024 20:02:59 - INFO - Setting Chmaber Zones to a= 0.14349999999999982, b= 0.16399999999999978, c= 0.18449999999999978, d= 0.20499999999999974 Request successfully executed.
13-10-2024 20:03:00 - INFO - Sending request to Setting Chmaber Zones to a= 0.07, b= 0.08, c= 0.09, d= 0.1 with timeout of 5s...
13-10-2024 20:03:00 - INFO - Setting Chmaber Zones to a= 0.07, b= 0.08, c= 0.09, d= 0.1 request successfully sent.
13-10-2024 20:03:00 - INFO - Response from moonraker: {'result': 'ok'}
13-10-2024 20:03:00 - INFO - Setting Chmaber Zones to a= 0.07, b= 0.08, c= 0.09, d= 0.1 Request successfully executed.
13-10-2024 20:03:01 - INFO - Sending request to Setting Chmaber Zones to a= 0.11199999999999961, b= 0.12799999999999956, c= 0.14399999999999952, d= 0.15999999999999945 with timeout of 5s...
13-10-2024 20:03:01 - INFO - Setting Chmaber Zones to a= 0.11199999999999961, b= 0.12799999999999956, c= 0.14399999999999952, d= 0.15999999999999945 request successfully sent.
13-10-2024 20:03:01 - INFO - Response from moonraker: {'result': 'ok'}
13-10-2024 20:03:01 - INFO - Setting Chmaber Zones to a= 0.11199999999999961, b= 0.12799999999999956, c= 0.14399999999999952, d= 0.15999999999999945 Request successfully executed.
13-10-2024 20:03:02 - INFO - Sending request to Setting Chmaber Zones to a= 0.2519999999999996, b= 0.28799999999999953, c= 0.3239999999999995, d= 0.35999999999999943 with timeout of 5s...
13-10-2024 20:03:02 - INFO - Setting Chmaber Zones to a= 0.2519999999999996, b= 0.28799999999999953, c= 0.3239999999999995, d= 0.35999999999999943 request successfully sent.
13-10-2024 20:03:02 - INFO - Response from moonraker: {'result': 'ok'}
13-10-2024 20:03:02 - INFO - Setting Chmaber Zones to a= 0.2519999999999996, b= 0.28799999999999953, c= 0.3239999999999995, d= 0.35999999999999943 Request successfully executed.
13-10-2024 20:03:03 - INFO - Sending request to Setting Chmaber Zones to a= 0.3290000000000002, b= 0.3760000000000002, c= 0.42300000000000026, d= 0.4700000000000003 with timeout of 5s...
13-10-2024 20:03:03 - INFO - Setting Chmaber Zones to a= 0.3290000000000002, b= 0.3760000000000002, c= 0.42300000000000026, d= 0.4700000000000003 request successfully sent.
13-10-2024 20:03:03 - INFO - Response from moonraker: {'result': 'ok'}
13-10-2024 20:03:03 - INFO - Setting Chmaber Zones to a= 0.3290000000000002, b= 0.3760000000000002, c= 0.42300000000000026, d= 0.4700000000000003 Request successfully executed.
13-10-2024 20:03:04 - INFO - Sending request to Setting Chmaber Zones to a= 0.28699999999999964, b= 0.32799999999999957, c= 0.36899999999999955, d= 0.4099999999999995 with timeout of 5s...
13-10-2024 20:03:04 - INFO - Setting Chmaber Zones to a= 0.28699999999999964, b= 0.32799999999999957, c= 0.36899999999999955, d= 0.4099999999999995 request successfully sent.
13-10-2024 20:03:04 - INFO - Response from moonraker: {'result': 'ok'}
13-10-2024 20:03:04 - INFO - Setting Chmaber Zones to a= 0.28699999999999964, b= 0.32799999999999957, c= 0.36899999999999955, d= 0.4099999999999995 Request successfully executed.
13-10-2024 20:03:05 - INFO - Sending request to Setting Chmaber Zones to a= 0.175, b= 0.2, c= 0.225, d= 0.25 with timeout of 5s...
13-10-2024 20:03:05 - INFO - Setting Chmaber Zones to a= 0.175, b= 0.2, c= 0.225, d= 0.25 request successfully sent.
13-10-2024 20:03:05 - INFO - Response from moonraker: {'result': 'ok'}
13-10-2024 20:03:05 - INFO - Setting Chmaber Zones to a= 0.175, b= 0.2, c= 0.225, d= 0.25 Request successfully executed.
13-10-2024 20:03:06 - INFO - Sending request to Setting Chmaber Zones to a= 0.0944999999999996, b= 0.10799999999999954, c= 0.12149999999999948, d= 0.13499999999999943 with timeout of 5s...
13-10-2024 20:03:06 - INFO - Setting Chmaber Zones to a= 0.0944999999999996, b= 0.10799999999999954, c= 0.12149999999999948, d= 0.13499999999999943 request successfully sent.
13-10-2024 20:03:06 - INFO - Response from moonraker: {'result': 'ok'}
13-10-2024 20:03:06 - INFO - Setting Chmaber Zones to a= 0.0944999999999996, b= 0.10799999999999954, c= 0.12149999999999948, d= 0.13499999999999943 Request successfully executed.
13-10-2024 20:03:07 - INFO - Sending request to Setting Chmaber Zones to a= 0.1015000000000002, b= 0.11600000000000023, c= 0.13050000000000028, d= 0.1450000000000003 with timeout of 5s...
13-10-2024 20:03:07 - INFO - Setting Chmaber Zones to a= 0.1015000000000002, b= 0.11600000000000023, c= 0.13050000000000028, d= 0.1450000000000003 request successfully sent.
13-10-2024 20:03:07 - INFO - Response from moonraker: {'result': 'ok'}
13-10-2024 20:03:07 - INFO - Setting Chmaber Zones to a= 0.1015000000000002, b= 0.11600000000000023, c= 0.13050000000000028, d= 0.1450000000000003 Request successfully executed.
13-10-2024 20:03:08 - INFO - Sending request to Setting Chmaber Zones to a= 0.1680000000000004, b= 0.19200000000000045, c= 0.21600000000000052, d= 0.24000000000000057 with timeout of 5s...
13-10-2024 20:03:08 - INFO - Setting Chmaber Zones to a= 0.1680000000000004, b= 0.19200000000000045, c= 0.21600000000000052, d= 0.24000000000000057 request successfully sent.
13-10-2024 20:03:08 - INFO - Response from moonraker: {'result': 'ok'}
13-10-2024 20:03:08 - INFO - Setting Chmaber Zones to a= 0.1680000000000004, b= 0.19200000000000045, c= 0.21600000000000052, d= 0.24000000000000057 Request successfully executed.
13-10-2024 20:03:09 - INFO - Sending request to Setting Chmaber Zones to a= 0.2730000000000004, b= 0.31200000000000044, c= 0.35100000000000053, d= 0.39000000000000057 with timeout of 5s...
13-10-2024 20:03:09 - INFO - Setting Chmaber Zones to a= 0.2730000000000004, b= 0.31200000000000044, c= 0.35100000000000053, d= 0.39000000000000057 request successfully sent.
13-10-2024 20:03:09 - INFO - Response from moonraker: {'result': 'ok'}
13-10-2024 20:03:09 - INFO - Setting Chmaber Zones to a= 0.2730000000000004, b= 0.31200000000000044, c= 0.35100000000000053, d= 0.39000000000000057 Request successfully executed.
13-10-2024 20:03:10 - INFO - Sending request to Setting Chmaber Zones to a= 0.3009999999999998, b= 0.34399999999999975, c= 0.38699999999999973, d= 0.4299999999999997 with timeout of 5s...
13-10-2024 20:03:10 - INFO - Setting Chmaber Zones to a= 0.3009999999999998, b= 0.34399999999999975, c= 0.38699999999999973, d= 0.4299999999999997 request successfully sent.
13-10-2024 20:03:10 - INFO - Response from moonraker: {'result': 'ok'}
13-10-2024 20:03:10 - INFO - Setting Chmaber Zones to a= 0.3009999999999998, b= 0.34399999999999975, c= 0.38699999999999973, d= 0.4299999999999997 Request successfully executed.
13-10-2024 20:03:11 - INFO - Sending request to Setting Chmaber Zones to a= 0.2659999999999998, b= 0.30399999999999977, c= 0.34199999999999975, d= 0.3799999999999997 with timeout of 5s...
13-10-2024 20:03:11 - INFO - Setting Chmaber Zones to a= 0.2659999999999998, b= 0.30399999999999977, c= 0.34199999999999975, d= 0.3799999999999997 request successfully sent.
13-10-2024 20:03:11 - INFO - Response from moonraker: {'result': 'ok'}
13-10-2024 20:03:11 - INFO - Setting Chmaber Zones to a= 0.2659999999999998, b= 0.30399999999999977, c= 0.34199999999999975, d= 0.3799999999999997 Request successfully executed.
13-10-2024 20:03:12 - INFO - Sending request to Setting Chmaber Zones to a= 0.20650000000000024, b= 0.23600000000000027, c= 0.2655000000000003, d= 0.2950000000000003 with timeout of 5s...
13-10-2024 20:03:12 - INFO - Setting Chmaber Zones to a= 0.20650000000000024, b= 0.23600000000000027, c= 0.2655000000000003, d= 0.2950000000000003 request successfully sent.
13-10-2024 20:03:12 - INFO - Response from moonraker: {'result': 'ok'}
13-10-2024 20:03:12 - INFO - Setting Chmaber Zones to a= 0.20650000000000024, b= 0.23600000000000027, c= 0.2655000000000003, d= 0.2950000000000003 Request successfully executed.
13-10-2024 20:03:13 - INFO - Sending request to Setting Chmaber Zones to a= 0.12949999999999962, b= 0.14799999999999955, c= 0.16649999999999948, d= 0.18499999999999944 with timeout of 5s...
13-10-2024 20:03:13 - INFO - Setting Chmaber Zones to a= 0.12949999999999962, b= 0.14799999999999955, c= 0.16649999999999948, d= 0.18499999999999944 request successfully sent.
13-10-2024 20:03:13 - INFO - Response from moonraker: {'result': 'ok'}
13-10-2024 20:03:13 - INFO - Setting Chmaber Zones to a= 0.12949999999999962, b= 0.14799999999999955, c= 0.16649999999999948, d= 0.18499999999999944 Request successfully executed.
13-10-2024 20:03:14 - INFO - Sending request to Setting Chmaber Zones to a= 0.7, b= 0.8, c= 0.9, d= 1.0 with timeout of 5s...
13-10-2024 20:03:14 - INFO - Setting Chmaber Zones to a= 0.7, b= 0.8, c= 0.9, d= 1.0 request successfully sent.
13-10-2024 20:03:14 - INFO - Response from moonraker: {'result': 'ok'}
13-10-2024 20:03:14 - INFO - Setting Chmaber Zones to a= 0.7, b= 0.8, c= 0.9, d= 1.0 Request successfully executed.
13-10-2024 20:03:15 - INFO - Sending request to Setting Chmaber Zones to a= 0.7, b= 0.8, c= 0.9, d= 1.0 with timeout of 5s...
13-10-2024 20:03:15 - INFO - Setting Chmaber Zones to a= 0.7, b= 0.8, c= 0.9, d= 1.0 request successfully sent.
13-10-2024 20:03:15 - INFO - Response from moonraker: {'result': 'ok'}
13-10-2024 20:03:15 - INFO - Setting Chmaber Zones to a= 0.7, b= 0.8, c= 0.9, d= 1.0 Request successfully executed.
13-10-2024 20:03:16 - INFO - Sending request to Setting Chmaber Zones to a= 0.7, b= 0.8, c= 0.9, d= 1.0 with timeout of 5s...
13-10-2024 20:03:16 - INFO - Setting Chmaber Zones to a= 0.7, b= 0.8, c= 0.9, d= 1.0 request successfully sent.
13-10-2024 20:03:16 - INFO - Response from moonraker: {'result': 'ok'}
13-10-2024 20:03:16 - INFO - Setting Chmaber Zones to a= 0.7, b= 0.8, c= 0.9, d= 1.0 Request successfully executed.
13-10-2024 20:03:17 - INFO - Sending request to Setting Chmaber Zones to a= 0.7, b= 0.8, c= 0.9, d= 1.0 with timeout of 5s...
13-10-2024 20:03:17 - INFO - Setting Chmaber Zones to a= 0.7, b= 0.8, c= 0.9, d= 1.0 request successfully sent.
13-10-2024 20:03:17 - INFO - Response from moonraker: {'result': 'ok'}
13-10-2024 20:03:17 - INFO - Setting Chmaber Zones to a= 0.7, b= 0.8, c= 0.9, d= 1.0 Request successfully executed.
13-10-2024 20:03:18 - INFO - Sending request to Setting Chmaber Zones to a= 0.7, b= 0.8, c= 0.9, d= 1.0 with timeout of 5s...
13-10-2024 20:03:18 - INFO - Setting Chmaber Zones to a= 0.7, b= 0.8, c= 0.9, d= 1.0 request successfully sent.
13-10-2024 20:03:18 - INFO - Response from moonraker: {'result': 'ok'}
13-10-2024 20:03:18 - INFO - Setting Chmaber Zones to a= 0.7, b= 0.8, c= 0.9, d= 1.0 Request successfully executed.
13-10-2024 20:03:19 - INFO - Sending request to Setting Chmaber Zones to a= 0.7, b= 0.8, c= 0.9, d= 1.0 with timeout of 5s...
13-10-2024 20:03:19 - INFO - Setting Chmaber Zones to a= 0.7, b= 0.8, c= 0.9, d= 1.0 request successfully sent.
13-10-2024 20:03:19 - INFO - Response from moonraker: {'result': 'ok'}
13-10-2024 20:03:19 - INFO - Setting Chmaber Zones to a= 0.7, b= 0.8, c= 0.9, d= 1.0 Request successfully executed.
13-10-2024 20:03:20 - INFO - Sending request to Setting Chmaber Zones to a= 0.7, b= 0.8, c= 0.9, d= 1.0 with timeout of 5s...
13-10-2024 20:03:20 - INFO - Setting Chmaber Zones to a= 0.7, b= 0.8, c= 0.9, d= 1.0 request successfully sent.
13-10-2024 20:03:20 - INFO - Response from moonraker: {'result': 'ok'}
13-10-2024 20:03:20 - INFO - Setting Chmaber Zones to a= 0.7, b= 0.8, c= 0.9, d= 1.0 Request successfully executed.
13-10-2024 20:03:21 - INFO - Sending request to Setting Chmaber Zones to a= 0.7, b= 0.8, c= 0.9, d= 1.0 with timeout of 5s...
13-10-2024 20:03:21 - INFO - Setting Chmaber Zones to a= 0.7, b= 0.8, c= 0.9, d= 1.0 request successfully sent.
13-10-2024 20:03:21 - INFO - Response from moonraker: {'result': 'ok'}
13-10-2024 20:03:21 - INFO - Setting Chmaber Zones to a= 0.7, b= 0.8, c= 0.9, d= 1.0 Request successfully executed.
13-10-2024 20:03:22 - INFO - Sending request to Setting Chmaber Zones to a= 0.7, b= 0.8, c= 0.9, d= 1.0 with timeout of 5s...
13-10-2024 20:03:22 - INFO - Setting Chmaber Zones to a= 0.7, b= 0.8, c= 0.9, d= 1.0 request successfully sent.
13-10-2024 20:03:22 - INFO - Response from moonraker: {'result': 'ok'}
13-10-2024 20:03:22 - INFO - Setting Chmaber Zones to a= 0.7, b= 0.8, c= 0.9, d= 1.0 Request successfully executed.
13-10-2024 20:03:23 - INFO - Sending request to Setting Chmaber Zones to a= 0.0, b= 0.0, c= 0.0, d= 0.0 with timeout of 5s...
13-10-2024 20:03:23 - INFO - Setting Chmaber Zones to a= 0.0, b= 0.0, c= 0.0, d= 0.0 request successfully sent.
13-10-2024 20:03:23 - INFO - Response from moonraker: {'result': 'ok'}
13-10-2024 20:03:23 - INFO - Setting Chmaber Zones to a= 0.0, b= 0.0, c= 0.0, d= 0.0 Request successfully executed.
13-10-2024 20:03:24 - INFO - Sending request to Setting Chmaber Zones to a= 0.0, b= 0.0, c= 0.0, d= 0.0 with timeout of 5s...
13-10-2024 20:03:24 - INFO - Setting Chmaber Zones to a= 0.0, b= 0.0, c= 0.0, d= 0.0 request successfully sent.
13-10-2024 20:03:24 - INFO - Response from moonraker: {'result': 'ok'}
13-10-2024 20:03:24 - INFO - Setting Chmaber Zones to a= 0.0, b= 0.0, c= 0.0, d= 0.0 Request successfully executed.
13-10-2024 20:03:25 - INFO - Sending request to Setting Chmaber Zones to a= 0.0, b= 0.0, c= 0.0, d= 0.0 with timeout of 5s...
13-10-2024 20:03:25 - INFO - Setting Chmaber Zones to a= 0.0, b= 0.0, c= 0.0, d= 0.0 request successfully sent.
13-10-2024 20:03:25 - INFO - Response from moonraker: {'result': 'ok'}
13-10-2024 20:03:25 - INFO - Setting Chmaber Zones to a= 0.0, b= 0.0, c= 0.0, d= 0.0 Request successfully executed.
13-10-2024 20:03:26 - INFO - Sending request to Setting Chmaber Zones to a= 0.0, b= 0.0, c= 0.0, d= 0.0 with timeout of 5s...
13-10-2024 20:03:26 - INFO - Setting Chmaber Zones to a= 0.0, b= 0.0, c= 0.0, d= 0.0 request successfully sent.
13-10-2024 20:03:26 - INFO - Response from moonraker: {'result': 'ok'}
13-10-2024 20:03:26 - INFO - Setting Chmaber Zones to a= 0.0, b= 0.0, c= 0.0, d= 0.0 Request successfully executed.
13-10-2024 20:03:27 - INFO - Sending request to Setting Chmaber Zones to a= 0.0280000000000004, b= 0.03200000000000045, c= 0.03600000000000051, d= 0.04000000000000057 with timeout of 5s...
13-10-2024 20:03:27 - INFO - Setting Chmaber Zones to a= 0.0280000000000004, b= 0.03200000000000045, c= 0.03600000000000051, d= 0.04000000000000057 request successfully sent.
13-10-2024 20:03:27 - INFO - Response from moonraker: {'result': 'ok'}
13-10-2024 20:03:27 - INFO - Setting Chmaber Zones to a= 0.0280000000000004, b= 0.03200000000000045, c= 0.03600000000000051, d= 0.04000000000000057 Request successfully executed.
13-10-2024 20:03:28 - INFO - Sending request to Setting Chmaber Zones to a= 0.2240000000000002, b= 0.2560000000000002, c= 0.28800000000000026, d= 0.3200000000000003 with timeout of 5s...
13-10-2024 20:03:28 - INFO - Setting Chmaber Zones to a= 0.2240000000000002, b= 0.2560000000000002, c= 0.28800000000000026, d= 0.3200000000000003 request successfully sent.
13-10-2024 20:03:28 - INFO - Response from moonraker: {'result': 'ok'}
13-10-2024 20:03:28 - INFO - Setting Chmaber Zones to a= 0.2240000000000002, b= 0.2560000000000002, c= 0.28800000000000026, d= 0.3200000000000003 Request successfully executed.
13-10-2024 20:03:29 - INFO - Sending request to Setting Chmaber Zones to a= 0.30800000000000044, b= 0.3520000000000005, c= 0.3960000000000006, d= 0.4400000000000006 with timeout of 5s...
13-10-2024 20:03:29 - INFO - Setting Chmaber Zones to a= 0.30800000000000044, b= 0.3520000000000005, c= 0.3960000000000006, d= 0.4400000000000006 request successfully sent.
13-10-2024 20:03:29 - INFO - Response from moonraker: {'result': 'ok'}
13-10-2024 20:03:29 - INFO - Setting Chmaber Zones to a= 0.30800000000000044, b= 0.3520000000000005, c= 0.3960000000000006, d= 0.4400000000000006 Request successfully executed.
13-10-2024 20:03:30 - INFO - Sending request to Setting Chmaber Zones to a= 0.25550000000000045, b= 0.2920000000000005, c= 0.3285000000000005, d= 0.36500000000000055 with timeout of 5s...
13-10-2024 20:03:30 - INFO - Setting Chmaber Zones to a= 0.25550000000000045, b= 0.2920000000000005, c= 0.3285000000000005, d= 0.36500000000000055 request successfully sent.
13-10-2024 20:03:30 - INFO - Response from moonraker: {'result': 'ok'}
13-10-2024 20:03:30 - INFO - Setting Chmaber Zones to a= 0.25550000000000045, b= 0.2920000000000005, c= 0.3285000000000005, d= 0.36500000000000055 Request successfully executed.
13-10-2024 20:03:31 - INFO - Sending request to Setting Chmaber Zones to a= 0.10500000000000002, b= 0.12000000000000002, c= 0.135, d= 0.15000000000000002 with timeout of 5s...
13-10-2024 20:03:31 - INFO - Setting Chmaber Zones to a= 0.10500000000000002, b= 0.12000000000000002, c= 0.135, d= 0.15000000000000002 request successfully sent.
13-10-2024 20:03:31 - INFO - Response from moonraker: {'result': 'ok'}
13-10-2024 20:03:31 - INFO - Setting Chmaber Zones to a= 0.10500000000000002, b= 0.12000000000000002, c= 0.135, d= 0.15000000000000002 Request successfully executed.
13-10-2024 20:03:32 - INFO - Sending request to Setting Chmaber Zones to a= 0.26305999999999985, b= 0.3006399999999998, c= 0.33821999999999974, d= 0.37579999999999975 with timeout of 5s...
13-10-2024 20:03:32 - INFO - Setting Chmaber Zones to a= 0.26305999999999985, b= 0.3006399999999998, c= 0.33821999999999974, d= 0.37579999999999975 request successfully sent.
13-10-2024 20:03:32 - INFO - Response from moonraker: {'result': 'ok'}
13-10-2024 20:03:32 - INFO - Setting Chmaber Zones to a= 0.26305999999999985, b= 0.3006399999999998, c= 0.33821999999999974, d= 0.37579999999999975 Request successfully executed.
13-10-2024 20:03:33 - INFO - Sending request to Setting Chmaber Zones to a= 0.27769000000000005, b= 0.31736000000000003, c= 0.35703, d= 0.3967 with timeout of 5s...
13-10-2024 20:03:33 - INFO - Setting Chmaber Zones to a= 0.27769000000000005, b= 0.31736000000000003, c= 0.35703, d= 0.3967 request successfully sent.
13-10-2024 20:03:33 - INFO - Response from moonraker: {'result': 'ok'}
13-10-2024 20:03:33 - INFO - Setting Chmaber Zones to a= 0.27769000000000005, b= 0.31736000000000003, c= 0.35703, d= 0.3967 Request successfully executed.
13-10-2024 20:03:34 - INFO - Sending request to Setting Chmaber Zones to a= 0.3068799999999994, b= 0.3507199999999993, c= 0.3945599999999992, d= 0.4383999999999991 with timeout of 5s...
13-10-2024 20:03:34 - INFO - Setting Chmaber Zones to a= 0.3068799999999994, b= 0.3507199999999993, c= 0.3945599999999992, d= 0.4383999999999991 request successfully sent.
13-10-2024 20:03:34 - INFO - Response from moonraker: {'result': 'ok'}
13-10-2024 20:03:34 - INFO - Setting Chmaber Zones to a= 0.3068799999999994, b= 0.3507199999999993, c= 0.3945599999999992, d= 0.4383999999999991 Request successfully executed.
13-10-2024 20:03:35 - INFO - Sending request to Setting Chmaber Zones to a= 0.26166, b= 0.29904000000000003, c= 0.33642000000000005, d= 0.3738 with timeout of 5s...
13-10-2024 20:03:35 - INFO - Setting Chmaber Zones to a= 0.26166, b= 0.29904000000000003, c= 0.33642000000000005, d= 0.3738 request successfully sent.
13-10-2024 20:03:35 - INFO - Response from moonraker: {'result': 'ok'}
13-10-2024 20:03:35 - INFO - Setting Chmaber Zones to a= 0.26166, b= 0.29904000000000003, c= 0.33642000000000005, d= 0.3738 Request successfully executed.
13-10-2024 20:03:36 - INFO - Sending request to Setting Chmaber Zones to a= 0.2012499999999994, b= 0.22999999999999932, c= 0.2587499999999992, d= 0.28749999999999915 with timeout of 5s...
13-10-2024 20:03:36 - INFO - Setting Chmaber Zones to a= 0.2012499999999994, b= 0.22999999999999932, c= 0.2587499999999992, d= 0.28749999999999915 request successfully sent.
13-10-2024 20:03:36 - INFO - Response from moonraker: {'result': 'ok'}
13-10-2024 20:03:36 - INFO - Setting Chmaber Zones to a= 0.2012499999999994, b= 0.22999999999999932, c= 0.2587499999999992, d= 0.28749999999999915 Request successfully executed.
13-10-2024 20:03:37 - INFO - Sending request to Setting Chmaber Zones to a= 0.17178000000000004, b= 0.19632000000000005, c= 0.22086000000000006, d= 0.24540000000000006 with timeout of 5s...
13-10-2024 20:03:37 - INFO - Setting Chmaber Zones to a= 0.17178000000000004, b= 0.19632000000000005, c= 0.22086000000000006, d= 0.24540000000000006 request successfully sent.
13-10-2024 20:03:37 - INFO - Response from moonraker: {'result': 'ok'}
13-10-2024 20:03:37 - INFO - Setting Chmaber Zones to a= 0.17178000000000004, b= 0.19632000000000005, c= 0.22086000000000006, d= 0.24540000000000006 Request successfully executed.
13-10-2024 20:03:38 - INFO - Sending request to Setting Chmaber Zones to a= 0.19172999999999984, b= 0.21911999999999981, c= 0.24650999999999978, d= 0.27389999999999975 with timeout of 5s...
13-10-2024 20:03:38 - INFO - Setting Chmaber Zones to a= 0.19172999999999984, b= 0.21911999999999981, c= 0.24650999999999978, d= 0.27389999999999975 request successfully sent.
13-10-2024 20:03:38 - INFO - Response from moonraker: {'result': 'ok'}
13-10-2024 20:03:38 - INFO - Setting Chmaber Zones to a= 0.19172999999999984, b= 0.21911999999999981, c= 0.24650999999999978, d= 0.27389999999999975 Request successfully executed.
13-10-2024 20:03:39 - INFO - Sending request to Setting Chmaber Zones to a= 0.22281000000000004, b= 0.25464000000000003, c= 0.28647, d= 0.3183 with timeout of 5s...
13-10-2024 20:03:39 - INFO - Setting Chmaber Zones to a= 0.22281000000000004, b= 0.25464000000000003, c= 0.28647, d= 0.3183 request successfully sent.
13-10-2024 20:03:39 - INFO - Response from moonraker: {'result': 'ok'}
13-10-2024 20:03:39 - INFO - Setting Chmaber Zones to a= 0.22281000000000004, b= 0.25464000000000003, c= 0.28647, d= 0.3183 Request successfully executed.
13-10-2024 20:03:40 - INFO - Sending request to Setting Chmaber Zones to a= 0.2509499999999994, b= 0.28679999999999933, c= 0.3226499999999992, d= 0.35849999999999915 with timeout of 5s...
13-10-2024 20:03:40 - INFO - Setting Chmaber Zones to a= 0.2509499999999994, b= 0.28679999999999933, c= 0.3226499999999992, d= 0.35849999999999915 request successfully sent.
13-10-2024 20:03:40 - INFO - Response from moonraker: {'result': 'ok'}
13-10-2024 20:03:40 - INFO - Setting Chmaber Zones to a= 0.2509499999999994, b= 0.28679999999999933, c= 0.3226499999999992, d= 0.35849999999999915 Request successfully executed.
13-10-2024 20:03:41 - INFO - Sending request to Setting Chmaber Zones to a= 0.25466000000000016, b= 0.29104000000000024, c= 0.32742000000000027, d= 0.3638000000000003 with timeout of 5s...
13-10-2024 20:03:41 - INFO - Setting Chmaber Zones to a= 0.25466000000000016, b= 0.29104000000000024, c= 0.32742000000000027, d= 0.3638000000000003 request successfully sent.
13-10-2024 20:03:41 - INFO - Response from moonraker: {'result': 'ok'}
13-10-2024 20:03:41 - INFO - Setting Chmaber Zones to a= 0.25466000000000016, b= 0.29104000000000024, c= 0.32742000000000027, d= 0.3638000000000003 Request successfully executed.
13-10-2024 20:03:43 - INFO - Sending request to Setting Chmaber Zones to a= 0, b= 0, c= 0, d= 0 with timeout of 5s...
13-10-2024 20:03:43 - INFO - Setting Chmaber Zones to a= 0, b= 0, c= 0, d= 0 request successfully sent.
13-10-2024 20:03:43 - INFO - Response from moonraker: {'result': 'ok'}
13-10-2024 20:03:43 - INFO - Setting Chmaber Zones to a= 0, b= 0, c= 0, d= 0 Request successfully executed.
13-10-2024 20:03:54 - INFO - Sending request to Setting Chmaber Zones to a= 0, b= 0, c= 0, d= 0 with timeout of 5s...
13-10-2024 20:03:54 - INFO - Sending request to Setting Chmaber Zones to a= 0.7, b= 0.8, c= 0.9, d= 1.0 with timeout of 5s...
13-10-2024 20:03:54 - INFO - Setting Chmaber Zones to a= 0.7, b= 0.8, c= 0.9, d= 1.0 request successfully sent.
13-10-2024 20:03:54 - INFO - Response from moonraker: {'result': 'ok'}
13-10-2024 20:03:54 - INFO - Setting Chmaber Zones to a= 0.7, b= 0.8, c= 0.9, d= 1.0 Request successfully executed.
13-10-2024 20:03:54 - INFO - Setting Chmaber Zones to a= 0.7, b= 0.8, c= 0.9, d= 1.0 request successfully sent.
13-10-2024 20:03:54 - INFO - Response from moonraker: {'result': 'ok'}
13-10-2024 20:03:54 - INFO - Setting Chmaber Zones to a= 0.7, b= 0.8, c= 0.9, d= 1.0 Request successfully executed.
13-10-2024 20:03:55 - INFO - Sending request to Setting Chmaber Zones to a= 0.7, b= 0.8, c= 0.9, d= 1.0 with timeout of 5s...
13-10-2024 20:03:55 - INFO - Setting Chmaber Zones to a= 0.7, b= 0.8, c= 0.9, d= 1.0 request successfully sent.
13-10-2024 20:03:55 - INFO - Response from moonraker: {'result': 'ok'}
13-10-2024 20:03:55 - INFO - Setting Chmaber Zones to a= 0.7, b= 0.8, c= 0.9, d= 1.0 Request successfully executed.
13-10-2024 20:03:56 - INFO - Sending request to Setting Chmaber Zones to a= 0.3601499999999996, b= 0.4115999999999995, c= 0.4630499999999994, d= 0.5144999999999994 with timeout of 5s...
13-10-2024 20:03:56 - INFO - Setting Chmaber Zones to a= 0.3601499999999996, b= 0.4115999999999995, c= 0.4630499999999994, d= 0.5144999999999994 request successfully sent.
13-10-2024 20:03:56 - INFO - Response from moonraker: {'result': 'ok'}
13-10-2024 20:03:56 - INFO - Setting Chmaber Zones to a= 0.3601499999999996, b= 0.4115999999999995, c= 0.4630499999999994, d= 0.5144999999999994 Request successfully executed.
13-10-2024 20:03:57 - INFO - Sending request to Setting Chmaber Zones to a= 0.0, b= 0.0, c= 0.0, d= 0.0 with timeout of 5s...
13-10-2024 20:03:57 - INFO - Setting Chmaber Zones to a= 0.0, b= 0.0, c= 0.0, d= 0.0 request successfully sent.
13-10-2024 20:03:57 - INFO - Response from moonraker: {'result': 'ok'}
13-10-2024 20:03:57 - INFO - Setting Chmaber Zones to a= 0.0, b= 0.0, c= 0.0, d= 0.0 Request successfully executed.
13-10-2024 20:03:58 - INFO - Sending request to Setting Chmaber Zones to a= 0.0, b= 0.0, c= 0.0, d= 0.0 with timeout of 5s...
13-10-2024 20:03:58 - INFO - Setting Chmaber Zones to a= 0.0, b= 0.0, c= 0.0, d= 0.0 request successfully sent.
13-10-2024 20:03:58 - INFO - Response from moonraker: {'result': 'ok'}
13-10-2024 20:03:58 - INFO - Setting Chmaber Zones to a= 0.0, b= 0.0, c= 0.0, d= 0.0 Request successfully executed.
13-10-2024 20:03:59 - INFO - Sending request to Setting Chmaber Zones to a= 0.0056699999999995695, b= 0.006479999999999509, c= 0.007289999999999447, d= 0.008099999999999385 with timeout of 5s...
13-10-2024 20:03:59 - INFO - Setting Chmaber Zones to a= 0.0056699999999995695, b= 0.006479999999999509, c= 0.007289999999999447, d= 0.008099999999999385 request successfully sent.
13-10-2024 20:03:59 - INFO - Response from moonraker: {'result': 'ok'}
13-10-2024 20:03:59 - INFO - Setting Chmaber Zones to a= 0.0056699999999995695, b= 0.006479999999999509, c= 0.007289999999999447, d= 0.008099999999999385 Request successfully executed.
13-10-2024 20:04:00 - INFO - Sending request to Setting Chmaber Zones to a= 0.3835300000000004, b= 0.4383200000000005, c= 0.49311000000000055, d= 0.5479000000000006 with timeout of 5s...
13-10-2024 20:04:00 - INFO - Setting Chmaber Zones to a= 0.3835300000000004, b= 0.4383200000000005, c= 0.49311000000000055, d= 0.5479000000000006 request successfully sent.
13-10-2024 20:04:00 - INFO - Response from moonraker: {'result': 'ok'}
13-10-2024 20:04:00 - INFO - Setting Chmaber Zones to a= 0.3835300000000004, b= 0.4383200000000005, c= 0.49311000000000055, d= 0.5479000000000006 Request successfully executed.
13-10-2024 20:04:01 - INFO - Sending request to Setting Chmaber Zones to a= 0.46893, b= 0.5359200000000001, c= 0.6029100000000001, d= 0.6699 with timeout of 5s...
13-10-2024 20:04:01 - INFO - Setting Chmaber Zones to a= 0.46893, b= 0.5359200000000001, c= 0.6029100000000001, d= 0.6699 request successfully sent.
13-10-2024 20:04:01 - INFO - Response from moonraker: {'result': 'ok'}
13-10-2024 20:04:01 - INFO - Setting Chmaber Zones to a= 0.46893, b= 0.5359200000000001, c= 0.6029100000000001, d= 0.6699 Request successfully executed.
13-10-2024 20:04:02 - INFO - Sending request to Setting Chmaber Zones to a= 0.37022999999999995, b= 0.42312, c= 0.47600999999999993, d= 0.5288999999999999 with timeout of 5s...
13-10-2024 20:04:02 - INFO - Setting Chmaber Zones to a= 0.37022999999999995, b= 0.42312, c= 0.47600999999999993, d= 0.5288999999999999 request successfully sent.
13-10-2024 20:04:02 - INFO - Response from moonraker: {'result': 'ok'}
13-10-2024 20:04:02 - INFO - Setting Chmaber Zones to a= 0.37022999999999995, b= 0.42312, c= 0.47600999999999993, d= 0.5288999999999999 Request successfully executed.
13-10-2024 20:04:03 - INFO - Sending request to Setting Chmaber Zones to a= 0.17304000000000042, b= 0.19776000000000046, c= 0.22248000000000054, d= 0.24720000000000059 with timeout of 5s...
13-10-2024 20:04:03 - INFO - Setting Chmaber Zones to a= 0.17304000000000042, b= 0.19776000000000046, c= 0.22248000000000054, d= 0.24720000000000059 request successfully sent.
13-10-2024 20:04:03 - INFO - Response from moonraker: {'result': 'ok'}
13-10-2024 20:04:03 - INFO - Setting Chmaber Zones to a= 0.17304000000000042, b= 0.19776000000000046, c= 0.22248000000000054, d= 0.24720000000000059 Request successfully executed.
13-10-2024 20:04:04 - INFO - Sending request to Setting Chmaber Zones to a= 0.025409999999999777, b= 0.029039999999999743, c= 0.03266999999999971, d= 0.03629999999999968 with timeout of 5s...
13-10-2024 20:04:04 - INFO - Setting Chmaber Zones to a= 0.025409999999999777, b= 0.029039999999999743, c= 0.03266999999999971, d= 0.03629999999999968 request successfully sent.
13-10-2024 20:04:04 - INFO - Response from moonraker: {'result': 'ok'}
13-10-2024 20:04:04 - INFO - Setting Chmaber Zones to a= 0.025409999999999777, b= 0.029039999999999743, c= 0.03266999999999971, d= 0.03629999999999968 Request successfully executed.
13-10-2024 20:04:05 - INFO - Sending request to Setting Chmaber Zones to a= 0.08547000000000038, b= 0.09768000000000043, c= 0.10989000000000049, d= 0.12210000000000054 with timeout of 5s...
13-10-2024 20:04:05 - INFO - Setting Chmaber Zones to a= 0.08547000000000038, b= 0.09768000000000043, c= 0.10989000000000049, d= 0.12210000000000054 request successfully sent.
13-10-2024 20:04:05 - INFO - Response from moonraker: {'result': 'ok'}
13-10-2024 20:04:05 - INFO - Setting Chmaber Zones to a= 0.08547000000000038, b= 0.09768000000000043, c= 0.10989000000000049, d= 0.12210000000000054 Request successfully executed.
13-10-2024 20:04:06 - INFO - Sending request to Setting Chmaber Zones to a= 0.2788099999999996, b= 0.31863999999999953, c= 0.3584699999999995, d= 0.39829999999999943 with timeout of 5s...
13-10-2024 20:04:06 - INFO - Setting Chmaber Zones to a= 0.2788099999999996, b= 0.31863999999999953, c= 0.3584699999999995, d= 0.39829999999999943 request successfully sent.
13-10-2024 20:04:06 - INFO - Response from moonraker: {'result': 'ok'}
13-10-2024 20:04:06 - INFO - Setting Chmaber Zones to a= 0.2788099999999996, b= 0.31863999999999953, c= 0.3584699999999995, d= 0.39829999999999943 Request successfully executed.
13-10-2024 20:04:07 - INFO - Sending request to Setting Chmaber Zones to a= 0.4188099999999999, b= 0.47863999999999995, c= 0.5384699999999999, d= 0.5982999999999999 with timeout of 5s...
13-10-2024 20:04:07 - INFO - Setting Chmaber Zones to a= 0.4188099999999999, b= 0.47863999999999995, c= 0.5384699999999999, d= 0.5982999999999999 request successfully sent.
13-10-2024 20:04:07 - INFO - Response from moonraker: {'result': 'ok'}
13-10-2024 20:04:07 - INFO - Setting Chmaber Zones to a= 0.4188099999999999, b= 0.47863999999999995, c= 0.5384699999999999, d= 0.5982999999999999 Request successfully executed.
13-10-2024 20:04:08 - INFO - Sending request to Setting Chmaber Zones to a= 0.39011, b= 0.44584, c= 0.5015700000000001, d= 0.5573 with timeout of 5s...
13-10-2024 20:04:08 - INFO - Setting Chmaber Zones to a= 0.39011, b= 0.44584, c= 0.5015700000000001, d= 0.5573 request successfully sent.
13-10-2024 20:04:08 - INFO - Response from moonraker: {'result': 'ok'}
13-10-2024 20:04:08 - INFO - Setting Chmaber Zones to a= 0.39011, b= 0.44584, c= 0.5015700000000001, d= 0.5573 Request successfully executed.
13-10-2024 20:04:09 - INFO - Sending request to Setting Chmaber Zones to a= 0.1964900000000002, b= 0.22456000000000023, c= 0.25263000000000024, d= 0.2807000000000003 with timeout of 5s...
13-10-2024 20:04:09 - INFO - Setting Chmaber Zones to a= 0.1964900000000002, b= 0.22456000000000023, c= 0.25263000000000024, d= 0.2807000000000003 request successfully sent.
13-10-2024 20:04:09 - INFO - Response from moonraker: {'result': 'ok'}
13-10-2024 20:04:09 - INFO - Setting Chmaber Zones to a= 0.1964900000000002, b= 0.22456000000000023, c= 0.25263000000000024, d= 0.2807000000000003 Request successfully executed.
13-10-2024 20:04:10 - INFO - Sending request to Setting Chmaber Zones to a= 0.09890999999999978, b= 0.11303999999999974, c= 0.1271699999999997, d= 0.14129999999999968 with timeout of 5s...
13-10-2024 20:04:10 - INFO - Setting Chmaber Zones to a= 0.09890999999999978, b= 0.11303999999999974, c= 0.1271699999999997, d= 0.14129999999999968 request successfully sent.
13-10-2024 20:04:10 - INFO - Response from moonraker: {'result': 'ok'}
13-10-2024 20:04:10 - INFO - Setting Chmaber Zones to a= 0.09890999999999978, b= 0.11303999999999974, c= 0.1271699999999997, d= 0.14129999999999968 Request successfully executed.
13-10-2024 20:04:11 - INFO - Sending request to Setting Chmaber Zones to a= 0.09575999999999998, b= 0.10944, c= 0.12311999999999998, d= 0.13679999999999998 with timeout of 5s...
13-10-2024 20:04:11 - INFO - Setting Chmaber Zones to a= 0.09575999999999998, b= 0.10944, c= 0.12311999999999998, d= 0.13679999999999998 request successfully sent.
13-10-2024 20:04:11 - INFO - Response from moonraker: {'result': 'ok'}
13-10-2024 20:04:11 - INFO - Setting Chmaber Zones to a= 0.09575999999999998, b= 0.10944, c= 0.12311999999999998, d= 0.13679999999999998 Request successfully executed.
13-10-2024 20:04:12 - INFO - Sending request to Setting Chmaber Zones to a= 0.19607000000000038, b= 0.22408000000000045, c= 0.25209000000000054, d= 0.28010000000000057 with timeout of 5s...
13-10-2024 20:04:12 - INFO - Setting Chmaber Zones to a= 0.19607000000000038, b= 0.22408000000000045, c= 0.25209000000000054, d= 0.28010000000000057 request successfully sent.
13-10-2024 20:04:12 - INFO - Response from moonraker: {'result': 'ok'}
13-10-2024 20:04:12 - INFO - Setting Chmaber Zones to a= 0.19607000000000038, b= 0.22408000000000045, c= 0.25209000000000054, d= 0.28010000000000057 Request successfully executed.
13-10-2024 20:04:13 - INFO - Sending request to Setting Chmaber Zones to a= 0.3411800000000004, b= 0.3899200000000005, c= 0.43866000000000055, d= 0.4874000000000006 with timeout of 5s...
13-10-2024 20:04:13 - INFO - Setting Chmaber Zones to a= 0.3411800000000004, b= 0.3899200000000005, c= 0.43866000000000055, d= 0.4874000000000006 request successfully sent.
13-10-2024 20:04:13 - INFO - Response from moonraker: {'result': 'ok'}
13-10-2024 20:04:13 - INFO - Setting Chmaber Zones to a= 0.3411800000000004, b= 0.3899200000000005, c= 0.43866000000000055, d= 0.4874000000000006 Request successfully executed.
13-10-2024 20:04:14 - INFO - Sending request to Setting Chmaber Zones to a= 0.3677100000000002, b= 0.4202400000000003, c= 0.4727700000000003, d= 0.5253000000000003 with timeout of 5s...
13-10-2024 20:04:14 - INFO - Setting Chmaber Zones to a= 0.3677100000000002, b= 0.4202400000000003, c= 0.4727700000000003, d= 0.5253000000000003 request successfully sent.
13-10-2024 20:04:14 - INFO - Response from moonraker: {'result': 'ok'}
13-10-2024 20:04:14 - INFO - Setting Chmaber Zones to a= 0.3677100000000002, b= 0.4202400000000003, c= 0.4727700000000003, d= 0.5253000000000003 Request successfully executed.
13-10-2024 20:04:15 - INFO - Sending request to Setting Chmaber Zones to a= 0.3243800000000002, b= 0.3707200000000002, c= 0.4170600000000003, d= 0.4634000000000003 with timeout of 5s...
13-10-2024 20:04:15 - INFO - Setting Chmaber Zones to a= 0.3243800000000002, b= 0.3707200000000002, c= 0.4170600000000003, d= 0.4634000000000003 request successfully sent.
13-10-2024 20:04:15 - INFO - Response from moonraker: {'result': 'ok'}
13-10-2024 20:04:15 - INFO - Setting Chmaber Zones to a= 0.3243800000000002, b= 0.3707200000000002, c= 0.4170600000000003, d= 0.4634000000000003 Request successfully executed.
13-10-2024 20:04:16 - INFO - Sending request to Setting Chmaber Zones to a= 0.21335999999999963, b= 0.24383999999999958, c= 0.2743199999999995, d= 0.30479999999999946 with timeout of 5s...
13-10-2024 20:04:16 - INFO - Setting Chmaber Zones to a= 0.21335999999999963, b= 0.24383999999999958, c= 0.2743199999999995, d= 0.30479999999999946 request successfully sent.
13-10-2024 20:04:16 - INFO - Response from moonraker: {'result': 'ok'}
13-10-2024 20:04:16 - INFO - Setting Chmaber Zones to a= 0.21335999999999963, b= 0.24383999999999958, c= 0.2743199999999995, d= 0.30479999999999946 Request successfully executed.
13-10-2024 20:04:17 - INFO - Sending request to Setting Chmaber Zones to a= 0.14518000000000042, b= 0.16592000000000048, c= 0.18666000000000055, d= 0.20740000000000058 with timeout of 5s...
13-10-2024 20:04:17 - INFO - Setting Chmaber Zones to a= 0.14518000000000042, b= 0.16592000000000048, c= 0.18666000000000055, d= 0.20740000000000058 request successfully sent.
13-10-2024 20:04:17 - INFO - Response from moonraker: {'result': 'ok'}
13-10-2024 20:04:17 - INFO - Setting Chmaber Zones to a= 0.14518000000000042, b= 0.16592000000000048, c= 0.18666000000000055, d= 0.20740000000000058 Request successfully executed.
13-10-2024 20:04:18 - INFO - Sending request to Setting Chmaber Zones to a= 0.16898000000000002, b= 0.19312, c= 0.21726000000000004, d= 0.24140000000000003 with timeout of 5s...
13-10-2024 20:04:18 - INFO - Setting Chmaber Zones to a= 0.16898000000000002, b= 0.19312, c= 0.21726000000000004, d= 0.24140000000000003 request successfully sent.
13-10-2024 20:04:18 - INFO - Response from moonraker: {'result': 'ok'}
13-10-2024 20:04:18 - INFO - Setting Chmaber Zones to a= 0.16898000000000002, b= 0.19312, c= 0.21726000000000004, d= 0.24140000000000003 Request successfully executed.
13-10-2024 20:04:19 - INFO - Sending request to Setting Chmaber Zones to a= 0.21924000000000024, b= 0.2505600000000003, c= 0.28188000000000035, d= 0.31320000000000037 with timeout of 5s...
13-10-2024 20:04:19 - INFO - Setting Chmaber Zones to a= 0.21924000000000024, b= 0.2505600000000003, c= 0.28188000000000035, d= 0.31320000000000037 request successfully sent.
13-10-2024 20:04:19 - INFO - Response from moonraker: {'result': 'ok'}
13-10-2024 20:04:19 - INFO - Setting Chmaber Zones to a= 0.21924000000000024, b= 0.2505600000000003, c= 0.28188000000000035, d= 0.31320000000000037 Request successfully executed.
13-10-2024 20:04:20 - INFO - Sending request to Setting Chmaber Zones to a= 0.2823799999999998, b= 0.3227199999999998, c= 0.36305999999999977, d= 0.40339999999999976 with timeout of 5s...
13-10-2024 20:04:20 - INFO - Setting Chmaber Zones to a= 0.2823799999999998, b= 0.3227199999999998, c= 0.36305999999999977, d= 0.40339999999999976 request successfully sent.
13-10-2024 20:04:20 - INFO - Response from moonraker: {'result': 'ok'}
13-10-2024 20:04:20 - INFO - Setting Chmaber Zones to a= 0.2823799999999998, b= 0.3227199999999998, c= 0.36305999999999977, d= 0.40339999999999976 Request successfully executed.
13-10-2024 20:04:21 - INFO - Sending request to Setting Chmaber Zones to a= 0.2896599999999996, b= 0.3310399999999995, c= 0.3724199999999995, d= 0.4137999999999994 with timeout of 5s...
13-10-2024 20:04:21 - INFO - Setting Chmaber Zones to a= 0.2896599999999996, b= 0.3310399999999995, c= 0.3724199999999995, d= 0.4137999999999994 request successfully sent.
13-10-2024 20:04:21 - INFO - Response from moonraker: {'result': 'ok'}
13-10-2024 20:04:21 - INFO - Setting Chmaber Zones to a= 0.2896599999999996, b= 0.3310399999999995, c= 0.3724199999999995, d= 0.4137999999999994 Request successfully executed.
13-10-2024 20:04:22 - INFO - Sending request to Setting Chmaber Zones to a= 0.2570399999999996, b= 0.2937599999999996, c= 0.33047999999999944, d= 0.3671999999999994 with timeout of 5s...
13-10-2024 20:04:22 - INFO - Setting Chmaber Zones to a= 0.2570399999999996, b= 0.2937599999999996, c= 0.33047999999999944, d= 0.3671999999999994 request successfully sent.
13-10-2024 20:04:22 - INFO - Response from moonraker: {'result': 'ok'}
13-10-2024 20:04:22 - INFO - Setting Chmaber Zones to a= 0.2570399999999996, b= 0.2937599999999996, c= 0.33047999999999944, d= 0.3671999999999994 Request successfully executed.
13-10-2024 20:04:23 - INFO - Sending request to Setting Chmaber Zones to a= 0.21210000000000023, b= 0.24240000000000028, c= 0.2727000000000003, d= 0.3030000000000003 with timeout of 5s...
13-10-2024 20:04:23 - INFO - Setting Chmaber Zones to a= 0.21210000000000023, b= 0.24240000000000028, c= 0.2727000000000003, d= 0.3030000000000003 request successfully sent.
13-10-2024 20:04:23 - INFO - Response from moonraker: {'result': 'ok'}
13-10-2024 20:04:23 - INFO - Setting Chmaber Zones to a= 0.21210000000000023, b= 0.24240000000000028, c= 0.2727000000000003, d= 0.3030000000000003 Request successfully executed.
13-10-2024 20:04:24 - INFO - Sending request to Setting Chmaber Zones to a= 0.16533999999999982, b= 0.18895999999999977, c= 0.21257999999999974, d= 0.23619999999999972 with timeout of 5s...
13-10-2024 20:04:24 - INFO - Setting Chmaber Zones to a= 0.16533999999999982, b= 0.18895999999999977, c= 0.21257999999999974, d= 0.23619999999999972 request successfully sent.
13-10-2024 20:04:24 - INFO - Response from moonraker: {'result': 'ok'}
13-10-2024 20:04:24 - INFO - Setting Chmaber Zones to a= 0.16533999999999982, b= 0.18895999999999977, c= 0.21257999999999974, d= 0.23619999999999972 Request successfully executed.
13-10-2024 20:04:25 - INFO - Sending request to Setting Chmaber Zones to a= 0.17863999999999997, b= 0.20415999999999998, c= 0.22968, d= 0.2552 with timeout of 5s...
13-10-2024 20:04:25 - INFO - Setting Chmaber Zones to a= 0.17863999999999997, b= 0.20415999999999998, c= 0.22968, d= 0.2552 request successfully sent.
13-10-2024 20:04:25 - INFO - Response from moonraker: {'result': 'ok'}
13-10-2024 20:04:25 - INFO - Setting Chmaber Zones to a= 0.17863999999999997, b= 0.20415999999999998, c= 0.22968, d= 0.2552 Request successfully executed.
13-10-2024 20:04:26 - INFO - Sending request to Setting Chmaber Zones to a= 0.22890000000000021, b= 0.2616000000000003, c= 0.29430000000000023, d= 0.3270000000000003 with timeout of 5s...
13-10-2024 20:04:26 - INFO - Setting Chmaber Zones to a= 0.22890000000000021, b= 0.2616000000000003, c= 0.29430000000000023, d= 0.3270000000000003 request successfully sent.
13-10-2024 20:04:26 - INFO - Response from moonraker: {'result': 'ok'}
13-10-2024 20:04:26 - INFO - Setting Chmaber Zones to a= 0.22890000000000021, b= 0.2616000000000003, c= 0.29430000000000023, d= 0.3270000000000003 Request successfully executed.
13-10-2024 20:04:27 - INFO - Sending request to Setting Chmaber Zones to a= 0.29203999999999986, b= 0.3337599999999998, c= 0.37547999999999976, d= 0.4171999999999997 with timeout of 5s...
13-10-2024 20:04:27 - INFO - Setting Chmaber Zones to a= 0.29203999999999986, b= 0.3337599999999998, c= 0.37547999999999976, d= 0.4171999999999997 request successfully sent.
13-10-2024 20:04:27 - INFO - Response from moonraker: {'result': 'ok'}
13-10-2024 20:04:27 - INFO - Setting Chmaber Zones to a= 0.29203999999999986, b= 0.3337599999999998, c= 0.37547999999999976, d= 0.4171999999999997 Request successfully executed.
13-10-2024 20:04:28 - INFO - Sending request to Setting Chmaber Zones to a= 0.2993199999999996, b= 0.34207999999999955, c= 0.38483999999999946, d= 0.4275999999999994 with timeout of 5s...
13-10-2024 20:04:28 - INFO - Setting Chmaber Zones to a= 0.2993199999999996, b= 0.34207999999999955, c= 0.38483999999999946, d= 0.4275999999999994 request successfully sent.
13-10-2024 20:04:28 - INFO - Response from moonraker: {'result': 'ok'}
13-10-2024 20:04:28 - INFO - Setting Chmaber Zones to a= 0.2993199999999996, b= 0.34207999999999955, c= 0.38483999999999946, d= 0.4275999999999994 Request successfully executed.
13-10-2024 20:04:29 - INFO - Sending request to Setting Chmaber Zones to a= 0.23029999999999956, b= 0.2631999999999995, c= 0.2960999999999994, d= 0.32899999999999935 with timeout of 5s...
13-10-2024 20:04:29 - INFO - Setting Chmaber Zones to a= 0.23029999999999956, b= 0.2631999999999995, c= 0.2960999999999994, d= 0.32899999999999935 request successfully sent.
13-10-2024 20:04:29 - INFO - Response from moonraker: {'result': 'ok'}
13-10-2024 20:04:29 - INFO - Setting Chmaber Zones to a= 0.23029999999999956, b= 0.2631999999999995, c= 0.2960999999999994, d= 0.32899999999999935 Request successfully executed.
13-10-2024 20:04:30 - INFO - Sending request to Setting Chmaber Zones to a= 0.1803200000000004, b= 0.20608000000000043, c= 0.23184000000000052, d= 0.25760000000000055 with timeout of 5s...
13-10-2024 20:04:30 - INFO - Setting Chmaber Zones to a= 0.1803200000000004, b= 0.20608000000000043, c= 0.23184000000000052, d= 0.25760000000000055 request successfully sent.
13-10-2024 20:04:30 - INFO - Response from moonraker: {'result': 'ok'}
13-10-2024 20:04:30 - INFO - Setting Chmaber Zones to a= 0.1803200000000004, b= 0.20608000000000043, c= 0.23184000000000052, d= 0.25760000000000055 Request successfully executed.
13-10-2024 20:04:31 - INFO - Sending request to Setting Chmaber Zones to a= 0.0, b= 0.0, c= 0.0, d= 0.0 with timeout of 5s...
13-10-2024 20:04:31 - INFO - Setting Chmaber Zones to a= 0.0, b= 0.0, c= 0.0, d= 0.0 request successfully sent.
13-10-2024 20:04:31 - INFO - Response from moonraker: {'result': 'ok'}
13-10-2024 20:04:31 - INFO - Setting Chmaber Zones to a= 0.0, b= 0.0, c= 0.0, d= 0.0 Request successfully executed.
13-10-2024 20:04:32 - INFO - Sending request to Setting Chmaber Zones to a= 0.3743599999999995, b= 0.42783999999999944, c= 0.48131999999999936, d= 0.5347999999999993 with timeout of 5s...
13-10-2024 20:04:32 - INFO - Setting Chmaber Zones to a= 0.3743599999999995, b= 0.42783999999999944, c= 0.48131999999999936, d= 0.5347999999999993 request successfully sent.
13-10-2024 20:04:32 - INFO - Response from moonraker: {'result': 'ok'}
13-10-2024 20:04:32 - INFO - Setting Chmaber Zones to a= 0.3743599999999995, b= 0.42783999999999944, c= 0.48131999999999936, d= 0.5347999999999993 Request successfully executed.
13-10-2024 20:04:33 - INFO - Sending request to Setting Chmaber Zones to a= 0.5119800000000002, b= 0.5851200000000002, c= 0.6582600000000002, d= 0.7314000000000003 with timeout of 5s...
13-10-2024 20:04:33 - INFO - Setting Chmaber Zones to a= 0.5119800000000002, b= 0.5851200000000002, c= 0.6582600000000002, d= 0.7314000000000003 request successfully sent.
13-10-2024 20:04:33 - INFO - Response from moonraker: {'result': 'ok'}
13-10-2024 20:04:33 - INFO - Setting Chmaber Zones to a= 0.5119800000000002, b= 0.5851200000000002, c= 0.6582600000000002, d= 0.7314000000000003 Request successfully executed.
13-10-2024 20:04:34 - INFO - Sending request to Setting Chmaber Zones to a= 0.5012000000000001, b= 0.5728000000000002, c= 0.6444000000000001, d= 0.7160000000000002 with timeout of 5s...
13-10-2024 20:04:34 - INFO - Setting Chmaber Zones to a= 0.5012000000000001, b= 0.5728000000000002, c= 0.6444000000000001, d= 0.7160000000000002 request successfully sent.
13-10-2024 20:04:34 - INFO - Response from moonraker: {'result': 'ok'}
13-10-2024 20:04:34 - INFO - Setting Chmaber Zones to a= 0.5012000000000001, b= 0.5728000000000002, c= 0.6444000000000001, d= 0.7160000000000002 Request successfully executed.
13-10-2024 20:04:35 - INFO - Sending request to Setting Chmaber Zones to a= 0.17149999999999996, b= 0.19599999999999995, c= 0.22049999999999995, d= 0.24499999999999994 with timeout of 5s...
13-10-2024 20:04:35 - INFO - Setting Chmaber Zones to a= 0.17149999999999996, b= 0.19599999999999995, c= 0.22049999999999995, d= 0.24499999999999994 request successfully sent.
13-10-2024 20:04:35 - INFO - Response from moonraker: {'result': 'ok'}
13-10-2024 20:04:35 - INFO - Setting Chmaber Zones to a= 0.17149999999999996, b= 0.19599999999999995, c= 0.22049999999999995, d= 0.24499999999999994 Request successfully executed.
13-10-2024 20:04:36 - INFO - Sending request to Setting Chmaber Zones to a= 0.06635999999999945, b= 0.07583999999999938, c= 0.08531999999999929, d= 0.09479999999999922 with timeout of 5s...
13-10-2024 20:04:36 - INFO - Setting Chmaber Zones to a= 0.06635999999999945, b= 0.07583999999999938, c= 0.08531999999999929, d= 0.09479999999999922 request successfully sent.
13-10-2024 20:04:36 - INFO - Response from moonraker: {'result': 'ok'}
13-10-2024 20:04:36 - INFO - Setting Chmaber Zones to a= 0.06635999999999945, b= 0.07583999999999938, c= 0.08531999999999929, d= 0.09479999999999922 Request successfully executed.
13-10-2024 20:04:37 - INFO - Sending request to Setting Chmaber Zones to a= 0.08708000000000009, b= 0.0995200000000001, c= 0.1119600000000001, d= 0.12440000000000012 with timeout of 5s...
13-10-2024 20:04:37 - INFO - Setting Chmaber Zones to a= 0.08708000000000009, b= 0.0995200000000001, c= 0.1119600000000001, d= 0.12440000000000012 request successfully sent.
13-10-2024 20:04:37 - INFO - Response from moonraker: {'result': 'ok'}
13-10-2024 20:04:37 - INFO - Setting Chmaber Zones to a= 0.08708000000000009, b= 0.0995200000000001, c= 0.1119600000000001, d= 0.12440000000000012 Request successfully executed.
13-10-2024 20:04:38 - INFO - Sending request to Setting Chmaber Zones to a= 0.2396799999999999, b= 0.2739199999999999, c= 0.3081599999999999, d= 0.34239999999999987 with timeout of 5s...
13-10-2024 20:04:38 - INFO - Setting Chmaber Zones to a= 0.2396799999999999, b= 0.2739199999999999, c= 0.3081599999999999, d= 0.34239999999999987 request successfully sent.
13-10-2024 20:04:38 - INFO - Response from moonraker: {'result': 'ok'}
13-10-2024 20:04:38 - INFO - Setting Chmaber Zones to a= 0.2396799999999999, b= 0.2739199999999999, c= 0.3081599999999999, d= 0.34239999999999987 Request successfully executed.
13-10-2024 20:04:39 - INFO - Sending request to Setting Chmaber Zones to a= 0.38625999999999977, b= 0.4414399999999997, c= 0.4966199999999996, d= 0.5517999999999996 with timeout of 5s...
13-10-2024 20:04:39 - INFO - Setting Chmaber Zones to a= 0.38625999999999977, b= 0.4414399999999997, c= 0.4966199999999996, d= 0.5517999999999996 request successfully sent.
13-10-2024 20:04:39 - INFO - Response from moonraker: {'result': 'ok'}
13-10-2024 20:04:39 - INFO - Setting Chmaber Zones to a= 0.38625999999999977, b= 0.4414399999999997, c= 0.4966199999999996, d= 0.5517999999999996 Request successfully executed.
13-10-2024 20:04:40 - INFO - Sending request to Setting Chmaber Zones to a= 0.43091999999999947, b= 0.4924799999999994, c= 0.5540399999999993, d= 0.6155999999999993 with timeout of 5s...
13-10-2024 20:04:40 - INFO - Setting Chmaber Zones to a= 0.43091999999999947, b= 0.4924799999999994, c= 0.5540399999999993, d= 0.6155999999999993 request successfully sent.
13-10-2024 20:04:40 - INFO - Response from moonraker: {'result': 'ok'}
13-10-2024 20:04:40 - INFO - Setting Chmaber Zones to a= 0.43091999999999947, b= 0.4924799999999994, c= 0.5540399999999993, d= 0.6155999999999993 Request successfully executed.
13-10-2024 20:04:41 - INFO - Sending request to Setting Chmaber Zones to a= 0.35769999999999963, b= 0.40879999999999955, c= 0.45989999999999953, d= 0.5109999999999995 with timeout of 5s...
13-10-2024 20:04:41 - INFO - Setting Chmaber Zones to a= 0.35769999999999963, b= 0.40879999999999955, c= 0.45989999999999953, d= 0.5109999999999995 request successfully sent.
13-10-2024 20:04:41 - INFO - Response from moonraker: {'result': 'ok'}
13-10-2024 20:04:41 - INFO - Setting Chmaber Zones to a= 0.35769999999999963, b= 0.40879999999999955, c= 0.45989999999999953, d= 0.5109999999999995 Request successfully executed.
13-10-2024 20:04:42 - INFO - Sending request to Setting Chmaber Zones to a= 0.08959999999999982, b= 0.10239999999999977, c= 0.11519999999999975, d= 0.12799999999999973 with timeout of 5s...
13-10-2024 20:04:42 - INFO - Setting Chmaber Zones to a= 0.08959999999999982, b= 0.10239999999999977, c= 0.11519999999999975, d= 0.12799999999999973 request successfully sent.
13-10-2024 20:04:42 - INFO - Response from moonraker: {'result': 'ok'}
13-10-2024 20:04:42 - INFO - Setting Chmaber Zones to a= 0.08959999999999982, b= 0.10239999999999977, c= 0.11519999999999975, d= 0.12799999999999973 Request successfully executed.
13-10-2024 20:04:43 - INFO - Sending request to Setting Chmaber Zones to a= 0.03597999999999961, b= 0.04111999999999956, c= 0.046259999999999496, d= 0.051399999999999446 with timeout of 5s...
13-10-2024 20:04:43 - INFO - Setting Chmaber Zones to a= 0.03597999999999961, b= 0.04111999999999956, c= 0.046259999999999496, d= 0.051399999999999446 request successfully sent.
13-10-2024 20:04:43 - INFO - Response from moonraker: {'result': 'ok'}
13-10-2024 20:04:43 - INFO - Setting Chmaber Zones to a= 0.03597999999999961, b= 0.04111999999999956, c= 0.046259999999999496, d= 0.051399999999999446 Request successfully executed.
13-10-2024 20:04:44 - INFO - Sending request to Setting Chmaber Zones to a= 0.0, b= 0.0, c= 0.0, d= 0.0 with timeout of 5s...
13-10-2024 20:04:44 - INFO - Setting Chmaber Zones to a= 0.0, b= 0.0, c= 0.0, d= 0.0 request successfully sent.
13-10-2024 20:04:44 - INFO - Response from moonraker: {'result': 'ok'}
13-10-2024 20:04:44 - INFO - Setting Chmaber Zones to a= 0.0, b= 0.0, c= 0.0, d= 0.0 Request successfully executed.
13-10-2024 20:04:45 - INFO - Sending request to Setting Chmaber Zones to a= 0.0, b= 0.0, c= 0.0, d= 0.0 with timeout of 5s...
13-10-2024 20:04:45 - INFO - Setting Chmaber Zones to a= 0.0, b= 0.0, c= 0.0, d= 0.0 request successfully sent.
13-10-2024 20:04:45 - INFO - Response from moonraker: {'result': 'ok'}
13-10-2024 20:04:45 - INFO - Setting Chmaber Zones to a= 0.0, b= 0.0, c= 0.0, d= 0.0 Request successfully executed.
13-10-2024 20:04:46 - INFO - Sending request to Setting Chmaber Zones to a= 0.24849999999999983, b= 0.2839999999999998, c= 0.3194999999999998, d= 0.35499999999999976 with timeout of 5s...
13-10-2024 20:04:46 - INFO - Setting Chmaber Zones to a= 0.24849999999999983, b= 0.2839999999999998, c= 0.3194999999999998, d= 0.35499999999999976 request successfully sent.
13-10-2024 20:04:46 - INFO - Response from moonraker: {'result': 'ok'}
13-10-2024 20:04:46 - INFO - Setting Chmaber Zones to a= 0.24849999999999983, b= 0.2839999999999998, c= 0.3194999999999998, d= 0.35499999999999976 Request successfully executed.
13-10-2024 20:04:47 - INFO - Sending request to Setting Chmaber Zones to a= 0.3115000000000002, b= 0.3560000000000002, c= 0.40050000000000024, d= 0.4450000000000003 with timeout of 5s...
13-10-2024 20:04:47 - INFO - Setting Chmaber Zones to a= 0.3115000000000002, b= 0.3560000000000002, c= 0.40050000000000024, d= 0.4450000000000003 request successfully sent.
13-10-2024 20:04:47 - INFO - Response from moonraker: {'result': 'ok'}
13-10-2024 20:04:47 - INFO - Setting Chmaber Zones to a= 0.3115000000000002, b= 0.3560000000000002, c= 0.40050000000000024, d= 0.4450000000000003 Request successfully executed.
13-10-2024 20:04:48 - INFO - Sending request to Setting Chmaber Zones to a= 0.26949999999999963, b= 0.30799999999999955, c= 0.3464999999999995, d= 0.38499999999999945 with timeout of 5s...
13-10-2024 20:04:48 - INFO - Setting Chmaber Zones to a= 0.26949999999999963, b= 0.30799999999999955, c= 0.3464999999999995, d= 0.38499999999999945 request successfully sent.
13-10-2024 20:04:48 - INFO - Response from moonraker: {'result': 'ok'}
13-10-2024 20:04:48 - INFO - Setting Chmaber Zones to a= 0.26949999999999963, b= 0.30799999999999955, c= 0.3464999999999995, d= 0.38499999999999945 Request successfully executed.
13-10-2024 20:04:49 - INFO - Sending request to Setting Chmaber Zones to a= 0.1365000000000002, b= 0.15600000000000022, c= 0.17550000000000027, d= 0.19500000000000028 with timeout of 5s...
13-10-2024 20:04:49 - INFO - Setting Chmaber Zones to a= 0.1365000000000002, b= 0.15600000000000022, c= 0.17550000000000027, d= 0.19500000000000028 request successfully sent.
13-10-2024 20:04:49 - INFO - Response from moonraker: {'result': 'ok'}
13-10-2024 20:04:49 - INFO - Setting Chmaber Zones to a= 0.1365000000000002, b= 0.15600000000000022, c= 0.17550000000000027, d= 0.19500000000000028 Request successfully executed.
13-10-2024 20:04:50 - INFO - Sending request to Setting Chmaber Zones to a= 0.006999999999999603, b= 0.007999999999999546, c= 0.00899999999999949, d= 0.009999999999999433 with timeout of 5s...
13-10-2024 20:04:50 - INFO - Setting Chmaber Zones to a= 0.006999999999999603, b= 0.007999999999999546, c= 0.00899999999999949, d= 0.009999999999999433 request successfully sent.
13-10-2024 20:04:50 - INFO - Response from moonraker: {'result': 'ok'}
13-10-2024 20:04:50 - INFO - Setting Chmaber Zones to a= 0.006999999999999603, b= 0.007999999999999546, c= 0.00899999999999949, d= 0.009999999999999433 Request successfully executed.
13-10-2024 20:04:51 - INFO - Sending request to Setting Chmaber Zones to a= 0.0034999999999998014, b= 0.003999999999999773, c= 0.004499999999999745, d= 0.0049999999999997165 with timeout of 5s...
13-10-2024 20:04:51 - INFO - Setting Chmaber Zones to a= 0.0034999999999998014, b= 0.003999999999999773, c= 0.004499999999999745, d= 0.0049999999999997165 request successfully sent.
13-10-2024 20:04:51 - INFO - Response from moonraker: {'result': 'ok'}
13-10-2024 20:04:51 - INFO - Setting Chmaber Zones to a= 0.0034999999999998014, b= 0.003999999999999773, c= 0.004499999999999745, d= 0.0049999999999997165 Request successfully executed.
13-10-2024 20:04:52 - INFO - Sending request to Setting Chmaber Zones to a= 0.0734999999999998, b= 0.08399999999999977, c= 0.09449999999999975, d= 0.10499999999999972 with timeout of 5s...
13-10-2024 20:04:52 - INFO - Setting Chmaber Zones to a= 0.0734999999999998, b= 0.08399999999999977, c= 0.09449999999999975, d= 0.10499999999999972 request successfully sent.
13-10-2024 20:04:52 - INFO - Response from moonraker: {'result': 'ok'}
13-10-2024 20:04:52 - INFO - Setting Chmaber Zones to a= 0.0734999999999998, b= 0.08399999999999977, c= 0.09449999999999975, d= 0.10499999999999972 Request successfully executed.
13-10-2024 20:04:53 - INFO - Sending request to Setting Chmaber Zones to a= 0.6213899999999998, b= 0.7101599999999998, c= 0.7989299999999997, d= 0.8876999999999997 with timeout of 5s...
13-10-2024 20:04:53 - INFO - Setting Chmaber Zones to a= 0.6213899999999998, b= 0.7101599999999998, c= 0.7989299999999997, d= 0.8876999999999997 request successfully sent.
13-10-2024 20:04:53 - INFO - Response from moonraker: {'result': 'ok'}
13-10-2024 20:04:53 - INFO - Setting Chmaber Zones to a= 0.6213899999999998, b= 0.7101599999999998, c= 0.7989299999999997, d= 0.8876999999999997 Request successfully executed.
13-10-2024 20:04:54 - INFO - Sending request to Setting Chmaber Zones to a= 0.6885200000000004, b= 0.7868800000000004, c= 0.8852400000000002, d= 0.9836000000000005 with timeout of 5s...
13-10-2024 20:04:54 - INFO - Setting Chmaber Zones to a= 0.6885200000000004, b= 0.7868800000000004, c= 0.8852400000000002, d= 0.9836000000000005 request successfully sent.
13-10-2024 20:04:54 - INFO - Response from moonraker: {'result': 'ok'}
13-10-2024 20:04:54 - INFO - Setting Chmaber Zones to a= 0.6885200000000004, b= 0.7868800000000004, c= 0.8852400000000002, d= 0.9836000000000005 Request successfully executed.
13-10-2024 20:04:55 - INFO - Sending request to Setting Chmaber Zones to a= 0.29462999999999967, b= 0.33671999999999963, c= 0.3788099999999996, d= 0.42089999999999944 with timeout of 5s...
13-10-2024 20:04:55 - INFO - Setting Chmaber Zones to a= 0.29462999999999967, b= 0.33671999999999963, c= 0.3788099999999996, d= 0.42089999999999944 request successfully sent.
13-10-2024 20:04:55 - INFO - Response from moonraker: {'result': 'ok'}
13-10-2024 20:04:55 - INFO - Setting Chmaber Zones to a= 0.29462999999999967, b= 0.33671999999999963, c= 0.3788099999999996, d= 0.42089999999999944 Request successfully executed.
13-10-2024 20:04:56 - INFO - Sending request to Setting Chmaber Zones to a= 0.040460000000000246, b= 0.04624000000000028, c= 0.052020000000000316, d= 0.05780000000000035 with timeout of 5s...
13-10-2024 20:04:56 - INFO - Setting Chmaber Zones to a= 0.040460000000000246, b= 0.04624000000000028, c= 0.052020000000000316, d= 0.05780000000000035 request successfully sent.
13-10-2024 20:04:56 - INFO - Response from moonraker: {'result': 'ok'}
13-10-2024 20:04:56 - INFO - Setting Chmaber Zones to a= 0.040460000000000246, b= 0.04624000000000028, c= 0.052020000000000316, d= 0.05780000000000035 Request successfully executed.
13-10-2024 20:04:57 - INFO - Sending request to Setting Chmaber Zones to a= 0.0, b= 0.0, c= 0.0, d= 0.0 with timeout of 5s...
13-10-2024 20:04:57 - INFO - Setting Chmaber Zones to a= 0.0, b= 0.0, c= 0.0, d= 0.0 request successfully sent.
13-10-2024 20:04:57 - INFO - Response from moonraker: {'result': 'ok'}
13-10-2024 20:04:57 - INFO - Setting Chmaber Zones to a= 0.0, b= 0.0, c= 0.0, d= 0.0 Request successfully executed.
13-10-2024 20:04:58 - INFO - Sending request to Setting Chmaber Zones to a= 0.11956000000000007, b= 0.13664000000000007, c= 0.15372000000000008, d= 0.1708000000000001 with timeout of 5s...
13-10-2024 20:04:58 - INFO - Setting Chmaber Zones to a= 0.11956000000000007, b= 0.13664000000000007, c= 0.15372000000000008, d= 0.1708000000000001 request successfully sent.
13-10-2024 20:04:58 - INFO - Response from moonraker: {'result': 'ok'}
13-10-2024 20:04:58 - INFO - Setting Chmaber Zones to a= 0.11956000000000007, b= 0.13664000000000007, c= 0.15372000000000008, d= 0.1708000000000001 Request successfully executed.
13-10-2024 20:04:59 - INFO - Sending request to Setting Chmaber Zones to a= 0.2657199999999996, b= 0.3036799999999996, c= 0.3416399999999995, d= 0.3795999999999995 with timeout of 5s...
13-10-2024 20:04:59 - INFO - Setting Chmaber Zones to a= 0.2657199999999996, b= 0.3036799999999996, c= 0.3416399999999995, d= 0.3795999999999995 request successfully sent.
13-10-2024 20:04:59 - INFO - Response from moonraker: {'result': 'ok'}
13-10-2024 20:04:59 - INFO - Setting Chmaber Zones to a= 0.2657199999999996, b= 0.3036799999999996, c= 0.3416399999999995, d= 0.3795999999999995 Request successfully executed.
13-10-2024 20:05:00 - INFO - Sending request to Setting Chmaber Zones to a= 0.42441, b= 0.48504, c= 0.5456700000000001, d= 0.6063000000000001 with timeout of 5s...
13-10-2024 20:05:00 - INFO - Setting Chmaber Zones to a= 0.42441, b= 0.48504, c= 0.5456700000000001, d= 0.6063000000000001 request successfully sent.
13-10-2024 20:05:00 - INFO - Response from moonraker: {'result': 'ok'}
13-10-2024 20:05:00 - INFO - Setting Chmaber Zones to a= 0.42441, b= 0.48504, c= 0.5456700000000001, d= 0.6063000000000001 Request successfully executed.
13-10-2024 20:05:01 - INFO - Sending request to Setting Chmaber Zones to a= 0.3917900000000003, b= 0.4477600000000003, c= 0.5037300000000005, d= 0.5597000000000004 with timeout of 5s...
13-10-2024 20:05:01 - INFO - Setting Chmaber Zones to a= 0.3917900000000003, b= 0.4477600000000003, c= 0.5037300000000005, d= 0.5597000000000004 request successfully sent.
13-10-2024 20:05:01 - INFO - Response from moonraker: {'result': 'ok'}
13-10-2024 20:05:01 - INFO - Setting Chmaber Zones to a= 0.3917900000000003, b= 0.4477600000000003, c= 0.5037300000000005, d= 0.5597000000000004 Request successfully executed.
13-10-2024 20:05:02 - INFO - Sending request to Setting Chmaber Zones to a= 0.21217000000000033, b= 0.2424800000000004, c= 0.2727900000000004, d= 0.3031000000000005 with timeout of 5s...
13-10-2024 20:05:02 - INFO - Setting Chmaber Zones to a= 0.21217000000000033, b= 0.2424800000000004, c= 0.2727900000000004, d= 0.3031000000000005 request successfully sent.
13-10-2024 20:05:02 - INFO - Response from moonraker: {'result': 'ok'}
13-10-2024 20:05:02 - INFO - Setting Chmaber Zones to a= 0.21217000000000033, b= 0.2424800000000004, c= 0.2727900000000004, d= 0.3031000000000005 Request successfully executed.
13-10-2024 20:05:03 - INFO - Sending request to Setting Chmaber Zones to a= 0.0888299999999997, b= 0.10151999999999965, c= 0.1142099999999996, d= 0.12689999999999957 with timeout of 5s...
13-10-2024 20:05:03 - INFO - Setting Chmaber Zones to a= 0.0888299999999997, b= 0.10151999999999965, c= 0.1142099999999996, d= 0.12689999999999957 request successfully sent.
13-10-2024 20:05:03 - INFO - Response from moonraker: {'result': 'ok'}
13-10-2024 20:05:03 - INFO - Setting Chmaber Zones to a= 0.0888299999999997, b= 0.10151999999999965, c= 0.1142099999999996, d= 0.12689999999999957 Request successfully executed.
13-10-2024 20:05:04 - INFO - Sending request to Setting Chmaber Zones to a= 0.06636000000000035, b= 0.0758400000000004, c= 0.08532000000000045, d= 0.0948000000000005 with timeout of 5s...
13-10-2024 20:05:04 - INFO - Setting Chmaber Zones to a= 0.06636000000000035, b= 0.0758400000000004, c= 0.08532000000000045, d= 0.0948000000000005 request successfully sent.
13-10-2024 20:05:04 - INFO - Response from moonraker: {'result': 'ok'}
13-10-2024 20:05:04 - INFO - Setting Chmaber Zones to a= 0.06636000000000035, b= 0.0758400000000004, c= 0.08532000000000045, d= 0.0948000000000005 Request successfully executed.
13-10-2024 20:05:05 - INFO - Sending request to Setting Chmaber Zones to a= 0.17681999999999973, b= 0.2020799999999997, c= 0.22733999999999963, d= 0.2525999999999996 with timeout of 5s...
13-10-2024 20:05:05 - INFO - Setting Chmaber Zones to a= 0.17681999999999973, b= 0.2020799999999997, c= 0.22733999999999963, d= 0.2525999999999996 request successfully sent.
13-10-2024 20:05:05 - INFO - Response from moonraker: {'result': 'ok'}
13-10-2024 20:05:05 - INFO - Setting Chmaber Zones to a= 0.17681999999999973, b= 0.2020799999999997, c= 0.22733999999999963, d= 0.2525999999999996 Request successfully executed.
13-10-2024 20:05:06 - INFO - Sending request to Setting Chmaber Zones to a= 0.23211999999999977, b= 0.26527999999999974, c= 0.2984399999999997, d= 0.3315999999999997 with timeout of 5s...
13-10-2024 20:05:06 - INFO - Setting Chmaber Zones to a= 0.23211999999999977, b= 0.26527999999999974, c= 0.2984399999999997, d= 0.3315999999999997 request successfully sent.
13-10-2024 20:05:06 - INFO - Response from moonraker: {'result': 'ok'}
13-10-2024 20:05:06 - INFO - Setting Chmaber Zones to a= 0.23211999999999977, b= 0.26527999999999974, c= 0.2984399999999997, d= 0.3315999999999997 Request successfully executed.
13-10-2024 20:05:07 - INFO - Sending request to Setting Chmaber Zones to a= 0.35244999999999976, b= 0.4027999999999997, c= 0.4531499999999996, d= 0.5034999999999996 with timeout of 5s...
13-10-2024 20:05:07 - INFO - Setting Chmaber Zones to a= 0.35244999999999976, b= 0.4027999999999997, c= 0.4531499999999996, d= 0.5034999999999996 request successfully sent.
13-10-2024 20:05:07 - INFO - Response from moonraker: {'result': 'ok'}
13-10-2024 20:05:07 - INFO - Setting Chmaber Zones to a= 0.35244999999999976, b= 0.4027999999999997, c= 0.4531499999999996, d= 0.5034999999999996 Request successfully executed.
13-10-2024 20:05:08 - INFO - Sending request to Setting Chmaber Zones to a= 0.3036249999999997, b= 0.3469999999999997, c= 0.3903749999999996, d= 0.4337499999999996 with timeout of 5s...
13-10-2024 20:05:08 - INFO - Setting Chmaber Zones to a= 0.3036249999999997, b= 0.3469999999999997, c= 0.3903749999999996, d= 0.4337499999999996 request successfully sent.
13-10-2024 20:05:08 - INFO - Response from moonraker: {'result': 'ok'}
13-10-2024 20:05:08 - INFO - Setting Chmaber Zones to a= 0.3036249999999997, b= 0.3469999999999997, c= 0.3903749999999996, d= 0.4337499999999996 Request successfully executed.
13-10-2024 20:05:09 - INFO - Sending request to Setting Chmaber Zones to a= 0.1749999999999999, b= 0.19999999999999984, c= 0.22499999999999987, d= 0.24999999999999983 with timeout of 5s...
13-10-2024 20:05:09 - INFO - Setting Chmaber Zones to a= 0.1749999999999999, b= 0.19999999999999984, c= 0.22499999999999987, d= 0.24999999999999983 request successfully sent.
13-10-2024 20:05:09 - INFO - Response from moonraker: {'result': 'ok'}
13-10-2024 20:05:09 - INFO - Setting Chmaber Zones to a= 0.1749999999999999, b= 0.19999999999999984, c= 0.22499999999999987, d= 0.24999999999999983 Request successfully executed.
13-10-2024 20:05:10 - INFO - Sending request to Setting Chmaber Zones to a= 0.0694749999999995, b= 0.07939999999999943, c= 0.08932499999999935, d= 0.09924999999999928 with timeout of 5s...
13-10-2024 20:05:10 - INFO - Setting Chmaber Zones to a= 0.0694749999999995, b= 0.07939999999999943, c= 0.08932499999999935, d= 0.09924999999999928 request successfully sent.
13-10-2024 20:05:10 - INFO - Response from moonraker: {'result': 'ok'}
13-10-2024 20:05:10 - INFO - Setting Chmaber Zones to a= 0.0694749999999995, b= 0.07939999999999943, c= 0.08932499999999935, d= 0.09924999999999928 Request successfully executed.
13-10-2024 20:05:11 - INFO - Sending request to Setting Chmaber Zones to a= 0.05827499999999964, b= 0.06659999999999959, c= 0.07492499999999955, d= 0.08324999999999949 with timeout of 5s...
13-10-2024 20:05:11 - INFO - Setting Chmaber Zones to a= 0.05827499999999964, b= 0.06659999999999959, c= 0.07492499999999955, d= 0.08324999999999949 request successfully sent.
13-10-2024 20:05:11 - INFO - Response from moonraker: {'result': 'ok'}
13-10-2024 20:05:11 - INFO - Setting Chmaber Zones to a= 0.05827499999999964, b= 0.06659999999999959, c= 0.07492499999999955, d= 0.08324999999999949 Request successfully executed.
13-10-2024 20:05:12 - INFO - Sending request to Setting Chmaber Zones to a= 0.12774999999999948, b= 0.14599999999999938, c= 0.16424999999999934, d= 0.18249999999999925 with timeout of 5s...
13-10-2024 20:05:12 - INFO - Setting Chmaber Zones to a= 0.12774999999999948, b= 0.14599999999999938, c= 0.16424999999999934, d= 0.18249999999999925 request successfully sent.
13-10-2024 20:05:12 - INFO - Response from moonraker: {'result': 'ok'}
13-10-2024 20:05:12 - INFO - Setting Chmaber Zones to a= 0.12774999999999948, b= 0.14599999999999938, c= 0.16424999999999934, d= 0.18249999999999925 Request successfully executed.
13-10-2024 20:05:13 - INFO - Sending request to Setting Chmaber Zones to a= 0.2890999999999994, b= 0.33039999999999936, c= 0.3716999999999993, d= 0.4129999999999992 with timeout of 5s...
13-10-2024 20:05:13 - INFO - Setting Chmaber Zones to a= 0.2890999999999994, b= 0.33039999999999936, c= 0.3716999999999993, d= 0.4129999999999992 request successfully sent.
13-10-2024 20:05:13 - INFO - Response from moonraker: {'result': 'ok'}
13-10-2024 20:05:13 - INFO - Setting Chmaber Zones to a= 0.2890999999999994, b= 0.33039999999999936, c= 0.3716999999999993, d= 0.4129999999999992 Request successfully executed.
13-10-2024 20:05:14 - INFO - Sending request to Setting Chmaber Zones to a= 0.35175000000000023, b= 0.4020000000000003, c= 0.4522500000000004, d= 0.5025000000000004 with timeout of 5s...
13-10-2024 20:05:14 - INFO - Setting Chmaber Zones to a= 0.35175000000000023, b= 0.4020000000000003, c= 0.4522500000000004, d= 0.5025000000000004 request successfully sent.
13-10-2024 20:05:14 - INFO - Response from moonraker: {'result': 'ok'}
13-10-2024 20:05:14 - INFO - Setting Chmaber Zones to a= 0.35175000000000023, b= 0.4020000000000003, c= 0.4522500000000004, d= 0.5025000000000004 Request successfully executed.
13-10-2024 20:05:15 - INFO - Sending request to Setting Chmaber Zones to a= 0.29224999999999984, b= 0.3339999999999998, c= 0.3757499999999998, d= 0.41749999999999976 with timeout of 5s...
13-10-2024 20:05:15 - INFO - Setting Chmaber Zones to a= 0.29224999999999984, b= 0.3339999999999998, c= 0.3757499999999998, d= 0.41749999999999976 request successfully sent.
13-10-2024 20:05:15 - INFO - Response from moonraker: {'result': 'ok'}
13-10-2024 20:05:15 - INFO - Setting Chmaber Zones to a= 0.29224999999999984, b= 0.3339999999999998, c= 0.3757499999999998, d= 0.41749999999999976 Request successfully executed.
13-10-2024 20:05:16 - INFO - Sending request to Setting Chmaber Zones to a= 0.13404999999999967, b= 0.15319999999999961, c= 0.17234999999999956, d= 0.19149999999999948 with timeout of 5s...
13-10-2024 20:05:16 - INFO - Setting Chmaber Zones to a= 0.13404999999999967, b= 0.15319999999999961, c= 0.17234999999999956, d= 0.19149999999999948 request successfully sent.
13-10-2024 20:05:16 - INFO - Response from moonraker: {'result': 'ok'}
13-10-2024 20:05:16 - INFO - Setting Chmaber Zones to a= 0.13404999999999967, b= 0.15319999999999961, c= 0.17234999999999956, d= 0.19149999999999948 Request successfully executed.
13-10-2024 20:05:17 - INFO - Sending request to Setting Chmaber Zones to a= 0.05267499999999985, b= 0.06019999999999984, c= 0.06772499999999981, d= 0.07524999999999979 with timeout of 5s...
13-10-2024 20:05:17 - INFO - Setting Chmaber Zones to a= 0.05267499999999985, b= 0.06019999999999984, c= 0.06772499999999981, d= 0.07524999999999979 request successfully sent.
13-10-2024 20:05:17 - INFO - Response from moonraker: {'result': 'ok'}
13-10-2024 20:05:17 - INFO - Setting Chmaber Zones to a= 0.05267499999999985, b= 0.06019999999999984, c= 0.06772499999999981, d= 0.07524999999999979 Request successfully executed.
13-10-2024 20:05:18 - INFO - Sending request to Setting Chmaber Zones to a= 0.08522499999999965, b= 0.0973999999999996, c= 0.10957499999999955, d= 0.1217499999999995 with timeout of 5s...
13-10-2024 20:05:18 - INFO - Setting Chmaber Zones to a= 0.08522499999999965, b= 0.0973999999999996, c= 0.10957499999999955, d= 0.1217499999999995 request successfully sent.
13-10-2024 20:05:18 - INFO - Response from moonraker: {'result': 'ok'}
13-10-2024 20:05:18 - INFO - Setting Chmaber Zones to a= 0.08522499999999965, b= 0.0973999999999996, c= 0.10957499999999955, d= 0.1217499999999995 Request successfully executed.
13-10-2024 20:05:19 - INFO - Sending request to Setting Chmaber Zones to a= 0.20789999999999964, b= 0.2375999999999996, c= 0.26729999999999954, d= 0.2969999999999995 with timeout of 5s...
13-10-2024 20:05:19 - INFO - Setting Chmaber Zones to a= 0.20789999999999964, b= 0.2375999999999996, c= 0.26729999999999954, d= 0.2969999999999995 request successfully sent.
13-10-2024 20:05:19 - INFO - Response from moonraker: {'result': 'ok'}
13-10-2024 20:05:19 - INFO - Setting Chmaber Zones to a= 0.20789999999999964, b= 0.2375999999999996, c= 0.26729999999999954, d= 0.2969999999999995 Request successfully executed.
13-10-2024 20:05:20 - INFO - Sending request to Setting Chmaber Zones to a= 0.35507499999999964, b= 0.4057999999999996, c= 0.4565249999999996, d= 0.5072499999999995 with timeout of 5s...
13-10-2024 20:05:20 - INFO - Setting Chmaber Zones to a= 0.35507499999999964, b= 0.4057999999999996, c= 0.4565249999999996, d= 0.5072499999999995 request successfully sent.
13-10-2024 20:05:20 - INFO - Response from moonraker: {'result': 'ok'}
13-10-2024 20:05:20 - INFO - Setting Chmaber Zones to a= 0.35507499999999964, b= 0.4057999999999996, c= 0.4565249999999996, d= 0.5072499999999995 Request successfully executed.
13-10-2024 20:05:21 - INFO - Sending request to Setting Chmaber Zones to a= 0.3549000000000001, b= 0.40560000000000007, c= 0.4563000000000001, d= 0.5070000000000001 with timeout of 5s...
13-10-2024 20:05:21 - INFO - Setting Chmaber Zones to a= 0.3549000000000001, b= 0.40560000000000007, c= 0.4563000000000001, d= 0.5070000000000001 request successfully sent.
13-10-2024 20:05:21 - INFO - Response from moonraker: {'result': 'ok'}
13-10-2024 20:05:21 - INFO - Setting Chmaber Zones to a= 0.3549000000000001, b= 0.40560000000000007, c= 0.4563000000000001, d= 0.5070000000000001 Request successfully executed.
13-10-2024 20:05:22 - INFO - Sending request to Setting Chmaber Zones to a= 0.2000249999999998, b= 0.22859999999999978, c= 0.25717499999999976, d= 0.2857499999999997 with timeout of 5s...
13-10-2024 20:05:22 - INFO - Setting Chmaber Zones to a= 0.2000249999999998, b= 0.22859999999999978, c= 0.25717499999999976, d= 0.2857499999999997 request successfully sent.
13-10-2024 20:05:22 - INFO - Response from moonraker: {'result': 'ok'}
13-10-2024 20:05:22 - INFO - Setting Chmaber Zones to a= 0.2000249999999998, b= 0.22859999999999978, c= 0.25717499999999976, d= 0.2857499999999997 Request successfully executed.
13-10-2024 20:05:23 - INFO - Sending request to Setting Chmaber Zones to a= 0.09624999999999938, b= 0.10999999999999929, c= 0.12374999999999922, d= 0.13749999999999912 with timeout of 5s...
13-10-2024 20:05:23 - INFO - Setting Chmaber Zones to a= 0.09624999999999938, b= 0.10999999999999929, c= 0.12374999999999922, d= 0.13749999999999912 request successfully sent.
13-10-2024 20:05:23 - INFO - Response from moonraker: {'result': 'ok'}
13-10-2024 20:05:23 - INFO - Setting Chmaber Zones to a= 0.09624999999999938, b= 0.10999999999999929, c= 0.12374999999999922, d= 0.13749999999999912 Request successfully executed.
13-10-2024 20:05:24 - INFO - Sending request to Setting Chmaber Zones to a= 0.027999999999999792, b= 0.031999999999999765, c= 0.03599999999999973, d= 0.0399999999999997 with timeout of 5s...
13-10-2024 20:05:24 - INFO - Setting Chmaber Zones to a= 0.027999999999999792, b= 0.031999999999999765, c= 0.03599999999999973, d= 0.0399999999999997 request successfully sent.
13-10-2024 20:05:24 - INFO - Response from moonraker: {'result': 'ok'}
13-10-2024 20:05:24 - INFO - Setting Chmaber Zones to a= 0.027999999999999792, b= 0.031999999999999765, c= 0.03599999999999973, d= 0.0399999999999997 Request successfully executed.
13-10-2024 20:05:25 - INFO - Sending request to Setting Chmaber Zones to a= 0.11847499999999936, b= 0.13539999999999927, c= 0.15232499999999918, d= 0.1692499999999991 with timeout of 5s...
13-10-2024 20:05:25 - INFO - Setting Chmaber Zones to a= 0.11847499999999936, b= 0.13539999999999927, c= 0.15232499999999918, d= 0.1692499999999991 request successfully sent.
13-10-2024 20:05:25 - INFO - Response from moonraker: {'result': 'ok'}
13-10-2024 20:05:25 - INFO - Setting Chmaber Zones to a= 0.11847499999999936, b= 0.13539999999999927, c= 0.15232499999999918, d= 0.1692499999999991 Request successfully executed.
13-10-2024 20:05:26 - INFO - Sending request to Setting Chmaber Zones to a= 0.2577749999999996, b= 0.29459999999999953, c= 0.33142499999999947, d= 0.3682499999999994 with timeout of 5s...
13-10-2024 20:05:26 - INFO - Setting Chmaber Zones to a= 0.2577749999999996, b= 0.29459999999999953, c= 0.33142499999999947, d= 0.3682499999999994 request successfully sent.
13-10-2024 20:05:26 - INFO - Response from moonraker: {'result': 'ok'}
13-10-2024 20:05:26 - INFO - Setting Chmaber Zones to a= 0.2577749999999996, b= 0.29459999999999953, c= 0.33142499999999947, d= 0.3682499999999994 Request successfully executed.
13-10-2024 20:05:27 - INFO - Sending request to Setting Chmaber Zones to a= 0.5488000000000014, b= 0.6272000000000016, c= 0.7056000000000019, d= 0.784000000000002 with timeout of 5s...
13-10-2024 20:05:27 - INFO - Setting Chmaber Zones to a= 0.5488000000000014, b= 0.6272000000000016, c= 0.7056000000000019, d= 0.784000000000002 request successfully sent.
13-10-2024 20:05:27 - INFO - Response from moonraker: {'result': 'ok'}
13-10-2024 20:05:27 - INFO - Setting Chmaber Zones to a= 0.5488000000000014, b= 0.6272000000000016, c= 0.7056000000000019, d= 0.784000000000002 Request successfully executed.
13-10-2024 20:05:28 - INFO - Sending request to Setting Chmaber Zones to a= 0.21787499999999962, b= 0.24899999999999956, c= 0.2801249999999995, d= 0.31124999999999947 with timeout of 5s...
13-10-2024 20:05:28 - INFO - Setting Chmaber Zones to a= 0.21787499999999962, b= 0.24899999999999956, c= 0.2801249999999995, d= 0.31124999999999947 request successfully sent.
13-10-2024 20:05:28 - INFO - Response from moonraker: {'result': 'ok'}
13-10-2024 20:05:28 - INFO - Setting Chmaber Zones to a= 0.21787499999999962, b= 0.24899999999999956, c= 0.2801249999999995, d= 0.31124999999999947 Request successfully executed.
13-10-2024 20:05:29 - INFO - Sending request to Setting Chmaber Zones to a= 0.0, b= 0.0, c= 0.0, d= 0.0 with timeout of 5s...
13-10-2024 20:05:29 - INFO - Setting Chmaber Zones to a= 0.0, b= 0.0, c= 0.0, d= 0.0 request successfully sent.
13-10-2024 20:05:29 - INFO - Response from moonraker: {'result': 'ok'}
13-10-2024 20:05:29 - INFO - Setting Chmaber Zones to a= 0.0, b= 0.0, c= 0.0, d= 0.0 Request successfully executed.
13-10-2024 20:05:30 - INFO - Sending request to Setting Chmaber Zones to a= 0.0, b= 0.0, c= 0.0, d= 0.0 with timeout of 5s...
13-10-2024 20:05:30 - INFO - Setting Chmaber Zones to a= 0.0, b= 0.0, c= 0.0, d= 0.0 request successfully sent.
13-10-2024 20:05:30 - INFO - Response from moonraker: {'result': 'ok'}
13-10-2024 20:05:30 - INFO - Setting Chmaber Zones to a= 0.0, b= 0.0, c= 0.0, d= 0.0 Request successfully executed.
13-10-2024 20:05:31 - INFO - Sending request to Setting Chmaber Zones to a= 0.46917499999999923, b= 0.5361999999999991, c= 0.603224999999999, d= 0.6702499999999989 with timeout of 5s...
13-10-2024 20:05:31 - INFO - Setting Chmaber Zones to a= 0.46917499999999923, b= 0.5361999999999991, c= 0.603224999999999, d= 0.6702499999999989 request successfully sent.
13-10-2024 20:05:31 - INFO - Response from moonraker: {'result': 'ok'}
13-10-2024 20:05:31 - INFO - Setting Chmaber Zones to a= 0.46917499999999923, b= 0.5361999999999991, c= 0.603224999999999, d= 0.6702499999999989 Request successfully executed.
13-10-2024 20:05:32 - INFO - Sending request to Setting Chmaber Zones to a= 0.5610500000000003, b= 0.6412000000000003, c= 0.7213500000000004, d= 0.8015000000000003 with timeout of 5s...
13-10-2024 20:05:32 - INFO - Setting Chmaber Zones to a= 0.5610500000000003, b= 0.6412000000000003, c= 0.7213500000000004, d= 0.8015000000000003 request successfully sent.
13-10-2024 20:05:32 - INFO - Response from moonraker: {'result': 'ok'}
13-10-2024 20:05:32 - INFO - Setting Chmaber Zones to a= 0.5610500000000003, b= 0.6412000000000003, c= 0.7213500000000004, d= 0.8015000000000003 Request successfully executed.
13-10-2024 20:05:33 - INFO - Sending request to Setting Chmaber Zones to a= 0.1536499999999986, b= 0.1755999999999984, c= 0.19754999999999823, d= 0.219499999999998 with timeout of 5s...
13-10-2024 20:05:33 - INFO - Setting Chmaber Zones to a= 0.1536499999999986, b= 0.1755999999999984, c= 0.19754999999999823, d= 0.219499999999998 request successfully sent.
13-10-2024 20:05:33 - INFO - Response from moonraker: {'result': 'ok'}
13-10-2024 20:05:33 - INFO - Setting Chmaber Zones to a= 0.1536499999999986, b= 0.1755999999999984, c= 0.19754999999999823, d= 0.219499999999998 Request successfully executed.
13-10-2024 20:05:34 - INFO - Sending request to Setting Chmaber Zones to a= 0.0, b= 0.0, c= 0.0, d= 0.0 with timeout of 5s...
13-10-2024 20:05:34 - INFO - Setting Chmaber Zones to a= 0.0, b= 0.0, c= 0.0, d= 0.0 request successfully sent.
13-10-2024 20:05:34 - INFO - Response from moonraker: {'result': 'ok'}
13-10-2024 20:05:34 - INFO - Setting Chmaber Zones to a= 0.0, b= 0.0, c= 0.0, d= 0.0 Request successfully executed.
13-10-2024 20:05:35 - INFO - Sending request to Setting Chmaber Zones to a= 0.0, b= 0.0, c= 0.0, d= 0.0 with timeout of 5s...
13-10-2024 20:05:35 - INFO - Setting Chmaber Zones to a= 0.0, b= 0.0, c= 0.0, d= 0.0 request successfully sent.
13-10-2024 20:05:35 - INFO - Response from moonraker: {'result': 'ok'}
13-10-2024 20:05:35 - INFO - Setting Chmaber Zones to a= 0.0, b= 0.0, c= 0.0, d= 0.0 Request successfully executed.
13-10-2024 20:05:36 - INFO - Sending request to Setting Chmaber Zones to a= 0.4655000000000002, b= 0.5320000000000001, c= 0.5985000000000003, d= 0.6650000000000003 with timeout of 5s...
13-10-2024 20:05:36 - INFO - Setting Chmaber Zones to a= 0.4655000000000002, b= 0.5320000000000001, c= 0.5985000000000003, d= 0.6650000000000003 request successfully sent.
13-10-2024 20:05:36 - INFO - Response from moonraker: {'result': 'ok'}
13-10-2024 20:05:36 - INFO - Setting Chmaber Zones to a= 0.4655000000000002, b= 0.5320000000000001, c= 0.5985000000000003, d= 0.6650000000000003 Request successfully executed.
13-10-2024 20:05:37 - INFO - Sending request to Setting Chmaber Zones to a= 0.7, b= 0.8, c= 0.9, d= 1.0 with timeout of 5s...
13-10-2024 20:05:37 - INFO - Setting Chmaber Zones to a= 0.7, b= 0.8, c= 0.9, d= 1.0 request successfully sent.
13-10-2024 20:05:37 - INFO - Response from moonraker: {'result': 'ok'}
13-10-2024 20:05:37 - INFO - Setting Chmaber Zones to a= 0.7, b= 0.8, c= 0.9, d= 1.0 Request successfully executed.
13-10-2024 20:05:38 - INFO - Sending request to Setting Chmaber Zones to a= 0.0, b= 0.0, c= 0.0, d= 0.0 with timeout of 5s...
13-10-2024 20:05:38 - INFO - Setting Chmaber Zones to a= 0.0, b= 0.0, c= 0.0, d= 0.0 request successfully sent.
13-10-2024 20:05:38 - INFO - Response from moonraker: {'result': 'ok'}
13-10-2024 20:05:38 - INFO - Setting Chmaber Zones to a= 0.0, b= 0.0, c= 0.0, d= 0.0 Request successfully executed.
13-10-2024 20:05:39 - INFO - Sending request to Setting Chmaber Zones to a= 0.0, b= 0.0, c= 0.0, d= 0.0 with timeout of 5s...
13-10-2024 20:05:39 - INFO - Setting Chmaber Zones to a= 0.0, b= 0.0, c= 0.0, d= 0.0 request successfully sent.
13-10-2024 20:05:39 - INFO - Response from moonraker: {'result': 'ok'}
13-10-2024 20:05:39 - INFO - Setting Chmaber Zones to a= 0.0, b= 0.0, c= 0.0, d= 0.0 Request successfully executed.
13-10-2024 20:05:40 - INFO - Sending request to Setting Chmaber Zones to a= 0.0, b= 0.0, c= 0.0, d= 0.0 with timeout of 5s...
13-10-2024 20:05:40 - INFO - Setting Chmaber Zones to a= 0.0, b= 0.0, c= 0.0, d= 0.0 request successfully sent.
13-10-2024 20:05:40 - INFO - Response from moonraker: {'result': 'ok'}
13-10-2024 20:05:40 - INFO - Setting Chmaber Zones to a= 0.0, b= 0.0, c= 0.0, d= 0.0 Request successfully executed.
13-10-2024 20:05:41 - INFO - Sending request to Setting Chmaber Zones to a= 0.4194749999999995, b= 0.4793999999999994, c= 0.5393249999999994, d= 0.5992499999999993 with timeout of 5s...
13-10-2024 20:05:41 - INFO - Setting Chmaber Zones to a= 0.4194749999999995, b= 0.4793999999999994, c= 0.5393249999999994, d= 0.5992499999999993 request successfully sent.
13-10-2024 20:05:41 - INFO - Response from moonraker: {'result': 'ok'}
13-10-2024 20:05:41 - INFO - Setting Chmaber Zones to a= 0.4194749999999995, b= 0.4793999999999994, c= 0.5393249999999994, d= 0.5992499999999993 Request successfully executed.
13-10-2024 20:05:42 - INFO - Sending request to Setting Chmaber Zones to a= 0.7, b= 0.8, c= 0.9, d= 1.0 with timeout of 5s...
13-10-2024 20:05:42 - INFO - Setting Chmaber Zones to a= 0.7, b= 0.8, c= 0.9, d= 1.0 request successfully sent.
13-10-2024 20:05:42 - INFO - Response from moonraker: {'result': 'ok'}
13-10-2024 20:05:42 - INFO - Setting Chmaber Zones to a= 0.7, b= 0.8, c= 0.9, d= 1.0 Request successfully executed.
13-10-2024 20:05:43 - INFO - Sending request to Setting Chmaber Zones to a= 0.2208499999999977, b= 0.2523999999999974, c= 0.28394999999999704, d= 0.3154999999999967 with timeout of 5s...
13-10-2024 20:05:43 - INFO - Setting Chmaber Zones to a= 0.2208499999999977, b= 0.2523999999999974, c= 0.28394999999999704, d= 0.3154999999999967 request successfully sent.
13-10-2024 20:05:43 - INFO - Response from moonraker: {'result': 'ok'}
13-10-2024 20:05:43 - INFO - Setting Chmaber Zones to a= 0.2208499999999977, b= 0.2523999999999974, c= 0.28394999999999704, d= 0.3154999999999967 Request successfully executed.
13-10-2024 20:05:44 - INFO - Sending request to Setting Chmaber Zones to a= 0.0, b= 0.0, c= 0.0, d= 0.0 with timeout of 5s...
13-10-2024 20:05:44 - INFO - Setting Chmaber Zones to a= 0.0, b= 0.0, c= 0.0, d= 0.0 request successfully sent.
13-10-2024 20:05:44 - INFO - Response from moonraker: {'result': 'ok'}
13-10-2024 20:05:44 - INFO - Setting Chmaber Zones to a= 0.0, b= 0.0, c= 0.0, d= 0.0 Request successfully executed.
13-10-2024 20:05:45 - INFO - Sending request to Setting Chmaber Zones to a= 0.0, b= 0.0, c= 0.0, d= 0.0 with timeout of 5s...
13-10-2024 20:05:45 - INFO - Setting Chmaber Zones to a= 0.0, b= 0.0, c= 0.0, d= 0.0 request successfully sent.
13-10-2024 20:05:45 - INFO - Response from moonraker: {'result': 'ok'}
13-10-2024 20:05:45 - INFO - Setting Chmaber Zones to a= 0.0, b= 0.0, c= 0.0, d= 0.0 Request successfully executed.
13-10-2024 20:05:46 - INFO - Sending request to Setting Chmaber Zones to a= 0.624574999999999, b= 0.713799999999999, c= 0.8030249999999988, d= 0.8922499999999987 with timeout of 5s...
13-10-2024 20:05:46 - INFO - Setting Chmaber Zones to a= 0.624574999999999, b= 0.713799999999999, c= 0.8030249999999988, d= 0.8922499999999987 request successfully sent.
13-10-2024 20:05:46 - INFO - Response from moonraker: {'result': 'ok'}
13-10-2024 20:05:46 - INFO - Setting Chmaber Zones to a= 0.624574999999999, b= 0.713799999999999, c= 0.8030249999999988, d= 0.8922499999999987 Request successfully executed.
13-10-2024 20:05:47 - INFO - Sending request to Setting Chmaber Zones to a= 0.40179999999999877, b= 0.4591999999999986, c= 0.5165999999999985, d= 0.5739999999999983 with timeout of 5s...
13-10-2024 20:05:47 - INFO - Setting Chmaber Zones to a= 0.40179999999999877, b= 0.4591999999999986, c= 0.5165999999999985, d= 0.5739999999999983 request successfully sent.
13-10-2024 20:05:47 - INFO - Response from moonraker: {'result': 'ok'}
13-10-2024 20:05:47 - INFO - Setting Chmaber Zones to a= 0.40179999999999877, b= 0.4591999999999986, c= 0.5165999999999985, d= 0.5739999999999983 Request successfully executed.
13-10-2024 20:05:48 - INFO - Sending request to Setting Chmaber Zones to a= 0.0, b= 0.0, c= 0.0, d= 0.0 with timeout of 5s...
13-10-2024 20:05:48 - INFO - Setting Chmaber Zones to a= 0.0, b= 0.0, c= 0.0, d= 0.0 request successfully sent.
13-10-2024 20:05:48 - INFO - Response from moonraker: {'result': 'ok'}
13-10-2024 20:05:48 - INFO - Setting Chmaber Zones to a= 0.0, b= 0.0, c= 0.0, d= 0.0 Request successfully executed.
13-10-2024 20:05:49 - INFO - Sending request to Setting Chmaber Zones to a= 0.0, b= 0.0, c= 0.0, d= 0.0 with timeout of 5s...
13-10-2024 20:05:49 - INFO - Setting Chmaber Zones to a= 0.0, b= 0.0, c= 0.0, d= 0.0 request successfully sent.
13-10-2024 20:05:49 - INFO - Response from moonraker: {'result': 'ok'}
13-10-2024 20:05:49 - INFO - Setting Chmaber Zones to a= 0.0, b= 0.0, c= 0.0, d= 0.0 Request successfully executed.
13-10-2024 20:05:50 - INFO - Sending request to Setting Chmaber Zones to a= 0.0, b= 0.0, c= 0.0, d= 0.0 with timeout of 5s...
13-10-2024 20:05:50 - INFO - Setting Chmaber Zones to a= 0.0, b= 0.0, c= 0.0, d= 0.0 request successfully sent.
13-10-2024 20:05:50 - INFO - Response from moonraker: {'result': 'ok'}
13-10-2024 20:05:50 - INFO - Setting Chmaber Zones to a= 0.0, b= 0.0, c= 0.0, d= 0.0 Request successfully executed.
13-10-2024 20:05:51 - INFO - Sending request to Setting Chmaber Zones to a= 0.7, b= 0.8, c= 0.9, d= 1.0 with timeout of 5s...
13-10-2024 20:05:51 - INFO - Setting Chmaber Zones to a= 0.7, b= 0.8, c= 0.9, d= 1.0 request successfully sent.
13-10-2024 20:05:51 - INFO - Response from moonraker: {'result': 'ok'}
13-10-2024 20:05:51 - INFO - Setting Chmaber Zones to a= 0.7, b= 0.8, c= 0.9, d= 1.0 Request successfully executed.
13-10-2024 20:05:52 - INFO - Sending request to Setting Chmaber Zones to a= 0.19634999999999925, b= 0.22439999999999913, c= 0.252449999999999, d= 0.2804999999999989 with timeout of 5s...
13-10-2024 20:05:52 - INFO - Setting Chmaber Zones to a= 0.19634999999999925, b= 0.22439999999999913, c= 0.252449999999999, d= 0.2804999999999989 request successfully sent.
13-10-2024 20:05:52 - INFO - Response from moonraker: {'result': 'ok'}
13-10-2024 20:05:52 - INFO - Setting Chmaber Zones to a= 0.19634999999999925, b= 0.22439999999999913, c= 0.252449999999999, d= 0.2804999999999989 Request successfully executed.
13-10-2024 20:05:53 - INFO - Sending request to Setting Chmaber Zones to a= 0.05127499999999963, b= 0.058599999999999576, c= 0.06592499999999953, d= 0.07324999999999947 with timeout of 5s...
13-10-2024 20:05:53 - INFO - Setting Chmaber Zones to a= 0.05127499999999963, b= 0.058599999999999576, c= 0.06592499999999953, d= 0.07324999999999947 request successfully sent.
13-10-2024 20:05:53 - INFO - Response from moonraker: {'result': 'ok'}
13-10-2024 20:05:53 - INFO - Setting Chmaber Zones to a= 0.05127499999999963, b= 0.058599999999999576, c= 0.06592499999999953, d= 0.07324999999999947 Request successfully executed.
13-10-2024 20:05:54 - INFO - Sending request to Setting Chmaber Zones to a= 0.0, b= 0.0, c= 0.0, d= 0.0 with timeout of 5s...
13-10-2024 20:05:54 - INFO - Setting Chmaber Zones to a= 0.0, b= 0.0, c= 0.0, d= 0.0 request successfully sent.
13-10-2024 20:05:54 - INFO - Response from moonraker: {'result': 'ok'}
13-10-2024 20:05:54 - INFO - Setting Chmaber Zones to a= 0.0, b= 0.0, c= 0.0, d= 0.0 Request successfully executed.
13-10-2024 20:05:55 - INFO - Sending request to Setting Chmaber Zones to a= 0.06789999999999963, b= 0.07759999999999957, c= 0.0872999999999995, d= 0.09699999999999946 with timeout of 5s...
13-10-2024 20:05:55 - INFO - Setting Chmaber Zones to a= 0.06789999999999963, b= 0.07759999999999957, c= 0.0872999999999995, d= 0.09699999999999946 request successfully sent.
13-10-2024 20:05:55 - INFO - Response from moonraker: {'result': 'ok'}
13-10-2024 20:05:55 - INFO - Setting Chmaber Zones to a= 0.06789999999999963, b= 0.07759999999999957, c= 0.0872999999999995, d= 0.09699999999999946 Request successfully executed.
13-10-2024 20:05:56 - INFO - Sending request to Setting Chmaber Zones to a= 0.2764999999999988, b= 0.3159999999999986, c= 0.3554999999999985, d= 0.3949999999999983 with timeout of 5s...
13-10-2024 20:05:56 - INFO - Setting Chmaber Zones to a= 0.2764999999999988, b= 0.3159999999999986, c= 0.3554999999999985, d= 0.3949999999999983 request successfully sent.
13-10-2024 20:05:56 - INFO - Response from moonraker: {'result': 'ok'}
13-10-2024 20:05:56 - INFO - Setting Chmaber Zones to a= 0.2764999999999988, b= 0.3159999999999986, c= 0.3554999999999985, d= 0.3949999999999983 Request successfully executed.
13-10-2024 20:05:57 - INFO - Sending request to Setting Chmaber Zones to a= 0.2360750000000004, b= 0.2698000000000005, c= 0.30352500000000054, d= 0.3372500000000006 with timeout of 5s...
13-10-2024 20:05:57 - INFO - Setting Chmaber Zones to a= 0.2360750000000004, b= 0.2698000000000005, c= 0.30352500000000054, d= 0.3372500000000006 request successfully sent.
13-10-2024 20:05:57 - INFO - Response from moonraker: {'result': 'ok'}
13-10-2024 20:05:57 - INFO - Setting Chmaber Zones to a= 0.2360750000000004, b= 0.2698000000000005, c= 0.30352500000000054, d= 0.3372500000000006 Request successfully executed.
13-10-2024 20:05:58 - INFO - Sending request to Setting Chmaber Zones to a= 0.052499999999999, b= 0.05999999999999885, c= 0.06749999999999871, d= 0.07499999999999857 with timeout of 5s...
13-10-2024 20:05:58 - INFO - Setting Chmaber Zones to a= 0.052499999999999, b= 0.05999999999999885, c= 0.06749999999999871, d= 0.07499999999999857 request successfully sent.
13-10-2024 20:05:58 - INFO - Response from moonraker: {'result': 'ok'}
13-10-2024 20:05:58 - INFO - Setting Chmaber Zones to a= 0.052499999999999, b= 0.05999999999999885, c= 0.06749999999999871, d= 0.07499999999999857 Request successfully executed.
13-10-2024 20:05:59 - INFO - Sending request to Setting Chmaber Zones to a= 0.0, b= 0.0, c= 0.0, d= 0.0 with timeout of 5s...
13-10-2024 20:05:59 - INFO - Setting Chmaber Zones to a= 0.0, b= 0.0, c= 0.0, d= 0.0 request successfully sent.
13-10-2024 20:05:59 - INFO - Response from moonraker: {'result': 'ok'}
13-10-2024 20:05:59 - INFO - Setting Chmaber Zones to a= 0.0, b= 0.0, c= 0.0, d= 0.0 Request successfully executed.
13-10-2024 20:06:00 - INFO - Sending request to Setting Chmaber Zones to a= 0.10534999999999879, b= 0.12039999999999862, c= 0.13544999999999846, d= 0.15049999999999827 with timeout of 5s...
13-10-2024 20:06:00 - INFO - Setting Chmaber Zones to a= 0.10534999999999879, b= 0.12039999999999862, c= 0.13544999999999846, d= 0.15049999999999827 request successfully sent.
13-10-2024 20:06:00 - INFO - Response from moonraker: {'result': 'ok'}
13-10-2024 20:06:00 - INFO - Setting Chmaber Zones to a= 0.10534999999999879, b= 0.12039999999999862, c= 0.13544999999999846, d= 0.15049999999999827 Request successfully executed.
13-10-2024 20:06:01 - INFO - Sending request to Setting Chmaber Zones to a= 0.2780749999999992, b= 0.317799999999999, c= 0.3575249999999989, d= 0.3972499999999988 with timeout of 5s...
13-10-2024 20:06:01 - INFO - Setting Chmaber Zones to a= 0.2780749999999992, b= 0.317799999999999, c= 0.3575249999999989, d= 0.3972499999999988 request successfully sent.
13-10-2024 20:06:01 - INFO - Response from moonraker: {'result': 'ok'}
13-10-2024 20:06:01 - INFO - Setting Chmaber Zones to a= 0.2780749999999992, b= 0.317799999999999, c= 0.3575249999999989, d= 0.3972499999999988 Request successfully executed.
13-10-2024 20:06:02 - INFO - Sending request to Setting Chmaber Zones to a= 0.24954999999999913, b= 0.285199999999999, c= 0.32084999999999886, d= 0.35649999999999876 with timeout of 5s...
13-10-2024 20:06:02 - INFO - Setting Chmaber Zones to a= 0.24954999999999913, b= 0.285199999999999, c= 0.32084999999999886, d= 0.35649999999999876 request successfully sent.
13-10-2024 20:06:02 - INFO - Response from moonraker: {'result': 'ok'}
13-10-2024 20:06:02 - INFO - Setting Chmaber Zones to a= 0.24954999999999913, b= 0.285199999999999, c= 0.32084999999999886, d= 0.35649999999999876 Request successfully executed.
13-10-2024 20:06:03 - INFO - Sending request to Setting Chmaber Zones to a= 0.09187500000000037, b= 0.10500000000000043, c= 0.11812500000000048, d= 0.13125000000000053 with timeout of 5s...
13-10-2024 20:06:03 - INFO - Setting Chmaber Zones to a= 0.09187500000000037, b= 0.10500000000000043, c= 0.11812500000000048, d= 0.13125000000000053 request successfully sent.
13-10-2024 20:06:03 - INFO - Response from moonraker: {'result': 'ok'}
13-10-2024 20:06:03 - INFO - Setting Chmaber Zones to a= 0.09187500000000037, b= 0.10500000000000043, c= 0.11812500000000048, d= 0.13125000000000053 Request successfully executed.
13-10-2024 20:06:04 - INFO - Sending request to Setting Chmaber Zones to a= 0.0, b= 0.0, c= 0.0, d= 0.0 with timeout of 5s...
13-10-2024 20:06:04 - INFO - Setting Chmaber Zones to a= 0.0, b= 0.0, c= 0.0, d= 0.0 request successfully sent.
13-10-2024 20:06:04 - INFO - Response from moonraker: {'result': 'ok'}
13-10-2024 20:06:04 - INFO - Setting Chmaber Zones to a= 0.0, b= 0.0, c= 0.0, d= 0.0 Request successfully executed.
13-10-2024 20:06:05 - INFO - Sending request to Setting Chmaber Zones to a= 0.08032499999999876, b= 0.09179999999999858, c= 0.10327499999999841, d= 0.11474999999999821 with timeout of 5s...
13-10-2024 20:06:05 - INFO - Setting Chmaber Zones to a= 0.08032499999999876, b= 0.09179999999999858, c= 0.10327499999999841, d= 0.11474999999999821 request successfully sent.
13-10-2024 20:06:05 - INFO - Response from moonraker: {'result': 'ok'}
13-10-2024 20:06:05 - INFO - Setting Chmaber Zones to a= 0.08032499999999876, b= 0.09179999999999858, c= 0.10327499999999841, d= 0.11474999999999821 Request successfully executed.
13-10-2024 20:06:06 - INFO - Sending request to Setting Chmaber Zones to a= 0.3018749999999994, b= 0.3449999999999993, c= 0.3881249999999992, d= 0.43124999999999913 with timeout of 5s...
13-10-2024 20:06:06 - INFO - Setting Chmaber Zones to a= 0.3018749999999994, b= 0.3449999999999993, c= 0.3881249999999992, d= 0.43124999999999913 request successfully sent.
13-10-2024 20:06:06 - INFO - Response from moonraker: {'result': 'ok'}
13-10-2024 20:06:06 - INFO - Setting Chmaber Zones to a= 0.3018749999999994, b= 0.3449999999999993, c= 0.3881249999999992, d= 0.43124999999999913 Request successfully executed.
13-10-2024 20:06:07 - INFO - Sending request to Setting Chmaber Zones to a= 0.3130750000000002, b= 0.35780000000000023, c= 0.40252500000000024, d= 0.4472500000000002 with timeout of 5s...
13-10-2024 20:06:07 - INFO - Setting Chmaber Zones to a= 0.3130750000000002, b= 0.35780000000000023, c= 0.40252500000000024, d= 0.4472500000000002 request successfully sent.
13-10-2024 20:06:07 - INFO - Response from moonraker: {'result': 'ok'}
13-10-2024 20:06:07 - INFO - Setting Chmaber Zones to a= 0.3130750000000002, b= 0.35780000000000023, c= 0.40252500000000024, d= 0.4472500000000002 Request successfully executed.
13-10-2024 20:06:08 - INFO - Sending request to Setting Chmaber Zones to a= 0.09274999999999897, b= 0.10599999999999882, c= 0.11924999999999868, d= 0.13249999999999854 with timeout of 5s...
13-10-2024 20:06:08 - INFO - Setting Chmaber Zones to a= 0.09274999999999897, b= 0.10599999999999882, c= 0.11924999999999868, d= 0.13249999999999854 request successfully sent.
13-10-2024 20:06:08 - INFO - Response from moonraker: {'result': 'ok'}
13-10-2024 20:06:08 - INFO - Setting Chmaber Zones to a= 0.09274999999999897, b= 0.10599999999999882, c= 0.11924999999999868, d= 0.13249999999999854 Request successfully executed.
13-10-2024 20:06:09 - INFO - Sending request to Setting Chmaber Zones to a= 0.0, b= 0.0, c= 0.0, d= 0.0 with timeout of 5s...
13-10-2024 20:06:09 - INFO - Setting Chmaber Zones to a= 0.0, b= 0.0, c= 0.0, d= 0.0 request successfully sent.
13-10-2024 20:06:09 - INFO - Response from moonraker: {'result': 'ok'}
13-10-2024 20:06:09 - INFO - Setting Chmaber Zones to a= 0.0, b= 0.0, c= 0.0, d= 0.0 Request successfully executed.
13-10-2024 20:06:10 - INFO - Sending request to Setting Chmaber Zones to a= 0.02047499999999977, b= 0.02339999999999974, c= 0.02632499999999971, d= 0.029249999999999676 with timeout of 5s...
13-10-2024 20:06:10 - INFO - Setting Chmaber Zones to a= 0.02047499999999977, b= 0.02339999999999974, c= 0.02632499999999971, d= 0.029249999999999676 request successfully sent.
13-10-2024 20:06:10 - INFO - Response from moonraker: {'result': 'ok'}
13-10-2024 20:06:10 - INFO - Setting Chmaber Zones to a= 0.02047499999999977, b= 0.02339999999999974, c= 0.02632499999999971, d= 0.029249999999999676 Request successfully executed.
13-10-2024 20:06:11 - INFO - Sending request to Setting Chmaber Zones to a= 0.17867499999999958, b= 0.2041999999999995, c= 0.22972499999999943, d= 0.25524999999999937 with timeout of 5s...
13-10-2024 20:06:11 - INFO - Setting Chmaber Zones to a= 0.17867499999999958, b= 0.2041999999999995, c= 0.22972499999999943, d= 0.25524999999999937 request successfully sent.
13-10-2024 20:06:11 - INFO - Response from moonraker: {'result': 'ok'}
13-10-2024 20:06:11 - INFO - Setting Chmaber Zones to a= 0.17867499999999958, b= 0.2041999999999995, c= 0.22972499999999943, d= 0.25524999999999937 Request successfully executed.
13-10-2024 20:06:12 - INFO - Sending request to Setting Chmaber Zones to a= 0.24027500000000004, b= 0.27460000000000007, c= 0.30892500000000006, d= 0.34325000000000006 with timeout of 5s...
13-10-2024 20:06:12 - INFO - Setting Chmaber Zones to a= 0.24027500000000004, b= 0.27460000000000007, c= 0.30892500000000006, d= 0.34325000000000006 request successfully sent.
13-10-2024 20:06:12 - INFO - Response from moonraker: {'result': 'ok'}
13-10-2024 20:06:12 - INFO - Setting Chmaber Zones to a= 0.24027500000000004, b= 0.27460000000000007, c= 0.30892500000000006, d= 0.34325000000000006 Request successfully executed.
13-10-2024 20:06:13 - INFO - Sending request to Setting Chmaber Zones to a= 0.2365999999999991, b= 0.270399999999999, c= 0.3041999999999988, d= 0.3379999999999987 with timeout of 5s...
13-10-2024 20:06:13 - INFO - Setting Chmaber Zones to a= 0.2365999999999991, b= 0.270399999999999, c= 0.3041999999999988, d= 0.3379999999999987 request successfully sent.
13-10-2024 20:06:13 - INFO - Response from moonraker: {'result': 'ok'}
13-10-2024 20:06:13 - INFO - Setting Chmaber Zones to a= 0.2365999999999991, b= 0.270399999999999, c= 0.3041999999999988, d= 0.3379999999999987 Request successfully executed.
13-10-2024 20:06:14 - INFO - Sending request to Setting Chmaber Zones to a= 0.18304999999999916, b= 0.20919999999999903, c= 0.2353499999999989, d= 0.2614999999999988 with timeout of 5s...
13-10-2024 20:06:14 - INFO - Setting Chmaber Zones to a= 0.18304999999999916, b= 0.20919999999999903, c= 0.2353499999999989, d= 0.2614999999999988 request successfully sent.
13-10-2024 20:06:14 - INFO - Response from moonraker: {'result': 'ok'}
13-10-2024 20:06:14 - INFO - Setting Chmaber Zones to a= 0.18304999999999916, b= 0.20919999999999903, c= 0.2353499999999989, d= 0.2614999999999988 Request successfully executed.
13-10-2024 20:06:15 - INFO - Sending request to Setting Chmaber Zones to a= 0.051274999999999134, b= 0.05859999999999901, c= 0.06592499999999889, d= 0.07324999999999876 with timeout of 5s...
13-10-2024 20:06:15 - INFO - Setting Chmaber Zones to a= 0.051274999999999134, b= 0.05859999999999901, c= 0.06592499999999889, d= 0.07324999999999876 request successfully sent.
13-10-2024 20:06:15 - INFO - Response from moonraker: {'result': 'ok'}
13-10-2024 20:06:15 - INFO - Setting Chmaber Zones to a= 0.051274999999999134, b= 0.05859999999999901, c= 0.06592499999999889, d= 0.07324999999999876 Request successfully executed.
13-10-2024 20:06:16 - INFO - Sending request to Setting Chmaber Zones to a= 0.04515000000000002, b= 0.05160000000000002, c= 0.058050000000000025, d= 0.06450000000000003 with timeout of 5s...
13-10-2024 20:06:16 - INFO - Setting Chmaber Zones to a= 0.04515000000000002, b= 0.05160000000000002, c= 0.058050000000000025, d= 0.06450000000000003 request successfully sent.
13-10-2024 20:06:16 - INFO - Response from moonraker: {'result': 'ok'}
13-10-2024 20:06:16 - INFO - Setting Chmaber Zones to a= 0.04515000000000002, b= 0.05160000000000002, c= 0.058050000000000025, d= 0.06450000000000003 Request successfully executed.
13-10-2024 20:06:17 - INFO - Sending request to Setting Chmaber Zones to a= 0.15224999999999952, b= 0.17399999999999946, c= 0.1957499999999994, d= 0.21749999999999928 with timeout of 5s...
13-10-2024 20:06:17 - INFO - Setting Chmaber Zones to a= 0.15224999999999952, b= 0.17399999999999946, c= 0.1957499999999994, d= 0.21749999999999928 request successfully sent.
13-10-2024 20:06:17 - INFO - Response from moonraker: {'result': 'ok'}
13-10-2024 20:06:17 - INFO - Setting Chmaber Zones to a= 0.15224999999999952, b= 0.17399999999999946, c= 0.1957499999999994, d= 0.21749999999999928 Request successfully executed.
13-10-2024 20:06:18 - INFO - Sending request to Setting Chmaber Zones to a= 0.2894499999999993, b= 0.3307999999999992, c= 0.3721499999999991, d= 0.41349999999999903 with timeout of 5s...
13-10-2024 20:06:18 - INFO - Setting Chmaber Zones to a= 0.2894499999999993, b= 0.3307999999999992, c= 0.3721499999999991, d= 0.41349999999999903 request successfully sent.
13-10-2024 20:06:18 - INFO - Response from moonraker: {'result': 'ok'}
13-10-2024 20:06:18 - INFO - Setting Chmaber Zones to a= 0.2894499999999993, b= 0.3307999999999992, c= 0.3721499999999991, d= 0.41349999999999903 Request successfully executed.
13-10-2024 20:06:19 - INFO - Sending request to Setting Chmaber Zones to a= 0.34124999999999955, b= 0.3899999999999995, c= 0.4387499999999994, d= 0.4874999999999994 with timeout of 5s...
13-10-2024 20:06:19 - INFO - Setting Chmaber Zones to a= 0.34124999999999955, b= 0.3899999999999995, c= 0.4387499999999994, d= 0.4874999999999994 request successfully sent.
13-10-2024 20:06:19 - INFO - Response from moonraker: {'result': 'ok'}
13-10-2024 20:06:19 - INFO - Setting Chmaber Zones to a= 0.34124999999999955, b= 0.3899999999999995, c= 0.4387499999999994, d= 0.4874999999999994 Request successfully executed.
13-10-2024 20:06:20 - INFO - Sending request to Setting Chmaber Zones to a= 0.24622499999999953, b= 0.2813999999999995, c= 0.31657499999999944, d= 0.35174999999999934 with timeout of 5s...
13-10-2024 20:06:20 - INFO - Setting Chmaber Zones to a= 0.24622499999999953, b= 0.2813999999999995, c= 0.31657499999999944, d= 0.35174999999999934 request successfully sent.
13-10-2024 20:06:20 - INFO - Response from moonraker: {'result': 'ok'}
13-10-2024 20:06:20 - INFO - Setting Chmaber Zones to a= 0.24622499999999953, b= 0.2813999999999995, c= 0.31657499999999944, d= 0.35174999999999934 Request successfully executed.
13-10-2024 20:06:21 - INFO - Sending request to Setting Chmaber Zones to a= 0.10009999999999955, b= 0.11439999999999947, c= 0.1286999999999994, d= 0.14299999999999935 with timeout of 5s...
13-10-2024 20:06:21 - INFO - Setting Chmaber Zones to a= 0.10009999999999955, b= 0.11439999999999947, c= 0.1286999999999994, d= 0.14299999999999935 request successfully sent.
13-10-2024 20:06:21 - INFO - Response from moonraker: {'result': 'ok'}
13-10-2024 20:06:21 - INFO - Setting Chmaber Zones to a= 0.10009999999999955, b= 0.11439999999999947, c= 0.1286999999999994, d= 0.14299999999999935 Request successfully executed.
13-10-2024 20:06:22 - INFO - Sending request to Setting Chmaber Zones to a= 0.0, b= 0.0, c= 0.0, d= 0.0 with timeout of 5s...
13-10-2024 20:06:22 - INFO - Setting Chmaber Zones to a= 0.0, b= 0.0, c= 0.0, d= 0.0 request successfully sent.
13-10-2024 20:06:22 - INFO - Response from moonraker: {'result': 'ok'}
13-10-2024 20:06:22 - INFO - Setting Chmaber Zones to a= 0.0, b= 0.0, c= 0.0, d= 0.0 Request successfully executed.
13-10-2024 20:06:23 - INFO - Sending request to Setting Chmaber Zones to a= 0.00577499999999907, b= 0.0065999999999989374, c= 0.007424999999998805, d= 0.008249999999998672 with timeout of 5s...
13-10-2024 20:06:23 - INFO - Setting Chmaber Zones to a= 0.00577499999999907, b= 0.0065999999999989374, c= 0.007424999999998805, d= 0.008249999999998672 request successfully sent.
13-10-2024 20:06:23 - INFO - Response from moonraker: {'result': 'ok'}
13-10-2024 20:06:23 - INFO - Setting Chmaber Zones to a= 0.00577499999999907, b= 0.0065999999999989374, c= 0.007424999999998805, d= 0.008249999999998672 Request successfully executed.
13-10-2024 20:06:24 - INFO - Sending request to Setting Chmaber Zones to a= 0.17867499999999908, b= 0.20419999999999894, c= 0.22972499999999882, d= 0.2552499999999987 with timeout of 5s...
13-10-2024 20:06:24 - INFO - Setting Chmaber Zones to a= 0.17867499999999908, b= 0.20419999999999894, c= 0.22972499999999882, d= 0.2552499999999987 request successfully sent.
13-10-2024 20:06:24 - INFO - Response from moonraker: {'result': 'ok'}
13-10-2024 20:06:24 - INFO - Setting Chmaber Zones to a= 0.17867499999999908, b= 0.20419999999999894, c= 0.22972499999999882, d= 0.2552499999999987 Request successfully executed.
13-10-2024 20:06:25 - INFO - Sending request to Setting Chmaber Zones to a= 0.26162499999999933, b= 0.2989999999999992, c= 0.3363749999999991, d= 0.373749999999999 with timeout of 5s...
13-10-2024 20:06:25 - INFO - Setting Chmaber Zones to a= 0.26162499999999933, b= 0.2989999999999992, c= 0.3363749999999991, d= 0.373749999999999 request successfully sent.
13-10-2024 20:06:25 - INFO - Response from moonraker: {'result': 'ok'}
13-10-2024 20:06:25 - INFO - Setting Chmaber Zones to a= 0.26162499999999933, b= 0.2989999999999992, c= 0.3363749999999991, d= 0.373749999999999 Request successfully executed.
13-10-2024 20:06:26 - INFO - Sending request to Setting Chmaber Zones to a= 0.303799999999999, b= 0.34719999999999884, c= 0.3905999999999987, d= 0.4339999999999986 with timeout of 5s...
13-10-2024 20:06:26 - INFO - Setting Chmaber Zones to a= 0.303799999999999, b= 0.34719999999999884, c= 0.3905999999999987, d= 0.4339999999999986 request successfully sent.
13-10-2024 20:06:26 - INFO - Response from moonraker: {'result': 'ok'}
13-10-2024 20:06:26 - INFO - Setting Chmaber Zones to a= 0.303799999999999, b= 0.34719999999999884, c= 0.3905999999999987, d= 0.4339999999999986 Request successfully executed.
13-10-2024 20:06:27 - INFO - Sending request to Setting Chmaber Zones to a= 0.21559999999999976, b= 0.24639999999999973, c= 0.2771999999999997, d= 0.30799999999999966 with timeout of 5s...
13-10-2024 20:06:27 - INFO - Setting Chmaber Zones to a= 0.21559999999999976, b= 0.24639999999999973, c= 0.2771999999999997, d= 0.30799999999999966 request successfully sent.
13-10-2024 20:06:27 - INFO - Response from moonraker: {'result': 'ok'}
13-10-2024 20:06:27 - INFO - Setting Chmaber Zones to a= 0.21559999999999976, b= 0.24639999999999973, c= 0.2771999999999997, d= 0.30799999999999966 Request successfully executed.
13-10-2024 20:06:28 - INFO - Sending request to Setting Chmaber Zones to a= 0.11112499999999946, b= 0.1269999999999994, c= 0.1428749999999993, d= 0.15874999999999923 with timeout of 5s...
13-10-2024 20:06:28 - INFO - Setting Chmaber Zones to a= 0.11112499999999946, b= 0.1269999999999994, c= 0.1428749999999993, d= 0.15874999999999923 request successfully sent.
13-10-2024 20:06:28 - INFO - Response from moonraker: {'result': 'ok'}
13-10-2024 20:06:28 - INFO - Setting Chmaber Zones to a= 0.11112499999999946, b= 0.1269999999999994, c= 0.1428749999999993, d= 0.15874999999999923 Request successfully executed.
13-10-2024 20:06:29 - INFO - Sending request to Setting Chmaber Zones to a= 0.0036749999999992344, b= 0.0041999999999991254, c= 0.0047249999999990164, d= 0.005249999999998907 with timeout of 5s...
13-10-2024 20:06:29 - INFO - Setting Chmaber Zones to a= 0.0036749999999992344, b= 0.0041999999999991254, c= 0.0047249999999990164, d= 0.005249999999998907 request successfully sent.
13-10-2024 20:06:29 - INFO - Response from moonraker: {'result': 'ok'}
13-10-2024 20:06:29 - INFO - Setting Chmaber Zones to a= 0.0036749999999992344, b= 0.0041999999999991254, c= 0.0047249999999990164, d= 0.005249999999998907 Request successfully executed.
13-10-2024 20:06:30 - INFO - Sending request to Setting Chmaber Zones to a= 0.056174999999999954, b= 0.06419999999999995, c= 0.07222499999999994, d= 0.08024999999999993 with timeout of 5s...
13-10-2024 20:06:30 - INFO - Setting Chmaber Zones to a= 0.056174999999999954, b= 0.06419999999999995, c= 0.07222499999999994, d= 0.08024999999999993 request successfully sent.
13-10-2024 20:06:30 - INFO - Response from moonraker: {'result': 'ok'}
13-10-2024 20:06:30 - INFO - Setting Chmaber Zones to a= 0.056174999999999954, b= 0.06419999999999995, c= 0.07222499999999994, d= 0.08024999999999993 Request successfully executed.
13-10-2024 20:06:31 - INFO - Sending request to Setting Chmaber Zones to a= 0.20107499999999923, b= 0.22979999999999912, c= 0.258524999999999, d= 0.2872499999999989 with timeout of 5s...
13-10-2024 20:06:31 - INFO - Setting Chmaber Zones to a= 0.20107499999999923, b= 0.22979999999999912, c= 0.258524999999999, d= 0.2872499999999989 request successfully sent.
13-10-2024 20:06:31 - INFO - Response from moonraker: {'result': 'ok'}
13-10-2024 20:06:31 - INFO - Setting Chmaber Zones to a= 0.20107499999999923, b= 0.22979999999999912, c= 0.258524999999999, d= 0.2872499999999989 Request successfully executed.
13-10-2024 20:06:32 - INFO - Sending request to Setting Chmaber Zones to a= 0.3113249999999993, b= 0.35579999999999923, c= 0.4002749999999991, d= 0.4447499999999989 with timeout of 5s...
13-10-2024 20:06:32 - INFO - Setting Chmaber Zones to a= 0.3113249999999993, b= 0.35579999999999923, c= 0.4002749999999991, d= 0.4447499999999989 request successfully sent.
13-10-2024 20:06:32 - INFO - Response from moonraker: {'result': 'ok'}
13-10-2024 20:06:32 - INFO - Setting Chmaber Zones to a= 0.3113249999999993, b= 0.35579999999999923, c= 0.4002749999999991, d= 0.4447499999999989 Request successfully executed.
13-10-2024 20:06:33 - INFO - Sending request to Setting Chmaber Zones to a= 0.3531499999999991, b= 0.40359999999999885, c= 0.45404999999999873, d= 0.5044999999999986 with timeout of 5s...
13-10-2024 20:06:33 - INFO - Setting Chmaber Zones to a= 0.3531499999999991, b= 0.40359999999999885, c= 0.45404999999999873, d= 0.5044999999999986 request successfully sent.
13-10-2024 20:06:33 - INFO - Response from moonraker: {'result': 'ok'}
13-10-2024 20:06:33 - INFO - Setting Chmaber Zones to a= 0.3531499999999991, b= 0.40359999999999885, c= 0.45404999999999873, d= 0.5044999999999986 Request successfully executed.
13-10-2024 20:06:35 - INFO - Sending request to Setting Chmaber Zones to a= 0.0, b= 0.0, c= 0.0, d= 0.0 with timeout of 5s...
13-10-2024 20:06:35 - INFO - Setting Chmaber Zones to a= 0.0, b= 0.0, c= 0.0, d= 0.0 request successfully sent.
13-10-2024 20:06:35 - INFO - Response from moonraker: {'result': 'ok'}
13-10-2024 20:06:35 - INFO - Setting Chmaber Zones to a= 0.0, b= 0.0, c= 0.0, d= 0.0 Request successfully executed.
13-10-2024 20:06:36 - INFO - Sending request to Setting Chmaber Zones to a= 0.0, b= 0.0, c= 0.0, d= 0.0 with timeout of 5s...
13-10-2024 20:06:36 - INFO - Setting Chmaber Zones to a= 0.0, b= 0.0, c= 0.0, d= 0.0 request successfully sent.
13-10-2024 20:06:36 - INFO - Response from moonraker: {'result': 'ok'}
13-10-2024 20:06:36 - INFO - Setting Chmaber Zones to a= 0.0, b= 0.0, c= 0.0, d= 0.0 Request successfully executed.
13-10-2024 20:06:37 - INFO - Sending request to Setting Chmaber Zones to a= 0.0, b= 0.0, c= 0.0, d= 0.0 with timeout of 5s...
13-10-2024 20:06:37 - INFO - Setting Chmaber Zones to a= 0.0, b= 0.0, c= 0.0, d= 0.0 request successfully sent.
13-10-2024 20:06:37 - INFO - Response from moonraker: {'result': 'ok'}
13-10-2024 20:06:37 - INFO - Setting Chmaber Zones to a= 0.0, b= 0.0, c= 0.0, d= 0.0 Request successfully executed.
13-10-2024 20:06:38 - INFO - Sending request to Setting Chmaber Zones to a= 0.7, b= 0.8, c= 0.9, d= 1.0 with timeout of 5s...
13-10-2024 20:06:38 - INFO - Setting Chmaber Zones to a= 0.7, b= 0.8, c= 0.9, d= 1.0 request successfully sent.
13-10-2024 20:06:38 - INFO - Response from moonraker: {'result': 'ok'}
13-10-2024 20:06:38 - INFO - Setting Chmaber Zones to a= 0.7, b= 0.8, c= 0.9, d= 1.0 Request successfully executed.
13-10-2024 20:06:39 - INFO - Sending request to Setting Chmaber Zones to a= 0.7, b= 0.8, c= 0.9, d= 1.0 with timeout of 5s...
13-10-2024 20:06:39 - INFO - Setting Chmaber Zones to a= 0.7, b= 0.8, c= 0.9, d= 1.0 request successfully sent.
13-10-2024 20:06:39 - INFO - Response from moonraker: {'result': 'ok'}
13-10-2024 20:06:39 - INFO - Setting Chmaber Zones to a= 0.7, b= 0.8, c= 0.9, d= 1.0 Request successfully executed.
13-10-2024 20:06:40 - INFO - Sending request to Setting Chmaber Zones to a= 0.0, b= 0.0, c= 0.0, d= 0.0 with timeout of 5s...
13-10-2024 20:06:40 - INFO - Setting Chmaber Zones to a= 0.0, b= 0.0, c= 0.0, d= 0.0 request successfully sent.
13-10-2024 20:06:40 - INFO - Response from moonraker: {'result': 'ok'}
13-10-2024 20:06:40 - INFO - Setting Chmaber Zones to a= 0.0, b= 0.0, c= 0.0, d= 0.0 Request successfully executed.
13-10-2024 20:06:41 - INFO - Sending request to Setting Chmaber Zones to a= 0.0, b= 0.0, c= 0.0, d= 0.0 with timeout of 5s...
13-10-2024 20:06:41 - INFO - Setting Chmaber Zones to a= 0.0, b= 0.0, c= 0.0, d= 0.0 request successfully sent.
13-10-2024 20:06:41 - INFO - Response from moonraker: {'result': 'ok'}
13-10-2024 20:06:41 - INFO - Setting Chmaber Zones to a= 0.0, b= 0.0, c= 0.0, d= 0.0 Request successfully executed.
13-10-2024 20:06:42 - INFO - Sending request to Setting Chmaber Zones to a= 0.18934999999999516, b= 0.21639999999999446, c= 0.24344999999999378, d= 0.2704999999999931 with timeout of 5s...
13-10-2024 20:06:42 - INFO - Setting Chmaber Zones to a= 0.18934999999999516, b= 0.21639999999999446, c= 0.24344999999999378, d= 0.2704999999999931 request successfully sent.
13-10-2024 20:06:42 - INFO - Response from moonraker: {'result': 'ok'}
13-10-2024 20:06:42 - INFO - Setting Chmaber Zones to a= 0.18934999999999516, b= 0.21639999999999446, c= 0.24344999999999378, d= 0.2704999999999931 Request successfully executed.
13-10-2024 20:06:43 - INFO - Sending request to Setting Chmaber Zones to a= 0.7, b= 0.8, c= 0.9, d= 1.0 with timeout of 5s...
13-10-2024 20:06:43 - INFO - Setting Chmaber Zones to a= 0.7, b= 0.8, c= 0.9, d= 1.0 request successfully sent.
13-10-2024 20:06:43 - INFO - Response from moonraker: {'result': 'ok'}
13-10-2024 20:06:43 - INFO - Setting Chmaber Zones to a= 0.7, b= 0.8, c= 0.9, d= 1.0 Request successfully executed.
13-10-2024 20:06:44 - INFO - Sending request to Setting Chmaber Zones to a= 0.7, b= 0.8, c= 0.9, d= 1.0 with timeout of 5s...
13-10-2024 20:06:44 - INFO - Setting Chmaber Zones to a= 0.7, b= 0.8, c= 0.9, d= 1.0 request successfully sent.
13-10-2024 20:06:44 - INFO - Response from moonraker: {'result': 'ok'}
13-10-2024 20:06:44 - INFO - Setting Chmaber Zones to a= 0.7, b= 0.8, c= 0.9, d= 1.0 Request successfully executed.
13-10-2024 20:06:45 - INFO - Sending request to Setting Chmaber Zones to a= 0.0, b= 0.0, c= 0.0, d= 0.0 with timeout of 5s...
13-10-2024 20:06:45 - INFO - Setting Chmaber Zones to a= 0.0, b= 0.0, c= 0.0, d= 0.0 request successfully sent.
13-10-2024 20:06:45 - INFO - Response from moonraker: {'result': 'ok'}
13-10-2024 20:06:45 - INFO - Setting Chmaber Zones to a= 0.0, b= 0.0, c= 0.0, d= 0.0 Request successfully executed.
13-10-2024 20:06:46 - INFO - Sending request to Setting Chmaber Zones to a= 0.0, b= 0.0, c= 0.0, d= 0.0 with timeout of 5s...
13-10-2024 20:06:46 - INFO - Setting Chmaber Zones to a= 0.0, b= 0.0, c= 0.0, d= 0.0 request successfully sent.
13-10-2024 20:06:46 - INFO - Response from moonraker: {'result': 'ok'}
13-10-2024 20:06:46 - INFO - Setting Chmaber Zones to a= 0.0, b= 0.0, c= 0.0, d= 0.0 Request successfully executed.
13-10-2024 20:06:47 - INFO - Sending request to Setting Chmaber Zones to a= 0.7, b= 0.8, c= 0.9, d= 1.0 with timeout of 5s...
13-10-2024 20:06:47 - INFO - Setting Chmaber Zones to a= 0.7, b= 0.8, c= 0.9, d= 1.0 request successfully sent.
13-10-2024 20:06:47 - INFO - Response from moonraker: {'result': 'ok'}
13-10-2024 20:06:47 - INFO - Setting Chmaber Zones to a= 0.7, b= 0.8, c= 0.9, d= 1.0 Request successfully executed.
13-10-2024 20:06:48 - INFO - Sending request to Setting Chmaber Zones to a= 0.7, b= 0.8, c= 0.9, d= 1.0 with timeout of 5s...
13-10-2024 20:06:48 - INFO - Setting Chmaber Zones to a= 0.7, b= 0.8, c= 0.9, d= 1.0 request successfully sent.
13-10-2024 20:06:48 - INFO - Response from moonraker: {'result': 'ok'}
13-10-2024 20:06:48 - INFO - Setting Chmaber Zones to a= 0.7, b= 0.8, c= 0.9, d= 1.0 Request successfully executed.
13-10-2024 20:06:49 - INFO - Sending request to Setting Chmaber Zones to a= 0.0, b= 0.0, c= 0.0, d= 0.0 with timeout of 5s...
13-10-2024 20:06:49 - INFO - Setting Chmaber Zones to a= 0.0, b= 0.0, c= 0.0, d= 0.0 request successfully sent.
13-10-2024 20:06:49 - INFO - Response from moonraker: {'result': 'ok'}
13-10-2024 20:06:49 - INFO - Setting Chmaber Zones to a= 0.0, b= 0.0, c= 0.0, d= 0.0 Request successfully executed.
13-10-2024 20:06:50 - INFO - Sending request to Setting Chmaber Zones to a= 0.0, b= 0.0, c= 0.0, d= 0.0 with timeout of 5s...
13-10-2024 20:06:50 - INFO - Setting Chmaber Zones to a= 0.0, b= 0.0, c= 0.0, d= 0.0 request successfully sent.
13-10-2024 20:06:50 - INFO - Response from moonraker: {'result': 'ok'}
13-10-2024 20:06:50 - INFO - Setting Chmaber Zones to a= 0.0, b= 0.0, c= 0.0, d= 0.0 Request successfully executed.
13-10-2024 20:06:51 - INFO - Sending request to Setting Chmaber Zones to a= 0.0, b= 0.0, c= 0.0, d= 0.0 with timeout of 5s...
13-10-2024 20:06:51 - INFO - Setting Chmaber Zones to a= 0.0, b= 0.0, c= 0.0, d= 0.0 request successfully sent.
13-10-2024 20:06:51 - INFO - Response from moonraker: {'result': 'ok'}
13-10-2024 20:06:51 - INFO - Setting Chmaber Zones to a= 0.0, b= 0.0, c= 0.0, d= 0.0 Request successfully executed.
13-10-2024 20:06:52 - INFO - Sending request to Setting Chmaber Zones to a= 0.7, b= 0.8, c= 0.9, d= 1.0 with timeout of 5s...
13-10-2024 20:06:52 - INFO - Setting Chmaber Zones to a= 0.7, b= 0.8, c= 0.9, d= 1.0 request successfully sent.
13-10-2024 20:06:52 - INFO - Response from moonraker: {'result': 'ok'}
13-10-2024 20:06:52 - INFO - Setting Chmaber Zones to a= 0.7, b= 0.8, c= 0.9, d= 1.0 Request successfully executed.
13-10-2024 20:06:53 - INFO - Sending request to Setting Chmaber Zones to a= 0.7, b= 0.8, c= 0.9, d= 1.0 with timeout of 5s...
13-10-2024 20:06:53 - INFO - Setting Chmaber Zones to a= 0.7, b= 0.8, c= 0.9, d= 1.0 request successfully sent.
13-10-2024 20:06:53 - INFO - Response from moonraker: {'result': 'ok'}
13-10-2024 20:06:53 - INFO - Setting Chmaber Zones to a= 0.7, b= 0.8, c= 0.9, d= 1.0 Request successfully executed.
13-10-2024 20:06:54 - INFO - Sending request to Setting Chmaber Zones to a= 0.0, b= 0.0, c= 0.0, d= 0.0 with timeout of 5s...
13-10-2024 20:06:54 - INFO - Setting Chmaber Zones to a= 0.0, b= 0.0, c= 0.0, d= 0.0 request successfully sent.
13-10-2024 20:06:54 - INFO - Response from moonraker: {'result': 'ok'}
13-10-2024 20:06:54 - INFO - Setting Chmaber Zones to a= 0.0, b= 0.0, c= 0.0, d= 0.0 Request successfully executed.
13-10-2024 20:06:55 - INFO - Sending request to Setting Chmaber Zones to a= 0.0, b= 0.0, c= 0.0, d= 0.0 with timeout of 5s...
13-10-2024 20:06:55 - INFO - Setting Chmaber Zones to a= 0.0, b= 0.0, c= 0.0, d= 0.0 request successfully sent.
13-10-2024 20:06:55 - INFO - Response from moonraker: {'result': 'ok'}
13-10-2024 20:06:55 - INFO - Setting Chmaber Zones to a= 0.0, b= 0.0, c= 0.0, d= 0.0 Request successfully executed.
13-10-2024 20:06:56 - INFO - Sending request to Setting Chmaber Zones to a= 0.7, b= 0.8, c= 0.9, d= 1.0 with timeout of 5s...
13-10-2024 20:06:56 - INFO - Setting Chmaber Zones to a= 0.7, b= 0.8, c= 0.9, d= 1.0 request successfully sent.
13-10-2024 20:06:56 - INFO - Response from moonraker: {'result': 'ok'}
13-10-2024 20:06:56 - INFO - Setting Chmaber Zones to a= 0.7, b= 0.8, c= 0.9, d= 1.0 Request successfully executed.
13-10-2024 20:06:57 - INFO - Sending request to Setting Chmaber Zones to a= 0.7, b= 0.8, c= 0.9, d= 1.0 with timeout of 5s...
13-10-2024 20:06:57 - INFO - Setting Chmaber Zones to a= 0.7, b= 0.8, c= 0.9, d= 1.0 request successfully sent.
13-10-2024 20:06:57 - INFO - Response from moonraker: {'result': 'ok'}
13-10-2024 20:06:57 - INFO - Setting Chmaber Zones to a= 0.7, b= 0.8, c= 0.9, d= 1.0 Request successfully executed.
13-10-2024 20:06:58 - INFO - Sending request to Setting Chmaber Zones to a= 0.0, b= 0.0, c= 0.0, d= 0.0 with timeout of 5s...
13-10-2024 20:06:58 - INFO - Setting Chmaber Zones to a= 0.0, b= 0.0, c= 0.0, d= 0.0 request successfully sent.
13-10-2024 20:06:58 - INFO - Response from moonraker: {'result': 'ok'}
13-10-2024 20:06:58 - INFO - Setting Chmaber Zones to a= 0.0, b= 0.0, c= 0.0, d= 0.0 Request successfully executed.
13-10-2024 20:07:01 - INFO - Sending request to Setting Chmaber Zones to a= 0.0, b= 0.0, c= 0.0, d= 0.0 with timeout of 5s...
13-10-2024 20:07:01 - INFO - Setting Chmaber Zones to a= 0.0, b= 0.0, c= 0.0, d= 0.0 request successfully sent.
13-10-2024 20:07:01 - INFO - Response from moonraker: {'result': 'ok'}
13-10-2024 20:07:01 - INFO - Setting Chmaber Zones to a= 0.0, b= 0.0, c= 0.0, d= 0.0 Request successfully executed.
13-10-2024 20:07:02 - INFO - Sending request to Setting Chmaber Zones to a= 0.0, b= 0.0, c= 0.0, d= 0.0 with timeout of 5s...
13-10-2024 20:07:02 - INFO - Setting Chmaber Zones to a= 0.0, b= 0.0, c= 0.0, d= 0.0 request successfully sent.
13-10-2024 20:07:02 - INFO - Response from moonraker: {'result': 'ok'}
13-10-2024 20:07:02 - INFO - Setting Chmaber Zones to a= 0.0, b= 0.0, c= 0.0, d= 0.0 Request successfully executed.
13-10-2024 20:07:03 - INFO - Sending request to Setting Chmaber Zones to a= 0.0, b= 0.0, c= 0.0, d= 0.0 with timeout of 5s...
13-10-2024 20:07:03 - INFO - Setting Chmaber Zones to a= 0.0, b= 0.0, c= 0.0, d= 0.0 request successfully sent.
13-10-2024 20:07:03 - INFO - Response from moonraker: {'result': 'ok'}
13-10-2024 20:07:03 - INFO - Setting Chmaber Zones to a= 0.0, b= 0.0, c= 0.0, d= 0.0 Request successfully executed.
13-10-2024 20:07:04 - INFO - Sending request to Setting Chmaber Zones to a= 0.0, b= 0.0, c= 0.0, d= 0.0 with timeout of 5s...
13-10-2024 20:07:04 - INFO - Setting Chmaber Zones to a= 0.0, b= 0.0, c= 0.0, d= 0.0 request successfully sent.
13-10-2024 20:07:04 - INFO - Response from moonraker: {'result': 'ok'}
13-10-2024 20:07:04 - INFO - Setting Chmaber Zones to a= 0.0, b= 0.0, c= 0.0, d= 0.0 Request successfully executed.
13-10-2024 20:07:05 - INFO - Sending request to Setting Chmaber Zones to a= 0.061424999999999244, b= 0.07019999999999914, c= 0.07897499999999903, d= 0.08774999999999893 with timeout of 5s...
13-10-2024 20:07:05 - INFO - Setting Chmaber Zones to a= 0.061424999999999244, b= 0.07019999999999914, c= 0.07897499999999903, d= 0.08774999999999893 request successfully sent.
13-10-2024 20:07:05 - INFO - Response from moonraker: {'result': 'ok'}
13-10-2024 20:07:05 - INFO - Setting Chmaber Zones to a= 0.061424999999999244, b= 0.07019999999999914, c= 0.07897499999999903, d= 0.08774999999999893 Request successfully executed.
13-10-2024 20:07:06 - INFO - Sending request to Setting Chmaber Zones to a= 0.11497499999999977, b= 0.13139999999999974, c= 0.1478249999999997, d= 0.16424999999999967 with timeout of 5s...
13-10-2024 20:07:06 - INFO - Setting Chmaber Zones to a= 0.11497499999999977, b= 0.13139999999999974, c= 0.1478249999999997, d= 0.16424999999999967 request successfully sent.
13-10-2024 20:07:06 - INFO - Response from moonraker: {'result': 'ok'}
13-10-2024 20:07:06 - INFO - Setting Chmaber Zones to a= 0.11497499999999977, b= 0.13139999999999974, c= 0.1478249999999997, d= 0.16424999999999967 Request successfully executed.
13-10-2024 20:07:07 - INFO - Sending request to Setting Chmaber Zones to a= 0.11934999999999996, b= 0.13639999999999994, c= 0.15344999999999995, d= 0.17049999999999993 with timeout of 5s...
13-10-2024 20:07:07 - INFO - Setting Chmaber Zones to a= 0.11934999999999996, b= 0.13639999999999994, c= 0.15344999999999995, d= 0.17049999999999993 request successfully sent.
13-10-2024 20:07:07 - INFO - Response from moonraker: {'result': 'ok'}
13-10-2024 20:07:07 - INFO - Setting Chmaber Zones to a= 0.11934999999999996, b= 0.13639999999999994, c= 0.15344999999999995, d= 0.17049999999999993 Request successfully executed.
13-10-2024 20:07:08 - INFO - Sending request to Setting Chmaber Zones to a= 0.08014999999999951, b= 0.09159999999999943, c= 0.10304999999999938, d= 0.1144999999999993 with timeout of 5s...
13-10-2024 20:07:08 - INFO - Setting Chmaber Zones to a= 0.08014999999999951, b= 0.09159999999999943, c= 0.10304999999999938, d= 0.1144999999999993 request successfully sent.
13-10-2024 20:07:08 - INFO - Response from moonraker: {'result': 'ok'}
13-10-2024 20:07:08 - INFO - Setting Chmaber Zones to a= 0.08014999999999951, b= 0.09159999999999943, c= 0.10304999999999938, d= 0.1144999999999993 Request successfully executed.
13-10-2024 20:07:09 - INFO - Sending request to Setting Chmaber Zones to a= 0.0, b= 0.0, c= 0.0, d= 0.0 with timeout of 5s...
13-10-2024 20:07:09 - INFO - Setting Chmaber Zones to a= 0.0, b= 0.0, c= 0.0, d= 0.0 request successfully sent.
13-10-2024 20:07:09 - INFO - Response from moonraker: {'result': 'ok'}
13-10-2024 20:07:09 - INFO - Setting Chmaber Zones to a= 0.0, b= 0.0, c= 0.0, d= 0.0 Request successfully executed.
13-10-2024 20:07:10 - INFO - Sending request to Setting Chmaber Zones to a= 0.0, b= 0.0, c= 0.0, d= 0.0 with timeout of 5s...
13-10-2024 20:07:10 - INFO - Setting Chmaber Zones to a= 0.0, b= 0.0, c= 0.0, d= 0.0 request successfully sent.
13-10-2024 20:07:10 - INFO - Response from moonraker: {'result': 'ok'}
13-10-2024 20:07:10 - INFO - Setting Chmaber Zones to a= 0.0, b= 0.0, c= 0.0, d= 0.0 Request successfully executed.
13-10-2024 20:07:11 - INFO - Sending request to Setting Chmaber Zones to a= 0.03324999999999976, b= 0.03799999999999972, c= 0.042749999999999684, d= 0.047499999999999654 with timeout of 5s...
13-10-2024 20:07:11 - INFO - Setting Chmaber Zones to a= 0.03324999999999976, b= 0.03799999999999972, c= 0.042749999999999684, d= 0.047499999999999654 request successfully sent.
13-10-2024 20:07:11 - INFO - Response from moonraker: {'result': 'ok'}
13-10-2024 20:07:11 - INFO - Setting Chmaber Zones to a= 0.03324999999999976, b= 0.03799999999999972, c= 0.042749999999999684, d= 0.047499999999999654 Request successfully executed.
13-10-2024 20:07:12 - INFO - Sending request to Setting Chmaber Zones to a= 0.12442499999999926, b= 0.14219999999999916, c= 0.15997499999999903, d= 0.1777499999999989 with timeout of 5s...
13-10-2024 20:07:12 - INFO - Setting Chmaber Zones to a= 0.12442499999999926, b= 0.14219999999999916, c= 0.15997499999999903, d= 0.1777499999999989 request successfully sent.
13-10-2024 20:07:12 - INFO - Response from moonraker: {'result': 'ok'}
13-10-2024 20:07:12 - INFO - Setting Chmaber Zones to a= 0.12442499999999926, b= 0.14219999999999916, c= 0.15997499999999903, d= 0.1777499999999989 Request successfully executed.
13-10-2024 20:07:13 - INFO - Sending request to Setting Chmaber Zones to a= 0.15557499999999996, b= 0.17779999999999993, c= 0.20002499999999995, d= 0.22224999999999995 with timeout of 5s...
13-10-2024 20:07:13 - INFO - Setting Chmaber Zones to a= 0.15557499999999996, b= 0.17779999999999993, c= 0.20002499999999995, d= 0.22224999999999995 request successfully sent.
13-10-2024 20:07:13 - INFO - Response from moonraker: {'result': 'ok'}
13-10-2024 20:07:13 - INFO - Setting Chmaber Zones to a= 0.15557499999999996, b= 0.17779999999999993, c= 0.20002499999999995, d= 0.22224999999999995 Request successfully executed.
13-10-2024 20:07:14 - INFO - Sending request to Setting Chmaber Zones to a= 0.16099999999999903, b= 0.1839999999999989, c= 0.20699999999999874, d= 0.22999999999999857 with timeout of 5s...
13-10-2024 20:07:14 - INFO - Setting Chmaber Zones to a= 0.16099999999999903, b= 0.1839999999999989, c= 0.20699999999999874, d= 0.22999999999999857 request successfully sent.
13-10-2024 20:07:14 - INFO - Response from moonraker: {'result': 'ok'}
13-10-2024 20:07:14 - INFO - Setting Chmaber Zones to a= 0.16099999999999903, b= 0.1839999999999989, c= 0.20699999999999874, d= 0.22999999999999857 Request successfully executed.
13-10-2024 20:07:15 - INFO - Sending request to Setting Chmaber Zones to a= 0.11269999999999908, b= 0.12879999999999894, c= 0.1448999999999988, d= 0.16099999999999867 with timeout of 5s...
13-10-2024 20:07:15 - INFO - Setting Chmaber Zones to a= 0.11269999999999908, b= 0.12879999999999894, c= 0.1448999999999988, d= 0.16099999999999867 request successfully sent.
13-10-2024 20:07:15 - INFO - Response from moonraker: {'result': 'ok'}
13-10-2024 20:07:15 - INFO - Setting Chmaber Zones to a= 0.11269999999999908, b= 0.12879999999999894, c= 0.1448999999999988, d= 0.16099999999999867 Request successfully executed.
13-10-2024 20:07:16 - INFO - Sending request to Setting Chmaber Zones to a= 0.010324999999999963, b= 0.011799999999999956, c= 0.01327499999999995, d= 0.014749999999999945 with timeout of 5s...
13-10-2024 20:07:16 - INFO - Setting Chmaber Zones to a= 0.010324999999999963, b= 0.011799999999999956, c= 0.01327499999999995, d= 0.014749999999999945 request successfully sent.
13-10-2024 20:07:16 - INFO - Response from moonraker: {'result': 'ok'}
13-10-2024 20:07:16 - INFO - Setting Chmaber Zones to a= 0.010324999999999963, b= 0.011799999999999956, c= 0.01327499999999995, d= 0.014749999999999945 Request successfully executed.
13-10-2024 20:07:17 - INFO - Sending request to Setting Chmaber Zones to a= 0.00034999999999899, b= 0.0003999999999988457, c= 0.00044999999999870144, d= 0.0004999999999985572 with timeout of 5s...
13-10-2024 20:07:17 - INFO - Setting Chmaber Zones to a= 0.00034999999999899, b= 0.0003999999999988457, c= 0.00044999999999870144, d= 0.0004999999999985572 request successfully sent.
13-10-2024 20:07:17 - INFO - Response from moonraker: {'result': 'ok'}
13-10-2024 20:07:17 - INFO - Setting Chmaber Zones to a= 0.00034999999999899, b= 0.0003999999999988457, c= 0.00044999999999870144, d= 0.0004999999999985572 Request successfully executed.
13-10-2024 20:07:18 - INFO - Sending request to Setting Chmaber Zones to a= 0.04567499999999904, b= 0.05219999999999891, c= 0.058724999999998764, d= 0.06524999999999863 with timeout of 5s...
13-10-2024 20:07:18 - INFO - Setting Chmaber Zones to a= 0.04567499999999904, b= 0.05219999999999891, c= 0.058724999999998764, d= 0.06524999999999863 request successfully sent.
13-10-2024 20:07:18 - INFO - Response from moonraker: {'result': 'ok'}
13-10-2024 20:07:18 - INFO - Setting Chmaber Zones to a= 0.04567499999999904, b= 0.05219999999999891, c= 0.058724999999998764, d= 0.06524999999999863 Request successfully executed.
13-10-2024 20:07:19 - INFO - Sending request to Setting Chmaber Zones to a= 0.13142499999999996, b= 0.15019999999999992, c= 0.16897499999999993, d= 0.18774999999999992 with timeout of 5s...
13-10-2024 20:07:19 - INFO - Setting Chmaber Zones to a= 0.13142499999999996, b= 0.15019999999999992, c= 0.16897499999999993, d= 0.18774999999999992 request successfully sent.
13-10-2024 20:07:19 - INFO - Response from moonraker: {'result': 'ok'}
13-10-2024 20:07:19 - INFO - Setting Chmaber Zones to a= 0.13142499999999996, b= 0.15019999999999992, c= 0.16897499999999993, d= 0.18774999999999992 Request successfully executed.
13-10-2024 20:07:20 - INFO - Sending request to Setting Chmaber Zones to a= 0.2330999999999999, b= 0.26639999999999986, c= 0.29969999999999986, d= 0.33299999999999985 with timeout of 5s...
13-10-2024 20:07:20 - INFO - Setting Chmaber Zones to a= 0.2330999999999999, b= 0.26639999999999986, c= 0.29969999999999986, d= 0.33299999999999985 request successfully sent.
13-10-2024 20:07:20 - INFO - Response from moonraker: {'result': 'ok'}
13-10-2024 20:07:20 - INFO - Setting Chmaber Zones to a= 0.2330999999999999, b= 0.26639999999999986, c= 0.29969999999999986, d= 0.33299999999999985 Request successfully executed.
13-10-2024 20:07:21 - INFO - Sending request to Setting Chmaber Zones to a= 0.233099999999999, b= 0.26639999999999886, c= 0.2996999999999987, d= 0.3329999999999986 with timeout of 5s...
13-10-2024 20:07:21 - INFO - Setting Chmaber Zones to a= 0.233099999999999, b= 0.26639999999999886, c= 0.2996999999999987, d= 0.3329999999999986 request successfully sent.
13-10-2024 20:07:21 - INFO - Response from moonraker: {'result': 'ok'}
13-10-2024 20:07:21 - INFO - Setting Chmaber Zones to a= 0.233099999999999, b= 0.26639999999999886, c= 0.2996999999999987, d= 0.3329999999999986 Request successfully executed.
13-10-2024 20:07:22 - INFO - Sending request to Setting Chmaber Zones to a= 0.14139999999999928, b= 0.1615999999999992, c= 0.18179999999999907, d= 0.20199999999999896 with timeout of 5s...
13-10-2024 20:07:22 - INFO - Setting Chmaber Zones to a= 0.14139999999999928, b= 0.1615999999999992, c= 0.18179999999999907, d= 0.20199999999999896 request successfully sent.
13-10-2024 20:07:22 - INFO - Response from moonraker: {'result': 'ok'}
13-10-2024 20:07:22 - INFO - Setting Chmaber Zones to a= 0.14139999999999928, b= 0.1615999999999992, c= 0.18179999999999907, d= 0.20199999999999896 Request successfully executed.
13-10-2024 20:07:23 - INFO - Sending request to Setting Chmaber Zones to a= 0.013649999999999475, b= 0.0155999999999994, c= 0.017549999999999327, d= 0.01949999999999925 with timeout of 5s...
13-10-2024 20:07:23 - INFO - Setting Chmaber Zones to a= 0.013649999999999475, b= 0.0155999999999994, c= 0.017549999999999327, d= 0.01949999999999925 request successfully sent.
13-10-2024 20:07:23 - INFO - Response from moonraker: {'result': 'ok'}
13-10-2024 20:07:23 - INFO - Setting Chmaber Zones to a= 0.013649999999999475, b= 0.0155999999999994, c= 0.017549999999999327, d= 0.01949999999999925 Request successfully executed.
13-10-2024 20:07:24 - INFO - Sending request to Setting Chmaber Zones to a= 0.0, b= 0.0, c= 0.0, d= 0.0 with timeout of 5s...
13-10-2024 20:07:24 - INFO - Setting Chmaber Zones to a= 0.0, b= 0.0, c= 0.0, d= 0.0 request successfully sent.
13-10-2024 20:07:24 - INFO - Response from moonraker: {'result': 'ok'}
13-10-2024 20:07:24 - INFO - Setting Chmaber Zones to a= 0.0, b= 0.0, c= 0.0, d= 0.0 Request successfully executed.
13-10-2024 20:07:25 - INFO - Sending request to Setting Chmaber Zones to a= 0.08854999999999968, b= 0.10119999999999965, c= 0.1138499999999996, d= 0.12649999999999956 with timeout of 5s...
13-10-2024 20:07:25 - INFO - Setting Chmaber Zones to a= 0.08854999999999968, b= 0.10119999999999965, c= 0.1138499999999996, d= 0.12649999999999956 request successfully sent.
13-10-2024 20:07:25 - INFO - Response from moonraker: {'result': 'ok'}
13-10-2024 20:07:25 - INFO - Setting Chmaber Zones to a= 0.08854999999999968, b= 0.10119999999999965, c= 0.1138499999999996, d= 0.12649999999999956 Request successfully executed.
13-10-2024 20:07:26 - INFO - Sending request to Setting Chmaber Zones to a= 0.1714999999999992, b= 0.1959999999999991, c= 0.220499999999999, d= 0.24499999999999889 with timeout of 5s...
13-10-2024 20:07:26 - INFO - Setting Chmaber Zones to a= 0.1714999999999992, b= 0.1959999999999991, c= 0.220499999999999, d= 0.24499999999999889 request successfully sent.
13-10-2024 20:07:26 - INFO - Response from moonraker: {'result': 'ok'}
13-10-2024 20:07:26 - INFO - Setting Chmaber Zones to a= 0.1714999999999992, b= 0.1959999999999991, c= 0.220499999999999, d= 0.24499999999999889 Request successfully executed.
13-10-2024 20:07:27 - INFO - Sending request to Setting Chmaber Zones to a= 0.20404999999999973, b= 0.23319999999999969, c= 0.26234999999999964, d= 0.2914999999999996 with timeout of 5s...
13-10-2024 20:07:27 - INFO - Setting Chmaber Zones to a= 0.20404999999999973, b= 0.23319999999999969, c= 0.26234999999999964, d= 0.2914999999999996 request successfully sent.
13-10-2024 20:07:27 - INFO - Response from moonraker: {'result': 'ok'}
13-10-2024 20:07:27 - INFO - Setting Chmaber Zones to a= 0.20404999999999973, b= 0.23319999999999969, c= 0.26234999999999964, d= 0.2914999999999996 Request successfully executed.
13-10-2024 20:07:28 - INFO - Sending request to Setting Chmaber Zones to a= 0.1382499999999992, b= 0.15799999999999909, c= 0.17774999999999896, d= 0.19749999999999882 with timeout of 5s...
13-10-2024 20:07:28 - INFO - Setting Chmaber Zones to a= 0.1382499999999992, b= 0.15799999999999909, c= 0.17774999999999896, d= 0.19749999999999882 request successfully sent.
13-10-2024 20:07:28 - INFO - Response from moonraker: {'result': 'ok'}
13-10-2024 20:07:28 - INFO - Setting Chmaber Zones to a= 0.1382499999999992, b= 0.15799999999999909, c= 0.17774999999999896, d= 0.19749999999999882 Request successfully executed.
13-10-2024 20:07:29 - INFO - Sending request to Setting Chmaber Zones to a= 0.04619999999999947, b= 0.05279999999999939, c= 0.05939999999999932, d= 0.06599999999999924 with timeout of 5s...
13-10-2024 20:07:29 - INFO - Setting Chmaber Zones to a= 0.04619999999999947, b= 0.05279999999999939, c= 0.05939999999999932, d= 0.06599999999999924 request successfully sent.
13-10-2024 20:07:29 - INFO - Response from moonraker: {'result': 'ok'}
13-10-2024 20:07:29 - INFO - Setting Chmaber Zones to a= 0.04619999999999947, b= 0.05279999999999939, c= 0.05939999999999932, d= 0.06599999999999924 Request successfully executed.
13-10-2024 20:07:30 - INFO - Sending request to Setting Chmaber Zones to a= 0.03289999999999967, b= 0.03759999999999963, c= 0.04229999999999958, d= 0.04699999999999953 with timeout of 5s...
13-10-2024 20:07:30 - INFO - Setting Chmaber Zones to a= 0.03289999999999967, b= 0.03759999999999963, c= 0.04229999999999958, d= 0.04699999999999953 request successfully sent.
13-10-2024 20:07:30 - INFO - Response from moonraker: {'result': 'ok'}
13-10-2024 20:07:30 - INFO - Setting Chmaber Zones to a= 0.03289999999999967, b= 0.03759999999999963, c= 0.04229999999999958, d= 0.04699999999999953 Request successfully executed.
13-10-2024 20:07:31 - INFO - Sending request to Setting Chmaber Zones to a= 0.11619999999999968, b= 0.1327999999999996, c= 0.1493999999999996, d= 0.16599999999999956 with timeout of 5s...
13-10-2024 20:07:31 - INFO - Setting Chmaber Zones to a= 0.11619999999999968, b= 0.1327999999999996, c= 0.1493999999999996, d= 0.16599999999999956 request successfully sent.
13-10-2024 20:07:31 - INFO - Response from moonraker: {'result': 'ok'}
13-10-2024 20:07:31 - INFO - Setting Chmaber Zones to a= 0.11619999999999968, b= 0.1327999999999996, c= 0.1493999999999996, d= 0.16599999999999956 Request successfully executed.
13-10-2024 20:07:32 - INFO - Sending request to Setting Chmaber Zones to a= 0.21402499999999972, b= 0.24459999999999965, c= 0.2751749999999996, d= 0.3057499999999996 with timeout of 5s...
13-10-2024 20:07:32 - INFO - Setting Chmaber Zones to a= 0.21402499999999972, b= 0.24459999999999965, c= 0.2751749999999996, d= 0.3057499999999996 request successfully sent.
13-10-2024 20:07:32 - INFO - Response from moonraker: {'result': 'ok'}
13-10-2024 20:07:32 - INFO - Setting Chmaber Zones to a= 0.21402499999999972, b= 0.24459999999999965, c= 0.2751749999999996, d= 0.3057499999999996 Request successfully executed.
13-10-2024 20:07:33 - INFO - Sending request to Setting Chmaber Zones to a= 0.23397499999999968, b= 0.26739999999999964, c= 0.3008249999999996, d= 0.33424999999999955 with timeout of 5s...
13-10-2024 20:07:33 - INFO - Setting Chmaber Zones to a= 0.23397499999999968, b= 0.26739999999999964, c= 0.3008249999999996, d= 0.33424999999999955 request successfully sent.
13-10-2024 20:07:33 - INFO - Response from moonraker: {'result': 'ok'}
13-10-2024 20:07:33 - INFO - Setting Chmaber Zones to a= 0.23397499999999968, b= 0.26739999999999964, c= 0.3008249999999996, d= 0.33424999999999955 Request successfully executed.
13-10-2024 20:07:34 - INFO - Sending request to Setting Chmaber Zones to a= 0.15714999999999993, b= 0.1795999999999999, c= 0.20204999999999992, d= 0.2244999999999999 with timeout of 5s...
13-10-2024 20:07:34 - INFO - Setting Chmaber Zones to a= 0.15714999999999993, b= 0.1795999999999999, c= 0.20204999999999992, d= 0.2244999999999999 request successfully sent.
13-10-2024 20:07:34 - INFO - Response from moonraker: {'result': 'ok'}
13-10-2024 20:07:34 - INFO - Setting Chmaber Zones to a= 0.15714999999999993, b= 0.1795999999999999, c= 0.20204999999999992, d= 0.2244999999999999 Request successfully executed.
13-10-2024 20:07:35 - INFO - Sending request to Setting Chmaber Zones to a= 0.08574999999999902, b= 0.09799999999999887, c= 0.11024999999999872, d= 0.12249999999999858 with timeout of 5s...
13-10-2024 20:07:35 - INFO - Setting Chmaber Zones to a= 0.08574999999999902, b= 0.09799999999999887, c= 0.11024999999999872, d= 0.12249999999999858 request successfully sent.
13-10-2024 20:07:35 - INFO - Response from moonraker: {'result': 'ok'}
13-10-2024 20:07:35 - INFO - Setting Chmaber Zones to a= 0.08574999999999902, b= 0.09799999999999887, c= 0.11024999999999872, d= 0.12249999999999858 Request successfully executed.
13-10-2024 20:07:36 - INFO - Sending request to Setting Chmaber Zones to a= 0.05092499999999928, b= 0.05819999999999918, c= 0.06547499999999909, d= 0.07274999999999898 with timeout of 5s...
13-10-2024 20:07:36 - INFO - Setting Chmaber Zones to a= 0.05092499999999928, b= 0.05819999999999918, c= 0.06547499999999909, d= 0.07274999999999898 request successfully sent.
13-10-2024 20:07:36 - INFO - Response from moonraker: {'result': 'ok'}
13-10-2024 20:07:36 - INFO - Setting Chmaber Zones to a= 0.05092499999999928, b= 0.05819999999999918, c= 0.06547499999999909, d= 0.07274999999999898 Request successfully executed.
13-10-2024 20:07:37 - INFO - Sending request to Setting Chmaber Zones to a= 0.09519999999999927, b= 0.10879999999999918, c= 0.12239999999999907, d= 0.13599999999999896 with timeout of 5s...
13-10-2024 20:07:37 - INFO - Setting Chmaber Zones to a= 0.09519999999999927, b= 0.10879999999999918, c= 0.12239999999999907, d= 0.13599999999999896 request successfully sent.
13-10-2024 20:07:37 - INFO - Response from moonraker: {'result': 'ok'}
13-10-2024 20:07:37 - INFO - Setting Chmaber Zones to a= 0.09519999999999927, b= 0.10879999999999918, c= 0.12239999999999907, d= 0.13599999999999896 Request successfully executed.
13-10-2024 20:07:38 - INFO - Sending request to Setting Chmaber Zones to a= 0.19827499999999904, b= 0.2265999999999989, c= 0.25492499999999874, d= 0.2832499999999986 with timeout of 5s...
13-10-2024 20:07:38 - INFO - Setting Chmaber Zones to a= 0.19827499999999904, b= 0.2265999999999989, c= 0.25492499999999874, d= 0.2832499999999986 request successfully sent.
13-10-2024 20:07:38 - INFO - Response from moonraker: {'result': 'ok'}
13-10-2024 20:07:38 - INFO - Setting Chmaber Zones to a= 0.19827499999999904, b= 0.2265999999999989, c= 0.25492499999999874, d= 0.2832499999999986 Request successfully executed.
13-10-2024 20:07:39 - INFO - Sending request to Setting Chmaber Zones to a= 0.23589999999999903, b= 0.2695999999999989, c= 0.3032999999999988, d= 0.33699999999999863 with timeout of 5s...
13-10-2024 20:07:39 - INFO - Setting Chmaber Zones to a= 0.23589999999999903, b= 0.2695999999999989, c= 0.3032999999999988, d= 0.33699999999999863 request successfully sent.
13-10-2024 20:07:39 - INFO - Response from moonraker: {'result': 'ok'}
13-10-2024 20:07:39 - INFO - Setting Chmaber Zones to a= 0.23589999999999903, b= 0.2695999999999989, c= 0.3032999999999988, d= 0.33699999999999863 Request successfully executed.
13-10-2024 20:07:40 - INFO - Sending request to Setting Chmaber Zones to a= 0.19232499999999944, b= 0.21979999999999936, c= 0.24727499999999927, d= 0.2747499999999992 with timeout of 5s...
13-10-2024 20:07:40 - INFO - Setting Chmaber Zones to a= 0.19232499999999944, b= 0.21979999999999936, c= 0.24727499999999927, d= 0.2747499999999992 request successfully sent.
13-10-2024 20:07:40 - INFO - Response from moonraker: {'result': 'ok'}
13-10-2024 20:07:40 - INFO - Setting Chmaber Zones to a= 0.19232499999999944, b= 0.21979999999999936, c= 0.24727499999999927, d= 0.2747499999999992 Request successfully executed.
13-10-2024 20:07:41 - INFO - Sending request to Setting Chmaber Zones to a= 0.09799999999999963, b= 0.11199999999999959, c= 0.12599999999999953, d= 0.13999999999999949 with timeout of 5s...
13-10-2024 20:07:41 - INFO - Setting Chmaber Zones to a= 0.09799999999999963, b= 0.11199999999999959, c= 0.12599999999999953, d= 0.13999999999999949 request successfully sent.
13-10-2024 20:07:41 - INFO - Response from moonraker: {'result': 'ok'}
13-10-2024 20:07:41 - INFO - Setting Chmaber Zones to a= 0.09799999999999963, b= 0.11199999999999959, c= 0.12599999999999953, d= 0.13999999999999949 Request successfully executed.
13-10-2024 20:07:42 - INFO - Sending request to Setting Chmaber Zones to a= 0.028174999999999638, b= 0.03219999999999959, c= 0.036224999999999535, d= 0.04024999999999949 with timeout of 5s...
13-10-2024 20:07:42 - INFO - Setting Chmaber Zones to a= 0.028174999999999638, b= 0.03219999999999959, c= 0.036224999999999535, d= 0.04024999999999949 request successfully sent.
13-10-2024 20:07:42 - INFO - Response from moonraker: {'result': 'ok'}
13-10-2024 20:07:42 - INFO - Setting Chmaber Zones to a= 0.028174999999999638, b= 0.03219999999999959, c= 0.036224999999999535, d= 0.04024999999999949 Request successfully executed.
13-10-2024 20:07:43 - INFO - Sending request to Setting Chmaber Zones to a= 0.07444499999999944, b= 0.08507999999999935, c= 0.09571499999999927, d= 0.1063499999999992 with timeout of 5s...
13-10-2024 20:07:43 - INFO - Setting Chmaber Zones to a= 0.07444499999999944, b= 0.08507999999999935, c= 0.09571499999999927, d= 0.1063499999999992 request successfully sent.
13-10-2024 20:07:43 - INFO - Response from moonraker: {'result': 'ok'}
13-10-2024 20:07:43 - INFO - Setting Chmaber Zones to a= 0.07444499999999944, b= 0.08507999999999935, c= 0.09571499999999927, d= 0.1063499999999992 Request successfully executed.
13-10-2024 20:07:44 - INFO - Sending request to Setting Chmaber Zones to a= 0.1785349999999999, b= 0.20403999999999986, c= 0.22954499999999986, d= 0.25504999999999983 with timeout of 5s...
13-10-2024 20:07:44 - INFO - Setting Chmaber Zones to a= 0.1785349999999999, b= 0.20403999999999986, c= 0.22954499999999986, d= 0.25504999999999983 request successfully sent.
13-10-2024 20:07:44 - INFO - Response from moonraker: {'result': 'ok'}
13-10-2024 20:07:44 - INFO - Setting Chmaber Zones to a= 0.1785349999999999, b= 0.20403999999999986, c= 0.22954499999999986, d= 0.25504999999999983 Request successfully executed.
13-10-2024 20:07:45 - INFO - Sending request to Setting Chmaber Zones to a= 0.2788449999999997, b= 0.31867999999999963, c= 0.3585149999999996, d= 0.39834999999999954 with timeout of 5s...
13-10-2024 20:07:45 - INFO - Setting Chmaber Zones to a= 0.2788449999999997, b= 0.31867999999999963, c= 0.3585149999999996, d= 0.39834999999999954 request successfully sent.
13-10-2024 20:07:45 - INFO - Response from moonraker: {'result': 'ok'}
13-10-2024 20:07:45 - INFO - Setting Chmaber Zones to a= 0.2788449999999997, b= 0.31867999999999963, c= 0.3585149999999996, d= 0.39834999999999954 Request successfully executed.
13-10-2024 20:07:46 - INFO - Sending request to Setting Chmaber Zones to a= 0.2677499999999997, b= 0.30599999999999966, c= 0.3442499999999996, d= 0.38249999999999956 with timeout of 5s...
13-10-2024 20:07:46 - INFO - Setting Chmaber Zones to a= 0.2677499999999997, b= 0.30599999999999966, c= 0.3442499999999996, d= 0.38249999999999956 request successfully sent.
13-10-2024 20:07:46 - INFO - Response from moonraker: {'result': 'ok'}
13-10-2024 20:07:46 - INFO - Setting Chmaber Zones to a= 0.2677499999999997, b= 0.30599999999999966, c= 0.3442499999999996, d= 0.38249999999999956 Request successfully executed.
13-10-2024 20:07:47 - INFO - Sending request to Setting Chmaber Zones to a= 0.1268749999999997, b= 0.14499999999999966, c= 0.1631249999999996, d= 0.18124999999999958 with timeout of 5s...
13-10-2024 20:07:47 - INFO - Setting Chmaber Zones to a= 0.1268749999999997, b= 0.14499999999999966, c= 0.1631249999999996, d= 0.18124999999999958 request successfully sent.
13-10-2024 20:07:47 - INFO - Response from moonraker: {'result': 'ok'}
13-10-2024 20:07:47 - INFO - Setting Chmaber Zones to a= 0.1268749999999997, b= 0.14499999999999966, c= 0.1631249999999996, d= 0.18124999999999958 Request successfully executed.
13-10-2024 20:07:48 - INFO - Sending request to Setting Chmaber Zones to a= 0.03387999999999992, b= 0.03871999999999991, c= 0.043559999999999904, d= 0.048399999999999894 with timeout of 5s...
13-10-2024 20:07:48 - INFO - Setting Chmaber Zones to a= 0.03387999999999992, b= 0.03871999999999991, c= 0.043559999999999904, d= 0.048399999999999894 request successfully sent.
13-10-2024 20:07:48 - INFO - Response from moonraker: {'result': 'ok'}
13-10-2024 20:07:48 - INFO - Setting Chmaber Zones to a= 0.03387999999999992, b= 0.03871999999999991, c= 0.043559999999999904, d= 0.048399999999999894 Request successfully executed.
13-10-2024 20:07:49 - INFO - Sending request to Setting Chmaber Zones to a= 0.02523499999999928, b= 0.02883999999999918, c= 0.03244499999999908, d= 0.03604999999999897 with timeout of 5s...
13-10-2024 20:07:49 - INFO - Setting Chmaber Zones to a= 0.02523499999999928, b= 0.02883999999999918, c= 0.03244499999999908, d= 0.03604999999999897 request successfully sent.
13-10-2024 20:07:49 - INFO - Response from moonraker: {'result': 'ok'}
13-10-2024 20:07:49 - INFO - Setting Chmaber Zones to a= 0.02523499999999928, b= 0.02883999999999918, c= 0.03244499999999908, d= 0.03604999999999897 Request successfully executed.
13-10-2024 20:07:50 - INFO - Sending request to Setting Chmaber Zones to a= 0.1194199999999991, b= 0.13647999999999896, c= 0.15353999999999882, d= 0.1705999999999987 with timeout of 5s...
13-10-2024 20:07:50 - INFO - Setting Chmaber Zones to a= 0.1194199999999991, b= 0.13647999999999896, c= 0.15353999999999882, d= 0.1705999999999987 request successfully sent.
13-10-2024 20:07:50 - INFO - Response from moonraker: {'result': 'ok'}
13-10-2024 20:07:50 - INFO - Setting Chmaber Zones to a= 0.1194199999999991, b= 0.13647999999999896, c= 0.15353999999999882, d= 0.1705999999999987 Request successfully executed.
13-10-2024 20:07:51 - INFO - Sending request to Setting Chmaber Zones to a= 0.2761149999999997, b= 0.3155599999999997, c= 0.35500499999999957, d= 0.3944499999999996 with timeout of 5s...
13-10-2024 20:07:51 - INFO - Setting Chmaber Zones to a= 0.2761149999999997, b= 0.3155599999999997, c= 0.35500499999999957, d= 0.3944499999999996 request successfully sent.
13-10-2024 20:07:51 - INFO - Response from moonraker: {'result': 'ok'}
13-10-2024 20:07:51 - INFO - Setting Chmaber Zones to a= 0.2761149999999997, b= 0.3155599999999997, c= 0.35500499999999957, d= 0.3944499999999996 Request successfully executed.
13-10-2024 20:07:52 - INFO - Sending request to Setting Chmaber Zones to a= 0.3368749999999997, b= 0.3849999999999996, c= 0.43312499999999965, d= 0.48124999999999957 with timeout of 5s...
13-10-2024 20:07:52 - INFO - Setting Chmaber Zones to a= 0.3368749999999997, b= 0.3849999999999996, c= 0.43312499999999965, d= 0.48124999999999957 request successfully sent.
13-10-2024 20:07:52 - INFO - Response from moonraker: {'result': 'ok'}
13-10-2024 20:07:52 - INFO - Setting Chmaber Zones to a= 0.3368749999999997, b= 0.3849999999999996, c= 0.43312499999999965, d= 0.48124999999999957 Request successfully executed.
13-10-2024 20:07:53 - INFO - Sending request to Setting Chmaber Zones to a= 0.22679999999999934, b= 0.2591999999999992, c= 0.29159999999999914, d= 0.323999999999999 with timeout of 5s...
13-10-2024 20:07:53 - INFO - Setting Chmaber Zones to a= 0.22679999999999934, b= 0.2591999999999992, c= 0.29159999999999914, d= 0.323999999999999 request successfully sent.
13-10-2024 20:07:53 - INFO - Response from moonraker: {'result': 'ok'}
13-10-2024 20:07:53 - INFO - Setting Chmaber Zones to a= 0.22679999999999934, b= 0.2591999999999992, c= 0.29159999999999914, d= 0.323999999999999 Request successfully executed.
13-10-2024 20:07:54 - INFO - Sending request to Setting Chmaber Zones to a= 0.0, b= 0.0, c= 0.0, d= 0.0 with timeout of 5s...
13-10-2024 20:07:54 - INFO - Setting Chmaber Zones to a= 0.0, b= 0.0, c= 0.0, d= 0.0 request successfully sent.
13-10-2024 20:07:54 - INFO - Response from moonraker: {'result': 'ok'}
13-10-2024 20:07:54 - INFO - Setting Chmaber Zones to a= 0.0, b= 0.0, c= 0.0, d= 0.0 Request successfully executed.
13-10-2024 20:07:55 - INFO - Sending request to Setting Chmaber Zones to a= 0.0, b= 0.0, c= 0.0, d= 0.0 with timeout of 5s...
13-10-2024 20:07:55 - INFO - Setting Chmaber Zones to a= 0.0, b= 0.0, c= 0.0, d= 0.0 request successfully sent.
13-10-2024 20:07:55 - INFO - Response from moonraker: {'result': 'ok'}
13-10-2024 20:07:55 - INFO - Setting Chmaber Zones to a= 0.0, b= 0.0, c= 0.0, d= 0.0 Request successfully executed.
13-10-2024 20:07:56 - INFO - Sending request to Setting Chmaber Zones to a= 0.0, b= 0.0, c= 0.0, d= 0.0 with timeout of 5s...
13-10-2024 20:07:56 - INFO - Setting Chmaber Zones to a= 0.0, b= 0.0, c= 0.0, d= 0.0 request successfully sent.
13-10-2024 20:07:56 - INFO - Response from moonraker: {'result': 'ok'}
13-10-2024 20:07:56 - INFO - Setting Chmaber Zones to a= 0.0, b= 0.0, c= 0.0, d= 0.0 Request successfully executed.
13-10-2024 20:07:57 - INFO - Sending request to Setting Chmaber Zones to a= 0.0909999999999998, b= 0.10399999999999977, c= 0.11699999999999976, d= 0.12999999999999973 with timeout of 5s...
13-10-2024 20:07:57 - INFO - Setting Chmaber Zones to a= 0.0909999999999998, b= 0.10399999999999977, c= 0.11699999999999976, d= 0.12999999999999973 request successfully sent.
13-10-2024 20:07:57 - INFO - Response from moonraker: {'result': 'ok'}
13-10-2024 20:07:57 - INFO - Setting Chmaber Zones to a= 0.0909999999999998, b= 0.10399999999999977, c= 0.11699999999999976, d= 0.12999999999999973 Request successfully executed.
13-10-2024 20:07:58 - INFO - Sending request to Setting Chmaber Zones to a= 0.24849999999999983, b= 0.2839999999999998, c= 0.3194999999999998, d= 0.35499999999999976 with timeout of 5s...
13-10-2024 20:07:58 - INFO - Setting Chmaber Zones to a= 0.24849999999999983, b= 0.2839999999999998, c= 0.3194999999999998, d= 0.35499999999999976 request successfully sent.
13-10-2024 20:07:58 - INFO - Response from moonraker: {'result': 'ok'}
13-10-2024 20:07:58 - INFO - Setting Chmaber Zones to a= 0.24849999999999983, b= 0.2839999999999998, c= 0.3194999999999998, d= 0.35499999999999976 Request successfully executed.
13-10-2024 20:07:59 - INFO - Sending request to Setting Chmaber Zones to a= 0.25900000000000023, b= 0.29600000000000026, c= 0.33300000000000035, d= 0.37000000000000033 with timeout of 5s...
13-10-2024 20:07:59 - INFO - Setting Chmaber Zones to a= 0.25900000000000023, b= 0.29600000000000026, c= 0.33300000000000035, d= 0.37000000000000033 request successfully sent.
13-10-2024 20:07:59 - INFO - Response from moonraker: {'result': 'ok'}
13-10-2024 20:07:59 - INFO - Setting Chmaber Zones to a= 0.25900000000000023, b= 0.29600000000000026, c= 0.33300000000000035, d= 0.37000000000000033 Request successfully executed.
13-10-2024 20:08:00 - INFO - Sending request to Setting Chmaber Zones to a= 0.175, b= 0.2, c= 0.225, d= 0.25 with timeout of 5s...
13-10-2024 20:08:00 - INFO - Setting Chmaber Zones to a= 0.175, b= 0.2, c= 0.225, d= 0.25 request successfully sent.
13-10-2024 20:08:00 - INFO - Response from moonraker: {'result': 'ok'}
13-10-2024 20:08:00 - INFO - Setting Chmaber Zones to a= 0.175, b= 0.2, c= 0.225, d= 0.25 Request successfully executed.
13-10-2024 20:08:01 - INFO - Sending request to Setting Chmaber Zones to a= 0.05599999999999981, b= 0.06399999999999978, c= 0.07199999999999976, d= 0.07999999999999972 with timeout of 5s...
13-10-2024 20:08:01 - INFO - Setting Chmaber Zones to a= 0.05599999999999981, b= 0.06399999999999978, c= 0.07199999999999976, d= 0.07999999999999972 request successfully sent.
13-10-2024 20:08:01 - INFO - Response from moonraker: {'result': 'ok'}
13-10-2024 20:08:01 - INFO - Setting Chmaber Zones to a= 0.05599999999999981, b= 0.06399999999999978, c= 0.07199999999999976, d= 0.07999999999999972 Request successfully executed.
13-10-2024 20:08:02 - INFO - Sending request to Setting Chmaber Zones to a= 0.0, b= 0.0, c= 0.0, d= 0.0 with timeout of 5s...
13-10-2024 20:08:02 - INFO - Setting Chmaber Zones to a= 0.0, b= 0.0, c= 0.0, d= 0.0 request successfully sent.
13-10-2024 20:08:02 - INFO - Response from moonraker: {'result': 'ok'}
13-10-2024 20:08:02 - INFO - Setting Chmaber Zones to a= 0.0, b= 0.0, c= 0.0, d= 0.0 Request successfully executed.
13-10-2024 20:08:03 - INFO - Sending request to Setting Chmaber Zones to a= 0.0594999999999996, b= 0.06799999999999955, c= 0.0764999999999995, d= 0.08499999999999944 with timeout of 5s...
13-10-2024 20:08:03 - INFO - Setting Chmaber Zones to a= 0.0594999999999996, b= 0.06799999999999955, c= 0.0764999999999995, d= 0.08499999999999944 request successfully sent.
13-10-2024 20:08:03 - INFO - Response from moonraker: {'result': 'ok'}
13-10-2024 20:08:03 - INFO - Setting Chmaber Zones to a= 0.0594999999999996, b= 0.06799999999999955, c= 0.0764999999999995, d= 0.08499999999999944 Request successfully executed.
13-10-2024 20:08:04 - INFO - Sending request to Setting Chmaber Zones to a= 0.1609999999999998, b= 0.18399999999999977, c= 0.20699999999999974, d= 0.2299999999999997 with timeout of 5s...
13-10-2024 20:08:04 - INFO - Setting Chmaber Zones to a= 0.1609999999999998, b= 0.18399999999999977, c= 0.20699999999999974, d= 0.2299999999999997 request successfully sent.
13-10-2024 20:08:04 - INFO - Response from moonraker: {'result': 'ok'}
13-10-2024 20:08:04 - INFO - Setting Chmaber Zones to a= 0.1609999999999998, b= 0.18399999999999977, c= 0.20699999999999974, d= 0.2299999999999997 Request successfully executed.
13-10-2024 20:08:05 - INFO - Sending request to Setting Chmaber Zones to a= 0.19599999999999984, b= 0.2239999999999998, c= 0.2519999999999998, d= 0.27999999999999975 with timeout of 5s...
13-10-2024 20:08:05 - INFO - Setting Chmaber Zones to a= 0.19599999999999984, b= 0.2239999999999998, c= 0.2519999999999998, d= 0.27999999999999975 request successfully sent.
13-10-2024 20:08:05 - INFO - Response from moonraker: {'result': 'ok'}
13-10-2024 20:08:05 - INFO - Setting Chmaber Zones to a= 0.19599999999999984, b= 0.2239999999999998, c= 0.2519999999999998, d= 0.27999999999999975 Request successfully executed.
13-10-2024 20:08:06 - INFO - Sending request to Setting Chmaber Zones to a= 0.1784999999999998, b= 0.20399999999999976, c= 0.22949999999999973, d= 0.2549999999999997 with timeout of 5s...
13-10-2024 20:08:06 - INFO - Setting Chmaber Zones to a= 0.1784999999999998, b= 0.20399999999999976, c= 0.22949999999999973, d= 0.2549999999999997 request successfully sent.
13-10-2024 20:08:06 - INFO - Response from moonraker: {'result': 'ok'}
13-10-2024 20:08:06 - INFO - Setting Chmaber Zones to a= 0.1784999999999998, b= 0.20399999999999976, c= 0.22949999999999973, d= 0.2549999999999997 Request successfully executed.
13-10-2024 20:08:07 - INFO - Sending request to Setting Chmaber Zones to a= 0.0840000000000002, b= 0.09600000000000022, c= 0.10800000000000026, d= 0.12000000000000029 with timeout of 5s...
13-10-2024 20:08:07 - INFO - Setting Chmaber Zones to a= 0.0840000000000002, b= 0.09600000000000022, c= 0.10800000000000026, d= 0.12000000000000029 request successfully sent.
13-10-2024 20:08:07 - INFO - Response from moonraker: {'result': 'ok'}
13-10-2024 20:08:07 - INFO - Setting Chmaber Zones to a= 0.0840000000000002, b= 0.09600000000000022, c= 0.10800000000000026, d= 0.12000000000000029 Request successfully executed.
13-10-2024 20:08:08 - INFO - Sending request to Setting Chmaber Zones to a= 0.0419999999999996, b= 0.04799999999999954, c= 0.053999999999999486, d= 0.05999999999999943 with timeout of 5s...
13-10-2024 20:08:08 - INFO - Setting Chmaber Zones to a= 0.0419999999999996, b= 0.04799999999999954, c= 0.053999999999999486, d= 0.05999999999999943 request successfully sent.
13-10-2024 20:08:08 - INFO - Response from moonraker: {'result': 'ok'}
13-10-2024 20:08:08 - INFO - Setting Chmaber Zones to a= 0.0419999999999996, b= 0.04799999999999954, c= 0.053999999999999486, d= 0.05999999999999943 Request successfully executed.
13-10-2024 20:08:09 - INFO - Sending request to Setting Chmaber Zones to a= 0.0455000000000004, b= 0.052000000000000456, c= 0.05850000000000051, d= 0.06500000000000057 with timeout of 5s...
13-10-2024 20:08:09 - INFO - Setting Chmaber Zones to a= 0.0455000000000004, b= 0.052000000000000456, c= 0.05850000000000051, d= 0.06500000000000057 request successfully sent.
13-10-2024 20:08:09 - INFO - Response from moonraker: {'result': 'ok'}
13-10-2024 20:08:09 - INFO - Setting Chmaber Zones to a= 0.0455000000000004, b= 0.052000000000000456, c= 0.05850000000000051, d= 0.06500000000000057 Request successfully executed.
13-10-2024 20:08:10 - INFO - Sending request to Setting Chmaber Zones to a= 0.1084999999999998, b= 0.12399999999999978, c= 0.13949999999999974, d= 0.15499999999999972 with timeout of 5s...
13-10-2024 20:08:10 - INFO - Setting Chmaber Zones to a= 0.1084999999999998, b= 0.12399999999999978, c= 0.13949999999999974, d= 0.15499999999999972 request successfully sent.
13-10-2024 20:08:10 - INFO - Response from moonraker: {'result': 'ok'}
13-10-2024 20:08:10 - INFO - Setting Chmaber Zones to a= 0.1084999999999998, b= 0.12399999999999978, c= 0.13949999999999974, d= 0.15499999999999972 Request successfully executed.
13-10-2024 20:08:11 - INFO - Sending request to Setting Chmaber Zones to a= 0.1855000000000004, b= 0.21200000000000047, c= 0.23850000000000052, d= 0.26500000000000057 with timeout of 5s...
13-10-2024 20:08:11 - INFO - Setting Chmaber Zones to a= 0.1855000000000004, b= 0.21200000000000047, c= 0.23850000000000052, d= 0.26500000000000057 request successfully sent.
13-10-2024 20:08:11 - INFO - Response from moonraker: {'result': 'ok'}
13-10-2024 20:08:11 - INFO - Setting Chmaber Zones to a= 0.1855000000000004, b= 0.21200000000000047, c= 0.23850000000000052, d= 0.26500000000000057 Request successfully executed.
13-10-2024 20:08:12 - INFO - Sending request to Setting Chmaber Zones to a= 0.2169999999999996, b= 0.24799999999999955, c= 0.27899999999999947, d= 0.30999999999999944 with timeout of 5s...
13-10-2024 20:08:12 - INFO - Setting Chmaber Zones to a= 0.2169999999999996, b= 0.24799999999999955, c= 0.27899999999999947, d= 0.30999999999999944 request successfully sent.
13-10-2024 20:08:12 - INFO - Response from moonraker: {'result': 'ok'}
13-10-2024 20:08:12 - INFO - Setting Chmaber Zones to a= 0.2169999999999996, b= 0.24799999999999955, c= 0.27899999999999947, d= 0.30999999999999944 Request successfully executed.
13-10-2024 20:08:13 - INFO - Sending request to Setting Chmaber Zones to a= 0.1609999999999998, b= 0.18399999999999977, c= 0.20699999999999974, d= 0.2299999999999997 with timeout of 5s...
13-10-2024 20:08:13 - INFO - Setting Chmaber Zones to a= 0.1609999999999998, b= 0.18399999999999977, c= 0.20699999999999974, d= 0.2299999999999997 request successfully sent.
13-10-2024 20:08:13 - INFO - Response from moonraker: {'result': 'ok'}
13-10-2024 20:08:13 - INFO - Setting Chmaber Zones to a= 0.1609999999999998, b= 0.18399999999999977, c= 0.20699999999999974, d= 0.2299999999999997 Request successfully executed.
13-10-2024 20:08:14 - INFO - Sending request to Setting Chmaber Zones to a= 0.06650000000000021, b= 0.07600000000000023, c= 0.08550000000000026, d= 0.09500000000000028 with timeout of 5s...
13-10-2024 20:08:14 - INFO - Setting Chmaber Zones to a= 0.06650000000000021, b= 0.07600000000000023, c= 0.08550000000000026, d= 0.09500000000000028 request successfully sent.
13-10-2024 20:08:14 - INFO - Response from moonraker: {'result': 'ok'}
13-10-2024 20:08:14 - INFO - Setting Chmaber Zones to a= 0.06650000000000021, b= 0.07600000000000023, c= 0.08550000000000026, d= 0.09500000000000028 Request successfully executed.
13-10-2024 20:08:15 - INFO - Sending request to Setting Chmaber Zones to a= 0.0384999999999998, b= 0.043999999999999775, c= 0.049499999999999746, d= 0.054999999999999716 with timeout of 5s...
13-10-2024 20:08:15 - INFO - Setting Chmaber Zones to a= 0.0384999999999998, b= 0.043999999999999775, c= 0.049499999999999746, d= 0.054999999999999716 request successfully sent.
13-10-2024 20:08:15 - INFO - Response from moonraker: {'result': 'ok'}
13-10-2024 20:08:15 - INFO - Setting Chmaber Zones to a= 0.0384999999999998, b= 0.043999999999999775, c= 0.049499999999999746, d= 0.054999999999999716 Request successfully executed.
13-10-2024 20:08:16 - INFO - Sending request to Setting Chmaber Zones to a= 0.0875, b= 0.1, c= 0.1125, d= 0.125 with timeout of 5s...
13-10-2024 20:08:16 - INFO - Setting Chmaber Zones to a= 0.0875, b= 0.1, c= 0.1125, d= 0.125 request successfully sent.
13-10-2024 20:08:16 - INFO - Response from moonraker: {'result': 'ok'}
13-10-2024 20:08:16 - INFO - Setting Chmaber Zones to a= 0.0875, b= 0.1, c= 0.1125, d= 0.125 Request successfully executed.
13-10-2024 20:08:17 - INFO - Sending request to Setting Chmaber Zones to a= 0.1365000000000002, b= 0.15600000000000022, c= 0.17550000000000027, d= 0.19500000000000028 with timeout of 5s...
13-10-2024 20:08:17 - INFO - Setting Chmaber Zones to a= 0.1365000000000002, b= 0.15600000000000022, c= 0.17550000000000027, d= 0.19500000000000028 request successfully sent.
13-10-2024 20:08:17 - INFO - Response from moonraker: {'result': 'ok'}
13-10-2024 20:08:17 - INFO - Setting Chmaber Zones to a= 0.1365000000000002, b= 0.15600000000000022, c= 0.17550000000000027, d= 0.19500000000000028 Request successfully executed.
13-10-2024 20:08:18 - INFO - Sending request to Setting Chmaber Zones to a= 0.21419999999999978, b= 0.2447999999999997, c= 0.2753999999999997, d= 0.30599999999999966 with timeout of 5s...
13-10-2024 20:08:18 - INFO - Setting Chmaber Zones to a= 0.21419999999999978, b= 0.2447999999999997, c= 0.2753999999999997, d= 0.30599999999999966 request successfully sent.
13-10-2024 20:08:18 - INFO - Response from moonraker: {'result': 'ok'}
13-10-2024 20:08:18 - INFO - Setting Chmaber Zones to a= 0.21419999999999978, b= 0.2447999999999997, c= 0.2753999999999997, d= 0.30599999999999966 Request successfully executed.
13-10-2024 20:08:19 - INFO - Sending request to Setting Chmaber Zones to a= 0.19739999999999952, b= 0.22559999999999947, c= 0.25379999999999936, d= 0.2819999999999993 with timeout of 5s...
13-10-2024 20:08:19 - INFO - Setting Chmaber Zones to a= 0.19739999999999952, b= 0.22559999999999947, c= 0.25379999999999936, d= 0.2819999999999993 request successfully sent.
13-10-2024 20:08:19 - INFO - Response from moonraker: {'result': 'ok'}
13-10-2024 20:08:19 - INFO - Setting Chmaber Zones to a= 0.19739999999999952, b= 0.22559999999999947, c= 0.25379999999999936, d= 0.2819999999999993 Request successfully executed.
13-10-2024 20:08:20 - INFO - Sending request to Setting Chmaber Zones to a= 0.10080000000000024, b= 0.11520000000000026, c= 0.1296000000000003, d= 0.14400000000000032 with timeout of 5s...
13-10-2024 20:08:20 - INFO - Setting Chmaber Zones to a= 0.10080000000000024, b= 0.11520000000000026, c= 0.1296000000000003, d= 0.14400000000000032 request successfully sent.
13-10-2024 20:08:20 - INFO - Response from moonraker: {'result': 'ok'}
13-10-2024 20:08:20 - INFO - Setting Chmaber Zones to a= 0.10080000000000024, b= 0.11520000000000026, c= 0.1296000000000003, d= 0.14400000000000032 Request successfully executed.
13-10-2024 20:08:21 - INFO - Sending request to Setting Chmaber Zones to a= 0.02939999999999952, b= 0.03359999999999945, c= 0.03779999999999938, d= 0.041999999999999316 with timeout of 5s...
13-10-2024 20:08:21 - INFO - Setting Chmaber Zones to a= 0.02939999999999952, b= 0.03359999999999945, c= 0.03779999999999938, d= 0.041999999999999316 request successfully sent.
13-10-2024 20:08:21 - INFO - Response from moonraker: {'result': 'ok'}
13-10-2024 20:08:21 - INFO - Setting Chmaber Zones to a= 0.02939999999999952, b= 0.03359999999999945, c= 0.03779999999999938, d= 0.041999999999999316 Request successfully executed.
13-10-2024 20:08:22 - INFO - Sending request to Setting Chmaber Zones to a= 0.037800000000000236, b= 0.043200000000000266, c= 0.0486000000000003, d= 0.05400000000000034 with timeout of 5s...
13-10-2024 20:08:22 - INFO - Setting Chmaber Zones to a= 0.037800000000000236, b= 0.043200000000000266, c= 0.0486000000000003, d= 0.05400000000000034 request successfully sent.
13-10-2024 20:08:22 - INFO - Response from moonraker: {'result': 'ok'}
13-10-2024 20:08:22 - INFO - Setting Chmaber Zones to a= 0.037800000000000236, b= 0.043200000000000266, c= 0.0486000000000003, d= 0.05400000000000034 Request successfully executed.
13-10-2024 20:08:23 - INFO - Sending request to Setting Chmaber Zones to a= 0.13860000000000047, b= 0.15840000000000054, c= 0.1782000000000006, d= 0.19800000000000068 with timeout of 5s...
13-10-2024 20:08:23 - INFO - Setting Chmaber Zones to a= 0.13860000000000047, b= 0.15840000000000054, c= 0.1782000000000006, d= 0.19800000000000068 request successfully sent.
13-10-2024 20:08:23 - INFO - Response from moonraker: {'result': 'ok'}
13-10-2024 20:08:23 - INFO - Setting Chmaber Zones to a= 0.13860000000000047, b= 0.15840000000000054, c= 0.1782000000000006, d= 0.19800000000000068 Request successfully executed.
13-10-2024 20:08:24 - INFO - Sending request to Setting Chmaber Zones to a= 0.21419999999999978, b= 0.2447999999999997, c= 0.2753999999999997, d= 0.30599999999999966 with timeout of 5s...
13-10-2024 20:08:24 - INFO - Setting Chmaber Zones to a= 0.21419999999999978, b= 0.2447999999999997, c= 0.2753999999999997, d= 0.30599999999999966 request successfully sent.
13-10-2024 20:08:24 - INFO - Response from moonraker: {'result': 'ok'}
13-10-2024 20:08:24 - INFO - Setting Chmaber Zones to a= 0.21419999999999978, b= 0.2447999999999997, c= 0.2753999999999997, d= 0.30599999999999966 Request successfully executed.
13-10-2024 20:08:25 - INFO - Sending request to Setting Chmaber Zones to a= 0.23519999999999974, b= 0.2687999999999997, c= 0.30239999999999967, d= 0.33599999999999963 with timeout of 5s...
13-10-2024 20:08:25 - INFO - Setting Chmaber Zones to a= 0.23519999999999974, b= 0.2687999999999997, c= 0.30239999999999967, d= 0.33599999999999963 request successfully sent.
13-10-2024 20:08:25 - INFO - Response from moonraker: {'result': 'ok'}
13-10-2024 20:08:25 - INFO - Setting Chmaber Zones to a= 0.23519999999999974, b= 0.2687999999999997, c= 0.30239999999999967, d= 0.33599999999999963 Request successfully executed.
13-10-2024 20:08:26 - INFO - Sending request to Setting Chmaber Zones to a= 0.168, b= 0.192, c= 0.21599999999999997, d= 0.24 with timeout of 5s...
13-10-2024 20:08:26 - INFO - Setting Chmaber Zones to a= 0.168, b= 0.192, c= 0.21599999999999997, d= 0.24 request successfully sent.
13-10-2024 20:08:26 - INFO - Response from moonraker: {'result': 'ok'}
13-10-2024 20:08:26 - INFO - Setting Chmaber Zones to a= 0.168, b= 0.192, c= 0.21599999999999997, d= 0.24 Request successfully executed.
13-10-2024 20:08:27 - INFO - Sending request to Setting Chmaber Zones to a= 0.0, b= 0.0, c= 0.0, d= 0.0 with timeout of 5s...
13-10-2024 20:08:27 - INFO - Setting Chmaber Zones to a= 0.0, b= 0.0, c= 0.0, d= 0.0 request successfully sent.
13-10-2024 20:08:27 - INFO - Response from moonraker: {'result': 'ok'}
13-10-2024 20:08:27 - INFO - Setting Chmaber Zones to a= 0.0, b= 0.0, c= 0.0, d= 0.0 Request successfully executed.
13-10-2024 20:08:28 - INFO - Sending request to Setting Chmaber Zones to a= 0.0, b= 0.0, c= 0.0, d= 0.0 with timeout of 5s...
13-10-2024 20:08:28 - INFO - Setting Chmaber Zones to a= 0.0, b= 0.0, c= 0.0, d= 0.0 request successfully sent.
13-10-2024 20:08:28 - INFO - Response from moonraker: {'result': 'ok'}
13-10-2024 20:08:28 - INFO - Setting Chmaber Zones to a= 0.0, b= 0.0, c= 0.0, d= 0.0 Request successfully executed.
13-10-2024 20:08:29 - INFO - Sending request to Setting Chmaber Zones to a= 0.06719999999999976, b= 0.07679999999999972, c= 0.08639999999999969, d= 0.09599999999999966 with timeout of 5s...
13-10-2024 20:08:29 - INFO - Setting Chmaber Zones to a= 0.06719999999999976, b= 0.07679999999999972, c= 0.08639999999999969, d= 0.09599999999999966 request successfully sent.
13-10-2024 20:08:29 - INFO - Response from moonraker: {'result': 'ok'}
13-10-2024 20:08:29 - INFO - Setting Chmaber Zones to a= 0.06719999999999976, b= 0.07679999999999972, c= 0.08639999999999969, d= 0.09599999999999966 Request successfully executed.
13-10-2024 20:08:30 - INFO - Sending request to Setting Chmaber Zones to a= 0.0, b= 0.0, c= 0.0, d= 0.0 with timeout of 5s...
13-10-2024 20:08:30 - INFO - Setting Chmaber Zones to a= 0.0, b= 0.0, c= 0.0, d= 0.0 request successfully sent.
13-10-2024 20:08:30 - INFO - Response from moonraker: {'result': 'ok'}
13-10-2024 20:08:30 - INFO - Setting Chmaber Zones to a= 0.0, b= 0.0, c= 0.0, d= 0.0 Request successfully executed.
13-10-2024 20:08:31 - INFO - Sending request to Setting Chmaber Zones to a= 0.29400000000000004, b= 0.336, c= 0.37800000000000006, d= 0.4200000000000001 with timeout of 5s...
13-10-2024 20:08:31 - INFO - Setting Chmaber Zones to a= 0.29400000000000004, b= 0.336, c= 0.37800000000000006, d= 0.4200000000000001 request successfully sent.
13-10-2024 20:08:31 - INFO - Response from moonraker: {'result': 'ok'}
13-10-2024 20:08:31 - INFO - Setting Chmaber Zones to a= 0.29400000000000004, b= 0.336, c= 0.37800000000000006, d= 0.4200000000000001 Request successfully executed.
13-10-2024 20:08:32 - INFO - Sending request to Setting Chmaber Zones to a= 0.3577000000000006, b= 0.4088000000000007, c= 0.4599000000000008, d= 0.5110000000000009 with timeout of 5s...
13-10-2024 20:08:32 - INFO - Setting Chmaber Zones to a= 0.3577000000000006, b= 0.4088000000000007, c= 0.4599000000000008, d= 0.5110000000000009 request successfully sent.
13-10-2024 20:08:32 - INFO - Response from moonraker: {'result': 'ok'}
13-10-2024 20:08:32 - INFO - Setting Chmaber Zones to a= 0.3577000000000006, b= 0.4088000000000007, c= 0.4599000000000008, d= 0.5110000000000009 Request successfully executed.
13-10-2024 20:08:33 - INFO - Sending request to Setting Chmaber Zones to a= 0.07350000000000001, b= 0.084, c= 0.09450000000000001, d= 0.10500000000000002 with timeout of 5s...
13-10-2024 20:08:33 - INFO - Setting Chmaber Zones to a= 0.07350000000000001, b= 0.084, c= 0.09450000000000001, d= 0.10500000000000002 request successfully sent.
13-10-2024 20:08:33 - INFO - Response from moonraker: {'result': 'ok'}
13-10-2024 20:08:33 - INFO - Setting Chmaber Zones to a= 0.07350000000000001, b= 0.084, c= 0.09450000000000001, d= 0.10500000000000002 Request successfully executed.
13-10-2024 20:08:34 - INFO - Sending request to Setting Chmaber Zones to a= 0.0, b= 0.0, c= 0.0, d= 0.0 with timeout of 5s...
13-10-2024 20:08:34 - INFO - Setting Chmaber Zones to a= 0.0, b= 0.0, c= 0.0, d= 0.0 request successfully sent.
13-10-2024 20:08:34 - INFO - Response from moonraker: {'result': 'ok'}
13-10-2024 20:08:34 - INFO - Setting Chmaber Zones to a= 0.0, b= 0.0, c= 0.0, d= 0.0 Request successfully executed.
13-10-2024 20:08:35 - INFO - Sending request to Setting Chmaber Zones to a= 0.0, b= 0.0, c= 0.0, d= 0.0 with timeout of 5s...
13-10-2024 20:08:35 - INFO - Setting Chmaber Zones to a= 0.0, b= 0.0, c= 0.0, d= 0.0 request successfully sent.
13-10-2024 20:08:35 - INFO - Response from moonraker: {'result': 'ok'}
13-10-2024 20:08:35 - INFO - Setting Chmaber Zones to a= 0.0, b= 0.0, c= 0.0, d= 0.0 Request successfully executed.
13-10-2024 20:08:36 - INFO - Sending request to Setting Chmaber Zones to a= 0.06370000000000056, b= 0.07280000000000064, c= 0.08190000000000072, d= 0.0910000000000008 with timeout of 5s...
13-10-2024 20:08:36 - INFO - Setting Chmaber Zones to a= 0.06370000000000056, b= 0.07280000000000064, c= 0.08190000000000072, d= 0.0910000000000008 request successfully sent.
13-10-2024 20:08:36 - INFO - Response from moonraker: {'result': 'ok'}
13-10-2024 20:08:36 - INFO - Setting Chmaber Zones to a= 0.06370000000000056, b= 0.07280000000000064, c= 0.08190000000000072, d= 0.0910000000000008 Request successfully executed.
13-10-2024 20:08:37 - INFO - Sending request to Setting Chmaber Zones to a= 0.23029999999999948, b= 0.2631999999999994, c= 0.2960999999999993, d= 0.3289999999999992 with timeout of 5s...
13-10-2024 20:08:37 - INFO - Setting Chmaber Zones to a= 0.23029999999999948, b= 0.2631999999999994, c= 0.2960999999999993, d= 0.3289999999999992 request successfully sent.
13-10-2024 20:08:37 - INFO - Response from moonraker: {'result': 'ok'}
13-10-2024 20:08:37 - INFO - Setting Chmaber Zones to a= 0.23029999999999948, b= 0.2631999999999994, c= 0.2960999999999993, d= 0.3289999999999992 Request successfully executed.
13-10-2024 20:08:38 - INFO - Sending request to Setting Chmaber Zones to a= 0.32339999999999974, b= 0.3695999999999997, c= 0.4157999999999997, d= 0.4619999999999996 with timeout of 5s...
13-10-2024 20:08:38 - INFO - Setting Chmaber Zones to a= 0.32339999999999974, b= 0.3695999999999997, c= 0.4157999999999997, d= 0.4619999999999996 request successfully sent.
13-10-2024 20:08:38 - INFO - Response from moonraker: {'result': 'ok'}
13-10-2024 20:08:38 - INFO - Setting Chmaber Zones to a= 0.32339999999999974, b= 0.3695999999999997, c= 0.4157999999999997, d= 0.4619999999999996 Request successfully executed.
13-10-2024 20:08:39 - INFO - Sending request to Setting Chmaber Zones to a= 0.28420000000000056, b= 0.3248000000000007, c= 0.3654000000000008, d= 0.40600000000000086 with timeout of 5s...
13-10-2024 20:08:39 - INFO - Setting Chmaber Zones to a= 0.28420000000000056, b= 0.3248000000000007, c= 0.3654000000000008, d= 0.40600000000000086 request successfully sent.
13-10-2024 20:08:39 - INFO - Response from moonraker: {'result': 'ok'}
13-10-2024 20:08:39 - INFO - Setting Chmaber Zones to a= 0.28420000000000056, b= 0.3248000000000007, c= 0.3654000000000008, d= 0.40600000000000086 Request successfully executed.
13-10-2024 20:08:40 - INFO - Sending request to Setting Chmaber Zones to a= 0.03429999999999945, b= 0.03919999999999937, c= 0.04409999999999929, d= 0.04899999999999921 with timeout of 5s...
13-10-2024 20:08:40 - INFO - Setting Chmaber Zones to a= 0.03429999999999945, b= 0.03919999999999937, c= 0.04409999999999929, d= 0.04899999999999921 request successfully sent.
13-10-2024 20:08:40 - INFO - Response from moonraker: {'result': 'ok'}
13-10-2024 20:08:40 - INFO - Setting Chmaber Zones to a= 0.03429999999999945, b= 0.03919999999999937, c= 0.04409999999999929, d= 0.04899999999999921 Request successfully executed.
13-10-2024 20:08:41 - INFO - Sending request to Setting Chmaber Zones to a= 0.0, b= 0.0, c= 0.0, d= 0.0 with timeout of 5s...
13-10-2024 20:08:41 - INFO - Setting Chmaber Zones to a= 0.0, b= 0.0, c= 0.0, d= 0.0 request successfully sent.
13-10-2024 20:08:41 - INFO - Response from moonraker: {'result': 'ok'}
13-10-2024 20:08:41 - INFO - Setting Chmaber Zones to a= 0.0, b= 0.0, c= 0.0, d= 0.0 Request successfully executed.
13-10-2024 20:08:42 - INFO - Sending request to Setting Chmaber Zones to a= 0.0, b= 0.0, c= 0.0, d= 0.0 with timeout of 5s...
13-10-2024 20:08:42 - INFO - Setting Chmaber Zones to a= 0.0, b= 0.0, c= 0.0, d= 0.0 request successfully sent.
13-10-2024 20:08:42 - INFO - Response from moonraker: {'result': 'ok'}
13-10-2024 20:08:42 - INFO - Setting Chmaber Zones to a= 0.0, b= 0.0, c= 0.0, d= 0.0 Request successfully executed.
13-10-2024 20:08:43 - INFO - Sending request to Setting Chmaber Zones to a= 0.1176000000000003, b= 0.13440000000000032, c= 0.1512000000000004, d= 0.16800000000000043 with timeout of 5s...
13-10-2024 20:08:43 - INFO - Setting Chmaber Zones to a= 0.1176000000000003, b= 0.13440000000000032, c= 0.1512000000000004, d= 0.16800000000000043 request successfully sent.
13-10-2024 20:08:43 - INFO - Response from moonraker: {'result': 'ok'}
13-10-2024 20:08:43 - INFO - Setting Chmaber Zones to a= 0.1176000000000003, b= 0.13440000000000032, c= 0.1512000000000004, d= 0.16800000000000043 Request successfully executed.
13-10-2024 20:08:44 - INFO - Sending request to Setting Chmaber Zones to a= 0.29400000000000004, b= 0.336, c= 0.37800000000000006, d= 0.4200000000000001 with timeout of 5s...
13-10-2024 20:08:44 - INFO - Setting Chmaber Zones to a= 0.29400000000000004, b= 0.336, c= 0.37800000000000006, d= 0.4200000000000001 request successfully sent.
13-10-2024 20:08:44 - INFO - Response from moonraker: {'result': 'ok'}
13-10-2024 20:08:44 - INFO - Setting Chmaber Zones to a= 0.29400000000000004, b= 0.336, c= 0.37800000000000006, d= 0.4200000000000001 Request successfully executed.
13-10-2024 20:08:45 - INFO - Sending request to Setting Chmaber Zones to a= 0.3136000000000003, b= 0.3584000000000004, c= 0.40320000000000045, d= 0.44800000000000045 with timeout of 5s...
13-10-2024 20:08:45 - INFO - Setting Chmaber Zones to a= 0.3136000000000003, b= 0.3584000000000004, c= 0.40320000000000045, d= 0.44800000000000045 request successfully sent.
13-10-2024 20:08:45 - INFO - Response from moonraker: {'result': 'ok'}
13-10-2024 20:08:45 - INFO - Setting Chmaber Zones to a= 0.3136000000000003, b= 0.3584000000000004, c= 0.40320000000000045, d= 0.44800000000000045 Request successfully executed.
13-10-2024 20:08:46 - INFO - Sending request to Setting Chmaber Zones to a= 0.2575999999999997, b= 0.2943999999999996, c= 0.3311999999999996, d= 0.36799999999999955 with timeout of 5s...
13-10-2024 20:08:46 - INFO - Setting Chmaber Zones to a= 0.2575999999999997, b= 0.2943999999999996, c= 0.3311999999999996, d= 0.36799999999999955 request successfully sent.
13-10-2024 20:08:46 - INFO - Response from moonraker: {'result': 'ok'}
13-10-2024 20:08:46 - INFO - Setting Chmaber Zones to a= 0.2575999999999997, b= 0.2943999999999996, c= 0.3311999999999996, d= 0.36799999999999955 Request successfully executed.
13-10-2024 20:08:47 - INFO - Sending request to Setting Chmaber Zones to a= 0.0, b= 0.0, c= 0.0, d= 0.0 with timeout of 5s...
13-10-2024 20:08:47 - INFO - Setting Chmaber Zones to a= 0.0, b= 0.0, c= 0.0, d= 0.0 request successfully sent.
13-10-2024 20:08:47 - INFO - Response from moonraker: {'result': 'ok'}
13-10-2024 20:08:47 - INFO - Setting Chmaber Zones to a= 0.0, b= 0.0, c= 0.0, d= 0.0 Request successfully executed.
13-10-2024 20:08:48 - INFO - Sending request to Setting Chmaber Zones to a= 0.0, b= 0.0, c= 0.0, d= 0.0 with timeout of 5s...
13-10-2024 20:08:48 - INFO - Setting Chmaber Zones to a= 0.0, b= 0.0, c= 0.0, d= 0.0 request successfully sent.
13-10-2024 20:08:48 - INFO - Response from moonraker: {'result': 'ok'}
13-10-2024 20:08:48 - INFO - Setting Chmaber Zones to a= 0.0, b= 0.0, c= 0.0, d= 0.0 Request successfully executed.
13-10-2024 20:08:49 - INFO - Sending request to Setting Chmaber Zones to a= 0.0, b= 0.0, c= 0.0, d= 0.0 with timeout of 5s...
13-10-2024 20:08:49 - INFO - Setting Chmaber Zones to a= 0.0, b= 0.0, c= 0.0, d= 0.0 request successfully sent.
13-10-2024 20:08:49 - INFO - Response from moonraker: {'result': 'ok'}
13-10-2024 20:08:49 - INFO - Setting Chmaber Zones to a= 0.0, b= 0.0, c= 0.0, d= 0.0 Request successfully executed.
13-10-2024 20:08:50 - INFO - Sending request to Setting Chmaber Zones to a= 0.084, b= 0.096, c= 0.10799999999999998, d= 0.12 with timeout of 5s...
13-10-2024 20:08:50 - INFO - Setting Chmaber Zones to a= 0.084, b= 0.096, c= 0.10799999999999998, d= 0.12 request successfully sent.
13-10-2024 20:08:50 - INFO - Response from moonraker: {'result': 'ok'}
13-10-2024 20:08:50 - INFO - Setting Chmaber Zones to a= 0.084, b= 0.096, c= 0.10799999999999998, d= 0.12 Request successfully executed.
13-10-2024 20:08:51 - INFO - Sending request to Setting Chmaber Zones to a= 0.34719999999999934, b= 0.39679999999999926, c= 0.44639999999999924, d= 0.4959999999999991 with timeout of 5s...
13-10-2024 20:08:51 - INFO - Setting Chmaber Zones to a= 0.34719999999999934, b= 0.39679999999999926, c= 0.44639999999999924, d= 0.4959999999999991 request successfully sent.
13-10-2024 20:08:51 - INFO - Response from moonraker: {'result': 'ok'}
13-10-2024 20:08:51 - INFO - Setting Chmaber Zones to a= 0.34719999999999934, b= 0.39679999999999926, c= 0.44639999999999924, d= 0.4959999999999991 Request successfully executed.
13-10-2024 20:08:53 - INFO - Sending request to Setting Chmaber Zones to a= 0, b= 0, c= 0, d= 0 with timeout of 5s...
13-10-2024 20:08:53 - INFO - Setting Chmaber Zones to a= 0, b= 0, c= 0, d= 0 request successfully sent.
13-10-2024 20:08:53 - INFO - Response from moonraker: {'result': 'ok'}
13-10-2024 20:08:53 - INFO - Setting Chmaber Zones to a= 0, b= 0, c= 0, d= 0 Request successfully executed.
13-10-2024 20:08:55 - INFO - Sending request to Setting Chmaber Zones to a= 0, b= 0, c= 0, d= 0 with timeout of 5s...
13-10-2024 20:08:55 - INFO - Sending request to Setting Chmaber Zones to a= 0.0, b= 0.0, c= 0.0, d= 0.0 with timeout of 5s...
13-10-2024 20:08:55 - INFO - Setting Chmaber Zones to a= 0.0, b= 0.0, c= 0.0, d= 0.0 request successfully sent.
13-10-2024 20:08:55 - INFO - Response from moonraker: {'result': 'ok'}
13-10-2024 20:08:55 - INFO - Setting Chmaber Zones to a= 0.0, b= 0.0, c= 0.0, d= 0.0 Request successfully executed.
13-10-2024 20:08:55 - INFO - Setting Chmaber Zones to a= 0.0, b= 0.0, c= 0.0, d= 0.0 request successfully sent.
13-10-2024 20:08:55 - INFO - Response from moonraker: {'result': 'ok'}
13-10-2024 20:08:55 - INFO - Setting Chmaber Zones to a= 0.0, b= 0.0, c= 0.0, d= 0.0 Request successfully executed.
13-10-2024 20:08:56 - INFO - Sending request to Setting Chmaber Zones to a= 0.20719999999999938, b= 0.2367999999999993, c= 0.2663999999999992, d= 0.2959999999999991 with timeout of 5s...
13-10-2024 20:08:56 - INFO - Setting Chmaber Zones to a= 0.20719999999999938, b= 0.2367999999999993, c= 0.2663999999999992, d= 0.2959999999999991 request successfully sent.
13-10-2024 20:08:56 - INFO - Response from moonraker: {'result': 'ok'}
13-10-2024 20:08:56 - INFO - Setting Chmaber Zones to a= 0.20719999999999938, b= 0.2367999999999993, c= 0.2663999999999992, d= 0.2959999999999991 Request successfully executed.
13-10-2024 20:08:57 - INFO - Sending request to Setting Chmaber Zones to a= 0.3975999999999996, b= 0.45439999999999964, c= 0.5111999999999995, d= 0.5679999999999995 with timeout of 5s...
13-10-2024 20:08:57 - INFO - Setting Chmaber Zones to a= 0.3975999999999996, b= 0.45439999999999964, c= 0.5111999999999995, d= 0.5679999999999995 request successfully sent.
13-10-2024 20:08:57 - INFO - Response from moonraker: {'result': 'ok'}
13-10-2024 20:08:57 - INFO - Setting Chmaber Zones to a= 0.3975999999999996, b= 0.45439999999999964, c= 0.5111999999999995, d= 0.5679999999999995 Request successfully executed.
13-10-2024 20:08:58 - INFO - Sending request to Setting Chmaber Zones to a= 0.3248000000000006, b= 0.37120000000000075, c= 0.41760000000000086, d= 0.4640000000000009 with timeout of 5s...
13-10-2024 20:08:58 - INFO - Setting Chmaber Zones to a= 0.3248000000000006, b= 0.37120000000000075, c= 0.41760000000000086, d= 0.4640000000000009 request successfully sent.
13-10-2024 20:08:58 - INFO - Response from moonraker: {'result': 'ok'}
13-10-2024 20:08:58 - INFO - Setting Chmaber Zones to a= 0.3248000000000006, b= 0.37120000000000075, c= 0.41760000000000086, d= 0.4640000000000009 Request successfully executed.
13-10-2024 20:08:59 - INFO - Sending request to Setting Chmaber Zones to a= 0.13440000000000032, b= 0.15360000000000035, c= 0.1728000000000004, d= 0.19200000000000045 with timeout of 5s...
13-10-2024 20:08:59 - INFO - Setting Chmaber Zones to a= 0.13440000000000032, b= 0.15360000000000035, c= 0.1728000000000004, d= 0.19200000000000045 request successfully sent.
13-10-2024 20:08:59 - INFO - Response from moonraker: {'result': 'ok'}
13-10-2024 20:08:59 - INFO - Setting Chmaber Zones to a= 0.13440000000000032, b= 0.15360000000000035, c= 0.1728000000000004, d= 0.19200000000000045 Request successfully executed.
13-10-2024 20:09:00 - INFO - Sending request to Setting Chmaber Zones to a= 0.0, b= 0.0, c= 0.0, d= 0.0 with timeout of 5s...
13-10-2024 20:09:00 - INFO - Setting Chmaber Zones to a= 0.0, b= 0.0, c= 0.0, d= 0.0 request successfully sent.
13-10-2024 20:09:00 - INFO - Response from moonraker: {'result': 'ok'}
13-10-2024 20:09:00 - INFO - Setting Chmaber Zones to a= 0.0, b= 0.0, c= 0.0, d= 0.0 Request successfully executed.
13-10-2024 20:09:01 - INFO - Sending request to Setting Chmaber Zones to a= 0.0, b= 0.0, c= 0.0, d= 0.0 with timeout of 5s...
13-10-2024 20:09:01 - INFO - Setting Chmaber Zones to a= 0.0, b= 0.0, c= 0.0, d= 0.0 request successfully sent.
13-10-2024 20:09:01 - INFO - Response from moonraker: {'result': 'ok'}
13-10-2024 20:09:01 - INFO - Setting Chmaber Zones to a= 0.0, b= 0.0, c= 0.0, d= 0.0 Request successfully executed.
13-10-2024 20:09:02 - INFO - Sending request to Setting Chmaber Zones to a= 0.0, b= 0.0, c= 0.0, d= 0.0 with timeout of 5s...
13-10-2024 20:09:02 - INFO - Setting Chmaber Zones to a= 0.0, b= 0.0, c= 0.0, d= 0.0 request successfully sent.
13-10-2024 20:09:02 - INFO - Response from moonraker: {'result': 'ok'}
13-10-2024 20:09:02 - INFO - Setting Chmaber Zones to a= 0.0, b= 0.0, c= 0.0, d= 0.0 Request successfully executed.
13-10-2024 20:09:03 - INFO - Sending request to Setting Chmaber Zones to a= 0.15680000000000063, b= 0.17920000000000072, c= 0.2016000000000008, d= 0.22400000000000092 with timeout of 5s...
13-10-2024 20:09:03 - INFO - Setting Chmaber Zones to a= 0.15680000000000063, b= 0.17920000000000072, c= 0.2016000000000008, d= 0.22400000000000092 request successfully sent.
13-10-2024 20:09:03 - INFO - Response from moonraker: {'result': 'ok'}
13-10-2024 20:09:03 - INFO - Setting Chmaber Zones to a= 0.15680000000000063, b= 0.17920000000000072, c= 0.2016000000000008, d= 0.22400000000000092 Request successfully executed.
13-10-2024 20:09:04 - INFO - Sending request to Setting Chmaber Zones to a= 0.42559999999999965, b= 0.48639999999999967, c= 0.5471999999999996, d= 0.6079999999999995 with timeout of 5s...
13-10-2024 20:09:04 - INFO - Setting Chmaber Zones to a= 0.42559999999999965, b= 0.48639999999999967, c= 0.5471999999999996, d= 0.6079999999999995 request successfully sent.
13-10-2024 20:09:04 - INFO - Response from moonraker: {'result': 'ok'}
13-10-2024 20:09:04 - INFO - Setting Chmaber Zones to a= 0.42559999999999965, b= 0.48639999999999967, c= 0.5471999999999996, d= 0.6079999999999995 Request successfully executed.
13-10-2024 20:09:05 - INFO - Sending request to Setting Chmaber Zones to a= 0.38080000000000064, b= 0.43520000000000075, c= 0.48960000000000087, d= 0.5440000000000009 with timeout of 5s...
13-10-2024 20:09:05 - INFO - Setting Chmaber Zones to a= 0.38080000000000064, b= 0.43520000000000075, c= 0.48960000000000087, d= 0.5440000000000009 request successfully sent.
13-10-2024 20:09:05 - INFO - Response from moonraker: {'result': 'ok'}
13-10-2024 20:09:05 - INFO - Setting Chmaber Zones to a= 0.38080000000000064, b= 0.43520000000000075, c= 0.48960000000000087, d= 0.5440000000000009 Request successfully executed.
13-10-2024 20:09:06 - INFO - Sending request to Setting Chmaber Zones to a= 0.0, b= 0.0, c= 0.0, d= 0.0 with timeout of 5s...
13-10-2024 20:09:06 - INFO - Setting Chmaber Zones to a= 0.0, b= 0.0, c= 0.0, d= 0.0 request successfully sent.
13-10-2024 20:09:06 - INFO - Response from moonraker: {'result': 'ok'}
13-10-2024 20:09:06 - INFO - Setting Chmaber Zones to a= 0.0, b= 0.0, c= 0.0, d= 0.0 Request successfully executed.
13-10-2024 20:09:07 - INFO - Sending request to Setting Chmaber Zones to a= 0.0, b= 0.0, c= 0.0, d= 0.0 with timeout of 5s...
13-10-2024 20:09:07 - INFO - Setting Chmaber Zones to a= 0.0, b= 0.0, c= 0.0, d= 0.0 request successfully sent.
13-10-2024 20:09:07 - INFO - Response from moonraker: {'result': 'ok'}
13-10-2024 20:09:07 - INFO - Setting Chmaber Zones to a= 0.0, b= 0.0, c= 0.0, d= 0.0 Request successfully executed.
13-10-2024 20:09:08 - INFO - Sending request to Setting Chmaber Zones to a= 0.0, b= 0.0, c= 0.0, d= 0.0 with timeout of 5s...
13-10-2024 20:09:08 - INFO - Setting Chmaber Zones to a= 0.0, b= 0.0, c= 0.0, d= 0.0 request successfully sent.
13-10-2024 20:09:08 - INFO - Response from moonraker: {'result': 'ok'}
13-10-2024 20:09:08 - INFO - Setting Chmaber Zones to a= 0.0, b= 0.0, c= 0.0, d= 0.0 Request successfully executed.
13-10-2024 20:09:09 - INFO - Sending request to Setting Chmaber Zones to a= 0.084, b= 0.096, c= 0.10799999999999998, d= 0.12 with timeout of 5s...
13-10-2024 20:09:09 - INFO - Setting Chmaber Zones to a= 0.084, b= 0.096, c= 0.10799999999999998, d= 0.12 request successfully sent.
13-10-2024 20:09:09 - INFO - Response from moonraker: {'result': 'ok'}
13-10-2024 20:09:09 - INFO - Setting Chmaber Zones to a= 0.084, b= 0.096, c= 0.10799999999999998, d= 0.12 Request successfully executed.
13-10-2024 20:09:10 - INFO - Sending request to Setting Chmaber Zones to a= 0.28, b= 0.32, c= 0.36, d= 0.4 with timeout of 5s...
13-10-2024 20:09:10 - INFO - Setting Chmaber Zones to a= 0.28, b= 0.32, c= 0.36, d= 0.4 request successfully sent.
13-10-2024 20:09:10 - INFO - Response from moonraker: {'result': 'ok'}
13-10-2024 20:09:10 - INFO - Setting Chmaber Zones to a= 0.28, b= 0.32, c= 0.36, d= 0.4 Request successfully executed.
13-10-2024 20:09:11 - INFO - Sending request to Setting Chmaber Zones to a= 0.3248000000000006, b= 0.37120000000000075, c= 0.41760000000000086, d= 0.4640000000000009 with timeout of 5s...
13-10-2024 20:09:11 - INFO - Setting Chmaber Zones to a= 0.3248000000000006, b= 0.37120000000000075, c= 0.41760000000000086, d= 0.4640000000000009 request successfully sent.
13-10-2024 20:09:11 - INFO - Response from moonraker: {'result': 'ok'}
13-10-2024 20:09:11 - INFO - Setting Chmaber Zones to a= 0.3248000000000006, b= 0.37120000000000075, c= 0.41760000000000086, d= 0.4640000000000009 Request successfully executed.
13-10-2024 20:09:12 - INFO - Sending request to Setting Chmaber Zones to a= 0.22400000000000003, b= 0.256, c= 0.28800000000000003, d= 0.32 with timeout of 5s...
13-10-2024 20:09:12 - INFO - Setting Chmaber Zones to a= 0.22400000000000003, b= 0.256, c= 0.28800000000000003, d= 0.32 request successfully sent.
13-10-2024 20:09:12 - INFO - Response from moonraker: {'result': 'ok'}
13-10-2024 20:09:12 - INFO - Setting Chmaber Zones to a= 0.22400000000000003, b= 0.256, c= 0.28800000000000003, d= 0.32 Request successfully executed.
13-10-2024 20:09:13 - INFO - Sending request to Setting Chmaber Zones to a= 0.0, b= 0.0, c= 0.0, d= 0.0 with timeout of 5s...
13-10-2024 20:09:13 - INFO - Setting Chmaber Zones to a= 0.0, b= 0.0, c= 0.0, d= 0.0 request successfully sent.
13-10-2024 20:09:13 - INFO - Response from moonraker: {'result': 'ok'}
13-10-2024 20:09:13 - INFO - Setting Chmaber Zones to a= 0.0, b= 0.0, c= 0.0, d= 0.0 Request successfully executed.
13-10-2024 20:09:14 - INFO - Sending request to Setting Chmaber Zones to a= 0.0, b= 0.0, c= 0.0, d= 0.0 with timeout of 5s...
13-10-2024 20:09:14 - INFO - Setting Chmaber Zones to a= 0.0, b= 0.0, c= 0.0, d= 0.0 request successfully sent.
13-10-2024 20:09:14 - INFO - Response from moonraker: {'result': 'ok'}
13-10-2024 20:09:14 - INFO - Setting Chmaber Zones to a= 0.0, b= 0.0, c= 0.0, d= 0.0 Request successfully executed.
13-10-2024 20:09:15 - INFO - Sending request to Setting Chmaber Zones to a= 0.0, b= 0.0, c= 0.0, d= 0.0 with timeout of 5s...
13-10-2024 20:09:15 - INFO - Setting Chmaber Zones to a= 0.0, b= 0.0, c= 0.0, d= 0.0 request successfully sent.
13-10-2024 20:09:15 - INFO - Response from moonraker: {'result': 'ok'}
13-10-2024 20:09:15 - INFO - Setting Chmaber Zones to a= 0.0, b= 0.0, c= 0.0, d= 0.0 Request successfully executed.
13-10-2024 20:09:16 - INFO - Sending request to Setting Chmaber Zones to a= 0.14875000000000002, b= 0.17, c= 0.19125000000000003, d= 0.21250000000000002 with timeout of 5s...
13-10-2024 20:09:16 - INFO - Setting Chmaber Zones to a= 0.14875000000000002, b= 0.17, c= 0.19125000000000003, d= 0.21250000000000002 request successfully sent.
13-10-2024 20:09:16 - INFO - Response from moonraker: {'result': 'ok'}
13-10-2024 20:09:16 - INFO - Setting Chmaber Zones to a= 0.14875000000000002, b= 0.17, c= 0.19125000000000003, d= 0.21250000000000002 Request successfully executed.
13-10-2024 20:09:17 - INFO - Sending request to Setting Chmaber Zones to a= 0.33319999999999966, b= 0.38079999999999964, c= 0.4283999999999996, d= 0.47599999999999953 with timeout of 5s...
13-10-2024 20:09:17 - INFO - Setting Chmaber Zones to a= 0.33319999999999966, b= 0.38079999999999964, c= 0.4283999999999996, d= 0.47599999999999953 request successfully sent.
13-10-2024 20:09:17 - INFO - Response from moonraker: {'result': 'ok'}
13-10-2024 20:09:17 - INFO - Setting Chmaber Zones to a= 0.33319999999999966, b= 0.38079999999999964, c= 0.4283999999999996, d= 0.47599999999999953 Request successfully executed.
13-10-2024 20:09:18 - INFO - Sending request to Setting Chmaber Zones to a= 0.3034499999999997, b= 0.34679999999999966, c= 0.39014999999999955, d= 0.4334999999999995 with timeout of 5s...
13-10-2024 20:09:18 - INFO - Setting Chmaber Zones to a= 0.3034499999999997, b= 0.34679999999999966, c= 0.39014999999999955, d= 0.4334999999999995 request successfully sent.
13-10-2024 20:09:18 - INFO - Response from moonraker: {'result': 'ok'}
13-10-2024 20:09:18 - INFO - Setting Chmaber Zones to a= 0.3034499999999997, b= 0.34679999999999966, c= 0.39014999999999955, d= 0.4334999999999995 Request successfully executed.
13-10-2024 20:09:19 - INFO - Sending request to Setting Chmaber Zones to a= 0.19039999999999935, b= 0.21759999999999927, c= 0.24479999999999916, d= 0.2719999999999991 with timeout of 5s...
13-10-2024 20:09:19 - INFO - Setting Chmaber Zones to a= 0.19039999999999935, b= 0.21759999999999927, c= 0.24479999999999916, d= 0.2719999999999991 request successfully sent.
13-10-2024 20:09:19 - INFO - Response from moonraker: {'result': 'ok'}
13-10-2024 20:09:19 - INFO - Setting Chmaber Zones to a= 0.19039999999999935, b= 0.21759999999999927, c= 0.24479999999999916, d= 0.2719999999999991 Request successfully executed.
13-10-2024 20:09:20 - INFO - Sending request to Setting Chmaber Zones to a= 0.0, b= 0.0, c= 0.0, d= 0.0 with timeout of 5s...
13-10-2024 20:09:20 - INFO - Setting Chmaber Zones to a= 0.0, b= 0.0, c= 0.0, d= 0.0 request successfully sent.
13-10-2024 20:09:20 - INFO - Response from moonraker: {'result': 'ok'}
13-10-2024 20:09:20 - INFO - Setting Chmaber Zones to a= 0.0, b= 0.0, c= 0.0, d= 0.0 Request successfully executed.
13-10-2024 20:09:21 - INFO - Sending request to Setting Chmaber Zones to a= 0.0, b= 0.0, c= 0.0, d= 0.0 with timeout of 5s...
13-10-2024 20:09:21 - INFO - Setting Chmaber Zones to a= 0.0, b= 0.0, c= 0.0, d= 0.0 request successfully sent.
13-10-2024 20:09:21 - INFO - Response from moonraker: {'result': 'ok'}
13-10-2024 20:09:21 - INFO - Setting Chmaber Zones to a= 0.0, b= 0.0, c= 0.0, d= 0.0 Request successfully executed.
13-10-2024 20:09:22 - INFO - Sending request to Setting Chmaber Zones to a= 0.0, b= 0.0, c= 0.0, d= 0.0 with timeout of 5s...
13-10-2024 20:09:22 - INFO - Setting Chmaber Zones to a= 0.0, b= 0.0, c= 0.0, d= 0.0 request successfully sent.
13-10-2024 20:09:22 - INFO - Response from moonraker: {'result': 'ok'}
13-10-2024 20:09:22 - INFO - Setting Chmaber Zones to a= 0.0, b= 0.0, c= 0.0, d= 0.0 Request successfully executed.
13-10-2024 20:09:23 - INFO - Sending request to Setting Chmaber Zones to a= 0.09519999999999967, b= 0.10879999999999963, c= 0.12239999999999958, d= 0.13599999999999954 with timeout of 5s...
13-10-2024 20:09:23 - INFO - Setting Chmaber Zones to a= 0.09519999999999967, b= 0.10879999999999963, c= 0.12239999999999958, d= 0.13599999999999954 request successfully sent.
13-10-2024 20:09:23 - INFO - Response from moonraker: {'result': 'ok'}
13-10-2024 20:09:23 - INFO - Setting Chmaber Zones to a= 0.09519999999999967, b= 0.10879999999999963, c= 0.12239999999999958, d= 0.13599999999999954 Request successfully executed.
13-10-2024 20:09:24 - INFO - Sending request to Setting Chmaber Zones to a= 0.38675, b= 0.442, c= 0.49725, d= 0.5525 with timeout of 5s...
13-10-2024 20:09:24 - INFO - Setting Chmaber Zones to a= 0.38675, b= 0.442, c= 0.49725, d= 0.5525 request successfully sent.
13-10-2024 20:09:24 - INFO - Response from moonraker: {'result': 'ok'}
13-10-2024 20:09:24 - INFO - Setting Chmaber Zones to a= 0.38675, b= 0.442, c= 0.49725, d= 0.5525 Request successfully executed.
13-10-2024 20:09:25 - INFO - Sending request to Setting Chmaber Zones to a= 0.38080000000000036, b= 0.43520000000000036, c= 0.4896000000000004, d= 0.5440000000000005 with timeout of 5s...
13-10-2024 20:09:25 - INFO - Setting Chmaber Zones to a= 0.38080000000000036, b= 0.43520000000000036, c= 0.4896000000000004, d= 0.5440000000000005 request successfully sent.
13-10-2024 20:09:25 - INFO - Response from moonraker: {'result': 'ok'}
13-10-2024 20:09:25 - INFO - Setting Chmaber Zones to a= 0.38080000000000036, b= 0.43520000000000036, c= 0.4896000000000004, d= 0.5440000000000005 Request successfully executed.
13-10-2024 20:09:26 - INFO - Sending request to Setting Chmaber Zones to a= 0.0, b= 0.0, c= 0.0, d= 0.0 with timeout of 5s...
13-10-2024 20:09:26 - INFO - Setting Chmaber Zones to a= 0.0, b= 0.0, c= 0.0, d= 0.0 request successfully sent.
13-10-2024 20:09:26 - INFO - Response from moonraker: {'result': 'ok'}
13-10-2024 20:09:26 - INFO - Setting Chmaber Zones to a= 0.0, b= 0.0, c= 0.0, d= 0.0 Request successfully executed.
13-10-2024 20:09:27 - INFO - Sending request to Setting Chmaber Zones to a= 0.0, b= 0.0, c= 0.0, d= 0.0 with timeout of 5s...
13-10-2024 20:09:27 - INFO - Setting Chmaber Zones to a= 0.0, b= 0.0, c= 0.0, d= 0.0 request successfully sent.
13-10-2024 20:09:27 - INFO - Response from moonraker: {'result': 'ok'}
13-10-2024 20:09:27 - INFO - Setting Chmaber Zones to a= 0.0, b= 0.0, c= 0.0, d= 0.0 Request successfully executed.
13-10-2024 20:09:28 - INFO - Sending request to Setting Chmaber Zones to a= 0.0, b= 0.0, c= 0.0, d= 0.0 with timeout of 5s...
13-10-2024 20:09:28 - INFO - Setting Chmaber Zones to a= 0.0, b= 0.0, c= 0.0, d= 0.0 request successfully sent.
13-10-2024 20:09:28 - INFO - Response from moonraker: {'result': 'ok'}
13-10-2024 20:09:28 - INFO - Setting Chmaber Zones to a= 0.0, b= 0.0, c= 0.0, d= 0.0 Request successfully executed.
13-10-2024 20:09:29 - INFO - Sending request to Setting Chmaber Zones to a= 0.041649999999999326, b= 0.04759999999999923, c= 0.05354999999999913, d= 0.05949999999999904 with timeout of 5s...
13-10-2024 20:09:29 - INFO - Setting Chmaber Zones to a= 0.041649999999999326, b= 0.04759999999999923, c= 0.05354999999999913, d= 0.05949999999999904 request successfully sent.
13-10-2024 20:09:29 - INFO - Response from moonraker: {'result': 'ok'}
13-10-2024 20:09:29 - INFO - Setting Chmaber Zones to a= 0.041649999999999326, b= 0.04759999999999923, c= 0.05354999999999913, d= 0.05949999999999904 Request successfully executed.
13-10-2024 20:09:30 - INFO - Sending request to Setting Chmaber Zones to a= 0.2558500000000007, b= 0.2924000000000008, c= 0.3289500000000009, d= 0.365500000000001 with timeout of 5s...
13-10-2024 20:09:30 - INFO - Setting Chmaber Zones to a= 0.2558500000000007, b= 0.2924000000000008, c= 0.3289500000000009, d= 0.365500000000001 request successfully sent.
13-10-2024 20:09:30 - INFO - Response from moonraker: {'result': 'ok'}
13-10-2024 20:09:30 - INFO - Setting Chmaber Zones to a= 0.2558500000000007, b= 0.2924000000000008, c= 0.3289500000000009, d= 0.365500000000001 Request successfully executed.
13-10-2024 20:09:31 - INFO - Sending request to Setting Chmaber Zones to a= 0.3451000000000007, b= 0.3944000000000008, c= 0.44370000000000087, d= 0.493000000000001 with timeout of 5s...
13-10-2024 20:09:31 - INFO - Setting Chmaber Zones to a= 0.3451000000000007, b= 0.3944000000000008, c= 0.44370000000000087, d= 0.493000000000001 request successfully sent.
13-10-2024 20:09:31 - INFO - Response from moonraker: {'result': 'ok'}
13-10-2024 20:09:31 - INFO - Setting Chmaber Zones to a= 0.3451000000000007, b= 0.3944000000000008, c= 0.44370000000000087, d= 0.493000000000001 Request successfully executed.
13-10-2024 20:09:32 - INFO - Sending request to Setting Chmaber Zones to a= 0.27964999999999934, b= 0.3195999999999993, c= 0.3595499999999992, d= 0.3994999999999991 with timeout of 5s...
13-10-2024 20:09:32 - INFO - Setting Chmaber Zones to a= 0.27964999999999934, b= 0.3195999999999993, c= 0.3595499999999992, d= 0.3994999999999991 request successfully sent.
13-10-2024 20:09:32 - INFO - Response from moonraker: {'result': 'ok'}
13-10-2024 20:09:32 - INFO - Setting Chmaber Zones to a= 0.27964999999999934, b= 0.3195999999999993, c= 0.3595499999999992, d= 0.3994999999999991 Request successfully executed.
13-10-2024 20:09:33 - INFO - Sending request to Setting Chmaber Zones to a= 0.0, b= 0.0, c= 0.0, d= 0.0 with timeout of 5s...
13-10-2024 20:09:33 - INFO - Setting Chmaber Zones to a= 0.0, b= 0.0, c= 0.0, d= 0.0 request successfully sent.
13-10-2024 20:09:33 - INFO - Response from moonraker: {'result': 'ok'}
13-10-2024 20:09:33 - INFO - Setting Chmaber Zones to a= 0.0, b= 0.0, c= 0.0, d= 0.0 Request successfully executed.
13-10-2024 20:09:34 - INFO - Sending request to Setting Chmaber Zones to a= 0.30695000000000044, b= 0.35080000000000056, c= 0.3946500000000006, d= 0.43850000000000067 with timeout of 5s...
13-10-2024 20:09:34 - INFO - Setting Chmaber Zones to a= 0.30695000000000044, b= 0.35080000000000056, c= 0.3946500000000006, d= 0.43850000000000067 request successfully sent.
13-10-2024 20:09:34 - INFO - Response from moonraker: {'result': 'ok'}
13-10-2024 20:09:34 - INFO - Setting Chmaber Zones to a= 0.30695000000000044, b= 0.35080000000000056, c= 0.3946500000000006, d= 0.43850000000000067 Request successfully executed.
13-10-2024 20:09:35 - INFO - Sending request to Setting Chmaber Zones to a= 0.3828999999999999, b= 0.43759999999999993, c= 0.49229999999999996, d= 0.5469999999999999 with timeout of 5s...
13-10-2024 20:09:35 - INFO - Setting Chmaber Zones to a= 0.3828999999999999, b= 0.43759999999999993, c= 0.49229999999999996, d= 0.5469999999999999 request successfully sent.
13-10-2024 20:09:35 - INFO - Response from moonraker: {'result': 'ok'}
13-10-2024 20:09:35 - INFO - Setting Chmaber Zones to a= 0.3828999999999999, b= 0.43759999999999993, c= 0.49229999999999996, d= 0.5469999999999999 Request successfully executed.
13-10-2024 20:09:36 - INFO - Sending request to Setting Chmaber Zones to a= 0.2877000000000002, b= 0.32880000000000026, c= 0.36990000000000023, d= 0.41100000000000025 with timeout of 5s...
13-10-2024 20:09:36 - INFO - Setting Chmaber Zones to a= 0.2877000000000002, b= 0.32880000000000026, c= 0.36990000000000023, d= 0.41100000000000025 request successfully sent.
13-10-2024 20:09:36 - INFO - Response from moonraker: {'result': 'ok'}
13-10-2024 20:09:36 - INFO - Setting Chmaber Zones to a= 0.2877000000000002, b= 0.32880000000000026, c= 0.36990000000000023, d= 0.41100000000000025 Request successfully executed.
13-10-2024 20:09:37 - INFO - Sending request to Setting Chmaber Zones to a= 0.0, b= 0.0, c= 0.0, d= 0.0 with timeout of 5s...
13-10-2024 20:09:37 - INFO - Setting Chmaber Zones to a= 0.0, b= 0.0, c= 0.0, d= 0.0 request successfully sent.
13-10-2024 20:09:37 - INFO - Response from moonraker: {'result': 'ok'}
13-10-2024 20:09:37 - INFO - Setting Chmaber Zones to a= 0.0, b= 0.0, c= 0.0, d= 0.0 Request successfully executed.
13-10-2024 20:09:38 - INFO - Sending request to Setting Chmaber Zones to a= 0.0, b= 0.0, c= 0.0, d= 0.0 with timeout of 5s...
13-10-2024 20:09:38 - INFO - Setting Chmaber Zones to a= 0.0, b= 0.0, c= 0.0, d= 0.0 request successfully sent.
13-10-2024 20:09:38 - INFO - Response from moonraker: {'result': 'ok'}
13-10-2024 20:09:38 - INFO - Setting Chmaber Zones to a= 0.0, b= 0.0, c= 0.0, d= 0.0 Request successfully executed.
13-10-2024 20:09:39 - INFO - Sending request to Setting Chmaber Zones to a= 0.0, b= 0.0, c= 0.0, d= 0.0 with timeout of 5s...
13-10-2024 20:09:39 - INFO - Setting Chmaber Zones to a= 0.0, b= 0.0, c= 0.0, d= 0.0 request successfully sent.
13-10-2024 20:09:39 - INFO - Response from moonraker: {'result': 'ok'}
13-10-2024 20:09:39 - INFO - Setting Chmaber Zones to a= 0.0, b= 0.0, c= 0.0, d= 0.0 Request successfully executed.
13-10-2024 20:09:40 - INFO - Sending request to Setting Chmaber Zones to a= 0.048649999999999534, b= 0.05559999999999946, c= 0.0625499999999994, d= 0.06949999999999933 with timeout of 5s...
13-10-2024 20:09:40 - INFO - Setting Chmaber Zones to a= 0.048649999999999534, b= 0.05559999999999946, c= 0.0625499999999994, d= 0.06949999999999933 request successfully sent.
13-10-2024 20:09:40 - INFO - Response from moonraker: {'result': 'ok'}
13-10-2024 20:09:40 - INFO - Setting Chmaber Zones to a= 0.048649999999999534, b= 0.05559999999999946, c= 0.0625499999999994, d= 0.06949999999999933 Request successfully executed.
13-10-2024 20:09:41 - INFO - Sending request to Setting Chmaber Zones to a= 0.3051999999999998, b= 0.3487999999999997, c= 0.39239999999999964, d= 0.43599999999999967 with timeout of 5s...
13-10-2024 20:09:41 - INFO - Setting Chmaber Zones to a= 0.3051999999999998, b= 0.3487999999999997, c= 0.39239999999999964, d= 0.43599999999999967 request successfully sent.
13-10-2024 20:09:41 - INFO - Response from moonraker: {'result': 'ok'}
13-10-2024 20:09:41 - INFO - Setting Chmaber Zones to a= 0.3051999999999998, b= 0.3487999999999997, c= 0.39239999999999964, d= 0.43599999999999967 Request successfully executed.
13-10-2024 20:09:42 - INFO - Sending request to Setting Chmaber Zones to a= 0.490350000000001, b= 0.5604000000000012, c= 0.6304500000000013, d= 0.7005000000000013 with timeout of 5s...
13-10-2024 20:09:42 - INFO - Setting Chmaber Zones to a= 0.490350000000001, b= 0.5604000000000012, c= 0.6304500000000013, d= 0.7005000000000013 request successfully sent.
13-10-2024 20:09:42 - INFO - Response from moonraker: {'result': 'ok'}
13-10-2024 20:09:42 - INFO - Setting Chmaber Zones to a= 0.490350000000001, b= 0.5604000000000012, c= 0.6304500000000013, d= 0.7005000000000013 Request successfully executed.
13-10-2024 20:09:43 - INFO - Sending request to Setting Chmaber Zones to a= 0.4665500000000008, b= 0.5332000000000009, c= 0.599850000000001, d= 0.6665000000000011 with timeout of 5s...
13-10-2024 20:09:43 - INFO - Setting Chmaber Zones to a= 0.4665500000000008, b= 0.5332000000000009, c= 0.599850000000001, d= 0.6665000000000011 request successfully sent.
13-10-2024 20:09:43 - INFO - Response from moonraker: {'result': 'ok'}
13-10-2024 20:09:43 - INFO - Setting Chmaber Zones to a= 0.4665500000000008, b= 0.5332000000000009, c= 0.599850000000001, d= 0.6665000000000011 Request successfully executed.
13-10-2024 20:09:44 - INFO - Sending request to Setting Chmaber Zones to a= 0.0, b= 0.0, c= 0.0, d= 0.0 with timeout of 5s...
13-10-2024 20:09:44 - INFO - Setting Chmaber Zones to a= 0.0, b= 0.0, c= 0.0, d= 0.0 request successfully sent.
13-10-2024 20:09:44 - INFO - Response from moonraker: {'result': 'ok'}
13-10-2024 20:09:44 - INFO - Setting Chmaber Zones to a= 0.0, b= 0.0, c= 0.0, d= 0.0 Request successfully executed.
13-10-2024 20:09:45 - INFO - Sending request to Setting Chmaber Zones to a= 0.0, b= 0.0, c= 0.0, d= 0.0 with timeout of 5s...
13-10-2024 20:09:45 - INFO - Setting Chmaber Zones to a= 0.0, b= 0.0, c= 0.0, d= 0.0 request successfully sent.
13-10-2024 20:09:45 - INFO - Response from moonraker: {'result': 'ok'}
13-10-2024 20:09:45 - INFO - Setting Chmaber Zones to a= 0.0, b= 0.0, c= 0.0, d= 0.0 Request successfully executed.
13-10-2024 20:09:46 - INFO - Sending request to Setting Chmaber Zones to a= 0.0, b= 0.0, c= 0.0, d= 0.0 with timeout of 5s...
13-10-2024 20:09:46 - INFO - Setting Chmaber Zones to a= 0.0, b= 0.0, c= 0.0, d= 0.0 request successfully sent.
13-10-2024 20:09:46 - INFO - Response from moonraker: {'result': 'ok'}
13-10-2024 20:09:46 - INFO - Setting Chmaber Zones to a= 0.0, b= 0.0, c= 0.0, d= 0.0 Request successfully executed.
13-10-2024 20:09:47 - INFO - Sending request to Setting Chmaber Zones to a= 0.0, b= 0.0, c= 0.0, d= 0.0 with timeout of 5s...
13-10-2024 20:09:47 - INFO - Setting Chmaber Zones to a= 0.0, b= 0.0, c= 0.0, d= 0.0 request successfully sent.
13-10-2024 20:09:47 - INFO - Response from moonraker: {'result': 'ok'}
13-10-2024 20:09:47 - INFO - Setting Chmaber Zones to a= 0.0, b= 0.0, c= 0.0, d= 0.0 Request successfully executed.
13-10-2024 20:09:48 - INFO - Sending request to Setting Chmaber Zones to a= 0.0, b= 0.0, c= 0.0, d= 0.0 with timeout of 5s...
13-10-2024 20:09:48 - INFO - Setting Chmaber Zones to a= 0.0, b= 0.0, c= 0.0, d= 0.0 request successfully sent.
13-10-2024 20:09:48 - INFO - Response from moonraker: {'result': 'ok'}
13-10-2024 20:09:48 - INFO - Setting Chmaber Zones to a= 0.0, b= 0.0, c= 0.0, d= 0.0 Request successfully executed.
13-10-2024 20:09:49 - INFO - Sending request to Setting Chmaber Zones to a= 0.25934999999999947, b= 0.29639999999999944, c= 0.33344999999999936, d= 0.3704999999999993 with timeout of 5s...
13-10-2024 20:09:49 - INFO - Setting Chmaber Zones to a= 0.25934999999999947, b= 0.29639999999999944, c= 0.33344999999999936, d= 0.3704999999999993 request successfully sent.
13-10-2024 20:09:49 - INFO - Response from moonraker: {'result': 'ok'}
13-10-2024 20:09:49 - INFO - Setting Chmaber Zones to a= 0.25934999999999947, b= 0.29639999999999944, c= 0.33344999999999936, d= 0.3704999999999993 Request successfully executed.
13-10-2024 20:09:50 - INFO - Sending request to Setting Chmaber Zones to a= 0.4935000000000011, b= 0.5640000000000012, c= 0.6345000000000014, d= 0.7050000000000015 with timeout of 5s...
13-10-2024 20:09:50 - INFO - Setting Chmaber Zones to a= 0.4935000000000011, b= 0.5640000000000012, c= 0.6345000000000014, d= 0.7050000000000015 request successfully sent.
13-10-2024 20:09:50 - INFO - Response from moonraker: {'result': 'ok'}
13-10-2024 20:09:50 - INFO - Setting Chmaber Zones to a= 0.4935000000000011, b= 0.5640000000000012, c= 0.6345000000000014, d= 0.7050000000000015 Request successfully executed.
13-10-2024 20:09:51 - INFO - Sending request to Setting Chmaber Zones to a= 0.4137000000000001, b= 0.47280000000000016, c= 0.5319000000000002, d= 0.5910000000000002 with timeout of 5s...
13-10-2024 20:09:51 - INFO - Setting Chmaber Zones to a= 0.4137000000000001, b= 0.47280000000000016, c= 0.5319000000000002, d= 0.5910000000000002 request successfully sent.
13-10-2024 20:09:51 - INFO - Response from moonraker: {'result': 'ok'}
13-10-2024 20:09:51 - INFO - Setting Chmaber Zones to a= 0.4137000000000001, b= 0.47280000000000016, c= 0.5319000000000002, d= 0.5910000000000002 Request successfully executed.
13-10-2024 20:09:52 - INFO - Sending request to Setting Chmaber Zones to a= 0.06334999999999978, b= 0.07239999999999976, c= 0.08144999999999973, d= 0.09049999999999969 with timeout of 5s...
13-10-2024 20:09:53 - INFO - Setting Chmaber Zones to a= 0.06334999999999978, b= 0.07239999999999976, c= 0.08144999999999973, d= 0.09049999999999969 request successfully sent.
13-10-2024 20:09:53 - INFO - Response from moonraker: {'result': 'ok'}
13-10-2024 20:09:53 - INFO - Setting Chmaber Zones to a= 0.06334999999999978, b= 0.07239999999999976, c= 0.08144999999999973, d= 0.09049999999999969 Request successfully executed.
13-10-2024 20:09:53 - INFO - Sending request to Setting Chmaber Zones to a= 0.0, b= 0.0, c= 0.0, d= 0.0 with timeout of 5s...
13-10-2024 20:09:53 - INFO - Setting Chmaber Zones to a= 0.0, b= 0.0, c= 0.0, d= 0.0 request successfully sent.
13-10-2024 20:09:53 - INFO - Response from moonraker: {'result': 'ok'}
13-10-2024 20:09:53 - INFO - Setting Chmaber Zones to a= 0.0, b= 0.0, c= 0.0, d= 0.0 Request successfully executed.
13-10-2024 20:09:54 - INFO - Sending request to Setting Chmaber Zones to a= 0.0, b= 0.0, c= 0.0, d= 0.0 with timeout of 5s...
13-10-2024 20:09:55 - INFO - Setting Chmaber Zones to a= 0.0, b= 0.0, c= 0.0, d= 0.0 request successfully sent.
13-10-2024 20:09:55 - INFO - Response from moonraker: {'result': 'ok'}
13-10-2024 20:09:55 - INFO - Setting Chmaber Zones to a= 0.0, b= 0.0, c= 0.0, d= 0.0 Request successfully executed.
13-10-2024 20:09:55 - INFO - Sending request to Setting Chmaber Zones to a= 0.0, b= 0.0, c= 0.0, d= 0.0 with timeout of 5s...
13-10-2024 20:09:55 - INFO - Setting Chmaber Zones to a= 0.0, b= 0.0, c= 0.0, d= 0.0 request successfully sent.
13-10-2024 20:09:55 - INFO - Response from moonraker: {'result': 'ok'}
13-10-2024 20:09:55 - INFO - Setting Chmaber Zones to a= 0.0, b= 0.0, c= 0.0, d= 0.0 Request successfully executed.
13-10-2024 20:09:56 - INFO - Sending request to Setting Chmaber Zones to a= 0.13041000000000072, b= 0.1490400000000008, c= 0.16767000000000093, d= 0.18630000000000102 with timeout of 5s...
13-10-2024 20:09:56 - INFO - Setting Chmaber Zones to a= 0.13041000000000072, b= 0.1490400000000008, c= 0.16767000000000093, d= 0.18630000000000102 request successfully sent.
13-10-2024 20:09:56 - INFO - Response from moonraker: {'result': 'ok'}
13-10-2024 20:09:56 - INFO - Setting Chmaber Zones to a= 0.13041000000000072, b= 0.1490400000000008, c= 0.16767000000000093, d= 0.18630000000000102 Request successfully executed.
13-10-2024 20:09:57 - INFO - Sending request to Setting Chmaber Zones to a= 0.2885400000000004, b= 0.32976000000000044, c= 0.3709800000000005, d= 0.41220000000000057 with timeout of 5s...
13-10-2024 20:09:58 - INFO - Setting Chmaber Zones to a= 0.2885400000000004, b= 0.32976000000000044, c= 0.3709800000000005, d= 0.41220000000000057 request successfully sent.
13-10-2024 20:09:58 - INFO - Response from moonraker: {'result': 'ok'}
13-10-2024 20:09:58 - INFO - Setting Chmaber Zones to a= 0.2885400000000004, b= 0.32976000000000044, c= 0.3709800000000005, d= 0.41220000000000057 Request successfully executed.
13-10-2024 20:09:58 - INFO - Sending request to Setting Chmaber Zones to a= 0.27992999999999935, b= 0.31991999999999926, c= 0.35990999999999923, d= 0.3998999999999991 with timeout of 5s...
13-10-2024 20:09:59 - INFO - Setting Chmaber Zones to a= 0.27992999999999935, b= 0.31991999999999926, c= 0.35990999999999923, d= 0.3998999999999991 request successfully sent.
13-10-2024 20:09:59 - INFO - Response from moonraker: {'result': 'ok'}
13-10-2024 20:09:59 - INFO - Setting Chmaber Zones to a= 0.27992999999999935, b= 0.31991999999999926, c= 0.35990999999999923, d= 0.3998999999999991 Request successfully executed.
13-10-2024 20:09:59 - INFO - Sending request to Setting Chmaber Zones to a= 0.0785400000000007, b= 0.08976000000000081, c= 0.10098000000000092, d= 0.11220000000000102 with timeout of 5s...
13-10-2024 20:09:59 - INFO - Setting Chmaber Zones to a= 0.0785400000000007, b= 0.08976000000000081, c= 0.10098000000000092, d= 0.11220000000000102 request successfully sent.
13-10-2024 20:09:59 - INFO - Response from moonraker: {'result': 'ok'}
13-10-2024 20:09:59 - INFO - Setting Chmaber Zones to a= 0.0785400000000007, b= 0.08976000000000081, c= 0.10098000000000092, d= 0.11220000000000102 Request successfully executed.
13-10-2024 20:10:00 - INFO - Sending request to Setting Chmaber Zones to a= 0.0, b= 0.0, c= 0.0, d= 0.0 with timeout of 5s...
13-10-2024 20:10:00 - INFO - Setting Chmaber Zones to a= 0.0, b= 0.0, c= 0.0, d= 0.0 request successfully sent.
13-10-2024 20:10:00 - INFO - Response from moonraker: {'result': 'ok'}
13-10-2024 20:10:00 - INFO - Setting Chmaber Zones to a= 0.0, b= 0.0, c= 0.0, d= 0.0 Request successfully executed.
13-10-2024 20:10:01 - INFO - Sending request to Setting Chmaber Zones to a= 0.0, b= 0.0, c= 0.0, d= 0.0 with timeout of 5s...
13-10-2024 20:10:02 - INFO - Setting Chmaber Zones to a= 0.0, b= 0.0, c= 0.0, d= 0.0 request successfully sent.
13-10-2024 20:10:02 - INFO - Response from moonraker: {'result': 'ok'}
13-10-2024 20:10:02 - INFO - Setting Chmaber Zones to a= 0.0, b= 0.0, c= 0.0, d= 0.0 Request successfully executed.
13-10-2024 20:10:02 - INFO - Sending request to Setting Chmaber Zones to a= 0.0, b= 0.0, c= 0.0, d= 0.0 with timeout of 5s...
13-10-2024 20:10:02 - INFO - Setting Chmaber Zones to a= 0.0, b= 0.0, c= 0.0, d= 0.0 request successfully sent.
13-10-2024 20:10:02 - INFO - Response from moonraker: {'result': 'ok'}
13-10-2024 20:10:02 - INFO - Setting Chmaber Zones to a= 0.0, b= 0.0, c= 0.0, d= 0.0 Request successfully executed.
13-10-2024 20:10:03 - INFO - Sending request to Setting Chmaber Zones to a= 0.17647000000000002, b= 0.20168000000000003, c= 0.22689000000000004, d= 0.25210000000000005 with timeout of 5s...
13-10-2024 20:10:03 - INFO - Setting Chmaber Zones to a= 0.17647000000000002, b= 0.20168000000000003, c= 0.22689000000000004, d= 0.25210000000000005 request successfully sent.
13-10-2024 20:10:03 - INFO - Response from moonraker: {'result': 'ok'}
13-10-2024 20:10:03 - INFO - Setting Chmaber Zones to a= 0.17647000000000002, b= 0.20168000000000003, c= 0.22689000000000004, d= 0.25210000000000005 Request successfully executed.
13-10-2024 20:10:04 - INFO - Sending request to Setting Chmaber Zones to a= 0.41335000000000044, b= 0.47240000000000043, c= 0.5314500000000005, d= 0.5905000000000006 with timeout of 5s...
13-10-2024 20:10:04 - INFO - Setting Chmaber Zones to a= 0.41335000000000044, b= 0.47240000000000043, c= 0.5314500000000005, d= 0.5905000000000006 request successfully sent.
13-10-2024 20:10:04 - INFO - Response from moonraker: {'result': 'ok'}
13-10-2024 20:10:04 - INFO - Setting Chmaber Zones to a= 0.41335000000000044, b= 0.47240000000000043, c= 0.5314500000000005, d= 0.5905000000000006 Request successfully executed.
13-10-2024 20:10:05 - INFO - Sending request to Setting Chmaber Zones to a= 0.3700199999999997, b= 0.4228799999999996, c= 0.47573999999999955, d= 0.5285999999999995 with timeout of 5s...
13-10-2024 20:10:05 - INFO - Setting Chmaber Zones to a= 0.3700199999999997, b= 0.4228799999999996, c= 0.47573999999999955, d= 0.5285999999999995 request successfully sent.
13-10-2024 20:10:05 - INFO - Response from moonraker: {'result': 'ok'}
13-10-2024 20:10:05 - INFO - Setting Chmaber Zones to a= 0.3700199999999997, b= 0.4228799999999996, c= 0.47573999999999955, d= 0.5285999999999995 Request successfully executed.
13-10-2024 20:10:06 - INFO - Sending request to Setting Chmaber Zones to a= 0.0, b= 0.0, c= 0.0, d= 0.0 with timeout of 5s...
13-10-2024 20:10:06 - INFO - Setting Chmaber Zones to a= 0.0, b= 0.0, c= 0.0, d= 0.0 request successfully sent.
13-10-2024 20:10:07 - INFO - Response from moonraker: {'result': 'ok'}
13-10-2024 20:10:07 - INFO - Setting Chmaber Zones to a= 0.0, b= 0.0, c= 0.0, d= 0.0 Request successfully executed.
13-10-2024 20:10:07 - INFO - Sending request to Setting Chmaber Zones to a= 0.0, b= 0.0, c= 0.0, d= 0.0 with timeout of 5s...
13-10-2024 20:10:08 - INFO - Setting Chmaber Zones to a= 0.0, b= 0.0, c= 0.0, d= 0.0 request successfully sent.
13-10-2024 20:10:08 - INFO - Response from moonraker: {'result': 'ok'}
13-10-2024 20:10:08 - INFO - Setting Chmaber Zones to a= 0.0, b= 0.0, c= 0.0, d= 0.0 Request successfully executed.
13-10-2024 20:10:08 - INFO - Sending request to Setting Chmaber Zones to a= 0.0, b= 0.0, c= 0.0, d= 0.0 with timeout of 5s...
13-10-2024 20:10:09 - INFO - Setting Chmaber Zones to a= 0.0, b= 0.0, c= 0.0, d= 0.0 request successfully sent.
13-10-2024 20:10:09 - INFO - Response from moonraker: {'result': 'ok'}
13-10-2024 20:10:09 - INFO - Setting Chmaber Zones to a= 0.0, b= 0.0, c= 0.0, d= 0.0 Request successfully executed.
13-10-2024 20:10:09 - INFO - Sending request to Setting Chmaber Zones to a= 0.02114000000000037, b= 0.024160000000000424, c= 0.027180000000000478, d= 0.030200000000000532 with timeout of 5s...
13-10-2024 20:10:10 - INFO - Setting Chmaber Zones to a= 0.02114000000000037, b= 0.024160000000000424, c= 0.027180000000000478, d= 0.030200000000000532 request successfully sent.
13-10-2024 20:10:10 - INFO - Response from moonraker: {'result': 'ok'}
13-10-2024 20:10:10 - INFO - Setting Chmaber Zones to a= 0.02114000000000037, b= 0.024160000000000424, c= 0.027180000000000478, d= 0.030200000000000532 Request successfully executed.
13-10-2024 20:10:10 - INFO - Sending request to Setting Chmaber Zones to a= 0.23212000000000038, b= 0.26528000000000046, c= 0.2984400000000005, d= 0.33160000000000056 with timeout of 5s...
13-10-2024 20:10:11 - INFO - Setting Chmaber Zones to a= 0.23212000000000038, b= 0.26528000000000046, c= 0.2984400000000005, d= 0.33160000000000056 request successfully sent.
13-10-2024 20:10:11 - INFO - Response from moonraker: {'result': 'ok'}
13-10-2024 20:10:11 - INFO - Setting Chmaber Zones to a= 0.23212000000000038, b= 0.26528000000000046, c= 0.2984400000000005, d= 0.33160000000000056 Request successfully executed.
13-10-2024 20:10:11 - INFO - Sending request to Setting Chmaber Zones to a= 0.31913000000000075, b= 0.3647200000000009, c= 0.410310000000001, d= 0.4559000000000011 with timeout of 5s...
13-10-2024 20:10:12 - INFO - Setting Chmaber Zones to a= 0.31913000000000075, b= 0.3647200000000009, c= 0.410310000000001, d= 0.4559000000000011 request successfully sent.
13-10-2024 20:10:12 - INFO - Response from moonraker: {'result': 'ok'}
13-10-2024 20:10:12 - INFO - Setting Chmaber Zones to a= 0.31913000000000075, b= 0.3647200000000009, c= 0.410310000000001, d= 0.4559000000000011 Request successfully executed.
13-10-2024 20:10:12 - INFO - Sending request to Setting Chmaber Zones to a= 0.2806999999999997, b= 0.3207999999999997, c= 0.36089999999999967, d= 0.40099999999999963 with timeout of 5s...
13-10-2024 20:10:12 - INFO - Setting Chmaber Zones to a= 0.2806999999999997, b= 0.3207999999999997, c= 0.36089999999999967, d= 0.40099999999999963 request successfully sent.
13-10-2024 20:10:12 - INFO - Response from moonraker: {'result': 'ok'}
13-10-2024 20:10:12 - INFO - Setting Chmaber Zones to a= 0.2806999999999997, b= 0.3207999999999997, c= 0.36089999999999967, d= 0.40099999999999963 Request successfully executed.
13-10-2024 20:10:13 - INFO - Sending request to Setting Chmaber Zones to a= 0.0, b= 0.0, c= 0.0, d= 0.0 with timeout of 5s...
13-10-2024 20:10:14 - INFO - Setting Chmaber Zones to a= 0.0, b= 0.0, c= 0.0, d= 0.0 request successfully sent.
13-10-2024 20:10:14 - INFO - Response from moonraker: {'result': 'ok'}
13-10-2024 20:10:14 - INFO - Setting Chmaber Zones to a= 0.0, b= 0.0, c= 0.0, d= 0.0 Request successfully executed.
13-10-2024 20:10:14 - INFO - Sending request to Setting Chmaber Zones to a= 0.0, b= 0.0, c= 0.0, d= 0.0 with timeout of 5s...
13-10-2024 20:10:15 - INFO - Setting Chmaber Zones to a= 0.0, b= 0.0, c= 0.0, d= 0.0 request successfully sent.
13-10-2024 20:10:15 - INFO - Response from moonraker: {'result': 'ok'}
13-10-2024 20:10:15 - INFO - Setting Chmaber Zones to a= 0.0, b= 0.0, c= 0.0, d= 0.0 Request successfully executed.
13-10-2024 20:10:15 - INFO - Sending request to Setting Chmaber Zones to a= 0.0, b= 0.0, c= 0.0, d= 0.0 with timeout of 5s...
13-10-2024 20:10:16 - INFO - Setting Chmaber Zones to a= 0.0, b= 0.0, c= 0.0, d= 0.0 request successfully sent.
13-10-2024 20:10:16 - INFO - Response from moonraker: {'result': 'ok'}
13-10-2024 20:10:16 - INFO - Setting Chmaber Zones to a= 0.0, b= 0.0, c= 0.0, d= 0.0 Request successfully executed.
13-10-2024 20:10:16 - INFO - Sending request to Setting Chmaber Zones to a= 0.05523000000000039, b= 0.06312000000000044, c= 0.0710100000000005, d= 0.07890000000000055 with timeout of 5s...
13-10-2024 20:10:17 - INFO - Setting Chmaber Zones to a= 0.05523000000000039, b= 0.06312000000000044, c= 0.0710100000000005, d= 0.07890000000000055 request successfully sent.
13-10-2024 20:10:17 - INFO - Response from moonraker: {'result': 'ok'}
13-10-2024 20:10:17 - INFO - Setting Chmaber Zones to a= 0.05523000000000039, b= 0.06312000000000044, c= 0.0710100000000005, d= 0.07890000000000055 Request successfully executed.
13-10-2024 20:10:17 - INFO - Sending request to Setting Chmaber Zones to a= 0.27258000000000004, b= 0.3115200000000001, c= 0.35046000000000005, d= 0.3894 with timeout of 5s...
13-10-2024 20:10:18 - INFO - Setting Chmaber Zones to a= 0.27258000000000004, b= 0.3115200000000001, c= 0.35046000000000005, d= 0.3894 request successfully sent.
13-10-2024 20:10:18 - INFO - Response from moonraker: {'result': 'ok'}
13-10-2024 20:10:18 - INFO - Setting Chmaber Zones to a= 0.27258000000000004, b= 0.3115200000000001, c= 0.35046000000000005, d= 0.3894 Request successfully executed.
13-10-2024 20:10:18 - INFO - Sending request to Setting Chmaber Zones to a= 0.3539900000000007, b= 0.4045600000000008, c= 0.4551300000000009, d= 0.505700000000001 with timeout of 5s...
13-10-2024 20:10:19 - INFO - Setting Chmaber Zones to a= 0.3539900000000007, b= 0.4045600000000008, c= 0.4551300000000009, d= 0.505700000000001 request successfully sent.
13-10-2024 20:10:19 - INFO - Response from moonraker: {'result': 'ok'}
13-10-2024 20:10:19 - INFO - Setting Chmaber Zones to a= 0.3539900000000007, b= 0.4045600000000008, c= 0.4551300000000009, d= 0.505700000000001 Request successfully executed.
13-10-2024 20:10:20 - INFO - Sending request to Setting Chmaber Zones to a= 0.17745000000000075, b= 0.20280000000000087, c= 0.22815000000000094, d= 0.25350000000000106 with timeout of 5s...
13-10-2024 20:10:20 - INFO - Setting Chmaber Zones to a= 0.17745000000000075, b= 0.20280000000000087, c= 0.22815000000000094, d= 0.25350000000000106 request successfully sent.
13-10-2024 20:10:20 - INFO - Response from moonraker: {'result': 'ok'}
13-10-2024 20:10:20 - INFO - Setting Chmaber Zones to a= 0.17745000000000075, b= 0.20280000000000087, c= 0.22815000000000094, d= 0.25350000000000106 Request successfully executed.
13-10-2024 20:10:21 - INFO - Sending request to Setting Chmaber Zones to a= 0.0, b= 0.0, c= 0.0, d= 0.0 with timeout of 5s...
13-10-2024 20:10:21 - INFO - Setting Chmaber Zones to a= 0.0, b= 0.0, c= 0.0, d= 0.0 request successfully sent.
13-10-2024 20:10:21 - INFO - Response from moonraker: {'result': 'ok'}
13-10-2024 20:10:21 - INFO - Setting Chmaber Zones to a= 0.0, b= 0.0, c= 0.0, d= 0.0 Request successfully executed.
13-10-2024 20:10:22 - INFO - Sending request to Setting Chmaber Zones to a= 0.0, b= 0.0, c= 0.0, d= 0.0 with timeout of 5s...
13-10-2024 20:10:22 - INFO - Setting Chmaber Zones to a= 0.0, b= 0.0, c= 0.0, d= 0.0 request successfully sent.
13-10-2024 20:10:22 - INFO - Response from moonraker: {'result': 'ok'}
13-10-2024 20:10:22 - INFO - Setting Chmaber Zones to a= 0.0, b= 0.0, c= 0.0, d= 0.0 Request successfully executed.
13-10-2024 20:10:23 - INFO - Sending request to Setting Chmaber Zones to a= 0.0, b= 0.0, c= 0.0, d= 0.0 with timeout of 5s...
13-10-2024 20:10:23 - INFO - Setting Chmaber Zones to a= 0.0, b= 0.0, c= 0.0, d= 0.0 request successfully sent.
13-10-2024 20:10:23 - INFO - Response from moonraker: {'result': 'ok'}
13-10-2024 20:10:23 - INFO - Setting Chmaber Zones to a= 0.0, b= 0.0, c= 0.0, d= 0.0 Request successfully executed.
13-10-2024 20:10:24 - INFO - Sending request to Setting Chmaber Zones to a= 0.07552999999999939, b= 0.0863199999999993, c= 0.0971099999999992, d= 0.10789999999999912 with timeout of 5s...
13-10-2024 20:10:24 - INFO - Setting Chmaber Zones to a= 0.07552999999999939, b= 0.0863199999999993, c= 0.0971099999999992, d= 0.10789999999999912 request successfully sent.
13-10-2024 20:10:24 - INFO - Response from moonraker: {'result': 'ok'}
13-10-2024 20:10:24 - INFO - Setting Chmaber Zones to a= 0.07552999999999939, b= 0.0863199999999993, c= 0.0971099999999992, d= 0.10789999999999912 Request successfully executed.
13-10-2024 20:10:25 - INFO - Sending request to Setting Chmaber Zones to a= 0.3352300000000001, b= 0.3831200000000001, c= 0.43101000000000006, d= 0.4789000000000001 with timeout of 5s...
13-10-2024 20:10:25 - INFO - Setting Chmaber Zones to a= 0.3352300000000001, b= 0.3831200000000001, c= 0.43101000000000006, d= 0.4789000000000001 request successfully sent.
13-10-2024 20:10:25 - INFO - Response from moonraker: {'result': 'ok'}
13-10-2024 20:10:25 - INFO - Setting Chmaber Zones to a= 0.3352300000000001, b= 0.3831200000000001, c= 0.43101000000000006, d= 0.4789000000000001 Request successfully executed.
13-10-2024 20:10:26 - INFO - Sending request to Setting Chmaber Zones to a= 0.3631600000000004, b= 0.41504000000000046, c= 0.4669200000000005, d= 0.5188000000000006 with timeout of 5s...
13-10-2024 20:10:26 - INFO - Setting Chmaber Zones to a= 0.3631600000000004, b= 0.41504000000000046, c= 0.4669200000000005, d= 0.5188000000000006 request successfully sent.
13-10-2024 20:10:26 - INFO - Response from moonraker: {'result': 'ok'}
13-10-2024 20:10:26 - INFO - Setting Chmaber Zones to a= 0.3631600000000004, b= 0.41504000000000046, c= 0.4669200000000005, d= 0.5188000000000006 Request successfully executed.
13-10-2024 20:10:27 - INFO - Sending request to Setting Chmaber Zones to a= 0.12649000000000044, b= 0.1445600000000005, c= 0.16263000000000055, d= 0.1807000000000006 with timeout of 5s...
13-10-2024 20:10:27 - INFO - Setting Chmaber Zones to a= 0.12649000000000044, b= 0.1445600000000005, c= 0.16263000000000055, d= 0.1807000000000006 request successfully sent.
13-10-2024 20:10:27 - INFO - Response from moonraker: {'result': 'ok'}
13-10-2024 20:10:27 - INFO - Setting Chmaber Zones to a= 0.12649000000000044, b= 0.1445600000000005, c= 0.16263000000000055, d= 0.1807000000000006 Request successfully executed.
13-10-2024 20:10:28 - INFO - Sending request to Setting Chmaber Zones to a= 0.0, b= 0.0, c= 0.0, d= 0.0 with timeout of 5s...
13-10-2024 20:10:28 - INFO - Setting Chmaber Zones to a= 0.0, b= 0.0, c= 0.0, d= 0.0 request successfully sent.
13-10-2024 20:10:28 - INFO - Response from moonraker: {'result': 'ok'}
13-10-2024 20:10:28 - INFO - Setting Chmaber Zones to a= 0.0, b= 0.0, c= 0.0, d= 0.0 Request successfully executed.
13-10-2024 20:10:29 - INFO - Sending request to Setting Chmaber Zones to a= 0.0, b= 0.0, c= 0.0, d= 0.0 with timeout of 5s...
13-10-2024 20:10:29 - INFO - Setting Chmaber Zones to a= 0.0, b= 0.0, c= 0.0, d= 0.0 request successfully sent.
13-10-2024 20:10:29 - INFO - Response from moonraker: {'result': 'ok'}
13-10-2024 20:10:29 - INFO - Setting Chmaber Zones to a= 0.0, b= 0.0, c= 0.0, d= 0.0 Request successfully executed.
13-10-2024 20:10:30 - INFO - Sending request to Setting Chmaber Zones to a= 0.0, b= 0.0, c= 0.0, d= 0.0 with timeout of 5s...
13-10-2024 20:10:30 - INFO - Setting Chmaber Zones to a= 0.0, b= 0.0, c= 0.0, d= 0.0 request successfully sent.
13-10-2024 20:10:30 - INFO - Response from moonraker: {'result': 'ok'}
13-10-2024 20:10:30 - INFO - Setting Chmaber Zones to a= 0.0, b= 0.0, c= 0.0, d= 0.0 Request successfully executed.
13-10-2024 20:10:31 - INFO - Sending request to Setting Chmaber Zones to a= 0.1528800000000004, b= 0.17472000000000043, c= 0.1965600000000005, d= 0.21840000000000057 with timeout of 5s...
13-10-2024 20:10:31 - INFO - Setting Chmaber Zones to a= 0.1528800000000004, b= 0.17472000000000043, c= 0.1965600000000005, d= 0.21840000000000057 request successfully sent.
13-10-2024 20:10:31 - INFO - Response from moonraker: {'result': 'ok'}
13-10-2024 20:10:31 - INFO - Setting Chmaber Zones to a= 0.1528800000000004, b= 0.17472000000000043, c= 0.1965600000000005, d= 0.21840000000000057 Request successfully executed.
13-10-2024 20:10:32 - INFO - Sending request to Setting Chmaber Zones to a= 0.37058000000000013, b= 0.4235200000000002, c= 0.47646000000000016, d= 0.5294000000000002 with timeout of 5s...
13-10-2024 20:10:32 - INFO - Setting Chmaber Zones to a= 0.37058000000000013, b= 0.4235200000000002, c= 0.47646000000000016, d= 0.5294000000000002 request successfully sent.
13-10-2024 20:10:32 - INFO - Response from moonraker: {'result': 'ok'}
13-10-2024 20:10:32 - INFO - Setting Chmaber Zones to a= 0.37058000000000013, b= 0.4235200000000002, c= 0.47646000000000016, d= 0.5294000000000002 Request successfully executed.
13-10-2024 20:10:33 - INFO - Sending request to Setting Chmaber Zones to a= 0.36008000000000073, b= 0.4115200000000009, c= 0.462960000000001, d= 0.5144000000000011 with timeout of 5s...
13-10-2024 20:10:33 - INFO - Setting Chmaber Zones to a= 0.36008000000000073, b= 0.4115200000000009, c= 0.462960000000001, d= 0.5144000000000011 request successfully sent.
13-10-2024 20:10:33 - INFO - Response from moonraker: {'result': 'ok'}
13-10-2024 20:10:33 - INFO - Setting Chmaber Zones to a= 0.36008000000000073, b= 0.4115200000000009, c= 0.462960000000001, d= 0.5144000000000011 Request successfully executed.
13-10-2024 20:10:34 - INFO - Sending request to Setting Chmaber Zones to a= 0.0, b= 0.0, c= 0.0, d= 0.0 with timeout of 5s...
13-10-2024 20:10:34 - INFO - Setting Chmaber Zones to a= 0.0, b= 0.0, c= 0.0, d= 0.0 request successfully sent.
13-10-2024 20:10:34 - INFO - Response from moonraker: {'result': 'ok'}
13-10-2024 20:10:34 - INFO - Setting Chmaber Zones to a= 0.0, b= 0.0, c= 0.0, d= 0.0 Request successfully executed.
13-10-2024 20:10:35 - INFO - Sending request to Setting Chmaber Zones to a= 0.0, b= 0.0, c= 0.0, d= 0.0 with timeout of 5s...
13-10-2024 20:10:35 - INFO - Setting Chmaber Zones to a= 0.0, b= 0.0, c= 0.0, d= 0.0 request successfully sent.
13-10-2024 20:10:35 - INFO - Response from moonraker: {'result': 'ok'}
13-10-2024 20:10:35 - INFO - Setting Chmaber Zones to a= 0.0, b= 0.0, c= 0.0, d= 0.0 Request successfully executed.
13-10-2024 20:10:36 - INFO - Sending request to Setting Chmaber Zones to a= 0.0, b= 0.0, c= 0.0, d= 0.0 with timeout of 5s...
13-10-2024 20:10:36 - INFO - Setting Chmaber Zones to a= 0.0, b= 0.0, c= 0.0, d= 0.0 request successfully sent.
13-10-2024 20:10:36 - INFO - Response from moonraker: {'result': 'ok'}
13-10-2024 20:10:36 - INFO - Setting Chmaber Zones to a= 0.0, b= 0.0, c= 0.0, d= 0.0 Request successfully executed.
13-10-2024 20:10:37 - INFO - Sending request to Setting Chmaber Zones to a= 0.017499999999999724, b= 0.019999999999999685, c= 0.022499999999999645, d= 0.024999999999999606 with timeout of 5s...
13-10-2024 20:10:37 - INFO - Setting Chmaber Zones to a= 0.017499999999999724, b= 0.019999999999999685, c= 0.022499999999999645, d= 0.024999999999999606 request successfully sent.
13-10-2024 20:10:37 - INFO - Response from moonraker: {'result': 'ok'}
13-10-2024 20:10:37 - INFO - Setting Chmaber Zones to a= 0.017499999999999724, b= 0.019999999999999685, c= 0.022499999999999645, d= 0.024999999999999606 Request successfully executed.
13-10-2024 20:10:38 - INFO - Sending request to Setting Chmaber Zones to a= 0.24626000000000045, b= 0.28144000000000047, c= 0.31662000000000057, d= 0.3518000000000006 with timeout of 5s...
13-10-2024 20:10:38 - INFO - Setting Chmaber Zones to a= 0.24626000000000045, b= 0.28144000000000047, c= 0.31662000000000057, d= 0.3518000000000006 request successfully sent.
13-10-2024 20:10:38 - INFO - Response from moonraker: {'result': 'ok'}
13-10-2024 20:10:38 - INFO - Setting Chmaber Zones to a= 0.24626000000000045, b= 0.28144000000000047, c= 0.31662000000000057, d= 0.3518000000000006 Request successfully executed.
13-10-2024 20:10:39 - INFO - Sending request to Setting Chmaber Zones to a= 0.37422000000000005, b= 0.42768000000000006, c= 0.48114000000000007, d= 0.5346000000000001 with timeout of 5s...
13-10-2024 20:10:39 - INFO - Setting Chmaber Zones to a= 0.37422000000000005, b= 0.42768000000000006, c= 0.48114000000000007, d= 0.5346000000000001 request successfully sent.
13-10-2024 20:10:39 - INFO - Response from moonraker: {'result': 'ok'}
13-10-2024 20:10:39 - INFO - Setting Chmaber Zones to a= 0.37422000000000005, b= 0.42768000000000006, c= 0.48114000000000007, d= 0.5346000000000001 Request successfully executed.
13-10-2024 20:10:40 - INFO - Sending request to Setting Chmaber Zones to a= 0.2856000000000001, b= 0.3264000000000001, c= 0.3672000000000001, d= 0.40800000000000014 with timeout of 5s...
13-10-2024 20:10:40 - INFO - Setting Chmaber Zones to a= 0.2856000000000001, b= 0.3264000000000001, c= 0.3672000000000001, d= 0.40800000000000014 request successfully sent.
13-10-2024 20:10:40 - INFO - Response from moonraker: {'result': 'ok'}
13-10-2024 20:10:40 - INFO - Setting Chmaber Zones to a= 0.2856000000000001, b= 0.3264000000000001, c= 0.3672000000000001, d= 0.40800000000000014 Request successfully executed.
13-10-2024 20:10:41 - INFO - Sending request to Setting Chmaber Zones to a= 0.0, b= 0.0, c= 0.0, d= 0.0 with timeout of 5s...
13-10-2024 20:10:41 - INFO - Setting Chmaber Zones to a= 0.0, b= 0.0, c= 0.0, d= 0.0 request successfully sent.
13-10-2024 20:10:41 - INFO - Response from moonraker: {'result': 'ok'}
13-10-2024 20:10:41 - INFO - Setting Chmaber Zones to a= 0.0, b= 0.0, c= 0.0, d= 0.0 Request successfully executed.
13-10-2024 20:10:42 - INFO - Sending request to Setting Chmaber Zones to a= 0.0, b= 0.0, c= 0.0, d= 0.0 with timeout of 5s...
13-10-2024 20:10:42 - INFO - Setting Chmaber Zones to a= 0.0, b= 0.0, c= 0.0, d= 0.0 request successfully sent.
13-10-2024 20:10:42 - INFO - Response from moonraker: {'result': 'ok'}
13-10-2024 20:10:42 - INFO - Setting Chmaber Zones to a= 0.0, b= 0.0, c= 0.0, d= 0.0 Request successfully executed.
13-10-2024 20:10:43 - INFO - Sending request to Setting Chmaber Zones to a= 0.0, b= 0.0, c= 0.0, d= 0.0 with timeout of 5s...
13-10-2024 20:10:43 - INFO - Setting Chmaber Zones to a= 0.0, b= 0.0, c= 0.0, d= 0.0 request successfully sent.
13-10-2024 20:10:43 - INFO - Response from moonraker: {'result': 'ok'}
13-10-2024 20:10:43 - INFO - Setting Chmaber Zones to a= 0.0, b= 0.0, c= 0.0, d= 0.0 Request successfully executed.
13-10-2024 20:10:44 - INFO - Sending request to Setting Chmaber Zones to a= 0.0385000000000004, b= 0.044000000000000455, c= 0.04950000000000051, d= 0.05500000000000057 with timeout of 5s...
13-10-2024 20:10:44 - INFO - Setting Chmaber Zones to a= 0.0385000000000004, b= 0.044000000000000455, c= 0.04950000000000051, d= 0.05500000000000057 request successfully sent.
13-10-2024 20:10:44 - INFO - Response from moonraker: {'result': 'ok'}
13-10-2024 20:10:44 - INFO - Setting Chmaber Zones to a= 0.0385000000000004, b= 0.044000000000000455, c= 0.04950000000000051, d= 0.05500000000000057 Request successfully executed.
13-10-2024 20:10:45 - INFO - Sending request to Setting Chmaber Zones to a= 0.32206999999999975, b= 0.36807999999999974, c= 0.4140899999999996, d= 0.4600999999999996 with timeout of 5s...
13-10-2024 20:10:45 - INFO - Setting Chmaber Zones to a= 0.32206999999999975, b= 0.36807999999999974, c= 0.4140899999999996, d= 0.4600999999999996 request successfully sent.
13-10-2024 20:10:45 - INFO - Response from moonraker: {'result': 'ok'}
13-10-2024 20:10:45 - INFO - Setting Chmaber Zones to a= 0.32206999999999975, b= 0.36807999999999974, c= 0.4140899999999996, d= 0.4600999999999996 Request successfully executed.
13-10-2024 20:10:46 - INFO - Sending request to Setting Chmaber Zones to a= 0.3541999999999997, b= 0.4047999999999996, c= 0.45539999999999964, d= 0.5059999999999996 with timeout of 5s...
13-10-2024 20:10:46 - INFO - Setting Chmaber Zones to a= 0.3541999999999997, b= 0.4047999999999996, c= 0.45539999999999964, d= 0.5059999999999996 request successfully sent.
13-10-2024 20:10:46 - INFO - Response from moonraker: {'result': 'ok'}
13-10-2024 20:10:46 - INFO - Setting Chmaber Zones to a= 0.3541999999999997, b= 0.4047999999999996, c= 0.45539999999999964, d= 0.5059999999999996 Request successfully executed.
13-10-2024 20:10:47 - INFO - Sending request to Setting Chmaber Zones to a= 0.2098600000000008, b= 0.2398400000000009, c= 0.269820000000001, d= 0.2998000000000011 with timeout of 5s...
13-10-2024 20:10:47 - INFO - Setting Chmaber Zones to a= 0.2098600000000008, b= 0.2398400000000009, c= 0.269820000000001, d= 0.2998000000000011 request successfully sent.
13-10-2024 20:10:47 - INFO - Response from moonraker: {'result': 'ok'}
13-10-2024 20:10:47 - INFO - Setting Chmaber Zones to a= 0.2098600000000008, b= 0.2398400000000009, c= 0.269820000000001, d= 0.2998000000000011 Request successfully executed.
13-10-2024 20:10:48 - INFO - Sending request to Setting Chmaber Zones to a= 0.0, b= 0.0, c= 0.0, d= 0.0 with timeout of 5s...
13-10-2024 20:10:48 - INFO - Setting Chmaber Zones to a= 0.0, b= 0.0, c= 0.0, d= 0.0 request successfully sent.
13-10-2024 20:10:48 - INFO - Response from moonraker: {'result': 'ok'}
13-10-2024 20:10:48 - INFO - Setting Chmaber Zones to a= 0.0, b= 0.0, c= 0.0, d= 0.0 Request successfully executed.
13-10-2024 20:10:49 - INFO - Sending request to Setting Chmaber Zones to a= 0.0, b= 0.0, c= 0.0, d= 0.0 with timeout of 5s...
13-10-2024 20:10:49 - INFO - Setting Chmaber Zones to a= 0.0, b= 0.0, c= 0.0, d= 0.0 request successfully sent.
13-10-2024 20:10:49 - INFO - Response from moonraker: {'result': 'ok'}
13-10-2024 20:10:49 - INFO - Setting Chmaber Zones to a= 0.0, b= 0.0, c= 0.0, d= 0.0 Request successfully executed.
13-10-2024 20:10:50 - INFO - Sending request to Setting Chmaber Zones to a= 0.0, b= 0.0, c= 0.0, d= 0.0 with timeout of 5s...
13-10-2024 20:10:50 - INFO - Setting Chmaber Zones to a= 0.0, b= 0.0, c= 0.0, d= 0.0 request successfully sent.
13-10-2024 20:10:50 - INFO - Response from moonraker: {'result': 'ok'}
13-10-2024 20:10:50 - INFO - Setting Chmaber Zones to a= 0.0, b= 0.0, c= 0.0, d= 0.0 Request successfully executed.
13-10-2024 20:10:51 - INFO - Sending request to Setting Chmaber Zones to a= 0.03191999999999972, b= 0.03647999999999968, c= 0.04103999999999964, d= 0.0455999999999996 with timeout of 5s...
13-10-2024 20:10:51 - INFO - Setting Chmaber Zones to a= 0.03191999999999972, b= 0.03647999999999968, c= 0.04103999999999964, d= 0.0455999999999996 request successfully sent.
13-10-2024 20:10:51 - INFO - Response from moonraker: {'result': 'ok'}
13-10-2024 20:10:51 - INFO - Setting Chmaber Zones to a= 0.03191999999999972, b= 0.03647999999999968, c= 0.04103999999999964, d= 0.0455999999999996 Request successfully executed.
13-10-2024 20:10:52 - INFO - Sending request to Setting Chmaber Zones to a= 0.33222000000000007, b= 0.37968000000000013, c= 0.42714000000000013, d= 0.47460000000000013 with timeout of 5s...
13-10-2024 20:10:52 - INFO - Setting Chmaber Zones to a= 0.33222000000000007, b= 0.37968000000000013, c= 0.42714000000000013, d= 0.47460000000000013 request successfully sent.
13-10-2024 20:10:52 - INFO - Response from moonraker: {'result': 'ok'}
13-10-2024 20:10:52 - INFO - Setting Chmaber Zones to a= 0.33222000000000007, b= 0.37968000000000013, c= 0.42714000000000013, d= 0.47460000000000013 Request successfully executed.
13-10-2024 20:10:53 - INFO - Sending request to Setting Chmaber Zones to a= 0.3886399999999996, b= 0.44415999999999956, c= 0.4996799999999995, d= 0.5551999999999995 with timeout of 5s...
13-10-2024 20:10:53 - INFO - Setting Chmaber Zones to a= 0.3886399999999996, b= 0.44415999999999956, c= 0.4996799999999995, d= 0.5551999999999995 request successfully sent.
13-10-2024 20:10:53 - INFO - Response from moonraker: {'result': 'ok'}
13-10-2024 20:10:53 - INFO - Setting Chmaber Zones to a= 0.3886399999999996, b= 0.44415999999999956, c= 0.4996799999999995, d= 0.5551999999999995 Request successfully executed.
13-10-2024 20:10:54 - INFO - Sending request to Setting Chmaber Zones to a= 0.2680299999999994, b= 0.30631999999999926, c= 0.34460999999999914, d= 0.3828999999999991 with timeout of 5s...
13-10-2024 20:10:54 - INFO - Setting Chmaber Zones to a= 0.2680299999999994, b= 0.30631999999999926, c= 0.34460999999999914, d= 0.3828999999999991 request successfully sent.
13-10-2024 20:10:54 - INFO - Response from moonraker: {'result': 'ok'}
13-10-2024 20:10:54 - INFO - Setting Chmaber Zones to a= 0.2680299999999994, b= 0.30631999999999926, c= 0.34460999999999914, d= 0.3828999999999991 Request successfully executed.
13-10-2024 20:10:55 - INFO - Sending request to Setting Chmaber Zones to a= 0.0, b= 0.0, c= 0.0, d= 0.0 with timeout of 5s...
13-10-2024 20:10:55 - INFO - Setting Chmaber Zones to a= 0.0, b= 0.0, c= 0.0, d= 0.0 request successfully sent.
13-10-2024 20:10:55 - INFO - Response from moonraker: {'result': 'ok'}
13-10-2024 20:10:55 - INFO - Setting Chmaber Zones to a= 0.0, b= 0.0, c= 0.0, d= 0.0 Request successfully executed.
13-10-2024 20:10:56 - INFO - Sending request to Setting Chmaber Zones to a= 0.0, b= 0.0, c= 0.0, d= 0.0 with timeout of 5s...
13-10-2024 20:10:56 - INFO - Setting Chmaber Zones to a= 0.0, b= 0.0, c= 0.0, d= 0.0 request successfully sent.
13-10-2024 20:10:56 - INFO - Response from moonraker: {'result': 'ok'}
13-10-2024 20:10:56 - INFO - Setting Chmaber Zones to a= 0.0, b= 0.0, c= 0.0, d= 0.0 Request successfully executed.
13-10-2024 20:10:57 - INFO - Sending request to Setting Chmaber Zones to a= 0.0, b= 0.0, c= 0.0, d= 0.0 with timeout of 5s...
13-10-2024 20:10:57 - INFO - Setting Chmaber Zones to a= 0.0, b= 0.0, c= 0.0, d= 0.0 request successfully sent.
13-10-2024 20:10:57 - INFO - Response from moonraker: {'result': 'ok'}
13-10-2024 20:10:57 - INFO - Setting Chmaber Zones to a= 0.0, b= 0.0, c= 0.0, d= 0.0 Request successfully executed.
13-10-2024 20:10:58 - INFO - Sending request to Setting Chmaber Zones to a= 0.031080000000000007, b= 0.03552, c= 0.03996000000000001, d= 0.044400000000000016 with timeout of 5s...
13-10-2024 20:10:58 - INFO - Setting Chmaber Zones to a= 0.031080000000000007, b= 0.03552, c= 0.03996000000000001, d= 0.044400000000000016 request successfully sent.
13-10-2024 20:10:58 - INFO - Response from moonraker: {'result': 'ok'}
13-10-2024 20:10:58 - INFO - Setting Chmaber Zones to a= 0.031080000000000007, b= 0.03552, c= 0.03996000000000001, d= 0.044400000000000016 Request successfully executed.
13-10-2024 20:10:59 - INFO - Sending request to Setting Chmaber Zones to a= 0.3097499999999997, b= 0.35399999999999965, c= 0.3982499999999996, d= 0.44249999999999956 with timeout of 5s...
13-10-2024 20:10:59 - INFO - Setting Chmaber Zones to a= 0.3097499999999997, b= 0.35399999999999965, c= 0.3982499999999996, d= 0.44249999999999956 request successfully sent.
13-10-2024 20:10:59 - INFO - Response from moonraker: {'result': 'ok'}
13-10-2024 20:10:59 - INFO - Setting Chmaber Zones to a= 0.3097499999999997, b= 0.35399999999999965, c= 0.3982499999999996, d= 0.44249999999999956 Request successfully executed.
13-10-2024 20:11:00 - INFO - Sending request to Setting Chmaber Zones to a= 0.37331000000000075, b= 0.42664000000000085, c= 0.479970000000001, d= 0.5333000000000011 with timeout of 5s...
13-10-2024 20:11:00 - INFO - Setting Chmaber Zones to a= 0.37331000000000075, b= 0.42664000000000085, c= 0.479970000000001, d= 0.5333000000000011 request successfully sent.
13-10-2024 20:11:00 - INFO - Response from moonraker: {'result': 'ok'}
13-10-2024 20:11:00 - INFO - Setting Chmaber Zones to a= 0.37331000000000075, b= 0.42664000000000085, c= 0.479970000000001, d= 0.5333000000000011 Request successfully executed.
13-10-2024 20:11:01 - INFO - Sending request to Setting Chmaber Zones to a= 0.16932999999999965, b= 0.19351999999999958, c= 0.21770999999999954, d= 0.24189999999999948 with timeout of 5s...
13-10-2024 20:11:01 - INFO - Setting Chmaber Zones to a= 0.16932999999999965, b= 0.19351999999999958, c= 0.21770999999999954, d= 0.24189999999999948 request successfully sent.
13-10-2024 20:11:01 - INFO - Response from moonraker: {'result': 'ok'}
13-10-2024 20:11:01 - INFO - Setting Chmaber Zones to a= 0.16932999999999965, b= 0.19351999999999958, c= 0.21770999999999954, d= 0.24189999999999948 Request successfully executed.
13-10-2024 20:11:02 - INFO - Sending request to Setting Chmaber Zones to a= 0.0, b= 0.0, c= 0.0, d= 0.0 with timeout of 5s...
13-10-2024 20:11:02 - INFO - Setting Chmaber Zones to a= 0.0, b= 0.0, c= 0.0, d= 0.0 request successfully sent.
13-10-2024 20:11:02 - INFO - Response from moonraker: {'result': 'ok'}
13-10-2024 20:11:02 - INFO - Setting Chmaber Zones to a= 0.0, b= 0.0, c= 0.0, d= 0.0 Request successfully executed.
13-10-2024 20:11:03 - INFO - Sending request to Setting Chmaber Zones to a= 0.0, b= 0.0, c= 0.0, d= 0.0 with timeout of 5s...
13-10-2024 20:11:03 - INFO - Setting Chmaber Zones to a= 0.0, b= 0.0, c= 0.0, d= 0.0 request successfully sent.
13-10-2024 20:11:03 - INFO - Response from moonraker: {'result': 'ok'}
13-10-2024 20:11:03 - INFO - Setting Chmaber Zones to a= 0.0, b= 0.0, c= 0.0, d= 0.0 Request successfully executed.
13-10-2024 20:11:04 - INFO - Sending request to Setting Chmaber Zones to a= 0.0, b= 0.0, c= 0.0, d= 0.0 with timeout of 5s...
13-10-2024 20:11:04 - INFO - Setting Chmaber Zones to a= 0.0, b= 0.0, c= 0.0, d= 0.0 request successfully sent.
13-10-2024 20:11:04 - INFO - Response from moonraker: {'result': 'ok'}
13-10-2024 20:11:04 - INFO - Setting Chmaber Zones to a= 0.0, b= 0.0, c= 0.0, d= 0.0 Request successfully executed.
13-10-2024 20:11:05 - INFO - Sending request to Setting Chmaber Zones to a= 0.18809000000000003, b= 0.21496, c= 0.24183000000000004, d= 0.26870000000000005 with timeout of 5s...
13-10-2024 20:11:05 - INFO - Setting Chmaber Zones to a= 0.18809000000000003, b= 0.21496, c= 0.24183000000000004, d= 0.26870000000000005 request successfully sent.
13-10-2024 20:11:05 - INFO - Response from moonraker: {'result': 'ok'}
13-10-2024 20:11:05 - INFO - Setting Chmaber Zones to a= 0.18809000000000003, b= 0.21496, c= 0.24183000000000004, d= 0.26870000000000005 Request successfully executed.
13-10-2024 20:11:06 - INFO - Sending request to Setting Chmaber Zones to a= 0.3570700000000004, b= 0.40808000000000044, c= 0.4590900000000005, d= 0.5101000000000006 with timeout of 5s...
13-10-2024 20:11:06 - INFO - Setting Chmaber Zones to a= 0.3570700000000004, b= 0.40808000000000044, c= 0.4590900000000005, d= 0.5101000000000006 request successfully sent.
13-10-2024 20:11:06 - INFO - Response from moonraker: {'result': 'ok'}
13-10-2024 20:11:06 - INFO - Setting Chmaber Zones to a= 0.3570700000000004, b= 0.40808000000000044, c= 0.4590900000000005, d= 0.5101000000000006 Request successfully executed.
13-10-2024 20:11:07 - INFO - Sending request to Setting Chmaber Zones to a= 0.28350000000000036, b= 0.3240000000000004, c= 0.36450000000000043, d= 0.40500000000000047 with timeout of 5s...
13-10-2024 20:11:07 - INFO - Setting Chmaber Zones to a= 0.28350000000000036, b= 0.3240000000000004, c= 0.36450000000000043, d= 0.40500000000000047 request successfully sent.
13-10-2024 20:11:07 - INFO - Response from moonraker: {'result': 'ok'}
13-10-2024 20:11:07 - INFO - Setting Chmaber Zones to a= 0.28350000000000036, b= 0.3240000000000004, c= 0.36450000000000043, d= 0.40500000000000047 Request successfully executed.
13-10-2024 20:11:08 - INFO - Sending request to Setting Chmaber Zones to a= 0.0, b= 0.0, c= 0.0, d= 0.0 with timeout of 5s...
13-10-2024 20:11:08 - INFO - Setting Chmaber Zones to a= 0.0, b= 0.0, c= 0.0, d= 0.0 request successfully sent.
13-10-2024 20:11:08 - INFO - Response from moonraker: {'result': 'ok'}
13-10-2024 20:11:08 - INFO - Setting Chmaber Zones to a= 0.0, b= 0.0, c= 0.0, d= 0.0 Request successfully executed.
13-10-2024 20:11:09 - INFO - Sending request to Setting Chmaber Zones to a= 0.0, b= 0.0, c= 0.0, d= 0.0 with timeout of 5s...
13-10-2024 20:11:09 - INFO - Setting Chmaber Zones to a= 0.0, b= 0.0, c= 0.0, d= 0.0 request successfully sent.
13-10-2024 20:11:09 - INFO - Response from moonraker: {'result': 'ok'}
13-10-2024 20:11:09 - INFO - Setting Chmaber Zones to a= 0.0, b= 0.0, c= 0.0, d= 0.0 Request successfully executed.
13-10-2024 20:11:10 - INFO - Sending request to Setting Chmaber Zones to a= 0.0, b= 0.0, c= 0.0, d= 0.0 with timeout of 5s...
13-10-2024 20:11:10 - INFO - Setting Chmaber Zones to a= 0.0, b= 0.0, c= 0.0, d= 0.0 request successfully sent.
13-10-2024 20:11:10 - INFO - Response from moonraker: {'result': 'ok'}
13-10-2024 20:11:10 - INFO - Setting Chmaber Zones to a= 0.0, b= 0.0, c= 0.0, d= 0.0 Request successfully executed.
13-10-2024 20:11:11 - INFO - Sending request to Setting Chmaber Zones to a= 0.04780999999999995, b= 0.05463999999999994, c= 0.06146999999999994, d= 0.06829999999999993 with timeout of 5s...
13-10-2024 20:11:11 - INFO - Setting Chmaber Zones to a= 0.04780999999999995, b= 0.05463999999999994, c= 0.06146999999999994, d= 0.06829999999999993 request successfully sent.
13-10-2024 20:11:11 - INFO - Response from moonraker: {'result': 'ok'}
13-10-2024 20:11:11 - INFO - Setting Chmaber Zones to a= 0.04780999999999995, b= 0.05463999999999994, c= 0.06146999999999994, d= 0.06829999999999993 Request successfully executed.
13-10-2024 20:11:12 - INFO - Sending request to Setting Chmaber Zones to a= 0.34447000000000083, b= 0.3936800000000009, c= 0.442890000000001, d= 0.49210000000000115 with timeout of 5s...
13-10-2024 20:11:12 - INFO - Setting Chmaber Zones to a= 0.34447000000000083, b= 0.3936800000000009, c= 0.442890000000001, d= 0.49210000000000115 request successfully sent.
13-10-2024 20:11:12 - INFO - Response from moonraker: {'result': 'ok'}
13-10-2024 20:11:12 - INFO - Setting Chmaber Zones to a= 0.34447000000000083, b= 0.3936800000000009, c= 0.442890000000001, d= 0.49210000000000115 Request successfully executed.
13-10-2024 20:11:13 - INFO - Sending request to Setting Chmaber Zones to a= 0.3679899999999996, b= 0.42055999999999955, c= 0.47312999999999944, d= 0.5256999999999994 with timeout of 5s...
13-10-2024 20:11:13 - INFO - Setting Chmaber Zones to a= 0.3679899999999996, b= 0.42055999999999955, c= 0.47312999999999944, d= 0.5256999999999994 request successfully sent.
13-10-2024 20:11:13 - INFO - Response from moonraker: {'result': 'ok'}
13-10-2024 20:11:13 - INFO - Setting Chmaber Zones to a= 0.3679899999999996, b= 0.42055999999999955, c= 0.47312999999999944, d= 0.5256999999999994 Request successfully executed.
13-10-2024 20:11:14 - INFO - Sending request to Setting Chmaber Zones to a= 0.11767000000000047, b= 0.13448000000000054, c= 0.1512900000000006, d= 0.16810000000000067 with timeout of 5s...
13-10-2024 20:11:14 - INFO - Setting Chmaber Zones to a= 0.11767000000000047, b= 0.13448000000000054, c= 0.1512900000000006, d= 0.16810000000000067 request successfully sent.
13-10-2024 20:11:14 - INFO - Response from moonraker: {'result': 'ok'}
13-10-2024 20:11:14 - INFO - Setting Chmaber Zones to a= 0.11767000000000047, b= 0.13448000000000054, c= 0.1512900000000006, d= 0.16810000000000067 Request successfully executed.
13-10-2024 20:11:15 - INFO - Sending request to Setting Chmaber Zones to a= 0.0, b= 0.0, c= 0.0, d= 0.0 with timeout of 5s...
13-10-2024 20:11:15 - INFO - Setting Chmaber Zones to a= 0.0, b= 0.0, c= 0.0, d= 0.0 request successfully sent.
13-10-2024 20:11:15 - INFO - Response from moonraker: {'result': 'ok'}
13-10-2024 20:11:15 - INFO - Setting Chmaber Zones to a= 0.0, b= 0.0, c= 0.0, d= 0.0 Request successfully executed.
13-10-2024 20:11:16 - INFO - Sending request to Setting Chmaber Zones to a= 0.0, b= 0.0, c= 0.0, d= 0.0 with timeout of 5s...
13-10-2024 20:11:16 - INFO - Setting Chmaber Zones to a= 0.0, b= 0.0, c= 0.0, d= 0.0 request successfully sent.
13-10-2024 20:11:16 - INFO - Response from moonraker: {'result': 'ok'}
13-10-2024 20:11:16 - INFO - Setting Chmaber Zones to a= 0.0, b= 0.0, c= 0.0, d= 0.0 Request successfully executed.
13-10-2024 20:11:17 - INFO - Sending request to Setting Chmaber Zones to a= 0.0, b= 0.0, c= 0.0, d= 0.0 with timeout of 5s...
13-10-2024 20:11:17 - INFO - Setting Chmaber Zones to a= 0.0, b= 0.0, c= 0.0, d= 0.0 request successfully sent.
13-10-2024 20:11:17 - INFO - Response from moonraker: {'result': 'ok'}
13-10-2024 20:11:17 - INFO - Setting Chmaber Zones to a= 0.0, b= 0.0, c= 0.0, d= 0.0 Request successfully executed.
13-10-2024 20:11:18 - INFO - Sending request to Setting Chmaber Zones to a= 0.18087999999999965, b= 0.20671999999999963, c= 0.23255999999999957, d= 0.2583999999999995 with timeout of 5s...
13-10-2024 20:11:18 - INFO - Setting Chmaber Zones to a= 0.18087999999999965, b= 0.20671999999999963, c= 0.23255999999999957, d= 0.2583999999999995 request successfully sent.
13-10-2024 20:11:18 - INFO - Response from moonraker: {'result': 'ok'}
13-10-2024 20:11:18 - INFO - Setting Chmaber Zones to a= 0.18087999999999965, b= 0.20671999999999963, c= 0.23255999999999957, d= 0.2583999999999995 Request successfully executed.
13-10-2024 20:11:19 - INFO - Sending request to Setting Chmaber Zones to a= 0.3987900000000008, b= 0.45576000000000094, c= 0.5127300000000011, d= 0.5697000000000012 with timeout of 5s...
13-10-2024 20:11:19 - INFO - Setting Chmaber Zones to a= 0.3987900000000008, b= 0.45576000000000094, c= 0.5127300000000011, d= 0.5697000000000012 request successfully sent.
13-10-2024 20:11:19 - INFO - Response from moonraker: {'result': 'ok'}
13-10-2024 20:11:19 - INFO - Setting Chmaber Zones to a= 0.3987900000000008, b= 0.45576000000000094, c= 0.5127300000000011, d= 0.5697000000000012 Request successfully executed.
13-10-2024 20:11:20 - INFO - Sending request to Setting Chmaber Zones to a= 0.31647000000000036, b= 0.36168000000000045, c= 0.4068900000000005, d= 0.45210000000000056 with timeout of 5s...
13-10-2024 20:11:20 - INFO - Setting Chmaber Zones to a= 0.31647000000000036, b= 0.36168000000000045, c= 0.4068900000000005, d= 0.45210000000000056 request successfully sent.
13-10-2024 20:11:20 - INFO - Response from moonraker: {'result': 'ok'}
13-10-2024 20:11:20 - INFO - Setting Chmaber Zones to a= 0.31647000000000036, b= 0.36168000000000045, c= 0.4068900000000005, d= 0.45210000000000056 Request successfully executed.
13-10-2024 20:11:21 - INFO - Sending request to Setting Chmaber Zones to a= 0.0, b= 0.0, c= 0.0, d= 0.0 with timeout of 5s...
13-10-2024 20:11:21 - INFO - Setting Chmaber Zones to a= 0.0, b= 0.0, c= 0.0, d= 0.0 request successfully sent.
13-10-2024 20:11:21 - INFO - Response from moonraker: {'result': 'ok'}
13-10-2024 20:11:21 - INFO - Setting Chmaber Zones to a= 0.0, b= 0.0, c= 0.0, d= 0.0 Request successfully executed.
13-10-2024 20:11:22 - INFO - Sending request to Setting Chmaber Zones to a= 0.0, b= 0.0, c= 0.0, d= 0.0 with timeout of 5s...
13-10-2024 20:11:22 - INFO - Setting Chmaber Zones to a= 0.0, b= 0.0, c= 0.0, d= 0.0 request successfully sent.
13-10-2024 20:11:22 - INFO - Response from moonraker: {'result': 'ok'}
13-10-2024 20:11:22 - INFO - Setting Chmaber Zones to a= 0.0, b= 0.0, c= 0.0, d= 0.0 Request successfully executed.
13-10-2024 20:11:23 - INFO - Sending request to Setting Chmaber Zones to a= 0.0, b= 0.0, c= 0.0, d= 0.0 with timeout of 5s...
13-10-2024 20:11:23 - INFO - Setting Chmaber Zones to a= 0.0, b= 0.0, c= 0.0, d= 0.0 request successfully sent.
13-10-2024 20:11:23 - INFO - Response from moonraker: {'result': 'ok'}
13-10-2024 20:11:23 - INFO - Setting Chmaber Zones to a= 0.0, b= 0.0, c= 0.0, d= 0.0 Request successfully executed.
13-10-2024 20:11:24 - INFO - Sending request to Setting Chmaber Zones to a= 0.0, b= 0.0, c= 0.0, d= 0.0 with timeout of 5s...
13-10-2024 20:11:24 - INFO - Setting Chmaber Zones to a= 0.0, b= 0.0, c= 0.0, d= 0.0 request successfully sent.
13-10-2024 20:11:24 - INFO - Response from moonraker: {'result': 'ok'}
13-10-2024 20:11:24 - INFO - Setting Chmaber Zones to a= 0.0, b= 0.0, c= 0.0, d= 0.0 Request successfully executed.
13-10-2024 20:11:25 - INFO - Sending request to Setting Chmaber Zones to a= 0.27299999999999963, b= 0.3119999999999996, c= 0.3509999999999996, d= 0.3899999999999995 with timeout of 5s...
13-10-2024 20:11:25 - INFO - Setting Chmaber Zones to a= 0.27299999999999963, b= 0.3119999999999996, c= 0.3509999999999996, d= 0.3899999999999995 request successfully sent.
13-10-2024 20:11:25 - INFO - Response from moonraker: {'result': 'ok'}
13-10-2024 20:11:25 - INFO - Setting Chmaber Zones to a= 0.27299999999999963, b= 0.3119999999999996, c= 0.3509999999999996, d= 0.3899999999999995 Request successfully executed.
13-10-2024 20:11:26 - INFO - Sending request to Setting Chmaber Zones to a= 0.4205600000000008, b= 0.480640000000001, c= 0.5407200000000011, d= 0.6008000000000012 with timeout of 5s...
13-10-2024 20:11:26 - INFO - Setting Chmaber Zones to a= 0.4205600000000008, b= 0.480640000000001, c= 0.5407200000000011, d= 0.6008000000000012 request successfully sent.
13-10-2024 20:11:26 - INFO - Response from moonraker: {'result': 'ok'}
13-10-2024 20:11:26 - INFO - Setting Chmaber Zones to a= 0.4205600000000008, b= 0.480640000000001, c= 0.5407200000000011, d= 0.6008000000000012 Request successfully executed.
13-10-2024 20:11:27 - INFO - Sending request to Setting Chmaber Zones to a= 0.17759000000000044, b= 0.2029600000000005, c= 0.2283300000000005, d= 0.2537000000000006 with timeout of 5s...
13-10-2024 20:11:27 - INFO - Setting Chmaber Zones to a= 0.17759000000000044, b= 0.2029600000000005, c= 0.2283300000000005, d= 0.2537000000000006 request successfully sent.
13-10-2024 20:11:27 - INFO - Response from moonraker: {'result': 'ok'}
13-10-2024 20:11:27 - INFO - Setting Chmaber Zones to a= 0.17759000000000044, b= 0.2029600000000005, c= 0.2283300000000005, d= 0.2537000000000006 Request successfully executed.
13-10-2024 20:11:28 - INFO - Sending request to Setting Chmaber Zones to a= 0.0, b= 0.0, c= 0.0, d= 0.0 with timeout of 5s...
13-10-2024 20:11:28 - INFO - Setting Chmaber Zones to a= 0.0, b= 0.0, c= 0.0, d= 0.0 request successfully sent.
13-10-2024 20:11:28 - INFO - Response from moonraker: {'result': 'ok'}
13-10-2024 20:11:28 - INFO - Setting Chmaber Zones to a= 0.0, b= 0.0, c= 0.0, d= 0.0 Request successfully executed.
13-10-2024 20:11:29 - INFO - Sending request to Setting Chmaber Zones to a= 0.0, b= 0.0, c= 0.0, d= 0.0 with timeout of 5s...
13-10-2024 20:11:29 - INFO - Setting Chmaber Zones to a= 0.0, b= 0.0, c= 0.0, d= 0.0 request successfully sent.
13-10-2024 20:11:29 - INFO - Response from moonraker: {'result': 'ok'}
13-10-2024 20:11:29 - INFO - Setting Chmaber Zones to a= 0.0, b= 0.0, c= 0.0, d= 0.0 Request successfully executed.
13-10-2024 20:11:30 - INFO - Sending request to Setting Chmaber Zones to a= 0.0, b= 0.0, c= 0.0, d= 0.0 with timeout of 5s...
13-10-2024 20:11:30 - INFO - Setting Chmaber Zones to a= 0.0, b= 0.0, c= 0.0, d= 0.0 request successfully sent.
13-10-2024 20:11:30 - INFO - Response from moonraker: {'result': 'ok'}
13-10-2024 20:11:30 - INFO - Setting Chmaber Zones to a= 0.0, b= 0.0, c= 0.0, d= 0.0 Request successfully executed.
13-10-2024 20:11:31 - INFO - Sending request to Setting Chmaber Zones to a= 0.14734999999999926, b= 0.16839999999999913, c= 0.18944999999999904, d= 0.21049999999999894 with timeout of 5s...
13-10-2024 20:11:31 - INFO - Setting Chmaber Zones to a= 0.14734999999999926, b= 0.16839999999999913, c= 0.18944999999999904, d= 0.21049999999999894 request successfully sent.
13-10-2024 20:11:31 - INFO - Response from moonraker: {'result': 'ok'}
13-10-2024 20:11:31 - INFO - Setting Chmaber Zones to a= 0.14734999999999926, b= 0.16839999999999913, c= 0.18944999999999904, d= 0.21049999999999894 Request successfully executed.
13-10-2024 20:11:32 - INFO - Sending request to Setting Chmaber Zones to a= 0.3801000000000002, b= 0.4344000000000002, c= 0.48870000000000025, d= 0.5430000000000003 with timeout of 5s...
13-10-2024 20:11:32 - INFO - Setting Chmaber Zones to a= 0.3801000000000002, b= 0.4344000000000002, c= 0.48870000000000025, d= 0.5430000000000003 request successfully sent.
13-10-2024 20:11:32 - INFO - Response from moonraker: {'result': 'ok'}
13-10-2024 20:11:32 - INFO - Setting Chmaber Zones to a= 0.3801000000000002, b= 0.4344000000000002, c= 0.48870000000000025, d= 0.5430000000000003 Request successfully executed.
13-10-2024 20:11:33 - INFO - Sending request to Setting Chmaber Zones to a= 0.3304699999999997, b= 0.3776799999999996, c= 0.4248899999999996, d= 0.4720999999999996 with timeout of 5s...
13-10-2024 20:11:33 - INFO - Setting Chmaber Zones to a= 0.3304699999999997, b= 0.3776799999999996, c= 0.4248899999999996, d= 0.4720999999999996 request successfully sent.
13-10-2024 20:11:33 - INFO - Response from moonraker: {'result': 'ok'}
13-10-2024 20:11:33 - INFO - Setting Chmaber Zones to a= 0.3304699999999997, b= 0.3776799999999996, c= 0.4248899999999996, d= 0.4720999999999996 Request successfully executed.
13-10-2024 20:11:34 - INFO - Sending request to Setting Chmaber Zones to a= 0.021000000000000494, b= 0.024000000000000563, c= 0.027000000000000638, d= 0.030000000000000707 with timeout of 5s...
13-10-2024 20:11:34 - INFO - Setting Chmaber Zones to a= 0.021000000000000494, b= 0.024000000000000563, c= 0.027000000000000638, d= 0.030000000000000707 request successfully sent.
13-10-2024 20:11:34 - INFO - Response from moonraker: {'result': 'ok'}
13-10-2024 20:11:34 - INFO - Setting Chmaber Zones to a= 0.021000000000000494, b= 0.024000000000000563, c= 0.027000000000000638, d= 0.030000000000000707 Request successfully executed.
13-10-2024 20:11:35 - INFO - Sending request to Setting Chmaber Zones to a= 0.0, b= 0.0, c= 0.0, d= 0.0 with timeout of 5s...
13-10-2024 20:11:35 - INFO - Setting Chmaber Zones to a= 0.0, b= 0.0, c= 0.0, d= 0.0 request successfully sent.
13-10-2024 20:11:35 - INFO - Response from moonraker: {'result': 'ok'}
13-10-2024 20:11:35 - INFO - Setting Chmaber Zones to a= 0.0, b= 0.0, c= 0.0, d= 0.0 Request successfully executed.
13-10-2024 20:11:36 - INFO - Sending request to Setting Chmaber Zones to a= 0.0, b= 0.0, c= 0.0, d= 0.0 with timeout of 5s...
13-10-2024 20:11:36 - INFO - Setting Chmaber Zones to a= 0.0, b= 0.0, c= 0.0, d= 0.0 request successfully sent.
13-10-2024 20:11:36 - INFO - Response from moonraker: {'result': 'ok'}
13-10-2024 20:11:36 - INFO - Setting Chmaber Zones to a= 0.0, b= 0.0, c= 0.0, d= 0.0 Request successfully executed.
13-10-2024 20:11:37 - INFO - Sending request to Setting Chmaber Zones to a= 0.0849100000000001, b= 0.09704000000000013, c= 0.10917000000000014, d= 0.12130000000000014 with timeout of 5s...
13-10-2024 20:11:37 - INFO - Setting Chmaber Zones to a= 0.0849100000000001, b= 0.09704000000000013, c= 0.10917000000000014, d= 0.12130000000000014 request successfully sent.
13-10-2024 20:11:37 - INFO - Response from moonraker: {'result': 'ok'}
13-10-2024 20:11:37 - INFO - Setting Chmaber Zones to a= 0.0849100000000001, b= 0.09704000000000013, c= 0.10917000000000014, d= 0.12130000000000014 Request successfully executed.
13-10-2024 20:11:38 - INFO - Sending request to Setting Chmaber Zones to a= 0.3030999999999993, b= 0.3463999999999992, c= 0.38969999999999905, d= 0.432999999999999 with timeout of 5s...
13-10-2024 20:11:38 - INFO - Setting Chmaber Zones to a= 0.3030999999999993, b= 0.3463999999999992, c= 0.38969999999999905, d= 0.432999999999999 request successfully sent.
13-10-2024 20:11:38 - INFO - Response from moonraker: {'result': 'ok'}
13-10-2024 20:11:38 - INFO - Setting Chmaber Zones to a= 0.3030999999999993, b= 0.3463999999999992, c= 0.38969999999999905, d= 0.432999999999999 Request successfully executed.
13-10-2024 20:11:39 - INFO - Sending request to Setting Chmaber Zones to a= 0.3204600000000009, b= 0.36624000000000106, c= 0.41202000000000116, d= 0.4578000000000013 with timeout of 5s...
13-10-2024 20:11:39 - INFO - Setting Chmaber Zones to a= 0.3204600000000009, b= 0.36624000000000106, c= 0.41202000000000116, d= 0.4578000000000013 request successfully sent.
13-10-2024 20:11:39 - INFO - Response from moonraker: {'result': 'ok'}
13-10-2024 20:11:39 - INFO - Setting Chmaber Zones to a= 0.3204600000000009, b= 0.36624000000000106, c= 0.41202000000000116, d= 0.4578000000000013 Request successfully executed.
13-10-2024 20:11:40 - INFO - Sending request to Setting Chmaber Zones to a= 0.0, b= 0.0, c= 0.0, d= 0.0 with timeout of 5s...
13-10-2024 20:11:40 - INFO - Setting Chmaber Zones to a= 0.0, b= 0.0, c= 0.0, d= 0.0 request successfully sent.
13-10-2024 20:11:40 - INFO - Response from moonraker: {'result': 'ok'}
13-10-2024 20:11:40 - INFO - Setting Chmaber Zones to a= 0.0, b= 0.0, c= 0.0, d= 0.0 Request successfully executed.
13-10-2024 20:11:41 - INFO - Sending request to Setting Chmaber Zones to a= 0.0, b= 0.0, c= 0.0, d= 0.0 with timeout of 5s...
13-10-2024 20:11:41 - INFO - Setting Chmaber Zones to a= 0.0, b= 0.0, c= 0.0, d= 0.0 request successfully sent.
13-10-2024 20:11:41 - INFO - Response from moonraker: {'result': 'ok'}
13-10-2024 20:11:41 - INFO - Setting Chmaber Zones to a= 0.0, b= 0.0, c= 0.0, d= 0.0 Request successfully executed.
13-10-2024 20:11:42 - INFO - Sending request to Setting Chmaber Zones to a= 0.0, b= 0.0, c= 0.0, d= 0.0 with timeout of 5s...
13-10-2024 20:11:42 - INFO - Setting Chmaber Zones to a= 0.0, b= 0.0, c= 0.0, d= 0.0 request successfully sent.
13-10-2024 20:11:42 - INFO - Response from moonraker: {'result': 'ok'}
13-10-2024 20:11:42 - INFO - Setting Chmaber Zones to a= 0.0, b= 0.0, c= 0.0, d= 0.0 Request successfully executed.
13-10-2024 20:11:43 - INFO - Sending request to Setting Chmaber Zones to a= 0.1593899999999994, b= 0.1821599999999993, c= 0.2049299999999992, d= 0.2276999999999991 with timeout of 5s...
13-10-2024 20:11:43 - INFO - Setting Chmaber Zones to a= 0.1593899999999994, b= 0.1821599999999993, c= 0.2049299999999992, d= 0.2276999999999991 request successfully sent.
13-10-2024 20:11:43 - INFO - Response from moonraker: {'result': 'ok'}
13-10-2024 20:11:43 - INFO - Setting Chmaber Zones to a= 0.1593899999999994, b= 0.1821599999999993, c= 0.2049299999999992, d= 0.2276999999999991 Request successfully executed.
13-10-2024 20:11:44 - INFO - Sending request to Setting Chmaber Zones to a= 0.3374000000000009, b= 0.385600000000001, c= 0.4338000000000012, d= 0.4820000000000013 with timeout of 5s...
13-10-2024 20:11:44 - INFO - Setting Chmaber Zones to a= 0.3374000000000009, b= 0.385600000000001, c= 0.4338000000000012, d= 0.4820000000000013 request successfully sent.
13-10-2024 20:11:44 - INFO - Response from moonraker: {'result': 'ok'}
13-10-2024 20:11:44 - INFO - Setting Chmaber Zones to a= 0.3374000000000009, b= 0.385600000000001, c= 0.4338000000000012, d= 0.4820000000000013 Request successfully executed.
13-10-2024 20:11:45 - INFO - Sending request to Setting Chmaber Zones to a= 0.30561999999999967, b= 0.3492799999999996, c= 0.39293999999999957, d= 0.4365999999999995 with timeout of 5s...
13-10-2024 20:11:45 - INFO - Setting Chmaber Zones to a= 0.30561999999999967, b= 0.3492799999999996, c= 0.39293999999999957, d= 0.4365999999999995 request successfully sent.
13-10-2024 20:11:45 - INFO - Response from moonraker: {'result': 'ok'}
13-10-2024 20:11:45 - INFO - Setting Chmaber Zones to a= 0.30561999999999967, b= 0.3492799999999996, c= 0.39293999999999957, d= 0.4365999999999995 Request successfully executed.
13-10-2024 20:11:46 - INFO - Sending request to Setting Chmaber Zones to a= 0.10192000000000011, b= 0.11648000000000013, c= 0.13104000000000013, d= 0.14560000000000015 with timeout of 5s...
13-10-2024 20:11:46 - INFO - Setting Chmaber Zones to a= 0.10192000000000011, b= 0.11648000000000013, c= 0.13104000000000013, d= 0.14560000000000015 request successfully sent.
13-10-2024 20:11:46 - INFO - Response from moonraker: {'result': 'ok'}
13-10-2024 20:11:46 - INFO - Setting Chmaber Zones to a= 0.10192000000000011, b= 0.11648000000000013, c= 0.13104000000000013, d= 0.14560000000000015 Request successfully executed.
13-10-2024 20:11:47 - INFO - Sending request to Setting Chmaber Zones to a= 0.0, b= 0.0, c= 0.0, d= 0.0 with timeout of 5s...
13-10-2024 20:11:47 - INFO - Setting Chmaber Zones to a= 0.0, b= 0.0, c= 0.0, d= 0.0 request successfully sent.
13-10-2024 20:11:47 - INFO - Response from moonraker: {'result': 'ok'}
13-10-2024 20:11:47 - INFO - Setting Chmaber Zones to a= 0.0, b= 0.0, c= 0.0, d= 0.0 Request successfully executed.
13-10-2024 20:11:48 - INFO - Sending request to Setting Chmaber Zones to a= 0.0, b= 0.0, c= 0.0, d= 0.0 with timeout of 5s...
13-10-2024 20:11:48 - INFO - Setting Chmaber Zones to a= 0.0, b= 0.0, c= 0.0, d= 0.0 request successfully sent.
13-10-2024 20:11:48 - INFO - Response from moonraker: {'result': 'ok'}
13-10-2024 20:11:48 - INFO - Setting Chmaber Zones to a= 0.0, b= 0.0, c= 0.0, d= 0.0 Request successfully executed.
13-10-2024 20:11:49 - INFO - Sending request to Setting Chmaber Zones to a= 0.0, b= 0.0, c= 0.0, d= 0.0 with timeout of 5s...
13-10-2024 20:11:49 - INFO - Setting Chmaber Zones to a= 0.0, b= 0.0, c= 0.0, d= 0.0 request successfully sent.
13-10-2024 20:11:49 - INFO - Response from moonraker: {'result': 'ok'}
13-10-2024 20:11:49 - INFO - Setting Chmaber Zones to a= 0.0, b= 0.0, c= 0.0, d= 0.0 Request successfully executed.
13-10-2024 20:11:50 - INFO - Sending request to Setting Chmaber Zones to a= 0.26894000000000007, b= 0.3073600000000001, c= 0.3457800000000001, d= 0.3842000000000001 with timeout of 5s...
13-10-2024 20:11:50 - INFO - Setting Chmaber Zones to a= 0.26894000000000007, b= 0.3073600000000001, c= 0.3457800000000001, d= 0.3842000000000001 request successfully sent.
13-10-2024 20:11:50 - INFO - Response from moonraker: {'result': 'ok'}
13-10-2024 20:11:50 - INFO - Setting Chmaber Zones to a= 0.26894000000000007, b= 0.3073600000000001, c= 0.3457800000000001, d= 0.3842000000000001 Request successfully executed.
13-10-2024 20:11:51 - INFO - Sending request to Setting Chmaber Zones to a= 0.36015000000000086, b= 0.41160000000000097, c= 0.46305000000000107, d= 0.5145000000000012 with timeout of 5s...
13-10-2024 20:11:51 - INFO - Setting Chmaber Zones to a= 0.36015000000000086, b= 0.41160000000000097, c= 0.46305000000000107, d= 0.5145000000000012 request successfully sent.
13-10-2024 20:11:51 - INFO - Response from moonraker: {'result': 'ok'}
13-10-2024 20:11:51 - INFO - Setting Chmaber Zones to a= 0.36015000000000086, b= 0.41160000000000097, c= 0.46305000000000107, d= 0.5145000000000012 Request successfully executed.
13-10-2024 20:11:52 - INFO - Sending request to Setting Chmaber Zones to a= 0.19669999999999999, b= 0.22479999999999997, c= 0.2529, d= 0.28099999999999997 with timeout of 5s...
13-10-2024 20:11:52 - INFO - Setting Chmaber Zones to a= 0.19669999999999999, b= 0.22479999999999997, c= 0.2529, d= 0.28099999999999997 request successfully sent.
13-10-2024 20:11:52 - INFO - Response from moonraker: {'result': 'ok'}
13-10-2024 20:11:52 - INFO - Setting Chmaber Zones to a= 0.19669999999999999, b= 0.22479999999999997, c= 0.2529, d= 0.28099999999999997 Request successfully executed.
13-10-2024 20:11:53 - INFO - Sending request to Setting Chmaber Zones to a= 0.0, b= 0.0, c= 0.0, d= 0.0 with timeout of 5s...
13-10-2024 20:11:53 - INFO - Setting Chmaber Zones to a= 0.0, b= 0.0, c= 0.0, d= 0.0 request successfully sent.
13-10-2024 20:11:53 - INFO - Response from moonraker: {'result': 'ok'}
13-10-2024 20:11:53 - INFO - Setting Chmaber Zones to a= 0.0, b= 0.0, c= 0.0, d= 0.0 Request successfully executed.
13-10-2024 20:11:54 - INFO - Sending request to Setting Chmaber Zones to a= 0.0, b= 0.0, c= 0.0, d= 0.0 with timeout of 5s...
13-10-2024 20:11:54 - INFO - Setting Chmaber Zones to a= 0.0, b= 0.0, c= 0.0, d= 0.0 request successfully sent.
13-10-2024 20:11:54 - INFO - Response from moonraker: {'result': 'ok'}
13-10-2024 20:11:54 - INFO - Setting Chmaber Zones to a= 0.0, b= 0.0, c= 0.0, d= 0.0 Request successfully executed.
13-10-2024 20:11:55 - INFO - Sending request to Setting Chmaber Zones to a= 0.0, b= 0.0, c= 0.0, d= 0.0 with timeout of 5s...
13-10-2024 20:11:55 - INFO - Setting Chmaber Zones to a= 0.0, b= 0.0, c= 0.0, d= 0.0 request successfully sent.
13-10-2024 20:11:55 - INFO - Response from moonraker: {'result': 'ok'}
13-10-2024 20:11:55 - INFO - Setting Chmaber Zones to a= 0.0, b= 0.0, c= 0.0, d= 0.0 Request successfully executed.
13-10-2024 20:11:56 - INFO - Sending request to Setting Chmaber Zones to a= 0.20915999999999926, b= 0.23903999999999917, c= 0.26891999999999905, d= 0.29879999999999896 with timeout of 5s...
13-10-2024 20:11:56 - INFO - Setting Chmaber Zones to a= 0.20915999999999926, b= 0.23903999999999917, c= 0.26891999999999905, d= 0.29879999999999896 request successfully sent.
13-10-2024 20:11:56 - INFO - Response from moonraker: {'result': 'ok'}
13-10-2024 20:11:56 - INFO - Setting Chmaber Zones to a= 0.20915999999999926, b= 0.23903999999999917, c= 0.26891999999999905, d= 0.29879999999999896 Request successfully executed.
13-10-2024 20:11:58 - INFO - Sending request to Setting Chmaber Zones to a= 0, b= 0, c= 0, d= 0 with timeout of 5s...
13-10-2024 20:11:58 - INFO - Setting Chmaber Zones to a= 0, b= 0, c= 0, d= 0 request successfully sent.
13-10-2024 20:11:58 - INFO - Response from moonraker: {'result': 'ok'}
13-10-2024 20:11:58 - INFO - Setting Chmaber Zones to a= 0, b= 0, c= 0, d= 0 Request successfully executed.
13-10-2024 20:15:50 - INFO - Sending request to Setting Chmaber Zones to a= 0, b= 0, c= 0, d= 0 with timeout of 5s...
13-10-2024 20:15:50 - INFO - Sending request to Setting Chmaber Zones to a= 0.03612, b= 0.04127999999999999, c= 0.046439999999999995, d= 0.05159999999999999 with timeout of 5s...
13-10-2024 20:15:50 - INFO - Setting Chmaber Zones to a= 0.03612, b= 0.04127999999999999, c= 0.046439999999999995, d= 0.05159999999999999 request successfully sent.
13-10-2024 20:15:50 - INFO - Response from moonraker: {'result': 'ok'}
13-10-2024 20:15:50 - INFO - Setting Chmaber Zones to a= 0.03612, b= 0.04127999999999999, c= 0.046439999999999995, d= 0.05159999999999999 request successfully sent.
13-10-2024 20:15:50 - INFO - Setting Chmaber Zones to a= 0.03612, b= 0.04127999999999999, c= 0.046439999999999995, d= 0.05159999999999999 Request successfully executed.
13-10-2024 20:15:50 - INFO - Response from moonraker: {'result': 'ok'}
13-10-2024 20:15:50 - INFO - Setting Chmaber Zones to a= 0.03612, b= 0.04127999999999999, c= 0.046439999999999995, d= 0.05159999999999999 Request successfully executed.
13-10-2024 20:15:51 - INFO - Sending request to Setting Chmaber Zones to a= 0.03619, b= 0.04136, c= 0.04653, d= 0.051699999999999996 with timeout of 5s...
13-10-2024 20:15:51 - INFO - Setting Chmaber Zones to a= 0.03619, b= 0.04136, c= 0.04653, d= 0.051699999999999996 request successfully sent.
13-10-2024 20:15:51 - INFO - Response from moonraker: {'result': 'ok'}
13-10-2024 20:15:51 - INFO - Setting Chmaber Zones to a= 0.03619, b= 0.04136, c= 0.04653, d= 0.051699999999999996 Request successfully executed.
13-10-2024 20:15:52 - INFO - Sending request to Setting Chmaber Zones to a= 0.03541999999999999, b= 0.04047999999999999, c= 0.04554, d= 0.0506 with timeout of 5s...
13-10-2024 20:15:52 - INFO - Setting Chmaber Zones to a= 0.03541999999999999, b= 0.04047999999999999, c= 0.04554, d= 0.0506 request successfully sent.
13-10-2024 20:15:52 - INFO - Response from moonraker: {'result': 'ok'}
13-10-2024 20:15:52 - INFO - Setting Chmaber Zones to a= 0.03541999999999999, b= 0.04047999999999999, c= 0.04554, d= 0.0506 Request successfully executed.
13-10-2024 20:15:53 - INFO - Sending request to Setting Chmaber Zones to a= 0.03458000000000001, b= 0.039520000000000007, c= 0.044460000000000006, d= 0.049400000000000006 with timeout of 5s...
13-10-2024 20:15:53 - INFO - Setting Chmaber Zones to a= 0.03458000000000001, b= 0.039520000000000007, c= 0.044460000000000006, d= 0.049400000000000006 request successfully sent.
13-10-2024 20:15:53 - INFO - Response from moonraker: {'result': 'ok'}
13-10-2024 20:15:53 - INFO - Setting Chmaber Zones to a= 0.03458000000000001, b= 0.039520000000000007, c= 0.044460000000000006, d= 0.049400000000000006 Request successfully executed.
13-10-2024 20:15:54 - INFO - Sending request to Setting Chmaber Zones to a= 0.03395, b= 0.0388, c= 0.04365, d= 0.04850000000000001 with timeout of 5s...
13-10-2024 20:15:54 - INFO - Setting Chmaber Zones to a= 0.03395, b= 0.0388, c= 0.04365, d= 0.04850000000000001 request successfully sent.
13-10-2024 20:15:54 - INFO - Response from moonraker: {'result': 'ok'}
13-10-2024 20:15:54 - INFO - Setting Chmaber Zones to a= 0.03395, b= 0.0388, c= 0.04365, d= 0.04850000000000001 Request successfully executed.
13-10-2024 20:15:55 - INFO - Sending request to Setting Chmaber Zones to a= 0.033109999999999994, b= 0.03784, c= 0.04257, d= 0.047299999999999995 with timeout of 5s...
13-10-2024 20:15:55 - INFO - Setting Chmaber Zones to a= 0.033109999999999994, b= 0.03784, c= 0.04257, d= 0.047299999999999995 request successfully sent.
13-10-2024 20:15:55 - INFO - Response from moonraker: {'result': 'ok'}
13-10-2024 20:15:55 - INFO - Setting Chmaber Zones to a= 0.033109999999999994, b= 0.03784, c= 0.04257, d= 0.047299999999999995 Request successfully executed.
13-10-2024 20:15:56 - INFO - Sending request to Setting Chmaber Zones to a= 0.03234000000000001, b= 0.03696000000000001, c= 0.041580000000000006, d= 0.0462 with timeout of 5s...
13-10-2024 20:15:56 - INFO - Setting Chmaber Zones to a= 0.03234000000000001, b= 0.03696000000000001, c= 0.041580000000000006, d= 0.0462 request successfully sent.
13-10-2024 20:15:56 - INFO - Response from moonraker: {'result': 'ok'}
13-10-2024 20:15:56 - INFO - Setting Chmaber Zones to a= 0.03234000000000001, b= 0.03696000000000001, c= 0.041580000000000006, d= 0.0462 Request successfully executed.
13-10-2024 20:15:57 - INFO - Sending request to Setting Chmaber Zones to a= 0.0322, b= 0.0368, c= 0.0414, d= 0.046 with timeout of 5s...
13-10-2024 20:15:57 - INFO - Setting Chmaber Zones to a= 0.0322, b= 0.0368, c= 0.0414, d= 0.046 request successfully sent.
13-10-2024 20:15:57 - INFO - Response from moonraker: {'result': 'ok'}
13-10-2024 20:15:57 - INFO - Setting Chmaber Zones to a= 0.0322, b= 0.0368, c= 0.0414, d= 0.046 Request successfully executed.
13-10-2024 20:15:58 - INFO - Sending request to Setting Chmaber Zones to a= 0.03213, b= 0.03672, c= 0.04131, d= 0.04590000000000001 with timeout of 5s...
13-10-2024 20:15:58 - INFO - Setting Chmaber Zones to a= 0.03213, b= 0.03672, c= 0.04131, d= 0.04590000000000001 request successfully sent.
13-10-2024 20:15:58 - INFO - Response from moonraker: {'result': 'ok'}
13-10-2024 20:15:58 - INFO - Setting Chmaber Zones to a= 0.03213, b= 0.03672, c= 0.04131, d= 0.04590000000000001 Request successfully executed.
13-10-2024 20:15:59 - INFO - Sending request to Setting Chmaber Zones to a= 0.0322, b= 0.0368, c= 0.0414, d= 0.046 with timeout of 5s...
13-10-2024 20:15:59 - INFO - Setting Chmaber Zones to a= 0.0322, b= 0.0368, c= 0.0414, d= 0.046 request successfully sent.
13-10-2024 20:15:59 - INFO - Response from moonraker: {'result': 'ok'}
13-10-2024 20:15:59 - INFO - Setting Chmaber Zones to a= 0.0322, b= 0.0368, c= 0.0414, d= 0.046 Request successfully executed.
13-10-2024 20:16:00 - INFO - Sending request to Setting Chmaber Zones to a= 0.032549999999999996, b= 0.0372, c= 0.04185, d= 0.04650000000000001 with timeout of 5s...
13-10-2024 20:16:00 - INFO - Setting Chmaber Zones to a= 0.032549999999999996, b= 0.0372, c= 0.04185, d= 0.04650000000000001 request successfully sent.
13-10-2024 20:16:00 - INFO - Response from moonraker: {'result': 'ok'}
13-10-2024 20:16:00 - INFO - Setting Chmaber Zones to a= 0.032549999999999996, b= 0.0372, c= 0.04185, d= 0.04650000000000001 Request successfully executed.
13-10-2024 20:16:01 - INFO - Sending request to Setting Chmaber Zones to a= 0.032830000000000005, b= 0.037520000000000005, c= 0.04221, d= 0.046900000000000004 with timeout of 5s...
13-10-2024 20:16:01 - INFO - Setting Chmaber Zones to a= 0.032830000000000005, b= 0.037520000000000005, c= 0.04221, d= 0.046900000000000004 request successfully sent.
13-10-2024 20:16:01 - INFO - Response from moonraker: {'result': 'ok'}
13-10-2024 20:16:01 - INFO - Setting Chmaber Zones to a= 0.032830000000000005, b= 0.037520000000000005, c= 0.04221, d= 0.046900000000000004 Request successfully executed.
13-10-2024 20:16:02 - INFO - Sending request to Setting Chmaber Zones to a= 0.032690000000000004, b= 0.037360000000000004, c= 0.042030000000000005, d= 0.046700000000000005 with timeout of 5s...
13-10-2024 20:16:02 - INFO - Setting Chmaber Zones to a= 0.032690000000000004, b= 0.037360000000000004, c= 0.042030000000000005, d= 0.046700000000000005 request successfully sent.
13-10-2024 20:16:02 - INFO - Response from moonraker: {'result': 'ok'}
13-10-2024 20:16:02 - INFO - Setting Chmaber Zones to a= 0.032690000000000004, b= 0.037360000000000004, c= 0.042030000000000005, d= 0.046700000000000005 Request successfully executed.
13-10-2024 20:16:03 - INFO - Sending request to Setting Chmaber Zones to a= 0.032690000000000004, b= 0.037360000000000004, c= 0.042030000000000005, d= 0.046700000000000005 with timeout of 5s...
13-10-2024 20:16:03 - INFO - Setting Chmaber Zones to a= 0.032690000000000004, b= 0.037360000000000004, c= 0.042030000000000005, d= 0.046700000000000005 request successfully sent.
13-10-2024 20:16:03 - INFO - Response from moonraker: {'result': 'ok'}
13-10-2024 20:16:03 - INFO - Setting Chmaber Zones to a= 0.032690000000000004, b= 0.037360000000000004, c= 0.042030000000000005, d= 0.046700000000000005 Request successfully executed.
13-10-2024 20:16:04 - INFO - Sending request to Setting Chmaber Zones to a= 0.032690000000000004, b= 0.037360000000000004, c= 0.042030000000000005, d= 0.046700000000000005 with timeout of 5s...
13-10-2024 20:16:04 - INFO - Setting Chmaber Zones to a= 0.032690000000000004, b= 0.037360000000000004, c= 0.042030000000000005, d= 0.046700000000000005 request successfully sent.
13-10-2024 20:16:04 - INFO - Response from moonraker: {'result': 'ok'}
13-10-2024 20:16:04 - INFO - Setting Chmaber Zones to a= 0.032690000000000004, b= 0.037360000000000004, c= 0.042030000000000005, d= 0.046700000000000005 Request successfully executed.
13-10-2024 20:16:05 - INFO - Sending request to Setting Chmaber Zones to a= 0.03234000000000001, b= 0.03696000000000001, c= 0.041580000000000006, d= 0.0462 with timeout of 5s...
13-10-2024 20:16:05 - INFO - Setting Chmaber Zones to a= 0.03234000000000001, b= 0.03696000000000001, c= 0.041580000000000006, d= 0.0462 request successfully sent.
13-10-2024 20:16:05 - INFO - Response from moonraker: {'result': 'ok'}
13-10-2024 20:16:05 - INFO - Setting Chmaber Zones to a= 0.03234000000000001, b= 0.03696000000000001, c= 0.041580000000000006, d= 0.0462 Request successfully executed.
13-10-2024 20:16:06 - INFO - Sending request to Setting Chmaber Zones to a= 0.03213, b= 0.03672, c= 0.04131, d= 0.04590000000000001 with timeout of 5s...
13-10-2024 20:16:06 - INFO - Setting Chmaber Zones to a= 0.03213, b= 0.03672, c= 0.04131, d= 0.04590000000000001 request successfully sent.
13-10-2024 20:16:06 - INFO - Response from moonraker: {'result': 'ok'}
13-10-2024 20:16:06 - INFO - Setting Chmaber Zones to a= 0.03213, b= 0.03672, c= 0.04131, d= 0.04590000000000001 Request successfully executed.
13-10-2024 20:16:07 - INFO - Sending request to Setting Chmaber Zones to a= 0.0315, b= 0.036, c= 0.0405, d= 0.045 with timeout of 5s...
13-10-2024 20:16:07 - INFO - Setting Chmaber Zones to a= 0.0315, b= 0.036, c= 0.0405, d= 0.045 request successfully sent.
13-10-2024 20:16:07 - INFO - Response from moonraker: {'result': 'ok'}
13-10-2024 20:16:07 - INFO - Setting Chmaber Zones to a= 0.0315, b= 0.036, c= 0.0405, d= 0.045 Request successfully executed.
13-10-2024 20:16:08 - INFO - Sending request to Setting Chmaber Zones to a= 0.0315, b= 0.036, c= 0.0405, d= 0.045 with timeout of 5s...
13-10-2024 20:16:08 - INFO - Setting Chmaber Zones to a= 0.0315, b= 0.036, c= 0.0405, d= 0.045 request successfully sent.
13-10-2024 20:16:08 - INFO - Response from moonraker: {'result': 'ok'}
13-10-2024 20:16:08 - INFO - Setting Chmaber Zones to a= 0.0315, b= 0.036, c= 0.0405, d= 0.045 Request successfully executed.
13-10-2024 20:16:09 - INFO - Sending request to Setting Chmaber Zones to a= 0.031990000000000005, b= 0.03656000000000001, c= 0.04113000000000001, d= 0.045700000000000005 with timeout of 5s...
13-10-2024 20:16:09 - INFO - Setting Chmaber Zones to a= 0.031990000000000005, b= 0.03656000000000001, c= 0.04113000000000001, d= 0.045700000000000005 request successfully sent.
13-10-2024 20:16:09 - INFO - Response from moonraker: {'result': 'ok'}
13-10-2024 20:16:09 - INFO - Setting Chmaber Zones to a= 0.031990000000000005, b= 0.03656000000000001, c= 0.04113000000000001, d= 0.045700000000000005 Request successfully executed.
13-10-2024 20:16:10 - INFO - Sending request to Setting Chmaber Zones to a= 0.0322, b= 0.0368, c= 0.0414, d= 0.046 with timeout of 5s...
13-10-2024 20:16:10 - INFO - Setting Chmaber Zones to a= 0.0322, b= 0.0368, c= 0.0414, d= 0.046 request successfully sent.
13-10-2024 20:16:10 - INFO - Response from moonraker: {'result': 'ok'}
13-10-2024 20:16:10 - INFO - Setting Chmaber Zones to a= 0.0322, b= 0.0368, c= 0.0414, d= 0.046 Request successfully executed.
13-10-2024 20:16:11 - INFO - Sending request to Setting Chmaber Zones to a= 0.03248, b= 0.03712, c= 0.04176, d= 0.046400000000000004 with timeout of 5s...
13-10-2024 20:16:11 - INFO - Setting Chmaber Zones to a= 0.03248, b= 0.03712, c= 0.04176, d= 0.046400000000000004 request successfully sent.
13-10-2024 20:16:11 - INFO - Response from moonraker: {'result': 'ok'}
13-10-2024 20:16:11 - INFO - Setting Chmaber Zones to a= 0.03248, b= 0.03712, c= 0.04176, d= 0.046400000000000004 Request successfully executed.
13-10-2024 20:16:12 - INFO - Sending request to Setting Chmaber Zones to a= 0.032619999999999996, b= 0.03728, c= 0.04194, d= 0.046599999999999996 with timeout of 5s...
13-10-2024 20:16:12 - INFO - Setting Chmaber Zones to a= 0.032619999999999996, b= 0.03728, c= 0.04194, d= 0.046599999999999996 request successfully sent.
13-10-2024 20:16:12 - INFO - Response from moonraker: {'result': 'ok'}
13-10-2024 20:16:12 - INFO - Setting Chmaber Zones to a= 0.032619999999999996, b= 0.03728, c= 0.04194, d= 0.046599999999999996 Request successfully executed.
13-10-2024 20:16:13 - INFO - Sending request to Setting Chmaber Zones to a= 0.032619999999999996, b= 0.03728, c= 0.04194, d= 0.046599999999999996 with timeout of 5s...
13-10-2024 20:16:13 - INFO - Setting Chmaber Zones to a= 0.032619999999999996, b= 0.03728, c= 0.04194, d= 0.046599999999999996 request successfully sent.
13-10-2024 20:16:13 - INFO - Response from moonraker: {'result': 'ok'}
13-10-2024 20:16:13 - INFO - Setting Chmaber Zones to a= 0.032619999999999996, b= 0.03728, c= 0.04194, d= 0.046599999999999996 Request successfully executed.
13-10-2024 20:16:14 - INFO - Sending request to Setting Chmaber Zones to a= 0.032619999999999996, b= 0.03728, c= 0.04194, d= 0.046599999999999996 with timeout of 5s...
13-10-2024 20:16:14 - INFO - Setting Chmaber Zones to a= 0.032619999999999996, b= 0.03728, c= 0.04194, d= 0.046599999999999996 request successfully sent.
13-10-2024 20:16:14 - INFO - Response from moonraker: {'result': 'ok'}
13-10-2024 20:16:14 - INFO - Setting Chmaber Zones to a= 0.032619999999999996, b= 0.03728, c= 0.04194, d= 0.046599999999999996 Request successfully executed.
13-10-2024 20:16:15 - INFO - Sending request to Setting Chmaber Zones to a= 0.032619999999999996, b= 0.03728, c= 0.04194, d= 0.046599999999999996 with timeout of 5s...
13-10-2024 20:16:15 - INFO - Setting Chmaber Zones to a= 0.032619999999999996, b= 0.03728, c= 0.04194, d= 0.046599999999999996 request successfully sent.
13-10-2024 20:16:15 - INFO - Response from moonraker: {'result': 'ok'}
13-10-2024 20:16:15 - INFO - Setting Chmaber Zones to a= 0.032619999999999996, b= 0.03728, c= 0.04194, d= 0.046599999999999996 Request successfully executed.
13-10-2024 20:16:16 - INFO - Sending request to Setting Chmaber Zones to a= 0.032549999999999996, b= 0.0372, c= 0.04185, d= 0.04650000000000001 with timeout of 5s...
13-10-2024 20:16:16 - INFO - Setting Chmaber Zones to a= 0.032549999999999996, b= 0.0372, c= 0.04185, d= 0.04650000000000001 request successfully sent.
13-10-2024 20:16:16 - INFO - Response from moonraker: {'result': 'ok'}
13-10-2024 20:16:16 - INFO - Setting Chmaber Zones to a= 0.032549999999999996, b= 0.0372, c= 0.04185, d= 0.04650000000000001 Request successfully executed.
13-10-2024 20:16:17 - INFO - Sending request to Setting Chmaber Zones to a= 0.032549999999999996, b= 0.0372, c= 0.04185, d= 0.04650000000000001 with timeout of 5s...
13-10-2024 20:16:17 - INFO - Setting Chmaber Zones to a= 0.032549999999999996, b= 0.0372, c= 0.04185, d= 0.04650000000000001 request successfully sent.
13-10-2024 20:16:17 - INFO - Response from moonraker: {'result': 'ok'}
13-10-2024 20:16:17 - INFO - Setting Chmaber Zones to a= 0.032549999999999996, b= 0.0372, c= 0.04185, d= 0.04650000000000001 Request successfully executed.
13-10-2024 20:16:18 - INFO - Sending request to Setting Chmaber Zones to a= 0.032619999999999996, b= 0.03728, c= 0.04194, d= 0.046599999999999996 with timeout of 5s...
13-10-2024 20:16:18 - INFO - Setting Chmaber Zones to a= 0.032619999999999996, b= 0.03728, c= 0.04194, d= 0.046599999999999996 request successfully sent.
13-10-2024 20:16:18 - INFO - Response from moonraker: {'result': 'ok'}
13-10-2024 20:16:18 - INFO - Setting Chmaber Zones to a= 0.032619999999999996, b= 0.03728, c= 0.04194, d= 0.046599999999999996 Request successfully executed.
13-10-2024 20:16:19 - INFO - Sending request to Setting Chmaber Zones to a= 0.032549999999999996, b= 0.0372, c= 0.04185, d= 0.04650000000000001 with timeout of 5s...
13-10-2024 20:16:19 - INFO - Setting Chmaber Zones to a= 0.032549999999999996, b= 0.0372, c= 0.04185, d= 0.04650000000000001 request successfully sent.
13-10-2024 20:16:19 - INFO - Response from moonraker: {'result': 'ok'}
13-10-2024 20:16:19 - INFO - Setting Chmaber Zones to a= 0.032549999999999996, b= 0.0372, c= 0.04185, d= 0.04650000000000001 Request successfully executed.
13-10-2024 20:16:20 - INFO - Sending request to Setting Chmaber Zones to a= 0.0637, b= 0.07279999999999999, c= 0.0819, d= 0.091 with timeout of 5s...
13-10-2024 20:16:20 - INFO - Setting Chmaber Zones to a= 0.0637, b= 0.07279999999999999, c= 0.0819, d= 0.091 request successfully sent.
13-10-2024 20:16:20 - INFO - Response from moonraker: {'result': 'ok'}
13-10-2024 20:16:20 - INFO - Setting Chmaber Zones to a= 0.0637, b= 0.07279999999999999, c= 0.0819, d= 0.091 Request successfully executed.
13-10-2024 20:16:21 - INFO - Sending request to Setting Chmaber Zones to a= 0.06313999999999999, b= 0.07215999999999999, c= 0.08117999999999999, d= 0.0902 with timeout of 5s...
13-10-2024 20:16:21 - INFO - Setting Chmaber Zones to a= 0.06313999999999999, b= 0.07215999999999999, c= 0.08117999999999999, d= 0.0902 request successfully sent.
13-10-2024 20:16:21 - INFO - Response from moonraker: {'result': 'ok'}
13-10-2024 20:16:21 - INFO - Setting Chmaber Zones to a= 0.06313999999999999, b= 0.07215999999999999, c= 0.08117999999999999, d= 0.0902 Request successfully executed.
13-10-2024 20:16:22 - INFO - Sending request to Setting Chmaber Zones to a= 0.06202, b= 0.07088, c= 0.07974, d= 0.0886 with timeout of 5s...
13-10-2024 20:16:22 - INFO - Setting Chmaber Zones to a= 0.06202, b= 0.07088, c= 0.07974, d= 0.0886 request successfully sent.
13-10-2024 20:16:22 - INFO - Response from moonraker: {'result': 'ok'}
13-10-2024 20:16:22 - INFO - Setting Chmaber Zones to a= 0.06202, b= 0.07088, c= 0.07974, d= 0.0886 Request successfully executed.
13-10-2024 20:16:23 - INFO - Sending request to Setting Chmaber Zones to a= 0.060760000000000015, b= 0.06944, c= 0.07812000000000001, d= 0.08680000000000002 with timeout of 5s...
13-10-2024 20:16:23 - INFO - Setting Chmaber Zones to a= 0.060760000000000015, b= 0.06944, c= 0.07812000000000001, d= 0.08680000000000002 request successfully sent.
13-10-2024 20:16:23 - INFO - Response from moonraker: {'result': 'ok'}
13-10-2024 20:16:23 - INFO - Setting Chmaber Zones to a= 0.060760000000000015, b= 0.06944, c= 0.07812000000000001, d= 0.08680000000000002 Request successfully executed.
13-10-2024 20:16:24 - INFO - Sending request to Setting Chmaber Zones to a= 0.059639999999999985, b= 0.06815999999999998, c= 0.07667999999999998, d= 0.08519999999999998 with timeout of 5s...
13-10-2024 20:16:24 - INFO - Setting Chmaber Zones to a= 0.059639999999999985, b= 0.06815999999999998, c= 0.07667999999999998, d= 0.08519999999999998 request successfully sent.
13-10-2024 20:16:24 - INFO - Response from moonraker: {'result': 'ok'}
13-10-2024 20:16:24 - INFO - Setting Chmaber Zones to a= 0.059639999999999985, b= 0.06815999999999998, c= 0.07667999999999998, d= 0.08519999999999998 Request successfully executed.
13-10-2024 20:16:25 - INFO - Sending request to Setting Chmaber Zones to a= 0.059219999999999995, b= 0.06768, c= 0.07614, d= 0.0846 with timeout of 5s...
13-10-2024 20:16:25 - INFO - Setting Chmaber Zones to a= 0.059219999999999995, b= 0.06768, c= 0.07614, d= 0.0846 request successfully sent.
13-10-2024 20:16:25 - INFO - Response from moonraker: {'result': 'ok'}
13-10-2024 20:16:25 - INFO - Setting Chmaber Zones to a= 0.059219999999999995, b= 0.06768, c= 0.07614, d= 0.0846 Request successfully executed.
13-10-2024 20:16:26 - INFO - Sending request to Setting Chmaber Zones to a= 0.059219999999999995, b= 0.06768, c= 0.07614, d= 0.0846 with timeout of 5s...
13-10-2024 20:16:26 - INFO - Setting Chmaber Zones to a= 0.059219999999999995, b= 0.06768, c= 0.07614, d= 0.0846 request successfully sent.
13-10-2024 20:16:26 - INFO - Response from moonraker: {'result': 'ok'}
13-10-2024 20:16:26 - INFO - Setting Chmaber Zones to a= 0.059219999999999995, b= 0.06768, c= 0.07614, d= 0.0846 Request successfully executed.
13-10-2024 20:16:27 - INFO - Sending request to Setting Chmaber Zones to a= 0.05824, b= 0.06656, c= 0.07488, d= 0.0832 with timeout of 5s...
13-10-2024 20:16:27 - INFO - Setting Chmaber Zones to a= 0.05824, b= 0.06656, c= 0.07488, d= 0.0832 request successfully sent.
13-10-2024 20:16:27 - INFO - Response from moonraker: {'result': 'ok'}
13-10-2024 20:16:27 - INFO - Setting Chmaber Zones to a= 0.05824, b= 0.06656, c= 0.07488, d= 0.0832 Request successfully executed.
13-10-2024 20:16:28 - INFO - Sending request to Setting Chmaber Zones to a= 0.057539999999999994, b= 0.06576, c= 0.07397999999999999, d= 0.0822 with timeout of 5s...
13-10-2024 20:16:28 - INFO - Setting Chmaber Zones to a= 0.057539999999999994, b= 0.06576, c= 0.07397999999999999, d= 0.0822 request successfully sent.
13-10-2024 20:16:28 - INFO - Response from moonraker: {'result': 'ok'}
13-10-2024 20:16:28 - INFO - Setting Chmaber Zones to a= 0.057539999999999994, b= 0.06576, c= 0.07397999999999999, d= 0.0822 Request successfully executed.
13-10-2024 20:16:29 - INFO - Sending request to Setting Chmaber Zones to a= 0.05712, b= 0.06527999999999999, c= 0.07343999999999999, d= 0.08159999999999998 with timeout of 5s...
13-10-2024 20:16:29 - INFO - Setting Chmaber Zones to a= 0.05712, b= 0.06527999999999999, c= 0.07343999999999999, d= 0.08159999999999998 request successfully sent.
13-10-2024 20:16:29 - INFO - Response from moonraker: {'result': 'ok'}
13-10-2024 20:16:29 - INFO - Setting Chmaber Zones to a= 0.05712, b= 0.06527999999999999, c= 0.07343999999999999, d= 0.08159999999999998 Request successfully executed.
13-10-2024 20:16:30 - INFO - Sending request to Setting Chmaber Zones to a= 0.05698000000000001, b= 0.06512000000000001, c= 0.07326000000000002, d= 0.0814 with timeout of 5s...
13-10-2024 20:16:30 - INFO - Setting Chmaber Zones to a= 0.05698000000000001, b= 0.06512000000000001, c= 0.07326000000000002, d= 0.0814 request successfully sent.
13-10-2024 20:16:30 - INFO - Response from moonraker: {'result': 'ok'}
13-10-2024 20:16:30 - INFO - Setting Chmaber Zones to a= 0.05698000000000001, b= 0.06512000000000001, c= 0.07326000000000002, d= 0.0814 Request successfully executed.
13-10-2024 20:16:31 - INFO - Sending request to Setting Chmaber Zones to a= 0.05600000000000001, b= 0.064, c= 0.07200000000000001, d= 0.08 with timeout of 5s...
13-10-2024 20:16:31 - INFO - Setting Chmaber Zones to a= 0.05600000000000001, b= 0.064, c= 0.07200000000000001, d= 0.08 request successfully sent.
13-10-2024 20:16:31 - INFO - Response from moonraker: {'result': 'ok'}
13-10-2024 20:16:31 - INFO - Setting Chmaber Zones to a= 0.05600000000000001, b= 0.064, c= 0.07200000000000001, d= 0.08 Request successfully executed.
13-10-2024 20:16:32 - INFO - Sending request to Setting Chmaber Zones to a= 0.055439999999999996, b= 0.06336, c= 0.07128, d= 0.07919999999999999 with timeout of 5s...
13-10-2024 20:16:32 - INFO - Setting Chmaber Zones to a= 0.055439999999999996, b= 0.06336, c= 0.07128, d= 0.07919999999999999 request successfully sent.
13-10-2024 20:16:32 - INFO - Response from moonraker: {'result': 'ok'}
13-10-2024 20:16:32 - INFO - Setting Chmaber Zones to a= 0.055439999999999996, b= 0.06336, c= 0.07128, d= 0.07919999999999999 Request successfully executed.
13-10-2024 20:16:33 - INFO - Sending request to Setting Chmaber Zones to a= 0.055439999999999996, b= 0.06336, c= 0.07128, d= 0.07919999999999999 with timeout of 5s...
13-10-2024 20:16:33 - INFO - Setting Chmaber Zones to a= 0.055439999999999996, b= 0.06336, c= 0.07128, d= 0.07919999999999999 request successfully sent.
13-10-2024 20:16:33 - INFO - Response from moonraker: {'result': 'ok'}
13-10-2024 20:16:33 - INFO - Setting Chmaber Zones to a= 0.055439999999999996, b= 0.06336, c= 0.07128, d= 0.07919999999999999 Request successfully executed.
13-10-2024 20:16:34 - INFO - Sending request to Setting Chmaber Zones to a= 0.056139999999999995, b= 0.06416, c= 0.07218, d= 0.0802 with timeout of 5s...
13-10-2024 20:16:34 - INFO - Setting Chmaber Zones to a= 0.056139999999999995, b= 0.06416, c= 0.07218, d= 0.0802 request successfully sent.
13-10-2024 20:16:34 - INFO - Response from moonraker: {'result': 'ok'}
13-10-2024 20:16:34 - INFO - Setting Chmaber Zones to a= 0.056139999999999995, b= 0.06416, c= 0.07218, d= 0.0802 Request successfully executed.
13-10-2024 20:16:35 - INFO - Sending request to Setting Chmaber Zones to a= 0.11284, b= 0.12896, c= 0.14508, d= 0.16119999999999998 with timeout of 5s...
13-10-2024 20:16:35 - INFO - Setting Chmaber Zones to a= 0.11284, b= 0.12896, c= 0.14508, d= 0.16119999999999998 request successfully sent.
13-10-2024 20:16:35 - INFO - Response from moonraker: {'result': 'ok'}
13-10-2024 20:16:35 - INFO - Setting Chmaber Zones to a= 0.11284, b= 0.12896, c= 0.14508, d= 0.16119999999999998 Request successfully executed.
13-10-2024 20:16:36 - INFO - Sending request to Setting Chmaber Zones to a= 0.11312000000000001, b= 0.12928, c= 0.14544, d= 0.16160000000000005 with timeout of 5s...
13-10-2024 20:16:36 - INFO - Setting Chmaber Zones to a= 0.11312000000000001, b= 0.12928, c= 0.14544, d= 0.16160000000000005 request successfully sent.
13-10-2024 20:16:36 - INFO - Response from moonraker: {'result': 'ok'}
13-10-2024 20:16:36 - INFO - Setting Chmaber Zones to a= 0.11312000000000001, b= 0.12928, c= 0.14544, d= 0.16160000000000005 Request successfully executed.
13-10-2024 20:16:37 - INFO - Sending request to Setting Chmaber Zones to a= 0.11087999999999999, b= 0.12672, c= 0.14256, d= 0.15839999999999999 with timeout of 5s...
13-10-2024 20:16:37 - INFO - Setting Chmaber Zones to a= 0.11087999999999999, b= 0.12672, c= 0.14256, d= 0.15839999999999999 request successfully sent.
13-10-2024 20:16:37 - INFO - Response from moonraker: {'result': 'ok'}
13-10-2024 20:16:37 - INFO - Setting Chmaber Zones to a= 0.11087999999999999, b= 0.12672, c= 0.14256, d= 0.15839999999999999 Request successfully executed.
13-10-2024 20:16:38 - INFO - Sending request to Setting Chmaber Zones to a= 0.10387999999999999, b= 0.11871999999999998, c= 0.13355999999999998, d= 0.14839999999999998 with timeout of 5s...
13-10-2024 20:16:38 - INFO - Setting Chmaber Zones to a= 0.10387999999999999, b= 0.11871999999999998, c= 0.13355999999999998, d= 0.14839999999999998 request successfully sent.
13-10-2024 20:16:38 - INFO - Response from moonraker: {'result': 'ok'}
13-10-2024 20:16:38 - INFO - Setting Chmaber Zones to a= 0.10387999999999999, b= 0.11871999999999998, c= 0.13355999999999998, d= 0.14839999999999998 Request successfully executed.
13-10-2024 20:16:39 - INFO - Sending request to Setting Chmaber Zones to a= 0.10107999999999999, b= 0.11551999999999998, c= 0.12995999999999996, d= 0.14439999999999997 with timeout of 5s...
13-10-2024 20:16:39 - INFO - Setting Chmaber Zones to a= 0.10107999999999999, b= 0.11551999999999998, c= 0.12995999999999996, d= 0.14439999999999997 request successfully sent.
13-10-2024 20:16:39 - INFO - Response from moonraker: {'result': 'ok'}
13-10-2024 20:16:39 - INFO - Setting Chmaber Zones to a= 0.10107999999999999, b= 0.11551999999999998, c= 0.12995999999999996, d= 0.14439999999999997 Request successfully executed.
13-10-2024 20:16:40 - INFO - Sending request to Setting Chmaber Zones to a= 0.09716000000000001, b= 0.11104000000000001, c= 0.12492, d= 0.1388 with timeout of 5s...
13-10-2024 20:16:40 - INFO - Setting Chmaber Zones to a= 0.09716000000000001, b= 0.11104000000000001, c= 0.12492, d= 0.1388 request successfully sent.
13-10-2024 20:16:40 - INFO - Response from moonraker: {'result': 'ok'}
13-10-2024 20:16:40 - INFO - Setting Chmaber Zones to a= 0.09716000000000001, b= 0.11104000000000001, c= 0.12492, d= 0.1388 Request successfully executed.
13-10-2024 20:16:41 - INFO - Sending request to Setting Chmaber Zones to a= 0.09603999999999999, b= 0.10976, c= 0.12347999999999999, d= 0.1372 with timeout of 5s...
13-10-2024 20:16:41 - INFO - Setting Chmaber Zones to a= 0.09603999999999999, b= 0.10976, c= 0.12347999999999999, d= 0.1372 request successfully sent.
13-10-2024 20:16:41 - INFO - Response from moonraker: {'result': 'ok'}
13-10-2024 20:16:41 - INFO - Setting Chmaber Zones to a= 0.09603999999999999, b= 0.10976, c= 0.12347999999999999, d= 0.1372 Request successfully executed.
13-10-2024 20:16:42 - INFO - Sending request to Setting Chmaber Zones to a= 0.09492000000000003, b= 0.10848000000000002, c= 0.12204000000000002, d= 0.13560000000000003 with timeout of 5s...
13-10-2024 20:16:42 - INFO - Setting Chmaber Zones to a= 0.09492000000000003, b= 0.10848000000000002, c= 0.12204000000000002, d= 0.13560000000000003 request successfully sent.
13-10-2024 20:16:42 - INFO - Response from moonraker: {'result': 'ok'}
13-10-2024 20:16:42 - INFO - Setting Chmaber Zones to a= 0.09492000000000003, b= 0.10848000000000002, c= 0.12204000000000002, d= 0.13560000000000003 Request successfully executed.
13-10-2024 20:16:43 - INFO - Sending request to Setting Chmaber Zones to a= 0.0952, b= 0.10880000000000001, c= 0.12240000000000001, d= 0.136 with timeout of 5s...
13-10-2024 20:16:43 - INFO - Setting Chmaber Zones to a= 0.0952, b= 0.10880000000000001, c= 0.12240000000000001, d= 0.136 request successfully sent.
13-10-2024 20:16:43 - INFO - Response from moonraker: {'result': 'ok'}
13-10-2024 20:16:43 - INFO - Setting Chmaber Zones to a= 0.0952, b= 0.10880000000000001, c= 0.12240000000000001, d= 0.136 Request successfully executed.
13-10-2024 20:16:44 - INFO - Sending request to Setting Chmaber Zones to a= 0.09380000000000001, b= 0.1072, c= 0.1206, d= 0.134 with timeout of 5s...
13-10-2024 20:16:44 - INFO - Setting Chmaber Zones to a= 0.09380000000000001, b= 0.1072, c= 0.1206, d= 0.134 request successfully sent.
13-10-2024 20:16:44 - INFO - Response from moonraker: {'result': 'ok'}
13-10-2024 20:16:44 - INFO - Setting Chmaber Zones to a= 0.09380000000000001, b= 0.1072, c= 0.1206, d= 0.134 Request successfully executed.
13-10-2024 20:16:45 - INFO - Sending request to Setting Chmaber Zones to a= 0.09267999999999998, b= 0.10591999999999999, c= 0.11915999999999999, d= 0.1324 with timeout of 5s...
13-10-2024 20:16:45 - INFO - Setting Chmaber Zones to a= 0.09267999999999998, b= 0.10591999999999999, c= 0.11915999999999999, d= 0.1324 request successfully sent.
13-10-2024 20:16:45 - INFO - Response from moonraker: {'result': 'ok'}
13-10-2024 20:16:45 - INFO - Setting Chmaber Zones to a= 0.09267999999999998, b= 0.10591999999999999, c= 0.11915999999999999, d= 0.1324 Request successfully executed.
13-10-2024 20:16:46 - INFO - Sending request to Setting Chmaber Zones to a= 0.0, b= 0.0, c= 0.0, d= 0.0 with timeout of 5s...
13-10-2024 20:16:46 - INFO - Setting Chmaber Zones to a= 0.0, b= 0.0, c= 0.0, d= 0.0 request successfully sent.
13-10-2024 20:16:46 - INFO - Response from moonraker: {'result': 'ok'}
13-10-2024 20:16:46 - INFO - Setting Chmaber Zones to a= 0.0, b= 0.0, c= 0.0, d= 0.0 Request successfully executed.
13-10-2024 20:16:47 - INFO - Sending request to Setting Chmaber Zones to a= 0.193375, b= 0.221, c= 0.248625, d= 0.27625 with timeout of 5s...
13-10-2024 20:16:47 - INFO - Setting Chmaber Zones to a= 0.193375, b= 0.221, c= 0.248625, d= 0.27625 request successfully sent.
13-10-2024 20:16:47 - INFO - Response from moonraker: {'result': 'ok'}
13-10-2024 20:16:47 - INFO - Setting Chmaber Zones to a= 0.193375, b= 0.221, c= 0.248625, d= 0.27625 Request successfully executed.
13-10-2024 20:16:48 - INFO - Sending request to Setting Chmaber Zones to a= 0.19992, b= 0.22848, c= 0.25704, d= 0.28559999999999997 with timeout of 5s...
13-10-2024 20:16:48 - INFO - Setting Chmaber Zones to a= 0.19992, b= 0.22848, c= 0.25704, d= 0.28559999999999997 request successfully sent.
13-10-2024 20:16:48 - INFO - Response from moonraker: {'result': 'ok'}
13-10-2024 20:16:48 - INFO - Setting Chmaber Zones to a= 0.19992, b= 0.22848, c= 0.25704, d= 0.28559999999999997 Request successfully executed.
13-10-2024 20:16:49 - INFO - Sending request to Setting Chmaber Zones to a= 0.19159000000000004, b= 0.21896000000000004, c= 0.24633000000000005, d= 0.27370000000000005 with timeout of 5s...
13-10-2024 20:16:49 - INFO - Setting Chmaber Zones to a= 0.19159000000000004, b= 0.21896000000000004, c= 0.24633000000000005, d= 0.27370000000000005 request successfully sent.
13-10-2024 20:16:49 - INFO - Response from moonraker: {'result': 'ok'}
13-10-2024 20:16:49 - INFO - Setting Chmaber Zones to a= 0.19159000000000004, b= 0.21896000000000004, c= 0.24633000000000005, d= 0.27370000000000005 Request successfully executed.
13-10-2024 20:16:50 - INFO - Sending request to Setting Chmaber Zones to a= 0.17493000000000006, b= 0.19992000000000004, c= 0.22491000000000005, d= 0.24990000000000007 with timeout of 5s...
13-10-2024 20:16:50 - INFO - Setting Chmaber Zones to a= 0.17493000000000006, b= 0.19992000000000004, c= 0.22491000000000005, d= 0.24990000000000007 request successfully sent.
13-10-2024 20:16:50 - INFO - Response from moonraker: {'result': 'ok'}
13-10-2024 20:16:50 - INFO - Setting Chmaber Zones to a= 0.17493000000000006, b= 0.19992000000000004, c= 0.22491000000000005, d= 0.24990000000000007 Request successfully executed.
13-10-2024 20:16:51 - INFO - Sending request to Setting Chmaber Zones to a= 0.16065000000000002, b= 0.18359999999999999, c= 0.20655, d= 0.22949999999999998 with timeout of 5s...
13-10-2024 20:16:51 - INFO - Setting Chmaber Zones to a= 0.16065000000000002, b= 0.18359999999999999, c= 0.20655, d= 0.22949999999999998 request successfully sent.
13-10-2024 20:16:51 - INFO - Response from moonraker: {'result': 'ok'}
13-10-2024 20:16:51 - INFO - Setting Chmaber Zones to a= 0.16065000000000002, b= 0.18359999999999999, c= 0.20655, d= 0.22949999999999998 Request successfully executed.
13-10-2024 20:16:52 - INFO - Sending request to Setting Chmaber Zones to a= 0.15410500000000005, b= 0.17612000000000005, c= 0.19813500000000006, d= 0.22015000000000007 with timeout of 5s...
13-10-2024 20:16:52 - INFO - Setting Chmaber Zones to a= 0.15410500000000005, b= 0.17612000000000005, c= 0.19813500000000006, d= 0.22015000000000007 request successfully sent.
13-10-2024 20:16:52 - INFO - Response from moonraker: {'result': 'ok'}
13-10-2024 20:16:52 - INFO - Setting Chmaber Zones to a= 0.15410500000000005, b= 0.17612000000000005, c= 0.19813500000000006, d= 0.22015000000000007 Request successfully executed.
13-10-2024 20:16:53 - INFO - Sending request to Setting Chmaber Zones to a= 0.150535, b= 0.17204, c= 0.19354499999999997, d= 0.21505 with timeout of 5s...
13-10-2024 20:16:53 - INFO - Setting Chmaber Zones to a= 0.150535, b= 0.17204, c= 0.19354499999999997, d= 0.21505 request successfully sent.
13-10-2024 20:16:53 - INFO - Response from moonraker: {'result': 'ok'}
13-10-2024 20:16:53 - INFO - Setting Chmaber Zones to a= 0.150535, b= 0.17204, c= 0.19354499999999997, d= 0.21505 Request successfully executed.
13-10-2024 20:16:54 - INFO - Sending request to Setting Chmaber Zones to a= 0.150535, b= 0.17204, c= 0.19354499999999997, d= 0.21505 with timeout of 5s...
13-10-2024 20:16:54 - INFO - Setting Chmaber Zones to a= 0.150535, b= 0.17204, c= 0.19354499999999997, d= 0.21505 request successfully sent.
13-10-2024 20:16:54 - INFO - Response from moonraker: {'result': 'ok'}
13-10-2024 20:16:54 - INFO - Setting Chmaber Zones to a= 0.150535, b= 0.17204, c= 0.19354499999999997, d= 0.21505 Request successfully executed.
13-10-2024 20:16:55 - INFO - Sending request to Setting Chmaber Zones to a= 0.15231999999999998, b= 0.17407999999999998, c= 0.19583999999999996, d= 0.21759999999999993 with timeout of 5s...
13-10-2024 20:16:55 - INFO - Setting Chmaber Zones to a= 0.15231999999999998, b= 0.17407999999999998, c= 0.19583999999999996, d= 0.21759999999999993 request successfully sent.
13-10-2024 20:16:55 - INFO - Response from moonraker: {'result': 'ok'}
13-10-2024 20:16:55 - INFO - Setting Chmaber Zones to a= 0.15231999999999998, b= 0.17407999999999998, c= 0.19583999999999996, d= 0.21759999999999993 Request successfully executed.
13-10-2024 20:16:56 - INFO - Sending request to Setting Chmaber Zones to a= 0.15410500000000005, b= 0.17612000000000005, c= 0.19813500000000006, d= 0.22015000000000007 with timeout of 5s...
13-10-2024 20:16:56 - INFO - Setting Chmaber Zones to a= 0.15410500000000005, b= 0.17612000000000005, c= 0.19813500000000006, d= 0.22015000000000007 request successfully sent.
13-10-2024 20:16:56 - INFO - Response from moonraker: {'result': 'ok'}
13-10-2024 20:16:56 - INFO - Setting Chmaber Zones to a= 0.15410500000000005, b= 0.17612000000000005, c= 0.19813500000000006, d= 0.22015000000000007 Request successfully executed.
13-10-2024 20:16:57 - INFO - Sending request to Setting Chmaber Zones to a= 0.15410500000000005, b= 0.17612000000000005, c= 0.19813500000000006, d= 0.22015000000000007 with timeout of 5s...
13-10-2024 20:16:57 - INFO - Setting Chmaber Zones to a= 0.15410500000000005, b= 0.17612000000000005, c= 0.19813500000000006, d= 0.22015000000000007 request successfully sent.
13-10-2024 20:16:57 - INFO - Response from moonraker: {'result': 'ok'}
13-10-2024 20:16:57 - INFO - Setting Chmaber Zones to a= 0.15410500000000005, b= 0.17612000000000005, c= 0.19813500000000006, d= 0.22015000000000007 Request successfully executed.
13-10-2024 20:16:58 - INFO - Sending request to Setting Chmaber Zones to a= 0.15350999999999998, b= 0.17544, c= 0.19737, d= 0.2193 with timeout of 5s...
13-10-2024 20:16:58 - INFO - Setting Chmaber Zones to a= 0.15350999999999998, b= 0.17544, c= 0.19737, d= 0.2193 request successfully sent.
13-10-2024 20:16:58 - INFO - Response from moonraker: {'result': 'ok'}
13-10-2024 20:16:58 - INFO - Setting Chmaber Zones to a= 0.15350999999999998, b= 0.17544, c= 0.19737, d= 0.2193 Request successfully executed.
13-10-2024 20:16:59 - INFO - Sending request to Setting Chmaber Zones to a= 0.15113000000000004, b= 0.17272000000000007, c= 0.19431000000000004, d= 0.21590000000000006 with timeout of 5s...
13-10-2024 20:16:59 - INFO - Setting Chmaber Zones to a= 0.15113000000000004, b= 0.17272000000000007, c= 0.19431000000000004, d= 0.21590000000000006 request successfully sent.
13-10-2024 20:16:59 - INFO - Response from moonraker: {'result': 'ok'}
13-10-2024 20:16:59 - INFO - Setting Chmaber Zones to a= 0.15113000000000004, b= 0.17272000000000007, c= 0.19431000000000004, d= 0.21590000000000006 Request successfully executed.
13-10-2024 20:17:00 - INFO - Sending request to Setting Chmaber Zones to a= 0.14399000000000003, b= 0.16456000000000004, c= 0.18513000000000004, d= 0.20570000000000005 with timeout of 5s...
13-10-2024 20:17:00 - INFO - Setting Chmaber Zones to a= 0.14399000000000003, b= 0.16456000000000004, c= 0.18513000000000004, d= 0.20570000000000005 request successfully sent.
13-10-2024 20:17:00 - INFO - Response from moonraker: {'result': 'ok'}
13-10-2024 20:17:00 - INFO - Setting Chmaber Zones to a= 0.14399000000000003, b= 0.16456000000000004, c= 0.18513000000000004, d= 0.20570000000000005 Request successfully executed.
13-10-2024 20:17:01 - INFO - Sending request to Setting Chmaber Zones to a= 0.14042, b= 0.16047999999999998, c= 0.18053999999999998, d= 0.2006 with timeout of 5s...
13-10-2024 20:17:01 - INFO - Setting Chmaber Zones to a= 0.14042, b= 0.16047999999999998, c= 0.18053999999999998, d= 0.2006 request successfully sent.
13-10-2024 20:17:01 - INFO - Response from moonraker: {'result': 'ok'}
13-10-2024 20:17:01 - INFO - Setting Chmaber Zones to a= 0.14042, b= 0.16047999999999998, c= 0.18053999999999998, d= 0.2006 Request successfully executed.
13-10-2024 20:17:02 - INFO - Sending request to Setting Chmaber Zones to a= 0.139825, b= 0.1598, c= 0.17977500000000002, d= 0.19975 with timeout of 5s...
13-10-2024 20:17:02 - INFO - Setting Chmaber Zones to a= 0.139825, b= 0.1598, c= 0.17977500000000002, d= 0.19975 request successfully sent.
13-10-2024 20:17:02 - INFO - Response from moonraker: {'result': 'ok'}
13-10-2024 20:17:02 - INFO - Setting Chmaber Zones to a= 0.139825, b= 0.1598, c= 0.17977500000000002, d= 0.19975 Request successfully executed.
13-10-2024 20:17:03 - INFO - Sending request to Setting Chmaber Zones to a= 0.7, b= 0.8, c= 0.9, d= 1.0 with timeout of 5s...
13-10-2024 20:17:03 - INFO - Setting Chmaber Zones to a= 0.7, b= 0.8, c= 0.9, d= 1.0 request successfully sent.
13-10-2024 20:17:03 - INFO - Response from moonraker: {'result': 'ok'}
13-10-2024 20:17:03 - INFO - Setting Chmaber Zones to a= 0.7, b= 0.8, c= 0.9, d= 1.0 Request successfully executed.
13-10-2024 20:17:04 - INFO - Sending request to Setting Chmaber Zones to a= 0.7, b= 0.8, c= 0.9, d= 1.0 with timeout of 5s...
13-10-2024 20:17:04 - INFO - Setting Chmaber Zones to a= 0.7, b= 0.8, c= 0.9, d= 1.0 request successfully sent.
13-10-2024 20:17:04 - INFO - Response from moonraker: {'result': 'ok'}
13-10-2024 20:17:04 - INFO - Setting Chmaber Zones to a= 0.7, b= 0.8, c= 0.9, d= 1.0 Request successfully executed.
13-10-2024 20:17:05 - INFO - Sending request to Setting Chmaber Zones to a= 0.7, b= 0.8, c= 0.9, d= 1.0 with timeout of 5s...
13-10-2024 20:17:05 - INFO - Setting Chmaber Zones to a= 0.7, b= 0.8, c= 0.9, d= 1.0 request successfully sent.
13-10-2024 20:17:05 - INFO - Response from moonraker: {'result': 'ok'}
13-10-2024 20:17:05 - INFO - Setting Chmaber Zones to a= 0.7, b= 0.8, c= 0.9, d= 1.0 Request successfully executed.
13-10-2024 20:17:06 - INFO - Sending request to Setting Chmaber Zones to a= 0.08925000000000001, b= 0.102, c= 0.11474999999999999, d= 0.1275 with timeout of 5s...
13-10-2024 20:17:06 - INFO - Setting Chmaber Zones to a= 0.08925000000000001, b= 0.102, c= 0.11474999999999999, d= 0.1275 request successfully sent.
13-10-2024 20:17:06 - INFO - Response from moonraker: {'result': 'ok'}
13-10-2024 20:17:06 - INFO - Setting Chmaber Zones to a= 0.08925000000000001, b= 0.102, c= 0.11474999999999999, d= 0.1275 Request successfully executed.
13-10-2024 20:17:07 - INFO - Sending request to Setting Chmaber Zones to a= 0.0, b= 0.0, c= 0.0, d= 0.0 with timeout of 5s...
13-10-2024 20:17:07 - INFO - Setting Chmaber Zones to a= 0.0, b= 0.0, c= 0.0, d= 0.0 request successfully sent.
13-10-2024 20:17:07 - INFO - Response from moonraker: {'result': 'ok'}
13-10-2024 20:17:07 - INFO - Setting Chmaber Zones to a= 0.0, b= 0.0, c= 0.0, d= 0.0 Request successfully executed.
13-10-2024 20:17:08 - INFO - Sending request to Setting Chmaber Zones to a= 0.04760000000000068, b= 0.054400000000000774, c= 0.06120000000000088, d= 0.06800000000000098 with timeout of 5s...
13-10-2024 20:17:08 - INFO - Setting Chmaber Zones to a= 0.04760000000000068, b= 0.054400000000000774, c= 0.06120000000000088, d= 0.06800000000000098 request successfully sent.
13-10-2024 20:17:08 - INFO - Response from moonraker: {'result': 'ok'}
13-10-2024 20:17:08 - INFO - Setting Chmaber Zones to a= 0.04760000000000068, b= 0.054400000000000774, c= 0.06120000000000088, d= 0.06800000000000098 Request successfully executed.
13-10-2024 20:17:09 - INFO - Sending request to Setting Chmaber Zones to a= 0.7, b= 0.8, c= 0.9, d= 1.0 with timeout of 5s...
13-10-2024 20:17:09 - INFO - Setting Chmaber Zones to a= 0.7, b= 0.8, c= 0.9, d= 1.0 request successfully sent.
13-10-2024 20:17:09 - INFO - Response from moonraker: {'result': 'ok'}
13-10-2024 20:17:09 - INFO - Setting Chmaber Zones to a= 0.7, b= 0.8, c= 0.9, d= 1.0 Request successfully executed.
13-10-2024 20:17:10 - INFO - Sending request to Setting Chmaber Zones to a= 0.7, b= 0.8, c= 0.9, d= 1.0 with timeout of 5s...
13-10-2024 20:17:10 - INFO - Setting Chmaber Zones to a= 0.7, b= 0.8, c= 0.9, d= 1.0 request successfully sent.
13-10-2024 20:17:10 - INFO - Response from moonraker: {'result': 'ok'}
13-10-2024 20:17:10 - INFO - Setting Chmaber Zones to a= 0.7, b= 0.8, c= 0.9, d= 1.0 Request successfully executed.
13-10-2024 20:17:11 - INFO - Sending request to Setting Chmaber Zones to a= 0.6663999999999993, b= 0.7615999999999993, c= 0.8567999999999992, d= 0.9519999999999991 with timeout of 5s...
13-10-2024 20:17:11 - INFO - Setting Chmaber Zones to a= 0.6663999999999993, b= 0.7615999999999993, c= 0.8567999999999992, d= 0.9519999999999991 request successfully sent.
13-10-2024 20:17:11 - INFO - Response from moonraker: {'result': 'ok'}
13-10-2024 20:17:11 - INFO - Setting Chmaber Zones to a= 0.6663999999999993, b= 0.7615999999999993, c= 0.8567999999999992, d= 0.9519999999999991 Request successfully executed.
13-10-2024 20:17:12 - INFO - Sending request to Setting Chmaber Zones to a= 0.11305000000000036, b= 0.1292000000000004, c= 0.14535000000000045, d= 0.16150000000000053 with timeout of 5s...
13-10-2024 20:17:12 - INFO - Setting Chmaber Zones to a= 0.11305000000000036, b= 0.1292000000000004, c= 0.14535000000000045, d= 0.16150000000000053 request successfully sent.
13-10-2024 20:17:12 - INFO - Response from moonraker: {'result': 'ok'}
13-10-2024 20:17:12 - INFO - Setting Chmaber Zones to a= 0.11305000000000036, b= 0.1292000000000004, c= 0.14535000000000045, d= 0.16150000000000053 Request successfully executed.
13-10-2024 20:17:13 - INFO - Sending request to Setting Chmaber Zones to a= 0.0, b= 0.0, c= 0.0, d= 0.0 with timeout of 5s...
13-10-2024 20:17:13 - INFO - Setting Chmaber Zones to a= 0.0, b= 0.0, c= 0.0, d= 0.0 request successfully sent.
13-10-2024 20:17:13 - INFO - Response from moonraker: {'result': 'ok'}
13-10-2024 20:17:13 - INFO - Setting Chmaber Zones to a= 0.0, b= 0.0, c= 0.0, d= 0.0 Request successfully executed.
13-10-2024 20:17:14 - INFO - Sending request to Setting Chmaber Zones to a= 0.0, b= 0.0, c= 0.0, d= 0.0 with timeout of 5s...
13-10-2024 20:17:14 - INFO - Setting Chmaber Zones to a= 0.0, b= 0.0, c= 0.0, d= 0.0 request successfully sent.
13-10-2024 20:17:14 - INFO - Response from moonraker: {'result': 'ok'}
13-10-2024 20:17:14 - INFO - Setting Chmaber Zones to a= 0.0, b= 0.0, c= 0.0, d= 0.0 Request successfully executed.
13-10-2024 20:17:15 - INFO - Sending request to Setting Chmaber Zones to a= 0.7, b= 0.8, c= 0.9, d= 1.0 with timeout of 5s...
13-10-2024 20:17:15 - INFO - Setting Chmaber Zones to a= 0.7, b= 0.8, c= 0.9, d= 1.0 request successfully sent.
13-10-2024 20:17:15 - INFO - Response from moonraker: {'result': 'ok'}
13-10-2024 20:17:15 - INFO - Setting Chmaber Zones to a= 0.7, b= 0.8, c= 0.9, d= 1.0 Request successfully executed.
13-10-2024 20:17:16 - INFO - Sending request to Setting Chmaber Zones to a= 0.7, b= 0.8, c= 0.9, d= 1.0 with timeout of 5s...
13-10-2024 20:17:16 - INFO - Setting Chmaber Zones to a= 0.7, b= 0.8, c= 0.9, d= 1.0 request successfully sent.
13-10-2024 20:17:16 - INFO - Response from moonraker: {'result': 'ok'}
13-10-2024 20:17:16 - INFO - Setting Chmaber Zones to a= 0.7, b= 0.8, c= 0.9, d= 1.0 Request successfully executed.
13-10-2024 20:17:17 - INFO - Sending request to Setting Chmaber Zones to a= 0.7, b= 0.8, c= 0.9, d= 1.0 with timeout of 5s...
13-10-2024 20:17:17 - INFO - Setting Chmaber Zones to a= 0.7, b= 0.8, c= 0.9, d= 1.0 request successfully sent.
13-10-2024 20:17:17 - INFO - Response from moonraker: {'result': 'ok'}
13-10-2024 20:17:17 - INFO - Setting Chmaber Zones to a= 0.7, b= 0.8, c= 0.9, d= 1.0 Request successfully executed.
13-10-2024 20:17:18 - INFO - Sending request to Setting Chmaber Zones to a= 0.0, b= 0.0, c= 0.0, d= 0.0 with timeout of 5s...
13-10-2024 20:17:18 - INFO - Setting Chmaber Zones to a= 0.0, b= 0.0, c= 0.0, d= 0.0 request successfully sent.
13-10-2024 20:17:18 - INFO - Response from moonraker: {'result': 'ok'}
13-10-2024 20:17:18 - INFO - Setting Chmaber Zones to a= 0.0, b= 0.0, c= 0.0, d= 0.0 Request successfully executed.
13-10-2024 20:17:19 - INFO - Sending request to Setting Chmaber Zones to a= 0.0, b= 0.0, c= 0.0, d= 0.0 with timeout of 5s...
13-10-2024 20:17:19 - INFO - Setting Chmaber Zones to a= 0.0, b= 0.0, c= 0.0, d= 0.0 request successfully sent.
13-10-2024 20:17:19 - INFO - Response from moonraker: {'result': 'ok'}
13-10-2024 20:17:19 - INFO - Setting Chmaber Zones to a= 0.0, b= 0.0, c= 0.0, d= 0.0 Request successfully executed.
13-10-2024 20:17:20 - INFO - Sending request to Setting Chmaber Zones to a= 0.0, b= 0.0, c= 0.0, d= 0.0 with timeout of 5s...
13-10-2024 20:17:20 - INFO - Setting Chmaber Zones to a= 0.0, b= 0.0, c= 0.0, d= 0.0 request successfully sent.
13-10-2024 20:17:20 - INFO - Response from moonraker: {'result': 'ok'}
13-10-2024 20:17:20 - INFO - Setting Chmaber Zones to a= 0.0, b= 0.0, c= 0.0, d= 0.0 Request successfully executed.
13-10-2024 20:17:21 - INFO - Sending request to Setting Chmaber Zones to a= 0.30939999999999934, b= 0.3535999999999993, c= 0.39779999999999915, d= 0.44199999999999906 with timeout of 5s...
13-10-2024 20:17:21 - INFO - Setting Chmaber Zones to a= 0.30939999999999934, b= 0.3535999999999993, c= 0.39779999999999915, d= 0.44199999999999906 request successfully sent.
13-10-2024 20:17:21 - INFO - Response from moonraker: {'result': 'ok'}
13-10-2024 20:17:21 - INFO - Setting Chmaber Zones to a= 0.30939999999999934, b= 0.3535999999999993, c= 0.39779999999999915, d= 0.44199999999999906 Request successfully executed.
13-10-2024 20:17:22 - INFO - Sending request to Setting Chmaber Zones to a= 0.7, b= 0.8, c= 0.9, d= 1.0 with timeout of 5s...
13-10-2024 20:17:22 - INFO - Setting Chmaber Zones to a= 0.7, b= 0.8, c= 0.9, d= 1.0 request successfully sent.
13-10-2024 20:17:22 - INFO - Response from moonraker: {'result': 'ok'}
13-10-2024 20:17:22 - INFO - Setting Chmaber Zones to a= 0.7, b= 0.8, c= 0.9, d= 1.0 Request successfully executed.
13-10-2024 20:17:25 - INFO - Sending request to Setting Chmaber Zones to a= 0, b= 0, c= 0, d= 0 with timeout of 5s...
13-10-2024 20:17:25 - INFO - Setting Chmaber Zones to a= 0, b= 0, c= 0, d= 0 request successfully sent.
13-10-2024 20:17:25 - INFO - Response from moonraker: {'result': 'ok'}
13-10-2024 20:17:25 - INFO - Setting Chmaber Zones to a= 0, b= 0, c= 0, d= 0 Request successfully executed.
13-10-2024 20:17:54 - INFO - Sending request to Setting Chmaber Zones to a= 0, b= 0, c= 0, d= 0 with timeout of 5s...
13-10-2024 20:17:54 - INFO - Sending request to Setting Chmaber Zones to a= 0.7, b= 0.8, c= 0.9, d= 1.0 with timeout of 5s...
13-10-2024 20:17:54 - INFO - Setting Chmaber Zones to a= 0.7, b= 0.8, c= 0.9, d= 1.0 request successfully sent.
13-10-2024 20:17:54 - INFO - Response from moonraker: {'result': 'ok'}
13-10-2024 20:17:54 - INFO - Setting Chmaber Zones to a= 0.7, b= 0.8, c= 0.9, d= 1.0 Request successfully executed.
13-10-2024 20:17:54 - INFO - Setting Chmaber Zones to a= 0.7, b= 0.8, c= 0.9, d= 1.0 request successfully sent.
13-10-2024 20:17:54 - INFO - Response from moonraker: {'result': 'ok'}
13-10-2024 20:17:54 - INFO - Setting Chmaber Zones to a= 0.7, b= 0.8, c= 0.9, d= 1.0 Request successfully executed.
13-10-2024 20:17:55 - INFO - Sending request to Setting Chmaber Zones to a= 0.7, b= 0.8, c= 0.9, d= 1.0 with timeout of 5s...
13-10-2024 20:17:55 - INFO - Setting Chmaber Zones to a= 0.7, b= 0.8, c= 0.9, d= 1.0 request successfully sent.
13-10-2024 20:17:55 - INFO - Response from moonraker: {'result': 'ok'}
13-10-2024 20:17:55 - INFO - Setting Chmaber Zones to a= 0.7, b= 0.8, c= 0.9, d= 1.0 Request successfully executed.
13-10-2024 20:17:56 - INFO - Sending request to Setting Chmaber Zones to a= 0.7, b= 0.8, c= 0.9, d= 1.0 with timeout of 5s...
13-10-2024 20:17:56 - INFO - Setting Chmaber Zones to a= 0.7, b= 0.8, c= 0.9, d= 1.0 request successfully sent.
13-10-2024 20:17:56 - INFO - Response from moonraker: {'result': 'ok'}
13-10-2024 20:17:56 - INFO - Setting Chmaber Zones to a= 0.7, b= 0.8, c= 0.9, d= 1.0 Request successfully executed.
13-10-2024 20:17:57 - INFO - Sending request to Setting Chmaber Zones to a= 0.5711999999999997, b= 0.6527999999999997, c= 0.7343999999999997, d= 0.8159999999999996 with timeout of 5s...
13-10-2024 20:17:57 - INFO - Setting Chmaber Zones to a= 0.5711999999999997, b= 0.6527999999999997, c= 0.7343999999999997, d= 0.8159999999999996 request successfully sent.
13-10-2024 20:17:57 - INFO - Response from moonraker: {'result': 'ok'}
13-10-2024 20:17:57 - INFO - Setting Chmaber Zones to a= 0.5711999999999997, b= 0.6527999999999997, c= 0.7343999999999997, d= 0.8159999999999996 Request successfully executed.
13-10-2024 20:17:58 - INFO - Sending request to Setting Chmaber Zones to a= 0.0, b= 0.0, c= 0.0, d= 0.0 with timeout of 5s...
13-10-2024 20:17:58 - INFO - Setting Chmaber Zones to a= 0.0, b= 0.0, c= 0.0, d= 0.0 request successfully sent.
13-10-2024 20:17:58 - INFO - Response from moonraker: {'result': 'ok'}
13-10-2024 20:17:58 - INFO - Setting Chmaber Zones to a= 0.0, b= 0.0, c= 0.0, d= 0.0 Request successfully executed.
13-10-2024 20:17:59 - INFO - Sending request to Setting Chmaber Zones to a= 0.0, b= 0.0, c= 0.0, d= 0.0 with timeout of 5s...
13-10-2024 20:17:59 - INFO - Setting Chmaber Zones to a= 0.0, b= 0.0, c= 0.0, d= 0.0 request successfully sent.
13-10-2024 20:17:59 - INFO - Response from moonraker: {'result': 'ok'}
13-10-2024 20:17:59 - INFO - Setting Chmaber Zones to a= 0.0, b= 0.0, c= 0.0, d= 0.0 Request successfully executed.
13-10-2024 20:18:00 - INFO - Sending request to Setting Chmaber Zones to a= 0.0, b= 0.0, c= 0.0, d= 0.0 with timeout of 5s...
13-10-2024 20:18:00 - INFO - Setting Chmaber Zones to a= 0.0, b= 0.0, c= 0.0, d= 0.0 request successfully sent.
13-10-2024 20:18:00 - INFO - Response from moonraker: {'result': 'ok'}
13-10-2024 20:18:00 - INFO - Setting Chmaber Zones to a= 0.0, b= 0.0, c= 0.0, d= 0.0 Request successfully executed.
13-10-2024 20:18:01 - INFO - Sending request to Setting Chmaber Zones to a= 0.7, b= 0.8, c= 0.9, d= 1.0 with timeout of 5s...
13-10-2024 20:18:01 - INFO - Setting Chmaber Zones to a= 0.7, b= 0.8, c= 0.9, d= 1.0 request successfully sent.
13-10-2024 20:18:01 - INFO - Response from moonraker: {'result': 'ok'}
13-10-2024 20:18:01 - INFO - Setting Chmaber Zones to a= 0.7, b= 0.8, c= 0.9, d= 1.0 Request successfully executed.
13-10-2024 20:18:02 - INFO - Sending request to Setting Chmaber Zones to a= 0.7, b= 0.8, c= 0.9, d= 1.0 with timeout of 5s...
13-10-2024 20:18:02 - INFO - Setting Chmaber Zones to a= 0.7, b= 0.8, c= 0.9, d= 1.0 request successfully sent.
13-10-2024 20:18:02 - INFO - Response from moonraker: {'result': 'ok'}
13-10-2024 20:18:02 - INFO - Setting Chmaber Zones to a= 0.7, b= 0.8, c= 0.9, d= 1.0 Request successfully executed.
13-10-2024 20:18:03 - INFO - Sending request to Setting Chmaber Zones to a= 0.7, b= 0.8, c= 0.9, d= 1.0 with timeout of 5s...
13-10-2024 20:18:03 - INFO - Setting Chmaber Zones to a= 0.7, b= 0.8, c= 0.9, d= 1.0 request successfully sent.
13-10-2024 20:18:03 - INFO - Response from moonraker: {'result': 'ok'}
13-10-2024 20:18:03 - INFO - Setting Chmaber Zones to a= 0.7, b= 0.8, c= 0.9, d= 1.0 Request successfully executed.
13-10-2024 20:18:04 - INFO - Sending request to Setting Chmaber Zones to a= 0.10710000000000068, b= 0.12240000000000077, c= 0.13770000000000088, d= 0.15300000000000097 with timeout of 5s...
13-10-2024 20:18:04 - INFO - Setting Chmaber Zones to a= 0.10710000000000068, b= 0.12240000000000077, c= 0.13770000000000088, d= 0.15300000000000097 request successfully sent.
13-10-2024 20:18:04 - INFO - Response from moonraker: {'result': 'ok'}
13-10-2024 20:18:04 - INFO - Setting Chmaber Zones to a= 0.10710000000000068, b= 0.12240000000000077, c= 0.13770000000000088, d= 0.15300000000000097 Request successfully executed.
13-10-2024 20:18:05 - INFO - Sending request to Setting Chmaber Zones to a= 0.0, b= 0.0, c= 0.0, d= 0.0 with timeout of 5s...
13-10-2024 20:18:05 - INFO - Setting Chmaber Zones to a= 0.0, b= 0.0, c= 0.0, d= 0.0 request successfully sent.
13-10-2024 20:18:05 - INFO - Response from moonraker: {'result': 'ok'}
13-10-2024 20:18:05 - INFO - Setting Chmaber Zones to a= 0.0, b= 0.0, c= 0.0, d= 0.0 Request successfully executed.
13-10-2024 20:18:06 - INFO - Sending request to Setting Chmaber Zones to a= 0.0, b= 0.0, c= 0.0, d= 0.0 with timeout of 5s...
13-10-2024 20:18:06 - INFO - Setting Chmaber Zones to a= 0.0, b= 0.0, c= 0.0, d= 0.0 request successfully sent.
13-10-2024 20:18:06 - INFO - Response from moonraker: {'result': 'ok'}
13-10-2024 20:18:06 - INFO - Setting Chmaber Zones to a= 0.0, b= 0.0, c= 0.0, d= 0.0 Request successfully executed.
13-10-2024 20:18:07 - INFO - Sending request to Setting Chmaber Zones to a= 0.5236000000000007, b= 0.5984000000000008, c= 0.6732000000000009, d= 0.748000000000001 with timeout of 5s...
13-10-2024 20:18:07 - INFO - Setting Chmaber Zones to a= 0.5236000000000007, b= 0.5984000000000008, c= 0.6732000000000009, d= 0.748000000000001 request successfully sent.
13-10-2024 20:18:07 - INFO - Response from moonraker: {'result': 'ok'}
13-10-2024 20:18:07 - INFO - Setting Chmaber Zones to a= 0.5236000000000007, b= 0.5984000000000008, c= 0.6732000000000009, d= 0.748000000000001 Request successfully executed.
13-10-2024 20:18:08 - INFO - Sending request to Setting Chmaber Zones to a= 0.7, b= 0.8, c= 0.9, d= 1.0 with timeout of 5s...
13-10-2024 20:18:08 - INFO - Setting Chmaber Zones to a= 0.7, b= 0.8, c= 0.9, d= 1.0 request successfully sent.
13-10-2024 20:18:08 - INFO - Response from moonraker: {'result': 'ok'}
13-10-2024 20:18:08 - INFO - Setting Chmaber Zones to a= 0.7, b= 0.8, c= 0.9, d= 1.0 Request successfully executed.
13-10-2024 20:18:09 - INFO - Sending request to Setting Chmaber Zones to a= 0.27369999999999967, b= 0.31279999999999963, c= 0.3518999999999996, d= 0.39099999999999957 with timeout of 5s...
13-10-2024 20:18:09 - INFO - Setting Chmaber Zones to a= 0.27369999999999967, b= 0.31279999999999963, c= 0.3518999999999996, d= 0.39099999999999957 request successfully sent.
13-10-2024 20:18:09 - INFO - Response from moonraker: {'result': 'ok'}
13-10-2024 20:18:09 - INFO - Setting Chmaber Zones to a= 0.27369999999999967, b= 0.31279999999999963, c= 0.3518999999999996, d= 0.39099999999999957 Request successfully executed.
13-10-2024 20:18:10 - INFO - Sending request to Setting Chmaber Zones to a= 0.0, b= 0.0, c= 0.0, d= 0.0 with timeout of 5s...
13-10-2024 20:18:10 - INFO - Setting Chmaber Zones to a= 0.0, b= 0.0, c= 0.0, d= 0.0 request successfully sent.
13-10-2024 20:18:10 - INFO - Response from moonraker: {'result': 'ok'}
13-10-2024 20:18:10 - INFO - Setting Chmaber Zones to a= 0.0, b= 0.0, c= 0.0, d= 0.0 Request successfully executed.
13-10-2024 20:18:11 - INFO - Sending request to Setting Chmaber Zones to a= 0.0, b= 0.0, c= 0.0, d= 0.0 with timeout of 5s...
13-10-2024 20:18:11 - INFO - Setting Chmaber Zones to a= 0.0, b= 0.0, c= 0.0, d= 0.0 request successfully sent.
13-10-2024 20:18:11 - INFO - Response from moonraker: {'result': 'ok'}
13-10-2024 20:18:11 - INFO - Setting Chmaber Zones to a= 0.0, b= 0.0, c= 0.0, d= 0.0 Request successfully executed.
13-10-2024 20:18:12 - INFO - Sending request to Setting Chmaber Zones to a= 0.20152999999999935, b= 0.23031999999999925, c= 0.2591099999999991, d= 0.28789999999999905 with timeout of 5s...
13-10-2024 20:18:12 - INFO - Setting Chmaber Zones to a= 0.20152999999999935, b= 0.23031999999999925, c= 0.2591099999999991, d= 0.28789999999999905 request successfully sent.
13-10-2024 20:18:12 - INFO - Response from moonraker: {'result': 'ok'}
13-10-2024 20:18:12 - INFO - Setting Chmaber Zones to a= 0.20152999999999935, b= 0.23031999999999925, c= 0.2591099999999991, d= 0.28789999999999905 Request successfully executed.
13-10-2024 20:18:13 - INFO - Sending request to Setting Chmaber Zones to a= 0.48769000000000007, b= 0.5573600000000001, c= 0.6270300000000001, d= 0.6967000000000002 with timeout of 5s...
13-10-2024 20:18:13 - INFO - Setting Chmaber Zones to a= 0.48769000000000007, b= 0.5573600000000001, c= 0.6270300000000001, d= 0.6967000000000002 request successfully sent.
13-10-2024 20:18:13 - INFO - Response from moonraker: {'result': 'ok'}
13-10-2024 20:18:13 - INFO - Setting Chmaber Zones to a= 0.48769000000000007, b= 0.5573600000000001, c= 0.6270300000000001, d= 0.6967000000000002 Request successfully executed.
13-10-2024 20:18:14 - INFO - Sending request to Setting Chmaber Zones to a= 0.637175, b= 0.7282000000000001, c= 0.8192250000000001, d= 0.91025 with timeout of 5s...
13-10-2024 20:18:14 - INFO - Setting Chmaber Zones to a= 0.637175, b= 0.7282000000000001, c= 0.8192250000000001, d= 0.91025 request successfully sent.
13-10-2024 20:18:14 - INFO - Response from moonraker: {'result': 'ok'}
13-10-2024 20:18:14 - INFO - Setting Chmaber Zones to a= 0.637175, b= 0.7282000000000001, c= 0.8192250000000001, d= 0.91025 Request successfully executed.
13-10-2024 20:18:15 - INFO - Sending request to Setting Chmaber Zones to a= 0.40558699999999975, b= 0.4635279999999997, c= 0.5214689999999996, d= 0.5794099999999996 with timeout of 5s...
13-10-2024 20:18:15 - INFO - Setting Chmaber Zones to a= 0.40558699999999975, b= 0.4635279999999997, c= 0.5214689999999996, d= 0.5794099999999996 request successfully sent.
13-10-2024 20:18:15 - INFO - Response from moonraker: {'result': 'ok'}
13-10-2024 20:18:15 - INFO - Setting Chmaber Zones to a= 0.40558699999999975, b= 0.4635279999999997, c= 0.5214689999999996, d= 0.5794099999999996 Request successfully executed.
13-10-2024 20:18:16 - INFO - Sending request to Setting Chmaber Zones to a= 0.0, b= 0.0, c= 0.0, d= 0.0 with timeout of 5s...
13-10-2024 20:18:16 - INFO - Setting Chmaber Zones to a= 0.0, b= 0.0, c= 0.0, d= 0.0 request successfully sent.
13-10-2024 20:18:16 - INFO - Response from moonraker: {'result': 'ok'}
13-10-2024 20:18:16 - INFO - Setting Chmaber Zones to a= 0.0, b= 0.0, c= 0.0, d= 0.0 Request successfully executed.
13-10-2024 20:18:17 - INFO - Sending request to Setting Chmaber Zones to a= 0.0, b= 0.0, c= 0.0, d= 0.0 with timeout of 5s...
13-10-2024 20:18:17 - INFO - Setting Chmaber Zones to a= 0.0, b= 0.0, c= 0.0, d= 0.0 request successfully sent.
13-10-2024 20:18:17 - INFO - Response from moonraker: {'result': 'ok'}
13-10-2024 20:18:17 - INFO - Setting Chmaber Zones to a= 0.0, b= 0.0, c= 0.0, d= 0.0 Request successfully executed.
13-10-2024 20:18:18 - INFO - Sending request to Setting Chmaber Zones to a= 0.12523000000000034, b= 0.1431200000000004, c= 0.16101000000000046, d= 0.1789000000000005 with timeout of 5s...
13-10-2024 20:18:18 - INFO - Setting Chmaber Zones to a= 0.12523000000000034, b= 0.1431200000000004, c= 0.16101000000000046, d= 0.1789000000000005 request successfully sent.
13-10-2024 20:18:18 - INFO - Response from moonraker: {'result': 'ok'}
13-10-2024 20:18:18 - INFO - Setting Chmaber Zones to a= 0.12523000000000034, b= 0.1431200000000004, c= 0.16101000000000046, d= 0.1789000000000005 Request successfully executed.
13-10-2024 20:18:19 - INFO - Sending request to Setting Chmaber Zones to a= 0.34577199999999964, b= 0.39516799999999963, c= 0.44456399999999957, d= 0.4939599999999995 with timeout of 5s...
13-10-2024 20:18:19 - INFO - Setting Chmaber Zones to a= 0.34577199999999964, b= 0.39516799999999963, c= 0.44456399999999957, d= 0.4939599999999995 request successfully sent.
13-10-2024 20:18:19 - INFO - Response from moonraker: {'result': 'ok'}
13-10-2024 20:18:19 - INFO - Setting Chmaber Zones to a= 0.34577199999999964, b= 0.39516799999999963, c= 0.44456399999999957, d= 0.4939599999999995 Request successfully executed.
13-10-2024 20:18:20 - INFO - Sending request to Setting Chmaber Zones to a= 0.518917, b= 0.593048, c= 0.667179, d= 0.74131 with timeout of 5s...
13-10-2024 20:18:20 - INFO - Setting Chmaber Zones to a= 0.518917, b= 0.593048, c= 0.667179, d= 0.74131 request successfully sent.
13-10-2024 20:18:20 - INFO - Response from moonraker: {'result': 'ok'}
13-10-2024 20:18:20 - INFO - Setting Chmaber Zones to a= 0.518917, b= 0.593048, c= 0.667179, d= 0.74131 Request successfully executed.
13-10-2024 20:18:21 - INFO - Sending request to Setting Chmaber Zones to a= 0.370587, b= 0.423528, c= 0.47646900000000003, d= 0.52941 with timeout of 5s...
13-10-2024 20:18:21 - INFO - Setting Chmaber Zones to a= 0.370587, b= 0.423528, c= 0.47646900000000003, d= 0.52941 request successfully sent.
13-10-2024 20:18:21 - INFO - Response from moonraker: {'result': 'ok'}
13-10-2024 20:18:21 - INFO - Setting Chmaber Zones to a= 0.370587, b= 0.423528, c= 0.47646900000000003, d= 0.52941 Request successfully executed.
13-10-2024 20:18:22 - INFO - Sending request to Setting Chmaber Zones to a= 0.132727, b= 0.15168800000000002, c= 0.17064900000000002, d= 0.18960999999999997 with timeout of 5s...
13-10-2024 20:18:22 - INFO - Setting Chmaber Zones to a= 0.132727, b= 0.15168800000000002, c= 0.17064900000000002, d= 0.18960999999999997 request successfully sent.
13-10-2024 20:18:22 - INFO - Response from moonraker: {'result': 'ok'}
13-10-2024 20:18:22 - INFO - Setting Chmaber Zones to a= 0.132727, b= 0.15168800000000002, c= 0.17064900000000002, d= 0.18960999999999997 Request successfully executed.
13-10-2024 20:18:23 - INFO - Sending request to Setting Chmaber Zones to a= 0.0, b= 0.0, c= 0.0, d= 0.0 with timeout of 5s...
13-10-2024 20:18:23 - INFO - Setting Chmaber Zones to a= 0.0, b= 0.0, c= 0.0, d= 0.0 request successfully sent.
13-10-2024 20:18:23 - INFO - Response from moonraker: {'result': 'ok'}
13-10-2024 20:18:23 - INFO - Setting Chmaber Zones to a= 0.0, b= 0.0, c= 0.0, d= 0.0 Request successfully executed.
13-10-2024 20:18:24 - INFO - Sending request to Setting Chmaber Zones to a= 0.0, b= 0.0, c= 0.0, d= 0.0 with timeout of 5s...
13-10-2024 20:18:24 - INFO - Setting Chmaber Zones to a= 0.0, b= 0.0, c= 0.0, d= 0.0 request successfully sent.
13-10-2024 20:18:24 - INFO - Response from moonraker: {'result': 'ok'}
13-10-2024 20:18:24 - INFO - Setting Chmaber Zones to a= 0.0, b= 0.0, c= 0.0, d= 0.0 Request successfully executed.
13-10-2024 20:18:25 - INFO - Sending request to Setting Chmaber Zones to a= 0.28719599999999973, b= 0.3282239999999997, c= 0.36925199999999964, d= 0.41027999999999953 with timeout of 5s...
13-10-2024 20:18:25 - INFO - Setting Chmaber Zones to a= 0.28719599999999973, b= 0.3282239999999997, c= 0.36925199999999964, d= 0.41027999999999953 request successfully sent.
13-10-2024 20:18:25 - INFO - Response from moonraker: {'result': 'ok'}
13-10-2024 20:18:25 - INFO - Setting Chmaber Zones to a= 0.28719599999999973, b= 0.3282239999999997, c= 0.36925199999999964, d= 0.41027999999999953 Request successfully executed.
13-10-2024 20:18:26 - INFO - Sending request to Setting Chmaber Zones to a= 0.49601299999999965, b= 0.5668719999999996, c= 0.6377309999999996, d= 0.7085899999999995 with timeout of 5s...
13-10-2024 20:18:26 - INFO - Setting Chmaber Zones to a= 0.49601299999999965, b= 0.5668719999999996, c= 0.6377309999999996, d= 0.7085899999999995 request successfully sent.
13-10-2024 20:18:26 - INFO - Response from moonraker: {'result': 'ok'}
13-10-2024 20:18:26 - INFO - Setting Chmaber Zones to a= 0.49601299999999965, b= 0.5668719999999996, c= 0.6377309999999996, d= 0.7085899999999995 Request successfully executed.
13-10-2024 20:18:27 - INFO - Sending request to Setting Chmaber Zones to a= 0.4489240000000007, b= 0.5130560000000008, c= 0.5771880000000009, d= 0.641320000000001 with timeout of 5s...
13-10-2024 20:18:27 - INFO - Setting Chmaber Zones to a= 0.4489240000000007, b= 0.5130560000000008, c= 0.5771880000000009, d= 0.641320000000001 request successfully sent.
13-10-2024 20:18:27 - INFO - Response from moonraker: {'result': 'ok'}
13-10-2024 20:18:27 - INFO - Setting Chmaber Zones to a= 0.4489240000000007, b= 0.5130560000000008, c= 0.5771880000000009, d= 0.641320000000001 Request successfully executed.
13-10-2024 20:18:28 - INFO - Sending request to Setting Chmaber Zones to a= 0.05031599999999967, b= 0.05750399999999961, c= 0.06469199999999957, d= 0.07187999999999951 with timeout of 5s...
13-10-2024 20:18:28 - INFO - Setting Chmaber Zones to a= 0.05031599999999967, b= 0.05750399999999961, c= 0.06469199999999957, d= 0.07187999999999951 request successfully sent.
13-10-2024 20:18:28 - INFO - Response from moonraker: {'result': 'ok'}
13-10-2024 20:18:28 - INFO - Setting Chmaber Zones to a= 0.05031599999999967, b= 0.05750399999999961, c= 0.06469199999999957, d= 0.07187999999999951 Request successfully executed.
13-10-2024 20:18:29 - INFO - Sending request to Setting Chmaber Zones to a= 0.0, b= 0.0, c= 0.0, d= 0.0 with timeout of 5s...
13-10-2024 20:18:29 - INFO - Setting Chmaber Zones to a= 0.0, b= 0.0, c= 0.0, d= 0.0 request successfully sent.
13-10-2024 20:18:29 - INFO - Response from moonraker: {'result': 'ok'}
13-10-2024 20:18:29 - INFO - Setting Chmaber Zones to a= 0.0, b= 0.0, c= 0.0, d= 0.0 Request successfully executed.
13-10-2024 20:18:30 - INFO - Sending request to Setting Chmaber Zones to a= 0.0, b= 0.0, c= 0.0, d= 0.0 with timeout of 5s...
13-10-2024 20:18:30 - INFO - Setting Chmaber Zones to a= 0.0, b= 0.0, c= 0.0, d= 0.0 request successfully sent.
13-10-2024 20:18:30 - INFO - Response from moonraker: {'result': 'ok'}
13-10-2024 20:18:30 - INFO - Setting Chmaber Zones to a= 0.0, b= 0.0, c= 0.0, d= 0.0 Request successfully executed.
13-10-2024 20:18:31 - INFO - Sending request to Setting Chmaber Zones to a= 0.09146200000000068, b= 0.10452800000000079, c= 0.11759400000000086, d= 0.13066000000000097 with timeout of 5s...
13-10-2024 20:18:31 - INFO - Setting Chmaber Zones to a= 0.09146200000000068, b= 0.10452800000000079, c= 0.11759400000000086, d= 0.13066000000000097 request successfully sent.
13-10-2024 20:18:31 - INFO - Response from moonraker: {'result': 'ok'}
13-10-2024 20:18:31 - INFO - Setting Chmaber Zones to a= 0.09146200000000068, b= 0.10452800000000079, c= 0.11759400000000086, d= 0.13066000000000097 Request successfully executed.
13-10-2024 20:18:32 - INFO - Sending request to Setting Chmaber Zones to a= 0.5681130000000006, b= 0.6492720000000007, c= 0.7304310000000008, d= 0.8115900000000009 with timeout of 5s...
13-10-2024 20:18:32 - INFO - Setting Chmaber Zones to a= 0.5681130000000006, b= 0.6492720000000007, c= 0.7304310000000008, d= 0.8115900000000009 request successfully sent.
13-10-2024 20:18:32 - INFO - Response from moonraker: {'result': 'ok'}
13-10-2024 20:18:32 - INFO - Setting Chmaber Zones to a= 0.5681130000000006, b= 0.6492720000000007, c= 0.7304310000000008, d= 0.8115900000000009 Request successfully executed.
13-10-2024 20:18:33 - INFO - Sending request to Setting Chmaber Zones to a= 0.580678, b= 0.6636320000000001, c= 0.7465860000000001, d= 0.82954 with timeout of 5s...
13-10-2024 20:18:33 - INFO - Setting Chmaber Zones to a= 0.580678, b= 0.6636320000000001, c= 0.7465860000000001, d= 0.82954 request successfully sent.
13-10-2024 20:18:33 - INFO - Response from moonraker: {'result': 'ok'}
13-10-2024 20:18:33 - INFO - Setting Chmaber Zones to a= 0.580678, b= 0.6636320000000001, c= 0.7465860000000001, d= 0.82954 Request successfully executed.
13-10-2024 20:18:34 - INFO - Sending request to Setting Chmaber Zones to a= 0.14435960000000037, b= 0.1649824000000004, c= 0.18560520000000044, d= 0.20622800000000047 with timeout of 5s...
13-10-2024 20:18:34 - INFO - Setting Chmaber Zones to a= 0.14435960000000037, b= 0.1649824000000004, c= 0.18560520000000044, d= 0.20622800000000047 request successfully sent.
13-10-2024 20:18:34 - INFO - Response from moonraker: {'result': 'ok'}
13-10-2024 20:18:34 - INFO - Setting Chmaber Zones to a= 0.14435960000000037, b= 0.1649824000000004, c= 0.18560520000000044, d= 0.20622800000000047 Request successfully executed.
13-10-2024 20:18:35 - INFO - Sending request to Setting Chmaber Zones to a= 0.0, b= 0.0, c= 0.0, d= 0.0 with timeout of 5s...
13-10-2024 20:18:35 - INFO - Setting Chmaber Zones to a= 0.0, b= 0.0, c= 0.0, d= 0.0 request successfully sent.
13-10-2024 20:18:35 - INFO - Response from moonraker: {'result': 'ok'}
13-10-2024 20:18:35 - INFO - Setting Chmaber Zones to a= 0.0, b= 0.0, c= 0.0, d= 0.0 Request successfully executed.
13-10-2024 20:18:36 - INFO - Sending request to Setting Chmaber Zones to a= 0.0, b= 0.0, c= 0.0, d= 0.0 with timeout of 5s...
13-10-2024 20:18:36 - INFO - Setting Chmaber Zones to a= 0.0, b= 0.0, c= 0.0, d= 0.0 request successfully sent.
13-10-2024 20:18:36 - INFO - Response from moonraker: {'result': 'ok'}
13-10-2024 20:18:36 - INFO - Setting Chmaber Zones to a= 0.0, b= 0.0, c= 0.0, d= 0.0 Request successfully executed.
13-10-2024 20:18:37 - INFO - Sending request to Setting Chmaber Zones to a= 0.0, b= 0.0, c= 0.0, d= 0.0 with timeout of 5s...
13-10-2024 20:18:37 - INFO - Setting Chmaber Zones to a= 0.0, b= 0.0, c= 0.0, d= 0.0 request successfully sent.
13-10-2024 20:18:37 - INFO - Response from moonraker: {'result': 'ok'}
13-10-2024 20:18:37 - INFO - Setting Chmaber Zones to a= 0.0, b= 0.0, c= 0.0, d= 0.0 Request successfully executed.
13-10-2024 20:18:38 - INFO - Sending request to Setting Chmaber Zones to a= 0.5407150000000007, b= 0.6179600000000007, c= 0.6952050000000009, d= 0.7724500000000009 with timeout of 5s...
13-10-2024 20:18:38 - INFO - Setting Chmaber Zones to a= 0.5407150000000007, b= 0.6179600000000007, c= 0.6952050000000009, d= 0.7724500000000009 request successfully sent.
13-10-2024 20:18:38 - INFO - Response from moonraker: {'result': 'ok'}
13-10-2024 20:18:38 - INFO - Setting Chmaber Zones to a= 0.5407150000000007, b= 0.6179600000000007, c= 0.6952050000000009, d= 0.7724500000000009 Request successfully executed.
13-10-2024 20:18:39 - INFO - Sending request to Setting Chmaber Zones to a= 0.6571599999999994, b= 0.7510399999999993, c= 0.8449199999999992, d= 0.9387999999999991 with timeout of 5s...
13-10-2024 20:18:39 - INFO - Setting Chmaber Zones to a= 0.6571599999999994, b= 0.7510399999999993, c= 0.8449199999999992, d= 0.9387999999999991 request successfully sent.
13-10-2024 20:18:39 - INFO - Response from moonraker: {'result': 'ok'}
13-10-2024 20:18:39 - INFO - Setting Chmaber Zones to a= 0.6571599999999994, b= 0.7510399999999993, c= 0.8449199999999992, d= 0.9387999999999991 Request successfully executed.
13-10-2024 20:18:40 - INFO - Sending request to Setting Chmaber Zones to a= 0.6545699999999997, b= 0.7480799999999996, c= 0.8415899999999996, d= 0.9350999999999996 with timeout of 5s...
13-10-2024 20:18:40 - INFO - Setting Chmaber Zones to a= 0.6545699999999997, b= 0.7480799999999996, c= 0.8415899999999996, d= 0.9350999999999996 request successfully sent.
13-10-2024 20:18:40 - INFO - Response from moonraker: {'result': 'ok'}
13-10-2024 20:18:40 - INFO - Setting Chmaber Zones to a= 0.6545699999999997, b= 0.7480799999999996, c= 0.8415899999999996, d= 0.9350999999999996 Request successfully executed.
13-10-2024 20:18:41 - INFO - Sending request to Setting Chmaber Zones to a= 0.0, b= 0.0, c= 0.0, d= 0.0 with timeout of 5s...
13-10-2024 20:18:41 - INFO - Setting Chmaber Zones to a= 0.0, b= 0.0, c= 0.0, d= 0.0 request successfully sent.
13-10-2024 20:18:41 - INFO - Response from moonraker: {'result': 'ok'}
13-10-2024 20:18:41 - INFO - Setting Chmaber Zones to a= 0.0, b= 0.0, c= 0.0, d= 0.0 Request successfully executed.
13-10-2024 20:18:42 - INFO - Sending request to Setting Chmaber Zones to a= 0.0, b= 0.0, c= 0.0, d= 0.0 with timeout of 5s...
13-10-2024 20:18:42 - INFO - Setting Chmaber Zones to a= 0.0, b= 0.0, c= 0.0, d= 0.0 request successfully sent.
13-10-2024 20:18:42 - INFO - Response from moonraker: {'result': 'ok'}
13-10-2024 20:18:42 - INFO - Setting Chmaber Zones to a= 0.0, b= 0.0, c= 0.0, d= 0.0 Request successfully executed.
13-10-2024 20:18:43 - INFO - Sending request to Setting Chmaber Zones to a= 0.0, b= 0.0, c= 0.0, d= 0.0 with timeout of 5s...
13-10-2024 20:18:43 - INFO - Setting Chmaber Zones to a= 0.0, b= 0.0, c= 0.0, d= 0.0 request successfully sent.
13-10-2024 20:18:43 - INFO - Response from moonraker: {'result': 'ok'}
13-10-2024 20:18:43 - INFO - Setting Chmaber Zones to a= 0.0, b= 0.0, c= 0.0, d= 0.0 Request successfully executed.
13-10-2024 20:18:44 - INFO - Sending request to Setting Chmaber Zones to a= 0.0, b= 0.0, c= 0.0, d= 0.0 with timeout of 5s...
13-10-2024 20:18:44 - INFO - Setting Chmaber Zones to a= 0.0, b= 0.0, c= 0.0, d= 0.0 request successfully sent.
13-10-2024 20:18:44 - INFO - Response from moonraker: {'result': 'ok'}
13-10-2024 20:18:44 - INFO - Setting Chmaber Zones to a= 0.0, b= 0.0, c= 0.0, d= 0.0 Request successfully executed.
13-10-2024 20:18:45 - INFO - Sending request to Setting Chmaber Zones to a= 0.462175, b= 0.5282, c= 0.594225, d= 0.66025 with timeout of 5s...
13-10-2024 20:18:45 - INFO - Setting Chmaber Zones to a= 0.462175, b= 0.5282, c= 0.594225, d= 0.66025 request successfully sent.
13-10-2024 20:18:45 - INFO - Response from moonraker: {'result': 'ok'}
13-10-2024 20:18:45 - INFO - Setting Chmaber Zones to a= 0.462175, b= 0.5282, c= 0.594225, d= 0.66025 Request successfully executed.
13-10-2024 20:18:46 - INFO - Sending request to Setting Chmaber Zones to a= 0.614075, b= 0.7018, c= 0.789525, d= 0.87725 with timeout of 5s...
13-10-2024 20:18:46 - INFO - Setting Chmaber Zones to a= 0.614075, b= 0.7018, c= 0.789525, d= 0.87725 request successfully sent.
13-10-2024 20:18:46 - INFO - Response from moonraker: {'result': 'ok'}
13-10-2024 20:18:46 - INFO - Setting Chmaber Zones to a= 0.614075, b= 0.7018, c= 0.789525, d= 0.87725 Request successfully executed.
13-10-2024 20:18:47 - INFO - Sending request to Setting Chmaber Zones to a= 0.24615500000000068, b= 0.28132000000000074, c= 0.31648500000000085, d= 0.35165000000000096 with timeout of 5s...
13-10-2024 20:18:47 - INFO - Setting Chmaber Zones to a= 0.24615500000000068, b= 0.28132000000000074, c= 0.31648500000000085, d= 0.35165000000000096 request successfully sent.
13-10-2024 20:18:47 - INFO - Response from moonraker: {'result': 'ok'}
13-10-2024 20:18:47 - INFO - Setting Chmaber Zones to a= 0.24615500000000068, b= 0.28132000000000074, c= 0.31648500000000085, d= 0.35165000000000096 Request successfully executed.
13-10-2024 20:18:48 - INFO - Sending request to Setting Chmaber Zones to a= 0.0, b= 0.0, c= 0.0, d= 0.0 with timeout of 5s...
13-10-2024 20:18:48 - INFO - Setting Chmaber Zones to a= 0.0, b= 0.0, c= 0.0, d= 0.0 request successfully sent.
13-10-2024 20:18:48 - INFO - Response from moonraker: {'result': 'ok'}
13-10-2024 20:18:48 - INFO - Setting Chmaber Zones to a= 0.0, b= 0.0, c= 0.0, d= 0.0 Request successfully executed.
13-10-2024 20:18:49 - INFO - Sending request to Setting Chmaber Zones to a= 0.0, b= 0.0, c= 0.0, d= 0.0 with timeout of 5s...
13-10-2024 20:18:49 - INFO - Setting Chmaber Zones to a= 0.0, b= 0.0, c= 0.0, d= 0.0 request successfully sent.
13-10-2024 20:18:49 - INFO - Response from moonraker: {'result': 'ok'}
13-10-2024 20:18:49 - INFO - Setting Chmaber Zones to a= 0.0, b= 0.0, c= 0.0, d= 0.0 Request successfully executed.
13-10-2024 20:18:50 - INFO - Sending request to Setting Chmaber Zones to a= 0.0, b= 0.0, c= 0.0, d= 0.0 with timeout of 5s...
13-10-2024 20:18:50 - INFO - Setting Chmaber Zones to a= 0.0, b= 0.0, c= 0.0, d= 0.0 request successfully sent.
13-10-2024 20:18:50 - INFO - Response from moonraker: {'result': 'ok'}
13-10-2024 20:18:50 - INFO - Setting Chmaber Zones to a= 0.0, b= 0.0, c= 0.0, d= 0.0 Request successfully executed.
13-10-2024 20:18:51 - INFO - Sending request to Setting Chmaber Zones to a= 0.14034999999999964, b= 0.1603999999999996, c= 0.18044999999999953, d= 0.20049999999999948 with timeout of 5s...
13-10-2024 20:18:51 - INFO - Setting Chmaber Zones to a= 0.14034999999999964, b= 0.1603999999999996, c= 0.18044999999999953, d= 0.20049999999999948 request successfully sent.
13-10-2024 20:18:51 - INFO - Response from moonraker: {'result': 'ok'}
13-10-2024 20:18:51 - INFO - Setting Chmaber Zones to a= 0.14034999999999964, b= 0.1603999999999996, c= 0.18044999999999953, d= 0.20049999999999948 Request successfully executed.
13-10-2024 20:18:52 - INFO - Sending request to Setting Chmaber Zones to a= 0.5297599999999997, b= 0.6054399999999995, c= 0.6811199999999995, d= 0.7567999999999995 with timeout of 5s...
13-10-2024 20:18:52 - INFO - Setting Chmaber Zones to a= 0.5297599999999997, b= 0.6054399999999995, c= 0.6811199999999995, d= 0.7567999999999995 request successfully sent.
13-10-2024 20:18:52 - INFO - Response from moonraker: {'result': 'ok'}
13-10-2024 20:18:52 - INFO - Setting Chmaber Zones to a= 0.5297599999999997, b= 0.6054399999999995, c= 0.6811199999999995, d= 0.7567999999999995 Request successfully executed.
13-10-2024 20:18:53 - INFO - Sending request to Setting Chmaber Zones to a= 0.5204500000000004, b= 0.5948000000000004, c= 0.6691500000000005, d= 0.7435000000000005 with timeout of 5s...
13-10-2024 20:18:53 - INFO - Setting Chmaber Zones to a= 0.5204500000000004, b= 0.5948000000000004, c= 0.6691500000000005, d= 0.7435000000000005 request successfully sent.
13-10-2024 20:18:53 - INFO - Response from moonraker: {'result': 'ok'}
13-10-2024 20:18:53 - INFO - Setting Chmaber Zones to a= 0.5204500000000004, b= 0.5948000000000004, c= 0.6691500000000005, d= 0.7435000000000005 Request successfully executed.
13-10-2024 20:18:54 - INFO - Sending request to Setting Chmaber Zones to a= 0.12803000000000067, b= 0.14632000000000076, c= 0.16461000000000084, d= 0.18290000000000095 with timeout of 5s...
13-10-2024 20:18:54 - INFO - Setting Chmaber Zones to a= 0.12803000000000067, b= 0.14632000000000076, c= 0.16461000000000084, d= 0.18290000000000095 request successfully sent.
13-10-2024 20:18:54 - INFO - Response from moonraker: {'result': 'ok'}
13-10-2024 20:18:54 - INFO - Setting Chmaber Zones to a= 0.12803000000000067, b= 0.14632000000000076, c= 0.16461000000000084, d= 0.18290000000000095 Request successfully executed.
13-10-2024 20:18:55 - INFO - Sending request to Setting Chmaber Zones to a= 0.0, b= 0.0, c= 0.0, d= 0.0 with timeout of 5s...
13-10-2024 20:18:55 - INFO - Setting Chmaber Zones to a= 0.0, b= 0.0, c= 0.0, d= 0.0 request successfully sent.
13-10-2024 20:18:55 - INFO - Response from moonraker: {'result': 'ok'}
13-10-2024 20:18:55 - INFO - Setting Chmaber Zones to a= 0.0, b= 0.0, c= 0.0, d= 0.0 Request successfully executed.
13-10-2024 20:18:56 - INFO - Sending request to Setting Chmaber Zones to a= 0.0, b= 0.0, c= 0.0, d= 0.0 with timeout of 5s...
13-10-2024 20:18:56 - INFO - Setting Chmaber Zones to a= 0.0, b= 0.0, c= 0.0, d= 0.0 request successfully sent.
13-10-2024 20:18:56 - INFO - Response from moonraker: {'result': 'ok'}
13-10-2024 20:18:56 - INFO - Setting Chmaber Zones to a= 0.0, b= 0.0, c= 0.0, d= 0.0 Request successfully executed.
13-10-2024 20:18:57 - INFO - Sending request to Setting Chmaber Zones to a= 0.0, b= 0.0, c= 0.0, d= 0.0 with timeout of 5s...
13-10-2024 20:18:57 - INFO - Setting Chmaber Zones to a= 0.0, b= 0.0, c= 0.0, d= 0.0 request successfully sent.
13-10-2024 20:18:57 - INFO - Response from moonraker: {'result': 'ok'}
13-10-2024 20:18:57 - INFO - Setting Chmaber Zones to a= 0.0, b= 0.0, c= 0.0, d= 0.0 Request successfully executed.
13-10-2024 20:18:58 - INFO - Sending request to Setting Chmaber Zones to a= 0.4098849999999996, b= 0.4684399999999996, c= 0.5269949999999995, d= 0.5855499999999995 with timeout of 5s...
13-10-2024 20:18:58 - INFO - Setting Chmaber Zones to a= 0.4098849999999996, b= 0.4684399999999996, c= 0.5269949999999995, d= 0.5855499999999995 request successfully sent.
13-10-2024 20:18:58 - INFO - Response from moonraker: {'result': 'ok'}
13-10-2024 20:18:58 - INFO - Setting Chmaber Zones to a= 0.4098849999999996, b= 0.4684399999999996, c= 0.5269949999999995, d= 0.5855499999999995 Request successfully executed.
13-10-2024 20:18:59 - INFO - Sending request to Setting Chmaber Zones to a= 0.5195750000000003, b= 0.5938000000000003, c= 0.6680250000000005, d= 0.7422500000000005 with timeout of 5s...
13-10-2024 20:18:59 - INFO - Setting Chmaber Zones to a= 0.5195750000000003, b= 0.5938000000000003, c= 0.6680250000000005, d= 0.7422500000000005 request successfully sent.
13-10-2024 20:18:59 - INFO - Response from moonraker: {'result': 'ok'}
13-10-2024 20:18:59 - INFO - Setting Chmaber Zones to a= 0.5195750000000003, b= 0.5938000000000003, c= 0.6680250000000005, d= 0.7422500000000005 Request successfully executed.
13-10-2024 20:19:00 - INFO - Sending request to Setting Chmaber Zones to a= 0.5161800000000007, b= 0.5899200000000008, c= 0.663660000000001, d= 0.737400000000001 with timeout of 5s...
13-10-2024 20:19:00 - INFO - Setting Chmaber Zones to a= 0.5161800000000007, b= 0.5899200000000008, c= 0.663660000000001, d= 0.737400000000001 request successfully sent.
13-10-2024 20:19:00 - INFO - Response from moonraker: {'result': 'ok'}
13-10-2024 20:19:00 - INFO - Setting Chmaber Zones to a= 0.5161800000000007, b= 0.5899200000000008, c= 0.663660000000001, d= 0.737400000000001 Request successfully executed.
13-10-2024 20:19:01 - INFO - Sending request to Setting Chmaber Zones to a= 0.0, b= 0.0, c= 0.0, d= 0.0 with timeout of 5s...
13-10-2024 20:19:01 - INFO - Setting Chmaber Zones to a= 0.0, b= 0.0, c= 0.0, d= 0.0 request successfully sent.
13-10-2024 20:19:01 - INFO - Response from moonraker: {'result': 'ok'}
13-10-2024 20:19:01 - INFO - Setting Chmaber Zones to a= 0.0, b= 0.0, c= 0.0, d= 0.0 Request successfully executed.
13-10-2024 20:19:02 - INFO - Sending request to Setting Chmaber Zones to a= 0.0, b= 0.0, c= 0.0, d= 0.0 with timeout of 5s...
13-10-2024 20:19:02 - INFO - Setting Chmaber Zones to a= 0.0, b= 0.0, c= 0.0, d= 0.0 request successfully sent.
13-10-2024 20:19:02 - INFO - Response from moonraker: {'result': 'ok'}
13-10-2024 20:19:02 - INFO - Setting Chmaber Zones to a= 0.0, b= 0.0, c= 0.0, d= 0.0 Request successfully executed.
13-10-2024 20:19:03 - INFO - Sending request to Setting Chmaber Zones to a= 0.0, b= 0.0, c= 0.0, d= 0.0 with timeout of 5s...
13-10-2024 20:19:03 - INFO - Setting Chmaber Zones to a= 0.0, b= 0.0, c= 0.0, d= 0.0 request successfully sent.
13-10-2024 20:19:03 - INFO - Response from moonraker: {'result': 'ok'}
13-10-2024 20:19:03 - INFO - Setting Chmaber Zones to a= 0.0, b= 0.0, c= 0.0, d= 0.0 Request successfully executed.
13-10-2024 20:19:04 - INFO - Sending request to Setting Chmaber Zones to a= 0.0, b= 0.0, c= 0.0, d= 0.0 with timeout of 5s...
13-10-2024 20:19:04 - INFO - Setting Chmaber Zones to a= 0.0, b= 0.0, c= 0.0, d= 0.0 request successfully sent.
13-10-2024 20:19:04 - INFO - Response from moonraker: {'result': 'ok'}
13-10-2024 20:19:04 - INFO - Setting Chmaber Zones to a= 0.0, b= 0.0, c= 0.0, d= 0.0 Request successfully executed.
13-10-2024 20:19:05 - INFO - Sending request to Setting Chmaber Zones to a= 0.39648000000000033, b= 0.4531200000000004, c= 0.5097600000000004, d= 0.5664000000000005 with timeout of 5s...
13-10-2024 20:19:05 - INFO - Setting Chmaber Zones to a= 0.39648000000000033, b= 0.4531200000000004, c= 0.5097600000000004, d= 0.5664000000000005 request successfully sent.
13-10-2024 20:19:05 - INFO - Response from moonraker: {'result': 'ok'}
13-10-2024 20:19:05 - INFO - Setting Chmaber Zones to a= 0.39648000000000033, b= 0.4531200000000004, c= 0.5097600000000004, d= 0.5664000000000005 Request successfully executed.
13-10-2024 20:19:06 - INFO - Sending request to Setting Chmaber Zones to a= 0.524055, b= 0.59892, c= 0.6737850000000001, d= 0.74865 with timeout of 5s...
13-10-2024 20:19:06 - INFO - Setting Chmaber Zones to a= 0.524055, b= 0.59892, c= 0.6737850000000001, d= 0.74865 request successfully sent.
13-10-2024 20:19:06 - INFO - Response from moonraker: {'result': 'ok'}
13-10-2024 20:19:06 - INFO - Setting Chmaber Zones to a= 0.524055, b= 0.59892, c= 0.6737850000000001, d= 0.74865 Request successfully executed.
13-10-2024 20:19:06 - INFO - Sending request to Setting Bed heater_bed Temperature to 120.0 with timeout of 5s...
13-10-2024 20:19:06 - INFO - Sending request to Setting Bed bed_heater1 Temperature to 120.0 with timeout of 5s...
13-10-2024 20:19:06 - INFO - Setting Bed bed_heater1 Temperature to 120.0 request successfully sent.
13-10-2024 20:19:06 - INFO - Response from moonraker: {'result': 'ok'}
13-10-2024 20:19:06 - INFO - Setting Bed bed_heater1 Temperature to 120.0 Request successfully executed.
13-10-2024 20:19:06 - INFO - Setting Bed bed_heater1 Temperature to 120.0 request successfully sent.
13-10-2024 20:19:06 - INFO - Response from moonraker: {'result': 'ok'}
13-10-2024 20:19:06 - INFO - Setting Bed bed_heater1 Temperature to 120.0 Request successfully executed.
13-10-2024 20:19:07 - INFO - Sending request to Setting Chmaber Zones to a= 0.31122000000000033, b= 0.3556800000000004, c= 0.40014000000000044, d= 0.4446000000000005 with timeout of 5s...
13-10-2024 20:19:07 - INFO - Setting Chmaber Zones to a= 0.31122000000000033, b= 0.3556800000000004, c= 0.40014000000000044, d= 0.4446000000000005 request successfully sent.
13-10-2024 20:19:07 - INFO - Response from moonraker: {'result': 'ok'}
13-10-2024 20:19:07 - INFO - Setting Chmaber Zones to a= 0.31122000000000033, b= 0.3556800000000004, c= 0.40014000000000044, d= 0.4446000000000005 Request successfully executed.
13-10-2024 20:19:08 - INFO - Sending request to Setting Chmaber Zones to a= 0.0, b= 0.0, c= 0.0, d= 0.0 with timeout of 5s...
13-10-2024 20:19:08 - INFO - Setting Chmaber Zones to a= 0.0, b= 0.0, c= 0.0, d= 0.0 request successfully sent.
13-10-2024 20:19:08 - INFO - Response from moonraker: {'result': 'ok'}
13-10-2024 20:19:08 - INFO - Setting Chmaber Zones to a= 0.0, b= 0.0, c= 0.0, d= 0.0 Request successfully executed.
13-10-2024 20:19:09 - INFO - Sending request to Setting Chmaber Zones to a= 0.0, b= 0.0, c= 0.0, d= 0.0 with timeout of 5s...
13-10-2024 20:19:09 - INFO - Setting Chmaber Zones to a= 0.0, b= 0.0, c= 0.0, d= 0.0 request successfully sent.
13-10-2024 20:19:09 - INFO - Response from moonraker: {'result': 'ok'}
13-10-2024 20:19:09 - INFO - Setting Chmaber Zones to a= 0.0, b= 0.0, c= 0.0, d= 0.0 Request successfully executed.
13-10-2024 20:19:10 - INFO - Sending request to Setting Chmaber Zones to a= 0.0, b= 0.0, c= 0.0, d= 0.0 with timeout of 5s...
13-10-2024 20:19:10 - INFO - Setting Chmaber Zones to a= 0.0, b= 0.0, c= 0.0, d= 0.0 request successfully sent.
13-10-2024 20:19:10 - INFO - Response from moonraker: {'result': 'ok'}
13-10-2024 20:19:10 - INFO - Setting Chmaber Zones to a= 0.0, b= 0.0, c= 0.0, d= 0.0 Request successfully executed.
13-10-2024 20:19:11 - INFO - Sending request to Setting Chmaber Zones to a= 0.03661000000000032, b= 0.04184000000000036, c= 0.04707000000000042, d= 0.05230000000000046 with timeout of 5s...
13-10-2024 20:19:11 - INFO - Setting Chmaber Zones to a= 0.03661000000000032, b= 0.04184000000000036, c= 0.04707000000000042, d= 0.05230000000000046 request successfully sent.
13-10-2024 20:19:11 - INFO - Response from moonraker: {'result': 'ok'}
13-10-2024 20:19:11 - INFO - Setting Chmaber Zones to a= 0.03661000000000032, b= 0.04184000000000036, c= 0.04707000000000042, d= 0.05230000000000046 Request successfully executed.
13-10-2024 20:19:12 - INFO - Sending request to Setting Chmaber Zones to a= 0.43140999999999996, b= 0.4930399999999999, c= 0.55467, d= 0.6163 with timeout of 5s...
13-10-2024 20:19:12 - INFO - Setting Chmaber Zones to a= 0.43140999999999996, b= 0.4930399999999999, c= 0.55467, d= 0.6163 request successfully sent.
13-10-2024 20:19:12 - INFO - Response from moonraker: {'result': 'ok'}
13-10-2024 20:19:12 - INFO - Setting Chmaber Zones to a= 0.43140999999999996, b= 0.4930399999999999, c= 0.55467, d= 0.6163 Request successfully executed.
13-10-2024 20:19:13 - INFO - Sending request to Setting Chmaber Zones to a= 0.4754049999999993, b= 0.5433199999999992, c= 0.6112349999999992, d= 0.679149999999999 with timeout of 5s...
13-10-2024 20:19:13 - INFO - Setting Chmaber Zones to a= 0.4754049999999993, b= 0.5433199999999992, c= 0.6112349999999992, d= 0.679149999999999 request successfully sent.
13-10-2024 20:19:13 - INFO - Response from moonraker: {'result': 'ok'}
13-10-2024 20:19:13 - INFO - Setting Chmaber Zones to a= 0.4754049999999993, b= 0.5433199999999992, c= 0.6112349999999992, d= 0.679149999999999 Request successfully executed.
13-10-2024 20:19:14 - INFO - Sending request to Setting Chmaber Zones to a= 0.15456000000000064, b= 0.17664000000000077, c= 0.19872000000000084, d= 0.22080000000000094 with timeout of 5s...
13-10-2024 20:19:14 - INFO - Setting Chmaber Zones to a= 0.15456000000000064, b= 0.17664000000000077, c= 0.19872000000000084, d= 0.22080000000000094 request successfully sent.
13-10-2024 20:19:14 - INFO - Response from moonraker: {'result': 'ok'}
13-10-2024 20:19:14 - INFO - Setting Chmaber Zones to a= 0.15456000000000064, b= 0.17664000000000077, c= 0.19872000000000084, d= 0.22080000000000094 Request successfully executed.
13-10-2024 20:19:15 - INFO - Sending request to Setting Chmaber Zones to a= 0.0, b= 0.0, c= 0.0, d= 0.0 with timeout of 5s...
13-10-2024 20:19:15 - INFO - Setting Chmaber Zones to a= 0.0, b= 0.0, c= 0.0, d= 0.0 request successfully sent.
13-10-2024 20:19:15 - INFO - Response from moonraker: {'result': 'ok'}
13-10-2024 20:19:15 - INFO - Setting Chmaber Zones to a= 0.0, b= 0.0, c= 0.0, d= 0.0 Request successfully executed.
13-10-2024 20:19:16 - INFO - Sending request to Setting Chmaber Zones to a= 0.0, b= 0.0, c= 0.0, d= 0.0 with timeout of 5s...
13-10-2024 20:19:16 - INFO - Setting Chmaber Zones to a= 0.0, b= 0.0, c= 0.0, d= 0.0 request successfully sent.
13-10-2024 20:19:16 - INFO - Response from moonraker: {'result': 'ok'}
13-10-2024 20:19:16 - INFO - Setting Chmaber Zones to a= 0.0, b= 0.0, c= 0.0, d= 0.0 Request successfully executed.
13-10-2024 20:19:17 - INFO - Sending request to Setting Chmaber Zones to a= 0.0, b= 0.0, c= 0.0, d= 0.0 with timeout of 5s...
13-10-2024 20:19:17 - INFO - Setting Chmaber Zones to a= 0.0, b= 0.0, c= 0.0, d= 0.0 request successfully sent.
13-10-2024 20:19:17 - INFO - Response from moonraker: {'result': 'ok'}
13-10-2024 20:19:17 - INFO - Setting Chmaber Zones to a= 0.0, b= 0.0, c= 0.0, d= 0.0 Request successfully executed.
13-10-2024 20:19:18 - INFO - Sending request to Setting Chmaber Zones to a= 0.3782099999999997, b= 0.4322399999999996, c= 0.4862699999999996, d= 0.5402999999999996 with timeout of 5s...
13-10-2024 20:19:18 - INFO - Setting Chmaber Zones to a= 0.3782099999999997, b= 0.4322399999999996, c= 0.4862699999999996, d= 0.5402999999999996 request successfully sent.
13-10-2024 20:19:18 - INFO - Response from moonraker: {'result': 'ok'}
13-10-2024 20:19:18 - INFO - Setting Chmaber Zones to a= 0.3782099999999997, b= 0.4322399999999996, c= 0.4862699999999996, d= 0.5402999999999996 Request successfully executed.
13-10-2024 20:19:19 - INFO - Sending request to Setting Chmaber Zones to a= 0.49371000000000004, b= 0.5642400000000001, c= 0.6347700000000001, d= 0.7053 with timeout of 5s...
13-10-2024 20:19:19 - INFO - Setting Chmaber Zones to a= 0.49371000000000004, b= 0.5642400000000001, c= 0.6347700000000001, d= 0.7053 request successfully sent.
13-10-2024 20:19:19 - INFO - Response from moonraker: {'result': 'ok'}
13-10-2024 20:19:19 - INFO - Setting Chmaber Zones to a= 0.49371000000000004, b= 0.5642400000000001, c= 0.6347700000000001, d= 0.7053 Request successfully executed.
13-10-2024 20:19:20 - INFO - Sending request to Setting Chmaber Zones to a= 0.029329999999999287, b= 0.03351999999999919, c= 0.03770999999999908, d= 0.04189999999999898 with timeout of 5s...
13-10-2024 20:19:20 - INFO - Setting Chmaber Zones to a= 0.029329999999999287, b= 0.03351999999999919, c= 0.03770999999999908, d= 0.04189999999999898 request successfully sent.
13-10-2024 20:19:20 - INFO - Response from moonraker: {'result': 'ok'}
13-10-2024 20:19:20 - INFO - Setting Chmaber Zones to a= 0.029329999999999287, b= 0.03351999999999919, c= 0.03770999999999908, d= 0.04189999999999898 Request successfully executed.
13-10-2024 20:19:21 - INFO - Sending request to Setting Chmaber Zones to a= 0.0, b= 0.0, c= 0.0, d= 0.0 with timeout of 5s...
13-10-2024 20:19:21 - INFO - Setting Chmaber Zones to a= 0.0, b= 0.0, c= 0.0, d= 0.0 request successfully sent.
13-10-2024 20:19:21 - INFO - Response from moonraker: {'result': 'ok'}
13-10-2024 20:19:21 - INFO - Setting Chmaber Zones to a= 0.0, b= 0.0, c= 0.0, d= 0.0 Request successfully executed.
13-10-2024 20:19:22 - INFO - Sending request to Setting Chmaber Zones to a= 0.0, b= 0.0, c= 0.0, d= 0.0 with timeout of 5s...
13-10-2024 20:19:22 - INFO - Setting Chmaber Zones to a= 0.0, b= 0.0, c= 0.0, d= 0.0 request successfully sent.
13-10-2024 20:19:22 - INFO - Response from moonraker: {'result': 'ok'}
13-10-2024 20:19:22 - INFO - Setting Chmaber Zones to a= 0.0, b= 0.0, c= 0.0, d= 0.0 Request successfully executed.
13-10-2024 20:19:23 - INFO - Sending request to Setting Chmaber Zones to a= 0.16295999999999997, b= 0.18623999999999996, c= 0.20951999999999996, d= 0.23279999999999995 with timeout of 5s...
13-10-2024 20:19:23 - INFO - Setting Chmaber Zones to a= 0.16295999999999997, b= 0.18623999999999996, c= 0.20951999999999996, d= 0.23279999999999995 request successfully sent.
13-10-2024 20:19:23 - INFO - Response from moonraker: {'result': 'ok'}
13-10-2024 20:19:23 - INFO - Setting Chmaber Zones to a= 0.16295999999999997, b= 0.18623999999999996, c= 0.20951999999999996, d= 0.23279999999999995 Request successfully executed.
13-10-2024 20:19:24 - INFO - Sending request to Setting Chmaber Zones to a= 0.3250799999999993, b= 0.3715199999999992, c= 0.41795999999999905, d= 0.464399999999999 with timeout of 5s...
13-10-2024 20:19:24 - INFO - Setting Chmaber Zones to a= 0.3250799999999993, b= 0.3715199999999992, c= 0.41795999999999905, d= 0.464399999999999 request successfully sent.
13-10-2024 20:19:24 - INFO - Response from moonraker: {'result': 'ok'}
13-10-2024 20:19:24 - INFO - Setting Chmaber Zones to a= 0.3250799999999993, b= 0.3715199999999992, c= 0.41795999999999905, d= 0.464399999999999 Request successfully executed.
13-10-2024 20:19:25 - INFO - Sending request to Setting Chmaber Zones to a= 0.3804149999999997, b= 0.43475999999999965, c= 0.48910499999999957, d= 0.5434499999999995 with timeout of 5s...
13-10-2024 20:19:25 - INFO - Setting Chmaber Zones to a= 0.3804149999999997, b= 0.43475999999999965, c= 0.48910499999999957, d= 0.5434499999999995 request successfully sent.
13-10-2024 20:19:25 - INFO - Response from moonraker: {'result': 'ok'}
13-10-2024 20:19:25 - INFO - Setting Chmaber Zones to a= 0.3804149999999997, b= 0.43475999999999965, c= 0.48910499999999957, d= 0.5434499999999995 Request successfully executed.
13-10-2024 20:19:26 - INFO - Sending request to Setting Chmaber Zones to a= 0.19666499999999995, b= 0.22475999999999993, c= 0.25285499999999994, d= 0.2809499999999999 with timeout of 5s...
13-10-2024 20:19:26 - INFO - Setting Chmaber Zones to a= 0.19666499999999995, b= 0.22475999999999993, c= 0.25285499999999994, d= 0.2809499999999999 request successfully sent.
13-10-2024 20:19:26 - INFO - Response from moonraker: {'result': 'ok'}
13-10-2024 20:19:26 - INFO - Setting Chmaber Zones to a= 0.19666499999999995, b= 0.22475999999999993, c= 0.25285499999999994, d= 0.2809499999999999 Request successfully executed.
13-10-2024 20:19:27 - INFO - Sending request to Setting Chmaber Zones to a= 0.0, b= 0.0, c= 0.0, d= 0.0 with timeout of 5s...
13-10-2024 20:19:27 - INFO - Setting Chmaber Zones to a= 0.0, b= 0.0, c= 0.0, d= 0.0 request successfully sent.
13-10-2024 20:19:27 - INFO - Response from moonraker: {'result': 'ok'}
13-10-2024 20:19:27 - INFO - Setting Chmaber Zones to a= 0.0, b= 0.0, c= 0.0, d= 0.0 Request successfully executed.
13-10-2024 20:19:28 - INFO - Sending request to Setting Chmaber Zones to a= 0.0, b= 0.0, c= 0.0, d= 0.0 with timeout of 5s...
13-10-2024 20:19:28 - INFO - Setting Chmaber Zones to a= 0.0, b= 0.0, c= 0.0, d= 0.0 request successfully sent.
13-10-2024 20:19:28 - INFO - Response from moonraker: {'result': 'ok'}
13-10-2024 20:19:28 - INFO - Setting Chmaber Zones to a= 0.0, b= 0.0, c= 0.0, d= 0.0 Request successfully executed.
13-10-2024 20:19:29 - INFO - Sending request to Setting Chmaber Zones to a= 0.0978600000000003, b= 0.11184000000000033, c= 0.12582000000000038, d= 0.13980000000000042 with timeout of 5s...
13-10-2024 20:19:29 - INFO - Setting Chmaber Zones to a= 0.0978600000000003, b= 0.11184000000000033, c= 0.12582000000000038, d= 0.13980000000000042 request successfully sent.
13-10-2024 20:19:29 - INFO - Response from moonraker: {'result': 'ok'}
13-10-2024 20:19:29 - INFO - Setting Chmaber Zones to a= 0.0978600000000003, b= 0.11184000000000033, c= 0.12582000000000038, d= 0.13980000000000042 Request successfully executed.
13-10-2024 20:19:30 - INFO - Sending request to Setting Chmaber Zones to a= 0.25959499999999963, b= 0.29667999999999956, c= 0.3337649999999995, d= 0.37084999999999946 with timeout of 5s...
13-10-2024 20:19:30 - INFO - Setting Chmaber Zones to a= 0.25959499999999963, b= 0.29667999999999956, c= 0.3337649999999995, d= 0.37084999999999946 request successfully sent.
13-10-2024 20:19:30 - INFO - Response from moonraker: {'result': 'ok'}
13-10-2024 20:19:30 - INFO - Setting Chmaber Zones to a= 0.25959499999999963, b= 0.29667999999999956, c= 0.3337649999999995, d= 0.37084999999999946 Request successfully executed.
13-10-2024 20:19:31 - INFO - Sending request to Setting Chmaber Zones to a= 0.33250000000000063, b= 0.3800000000000007, c= 0.4275000000000009, d= 0.4750000000000009 with timeout of 5s...
13-10-2024 20:19:31 - INFO - Setting Chmaber Zones to a= 0.33250000000000063, b= 0.3800000000000007, c= 0.4275000000000009, d= 0.4750000000000009 request successfully sent.
13-10-2024 20:19:31 - INFO - Response from moonraker: {'result': 'ok'}
13-10-2024 20:19:31 - INFO - Setting Chmaber Zones to a= 0.33250000000000063, b= 0.3800000000000007, c= 0.4275000000000009, d= 0.4750000000000009 Request successfully executed.
13-10-2024 20:19:32 - INFO - Sending request to Setting Chmaber Zones to a= 0.19634999999999997, b= 0.2244, c= 0.25244999999999995, d= 0.28049999999999997 with timeout of 5s...
13-10-2024 20:19:32 - INFO - Setting Chmaber Zones to a= 0.19634999999999997, b= 0.2244, c= 0.25244999999999995, d= 0.28049999999999997 request successfully sent.
13-10-2024 20:19:32 - INFO - Response from moonraker: {'result': 'ok'}
13-10-2024 20:19:32 - INFO - Setting Chmaber Zones to a= 0.19634999999999997, b= 0.2244, c= 0.25244999999999995, d= 0.28049999999999997 Request successfully executed.
13-10-2024 20:19:33 - INFO - Sending request to Setting Chmaber Zones to a= 0.0, b= 0.0, c= 0.0, d= 0.0 with timeout of 5s...
13-10-2024 20:19:33 - INFO - Setting Chmaber Zones to a= 0.0, b= 0.0, c= 0.0, d= 0.0 request successfully sent.
13-10-2024 20:19:33 - INFO - Response from moonraker: {'result': 'ok'}
13-10-2024 20:19:33 - INFO - Setting Chmaber Zones to a= 0.0, b= 0.0, c= 0.0, d= 0.0 Request successfully executed.
13-10-2024 20:19:34 - INFO - Sending request to Setting Chmaber Zones to a= 0.0, b= 0.0, c= 0.0, d= 0.0 with timeout of 5s...
13-10-2024 20:19:34 - INFO - Setting Chmaber Zones to a= 0.0, b= 0.0, c= 0.0, d= 0.0 request successfully sent.
13-10-2024 20:19:34 - INFO - Response from moonraker: {'result': 'ok'}
13-10-2024 20:19:34 - INFO - Setting Chmaber Zones to a= 0.0, b= 0.0, c= 0.0, d= 0.0 Request successfully executed.
13-10-2024 20:19:35 - INFO - Sending request to Setting Chmaber Zones to a= 0.0, b= 0.0, c= 0.0, d= 0.0 with timeout of 5s...
13-10-2024 20:19:35 - INFO - Setting Chmaber Zones to a= 0.0, b= 0.0, c= 0.0, d= 0.0 request successfully sent.
13-10-2024 20:19:35 - INFO - Response from moonraker: {'result': 'ok'}
13-10-2024 20:19:35 - INFO - Setting Chmaber Zones to a= 0.0, b= 0.0, c= 0.0, d= 0.0 Request successfully executed.
13-10-2024 20:19:36 - INFO - Sending request to Setting Chmaber Zones to a= 0.34320999999999996, b= 0.39224, c= 0.44126999999999994, d= 0.49029999999999996 with timeout of 5s...
13-10-2024 20:19:36 - INFO - Setting Chmaber Zones to a= 0.34320999999999996, b= 0.39224, c= 0.44126999999999994, d= 0.49029999999999996 request successfully sent.
13-10-2024 20:19:36 - INFO - Response from moonraker: {'result': 'ok'}
13-10-2024 20:19:36 - INFO - Setting Chmaber Zones to a= 0.34320999999999996, b= 0.39224, c= 0.44126999999999994, d= 0.49029999999999996 Request successfully executed.
13-10-2024 20:19:37 - INFO - Sending request to Setting Chmaber Zones to a= 0.47046999999999967, b= 0.5376799999999996, c= 0.6048899999999996, d= 0.6720999999999997 with timeout of 5s...
13-10-2024 20:19:37 - INFO - Setting Chmaber Zones to a= 0.47046999999999967, b= 0.5376799999999996, c= 0.6048899999999996, d= 0.6720999999999997 request successfully sent.
13-10-2024 20:19:37 - INFO - Response from moonraker: {'result': 'ok'}
13-10-2024 20:19:37 - INFO - Setting Chmaber Zones to a= 0.47046999999999967, b= 0.5376799999999996, c= 0.6048899999999996, d= 0.6720999999999997 Request successfully executed.
13-10-2024 20:19:38 - INFO - Sending request to Setting Chmaber Zones to a= 0.12565000000000065, b= 0.14360000000000073, c= 0.16155000000000083, d= 0.17950000000000096 with timeout of 5s...
13-10-2024 20:19:38 - INFO - Setting Chmaber Zones to a= 0.12565000000000065, b= 0.14360000000000073, c= 0.16155000000000083, d= 0.17950000000000096 request successfully sent.
13-10-2024 20:19:38 - INFO - Response from moonraker: {'result': 'ok'}
13-10-2024 20:19:38 - INFO - Setting Chmaber Zones to a= 0.12565000000000065, b= 0.14360000000000073, c= 0.16155000000000083, d= 0.17950000000000096 Request successfully executed.
13-10-2024 20:19:39 - INFO - Sending request to Setting Chmaber Zones to a= 0.0, b= 0.0, c= 0.0, d= 0.0 with timeout of 5s...
13-10-2024 20:19:39 - INFO - Setting Chmaber Zones to a= 0.0, b= 0.0, c= 0.0, d= 0.0 request successfully sent.
13-10-2024 20:19:39 - INFO - Response from moonraker: {'result': 'ok'}
13-10-2024 20:19:39 - INFO - Setting Chmaber Zones to a= 0.0, b= 0.0, c= 0.0, d= 0.0 Request successfully executed.
13-10-2024 20:19:40 - INFO - Sending request to Setting Chmaber Zones to a= 0.0, b= 0.0, c= 0.0, d= 0.0 with timeout of 5s...
13-10-2024 20:19:40 - INFO - Setting Chmaber Zones to a= 0.0, b= 0.0, c= 0.0, d= 0.0 request successfully sent.
13-10-2024 20:19:40 - INFO - Response from moonraker: {'result': 'ok'}
13-10-2024 20:19:40 - INFO - Setting Chmaber Zones to a= 0.0, b= 0.0, c= 0.0, d= 0.0 Request successfully executed.
13-10-2024 20:19:41 - INFO - Sending request to Setting Chmaber Zones to a= 0.0, b= 0.0, c= 0.0, d= 0.0 with timeout of 5s...
13-10-2024 20:19:41 - INFO - Setting Chmaber Zones to a= 0.0, b= 0.0, c= 0.0, d= 0.0 request successfully sent.
13-10-2024 20:19:41 - INFO - Response from moonraker: {'result': 'ok'}
13-10-2024 20:19:41 - INFO - Setting Chmaber Zones to a= 0.0, b= 0.0, c= 0.0, d= 0.0 Request successfully executed.
13-10-2024 20:19:42 - INFO - Sending request to Setting Chmaber Zones to a= 0.2174550000000003, b= 0.24852000000000032, c= 0.2795850000000004, d= 0.3106500000000004 with timeout of 5s...
13-10-2024 20:19:42 - INFO - Setting Chmaber Zones to a= 0.2174550000000003, b= 0.24852000000000032, c= 0.2795850000000004, d= 0.3106500000000004 request successfully sent.
13-10-2024 20:19:42 - INFO - Response from moonraker: {'result': 'ok'}
13-10-2024 20:19:42 - INFO - Setting Chmaber Zones to a= 0.2174550000000003, b= 0.24852000000000032, c= 0.2795850000000004, d= 0.3106500000000004 Request successfully executed.
13-10-2024 20:19:43 - INFO - Sending request to Setting Chmaber Zones to a= 0.4576950000000003, b= 0.5230800000000003, c= 0.5884650000000003, d= 0.6538500000000004 with timeout of 5s...
13-10-2024 20:19:43 - INFO - Setting Chmaber Zones to a= 0.4576950000000003, b= 0.5230800000000003, c= 0.5884650000000003, d= 0.6538500000000004 request successfully sent.
13-10-2024 20:19:43 - INFO - Response from moonraker: {'result': 'ok'}
13-10-2024 20:19:43 - INFO - Setting Chmaber Zones to a= 0.4576950000000003, b= 0.5230800000000003, c= 0.5884650000000003, d= 0.6538500000000004 Request successfully executed.
13-10-2024 20:19:44 - INFO - Sending request to Setting Chmaber Zones to a= 0.41205499999999956, b= 0.47091999999999956, c= 0.5297849999999995, d= 0.5886499999999995 with timeout of 5s...
13-10-2024 20:19:44 - INFO - Setting Chmaber Zones to a= 0.41205499999999956, b= 0.47091999999999956, c= 0.5297849999999995, d= 0.5886499999999995 request successfully sent.
13-10-2024 20:19:44 - INFO - Response from moonraker: {'result': 'ok'}
13-10-2024 20:19:44 - INFO - Setting Chmaber Zones to a= 0.41205499999999956, b= 0.47091999999999956, c= 0.5297849999999995, d= 0.5886499999999995 Request successfully executed.
13-10-2024 20:19:45 - INFO - Sending request to Setting Chmaber Zones to a= 0.0, b= 0.0, c= 0.0, d= 0.0 with timeout of 5s...
13-10-2024 20:19:45 - INFO - Setting Chmaber Zones to a= 0.0, b= 0.0, c= 0.0, d= 0.0 request successfully sent.
13-10-2024 20:19:45 - INFO - Response from moonraker: {'result': 'ok'}
13-10-2024 20:19:45 - INFO - Setting Chmaber Zones to a= 0.0, b= 0.0, c= 0.0, d= 0.0 Request successfully executed.
13-10-2024 20:19:46 - INFO - Sending request to Setting Chmaber Zones to a= 0.0, b= 0.0, c= 0.0, d= 0.0 with timeout of 5s...
13-10-2024 20:19:46 - INFO - Setting Chmaber Zones to a= 0.0, b= 0.0, c= 0.0, d= 0.0 request successfully sent.
13-10-2024 20:19:46 - INFO - Response from moonraker: {'result': 'ok'}
13-10-2024 20:19:46 - INFO - Setting Chmaber Zones to a= 0.0, b= 0.0, c= 0.0, d= 0.0 Request successfully executed.
13-10-2024 20:19:47 - INFO - Sending request to Setting Chmaber Zones to a= 0.0, b= 0.0, c= 0.0, d= 0.0 with timeout of 5s...
13-10-2024 20:19:47 - INFO - Setting Chmaber Zones to a= 0.0, b= 0.0, c= 0.0, d= 0.0 request successfully sent.
13-10-2024 20:19:47 - INFO - Response from moonraker: {'result': 'ok'}
13-10-2024 20:19:47 - INFO - Setting Chmaber Zones to a= 0.0, b= 0.0, c= 0.0, d= 0.0 Request successfully executed.
13-10-2024 20:19:48 - INFO - Sending request to Setting Chmaber Zones to a= 0.12159000000000063, b= 0.13896000000000072, c= 0.15633000000000083, d= 0.1737000000000009 with timeout of 5s...
13-10-2024 20:19:48 - INFO - Setting Chmaber Zones to a= 0.12159000000000063, b= 0.13896000000000072, c= 0.15633000000000083, d= 0.1737000000000009 request successfully sent.
13-10-2024 20:19:48 - INFO - Response from moonraker: {'result': 'ok'}
13-10-2024 20:19:48 - INFO - Setting Chmaber Zones to a= 0.12159000000000063, b= 0.13896000000000072, c= 0.15633000000000083, d= 0.1737000000000009 Request successfully executed.
13-10-2024 20:19:49 - INFO - Sending request to Setting Chmaber Zones to a= 0.33134500000000067, b= 0.37868000000000074, c= 0.42601500000000087, d= 0.47335000000000094 with timeout of 5s...
13-10-2024 20:19:49 - INFO - Setting Chmaber Zones to a= 0.33134500000000067, b= 0.37868000000000074, c= 0.42601500000000087, d= 0.47335000000000094 request successfully sent.
13-10-2024 20:19:49 - INFO - Response from moonraker: {'result': 'ok'}
13-10-2024 20:19:49 - INFO - Setting Chmaber Zones to a= 0.33134500000000067, b= 0.37868000000000074, c= 0.42601500000000087, d= 0.47335000000000094 Request successfully executed.
13-10-2024 20:19:50 - INFO - Sending request to Setting Chmaber Zones to a= 0.3627750000000007, b= 0.4146000000000008, c= 0.4664250000000009, d= 0.518250000000001 with timeout of 5s...
13-10-2024 20:19:50 - INFO - Setting Chmaber Zones to a= 0.3627750000000007, b= 0.4146000000000008, c= 0.4664250000000009, d= 0.518250000000001 request successfully sent.
13-10-2024 20:19:50 - INFO - Response from moonraker: {'result': 'ok'}
13-10-2024 20:19:50 - INFO - Setting Chmaber Zones to a= 0.3627750000000007, b= 0.4146000000000008, c= 0.4664250000000009, d= 0.518250000000001 Request successfully executed.
13-10-2024 20:19:51 - INFO - Sending request to Setting Chmaber Zones to a= 0.2387699999999993, b= 0.2728799999999992, c= 0.30698999999999904, d= 0.3410999999999989 with timeout of 5s...
13-10-2024 20:19:51 - INFO - Setting Chmaber Zones to a= 0.2387699999999993, b= 0.2728799999999992, c= 0.30698999999999904, d= 0.3410999999999989 request successfully sent.
13-10-2024 20:19:51 - INFO - Response from moonraker: {'result': 'ok'}
13-10-2024 20:19:51 - INFO - Setting Chmaber Zones to a= 0.2387699999999993, b= 0.2728799999999992, c= 0.30698999999999904, d= 0.3410999999999989 Request successfully executed.
13-10-2024 20:19:52 - INFO - Sending request to Setting Chmaber Zones to a= 0.0, b= 0.0, c= 0.0, d= 0.0 with timeout of 5s...
13-10-2024 20:19:52 - INFO - Setting Chmaber Zones to a= 0.0, b= 0.0, c= 0.0, d= 0.0 request successfully sent.
13-10-2024 20:19:52 - INFO - Response from moonraker: {'result': 'ok'}
13-10-2024 20:19:52 - INFO - Setting Chmaber Zones to a= 0.0, b= 0.0, c= 0.0, d= 0.0 Request successfully executed.
13-10-2024 20:19:53 - INFO - Sending request to Setting Chmaber Zones to a= 0.0, b= 0.0, c= 0.0, d= 0.0 with timeout of 5s...
13-10-2024 20:19:53 - INFO - Setting Chmaber Zones to a= 0.0, b= 0.0, c= 0.0, d= 0.0 request successfully sent.
13-10-2024 20:19:53 - INFO - Response from moonraker: {'result': 'ok'}
13-10-2024 20:19:53 - INFO - Setting Chmaber Zones to a= 0.0, b= 0.0, c= 0.0, d= 0.0 Request successfully executed.
13-10-2024 20:19:54 - INFO - Sending request to Setting Chmaber Zones to a= 0.0, b= 0.0, c= 0.0, d= 0.0 with timeout of 5s...
13-10-2024 20:19:54 - INFO - Setting Chmaber Zones to a= 0.0, b= 0.0, c= 0.0, d= 0.0 request successfully sent.
13-10-2024 20:19:54 - INFO - Response from moonraker: {'result': 'ok'}
13-10-2024 20:19:54 - INFO - Setting Chmaber Zones to a= 0.0, b= 0.0, c= 0.0, d= 0.0 Request successfully executed.
13-10-2024 20:19:55 - INFO - Sending request to Setting Chmaber Zones to a= 0.12620999999999924, b= 0.14423999999999912, c= 0.162269999999999, d= 0.1802999999999989 with timeout of 5s...
13-10-2024 20:19:55 - INFO - Setting Chmaber Zones to a= 0.12620999999999924, b= 0.14423999999999912, c= 0.162269999999999, d= 0.1802999999999989 request successfully sent.
13-10-2024 20:19:55 - INFO - Response from moonraker: {'result': 'ok'}
13-10-2024 20:19:55 - INFO - Setting Chmaber Zones to a= 0.12620999999999924, b= 0.14423999999999912, c= 0.162269999999999, d= 0.1802999999999989 Request successfully executed.
13-10-2024 20:19:56 - INFO - Sending request to Setting Chmaber Zones to a= 0.4330200000000006, b= 0.4948800000000007, c= 0.5567400000000009, d= 0.6186000000000009 with timeout of 5s...
13-10-2024 20:19:56 - INFO - Setting Chmaber Zones to a= 0.4330200000000006, b= 0.4948800000000007, c= 0.5567400000000009, d= 0.6186000000000009 request successfully sent.
13-10-2024 20:19:56 - INFO - Response from moonraker: {'result': 'ok'}
13-10-2024 20:19:56 - INFO - Setting Chmaber Zones to a= 0.4330200000000006, b= 0.4948800000000007, c= 0.5567400000000009, d= 0.6186000000000009 Request successfully executed.
13-10-2024 20:19:57 - INFO - Sending request to Setting Chmaber Zones to a= 0.4544399999999996, b= 0.5193599999999996, c= 0.5842799999999995, d= 0.6491999999999994 with timeout of 5s...
13-10-2024 20:19:57 - INFO - Setting Chmaber Zones to a= 0.4544399999999996, b= 0.5193599999999996, c= 0.5842799999999995, d= 0.6491999999999994 request successfully sent.
13-10-2024 20:19:57 - INFO - Response from moonraker: {'result': 'ok'}
13-10-2024 20:19:57 - INFO - Setting Chmaber Zones to a= 0.4544399999999996, b= 0.5193599999999996, c= 0.5842799999999995, d= 0.6491999999999994 Request successfully executed.
13-10-2024 20:19:58 - INFO - Sending request to Setting Chmaber Zones to a= 0.0, b= 0.0, c= 0.0, d= 0.0 with timeout of 5s...
13-10-2024 20:19:58 - INFO - Setting Chmaber Zones to a= 0.0, b= 0.0, c= 0.0, d= 0.0 request successfully sent.
13-10-2024 20:19:58 - INFO - Response from moonraker: {'result': 'ok'}
13-10-2024 20:19:58 - INFO - Setting Chmaber Zones to a= 0.0, b= 0.0, c= 0.0, d= 0.0 Request successfully executed.
13-10-2024 20:19:59 - INFO - Sending request to Setting Chmaber Zones to a= 0.0, b= 0.0, c= 0.0, d= 0.0 with timeout of 5s...
13-10-2024 20:19:59 - INFO - Setting Chmaber Zones to a= 0.0, b= 0.0, c= 0.0, d= 0.0 request successfully sent.
13-10-2024 20:19:59 - INFO - Response from moonraker: {'result': 'ok'}
13-10-2024 20:19:59 - INFO - Setting Chmaber Zones to a= 0.0, b= 0.0, c= 0.0, d= 0.0 Request successfully executed.
13-10-2024 20:20:00 - INFO - Sending request to Setting Chmaber Zones to a= 0.0, b= 0.0, c= 0.0, d= 0.0 with timeout of 5s...
13-10-2024 20:20:00 - INFO - Setting Chmaber Zones to a= 0.0, b= 0.0, c= 0.0, d= 0.0 request successfully sent.
13-10-2024 20:20:00 - INFO - Response from moonraker: {'result': 'ok'}
13-10-2024 20:20:00 - INFO - Setting Chmaber Zones to a= 0.0, b= 0.0, c= 0.0, d= 0.0 Request successfully executed.
13-10-2024 20:20:01 - INFO - Sending request to Setting Chmaber Zones to a= 0.06194999999999923, b= 0.07079999999999913, c= 0.07964999999999901, d= 0.0884999999999989 with timeout of 5s...
13-10-2024 20:20:01 - INFO - Setting Chmaber Zones to a= 0.06194999999999923, b= 0.07079999999999913, c= 0.07964999999999901, d= 0.0884999999999989 request successfully sent.
13-10-2024 20:20:01 - INFO - Response from moonraker: {'result': 'ok'}
13-10-2024 20:20:01 - INFO - Setting Chmaber Zones to a= 0.06194999999999923, b= 0.07079999999999913, c= 0.07964999999999901, d= 0.0884999999999989 Request successfully executed.
13-10-2024 20:20:02 - INFO - Sending request to Setting Chmaber Zones to a= 0.2958199999999996, b= 0.3380799999999995, c= 0.3803399999999995, d= 0.4225999999999994 with timeout of 5s...
13-10-2024 20:20:02 - INFO - Setting Chmaber Zones to a= 0.2958199999999996, b= 0.3380799999999995, c= 0.3803399999999995, d= 0.4225999999999994 request successfully sent.
13-10-2024 20:20:02 - INFO - Response from moonraker: {'result': 'ok'}
13-10-2024 20:20:02 - INFO - Setting Chmaber Zones to a= 0.2958199999999996, b= 0.3380799999999995, c= 0.3803399999999995, d= 0.4225999999999994 Request successfully executed.
13-10-2024 20:20:03 - INFO - Sending request to Setting Chmaber Zones to a= 0.3819199999999999, b= 0.43647999999999987, c= 0.49103999999999987, d= 0.5455999999999999 with timeout of 5s...
13-10-2024 20:20:03 - INFO - Setting Chmaber Zones to a= 0.3819199999999999, b= 0.43647999999999987, c= 0.49103999999999987, d= 0.5455999999999999 request successfully sent.
13-10-2024 20:20:03 - INFO - Response from moonraker: {'result': 'ok'}
13-10-2024 20:20:03 - INFO - Setting Chmaber Zones to a= 0.3819199999999999, b= 0.43647999999999987, c= 0.49103999999999987, d= 0.5455999999999999 Request successfully executed.
13-10-2024 20:20:04 - INFO - Sending request to Setting Chmaber Zones to a= 0.2703399999999996, b= 0.3089599999999995, c= 0.34757999999999944, d= 0.38619999999999943 with timeout of 5s...
13-10-2024 20:20:04 - INFO - Setting Chmaber Zones to a= 0.2703399999999996, b= 0.3089599999999995, c= 0.34757999999999944, d= 0.38619999999999943 request successfully sent.
13-10-2024 20:20:04 - INFO - Response from moonraker: {'result': 'ok'}
13-10-2024 20:20:04 - INFO - Setting Chmaber Zones to a= 0.2703399999999996, b= 0.3089599999999995, c= 0.34757999999999944, d= 0.38619999999999943 Request successfully executed.
13-10-2024 20:20:05 - INFO - Sending request to Setting Chmaber Zones to a= 0.0, b= 0.0, c= 0.0, d= 0.0 with timeout of 5s...
13-10-2024 20:20:05 - INFO - Setting Chmaber Zones to a= 0.0, b= 0.0, c= 0.0, d= 0.0 request successfully sent.
13-10-2024 20:20:05 - INFO - Response from moonraker: {'result': 'ok'}
13-10-2024 20:20:05 - INFO - Setting Chmaber Zones to a= 0.0, b= 0.0, c= 0.0, d= 0.0 Request successfully executed.
13-10-2024 20:20:06 - INFO - Sending request to Setting Chmaber Zones to a= 0.0, b= 0.0, c= 0.0, d= 0.0 with timeout of 5s...
13-10-2024 20:20:06 - INFO - Setting Chmaber Zones to a= 0.0, b= 0.0, c= 0.0, d= 0.0 request successfully sent.
13-10-2024 20:20:06 - INFO - Response from moonraker: {'result': 'ok'}
13-10-2024 20:20:06 - INFO - Setting Chmaber Zones to a= 0.0, b= 0.0, c= 0.0, d= 0.0 Request successfully executed.
13-10-2024 20:20:07 - INFO - Sending request to Setting Chmaber Zones to a= 0.0, b= 0.0, c= 0.0, d= 0.0 with timeout of 5s...
13-10-2024 20:20:07 - INFO - Setting Chmaber Zones to a= 0.0, b= 0.0, c= 0.0, d= 0.0 request successfully sent.
13-10-2024 20:20:07 - INFO - Response from moonraker: {'result': 'ok'}
13-10-2024 20:20:07 - INFO - Setting Chmaber Zones to a= 0.0, b= 0.0, c= 0.0, d= 0.0 Request successfully executed.
13-10-2024 20:20:08 - INFO - Sending request to Setting Chmaber Zones to a= 0.5480999999999999, b= 0.6264, c= 0.7047, d= 0.7829999999999999 with timeout of 5s...
13-10-2024 20:20:08 - INFO - Setting Chmaber Zones to a= 0.5480999999999999, b= 0.6264, c= 0.7047, d= 0.7829999999999999 request successfully sent.
13-10-2024 20:20:08 - INFO - Response from moonraker: {'result': 'ok'}
13-10-2024 20:20:08 - INFO - Setting Chmaber Zones to a= 0.5480999999999999, b= 0.6264, c= 0.7047, d= 0.7829999999999999 Request successfully executed.
13-10-2024 20:20:09 - INFO - Sending request to Setting Chmaber Zones to a= 0.5730199999999989, b= 0.6548799999999987, c= 0.7367399999999985, d= 0.8185999999999983 with timeout of 5s...
13-10-2024 20:20:09 - INFO - Setting Chmaber Zones to a= 0.5730199999999989, b= 0.6548799999999987, c= 0.7367399999999985, d= 0.8185999999999983 request successfully sent.
13-10-2024 20:20:09 - INFO - Response from moonraker: {'result': 'ok'}
13-10-2024 20:20:09 - INFO - Setting Chmaber Zones to a= 0.5730199999999989, b= 0.6548799999999987, c= 0.7367399999999985, d= 0.8185999999999983 Request successfully executed.
13-10-2024 20:20:10 - INFO - Sending request to Setting Chmaber Zones to a= 0.0, b= 0.0, c= 0.0, d= 0.0 with timeout of 5s...
13-10-2024 20:20:10 - INFO - Setting Chmaber Zones to a= 0.0, b= 0.0, c= 0.0, d= 0.0 request successfully sent.
13-10-2024 20:20:10 - INFO - Response from moonraker: {'result': 'ok'}
13-10-2024 20:20:10 - INFO - Setting Chmaber Zones to a= 0.0, b= 0.0, c= 0.0, d= 0.0 Request successfully executed.
13-10-2024 20:20:11 - INFO - Sending request to Setting Chmaber Zones to a= 0.0, b= 0.0, c= 0.0, d= 0.0 with timeout of 5s...
13-10-2024 20:20:11 - INFO - Setting Chmaber Zones to a= 0.0, b= 0.0, c= 0.0, d= 0.0 request successfully sent.
13-10-2024 20:20:11 - INFO - Response from moonraker: {'result': 'ok'}
13-10-2024 20:20:11 - INFO - Setting Chmaber Zones to a= 0.0, b= 0.0, c= 0.0, d= 0.0 Request successfully executed.
13-10-2024 20:20:12 - INFO - Sending request to Setting Chmaber Zones to a= 0.0, b= 0.0, c= 0.0, d= 0.0 with timeout of 5s...
13-10-2024 20:20:12 - INFO - Setting Chmaber Zones to a= 0.0, b= 0.0, c= 0.0, d= 0.0 request successfully sent.
13-10-2024 20:20:12 - INFO - Response from moonraker: {'result': 'ok'}
13-10-2024 20:20:12 - INFO - Setting Chmaber Zones to a= 0.0, b= 0.0, c= 0.0, d= 0.0 Request successfully executed.
13-10-2024 20:20:13 - INFO - Sending request to Setting Chmaber Zones to a= 0.13670999999999991, b= 0.15623999999999988, c= 0.17576999999999987, d= 0.19529999999999986 with timeout of 5s...
13-10-2024 20:20:13 - INFO - Setting Chmaber Zones to a= 0.13670999999999991, b= 0.15623999999999988, c= 0.17576999999999987, d= 0.19529999999999986 request successfully sent.
13-10-2024 20:20:13 - INFO - Response from moonraker: {'result': 'ok'}
13-10-2024 20:20:13 - INFO - Setting Chmaber Zones to a= 0.13670999999999991, b= 0.15623999999999988, c= 0.17576999999999987, d= 0.19529999999999986 Request successfully executed.
13-10-2024 20:20:14 - INFO - Sending request to Setting Chmaber Zones to a= 0.7, b= 0.8, c= 0.9, d= 1.0 with timeout of 5s...
13-10-2024 20:20:14 - INFO - Setting Chmaber Zones to a= 0.7, b= 0.8, c= 0.9, d= 1.0 request successfully sent.
13-10-2024 20:20:14 - INFO - Response from moonraker: {'result': 'ok'}
13-10-2024 20:20:14 - INFO - Setting Chmaber Zones to a= 0.7, b= 0.8, c= 0.9, d= 1.0 Request successfully executed.
13-10-2024 20:20:15 - INFO - Sending request to Setting Chmaber Zones to a= 0.2540299999999992, b= 0.29031999999999913, c= 0.326609999999999, d= 0.36289999999999895 with timeout of 5s...
13-10-2024 20:20:15 - INFO - Setting Chmaber Zones to a= 0.2540299999999992, b= 0.29031999999999913, c= 0.326609999999999, d= 0.36289999999999895 request successfully sent.
13-10-2024 20:20:15 - INFO - Response from moonraker: {'result': 'ok'}
13-10-2024 20:20:15 - INFO - Setting Chmaber Zones to a= 0.2540299999999992, b= 0.29031999999999913, c= 0.326609999999999, d= 0.36289999999999895 Request successfully executed.
13-10-2024 20:20:16 - INFO - Sending request to Setting Chmaber Zones to a= 0.0, b= 0.0, c= 0.0, d= 0.0 with timeout of 5s...
13-10-2024 20:20:16 - INFO - Setting Chmaber Zones to a= 0.0, b= 0.0, c= 0.0, d= 0.0 request successfully sent.
13-10-2024 20:20:16 - INFO - Response from moonraker: {'result': 'ok'}
13-10-2024 20:20:16 - INFO - Setting Chmaber Zones to a= 0.0, b= 0.0, c= 0.0, d= 0.0 Request successfully executed.
13-10-2024 20:20:17 - INFO - Sending request to Setting Chmaber Zones to a= 0.0, b= 0.0, c= 0.0, d= 0.0 with timeout of 5s...
13-10-2024 20:20:17 - INFO - Setting Chmaber Zones to a= 0.0, b= 0.0, c= 0.0, d= 0.0 request successfully sent.
13-10-2024 20:20:17 - INFO - Response from moonraker: {'result': 'ok'}
13-10-2024 20:20:17 - INFO - Setting Chmaber Zones to a= 0.0, b= 0.0, c= 0.0, d= 0.0 Request successfully executed.
13-10-2024 20:20:18 - INFO - Sending request to Setting Chmaber Zones to a= 0.23814000000000143, b= 0.2721600000000016, c= 0.3061800000000019, d= 0.3402000000000021 with timeout of 5s...
13-10-2024 20:20:18 - INFO - Setting Chmaber Zones to a= 0.23814000000000143, b= 0.2721600000000016, c= 0.3061800000000019, d= 0.3402000000000021 request successfully sent.
13-10-2024 20:20:18 - INFO - Response from moonraker: {'result': 'ok'}
13-10-2024 20:20:18 - INFO - Setting Chmaber Zones to a= 0.23814000000000143, b= 0.2721600000000016, c= 0.3061800000000019, d= 0.3402000000000021 Request successfully executed.
13-10-2024 20:20:19 - INFO - Sending request to Setting Chmaber Zones to a= 0.20790000000000095, b= 0.23760000000000112, c= 0.26730000000000126, d= 0.2970000000000014 with timeout of 5s...
13-10-2024 20:20:19 - INFO - Setting Chmaber Zones to a= 0.20790000000000095, b= 0.23760000000000112, c= 0.26730000000000126, d= 0.2970000000000014 request successfully sent.
13-10-2024 20:20:19 - INFO - Response from moonraker: {'result': 'ok'}
13-10-2024 20:20:19 - INFO - Setting Chmaber Zones to a= 0.20790000000000095, b= 0.23760000000000112, c= 0.26730000000000126, d= 0.2970000000000014 Request successfully executed.
13-10-2024 20:20:20 - INFO - Sending request to Setting Chmaber Zones to a= 0.046479999999999855, b= 0.053119999999999834, c= 0.05975999999999981, d= 0.06639999999999979 with timeout of 5s...
13-10-2024 20:20:20 - INFO - Setting Chmaber Zones to a= 0.046479999999999855, b= 0.053119999999999834, c= 0.05975999999999981, d= 0.06639999999999979 request successfully sent.
13-10-2024 20:20:20 - INFO - Response from moonraker: {'result': 'ok'}
13-10-2024 20:20:20 - INFO - Setting Chmaber Zones to a= 0.046479999999999855, b= 0.053119999999999834, c= 0.05975999999999981, d= 0.06639999999999979 Request successfully executed.
13-10-2024 20:20:21 - INFO - Sending request to Setting Chmaber Zones to a= 0.0, b= 0.0, c= 0.0, d= 0.0 with timeout of 5s...
13-10-2024 20:20:21 - INFO - Setting Chmaber Zones to a= 0.0, b= 0.0, c= 0.0, d= 0.0 request successfully sent.
13-10-2024 20:20:21 - INFO - Response from moonraker: {'result': 'ok'}
13-10-2024 20:20:21 - INFO - Setting Chmaber Zones to a= 0.0, b= 0.0, c= 0.0, d= 0.0 Request successfully executed.
13-10-2024 20:20:22 - INFO - Sending request to Setting Chmaber Zones to a= 0.0, b= 0.0, c= 0.0, d= 0.0 with timeout of 5s...
13-10-2024 20:20:22 - INFO - Setting Chmaber Zones to a= 0.0, b= 0.0, c= 0.0, d= 0.0 request successfully sent.
13-10-2024 20:20:22 - INFO - Response from moonraker: {'result': 'ok'}
13-10-2024 20:20:22 - INFO - Setting Chmaber Zones to a= 0.0, b= 0.0, c= 0.0, d= 0.0 Request successfully executed.
13-10-2024 20:20:23 - INFO - Sending request to Setting Chmaber Zones to a= 0.3087, b= 0.35279999999999995, c= 0.3969, d= 0.44099999999999995 with timeout of 5s...
13-10-2024 20:20:23 - INFO - Setting Chmaber Zones to a= 0.3087, b= 0.35279999999999995, c= 0.3969, d= 0.44099999999999995 request successfully sent.
13-10-2024 20:20:23 - INFO - Response from moonraker: {'result': 'ok'}
13-10-2024 20:20:23 - INFO - Setting Chmaber Zones to a= 0.3087, b= 0.35279999999999995, c= 0.3969, d= 0.44099999999999995 Request successfully executed.
13-10-2024 20:20:24 - INFO - Sending request to Setting Chmaber Zones to a= 0.4148899999999985, b= 0.47415999999999825, c= 0.533429999999998, d= 0.5926999999999978 with timeout of 5s...
13-10-2024 20:20:24 - INFO - Setting Chmaber Zones to a= 0.4148899999999985, b= 0.47415999999999825, c= 0.533429999999998, d= 0.5926999999999978 request successfully sent.
13-10-2024 20:20:24 - INFO - Response from moonraker: {'result': 'ok'}
13-10-2024 20:20:24 - INFO - Setting Chmaber Zones to a= 0.4148899999999985, b= 0.47415999999999825, c= 0.533429999999998, d= 0.5926999999999978 Request successfully executed.
13-10-2024 20:20:25 - INFO - Sending request to Setting Chmaber Zones to a= 0.0, b= 0.0, c= 0.0, d= 0.0 with timeout of 5s...
13-10-2024 20:20:25 - INFO - Setting Chmaber Zones to a= 0.0, b= 0.0, c= 0.0, d= 0.0 request successfully sent.
13-10-2024 20:20:25 - INFO - Response from moonraker: {'result': 'ok'}
13-10-2024 20:20:25 - INFO - Setting Chmaber Zones to a= 0.0, b= 0.0, c= 0.0, d= 0.0 Request successfully executed.
13-10-2024 20:20:26 - INFO - Sending request to Setting Chmaber Zones to a= 0.0, b= 0.0, c= 0.0, d= 0.0 with timeout of 5s...
13-10-2024 20:20:26 - INFO - Setting Chmaber Zones to a= 0.0, b= 0.0, c= 0.0, d= 0.0 request successfully sent.
13-10-2024 20:20:26 - INFO - Response from moonraker: {'result': 'ok'}
13-10-2024 20:20:26 - INFO - Setting Chmaber Zones to a= 0.0, b= 0.0, c= 0.0, d= 0.0 Request successfully executed.
13-10-2024 20:20:27 - INFO - Sending request to Setting Chmaber Zones to a= 0.0, b= 0.0, c= 0.0, d= 0.0 with timeout of 5s...
13-10-2024 20:20:27 - INFO - Setting Chmaber Zones to a= 0.0, b= 0.0, c= 0.0, d= 0.0 request successfully sent.
13-10-2024 20:20:27 - INFO - Response from moonraker: {'result': 'ok'}
13-10-2024 20:20:27 - INFO - Setting Chmaber Zones to a= 0.0, b= 0.0, c= 0.0, d= 0.0 Request successfully executed.
13-10-2024 20:20:28 - INFO - Sending request to Setting Chmaber Zones to a= 0.27587000000000217, b= 0.31528000000000245, c= 0.3546900000000028, d= 0.3941000000000031 with timeout of 5s...
13-10-2024 20:20:28 - INFO - Setting Chmaber Zones to a= 0.27587000000000217, b= 0.31528000000000245, c= 0.3546900000000028, d= 0.3941000000000031 request successfully sent.
13-10-2024 20:20:28 - INFO - Response from moonraker: {'result': 'ok'}
13-10-2024 20:20:28 - INFO - Setting Chmaber Zones to a= 0.27587000000000217, b= 0.31528000000000245, c= 0.3546900000000028, d= 0.3941000000000031 Request successfully executed.
13-10-2024 20:20:29 - INFO - Sending request to Setting Chmaber Zones to a= 0.4340699999999991, b= 0.496079999999999, c= 0.5580899999999989, d= 0.6200999999999988 with timeout of 5s...
13-10-2024 20:20:29 - INFO - Setting Chmaber Zones to a= 0.4340699999999991, b= 0.496079999999999, c= 0.5580899999999989, d= 0.6200999999999988 request successfully sent.
13-10-2024 20:20:29 - INFO - Response from moonraker: {'result': 'ok'}
13-10-2024 20:20:29 - INFO - Setting Chmaber Zones to a= 0.4340699999999991, b= 0.496079999999999, c= 0.5580899999999989, d= 0.6200999999999988 Request successfully executed.
13-10-2024 20:20:30 - INFO - Sending request to Setting Chmaber Zones to a= 0.006859999999998428, b= 0.007839999999998204, c= 0.008819999999997979, d= 0.009799999999997755 with timeout of 5s...
13-10-2024 20:20:30 - INFO - Setting Chmaber Zones to a= 0.006859999999998428, b= 0.007839999999998204, c= 0.008819999999997979, d= 0.009799999999997755 request successfully sent.
13-10-2024 20:20:30 - INFO - Response from moonraker: {'result': 'ok'}
13-10-2024 20:20:30 - INFO - Setting Chmaber Zones to a= 0.006859999999998428, b= 0.007839999999998204, c= 0.008819999999997979, d= 0.009799999999997755 Request successfully executed.
13-10-2024 20:20:31 - INFO - Sending request to Setting Chmaber Zones to a= 0.0, b= 0.0, c= 0.0, d= 0.0 with timeout of 5s...
13-10-2024 20:20:31 - INFO - Setting Chmaber Zones to a= 0.0, b= 0.0, c= 0.0, d= 0.0 request successfully sent.
13-10-2024 20:20:31 - INFO - Response from moonraker: {'result': 'ok'}
13-10-2024 20:20:31 - INFO - Setting Chmaber Zones to a= 0.0, b= 0.0, c= 0.0, d= 0.0 Request successfully executed.
13-10-2024 20:20:32 - INFO - Sending request to Setting Chmaber Zones to a= 0.0, b= 0.0, c= 0.0, d= 0.0 with timeout of 5s...
13-10-2024 20:20:32 - INFO - Setting Chmaber Zones to a= 0.0, b= 0.0, c= 0.0, d= 0.0 request successfully sent.
13-10-2024 20:20:32 - INFO - Response from moonraker: {'result': 'ok'}
13-10-2024 20:20:32 - INFO - Setting Chmaber Zones to a= 0.0, b= 0.0, c= 0.0, d= 0.0 Request successfully executed.
13-10-2024 20:20:33 - INFO - Sending request to Setting Chmaber Zones to a= 0.14083999999999985, b= 0.16095999999999983, c= 0.18107999999999982, d= 0.2011999999999998 with timeout of 5s...
13-10-2024 20:20:33 - INFO - Setting Chmaber Zones to a= 0.14083999999999985, b= 0.16095999999999983, c= 0.18107999999999982, d= 0.2011999999999998 request successfully sent.
13-10-2024 20:20:33 - INFO - Response from moonraker: {'result': 'ok'}
13-10-2024 20:20:33 - INFO - Setting Chmaber Zones to a= 0.14083999999999985, b= 0.16095999999999983, c= 0.18107999999999982, d= 0.2011999999999998 Request successfully executed.
13-10-2024 20:20:34 - INFO - Sending request to Setting Chmaber Zones to a= 0.47257000000000027, b= 0.5400800000000003, c= 0.6075900000000004, d= 0.6751000000000004 with timeout of 5s...
13-10-2024 20:20:34 - INFO - Setting Chmaber Zones to a= 0.47257000000000027, b= 0.5400800000000003, c= 0.6075900000000004, d= 0.6751000000000004 request successfully sent.
13-10-2024 20:20:34 - INFO - Response from moonraker: {'result': 'ok'}
13-10-2024 20:20:34 - INFO - Setting Chmaber Zones to a= 0.47257000000000027, b= 0.5400800000000003, c= 0.6075900000000004, d= 0.6751000000000004 Request successfully executed.
13-10-2024 20:20:35 - INFO - Sending request to Setting Chmaber Zones to a= 0.22365000000000027, b= 0.2556000000000003, c= 0.28755000000000036, d= 0.3195000000000004 with timeout of 5s...
13-10-2024 20:20:35 - INFO - Setting Chmaber Zones to a= 0.22365000000000027, b= 0.2556000000000003, c= 0.28755000000000036, d= 0.3195000000000004 request successfully sent.
13-10-2024 20:20:35 - INFO - Response from moonraker: {'result': 'ok'}
13-10-2024 20:20:35 - INFO - Setting Chmaber Zones to a= 0.22365000000000027, b= 0.2556000000000003, c= 0.28755000000000036, d= 0.3195000000000004 Request successfully executed.
13-10-2024 20:20:36 - INFO - Sending request to Setting Chmaber Zones to a= 0.0, b= 0.0, c= 0.0, d= 0.0 with timeout of 5s...
13-10-2024 20:20:36 - INFO - Setting Chmaber Zones to a= 0.0, b= 0.0, c= 0.0, d= 0.0 request successfully sent.
13-10-2024 20:20:36 - INFO - Response from moonraker: {'result': 'ok'}
13-10-2024 20:20:36 - INFO - Setting Chmaber Zones to a= 0.0, b= 0.0, c= 0.0, d= 0.0 Request successfully executed.
13-10-2024 20:20:37 - INFO - Sending request to Setting Chmaber Zones to a= 0.0, b= 0.0, c= 0.0, d= 0.0 with timeout of 5s...
13-10-2024 20:20:37 - INFO - Setting Chmaber Zones to a= 0.0, b= 0.0, c= 0.0, d= 0.0 request successfully sent.
13-10-2024 20:20:37 - INFO - Response from moonraker: {'result': 'ok'}
13-10-2024 20:20:37 - INFO - Setting Chmaber Zones to a= 0.0, b= 0.0, c= 0.0, d= 0.0 Request successfully executed.
13-10-2024 20:20:38 - INFO - Sending request to Setting Chmaber Zones to a= 0.0, b= 0.0, c= 0.0, d= 0.0 with timeout of 5s...
13-10-2024 20:20:38 - INFO - Setting Chmaber Zones to a= 0.0, b= 0.0, c= 0.0, d= 0.0 request successfully sent.
13-10-2024 20:20:38 - INFO - Response from moonraker: {'result': 'ok'}
13-10-2024 20:20:38 - INFO - Setting Chmaber Zones to a= 0.0, b= 0.0, c= 0.0, d= 0.0 Request successfully executed.
13-10-2024 20:20:39 - INFO - Sending request to Setting Chmaber Zones to a= 0.39199999999999763, b= 0.4479999999999973, c= 0.5039999999999969, d= 0.5599999999999966 with timeout of 5s...
13-10-2024 20:20:39 - INFO - Setting Chmaber Zones to a= 0.39199999999999763, b= 0.4479999999999973, c= 0.5039999999999969, d= 0.5599999999999966 request successfully sent.
13-10-2024 20:20:39 - INFO - Response from moonraker: {'result': 'ok'}
13-10-2024 20:20:39 - INFO - Setting Chmaber Zones to a= 0.39199999999999763, b= 0.4479999999999973, c= 0.5039999999999969, d= 0.5599999999999966 Request successfully executed.
13-10-2024 20:20:40 - INFO - Sending request to Setting Chmaber Zones to a= 0.39102, b= 0.44688, c= 0.50274, d= 0.5586 with timeout of 5s...
13-10-2024 20:20:40 - INFO - Setting Chmaber Zones to a= 0.39102, b= 0.44688, c= 0.50274, d= 0.5586 request successfully sent.
13-10-2024 20:20:40 - INFO - Response from moonraker: {'result': 'ok'}
13-10-2024 20:20:40 - INFO - Setting Chmaber Zones to a= 0.39102, b= 0.44688, c= 0.50274, d= 0.5586 Request successfully executed.
13-10-2024 20:20:41 - INFO - Sending request to Setting Chmaber Zones to a= 0.0, b= 0.0, c= 0.0, d= 0.0 with timeout of 5s...
13-10-2024 20:20:41 - INFO - Setting Chmaber Zones to a= 0.0, b= 0.0, c= 0.0, d= 0.0 request successfully sent.
13-10-2024 20:20:41 - INFO - Response from moonraker: {'result': 'ok'}
13-10-2024 20:20:41 - INFO - Setting Chmaber Zones to a= 0.0, b= 0.0, c= 0.0, d= 0.0 Request successfully executed.
13-10-2024 20:20:42 - INFO - Sending request to Setting Chmaber Zones to a= 0.0, b= 0.0, c= 0.0, d= 0.0 with timeout of 5s...
13-10-2024 20:20:42 - INFO - Setting Chmaber Zones to a= 0.0, b= 0.0, c= 0.0, d= 0.0 request successfully sent.
13-10-2024 20:20:42 - INFO - Response from moonraker: {'result': 'ok'}
13-10-2024 20:20:42 - INFO - Setting Chmaber Zones to a= 0.0, b= 0.0, c= 0.0, d= 0.0 Request successfully executed.
13-10-2024 20:20:43 - INFO - Sending request to Setting Chmaber Zones to a= 0.0, b= 0.0, c= 0.0, d= 0.0 with timeout of 5s...
13-10-2024 20:20:43 - INFO - Setting Chmaber Zones to a= 0.0, b= 0.0, c= 0.0, d= 0.0 request successfully sent.
13-10-2024 20:20:43 - INFO - Response from moonraker: {'result': 'ok'}
13-10-2024 20:20:43 - INFO - Setting Chmaber Zones to a= 0.0, b= 0.0, c= 0.0, d= 0.0 Request successfully executed.
13-10-2024 20:20:44 - INFO - Sending request to Setting Chmaber Zones to a= 0.08281000000000222, b= 0.09464000000000253, c= 0.10647000000000284, d= 0.11830000000000314 with timeout of 5s...
13-10-2024 20:20:44 - INFO - Setting Chmaber Zones to a= 0.08281000000000222, b= 0.09464000000000253, c= 0.10647000000000284, d= 0.11830000000000314 request successfully sent.
13-10-2024 20:20:44 - INFO - Response from moonraker: {'result': 'ok'}
13-10-2024 20:20:44 - INFO - Setting Chmaber Zones to a= 0.08281000000000222, b= 0.09464000000000253, c= 0.10647000000000284, d= 0.11830000000000314 Request successfully executed.
13-10-2024 20:20:45 - INFO - Sending request to Setting Chmaber Zones to a= 0.4531799999999984, b= 0.5179199999999982, c= 0.582659999999998, d= 0.6473999999999979 with timeout of 5s...
13-10-2024 20:20:45 - INFO - Setting Chmaber Zones to a= 0.4531799999999984, b= 0.5179199999999982, c= 0.582659999999998, d= 0.6473999999999979 request successfully sent.
13-10-2024 20:20:45 - INFO - Response from moonraker: {'result': 'ok'}
13-10-2024 20:20:45 - INFO - Setting Chmaber Zones to a= 0.4531799999999984, b= 0.5179199999999982, c= 0.582659999999998, d= 0.6473999999999979 Request successfully executed.
13-10-2024 20:20:46 - INFO - Sending request to Setting Chmaber Zones to a= 0.2090900000000018, b= 0.23896000000000206, c= 0.2688300000000023, d= 0.2987000000000026 with timeout of 5s...
13-10-2024 20:20:46 - INFO - Setting Chmaber Zones to a= 0.2090900000000018, b= 0.23896000000000206, c= 0.2688300000000023, d= 0.2987000000000026 request successfully sent.
13-10-2024 20:20:46 - INFO - Response from moonraker: {'result': 'ok'}
13-10-2024 20:20:46 - INFO - Setting Chmaber Zones to a= 0.2090900000000018, b= 0.23896000000000206, c= 0.2688300000000023, d= 0.2987000000000026 Request successfully executed.
13-10-2024 20:20:47 - INFO - Sending request to Setting Chmaber Zones to a= 0.0, b= 0.0, c= 0.0, d= 0.0 with timeout of 5s...
13-10-2024 20:20:47 - INFO - Setting Chmaber Zones to a= 0.0, b= 0.0, c= 0.0, d= 0.0 request successfully sent.
13-10-2024 20:20:47 - INFO - Response from moonraker: {'result': 'ok'}
13-10-2024 20:20:47 - INFO - Setting Chmaber Zones to a= 0.0, b= 0.0, c= 0.0, d= 0.0 Request successfully executed.
13-10-2024 20:20:48 - INFO - Sending request to Setting Chmaber Zones to a= 0.0, b= 0.0, c= 0.0, d= 0.0 with timeout of 5s...
13-10-2024 20:20:48 - INFO - Setting Chmaber Zones to a= 0.0, b= 0.0, c= 0.0, d= 0.0 request successfully sent.
13-10-2024 20:20:48 - INFO - Response from moonraker: {'result': 'ok'}
13-10-2024 20:20:48 - INFO - Setting Chmaber Zones to a= 0.0, b= 0.0, c= 0.0, d= 0.0 Request successfully executed.
13-10-2024 20:20:49 - INFO - Sending request to Setting Chmaber Zones to a= 0.0, b= 0.0, c= 0.0, d= 0.0 with timeout of 5s...
13-10-2024 20:20:49 - INFO - Setting Chmaber Zones to a= 0.0, b= 0.0, c= 0.0, d= 0.0 request successfully sent.
13-10-2024 20:20:49 - INFO - Response from moonraker: {'result': 'ok'}
13-10-2024 20:20:49 - INFO - Setting Chmaber Zones to a= 0.0, b= 0.0, c= 0.0, d= 0.0 Request successfully executed.
13-10-2024 20:20:50 - INFO - Sending request to Setting Chmaber Zones to a= 0.23169999999999993, b= 0.2647999999999999, c= 0.29789999999999994, d= 0.33099999999999985 with timeout of 5s...
13-10-2024 20:20:50 - INFO - Setting Chmaber Zones to a= 0.23169999999999993, b= 0.2647999999999999, c= 0.29789999999999994, d= 0.33099999999999985 request successfully sent.
13-10-2024 20:20:50 - INFO - Response from moonraker: {'result': 'ok'}
13-10-2024 20:20:50 - INFO - Setting Chmaber Zones to a= 0.23169999999999993, b= 0.2647999999999999, c= 0.29789999999999994, d= 0.33099999999999985 Request successfully executed.
13-10-2024 20:20:51 - INFO - Sending request to Setting Chmaber Zones to a= 0.27986000000000144, b= 0.3198400000000017, c= 0.35982000000000186, d= 0.39980000000000204 with timeout of 5s...
13-10-2024 20:20:51 - INFO - Setting Chmaber Zones to a= 0.27986000000000144, b= 0.3198400000000017, c= 0.35982000000000186, d= 0.39980000000000204 request successfully sent.
13-10-2024 20:20:51 - INFO - Response from moonraker: {'result': 'ok'}
13-10-2024 20:20:51 - INFO - Setting Chmaber Zones to a= 0.27986000000000144, b= 0.3198400000000017, c= 0.35982000000000186, d= 0.39980000000000204 Request successfully executed.
13-10-2024 20:20:52 - INFO - Sending request to Setting Chmaber Zones to a= 0.0323399999999999, b= 0.036959999999999875, c= 0.04157999999999986, d= 0.04619999999999984 with timeout of 5s...
13-10-2024 20:20:52 - INFO - Setting Chmaber Zones to a= 0.0323399999999999, b= 0.036959999999999875, c= 0.04157999999999986, d= 0.04619999999999984 request successfully sent.
13-10-2024 20:20:52 - INFO - Response from moonraker: {'result': 'ok'}
13-10-2024 20:20:52 - INFO - Setting Chmaber Zones to a= 0.0323399999999999, b= 0.036959999999999875, c= 0.04157999999999986, d= 0.04619999999999984 Request successfully executed.
13-10-2024 20:20:53 - INFO - Sending request to Setting Chmaber Zones to a= 0.0, b= 0.0, c= 0.0, d= 0.0 with timeout of 5s...
13-10-2024 20:20:53 - INFO - Setting Chmaber Zones to a= 0.0, b= 0.0, c= 0.0, d= 0.0 request successfully sent.
13-10-2024 20:20:53 - INFO - Response from moonraker: {'result': 'ok'}
13-10-2024 20:20:53 - INFO - Setting Chmaber Zones to a= 0.0, b= 0.0, c= 0.0, d= 0.0 Request successfully executed.
13-10-2024 20:20:54 - INFO - Sending request to Setting Chmaber Zones to a= 0.0, b= 0.0, c= 0.0, d= 0.0 with timeout of 5s...
13-10-2024 20:20:54 - INFO - Setting Chmaber Zones to a= 0.0, b= 0.0, c= 0.0, d= 0.0 request successfully sent.
13-10-2024 20:20:54 - INFO - Response from moonraker: {'result': 'ok'}
13-10-2024 20:20:54 - INFO - Setting Chmaber Zones to a= 0.0, b= 0.0, c= 0.0, d= 0.0 Request successfully executed.
13-10-2024 20:20:55 - INFO - Sending request to Setting Chmaber Zones to a= 0.11864999999999809, b= 0.13559999999999783, c= 0.15254999999999755, d= 0.16949999999999726 with timeout of 5s...
13-10-2024 20:20:55 - INFO - Setting Chmaber Zones to a= 0.11864999999999809, b= 0.13559999999999783, c= 0.15254999999999755, d= 0.16949999999999726 request successfully sent.
13-10-2024 20:20:55 - INFO - Response from moonraker: {'result': 'ok'}
13-10-2024 20:20:55 - INFO - Setting Chmaber Zones to a= 0.11864999999999809, b= 0.13559999999999783, c= 0.15254999999999755, d= 0.16949999999999726 Request successfully executed.
13-10-2024 20:20:56 - INFO - Sending request to Setting Chmaber Zones to a= 0.4682300000000014, b= 0.5351200000000016, c= 0.6020100000000018, d= 0.668900000000002 with timeout of 5s...
13-10-2024 20:20:56 - INFO - Setting Chmaber Zones to a= 0.4682300000000014, b= 0.5351200000000016, c= 0.6020100000000018, d= 0.668900000000002 request successfully sent.
13-10-2024 20:20:56 - INFO - Response from moonraker: {'result': 'ok'}
13-10-2024 20:20:56 - INFO - Setting Chmaber Zones to a= 0.4682300000000014, b= 0.5351200000000016, c= 0.6020100000000018, d= 0.668900000000002 Request successfully executed.
13-10-2024 20:20:57 - INFO - Sending request to Setting Chmaber Zones to a= 0.1368499999999988, b= 0.15639999999999862, c= 0.17594999999999847, d= 0.19549999999999831 with timeout of 5s...
13-10-2024 20:20:57 - INFO - Setting Chmaber Zones to a= 0.1368499999999988, b= 0.15639999999999862, c= 0.17594999999999847, d= 0.19549999999999831 request successfully sent.
13-10-2024 20:20:57 - INFO - Response from moonraker: {'result': 'ok'}
13-10-2024 20:20:57 - INFO - Setting Chmaber Zones to a= 0.1368499999999988, b= 0.15639999999999862, c= 0.17594999999999847, d= 0.19549999999999831 Request successfully executed.
13-10-2024 20:20:58 - INFO - Sending request to Setting Chmaber Zones to a= 0.0, b= 0.0, c= 0.0, d= 0.0 with timeout of 5s...
13-10-2024 20:20:58 - INFO - Setting Chmaber Zones to a= 0.0, b= 0.0, c= 0.0, d= 0.0 request successfully sent.
13-10-2024 20:20:58 - INFO - Response from moonraker: {'result': 'ok'}
13-10-2024 20:20:58 - INFO - Setting Chmaber Zones to a= 0.0, b= 0.0, c= 0.0, d= 0.0 Request successfully executed.
13-10-2024 20:20:59 - INFO - Sending request to Setting Chmaber Zones to a= 0.0, b= 0.0, c= 0.0, d= 0.0 with timeout of 5s...
13-10-2024 20:20:59 - INFO - Setting Chmaber Zones to a= 0.0, b= 0.0, c= 0.0, d= 0.0 request successfully sent.
13-10-2024 20:20:59 - INFO - Response from moonraker: {'result': 'ok'}
13-10-2024 20:20:59 - INFO - Setting Chmaber Zones to a= 0.0, b= 0.0, c= 0.0, d= 0.0 Request successfully executed.
13-10-2024 20:21:00 - INFO - Sending request to Setting Chmaber Zones to a= 0.0, b= 0.0, c= 0.0, d= 0.0 with timeout of 5s...
13-10-2024 20:21:00 - INFO - Setting Chmaber Zones to a= 0.0, b= 0.0, c= 0.0, d= 0.0 request successfully sent.
13-10-2024 20:21:00 - INFO - Response from moonraker: {'result': 'ok'}
13-10-2024 20:21:00 - INFO - Setting Chmaber Zones to a= 0.0, b= 0.0, c= 0.0, d= 0.0 Request successfully executed.
13-10-2024 20:21:01 - INFO - Sending request to Setting Chmaber Zones to a= 0.3571399999999989, b= 0.40815999999999875, c= 0.4591799999999986, d= 0.5101999999999984 with timeout of 5s...
13-10-2024 20:21:01 - INFO - Setting Chmaber Zones to a= 0.3571399999999989, b= 0.40815999999999875, c= 0.4591799999999986, d= 0.5101999999999984 request successfully sent.
13-10-2024 20:21:01 - INFO - Response from moonraker: {'result': 'ok'}
13-10-2024 20:21:01 - INFO - Setting Chmaber Zones to a= 0.3571399999999989, b= 0.40815999999999875, c= 0.4591799999999986, d= 0.5101999999999984 Request successfully executed.
13-10-2024 20:21:02 - INFO - Sending request to Setting Chmaber Zones to a= 0.31241, b= 0.35704, c= 0.40167, d= 0.44630000000000003 with timeout of 5s...
13-10-2024 20:21:02 - INFO - Setting Chmaber Zones to a= 0.31241, b= 0.35704, c= 0.40167, d= 0.44630000000000003 request successfully sent.
13-10-2024 20:21:02 - INFO - Response from moonraker: {'result': 'ok'}
13-10-2024 20:21:02 - INFO - Setting Chmaber Zones to a= 0.31241, b= 0.35704, c= 0.40167, d= 0.44630000000000003 Request successfully executed.
13-10-2024 20:21:03 - INFO - Sending request to Setting Chmaber Zones to a= 0.0, b= 0.0, c= 0.0, d= 0.0 with timeout of 5s...
13-10-2024 20:21:03 - INFO - Setting Chmaber Zones to a= 0.0, b= 0.0, c= 0.0, d= 0.0 request successfully sent.
13-10-2024 20:21:03 - INFO - Response from moonraker: {'result': 'ok'}
13-10-2024 20:21:03 - INFO - Setting Chmaber Zones to a= 0.0, b= 0.0, c= 0.0, d= 0.0 Request successfully executed.
13-10-2024 20:21:04 - INFO - Sending request to Setting Chmaber Zones to a= 0.0, b= 0.0, c= 0.0, d= 0.0 with timeout of 5s...
13-10-2024 20:21:04 - INFO - Setting Chmaber Zones to a= 0.0, b= 0.0, c= 0.0, d= 0.0 request successfully sent.
13-10-2024 20:21:04 - INFO - Response from moonraker: {'result': 'ok'}
13-10-2024 20:21:04 - INFO - Setting Chmaber Zones to a= 0.0, b= 0.0, c= 0.0, d= 0.0 Request successfully executed.
13-10-2024 20:21:05 - INFO - Sending request to Setting Chmaber Zones to a= 0.0, b= 0.0, c= 0.0, d= 0.0 with timeout of 5s...
13-10-2024 20:21:05 - INFO - Setting Chmaber Zones to a= 0.0, b= 0.0, c= 0.0, d= 0.0 request successfully sent.
13-10-2024 20:21:05 - INFO - Response from moonraker: {'result': 'ok'}
13-10-2024 20:21:05 - INFO - Setting Chmaber Zones to a= 0.0, b= 0.0, c= 0.0, d= 0.0 Request successfully executed.
13-10-2024 20:21:06 - INFO - Sending request to Setting Chmaber Zones to a= 0.13922999999999996, b= 0.15911999999999996, c= 0.17900999999999992, d= 0.19889999999999994 with timeout of 5s...
13-10-2024 20:21:06 - INFO - Setting Chmaber Zones to a= 0.13922999999999996, b= 0.15911999999999996, c= 0.17900999999999992, d= 0.19889999999999994 request successfully sent.
13-10-2024 20:21:06 - INFO - Response from moonraker: {'result': 'ok'}
13-10-2024 20:21:06 - INFO - Setting Chmaber Zones to a= 0.13922999999999996, b= 0.15911999999999996, c= 0.17900999999999992, d= 0.19889999999999994 Request successfully executed.
13-10-2024 20:21:07 - INFO - Sending request to Setting Chmaber Zones to a= 0.424410000000001, b= 0.4850400000000012, c= 0.5456700000000013, d= 0.6063000000000015 with timeout of 5s...
13-10-2024 20:21:07 - INFO - Setting Chmaber Zones to a= 0.424410000000001, b= 0.4850400000000012, c= 0.5456700000000013, d= 0.6063000000000015 request successfully sent.
13-10-2024 20:21:07 - INFO - Response from moonraker: {'result': 'ok'}
13-10-2024 20:21:07 - INFO - Setting Chmaber Zones to a= 0.424410000000001, b= 0.4850400000000012, c= 0.5456700000000013, d= 0.6063000000000015 Request successfully executed.
13-10-2024 20:21:08 - INFO - Sending request to Setting Chmaber Zones to a= 0.05964000000000026, b= 0.0681600000000003, c= 0.07668000000000035, d= 0.08520000000000037 with timeout of 5s...
13-10-2024 20:21:08 - INFO - Setting Chmaber Zones to a= 0.05964000000000026, b= 0.0681600000000003, c= 0.07668000000000035, d= 0.08520000000000037 request successfully sent.
13-10-2024 20:21:08 - INFO - Response from moonraker: {'result': 'ok'}
13-10-2024 20:21:08 - INFO - Setting Chmaber Zones to a= 0.05964000000000026, b= 0.0681600000000003, c= 0.07668000000000035, d= 0.08520000000000037 Request successfully executed.
13-10-2024 20:21:09 - INFO - Sending request to Setting Chmaber Zones to a= 0.0, b= 0.0, c= 0.0, d= 0.0 with timeout of 5s...
13-10-2024 20:21:09 - INFO - Setting Chmaber Zones to a= 0.0, b= 0.0, c= 0.0, d= 0.0 request successfully sent.
13-10-2024 20:21:09 - INFO - Response from moonraker: {'result': 'ok'}
13-10-2024 20:21:09 - INFO - Setting Chmaber Zones to a= 0.0, b= 0.0, c= 0.0, d= 0.0 Request successfully executed.
13-10-2024 20:21:10 - INFO - Sending request to Setting Chmaber Zones to a= 0.0, b= 0.0, c= 0.0, d= 0.0 with timeout of 5s...
13-10-2024 20:21:10 - INFO - Setting Chmaber Zones to a= 0.0, b= 0.0, c= 0.0, d= 0.0 request successfully sent.
13-10-2024 20:21:10 - INFO - Response from moonraker: {'result': 'ok'}
13-10-2024 20:21:10 - INFO - Setting Chmaber Zones to a= 0.0, b= 0.0, c= 0.0, d= 0.0 Request successfully executed.
13-10-2024 20:21:11 - INFO - Sending request to Setting Chmaber Zones to a= 0.06537999999999997, b= 0.07471999999999995, c= 0.08405999999999995, d= 0.09339999999999997 with timeout of 5s...
13-10-2024 20:21:11 - INFO - Setting Chmaber Zones to a= 0.06537999999999997, b= 0.07471999999999995, c= 0.08405999999999995, d= 0.09339999999999997 request successfully sent.
13-10-2024 20:21:11 - INFO - Response from moonraker: {'result': 'ok'}
13-10-2024 20:21:11 - INFO - Setting Chmaber Zones to a= 0.06537999999999997, b= 0.07471999999999995, c= 0.08405999999999995, d= 0.09339999999999997 Request successfully executed.
13-10-2024 20:21:12 - INFO - Sending request to Setting Chmaber Zones to a= 0.29406999999999883, b= 0.3360799999999986, c= 0.3780899999999985, d= 0.42009999999999825 with timeout of 5s...
13-10-2024 20:21:12 - INFO - Setting Chmaber Zones to a= 0.29406999999999883, b= 0.3360799999999986, c= 0.3780899999999985, d= 0.42009999999999825 request successfully sent.
13-10-2024 20:21:12 - INFO - Response from moonraker: {'result': 'ok'}
13-10-2024 20:21:12 - INFO - Setting Chmaber Zones to a= 0.29406999999999883, b= 0.3360799999999986, c= 0.3780899999999985, d= 0.42009999999999825 Request successfully executed.
13-10-2024 20:21:13 - INFO - Sending request to Setting Chmaber Zones to a= 0.10765999999999921, b= 0.1230399999999991, c= 0.138419999999999, d= 0.15379999999999888 with timeout of 5s...
13-10-2024 20:21:13 - INFO - Setting Chmaber Zones to a= 0.10765999999999921, b= 0.1230399999999991, c= 0.138419999999999, d= 0.15379999999999888 request successfully sent.
13-10-2024 20:21:13 - INFO - Response from moonraker: {'result': 'ok'}
13-10-2024 20:21:13 - INFO - Setting Chmaber Zones to a= 0.10765999999999921, b= 0.1230399999999991, c= 0.138419999999999, d= 0.15379999999999888 Request successfully executed.
13-10-2024 20:21:14 - INFO - Sending request to Setting Chmaber Zones to a= 0.0, b= 0.0, c= 0.0, d= 0.0 with timeout of 5s...
13-10-2024 20:21:14 - INFO - Setting Chmaber Zones to a= 0.0, b= 0.0, c= 0.0, d= 0.0 request successfully sent.
13-10-2024 20:21:14 - INFO - Response from moonraker: {'result': 'ok'}
13-10-2024 20:21:14 - INFO - Setting Chmaber Zones to a= 0.0, b= 0.0, c= 0.0, d= 0.0 Request successfully executed.
13-10-2024 20:21:15 - INFO - Sending request to Setting Chmaber Zones to a= 0.0, b= 0.0, c= 0.0, d= 0.0 with timeout of 5s...
13-10-2024 20:21:15 - INFO - Setting Chmaber Zones to a= 0.0, b= 0.0, c= 0.0, d= 0.0 request successfully sent.
13-10-2024 20:21:15 - INFO - Response from moonraker: {'result': 'ok'}
13-10-2024 20:21:15 - INFO - Setting Chmaber Zones to a= 0.0, b= 0.0, c= 0.0, d= 0.0 Request successfully executed.
13-10-2024 20:21:16 - INFO - Sending request to Setting Chmaber Zones to a= 0.1652000000000006, b= 0.1888000000000007, c= 0.2124000000000008, d= 0.23600000000000088 with timeout of 5s...
13-10-2024 20:21:16 - INFO - Setting Chmaber Zones to a= 0.1652000000000006, b= 0.1888000000000007, c= 0.2124000000000008, d= 0.23600000000000088 request successfully sent.
13-10-2024 20:21:16 - INFO - Response from moonraker: {'result': 'ok'}
13-10-2024 20:21:16 - INFO - Setting Chmaber Zones to a= 0.1652000000000006, b= 0.1888000000000007, c= 0.2124000000000008, d= 0.23600000000000088 Request successfully executed.
13-10-2024 20:21:17 - INFO - Sending request to Setting Chmaber Zones to a= 0.26718999999999765, b= 0.3053599999999973, c= 0.34352999999999695, d= 0.3816999999999966 with timeout of 5s...
13-10-2024 20:21:17 - INFO - Setting Chmaber Zones to a= 0.26718999999999765, b= 0.3053599999999973, c= 0.34352999999999695, d= 0.3816999999999966 request successfully sent.
13-10-2024 20:21:17 - INFO - Response from moonraker: {'result': 'ok'}
13-10-2024 20:21:17 - INFO - Setting Chmaber Zones to a= 0.26718999999999765, b= 0.3053599999999973, c= 0.34352999999999695, d= 0.3816999999999966 Request successfully executed.
13-10-2024 20:21:18 - INFO - Sending request to Setting Chmaber Zones to a= 0.0, b= 0.0, c= 0.0, d= 0.0 with timeout of 5s...
13-10-2024 20:21:18 - INFO - Setting Chmaber Zones to a= 0.0, b= 0.0, c= 0.0, d= 0.0 request successfully sent.
13-10-2024 20:21:18 - INFO - Response from moonraker: {'result': 'ok'}
13-10-2024 20:21:18 - INFO - Setting Chmaber Zones to a= 0.0, b= 0.0, c= 0.0, d= 0.0 Request successfully executed.
13-10-2024 20:21:19 - INFO - Sending request to Setting Chmaber Zones to a= 0.0, b= 0.0, c= 0.0, d= 0.0 with timeout of 5s...
13-10-2024 20:21:19 - INFO - Setting Chmaber Zones to a= 0.0, b= 0.0, c= 0.0, d= 0.0 request successfully sent.
13-10-2024 20:21:19 - INFO - Response from moonraker: {'result': 'ok'}
13-10-2024 20:21:19 - INFO - Setting Chmaber Zones to a= 0.0, b= 0.0, c= 0.0, d= 0.0 Request successfully executed.
13-10-2024 20:21:20 - INFO - Sending request to Setting Chmaber Zones to a= 0.0, b= 0.0, c= 0.0, d= 0.0 with timeout of 5s...
13-10-2024 20:21:20 - INFO - Setting Chmaber Zones to a= 0.0, b= 0.0, c= 0.0, d= 0.0 request successfully sent.
13-10-2024 20:21:20 - INFO - Response from moonraker: {'result': 'ok'}
13-10-2024 20:21:20 - INFO - Setting Chmaber Zones to a= 0.0, b= 0.0, c= 0.0, d= 0.0 Request successfully executed.
13-10-2024 20:21:21 - INFO - Sending request to Setting Chmaber Zones to a= 0.33123999999999837, b= 0.3785599999999982, c= 0.42587999999999787, d= 0.4731999999999977 with timeout of 5s...
13-10-2024 20:21:21 - INFO - Setting Chmaber Zones to a= 0.33123999999999837, b= 0.3785599999999982, c= 0.42587999999999787, d= 0.4731999999999977 request successfully sent.
13-10-2024 20:21:21 - INFO - Response from moonraker: {'result': 'ok'}
13-10-2024 20:21:21 - INFO - Setting Chmaber Zones to a= 0.33123999999999837, b= 0.3785599999999982, c= 0.42587999999999787, d= 0.4731999999999977 Request successfully executed.
13-10-2024 20:21:22 - INFO - Sending request to Setting Chmaber Zones to a= 0.330120000000001, b= 0.37728000000000117, c= 0.4244400000000013, d= 0.47160000000000146 with timeout of 5s...
13-10-2024 20:21:22 - INFO - Setting Chmaber Zones to a= 0.330120000000001, b= 0.37728000000000117, c= 0.4244400000000013, d= 0.47160000000000146 request successfully sent.
13-10-2024 20:21:22 - INFO - Response from moonraker: {'result': 'ok'}
13-10-2024 20:21:22 - INFO - Setting Chmaber Zones to a= 0.330120000000001, b= 0.37728000000000117, c= 0.4244400000000013, d= 0.47160000000000146 Request successfully executed.
13-10-2024 20:21:23 - INFO - Sending request to Setting Chmaber Zones to a= 0.0, b= 0.0, c= 0.0, d= 0.0 with timeout of 5s...
13-10-2024 20:21:23 - INFO - Setting Chmaber Zones to a= 0.0, b= 0.0, c= 0.0, d= 0.0 request successfully sent.
13-10-2024 20:21:23 - INFO - Response from moonraker: {'result': 'ok'}
13-10-2024 20:21:23 - INFO - Setting Chmaber Zones to a= 0.0, b= 0.0, c= 0.0, d= 0.0 Request successfully executed.
13-10-2024 20:21:24 - INFO - Sending request to Setting Chmaber Zones to a= 0.0, b= 0.0, c= 0.0, d= 0.0 with timeout of 5s...
13-10-2024 20:21:24 - INFO - Setting Chmaber Zones to a= 0.0, b= 0.0, c= 0.0, d= 0.0 request successfully sent.
13-10-2024 20:21:24 - INFO - Response from moonraker: {'result': 'ok'}
13-10-2024 20:21:24 - INFO - Setting Chmaber Zones to a= 0.0, b= 0.0, c= 0.0, d= 0.0 Request successfully executed.
13-10-2024 20:21:25 - INFO - Sending request to Setting Chmaber Zones to a= 0.0, b= 0.0, c= 0.0, d= 0.0 with timeout of 5s...
13-10-2024 20:21:25 - INFO - Setting Chmaber Zones to a= 0.0, b= 0.0, c= 0.0, d= 0.0 request successfully sent.
13-10-2024 20:21:25 - INFO - Response from moonraker: {'result': 'ok'}
13-10-2024 20:21:25 - INFO - Setting Chmaber Zones to a= 0.0, b= 0.0, c= 0.0, d= 0.0 Request successfully executed.
13-10-2024 20:21:26 - INFO - Sending request to Setting Chmaber Zones to a= 0.13678000000000057, b= 0.15632000000000065, c= 0.17586000000000074, d= 0.1954000000000008 with timeout of 5s...
13-10-2024 20:21:26 - INFO - Setting Chmaber Zones to a= 0.13678000000000057, b= 0.15632000000000065, c= 0.17586000000000074, d= 0.1954000000000008 request successfully sent.
13-10-2024 20:21:26 - INFO - Response from moonraker: {'result': 'ok'}
13-10-2024 20:21:26 - INFO - Setting Chmaber Zones to a= 0.13678000000000057, b= 0.15632000000000065, c= 0.17586000000000074, d= 0.1954000000000008 Request successfully executed.
13-10-2024 20:21:27 - INFO - Sending request to Setting Chmaber Zones to a= 0.3630199999999977, b= 0.4148799999999973, c= 0.46673999999999694, d= 0.5185999999999966 with timeout of 5s...
13-10-2024 20:21:27 - INFO - Setting Chmaber Zones to a= 0.3630199999999977, b= 0.4148799999999973, c= 0.46673999999999694, d= 0.5185999999999966 request successfully sent.
13-10-2024 20:21:27 - INFO - Response from moonraker: {'result': 'ok'}
13-10-2024 20:21:27 - INFO - Setting Chmaber Zones to a= 0.3630199999999977, b= 0.4148799999999973, c= 0.46673999999999694, d= 0.5185999999999966 Request successfully executed.
13-10-2024 20:21:28 - INFO - Sending request to Setting Chmaber Zones to a= 0.052150000000001445, b= 0.05960000000000165, c= 0.06705000000000186, d= 0.07450000000000206 with timeout of 5s...
13-10-2024 20:21:28 - INFO - Setting Chmaber Zones to a= 0.052150000000001445, b= 0.05960000000000165, c= 0.06705000000000186, d= 0.07450000000000206 request successfully sent.
13-10-2024 20:21:28 - INFO - Response from moonraker: {'result': 'ok'}
13-10-2024 20:21:28 - INFO - Setting Chmaber Zones to a= 0.052150000000001445, b= 0.05960000000000165, c= 0.06705000000000186, d= 0.07450000000000206 Request successfully executed.
13-10-2024 20:21:29 - INFO - Sending request to Setting Chmaber Zones to a= 0.0, b= 0.0, c= 0.0, d= 0.0 with timeout of 5s...
13-10-2024 20:21:29 - INFO - Setting Chmaber Zones to a= 0.0, b= 0.0, c= 0.0, d= 0.0 request successfully sent.
13-10-2024 20:21:29 - INFO - Response from moonraker: {'result': 'ok'}
13-10-2024 20:21:29 - INFO - Setting Chmaber Zones to a= 0.0, b= 0.0, c= 0.0, d= 0.0 Request successfully executed.
13-10-2024 20:21:30 - INFO - Sending request to Setting Chmaber Zones to a= 0.0, b= 0.0, c= 0.0, d= 0.0 with timeout of 5s...
13-10-2024 20:21:30 - INFO - Setting Chmaber Zones to a= 0.0, b= 0.0, c= 0.0, d= 0.0 request successfully sent.
13-10-2024 20:21:30 - INFO - Response from moonraker: {'result': 'ok'}
13-10-2024 20:21:30 - INFO - Setting Chmaber Zones to a= 0.0, b= 0.0, c= 0.0, d= 0.0 Request successfully executed.
13-10-2024 20:21:31 - INFO - Sending request to Setting Chmaber Zones to a= 0.7, b= 0.8, c= 0.9, d= 1.0 with timeout of 5s...
13-10-2024 20:21:31 - INFO - Setting Chmaber Zones to a= 0.7, b= 0.8, c= 0.9, d= 1.0 request successfully sent.
13-10-2024 20:21:31 - INFO - Response from moonraker: {'result': 'ok'}
13-10-2024 20:21:31 - INFO - Setting Chmaber Zones to a= 0.7, b= 0.8, c= 0.9, d= 1.0 Request successfully executed.
13-10-2024 20:21:32 - INFO - Sending request to Setting Chmaber Zones to a= 0.7, b= 0.8, c= 0.9, d= 1.0 with timeout of 5s...
13-10-2024 20:21:32 - INFO - Setting Chmaber Zones to a= 0.7, b= 0.8, c= 0.9, d= 1.0 request successfully sent.
13-10-2024 20:21:32 - INFO - Response from moonraker: {'result': 'ok'}
13-10-2024 20:21:32 - INFO - Setting Chmaber Zones to a= 0.7, b= 0.8, c= 0.9, d= 1.0 Request successfully executed.
13-10-2024 20:21:33 - INFO - Sending request to Setting Chmaber Zones to a= 0.0, b= 0.0, c= 0.0, d= 0.0 with timeout of 5s...
13-10-2024 20:21:33 - INFO - Setting Chmaber Zones to a= 0.0, b= 0.0, c= 0.0, d= 0.0 request successfully sent.
13-10-2024 20:21:33 - INFO - Response from moonraker: {'result': 'ok'}
13-10-2024 20:21:33 - INFO - Setting Chmaber Zones to a= 0.0, b= 0.0, c= 0.0, d= 0.0 Request successfully executed.
13-10-2024 20:21:34 - INFO - Sending request to Setting Chmaber Zones to a= 0.0, b= 0.0, c= 0.0, d= 0.0 with timeout of 5s...
13-10-2024 20:21:34 - INFO - Setting Chmaber Zones to a= 0.0, b= 0.0, c= 0.0, d= 0.0 request successfully sent.
13-10-2024 20:21:34 - INFO - Response from moonraker: {'result': 'ok'}
13-10-2024 20:21:34 - INFO - Setting Chmaber Zones to a= 0.0, b= 0.0, c= 0.0, d= 0.0 Request successfully executed.
13-10-2024 20:21:35 - INFO - Sending request to Setting Chmaber Zones to a= 0.0, b= 0.0, c= 0.0, d= 0.0 with timeout of 5s...
13-10-2024 20:21:35 - INFO - Setting Chmaber Zones to a= 0.0, b= 0.0, c= 0.0, d= 0.0 request successfully sent.
13-10-2024 20:21:35 - INFO - Response from moonraker: {'result': 'ok'}
13-10-2024 20:21:35 - INFO - Setting Chmaber Zones to a= 0.0, b= 0.0, c= 0.0, d= 0.0 Request successfully executed.
13-10-2024 20:21:36 - INFO - Sending request to Setting Chmaber Zones to a= 0.7, b= 0.8, c= 0.9, d= 1.0 with timeout of 5s...
13-10-2024 20:21:36 - INFO - Setting Chmaber Zones to a= 0.7, b= 0.8, c= 0.9, d= 1.0 request successfully sent.
13-10-2024 20:21:36 - INFO - Response from moonraker: {'result': 'ok'}
13-10-2024 20:21:36 - INFO - Setting Chmaber Zones to a= 0.7, b= 0.8, c= 0.9, d= 1.0 Request successfully executed.
13-10-2024 20:21:37 - INFO - Sending request to Setting Chmaber Zones to a= 0.7, b= 0.8, c= 0.9, d= 1.0 with timeout of 5s...
13-10-2024 20:21:37 - INFO - Setting Chmaber Zones to a= 0.7, b= 0.8, c= 0.9, d= 1.0 request successfully sent.
13-10-2024 20:21:37 - INFO - Response from moonraker: {'result': 'ok'}
13-10-2024 20:21:37 - INFO - Setting Chmaber Zones to a= 0.7, b= 0.8, c= 0.9, d= 1.0 Request successfully executed.
13-10-2024 20:21:38 - INFO - Sending request to Setting Chmaber Zones to a= 0.0, b= 0.0, c= 0.0, d= 0.0 with timeout of 5s...
13-10-2024 20:21:38 - INFO - Setting Chmaber Zones to a= 0.0, b= 0.0, c= 0.0, d= 0.0 request successfully sent.
13-10-2024 20:21:38 - INFO - Response from moonraker: {'result': 'ok'}
13-10-2024 20:21:38 - INFO - Setting Chmaber Zones to a= 0.0, b= 0.0, c= 0.0, d= 0.0 Request successfully executed.
13-10-2024 20:21:39 - INFO - Sending request to Setting Chmaber Zones to a= 0.0, b= 0.0, c= 0.0, d= 0.0 with timeout of 5s...
13-10-2024 20:21:39 - INFO - Setting Chmaber Zones to a= 0.0, b= 0.0, c= 0.0, d= 0.0 request successfully sent.
13-10-2024 20:21:39 - INFO - Response from moonraker: {'result': 'ok'}
13-10-2024 20:21:39 - INFO - Setting Chmaber Zones to a= 0.0, b= 0.0, c= 0.0, d= 0.0 Request successfully executed.
13-10-2024 20:21:40 - INFO - Sending request to Setting Chmaber Zones to a= 0.7, b= 0.8, c= 0.9, d= 1.0 with timeout of 5s...
13-10-2024 20:21:40 - INFO - Setting Chmaber Zones to a= 0.7, b= 0.8, c= 0.9, d= 1.0 request successfully sent.
13-10-2024 20:21:40 - INFO - Response from moonraker: {'result': 'ok'}
13-10-2024 20:21:40 - INFO - Setting Chmaber Zones to a= 0.7, b= 0.8, c= 0.9, d= 1.0 Request successfully executed.
13-10-2024 20:21:41 - INFO - Sending request to Setting Chmaber Zones to a= 0.7, b= 0.8, c= 0.9, d= 1.0 with timeout of 5s...
13-10-2024 20:21:41 - INFO - Setting Chmaber Zones to a= 0.7, b= 0.8, c= 0.9, d= 1.0 request successfully sent.
13-10-2024 20:21:41 - INFO - Response from moonraker: {'result': 'ok'}
13-10-2024 20:21:41 - INFO - Setting Chmaber Zones to a= 0.7, b= 0.8, c= 0.9, d= 1.0 Request successfully executed.
13-10-2024 20:21:42 - INFO - Sending request to Setting Chmaber Zones to a= 0.0, b= 0.0, c= 0.0, d= 0.0 with timeout of 5s...
13-10-2024 20:21:42 - INFO - Setting Chmaber Zones to a= 0.0, b= 0.0, c= 0.0, d= 0.0 request successfully sent.
13-10-2024 20:21:42 - INFO - Response from moonraker: {'result': 'ok'}
13-10-2024 20:21:42 - INFO - Setting Chmaber Zones to a= 0.0, b= 0.0, c= 0.0, d= 0.0 Request successfully executed.
13-10-2024 20:21:43 - INFO - Sending request to Setting Chmaber Zones to a= 0.0, b= 0.0, c= 0.0, d= 0.0 with timeout of 5s...
13-10-2024 20:21:43 - INFO - Setting Chmaber Zones to a= 0.0, b= 0.0, c= 0.0, d= 0.0 request successfully sent.
13-10-2024 20:21:43 - INFO - Response from moonraker: {'result': 'ok'}
13-10-2024 20:21:43 - INFO - Setting Chmaber Zones to a= 0.0, b= 0.0, c= 0.0, d= 0.0 Request successfully executed.
13-10-2024 20:21:44 - INFO - Sending request to Setting Chmaber Zones to a= 0.0, b= 0.0, c= 0.0, d= 0.0 with timeout of 5s...
13-10-2024 20:21:44 - INFO - Setting Chmaber Zones to a= 0.0, b= 0.0, c= 0.0, d= 0.0 request successfully sent.
13-10-2024 20:21:44 - INFO - Response from moonraker: {'result': 'ok'}
13-10-2024 20:21:44 - INFO - Setting Chmaber Zones to a= 0.0, b= 0.0, c= 0.0, d= 0.0 Request successfully executed.
13-10-2024 20:21:45 - INFO - Sending request to Setting Chmaber Zones to a= 0.7, b= 0.8, c= 0.9, d= 1.0 with timeout of 5s...
13-10-2024 20:21:45 - INFO - Setting Chmaber Zones to a= 0.7, b= 0.8, c= 0.9, d= 1.0 request successfully sent.
13-10-2024 20:21:45 - INFO - Response from moonraker: {'result': 'ok'}
13-10-2024 20:21:45 - INFO - Setting Chmaber Zones to a= 0.7, b= 0.8, c= 0.9, d= 1.0 Request successfully executed.
13-10-2024 20:21:46 - INFO - Sending request to Setting Chmaber Zones to a= 0.6020000000000019, b= 0.688000000000002, c= 0.7740000000000024, d= 0.8600000000000027 with timeout of 5s...
13-10-2024 20:21:46 - INFO - Setting Chmaber Zones to a= 0.6020000000000019, b= 0.688000000000002, c= 0.7740000000000024, d= 0.8600000000000027 request successfully sent.
13-10-2024 20:21:46 - INFO - Response from moonraker: {'result': 'ok'}
13-10-2024 20:21:46 - INFO - Setting Chmaber Zones to a= 0.6020000000000019, b= 0.688000000000002, c= 0.7740000000000024, d= 0.8600000000000027 Request successfully executed.
13-10-2024 20:21:47 - INFO - Sending request to Setting Chmaber Zones to a= 0.0, b= 0.0, c= 0.0, d= 0.0 with timeout of 5s...
13-10-2024 20:21:47 - INFO - Setting Chmaber Zones to a= 0.0, b= 0.0, c= 0.0, d= 0.0 request successfully sent.
13-10-2024 20:21:47 - INFO - Response from moonraker: {'result': 'ok'}
13-10-2024 20:21:47 - INFO - Setting Chmaber Zones to a= 0.0, b= 0.0, c= 0.0, d= 0.0 Request successfully executed.
13-10-2024 20:21:48 - INFO - Sending request to Setting Chmaber Zones to a= 0.0, b= 0.0, c= 0.0, d= 0.0 with timeout of 5s...
13-10-2024 20:21:48 - INFO - Setting Chmaber Zones to a= 0.0, b= 0.0, c= 0.0, d= 0.0 request successfully sent.
13-10-2024 20:21:48 - INFO - Response from moonraker: {'result': 'ok'}
13-10-2024 20:21:48 - INFO - Setting Chmaber Zones to a= 0.0, b= 0.0, c= 0.0, d= 0.0 Request successfully executed.
13-10-2024 20:21:49 - INFO - Sending request to Setting Chmaber Zones to a= 0.7, b= 0.8, c= 0.9, d= 1.0 with timeout of 5s...
13-10-2024 20:21:49 - INFO - Setting Chmaber Zones to a= 0.7, b= 0.8, c= 0.9, d= 1.0 request successfully sent.
13-10-2024 20:21:49 - INFO - Response from moonraker: {'result': 'ok'}
13-10-2024 20:21:49 - INFO - Setting Chmaber Zones to a= 0.7, b= 0.8, c= 0.9, d= 1.0 Request successfully executed.
13-10-2024 20:21:50 - INFO - Sending request to Setting Chmaber Zones to a= 0.47466999999999127, b= 0.54247999999999, c= 0.6102899999999888, d= 0.6780999999999875 with timeout of 5s...
13-10-2024 20:21:50 - INFO - Setting Chmaber Zones to a= 0.47466999999999127, b= 0.54247999999999, c= 0.6102899999999888, d= 0.6780999999999875 request successfully sent.
13-10-2024 20:21:50 - INFO - Response from moonraker: {'result': 'ok'}
13-10-2024 20:21:50 - INFO - Setting Chmaber Zones to a= 0.47466999999999127, b= 0.54247999999999, c= 0.6102899999999888, d= 0.6780999999999875 Request successfully executed.
13-10-2024 20:21:51 - INFO - Sending request to Setting Chmaber Zones to a= 0.0, b= 0.0, c= 0.0, d= 0.0 with timeout of 5s...
13-10-2024 20:21:51 - INFO - Setting Chmaber Zones to a= 0.0, b= 0.0, c= 0.0, d= 0.0 request successfully sent.
13-10-2024 20:21:51 - INFO - Response from moonraker: {'result': 'ok'}
13-10-2024 20:21:51 - INFO - Setting Chmaber Zones to a= 0.0, b= 0.0, c= 0.0, d= 0.0 Request successfully executed.
13-10-2024 20:21:52 - INFO - Sending request to Setting Chmaber Zones to a= 0.0, b= 0.0, c= 0.0, d= 0.0 with timeout of 5s...
13-10-2024 20:21:52 - INFO - Setting Chmaber Zones to a= 0.0, b= 0.0, c= 0.0, d= 0.0 request successfully sent.
13-10-2024 20:21:52 - INFO - Response from moonraker: {'result': 'ok'}
13-10-2024 20:21:52 - INFO - Setting Chmaber Zones to a= 0.0, b= 0.0, c= 0.0, d= 0.0 Request successfully executed.
13-10-2024 20:21:53 - INFO - Sending request to Setting Chmaber Zones to a= 0.0, b= 0.0, c= 0.0, d= 0.0 with timeout of 5s...
13-10-2024 20:21:53 - INFO - Setting Chmaber Zones to a= 0.0, b= 0.0, c= 0.0, d= 0.0 request successfully sent.
13-10-2024 20:21:53 - INFO - Response from moonraker: {'result': 'ok'}
13-10-2024 20:21:53 - INFO - Setting Chmaber Zones to a= 0.0, b= 0.0, c= 0.0, d= 0.0 Request successfully executed.
13-10-2024 20:21:54 - INFO - Sending request to Setting Chmaber Zones to a= 0.7, b= 0.8, c= 0.9, d= 1.0 with timeout of 5s...
13-10-2024 20:21:54 - INFO - Setting Chmaber Zones to a= 0.7, b= 0.8, c= 0.9, d= 1.0 request successfully sent.
13-10-2024 20:21:54 - INFO - Response from moonraker: {'result': 'ok'}
13-10-2024 20:21:54 - INFO - Setting Chmaber Zones to a= 0.7, b= 0.8, c= 0.9, d= 1.0 Request successfully executed.
13-10-2024 20:21:55 - INFO - Sending request to Setting Chmaber Zones to a= 0.33558000000000626, b= 0.38352000000000713, c= 0.43146000000000806, d= 0.47940000000000893 with timeout of 5s...
13-10-2024 20:21:55 - INFO - Setting Chmaber Zones to a= 0.33558000000000626, b= 0.38352000000000713, c= 0.43146000000000806, d= 0.47940000000000893 request successfully sent.
13-10-2024 20:21:55 - INFO - Response from moonraker: {'result': 'ok'}
13-10-2024 20:21:55 - INFO - Setting Chmaber Zones to a= 0.33558000000000626, b= 0.38352000000000713, c= 0.43146000000000806, d= 0.47940000000000893 Request successfully executed.
13-10-2024 20:21:56 - INFO - Sending request to Setting Chmaber Zones to a= 0.0, b= 0.0, c= 0.0, d= 0.0 with timeout of 5s...
13-10-2024 20:21:56 - INFO - Setting Chmaber Zones to a= 0.0, b= 0.0, c= 0.0, d= 0.0 request successfully sent.
13-10-2024 20:21:56 - INFO - Response from moonraker: {'result': 'ok'}
13-10-2024 20:21:56 - INFO - Setting Chmaber Zones to a= 0.0, b= 0.0, c= 0.0, d= 0.0 Request successfully executed.
13-10-2024 20:21:57 - INFO - Sending request to Setting Chmaber Zones to a= 0.0, b= 0.0, c= 0.0, d= 0.0 with timeout of 5s...
13-10-2024 20:21:57 - INFO - Setting Chmaber Zones to a= 0.0, b= 0.0, c= 0.0, d= 0.0 request successfully sent.
13-10-2024 20:21:57 - INFO - Response from moonraker: {'result': 'ok'}
13-10-2024 20:21:57 - INFO - Setting Chmaber Zones to a= 0.0, b= 0.0, c= 0.0, d= 0.0 Request successfully executed.
13-10-2024 20:21:58 - INFO - Sending request to Setting Chmaber Zones to a= 0.005319999999995839, b= 0.006079999999995245, c= 0.006839999999994651, d= 0.007599999999994056 with timeout of 5s...
13-10-2024 20:21:58 - INFO - Setting Chmaber Zones to a= 0.005319999999995839, b= 0.006079999999995245, c= 0.006839999999994651, d= 0.007599999999994056 request successfully sent.
13-10-2024 20:21:58 - INFO - Response from moonraker: {'result': 'ok'}
13-10-2024 20:21:58 - INFO - Setting Chmaber Zones to a= 0.005319999999995839, b= 0.006079999999995245, c= 0.006839999999994651, d= 0.007599999999994056 Request successfully executed.
13-10-2024 20:21:59 - INFO - Sending request to Setting Chmaber Zones to a= 0.7, b= 0.8, c= 0.9, d= 1.0 with timeout of 5s...
13-10-2024 20:21:59 - INFO - Setting Chmaber Zones to a= 0.7, b= 0.8, c= 0.9, d= 1.0 request successfully sent.
13-10-2024 20:21:59 - INFO - Response from moonraker: {'result': 'ok'}
13-10-2024 20:21:59 - INFO - Setting Chmaber Zones to a= 0.7, b= 0.8, c= 0.9, d= 1.0 Request successfully executed.
13-10-2024 20:22:00 - INFO - Sending request to Setting Chmaber Zones to a= 0.0, b= 0.0, c= 0.0, d= 0.0 with timeout of 5s...
13-10-2024 20:22:00 - INFO - Setting Chmaber Zones to a= 0.0, b= 0.0, c= 0.0, d= 0.0 request successfully sent.
13-10-2024 20:22:00 - INFO - Response from moonraker: {'result': 'ok'}
13-10-2024 20:22:00 - INFO - Setting Chmaber Zones to a= 0.0, b= 0.0, c= 0.0, d= 0.0 Request successfully executed.
13-10-2024 20:22:01 - INFO - Sending request to Setting Chmaber Zones to a= 0.0, b= 0.0, c= 0.0, d= 0.0 with timeout of 5s...
13-10-2024 20:22:01 - INFO - Setting Chmaber Zones to a= 0.0, b= 0.0, c= 0.0, d= 0.0 request successfully sent.
13-10-2024 20:22:01 - INFO - Response from moonraker: {'result': 'ok'}
13-10-2024 20:22:01 - INFO - Setting Chmaber Zones to a= 0.0, b= 0.0, c= 0.0, d= 0.0 Request successfully executed.
13-10-2024 20:22:02 - INFO - Sending request to Setting Chmaber Zones to a= 0.0, b= 0.0, c= 0.0, d= 0.0 with timeout of 5s...
13-10-2024 20:22:02 - INFO - Setting Chmaber Zones to a= 0.0, b= 0.0, c= 0.0, d= 0.0 request successfully sent.
13-10-2024 20:22:02 - INFO - Response from moonraker: {'result': 'ok'}
13-10-2024 20:22:02 - INFO - Setting Chmaber Zones to a= 0.0, b= 0.0, c= 0.0, d= 0.0 Request successfully executed.
13-10-2024 20:22:03 - INFO - Sending request to Setting Chmaber Zones to a= 0.7, b= 0.8, c= 0.9, d= 1.0 with timeout of 5s...
13-10-2024 20:22:03 - INFO - Setting Chmaber Zones to a= 0.7, b= 0.8, c= 0.9, d= 1.0 request successfully sent.
13-10-2024 20:22:03 - INFO - Response from moonraker: {'result': 'ok'}
13-10-2024 20:22:03 - INFO - Setting Chmaber Zones to a= 0.7, b= 0.8, c= 0.9, d= 1.0 Request successfully executed.
13-10-2024 20:22:04 - INFO - Sending request to Setting Chmaber Zones to a= 0.23674000000000844, b= 0.2705600000000096, c= 0.3043800000000108, d= 0.338200000000012 with timeout of 5s...
13-10-2024 20:22:04 - INFO - Setting Chmaber Zones to a= 0.23674000000000844, b= 0.2705600000000096, c= 0.3043800000000108, d= 0.338200000000012 request successfully sent.
13-10-2024 20:22:04 - INFO - Response from moonraker: {'result': 'ok'}
13-10-2024 20:22:04 - INFO - Setting Chmaber Zones to a= 0.23674000000000844, b= 0.2705600000000096, c= 0.3043800000000108, d= 0.338200000000012 Request successfully executed.
13-10-2024 20:22:05 - INFO - Sending request to Setting Chmaber Zones to a= 0.0, b= 0.0, c= 0.0, d= 0.0 with timeout of 5s...
13-10-2024 20:22:05 - INFO - Setting Chmaber Zones to a= 0.0, b= 0.0, c= 0.0, d= 0.0 request successfully sent.
13-10-2024 20:22:05 - INFO - Response from moonraker: {'result': 'ok'}
13-10-2024 20:22:05 - INFO - Setting Chmaber Zones to a= 0.0, b= 0.0, c= 0.0, d= 0.0 Request successfully executed.
13-10-2024 20:22:06 - INFO - Sending request to Setting Chmaber Zones to a= 0.0, b= 0.0, c= 0.0, d= 0.0 with timeout of 5s...
13-10-2024 20:22:06 - INFO - Setting Chmaber Zones to a= 0.0, b= 0.0, c= 0.0, d= 0.0 request successfully sent.
13-10-2024 20:22:06 - INFO - Response from moonraker: {'result': 'ok'}
13-10-2024 20:22:06 - INFO - Setting Chmaber Zones to a= 0.0, b= 0.0, c= 0.0, d= 0.0 Request successfully executed.
13-10-2024 20:22:07 - INFO - Sending request to Setting Chmaber Zones to a= 0.0, b= 0.0, c= 0.0, d= 0.0 with timeout of 5s...
13-10-2024 20:22:07 - INFO - Setting Chmaber Zones to a= 0.0, b= 0.0, c= 0.0, d= 0.0 request successfully sent.
13-10-2024 20:22:07 - INFO - Response from moonraker: {'result': 'ok'}
13-10-2024 20:22:07 - INFO - Setting Chmaber Zones to a= 0.0, b= 0.0, c= 0.0, d= 0.0 Request successfully executed.
13-10-2024 20:22:08 - INFO - Sending request to Setting Chmaber Zones to a= 0.0, b= 0.0, c= 0.0, d= 0.0 with timeout of 5s...
13-10-2024 20:22:08 - INFO - Setting Chmaber Zones to a= 0.0, b= 0.0, c= 0.0, d= 0.0 request successfully sent.
13-10-2024 20:22:08 - INFO - Response from moonraker: {'result': 'ok'}
13-10-2024 20:22:08 - INFO - Setting Chmaber Zones to a= 0.0, b= 0.0, c= 0.0, d= 0.0 Request successfully executed.
13-10-2024 20:22:09 - INFO - Sending request to Setting Chmaber Zones to a= 0.0, b= 0.0, c= 0.0, d= 0.0 with timeout of 5s...
13-10-2024 20:22:09 - INFO - Setting Chmaber Zones to a= 0.0, b= 0.0, c= 0.0, d= 0.0 request successfully sent.
13-10-2024 20:22:09 - INFO - Response from moonraker: {'result': 'ok'}
13-10-2024 20:22:09 - INFO - Setting Chmaber Zones to a= 0.0, b= 0.0, c= 0.0, d= 0.0 Request successfully executed.
13-10-2024 20:22:10 - INFO - Sending request to Setting Chmaber Zones to a= 0.0, b= 0.0, c= 0.0, d= 0.0 with timeout of 5s...
13-10-2024 20:22:10 - INFO - Setting Chmaber Zones to a= 0.0, b= 0.0, c= 0.0, d= 0.0 request successfully sent.
13-10-2024 20:22:10 - INFO - Response from moonraker: {'result': 'ok'}
13-10-2024 20:22:10 - INFO - Setting Chmaber Zones to a= 0.0, b= 0.0, c= 0.0, d= 0.0 Request successfully executed.
13-10-2024 20:22:11 - INFO - Sending request to Setting Chmaber Zones to a= 0.0, b= 0.0, c= 0.0, d= 0.0 with timeout of 5s...
13-10-2024 20:22:11 - INFO - Setting Chmaber Zones to a= 0.0, b= 0.0, c= 0.0, d= 0.0 request successfully sent.
13-10-2024 20:22:11 - INFO - Response from moonraker: {'result': 'ok'}
13-10-2024 20:22:11 - INFO - Setting Chmaber Zones to a= 0.0, b= 0.0, c= 0.0, d= 0.0 Request successfully executed.
13-10-2024 20:22:12 - INFO - Sending request to Setting Chmaber Zones to a= 0.0, b= 0.0, c= 0.0, d= 0.0 with timeout of 5s...
13-10-2024 20:22:12 - INFO - Setting Chmaber Zones to a= 0.0, b= 0.0, c= 0.0, d= 0.0 request successfully sent.
13-10-2024 20:22:12 - INFO - Response from moonraker: {'result': 'ok'}
13-10-2024 20:22:12 - INFO - Setting Chmaber Zones to a= 0.0, b= 0.0, c= 0.0, d= 0.0 Request successfully executed.
13-10-2024 20:22:13 - INFO - Sending request to Setting Chmaber Zones to a= 0.0, b= 0.0, c= 0.0, d= 0.0 with timeout of 5s...
13-10-2024 20:22:13 - INFO - Setting Chmaber Zones to a= 0.0, b= 0.0, c= 0.0, d= 0.0 request successfully sent.
13-10-2024 20:22:13 - INFO - Response from moonraker: {'result': 'ok'}
13-10-2024 20:22:13 - INFO - Setting Chmaber Zones to a= 0.0, b= 0.0, c= 0.0, d= 0.0 Request successfully executed.
13-10-2024 20:22:14 - INFO - Sending request to Setting Chmaber Zones to a= 0.0, b= 0.0, c= 0.0, d= 0.0 with timeout of 5s...
13-10-2024 20:22:14 - INFO - Setting Chmaber Zones to a= 0.0, b= 0.0, c= 0.0, d= 0.0 request successfully sent.
13-10-2024 20:22:14 - INFO - Response from moonraker: {'result': 'ok'}
13-10-2024 20:22:14 - INFO - Setting Chmaber Zones to a= 0.0, b= 0.0, c= 0.0, d= 0.0 Request successfully executed.
13-10-2024 20:22:15 - INFO - Sending request to Setting Chmaber Zones to a= 0.0, b= 0.0, c= 0.0, d= 0.0 with timeout of 5s...
13-10-2024 20:22:15 - INFO - Setting Chmaber Zones to a= 0.0, b= 0.0, c= 0.0, d= 0.0 request successfully sent.
13-10-2024 20:22:15 - INFO - Response from moonraker: {'result': 'ok'}
13-10-2024 20:22:15 - INFO - Setting Chmaber Zones to a= 0.0, b= 0.0, c= 0.0, d= 0.0 Request successfully executed.
13-10-2024 20:22:16 - INFO - Sending request to Setting Chmaber Zones to a= 0.0, b= 0.0, c= 0.0, d= 0.0 with timeout of 5s...
13-10-2024 20:22:16 - INFO - Setting Chmaber Zones to a= 0.0, b= 0.0, c= 0.0, d= 0.0 request successfully sent.
13-10-2024 20:22:16 - INFO - Response from moonraker: {'result': 'ok'}
13-10-2024 20:22:16 - INFO - Setting Chmaber Zones to a= 0.0, b= 0.0, c= 0.0, d= 0.0 Request successfully executed.
13-10-2024 20:22:17 - INFO - Sending request to Setting Chmaber Zones to a= 0.0, b= 0.0, c= 0.0, d= 0.0 with timeout of 5s...
13-10-2024 20:22:17 - INFO - Setting Chmaber Zones to a= 0.0, b= 0.0, c= 0.0, d= 0.0 request successfully sent.
13-10-2024 20:22:17 - INFO - Response from moonraker: {'result': 'ok'}
13-10-2024 20:22:17 - INFO - Setting Chmaber Zones to a= 0.0, b= 0.0, c= 0.0, d= 0.0 Request successfully executed.
13-10-2024 20:22:18 - INFO - Sending request to Setting Chmaber Zones to a= 0.0, b= 0.0, c= 0.0, d= 0.0 with timeout of 5s...
13-10-2024 20:22:18 - INFO - Setting Chmaber Zones to a= 0.0, b= 0.0, c= 0.0, d= 0.0 request successfully sent.
13-10-2024 20:22:18 - INFO - Response from moonraker: {'result': 'ok'}
13-10-2024 20:22:18 - INFO - Setting Chmaber Zones to a= 0.0, b= 0.0, c= 0.0, d= 0.0 Request successfully executed.
13-10-2024 20:22:19 - INFO - Sending request to Setting Chmaber Zones to a= 0.0, b= 0.0, c= 0.0, d= 0.0 with timeout of 5s...
13-10-2024 20:22:19 - INFO - Setting Chmaber Zones to a= 0.0, b= 0.0, c= 0.0, d= 0.0 request successfully sent.
13-10-2024 20:22:19 - INFO - Response from moonraker: {'result': 'ok'}
13-10-2024 20:22:19 - INFO - Setting Chmaber Zones to a= 0.0, b= 0.0, c= 0.0, d= 0.0 Request successfully executed.
13-10-2024 20:22:20 - INFO - Sending request to Setting Chmaber Zones to a= 0.0, b= 0.0, c= 0.0, d= 0.0 with timeout of 5s...
13-10-2024 20:22:20 - INFO - Setting Chmaber Zones to a= 0.0, b= 0.0, c= 0.0, d= 0.0 request successfully sent.
13-10-2024 20:22:20 - INFO - Response from moonraker: {'result': 'ok'}
13-10-2024 20:22:20 - INFO - Setting Chmaber Zones to a= 0.0, b= 0.0, c= 0.0, d= 0.0 Request successfully executed.
13-10-2024 20:22:21 - INFO - Sending request to Setting Chmaber Zones to a= 0.015119999999999873, b= 0.017279999999999855, c= 0.01943999999999984, d= 0.02159999999999982 with timeout of 5s...
13-10-2024 20:22:21 - INFO - Setting Chmaber Zones to a= 0.015119999999999873, b= 0.017279999999999855, c= 0.01943999999999984, d= 0.02159999999999982 request successfully sent.
13-10-2024 20:22:21 - INFO - Response from moonraker: {'result': 'ok'}
13-10-2024 20:22:21 - INFO - Setting Chmaber Zones to a= 0.015119999999999873, b= 0.017279999999999855, c= 0.01943999999999984, d= 0.02159999999999982 Request successfully executed.
13-10-2024 20:22:22 - INFO - Sending request to Setting Chmaber Zones to a= 0.030380000000000927, b= 0.03472000000000106, c= 0.0390600000000012, d= 0.04340000000000133 with timeout of 5s...
13-10-2024 20:22:22 - INFO - Setting Chmaber Zones to a= 0.030380000000000927, b= 0.03472000000000106, c= 0.0390600000000012, d= 0.04340000000000133 request successfully sent.
13-10-2024 20:22:22 - INFO - Response from moonraker: {'result': 'ok'}
13-10-2024 20:22:22 - INFO - Setting Chmaber Zones to a= 0.030380000000000927, b= 0.03472000000000106, c= 0.0390600000000012, d= 0.04340000000000133 Request successfully executed.
13-10-2024 20:22:23 - INFO - Sending request to Setting Chmaber Zones to a= 0.0, b= 0.0, c= 0.0, d= 0.0 with timeout of 5s...
13-10-2024 20:22:23 - INFO - Setting Chmaber Zones to a= 0.0, b= 0.0, c= 0.0, d= 0.0 request successfully sent.
13-10-2024 20:22:23 - INFO - Response from moonraker: {'result': 'ok'}
13-10-2024 20:22:23 - INFO - Setting Chmaber Zones to a= 0.0, b= 0.0, c= 0.0, d= 0.0 Request successfully executed.
13-10-2024 20:22:24 - INFO - Sending request to Setting Chmaber Zones to a= 0.0, b= 0.0, c= 0.0, d= 0.0 with timeout of 5s...
13-10-2024 20:22:24 - INFO - Setting Chmaber Zones to a= 0.0, b= 0.0, c= 0.0, d= 0.0 request successfully sent.
13-10-2024 20:22:24 - INFO - Response from moonraker: {'result': 'ok'}
13-10-2024 20:22:24 - INFO - Setting Chmaber Zones to a= 0.0, b= 0.0, c= 0.0, d= 0.0 Request successfully executed.
13-10-2024 20:22:25 - INFO - Sending request to Setting Chmaber Zones to a= 0.0, b= 0.0, c= 0.0, d= 0.0 with timeout of 5s...
13-10-2024 20:22:25 - INFO - Setting Chmaber Zones to a= 0.0, b= 0.0, c= 0.0, d= 0.0 request successfully sent.
13-10-2024 20:22:25 - INFO - Response from moonraker: {'result': 'ok'}
13-10-2024 20:22:25 - INFO - Setting Chmaber Zones to a= 0.0, b= 0.0, c= 0.0, d= 0.0 Request successfully executed.
13-10-2024 20:22:26 - INFO - Sending request to Setting Chmaber Zones to a= 0.04493999999999934, b= 0.05135999999999925, c= 0.05777999999999916, d= 0.06419999999999906 with timeout of 5s...
13-10-2024 20:22:26 - INFO - Setting Chmaber Zones to a= 0.04493999999999934, b= 0.05135999999999925, c= 0.05777999999999916, d= 0.06419999999999906 request successfully sent.
13-10-2024 20:22:26 - INFO - Response from moonraker: {'result': 'ok'}
13-10-2024 20:22:26 - INFO - Setting Chmaber Zones to a= 0.04493999999999934, b= 0.05135999999999925, c= 0.05777999999999916, d= 0.06419999999999906 Request successfully executed.
13-10-2024 20:22:27 - INFO - Sending request to Setting Chmaber Zones to a= 0.06629000000000007, b= 0.07576000000000009, c= 0.08523000000000008, d= 0.09470000000000009 with timeout of 5s...
13-10-2024 20:22:27 - INFO - Setting Chmaber Zones to a= 0.06629000000000007, b= 0.07576000000000009, c= 0.08523000000000008, d= 0.09470000000000009 request successfully sent.
13-10-2024 20:22:27 - INFO - Response from moonraker: {'result': 'ok'}
13-10-2024 20:22:27 - INFO - Setting Chmaber Zones to a= 0.06629000000000007, b= 0.07576000000000009, c= 0.08523000000000008, d= 0.09470000000000009 Request successfully executed.
13-10-2024 20:22:28 - INFO - Sending request to Setting Chmaber Zones to a= 0.0, b= 0.0, c= 0.0, d= 0.0 with timeout of 5s...
13-10-2024 20:22:28 - INFO - Setting Chmaber Zones to a= 0.0, b= 0.0, c= 0.0, d= 0.0 request successfully sent.
13-10-2024 20:22:28 - INFO - Response from moonraker: {'result': 'ok'}
13-10-2024 20:22:28 - INFO - Setting Chmaber Zones to a= 0.0, b= 0.0, c= 0.0, d= 0.0 Request successfully executed.
13-10-2024 20:22:29 - INFO - Sending request to Setting Chmaber Zones to a= 0.0, b= 0.0, c= 0.0, d= 0.0 with timeout of 5s...
13-10-2024 20:22:29 - INFO - Setting Chmaber Zones to a= 0.0, b= 0.0, c= 0.0, d= 0.0 request successfully sent.
13-10-2024 20:22:29 - INFO - Response from moonraker: {'result': 'ok'}
13-10-2024 20:22:29 - INFO - Setting Chmaber Zones to a= 0.0, b= 0.0, c= 0.0, d= 0.0 Request successfully executed.
13-10-2024 20:22:30 - INFO - Sending request to Setting Chmaber Zones to a= 0.0, b= 0.0, c= 0.0, d= 0.0 with timeout of 5s...
13-10-2024 20:22:30 - INFO - Setting Chmaber Zones to a= 0.0, b= 0.0, c= 0.0, d= 0.0 request successfully sent.
13-10-2024 20:22:30 - INFO - Response from moonraker: {'result': 'ok'}
13-10-2024 20:22:30 - INFO - Setting Chmaber Zones to a= 0.0, b= 0.0, c= 0.0, d= 0.0 Request successfully executed.
13-10-2024 20:22:31 - INFO - Sending request to Setting Chmaber Zones to a= 0.02666999999999897, b= 0.03047999999999882, c= 0.03428999999999867, d= 0.038099999999998524 with timeout of 5s...
13-10-2024 20:22:31 - INFO - Setting Chmaber Zones to a= 0.02666999999999897, b= 0.03047999999999882, c= 0.03428999999999867, d= 0.038099999999998524 request successfully sent.
13-10-2024 20:22:31 - INFO - Response from moonraker: {'result': 'ok'}
13-10-2024 20:22:31 - INFO - Setting Chmaber Zones to a= 0.02666999999999897, b= 0.03047999999999882, c= 0.03428999999999867, d= 0.038099999999998524 Request successfully executed.
13-10-2024 20:22:32 - INFO - Sending request to Setting Chmaber Zones to a= 0.10605000000000077, b= 0.12120000000000088, c= 0.136350000000001, d= 0.1515000000000011 with timeout of 5s...
13-10-2024 20:22:32 - INFO - Setting Chmaber Zones to a= 0.10605000000000077, b= 0.12120000000000088, c= 0.136350000000001, d= 0.1515000000000011 request successfully sent.
13-10-2024 20:22:32 - INFO - Response from moonraker: {'result': 'ok'}
13-10-2024 20:22:32 - INFO - Setting Chmaber Zones to a= 0.10605000000000077, b= 0.12120000000000088, c= 0.136350000000001, d= 0.1515000000000011 Request successfully executed.
13-10-2024 20:22:33 - INFO - Sending request to Setting Chmaber Zones to a= 0.02093000000000016, b= 0.02392000000000018, c= 0.0269100000000002, d= 0.029900000000000225 with timeout of 5s...
13-10-2024 20:22:33 - INFO - Setting Chmaber Zones to a= 0.02093000000000016, b= 0.02392000000000018, c= 0.0269100000000002, d= 0.029900000000000225 request successfully sent.
13-10-2024 20:22:33 - INFO - Response from moonraker: {'result': 'ok'}
13-10-2024 20:22:33 - INFO - Setting Chmaber Zones to a= 0.02093000000000016, b= 0.02392000000000018, c= 0.0269100000000002, d= 0.029900000000000225 Request successfully executed.
13-10-2024 20:22:34 - INFO - Sending request to Setting Chmaber Zones to a= 0.0, b= 0.0, c= 0.0, d= 0.0 with timeout of 5s...
13-10-2024 20:22:34 - INFO - Setting Chmaber Zones to a= 0.0, b= 0.0, c= 0.0, d= 0.0 request successfully sent.
13-10-2024 20:22:34 - INFO - Response from moonraker: {'result': 'ok'}
13-10-2024 20:22:34 - INFO - Setting Chmaber Zones to a= 0.0, b= 0.0, c= 0.0, d= 0.0 Request successfully executed.
13-10-2024 20:22:35 - INFO - Sending request to Setting Chmaber Zones to a= 0.0, b= 0.0, c= 0.0, d= 0.0 with timeout of 5s...
13-10-2024 20:22:35 - INFO - Setting Chmaber Zones to a= 0.0, b= 0.0, c= 0.0, d= 0.0 request successfully sent.
13-10-2024 20:22:35 - INFO - Response from moonraker: {'result': 'ok'}
13-10-2024 20:22:35 - INFO - Setting Chmaber Zones to a= 0.0, b= 0.0, c= 0.0, d= 0.0 Request successfully executed.
13-10-2024 20:22:36 - INFO - Sending request to Setting Chmaber Zones to a= 0.022330000000000245, b= 0.02552000000000028, c= 0.028710000000000315, d= 0.03190000000000035 with timeout of 5s...
13-10-2024 20:22:36 - INFO - Setting Chmaber Zones to a= 0.022330000000000245, b= 0.02552000000000028, c= 0.028710000000000315, d= 0.03190000000000035 request successfully sent.
13-10-2024 20:22:36 - INFO - Response from moonraker: {'result': 'ok'}
13-10-2024 20:22:36 - INFO - Setting Chmaber Zones to a= 0.022330000000000245, b= 0.02552000000000028, c= 0.028710000000000315, d= 0.03190000000000035 Request successfully executed.
13-10-2024 20:22:37 - INFO - Sending request to Setting Chmaber Zones to a= 0.09302999999999981, b= 0.1063199999999998, c= 0.11960999999999977, d= 0.13289999999999974 with timeout of 5s...
13-10-2024 20:22:37 - INFO - Setting Chmaber Zones to a= 0.09302999999999981, b= 0.1063199999999998, c= 0.11960999999999977, d= 0.13289999999999974 request successfully sent.
13-10-2024 20:22:37 - INFO - Response from moonraker: {'result': 'ok'}
13-10-2024 20:22:37 - INFO - Setting Chmaber Zones to a= 0.09302999999999981, b= 0.1063199999999998, c= 0.11960999999999977, d= 0.13289999999999974 Request successfully executed.
13-10-2024 20:22:38 - INFO - Sending request to Setting Chmaber Zones to a= 0.05271000000000035, b= 0.06024000000000039, c= 0.06777000000000044, d= 0.07530000000000049 with timeout of 5s...
13-10-2024 20:22:38 - INFO - Setting Chmaber Zones to a= 0.05271000000000035, b= 0.06024000000000039, c= 0.06777000000000044, d= 0.07530000000000049 request successfully sent.
13-10-2024 20:22:38 - INFO - Response from moonraker: {'result': 'ok'}
13-10-2024 20:22:38 - INFO - Setting Chmaber Zones to a= 0.05271000000000035, b= 0.06024000000000039, c= 0.06777000000000044, d= 0.07530000000000049 Request successfully executed.
13-10-2024 20:22:39 - INFO - Sending request to Setting Chmaber Zones to a= 0.0, b= 0.0, c= 0.0, d= 0.0 with timeout of 5s...
13-10-2024 20:22:39 - INFO - Setting Chmaber Zones to a= 0.0, b= 0.0, c= 0.0, d= 0.0 request successfully sent.
13-10-2024 20:22:39 - INFO - Response from moonraker: {'result': 'ok'}
13-10-2024 20:22:39 - INFO - Setting Chmaber Zones to a= 0.0, b= 0.0, c= 0.0, d= 0.0 Request successfully executed.
13-10-2024 20:22:40 - INFO - Sending request to Setting Chmaber Zones to a= 0.0, b= 0.0, c= 0.0, d= 0.0 with timeout of 5s...
13-10-2024 20:22:40 - INFO - Setting Chmaber Zones to a= 0.0, b= 0.0, c= 0.0, d= 0.0 request successfully sent.
13-10-2024 20:22:40 - INFO - Response from moonraker: {'result': 'ok'}
13-10-2024 20:22:40 - INFO - Setting Chmaber Zones to a= 0.0, b= 0.0, c= 0.0, d= 0.0 Request successfully executed.
13-10-2024 20:22:41 - INFO - Sending request to Setting Chmaber Zones to a= 0.0, b= 0.0, c= 0.0, d= 0.0 with timeout of 5s...
13-10-2024 20:22:41 - INFO - Setting Chmaber Zones to a= 0.0, b= 0.0, c= 0.0, d= 0.0 request successfully sent.
13-10-2024 20:22:41 - INFO - Response from moonraker: {'result': 'ok'}
13-10-2024 20:22:41 - INFO - Setting Chmaber Zones to a= 0.0, b= 0.0, c= 0.0, d= 0.0 Request successfully executed.
13-10-2024 20:22:42 - INFO - Sending request to Setting Chmaber Zones to a= 0.1093400000000009, b= 0.12496000000000101, c= 0.14058000000000115, d= 0.15620000000000128 with timeout of 5s...
13-10-2024 20:22:42 - INFO - Setting Chmaber Zones to a= 0.1093400000000009, b= 0.12496000000000101, c= 0.14058000000000115, d= 0.15620000000000128 request successfully sent.
13-10-2024 20:22:42 - INFO - Response from moonraker: {'result': 'ok'}
13-10-2024 20:22:42 - INFO - Setting Chmaber Zones to a= 0.1093400000000009, b= 0.12496000000000101, c= 0.14058000000000115, d= 0.15620000000000128 Request successfully executed.
13-10-2024 20:22:43 - INFO - Sending request to Setting Chmaber Zones to a= 0.2297399999999995, b= 0.26255999999999946, c= 0.2953799999999993, d= 0.32819999999999927 with timeout of 5s...
13-10-2024 20:22:43 - INFO - Setting Chmaber Zones to a= 0.2297399999999995, b= 0.26255999999999946, c= 0.2953799999999993, d= 0.32819999999999927 request successfully sent.
13-10-2024 20:22:43 - INFO - Response from moonraker: {'result': 'ok'}
13-10-2024 20:22:43 - INFO - Setting Chmaber Zones to a= 0.2297399999999995, b= 0.26255999999999946, c= 0.2953799999999993, d= 0.32819999999999927 Request successfully executed.
13-10-2024 20:22:44 - INFO - Sending request to Setting Chmaber Zones to a= 0.042209999999999276, b= 0.04823999999999917, c= 0.05426999999999907, d= 0.060299999999998966 with timeout of 5s...
13-10-2024 20:22:44 - INFO - Setting Chmaber Zones to a= 0.042209999999999276, b= 0.04823999999999917, c= 0.05426999999999907, d= 0.060299999999998966 request successfully sent.
13-10-2024 20:22:44 - INFO - Response from moonraker: {'result': 'ok'}
13-10-2024 20:22:44 - INFO - Setting Chmaber Zones to a= 0.042209999999999276, b= 0.04823999999999917, c= 0.05426999999999907, d= 0.060299999999998966 Request successfully executed.
13-10-2024 20:22:45 - INFO - Sending request to Setting Chmaber Zones to a= 0.0, b= 0.0, c= 0.0, d= 0.0 with timeout of 5s...
13-10-2024 20:22:45 - INFO - Setting Chmaber Zones to a= 0.0, b= 0.0, c= 0.0, d= 0.0 request successfully sent.
13-10-2024 20:22:45 - INFO - Response from moonraker: {'result': 'ok'}
13-10-2024 20:22:45 - INFO - Setting Chmaber Zones to a= 0.0, b= 0.0, c= 0.0, d= 0.0 Request successfully executed.
13-10-2024 20:22:46 - INFO - Sending request to Setting Chmaber Zones to a= 0.0, b= 0.0, c= 0.0, d= 0.0 with timeout of 5s...
13-10-2024 20:22:46 - INFO - Setting Chmaber Zones to a= 0.0, b= 0.0, c= 0.0, d= 0.0 request successfully sent.
13-10-2024 20:22:46 - INFO - Response from moonraker: {'result': 'ok'}
13-10-2024 20:22:46 - INFO - Setting Chmaber Zones to a= 0.0, b= 0.0, c= 0.0, d= 0.0 Request successfully executed.
13-10-2024 20:22:47 - INFO - Sending request to Setting Chmaber Zones to a= 0.0, b= 0.0, c= 0.0, d= 0.0 with timeout of 5s...
13-10-2024 20:22:47 - INFO - Setting Chmaber Zones to a= 0.0, b= 0.0, c= 0.0, d= 0.0 request successfully sent.
13-10-2024 20:22:47 - INFO - Response from moonraker: {'result': 'ok'}
13-10-2024 20:22:47 - INFO - Setting Chmaber Zones to a= 0.0, b= 0.0, c= 0.0, d= 0.0 Request successfully executed.
13-10-2024 20:22:48 - INFO - Sending request to Setting Chmaber Zones to a= 0.08021999999999853, b= 0.09167999999999832, c= 0.1031399999999981, d= 0.1145999999999979 with timeout of 5s...
13-10-2024 20:22:48 - INFO - Setting Chmaber Zones to a= 0.08021999999999853, b= 0.09167999999999832, c= 0.1031399999999981, d= 0.1145999999999979 request successfully sent.
13-10-2024 20:22:48 - INFO - Response from moonraker: {'result': 'ok'}
13-10-2024 20:22:48 - INFO - Setting Chmaber Zones to a= 0.08021999999999853, b= 0.09167999999999832, c= 0.1031399999999981, d= 0.1145999999999979 Request successfully executed.
13-10-2024 20:22:49 - INFO - Sending request to Setting Chmaber Zones to a= 0.16603999999999966, b= 0.18975999999999962, c= 0.21347999999999956, d= 0.23719999999999952 with timeout of 5s...
13-10-2024 20:22:49 - INFO - Setting Chmaber Zones to a= 0.16603999999999966, b= 0.18975999999999962, c= 0.21347999999999956, d= 0.23719999999999952 request successfully sent.
13-10-2024 20:22:49 - INFO - Response from moonraker: {'result': 'ok'}
13-10-2024 20:22:49 - INFO - Setting Chmaber Zones to a= 0.16603999999999966, b= 0.18975999999999962, c= 0.21347999999999956, d= 0.23719999999999952 Request successfully executed.
13-10-2024 20:22:50 - INFO - Sending request to Setting Chmaber Zones to a= 0.06572999999999891, b= 0.07511999999999876, c= 0.0845099999999986, d= 0.09389999999999844 with timeout of 5s...
13-10-2024 20:22:50 - INFO - Setting Chmaber Zones to a= 0.06572999999999891, b= 0.07511999999999876, c= 0.0845099999999986, d= 0.09389999999999844 request successfully sent.
13-10-2024 20:22:50 - INFO - Response from moonraker: {'result': 'ok'}
13-10-2024 20:22:50 - INFO - Setting Chmaber Zones to a= 0.06572999999999891, b= 0.07511999999999876, c= 0.0845099999999986, d= 0.09389999999999844 Request successfully executed.
13-10-2024 20:22:51 - INFO - Sending request to Setting Chmaber Zones to a= 0.0, b= 0.0, c= 0.0, d= 0.0 with timeout of 5s...
13-10-2024 20:22:51 - INFO - Setting Chmaber Zones to a= 0.0, b= 0.0, c= 0.0, d= 0.0 request successfully sent.
13-10-2024 20:22:51 - INFO - Response from moonraker: {'result': 'ok'}
13-10-2024 20:22:51 - INFO - Setting Chmaber Zones to a= 0.0, b= 0.0, c= 0.0, d= 0.0 Request successfully executed.
13-10-2024 20:22:52 - INFO - Sending request to Setting Chmaber Zones to a= 0.0, b= 0.0, c= 0.0, d= 0.0 with timeout of 5s...
13-10-2024 20:22:52 - INFO - Setting Chmaber Zones to a= 0.0, b= 0.0, c= 0.0, d= 0.0 request successfully sent.
13-10-2024 20:22:52 - INFO - Response from moonraker: {'result': 'ok'}
13-10-2024 20:22:52 - INFO - Setting Chmaber Zones to a= 0.0, b= 0.0, c= 0.0, d= 0.0 Request successfully executed.
13-10-2024 20:22:53 - INFO - Sending request to Setting Chmaber Zones to a= 0.0, b= 0.0, c= 0.0, d= 0.0 with timeout of 5s...
13-10-2024 20:22:53 - INFO - Setting Chmaber Zones to a= 0.0, b= 0.0, c= 0.0, d= 0.0 request successfully sent.
13-10-2024 20:22:53 - INFO - Response from moonraker: {'result': 'ok'}
13-10-2024 20:22:53 - INFO - Setting Chmaber Zones to a= 0.0, b= 0.0, c= 0.0, d= 0.0 Request successfully executed.
13-10-2024 20:22:54 - INFO - Sending request to Setting Chmaber Zones to a= 0.1415400000000004, b= 0.16176000000000046, c= 0.1819800000000005, d= 0.20220000000000055 with timeout of 5s...
13-10-2024 20:22:54 - INFO - Setting Chmaber Zones to a= 0.1415400000000004, b= 0.16176000000000046, c= 0.1819800000000005, d= 0.20220000000000055 request successfully sent.
13-10-2024 20:22:54 - INFO - Response from moonraker: {'result': 'ok'}
13-10-2024 20:22:54 - INFO - Setting Chmaber Zones to a= 0.1415400000000004, b= 0.16176000000000046, c= 0.1819800000000005, d= 0.20220000000000055 Request successfully executed.
13-10-2024 20:22:55 - INFO - Sending request to Setting Chmaber Zones to a= 0.18627000000000013, b= 0.21288000000000015, c= 0.23949000000000015, d= 0.26610000000000017 with timeout of 5s...
13-10-2024 20:22:55 - INFO - Setting Chmaber Zones to a= 0.18627000000000013, b= 0.21288000000000015, c= 0.23949000000000015, d= 0.26610000000000017 request successfully sent.
13-10-2024 20:22:55 - INFO - Response from moonraker: {'result': 'ok'}
13-10-2024 20:22:55 - INFO - Setting Chmaber Zones to a= 0.18627000000000013, b= 0.21288000000000015, c= 0.23949000000000015, d= 0.26610000000000017 Request successfully executed.
13-10-2024 20:22:56 - INFO - Sending request to Setting Chmaber Zones to a= 0.0, b= 0.0, c= 0.0, d= 0.0 with timeout of 5s...
13-10-2024 20:22:56 - INFO - Setting Chmaber Zones to a= 0.0, b= 0.0, c= 0.0, d= 0.0 request successfully sent.
13-10-2024 20:22:56 - INFO - Response from moonraker: {'result': 'ok'}
13-10-2024 20:22:56 - INFO - Setting Chmaber Zones to a= 0.0, b= 0.0, c= 0.0, d= 0.0 Request successfully executed.
13-10-2024 20:22:57 - INFO - Sending request to Setting Chmaber Zones to a= 0.0, b= 0.0, c= 0.0, d= 0.0 with timeout of 5s...
13-10-2024 20:22:57 - INFO - Setting Chmaber Zones to a= 0.0, b= 0.0, c= 0.0, d= 0.0 request successfully sent.
13-10-2024 20:22:57 - INFO - Response from moonraker: {'result': 'ok'}
13-10-2024 20:22:57 - INFO - Setting Chmaber Zones to a= 0.0, b= 0.0, c= 0.0, d= 0.0 Request successfully executed.
13-10-2024 20:22:58 - INFO - Sending request to Setting Chmaber Zones to a= 0.0, b= 0.0, c= 0.0, d= 0.0 with timeout of 5s...
13-10-2024 20:22:58 - INFO - Setting Chmaber Zones to a= 0.0, b= 0.0, c= 0.0, d= 0.0 request successfully sent.
13-10-2024 20:22:58 - INFO - Response from moonraker: {'result': 'ok'}
13-10-2024 20:22:58 - INFO - Setting Chmaber Zones to a= 0.0, b= 0.0, c= 0.0, d= 0.0 Request successfully executed.
13-10-2024 20:22:59 - INFO - Sending request to Setting Chmaber Zones to a= 0.0952000000000011, b= 0.10880000000000126, c= 0.12240000000000141, d= 0.13600000000000156 with timeout of 5s...
13-10-2024 20:22:59 - INFO - Setting Chmaber Zones to a= 0.0952000000000011, b= 0.10880000000000126, c= 0.12240000000000141, d= 0.13600000000000156 request successfully sent.
13-10-2024 20:22:59 - INFO - Response from moonraker: {'result': 'ok'}
13-10-2024 20:22:59 - INFO - Setting Chmaber Zones to a= 0.0952000000000011, b= 0.10880000000000126, c= 0.12240000000000141, d= 0.13600000000000156 Request successfully executed.
13-10-2024 20:23:00 - INFO - Sending request to Setting Chmaber Zones to a= 0.19256999999999885, b= 0.22007999999999867, c= 0.2475899999999985, d= 0.27509999999999835 with timeout of 5s...
13-10-2024 20:23:00 - INFO - Setting Chmaber Zones to a= 0.19256999999999885, b= 0.22007999999999867, c= 0.2475899999999985, d= 0.27509999999999835 request successfully sent.
13-10-2024 20:23:00 - INFO - Response from moonraker: {'result': 'ok'}
13-10-2024 20:23:00 - INFO - Setting Chmaber Zones to a= 0.19256999999999885, b= 0.22007999999999867, c= 0.2475899999999985, d= 0.27509999999999835 Request successfully executed.
13-10-2024 20:23:01 - INFO - Sending request to Setting Chmaber Zones to a= 0.019600000000000527, b= 0.0224000000000006, c= 0.02520000000000068, d= 0.028000000000000753 with timeout of 5s...
13-10-2024 20:23:01 - INFO - Setting Chmaber Zones to a= 0.019600000000000527, b= 0.0224000000000006, c= 0.02520000000000068, d= 0.028000000000000753 request successfully sent.
13-10-2024 20:23:01 - INFO - Response from moonraker: {'result': 'ok'}
13-10-2024 20:23:01 - INFO - Setting Chmaber Zones to a= 0.019600000000000527, b= 0.0224000000000006, c= 0.02520000000000068, d= 0.028000000000000753 Request successfully executed.
13-10-2024 20:23:02 - INFO - Sending request to Setting Chmaber Zones to a= 0.0, b= 0.0, c= 0.0, d= 0.0 with timeout of 5s...
13-10-2024 20:23:02 - INFO - Setting Chmaber Zones to a= 0.0, b= 0.0, c= 0.0, d= 0.0 request successfully sent.
13-10-2024 20:23:02 - INFO - Response from moonraker: {'result': 'ok'}
13-10-2024 20:23:02 - INFO - Setting Chmaber Zones to a= 0.0, b= 0.0, c= 0.0, d= 0.0 Request successfully executed.
13-10-2024 20:23:03 - INFO - Sending request to Setting Chmaber Zones to a= 0.0, b= 0.0, c= 0.0, d= 0.0 with timeout of 5s...
13-10-2024 20:23:03 - INFO - Setting Chmaber Zones to a= 0.0, b= 0.0, c= 0.0, d= 0.0 request successfully sent.
13-10-2024 20:23:03 - INFO - Response from moonraker: {'result': 'ok'}
13-10-2024 20:23:03 - INFO - Setting Chmaber Zones to a= 0.0, b= 0.0, c= 0.0, d= 0.0 Request successfully executed.
13-10-2024 20:23:04 - INFO - Sending request to Setting Chmaber Zones to a= 0.0, b= 0.0, c= 0.0, d= 0.0 with timeout of 5s...
13-10-2024 20:23:04 - INFO - Setting Chmaber Zones to a= 0.0, b= 0.0, c= 0.0, d= 0.0 request successfully sent.
13-10-2024 20:23:04 - INFO - Response from moonraker: {'result': 'ok'}
13-10-2024 20:23:04 - INFO - Setting Chmaber Zones to a= 0.0, b= 0.0, c= 0.0, d= 0.0 Request successfully executed.
13-10-2024 20:23:05 - INFO - Sending request to Setting Chmaber Zones to a= 0.3797499999999996, b= 0.43399999999999955, c= 0.48824999999999946, d= 0.5424999999999994 with timeout of 5s...
13-10-2024 20:23:05 - INFO - Setting Chmaber Zones to a= 0.3797499999999996, b= 0.43399999999999955, c= 0.48824999999999946, d= 0.5424999999999994 request successfully sent.
13-10-2024 20:23:05 - INFO - Response from moonraker: {'result': 'ok'}
13-10-2024 20:23:05 - INFO - Setting Chmaber Zones to a= 0.3797499999999996, b= 0.43399999999999955, c= 0.48824999999999946, d= 0.5424999999999994 Request successfully executed.
13-10-2024 20:23:06 - INFO - Sending request to Setting Chmaber Zones to a= 0.0, b= 0.0, c= 0.0, d= 0.0 with timeout of 5s...
13-10-2024 20:23:06 - INFO - Setting Chmaber Zones to a= 0.0, b= 0.0, c= 0.0, d= 0.0 request successfully sent.
13-10-2024 20:23:06 - INFO - Response from moonraker: {'result': 'ok'}
13-10-2024 20:23:06 - INFO - Setting Chmaber Zones to a= 0.0, b= 0.0, c= 0.0, d= 0.0 Request successfully executed.
13-10-2024 20:23:07 - INFO - Sending request to Setting Chmaber Zones to a= 0.0, b= 0.0, c= 0.0, d= 0.0 with timeout of 5s...
13-10-2024 20:23:07 - INFO - Setting Chmaber Zones to a= 0.0, b= 0.0, c= 0.0, d= 0.0 request successfully sent.
13-10-2024 20:23:07 - INFO - Response from moonraker: {'result': 'ok'}
13-10-2024 20:23:07 - INFO - Setting Chmaber Zones to a= 0.0, b= 0.0, c= 0.0, d= 0.0 Request successfully executed.
13-10-2024 20:23:08 - INFO - Sending request to Setting Chmaber Zones to a= 0.0, b= 0.0, c= 0.0, d= 0.0 with timeout of 5s...
13-10-2024 20:23:08 - INFO - Setting Chmaber Zones to a= 0.0, b= 0.0, c= 0.0, d= 0.0 request successfully sent.
13-10-2024 20:23:08 - INFO - Response from moonraker: {'result': 'ok'}
13-10-2024 20:23:08 - INFO - Setting Chmaber Zones to a= 0.0, b= 0.0, c= 0.0, d= 0.0 Request successfully executed.
13-10-2024 20:23:09 - INFO - Sending request to Setting Chmaber Zones to a= 0.0, b= 0.0, c= 0.0, d= 0.0 with timeout of 5s...
13-10-2024 20:23:09 - INFO - Setting Chmaber Zones to a= 0.0, b= 0.0, c= 0.0, d= 0.0 request successfully sent.
13-10-2024 20:23:09 - INFO - Response from moonraker: {'result': 'ok'}
13-10-2024 20:23:09 - INFO - Setting Chmaber Zones to a= 0.0, b= 0.0, c= 0.0, d= 0.0 Request successfully executed.
13-10-2024 20:23:10 - INFO - Sending request to Setting Chmaber Zones to a= 0.0, b= 0.0, c= 0.0, d= 0.0 with timeout of 5s...
13-10-2024 20:23:10 - INFO - Setting Chmaber Zones to a= 0.0, b= 0.0, c= 0.0, d= 0.0 request successfully sent.
13-10-2024 20:23:10 - INFO - Response from moonraker: {'result': 'ok'}
13-10-2024 20:23:10 - INFO - Setting Chmaber Zones to a= 0.0, b= 0.0, c= 0.0, d= 0.0 Request successfully executed.
13-10-2024 20:23:11 - INFO - Sending request to Setting Chmaber Zones to a= 0.08469999999999885, b= 0.09679999999999868, c= 0.10889999999999853, d= 0.12099999999999836 with timeout of 5s...
13-10-2024 20:23:11 - INFO - Setting Chmaber Zones to a= 0.08469999999999885, b= 0.09679999999999868, c= 0.10889999999999853, d= 0.12099999999999836 request successfully sent.
13-10-2024 20:23:11 - INFO - Response from moonraker: {'result': 'ok'}
13-10-2024 20:23:11 - INFO - Setting Chmaber Zones to a= 0.08469999999999885, b= 0.09679999999999868, c= 0.10889999999999853, d= 0.12099999999999836 Request successfully executed.
13-10-2024 20:23:12 - INFO - Sending request to Setting Chmaber Zones to a= 0.13986000000000046, b= 0.15984000000000054, c= 0.1798200000000006, d= 0.19980000000000067 with timeout of 5s...
13-10-2024 20:23:12 - INFO - Setting Chmaber Zones to a= 0.13986000000000046, b= 0.15984000000000054, c= 0.1798200000000006, d= 0.19980000000000067 request successfully sent.
13-10-2024 20:23:12 - INFO - Response from moonraker: {'result': 'ok'}
13-10-2024 20:23:12 - INFO - Setting Chmaber Zones to a= 0.13986000000000046, b= 0.15984000000000054, c= 0.1798200000000006, d= 0.19980000000000067 Request successfully executed.
13-10-2024 20:23:13 - INFO - Sending request to Setting Chmaber Zones to a= 0.013719999999999838, b= 0.015679999999999816, c= 0.017639999999999795, d= 0.01959999999999977 with timeout of 5s...
13-10-2024 20:23:13 - INFO - Setting Chmaber Zones to a= 0.013719999999999838, b= 0.015679999999999816, c= 0.017639999999999795, d= 0.01959999999999977 request successfully sent.
13-10-2024 20:23:13 - INFO - Response from moonraker: {'result': 'ok'}
13-10-2024 20:23:13 - INFO - Setting Chmaber Zones to a= 0.013719999999999838, b= 0.015679999999999816, c= 0.017639999999999795, d= 0.01959999999999977 Request successfully executed.
13-10-2024 20:23:14 - INFO - Sending request to Setting Chmaber Zones to a= 0.0, b= 0.0, c= 0.0, d= 0.0 with timeout of 5s...
13-10-2024 20:23:14 - INFO - Setting Chmaber Zones to a= 0.0, b= 0.0, c= 0.0, d= 0.0 request successfully sent.
13-10-2024 20:23:14 - INFO - Response from moonraker: {'result': 'ok'}
13-10-2024 20:23:14 - INFO - Setting Chmaber Zones to a= 0.0, b= 0.0, c= 0.0, d= 0.0 Request successfully executed.
13-10-2024 20:23:15 - INFO - Sending request to Setting Chmaber Zones to a= 0.0, b= 0.0, c= 0.0, d= 0.0 with timeout of 5s...
13-10-2024 20:23:15 - INFO - Setting Chmaber Zones to a= 0.0, b= 0.0, c= 0.0, d= 0.0 request successfully sent.
13-10-2024 20:23:15 - INFO - Response from moonraker: {'result': 'ok'}
13-10-2024 20:23:15 - INFO - Setting Chmaber Zones to a= 0.0, b= 0.0, c= 0.0, d= 0.0 Request successfully executed.
13-10-2024 20:23:16 - INFO - Sending request to Setting Chmaber Zones to a= 0.0, b= 0.0, c= 0.0, d= 0.0 with timeout of 5s...
13-10-2024 20:23:16 - INFO - Setting Chmaber Zones to a= 0.0, b= 0.0, c= 0.0, d= 0.0 request successfully sent.
13-10-2024 20:23:16 - INFO - Response from moonraker: {'result': 'ok'}
13-10-2024 20:23:16 - INFO - Setting Chmaber Zones to a= 0.0, b= 0.0, c= 0.0, d= 0.0 Request successfully executed.
13-10-2024 20:23:17 - INFO - Sending request to Setting Chmaber Zones to a= 0.058730000000000365, b= 0.06712000000000043, c= 0.07551000000000048, d= 0.08390000000000054 with timeout of 5s...
13-10-2024 20:23:17 - INFO - Setting Chmaber Zones to a= 0.058730000000000365, b= 0.06712000000000043, c= 0.07551000000000048, d= 0.08390000000000054 request successfully sent.
13-10-2024 20:23:17 - INFO - Response from moonraker: {'result': 'ok'}
13-10-2024 20:23:17 - INFO - Setting Chmaber Zones to a= 0.058730000000000365, b= 0.06712000000000043, c= 0.07551000000000048, d= 0.08390000000000054 Request successfully executed.
13-10-2024 20:23:18 - INFO - Sending request to Setting Chmaber Zones to a= 0.15280999999999803, b= 0.17463999999999774, c= 0.19646999999999745, d= 0.21829999999999716 with timeout of 5s...
13-10-2024 20:23:18 - INFO - Setting Chmaber Zones to a= 0.15280999999999803, b= 0.17463999999999774, c= 0.19646999999999745, d= 0.21829999999999716 request successfully sent.
13-10-2024 20:23:18 - INFO - Response from moonraker: {'result': 'ok'}
13-10-2024 20:23:18 - INFO - Setting Chmaber Zones to a= 0.15280999999999803, b= 0.17463999999999774, c= 0.19646999999999745, d= 0.21829999999999716 Request successfully executed.
13-10-2024 20:23:19 - INFO - Sending request to Setting Chmaber Zones to a= 0.06663999999999887, b= 0.0761599999999987, c= 0.08567999999999854, d= 0.09519999999999836 with timeout of 5s...
13-10-2024 20:23:19 - INFO - Setting Chmaber Zones to a= 0.06663999999999887, b= 0.0761599999999987, c= 0.08567999999999854, d= 0.09519999999999836 request successfully sent.
13-10-2024 20:23:19 - INFO - Response from moonraker: {'result': 'ok'}
13-10-2024 20:23:19 - INFO - Setting Chmaber Zones to a= 0.06663999999999887, b= 0.0761599999999987, c= 0.08567999999999854, d= 0.09519999999999836 Request successfully executed.
13-10-2024 20:23:20 - INFO - Sending request to Setting Chmaber Zones to a= 0.0, b= 0.0, c= 0.0, d= 0.0 with timeout of 5s...
13-10-2024 20:23:20 - INFO - Setting Chmaber Zones to a= 0.0, b= 0.0, c= 0.0, d= 0.0 request successfully sent.
13-10-2024 20:23:20 - INFO - Response from moonraker: {'result': 'ok'}
13-10-2024 20:23:20 - INFO - Setting Chmaber Zones to a= 0.0, b= 0.0, c= 0.0, d= 0.0 Request successfully executed.
13-10-2024 20:23:21 - INFO - Sending request to Setting Chmaber Zones to a= 0.0, b= 0.0, c= 0.0, d= 0.0 with timeout of 5s...
13-10-2024 20:23:21 - INFO - Setting Chmaber Zones to a= 0.0, b= 0.0, c= 0.0, d= 0.0 request successfully sent.
13-10-2024 20:23:21 - INFO - Response from moonraker: {'result': 'ok'}
13-10-2024 20:23:21 - INFO - Setting Chmaber Zones to a= 0.0, b= 0.0, c= 0.0, d= 0.0 Request successfully executed.
13-10-2024 20:23:22 - INFO - Sending request to Setting Chmaber Zones to a= 0.0, b= 0.0, c= 0.0, d= 0.0 with timeout of 5s...
13-10-2024 20:23:22 - INFO - Setting Chmaber Zones to a= 0.0, b= 0.0, c= 0.0, d= 0.0 request successfully sent.
13-10-2024 20:23:22 - INFO - Response from moonraker: {'result': 'ok'}
13-10-2024 20:23:22 - INFO - Setting Chmaber Zones to a= 0.0, b= 0.0, c= 0.0, d= 0.0 Request successfully executed.
13-10-2024 20:23:23 - INFO - Sending request to Setting Chmaber Zones to a= 0.15679999999999863, b= 0.17919999999999842, c= 0.20159999999999823, d= 0.22399999999999803 with timeout of 5s...
13-10-2024 20:23:23 - INFO - Setting Chmaber Zones to a= 0.15679999999999863, b= 0.17919999999999842, c= 0.20159999999999823, d= 0.22399999999999803 request successfully sent.
13-10-2024 20:23:23 - INFO - Response from moonraker: {'result': 'ok'}
13-10-2024 20:23:23 - INFO - Setting Chmaber Zones to a= 0.15679999999999863, b= 0.17919999999999842, c= 0.20159999999999823, d= 0.22399999999999803 Request successfully executed.
13-10-2024 20:23:24 - INFO - Sending request to Setting Chmaber Zones to a= 0.19102999999999862, b= 0.21831999999999843, c= 0.24560999999999822, d= 0.27289999999999803 with timeout of 5s...
13-10-2024 20:23:24 - INFO - Setting Chmaber Zones to a= 0.19102999999999862, b= 0.21831999999999843, c= 0.24560999999999822, d= 0.27289999999999803 request successfully sent.
13-10-2024 20:23:24 - INFO - Response from moonraker: {'result': 'ok'}
13-10-2024 20:23:24 - INFO - Setting Chmaber Zones to a= 0.19102999999999862, b= 0.21831999999999843, c= 0.24560999999999822, d= 0.27289999999999803 Request successfully executed.
13-10-2024 20:23:25 - INFO - Sending request to Setting Chmaber Zones to a= 0.03864000000000042, b= 0.04416000000000048, c= 0.04968000000000053, d= 0.0552000000000006 with timeout of 5s...
13-10-2024 20:23:25 - INFO - Setting Chmaber Zones to a= 0.03864000000000042, b= 0.04416000000000048, c= 0.04968000000000053, d= 0.0552000000000006 request successfully sent.
13-10-2024 20:23:25 - INFO - Response from moonraker: {'result': 'ok'}
13-10-2024 20:23:25 - INFO - Setting Chmaber Zones to a= 0.03864000000000042, b= 0.04416000000000048, c= 0.04968000000000053, d= 0.0552000000000006 Request successfully executed.
13-10-2024 20:23:26 - INFO - Sending request to Setting Chmaber Zones to a= 0.0, b= 0.0, c= 0.0, d= 0.0 with timeout of 5s...
13-10-2024 20:23:26 - INFO - Setting Chmaber Zones to a= 0.0, b= 0.0, c= 0.0, d= 0.0 request successfully sent.
13-10-2024 20:23:26 - INFO - Response from moonraker: {'result': 'ok'}
13-10-2024 20:23:26 - INFO - Setting Chmaber Zones to a= 0.0, b= 0.0, c= 0.0, d= 0.0 Request successfully executed.
13-10-2024 20:23:27 - INFO - Sending request to Setting Chmaber Zones to a= 0.0, b= 0.0, c= 0.0, d= 0.0 with timeout of 5s...
13-10-2024 20:23:27 - INFO - Setting Chmaber Zones to a= 0.0, b= 0.0, c= 0.0, d= 0.0 request successfully sent.
13-10-2024 20:23:27 - INFO - Response from moonraker: {'result': 'ok'}
13-10-2024 20:23:27 - INFO - Setting Chmaber Zones to a= 0.0, b= 0.0, c= 0.0, d= 0.0 Request successfully executed.
13-10-2024 20:23:28 - INFO - Sending request to Setting Chmaber Zones to a= 0.03450999999999893, b= 0.039439999999998775, c= 0.044369999999998626, d= 0.04929999999999847 with timeout of 5s...
13-10-2024 20:23:28 - INFO - Setting Chmaber Zones to a= 0.03450999999999893, b= 0.039439999999998775, c= 0.044369999999998626, d= 0.04929999999999847 request successfully sent.
13-10-2024 20:23:28 - INFO - Response from moonraker: {'result': 'ok'}
13-10-2024 20:23:28 - INFO - Setting Chmaber Zones to a= 0.03450999999999893, b= 0.039439999999998775, c= 0.044369999999998626, d= 0.04929999999999847 Request successfully executed.
13-10-2024 20:23:29 - INFO - Sending request to Setting Chmaber Zones to a= 0.17773000000000075, b= 0.20312000000000086, c= 0.22851000000000096, d= 0.25390000000000107 with timeout of 5s...
13-10-2024 20:23:29 - INFO - Setting Chmaber Zones to a= 0.17773000000000075, b= 0.20312000000000086, c= 0.22851000000000096, d= 0.25390000000000107 request successfully sent.
13-10-2024 20:23:29 - INFO - Response from moonraker: {'result': 'ok'}
13-10-2024 20:23:29 - INFO - Setting Chmaber Zones to a= 0.17773000000000075, b= 0.20312000000000086, c= 0.22851000000000096, d= 0.25390000000000107 Request successfully executed.
13-10-2024 20:23:30 - INFO - Sending request to Setting Chmaber Zones to a= 0.10955000000000018, b= 0.1252000000000002, c= 0.14085000000000023, d= 0.15650000000000025 with timeout of 5s...
13-10-2024 20:23:30 - INFO - Setting Chmaber Zones to a= 0.10955000000000018, b= 0.1252000000000002, c= 0.14085000000000023, d= 0.15650000000000025 request successfully sent.
13-10-2024 20:23:30 - INFO - Response from moonraker: {'result': 'ok'}
13-10-2024 20:23:30 - INFO - Setting Chmaber Zones to a= 0.10955000000000018, b= 0.1252000000000002, c= 0.14085000000000023, d= 0.15650000000000025 Request successfully executed.
13-10-2024 20:23:31 - INFO - Sending request to Setting Chmaber Zones to a= 0.0, b= 0.0, c= 0.0, d= 0.0 with timeout of 5s...
13-10-2024 20:23:31 - INFO - Setting Chmaber Zones to a= 0.0, b= 0.0, c= 0.0, d= 0.0 request successfully sent.
13-10-2024 20:23:31 - INFO - Response from moonraker: {'result': 'ok'}
13-10-2024 20:23:31 - INFO - Setting Chmaber Zones to a= 0.0, b= 0.0, c= 0.0, d= 0.0 Request successfully executed.
13-10-2024 20:23:32 - INFO - Sending request to Setting Chmaber Zones to a= 0.0, b= 0.0, c= 0.0, d= 0.0 with timeout of 5s...
13-10-2024 20:23:32 - INFO - Setting Chmaber Zones to a= 0.0, b= 0.0, c= 0.0, d= 0.0 request successfully sent.
13-10-2024 20:23:32 - INFO - Response from moonraker: {'result': 'ok'}
13-10-2024 20:23:32 - INFO - Setting Chmaber Zones to a= 0.0, b= 0.0, c= 0.0, d= 0.0 Request successfully executed.
13-10-2024 20:23:33 - INFO - Sending request to Setting Chmaber Zones to a= 0.0, b= 0.0, c= 0.0, d= 0.0 with timeout of 5s...
13-10-2024 20:23:33 - INFO - Setting Chmaber Zones to a= 0.0, b= 0.0, c= 0.0, d= 0.0 request successfully sent.
13-10-2024 20:23:33 - INFO - Response from moonraker: {'result': 'ok'}
13-10-2024 20:23:33 - INFO - Setting Chmaber Zones to a= 0.0, b= 0.0, c= 0.0, d= 0.0 Request successfully executed.
13-10-2024 20:23:34 - INFO - Sending request to Setting Chmaber Zones to a= 0.10668000000000044, b= 0.1219200000000005, c= 0.13716000000000056, d= 0.15240000000000062 with timeout of 5s...
13-10-2024 20:23:34 - INFO - Setting Chmaber Zones to a= 0.10668000000000044, b= 0.1219200000000005, c= 0.13716000000000056, d= 0.15240000000000062 request successfully sent.
13-10-2024 20:23:34 - INFO - Response from moonraker: {'result': 'ok'}
13-10-2024 20:23:34 - INFO - Setting Chmaber Zones to a= 0.10668000000000044, b= 0.1219200000000005, c= 0.13716000000000056, d= 0.15240000000000062 Request successfully executed.
13-10-2024 20:23:35 - INFO - Sending request to Setting Chmaber Zones to a= 0.2005500000000004, b= 0.22920000000000043, c= 0.25785000000000047, d= 0.28650000000000053 with timeout of 5s...
13-10-2024 20:23:35 - INFO - Setting Chmaber Zones to a= 0.2005500000000004, b= 0.22920000000000043, c= 0.25785000000000047, d= 0.28650000000000053 request successfully sent.
13-10-2024 20:23:35 - INFO - Response from moonraker: {'result': 'ok'}
13-10-2024 20:23:35 - INFO - Setting Chmaber Zones to a= 0.2005500000000004, b= 0.22920000000000043, c= 0.25785000000000047, d= 0.28650000000000053 Request successfully executed.
13-10-2024 20:23:36 - INFO - Sending request to Setting Chmaber Zones to a= 0.09492000000000017, b= 0.1084800000000002, c= 0.12204000000000022, d= 0.13560000000000025 with timeout of 5s...
13-10-2024 20:23:36 - INFO - Setting Chmaber Zones to a= 0.09492000000000017, b= 0.1084800000000002, c= 0.12204000000000022, d= 0.13560000000000025 request successfully sent.
13-10-2024 20:23:36 - INFO - Response from moonraker: {'result': 'ok'}
13-10-2024 20:23:36 - INFO - Setting Chmaber Zones to a= 0.09492000000000017, b= 0.1084800000000002, c= 0.12204000000000022, d= 0.13560000000000025 Request successfully executed.
13-10-2024 20:23:37 - INFO - Sending request to Setting Chmaber Zones to a= 0.07105000000000014, b= 0.08120000000000015, c= 0.09135000000000018, d= 0.1015000000000002 with timeout of 5s...
13-10-2024 20:23:37 - INFO - Setting Chmaber Zones to a= 0.07105000000000014, b= 0.08120000000000015, c= 0.09135000000000018, d= 0.1015000000000002 request successfully sent.
13-10-2024 20:23:37 - INFO - Response from moonraker: {'result': 'ok'}
13-10-2024 20:23:37 - INFO - Setting Chmaber Zones to a= 0.07105000000000014, b= 0.08120000000000015, c= 0.09135000000000018, d= 0.1015000000000002 Request successfully executed.
13-10-2024 20:23:38 - INFO - Sending request to Setting Chmaber Zones to a= 0.0, b= 0.0, c= 0.0, d= 0.0 with timeout of 5s...
13-10-2024 20:23:38 - INFO - Setting Chmaber Zones to a= 0.0, b= 0.0, c= 0.0, d= 0.0 request successfully sent.
13-10-2024 20:23:38 - INFO - Response from moonraker: {'result': 'ok'}
13-10-2024 20:23:38 - INFO - Setting Chmaber Zones to a= 0.0, b= 0.0, c= 0.0, d= 0.0 Request successfully executed.
13-10-2024 20:23:39 - INFO - Sending request to Setting Chmaber Zones to a= 0.0, b= 0.0, c= 0.0, d= 0.0 with timeout of 5s...
13-10-2024 20:23:39 - INFO - Setting Chmaber Zones to a= 0.0, b= 0.0, c= 0.0, d= 0.0 request successfully sent.
13-10-2024 20:23:39 - INFO - Response from moonraker: {'result': 'ok'}
13-10-2024 20:23:39 - INFO - Setting Chmaber Zones to a= 0.0, b= 0.0, c= 0.0, d= 0.0 Request successfully executed.
13-10-2024 20:23:40 - INFO - Sending request to Setting Chmaber Zones to a= 0.0, b= 0.0, c= 0.0, d= 0.0 with timeout of 5s...
13-10-2024 20:23:40 - INFO - Setting Chmaber Zones to a= 0.0, b= 0.0, c= 0.0, d= 0.0 request successfully sent.
13-10-2024 20:23:40 - INFO - Response from moonraker: {'result': 'ok'}
13-10-2024 20:23:40 - INFO - Setting Chmaber Zones to a= 0.0, b= 0.0, c= 0.0, d= 0.0 Request successfully executed.
13-10-2024 20:23:41 - INFO - Sending request to Setting Chmaber Zones to a= 0.03548999999999981, b= 0.04055999999999979, c= 0.045629999999999754, d= 0.050699999999999724 with timeout of 5s...
13-10-2024 20:23:41 - INFO - Setting Chmaber Zones to a= 0.03548999999999981, b= 0.04055999999999979, c= 0.045629999999999754, d= 0.050699999999999724 request successfully sent.
13-10-2024 20:23:41 - INFO - Response from moonraker: {'result': 'ok'}
13-10-2024 20:23:41 - INFO - Setting Chmaber Zones to a= 0.03548999999999981, b= 0.04055999999999979, c= 0.045629999999999754, d= 0.050699999999999724 Request successfully executed.
13-10-2024 20:23:42 - INFO - Sending request to Setting Chmaber Zones to a= 0.153159999999998, b= 0.1750399999999977, c= 0.1969199999999974, d= 0.2187999999999971 with timeout of 5s...
13-10-2024 20:23:42 - INFO - Setting Chmaber Zones to a= 0.153159999999998, b= 0.1750399999999977, c= 0.1969199999999974, d= 0.2187999999999971 request successfully sent.
13-10-2024 20:23:42 - INFO - Response from moonraker: {'result': 'ok'}
13-10-2024 20:23:42 - INFO - Setting Chmaber Zones to a= 0.153159999999998, b= 0.1750399999999977, c= 0.1969199999999974, d= 0.2187999999999971 Request successfully executed.
13-10-2024 20:23:43 - INFO - Sending request to Setting Chmaber Zones to a= 0.06559000000000069, b= 0.07496000000000079, c= 0.08433000000000089, d= 0.09370000000000099 with timeout of 5s...
13-10-2024 20:23:43 - INFO - Setting Chmaber Zones to a= 0.06559000000000069, b= 0.07496000000000079, c= 0.08433000000000089, d= 0.09370000000000099 request successfully sent.
13-10-2024 20:23:43 - INFO - Response from moonraker: {'result': 'ok'}
13-10-2024 20:23:43 - INFO - Setting Chmaber Zones to a= 0.06559000000000069, b= 0.07496000000000079, c= 0.08433000000000089, d= 0.09370000000000099 Request successfully executed.
13-10-2024 20:23:44 - INFO - Sending request to Setting Chmaber Zones to a= 0.0, b= 0.0, c= 0.0, d= 0.0 with timeout of 5s...
13-10-2024 20:23:44 - INFO - Setting Chmaber Zones to a= 0.0, b= 0.0, c= 0.0, d= 0.0 request successfully sent.
13-10-2024 20:23:44 - INFO - Response from moonraker: {'result': 'ok'}
13-10-2024 20:23:44 - INFO - Setting Chmaber Zones to a= 0.0, b= 0.0, c= 0.0, d= 0.0 Request successfully executed.
13-10-2024 20:23:45 - INFO - Sending request to Setting Chmaber Zones to a= 0.0, b= 0.0, c= 0.0, d= 0.0 with timeout of 5s...
13-10-2024 20:23:45 - INFO - Setting Chmaber Zones to a= 0.0, b= 0.0, c= 0.0, d= 0.0 request successfully sent.
13-10-2024 20:23:45 - INFO - Response from moonraker: {'result': 'ok'}
13-10-2024 20:23:45 - INFO - Setting Chmaber Zones to a= 0.0, b= 0.0, c= 0.0, d= 0.0 Request successfully executed.
13-10-2024 20:23:46 - INFO - Sending request to Setting Chmaber Zones to a= 0.0, b= 0.0, c= 0.0, d= 0.0 with timeout of 5s...
13-10-2024 20:23:46 - INFO - Setting Chmaber Zones to a= 0.0, b= 0.0, c= 0.0, d= 0.0 request successfully sent.
13-10-2024 20:23:46 - INFO - Response from moonraker: {'result': 'ok'}
13-10-2024 20:23:46 - INFO - Setting Chmaber Zones to a= 0.0, b= 0.0, c= 0.0, d= 0.0 Request successfully executed.
13-10-2024 20:23:47 - INFO - Sending request to Setting Chmaber Zones to a= 0.14811999999999942, b= 0.16927999999999932, c= 0.19043999999999925, d= 0.21159999999999918 with timeout of 5s...
13-10-2024 20:23:47 - INFO - Setting Chmaber Zones to a= 0.14811999999999942, b= 0.16927999999999932, c= 0.19043999999999925, d= 0.21159999999999918 request successfully sent.
13-10-2024 20:23:47 - INFO - Response from moonraker: {'result': 'ok'}
13-10-2024 20:23:47 - INFO - Setting Chmaber Zones to a= 0.14811999999999942, b= 0.16927999999999932, c= 0.19043999999999925, d= 0.21159999999999918 Request successfully executed.
13-10-2024 20:23:48 - INFO - Sending request to Setting Chmaber Zones to a= 0.23267999999999855, b= 0.2659199999999984, c= 0.2991599999999981, d= 0.33239999999999786 with timeout of 5s...
13-10-2024 20:23:48 - INFO - Setting Chmaber Zones to a= 0.23267999999999855, b= 0.2659199999999984, c= 0.2991599999999981, d= 0.33239999999999786 request successfully sent.
13-10-2024 20:23:48 - INFO - Response from moonraker: {'result': 'ok'}
13-10-2024 20:23:48 - INFO - Setting Chmaber Zones to a= 0.23267999999999855, b= 0.2659199999999984, c= 0.2991599999999981, d= 0.33239999999999786 Request successfully executed.
13-10-2024 20:23:49 - INFO - Sending request to Setting Chmaber Zones to a= 0.0, b= 0.0, c= 0.0, d= 0.0 with timeout of 5s...
13-10-2024 20:23:49 - INFO - Setting Chmaber Zones to a= 0.0, b= 0.0, c= 0.0, d= 0.0 request successfully sent.
13-10-2024 20:23:49 - INFO - Response from moonraker: {'result': 'ok'}
13-10-2024 20:23:49 - INFO - Setting Chmaber Zones to a= 0.0, b= 0.0, c= 0.0, d= 0.0 Request successfully executed.
13-10-2024 20:23:50 - INFO - Sending request to Setting Chmaber Zones to a= 0.0, b= 0.0, c= 0.0, d= 0.0 with timeout of 5s...
13-10-2024 20:23:50 - INFO - Setting Chmaber Zones to a= 0.0, b= 0.0, c= 0.0, d= 0.0 request successfully sent.
13-10-2024 20:23:50 - INFO - Response from moonraker: {'result': 'ok'}
13-10-2024 20:23:50 - INFO - Setting Chmaber Zones to a= 0.0, b= 0.0, c= 0.0, d= 0.0 Request successfully executed.
13-10-2024 20:23:51 - INFO - Sending request to Setting Chmaber Zones to a= 0.0, b= 0.0, c= 0.0, d= 0.0 with timeout of 5s...
13-10-2024 20:23:51 - INFO - Setting Chmaber Zones to a= 0.0, b= 0.0, c= 0.0, d= 0.0 request successfully sent.
13-10-2024 20:23:51 - INFO - Response from moonraker: {'result': 'ok'}
13-10-2024 20:23:51 - INFO - Setting Chmaber Zones to a= 0.0, b= 0.0, c= 0.0, d= 0.0 Request successfully executed.
13-10-2024 20:23:52 - INFO - Sending request to Setting Chmaber Zones to a= 0.0, b= 0.0, c= 0.0, d= 0.0 with timeout of 5s...
13-10-2024 20:23:52 - INFO - Setting Chmaber Zones to a= 0.0, b= 0.0, c= 0.0, d= 0.0 request successfully sent.
13-10-2024 20:23:52 - INFO - Response from moonraker: {'result': 'ok'}
13-10-2024 20:23:52 - INFO - Setting Chmaber Zones to a= 0.0, b= 0.0, c= 0.0, d= 0.0 Request successfully executed.
13-10-2024 20:23:53 - INFO - Sending request to Setting Chmaber Zones to a= 0.13180999999999837, b= 0.15063999999999816, c= 0.16946999999999793, d= 0.18829999999999772 with timeout of 5s...
13-10-2024 20:23:53 - INFO - Setting Chmaber Zones to a= 0.13180999999999837, b= 0.15063999999999816, c= 0.16946999999999793, d= 0.18829999999999772 request successfully sent.
13-10-2024 20:23:53 - INFO - Response from moonraker: {'result': 'ok'}
13-10-2024 20:23:53 - INFO - Setting Chmaber Zones to a= 0.13180999999999837, b= 0.15063999999999816, c= 0.16946999999999793, d= 0.18829999999999772 Request successfully executed.
13-10-2024 20:23:54 - INFO - Sending request to Setting Chmaber Zones to a= 0.1739499999999979, b= 0.19879999999999762, c= 0.2236499999999973, d= 0.248499999999997 with timeout of 5s...
13-10-2024 20:23:54 - INFO - Setting Chmaber Zones to a= 0.1739499999999979, b= 0.19879999999999762, c= 0.2236499999999973, d= 0.248499999999997 request successfully sent.
13-10-2024 20:23:54 - INFO - Response from moonraker: {'result': 'ok'}
13-10-2024 20:23:54 - INFO - Setting Chmaber Zones to a= 0.1739499999999979, b= 0.19879999999999762, c= 0.2236499999999973, d= 0.248499999999997 Request successfully executed.
13-10-2024 20:23:55 - INFO - Sending request to Setting Chmaber Zones to a= 0.0885499999999992, b= 0.10119999999999908, c= 0.11384999999999898, d= 0.12649999999999886 with timeout of 5s...
13-10-2024 20:23:55 - INFO - Setting Chmaber Zones to a= 0.0885499999999992, b= 0.10119999999999908, c= 0.11384999999999898, d= 0.12649999999999886 request successfully sent.
13-10-2024 20:23:55 - INFO - Response from moonraker: {'result': 'ok'}
13-10-2024 20:23:55 - INFO - Setting Chmaber Zones to a= 0.0885499999999992, b= 0.10119999999999908, c= 0.11384999999999898, d= 0.12649999999999886 Request successfully executed.
13-10-2024 20:23:56 - INFO - Sending request to Setting Chmaber Zones to a= 0.0, b= 0.0, c= 0.0, d= 0.0 with timeout of 5s...
13-10-2024 20:23:56 - INFO - Setting Chmaber Zones to a= 0.0, b= 0.0, c= 0.0, d= 0.0 request successfully sent.
13-10-2024 20:23:56 - INFO - Response from moonraker: {'result': 'ok'}
13-10-2024 20:23:56 - INFO - Setting Chmaber Zones to a= 0.0, b= 0.0, c= 0.0, d= 0.0 Request successfully executed.
13-10-2024 20:23:57 - INFO - Sending request to Setting Chmaber Zones to a= 0.0, b= 0.0, c= 0.0, d= 0.0 with timeout of 5s...
13-10-2024 20:23:57 - INFO - Setting Chmaber Zones to a= 0.0, b= 0.0, c= 0.0, d= 0.0 request successfully sent.
13-10-2024 20:23:57 - INFO - Response from moonraker: {'result': 'ok'}
13-10-2024 20:23:57 - INFO - Setting Chmaber Zones to a= 0.0, b= 0.0, c= 0.0, d= 0.0 Request successfully executed.
13-10-2024 20:23:58 - INFO - Sending request to Setting Chmaber Zones to a= 0.0, b= 0.0, c= 0.0, d= 0.0 with timeout of 5s...
13-10-2024 20:23:58 - INFO - Setting Chmaber Zones to a= 0.0, b= 0.0, c= 0.0, d= 0.0 request successfully sent.
13-10-2024 20:23:58 - INFO - Response from moonraker: {'result': 'ok'}
13-10-2024 20:23:58 - INFO - Setting Chmaber Zones to a= 0.0, b= 0.0, c= 0.0, d= 0.0 Request successfully executed.
13-10-2024 20:23:59 - INFO - Sending request to Setting Chmaber Zones to a= 0.09659999999999892, b= 0.11039999999999876, c= 0.12419999999999862, d= 0.13799999999999846 with timeout of 5s...
13-10-2024 20:23:59 - INFO - Setting Chmaber Zones to a= 0.09659999999999892, b= 0.11039999999999876, c= 0.12419999999999862, d= 0.13799999999999846 request successfully sent.
13-10-2024 20:23:59 - INFO - Response from moonraker: {'result': 'ok'}
13-10-2024 20:23:59 - INFO - Setting Chmaber Zones to a= 0.09659999999999892, b= 0.11039999999999876, c= 0.12419999999999862, d= 0.13799999999999846 Request successfully executed.
13-10-2024 20:24:00 - INFO - Sending request to Setting Chmaber Zones to a= 0.1697499999999991, b= 0.19399999999999898, c= 0.21824999999999886, d= 0.24249999999999872 with timeout of 5s...
13-10-2024 20:24:00 - INFO - Setting Chmaber Zones to a= 0.1697499999999991, b= 0.19399999999999898, c= 0.21824999999999886, d= 0.24249999999999872 request successfully sent.
13-10-2024 20:24:00 - INFO - Response from moonraker: {'result': 'ok'}
13-10-2024 20:24:00 - INFO - Setting Chmaber Zones to a= 0.1697499999999991, b= 0.19399999999999898, c= 0.21824999999999886, d= 0.24249999999999872 Request successfully executed.
13-10-2024 20:24:01 - INFO - Sending request to Setting Chmaber Zones to a= 0.03184999999999972, b= 0.036399999999999676, c= 0.04094999999999963, d= 0.045499999999999596 with timeout of 5s...
13-10-2024 20:24:01 - INFO - Setting Chmaber Zones to a= 0.03184999999999972, b= 0.036399999999999676, c= 0.04094999999999963, d= 0.045499999999999596 request successfully sent.
13-10-2024 20:24:01 - INFO - Response from moonraker: {'result': 'ok'}
13-10-2024 20:24:01 - INFO - Setting Chmaber Zones to a= 0.03184999999999972, b= 0.036399999999999676, c= 0.04094999999999963, d= 0.045499999999999596 Request successfully executed.
13-10-2024 20:24:02 - INFO - Sending request to Setting Chmaber Zones to a= 0.0, b= 0.0, c= 0.0, d= 0.0 with timeout of 5s...
13-10-2024 20:24:02 - INFO - Setting Chmaber Zones to a= 0.0, b= 0.0, c= 0.0, d= 0.0 request successfully sent.
13-10-2024 20:24:02 - INFO - Response from moonraker: {'result': 'ok'}
13-10-2024 20:24:02 - INFO - Setting Chmaber Zones to a= 0.0, b= 0.0, c= 0.0, d= 0.0 Request successfully executed.
13-10-2024 20:24:03 - INFO - Sending request to Setting Chmaber Zones to a= 0.0, b= 0.0, c= 0.0, d= 0.0 with timeout of 5s...
13-10-2024 20:24:03 - INFO - Setting Chmaber Zones to a= 0.0, b= 0.0, c= 0.0, d= 0.0 request successfully sent.
13-10-2024 20:24:03 - INFO - Response from moonraker: {'result': 'ok'}
13-10-2024 20:24:03 - INFO - Setting Chmaber Zones to a= 0.0, b= 0.0, c= 0.0, d= 0.0 Request successfully executed.
13-10-2024 20:24:04 - INFO - Sending request to Setting Chmaber Zones to a= 0.0, b= 0.0, c= 0.0, d= 0.0 with timeout of 5s...
13-10-2024 20:24:04 - INFO - Setting Chmaber Zones to a= 0.0, b= 0.0, c= 0.0, d= 0.0 request successfully sent.
13-10-2024 20:24:04 - INFO - Response from moonraker: {'result': 'ok'}
13-10-2024 20:24:04 - INFO - Setting Chmaber Zones to a= 0.0, b= 0.0, c= 0.0, d= 0.0 Request successfully executed.
13-10-2024 20:24:05 - INFO - Sending request to Setting Chmaber Zones to a= 0.21944999999999845, b= 0.2507999999999982, c= 0.282149999999998, d= 0.3134999999999978 with timeout of 5s...
13-10-2024 20:24:05 - INFO - Setting Chmaber Zones to a= 0.21944999999999845, b= 0.2507999999999982, c= 0.282149999999998, d= 0.3134999999999978 request successfully sent.
13-10-2024 20:24:05 - INFO - Response from moonraker: {'result': 'ok'}
13-10-2024 20:24:05 - INFO - Setting Chmaber Zones to a= 0.21944999999999845, b= 0.2507999999999982, c= 0.282149999999998, d= 0.3134999999999978 Request successfully executed.
13-10-2024 20:24:06 - INFO - Sending request to Setting Chmaber Zones to a= 0.3107999999999978, b= 0.35519999999999746, c= 0.3995999999999972, d= 0.44399999999999684 with timeout of 5s...
13-10-2024 20:24:06 - INFO - Setting Chmaber Zones to a= 0.3107999999999978, b= 0.35519999999999746, c= 0.3995999999999972, d= 0.44399999999999684 request successfully sent.
13-10-2024 20:24:06 - INFO - Response from moonraker: {'result': 'ok'}
13-10-2024 20:24:06 - INFO - Setting Chmaber Zones to a= 0.3107999999999978, b= 0.35519999999999746, c= 0.3995999999999972, d= 0.44399999999999684 Request successfully executed.
13-10-2024 20:24:07 - INFO - Sending request to Setting Chmaber Zones to a= 0.03149999999999814, b= 0.03599999999999788, c= 0.04049999999999761, d= 0.04499999999999735 with timeout of 5s...
13-10-2024 20:24:07 - INFO - Setting Chmaber Zones to a= 0.03149999999999814, b= 0.03599999999999788, c= 0.04049999999999761, d= 0.04499999999999735 request successfully sent.
13-10-2024 20:24:07 - INFO - Response from moonraker: {'result': 'ok'}
13-10-2024 20:24:07 - INFO - Setting Chmaber Zones to a= 0.03149999999999814, b= 0.03599999999999788, c= 0.04049999999999761, d= 0.04499999999999735 Request successfully executed.
13-10-2024 20:24:08 - INFO - Sending request to Setting Chmaber Zones to a= 0.0, b= 0.0, c= 0.0, d= 0.0 with timeout of 5s...
13-10-2024 20:24:08 - INFO - Setting Chmaber Zones to a= 0.0, b= 0.0, c= 0.0, d= 0.0 request successfully sent.
13-10-2024 20:24:08 - INFO - Response from moonraker: {'result': 'ok'}
13-10-2024 20:24:08 - INFO - Setting Chmaber Zones to a= 0.0, b= 0.0, c= 0.0, d= 0.0 Request successfully executed.
13-10-2024 20:24:09 - INFO - Sending request to Setting Chmaber Zones to a= 0.0, b= 0.0, c= 0.0, d= 0.0 with timeout of 5s...
13-10-2024 20:24:09 - INFO - Setting Chmaber Zones to a= 0.0, b= 0.0, c= 0.0, d= 0.0 request successfully sent.
13-10-2024 20:24:09 - INFO - Response from moonraker: {'result': 'ok'}
13-10-2024 20:24:09 - INFO - Setting Chmaber Zones to a= 0.0, b= 0.0, c= 0.0, d= 0.0 Request successfully executed.
13-10-2024 20:24:10 - INFO - Sending request to Setting Chmaber Zones to a= 0.04409999999999899, b= 0.05039999999999885, c= 0.0566999999999987, d= 0.06299999999999856 with timeout of 5s...
13-10-2024 20:24:10 - INFO - Setting Chmaber Zones to a= 0.04409999999999899, b= 0.05039999999999885, c= 0.0566999999999987, d= 0.06299999999999856 request successfully sent.
13-10-2024 20:24:10 - INFO - Response from moonraker: {'result': 'ok'}
13-10-2024 20:24:10 - INFO - Setting Chmaber Zones to a= 0.04409999999999899, b= 0.05039999999999885, c= 0.0566999999999987, d= 0.06299999999999856 Request successfully executed.
13-10-2024 20:24:11 - INFO - Sending request to Setting Chmaber Zones to a= 0.17534999999999878, b= 0.20039999999999863, c= 0.22544999999999846, d= 0.2504999999999983 with timeout of 5s...
13-10-2024 20:24:11 - INFO - Setting Chmaber Zones to a= 0.17534999999999878, b= 0.20039999999999863, c= 0.22544999999999846, d= 0.2504999999999983 request successfully sent.
13-10-2024 20:24:11 - INFO - Response from moonraker: {'result': 'ok'}
13-10-2024 20:24:11 - INFO - Setting Chmaber Zones to a= 0.17534999999999878, b= 0.20039999999999863, c= 0.22544999999999846, d= 0.2504999999999983 Request successfully executed.
13-10-2024 20:24:12 - INFO - Sending request to Setting Chmaber Zones to a= 0.12144999999999768, b= 0.13879999999999734, c= 0.156149999999997, d= 0.17349999999999668 with timeout of 5s...
13-10-2024 20:24:12 - INFO - Setting Chmaber Zones to a= 0.12144999999999768, b= 0.13879999999999734, c= 0.156149999999997, d= 0.17349999999999668 request successfully sent.
13-10-2024 20:24:12 - INFO - Response from moonraker: {'result': 'ok'}
13-10-2024 20:24:12 - INFO - Setting Chmaber Zones to a= 0.12144999999999768, b= 0.13879999999999734, c= 0.156149999999997, d= 0.17349999999999668 Request successfully executed.
13-10-2024 20:24:13 - INFO - Sending request to Setting Chmaber Zones to a= 0.0, b= 0.0, c= 0.0, d= 0.0 with timeout of 5s...
13-10-2024 20:24:13 - INFO - Setting Chmaber Zones to a= 0.0, b= 0.0, c= 0.0, d= 0.0 request successfully sent.
13-10-2024 20:24:13 - INFO - Response from moonraker: {'result': 'ok'}
13-10-2024 20:24:13 - INFO - Setting Chmaber Zones to a= 0.0, b= 0.0, c= 0.0, d= 0.0 Request successfully executed.
13-10-2024 20:24:14 - INFO - Sending request to Setting Chmaber Zones to a= 0.0, b= 0.0, c= 0.0, d= 0.0 with timeout of 5s...
13-10-2024 20:24:14 - INFO - Setting Chmaber Zones to a= 0.0, b= 0.0, c= 0.0, d= 0.0 request successfully sent.
13-10-2024 20:24:14 - INFO - Response from moonraker: {'result': 'ok'}
13-10-2024 20:24:14 - INFO - Setting Chmaber Zones to a= 0.0, b= 0.0, c= 0.0, d= 0.0 Request successfully executed.
13-10-2024 20:24:15 - INFO - Sending request to Setting Chmaber Zones to a= 0.0, b= 0.0, c= 0.0, d= 0.0 with timeout of 5s...
13-10-2024 20:24:15 - INFO - Setting Chmaber Zones to a= 0.0, b= 0.0, c= 0.0, d= 0.0 request successfully sent.
13-10-2024 20:24:15 - INFO - Response from moonraker: {'result': 'ok'}
13-10-2024 20:24:15 - INFO - Setting Chmaber Zones to a= 0.0, b= 0.0, c= 0.0, d= 0.0 Request successfully executed.
13-10-2024 20:24:16 - INFO - Sending request to Setting Chmaber Zones to a= 0.1886499999999975, b= 0.2155999999999971, c= 0.24254999999999677, d= 0.2694999999999964 with timeout of 5s...
13-10-2024 20:24:16 - INFO - Setting Chmaber Zones to a= 0.1886499999999975, b= 0.2155999999999971, c= 0.24254999999999677, d= 0.2694999999999964 request successfully sent.
13-10-2024 20:24:16 - INFO - Response from moonraker: {'result': 'ok'}
13-10-2024 20:24:16 - INFO - Setting Chmaber Zones to a= 0.1886499999999975, b= 0.2155999999999971, c= 0.24254999999999677, d= 0.2694999999999964 Request successfully executed.
13-10-2024 20:24:17 - INFO - Sending request to Setting Chmaber Zones to a= 0.26074999999999915, b= 0.297999999999999, c= 0.33524999999999894, d= 0.3724999999999988 with timeout of 5s...
13-10-2024 20:24:17 - INFO - Setting Chmaber Zones to a= 0.26074999999999915, b= 0.297999999999999, c= 0.33524999999999894, d= 0.3724999999999988 request successfully sent.
13-10-2024 20:24:17 - INFO - Response from moonraker: {'result': 'ok'}
13-10-2024 20:24:17 - INFO - Setting Chmaber Zones to a= 0.26074999999999915, b= 0.297999999999999, c= 0.33524999999999894, d= 0.3724999999999988 Request successfully executed.
13-10-2024 20:24:18 - INFO - Sending request to Setting Chmaber Zones to a= 0.06824999999999873, b= 0.07799999999999853, c= 0.08774999999999836, d= 0.09749999999999817 with timeout of 5s...
13-10-2024 20:24:18 - INFO - Setting Chmaber Zones to a= 0.06824999999999873, b= 0.07799999999999853, c= 0.08774999999999836, d= 0.09749999999999817 request successfully sent.
13-10-2024 20:24:18 - INFO - Response from moonraker: {'result': 'ok'}
13-10-2024 20:24:18 - INFO - Setting Chmaber Zones to a= 0.06824999999999873, b= 0.07799999999999853, c= 0.08774999999999836, d= 0.09749999999999817 Request successfully executed.
13-10-2024 20:24:19 - INFO - Sending request to Setting Chmaber Zones to a= 0.0, b= 0.0, c= 0.0, d= 0.0 with timeout of 5s...
13-10-2024 20:24:19 - INFO - Setting Chmaber Zones to a= 0.0, b= 0.0, c= 0.0, d= 0.0 request successfully sent.
13-10-2024 20:24:19 - INFO - Response from moonraker: {'result': 'ok'}
13-10-2024 20:24:19 - INFO - Setting Chmaber Zones to a= 0.0, b= 0.0, c= 0.0, d= 0.0 Request successfully executed.
13-10-2024 20:24:20 - INFO - Sending request to Setting Chmaber Zones to a= 0.0, b= 0.0, c= 0.0, d= 0.0 with timeout of 5s...
13-10-2024 20:24:20 - INFO - Setting Chmaber Zones to a= 0.0, b= 0.0, c= 0.0, d= 0.0 request successfully sent.
13-10-2024 20:24:20 - INFO - Response from moonraker: {'result': 'ok'}
13-10-2024 20:24:20 - INFO - Setting Chmaber Zones to a= 0.0, b= 0.0, c= 0.0, d= 0.0 Request successfully executed.
13-10-2024 20:24:21 - INFO - Sending request to Setting Chmaber Zones to a= 0.01084999999999929, b= 0.01239999999999919, c= 0.013949999999999088, d= 0.015499999999998985 with timeout of 5s...
13-10-2024 20:24:21 - INFO - Setting Chmaber Zones to a= 0.01084999999999929, b= 0.01239999999999919, c= 0.013949999999999088, d= 0.015499999999998985 request successfully sent.
13-10-2024 20:24:21 - INFO - Response from moonraker: {'result': 'ok'}
13-10-2024 20:24:21 - INFO - Setting Chmaber Zones to a= 0.01084999999999929, b= 0.01239999999999919, c= 0.013949999999999088, d= 0.015499999999998985 Request successfully executed.
13-10-2024 20:24:22 - INFO - Sending request to Setting Chmaber Zones to a= 0.16344999999999968, b= 0.18679999999999963, c= 0.2101499999999996, d= 0.23349999999999954 with timeout of 5s...
13-10-2024 20:24:22 - INFO - Setting Chmaber Zones to a= 0.16344999999999968, b= 0.18679999999999963, c= 0.2101499999999996, d= 0.23349999999999954 request successfully sent.
13-10-2024 20:24:22 - INFO - Response from moonraker: {'result': 'ok'}
13-10-2024 20:24:22 - INFO - Setting Chmaber Zones to a= 0.16344999999999968, b= 0.18679999999999963, c= 0.2101499999999996, d= 0.23349999999999954 Request successfully executed.
13-10-2024 20:24:23 - INFO - Sending request to Setting Chmaber Zones to a= 0.15784999999999844, b= 0.18039999999999823, c= 0.202949999999998, d= 0.22549999999999776 with timeout of 5s...
13-10-2024 20:24:23 - INFO - Setting Chmaber Zones to a= 0.15784999999999844, b= 0.18039999999999823, c= 0.202949999999998, d= 0.22549999999999776 request successfully sent.
13-10-2024 20:24:23 - INFO - Response from moonraker: {'result': 'ok'}
13-10-2024 20:24:23 - INFO - Setting Chmaber Zones to a= 0.15784999999999844, b= 0.18039999999999823, c= 0.202949999999998, d= 0.22549999999999776 Request successfully executed.
13-10-2024 20:24:24 - INFO - Sending request to Setting Chmaber Zones to a= 0.08679999999999936, b= 0.09919999999999927, c= 0.11159999999999917, d= 0.12399999999999908 with timeout of 5s...
13-10-2024 20:24:24 - INFO - Setting Chmaber Zones to a= 0.08679999999999936, b= 0.09919999999999927, c= 0.11159999999999917, d= 0.12399999999999908 request successfully sent.
13-10-2024 20:24:24 - INFO - Response from moonraker: {'result': 'ok'}
13-10-2024 20:24:24 - INFO - Setting Chmaber Zones to a= 0.08679999999999936, b= 0.09919999999999927, c= 0.11159999999999917, d= 0.12399999999999908 Request successfully executed.
13-10-2024 20:24:25 - INFO - Sending request to Setting Chmaber Zones to a= 0.0, b= 0.0, c= 0.0, d= 0.0 with timeout of 5s...
13-10-2024 20:24:25 - INFO - Setting Chmaber Zones to a= 0.0, b= 0.0, c= 0.0, d= 0.0 request successfully sent.
13-10-2024 20:24:25 - INFO - Response from moonraker: {'result': 'ok'}
13-10-2024 20:24:25 - INFO - Setting Chmaber Zones to a= 0.0, b= 0.0, c= 0.0, d= 0.0 Request successfully executed.
13-10-2024 20:24:26 - INFO - Sending request to Setting Chmaber Zones to a= 0.0, b= 0.0, c= 0.0, d= 0.0 with timeout of 5s...
13-10-2024 20:24:26 - INFO - Setting Chmaber Zones to a= 0.0, b= 0.0, c= 0.0, d= 0.0 request successfully sent.
13-10-2024 20:24:26 - INFO - Response from moonraker: {'result': 'ok'}
13-10-2024 20:24:26 - INFO - Setting Chmaber Zones to a= 0.0, b= 0.0, c= 0.0, d= 0.0 Request successfully executed.
13-10-2024 20:24:27 - INFO - Sending request to Setting Chmaber Zones to a= 0.094849999999999, b= 0.10839999999999886, c= 0.12194999999999871, d= 0.13549999999999857 with timeout of 5s...
13-10-2024 20:24:27 - INFO - Setting Chmaber Zones to a= 0.094849999999999, b= 0.10839999999999886, c= 0.12194999999999871, d= 0.13549999999999857 request successfully sent.
13-10-2024 20:24:27 - INFO - Response from moonraker: {'result': 'ok'}
13-10-2024 20:24:27 - INFO - Setting Chmaber Zones to a= 0.094849999999999, b= 0.10839999999999886, c= 0.12194999999999871, d= 0.13549999999999857 Request successfully executed.
13-10-2024 20:24:28 - INFO - Sending request to Setting Chmaber Zones to a= 0.2418499999999981, b= 0.2763999999999978, c= 0.31094999999999756, d= 0.34549999999999736 with timeout of 5s...
13-10-2024 20:24:28 - INFO - Setting Chmaber Zones to a= 0.2418499999999981, b= 0.2763999999999978, c= 0.31094999999999756, d= 0.34549999999999736 request successfully sent.
13-10-2024 20:24:28 - INFO - Response from moonraker: {'result': 'ok'}
13-10-2024 20:24:28 - INFO - Setting Chmaber Zones to a= 0.2418499999999981, b= 0.2763999999999978, c= 0.31094999999999756, d= 0.34549999999999736 Request successfully executed.
13-10-2024 20:24:29 - INFO - Sending request to Setting Chmaber Zones to a= 0.10884999999999959, b= 0.12439999999999954, c= 0.13994999999999946, d= 0.15549999999999942 with timeout of 5s...
13-10-2024 20:24:29 - INFO - Setting Chmaber Zones to a= 0.10884999999999959, b= 0.12439999999999954, c= 0.13994999999999946, d= 0.15549999999999942 request successfully sent.
13-10-2024 20:24:29 - INFO - Response from moonraker: {'result': 'ok'}
13-10-2024 20:24:29 - INFO - Setting Chmaber Zones to a= 0.10884999999999959, b= 0.12439999999999954, c= 0.13994999999999946, d= 0.15549999999999942 Request successfully executed.
13-10-2024 20:24:30 - INFO - Sending request to Setting Chmaber Zones to a= 0.0, b= 0.0, c= 0.0, d= 0.0 with timeout of 5s...
13-10-2024 20:24:30 - INFO - Setting Chmaber Zones to a= 0.0, b= 0.0, c= 0.0, d= 0.0 request successfully sent.
13-10-2024 20:24:30 - INFO - Response from moonraker: {'result': 'ok'}
13-10-2024 20:24:30 - INFO - Setting Chmaber Zones to a= 0.0, b= 0.0, c= 0.0, d= 0.0 Request successfully executed.
13-10-2024 20:24:31 - INFO - Sending request to Setting Chmaber Zones to a= 0.0, b= 0.0, c= 0.0, d= 0.0 with timeout of 5s...
13-10-2024 20:24:31 - INFO - Setting Chmaber Zones to a= 0.0, b= 0.0, c= 0.0, d= 0.0 request successfully sent.
13-10-2024 20:24:31 - INFO - Response from moonraker: {'result': 'ok'}
13-10-2024 20:24:31 - INFO - Setting Chmaber Zones to a= 0.0, b= 0.0, c= 0.0, d= 0.0 Request successfully executed.
13-10-2024 20:24:32 - INFO - Sending request to Setting Chmaber Zones to a= 0.0, b= 0.0, c= 0.0, d= 0.0 with timeout of 5s...
13-10-2024 20:24:32 - INFO - Setting Chmaber Zones to a= 0.0, b= 0.0, c= 0.0, d= 0.0 request successfully sent.
13-10-2024 20:24:32 - INFO - Response from moonraker: {'result': 'ok'}
13-10-2024 20:24:32 - INFO - Setting Chmaber Zones to a= 0.0, b= 0.0, c= 0.0, d= 0.0 Request successfully executed.
13-10-2024 20:24:33 - INFO - Sending request to Setting Chmaber Zones to a= 0.14538999999999758, b= 0.16615999999999723, c= 0.18692999999999688, d= 0.20769999999999655 with timeout of 5s...
13-10-2024 20:24:33 - INFO - Setting Chmaber Zones to a= 0.14538999999999758, b= 0.16615999999999723, c= 0.18692999999999688, d= 0.20769999999999655 request successfully sent.
13-10-2024 20:24:33 - INFO - Response from moonraker: {'result': 'ok'}
13-10-2024 20:24:33 - INFO - Setting Chmaber Zones to a= 0.14538999999999758, b= 0.16615999999999723, c= 0.18692999999999688, d= 0.20769999999999655 Request successfully executed.
13-10-2024 20:24:34 - INFO - Sending request to Setting Chmaber Zones to a= 0.3163999999999978, b= 0.3615999999999975, c= 0.40679999999999716, d= 0.45199999999999685 with timeout of 5s...
13-10-2024 20:24:34 - INFO - Setting Chmaber Zones to a= 0.3163999999999978, b= 0.3615999999999975, c= 0.40679999999999716, d= 0.45199999999999685 request successfully sent.
13-10-2024 20:24:34 - INFO - Response from moonraker: {'result': 'ok'}
13-10-2024 20:24:34 - INFO - Setting Chmaber Zones to a= 0.3163999999999978, b= 0.3615999999999975, c= 0.40679999999999716, d= 0.45199999999999685 Request successfully executed.
13-10-2024 20:24:35 - INFO - Sending request to Setting Chmaber Zones to a= 0.13453999999999888, b= 0.1537599999999987, c= 0.17297999999999852, d= 0.19219999999999834 with timeout of 5s...
13-10-2024 20:24:35 - INFO - Setting Chmaber Zones to a= 0.13453999999999888, b= 0.1537599999999987, c= 0.17297999999999852, d= 0.19219999999999834 request successfully sent.
13-10-2024 20:24:35 - INFO - Response from moonraker: {'result': 'ok'}
13-10-2024 20:24:35 - INFO - Setting Chmaber Zones to a= 0.13453999999999888, b= 0.1537599999999987, c= 0.17297999999999852, d= 0.19219999999999834 Request successfully executed.
13-10-2024 20:24:36 - INFO - Sending request to Setting Chmaber Zones to a= 0.0, b= 0.0, c= 0.0, d= 0.0 with timeout of 5s...
13-10-2024 20:24:36 - INFO - Setting Chmaber Zones to a= 0.0, b= 0.0, c= 0.0, d= 0.0 request successfully sent.
13-10-2024 20:24:36 - INFO - Response from moonraker: {'result': 'ok'}
13-10-2024 20:24:36 - INFO - Setting Chmaber Zones to a= 0.0, b= 0.0, c= 0.0, d= 0.0 Request successfully executed.
13-10-2024 20:24:37 - INFO - Sending request to Setting Chmaber Zones to a= 0.0, b= 0.0, c= 0.0, d= 0.0 with timeout of 5s...
13-10-2024 20:24:37 - INFO - Setting Chmaber Zones to a= 0.0, b= 0.0, c= 0.0, d= 0.0 request successfully sent.
13-10-2024 20:24:37 - INFO - Response from moonraker: {'result': 'ok'}
13-10-2024 20:24:37 - INFO - Setting Chmaber Zones to a= 0.0, b= 0.0, c= 0.0, d= 0.0 Request successfully executed.
13-10-2024 20:24:38 - INFO - Sending request to Setting Chmaber Zones to a= 0.0, b= 0.0, c= 0.0, d= 0.0 with timeout of 5s...
13-10-2024 20:24:38 - INFO - Setting Chmaber Zones to a= 0.0, b= 0.0, c= 0.0, d= 0.0 request successfully sent.
13-10-2024 20:24:38 - INFO - Response from moonraker: {'result': 'ok'}
13-10-2024 20:24:38 - INFO - Setting Chmaber Zones to a= 0.0, b= 0.0, c= 0.0, d= 0.0 Request successfully executed.
13-10-2024 20:24:39 - INFO - Sending request to Setting Chmaber Zones to a= 0.06915999999999836, b= 0.07903999999999813, c= 0.08891999999999788, d= 0.09879999999999764 with timeout of 5s...
13-10-2024 20:24:39 - INFO - Setting Chmaber Zones to a= 0.06915999999999836, b= 0.07903999999999813, c= 0.08891999999999788, d= 0.09879999999999764 request successfully sent.
13-10-2024 20:24:39 - INFO - Response from moonraker: {'result': 'ok'}
13-10-2024 20:24:39 - INFO - Setting Chmaber Zones to a= 0.06915999999999836, b= 0.07903999999999813, c= 0.08891999999999788, d= 0.09879999999999764 Request successfully executed.
13-10-2024 20:24:40 - INFO - Sending request to Setting Chmaber Zones to a= 0.16561999999999746, b= 0.1892799999999971, c= 0.21293999999999674, d= 0.23659999999999637 with timeout of 5s...
13-10-2024 20:24:40 - INFO - Setting Chmaber Zones to a= 0.16561999999999746, b= 0.1892799999999971, c= 0.21293999999999674, d= 0.23659999999999637 request successfully sent.
13-10-2024 20:24:40 - INFO - Response from moonraker: {'result': 'ok'}
13-10-2024 20:24:40 - INFO - Setting Chmaber Zones to a= 0.16561999999999746, b= 0.1892799999999971, c= 0.21293999999999674, d= 0.23659999999999637 Request successfully executed.
13-10-2024 20:24:41 - INFO - Sending request to Setting Chmaber Zones to a= 0.1532299999999978, b= 0.17511999999999747, c= 0.19700999999999716, d= 0.21889999999999685 with timeout of 5s...
13-10-2024 20:24:41 - INFO - Setting Chmaber Zones to a= 0.1532299999999978, b= 0.17511999999999747, c= 0.19700999999999716, d= 0.21889999999999685 request successfully sent.
13-10-2024 20:24:41 - INFO - Response from moonraker: {'result': 'ok'}
13-10-2024 20:24:41 - INFO - Setting Chmaber Zones to a= 0.1532299999999978, b= 0.17511999999999747, c= 0.19700999999999716, d= 0.21889999999999685 Request successfully executed.
13-10-2024 20:24:42 - INFO - Sending request to Setting Chmaber Zones to a= 0.0, b= 0.0, c= 0.0, d= 0.0 with timeout of 5s...
13-10-2024 20:24:42 - INFO - Setting Chmaber Zones to a= 0.0, b= 0.0, c= 0.0, d= 0.0 request successfully sent.
13-10-2024 20:24:42 - INFO - Response from moonraker: {'result': 'ok'}
13-10-2024 20:24:42 - INFO - Setting Chmaber Zones to a= 0.0, b= 0.0, c= 0.0, d= 0.0 Request successfully executed.
13-10-2024 20:24:43 - INFO - Sending request to Setting Chmaber Zones to a= 0.0, b= 0.0, c= 0.0, d= 0.0 with timeout of 5s...
13-10-2024 20:24:43 - INFO - Setting Chmaber Zones to a= 0.0, b= 0.0, c= 0.0, d= 0.0 request successfully sent.
13-10-2024 20:24:43 - INFO - Response from moonraker: {'result': 'ok'}
13-10-2024 20:24:43 - INFO - Setting Chmaber Zones to a= 0.0, b= 0.0, c= 0.0, d= 0.0 Request successfully executed.
13-10-2024 20:24:44 - INFO - Sending request to Setting Chmaber Zones to a= 0.0, b= 0.0, c= 0.0, d= 0.0 with timeout of 5s...
13-10-2024 20:24:44 - INFO - Setting Chmaber Zones to a= 0.0, b= 0.0, c= 0.0, d= 0.0 request successfully sent.
13-10-2024 20:24:44 - INFO - Response from moonraker: {'result': 'ok'}
13-10-2024 20:24:44 - INFO - Setting Chmaber Zones to a= 0.0, b= 0.0, c= 0.0, d= 0.0 Request successfully executed.
13-10-2024 20:24:45 - INFO - Sending request to Setting Chmaber Zones to a= 0.19508999999999715, b= 0.22295999999999677, c= 0.25082999999999633, d= 0.27869999999999595 with timeout of 5s...
13-10-2024 20:24:45 - INFO - Setting Chmaber Zones to a= 0.19508999999999715, b= 0.22295999999999677, c= 0.25082999999999633, d= 0.27869999999999595 request successfully sent.
13-10-2024 20:24:45 - INFO - Response from moonraker: {'result': 'ok'}
13-10-2024 20:24:45 - INFO - Setting Chmaber Zones to a= 0.19508999999999715, b= 0.22295999999999677, c= 0.25082999999999633, d= 0.27869999999999595 Request successfully executed.
13-10-2024 20:24:46 - INFO - Sending request to Setting Chmaber Zones to a= 0.27152999999999894, b= 0.31031999999999876, c= 0.3491099999999986, d= 0.3878999999999985 with timeout of 5s...
13-10-2024 20:24:46 - INFO - Setting Chmaber Zones to a= 0.27152999999999894, b= 0.31031999999999876, c= 0.3491099999999986, d= 0.3878999999999985 request successfully sent.
13-10-2024 20:24:46 - INFO - Response from moonraker: {'result': 'ok'}
13-10-2024 20:24:46 - INFO - Setting Chmaber Zones to a= 0.27152999999999894, b= 0.31031999999999876, c= 0.3491099999999986, d= 0.3878999999999985 Request successfully executed.
13-10-2024 20:24:47 - INFO - Sending request to Setting Chmaber Zones to a= 0.0, b= 0.0, c= 0.0, d= 0.0 with timeout of 5s...
13-10-2024 20:24:47 - INFO - Setting Chmaber Zones to a= 0.0, b= 0.0, c= 0.0, d= 0.0 request successfully sent.
13-10-2024 20:24:47 - INFO - Response from moonraker: {'result': 'ok'}
13-10-2024 20:24:47 - INFO - Setting Chmaber Zones to a= 0.0, b= 0.0, c= 0.0, d= 0.0 Request successfully executed.
13-10-2024 20:24:48 - INFO - Sending request to Setting Chmaber Zones to a= 0.0, b= 0.0, c= 0.0, d= 0.0 with timeout of 5s...
13-10-2024 20:24:48 - INFO - Setting Chmaber Zones to a= 0.0, b= 0.0, c= 0.0, d= 0.0 request successfully sent.
13-10-2024 20:24:48 - INFO - Response from moonraker: {'result': 'ok'}
13-10-2024 20:24:48 - INFO - Setting Chmaber Zones to a= 0.0, b= 0.0, c= 0.0, d= 0.0 Request successfully executed.
13-10-2024 20:24:49 - INFO - Sending request to Setting Chmaber Zones to a= 0.0, b= 0.0, c= 0.0, d= 0.0 with timeout of 5s...
13-10-2024 20:24:49 - INFO - Setting Chmaber Zones to a= 0.0, b= 0.0, c= 0.0, d= 0.0 request successfully sent.
13-10-2024 20:24:49 - INFO - Response from moonraker: {'result': 'ok'}
13-10-2024 20:24:49 - INFO - Setting Chmaber Zones to a= 0.0, b= 0.0, c= 0.0, d= 0.0 Request successfully executed.
13-10-2024 20:24:50 - INFO - Sending request to Setting Chmaber Zones to a= 0.07741999999999796, b= 0.08847999999999766, c= 0.09953999999999735, d= 0.11059999999999708 with timeout of 5s...
13-10-2024 20:24:50 - INFO - Setting Chmaber Zones to a= 0.07741999999999796, b= 0.08847999999999766, c= 0.09953999999999735, d= 0.11059999999999708 request successfully sent.
13-10-2024 20:24:50 - INFO - Response from moonraker: {'result': 'ok'}
13-10-2024 20:24:50 - INFO - Setting Chmaber Zones to a= 0.07741999999999796, b= 0.08847999999999766, c= 0.09953999999999735, d= 0.11059999999999708 Request successfully executed.
13-10-2024 20:24:51 - INFO - Sending request to Setting Chmaber Zones to a= 0.19816999999999838, b= 0.22647999999999816, c= 0.2547899999999979, d= 0.2830999999999977 with timeout of 5s...
13-10-2024 20:24:51 - INFO - Setting Chmaber Zones to a= 0.19816999999999838, b= 0.22647999999999816, c= 0.2547899999999979, d= 0.2830999999999977 request successfully sent.
13-10-2024 20:24:51 - INFO - Response from moonraker: {'result': 'ok'}
13-10-2024 20:24:51 - INFO - Setting Chmaber Zones to a= 0.19816999999999838, b= 0.22647999999999816, c= 0.2547899999999979, d= 0.2830999999999977 Request successfully executed.
13-10-2024 20:24:52 - INFO - Sending request to Setting Chmaber Zones to a= 0.1346799999999978, b= 0.15391999999999748, c= 0.17315999999999718, d= 0.19239999999999685 with timeout of 5s...
13-10-2024 20:24:52 - INFO - Setting Chmaber Zones to a= 0.1346799999999978, b= 0.15391999999999748, c= 0.17315999999999718, d= 0.19239999999999685 request successfully sent.
13-10-2024 20:24:52 - INFO - Response from moonraker: {'result': 'ok'}
13-10-2024 20:24:52 - INFO - Setting Chmaber Zones to a= 0.1346799999999978, b= 0.15391999999999748, c= 0.17315999999999718, d= 0.19239999999999685 Request successfully executed.
13-10-2024 20:24:53 - INFO - Sending request to Setting Chmaber Zones to a= 0.0, b= 0.0, c= 0.0, d= 0.0 with timeout of 5s...
13-10-2024 20:24:53 - INFO - Setting Chmaber Zones to a= 0.0, b= 0.0, c= 0.0, d= 0.0 request successfully sent.
13-10-2024 20:24:53 - INFO - Response from moonraker: {'result': 'ok'}
13-10-2024 20:24:53 - INFO - Setting Chmaber Zones to a= 0.0, b= 0.0, c= 0.0, d= 0.0 Request successfully executed.
13-10-2024 20:24:54 - INFO - Sending request to Setting Chmaber Zones to a= 0.0, b= 0.0, c= 0.0, d= 0.0 with timeout of 5s...
13-10-2024 20:24:54 - INFO - Setting Chmaber Zones to a= 0.0, b= 0.0, c= 0.0, d= 0.0 request successfully sent.
13-10-2024 20:24:54 - INFO - Response from moonraker: {'result': 'ok'}
13-10-2024 20:24:54 - INFO - Setting Chmaber Zones to a= 0.0, b= 0.0, c= 0.0, d= 0.0 Request successfully executed.
13-10-2024 20:24:55 - INFO - Sending request to Setting Chmaber Zones to a= 0.0, b= 0.0, c= 0.0, d= 0.0 with timeout of 5s...
13-10-2024 20:24:55 - INFO - Setting Chmaber Zones to a= 0.0, b= 0.0, c= 0.0, d= 0.0 request successfully sent.
13-10-2024 20:24:55 - INFO - Response from moonraker: {'result': 'ok'}
13-10-2024 20:24:55 - INFO - Setting Chmaber Zones to a= 0.0, b= 0.0, c= 0.0, d= 0.0 Request successfully executed.
13-10-2024 20:24:56 - INFO - Sending request to Setting Chmaber Zones to a= 0.18752999999999706, b= 0.21431999999999665, c= 0.24110999999999624, d= 0.2678999999999958 with timeout of 5s...
13-10-2024 20:24:56 - INFO - Setting Chmaber Zones to a= 0.18752999999999706, b= 0.21431999999999665, c= 0.24110999999999624, d= 0.2678999999999958 request successfully sent.
13-10-2024 20:24:56 - INFO - Response from moonraker: {'result': 'ok'}
13-10-2024 20:24:56 - INFO - Setting Chmaber Zones to a= 0.18752999999999706, b= 0.21431999999999665, c= 0.24110999999999624, d= 0.2678999999999958 Request successfully executed.
13-10-2024 20:24:57 - INFO - Sending request to Setting Chmaber Zones to a= 0.2617299999999988, b= 0.29911999999999855, c= 0.3365099999999984, d= 0.37389999999999823 with timeout of 5s...
13-10-2024 20:24:57 - INFO - Setting Chmaber Zones to a= 0.2617299999999988, b= 0.29911999999999855, c= 0.3365099999999984, d= 0.37389999999999823 request successfully sent.
13-10-2024 20:24:57 - INFO - Response from moonraker: {'result': 'ok'}
13-10-2024 20:24:57 - INFO - Setting Chmaber Zones to a= 0.2617299999999988, b= 0.29911999999999855, c= 0.3365099999999984, d= 0.37389999999999823 Request successfully executed.
13-10-2024 20:24:58 - INFO - Sending request to Setting Chmaber Zones to a= 0.0881999999999972, b= 0.10079999999999681, c= 0.1133999999999964, d= 0.125999999999996 with timeout of 5s...
13-10-2024 20:24:58 - INFO - Setting Chmaber Zones to a= 0.0881999999999972, b= 0.10079999999999681, c= 0.1133999999999964, d= 0.125999999999996 request successfully sent.
13-10-2024 20:24:58 - INFO - Response from moonraker: {'result': 'ok'}
13-10-2024 20:24:58 - INFO - Setting Chmaber Zones to a= 0.0881999999999972, b= 0.10079999999999681, c= 0.1133999999999964, d= 0.125999999999996 Request successfully executed.
13-10-2024 20:24:59 - INFO - Sending request to Setting Chmaber Zones to a= 0.0, b= 0.0, c= 0.0, d= 0.0 with timeout of 5s...
13-10-2024 20:24:59 - INFO - Setting Chmaber Zones to a= 0.0, b= 0.0, c= 0.0, d= 0.0 request successfully sent.
13-10-2024 20:24:59 - INFO - Response from moonraker: {'result': 'ok'}
13-10-2024 20:24:59 - INFO - Setting Chmaber Zones to a= 0.0, b= 0.0, c= 0.0, d= 0.0 Request successfully executed.
13-10-2024 20:25:00 - INFO - Sending request to Setting Chmaber Zones to a= 0.0, b= 0.0, c= 0.0, d= 0.0 with timeout of 5s...
13-10-2024 20:25:00 - INFO - Setting Chmaber Zones to a= 0.0, b= 0.0, c= 0.0, d= 0.0 request successfully sent.
13-10-2024 20:25:00 - INFO - Response from moonraker: {'result': 'ok'}
13-10-2024 20:25:00 - INFO - Setting Chmaber Zones to a= 0.0, b= 0.0, c= 0.0, d= 0.0 Request successfully executed.
13-10-2024 20:25:01 - INFO - Sending request to Setting Chmaber Zones to a= 0.0, b= 0.0, c= 0.0, d= 0.0 with timeout of 5s...
13-10-2024 20:25:01 - INFO - Setting Chmaber Zones to a= 0.0, b= 0.0, c= 0.0, d= 0.0 request successfully sent.
13-10-2024 20:25:01 - INFO - Response from moonraker: {'result': 'ok'}
13-10-2024 20:25:01 - INFO - Setting Chmaber Zones to a= 0.0, b= 0.0, c= 0.0, d= 0.0 Request successfully executed.
13-10-2024 20:25:02 - INFO - Sending request to Setting Chmaber Zones to a= 0.12704999999999733, b= 0.14519999999999694, c= 0.16334999999999655, d= 0.18149999999999614 with timeout of 5s...
13-10-2024 20:25:02 - INFO - Setting Chmaber Zones to a= 0.12704999999999733, b= 0.14519999999999694, c= 0.16334999999999655, d= 0.18149999999999614 request successfully sent.
13-10-2024 20:25:02 - INFO - Response from moonraker: {'result': 'ok'}
13-10-2024 20:25:02 - INFO - Setting Chmaber Zones to a= 0.12704999999999733, b= 0.14519999999999694, c= 0.16334999999999655, d= 0.18149999999999614 Request successfully executed.
13-10-2024 20:25:03 - INFO - Sending request to Setting Chmaber Zones to a= 0.1979599999999979, b= 0.2262399999999976, c= 0.2545199999999973, d= 0.282799999999997 with timeout of 5s...
13-10-2024 20:25:03 - INFO - Setting Chmaber Zones to a= 0.1979599999999979, b= 0.2262399999999976, c= 0.2545199999999973, d= 0.282799999999997 request successfully sent.
13-10-2024 20:25:03 - INFO - Response from moonraker: {'result': 'ok'}
13-10-2024 20:25:03 - INFO - Setting Chmaber Zones to a= 0.1979599999999979, b= 0.2262399999999976, c= 0.2545199999999973, d= 0.282799999999997 Request successfully executed.
13-10-2024 20:25:04 - INFO - Sending request to Setting Chmaber Zones to a= 0.12354999999999938, b= 0.1411999999999993, c= 0.15884999999999921, d= 0.17649999999999913 with timeout of 5s...
13-10-2024 20:25:04 - INFO - Setting Chmaber Zones to a= 0.12354999999999938, b= 0.1411999999999993, c= 0.15884999999999921, d= 0.17649999999999913 request successfully sent.
13-10-2024 20:25:04 - INFO - Response from moonraker: {'result': 'ok'}
13-10-2024 20:25:04 - INFO - Setting Chmaber Zones to a= 0.12354999999999938, b= 0.1411999999999993, c= 0.15884999999999921, d= 0.17649999999999913 Request successfully executed.
13-10-2024 20:25:05 - INFO - Sending request to Setting Chmaber Zones to a= 0.0, b= 0.0, c= 0.0, d= 0.0 with timeout of 5s...
13-10-2024 20:25:05 - INFO - Setting Chmaber Zones to a= 0.0, b= 0.0, c= 0.0, d= 0.0 request successfully sent.
13-10-2024 20:25:05 - INFO - Response from moonraker: {'result': 'ok'}
13-10-2024 20:25:05 - INFO - Setting Chmaber Zones to a= 0.0, b= 0.0, c= 0.0, d= 0.0 Request successfully executed.
13-10-2024 20:25:06 - INFO - Sending request to Setting Chmaber Zones to a= 0.0, b= 0.0, c= 0.0, d= 0.0 with timeout of 5s...
13-10-2024 20:25:06 - INFO - Setting Chmaber Zones to a= 0.0, b= 0.0, c= 0.0, d= 0.0 request successfully sent.
13-10-2024 20:25:06 - INFO - Response from moonraker: {'result': 'ok'}
13-10-2024 20:25:06 - INFO - Setting Chmaber Zones to a= 0.0, b= 0.0, c= 0.0, d= 0.0 Request successfully executed.
13-10-2024 20:25:07 - INFO - Sending request to Setting Chmaber Zones to a= 0.0, b= 0.0, c= 0.0, d= 0.0 with timeout of 5s...
13-10-2024 20:25:07 - INFO - Setting Chmaber Zones to a= 0.0, b= 0.0, c= 0.0, d= 0.0 request successfully sent.
13-10-2024 20:25:07 - INFO - Response from moonraker: {'result': 'ok'}
13-10-2024 20:25:07 - INFO - Setting Chmaber Zones to a= 0.0, b= 0.0, c= 0.0, d= 0.0 Request successfully executed.
13-10-2024 20:25:08 - INFO - Sending request to Setting Chmaber Zones to a= 0.1647799999999968, b= 0.18831999999999635, c= 0.21185999999999588, d= 0.23539999999999542 with timeout of 5s...
13-10-2024 20:25:08 - INFO - Setting Chmaber Zones to a= 0.1647799999999968, b= 0.18831999999999635, c= 0.21185999999999588, d= 0.23539999999999542 request successfully sent.
13-10-2024 20:25:08 - INFO - Response from moonraker: {'result': 'ok'}
13-10-2024 20:25:08 - INFO - Setting Chmaber Zones to a= 0.1647799999999968, b= 0.18831999999999635, c= 0.21185999999999588, d= 0.23539999999999542 Request successfully executed.
13-10-2024 20:25:09 - INFO - Sending request to Setting Chmaber Zones to a= 0.3178699999999995, b= 0.36327999999999944, c= 0.40868999999999933, d= 0.4540999999999993 with timeout of 5s...
13-10-2024 20:25:09 - INFO - Setting Chmaber Zones to a= 0.3178699999999995, b= 0.36327999999999944, c= 0.40868999999999933, d= 0.4540999999999993 request successfully sent.
13-10-2024 20:25:09 - INFO - Response from moonraker: {'result': 'ok'}
13-10-2024 20:25:09 - INFO - Setting Chmaber Zones to a= 0.3178699999999995, b= 0.36327999999999944, c= 0.40868999999999933, d= 0.4540999999999993 Request successfully executed.
13-10-2024 20:25:10 - INFO - Sending request to Setting Chmaber Zones to a= 0.0, b= 0.0, c= 0.0, d= 0.0 with timeout of 5s...
13-10-2024 20:25:10 - INFO - Setting Chmaber Zones to a= 0.0, b= 0.0, c= 0.0, d= 0.0 request successfully sent.
13-10-2024 20:25:10 - INFO - Response from moonraker: {'result': 'ok'}
13-10-2024 20:25:10 - INFO - Setting Chmaber Zones to a= 0.0, b= 0.0, c= 0.0, d= 0.0 Request successfully executed.
13-10-2024 20:25:11 - INFO - Sending request to Setting Chmaber Zones to a= 0.0, b= 0.0, c= 0.0, d= 0.0 with timeout of 5s...
13-10-2024 20:25:11 - INFO - Setting Chmaber Zones to a= 0.0, b= 0.0, c= 0.0, d= 0.0 request successfully sent.
13-10-2024 20:25:11 - INFO - Response from moonraker: {'result': 'ok'}
13-10-2024 20:25:11 - INFO - Setting Chmaber Zones to a= 0.0, b= 0.0, c= 0.0, d= 0.0 Request successfully executed.
13-10-2024 20:25:12 - INFO - Sending request to Setting Chmaber Zones to a= 0.0, b= 0.0, c= 0.0, d= 0.0 with timeout of 5s...
13-10-2024 20:25:12 - INFO - Setting Chmaber Zones to a= 0.0, b= 0.0, c= 0.0, d= 0.0 request successfully sent.
13-10-2024 20:25:12 - INFO - Response from moonraker: {'result': 'ok'}
13-10-2024 20:25:12 - INFO - Setting Chmaber Zones to a= 0.0, b= 0.0, c= 0.0, d= 0.0 Request successfully executed.
13-10-2024 20:25:13 - INFO - Sending request to Setting Chmaber Zones to a= 0.0, b= 0.0, c= 0.0, d= 0.0 with timeout of 5s...
13-10-2024 20:25:13 - INFO - Setting Chmaber Zones to a= 0.0, b= 0.0, c= 0.0, d= 0.0 request successfully sent.
13-10-2024 20:25:13 - INFO - Response from moonraker: {'result': 'ok'}
13-10-2024 20:25:13 - INFO - Setting Chmaber Zones to a= 0.0, b= 0.0, c= 0.0, d= 0.0 Request successfully executed.
13-10-2024 20:25:14 - INFO - Sending request to Setting Chmaber Zones to a= 0.25213999999999864, b= 0.2881599999999985, c= 0.3241799999999983, d= 0.36019999999999813 with timeout of 5s...
13-10-2024 20:25:14 - INFO - Setting Chmaber Zones to a= 0.25213999999999864, b= 0.2881599999999985, c= 0.3241799999999983, d= 0.36019999999999813 request successfully sent.
13-10-2024 20:25:14 - INFO - Response from moonraker: {'result': 'ok'}
13-10-2024 20:25:14 - INFO - Setting Chmaber Zones to a= 0.25213999999999864, b= 0.2881599999999985, c= 0.3241799999999983, d= 0.36019999999999813 Request successfully executed.
13-10-2024 20:25:15 - INFO - Sending request to Setting Chmaber Zones to a= 0.24464999999999712, b= 0.2795999999999967, c= 0.3145499999999963, d= 0.3494999999999958 with timeout of 5s...
13-10-2024 20:25:15 - INFO - Setting Chmaber Zones to a= 0.24464999999999712, b= 0.2795999999999967, c= 0.3145499999999963, d= 0.3494999999999958 request successfully sent.
13-10-2024 20:25:15 - INFO - Response from moonraker: {'result': 'ok'}
13-10-2024 20:25:15 - INFO - Setting Chmaber Zones to a= 0.24464999999999712, b= 0.2795999999999967, c= 0.3145499999999963, d= 0.3494999999999958 Request successfully executed.
13-10-2024 20:25:16 - INFO - Sending request to Setting Chmaber Zones to a= 0.0, b= 0.0, c= 0.0, d= 0.0 with timeout of 5s...
13-10-2024 20:25:16 - INFO - Setting Chmaber Zones to a= 0.0, b= 0.0, c= 0.0, d= 0.0 request successfully sent.
13-10-2024 20:25:16 - INFO - Response from moonraker: {'result': 'ok'}
13-10-2024 20:25:16 - INFO - Setting Chmaber Zones to a= 0.0, b= 0.0, c= 0.0, d= 0.0 Request successfully executed.
13-10-2024 20:25:17 - INFO - Sending request to Setting Chmaber Zones to a= 0.0, b= 0.0, c= 0.0, d= 0.0 with timeout of 5s...
13-10-2024 20:25:17 - INFO - Setting Chmaber Zones to a= 0.0, b= 0.0, c= 0.0, d= 0.0 request successfully sent.
13-10-2024 20:25:17 - INFO - Response from moonraker: {'result': 'ok'}
13-10-2024 20:25:17 - INFO - Setting Chmaber Zones to a= 0.0, b= 0.0, c= 0.0, d= 0.0 Request successfully executed.
13-10-2024 20:25:18 - INFO - Sending request to Setting Chmaber Zones to a= 0.0, b= 0.0, c= 0.0, d= 0.0 with timeout of 5s...
13-10-2024 20:25:18 - INFO - Setting Chmaber Zones to a= 0.0, b= 0.0, c= 0.0, d= 0.0 request successfully sent.
13-10-2024 20:25:18 - INFO - Response from moonraker: {'result': 'ok'}
13-10-2024 20:25:18 - INFO - Setting Chmaber Zones to a= 0.0, b= 0.0, c= 0.0, d= 0.0 Request successfully executed.
13-10-2024 20:25:19 - INFO - Sending request to Setting Chmaber Zones to a= 0.06901999999999901, b= 0.07887999999999887, c= 0.08873999999999872, d= 0.09859999999999858 with timeout of 5s...
13-10-2024 20:25:19 - INFO - Setting Chmaber Zones to a= 0.06901999999999901, b= 0.07887999999999887, c= 0.08873999999999872, d= 0.09859999999999858 request successfully sent.
13-10-2024 20:25:19 - INFO - Response from moonraker: {'result': 'ok'}
13-10-2024 20:25:19 - INFO - Setting Chmaber Zones to a= 0.06901999999999901, b= 0.07887999999999887, c= 0.08873999999999872, d= 0.09859999999999858 Request successfully executed.
13-10-2024 20:25:20 - INFO - Sending request to Setting Chmaber Zones to a= 0.14314999999999975, b= 0.16359999999999972, c= 0.18404999999999966, d= 0.20449999999999963 with timeout of 5s...
13-10-2024 20:25:20 - INFO - Setting Chmaber Zones to a= 0.14314999999999975, b= 0.16359999999999972, c= 0.18404999999999966, d= 0.20449999999999963 request successfully sent.
13-10-2024 20:25:20 - INFO - Response from moonraker: {'result': 'ok'}
13-10-2024 20:25:20 - INFO - Setting Chmaber Zones to a= 0.14314999999999975, b= 0.16359999999999972, c= 0.18404999999999966, d= 0.20449999999999963 Request successfully executed.
13-10-2024 20:25:21 - INFO - Sending request to Setting Chmaber Zones to a= 0.0299599999999967, b= 0.03423999999999623, c= 0.03851999999999576, d= 0.042799999999995286 with timeout of 5s...
13-10-2024 20:25:21 - INFO - Setting Chmaber Zones to a= 0.0299599999999967, b= 0.03423999999999623, c= 0.03851999999999576, d= 0.042799999999995286 request successfully sent.
13-10-2024 20:25:21 - INFO - Response from moonraker: {'result': 'ok'}
13-10-2024 20:25:21 - INFO - Setting Chmaber Zones to a= 0.0299599999999967, b= 0.03423999999999623, c= 0.03851999999999576, d= 0.042799999999995286 Request successfully executed.
13-10-2024 20:25:22 - INFO - Sending request to Setting Chmaber Zones to a= 0.0, b= 0.0, c= 0.0, d= 0.0 with timeout of 5s...
13-10-2024 20:25:22 - INFO - Setting Chmaber Zones to a= 0.0, b= 0.0, c= 0.0, d= 0.0 request successfully sent.
13-10-2024 20:25:22 - INFO - Response from moonraker: {'result': 'ok'}
13-10-2024 20:25:22 - INFO - Setting Chmaber Zones to a= 0.0, b= 0.0, c= 0.0, d= 0.0 Request successfully executed.
13-10-2024 20:25:23 - INFO - Sending request to Setting Chmaber Zones to a= 0.0, b= 0.0, c= 0.0, d= 0.0 with timeout of 5s...
13-10-2024 20:25:23 - INFO - Setting Chmaber Zones to a= 0.0, b= 0.0, c= 0.0, d= 0.0 request successfully sent.
13-10-2024 20:25:23 - INFO - Response from moonraker: {'result': 'ok'}
13-10-2024 20:25:23 - INFO - Setting Chmaber Zones to a= 0.0, b= 0.0, c= 0.0, d= 0.0 Request successfully executed.
13-10-2024 20:25:24 - INFO - Sending request to Setting Chmaber Zones to a= 0.04984000000000017, b= 0.05696000000000019, c= 0.0640800000000002, d= 0.07120000000000024 with timeout of 5s...
13-10-2024 20:25:24 - INFO - Setting Chmaber Zones to a= 0.04984000000000017, b= 0.05696000000000019, c= 0.0640800000000002, d= 0.07120000000000024 request successfully sent.
13-10-2024 20:25:24 - INFO - Response from moonraker: {'result': 'ok'}
13-10-2024 20:25:24 - INFO - Setting Chmaber Zones to a= 0.04984000000000017, b= 0.05696000000000019, c= 0.0640800000000002, d= 0.07120000000000024 Request successfully executed.
13-10-2024 20:25:25 - INFO - Sending request to Setting Chmaber Zones to a= 0.2810499999999967, b= 0.3211999999999962, c= 0.3613499999999958, d= 0.4014999999999953 with timeout of 5s...
13-10-2024 20:25:25 - INFO - Setting Chmaber Zones to a= 0.2810499999999967, b= 0.3211999999999962, c= 0.3613499999999958, d= 0.4014999999999953 request successfully sent.
13-10-2024 20:25:25 - INFO - Response from moonraker: {'result': 'ok'}
13-10-2024 20:25:25 - INFO - Setting Chmaber Zones to a= 0.2810499999999967, b= 0.3211999999999962, c= 0.3613499999999958, d= 0.4014999999999953 Request successfully executed.
13-10-2024 20:25:26 - INFO - Sending request to Setting Chmaber Zones to a= 0.1644300000000002, b= 0.18792000000000023, c= 0.21141000000000024, d= 0.23490000000000028 with timeout of 5s...
13-10-2024 20:25:26 - INFO - Setting Chmaber Zones to a= 0.1644300000000002, b= 0.18792000000000023, c= 0.21141000000000024, d= 0.23490000000000028 request successfully sent.
13-10-2024 20:25:26 - INFO - Response from moonraker: {'result': 'ok'}
13-10-2024 20:25:26 - INFO - Setting Chmaber Zones to a= 0.1644300000000002, b= 0.18792000000000023, c= 0.21141000000000024, d= 0.23490000000000028 Request successfully executed.
13-10-2024 20:25:27 - INFO - Sending request to Setting Chmaber Zones to a= 0.0, b= 0.0, c= 0.0, d= 0.0 with timeout of 5s...
13-10-2024 20:25:27 - INFO - Setting Chmaber Zones to a= 0.0, b= 0.0, c= 0.0, d= 0.0 request successfully sent.
13-10-2024 20:25:27 - INFO - Response from moonraker: {'result': 'ok'}
13-10-2024 20:25:27 - INFO - Setting Chmaber Zones to a= 0.0, b= 0.0, c= 0.0, d= 0.0 Request successfully executed.
13-10-2024 20:25:28 - INFO - Sending request to Setting Chmaber Zones to a= 0.0, b= 0.0, c= 0.0, d= 0.0 with timeout of 5s...
13-10-2024 20:25:28 - INFO - Setting Chmaber Zones to a= 0.0, b= 0.0, c= 0.0, d= 0.0 request successfully sent.
13-10-2024 20:25:28 - INFO - Response from moonraker: {'result': 'ok'}
13-10-2024 20:25:28 - INFO - Setting Chmaber Zones to a= 0.0, b= 0.0, c= 0.0, d= 0.0 Request successfully executed.
13-10-2024 20:25:29 - INFO - Sending request to Setting Chmaber Zones to a= 0.0, b= 0.0, c= 0.0, d= 0.0 with timeout of 5s...
13-10-2024 20:25:29 - INFO - Setting Chmaber Zones to a= 0.0, b= 0.0, c= 0.0, d= 0.0 request successfully sent.
13-10-2024 20:25:29 - INFO - Response from moonraker: {'result': 'ok'}
13-10-2024 20:25:29 - INFO - Setting Chmaber Zones to a= 0.0, b= 0.0, c= 0.0, d= 0.0 Request successfully executed.
13-10-2024 20:25:30 - INFO - Sending request to Setting Chmaber Zones to a= 0.11346999999999711, b= 0.12967999999999671, c= 0.1458899999999963, d= 0.1620999999999959 with timeout of 5s...
13-10-2024 20:25:30 - INFO - Setting Chmaber Zones to a= 0.11346999999999711, b= 0.12967999999999671, c= 0.1458899999999963, d= 0.1620999999999959 request successfully sent.
13-10-2024 20:25:30 - INFO - Response from moonraker: {'result': 'ok'}
13-10-2024 20:25:30 - INFO - Setting Chmaber Zones to a= 0.11346999999999711, b= 0.12967999999999671, c= 0.1458899999999963, d= 0.1620999999999959 Request successfully executed.
13-10-2024 20:25:31 - INFO - Sending request to Setting Chmaber Zones to a= 0.19200999999999976, b= 0.21943999999999975, c= 0.2468699999999997, d= 0.27429999999999966 with timeout of 5s...
13-10-2024 20:25:31 - INFO - Setting Chmaber Zones to a= 0.19200999999999976, b= 0.21943999999999975, c= 0.2468699999999997, d= 0.27429999999999966 request successfully sent.
13-10-2024 20:25:31 - INFO - Response from moonraker: {'result': 'ok'}
13-10-2024 20:25:31 - INFO - Setting Chmaber Zones to a= 0.19200999999999976, b= 0.21943999999999975, c= 0.2468699999999997, d= 0.27429999999999966 Request successfully executed.
13-10-2024 20:25:32 - INFO - Sending request to Setting Chmaber Zones to a= 0.0, b= 0.0, c= 0.0, d= 0.0 with timeout of 5s...
13-10-2024 20:25:32 - INFO - Setting Chmaber Zones to a= 0.0, b= 0.0, c= 0.0, d= 0.0 request successfully sent.
13-10-2024 20:25:32 - INFO - Response from moonraker: {'result': 'ok'}
13-10-2024 20:25:32 - INFO - Setting Chmaber Zones to a= 0.0, b= 0.0, c= 0.0, d= 0.0 Request successfully executed.
13-10-2024 20:25:33 - INFO - Sending request to Setting Chmaber Zones to a= 0.0, b= 0.0, c= 0.0, d= 0.0 with timeout of 5s...
13-10-2024 20:25:33 - INFO - Setting Chmaber Zones to a= 0.0, b= 0.0, c= 0.0, d= 0.0 request successfully sent.
13-10-2024 20:25:33 - INFO - Response from moonraker: {'result': 'ok'}
13-10-2024 20:25:33 - INFO - Setting Chmaber Zones to a= 0.0, b= 0.0, c= 0.0, d= 0.0 Request successfully executed.
13-10-2024 20:25:34 - INFO - Sending request to Setting Chmaber Zones to a= 0.0, b= 0.0, c= 0.0, d= 0.0 with timeout of 5s...
13-10-2024 20:25:34 - INFO - Setting Chmaber Zones to a= 0.0, b= 0.0, c= 0.0, d= 0.0 request successfully sent.
13-10-2024 20:25:34 - INFO - Response from moonraker: {'result': 'ok'}
13-10-2024 20:25:34 - INFO - Setting Chmaber Zones to a= 0.0, b= 0.0, c= 0.0, d= 0.0 Request successfully executed.
13-10-2024 20:25:35 - INFO - Sending request to Setting Chmaber Zones to a= 0.02323999999999779, b= 0.026559999999997475, c= 0.02987999999999716, d= 0.03319999999999684 with timeout of 5s...
13-10-2024 20:25:35 - INFO - Setting Chmaber Zones to a= 0.02323999999999779, b= 0.026559999999997475, c= 0.02987999999999716, d= 0.03319999999999684 request successfully sent.
13-10-2024 20:25:35 - INFO - Response from moonraker: {'result': 'ok'}
13-10-2024 20:25:35 - INFO - Setting Chmaber Zones to a= 0.02323999999999779, b= 0.026559999999997475, c= 0.02987999999999716, d= 0.03319999999999684 Request successfully executed.
13-10-2024 20:25:36 - INFO - Sending request to Setting Chmaber Zones to a= 0.29980999999999697, b= 0.34263999999999656, c= 0.38546999999999615, d= 0.42829999999999574 with timeout of 5s...
13-10-2024 20:25:36 - INFO - Setting Chmaber Zones to a= 0.29980999999999697, b= 0.34263999999999656, c= 0.38546999999999615, d= 0.42829999999999574 request successfully sent.
13-10-2024 20:25:36 - INFO - Response from moonraker: {'result': 'ok'}
13-10-2024 20:25:36 - INFO - Setting Chmaber Zones to a= 0.29980999999999697, b= 0.34263999999999656, c= 0.38546999999999615, d= 0.42829999999999574 Request successfully executed.
13-10-2024 20:25:37 - INFO - Sending request to Setting Chmaber Zones to a= 0.11144000000000041, b= 0.12736000000000047, c= 0.14328000000000052, d= 0.1592000000000006 with timeout of 5s...
13-10-2024 20:25:37 - INFO - Setting Chmaber Zones to a= 0.11144000000000041, b= 0.12736000000000047, c= 0.14328000000000052, d= 0.1592000000000006 request successfully sent.
13-10-2024 20:25:37 - INFO - Response from moonraker: {'result': 'ok'}
13-10-2024 20:25:37 - INFO - Setting Chmaber Zones to a= 0.11144000000000041, b= 0.12736000000000047, c= 0.14328000000000052, d= 0.1592000000000006 Request successfully executed.
13-10-2024 20:25:38 - INFO - Sending request to Setting Chmaber Zones to a= 0.0, b= 0.0, c= 0.0, d= 0.0 with timeout of 5s...
13-10-2024 20:25:38 - INFO - Setting Chmaber Zones to a= 0.0, b= 0.0, c= 0.0, d= 0.0 request successfully sent.
13-10-2024 20:25:38 - INFO - Response from moonraker: {'result': 'ok'}
13-10-2024 20:25:38 - INFO - Setting Chmaber Zones to a= 0.0, b= 0.0, c= 0.0, d= 0.0 Request successfully executed.
13-10-2024 20:25:39 - INFO - Sending request to Setting Chmaber Zones to a= 0.0, b= 0.0, c= 0.0, d= 0.0 with timeout of 5s...
13-10-2024 20:25:39 - INFO - Setting Chmaber Zones to a= 0.0, b= 0.0, c= 0.0, d= 0.0 request successfully sent.
13-10-2024 20:25:39 - INFO - Response from moonraker: {'result': 'ok'}
13-10-2024 20:25:39 - INFO - Setting Chmaber Zones to a= 0.0, b= 0.0, c= 0.0, d= 0.0 Request successfully executed.
13-10-2024 20:25:40 - INFO - Sending request to Setting Chmaber Zones to a= 0.0, b= 0.0, c= 0.0, d= 0.0 with timeout of 5s...
13-10-2024 20:25:40 - INFO - Setting Chmaber Zones to a= 0.0, b= 0.0, c= 0.0, d= 0.0 request successfully sent.
13-10-2024 20:25:40 - INFO - Response from moonraker: {'result': 'ok'}
13-10-2024 20:25:40 - INFO - Setting Chmaber Zones to a= 0.0, b= 0.0, c= 0.0, d= 0.0 Request successfully executed.
13-10-2024 20:25:41 - INFO - Sending request to Setting Chmaber Zones to a= 0.11920999999999843, b= 0.13623999999999822, c= 0.15326999999999796, d= 0.1702999999999978 with timeout of 5s...
13-10-2024 20:25:41 - INFO - Setting Chmaber Zones to a= 0.11920999999999843, b= 0.13623999999999822, c= 0.15326999999999796, d= 0.1702999999999978 request successfully sent.
13-10-2024 20:25:41 - INFO - Response from moonraker: {'result': 'ok'}
13-10-2024 20:25:41 - INFO - Setting Chmaber Zones to a= 0.11920999999999843, b= 0.13623999999999822, c= 0.15326999999999796, d= 0.1702999999999978 Request successfully executed.
13-10-2024 20:25:42 - INFO - Sending request to Setting Chmaber Zones to a= 0.11682999999999613, b= 0.1335199999999956, c= 0.15020999999999501, d= 0.16689999999999447 with timeout of 5s...
13-10-2024 20:25:42 - INFO - Setting Chmaber Zones to a= 0.11682999999999613, b= 0.1335199999999956, c= 0.15020999999999501, d= 0.16689999999999447 request successfully sent.
13-10-2024 20:25:42 - INFO - Response from moonraker: {'result': 'ok'}
13-10-2024 20:25:42 - INFO - Setting Chmaber Zones to a= 0.11682999999999613, b= 0.1335199999999956, c= 0.15020999999999501, d= 0.16689999999999447 Request successfully executed.
13-10-2024 20:25:43 - INFO - Sending request to Setting Chmaber Zones to a= 0.0, b= 0.0, c= 0.0, d= 0.0 with timeout of 5s...
13-10-2024 20:25:43 - INFO - Setting Chmaber Zones to a= 0.0, b= 0.0, c= 0.0, d= 0.0 request successfully sent.
13-10-2024 20:25:43 - INFO - Response from moonraker: {'result': 'ok'}
13-10-2024 20:25:43 - INFO - Setting Chmaber Zones to a= 0.0, b= 0.0, c= 0.0, d= 0.0 Request successfully executed.
13-10-2024 20:25:44 - INFO - Sending request to Setting Chmaber Zones to a= 0.0, b= 0.0, c= 0.0, d= 0.0 with timeout of 5s...
13-10-2024 20:25:44 - INFO - Setting Chmaber Zones to a= 0.0, b= 0.0, c= 0.0, d= 0.0 request successfully sent.
13-10-2024 20:25:44 - INFO - Response from moonraker: {'result': 'ok'}
13-10-2024 20:25:44 - INFO - Setting Chmaber Zones to a= 0.0, b= 0.0, c= 0.0, d= 0.0 Request successfully executed.
13-10-2024 20:25:45 - INFO - Sending request to Setting Chmaber Zones to a= 0.0, b= 0.0, c= 0.0, d= 0.0 with timeout of 5s...
13-10-2024 20:25:45 - INFO - Setting Chmaber Zones to a= 0.0, b= 0.0, c= 0.0, d= 0.0 request successfully sent.
13-10-2024 20:25:45 - INFO - Response from moonraker: {'result': 'ok'}
13-10-2024 20:25:45 - INFO - Setting Chmaber Zones to a= 0.0, b= 0.0, c= 0.0, d= 0.0 Request successfully executed.
13-10-2024 20:25:46 - INFO - Sending request to Setting Chmaber Zones to a= 0.07440999999999719, b= 0.08503999999999678, c= 0.09566999999999638, d= 0.10629999999999598 with timeout of 5s...
13-10-2024 20:25:46 - INFO - Setting Chmaber Zones to a= 0.07440999999999719, b= 0.08503999999999678, c= 0.09566999999999638, d= 0.10629999999999598 request successfully sent.
13-10-2024 20:25:46 - INFO - Response from moonraker: {'result': 'ok'}
13-10-2024 20:25:46 - INFO - Setting Chmaber Zones to a= 0.07440999999999719, b= 0.08503999999999678, c= 0.09566999999999638, d= 0.10629999999999598 Request successfully executed.
13-10-2024 20:25:47 - INFO - Sending request to Setting Chmaber Zones to a= 0.4608099999999988, b= 0.5266399999999986, c= 0.5924699999999984, d= 0.6582999999999983 with timeout of 5s...
13-10-2024 20:25:47 - INFO - Setting Chmaber Zones to a= 0.4608099999999988, b= 0.5266399999999986, c= 0.5924699999999984, d= 0.6582999999999983 request successfully sent.
13-10-2024 20:25:47 - INFO - Response from moonraker: {'result': 'ok'}
13-10-2024 20:25:47 - INFO - Setting Chmaber Zones to a= 0.4608099999999988, b= 0.5266399999999986, c= 0.5924699999999984, d= 0.6582999999999983 Request successfully executed.
13-10-2024 20:25:48 - INFO - Sending request to Setting Chmaber Zones to a= 0.0008400000000002378, b= 0.0009600000000002717, c= 0.0010800000000003058, d= 0.0012000000000003397 with timeout of 5s...
13-10-2024 20:25:48 - INFO - Setting Chmaber Zones to a= 0.0008400000000002378, b= 0.0009600000000002717, c= 0.0010800000000003058, d= 0.0012000000000003397 request successfully sent.
13-10-2024 20:25:48 - INFO - Response from moonraker: {'result': 'ok'}
13-10-2024 20:25:48 - INFO - Setting Chmaber Zones to a= 0.0008400000000002378, b= 0.0009600000000002717, c= 0.0010800000000003058, d= 0.0012000000000003397 Request successfully executed.
13-10-2024 20:25:49 - INFO - Sending request to Setting Chmaber Zones to a= 0.0, b= 0.0, c= 0.0, d= 0.0 with timeout of 5s...
13-10-2024 20:25:49 - INFO - Setting Chmaber Zones to a= 0.0, b= 0.0, c= 0.0, d= 0.0 request successfully sent.
13-10-2024 20:25:49 - INFO - Response from moonraker: {'result': 'ok'}
13-10-2024 20:25:49 - INFO - Setting Chmaber Zones to a= 0.0, b= 0.0, c= 0.0, d= 0.0 Request successfully executed.
13-10-2024 20:25:50 - INFO - Sending request to Setting Chmaber Zones to a= 0.0, b= 0.0, c= 0.0, d= 0.0 with timeout of 5s...
13-10-2024 20:25:50 - INFO - Setting Chmaber Zones to a= 0.0, b= 0.0, c= 0.0, d= 0.0 request successfully sent.
13-10-2024 20:25:50 - INFO - Response from moonraker: {'result': 'ok'}
13-10-2024 20:25:50 - INFO - Setting Chmaber Zones to a= 0.0, b= 0.0, c= 0.0, d= 0.0 Request successfully executed.
13-10-2024 20:25:51 - INFO - Sending request to Setting Chmaber Zones to a= 0.0, b= 0.0, c= 0.0, d= 0.0 with timeout of 5s...
13-10-2024 20:25:51 - INFO - Setting Chmaber Zones to a= 0.0, b= 0.0, c= 0.0, d= 0.0 request successfully sent.
13-10-2024 20:25:51 - INFO - Response from moonraker: {'result': 'ok'}
13-10-2024 20:25:51 - INFO - Setting Chmaber Zones to a= 0.0, b= 0.0, c= 0.0, d= 0.0 Request successfully executed.
13-10-2024 20:25:52 - INFO - Sending request to Setting Chmaber Zones to a= 0.42321999999999954, b= 0.4836799999999995, c= 0.5441399999999994, d= 0.6045999999999994 with timeout of 5s...
13-10-2024 20:25:52 - INFO - Setting Chmaber Zones to a= 0.42321999999999954, b= 0.4836799999999995, c= 0.5441399999999994, d= 0.6045999999999994 request successfully sent.
13-10-2024 20:25:52 - INFO - Response from moonraker: {'result': 'ok'}
13-10-2024 20:25:52 - INFO - Setting Chmaber Zones to a= 0.42321999999999954, b= 0.4836799999999995, c= 0.5441399999999994, d= 0.6045999999999994 Request successfully executed.
13-10-2024 20:25:53 - INFO - Sending request to Setting Chmaber Zones to a= 0.19578999999999414, b= 0.2237599999999933, c= 0.25172999999999246, d= 0.2796999999999916 with timeout of 5s...
13-10-2024 20:25:53 - INFO - Setting Chmaber Zones to a= 0.19578999999999414, b= 0.2237599999999933, c= 0.25172999999999246, d= 0.2796999999999916 request successfully sent.
13-10-2024 20:25:53 - INFO - Response from moonraker: {'result': 'ok'}
13-10-2024 20:25:53 - INFO - Setting Chmaber Zones to a= 0.19578999999999414, b= 0.2237599999999933, c= 0.25172999999999246, d= 0.2796999999999916 Request successfully executed.
13-10-2024 20:25:54 - INFO - Sending request to Setting Chmaber Zones to a= 0.0, b= 0.0, c= 0.0, d= 0.0 with timeout of 5s...
13-10-2024 20:25:54 - INFO - Setting Chmaber Zones to a= 0.0, b= 0.0, c= 0.0, d= 0.0 request successfully sent.
13-10-2024 20:25:54 - INFO - Response from moonraker: {'result': 'ok'}
13-10-2024 20:25:54 - INFO - Setting Chmaber Zones to a= 0.0, b= 0.0, c= 0.0, d= 0.0 Request successfully executed.
13-10-2024 20:25:55 - INFO - Sending request to Setting Chmaber Zones to a= 0.0, b= 0.0, c= 0.0, d= 0.0 with timeout of 5s...
13-10-2024 20:25:55 - INFO - Setting Chmaber Zones to a= 0.0, b= 0.0, c= 0.0, d= 0.0 request successfully sent.
13-10-2024 20:25:55 - INFO - Response from moonraker: {'result': 'ok'}
13-10-2024 20:25:55 - INFO - Setting Chmaber Zones to a= 0.0, b= 0.0, c= 0.0, d= 0.0 Request successfully executed.
13-10-2024 20:25:56 - INFO - Sending request to Setting Chmaber Zones to a= 0.0, b= 0.0, c= 0.0, d= 0.0 with timeout of 5s...
13-10-2024 20:25:56 - INFO - Setting Chmaber Zones to a= 0.0, b= 0.0, c= 0.0, d= 0.0 request successfully sent.
13-10-2024 20:25:56 - INFO - Response from moonraker: {'result': 'ok'}
13-10-2024 20:25:56 - INFO - Setting Chmaber Zones to a= 0.0, b= 0.0, c= 0.0, d= 0.0 Request successfully executed.
13-10-2024 20:25:57 - INFO - Sending request to Setting Chmaber Zones to a= 0.00385000000000183, b= 0.0044000000000020915, c= 0.004950000000002353, d= 0.005500000000002614 with timeout of 5s...
13-10-2024 20:25:57 - INFO - Setting Chmaber Zones to a= 0.00385000000000183, b= 0.0044000000000020915, c= 0.004950000000002353, d= 0.005500000000002614 request successfully sent.
13-10-2024 20:25:57 - INFO - Response from moonraker: {'result': 'ok'}
13-10-2024 20:25:57 - INFO - Setting Chmaber Zones to a= 0.00385000000000183, b= 0.0044000000000020915, c= 0.004950000000002353, d= 0.005500000000002614 Request successfully executed.
13-10-2024 20:25:58 - INFO - Sending request to Setting Chmaber Zones to a= 0.279019999999994, b= 0.31887999999999317, c= 0.35873999999999234, d= 0.39859999999999146 with timeout of 5s...
13-10-2024 20:25:58 - INFO - Setting Chmaber Zones to a= 0.279019999999994, b= 0.31887999999999317, c= 0.35873999999999234, d= 0.39859999999999146 request successfully sent.
13-10-2024 20:25:58 - INFO - Response from moonraker: {'result': 'ok'}
13-10-2024 20:25:58 - INFO - Setting Chmaber Zones to a= 0.279019999999994, b= 0.31887999999999317, c= 0.35873999999999234, d= 0.39859999999999146 Request successfully executed.
13-10-2024 20:25:59 - INFO - Sending request to Setting Chmaber Zones to a= 0.0, b= 0.0, c= 0.0, d= 0.0 with timeout of 5s...
13-10-2024 20:25:59 - INFO - Setting Chmaber Zones to a= 0.0, b= 0.0, c= 0.0, d= 0.0 request successfully sent.
13-10-2024 20:25:59 - INFO - Response from moonraker: {'result': 'ok'}
13-10-2024 20:25:59 - INFO - Setting Chmaber Zones to a= 0.0, b= 0.0, c= 0.0, d= 0.0 Request successfully executed.
13-10-2024 20:26:00 - INFO - Sending request to Setting Chmaber Zones to a= 0.0, b= 0.0, c= 0.0, d= 0.0 with timeout of 5s...
13-10-2024 20:26:00 - INFO - Setting Chmaber Zones to a= 0.0, b= 0.0, c= 0.0, d= 0.0 request successfully sent.
13-10-2024 20:26:00 - INFO - Response from moonraker: {'result': 'ok'}
13-10-2024 20:26:00 - INFO - Setting Chmaber Zones to a= 0.0, b= 0.0, c= 0.0, d= 0.0 Request successfully executed.
13-10-2024 20:26:01 - INFO - Sending request to Setting Chmaber Zones to a= 0.0, b= 0.0, c= 0.0, d= 0.0 with timeout of 5s...
13-10-2024 20:26:01 - INFO - Setting Chmaber Zones to a= 0.0, b= 0.0, c= 0.0, d= 0.0 request successfully sent.
13-10-2024 20:26:01 - INFO - Response from moonraker: {'result': 'ok'}
13-10-2024 20:26:01 - INFO - Setting Chmaber Zones to a= 0.0, b= 0.0, c= 0.0, d= 0.0 Request successfully executed.
13-10-2024 20:26:02 - INFO - Sending request to Setting Chmaber Zones to a= 0.0, b= 0.0, c= 0.0, d= 0.0 with timeout of 5s...
13-10-2024 20:26:02 - INFO - Setting Chmaber Zones to a= 0.0, b= 0.0, c= 0.0, d= 0.0 request successfully sent.
13-10-2024 20:26:02 - INFO - Response from moonraker: {'result': 'ok'}
13-10-2024 20:26:02 - INFO - Setting Chmaber Zones to a= 0.0, b= 0.0, c= 0.0, d= 0.0 Request successfully executed.
13-10-2024 20:26:03 - INFO - Sending request to Setting Chmaber Zones to a= 0.15049999999999764, b= 0.17199999999999732, c= 0.19349999999999695, d= 0.21499999999999664 with timeout of 5s...
13-10-2024 20:26:03 - INFO - Setting Chmaber Zones to a= 0.15049999999999764, b= 0.17199999999999732, c= 0.19349999999999695, d= 0.21499999999999664 request successfully sent.
13-10-2024 20:26:03 - INFO - Response from moonraker: {'result': 'ok'}
13-10-2024 20:26:03 - INFO - Setting Chmaber Zones to a= 0.15049999999999764, b= 0.17199999999999732, c= 0.19349999999999695, d= 0.21499999999999664 Request successfully executed.
13-10-2024 20:26:04 - INFO - Sending request to Setting Chmaber Zones to a= 0.10198999999999848, b= 0.11655999999999826, c= 0.13112999999999805, d= 0.14569999999999783 with timeout of 5s...
13-10-2024 20:26:04 - INFO - Setting Chmaber Zones to a= 0.10198999999999848, b= 0.11655999999999826, c= 0.13112999999999805, d= 0.14569999999999783 request successfully sent.
13-10-2024 20:26:04 - INFO - Response from moonraker: {'result': 'ok'}
13-10-2024 20:26:04 - INFO - Setting Chmaber Zones to a= 0.10198999999999848, b= 0.11655999999999826, c= 0.13112999999999805, d= 0.14569999999999783 Request successfully executed.
13-10-2024 20:26:05 - INFO - Sending request to Setting Chmaber Zones to a= 0.0, b= 0.0, c= 0.0, d= 0.0 with timeout of 5s...
13-10-2024 20:26:05 - INFO - Setting Chmaber Zones to a= 0.0, b= 0.0, c= 0.0, d= 0.0 request successfully sent.
13-10-2024 20:26:05 - INFO - Response from moonraker: {'result': 'ok'}
13-10-2024 20:26:05 - INFO - Setting Chmaber Zones to a= 0.0, b= 0.0, c= 0.0, d= 0.0 Request successfully executed.
13-10-2024 20:26:06 - INFO - Sending request to Setting Chmaber Zones to a= 0.0, b= 0.0, c= 0.0, d= 0.0 with timeout of 5s...
13-10-2024 20:26:06 - INFO - Setting Chmaber Zones to a= 0.0, b= 0.0, c= 0.0, d= 0.0 request successfully sent.
13-10-2024 20:26:06 - INFO - Response from moonraker: {'result': 'ok'}
13-10-2024 20:26:06 - INFO - Setting Chmaber Zones to a= 0.0, b= 0.0, c= 0.0, d= 0.0 Request successfully executed.
13-10-2024 20:26:07 - INFO - Sending request to Setting Chmaber Zones to a= 0.0, b= 0.0, c= 0.0, d= 0.0 with timeout of 5s...
13-10-2024 20:26:07 - INFO - Setting Chmaber Zones to a= 0.0, b= 0.0, c= 0.0, d= 0.0 request successfully sent.
13-10-2024 20:26:07 - INFO - Response from moonraker: {'result': 'ok'}
13-10-2024 20:26:07 - INFO - Setting Chmaber Zones to a= 0.0, b= 0.0, c= 0.0, d= 0.0 Request successfully executed.
13-10-2024 20:26:08 - INFO - Sending request to Setting Chmaber Zones to a= 0.015679999999998508, b= 0.01791999999999829, c= 0.020159999999998082, d= 0.022399999999997866 with timeout of 5s...
13-10-2024 20:26:08 - INFO - Setting Chmaber Zones to a= 0.015679999999998508, b= 0.01791999999999829, c= 0.020159999999998082, d= 0.022399999999997866 request successfully sent.
13-10-2024 20:26:08 - INFO - Response from moonraker: {'result': 'ok'}
13-10-2024 20:26:08 - INFO - Setting Chmaber Zones to a= 0.015679999999998508, b= 0.01791999999999829, c= 0.020159999999998082, d= 0.022399999999997866 Request successfully executed.
13-10-2024 20:26:09 - INFO - Sending request to Setting Chmaber Zones to a= 0.22175999999999965, b= 0.2534399999999996, c= 0.2851199999999996, d= 0.3167999999999995 with timeout of 5s...
13-10-2024 20:26:09 - INFO - Setting Chmaber Zones to a= 0.22175999999999965, b= 0.2534399999999996, c= 0.2851199999999996, d= 0.3167999999999995 request successfully sent.
13-10-2024 20:26:09 - INFO - Response from moonraker: {'result': 'ok'}
13-10-2024 20:26:09 - INFO - Setting Chmaber Zones to a= 0.22175999999999965, b= 0.2534399999999996, c= 0.2851199999999996, d= 0.3167999999999995 Request successfully executed.
13-10-2024 20:26:10 - INFO - Sending request to Setting Chmaber Zones to a= 0.0, b= 0.0, c= 0.0, d= 0.0 with timeout of 5s...
13-10-2024 20:26:10 - INFO - Setting Chmaber Zones to a= 0.0, b= 0.0, c= 0.0, d= 0.0 request successfully sent.
13-10-2024 20:26:10 - INFO - Response from moonraker: {'result': 'ok'}
13-10-2024 20:26:10 - INFO - Setting Chmaber Zones to a= 0.0, b= 0.0, c= 0.0, d= 0.0 Request successfully executed.
13-10-2024 20:26:11 - INFO - Sending request to Setting Chmaber Zones to a= 0.0, b= 0.0, c= 0.0, d= 0.0 with timeout of 5s...
13-10-2024 20:26:11 - INFO - Setting Chmaber Zones to a= 0.0, b= 0.0, c= 0.0, d= 0.0 request successfully sent.
13-10-2024 20:26:11 - INFO - Response from moonraker: {'result': 'ok'}
13-10-2024 20:26:11 - INFO - Setting Chmaber Zones to a= 0.0, b= 0.0, c= 0.0, d= 0.0 Request successfully executed.
13-10-2024 20:26:12 - INFO - Sending request to Setting Chmaber Zones to a= 0.0, b= 0.0, c= 0.0, d= 0.0 with timeout of 5s...
13-10-2024 20:26:12 - INFO - Setting Chmaber Zones to a= 0.0, b= 0.0, c= 0.0, d= 0.0 request successfully sent.
13-10-2024 20:26:12 - INFO - Response from moonraker: {'result': 'ok'}
13-10-2024 20:26:12 - INFO - Setting Chmaber Zones to a= 0.0, b= 0.0, c= 0.0, d= 0.0 Request successfully executed.
13-10-2024 20:26:13 - INFO - Sending request to Setting Chmaber Zones to a= 0.0, b= 0.0, c= 0.0, d= 0.0 with timeout of 5s...
13-10-2024 20:26:13 - INFO - Setting Chmaber Zones to a= 0.0, b= 0.0, c= 0.0, d= 0.0 request successfully sent.
13-10-2024 20:26:13 - INFO - Response from moonraker: {'result': 'ok'}
13-10-2024 20:26:13 - INFO - Setting Chmaber Zones to a= 0.0, b= 0.0, c= 0.0, d= 0.0 Request successfully executed.
13-10-2024 20:26:14 - INFO - Sending request to Setting Chmaber Zones to a= 0.1663199999999971, b= 0.1900799999999967, c= 0.21383999999999628, d= 0.23759999999999587 with timeout of 5s...
13-10-2024 20:26:14 - INFO - Setting Chmaber Zones to a= 0.1663199999999971, b= 0.1900799999999967, c= 0.21383999999999628, d= 0.23759999999999587 request successfully sent.
13-10-2024 20:26:14 - INFO - Response from moonraker: {'result': 'ok'}
13-10-2024 20:26:14 - INFO - Setting Chmaber Zones to a= 0.1663199999999971, b= 0.1900799999999967, c= 0.21383999999999628, d= 0.23759999999999587 Request successfully executed.
13-10-2024 20:26:15 - INFO - Sending request to Setting Chmaber Zones to a= 0.15400000000000127, b= 0.17600000000000143, c= 0.19800000000000165, d= 0.2200000000000018 with timeout of 5s...
13-10-2024 20:26:15 - INFO - Setting Chmaber Zones to a= 0.15400000000000127, b= 0.17600000000000143, c= 0.19800000000000165, d= 0.2200000000000018 request successfully sent.
13-10-2024 20:26:15 - INFO - Response from moonraker: {'result': 'ok'}
13-10-2024 20:26:15 - INFO - Setting Chmaber Zones to a= 0.15400000000000127, b= 0.17600000000000143, c= 0.19800000000000165, d= 0.2200000000000018 Request successfully executed.
13-10-2024 20:26:16 - INFO - Sending request to Setting Chmaber Zones to a= 0.0, b= 0.0, c= 0.0, d= 0.0 with timeout of 5s...
13-10-2024 20:26:16 - INFO - Setting Chmaber Zones to a= 0.0, b= 0.0, c= 0.0, d= 0.0 request successfully sent.
13-10-2024 20:26:16 - INFO - Response from moonraker: {'result': 'ok'}
13-10-2024 20:26:16 - INFO - Setting Chmaber Zones to a= 0.0, b= 0.0, c= 0.0, d= 0.0 Request successfully executed.
13-10-2024 20:26:17 - INFO - Sending request to Setting Chmaber Zones to a= 0.0, b= 0.0, c= 0.0, d= 0.0 with timeout of 5s...
13-10-2024 20:26:17 - INFO - Setting Chmaber Zones to a= 0.0, b= 0.0, c= 0.0, d= 0.0 request successfully sent.
13-10-2024 20:26:17 - INFO - Response from moonraker: {'result': 'ok'}
13-10-2024 20:26:17 - INFO - Setting Chmaber Zones to a= 0.0, b= 0.0, c= 0.0, d= 0.0 Request successfully executed.
13-10-2024 20:26:18 - INFO - Sending request to Setting Chmaber Zones to a= 0.0, b= 0.0, c= 0.0, d= 0.0 with timeout of 5s...
13-10-2024 20:26:18 - INFO - Setting Chmaber Zones to a= 0.0, b= 0.0, c= 0.0, d= 0.0 request successfully sent.
13-10-2024 20:26:18 - INFO - Response from moonraker: {'result': 'ok'}
13-10-2024 20:26:18 - INFO - Setting Chmaber Zones to a= 0.0, b= 0.0, c= 0.0, d= 0.0 Request successfully executed.
13-10-2024 20:26:19 - INFO - Sending request to Setting Chmaber Zones to a= 0.044799999999997786, b= 0.05119999999999747, c= 0.057599999999997153, d= 0.06399999999999684 with timeout of 5s...
13-10-2024 20:26:19 - INFO - Setting Chmaber Zones to a= 0.044799999999997786, b= 0.05119999999999747, c= 0.057599999999997153, d= 0.06399999999999684 request successfully sent.
13-10-2024 20:26:19 - INFO - Response from moonraker: {'result': 'ok'}
13-10-2024 20:26:19 - INFO - Setting Chmaber Zones to a= 0.044799999999997786, b= 0.05119999999999747, c= 0.057599999999997153, d= 0.06399999999999684 Request successfully executed.
13-10-2024 20:26:20 - INFO - Sending request to Setting Chmaber Zones to a= 0.13104000000000007, b= 0.14976000000000006, c= 0.1684800000000001, d= 0.1872000000000001 with timeout of 5s...
13-10-2024 20:26:20 - INFO - Setting Chmaber Zones to a= 0.13104000000000007, b= 0.14976000000000006, c= 0.1684800000000001, d= 0.1872000000000001 request successfully sent.
13-10-2024 20:26:20 - INFO - Response from moonraker: {'result': 'ok'}
13-10-2024 20:26:20 - INFO - Setting Chmaber Zones to a= 0.13104000000000007, b= 0.14976000000000006, c= 0.1684800000000001, d= 0.1872000000000001 Request successfully executed.
13-10-2024 20:26:21 - INFO - Sending request to Setting Chmaber Zones to a= 0.0, b= 0.0, c= 0.0, d= 0.0 with timeout of 5s...
13-10-2024 20:26:21 - INFO - Setting Chmaber Zones to a= 0.0, b= 0.0, c= 0.0, d= 0.0 request successfully sent.
13-10-2024 20:26:21 - INFO - Response from moonraker: {'result': 'ok'}
13-10-2024 20:26:21 - INFO - Setting Chmaber Zones to a= 0.0, b= 0.0, c= 0.0, d= 0.0 Request successfully executed.
13-10-2024 20:26:22 - INFO - Sending request to Setting Chmaber Zones to a= 0.0, b= 0.0, c= 0.0, d= 0.0 with timeout of 5s...
13-10-2024 20:26:22 - INFO - Setting Chmaber Zones to a= 0.0, b= 0.0, c= 0.0, d= 0.0 request successfully sent.
13-10-2024 20:26:22 - INFO - Response from moonraker: {'result': 'ok'}
13-10-2024 20:26:22 - INFO - Setting Chmaber Zones to a= 0.0, b= 0.0, c= 0.0, d= 0.0 Request successfully executed.
13-10-2024 20:26:23 - INFO - Sending request to Setting Chmaber Zones to a= 0.0, b= 0.0, c= 0.0, d= 0.0 with timeout of 5s...
13-10-2024 20:26:23 - INFO - Setting Chmaber Zones to a= 0.0, b= 0.0, c= 0.0, d= 0.0 request successfully sent.
13-10-2024 20:26:23 - INFO - Response from moonraker: {'result': 'ok'}
13-10-2024 20:26:23 - INFO - Setting Chmaber Zones to a= 0.0, b= 0.0, c= 0.0, d= 0.0 Request successfully executed.
13-10-2024 20:26:24 - INFO - Sending request to Setting Chmaber Zones to a= 0.10695999999999967, b= 0.12223999999999961, c= 0.13751999999999956, d= 0.15279999999999952 with timeout of 5s...
13-10-2024 20:26:24 - INFO - Setting Chmaber Zones to a= 0.10695999999999967, b= 0.12223999999999961, c= 0.13751999999999956, d= 0.15279999999999952 request successfully sent.
13-10-2024 20:26:24 - INFO - Response from moonraker: {'result': 'ok'}
13-10-2024 20:26:24 - INFO - Setting Chmaber Zones to a= 0.10695999999999967, b= 0.12223999999999961, c= 0.13751999999999956, d= 0.15279999999999952 Request successfully executed.
13-10-2024 20:26:25 - INFO - Sending request to Setting Chmaber Zones to a= 0.226239999999999, b= 0.25855999999999885, c= 0.2908799999999987, d= 0.3231999999999985 with timeout of 5s...
13-10-2024 20:26:25 - INFO - Setting Chmaber Zones to a= 0.226239999999999, b= 0.25855999999999885, c= 0.2908799999999987, d= 0.3231999999999985 request successfully sent.
13-10-2024 20:26:25 - INFO - Response from moonraker: {'result': 'ok'}
13-10-2024 20:26:25 - INFO - Setting Chmaber Zones to a= 0.226239999999999, b= 0.25855999999999885, c= 0.2908799999999987, d= 0.3231999999999985 Request successfully executed.
13-10-2024 20:26:26 - INFO - Sending request to Setting Chmaber Zones to a= 0.0, b= 0.0, c= 0.0, d= 0.0 with timeout of 5s...
13-10-2024 20:26:26 - INFO - Setting Chmaber Zones to a= 0.0, b= 0.0, c= 0.0, d= 0.0 request successfully sent.
13-10-2024 20:26:26 - INFO - Response from moonraker: {'result': 'ok'}
13-10-2024 20:26:26 - INFO - Setting Chmaber Zones to a= 0.0, b= 0.0, c= 0.0, d= 0.0 Request successfully executed.
13-10-2024 20:26:27 - INFO - Sending request to Setting Chmaber Zones to a= 0.0, b= 0.0, c= 0.0, d= 0.0 with timeout of 5s...
13-10-2024 20:26:27 - INFO - Setting Chmaber Zones to a= 0.0, b= 0.0, c= 0.0, d= 0.0 request successfully sent.
13-10-2024 20:26:27 - INFO - Response from moonraker: {'result': 'ok'}
13-10-2024 20:26:27 - INFO - Setting Chmaber Zones to a= 0.0, b= 0.0, c= 0.0, d= 0.0 Request successfully executed.
13-10-2024 20:26:28 - INFO - Sending request to Setting Chmaber Zones to a= 0.0, b= 0.0, c= 0.0, d= 0.0 with timeout of 5s...
13-10-2024 20:26:28 - INFO - Setting Chmaber Zones to a= 0.0, b= 0.0, c= 0.0, d= 0.0 request successfully sent.
13-10-2024 20:26:28 - INFO - Response from moonraker: {'result': 'ok'}
13-10-2024 20:26:28 - INFO - Setting Chmaber Zones to a= 0.0, b= 0.0, c= 0.0, d= 0.0 Request successfully executed.
13-10-2024 20:26:29 - INFO - Sending request to Setting Chmaber Zones to a= 0.2329600000000013, b= 0.26624000000000153, c= 0.2995200000000017, d= 0.33280000000000187 with timeout of 5s...
13-10-2024 20:26:29 - INFO - Setting Chmaber Zones to a= 0.2329600000000013, b= 0.26624000000000153, c= 0.2995200000000017, d= 0.33280000000000187 request successfully sent.
13-10-2024 20:26:29 - INFO - Response from moonraker: {'result': 'ok'}
13-10-2024 20:26:29 - INFO - Setting Chmaber Zones to a= 0.2329600000000013, b= 0.26624000000000153, c= 0.2995200000000017, d= 0.33280000000000187 Request successfully executed.
13-10-2024 20:26:30 - INFO - Sending request to Setting Chmaber Zones to a= 0.26263999999999893, b= 0.30015999999999876, c= 0.33767999999999865, d= 0.3751999999999985 with timeout of 5s...
13-10-2024 20:26:30 - INFO - Setting Chmaber Zones to a= 0.26263999999999893, b= 0.30015999999999876, c= 0.33767999999999865, d= 0.3751999999999985 request successfully sent.
13-10-2024 20:26:30 - INFO - Response from moonraker: {'result': 'ok'}
13-10-2024 20:26:30 - INFO - Setting Chmaber Zones to a= 0.26263999999999893, b= 0.30015999999999876, c= 0.33767999999999865, d= 0.3751999999999985 Request successfully executed.
13-10-2024 20:26:31 - INFO - Sending request to Setting Chmaber Zones to a= 0.0, b= 0.0, c= 0.0, d= 0.0 with timeout of 5s...
13-10-2024 20:26:31 - INFO - Setting Chmaber Zones to a= 0.0, b= 0.0, c= 0.0, d= 0.0 request successfully sent.
13-10-2024 20:26:31 - INFO - Response from moonraker: {'result': 'ok'}
13-10-2024 20:26:31 - INFO - Setting Chmaber Zones to a= 0.0, b= 0.0, c= 0.0, d= 0.0 Request successfully executed.
13-10-2024 20:26:32 - INFO - Sending request to Setting Chmaber Zones to a= 0.0, b= 0.0, c= 0.0, d= 0.0 with timeout of 5s...
13-10-2024 20:26:32 - INFO - Setting Chmaber Zones to a= 0.0, b= 0.0, c= 0.0, d= 0.0 request successfully sent.
13-10-2024 20:26:32 - INFO - Response from moonraker: {'result': 'ok'}
13-10-2024 20:26:32 - INFO - Setting Chmaber Zones to a= 0.0, b= 0.0, c= 0.0, d= 0.0 Request successfully executed.
13-10-2024 20:26:33 - INFO - Sending request to Setting Chmaber Zones to a= 0.0, b= 0.0, c= 0.0, d= 0.0 with timeout of 5s...
13-10-2024 20:26:33 - INFO - Setting Chmaber Zones to a= 0.0, b= 0.0, c= 0.0, d= 0.0 request successfully sent.
13-10-2024 20:26:33 - INFO - Response from moonraker: {'result': 'ok'}
13-10-2024 20:26:33 - INFO - Setting Chmaber Zones to a= 0.0, b= 0.0, c= 0.0, d= 0.0 Request successfully executed.
13-10-2024 20:26:34 - INFO - Sending request to Setting Chmaber Zones to a= 0.1612799999999956, b= 0.184319999999995, c= 0.20735999999999435, d= 0.23039999999999375 with timeout of 5s...
13-10-2024 20:26:34 - INFO - Setting Chmaber Zones to a= 0.1612799999999956, b= 0.184319999999995, c= 0.20735999999999435, d= 0.23039999999999375 request successfully sent.
13-10-2024 20:26:34 - INFO - Response from moonraker: {'result': 'ok'}
13-10-2024 20:26:34 - INFO - Setting Chmaber Zones to a= 0.1612799999999956, b= 0.184319999999995, c= 0.20735999999999435, d= 0.23039999999999375 Request successfully executed.
13-10-2024 20:26:35 - INFO - Sending request to Setting Chmaber Zones to a= 0.08232000000000025, b= 0.0940800000000003, c= 0.10584000000000034, d= 0.11760000000000037 with timeout of 5s...
13-10-2024 20:26:35 - INFO - Setting Chmaber Zones to a= 0.08232000000000025, b= 0.0940800000000003, c= 0.10584000000000034, d= 0.11760000000000037 request successfully sent.
13-10-2024 20:26:35 - INFO - Response from moonraker: {'result': 'ok'}
13-10-2024 20:26:35 - INFO - Setting Chmaber Zones to a= 0.08232000000000025, b= 0.0940800000000003, c= 0.10584000000000034, d= 0.11760000000000037 Request successfully executed.
13-10-2024 20:26:36 - INFO - Sending request to Setting Chmaber Zones to a= 0.0, b= 0.0, c= 0.0, d= 0.0 with timeout of 5s...
13-10-2024 20:26:36 - INFO - Setting Chmaber Zones to a= 0.0, b= 0.0, c= 0.0, d= 0.0 request successfully sent.
13-10-2024 20:26:36 - INFO - Response from moonraker: {'result': 'ok'}
13-10-2024 20:26:36 - INFO - Setting Chmaber Zones to a= 0.0, b= 0.0, c= 0.0, d= 0.0 Request successfully executed.
13-10-2024 20:26:37 - INFO - Sending request to Setting Chmaber Zones to a= 0.0, b= 0.0, c= 0.0, d= 0.0 with timeout of 5s...
13-10-2024 20:26:37 - INFO - Setting Chmaber Zones to a= 0.0, b= 0.0, c= 0.0, d= 0.0 request successfully sent.
13-10-2024 20:26:37 - INFO - Response from moonraker: {'result': 'ok'}
13-10-2024 20:26:37 - INFO - Setting Chmaber Zones to a= 0.0, b= 0.0, c= 0.0, d= 0.0 Request successfully executed.
13-10-2024 20:26:38 - INFO - Sending request to Setting Chmaber Zones to a= 0.0, b= 0.0, c= 0.0, d= 0.0 with timeout of 5s...
13-10-2024 20:26:38 - INFO - Setting Chmaber Zones to a= 0.0, b= 0.0, c= 0.0, d= 0.0 request successfully sent.
13-10-2024 20:26:38 - INFO - Response from moonraker: {'result': 'ok'}
13-10-2024 20:26:38 - INFO - Setting Chmaber Zones to a= 0.0, b= 0.0, c= 0.0, d= 0.0 Request successfully executed.
13-10-2024 20:26:39 - INFO - Sending request to Setting Chmaber Zones to a= 0.12375999999999696, b= 0.1414399999999965, c= 0.15911999999999607, d= 0.17679999999999566 with timeout of 5s...
13-10-2024 20:26:39 - INFO - Setting Chmaber Zones to a= 0.12375999999999696, b= 0.1414399999999965, c= 0.15911999999999607, d= 0.17679999999999566 request successfully sent.
13-10-2024 20:26:39 - INFO - Response from moonraker: {'result': 'ok'}
13-10-2024 20:26:39 - INFO - Setting Chmaber Zones to a= 0.12375999999999696, b= 0.1414399999999965, c= 0.15911999999999607, d= 0.17679999999999566 Request successfully executed.
13-10-2024 20:26:40 - INFO - Sending request to Setting Chmaber Zones to a= 0.14167999999999772, b= 0.1619199999999974, c= 0.18215999999999707, d= 0.20239999999999675 with timeout of 5s...
13-10-2024 20:26:40 - INFO - Setting Chmaber Zones to a= 0.14167999999999772, b= 0.1619199999999974, c= 0.18215999999999707, d= 0.20239999999999675 request successfully sent.
13-10-2024 20:26:40 - INFO - Response from moonraker: {'result': 'ok'}
13-10-2024 20:26:40 - INFO - Setting Chmaber Zones to a= 0.14167999999999772, b= 0.1619199999999974, c= 0.18215999999999707, d= 0.20239999999999675 Request successfully executed.
13-10-2024 20:26:41 - INFO - Sending request to Setting Chmaber Zones to a= 0.0, b= 0.0, c= 0.0, d= 0.0 with timeout of 5s...
13-10-2024 20:26:41 - INFO - Setting Chmaber Zones to a= 0.0, b= 0.0, c= 0.0, d= 0.0 request successfully sent.
13-10-2024 20:26:41 - INFO - Response from moonraker: {'result': 'ok'}
13-10-2024 20:26:41 - INFO - Setting Chmaber Zones to a= 0.0, b= 0.0, c= 0.0, d= 0.0 Request successfully executed.
13-10-2024 20:26:42 - INFO - Sending request to Setting Chmaber Zones to a= 0.0, b= 0.0, c= 0.0, d= 0.0 with timeout of 5s...
13-10-2024 20:26:42 - INFO - Setting Chmaber Zones to a= 0.0, b= 0.0, c= 0.0, d= 0.0 request successfully sent.
13-10-2024 20:26:42 - INFO - Response from moonraker: {'result': 'ok'}
13-10-2024 20:26:42 - INFO - Setting Chmaber Zones to a= 0.0, b= 0.0, c= 0.0, d= 0.0 Request successfully executed.
13-10-2024 20:26:43 - INFO - Sending request to Setting Chmaber Zones to a= 0.0, b= 0.0, c= 0.0, d= 0.0 with timeout of 5s...
13-10-2024 20:26:43 - INFO - Setting Chmaber Zones to a= 0.0, b= 0.0, c= 0.0, d= 0.0 request successfully sent.
13-10-2024 20:26:43 - INFO - Response from moonraker: {'result': 'ok'}
13-10-2024 20:26:43 - INFO - Setting Chmaber Zones to a= 0.0, b= 0.0, c= 0.0, d= 0.0 Request successfully executed.
13-10-2024 20:26:44 - INFO - Sending request to Setting Chmaber Zones to a= 0.0, b= 0.0, c= 0.0, d= 0.0 with timeout of 5s...
13-10-2024 20:26:44 - INFO - Setting Chmaber Zones to a= 0.0, b= 0.0, c= 0.0, d= 0.0 request successfully sent.
13-10-2024 20:26:44 - INFO - Response from moonraker: {'result': 'ok'}
13-10-2024 20:26:44 - INFO - Setting Chmaber Zones to a= 0.0, b= 0.0, c= 0.0, d= 0.0 Request successfully executed.
13-10-2024 20:26:45 - INFO - Sending request to Setting Chmaber Zones to a= 0.31359999999999905, b= 0.3583999999999989, c= 0.4031999999999988, d= 0.4479999999999986 with timeout of 5s...
13-10-2024 20:26:45 - INFO - Setting Chmaber Zones to a= 0.31359999999999905, b= 0.3583999999999989, c= 0.4031999999999988, d= 0.4479999999999986 request successfully sent.
13-10-2024 20:26:45 - INFO - Response from moonraker: {'result': 'ok'}
13-10-2024 20:26:45 - INFO - Setting Chmaber Zones to a= 0.31359999999999905, b= 0.3583999999999989, c= 0.4031999999999988, d= 0.4479999999999986 Request successfully executed.
13-10-2024 20:26:46 - INFO - Sending request to Setting Chmaber Zones to a= 0.18367999999999912, b= 0.20991999999999897, c= 0.23615999999999887, d= 0.26239999999999875 with timeout of 5s...
13-10-2024 20:26:46 - INFO - Setting Chmaber Zones to a= 0.18367999999999912, b= 0.20991999999999897, c= 0.23615999999999887, d= 0.26239999999999875 request successfully sent.
13-10-2024 20:26:46 - INFO - Response from moonraker: {'result': 'ok'}
13-10-2024 20:26:46 - INFO - Setting Chmaber Zones to a= 0.18367999999999912, b= 0.20991999999999897, c= 0.23615999999999887, d= 0.26239999999999875 Request successfully executed.
13-10-2024 20:26:47 - INFO - Sending request to Setting Chmaber Zones to a= 0.0, b= 0.0, c= 0.0, d= 0.0 with timeout of 5s...
13-10-2024 20:26:47 - INFO - Setting Chmaber Zones to a= 0.0, b= 0.0, c= 0.0, d= 0.0 request successfully sent.
13-10-2024 20:26:47 - INFO - Response from moonraker: {'result': 'ok'}
13-10-2024 20:26:47 - INFO - Setting Chmaber Zones to a= 0.0, b= 0.0, c= 0.0, d= 0.0 Request successfully executed.
13-10-2024 20:26:48 - INFO - Sending request to Setting Chmaber Zones to a= 0.0, b= 0.0, c= 0.0, d= 0.0 with timeout of 5s...
13-10-2024 20:26:48 - INFO - Setting Chmaber Zones to a= 0.0, b= 0.0, c= 0.0, d= 0.0 request successfully sent.
13-10-2024 20:26:48 - INFO - Response from moonraker: {'result': 'ok'}
13-10-2024 20:26:48 - INFO - Setting Chmaber Zones to a= 0.0, b= 0.0, c= 0.0, d= 0.0 Request successfully executed.
13-10-2024 20:26:49 - INFO - Sending request to Setting Chmaber Zones to a= 0.0, b= 0.0, c= 0.0, d= 0.0 with timeout of 5s...
13-10-2024 20:26:49 - INFO - Setting Chmaber Zones to a= 0.0, b= 0.0, c= 0.0, d= 0.0 request successfully sent.
13-10-2024 20:26:49 - INFO - Response from moonraker: {'result': 'ok'}
13-10-2024 20:26:49 - INFO - Setting Chmaber Zones to a= 0.0, b= 0.0, c= 0.0, d= 0.0 Request successfully executed.
13-10-2024 20:26:50 - INFO - Sending request to Setting Chmaber Zones to a= 0.06495999999999821, b= 0.07423999999999795, c= 0.0835199999999977, d= 0.09279999999999744 with timeout of 5s...
13-10-2024 20:26:50 - INFO - Setting Chmaber Zones to a= 0.06495999999999821, b= 0.07423999999999795, c= 0.0835199999999977, d= 0.09279999999999744 request successfully sent.
13-10-2024 20:26:50 - INFO - Response from moonraker: {'result': 'ok'}
13-10-2024 20:26:50 - INFO - Setting Chmaber Zones to a= 0.06495999999999821, b= 0.07423999999999795, c= 0.0835199999999977, d= 0.09279999999999744 Request successfully executed.
13-10-2024 20:26:51 - INFO - Sending request to Setting Chmaber Zones to a= 0.2139199999999982, b= 0.24447999999999795, c= 0.27503999999999773, d= 0.30559999999999743 with timeout of 5s...
13-10-2024 20:26:51 - INFO - Setting Chmaber Zones to a= 0.2139199999999982, b= 0.24447999999999795, c= 0.27503999999999773, d= 0.30559999999999743 request successfully sent.
13-10-2024 20:26:51 - INFO - Response from moonraker: {'result': 'ok'}
13-10-2024 20:26:51 - INFO - Setting Chmaber Zones to a= 0.2139199999999982, b= 0.24447999999999795, c= 0.27503999999999773, d= 0.30559999999999743 Request successfully executed.
13-10-2024 20:26:52 - INFO - Sending request to Setting Chmaber Zones to a= 0.0, b= 0.0, c= 0.0, d= 0.0 with timeout of 5s...
13-10-2024 20:26:52 - INFO - Setting Chmaber Zones to a= 0.0, b= 0.0, c= 0.0, d= 0.0 request successfully sent.
13-10-2024 20:26:52 - INFO - Response from moonraker: {'result': 'ok'}
13-10-2024 20:26:52 - INFO - Setting Chmaber Zones to a= 0.0, b= 0.0, c= 0.0, d= 0.0 Request successfully executed.
13-10-2024 20:26:53 - INFO - Sending request to Setting Chmaber Zones to a= 0.0, b= 0.0, c= 0.0, d= 0.0 with timeout of 5s...
13-10-2024 20:26:53 - INFO - Setting Chmaber Zones to a= 0.0, b= 0.0, c= 0.0, d= 0.0 request successfully sent.
13-10-2024 20:26:53 - INFO - Response from moonraker: {'result': 'ok'}
13-10-2024 20:26:53 - INFO - Setting Chmaber Zones to a= 0.0, b= 0.0, c= 0.0, d= 0.0 Request successfully executed.
13-10-2024 20:26:54 - INFO - Sending request to Setting Chmaber Zones to a= 0.0, b= 0.0, c= 0.0, d= 0.0 with timeout of 5s...
13-10-2024 20:26:54 - INFO - Setting Chmaber Zones to a= 0.0, b= 0.0, c= 0.0, d= 0.0 request successfully sent.
13-10-2024 20:26:54 - INFO - Response from moonraker: {'result': 'ok'}
13-10-2024 20:26:54 - INFO - Setting Chmaber Zones to a= 0.0, b= 0.0, c= 0.0, d= 0.0 Request successfully executed.
13-10-2024 20:26:55 - INFO - Sending request to Setting Chmaber Zones to a= 0.0, b= 0.0, c= 0.0, d= 0.0 with timeout of 5s...
13-10-2024 20:26:55 - INFO - Setting Chmaber Zones to a= 0.0, b= 0.0, c= 0.0, d= 0.0 request successfully sent.
13-10-2024 20:26:55 - INFO - Response from moonraker: {'result': 'ok'}
13-10-2024 20:26:55 - INFO - Setting Chmaber Zones to a= 0.0, b= 0.0, c= 0.0, d= 0.0 Request successfully executed.
13-10-2024 20:26:56 - INFO - Sending request to Setting Chmaber Zones to a= 0.0, b= 0.0, c= 0.0, d= 0.0 with timeout of 5s...
13-10-2024 20:26:56 - INFO - Setting Chmaber Zones to a= 0.0, b= 0.0, c= 0.0, d= 0.0 request successfully sent.
13-10-2024 20:26:56 - INFO - Response from moonraker: {'result': 'ok'}
13-10-2024 20:26:56 - INFO - Setting Chmaber Zones to a= 0.0, b= 0.0, c= 0.0, d= 0.0 Request successfully executed.
13-10-2024 20:26:57 - INFO - Sending request to Setting Chmaber Zones to a= 0.0, b= 0.0, c= 0.0, d= 0.0 with timeout of 5s...
13-10-2024 20:26:57 - INFO - Setting Chmaber Zones to a= 0.0, b= 0.0, c= 0.0, d= 0.0 request successfully sent.
13-10-2024 20:26:57 - INFO - Response from moonraker: {'result': 'ok'}
13-10-2024 20:26:57 - INFO - Setting Chmaber Zones to a= 0.0, b= 0.0, c= 0.0, d= 0.0 Request successfully executed.
13-10-2024 20:26:58 - INFO - Sending request to Setting Chmaber Zones to a= 0.0, b= 0.0, c= 0.0, d= 0.0 with timeout of 5s...
13-10-2024 20:26:58 - INFO - Setting Chmaber Zones to a= 0.0, b= 0.0, c= 0.0, d= 0.0 request successfully sent.
13-10-2024 20:26:58 - INFO - Response from moonraker: {'result': 'ok'}
13-10-2024 20:26:58 - INFO - Setting Chmaber Zones to a= 0.0, b= 0.0, c= 0.0, d= 0.0 Request successfully executed.
13-10-2024 20:26:59 - INFO - Sending request to Setting Chmaber Zones to a= 0.0, b= 0.0, c= 0.0, d= 0.0 with timeout of 5s...
13-10-2024 20:26:59 - INFO - Setting Chmaber Zones to a= 0.0, b= 0.0, c= 0.0, d= 0.0 request successfully sent.
13-10-2024 20:26:59 - INFO - Response from moonraker: {'result': 'ok'}
13-10-2024 20:26:59 - INFO - Setting Chmaber Zones to a= 0.0, b= 0.0, c= 0.0, d= 0.0 Request successfully executed.
13-10-2024 20:27:00 - INFO - Sending request to Setting Chmaber Zones to a= 0.7, b= 0.8, c= 0.9, d= 1.0 with timeout of 5s...
13-10-2024 20:27:00 - INFO - Setting Chmaber Zones to a= 0.7, b= 0.8, c= 0.9, d= 1.0 request successfully sent.
13-10-2024 20:27:00 - INFO - Response from moonraker: {'result': 'ok'}
13-10-2024 20:27:00 - INFO - Setting Chmaber Zones to a= 0.7, b= 0.8, c= 0.9, d= 1.0 Request successfully executed.
13-10-2024 20:27:01 - INFO - Sending request to Setting Chmaber Zones to a= 0.1954399999999988, b= 0.22335999999999864, c= 0.25127999999999845, d= 0.2791999999999983 with timeout of 5s...
13-10-2024 20:27:01 - INFO - Setting Chmaber Zones to a= 0.1954399999999988, b= 0.22335999999999864, c= 0.25127999999999845, d= 0.2791999999999983 request successfully sent.
13-10-2024 20:27:01 - INFO - Response from moonraker: {'result': 'ok'}
13-10-2024 20:27:01 - INFO - Setting Chmaber Zones to a= 0.1954399999999988, b= 0.22335999999999864, c= 0.25127999999999845, d= 0.2791999999999983 Request successfully executed.
13-10-2024 20:27:02 - INFO - Sending request to Setting Chmaber Zones to a= 0.23407999999999882, b= 0.26751999999999865, c= 0.30095999999999845, d= 0.33439999999999837 with timeout of 5s...
13-10-2024 20:27:02 - INFO - Setting Chmaber Zones to a= 0.23407999999999882, b= 0.26751999999999865, c= 0.30095999999999845, d= 0.33439999999999837 request successfully sent.
13-10-2024 20:27:02 - INFO - Response from moonraker: {'result': 'ok'}
13-10-2024 20:27:02 - INFO - Setting Chmaber Zones to a= 0.23407999999999882, b= 0.26751999999999865, c= 0.30095999999999845, d= 0.33439999999999837 Request successfully executed.
13-10-2024 20:27:03 - INFO - Sending request to Setting Chmaber Zones to a= 0.27271999999999885, b= 0.3116799999999987, c= 0.3506399999999985, d= 0.3895999999999983 with timeout of 5s...
13-10-2024 20:27:03 - INFO - Setting Chmaber Zones to a= 0.27271999999999885, b= 0.3116799999999987, c= 0.3506399999999985, d= 0.3895999999999983 request successfully sent.
13-10-2024 20:27:03 - INFO - Response from moonraker: {'result': 'ok'}
13-10-2024 20:27:03 - INFO - Setting Chmaber Zones to a= 0.27271999999999885, b= 0.3116799999999987, c= 0.3506399999999985, d= 0.3895999999999983 Request successfully executed.
13-10-2024 20:27:04 - INFO - Sending request to Setting Chmaber Zones to a= 0.3113599999999989, b= 0.35583999999999877, c= 0.40031999999999857, d= 0.4447999999999984 with timeout of 5s...
13-10-2024 20:27:04 - INFO - Setting Chmaber Zones to a= 0.3113599999999989, b= 0.35583999999999877, c= 0.40031999999999857, d= 0.4447999999999984 request successfully sent.
13-10-2024 20:27:04 - INFO - Response from moonraker: {'result': 'ok'}
13-10-2024 20:27:04 - INFO - Setting Chmaber Zones to a= 0.3113599999999989, b= 0.35583999999999877, c= 0.40031999999999857, d= 0.4447999999999984 Request successfully executed.
13-10-2024 20:27:05 - INFO - Sending request to Setting Chmaber Zones to a= 0.3499999999999989, b= 0.39999999999999875, c= 0.44999999999999857, d= 0.49999999999999845 with timeout of 5s...
13-10-2024 20:27:05 - INFO - Setting Chmaber Zones to a= 0.3499999999999989, b= 0.39999999999999875, c= 0.44999999999999857, d= 0.49999999999999845 request successfully sent.
13-10-2024 20:27:05 - INFO - Response from moonraker: {'result': 'ok'}
13-10-2024 20:27:05 - INFO - Setting Chmaber Zones to a= 0.3499999999999989, b= 0.39999999999999875, c= 0.44999999999999857, d= 0.49999999999999845 Request successfully executed.
13-10-2024 20:27:06 - INFO - Sending request to Setting Chmaber Zones to a= 0.38863999999999893, b= 0.4441599999999988, c= 0.4996799999999986, d= 0.5551999999999985 with timeout of 5s...
13-10-2024 20:27:06 - INFO - Setting Chmaber Zones to a= 0.38863999999999893, b= 0.4441599999999988, c= 0.4996799999999986, d= 0.5551999999999985 request successfully sent.
13-10-2024 20:27:06 - INFO - Response from moonraker: {'result': 'ok'}
13-10-2024 20:27:06 - INFO - Setting Chmaber Zones to a= 0.38863999999999893, b= 0.4441599999999988, c= 0.4996799999999986, d= 0.5551999999999985 Request successfully executed.
13-10-2024 20:27:07 - INFO - Sending request to Setting Chmaber Zones to a= 0.42727999999999894, b= 0.4883199999999988, c= 0.5493599999999986, d= 0.6103999999999985 with timeout of 5s...
13-10-2024 20:27:07 - INFO - Setting Chmaber Zones to a= 0.42727999999999894, b= 0.4883199999999988, c= 0.5493599999999986, d= 0.6103999999999985 request successfully sent.
13-10-2024 20:27:07 - INFO - Response from moonraker: {'result': 'ok'}
13-10-2024 20:27:07 - INFO - Setting Chmaber Zones to a= 0.42727999999999894, b= 0.4883199999999988, c= 0.5493599999999986, d= 0.6103999999999985 Request successfully executed.
13-10-2024 20:27:08 - INFO - Sending request to Setting Chmaber Zones to a= 0.46591999999999906, b= 0.532479999999999, c= 0.5990399999999988, d= 0.6655999999999986 with timeout of 5s...
13-10-2024 20:27:08 - INFO - Setting Chmaber Zones to a= 0.46591999999999906, b= 0.532479999999999, c= 0.5990399999999988, d= 0.6655999999999986 request successfully sent.
13-10-2024 20:27:08 - INFO - Response from moonraker: {'result': 'ok'}
13-10-2024 20:27:08 - INFO - Setting Chmaber Zones to a= 0.46591999999999906, b= 0.532479999999999, c= 0.5990399999999988, d= 0.6655999999999986 Request successfully executed.
13-10-2024 20:27:09 - INFO - Sending request to Setting Chmaber Zones to a= 0.504559999999999, b= 0.5766399999999989, c= 0.6487199999999989, d= 0.7207999999999987 with timeout of 5s...
13-10-2024 20:27:09 - INFO - Setting Chmaber Zones to a= 0.504559999999999, b= 0.5766399999999989, c= 0.6487199999999989, d= 0.7207999999999987 request successfully sent.
13-10-2024 20:27:09 - INFO - Response from moonraker: {'result': 'ok'}
13-10-2024 20:27:09 - INFO - Setting Chmaber Zones to a= 0.504559999999999, b= 0.5766399999999989, c= 0.6487199999999989, d= 0.7207999999999987 Request successfully executed.
13-10-2024 20:27:10 - INFO - Sending request to Setting Chmaber Zones to a= 0.5431999999999991, b= 0.620799999999999, c= 0.6983999999999988, d= 0.7759999999999987 with timeout of 5s...
13-10-2024 20:27:10 - INFO - Setting Chmaber Zones to a= 0.5431999999999991, b= 0.620799999999999, c= 0.6983999999999988, d= 0.7759999999999987 request successfully sent.
13-10-2024 20:27:10 - INFO - Response from moonraker: {'result': 'ok'}
13-10-2024 20:27:10 - INFO - Setting Chmaber Zones to a= 0.5431999999999991, b= 0.620799999999999, c= 0.6983999999999988, d= 0.7759999999999987 Request successfully executed.
13-10-2024 20:27:11 - INFO - Sending request to Setting Chmaber Zones to a= 0.5818399999999991, b= 0.664959999999999, c= 0.7480799999999987, d= 0.8311999999999987 with timeout of 5s...
13-10-2024 20:27:11 - INFO - Setting Chmaber Zones to a= 0.5818399999999991, b= 0.664959999999999, c= 0.7480799999999987, d= 0.8311999999999987 request successfully sent.
13-10-2024 20:27:11 - INFO - Response from moonraker: {'result': 'ok'}
13-10-2024 20:27:11 - INFO - Setting Chmaber Zones to a= 0.5818399999999991, b= 0.664959999999999, c= 0.7480799999999987, d= 0.8311999999999987 Request successfully executed.
13-10-2024 20:27:12 - INFO - Sending request to Setting Chmaber Zones to a= 0.6204799999999991, b= 0.709119999999999, c= 0.7977599999999988, d= 0.8863999999999987 with timeout of 5s...
13-10-2024 20:27:12 - INFO - Setting Chmaber Zones to a= 0.6204799999999991, b= 0.709119999999999, c= 0.7977599999999988, d= 0.8863999999999987 request successfully sent.
13-10-2024 20:27:12 - INFO - Response from moonraker: {'result': 'ok'}
13-10-2024 20:27:12 - INFO - Setting Chmaber Zones to a= 0.6204799999999991, b= 0.709119999999999, c= 0.7977599999999988, d= 0.8863999999999987 Request successfully executed.
13-10-2024 20:27:13 - INFO - Sending request to Setting Chmaber Zones to a= 0.6591199999999993, b= 0.7532799999999992, c= 0.847439999999999, d= 0.9415999999999989 with timeout of 5s...
13-10-2024 20:27:13 - INFO - Setting Chmaber Zones to a= 0.6591199999999993, b= 0.7532799999999992, c= 0.847439999999999, d= 0.9415999999999989 request successfully sent.
13-10-2024 20:27:13 - INFO - Response from moonraker: {'result': 'ok'}
13-10-2024 20:27:13 - INFO - Setting Chmaber Zones to a= 0.6591199999999993, b= 0.7532799999999992, c= 0.847439999999999, d= 0.9415999999999989 Request successfully executed.
13-10-2024 20:27:14 - INFO - Sending request to Setting Chmaber Zones to a= 0.6977599999999992, b= 0.797439999999999, c= 0.8971199999999989, d= 0.9967999999999988 with timeout of 5s...
13-10-2024 20:27:14 - INFO - Setting Chmaber Zones to a= 0.6977599999999992, b= 0.797439999999999, c= 0.8971199999999989, d= 0.9967999999999988 request successfully sent.
13-10-2024 20:27:14 - INFO - Response from moonraker: {'result': 'ok'}
13-10-2024 20:27:14 - INFO - Setting Chmaber Zones to a= 0.6977599999999992, b= 0.797439999999999, c= 0.8971199999999989, d= 0.9967999999999988 Request successfully executed.
13-10-2024 20:27:15 - INFO - Sending request to Setting Chmaber Zones to a= 0.7, b= 0.8, c= 0.9, d= 1.0 with timeout of 5s...
13-10-2024 20:27:15 - INFO - Setting Chmaber Zones to a= 0.7, b= 0.8, c= 0.9, d= 1.0 request successfully sent.
13-10-2024 20:27:15 - INFO - Response from moonraker: {'result': 'ok'}
13-10-2024 20:27:15 - INFO - Setting Chmaber Zones to a= 0.7, b= 0.8, c= 0.9, d= 1.0 Request successfully executed.
13-10-2024 20:27:16 - INFO - Sending request to Setting Chmaber Zones to a= 0.7, b= 0.8, c= 0.9, d= 1.0 with timeout of 5s...
13-10-2024 20:27:16 - INFO - Setting Chmaber Zones to a= 0.7, b= 0.8, c= 0.9, d= 1.0 request successfully sent.
13-10-2024 20:27:16 - INFO - Response from moonraker: {'result': 'ok'}
13-10-2024 20:27:16 - INFO - Setting Chmaber Zones to a= 0.7, b= 0.8, c= 0.9, d= 1.0 Request successfully executed.
13-10-2024 20:27:17 - INFO - Sending request to Setting Chmaber Zones to a= 0.7, b= 0.8, c= 0.9, d= 1.0 with timeout of 5s...
13-10-2024 20:27:17 - INFO - Setting Chmaber Zones to a= 0.7, b= 0.8, c= 0.9, d= 1.0 request successfully sent.
13-10-2024 20:27:17 - INFO - Response from moonraker: {'result': 'ok'}
13-10-2024 20:27:17 - INFO - Setting Chmaber Zones to a= 0.7, b= 0.8, c= 0.9, d= 1.0 Request successfully executed.
13-10-2024 20:27:18 - INFO - Sending request to Setting Chmaber Zones to a= 0.7, b= 0.8, c= 0.9, d= 1.0 with timeout of 5s...
13-10-2024 20:27:18 - INFO - Setting Chmaber Zones to a= 0.7, b= 0.8, c= 0.9, d= 1.0 request successfully sent.
13-10-2024 20:27:18 - INFO - Response from moonraker: {'result': 'ok'}
13-10-2024 20:27:18 - INFO - Setting Chmaber Zones to a= 0.7, b= 0.8, c= 0.9, d= 1.0 Request successfully executed.
13-10-2024 20:27:19 - INFO - Sending request to Setting Chmaber Zones to a= 0.7, b= 0.8, c= 0.9, d= 1.0 with timeout of 5s...
13-10-2024 20:27:19 - INFO - Setting Chmaber Zones to a= 0.7, b= 0.8, c= 0.9, d= 1.0 request successfully sent.
13-10-2024 20:27:19 - INFO - Response from moonraker: {'result': 'ok'}
13-10-2024 20:27:19 - INFO - Setting Chmaber Zones to a= 0.7, b= 0.8, c= 0.9, d= 1.0 Request successfully executed.
13-10-2024 20:27:20 - INFO - Sending request to Setting Chmaber Zones to a= 0.7, b= 0.8, c= 0.9, d= 1.0 with timeout of 5s...
13-10-2024 20:27:20 - INFO - Setting Chmaber Zones to a= 0.7, b= 0.8, c= 0.9, d= 1.0 request successfully sent.
13-10-2024 20:27:20 - INFO - Response from moonraker: {'result': 'ok'}
13-10-2024 20:27:20 - INFO - Setting Chmaber Zones to a= 0.7, b= 0.8, c= 0.9, d= 1.0 Request successfully executed.
13-10-2024 20:27:21 - INFO - Sending request to Setting Chmaber Zones to a= 0.7, b= 0.8, c= 0.9, d= 1.0 with timeout of 5s...
13-10-2024 20:27:21 - INFO - Setting Chmaber Zones to a= 0.7, b= 0.8, c= 0.9, d= 1.0 request successfully sent.
13-10-2024 20:27:21 - INFO - Response from moonraker: {'result': 'ok'}
13-10-2024 20:27:21 - INFO - Setting Chmaber Zones to a= 0.7, b= 0.8, c= 0.9, d= 1.0 Request successfully executed.
13-10-2024 20:27:22 - INFO - Sending request to Setting Chmaber Zones to a= 0.7, b= 0.8, c= 0.9, d= 1.0 with timeout of 5s...
13-10-2024 20:27:22 - INFO - Setting Chmaber Zones to a= 0.7, b= 0.8, c= 0.9, d= 1.0 request successfully sent.
13-10-2024 20:27:22 - INFO - Response from moonraker: {'result': 'ok'}
13-10-2024 20:27:22 - INFO - Setting Chmaber Zones to a= 0.7, b= 0.8, c= 0.9, d= 1.0 Request successfully executed.
13-10-2024 20:27:23 - INFO - Sending request to Setting Chmaber Zones to a= 0.7, b= 0.8, c= 0.9, d= 1.0 with timeout of 5s...
13-10-2024 20:27:24 - INFO - Setting Chmaber Zones to a= 0.7, b= 0.8, c= 0.9, d= 1.0 request successfully sent.
13-10-2024 20:27:24 - INFO - Response from moonraker: {'result': 'ok'}
13-10-2024 20:27:24 - INFO - Setting Chmaber Zones to a= 0.7, b= 0.8, c= 0.9, d= 1.0 Request successfully executed.
13-10-2024 20:27:24 - INFO - Sending request to Setting Chmaber Zones to a= 0.7, b= 0.8, c= 0.9, d= 1.0 with timeout of 5s...
13-10-2024 20:27:24 - INFO - Setting Chmaber Zones to a= 0.7, b= 0.8, c= 0.9, d= 1.0 request successfully sent.
13-10-2024 20:27:24 - INFO - Response from moonraker: {'result': 'ok'}
13-10-2024 20:27:24 - INFO - Setting Chmaber Zones to a= 0.7, b= 0.8, c= 0.9, d= 1.0 Request successfully executed.
13-10-2024 20:27:25 - INFO - Sending request to Setting Chmaber Zones to a= 0.7, b= 0.8, c= 0.9, d= 1.0 with timeout of 5s...
13-10-2024 20:27:25 - INFO - Setting Chmaber Zones to a= 0.7, b= 0.8, c= 0.9, d= 1.0 request successfully sent.
13-10-2024 20:27:25 - INFO - Response from moonraker: {'result': 'ok'}
13-10-2024 20:27:25 - INFO - Setting Chmaber Zones to a= 0.7, b= 0.8, c= 0.9, d= 1.0 Request successfully executed.
13-10-2024 20:27:26 - INFO - Sending request to Setting Chmaber Zones to a= 0.7, b= 0.8, c= 0.9, d= 1.0 with timeout of 5s...
13-10-2024 20:27:26 - INFO - Setting Chmaber Zones to a= 0.7, b= 0.8, c= 0.9, d= 1.0 request successfully sent.
13-10-2024 20:27:26 - INFO - Response from moonraker: {'result': 'ok'}
13-10-2024 20:27:26 - INFO - Setting Chmaber Zones to a= 0.7, b= 0.8, c= 0.9, d= 1.0 Request successfully executed.
13-10-2024 20:27:27 - INFO - Sending request to Setting Chmaber Zones to a= 0.7, b= 0.8, c= 0.9, d= 1.0 with timeout of 5s...
13-10-2024 20:27:28 - INFO - Setting Chmaber Zones to a= 0.7, b= 0.8, c= 0.9, d= 1.0 request successfully sent.
13-10-2024 20:27:28 - INFO - Response from moonraker: {'result': 'ok'}
13-10-2024 20:27:28 - INFO - Setting Chmaber Zones to a= 0.7, b= 0.8, c= 0.9, d= 1.0 Request successfully executed.
13-10-2024 20:27:28 - INFO - Sending request to Setting Chmaber Zones to a= 0.7, b= 0.8, c= 0.9, d= 1.0 with timeout of 5s...
13-10-2024 20:27:29 - INFO - Setting Chmaber Zones to a= 0.7, b= 0.8, c= 0.9, d= 1.0 request successfully sent.
13-10-2024 20:27:29 - INFO - Response from moonraker: {'result': 'ok'}
13-10-2024 20:27:29 - INFO - Setting Chmaber Zones to a= 0.7, b= 0.8, c= 0.9, d= 1.0 Request successfully executed.
13-10-2024 20:27:29 - INFO - Sending request to Setting Chmaber Zones to a= 0.7, b= 0.8, c= 0.9, d= 1.0 with timeout of 5s...
13-10-2024 20:27:29 - INFO - Setting Chmaber Zones to a= 0.7, b= 0.8, c= 0.9, d= 1.0 request successfully sent.
13-10-2024 20:27:29 - INFO - Response from moonraker: {'result': 'ok'}
13-10-2024 20:27:29 - INFO - Setting Chmaber Zones to a= 0.7, b= 0.8, c= 0.9, d= 1.0 Request successfully executed.
13-10-2024 20:27:30 - INFO - Sending request to Setting Chmaber Zones to a= 0.7, b= 0.8, c= 0.9, d= 1.0 with timeout of 5s...
13-10-2024 20:27:31 - INFO - Setting Chmaber Zones to a= 0.7, b= 0.8, c= 0.9, d= 1.0 request successfully sent.
13-10-2024 20:27:31 - INFO - Response from moonraker: {'result': 'ok'}
13-10-2024 20:27:31 - INFO - Setting Chmaber Zones to a= 0.7, b= 0.8, c= 0.9, d= 1.0 Request successfully executed.
13-10-2024 20:27:31 - INFO - Sending request to Setting Chmaber Zones to a= 0.7, b= 0.8, c= 0.9, d= 1.0 with timeout of 5s...
13-10-2024 20:27:32 - INFO - Setting Chmaber Zones to a= 0.7, b= 0.8, c= 0.9, d= 1.0 request successfully sent.
13-10-2024 20:27:32 - INFO - Response from moonraker: {'result': 'ok'}
13-10-2024 20:27:32 - INFO - Setting Chmaber Zones to a= 0.7, b= 0.8, c= 0.9, d= 1.0 Request successfully executed.
13-10-2024 20:27:32 - INFO - Sending request to Setting Chmaber Zones to a= 0.7, b= 0.8, c= 0.9, d= 1.0 with timeout of 5s...
13-10-2024 20:27:32 - INFO - Setting Chmaber Zones to a= 0.7, b= 0.8, c= 0.9, d= 1.0 request successfully sent.
13-10-2024 20:27:32 - INFO - Response from moonraker: {'result': 'ok'}
13-10-2024 20:27:32 - INFO - Setting Chmaber Zones to a= 0.7, b= 0.8, c= 0.9, d= 1.0 Request successfully executed.
13-10-2024 20:27:33 - INFO - Sending request to Setting Chmaber Zones to a= 0.7, b= 0.8, c= 0.9, d= 1.0 with timeout of 5s...
13-10-2024 20:27:33 - INFO - Setting Chmaber Zones to a= 0.7, b= 0.8, c= 0.9, d= 1.0 request successfully sent.
13-10-2024 20:27:33 - INFO - Response from moonraker: {'result': 'ok'}
13-10-2024 20:27:33 - INFO - Setting Chmaber Zones to a= 0.7, b= 0.8, c= 0.9, d= 1.0 Request successfully executed.
13-10-2024 20:27:34 - INFO - Sending request to Setting Chmaber Zones to a= 0.7, b= 0.8, c= 0.9, d= 1.0 with timeout of 5s...
13-10-2024 20:27:34 - INFO - Setting Chmaber Zones to a= 0.7, b= 0.8, c= 0.9, d= 1.0 request successfully sent.
13-10-2024 20:27:34 - INFO - Response from moonraker: {'result': 'ok'}
13-10-2024 20:27:34 - INFO - Setting Chmaber Zones to a= 0.7, b= 0.8, c= 0.9, d= 1.0 Request successfully executed.
13-10-2024 20:27:35 - INFO - Sending request to Setting Chmaber Zones to a= 0.7, b= 0.8, c= 0.9, d= 1.0 with timeout of 5s...
13-10-2024 20:27:35 - INFO - Setting Chmaber Zones to a= 0.7, b= 0.8, c= 0.9, d= 1.0 request successfully sent.
13-10-2024 20:27:35 - INFO - Response from moonraker: {'result': 'ok'}
13-10-2024 20:27:35 - INFO - Setting Chmaber Zones to a= 0.7, b= 0.8, c= 0.9, d= 1.0 Request successfully executed.
13-10-2024 20:27:36 - INFO - Sending request to Setting Chmaber Zones to a= 0.7, b= 0.8, c= 0.9, d= 1.0 with timeout of 5s...
13-10-2024 20:27:36 - INFO - Setting Chmaber Zones to a= 0.7, b= 0.8, c= 0.9, d= 1.0 request successfully sent.
13-10-2024 20:27:36 - INFO - Response from moonraker: {'result': 'ok'}
13-10-2024 20:27:36 - INFO - Setting Chmaber Zones to a= 0.7, b= 0.8, c= 0.9, d= 1.0 Request successfully executed.
13-10-2024 20:27:37 - INFO - Sending request to Setting Chmaber Zones to a= 0.7, b= 0.8, c= 0.9, d= 1.0 with timeout of 5s...
13-10-2024 20:27:38 - INFO - Setting Chmaber Zones to a= 0.7, b= 0.8, c= 0.9, d= 1.0 request successfully sent.
13-10-2024 20:27:38 - INFO - Response from moonraker: {'result': 'ok'}
13-10-2024 20:27:38 - INFO - Setting Chmaber Zones to a= 0.7, b= 0.8, c= 0.9, d= 1.0 Request successfully executed.
13-10-2024 20:27:38 - INFO - Sending request to Setting Chmaber Zones to a= 0.7, b= 0.8, c= 0.9, d= 1.0 with timeout of 5s...
13-10-2024 20:27:38 - INFO - Setting Chmaber Zones to a= 0.7, b= 0.8, c= 0.9, d= 1.0 request successfully sent.
13-10-2024 20:27:38 - INFO - Response from moonraker: {'result': 'ok'}
13-10-2024 20:27:38 - INFO - Setting Chmaber Zones to a= 0.7, b= 0.8, c= 0.9, d= 1.0 Request successfully executed.
13-10-2024 20:27:39 - INFO - Sending request to Setting Chmaber Zones to a= 0.7, b= 0.8, c= 0.9, d= 1.0 with timeout of 5s...
13-10-2024 20:27:40 - INFO - Setting Chmaber Zones to a= 0.7, b= 0.8, c= 0.9, d= 1.0 request successfully sent.
13-10-2024 20:27:40 - INFO - Response from moonraker: {'result': 'ok'}
13-10-2024 20:27:40 - INFO - Setting Chmaber Zones to a= 0.7, b= 0.8, c= 0.9, d= 1.0 Request successfully executed.
13-10-2024 20:27:40 - INFO - Sending request to Setting Chmaber Zones to a= 0.7, b= 0.8, c= 0.9, d= 1.0 with timeout of 5s...
13-10-2024 20:27:41 - INFO - Setting Chmaber Zones to a= 0.7, b= 0.8, c= 0.9, d= 1.0 request successfully sent.
13-10-2024 20:27:41 - INFO - Response from moonraker: {'result': 'ok'}
13-10-2024 20:27:41 - INFO - Setting Chmaber Zones to a= 0.7, b= 0.8, c= 0.9, d= 1.0 Request successfully executed.
13-10-2024 20:27:41 - INFO - Sending request to Setting Chmaber Zones to a= 0.7, b= 0.8, c= 0.9, d= 1.0 with timeout of 5s...
13-10-2024 20:27:42 - INFO - Setting Chmaber Zones to a= 0.7, b= 0.8, c= 0.9, d= 1.0 request successfully sent.
13-10-2024 20:27:42 - INFO - Response from moonraker: {'result': 'ok'}
13-10-2024 20:27:42 - INFO - Setting Chmaber Zones to a= 0.7, b= 0.8, c= 0.9, d= 1.0 Request successfully executed.
13-10-2024 20:27:42 - INFO - Sending request to Setting Chmaber Zones to a= 0.7, b= 0.8, c= 0.9, d= 1.0 with timeout of 5s...
13-10-2024 20:27:42 - INFO - Setting Chmaber Zones to a= 0.7, b= 0.8, c= 0.9, d= 1.0 request successfully sent.
13-10-2024 20:27:42 - INFO - Response from moonraker: {'result': 'ok'}
13-10-2024 20:27:42 - INFO - Setting Chmaber Zones to a= 0.7, b= 0.8, c= 0.9, d= 1.0 Request successfully executed.
13-10-2024 20:27:43 - INFO - Sending request to Setting Chmaber Zones to a= 0.7, b= 0.8, c= 0.9, d= 1.0 with timeout of 5s...
13-10-2024 20:27:43 - INFO - Setting Chmaber Zones to a= 0.7, b= 0.8, c= 0.9, d= 1.0 request successfully sent.
13-10-2024 20:27:44 - INFO - Response from moonraker: {'result': 'ok'}
13-10-2024 20:27:44 - INFO - Setting Chmaber Zones to a= 0.7, b= 0.8, c= 0.9, d= 1.0 Request successfully executed.
13-10-2024 20:27:44 - INFO - Sending request to Setting Chmaber Zones to a= 0.7, b= 0.8, c= 0.9, d= 1.0 with timeout of 5s...
13-10-2024 20:27:45 - INFO - Setting Chmaber Zones to a= 0.7, b= 0.8, c= 0.9, d= 1.0 request successfully sent.
13-10-2024 20:27:45 - INFO - Response from moonraker: {'result': 'ok'}
13-10-2024 20:27:45 - INFO - Setting Chmaber Zones to a= 0.7, b= 0.8, c= 0.9, d= 1.0 Request successfully executed.
13-10-2024 20:27:45 - INFO - Sending request to Setting Chmaber Zones to a= 0.7, b= 0.8, c= 0.9, d= 1.0 with timeout of 5s...
13-10-2024 20:27:46 - INFO - Setting Chmaber Zones to a= 0.7, b= 0.8, c= 0.9, d= 1.0 request successfully sent.
13-10-2024 20:27:46 - INFO - Response from moonraker: {'result': 'ok'}
13-10-2024 20:27:46 - INFO - Setting Chmaber Zones to a= 0.7, b= 0.8, c= 0.9, d= 1.0 Request successfully executed.
13-10-2024 20:27:46 - INFO - Sending request to Setting Chmaber Zones to a= 0.7, b= 0.8, c= 0.9, d= 1.0 with timeout of 5s...
13-10-2024 20:27:47 - INFO - Setting Chmaber Zones to a= 0.7, b= 0.8, c= 0.9, d= 1.0 request successfully sent.
13-10-2024 20:27:47 - INFO - Response from moonraker: {'result': 'ok'}
13-10-2024 20:27:47 - INFO - Setting Chmaber Zones to a= 0.7, b= 0.8, c= 0.9, d= 1.0 Request successfully executed.
13-10-2024 20:27:47 - INFO - Sending request to Setting Chmaber Zones to a= 0.7, b= 0.8, c= 0.9, d= 1.0 with timeout of 5s...
13-10-2024 20:27:48 - INFO - Setting Chmaber Zones to a= 0.7, b= 0.8, c= 0.9, d= 1.0 request successfully sent.
13-10-2024 20:27:48 - INFO - Response from moonraker: {'result': 'ok'}
13-10-2024 20:27:48 - INFO - Setting Chmaber Zones to a= 0.7, b= 0.8, c= 0.9, d= 1.0 Request successfully executed.
13-10-2024 20:27:48 - INFO - Sending request to Setting Chmaber Zones to a= 0.7, b= 0.8, c= 0.9, d= 1.0 with timeout of 5s...
13-10-2024 20:27:49 - INFO - Setting Chmaber Zones to a= 0.7, b= 0.8, c= 0.9, d= 1.0 request successfully sent.
13-10-2024 20:27:49 - INFO - Response from moonraker: {'result': 'ok'}
13-10-2024 20:27:49 - INFO - Setting Chmaber Zones to a= 0.7, b= 0.8, c= 0.9, d= 1.0 Request successfully executed.
13-10-2024 20:27:49 - INFO - Sending request to Setting Chmaber Zones to a= 0.7, b= 0.8, c= 0.9, d= 1.0 with timeout of 5s...
13-10-2024 20:27:50 - INFO - Setting Chmaber Zones to a= 0.7, b= 0.8, c= 0.9, d= 1.0 request successfully sent.
13-10-2024 20:27:50 - INFO - Response from moonraker: {'result': 'ok'}
13-10-2024 20:27:50 - INFO - Setting Chmaber Zones to a= 0.7, b= 0.8, c= 0.9, d= 1.0 Request successfully executed.
13-10-2024 20:27:50 - INFO - Sending request to Setting Chmaber Zones to a= 0.7, b= 0.8, c= 0.9, d= 1.0 with timeout of 5s...
13-10-2024 20:27:51 - INFO - Setting Chmaber Zones to a= 0.7, b= 0.8, c= 0.9, d= 1.0 request successfully sent.
13-10-2024 20:27:51 - INFO - Response from moonraker: {'result': 'ok'}
13-10-2024 20:27:51 - INFO - Setting Chmaber Zones to a= 0.7, b= 0.8, c= 0.9, d= 1.0 Request successfully executed.
13-10-2024 20:27:51 - INFO - Sending request to Setting Chmaber Zones to a= 0.7, b= 0.8, c= 0.9, d= 1.0 with timeout of 5s...
13-10-2024 20:27:52 - INFO - Setting Chmaber Zones to a= 0.7, b= 0.8, c= 0.9, d= 1.0 request successfully sent.
13-10-2024 20:27:52 - INFO - Response from moonraker: {'result': 'ok'}
13-10-2024 20:27:52 - INFO - Setting Chmaber Zones to a= 0.7, b= 0.8, c= 0.9, d= 1.0 Request successfully executed.
13-10-2024 20:27:52 - INFO - Sending request to Setting Chmaber Zones to a= 0.7, b= 0.8, c= 0.9, d= 1.0 with timeout of 5s...
13-10-2024 20:27:53 - INFO - Setting Chmaber Zones to a= 0.7, b= 0.8, c= 0.9, d= 1.0 request successfully sent.
13-10-2024 20:27:53 - INFO - Response from moonraker: {'result': 'ok'}
13-10-2024 20:27:53 - INFO - Setting Chmaber Zones to a= 0.7, b= 0.8, c= 0.9, d= 1.0 Request successfully executed.
13-10-2024 20:27:53 - INFO - Sending request to Setting Chmaber Zones to a= 0.7, b= 0.8, c= 0.9, d= 1.0 with timeout of 5s...
13-10-2024 20:27:54 - INFO - Setting Chmaber Zones to a= 0.7, b= 0.8, c= 0.9, d= 1.0 request successfully sent.
13-10-2024 20:27:54 - INFO - Response from moonraker: {'result': 'ok'}
13-10-2024 20:27:54 - INFO - Setting Chmaber Zones to a= 0.7, b= 0.8, c= 0.9, d= 1.0 Request successfully executed.
13-10-2024 20:27:54 - INFO - Sending request to Setting Chmaber Zones to a= 0.7, b= 0.8, c= 0.9, d= 1.0 with timeout of 5s...
13-10-2024 20:27:55 - INFO - Setting Chmaber Zones to a= 0.7, b= 0.8, c= 0.9, d= 1.0 request successfully sent.
13-10-2024 20:27:55 - INFO - Response from moonraker: {'result': 'ok'}
13-10-2024 20:27:55 - INFO - Setting Chmaber Zones to a= 0.7, b= 0.8, c= 0.9, d= 1.0 Request successfully executed.
13-10-2024 20:27:55 - INFO - Sending request to Setting Chmaber Zones to a= 0.7, b= 0.8, c= 0.9, d= 1.0 with timeout of 5s...
13-10-2024 20:27:56 - INFO - Setting Chmaber Zones to a= 0.7, b= 0.8, c= 0.9, d= 1.0 request successfully sent.
13-10-2024 20:27:56 - INFO - Response from moonraker: {'result': 'ok'}
13-10-2024 20:27:56 - INFO - Setting Chmaber Zones to a= 0.7, b= 0.8, c= 0.9, d= 1.0 Request successfully executed.
13-10-2024 20:27:56 - INFO - Sending request to Setting Chmaber Zones to a= 0.7, b= 0.8, c= 0.9, d= 1.0 with timeout of 5s...
13-10-2024 20:27:57 - INFO - Setting Chmaber Zones to a= 0.7, b= 0.8, c= 0.9, d= 1.0 request successfully sent.
13-10-2024 20:27:57 - INFO - Response from moonraker: {'result': 'ok'}
13-10-2024 20:27:57 - INFO - Setting Chmaber Zones to a= 0.7, b= 0.8, c= 0.9, d= 1.0 Request successfully executed.
13-10-2024 20:27:57 - INFO - Sending request to Setting Chmaber Zones to a= 0.7, b= 0.8, c= 0.9, d= 1.0 with timeout of 5s...
13-10-2024 20:27:58 - INFO - Setting Chmaber Zones to a= 0.7, b= 0.8, c= 0.9, d= 1.0 request successfully sent.
13-10-2024 20:27:58 - INFO - Response from moonraker: {'result': 'ok'}
13-10-2024 20:27:58 - INFO - Setting Chmaber Zones to a= 0.7, b= 0.8, c= 0.9, d= 1.0 Request successfully executed.
13-10-2024 20:27:59 - INFO - Sending request to Setting Chmaber Zones to a= 0.7, b= 0.8, c= 0.9, d= 1.0 with timeout of 5s...
13-10-2024 20:27:59 - INFO - Setting Chmaber Zones to a= 0.7, b= 0.8, c= 0.9, d= 1.0 request successfully sent.
13-10-2024 20:27:59 - INFO - Response from moonraker: {'result': 'ok'}
13-10-2024 20:27:59 - INFO - Setting Chmaber Zones to a= 0.7, b= 0.8, c= 0.9, d= 1.0 Request successfully executed.
13-10-2024 20:28:00 - INFO - Sending request to Setting Chmaber Zones to a= 0.7, b= 0.8, c= 0.9, d= 1.0 with timeout of 5s...
13-10-2024 20:28:00 - INFO - Setting Chmaber Zones to a= 0.7, b= 0.8, c= 0.9, d= 1.0 request successfully sent.
13-10-2024 20:28:00 - INFO - Response from moonraker: {'result': 'ok'}
13-10-2024 20:28:00 - INFO - Setting Chmaber Zones to a= 0.7, b= 0.8, c= 0.9, d= 1.0 Request successfully executed.
13-10-2024 20:28:01 - INFO - Sending request to Setting Chmaber Zones to a= 0.7, b= 0.8, c= 0.9, d= 1.0 with timeout of 5s...
13-10-2024 20:28:01 - INFO - Setting Chmaber Zones to a= 0.7, b= 0.8, c= 0.9, d= 1.0 request successfully sent.
13-10-2024 20:28:01 - INFO - Response from moonraker: {'result': 'ok'}
13-10-2024 20:28:01 - INFO - Setting Chmaber Zones to a= 0.7, b= 0.8, c= 0.9, d= 1.0 Request successfully executed.
13-10-2024 20:28:02 - INFO - Sending request to Setting Chmaber Zones to a= 0.7, b= 0.8, c= 0.9, d= 1.0 with timeout of 5s...
13-10-2024 20:28:02 - INFO - Setting Chmaber Zones to a= 0.7, b= 0.8, c= 0.9, d= 1.0 request successfully sent.
13-10-2024 20:28:02 - INFO - Response from moonraker: {'result': 'ok'}
13-10-2024 20:28:02 - INFO - Setting Chmaber Zones to a= 0.7, b= 0.8, c= 0.9, d= 1.0 Request successfully executed.
13-10-2024 20:28:03 - INFO - Sending request to Setting Chmaber Zones to a= 0.7, b= 0.8, c= 0.9, d= 1.0 with timeout of 5s...
13-10-2024 20:28:03 - INFO - Setting Chmaber Zones to a= 0.7, b= 0.8, c= 0.9, d= 1.0 request successfully sent.
13-10-2024 20:28:03 - INFO - Response from moonraker: {'result': 'ok'}
13-10-2024 20:28:03 - INFO - Setting Chmaber Zones to a= 0.7, b= 0.8, c= 0.9, d= 1.0 Request successfully executed.
13-10-2024 20:28:04 - INFO - Sending request to Setting Chmaber Zones to a= 0.7, b= 0.8, c= 0.9, d= 1.0 with timeout of 5s...
13-10-2024 20:28:04 - INFO - Setting Chmaber Zones to a= 0.7, b= 0.8, c= 0.9, d= 1.0 request successfully sent.
13-10-2024 20:28:04 - INFO - Response from moonraker: {'result': 'ok'}
13-10-2024 20:28:04 - INFO - Setting Chmaber Zones to a= 0.7, b= 0.8, c= 0.9, d= 1.0 Request successfully executed.
13-10-2024 20:28:05 - INFO - Sending request to Setting Chmaber Zones to a= 0.7, b= 0.8, c= 0.9, d= 1.0 with timeout of 5s...
13-10-2024 20:28:05 - INFO - Setting Chmaber Zones to a= 0.7, b= 0.8, c= 0.9, d= 1.0 request successfully sent.
13-10-2024 20:28:05 - INFO - Response from moonraker: {'result': 'ok'}
13-10-2024 20:28:05 - INFO - Setting Chmaber Zones to a= 0.7, b= 0.8, c= 0.9, d= 1.0 Request successfully executed.
13-10-2024 20:28:06 - INFO - Sending request to Setting Chmaber Zones to a= 0.7, b= 0.8, c= 0.9, d= 1.0 with timeout of 5s...
13-10-2024 20:28:06 - INFO - Setting Chmaber Zones to a= 0.7, b= 0.8, c= 0.9, d= 1.0 request successfully sent.
13-10-2024 20:28:06 - INFO - Response from moonraker: {'result': 'ok'}
13-10-2024 20:28:06 - INFO - Setting Chmaber Zones to a= 0.7, b= 0.8, c= 0.9, d= 1.0 Request successfully executed.
13-10-2024 20:28:07 - INFO - Sending request to Setting Chmaber Zones to a= 0.7, b= 0.8, c= 0.9, d= 1.0 with timeout of 5s...
13-10-2024 20:28:07 - INFO - Setting Chmaber Zones to a= 0.7, b= 0.8, c= 0.9, d= 1.0 request successfully sent.
13-10-2024 20:28:07 - INFO - Response from moonraker: {'result': 'ok'}
13-10-2024 20:28:07 - INFO - Setting Chmaber Zones to a= 0.7, b= 0.8, c= 0.9, d= 1.0 Request successfully executed.
13-10-2024 20:28:08 - INFO - Sending request to Setting Chmaber Zones to a= 0.7, b= 0.8, c= 0.9, d= 1.0 with timeout of 5s...
13-10-2024 20:28:08 - INFO - Setting Chmaber Zones to a= 0.7, b= 0.8, c= 0.9, d= 1.0 request successfully sent.
13-10-2024 20:28:08 - INFO - Response from moonraker: {'result': 'ok'}
13-10-2024 20:28:08 - INFO - Setting Chmaber Zones to a= 0.7, b= 0.8, c= 0.9, d= 1.0 Request successfully executed.
13-10-2024 20:28:09 - INFO - Sending request to Setting Chmaber Zones to a= 0.7, b= 0.8, c= 0.9, d= 1.0 with timeout of 5s...
13-10-2024 20:28:09 - INFO - Setting Chmaber Zones to a= 0.7, b= 0.8, c= 0.9, d= 1.0 request successfully sent.
13-10-2024 20:28:09 - INFO - Response from moonraker: {'result': 'ok'}
13-10-2024 20:28:09 - INFO - Setting Chmaber Zones to a= 0.7, b= 0.8, c= 0.9, d= 1.0 Request successfully executed.
13-10-2024 20:28:10 - INFO - Sending request to Setting Chmaber Zones to a= 0.7, b= 0.8, c= 0.9, d= 1.0 with timeout of 5s...
13-10-2024 20:28:10 - INFO - Setting Chmaber Zones to a= 0.7, b= 0.8, c= 0.9, d= 1.0 request successfully sent.
13-10-2024 20:28:10 - INFO - Response from moonraker: {'result': 'ok'}
13-10-2024 20:28:10 - INFO - Setting Chmaber Zones to a= 0.7, b= 0.8, c= 0.9, d= 1.0 Request successfully executed.
13-10-2024 20:28:11 - INFO - Sending request to Setting Chmaber Zones to a= 0.7, b= 0.8, c= 0.9, d= 1.0 with timeout of 5s...
13-10-2024 20:28:11 - INFO - Setting Chmaber Zones to a= 0.7, b= 0.8, c= 0.9, d= 1.0 request successfully sent.
13-10-2024 20:28:11 - INFO - Response from moonraker: {'result': 'ok'}
13-10-2024 20:28:11 - INFO - Setting Chmaber Zones to a= 0.7, b= 0.8, c= 0.9, d= 1.0 Request successfully executed.
13-10-2024 20:28:12 - INFO - Sending request to Setting Chmaber Zones to a= 0.7, b= 0.8, c= 0.9, d= 1.0 with timeout of 5s...
13-10-2024 20:28:12 - INFO - Setting Chmaber Zones to a= 0.7, b= 0.8, c= 0.9, d= 1.0 request successfully sent.
13-10-2024 20:28:12 - INFO - Response from moonraker: {'result': 'ok'}
13-10-2024 20:28:12 - INFO - Setting Chmaber Zones to a= 0.7, b= 0.8, c= 0.9, d= 1.0 Request successfully executed.
13-10-2024 20:28:13 - INFO - Sending request to Setting Chmaber Zones to a= 0.7, b= 0.8, c= 0.9, d= 1.0 with timeout of 5s...
13-10-2024 20:28:13 - INFO - Setting Chmaber Zones to a= 0.7, b= 0.8, c= 0.9, d= 1.0 request successfully sent.
13-10-2024 20:28:13 - INFO - Response from moonraker: {'result': 'ok'}
13-10-2024 20:28:13 - INFO - Setting Chmaber Zones to a= 0.7, b= 0.8, c= 0.9, d= 1.0 Request successfully executed.
13-10-2024 20:28:14 - INFO - Sending request to Setting Chmaber Zones to a= 0.7, b= 0.8, c= 0.9, d= 1.0 with timeout of 5s...
13-10-2024 20:28:14 - INFO - Setting Chmaber Zones to a= 0.7, b= 0.8, c= 0.9, d= 1.0 request successfully sent.
13-10-2024 20:28:14 - INFO - Response from moonraker: {'result': 'ok'}
13-10-2024 20:28:14 - INFO - Setting Chmaber Zones to a= 0.7, b= 0.8, c= 0.9, d= 1.0 Request successfully executed.
13-10-2024 20:28:15 - INFO - Sending request to Setting Chmaber Zones to a= 0.7, b= 0.8, c= 0.9, d= 1.0 with timeout of 5s...
13-10-2024 20:28:15 - INFO - Setting Chmaber Zones to a= 0.7, b= 0.8, c= 0.9, d= 1.0 request successfully sent.
13-10-2024 20:28:15 - INFO - Response from moonraker: {'result': 'ok'}
13-10-2024 20:28:15 - INFO - Setting Chmaber Zones to a= 0.7, b= 0.8, c= 0.9, d= 1.0 Request successfully executed.
13-10-2024 20:28:16 - INFO - Sending request to Setting Chmaber Zones to a= 0.7, b= 0.8, c= 0.9, d= 1.0 with timeout of 5s...
13-10-2024 20:28:16 - INFO - Setting Chmaber Zones to a= 0.7, b= 0.8, c= 0.9, d= 1.0 request successfully sent.
13-10-2024 20:28:16 - INFO - Response from moonraker: {'result': 'ok'}
13-10-2024 20:28:16 - INFO - Setting Chmaber Zones to a= 0.7, b= 0.8, c= 0.9, d= 1.0 Request successfully executed.
13-10-2024 20:28:17 - INFO - Sending request to Setting Chmaber Zones to a= 0.7, b= 0.8, c= 0.9, d= 1.0 with timeout of 5s...
13-10-2024 20:28:17 - INFO - Setting Chmaber Zones to a= 0.7, b= 0.8, c= 0.9, d= 1.0 request successfully sent.
13-10-2024 20:28:17 - INFO - Response from moonraker: {'result': 'ok'}
13-10-2024 20:28:17 - INFO - Setting Chmaber Zones to a= 0.7, b= 0.8, c= 0.9, d= 1.0 Request successfully executed.
13-10-2024 20:28:18 - INFO - Sending request to Setting Chmaber Zones to a= 0.7, b= 0.8, c= 0.9, d= 1.0 with timeout of 5s...
13-10-2024 20:28:18 - INFO - Setting Chmaber Zones to a= 0.7, b= 0.8, c= 0.9, d= 1.0 request successfully sent.
13-10-2024 20:28:18 - INFO - Response from moonraker: {'result': 'ok'}
13-10-2024 20:28:18 - INFO - Setting Chmaber Zones to a= 0.7, b= 0.8, c= 0.9, d= 1.0 Request successfully executed.
13-10-2024 20:28:19 - INFO - Sending request to Setting Chmaber Zones to a= 0.7, b= 0.8, c= 0.9, d= 1.0 with timeout of 5s...
13-10-2024 20:28:19 - INFO - Setting Chmaber Zones to a= 0.7, b= 0.8, c= 0.9, d= 1.0 request successfully sent.
13-10-2024 20:28:19 - INFO - Response from moonraker: {'result': 'ok'}
13-10-2024 20:28:19 - INFO - Setting Chmaber Zones to a= 0.7, b= 0.8, c= 0.9, d= 1.0 Request successfully executed.
13-10-2024 20:28:20 - INFO - Sending request to Setting Chmaber Zones to a= 0.7, b= 0.8, c= 0.9, d= 1.0 with timeout of 5s...
13-10-2024 20:28:20 - INFO - Setting Chmaber Zones to a= 0.7, b= 0.8, c= 0.9, d= 1.0 request successfully sent.
13-10-2024 20:28:20 - INFO - Response from moonraker: {'result': 'ok'}
13-10-2024 20:28:20 - INFO - Setting Chmaber Zones to a= 0.7, b= 0.8, c= 0.9, d= 1.0 Request successfully executed.
13-10-2024 20:28:21 - INFO - Sending request to Setting Chmaber Zones to a= 0.7, b= 0.8, c= 0.9, d= 1.0 with timeout of 5s...
13-10-2024 20:28:21 - INFO - Setting Chmaber Zones to a= 0.7, b= 0.8, c= 0.9, d= 1.0 request successfully sent.
13-10-2024 20:28:21 - INFO - Response from moonraker: {'result': 'ok'}
13-10-2024 20:28:21 - INFO - Setting Chmaber Zones to a= 0.7, b= 0.8, c= 0.9, d= 1.0 Request successfully executed.
13-10-2024 20:28:22 - INFO - Sending request to Setting Chmaber Zones to a= 0.7, b= 0.8, c= 0.9, d= 1.0 with timeout of 5s...
13-10-2024 20:28:22 - INFO - Setting Chmaber Zones to a= 0.7, b= 0.8, c= 0.9, d= 1.0 request successfully sent.
13-10-2024 20:28:22 - INFO - Response from moonraker: {'result': 'ok'}
13-10-2024 20:28:22 - INFO - Setting Chmaber Zones to a= 0.7, b= 0.8, c= 0.9, d= 1.0 Request successfully executed.
13-10-2024 20:28:23 - INFO - Sending request to Setting Chmaber Zones to a= 0.7, b= 0.8, c= 0.9, d= 1.0 with timeout of 5s...
13-10-2024 20:28:23 - INFO - Setting Chmaber Zones to a= 0.7, b= 0.8, c= 0.9, d= 1.0 request successfully sent.
13-10-2024 20:28:23 - INFO - Response from moonraker: {'result': 'ok'}
13-10-2024 20:28:23 - INFO - Setting Chmaber Zones to a= 0.7, b= 0.8, c= 0.9, d= 1.0 Request successfully executed.
