Timestamp,Heater,Max Power,PWM Cycle Time,ch1,ch2,ch3,ch4,ch5,ch6,ch7,ch8,ch9,ch10,ch11,ch12,ch13,ch14,ch15,ch16
2024-10-13 16:56:47, , , ,72.9000,1984.0000,1984.0000,1984.0000,1984.0000,1984.0000,1984.0000,1984.0000,1984.0000,1984.0000,1984.0000,1984.0000,1984.0000,1984.0000,1984.0000
2024-10-13 16:56:48, , , ,72.4000,1984.0000,1984.0000,1984.0000,1984.0000,1984.0000,1984.0000,1984.0000,1984.0000,1984.0000,1984.0000,1984.0000,1984.0000,1984.0000,1984.0000
2024-10-13 16:56:49, , , ,71.9000,1984.0000,1984.0000,1984.0000,1984.0000,1984.0000,1984.0000,1984.0000,1984.0000,1984.0000,1984.0000,1984.0000,1984.0000,1984.0000,1984.0000
2024-10-13 16:56:50, , , ,71.7000,1984.0000,1984.0000,1984.0000,1984.0000,1984.0000,1984.0000,1984.0000,1984.0000,1984.0000,1984.0000,1984.0000,1984.0000,1984.0000,1984.0000
2024-10-13 16:56:51, , , ,71.0000,1984.0000,1984.0000,1984.0000,1984.0000,1984.0000,1984.0000,1984.0000,1984.0000,1984.0000,1984.0000,1984.0000,1984.0000,1984.0000,1984.0000
2024-10-13 16:56:52, , , ,70.4000,1984.0000,1984.0000,1984.0000,1984.0000,1984.0000,1984.0000,1984.0000,1984.0000,1984.0000,1984.0000,1984.0000,1984.0000,1984.0000,1984.0000
2024-10-13 16:56:53, , , ,69.9000,1984.0000,1984.0000,1984.0000,1984.0000,1984.0000,1984.0000,1984.0000,1984.0000,1984.0000,1984.0000,1984.0000,1984.0000,1984.0000,1984.0000
2024-10-13 16:56:54, , , ,69.5000,1984.0000,1984.0000,1984.0000,1984.0000,1984.0000,1984.0000,1984.0000,1984.0000,1984.0000,1984.0000,1984.0000,1984.0000,1984.0000,1984.0000
2024-10-13 16:56:54, , , ,69.4000,1984.0000,1984.0000,1984.0000,1984.0000,1984.0000,1984.0000,1984.0000,1984.0000,1984.0000,1984.0000,1984.0000,1984.0000,1984.0000,1984.0000
2024-10-13 16:56:54, , , ,69.4000,1984.0000,1984.0000,1984.0000,1984.0000,1984.0000,1984.0000,1984.0000,1984.0000,1984.0000,1984.0000,1984.0000,1984.0000,1984.0000,1984.0000
2024-10-13 16:56:54, , , ,69.2000,1984.0000,1984.0000,1984.0000,1984.0000,1984.0000,1984.0000,1984.0000,1984.0000,1984.0000,1984.0000,1984.0000,1984.0000,1984.0000,1984.0000
2024-10-13 16:56:54, , , ,69.2000,1984.0000,1984.0000,1984.0000,1984.0000,1984.0000,1984.0000,1984.0000,1984.0000,1984.0000,1984.0000,1984.0000,1984.0000,1984.0000,1984.0000
2024-10-13 16:56:54, , , ,69.1000,1984.0000,1984.0000,1984.0000,1984.0000,1984.0000,1984.0000,1984.0000,1984.0000,1984.0000,1984.0000,1984.0000,1984.0000,1984.0000,1984.0000
2024-10-13 16:56:55, , , ,68.9000,1984.0000,1984.0000,1984.0000,1984.0000,1984.0000,1984.0000,1984.0000,1984.0000,1984.0000,1984.0000,1984.0000,1984.0000,1984.0000,1984.0000
2024-10-13 16:56:55, , , ,68.9000,1984.0000,1984.0000,1984.0000,1984.0000,1984.0000,1984.0000,1984.0000,1984.0000,1984.0000,1984.0000,1984.0000,1984.0000,1984.0000,1984.0000
2024-10-13 16:56:55, , , ,68.7000,1984.0000,1984.0000,1984.0000,1984.0000,1984.0000,1984.0000,1984.0000,1984.0000,1984.0000,1984.0000,1984.0000,1984.0000,1984.0000,1984.0000
2024-10-13 16:56:55, , , ,68.7000,1984.0000,1984.0000,1984.0000,1984.0000,1984.0000,1984.0000,1984.0000,1984.0000,1984.0000,1984.0000,1984.0000,1984.0000,1984.0000,1984.0000
2024-10-13 16:56:55, , , ,68.7000,1984.0000,1984.0000,1984.0000,1984.0000,1984.0000,1984.0000,1984.0000,1984.0000,1984.0000,1984.0000,1984.0000,1984.0000,1984.0000,1984.0000
2024-10-13 16:56:55, , , ,68.7000,1984.0000,1984.0000,1984.0000,1984.0000,1984.0000,1984.0000,1984.0000,1984.0000,1984.0000,1984.0000,1984.0000,1984.0000,1984.0000,1984.0000
2024-10-13 16:56:56, , , ,68.6000,1984.0000,1984.0000,1984.0000,1984.0000,1984.0000,1984.0000,1984.0000,1984.0000,1984.0000,1984.0000,1984.0000,1984.0000,1984.0000,1984.0000
2024-10-13 16:56:56, , , ,68.6000,1984.0000,1984.0000,1984.0000,1984.0000,1984.0000,1984.0000,1984.0000,1984.0000,1984.0000,1984.0000,1984.0000,1984.0000,1984.0000,1984.0000
2024-10-13 16:56:56, , , ,68.4000,1984.0000,1984.0000,1984.0000,1984.0000,1984.0000,1984.0000,1984.0000,1984.0000,1984.0000,1984.0000,1984.0000,1984.0000,1984.0000,1984.0000
2024-10-13 16:56:56, , , ,68.4000,1984.0000,1984.0000,1984.0000,1984.0000,1984.0000,1984.0000,1984.0000,1984.0000,1984.0000,1984.0000,1984.0000,1984.0000,1984.0000,1984.0000
2024-10-13 16:56:56, , , ,68.2000,1984.0000,1984.0000,1984.0000,1984.0000,1984.0000,1984.0000,1984.0000,1984.0000,1984.0000,1984.0000,1984.0000,1984.0000,1984.0000,1984.0000
2024-10-13 16:56:56, , , ,68.1000,1984.0000,1984.0000,1984.0000,1984.0000,1984.0000,1984.0000,1984.0000,1984.0000,1984.0000,1984.0000,1984.0000,1984.0000,1984.0000,1984.0000
2024-10-13 16:56:57, , , ,68.1000,1984.0000,1984.0000,1984.0000,1984.0000,1984.0000,1984.0000,1984.0000,1984.0000,1984.0000,1984.0000,1984.0000,1984.0000,1984.0000,1984.0000
2024-10-13 16:56:57, , , ,68.1000,1984.0000,1984.0000,1984.0000,1984.0000,1984.0000,1984.0000,1984.0000,1984.0000,1984.0000,1984.0000,1984.0000,1984.0000,1984.0000,1984.0000
2024-10-13 16:56:57, , , ,67.9000,1984.0000,1984.0000,1984.0000,1984.0000,1984.0000,1984.0000,1984.0000,1984.0000,1984.0000,1984.0000,1984.0000,1984.0000,1984.0000,1984.0000
2024-10-13 16:56:57, , , ,67.9000,1984.0000,1984.0000,1984.0000,1984.0000,1984.0000,1984.0000,1984.0000,1984.0000,1984.0000,1984.0000,1984.0000,1984.0000,1984.0000,1984.0000
2024-10-13 16:56:57, , , ,67.9000,1984.0000,1984.0000,1984.0000,1984.0000,1984.0000,1984.0000,1984.0000,1984.0000,1984.0000,1984.0000,1984.0000,1984.0000,1984.0000,1984.0000
2024-10-13 16:56:57, , , ,67.9000,1984.0000,1984.0000,1984.0000,1984.0000,1984.0000,1984.0000,1984.0000,1984.0000,1984.0000,1984.0000,1984.0000,1984.0000,1984.0000,1984.0000
2024-10-13 16:56:57, , , ,67.8000,1984.0000,1984.0000,1984.0000,1984.0000,1984.0000,1984.0000,1984.0000,1984.0000,1984.0000,1984.0000,1984.0000,1984.0000,1984.0000,1984.0000
2024-10-13 16:56:58, , , ,67.8000,1984.0000,1984.0000,1984.0000,1984.0000,1984.0000,1984.0000,1984.0000,1984.0000,1984.0000,1984.0000,1984.0000,1984.0000,1984.0000,1984.0000
2024-10-13 16:56:58, , , ,67.6000,1984.0000,1984.0000,1984.0000,1984.0000,1984.0000,1984.0000,1984.0000,1984.0000,1984.0000,1984.0000,1984.0000,1984.0000,1984.0000,1984.0000
2024-10-13 16:56:58, , , ,67.6000,1984.0000,1984.0000,1984.0000,1984.0000,1984.0000,1984.0000,1984.0000,1984.0000,1984.0000,1984.0000,1984.0000,1984.0000,1984.0000,1984.0000
2024-10-13 16:56:58, , , ,67.6000,1984.0000,1984.0000,1984.0000,1984.0000,1984.0000,1984.0000,1984.0000,1984.0000,1984.0000,1984.0000,1984.0000,1984.0000,1984.0000,1984.0000
2024-10-13 16:56:58, , , ,67.5000,1984.0000,1984.0000,1984.0000,1984.0000,1984.0000,1984.0000,1984.0000,1984.0000,1984.0000,1984.0000,1984.0000,1984.0000,1984.0000,1984.0000
2024-10-13 16:56:58, , , ,67.5000,1984.0000,1984.0000,1984.0000,1984.0000,1984.0000,1984.0000,1984.0000,1984.0000,1984.0000,1984.0000,1984.0000,1984.0000,1984.0000,1984.0000
2024-10-13 16:56:59, , , ,67.3000,1984.0000,1984.0000,1984.0000,1984.0000,1984.0000,1984.0000,1984.0000,1984.0000,1984.0000,1984.0000,1984.0000,1984.0000,1984.0000,1984.0000
2024-10-13 16:56:59, , , ,67.3000,1984.0000,1984.0000,1984.0000,1984.0000,1984.0000,1984.0000,1984.0000,1984.0000,1984.0000,1984.0000,1984.0000,1984.0000,1984.0000,1984.0000
2024-10-13 16:56:59, , , ,67.1000,1984.0000,1984.0000,1984.0000,1984.0000,1984.0000,1984.0000,1984.0000,1984.0000,1984.0000,1984.0000,1984.0000,1984.0000,1984.0000,1984.0000
2024-10-13 16:56:59, , , ,67.1000,1984.0000,1984.0000,1984.0000,1984.0000,1984.0000,1984.0000,1984.0000,1984.0000,1984.0000,1984.0000,1984.0000,1984.0000,1984.0000,1984.0000
2024-10-13 16:56:59, , , ,66.9000,1984.0000,1984.0000,1984.0000,1984.0000,1984.0000,1984.0000,1984.0000,1984.0000,1984.0000,1984.0000,1984.0000,1984.0000,1984.0000,1984.0000
2024-10-13 16:56:59, , , ,66.9000,1984.0000,1984.0000,1984.0000,1984.0000,1984.0000,1984.0000,1984.0000,1984.0000,1984.0000,1984.0000,1984.0000,1984.0000,1984.0000,1984.0000
2024-10-13 16:57:00, , , ,66.9000,1984.0000,1984.0000,1984.0000,1984.0000,1984.0000,1984.0000,1984.0000,1984.0000,1984.0000,1984.0000,1984.0000,1984.0000,1984.0000,1984.0000
2024-10-13 16:57:00, , , ,66.9000,1984.0000,1984.0000,1984.0000,1984.0000,1984.0000,1984.0000,1984.0000,1984.0000,1984.0000,1984.0000,1984.0000,1984.0000,1984.0000,1984.0000
2024-10-13 16:57:00, , , ,66.9000,1984.0000,1984.0000,1984.0000,1984.0000,1984.0000,1984.0000,1984.0000,1984.0000,1984.0000,1984.0000,1984.0000,1984.0000,1984.0000,1984.0000
2024-10-13 16:57:00, , , ,66.9000,1984.0000,1984.0000,1984.0000,1984.0000,1984.0000,1984.0000,1984.0000,1984.0000,1984.0000,1984.0000,1984.0000,1984.0000,1984.0000,1984.0000
2024-10-13 16:57:00, , , ,66.7000,1984.0000,1984.0000,1984.0000,1984.0000,1984.0000,1984.0000,1984.0000,1984.0000,1984.0000,1984.0000,1984.0000,1984.0000,1984.0000,1984.0000
2024-10-13 16:57:00, , , ,66.7000,1984.0000,1984.0000,1984.0000,1984.0000,1984.0000,1984.0000,1984.0000,1984.0000,1984.0000,1984.0000,1984.0000,1984.0000,1984.0000,1984.0000
2024-10-13 16:57:00, , , ,66.6000,1984.0000,1984.0000,1984.0000,1984.0000,1984.0000,1984.0000,1984.0000,1984.0000,1984.0000,1984.0000,1984.0000,1984.0000,1984.0000,1984.0000
2024-10-13 16:57:01, , , ,66.6000,1984.0000,1984.0000,1984.0000,1984.0000,1984.0000,1984.0000,1984.0000,1984.0000,1984.0000,1984.0000,1984.0000,1984.0000,1984.0000,1984.0000
2024-10-13 16:57:01, , , ,66.4000,1984.0000,1984.0000,1984.0000,1984.0000,1984.0000,1984.0000,1984.0000,1984.0000,1984.0000,1984.0000,1984.0000,1984.0000,1984.0000,1984.0000
2024-10-13 16:57:01, , , ,66.4000,1984.0000,1984.0000,1984.0000,1984.0000,1984.0000,1984.0000,1984.0000,1984.0000,1984.0000,1984.0000,1984.0000,1984.0000,1984.0000,1984.0000
2024-10-13 16:57:01, , , ,66.3000,1984.0000,1984.0000,1984.0000,1984.0000,1984.0000,1984.0000,1984.0000,1984.0000,1984.0000,1984.0000,1984.0000,1984.0000,1984.0000,1984.0000
2024-10-13 16:57:01, , , ,66.3000,1984.0000,1984.0000,1984.0000,1984.0000,1984.0000,1984.0000,1984.0000,1984.0000,1984.0000,1984.0000,1984.0000,1984.0000,1984.0000,1984.0000
2024-10-13 16:57:01, , , ,66.2000,1984.0000,1984.0000,1984.0000,1984.0000,1984.0000,1984.0000,1984.0000,1984.0000,1984.0000,1984.0000,1984.0000,1984.0000,1984.0000,1984.0000
2024-10-13 16:57:02, , , ,66.2000,1984.0000,1984.0000,1984.0000,1984.0000,1984.0000,1984.0000,1984.0000,1984.0000,1984.0000,1984.0000,1984.0000,1984.0000,1984.0000,1984.0000
2024-10-13 16:57:02, , , ,66.2000,1984.0000,1984.0000,1984.0000,1984.0000,1984.0000,1984.0000,1984.0000,1984.0000,1984.0000,1984.0000,1984.0000,1984.0000,1984.0000,1984.0000
2024-10-13 16:57:02, , , ,66.2000,1984.0000,1984.0000,1984.0000,1984.0000,1984.0000,1984.0000,1984.0000,1984.0000,1984.0000,1984.0000,1984.0000,1984.0000,1984.0000,1984.0000
2024-10-13 16:57:02, , , ,66.2000,1984.0000,1984.0000,1984.0000,1984.0000,1984.0000,1984.0000,1984.0000,1984.0000,1984.0000,1984.0000,1984.0000,1984.0000,1984.0000,1984.0000
2024-10-13 16:57:02, , , ,66.1000,1984.0000,1984.0000,1984.0000,1984.0000,1984.0000,1984.0000,1984.0000,1984.0000,1984.0000,1984.0000,1984.0000,1984.0000,1984.0000,1984.0000
2024-10-13 16:57:02, , , ,66.1000,1984.0000,1984.0000,1984.0000,1984.0000,1984.0000,1984.0000,1984.0000,1984.0000,1984.0000,1984.0000,1984.0000,1984.0000,1984.0000,1984.0000
2024-10-13 16:57:03, , , ,66.0000,1984.0000,1984.0000,1984.0000,1984.0000,1984.0000,1984.0000,1984.0000,1984.0000,1984.0000,1984.0000,1984.0000,1984.0000,1984.0000,1984.0000
2024-10-13 16:57:03, , , ,65.9000,1984.0000,1984.0000,1984.0000,1984.0000,1984.0000,1984.0000,1984.0000,1984.0000,1984.0000,1984.0000,1984.0000,1984.0000,1984.0000,1984.0000
2024-10-13 16:57:03, , , ,65.7000,1984.0000,1984.0000,1984.0000,1984.0000,1984.0000,1984.0000,1984.0000,1984.0000,1984.0000,1984.0000,1984.0000,1984.0000,1984.0000,1984.0000
2024-10-13 16:57:03, , , ,65.7000,1984.0000,1984.0000,1984.0000,1984.0000,1984.0000,1984.0000,1984.0000,1984.0000,1984.0000,1984.0000,1984.0000,1984.0000,1984.0000,1984.0000
2024-10-13 16:57:03, , , ,65.6000,1984.0000,1984.0000,1984.0000,1984.0000,1984.0000,1984.0000,1984.0000,1984.0000,1984.0000,1984.0000,1984.0000,1984.0000,1984.0000,1984.0000
2024-10-13 16:57:03, , , ,65.6000,1984.0000,1984.0000,1984.0000,1984.0000,1984.0000,1984.0000,1984.0000,1984.0000,1984.0000,1984.0000,1984.0000,1984.0000,1984.0000,1984.0000
2024-10-13 16:57:04, , , ,65.4000,1984.0000,1984.0000,1984.0000,1984.0000,1984.0000,1984.0000,1984.0000,1984.0000,1984.0000,1984.0000,1984.0000,1984.0000,1984.0000,1984.0000
2024-10-13 16:57:04, , , ,65.4000,1984.0000,1984.0000,1984.0000,1984.0000,1984.0000,1984.0000,1984.0000,1984.0000,1984.0000,1984.0000,1984.0000,1984.0000,1984.0000,1984.0000
2024-10-13 16:57:04, , , ,65.3000,1984.0000,1984.0000,1984.0000,1984.0000,1984.0000,1984.0000,1984.0000,1984.0000,1984.0000,1984.0000,1984.0000,1984.0000,1984.0000,1984.0000
2024-10-13 16:57:04, , , ,65.3000,1984.0000,1984.0000,1984.0000,1984.0000,1984.0000,1984.0000,1984.0000,1984.0000,1984.0000,1984.0000,1984.0000,1984.0000,1984.0000,1984.0000
2024-10-13 16:57:04, , , ,65.2000,1984.0000,1984.0000,1984.0000,1984.0000,1984.0000,1984.0000,1984.0000,1984.0000,1984.0000,1984.0000,1984.0000,1984.0000,1984.0000,1984.0000
2024-10-13 16:57:04, , , ,65.2000,1984.0000,1984.0000,1984.0000,1984.0000,1984.0000,1984.0000,1984.0000,1984.0000,1984.0000,1984.0000,1984.0000,1984.0000,1984.0000,1984.0000
2024-10-13 16:57:04, , , ,65.1000,1984.0000,1984.0000,1984.0000,1984.0000,1984.0000,1984.0000,1984.0000,1984.0000,1984.0000,1984.0000,1984.0000,1984.0000,1984.0000,1984.0000
2024-10-13 16:57:05, , , ,65.1000,1984.0000,1984.0000,1984.0000,1984.0000,1984.0000,1984.0000,1984.0000,1984.0000,1984.0000,1984.0000,1984.0000,1984.0000,1984.0000,1984.0000
2024-10-13 16:57:05, , , ,65.1000,1984.0000,1984.0000,1984.0000,1984.0000,1984.0000,1984.0000,1984.0000,1984.0000,1984.0000,1984.0000,1984.0000,1984.0000,1984.0000,1984.0000
2024-10-13 16:57:05, , , ,64.9000,1984.0000,1984.0000,1984.0000,1984.0000,1984.0000,1984.0000,1984.0000,1984.0000,1984.0000,1984.0000,1984.0000,1984.0000,1984.0000,1984.0000
2024-10-13 16:57:05, , , ,64.9000,1984.0000,1984.0000,1984.0000,1984.0000,1984.0000,1984.0000,1984.0000,1984.0000,1984.0000,1984.0000,1984.0000,1984.0000,1984.0000,1984.0000
2024-10-13 16:57:05, , , ,64.9000,1984.0000,1984.0000,1984.0000,1984.0000,1984.0000,1984.0000,1984.0000,1984.0000,1984.0000,1984.0000,1984.0000,1984.0000,1984.0000,1984.0000
2024-10-13 16:57:05, , , ,64.7000,1984.0000,1984.0000,1984.0000,1984.0000,1984.0000,1984.0000,1984.0000,1984.0000,1984.0000,1984.0000,1984.0000,1984.0000,1984.0000,1984.0000
2024-10-13 16:57:06, , , ,64.7000,1984.0000,1984.0000,1984.0000,1984.0000,1984.0000,1984.0000,1984.0000,1984.0000,1984.0000,1984.0000,1984.0000,1984.0000,1984.0000,1984.0000
2024-10-13 16:57:06, , , ,64.7000,1984.0000,1984.0000,1984.0000,1984.0000,1984.0000,1984.0000,1984.0000,1984.0000,1984.0000,1984.0000,1984.0000,1984.0000,1984.0000,1984.0000
2024-10-13 16:57:06, , , ,64.7000,1984.0000,1984.0000,1984.0000,1984.0000,1984.0000,1984.0000,1984.0000,1984.0000,1984.0000,1984.0000,1984.0000,1984.0000,1984.0000,1984.0000
2024-10-13 16:57:06, , , ,64.6000,1984.0000,1984.0000,1984.0000,1984.0000,1984.0000,1984.0000,1984.0000,1984.0000,1984.0000,1984.0000,1984.0000,1984.0000,1984.0000,1984.0000
2024-10-13 16:57:06, , , ,64.6000,1984.0000,1984.0000,1984.0000,1984.0000,1984.0000,1984.0000,1984.0000,1984.0000,1984.0000,1984.0000,1984.0000,1984.0000,1984.0000,1984.0000
2024-10-13 16:57:06, , , ,64.6000,1984.0000,1984.0000,1984.0000,1984.0000,1984.0000,1984.0000,1984.0000,1984.0000,1984.0000,1984.0000,1984.0000,1984.0000,1984.0000,1984.0000
2024-10-13 16:57:07, , , ,64.6000,1984.0000,1984.0000,1984.0000,1984.0000,1984.0000,1984.0000,1984.0000,1984.0000,1984.0000,1984.0000,1984.0000,1984.0000,1984.0000,1984.0000
2024-10-13 16:57:07, , , ,64.6000,1984.0000,1984.0000,1984.0000,1984.0000,1984.0000,1984.0000,1984.0000,1984.0000,1984.0000,1984.0000,1984.0000,1984.0000,1984.0000,1984.0000
2024-10-13 16:57:07, , , ,64.5000,1984.0000,1984.0000,1984.0000,1984.0000,1984.0000,1984.0000,1984.0000,1984.0000,1984.0000,1984.0000,1984.0000,1984.0000,1984.0000,1984.0000
2024-10-13 16:57:07, , , ,64.4000,1984.0000,1984.0000,1984.0000,1984.0000,1984.0000,1984.0000,1984.0000,1984.0000,1984.0000,1984.0000,1984.0000,1984.0000,1984.0000,1984.0000
2024-10-13 16:57:07, , , ,64.4000,1984.0000,1984.0000,1984.0000,1984.0000,1984.0000,1984.0000,1984.0000,1984.0000,1984.0000,1984.0000,1984.0000,1984.0000,1984.0000,1984.0000
2024-10-13 16:57:07, , , ,64.2000,1984.0000,1984.0000,1984.0000,1984.0000,1984.0000,1984.0000,1984.0000,1984.0000,1984.0000,1984.0000,1984.0000,1984.0000,1984.0000,1984.0000
2024-10-13 16:57:08, , , ,64.2000,1984.0000,1984.0000,1984.0000,1984.0000,1984.0000,1984.0000,1984.0000,1984.0000,1984.0000,1984.0000,1984.0000,1984.0000,1984.0000,1984.0000
2024-10-13 16:57:08, , , ,64.1000,1984.0000,1984.0000,1984.0000,1984.0000,1984.0000,1984.0000,1984.0000,1984.0000,1984.0000,1984.0000,1984.0000,1984.0000,1984.0000,1984.0000
2024-10-13 16:57:08, , , ,64.1000,1984.0000,1984.0000,1984.0000,1984.0000,1984.0000,1984.0000,1984.0000,1984.0000,1984.0000,1984.0000,1984.0000,1984.0000,1984.0000,1984.0000
2024-10-13 16:57:08, , , ,63.9000,1984.0000,1984.0000,1984.0000,1984.0000,1984.0000,1984.0000,1984.0000,1984.0000,1984.0000,1984.0000,1984.0000,1984.0000,1984.0000,1984.0000
2024-10-13 16:57:08, , , ,63.9000,1984.0000,1984.0000,1984.0000,1984.0000,1984.0000,1984.0000,1984.0000,1984.0000,1984.0000,1984.0000,1984.0000,1984.0000,1984.0000,1984.0000
2024-10-13 16:57:08, , , ,63.9000,1984.0000,1984.0000,1984.0000,1984.0000,1984.0000,1984.0000,1984.0000,1984.0000,1984.0000,1984.0000,1984.0000,1984.0000,1984.0000,1984.0000
2024-10-13 16:57:08, , , ,63.9000,1984.0000,1984.0000,1984.0000,1984.0000,1984.0000,1984.0000,1984.0000,1984.0000,1984.0000,1984.0000,1984.0000,1984.0000,1984.0000,1984.0000
2024-10-13 16:57:09, , , ,63.9000,1984.0000,1984.0000,1984.0000,1984.0000,1984.0000,1984.0000,1984.0000,1984.0000,1984.0000,1984.0000,1984.0000,1984.0000,1984.0000,1984.0000
2024-10-13 16:57:09, , , ,63.8000,1984.0000,1984.0000,1984.0000,1984.0000,1984.0000,1984.0000,1984.0000,1984.0000,1984.0000,1984.0000,1984.0000,1984.0000,1984.0000,1984.0000
2024-10-13 16:57:09, , , ,63.8000,1984.0000,1984.0000,1984.0000,1984.0000,1984.0000,1984.0000,1984.0000,1984.0000,1984.0000,1984.0000,1984.0000,1984.0000,1984.0000,1984.0000
2024-10-13 16:57:09, , , ,63.8000,1984.0000,1984.0000,1984.0000,1984.0000,1984.0000,1984.0000,1984.0000,1984.0000,1984.0000,1984.0000,1984.0000,1984.0000,1984.0000,1984.0000
2024-10-13 16:57:09, , , ,63.7000,1984.0000,1984.0000,1984.0000,1984.0000,1984.0000,1984.0000,1984.0000,1984.0000,1984.0000,1984.0000,1984.0000,1984.0000,1984.0000,1984.0000
2024-10-13 16:57:09, , , ,63.7000,1984.0000,1984.0000,1984.0000,1984.0000,1984.0000,1984.0000,1984.0000,1984.0000,1984.0000,1984.0000,1984.0000,1984.0000,1984.0000,1984.0000
2024-10-13 16:57:10, , , ,63.7000,1984.0000,1984.0000,1984.0000,1984.0000,1984.0000,1984.0000,1984.0000,1984.0000,1984.0000,1984.0000,1984.0000,1984.0000,1984.0000,1984.0000
2024-10-13 16:57:10, , , ,63.7000,1984.0000,1984.0000,1984.0000,1984.0000,1984.0000,1984.0000,1984.0000,1984.0000,1984.0000,1984.0000,1984.0000,1984.0000,1984.0000,1984.0000
2024-10-13 16:57:10, , , ,63.5000,1984.0000,1984.0000,1984.0000,1984.0000,1984.0000,1984.0000,1984.0000,1984.0000,1984.0000,1984.0000,1984.0000,1984.0000,1984.0000,1984.0000
2024-10-13 16:57:10, , , ,63.5000,1984.0000,1984.0000,1984.0000,1984.0000,1984.0000,1984.0000,1984.0000,1984.0000,1984.0000,1984.0000,1984.0000,1984.0000,1984.0000,1984.0000
2024-10-13 16:57:10, , , ,63.5000,1984.0000,1984.0000,1984.0000,1984.0000,1984.0000,1984.0000,1984.0000,1984.0000,1984.0000,1984.0000,1984.0000,1984.0000,1984.0000,1984.0000
2024-10-13 16:57:10, , , ,63.4000,1984.0000,1984.0000,1984.0000,1984.0000,1984.0000,1984.0000,1984.0000,1984.0000,1984.0000,1984.0000,1984.0000,1984.0000,1984.0000,1984.0000
2024-10-13 16:57:11, , , ,63.4000,1984.0000,1984.0000,1984.0000,1984.0000,1984.0000,1984.0000,1984.0000,1984.0000,1984.0000,1984.0000,1984.0000,1984.0000,1984.0000,1984.0000
2024-10-13 16:57:11, , , ,63.4000,1984.0000,1984.0000,1984.0000,1984.0000,1984.0000,1984.0000,1984.0000,1984.0000,1984.0000,1984.0000,1984.0000,1984.0000,1984.0000,1984.0000
2024-10-13 16:57:11, , , ,63.4000,1984.0000,1984.0000,1984.0000,1984.0000,1984.0000,1984.0000,1984.0000,1984.0000,1984.0000,1984.0000,1984.0000,1984.0000,1984.0000,1984.0000
2024-10-13 16:57:11, , , ,63.4000,1984.0000,1984.0000,1984.0000,1984.0000,1984.0000,1984.0000,1984.0000,1984.0000,1984.0000,1984.0000,1984.0000,1984.0000,1984.0000,1984.0000
2024-10-13 16:57:11, , , ,63.2000,1984.0000,1984.0000,1984.0000,1984.0000,1984.0000,1984.0000,1984.0000,1984.0000,1984.0000,1984.0000,1984.0000,1984.0000,1984.0000,1984.0000
2024-10-13 16:57:11, , , ,63.2000,1984.0000,1984.0000,1984.0000,1984.0000,1984.0000,1984.0000,1984.0000,1984.0000,1984.0000,1984.0000,1984.0000,1984.0000,1984.0000,1984.0000
2024-10-13 16:57:11, , , ,63.2000,1984.0000,1984.0000,1984.0000,1984.0000,1984.0000,1984.0000,1984.0000,1984.0000,1984.0000,1984.0000,1984.0000,1984.0000,1984.0000,1984.0000
2024-10-13 16:57:12, , , ,63.0000,1984.0000,1984.0000,1984.0000,1984.0000,1984.0000,1984.0000,1984.0000,1984.0000,1984.0000,1984.0000,1984.0000,1984.0000,1984.0000,1984.0000
2024-10-13 16:57:12, , , ,63.0000,1984.0000,1984.0000,1984.0000,1984.0000,1984.0000,1984.0000,1984.0000,1984.0000,1984.0000,1984.0000,1984.0000,1984.0000,1984.0000,1984.0000
2024-10-13 16:57:12, , , ,63.0000,1984.0000,1984.0000,1984.0000,1984.0000,1984.0000,1984.0000,1984.0000,1984.0000,1984.0000,1984.0000,1984.0000,1984.0000,1984.0000,1984.0000
2024-10-13 16:57:12, , , ,63.0000,1984.0000,1984.0000,1984.0000,1984.0000,1984.0000,1984.0000,1984.0000,1984.0000,1984.0000,1984.0000,1984.0000,1984.0000,1984.0000,1984.0000
2024-10-13 16:57:12, , , ,62.9000,1984.0000,1984.0000,1984.0000,1984.0000,1984.0000,1984.0000,1984.0000,1984.0000,1984.0000,1984.0000,1984.0000,1984.0000,1984.0000,1984.0000
2024-10-13 16:57:12, , , ,62.9000,1984.0000,1984.0000,1984.0000,1984.0000,1984.0000,1984.0000,1984.0000,1984.0000,1984.0000,1984.0000,1984.0000,1984.0000,1984.0000,1984.0000
2024-10-13 16:57:13, , , ,62.8000,1984.0000,1984.0000,1984.0000,1984.0000,1984.0000,1984.0000,1984.0000,1984.0000,1984.0000,1984.0000,1984.0000,1984.0000,1984.0000,1984.0000
2024-10-13 16:57:13, , , ,62.8000,1984.0000,1984.0000,1984.0000,1984.0000,1984.0000,1984.0000,1984.0000,1984.0000,1984.0000,1984.0000,1984.0000,1984.0000,1984.0000,1984.0000
2024-10-13 16:57:13, , , ,62.7000,1984.0000,1984.0000,1984.0000,1984.0000,1984.0000,1984.0000,1984.0000,1984.0000,1984.0000,1984.0000,1984.0000,1984.0000,1984.0000,1984.0000
2024-10-13 16:57:13, , , ,62.7000,1984.0000,1984.0000,1984.0000,1984.0000,1984.0000,1984.0000,1984.0000,1984.0000,1984.0000,1984.0000,1984.0000,1984.0000,1984.0000,1984.0000
2024-10-13 16:57:14, , , ,62.6000,1984.0000,1984.0000,1984.0000,1984.0000,1984.0000,1984.0000,1984.0000,1984.0000,1984.0000,1984.0000,1984.0000,1984.0000,1984.0000,1984.0000
2024-10-13 16:57:14, , , ,62.6000,1984.0000,1984.0000,1984.0000,1984.0000,1984.0000,1984.0000,1984.0000,1984.0000,1984.0000,1984.0000,1984.0000,1984.0000,1984.0000,1984.0000
2024-10-13 16:57:14, , , ,62.4000,1984.0000,1984.0000,1984.0000,1984.0000,1984.0000,1984.0000,1984.0000,1984.0000,1984.0000,1984.0000,1984.0000,1984.0000,1984.0000,1984.0000
2024-10-13 16:57:14, , , ,62.4000,1984.0000,1984.0000,1984.0000,1984.0000,1984.0000,1984.0000,1984.0000,1984.0000,1984.0000,1984.0000,1984.0000,1984.0000,1984.0000,1984.0000
2024-10-13 16:57:14, , , ,62.4000,1984.0000,1984.0000,1984.0000,1984.0000,1984.0000,1984.0000,1984.0000,1984.0000,1984.0000,1984.0000,1984.0000,1984.0000,1984.0000,1984.0000
2024-10-13 16:57:15, , , ,62.2000,1984.0000,1984.0000,1984.0000,1984.0000,1984.0000,1984.0000,1984.0000,1984.0000,1984.0000,1984.0000,1984.0000,1984.0000,1984.0000,1984.0000
2024-10-13 16:57:15, , , ,62.2000,1984.0000,1984.0000,1984.0000,1984.0000,1984.0000,1984.0000,1984.0000,1984.0000,1984.0000,1984.0000,1984.0000,1984.0000,1984.0000,1984.0000
2024-10-13 16:57:15, , , ,62.2000,1984.0000,1984.0000,1984.0000,1984.0000,1984.0000,1984.0000,1984.0000,1984.0000,1984.0000,1984.0000,1984.0000,1984.0000,1984.0000,1984.0000
2024-10-13 16:57:15, , , ,62.2000,1984.0000,1984.0000,1984.0000,1984.0000,1984.0000,1984.0000,1984.0000,1984.0000,1984.0000,1984.0000,1984.0000,1984.0000,1984.0000,1984.0000
2024-10-13 16:57:15, , , ,62.2000,1984.0000,1984.0000,1984.0000,1984.0000,1984.0000,1984.0000,1984.0000,1984.0000,1984.0000,1984.0000,1984.0000,1984.0000,1984.0000,1984.0000
2024-10-13 16:57:15, , , ,62.2000,1984.0000,1984.0000,1984.0000,1984.0000,1984.0000,1984.0000,1984.0000,1984.0000,1984.0000,1984.0000,1984.0000,1984.0000,1984.0000,1984.0000
2024-10-13 16:57:16, , , ,62.0000,1984.0000,1984.0000,1984.0000,1984.0000,1984.0000,1984.0000,1984.0000,1984.0000,1984.0000,1984.0000,1984.0000,1984.0000,1984.0000,1984.0000
2024-10-13 16:57:16, , , ,62.0000,1984.0000,1984.0000,1984.0000,1984.0000,1984.0000,1984.0000,1984.0000,1984.0000,1984.0000,1984.0000,1984.0000,1984.0000,1984.0000,1984.0000
2024-10-13 16:57:16, , , ,61.8000,1984.0000,1984.0000,1984.0000,1984.0000,1984.0000,1984.0000,1984.0000,1984.0000,1984.0000,1984.0000,1984.0000,1984.0000,1984.0000,1984.0000
2024-10-13 16:57:16, , , ,61.8000,1984.0000,1984.0000,1984.0000,1984.0000,1984.0000,1984.0000,1984.0000,1984.0000,1984.0000,1984.0000,1984.0000,1984.0000,1984.0000,1984.0000
2024-10-13 16:57:16, , , ,61.8000,1984.0000,1984.0000,1984.0000,1984.0000,1984.0000,1984.0000,1984.0000,1984.0000,1984.0000,1984.0000,1984.0000,1984.0000,1984.0000,1984.0000
2024-10-13 16:57:16, , , ,61.8000,1984.0000,1984.0000,1984.0000,1984.0000,1984.0000,1984.0000,1984.0000,1984.0000,1984.0000,1984.0000,1984.0000,1984.0000,1984.0000,1984.0000
2024-10-13 16:57:17, , , ,61.7000,1984.0000,1984.0000,1984.0000,1984.0000,1984.0000,1984.0000,1984.0000,1984.0000,1984.0000,1984.0000,1984.0000,1984.0000,1984.0000,1984.0000
2024-10-13 16:57:17, , , ,61.7000,1984.0000,1984.0000,1984.0000,1984.0000,1984.0000,1984.0000,1984.0000,1984.0000,1984.0000,1984.0000,1984.0000,1984.0000,1984.0000,1984.0000
2024-10-13 16:57:17, , , ,61.6000,1984.0000,1984.0000,1984.0000,1984.0000,1984.0000,1984.0000,1984.0000,1984.0000,1984.0000,1984.0000,1984.0000,1984.0000,1984.0000,1984.0000
2024-10-13 16:57:17, , , ,61.6000,1984.0000,1984.0000,1984.0000,1984.0000,1984.0000,1984.0000,1984.0000,1984.0000,1984.0000,1984.0000,1984.0000,1984.0000,1984.0000,1984.0000
2024-10-13 16:57:17, , , ,61.6000,1984.0000,1984.0000,1984.0000,1984.0000,1984.0000,1984.0000,1984.0000,1984.0000,1984.0000,1984.0000,1984.0000,1984.0000,1984.0000,1984.0000
2024-10-13 16:57:17, , , ,61.4000,1984.0000,1984.0000,1984.0000,1984.0000,1984.0000,1984.0000,1984.0000,1984.0000,1984.0000,1984.0000,1984.0000,1984.0000,1984.0000,1984.0000
2024-10-13 16:57:17, , , ,61.4000,1984.0000,1984.0000,1984.0000,1984.0000,1984.0000,1984.0000,1984.0000,1984.0000,1984.0000,1984.0000,1984.0000,1984.0000,1984.0000,1984.0000
2024-10-13 16:57:18, , , ,61.4000,1984.0000,1984.0000,1984.0000,1984.0000,1984.0000,1984.0000,1984.0000,1984.0000,1984.0000,1984.0000,1984.0000,1984.0000,1984.0000,1984.0000
2024-10-13 16:57:18, , , ,61.3000,1984.0000,1984.0000,1984.0000,1984.0000,1984.0000,1984.0000,1984.0000,1984.0000,1984.0000,1984.0000,1984.0000,1984.0000,1984.0000,1984.0000
2024-10-13 16:57:18, , , ,61.3000,1984.0000,1984.0000,1984.0000,1984.0000,1984.0000,1984.0000,1984.0000,1984.0000,1984.0000,1984.0000,1984.0000,1984.0000,1984.0000,1984.0000
2024-10-13 16:57:18, , , ,61.3000,1984.0000,1984.0000,1984.0000,1984.0000,1984.0000,1984.0000,1984.0000,1984.0000,1984.0000,1984.0000,1984.0000,1984.0000,1984.0000,1984.0000
2024-10-13 16:57:18, , , ,61.2000,1984.0000,1984.0000,1984.0000,1984.0000,1984.0000,1984.0000,1984.0000,1984.0000,1984.0000,1984.0000,1984.0000,1984.0000,1984.0000,1984.0000
2024-10-13 16:57:18, , , ,61.2000,1984.0000,1984.0000,1984.0000,1984.0000,1984.0000,1984.0000,1984.0000,1984.0000,1984.0000,1984.0000,1984.0000,1984.0000,1984.0000,1984.0000
2024-10-13 16:57:19, , , ,61.2000,1984.0000,1984.0000,1984.0000,1984.0000,1984.0000,1984.0000,1984.0000,1984.0000,1984.0000,1984.0000,1984.0000,1984.0000,1984.0000,1984.0000
2024-10-13 16:57:19, , , ,61.0000,1984.0000,1984.0000,1984.0000,1984.0000,1984.0000,1984.0000,1984.0000,1984.0000,1984.0000,1984.0000,1984.0000,1984.0000,1984.0000,1984.0000
2024-10-13 16:57:19, , , ,61.0000,1984.0000,1984.0000,1984.0000,1984.0000,1984.0000,1984.0000,1984.0000,1984.0000,1984.0000,1984.0000,1984.0000,1984.0000,1984.0000,1984.0000
2024-10-13 16:57:19, , , ,61.0000,1984.0000,1984.0000,1984.0000,1984.0000,1984.0000,1984.0000,1984.0000,1984.0000,1984.0000,1984.0000,1984.0000,1984.0000,1984.0000,1984.0000
2024-10-13 16:57:19, , , ,61.0000,1984.0000,1984.0000,1984.0000,1984.0000,1984.0000,1984.0000,1984.0000,1984.0000,1984.0000,1984.0000,1984.0000,1984.0000,1984.0000,1984.0000
2024-10-13 16:57:19, , , ,60.9000,1984.0000,1984.0000,1984.0000,1984.0000,1984.0000,1984.0000,1984.0000,1984.0000,1984.0000,1984.0000,1984.0000,1984.0000,1984.0000,1984.0000
2024-10-13 16:57:19, , , ,60.7000,1984.0000,1984.0000,1984.0000,1984.0000,1984.0000,1984.0000,1984.0000,1984.0000,1984.0000,1984.0000,1984.0000,1984.0000,1984.0000,1984.0000
2024-10-13 16:57:20, , , ,60.7000,1984.0000,1984.0000,1984.0000,1984.0000,1984.0000,1984.0000,1984.0000,1984.0000,1984.0000,1984.0000,1984.0000,1984.0000,1984.0000,1984.0000
2024-10-13 16:57:20, , , ,60.7000,1984.0000,1984.0000,1984.0000,1984.0000,1984.0000,1984.0000,1984.0000,1984.0000,1984.0000,1984.0000,1984.0000,1984.0000,1984.0000,1984.0000
2024-10-13 16:57:20, , , ,60.7000,1984.0000,1984.0000,1984.0000,1984.0000,1984.0000,1984.0000,1984.0000,1984.0000,1984.0000,1984.0000,1984.0000,1984.0000,1984.0000,1984.0000
2024-10-13 16:57:20, , , ,60.6000,1984.0000,1984.0000,1984.0000,1984.0000,1984.0000,1984.0000,1984.0000,1984.0000,1984.0000,1984.0000,1984.0000,1984.0000,1984.0000,1984.0000
2024-10-13 16:57:20, , , ,60.6000,1984.0000,1984.0000,1984.0000,1984.0000,1984.0000,1984.0000,1984.0000,1984.0000,1984.0000,1984.0000,1984.0000,1984.0000,1984.0000,1984.0000
2024-10-13 16:57:20, , , ,60.4000,1984.0000,1984.0000,1984.0000,1984.0000,1984.0000,1984.0000,1984.0000,1984.0000,1984.0000,1984.0000,1984.0000,1984.0000,1984.0000,1984.0000
2024-10-13 16:57:21, , , ,60.4000,1984.0000,1984.0000,1984.0000,1984.0000,1984.0000,1984.0000,1984.0000,1984.0000,1984.0000,1984.0000,1984.0000,1984.0000,1984.0000,1984.0000
2024-10-13 16:57:21, , , ,60.3000,1984.0000,1984.0000,1984.0000,1984.0000,1984.0000,1984.0000,1984.0000,1984.0000,1984.0000,1984.0000,1984.0000,1984.0000,1984.0000,1984.0000
2024-10-13 16:57:21, , , ,60.3000,1984.0000,1984.0000,1984.0000,1984.0000,1984.0000,1984.0000,1984.0000,1984.0000,1984.0000,1984.0000,1984.0000,1984.0000,1984.0000,1984.0000
2024-10-13 16:57:21, , , ,60.2000,1984.0000,1984.0000,1984.0000,1984.0000,1984.0000,1984.0000,1984.0000,1984.0000,1984.0000,1984.0000,1984.0000,1984.0000,1984.0000,1984.0000
2024-10-13 16:57:21, , , ,60.2000,1984.0000,1984.0000,1984.0000,1984.0000,1984.0000,1984.0000,1984.0000,1984.0000,1984.0000,1984.0000,1984.0000,1984.0000,1984.0000,1984.0000
2024-10-13 16:57:21, , , ,60.1000,1984.0000,1984.0000,1984.0000,1984.0000,1984.0000,1984.0000,1984.0000,1984.0000,1984.0000,1984.0000,1984.0000,1984.0000,1984.0000,1984.0000
2024-10-13 16:57:21, , , ,60.1000,1984.0000,1984.0000,1984.0000,1984.0000,1984.0000,1984.0000,1984.0000,1984.0000,1984.0000,1984.0000,1984.0000,1984.0000,1984.0000,1984.0000
2024-10-13 16:57:22, , , ,60.1000,1984.0000,1984.0000,1984.0000,1984.0000,1984.0000,1984.0000,1984.0000,1984.0000,1984.0000,1984.0000,1984.0000,1984.0000,1984.0000,1984.0000
2024-10-13 16:57:22, , , ,60.1000,1984.0000,1984.0000,1984.0000,1984.0000,1984.0000,1984.0000,1984.0000,1984.0000,1984.0000,1984.0000,1984.0000,1984.0000,1984.0000,1984.0000
2024-10-13 16:57:22, , , ,60.1000,1984.0000,1984.0000,1984.0000,1984.0000,1984.0000,1984.0000,1984.0000,1984.0000,1984.0000,1984.0000,1984.0000,1984.0000,1984.0000,1984.0000
2024-10-13 16:57:22, , , ,60.1000,1984.0000,1984.0000,1984.0000,1984.0000,1984.0000,1984.0000,1984.0000,1984.0000,1984.0000,1984.0000,1984.0000,1984.0000,1984.0000,1984.0000
2024-10-13 16:57:22, , , ,59.9000,1984.0000,1984.0000,1984.0000,1984.0000,1984.0000,1984.0000,1984.0000,1984.0000,1984.0000,1984.0000,1984.0000,1984.0000,1984.0000,1984.0000
2024-10-13 16:57:22, , , ,59.9000,1984.0000,1984.0000,1984.0000,1984.0000,1984.0000,1984.0000,1984.0000,1984.0000,1984.0000,1984.0000,1984.0000,1984.0000,1984.0000,1984.0000
2024-10-13 16:57:23, , , ,59.9000,1984.0000,1984.0000,1984.0000,1984.0000,1984.0000,1984.0000,1984.0000,1984.0000,1984.0000,1984.0000,1984.0000,1984.0000,1984.0000,1984.0000
2024-10-13 16:57:23, , , ,59.7000,1984.0000,1984.0000,1984.0000,1984.0000,1984.0000,1984.0000,1984.0000,1984.0000,1984.0000,1984.0000,1984.0000,1984.0000,1984.0000,1984.0000
2024-10-13 16:57:23, , , ,59.7000,1984.0000,1984.0000,1984.0000,1984.0000,1984.0000,1984.0000,1984.0000,1984.0000,1984.0000,1984.0000,1984.0000,1984.0000,1984.0000,1984.0000
2024-10-13 16:57:23, , , ,59.7000,1984.0000,1984.0000,1984.0000,1984.0000,1984.0000,1984.0000,1984.0000,1984.0000,1984.0000,1984.0000,1984.0000,1984.0000,1984.0000,1984.0000
2024-10-13 16:57:23, , , ,59.7000,1984.0000,1984.0000,1984.0000,1984.0000,1984.0000,1984.0000,1984.0000,1984.0000,1984.0000,1984.0000,1984.0000,1984.0000,1984.0000,1984.0000
2024-10-13 16:57:23, , , ,59.6000,1984.0000,1984.0000,1984.0000,1984.0000,1984.0000,1984.0000,1984.0000,1984.0000,1984.0000,1984.0000,1984.0000,1984.0000,1984.0000,1984.0000
2024-10-13 16:57:23, , , ,59.6000,1984.0000,1984.0000,1984.0000,1984.0000,1984.0000,1984.0000,1984.0000,1984.0000,1984.0000,1984.0000,1984.0000,1984.0000,1984.0000,1984.0000
2024-10-13 16:57:24, , , ,59.4000,1984.0000,1984.0000,1984.0000,1984.0000,1984.0000,1984.0000,1984.0000,1984.0000,1984.0000,1984.0000,1984.0000,1984.0000,1984.0000,1984.0000
2024-10-13 16:57:24, , , ,59.4000,1984.0000,1984.0000,1984.0000,1984.0000,1984.0000,1984.0000,1984.0000,1984.0000,1984.0000,1984.0000,1984.0000,1984.0000,1984.0000,1984.0000
2024-10-13 16:57:24, , , ,59.4000,1984.0000,1984.0000,1984.0000,1984.0000,1984.0000,1984.0000,1984.0000,1984.0000,1984.0000,1984.0000,1984.0000,1984.0000,1984.0000,1984.0000
2024-10-13 16:57:24, , , ,59.3000,1984.0000,1984.0000,1984.0000,1984.0000,1984.0000,1984.0000,1984.0000,1984.0000,1984.0000,1984.0000,1984.0000,1984.0000,1984.0000,1984.0000
2024-10-13 16:57:24, , , ,59.3000,1984.0000,1984.0000,1984.0000,1984.0000,1984.0000,1984.0000,1984.0000,1984.0000,1984.0000,1984.0000,1984.0000,1984.0000,1984.0000,1984.0000
2024-10-13 16:57:24, , , ,59.3000,1984.0000,1984.0000,1984.0000,1984.0000,1984.0000,1984.0000,1984.0000,1984.0000,1984.0000,1984.0000,1984.0000,1984.0000,1984.0000,1984.0000
2024-10-13 16:57:25, , , ,59.1000,1984.0000,1984.0000,1984.0000,1984.0000,1984.0000,1984.0000,1984.0000,1984.0000,1984.0000,1984.0000,1984.0000,1984.0000,1984.0000,1984.0000
2024-10-13 16:57:25, , , ,59.1000,1984.0000,1984.0000,1984.0000,1984.0000,1984.0000,1984.0000,1984.0000,1984.0000,1984.0000,1984.0000,1984.0000,1984.0000,1984.0000,1984.0000
2024-10-13 16:57:25, , , ,59.0000,1984.0000,1984.0000,1984.0000,1984.0000,1984.0000,1984.0000,1984.0000,1984.0000,1984.0000,1984.0000,1984.0000,1984.0000,1984.0000,1984.0000
2024-10-13 16:57:25, , , ,59.0000,1984.0000,1984.0000,1984.0000,1984.0000,1984.0000,1984.0000,1984.0000,1984.0000,1984.0000,1984.0000,1984.0000,1984.0000,1984.0000,1984.0000
2024-10-13 16:57:25, , , ,59.0000,1984.0000,1984.0000,1984.0000,1984.0000,1984.0000,1984.0000,1984.0000,1984.0000,1984.0000,1984.0000,1984.0000,1984.0000,1984.0000,1984.0000
2024-10-13 16:57:25, , , ,59.0000,1984.0000,1984.0000,1984.0000,1984.0000,1984.0000,1984.0000,1984.0000,1984.0000,1984.0000,1984.0000,1984.0000,1984.0000,1984.0000,1984.0000
2024-10-13 16:57:26, , , ,59.0000,1984.0000,1984.0000,1984.0000,1984.0000,1984.0000,1984.0000,1984.0000,1984.0000,1984.0000,1984.0000,1984.0000,1984.0000,1984.0000,1984.0000
2024-10-13 16:57:26, , , ,59.0000,1984.0000,1984.0000,1984.0000,1984.0000,1984.0000,1984.0000,1984.0000,1984.0000,1984.0000,1984.0000,1984.0000,1984.0000,1984.0000,1984.0000
2024-10-13 16:57:26, , , ,59.0000,1984.0000,1984.0000,1984.0000,1984.0000,1984.0000,1984.0000,1984.0000,1984.0000,1984.0000,1984.0000,1984.0000,1984.0000,1984.0000,1984.0000
2024-10-13 16:57:26, , , ,59.0000,1984.0000,1984.0000,1984.0000,1984.0000,1984.0000,1984.0000,1984.0000,1984.0000,1984.0000,1984.0000,1984.0000,1984.0000,1984.0000,1984.0000
2024-10-13 16:57:26, , , ,59.0000,1984.0000,1984.0000,1984.0000,1984.0000,1984.0000,1984.0000,1984.0000,1984.0000,1984.0000,1984.0000,1984.0000,1984.0000,1984.0000,1984.0000
2024-10-13 16:57:26, , , ,59.0000,1984.0000,1984.0000,1984.0000,1984.0000,1984.0000,1984.0000,1984.0000,1984.0000,1984.0000,1984.0000,1984.0000,1984.0000,1984.0000,1984.0000
2024-10-13 16:57:26, , , ,59.0000,1984.0000,1984.0000,1984.0000,1984.0000,1984.0000,1984.0000,1984.0000,1984.0000,1984.0000,1984.0000,1984.0000,1984.0000,1984.0000,1984.0000
2024-10-13 16:57:27, , , ,59.0000,1984.0000,1984.0000,1984.0000,1984.0000,1984.0000,1984.0000,1984.0000,1984.0000,1984.0000,1984.0000,1984.0000,1984.0000,1984.0000,1984.0000
2024-10-13 16:57:27, , , ,58.9000,1984.0000,1984.0000,1984.0000,1984.0000,1984.0000,1984.0000,1984.0000,1984.0000,1984.0000,1984.0000,1984.0000,1984.0000,1984.0000,1984.0000
2024-10-13 16:57:27, , , ,58.9000,1984.0000,1984.0000,1984.0000,1984.0000,1984.0000,1984.0000,1984.0000,1984.0000,1984.0000,1984.0000,1984.0000,1984.0000,1984.0000,1984.0000
2024-10-13 16:57:27, , , ,58.8000,1984.0000,1984.0000,1984.0000,1984.0000,1984.0000,1984.0000,1984.0000,1984.0000,1984.0000,1984.0000,1984.0000,1984.0000,1984.0000,1984.0000
2024-10-13 16:57:27, , , ,58.8000,1984.0000,1984.0000,1984.0000,1984.0000,1984.0000,1984.0000,1984.0000,1984.0000,1984.0000,1984.0000,1984.0000,1984.0000,1984.0000,1984.0000
2024-10-13 16:57:27, , , ,58.8000,1984.0000,1984.0000,1984.0000,1984.0000,1984.0000,1984.0000,1984.0000,1984.0000,1984.0000,1984.0000,1984.0000,1984.0000,1984.0000,1984.0000
2024-10-13 16:57:28, , , ,58.7000,1984.0000,1984.0000,1984.0000,1984.0000,1984.0000,1984.0000,1984.0000,1984.0000,1984.0000,1984.0000,1984.0000,1984.0000,1984.0000,1984.0000
2024-10-13 16:57:28, , , ,58.7000,1984.0000,1984.0000,1984.0000,1984.0000,1984.0000,1984.0000,1984.0000,1984.0000,1984.0000,1984.0000,1984.0000,1984.0000,1984.0000,1984.0000
2024-10-13 16:57:28, , , ,58.6000,1984.0000,1984.0000,1984.0000,1984.0000,1984.0000,1984.0000,1984.0000,1984.0000,1984.0000,1984.0000,1984.0000,1984.0000,1984.0000,1984.0000
2024-10-13 16:57:28, , , ,58.6000,1984.0000,1984.0000,1984.0000,1984.0000,1984.0000,1984.0000,1984.0000,1984.0000,1984.0000,1984.0000,1984.0000,1984.0000,1984.0000,1984.0000
2024-10-13 16:57:28, , , ,58.6000,1984.0000,1984.0000,1984.0000,1984.0000,1984.0000,1984.0000,1984.0000,1984.0000,1984.0000,1984.0000,1984.0000,1984.0000,1984.0000,1984.0000
2024-10-13 16:57:28, , , ,58.5000,1984.0000,1984.0000,1984.0000,1984.0000,1984.0000,1984.0000,1984.0000,1984.0000,1984.0000,1984.0000,1984.0000,1984.0000,1984.0000,1984.0000
2024-10-13 16:57:28, , , ,58.5000,1984.0000,1984.0000,1984.0000,1984.0000,1984.0000,1984.0000,1984.0000,1984.0000,1984.0000,1984.0000,1984.0000,1984.0000,1984.0000,1984.0000
2024-10-13 16:57:29, , , ,58.5000,1984.0000,1984.0000,1984.0000,1984.0000,1984.0000,1984.0000,1984.0000,1984.0000,1984.0000,1984.0000,1984.0000,1984.0000,1984.0000,1984.0000
2024-10-13 16:57:29, , , ,58.4000,1984.0000,1984.0000,1984.0000,1984.0000,1984.0000,1984.0000,1984.0000,1984.0000,1984.0000,1984.0000,1984.0000,1984.0000,1984.0000,1984.0000
2024-10-13 16:57:29, , , ,58.4000,1984.0000,1984.0000,1984.0000,1984.0000,1984.0000,1984.0000,1984.0000,1984.0000,1984.0000,1984.0000,1984.0000,1984.0000,1984.0000,1984.0000
2024-10-13 16:57:29, , , ,58.4000,1984.0000,1984.0000,1984.0000,1984.0000,1984.0000,1984.0000,1984.0000,1984.0000,1984.0000,1984.0000,1984.0000,1984.0000,1984.0000,1984.0000
2024-10-13 16:57:29, , , ,58.2000,1984.0000,1984.0000,1984.0000,1984.0000,1984.0000,1984.0000,1984.0000,1984.0000,1984.0000,1984.0000,1984.0000,1984.0000,1984.0000,1984.0000
2024-10-13 16:57:29, , , ,58.2000,1984.0000,1984.0000,1984.0000,1984.0000,1984.0000,1984.0000,1984.0000,1984.0000,1984.0000,1984.0000,1984.0000,1984.0000,1984.0000,1984.0000
2024-10-13 16:57:30, , , ,58.2000,1984.0000,1984.0000,1984.0000,1984.0000,1984.0000,1984.0000,1984.0000,1984.0000,1984.0000,1984.0000,1984.0000,1984.0000,1984.0000,1984.0000
2024-10-13 16:57:30, , , ,58.2000,1984.0000,1984.0000,1984.0000,1984.0000,1984.0000,1984.0000,1984.0000,1984.0000,1984.0000,1984.0000,1984.0000,1984.0000,1984.0000,1984.0000
2024-10-13 16:57:30, , , ,58.2000,1984.0000,1984.0000,1984.0000,1984.0000,1984.0000,1984.0000,1984.0000,1984.0000,1984.0000,1984.0000,1984.0000,1984.0000,1984.0000,1984.0000
2024-10-13 16:57:30, , , ,58.1000,1984.0000,1984.0000,1984.0000,1984.0000,1984.0000,1984.0000,1984.0000,1984.0000,1984.0000,1984.0000,1984.0000,1984.0000,1984.0000,1984.0000
2024-10-13 16:57:30, , , ,58.1000,1984.0000,1984.0000,1984.0000,1984.0000,1984.0000,1984.0000,1984.0000,1984.0000,1984.0000,1984.0000,1984.0000,1984.0000,1984.0000,1984.0000
2024-10-13 16:57:30, , , ,58.0000,1984.0000,1984.0000,1984.0000,1984.0000,1984.0000,1984.0000,1984.0000,1984.0000,1984.0000,1984.0000,1984.0000,1984.0000,1984.0000,1984.0000
2024-10-13 16:57:31, , , ,58.0000,1984.0000,1984.0000,1984.0000,1984.0000,1984.0000,1984.0000,1984.0000,1984.0000,1984.0000,1984.0000,1984.0000,1984.0000,1984.0000,1984.0000
2024-10-13 16:57:31, , , ,57.9000,1984.0000,1984.0000,1984.0000,1984.0000,1984.0000,1984.0000,1984.0000,1984.0000,1984.0000,1984.0000,1984.0000,1984.0000,1984.0000,1984.0000
2024-10-13 16:57:31, , , ,57.9000,1984.0000,1984.0000,1984.0000,1984.0000,1984.0000,1984.0000,1984.0000,1984.0000,1984.0000,1984.0000,1984.0000,1984.0000,1984.0000,1984.0000
2024-10-13 16:57:31, , , ,57.9000,1984.0000,1984.0000,1984.0000,1984.0000,1984.0000,1984.0000,1984.0000,1984.0000,1984.0000,1984.0000,1984.0000,1984.0000,1984.0000,1984.0000
2024-10-13 16:57:31, , , ,57.9000,1984.0000,1984.0000,1984.0000,1984.0000,1984.0000,1984.0000,1984.0000,1984.0000,1984.0000,1984.0000,1984.0000,1984.0000,1984.0000,1984.0000
2024-10-13 16:57:31, , , ,57.9000,1984.0000,1984.0000,1984.0000,1984.0000,1984.0000,1984.0000,1984.0000,1984.0000,1984.0000,1984.0000,1984.0000,1984.0000,1984.0000,1984.0000
2024-10-13 16:57:31, , , ,57.9000,1984.0000,1984.0000,1984.0000,1984.0000,1984.0000,1984.0000,1984.0000,1984.0000,1984.0000,1984.0000,1984.0000,1984.0000,1984.0000,1984.0000
2024-10-13 16:57:32, , , ,57.8000,1984.0000,1984.0000,1984.0000,1984.0000,1984.0000,1984.0000,1984.0000,1984.0000,1984.0000,1984.0000,1984.0000,1984.0000,1984.0000,1984.0000
2024-10-13 16:57:32, , , ,57.8000,1984.0000,1984.0000,1984.0000,1984.0000,1984.0000,1984.0000,1984.0000,1984.0000,1984.0000,1984.0000,1984.0000,1984.0000,1984.0000,1984.0000
2024-10-13 16:57:32, , , ,57.7000,1984.0000,1984.0000,1984.0000,1984.0000,1984.0000,1984.0000,1984.0000,1984.0000,1984.0000,1984.0000,1984.0000,1984.0000,1984.0000,1984.0000
2024-10-13 16:57:32, , , ,57.7000,1984.0000,1984.0000,1984.0000,1984.0000,1984.0000,1984.0000,1984.0000,1984.0000,1984.0000,1984.0000,1984.0000,1984.0000,1984.0000,1984.0000
2024-10-13 16:57:32, , , ,57.7000,1984.0000,1984.0000,1984.0000,1984.0000,1984.0000,1984.0000,1984.0000,1984.0000,1984.0000,1984.0000,1984.0000,1984.0000,1984.0000,1984.0000
2024-10-13 16:57:32, , , ,57.5000,1984.0000,1984.0000,1984.0000,1984.0000,1984.0000,1984.0000,1984.0000,1984.0000,1984.0000,1984.0000,1984.0000,1984.0000,1984.0000,1984.0000
2024-10-13 16:57:33, , , ,57.5000,1984.0000,1984.0000,1984.0000,1984.0000,1984.0000,1984.0000,1984.0000,1984.0000,1984.0000,1984.0000,1984.0000,1984.0000,1984.0000,1984.0000
2024-10-13 16:57:33, , , ,57.5000,1984.0000,1984.0000,1984.0000,1984.0000,1984.0000,1984.0000,1984.0000,1984.0000,1984.0000,1984.0000,1984.0000,1984.0000,1984.0000,1984.0000
2024-10-13 16:57:33, , , ,57.5000,1984.0000,1984.0000,1984.0000,1984.0000,1984.0000,1984.0000,1984.0000,1984.0000,1984.0000,1984.0000,1984.0000,1984.0000,1984.0000,1984.0000
2024-10-13 16:57:33, , , ,57.5000,1984.0000,1984.0000,1984.0000,1984.0000,1984.0000,1984.0000,1984.0000,1984.0000,1984.0000,1984.0000,1984.0000,1984.0000,1984.0000,1984.0000
2024-10-13 16:57:33, , , ,57.5000,1984.0000,1984.0000,1984.0000,1984.0000,1984.0000,1984.0000,1984.0000,1984.0000,1984.0000,1984.0000,1984.0000,1984.0000,1984.0000,1984.0000
2024-10-13 16:57:33, , , ,57.4000,1984.0000,1984.0000,1984.0000,1984.0000,1984.0000,1984.0000,1984.0000,1984.0000,1984.0000,1984.0000,1984.0000,1984.0000,1984.0000,1984.0000
2024-10-13 16:57:34, , , ,57.4000,1984.0000,1984.0000,1984.0000,1984.0000,1984.0000,1984.0000,1984.0000,1984.0000,1984.0000,1984.0000,1984.0000,1984.0000,1984.0000,1984.0000
2024-10-13 16:57:34, , , ,57.2000,1984.0000,1984.0000,1984.0000,1984.0000,1984.0000,1984.0000,1984.0000,1984.0000,1984.0000,1984.0000,1984.0000,1984.0000,1984.0000,1984.0000
2024-10-13 16:57:34, , , ,57.2000,1984.0000,1984.0000,1984.0000,1984.0000,1984.0000,1984.0000,1984.0000,1984.0000,1984.0000,1984.0000,1984.0000,1984.0000,1984.0000,1984.0000
2024-10-13 16:57:34, , , ,57.2000,1984.0000,1984.0000,1984.0000,1984.0000,1984.0000,1984.0000,1984.0000,1984.0000,1984.0000,1984.0000,1984.0000,1984.0000,1984.0000,1984.0000
2024-10-13 16:57:34, , , ,57.2000,1984.0000,1984.0000,1984.0000,1984.0000,1984.0000,1984.0000,1984.0000,1984.0000,1984.0000,1984.0000,1984.0000,1984.0000,1984.0000,1984.0000
2024-10-13 16:57:34, , , ,57.1000,1984.0000,1984.0000,1984.0000,1984.0000,1984.0000,1984.0000,1984.0000,1984.0000,1984.0000,1984.0000,1984.0000,1984.0000,1984.0000,1984.0000
2024-10-13 16:57:34, , , ,57.1000,1984.0000,1984.0000,1984.0000,1984.0000,1984.0000,1984.0000,1984.0000,1984.0000,1984.0000,1984.0000,1984.0000,1984.0000,1984.0000,1984.0000
2024-10-13 16:57:35, , , ,57.1000,1984.0000,1984.0000,1984.0000,1984.0000,1984.0000,1984.0000,1984.0000,1984.0000,1984.0000,1984.0000,1984.0000,1984.0000,1984.0000,1984.0000
2024-10-13 16:57:35, , , ,57.1000,1984.0000,1984.0000,1984.0000,1984.0000,1984.0000,1984.0000,1984.0000,1984.0000,1984.0000,1984.0000,1984.0000,1984.0000,1984.0000,1984.0000
2024-10-13 16:57:35, , , ,57.1000,1984.0000,1984.0000,1984.0000,1984.0000,1984.0000,1984.0000,1984.0000,1984.0000,1984.0000,1984.0000,1984.0000,1984.0000,1984.0000,1984.0000
2024-10-13 16:57:35, , , ,57.1000,1984.0000,1984.0000,1984.0000,1984.0000,1984.0000,1984.0000,1984.0000,1984.0000,1984.0000,1984.0000,1984.0000,1984.0000,1984.0000,1984.0000
2024-10-13 16:57:35, , , ,57.1000,1984.0000,1984.0000,1984.0000,1984.0000,1984.0000,1984.0000,1984.0000,1984.0000,1984.0000,1984.0000,1984.0000,1984.0000,1984.0000,1984.0000
2024-10-13 16:57:35, , , ,57.1000,1984.0000,1984.0000,1984.0000,1984.0000,1984.0000,1984.0000,1984.0000,1984.0000,1984.0000,1984.0000,1984.0000,1984.0000,1984.0000,1984.0000
2024-10-13 16:57:36, , , ,57.0000,1984.0000,1984.0000,1984.0000,1984.0000,1984.0000,1984.0000,1984.0000,1984.0000,1984.0000,1984.0000,1984.0000,1984.0000,1984.0000,1984.0000
2024-10-13 16:57:36, , , ,57.0000,1984.0000,1984.0000,1984.0000,1984.0000,1984.0000,1984.0000,1984.0000,1984.0000,1984.0000,1984.0000,1984.0000,1984.0000,1984.0000,1984.0000
2024-10-13 16:57:36, , , ,56.9000,1984.0000,1984.0000,1984.0000,1984.0000,1984.0000,1984.0000,1984.0000,1984.0000,1984.0000,1984.0000,1984.0000,1984.0000,1984.0000,1984.0000
2024-10-13 16:57:36, , , ,56.9000,1984.0000,1984.0000,1984.0000,1984.0000,1984.0000,1984.0000,1984.0000,1984.0000,1984.0000,1984.0000,1984.0000,1984.0000,1984.0000,1984.0000
2024-10-13 16:57:36, , , ,56.9000,1984.0000,1984.0000,1984.0000,1984.0000,1984.0000,1984.0000,1984.0000,1984.0000,1984.0000,1984.0000,1984.0000,1984.0000,1984.0000,1984.0000
2024-10-13 16:57:36, , , ,56.9000,1984.0000,1984.0000,1984.0000,1984.0000,1984.0000,1984.0000,1984.0000,1984.0000,1984.0000,1984.0000,1984.0000,1984.0000,1984.0000,1984.0000
2024-10-13 16:57:37, , , ,56.7000,1984.0000,1984.0000,1984.0000,1984.0000,1984.0000,1984.0000,1984.0000,1984.0000,1984.0000,1984.0000,1984.0000,1984.0000,1984.0000,1984.0000
2024-10-13 16:57:37, , , ,56.7000,1984.0000,1984.0000,1984.0000,1984.0000,1984.0000,1984.0000,1984.0000,1984.0000,1984.0000,1984.0000,1984.0000,1984.0000,1984.0000,1984.0000
2024-10-13 16:57:37, , , ,56.7000,1984.0000,1984.0000,1984.0000,1984.0000,1984.0000,1984.0000,1984.0000,1984.0000,1984.0000,1984.0000,1984.0000,1984.0000,1984.0000,1984.0000
2024-10-13 16:57:37, , , ,56.7000,1984.0000,1984.0000,1984.0000,1984.0000,1984.0000,1984.0000,1984.0000,1984.0000,1984.0000,1984.0000,1984.0000,1984.0000,1984.0000,1984.0000
2024-10-13 16:57:37, , , ,56.6000,1984.0000,1984.0000,1984.0000,1984.0000,1984.0000,1984.0000,1984.0000,1984.0000,1984.0000,1984.0000,1984.0000,1984.0000,1984.0000,1984.0000
2024-10-13 16:57:37, , , ,56.6000,1984.0000,1984.0000,1984.0000,1984.0000,1984.0000,1984.0000,1984.0000,1984.0000,1984.0000,1984.0000,1984.0000,1984.0000,1984.0000,1984.0000
2024-10-13 16:57:37, , , ,56.6000,1984.0000,1984.0000,1984.0000,1984.0000,1984.0000,1984.0000,1984.0000,1984.0000,1984.0000,1984.0000,1984.0000,1984.0000,1984.0000,1984.0000
2024-10-13 16:57:38, , , ,56.6000,1984.0000,1984.0000,1984.0000,1984.0000,1984.0000,1984.0000,1984.0000,1984.0000,1984.0000,1984.0000,1984.0000,1984.0000,1984.0000,1984.0000
2024-10-13 16:57:38, , , ,56.5000,1984.0000,1984.0000,1984.0000,1984.0000,1984.0000,1984.0000,1984.0000,1984.0000,1984.0000,1984.0000,1984.0000,1984.0000,1984.0000,1984.0000
2024-10-13 16:57:38, , , ,56.5000,1984.0000,1984.0000,1984.0000,1984.0000,1984.0000,1984.0000,1984.0000,1984.0000,1984.0000,1984.0000,1984.0000,1984.0000,1984.0000,1984.0000
2024-10-13 16:57:38, , , ,56.5000,1984.0000,1984.0000,1984.0000,1984.0000,1984.0000,1984.0000,1984.0000,1984.0000,1984.0000,1984.0000,1984.0000,1984.0000,1984.0000,1984.0000
2024-10-13 16:57:38, , , ,56.4000,1984.0000,1984.0000,1984.0000,1984.0000,1984.0000,1984.0000,1984.0000,1984.0000,1984.0000,1984.0000,1984.0000,1984.0000,1984.0000,1984.0000
2024-10-13 16:57:38, , , ,56.4000,1984.0000,1984.0000,1984.0000,1984.0000,1984.0000,1984.0000,1984.0000,1984.0000,1984.0000,1984.0000,1984.0000,1984.0000,1984.0000,1984.0000
2024-10-13 16:57:39, , , ,56.4000,1984.0000,1984.0000,1984.0000,1984.0000,1984.0000,1984.0000,1984.0000,1984.0000,1984.0000,1984.0000,1984.0000,1984.0000,1984.0000,1984.0000
2024-10-13 16:57:39, , , ,56.3000,1984.0000,1984.0000,1984.0000,1984.0000,1984.0000,1984.0000,1984.0000,1984.0000,1984.0000,1984.0000,1984.0000,1984.0000,1984.0000,1984.0000
2024-10-13 16:57:39, , , ,56.2000,1984.0000,1984.0000,1984.0000,1984.0000,1984.0000,1984.0000,1984.0000,1984.0000,1984.0000,1984.0000,1984.0000,1984.0000,1984.0000,1984.0000
2024-10-13 16:57:39, , , ,56.2000,1984.0000,1984.0000,1984.0000,1984.0000,1984.0000,1984.0000,1984.0000,1984.0000,1984.0000,1984.0000,1984.0000,1984.0000,1984.0000,1984.0000
2024-10-13 16:57:39, , , ,56.2000,1984.0000,1984.0000,1984.0000,1984.0000,1984.0000,1984.0000,1984.0000,1984.0000,1984.0000,1984.0000,1984.0000,1984.0000,1984.0000,1984.0000
2024-10-13 16:57:39, , , ,56.2000,1984.0000,1984.0000,1984.0000,1984.0000,1984.0000,1984.0000,1984.0000,1984.0000,1984.0000,1984.0000,1984.0000,1984.0000,1984.0000,1984.0000
2024-10-13 16:57:40, , , ,56.2000,1984.0000,1984.0000,1984.0000,1984.0000,1984.0000,1984.0000,1984.0000,1984.0000,1984.0000,1984.0000,1984.0000,1984.0000,1984.0000,1984.0000
2024-10-13 16:57:40, , , ,56.2000,1984.0000,1984.0000,1984.0000,1984.0000,1984.0000,1984.0000,1984.0000,1984.0000,1984.0000,1984.0000,1984.0000,1984.0000,1984.0000,1984.0000
2024-10-13 16:57:40, , , ,56.2000,1984.0000,1984.0000,1984.0000,1984.0000,1984.0000,1984.0000,1984.0000,1984.0000,1984.0000,1984.0000,1984.0000,1984.0000,1984.0000,1984.0000
2024-10-13 16:57:40, , , ,56.1000,1984.0000,1984.0000,1984.0000,1984.0000,1984.0000,1984.0000,1984.0000,1984.0000,1984.0000,1984.0000,1984.0000,1984.0000,1984.0000,1984.0000
2024-10-13 16:57:40, , , ,56.1000,1984.0000,1984.0000,1984.0000,1984.0000,1984.0000,1984.0000,1984.0000,1984.0000,1984.0000,1984.0000,1984.0000,1984.0000,1984.0000,1984.0000
2024-10-13 16:57:40, , , ,56.1000,1984.0000,1984.0000,1984.0000,1984.0000,1984.0000,1984.0000,1984.0000,1984.0000,1984.0000,1984.0000,1984.0000,1984.0000,1984.0000,1984.0000
2024-10-13 16:57:40, , , ,56.0000,1984.0000,1984.0000,1984.0000,1984.0000,1984.0000,1984.0000,1984.0000,1984.0000,1984.0000,1984.0000,1984.0000,1984.0000,1984.0000,1984.0000
2024-10-13 16:57:41, , , ,56.0000,1984.0000,1984.0000,1984.0000,1984.0000,1984.0000,1984.0000,1984.0000,1984.0000,1984.0000,1984.0000,1984.0000,1984.0000,1984.0000,1984.0000
2024-10-13 16:57:41, , , ,55.8000,1984.0000,1984.0000,1984.0000,1984.0000,1984.0000,1984.0000,1984.0000,1984.0000,1984.0000,1984.0000,1984.0000,1984.0000,1984.0000,1984.0000
2024-10-13 16:57:41, , , ,55.8000,1984.0000,1984.0000,1984.0000,1984.0000,1984.0000,1984.0000,1984.0000,1984.0000,1984.0000,1984.0000,1984.0000,1984.0000,1984.0000,1984.0000
2024-10-13 16:57:41, , , ,55.8000,1984.0000,1984.0000,1984.0000,1984.0000,1984.0000,1984.0000,1984.0000,1984.0000,1984.0000,1984.0000,1984.0000,1984.0000,1984.0000,1984.0000
2024-10-13 16:57:41, , , ,55.8000,1984.0000,1984.0000,1984.0000,1984.0000,1984.0000,1984.0000,1984.0000,1984.0000,1984.0000,1984.0000,1984.0000,1984.0000,1984.0000,1984.0000
2024-10-13 16:57:41, , , ,55.8000,1984.0000,1984.0000,1984.0000,1984.0000,1984.0000,1984.0000,1984.0000,1984.0000,1984.0000,1984.0000,1984.0000,1984.0000,1984.0000,1984.0000
2024-10-13 16:57:42, , , ,55.8000,1984.0000,1984.0000,1984.0000,1984.0000,1984.0000,1984.0000,1984.0000,1984.0000,1984.0000,1984.0000,1984.0000,1984.0000,1984.0000,1984.0000
2024-10-13 16:57:42, , , ,55.8000,1984.0000,1984.0000,1984.0000,1984.0000,1984.0000,1984.0000,1984.0000,1984.0000,1984.0000,1984.0000,1984.0000,1984.0000,1984.0000,1984.0000
2024-10-13 16:57:42, , , ,55.7000,1984.0000,1984.0000,1984.0000,1984.0000,1984.0000,1984.0000,1984.0000,1984.0000,1984.0000,1984.0000,1984.0000,1984.0000,1984.0000,1984.0000
2024-10-13 16:57:42, , , ,55.7000,1984.0000,1984.0000,1984.0000,1984.0000,1984.0000,1984.0000,1984.0000,1984.0000,1984.0000,1984.0000,1984.0000,1984.0000,1984.0000,1984.0000
2024-10-13 16:57:42, , , ,55.7000,1984.0000,1984.0000,1984.0000,1984.0000,1984.0000,1984.0000,1984.0000,1984.0000,1984.0000,1984.0000,1984.0000,1984.0000,1984.0000,1984.0000
2024-10-13 16:57:42, , , ,55.7000,1984.0000,1984.0000,1984.0000,1984.0000,1984.0000,1984.0000,1984.0000,1984.0000,1984.0000,1984.0000,1984.0000,1984.0000,1984.0000,1984.0000
2024-10-13 16:57:42, , , ,55.6000,1984.0000,1984.0000,1984.0000,1984.0000,1984.0000,1984.0000,1984.0000,1984.0000,1984.0000,1984.0000,1984.0000,1984.0000,1984.0000,1984.0000
2024-10-13 16:57:43, , , ,55.6000,1984.0000,1984.0000,1984.0000,1984.0000,1984.0000,1984.0000,1984.0000,1984.0000,1984.0000,1984.0000,1984.0000,1984.0000,1984.0000,1984.0000
2024-10-13 16:57:43, , , ,55.4000,1984.0000,1984.0000,1984.0000,1984.0000,1984.0000,1984.0000,1984.0000,1984.0000,1984.0000,1984.0000,1984.0000,1984.0000,1984.0000,1984.0000
2024-10-13 16:57:43, , , ,55.4000,1984.0000,1984.0000,1984.0000,1984.0000,1984.0000,1984.0000,1984.0000,1984.0000,1984.0000,1984.0000,1984.0000,1984.0000,1984.0000,1984.0000
2024-10-13 16:57:43, , , ,55.4000,1984.0000,1984.0000,1984.0000,1984.0000,1984.0000,1984.0000,1984.0000,1984.0000,1984.0000,1984.0000,1984.0000,1984.0000,1984.0000,1984.0000
2024-10-13 16:57:43, , , ,55.4000,1984.0000,1984.0000,1984.0000,1984.0000,1984.0000,1984.0000,1984.0000,1984.0000,1984.0000,1984.0000,1984.0000,1984.0000,1984.0000,1984.0000
2024-10-13 16:57:43, , , ,55.4000,1984.0000,1984.0000,1984.0000,1984.0000,1984.0000,1984.0000,1984.0000,1984.0000,1984.0000,1984.0000,1984.0000,1984.0000,1984.0000,1984.0000
2024-10-13 16:57:44, , , ,55.4000,1984.0000,1984.0000,1984.0000,1984.0000,1984.0000,1984.0000,1984.0000,1984.0000,1984.0000,1984.0000,1984.0000,1984.0000,1984.0000,1984.0000
2024-10-13 16:57:44, , , ,55.4000,1984.0000,1984.0000,1984.0000,1984.0000,1984.0000,1984.0000,1984.0000,1984.0000,1984.0000,1984.0000,1984.0000,1984.0000,1984.0000,1984.0000
2024-10-13 16:57:44, , , ,55.3000,1984.0000,1984.0000,1984.0000,1984.0000,1984.0000,1984.0000,1984.0000,1984.0000,1984.0000,1984.0000,1984.0000,1984.0000,1984.0000,1984.0000
2024-10-13 16:57:44, , , ,55.3000,1984.0000,1984.0000,1984.0000,1984.0000,1984.0000,1984.0000,1984.0000,1984.0000,1984.0000,1984.0000,1984.0000,1984.0000,1984.0000,1984.0000
2024-10-13 16:57:44, , , ,55.3000,1984.0000,1984.0000,1984.0000,1984.0000,1984.0000,1984.0000,1984.0000,1984.0000,1984.0000,1984.0000,1984.0000,1984.0000,1984.0000,1984.0000
2024-10-13 16:57:44, , , ,55.2000,1984.0000,1984.0000,1984.0000,1984.0000,1984.0000,1984.0000,1984.0000,1984.0000,1984.0000,1984.0000,1984.0000,1984.0000,1984.0000,1984.0000
2024-10-13 16:57:45, , , ,55.2000,1984.0000,1984.0000,1984.0000,1984.0000,1984.0000,1984.0000,1984.0000,1984.0000,1984.0000,1984.0000,1984.0000,1984.0000,1984.0000,1984.0000
2024-10-13 16:57:45, , , ,55.2000,1984.0000,1984.0000,1984.0000,1984.0000,1984.0000,1984.0000,1984.0000,1984.0000,1984.0000,1984.0000,1984.0000,1984.0000,1984.0000,1984.0000
2024-10-13 16:57:45, , , ,55.2000,1984.0000,1984.0000,1984.0000,1984.0000,1984.0000,1984.0000,1984.0000,1984.0000,1984.0000,1984.0000,1984.0000,1984.0000,1984.0000,1984.0000
2024-10-13 16:57:45, , , ,55.2000,1984.0000,1984.0000,1984.0000,1984.0000,1984.0000,1984.0000,1984.0000,1984.0000,1984.0000,1984.0000,1984.0000,1984.0000,1984.0000,1984.0000
2024-10-13 16:57:45, , , ,55.2000,1984.0000,1984.0000,1984.0000,1984.0000,1984.0000,1984.0000,1984.0000,1984.0000,1984.0000,1984.0000,1984.0000,1984.0000,1984.0000,1984.0000
2024-10-13 16:57:45, , , ,55.0000,1984.0000,1984.0000,1984.0000,1984.0000,1984.0000,1984.0000,1984.0000,1984.0000,1984.0000,1984.0000,1984.0000,1984.0000,1984.0000,1984.0000
2024-10-13 16:57:45, , , ,55.0000,1984.0000,1984.0000,1984.0000,1984.0000,1984.0000,1984.0000,1984.0000,1984.0000,1984.0000,1984.0000,1984.0000,1984.0000,1984.0000,1984.0000
2024-10-13 16:57:46, , , ,54.9000,1984.0000,1984.0000,1984.0000,1984.0000,1984.0000,1984.0000,1984.0000,1984.0000,1984.0000,1984.0000,1984.0000,1984.0000,1984.0000,1984.0000
2024-10-13 16:57:46, , , ,54.9000,1984.0000,1984.0000,1984.0000,1984.0000,1984.0000,1984.0000,1984.0000,1984.0000,1984.0000,1984.0000,1984.0000,1984.0000,1984.0000,1984.0000
2024-10-13 16:57:46, , , ,54.8000,1984.0000,1984.0000,1984.0000,1984.0000,1984.0000,1984.0000,1984.0000,1984.0000,1984.0000,1984.0000,1984.0000,1984.0000,1984.0000,1984.0000
2024-10-13 16:57:46, , , ,54.8000,1984.0000,1984.0000,1984.0000,1984.0000,1984.0000,1984.0000,1984.0000,1984.0000,1984.0000,1984.0000,1984.0000,1984.0000,1984.0000,1984.0000
2024-10-13 16:57:46, , , ,54.8000,1984.0000,1984.0000,1984.0000,1984.0000,1984.0000,1984.0000,1984.0000,1984.0000,1984.0000,1984.0000,1984.0000,1984.0000,1984.0000,1984.0000
2024-10-13 16:57:46, , , ,54.8000,1984.0000,1984.0000,1984.0000,1984.0000,1984.0000,1984.0000,1984.0000,1984.0000,1984.0000,1984.0000,1984.0000,1984.0000,1984.0000,1984.0000
2024-10-13 16:57:47, , , ,54.8000,1984.0000,1984.0000,1984.0000,1984.0000,1984.0000,1984.0000,1984.0000,1984.0000,1984.0000,1984.0000,1984.0000,1984.0000,1984.0000,1984.0000
2024-10-13 16:57:47, , , ,54.8000,1984.0000,1984.0000,1984.0000,1984.0000,1984.0000,1984.0000,1984.0000,1984.0000,1984.0000,1984.0000,1984.0000,1984.0000,1984.0000,1984.0000
2024-10-13 16:57:47, , , ,54.8000,1984.0000,1984.0000,1984.0000,1984.0000,1984.0000,1984.0000,1984.0000,1984.0000,1984.0000,1984.0000,1984.0000,1984.0000,1984.0000,1984.0000
2024-10-13 16:57:47, , , ,54.8000,1984.0000,1984.0000,1984.0000,1984.0000,1984.0000,1984.0000,1984.0000,1984.0000,1984.0000,1984.0000,1984.0000,1984.0000,1984.0000,1984.0000
2024-10-13 16:57:47, , , ,54.8000,1984.0000,1984.0000,1984.0000,1984.0000,1984.0000,1984.0000,1984.0000,1984.0000,1984.0000,1984.0000,1984.0000,1984.0000,1984.0000,1984.0000
2024-10-13 16:57:47, , , ,54.8000,1984.0000,1984.0000,1984.0000,1984.0000,1984.0000,1984.0000,1984.0000,1984.0000,1984.0000,1984.0000,1984.0000,1984.0000,1984.0000,1984.0000
2024-10-13 16:57:47, , , ,54.8000,1984.0000,1984.0000,1984.0000,1984.0000,1984.0000,1984.0000,1984.0000,1984.0000,1984.0000,1984.0000,1984.0000,1984.0000,1984.0000,1984.0000
2024-10-13 16:57:48, , , ,54.7000,1984.0000,1984.0000,1984.0000,1984.0000,1984.0000,1984.0000,1984.0000,1984.0000,1984.0000,1984.0000,1984.0000,1984.0000,1984.0000,1984.0000
2024-10-13 16:57:48, , , ,54.7000,1984.0000,1984.0000,1984.0000,1984.0000,1984.0000,1984.0000,1984.0000,1984.0000,1984.0000,1984.0000,1984.0000,1984.0000,1984.0000,1984.0000
2024-10-13 16:57:48, , , ,54.6000,1984.0000,1984.0000,1984.0000,1984.0000,1984.0000,1984.0000,1984.0000,1984.0000,1984.0000,1984.0000,1984.0000,1984.0000,1984.0000,1984.0000
2024-10-13 16:57:48, , , ,54.6000,1984.0000,1984.0000,1984.0000,1984.0000,1984.0000,1984.0000,1984.0000,1984.0000,1984.0000,1984.0000,1984.0000,1984.0000,1984.0000,1984.0000
2024-10-13 16:57:48, , , ,54.6000,1984.0000,1984.0000,1984.0000,1984.0000,1984.0000,1984.0000,1984.0000,1984.0000,1984.0000,1984.0000,1984.0000,1984.0000,1984.0000,1984.0000
2024-10-13 16:57:48, , , ,54.5000,1984.0000,1984.0000,1984.0000,1984.0000,1984.0000,1984.0000,1984.0000,1984.0000,1984.0000,1984.0000,1984.0000,1984.0000,1984.0000,1984.0000
2024-10-13 16:57:49, , , ,54.5000,1984.0000,1984.0000,1984.0000,1984.0000,1984.0000,1984.0000,1984.0000,1984.0000,1984.0000,1984.0000,1984.0000,1984.0000,1984.0000,1984.0000
2024-10-13 16:57:49, , , ,54.5000,1984.0000,1984.0000,1984.0000,1984.0000,1984.0000,1984.0000,1984.0000,1984.0000,1984.0000,1984.0000,1984.0000,1984.0000,1984.0000,1984.0000
2024-10-13 16:57:49, , , ,54.4000,1984.0000,1984.0000,1984.0000,1984.0000,1984.0000,1984.0000,1984.0000,1984.0000,1984.0000,1984.0000,1984.0000,1984.0000,1984.0000,1984.0000
2024-10-13 16:57:49, , , ,54.4000,1984.0000,1984.0000,1984.0000,1984.0000,1984.0000,1984.0000,1984.0000,1984.0000,1984.0000,1984.0000,1984.0000,1984.0000,1984.0000,1984.0000
2024-10-13 16:57:49, , , ,54.4000,1984.0000,1984.0000,1984.0000,1984.0000,1984.0000,1984.0000,1984.0000,1984.0000,1984.0000,1984.0000,1984.0000,1984.0000,1984.0000,1984.0000
2024-10-13 16:57:49, , , ,54.2000,1984.0000,1984.0000,1984.0000,1984.0000,1984.0000,1984.0000,1984.0000,1984.0000,1984.0000,1984.0000,1984.0000,1984.0000,1984.0000,1984.0000
2024-10-13 16:57:50, , , ,54.2000,1984.0000,1984.0000,1984.0000,1984.0000,1984.0000,1984.0000,1984.0000,1984.0000,1984.0000,1984.0000,1984.0000,1984.0000,1984.0000,1984.0000
2024-10-13 16:57:50, , , ,54.2000,1984.0000,1984.0000,1984.0000,1984.0000,1984.0000,1984.0000,1984.0000,1984.0000,1984.0000,1984.0000,1984.0000,1984.0000,1984.0000,1984.0000
2024-10-13 16:57:50, , , ,54.2000,1984.0000,1984.0000,1984.0000,1984.0000,1984.0000,1984.0000,1984.0000,1984.0000,1984.0000,1984.0000,1984.0000,1984.0000,1984.0000,1984.0000
2024-10-13 16:57:50, , , ,54.2000,1984.0000,1984.0000,1984.0000,1984.0000,1984.0000,1984.0000,1984.0000,1984.0000,1984.0000,1984.0000,1984.0000,1984.0000,1984.0000,1984.0000
2024-10-13 16:57:50, , , ,54.2000,1984.0000,1984.0000,1984.0000,1984.0000,1984.0000,1984.0000,1984.0000,1984.0000,1984.0000,1984.0000,1984.0000,1984.0000,1984.0000,1984.0000
2024-10-13 16:57:50, , , ,54.2000,1984.0000,1984.0000,1984.0000,1984.0000,1984.0000,1984.0000,1984.0000,1984.0000,1984.0000,1984.0000,1984.0000,1984.0000,1984.0000,1984.0000
2024-10-13 16:57:51, , , ,54.2000,1984.0000,1984.0000,1984.0000,1984.0000,1984.0000,1984.0000,1984.0000,1984.0000,1984.0000,1984.0000,1984.0000,1984.0000,1984.0000,1984.0000
2024-10-13 16:57:51, , , ,54.2000,1984.0000,1984.0000,1984.0000,1984.0000,1984.0000,1984.0000,1984.0000,1984.0000,1984.0000,1984.0000,1984.0000,1984.0000,1984.0000,1984.0000
2024-10-13 16:57:51, , , ,54.2000,1984.0000,1984.0000,1984.0000,1984.0000,1984.0000,1984.0000,1984.0000,1984.0000,1984.0000,1984.0000,1984.0000,1984.0000,1984.0000,1984.0000
2024-10-13 16:57:51, , , ,54.2000,1984.0000,1984.0000,1984.0000,1984.0000,1984.0000,1984.0000,1984.0000,1984.0000,1984.0000,1984.0000,1984.0000,1984.0000,1984.0000,1984.0000
2024-10-13 16:57:51, , , ,54.1000,1984.0000,1984.0000,1984.0000,1984.0000,1984.0000,1984.0000,1984.0000,1984.0000,1984.0000,1984.0000,1984.0000,1984.0000,1984.0000,1984.0000
2024-10-13 16:57:51, , , ,54.1000,1984.0000,1984.0000,1984.0000,1984.0000,1984.0000,1984.0000,1984.0000,1984.0000,1984.0000,1984.0000,1984.0000,1984.0000,1984.0000,1984.0000
2024-10-13 16:57:51, , , ,54.0000,1984.0000,1984.0000,1984.0000,1984.0000,1984.0000,1984.0000,1984.0000,1984.0000,1984.0000,1984.0000,1984.0000,1984.0000,1984.0000,1984.0000
2024-10-13 16:57:52, , , ,53.9000,1984.0000,1984.0000,1984.0000,1984.0000,1984.0000,1984.0000,1984.0000,1984.0000,1984.0000,1984.0000,1984.0000,1984.0000,1984.0000,1984.0000
2024-10-13 16:57:52, , , ,53.9000,1984.0000,1984.0000,1984.0000,1984.0000,1984.0000,1984.0000,1984.0000,1984.0000,1984.0000,1984.0000,1984.0000,1984.0000,1984.0000,1984.0000
2024-10-13 16:57:52, , , ,53.9000,1984.0000,1984.0000,1984.0000,1984.0000,1984.0000,1984.0000,1984.0000,1984.0000,1984.0000,1984.0000,1984.0000,1984.0000,1984.0000,1984.0000
2024-10-13 16:57:52, , , ,53.9000,1984.0000,1984.0000,1984.0000,1984.0000,1984.0000,1984.0000,1984.0000,1984.0000,1984.0000,1984.0000,1984.0000,1984.0000,1984.0000,1984.0000
2024-10-13 16:57:52, , , ,53.9000,1984.0000,1984.0000,1984.0000,1984.0000,1984.0000,1984.0000,1984.0000,1984.0000,1984.0000,1984.0000,1984.0000,1984.0000,1984.0000,1984.0000
2024-10-13 16:57:52, , , ,53.9000,1984.0000,1984.0000,1984.0000,1984.0000,1984.0000,1984.0000,1984.0000,1984.0000,1984.0000,1984.0000,1984.0000,1984.0000,1984.0000,1984.0000
2024-10-13 16:57:53, , , ,53.9000,1984.0000,1984.0000,1984.0000,1984.0000,1984.0000,1984.0000,1984.0000,1984.0000,1984.0000,1984.0000,1984.0000,1984.0000,1984.0000,1984.0000
2024-10-13 16:57:53, , , ,53.9000,1984.0000,1984.0000,1984.0000,1984.0000,1984.0000,1984.0000,1984.0000,1984.0000,1984.0000,1984.0000,1984.0000,1984.0000,1984.0000,1984.0000
2024-10-13 16:57:53, , , ,53.8000,1984.0000,1984.0000,1984.0000,1984.0000,1984.0000,1984.0000,1984.0000,1984.0000,1984.0000,1984.0000,1984.0000,1984.0000,1984.0000,1984.0000
2024-10-13 16:57:53, , , ,53.8000,1984.0000,1984.0000,1984.0000,1984.0000,1984.0000,1984.0000,1984.0000,1984.0000,1984.0000,1984.0000,1984.0000,1984.0000,1984.0000,1984.0000
2024-10-13 16:57:53, , , ,53.8000,1984.0000,1984.0000,1984.0000,1984.0000,1984.0000,1984.0000,1984.0000,1984.0000,1984.0000,1984.0000,1984.0000,1984.0000,1984.0000,1984.0000
2024-10-13 16:57:53, , , ,53.6000,1984.0000,1984.0000,1984.0000,1984.0000,1984.0000,1984.0000,1984.0000,1984.0000,1984.0000,1984.0000,1984.0000,1984.0000,1984.0000,1984.0000
2024-10-13 16:57:54, , , ,53.6000,1984.0000,1984.0000,1984.0000,1984.0000,1984.0000,1984.0000,1984.0000,1984.0000,1984.0000,1984.0000,1984.0000,1984.0000,1984.0000,1984.0000
2024-10-13 16:57:54, , , ,53.6000,1984.0000,1984.0000,1984.0000,1984.0000,1984.0000,1984.0000,1984.0000,1984.0000,1984.0000,1984.0000,1984.0000,1984.0000,1984.0000,1984.0000
2024-10-13 16:57:54, , , ,53.6000,1984.0000,1984.0000,1984.0000,1984.0000,1984.0000,1984.0000,1984.0000,1984.0000,1984.0000,1984.0000,1984.0000,1984.0000,1984.0000,1984.0000
2024-10-13 16:57:54, , , ,53.5000,1984.0000,1984.0000,1984.0000,1984.0000,1984.0000,1984.0000,1984.0000,1984.0000,1984.0000,1984.0000,1984.0000,1984.0000,1984.0000,1984.0000
2024-10-13 16:57:54, , , ,53.5000,1984.0000,1984.0000,1984.0000,1984.0000,1984.0000,1984.0000,1984.0000,1984.0000,1984.0000,1984.0000,1984.0000,1984.0000,1984.0000,1984.0000
2024-10-13 16:57:54, , , ,53.4000,1984.0000,1984.0000,1984.0000,1984.0000,1984.0000,1984.0000,1984.0000,1984.0000,1984.0000,1984.0000,1984.0000,1984.0000,1984.0000,1984.0000
2024-10-13 16:57:54, , , ,53.4000,1984.0000,1984.0000,1984.0000,1984.0000,1984.0000,1984.0000,1984.0000,1984.0000,1984.0000,1984.0000,1984.0000,1984.0000,1984.0000,1984.0000
2024-10-13 16:57:55, , , ,53.3000,1984.0000,1984.0000,1984.0000,1984.0000,1984.0000,1984.0000,1984.0000,1984.0000,1984.0000,1984.0000,1984.0000,1984.0000,1984.0000,1984.0000
2024-10-13 16:57:55, , , ,53.2000,1984.0000,1984.0000,1984.0000,1984.0000,1984.0000,1984.0000,1984.0000,1984.0000,1984.0000,1984.0000,1984.0000,1984.0000,1984.0000,1984.0000
2024-10-13 16:57:55, , , ,53.2000,1984.0000,1984.0000,1984.0000,1984.0000,1984.0000,1984.0000,1984.0000,1984.0000,1984.0000,1984.0000,1984.0000,1984.0000,1984.0000,1984.0000
2024-10-13 16:57:55, , , ,53.1000,1984.0000,1984.0000,1984.0000,1984.0000,1984.0000,1984.0000,1984.0000,1984.0000,1984.0000,1984.0000,1984.0000,1984.0000,1984.0000,1984.0000
2024-10-13 16:57:55, , , ,53.1000,1984.0000,1984.0000,1984.0000,1984.0000,1984.0000,1984.0000,1984.0000,1984.0000,1984.0000,1984.0000,1984.0000,1984.0000,1984.0000,1984.0000
2024-10-13 16:57:55, , , ,53.1000,1984.0000,1984.0000,1984.0000,1984.0000,1984.0000,1984.0000,1984.0000,1984.0000,1984.0000,1984.0000,1984.0000,1984.0000,1984.0000,1984.0000
2024-10-13 16:57:56, , , ,53.1000,1984.0000,1984.0000,1984.0000,1984.0000,1984.0000,1984.0000,1984.0000,1984.0000,1984.0000,1984.0000,1984.0000,1984.0000,1984.0000,1984.0000
2024-10-13 16:57:56, , , ,53.1000,1984.0000,1984.0000,1984.0000,1984.0000,1984.0000,1984.0000,1984.0000,1984.0000,1984.0000,1984.0000,1984.0000,1984.0000,1984.0000,1984.0000
2024-10-13 16:57:56, , , ,53.1000,1984.0000,1984.0000,1984.0000,1984.0000,1984.0000,1984.0000,1984.0000,1984.0000,1984.0000,1984.0000,1984.0000,1984.0000,1984.0000,1984.0000
2024-10-13 16:57:56, , , ,53.1000,1984.0000,1984.0000,1984.0000,1984.0000,1984.0000,1984.0000,1984.0000,1984.0000,1984.0000,1984.0000,1984.0000,1984.0000,1984.0000,1984.0000
2024-10-13 16:57:56, , , ,53.1000,1984.0000,1984.0000,1984.0000,1984.0000,1984.0000,1984.0000,1984.0000,1984.0000,1984.0000,1984.0000,1984.0000,1984.0000,1984.0000,1984.0000
2024-10-13 16:57:56, , , ,53.1000,1984.0000,1984.0000,1984.0000,1984.0000,1984.0000,1984.0000,1984.0000,1984.0000,1984.0000,1984.0000,1984.0000,1984.0000,1984.0000,1984.0000
2024-10-13 16:57:57, , , ,53.1000,1984.0000,1984.0000,1984.0000,1984.0000,1984.0000,1984.0000,1984.0000,1984.0000,1984.0000,1984.0000,1984.0000,1984.0000,1984.0000,1984.0000
2024-10-13 16:57:57, , , ,53.1000,1984.0000,1984.0000,1984.0000,1984.0000,1984.0000,1984.0000,1984.0000,1984.0000,1984.0000,1984.0000,1984.0000,1984.0000,1984.0000,1984.0000
2024-10-13 16:57:57, , , ,53.1000,1984.0000,1984.0000,1984.0000,1984.0000,1984.0000,1984.0000,1984.0000,1984.0000,1984.0000,1984.0000,1984.0000,1984.0000,1984.0000,1984.0000
2024-10-13 16:57:57, , , ,53.1000,1984.0000,1984.0000,1984.0000,1984.0000,1984.0000,1984.0000,1984.0000,1984.0000,1984.0000,1984.0000,1984.0000,1984.0000,1984.0000,1984.0000
2024-10-13 16:57:57, , , ,53.1000,1984.0000,1984.0000,1984.0000,1984.0000,1984.0000,1984.0000,1984.0000,1984.0000,1984.0000,1984.0000,1984.0000,1984.0000,1984.0000,1984.0000
2024-10-13 16:57:57, , , ,53.1000,1984.0000,1984.0000,1984.0000,1984.0000,1984.0000,1984.0000,1984.0000,1984.0000,1984.0000,1984.0000,1984.0000,1984.0000,1984.0000,1984.0000
2024-10-13 16:57:57, , , ,53.1000,1984.0000,1984.0000,1984.0000,1984.0000,1984.0000,1984.0000,1984.0000,1984.0000,1984.0000,1984.0000,1984.0000,1984.0000,1984.0000,1984.0000
2024-10-13 16:57:58, , , ,53.1000,1984.0000,1984.0000,1984.0000,1984.0000,1984.0000,1984.0000,1984.0000,1984.0000,1984.0000,1984.0000,1984.0000,1984.0000,1984.0000,1984.0000
2024-10-13 16:57:58, , , ,53.0000,1984.0000,1984.0000,1984.0000,1984.0000,1984.0000,1984.0000,1984.0000,1984.0000,1984.0000,1984.0000,1984.0000,1984.0000,1984.0000,1984.0000
2024-10-13 16:57:58, , , ,53.0000,1984.0000,1984.0000,1984.0000,1984.0000,1984.0000,1984.0000,1984.0000,1984.0000,1984.0000,1984.0000,1984.0000,1984.0000,1984.0000,1984.0000
2024-10-13 16:57:58, , , ,52.9000,1984.0000,1984.0000,1984.0000,1984.0000,1984.0000,1984.0000,1984.0000,1984.0000,1984.0000,1984.0000,1984.0000,1984.0000,1984.0000,1984.0000
2024-10-13 16:57:58, , , ,52.9000,1984.0000,1984.0000,1984.0000,1984.0000,1984.0000,1984.0000,1984.0000,1984.0000,1984.0000,1984.0000,1984.0000,1984.0000,1984.0000,1984.0000
2024-10-13 16:57:58, , , ,52.9000,1984.0000,1984.0000,1984.0000,1984.0000,1984.0000,1984.0000,1984.0000,1984.0000,1984.0000,1984.0000,1984.0000,1984.0000,1984.0000,1984.0000
2024-10-13 16:57:59, , , ,52.9000,1984.0000,1984.0000,1984.0000,1984.0000,1984.0000,1984.0000,1984.0000,1984.0000,1984.0000,1984.0000,1984.0000,1984.0000,1984.0000,1984.0000
2024-10-13 16:57:59, , , ,52.8000,1984.0000,1984.0000,1984.0000,1984.0000,1984.0000,1984.0000,1984.0000,1984.0000,1984.0000,1984.0000,1984.0000,1984.0000,1984.0000,1984.0000
2024-10-13 16:57:59, , , ,52.8000,1984.0000,1984.0000,1984.0000,1984.0000,1984.0000,1984.0000,1984.0000,1984.0000,1984.0000,1984.0000,1984.0000,1984.0000,1984.0000,1984.0000
2024-10-13 16:57:59, , , ,52.8000,1984.0000,1984.0000,1984.0000,1984.0000,1984.0000,1984.0000,1984.0000,1984.0000,1984.0000,1984.0000,1984.0000,1984.0000,1984.0000,1984.0000
2024-10-13 16:57:59, , , ,52.6000,1984.0000,1984.0000,1984.0000,1984.0000,1984.0000,1984.0000,1984.0000,1984.0000,1984.0000,1984.0000,1984.0000,1984.0000,1984.0000,1984.0000
2024-10-13 16:57:59, , , ,52.6000,1984.0000,1984.0000,1984.0000,1984.0000,1984.0000,1984.0000,1984.0000,1984.0000,1984.0000,1984.0000,1984.0000,1984.0000,1984.0000,1984.0000
2024-10-13 16:57:59, , , ,52.6000,1984.0000,1984.0000,1984.0000,1984.0000,1984.0000,1984.0000,1984.0000,1984.0000,1984.0000,1984.0000,1984.0000,1984.0000,1984.0000,1984.0000
2024-10-13 16:58:00, , , ,52.5000,1984.0000,1984.0000,1984.0000,1984.0000,1984.0000,1984.0000,1984.0000,1984.0000,1984.0000,1984.0000,1984.0000,1984.0000,1984.0000,1984.0000
2024-10-13 16:58:00, , , ,52.5000,1984.0000,1984.0000,1984.0000,1984.0000,1984.0000,1984.0000,1984.0000,1984.0000,1984.0000,1984.0000,1984.0000,1984.0000,1984.0000,1984.0000
2024-10-13 16:58:00, , , ,52.5000,1984.0000,1984.0000,1984.0000,1984.0000,1984.0000,1984.0000,1984.0000,1984.0000,1984.0000,1984.0000,1984.0000,1984.0000,1984.0000,1984.0000
2024-10-13 16:58:00, , , ,52.5000,1984.0000,1984.0000,1984.0000,1984.0000,1984.0000,1984.0000,1984.0000,1984.0000,1984.0000,1984.0000,1984.0000,1984.0000,1984.0000,1984.0000
2024-10-13 16:58:00, , , ,52.5000,1984.0000,1984.0000,1984.0000,1984.0000,1984.0000,1984.0000,1984.0000,1984.0000,1984.0000,1984.0000,1984.0000,1984.0000,1984.0000,1984.0000
2024-10-13 16:58:00, , , ,52.5000,1984.0000,1984.0000,1984.0000,1984.0000,1984.0000,1984.0000,1984.0000,1984.0000,1984.0000,1984.0000,1984.0000,1984.0000,1984.0000,1984.0000
2024-10-13 16:58:01, , , ,52.5000,1984.0000,1984.0000,1984.0000,1984.0000,1984.0000,1984.0000,1984.0000,1984.0000,1984.0000,1984.0000,1984.0000,1984.0000,1984.0000,1984.0000
2024-10-13 16:58:01, , , ,52.5000,1984.0000,1984.0000,1984.0000,1984.0000,1984.0000,1984.0000,1984.0000,1984.0000,1984.0000,1984.0000,1984.0000,1984.0000,1984.0000,1984.0000
2024-10-13 16:58:01, , , ,52.5000,1984.0000,1984.0000,1984.0000,1984.0000,1984.0000,1984.0000,1984.0000,1984.0000,1984.0000,1984.0000,1984.0000,1984.0000,1984.0000,1984.0000
2024-10-13 16:58:01, , , ,52.5000,1984.0000,1984.0000,1984.0000,1984.0000,1984.0000,1984.0000,1984.0000,1984.0000,1984.0000,1984.0000,1984.0000,1984.0000,1984.0000,1984.0000
2024-10-13 16:58:01, , , ,52.4000,1984.0000,1984.0000,1984.0000,1984.0000,1984.0000,1984.0000,1984.0000,1984.0000,1984.0000,1984.0000,1984.0000,1984.0000,1984.0000,1984.0000
2024-10-13 16:58:01, , , ,52.4000,1984.0000,1984.0000,1984.0000,1984.0000,1984.0000,1984.0000,1984.0000,1984.0000,1984.0000,1984.0000,1984.0000,1984.0000,1984.0000,1984.0000
2024-10-13 16:58:02, , , ,52.3000,1984.0000,1984.0000,1984.0000,1984.0000,1984.0000,1984.0000,1984.0000,1984.0000,1984.0000,1984.0000,1984.0000,1984.0000,1984.0000,1984.0000
2024-10-13 16:58:02, , , ,52.3000,1984.0000,1984.0000,1984.0000,1984.0000,1984.0000,1984.0000,1984.0000,1984.0000,1984.0000,1984.0000,1984.0000,1984.0000,1984.0000,1984.0000
2024-10-13 16:58:02, , , ,52.2000,1984.0000,1984.0000,1984.0000,1984.0000,1984.0000,1984.0000,1984.0000,1984.0000,1984.0000,1984.0000,1984.0000,1984.0000,1984.0000,1984.0000
2024-10-13 16:58:02, , , ,52.2000,1984.0000,1984.0000,1984.0000,1984.0000,1984.0000,1984.0000,1984.0000,1984.0000,1984.0000,1984.0000,1984.0000,1984.0000,1984.0000,1984.0000
2024-10-13 16:58:02, , , ,52.2000,1984.0000,1984.0000,1984.0000,1984.0000,1984.0000,1984.0000,1984.0000,1984.0000,1984.0000,1984.0000,1984.0000,1984.0000,1984.0000,1984.0000
2024-10-13 16:58:02, , , ,52.2000,1984.0000,1984.0000,1984.0000,1984.0000,1984.0000,1984.0000,1984.0000,1984.0000,1984.0000,1984.0000,1984.0000,1984.0000,1984.0000,1984.0000
2024-10-13 16:58:02, , , ,52.2000,1984.0000,1984.0000,1984.0000,1984.0000,1984.0000,1984.0000,1984.0000,1984.0000,1984.0000,1984.0000,1984.0000,1984.0000,1984.0000,1984.0000
2024-10-13 16:58:03, , , ,52.2000,1984.0000,1984.0000,1984.0000,1984.0000,1984.0000,1984.0000,1984.0000,1984.0000,1984.0000,1984.0000,1984.0000,1984.0000,1984.0000,1984.0000
2024-10-13 16:58:03, , , ,52.2000,1984.0000,1984.0000,1984.0000,1984.0000,1984.0000,1984.0000,1984.0000,1984.0000,1984.0000,1984.0000,1984.0000,1984.0000,1984.0000,1984.0000
2024-10-13 16:58:03, , , ,52.2000,1984.0000,1984.0000,1984.0000,1984.0000,1984.0000,1984.0000,1984.0000,1984.0000,1984.0000,1984.0000,1984.0000,1984.0000,1984.0000,1984.0000
2024-10-13 16:58:03, , , ,52.2000,1984.0000,1984.0000,1984.0000,1984.0000,1984.0000,1984.0000,1984.0000,1984.0000,1984.0000,1984.0000,1984.0000,1984.0000,1984.0000,1984.0000
2024-10-13 16:58:03, , , ,52.2000,1984.0000,1984.0000,1984.0000,1984.0000,1984.0000,1984.0000,1984.0000,1984.0000,1984.0000,1984.0000,1984.0000,1984.0000,1984.0000,1984.0000
2024-10-13 16:58:03, , , ,52.2000,1984.0000,1984.0000,1984.0000,1984.0000,1984.0000,1984.0000,1984.0000,1984.0000,1984.0000,1984.0000,1984.0000,1984.0000,1984.0000,1984.0000
2024-10-13 16:58:04, , , ,52.2000,1984.0000,1984.0000,1984.0000,1984.0000,1984.0000,1984.0000,1984.0000,1984.0000,1984.0000,1984.0000,1984.0000,1984.0000,1984.0000,1984.0000
2024-10-13 16:58:04, , , ,52.2000,1984.0000,1984.0000,1984.0000,1984.0000,1984.0000,1984.0000,1984.0000,1984.0000,1984.0000,1984.0000,1984.0000,1984.0000,1984.0000,1984.0000
2024-10-13 16:58:04, , , ,52.2000,1984.0000,1984.0000,1984.0000,1984.0000,1984.0000,1984.0000,1984.0000,1984.0000,1984.0000,1984.0000,1984.0000,1984.0000,1984.0000,1984.0000
2024-10-13 16:58:04, , , ,52.2000,1984.0000,1984.0000,1984.0000,1984.0000,1984.0000,1984.0000,1984.0000,1984.0000,1984.0000,1984.0000,1984.0000,1984.0000,1984.0000,1984.0000
2024-10-13 16:58:04, , , ,52.2000,1984.0000,1984.0000,1984.0000,1984.0000,1984.0000,1984.0000,1984.0000,1984.0000,1984.0000,1984.0000,1984.0000,1984.0000,1984.0000,1984.0000
2024-10-13 16:58:04, , , ,52.2000,1984.0000,1984.0000,1984.0000,1984.0000,1984.0000,1984.0000,1984.0000,1984.0000,1984.0000,1984.0000,1984.0000,1984.0000,1984.0000,1984.0000
2024-10-13 16:58:04, , , ,52.2000,1984.0000,1984.0000,1984.0000,1984.0000,1984.0000,1984.0000,1984.0000,1984.0000,1984.0000,1984.0000,1984.0000,1984.0000,1984.0000,1984.0000
2024-10-13 16:58:05, , , ,52.0000,1984.0000,1984.0000,1984.0000,1984.0000,1984.0000,1984.0000,1984.0000,1984.0000,1984.0000,1984.0000,1984.0000,1984.0000,1984.0000,1984.0000
2024-10-13 16:58:05, , , ,52.0000,1984.0000,1984.0000,1984.0000,1984.0000,1984.0000,1984.0000,1984.0000,1984.0000,1984.0000,1984.0000,1984.0000,1984.0000,1984.0000,1984.0000
2024-10-13 16:58:05, , , ,52.0000,1984.0000,1984.0000,1984.0000,1984.0000,1984.0000,1984.0000,1984.0000,1984.0000,1984.0000,1984.0000,1984.0000,1984.0000,1984.0000,1984.0000
2024-10-13 16:58:05, , , ,52.0000,1984.0000,1984.0000,1984.0000,1984.0000,1984.0000,1984.0000,1984.0000,1984.0000,1984.0000,1984.0000,1984.0000,1984.0000,1984.0000,1984.0000
2024-10-13 16:58:05, , , ,52.0000,1984.0000,1984.0000,1984.0000,1984.0000,1984.0000,1984.0000,1984.0000,1984.0000,1984.0000,1984.0000,1984.0000,1984.0000,1984.0000,1984.0000
2024-10-13 16:58:05, , , ,52.0000,1984.0000,1984.0000,1984.0000,1984.0000,1984.0000,1984.0000,1984.0000,1984.0000,1984.0000,1984.0000,1984.0000,1984.0000,1984.0000,1984.0000
2024-10-13 16:58:06, , , ,52.0000,1984.0000,1984.0000,1984.0000,1984.0000,1984.0000,1984.0000,1984.0000,1984.0000,1984.0000,1984.0000,1984.0000,1984.0000,1984.0000,1984.0000
2024-10-13 16:58:06, , , ,52.0000,1984.0000,1984.0000,1984.0000,1984.0000,1984.0000,1984.0000,1984.0000,1984.0000,1984.0000,1984.0000,1984.0000,1984.0000,1984.0000,1984.0000
2024-10-13 16:58:06, , , ,52.0000,1984.0000,1984.0000,1984.0000,1984.0000,1984.0000,1984.0000,1984.0000,1984.0000,1984.0000,1984.0000,1984.0000,1984.0000,1984.0000,1984.0000
2024-10-13 16:58:06, , , ,51.9000,1984.0000,1984.0000,1984.0000,1984.0000,1984.0000,1984.0000,1984.0000,1984.0000,1984.0000,1984.0000,1984.0000,1984.0000,1984.0000,1984.0000
2024-10-13 16:58:06, , , ,51.9000,1984.0000,1984.0000,1984.0000,1984.0000,1984.0000,1984.0000,1984.0000,1984.0000,1984.0000,1984.0000,1984.0000,1984.0000,1984.0000,1984.0000
2024-10-13 16:58:06, , , ,51.9000,1984.0000,1984.0000,1984.0000,1984.0000,1984.0000,1984.0000,1984.0000,1984.0000,1984.0000,1984.0000,1984.0000,1984.0000,1984.0000,1984.0000
2024-10-13 16:58:07, , , ,51.9000,1984.0000,1984.0000,1984.0000,1984.0000,1984.0000,1984.0000,1984.0000,1984.0000,1984.0000,1984.0000,1984.0000,1984.0000,1984.0000,1984.0000
2024-10-13 16:58:07, , , ,51.9000,1984.0000,1984.0000,1984.0000,1984.0000,1984.0000,1984.0000,1984.0000,1984.0000,1984.0000,1984.0000,1984.0000,1984.0000,1984.0000,1984.0000
2024-10-13 16:58:07, , , ,51.9000,1984.0000,1984.0000,1984.0000,1984.0000,1984.0000,1984.0000,1984.0000,1984.0000,1984.0000,1984.0000,1984.0000,1984.0000,1984.0000,1984.0000
2024-10-13 16:58:07, , , ,51.7000,1984.0000,1984.0000,1984.0000,1984.0000,1984.0000,1984.0000,1984.0000,1984.0000,1984.0000,1984.0000,1984.0000,1984.0000,1984.0000,1984.0000
2024-10-13 16:58:07, , , ,51.7000,1984.0000,1984.0000,1984.0000,1984.0000,1984.0000,1984.0000,1984.0000,1984.0000,1984.0000,1984.0000,1984.0000,1984.0000,1984.0000,1984.0000
2024-10-13 16:58:07, , , ,51.7000,1984.0000,1984.0000,1984.0000,1984.0000,1984.0000,1984.0000,1984.0000,1984.0000,1984.0000,1984.0000,1984.0000,1984.0000,1984.0000,1984.0000
2024-10-13 16:58:07, , , ,51.6000,1984.0000,1984.0000,1984.0000,1984.0000,1984.0000,1984.0000,1984.0000,1984.0000,1984.0000,1984.0000,1984.0000,1984.0000,1984.0000,1984.0000
2024-10-13 16:58:08, , , ,51.6000,1984.0000,1984.0000,1984.0000,1984.0000,1984.0000,1984.0000,1984.0000,1984.0000,1984.0000,1984.0000,1984.0000,1984.0000,1984.0000,1984.0000
2024-10-13 16:58:08, , , ,51.6000,1984.0000,1984.0000,1984.0000,1984.0000,1984.0000,1984.0000,1984.0000,1984.0000,1984.0000,1984.0000,1984.0000,1984.0000,1984.0000,1984.0000
2024-10-13 16:58:08, , , ,51.6000,1984.0000,1984.0000,1984.0000,1984.0000,1984.0000,1984.0000,1984.0000,1984.0000,1984.0000,1984.0000,1984.0000,1984.0000,1984.0000,1984.0000
2024-10-13 16:58:08, , , ,51.6000,1984.0000,1984.0000,1984.0000,1984.0000,1984.0000,1984.0000,1984.0000,1984.0000,1984.0000,1984.0000,1984.0000,1984.0000,1984.0000,1984.0000
2024-10-13 16:58:08, , , ,51.6000,1984.0000,1984.0000,1984.0000,1984.0000,1984.0000,1984.0000,1984.0000,1984.0000,1984.0000,1984.0000,1984.0000,1984.0000,1984.0000,1984.0000
2024-10-13 16:58:08, , , ,51.4000,1984.0000,1984.0000,1984.0000,1984.0000,1984.0000,1984.0000,1984.0000,1984.0000,1984.0000,1984.0000,1984.0000,1984.0000,1984.0000,1984.0000
2024-10-13 16:58:09, , , ,51.4000,1984.0000,1984.0000,1984.0000,1984.0000,1984.0000,1984.0000,1984.0000,1984.0000,1984.0000,1984.0000,1984.0000,1984.0000,1984.0000,1984.0000
2024-10-13 16:58:09, , , ,51.4000,1984.0000,1984.0000,1984.0000,1984.0000,1984.0000,1984.0000,1984.0000,1984.0000,1984.0000,1984.0000,1984.0000,1984.0000,1984.0000,1984.0000
2024-10-13 16:58:09, , , ,51.4000,1984.0000,1984.0000,1984.0000,1984.0000,1984.0000,1984.0000,1984.0000,1984.0000,1984.0000,1984.0000,1984.0000,1984.0000,1984.0000,1984.0000
2024-10-13 16:58:09, , , ,51.4000,1984.0000,1984.0000,1984.0000,1984.0000,1984.0000,1984.0000,1984.0000,1984.0000,1984.0000,1984.0000,1984.0000,1984.0000,1984.0000,1984.0000
2024-10-13 16:58:09, , , ,51.2000,1984.0000,1984.0000,1984.0000,1984.0000,1984.0000,1984.0000,1984.0000,1984.0000,1984.0000,1984.0000,1984.0000,1984.0000,1984.0000,1984.0000
2024-10-13 16:58:09, , , ,51.2000,1984.0000,1984.0000,1984.0000,1984.0000,1984.0000,1984.0000,1984.0000,1984.0000,1984.0000,1984.0000,1984.0000,1984.0000,1984.0000,1984.0000
2024-10-13 16:58:10, , , ,51.2000,1984.0000,1984.0000,1984.0000,1984.0000,1984.0000,1984.0000,1984.0000,1984.0000,1984.0000,1984.0000,1984.0000,1984.0000,1984.0000,1984.0000
2024-10-13 16:58:10, , , ,51.2000,1984.0000,1984.0000,1984.0000,1984.0000,1984.0000,1984.0000,1984.0000,1984.0000,1984.0000,1984.0000,1984.0000,1984.0000,1984.0000,1984.0000
2024-10-13 16:58:10, , , ,51.2000,1984.0000,1984.0000,1984.0000,1984.0000,1984.0000,1984.0000,1984.0000,1984.0000,1984.0000,1984.0000,1984.0000,1984.0000,1984.0000,1984.0000
2024-10-13 16:58:10, , , ,51.2000,1984.0000,1984.0000,1984.0000,1984.0000,1984.0000,1984.0000,1984.0000,1984.0000,1984.0000,1984.0000,1984.0000,1984.0000,1984.0000,1984.0000
2024-10-13 16:58:10, , , ,51.2000,1984.0000,1984.0000,1984.0000,1984.0000,1984.0000,1984.0000,1984.0000,1984.0000,1984.0000,1984.0000,1984.0000,1984.0000,1984.0000,1984.0000
2024-10-13 16:58:10, , , ,51.2000,1984.0000,1984.0000,1984.0000,1984.0000,1984.0000,1984.0000,1984.0000,1984.0000,1984.0000,1984.0000,1984.0000,1984.0000,1984.0000,1984.0000
2024-10-13 16:58:10, , , ,51.2000,1984.0000,1984.0000,1984.0000,1984.0000,1984.0000,1984.0000,1984.0000,1984.0000,1984.0000,1984.0000,1984.0000,1984.0000,1984.0000,1984.0000
2024-10-13 16:58:11, , , ,51.1000,1984.0000,1984.0000,1984.0000,1984.0000,1984.0000,1984.0000,1984.0000,1984.0000,1984.0000,1984.0000,1984.0000,1984.0000,1984.0000,1984.0000
2024-10-13 16:58:11, , , ,51.1000,1984.0000,1984.0000,1984.0000,1984.0000,1984.0000,1984.0000,1984.0000,1984.0000,1984.0000,1984.0000,1984.0000,1984.0000,1984.0000,1984.0000
2024-10-13 16:58:11, , , ,51.1000,1984.0000,1984.0000,1984.0000,1984.0000,1984.0000,1984.0000,1984.0000,1984.0000,1984.0000,1984.0000,1984.0000,1984.0000,1984.0000,1984.0000
2024-10-13 16:58:11, , , ,51.0000,1984.0000,1984.0000,1984.0000,1984.0000,1984.0000,1984.0000,1984.0000,1984.0000,1984.0000,1984.0000,1984.0000,1984.0000,1984.0000,1984.0000
2024-10-13 16:58:11, , , ,51.0000,1984.0000,1984.0000,1984.0000,1984.0000,1984.0000,1984.0000,1984.0000,1984.0000,1984.0000,1984.0000,1984.0000,1984.0000,1984.0000,1984.0000
2024-10-13 16:58:11, , , ,51.0000,1984.0000,1984.0000,1984.0000,1984.0000,1984.0000,1984.0000,1984.0000,1984.0000,1984.0000,1984.0000,1984.0000,1984.0000,1984.0000,1984.0000
2024-10-13 16:58:12, , , ,50.9000,1984.0000,1984.0000,1984.0000,1984.0000,1984.0000,1984.0000,1984.0000,1984.0000,1984.0000,1984.0000,1984.0000,1984.0000,1984.0000,1984.0000
2024-10-13 16:58:12, , , ,50.9000,1984.0000,1984.0000,1984.0000,1984.0000,1984.0000,1984.0000,1984.0000,1984.0000,1984.0000,1984.0000,1984.0000,1984.0000,1984.0000,1984.0000
2024-10-13 16:58:12, , , ,50.9000,1984.0000,1984.0000,1984.0000,1984.0000,1984.0000,1984.0000,1984.0000,1984.0000,1984.0000,1984.0000,1984.0000,1984.0000,1984.0000,1984.0000
2024-10-13 16:58:12, , , ,50.9000,1984.0000,1984.0000,1984.0000,1984.0000,1984.0000,1984.0000,1984.0000,1984.0000,1984.0000,1984.0000,1984.0000,1984.0000,1984.0000,1984.0000
2024-10-13 16:58:12, , , ,50.9000,1984.0000,1984.0000,1984.0000,1984.0000,1984.0000,1984.0000,1984.0000,1984.0000,1984.0000,1984.0000,1984.0000,1984.0000,1984.0000,1984.0000
2024-10-13 16:58:12, , , ,50.9000,1984.0000,1984.0000,1984.0000,1984.0000,1984.0000,1984.0000,1984.0000,1984.0000,1984.0000,1984.0000,1984.0000,1984.0000,1984.0000,1984.0000
2024-10-13 16:58:12, , , ,50.9000,1984.0000,1984.0000,1984.0000,1984.0000,1984.0000,1984.0000,1984.0000,1984.0000,1984.0000,1984.0000,1984.0000,1984.0000,1984.0000,1984.0000
2024-10-13 16:58:13, , , ,50.9000,1984.0000,1984.0000,1984.0000,1984.0000,1984.0000,1984.0000,1984.0000,1984.0000,1984.0000,1984.0000,1984.0000,1984.0000,1984.0000,1984.0000
2024-10-13 16:58:13, , , ,50.9000,1984.0000,1984.0000,1984.0000,1984.0000,1984.0000,1984.0000,1984.0000,1984.0000,1984.0000,1984.0000,1984.0000,1984.0000,1984.0000,1984.0000
2024-10-13 16:58:13, , , ,50.9000,1984.0000,1984.0000,1984.0000,1984.0000,1984.0000,1984.0000,1984.0000,1984.0000,1984.0000,1984.0000,1984.0000,1984.0000,1984.0000,1984.0000
2024-10-13 16:58:13, , , ,50.9000,1984.0000,1984.0000,1984.0000,1984.0000,1984.0000,1984.0000,1984.0000,1984.0000,1984.0000,1984.0000,1984.0000,1984.0000,1984.0000,1984.0000
2024-10-13 16:58:13, , , ,50.9000,1984.0000,1984.0000,1984.0000,1984.0000,1984.0000,1984.0000,1984.0000,1984.0000,1984.0000,1984.0000,1984.0000,1984.0000,1984.0000,1984.0000
2024-10-13 16:58:13, , , ,50.9000,1984.0000,1984.0000,1984.0000,1984.0000,1984.0000,1984.0000,1984.0000,1984.0000,1984.0000,1984.0000,1984.0000,1984.0000,1984.0000,1984.0000
2024-10-13 16:58:14, , , ,50.8000,1984.0000,1984.0000,1984.0000,1984.0000,1984.0000,1984.0000,1984.0000,1984.0000,1984.0000,1984.0000,1984.0000,1984.0000,1984.0000,1984.0000
2024-10-13 16:58:14, , , ,50.8000,1984.0000,1984.0000,1984.0000,1984.0000,1984.0000,1984.0000,1984.0000,1984.0000,1984.0000,1984.0000,1984.0000,1984.0000,1984.0000,1984.0000
2024-10-13 16:58:14, , , ,50.8000,1984.0000,1984.0000,1984.0000,1984.0000,1984.0000,1984.0000,1984.0000,1984.0000,1984.0000,1984.0000,1984.0000,1984.0000,1984.0000,1984.0000
2024-10-13 16:58:14, , , ,50.7000,1984.0000,1984.0000,1984.0000,1984.0000,1984.0000,1984.0000,1984.0000,1984.0000,1984.0000,1984.0000,1984.0000,1984.0000,1984.0000,1984.0000
2024-10-13 16:58:14, , , ,50.7000,1984.0000,1984.0000,1984.0000,1984.0000,1984.0000,1984.0000,1984.0000,1984.0000,1984.0000,1984.0000,1984.0000,1984.0000,1984.0000,1984.0000
2024-10-13 16:58:14, , , ,50.7000,1984.0000,1984.0000,1984.0000,1984.0000,1984.0000,1984.0000,1984.0000,1984.0000,1984.0000,1984.0000,1984.0000,1984.0000,1984.0000,1984.0000
2024-10-13 16:58:14, , , ,50.7000,1984.0000,1984.0000,1984.0000,1984.0000,1984.0000,1984.0000,1984.0000,1984.0000,1984.0000,1984.0000,1984.0000,1984.0000,1984.0000,1984.0000
2024-10-13 16:58:15, , , ,50.7000,1984.0000,1984.0000,1984.0000,1984.0000,1984.0000,1984.0000,1984.0000,1984.0000,1984.0000,1984.0000,1984.0000,1984.0000,1984.0000,1984.0000
2024-10-13 16:58:15, , , ,50.7000,1984.0000,1984.0000,1984.0000,1984.0000,1984.0000,1984.0000,1984.0000,1984.0000,1984.0000,1984.0000,1984.0000,1984.0000,1984.0000,1984.0000
2024-10-13 16:58:15, , , ,50.7000,1984.0000,1984.0000,1984.0000,1984.0000,1984.0000,1984.0000,1984.0000,1984.0000,1984.0000,1984.0000,1984.0000,1984.0000,1984.0000,1984.0000
2024-10-13 16:58:15, , , ,50.7000,1984.0000,1984.0000,1984.0000,1984.0000,1984.0000,1984.0000,1984.0000,1984.0000,1984.0000,1984.0000,1984.0000,1984.0000,1984.0000,1984.0000
2024-10-13 16:58:15, , , ,50.7000,1984.0000,1984.0000,1984.0000,1984.0000,1984.0000,1984.0000,1984.0000,1984.0000,1984.0000,1984.0000,1984.0000,1984.0000,1984.0000,1984.0000
2024-10-13 16:58:15, , , ,50.7000,1984.0000,1984.0000,1984.0000,1984.0000,1984.0000,1984.0000,1984.0000,1984.0000,1984.0000,1984.0000,1984.0000,1984.0000,1984.0000,1984.0000
2024-10-13 16:58:16, , , ,50.7000,1984.0000,1984.0000,1984.0000,1984.0000,1984.0000,1984.0000,1984.0000,1984.0000,1984.0000,1984.0000,1984.0000,1984.0000,1984.0000,1984.0000
2024-10-13 16:58:16, , , ,50.6000,1984.0000,1984.0000,1984.0000,1984.0000,1984.0000,1984.0000,1984.0000,1984.0000,1984.0000,1984.0000,1984.0000,1984.0000,1984.0000,1984.0000
2024-10-13 16:58:16, , , ,50.6000,1984.0000,1984.0000,1984.0000,1984.0000,1984.0000,1984.0000,1984.0000,1984.0000,1984.0000,1984.0000,1984.0000,1984.0000,1984.0000,1984.0000
2024-10-13 16:58:16, , , ,50.6000,1984.0000,1984.0000,1984.0000,1984.0000,1984.0000,1984.0000,1984.0000,1984.0000,1984.0000,1984.0000,1984.0000,1984.0000,1984.0000,1984.0000
2024-10-13 16:58:16, , , ,50.6000,1984.0000,1984.0000,1984.0000,1984.0000,1984.0000,1984.0000,1984.0000,1984.0000,1984.0000,1984.0000,1984.0000,1984.0000,1984.0000,1984.0000
2024-10-13 16:58:16, , , ,50.6000,1984.0000,1984.0000,1984.0000,1984.0000,1984.0000,1984.0000,1984.0000,1984.0000,1984.0000,1984.0000,1984.0000,1984.0000,1984.0000,1984.0000
2024-10-13 16:58:17, , , ,50.6000,1984.0000,1984.0000,1984.0000,1984.0000,1984.0000,1984.0000,1984.0000,1984.0000,1984.0000,1984.0000,1984.0000,1984.0000,1984.0000,1984.0000
2024-10-13 16:58:17, , , ,50.6000,1984.0000,1984.0000,1984.0000,1984.0000,1984.0000,1984.0000,1984.0000,1984.0000,1984.0000,1984.0000,1984.0000,1984.0000,1984.0000,1984.0000
2024-10-13 16:58:17, , , ,50.6000,1984.0000,1984.0000,1984.0000,1984.0000,1984.0000,1984.0000,1984.0000,1984.0000,1984.0000,1984.0000,1984.0000,1984.0000,1984.0000,1984.0000
2024-10-13 16:58:17, , , ,50.4000,1984.0000,1984.0000,1984.0000,1984.0000,1984.0000,1984.0000,1984.0000,1984.0000,1984.0000,1984.0000,1984.0000,1984.0000,1984.0000,1984.0000
2024-10-13 16:58:17, , , ,50.4000,1984.0000,1984.0000,1984.0000,1984.0000,1984.0000,1984.0000,1984.0000,1984.0000,1984.0000,1984.0000,1984.0000,1984.0000,1984.0000,1984.0000
2024-10-13 16:58:17, , , ,50.4000,1984.0000,1984.0000,1984.0000,1984.0000,1984.0000,1984.0000,1984.0000,1984.0000,1984.0000,1984.0000,1984.0000,1984.0000,1984.0000,1984.0000
2024-10-13 16:58:17, , , ,50.4000,1984.0000,1984.0000,1984.0000,1984.0000,1984.0000,1984.0000,1984.0000,1984.0000,1984.0000,1984.0000,1984.0000,1984.0000,1984.0000,1984.0000
2024-10-13 16:58:18, , , ,50.4000,1984.0000,1984.0000,1984.0000,1984.0000,1984.0000,1984.0000,1984.0000,1984.0000,1984.0000,1984.0000,1984.0000,1984.0000,1984.0000,1984.0000
2024-10-13 16:58:18, , , ,50.4000,1984.0000,1984.0000,1984.0000,1984.0000,1984.0000,1984.0000,1984.0000,1984.0000,1984.0000,1984.0000,1984.0000,1984.0000,1984.0000,1984.0000
2024-10-13 16:58:18, , , ,50.3000,1984.0000,1984.0000,1984.0000,1984.0000,1984.0000,1984.0000,1984.0000,1984.0000,1984.0000,1984.0000,1984.0000,1984.0000,1984.0000,1984.0000
2024-10-13 16:58:18, , , ,50.3000,1984.0000,1984.0000,1984.0000,1984.0000,1984.0000,1984.0000,1984.0000,1984.0000,1984.0000,1984.0000,1984.0000,1984.0000,1984.0000,1984.0000
2024-10-13 16:58:18, , , ,50.3000,1984.0000,1984.0000,1984.0000,1984.0000,1984.0000,1984.0000,1984.0000,1984.0000,1984.0000,1984.0000,1984.0000,1984.0000,1984.0000,1984.0000
2024-10-13 16:58:18, , , ,50.3000,1984.0000,1984.0000,1984.0000,1984.0000,1984.0000,1984.0000,1984.0000,1984.0000,1984.0000,1984.0000,1984.0000,1984.0000,1984.0000,1984.0000
2024-10-13 16:58:19, , , ,50.3000,1984.0000,1984.0000,1984.0000,1984.0000,1984.0000,1984.0000,1984.0000,1984.0000,1984.0000,1984.0000,1984.0000,1984.0000,1984.0000,1984.0000
2024-10-13 16:58:19, , , ,50.3000,1984.0000,1984.0000,1984.0000,1984.0000,1984.0000,1984.0000,1984.0000,1984.0000,1984.0000,1984.0000,1984.0000,1984.0000,1984.0000,1984.0000
2024-10-13 16:58:19, , , ,50.3000,1984.0000,1984.0000,1984.0000,1984.0000,1984.0000,1984.0000,1984.0000,1984.0000,1984.0000,1984.0000,1984.0000,1984.0000,1984.0000,1984.0000
2024-10-13 16:58:19, , , ,50.2000,1984.0000,1984.0000,1984.0000,1984.0000,1984.0000,1984.0000,1984.0000,1984.0000,1984.0000,1984.0000,1984.0000,1984.0000,1984.0000,1984.0000
2024-10-13 16:58:19, , , ,50.2000,1984.0000,1984.0000,1984.0000,1984.0000,1984.0000,1984.0000,1984.0000,1984.0000,1984.0000,1984.0000,1984.0000,1984.0000,1984.0000,1984.0000
2024-10-13 16:58:19, , , ,50.2000,1984.0000,1984.0000,1984.0000,1984.0000,1984.0000,1984.0000,1984.0000,1984.0000,1984.0000,1984.0000,1984.0000,1984.0000,1984.0000,1984.0000
2024-10-13 16:58:20, , , ,50.2000,1984.0000,1984.0000,1984.0000,1984.0000,1984.0000,1984.0000,1984.0000,1984.0000,1984.0000,1984.0000,1984.0000,1984.0000,1984.0000,1984.0000
2024-10-13 16:58:20, , , ,50.2000,1984.0000,1984.0000,1984.0000,1984.0000,1984.0000,1984.0000,1984.0000,1984.0000,1984.0000,1984.0000,1984.0000,1984.0000,1984.0000,1984.0000
2024-10-13 16:58:20, , , ,50.2000,1984.0000,1984.0000,1984.0000,1984.0000,1984.0000,1984.0000,1984.0000,1984.0000,1984.0000,1984.0000,1984.0000,1984.0000,1984.0000,1984.0000
2024-10-13 16:58:20, , , ,50.2000,1984.0000,1984.0000,1984.0000,1984.0000,1984.0000,1984.0000,1984.0000,1984.0000,1984.0000,1984.0000,1984.0000,1984.0000,1984.0000,1984.0000
2024-10-13 16:58:20, , , ,50.1000,1984.0000,1984.0000,1984.0000,1984.0000,1984.0000,1984.0000,1984.0000,1984.0000,1984.0000,1984.0000,1984.0000,1984.0000,1984.0000,1984.0000
2024-10-13 16:58:20, , , ,50.1000,1984.0000,1984.0000,1984.0000,1984.0000,1984.0000,1984.0000,1984.0000,1984.0000,1984.0000,1984.0000,1984.0000,1984.0000,1984.0000,1984.0000
2024-10-13 16:58:20, , , ,50.1000,1984.0000,1984.0000,1984.0000,1984.0000,1984.0000,1984.0000,1984.0000,1984.0000,1984.0000,1984.0000,1984.0000,1984.0000,1984.0000,1984.0000
2024-10-13 16:58:21, , , ,50.0000,1984.0000,1984.0000,1984.0000,1984.0000,1984.0000,1984.0000,1984.0000,1984.0000,1984.0000,1984.0000,1984.0000,1984.0000,1984.0000,1984.0000
2024-10-13 16:58:21, , , ,50.0000,1984.0000,1984.0000,1984.0000,1984.0000,1984.0000,1984.0000,1984.0000,1984.0000,1984.0000,1984.0000,1984.0000,1984.0000,1984.0000,1984.0000
2024-10-13 16:58:21, , , ,50.0000,1984.0000,1984.0000,1984.0000,1984.0000,1984.0000,1984.0000,1984.0000,1984.0000,1984.0000,1984.0000,1984.0000,1984.0000,1984.0000,1984.0000
2024-10-13 16:58:21, , , ,50.0000,1984.0000,1984.0000,1984.0000,1984.0000,1984.0000,1984.0000,1984.0000,1984.0000,1984.0000,1984.0000,1984.0000,1984.0000,1984.0000,1984.0000
2024-10-13 16:58:21, , , ,50.0000,1984.0000,1984.0000,1984.0000,1984.0000,1984.0000,1984.0000,1984.0000,1984.0000,1984.0000,1984.0000,1984.0000,1984.0000,1984.0000,1984.0000
2024-10-13 16:58:21, , , ,50.0000,1984.0000,1984.0000,1984.0000,1984.0000,1984.0000,1984.0000,1984.0000,1984.0000,1984.0000,1984.0000,1984.0000,1984.0000,1984.0000,1984.0000
2024-10-13 16:58:22, , , ,49.9000,1984.0000,1984.0000,1984.0000,1984.0000,1984.0000,1984.0000,1984.0000,1984.0000,1984.0000,1984.0000,1984.0000,1984.0000,1984.0000,1984.0000
2024-10-13 16:58:22, , , ,49.9000,1984.0000,1984.0000,1984.0000,1984.0000,1984.0000,1984.0000,1984.0000,1984.0000,1984.0000,1984.0000,1984.0000,1984.0000,1984.0000,1984.0000
2024-10-13 16:58:22, , , ,49.9000,1984.0000,1984.0000,1984.0000,1984.0000,1984.0000,1984.0000,1984.0000,1984.0000,1984.0000,1984.0000,1984.0000,1984.0000,1984.0000,1984.0000
2024-10-13 16:58:22, , , ,49.9000,1984.0000,1984.0000,1984.0000,1984.0000,1984.0000,1984.0000,1984.0000,1984.0000,1984.0000,1984.0000,1984.0000,1984.0000,1984.0000,1984.0000
2024-10-13 16:58:22, , , ,49.7000,1984.0000,1984.0000,1984.0000,1984.0000,1984.0000,1984.0000,1984.0000,1984.0000,1984.0000,1984.0000,1984.0000,1984.0000,1984.0000,1984.0000
2024-10-13 16:58:22, , , ,49.7000,1984.0000,1984.0000,1984.0000,1984.0000,1984.0000,1984.0000,1984.0000,1984.0000,1984.0000,1984.0000,1984.0000,1984.0000,1984.0000,1984.0000
2024-10-13 16:58:23, , , ,49.7000,1984.0000,1984.0000,1984.0000,1984.0000,1984.0000,1984.0000,1984.0000,1984.0000,1984.0000,1984.0000,1984.0000,1984.0000,1984.0000,1984.0000
2024-10-13 16:58:23, , , ,49.7000,1984.0000,1984.0000,1984.0000,1984.0000,1984.0000,1984.0000,1984.0000,1984.0000,1984.0000,1984.0000,1984.0000,1984.0000,1984.0000,1984.0000
2024-10-13 16:58:23, , , ,49.7000,1984.0000,1984.0000,1984.0000,1984.0000,1984.0000,1984.0000,1984.0000,1984.0000,1984.0000,1984.0000,1984.0000,1984.0000,1984.0000,1984.0000
2024-10-13 16:58:23, , , ,49.6000,1984.0000,1984.0000,1984.0000,1984.0000,1984.0000,1984.0000,1984.0000,1984.0000,1984.0000,1984.0000,1984.0000,1984.0000,1984.0000,1984.0000
2024-10-13 16:58:23, , , ,49.6000,1984.0000,1984.0000,1984.0000,1984.0000,1984.0000,1984.0000,1984.0000,1984.0000,1984.0000,1984.0000,1984.0000,1984.0000,1984.0000,1984.0000
2024-10-13 16:58:23, , , ,49.6000,1984.0000,1984.0000,1984.0000,1984.0000,1984.0000,1984.0000,1984.0000,1984.0000,1984.0000,1984.0000,1984.0000,1984.0000,1984.0000,1984.0000
2024-10-13 16:58:23, , , ,49.6000,1984.0000,1984.0000,1984.0000,1984.0000,1984.0000,1984.0000,1984.0000,1984.0000,1984.0000,1984.0000,1984.0000,1984.0000,1984.0000,1984.0000
2024-10-13 16:58:24, , , ,49.5000,1984.0000,1984.0000,1984.0000,1984.0000,1984.0000,1984.0000,1984.0000,1984.0000,1984.0000,1984.0000,1984.0000,1984.0000,1984.0000,1984.0000
2024-10-13 16:58:24, , , ,49.5000,1984.0000,1984.0000,1984.0000,1984.0000,1984.0000,1984.0000,1984.0000,1984.0000,1984.0000,1984.0000,1984.0000,1984.0000,1984.0000,1984.0000
2024-10-13 16:58:24, , , ,49.4000,1984.0000,1984.0000,1984.0000,1984.0000,1984.0000,1984.0000,1984.0000,1984.0000,1984.0000,1984.0000,1984.0000,1984.0000,1984.0000,1984.0000
2024-10-13 16:58:24, , , ,49.4000,1984.0000,1984.0000,1984.0000,1984.0000,1984.0000,1984.0000,1984.0000,1984.0000,1984.0000,1984.0000,1984.0000,1984.0000,1984.0000,1984.0000
2024-10-13 16:58:24, , , ,49.4000,1984.0000,1984.0000,1984.0000,1984.0000,1984.0000,1984.0000,1984.0000,1984.0000,1984.0000,1984.0000,1984.0000,1984.0000,1984.0000,1984.0000
2024-10-13 16:58:24, , , ,49.4000,1984.0000,1984.0000,1984.0000,1984.0000,1984.0000,1984.0000,1984.0000,1984.0000,1984.0000,1984.0000,1984.0000,1984.0000,1984.0000,1984.0000
2024-10-13 16:58:25, , , ,49.4000,1984.0000,1984.0000,1984.0000,1984.0000,1984.0000,1984.0000,1984.0000,1984.0000,1984.0000,1984.0000,1984.0000,1984.0000,1984.0000,1984.0000
2024-10-13 16:58:25, , , ,49.4000,1984.0000,1984.0000,1984.0000,1984.0000,1984.0000,1984.0000,1984.0000,1984.0000,1984.0000,1984.0000,1984.0000,1984.0000,1984.0000,1984.0000
2024-10-13 16:58:25, , , ,49.4000,1984.0000,1984.0000,1984.0000,1984.0000,1984.0000,1984.0000,1984.0000,1984.0000,1984.0000,1984.0000,1984.0000,1984.0000,1984.0000,1984.0000
2024-10-13 16:58:25, , , ,49.4000,1984.0000,1984.0000,1984.0000,1984.0000,1984.0000,1984.0000,1984.0000,1984.0000,1984.0000,1984.0000,1984.0000,1984.0000,1984.0000,1984.0000
2024-10-13 16:58:25, , , ,49.4000,1984.0000,1984.0000,1984.0000,1984.0000,1984.0000,1984.0000,1984.0000,1984.0000,1984.0000,1984.0000,1984.0000,1984.0000,1984.0000,1984.0000
2024-10-13 16:58:25, , , ,49.4000,1984.0000,1984.0000,1984.0000,1984.0000,1984.0000,1984.0000,1984.0000,1984.0000,1984.0000,1984.0000,1984.0000,1984.0000,1984.0000,1984.0000
2024-10-13 16:58:26, , , ,49.4000,1984.0000,1984.0000,1984.0000,1984.0000,1984.0000,1984.0000,1984.0000,1984.0000,1984.0000,1984.0000,1984.0000,1984.0000,1984.0000,1984.0000
2024-10-13 16:58:26, , , ,49.4000,1984.0000,1984.0000,1984.0000,1984.0000,1984.0000,1984.0000,1984.0000,1984.0000,1984.0000,1984.0000,1984.0000,1984.0000,1984.0000,1984.0000
2024-10-13 16:58:26, , , ,49.4000,1984.0000,1984.0000,1984.0000,1984.0000,1984.0000,1984.0000,1984.0000,1984.0000,1984.0000,1984.0000,1984.0000,1984.0000,1984.0000,1984.0000
2024-10-13 16:58:26, , , ,49.3000,1984.0000,1984.0000,1984.0000,1984.0000,1984.0000,1984.0000,1984.0000,1984.0000,1984.0000,1984.0000,1984.0000,1984.0000,1984.0000,1984.0000
2024-10-13 16:58:26, , , ,49.3000,1984.0000,1984.0000,1984.0000,1984.0000,1984.0000,1984.0000,1984.0000,1984.0000,1984.0000,1984.0000,1984.0000,1984.0000,1984.0000,1984.0000
2024-10-13 16:58:26, , , ,49.3000,1984.0000,1984.0000,1984.0000,1984.0000,1984.0000,1984.0000,1984.0000,1984.0000,1984.0000,1984.0000,1984.0000,1984.0000,1984.0000,1984.0000
2024-10-13 16:58:26, , , ,49.3000,1984.0000,1984.0000,1984.0000,1984.0000,1984.0000,1984.0000,1984.0000,1984.0000,1984.0000,1984.0000,1984.0000,1984.0000,1984.0000,1984.0000
2024-10-13 16:58:27, , , ,49.2000,1984.0000,1984.0000,1984.0000,1984.0000,1984.0000,1984.0000,1984.0000,1984.0000,1984.0000,1984.0000,1984.0000,1984.0000,1984.0000,1984.0000
2024-10-13 16:58:27, , , ,49.2000,1984.0000,1984.0000,1984.0000,1984.0000,1984.0000,1984.0000,1984.0000,1984.0000,1984.0000,1984.0000,1984.0000,1984.0000,1984.0000,1984.0000
2024-10-13 16:58:27, , , ,49.2000,1984.0000,1984.0000,1984.0000,1984.0000,1984.0000,1984.0000,1984.0000,1984.0000,1984.0000,1984.0000,1984.0000,1984.0000,1984.0000,1984.0000
2024-10-13 16:58:27, , , ,49.1000,1984.0000,1984.0000,1984.0000,1984.0000,1984.0000,1984.0000,1984.0000,1984.0000,1984.0000,1984.0000,1984.0000,1984.0000,1984.0000,1984.0000
2024-10-13 16:58:27, , , ,49.1000,1984.0000,1984.0000,1984.0000,1984.0000,1984.0000,1984.0000,1984.0000,1984.0000,1984.0000,1984.0000,1984.0000,1984.0000,1984.0000,1984.0000
2024-10-13 16:58:27, , , ,49.1000,1984.0000,1984.0000,1984.0000,1984.0000,1984.0000,1984.0000,1984.0000,1984.0000,1984.0000,1984.0000,1984.0000,1984.0000,1984.0000,1984.0000
2024-10-13 16:58:28, , , ,49.1000,1984.0000,1984.0000,1984.0000,1984.0000,1984.0000,1984.0000,1984.0000,1984.0000,1984.0000,1984.0000,1984.0000,1984.0000,1984.0000,1984.0000
2024-10-13 16:58:28, , , ,49.1000,1984.0000,1984.0000,1984.0000,1984.0000,1984.0000,1984.0000,1984.0000,1984.0000,1984.0000,1984.0000,1984.0000,1984.0000,1984.0000,1984.0000
2024-10-13 16:58:28, , , ,49.1000,1984.0000,1984.0000,1984.0000,1984.0000,1984.0000,1984.0000,1984.0000,1984.0000,1984.0000,1984.0000,1984.0000,1984.0000,1984.0000,1984.0000
2024-10-13 16:58:28, , , ,49.0000,1984.0000,1984.0000,1984.0000,1984.0000,1984.0000,1984.0000,1984.0000,1984.0000,1984.0000,1984.0000,1984.0000,1984.0000,1984.0000,1984.0000
2024-10-13 16:58:28, , , ,49.0000,1984.0000,1984.0000,1984.0000,1984.0000,1984.0000,1984.0000,1984.0000,1984.0000,1984.0000,1984.0000,1984.0000,1984.0000,1984.0000,1984.0000
2024-10-13 16:58:28, , , ,49.0000,1984.0000,1984.0000,1984.0000,1984.0000,1984.0000,1984.0000,1984.0000,1984.0000,1984.0000,1984.0000,1984.0000,1984.0000,1984.0000,1984.0000
2024-10-13 16:58:29, , , ,49.0000,1984.0000,1984.0000,1984.0000,1984.0000,1984.0000,1984.0000,1984.0000,1984.0000,1984.0000,1984.0000,1984.0000,1984.0000,1984.0000,1984.0000
2024-10-13 16:58:29, , , ,49.0000,1984.0000,1984.0000,1984.0000,1984.0000,1984.0000,1984.0000,1984.0000,1984.0000,1984.0000,1984.0000,1984.0000,1984.0000,1984.0000,1984.0000
2024-10-13 16:58:29, , , ,49.0000,1984.0000,1984.0000,1984.0000,1984.0000,1984.0000,1984.0000,1984.0000,1984.0000,1984.0000,1984.0000,1984.0000,1984.0000,1984.0000,1984.0000
2024-10-13 16:58:29, , , ,49.0000,1984.0000,1984.0000,1984.0000,1984.0000,1984.0000,1984.0000,1984.0000,1984.0000,1984.0000,1984.0000,1984.0000,1984.0000,1984.0000,1984.0000
2024-10-13 16:58:29, , , ,48.8000,1984.0000,1984.0000,1984.0000,1984.0000,1984.0000,1984.0000,1984.0000,1984.0000,1984.0000,1984.0000,1984.0000,1984.0000,1984.0000,1984.0000
2024-10-13 16:58:29, , , ,48.8000,1984.0000,1984.0000,1984.0000,1984.0000,1984.0000,1984.0000,1984.0000,1984.0000,1984.0000,1984.0000,1984.0000,1984.0000,1984.0000,1984.0000
2024-10-13 16:58:29, , , ,48.9000,1984.0000,1984.0000,1984.0000,1984.0000,1984.0000,1984.0000,1984.0000,1984.0000,1984.0000,1984.0000,1984.0000,1984.0000,1984.0000,1984.0000
2024-10-13 16:58:30, , , ,48.9000,1984.0000,1984.0000,1984.0000,1984.0000,1984.0000,1984.0000,1984.0000,1984.0000,1984.0000,1984.0000,1984.0000,1984.0000,1984.0000,1984.0000
2024-10-13 16:58:30, , , ,48.9000,1984.0000,1984.0000,1984.0000,1984.0000,1984.0000,1984.0000,1984.0000,1984.0000,1984.0000,1984.0000,1984.0000,1984.0000,1984.0000,1984.0000
2024-10-13 16:58:30, , , ,48.9000,1984.0000,1984.0000,1984.0000,1984.0000,1984.0000,1984.0000,1984.0000,1984.0000,1984.0000,1984.0000,1984.0000,1984.0000,1984.0000,1984.0000
2024-10-13 16:58:30, , , ,48.9000,1984.0000,1984.0000,1984.0000,1984.0000,1984.0000,1984.0000,1984.0000,1984.0000,1984.0000,1984.0000,1984.0000,1984.0000,1984.0000,1984.0000
2024-10-13 16:58:30, , , ,48.9000,1984.0000,1984.0000,1984.0000,1984.0000,1984.0000,1984.0000,1984.0000,1984.0000,1984.0000,1984.0000,1984.0000,1984.0000,1984.0000,1984.0000
2024-10-13 16:58:30, , , ,48.9000,1984.0000,1984.0000,1984.0000,1984.0000,1984.0000,1984.0000,1984.0000,1984.0000,1984.0000,1984.0000,1984.0000,1984.0000,1984.0000,1984.0000
2024-10-13 16:58:31, , , ,48.7000,1984.0000,1984.0000,1984.0000,1984.0000,1984.0000,1984.0000,1984.0000,1984.0000,1984.0000,1984.0000,1984.0000,1984.0000,1984.0000,1984.0000
2024-10-13 16:58:31, , , ,48.7000,1984.0000,1984.0000,1984.0000,1984.0000,1984.0000,1984.0000,1984.0000,1984.0000,1984.0000,1984.0000,1984.0000,1984.0000,1984.0000,1984.0000
2024-10-13 16:58:31, , , ,48.7000,1984.0000,1984.0000,1984.0000,1984.0000,1984.0000,1984.0000,1984.0000,1984.0000,1984.0000,1984.0000,1984.0000,1984.0000,1984.0000,1984.0000
2024-10-13 16:58:31, , , ,48.7000,1984.0000,1984.0000,1984.0000,1984.0000,1984.0000,1984.0000,1984.0000,1984.0000,1984.0000,1984.0000,1984.0000,1984.0000,1984.0000,1984.0000
2024-10-13 16:58:31, , , ,48.7000,1984.0000,1984.0000,1984.0000,1984.0000,1984.0000,1984.0000,1984.0000,1984.0000,1984.0000,1984.0000,1984.0000,1984.0000,1984.0000,1984.0000
2024-10-13 16:58:31, , , ,48.7000,1984.0000,1984.0000,1984.0000,1984.0000,1984.0000,1984.0000,1984.0000,1984.0000,1984.0000,1984.0000,1984.0000,1984.0000,1984.0000,1984.0000
2024-10-13 16:58:32, , , ,48.7000,1984.0000,1984.0000,1984.0000,1984.0000,1984.0000,1984.0000,1984.0000,1984.0000,1984.0000,1984.0000,1984.0000,1984.0000,1984.0000,1984.0000
2024-10-13 16:58:32, , , ,48.7000,1984.0000,1984.0000,1984.0000,1984.0000,1984.0000,1984.0000,1984.0000,1984.0000,1984.0000,1984.0000,1984.0000,1984.0000,1984.0000,1984.0000
2024-10-13 16:58:32, , , ,48.7000,1984.0000,1984.0000,1984.0000,1984.0000,1984.0000,1984.0000,1984.0000,1984.0000,1984.0000,1984.0000,1984.0000,1984.0000,1984.0000,1984.0000
2024-10-13 16:58:32, , , ,48.6000,1984.0000,1984.0000,1984.0000,1984.0000,1984.0000,1984.0000,1984.0000,1984.0000,1984.0000,1984.0000,1984.0000,1984.0000,1984.0000,1984.0000
2024-10-13 16:58:32, , , ,48.6000,1984.0000,1984.0000,1984.0000,1984.0000,1984.0000,1984.0000,1984.0000,1984.0000,1984.0000,1984.0000,1984.0000,1984.0000,1984.0000,1984.0000
2024-10-13 16:58:32, , , ,48.6000,1984.0000,1984.0000,1984.0000,1984.0000,1984.0000,1984.0000,1984.0000,1984.0000,1984.0000,1984.0000,1984.0000,1984.0000,1984.0000,1984.0000
2024-10-13 16:58:32, , , ,48.6000,1984.0000,1984.0000,1984.0000,1984.0000,1984.0000,1984.0000,1984.0000,1984.0000,1984.0000,1984.0000,1984.0000,1984.0000,1984.0000,1984.0000
2024-10-13 16:58:33, , , ,48.6000,1984.0000,1984.0000,1984.0000,1984.0000,1984.0000,1984.0000,1984.0000,1984.0000,1984.0000,1984.0000,1984.0000,1984.0000,1984.0000,1984.0000
2024-10-13 16:58:33, , , ,48.6000,1984.0000,1984.0000,1984.0000,1984.0000,1984.0000,1984.0000,1984.0000,1984.0000,1984.0000,1984.0000,1984.0000,1984.0000,1984.0000,1984.0000
2024-10-13 16:58:33, , , ,48.6000,1984.0000,1984.0000,1984.0000,1984.0000,1984.0000,1984.0000,1984.0000,1984.0000,1984.0000,1984.0000,1984.0000,1984.0000,1984.0000,1984.0000
2024-10-13 16:58:33, , , ,48.6000,1984.0000,1984.0000,1984.0000,1984.0000,1984.0000,1984.0000,1984.0000,1984.0000,1984.0000,1984.0000,1984.0000,1984.0000,1984.0000,1984.0000
2024-10-13 16:58:33, , , ,48.6000,1984.0000,1984.0000,1984.0000,1984.0000,1984.0000,1984.0000,1984.0000,1984.0000,1984.0000,1984.0000,1984.0000,1984.0000,1984.0000,1984.0000
2024-10-13 16:58:33, , , ,48.6000,1984.0000,1984.0000,1984.0000,1984.0000,1984.0000,1984.0000,1984.0000,1984.0000,1984.0000,1984.0000,1984.0000,1984.0000,1984.0000,1984.0000
2024-10-13 16:58:34, , , ,48.6000,1984.0000,1984.0000,1984.0000,1984.0000,1984.0000,1984.0000,1984.0000,1984.0000,1984.0000,1984.0000,1984.0000,1984.0000,1984.0000,1984.0000
2024-10-13 16:58:34, , , ,48.6000,1984.0000,1984.0000,1984.0000,1984.0000,1984.0000,1984.0000,1984.0000,1984.0000,1984.0000,1984.0000,1984.0000,1984.0000,1984.0000,1984.0000
2024-10-13 16:58:34, , , ,48.6000,1984.0000,1984.0000,1984.0000,1984.0000,1984.0000,1984.0000,1984.0000,1984.0000,1984.0000,1984.0000,1984.0000,1984.0000,1984.0000,1984.0000
2024-10-13 16:58:34, , , ,48.6000,1984.0000,1984.0000,1984.0000,1984.0000,1984.0000,1984.0000,1984.0000,1984.0000,1984.0000,1984.0000,1984.0000,1984.0000,1984.0000,1984.0000
2024-10-13 16:58:34, , , ,48.5000,1984.0000,1984.0000,1984.0000,1984.0000,1984.0000,1984.0000,1984.0000,1984.0000,1984.0000,1984.0000,1984.0000,1984.0000,1984.0000,1984.0000
2024-10-13 16:58:34, , , ,48.5000,1984.0000,1984.0000,1984.0000,1984.0000,1984.0000,1984.0000,1984.0000,1984.0000,1984.0000,1984.0000,1984.0000,1984.0000,1984.0000,1984.0000
2024-10-13 16:58:35, , , ,48.4000,1984.0000,1984.0000,1984.0000,1984.0000,1984.0000,1984.0000,1984.0000,1984.0000,1984.0000,1984.0000,1984.0000,1984.0000,1984.0000,1984.0000
2024-10-13 16:58:35, , , ,48.4000,1984.0000,1984.0000,1984.0000,1984.0000,1984.0000,1984.0000,1984.0000,1984.0000,1984.0000,1984.0000,1984.0000,1984.0000,1984.0000,1984.0000
2024-10-13 16:58:35, , , ,48.4000,1984.0000,1984.0000,1984.0000,1984.0000,1984.0000,1984.0000,1984.0000,1984.0000,1984.0000,1984.0000,1984.0000,1984.0000,1984.0000,1984.0000
2024-10-13 16:58:35, , , ,48.4000,1984.0000,1984.0000,1984.0000,1984.0000,1984.0000,1984.0000,1984.0000,1984.0000,1984.0000,1984.0000,1984.0000,1984.0000,1984.0000,1984.0000
2024-10-13 16:58:35, , , ,48.4000,1984.0000,1984.0000,1984.0000,1984.0000,1984.0000,1984.0000,1984.0000,1984.0000,1984.0000,1984.0000,1984.0000,1984.0000,1984.0000,1984.0000
2024-10-13 16:58:35, , , ,48.4000,1984.0000,1984.0000,1984.0000,1984.0000,1984.0000,1984.0000,1984.0000,1984.0000,1984.0000,1984.0000,1984.0000,1984.0000,1984.0000,1984.0000
2024-10-13 16:58:35, , , ,48.4000,1984.0000,1984.0000,1984.0000,1984.0000,1984.0000,1984.0000,1984.0000,1984.0000,1984.0000,1984.0000,1984.0000,1984.0000,1984.0000,1984.0000
2024-10-13 16:58:36, , , ,48.4000,1984.0000,1984.0000,1984.0000,1984.0000,1984.0000,1984.0000,1984.0000,1984.0000,1984.0000,1984.0000,1984.0000,1984.0000,1984.0000,1984.0000
2024-10-13 16:58:36, , , ,48.2000,1984.0000,1984.0000,1984.0000,1984.0000,1984.0000,1984.0000,1984.0000,1984.0000,1984.0000,1984.0000,1984.0000,1984.0000,1984.0000,1984.0000
2024-10-13 16:58:36, , , ,48.2000,1984.0000,1984.0000,1984.0000,1984.0000,1984.0000,1984.0000,1984.0000,1984.0000,1984.0000,1984.0000,1984.0000,1984.0000,1984.0000,1984.0000
2024-10-13 16:58:36, , , ,48.2000,1984.0000,1984.0000,1984.0000,1984.0000,1984.0000,1984.0000,1984.0000,1984.0000,1984.0000,1984.0000,1984.0000,1984.0000,1984.0000,1984.0000
2024-10-13 16:58:36, , , ,48.1000,1984.0000,1984.0000,1984.0000,1984.0000,1984.0000,1984.0000,1984.0000,1984.0000,1984.0000,1984.0000,1984.0000,1984.0000,1984.0000,1984.0000
2024-10-13 16:58:36, , , ,48.1000,1984.0000,1984.0000,1984.0000,1984.0000,1984.0000,1984.0000,1984.0000,1984.0000,1984.0000,1984.0000,1984.0000,1984.0000,1984.0000,1984.0000
2024-10-13 16:58:37, , , ,48.0000,1984.0000,1984.0000,1984.0000,1984.0000,1984.0000,1984.0000,1984.0000,1984.0000,1984.0000,1984.0000,1984.0000,1984.0000,1984.0000,1984.0000
2024-10-13 16:58:37, , , ,48.0000,1984.0000,1984.0000,1984.0000,1984.0000,1984.0000,1984.0000,1984.0000,1984.0000,1984.0000,1984.0000,1984.0000,1984.0000,1984.0000,1984.0000
2024-10-13 16:58:37, , , ,48.0000,1984.0000,1984.0000,1984.0000,1984.0000,1984.0000,1984.0000,1984.0000,1984.0000,1984.0000,1984.0000,1984.0000,1984.0000,1984.0000,1984.0000
2024-10-13 16:58:37, , , ,48.0000,1984.0000,1984.0000,1984.0000,1984.0000,1984.0000,1984.0000,1984.0000,1984.0000,1984.0000,1984.0000,1984.0000,1984.0000,1984.0000,1984.0000
2024-10-13 16:58:37, , , ,48.0000,1984.0000,1984.0000,1984.0000,1984.0000,1984.0000,1984.0000,1984.0000,1984.0000,1984.0000,1984.0000,1984.0000,1984.0000,1984.0000,1984.0000
2024-10-13 16:58:37, , , ,48.0000,1984.0000,1984.0000,1984.0000,1984.0000,1984.0000,1984.0000,1984.0000,1984.0000,1984.0000,1984.0000,1984.0000,1984.0000,1984.0000,1984.0000
2024-10-13 16:58:37, , , ,48.0000,1984.0000,1984.0000,1984.0000,1984.0000,1984.0000,1984.0000,1984.0000,1984.0000,1984.0000,1984.0000,1984.0000,1984.0000,1984.0000,1984.0000
2024-10-13 16:58:38, , , ,48.0000,1984.0000,1984.0000,1984.0000,1984.0000,1984.0000,1984.0000,1984.0000,1984.0000,1984.0000,1984.0000,1984.0000,1984.0000,1984.0000,1984.0000
2024-10-13 16:58:38, , , ,48.0000,1984.0000,1984.0000,1984.0000,1984.0000,1984.0000,1984.0000,1984.0000,1984.0000,1984.0000,1984.0000,1984.0000,1984.0000,1984.0000,1984.0000
2024-10-13 16:58:38, , , ,48.0000,1984.0000,1984.0000,1984.0000,1984.0000,1984.0000,1984.0000,1984.0000,1984.0000,1984.0000,1984.0000,1984.0000,1984.0000,1984.0000,1984.0000
2024-10-13 16:58:38, , , ,48.0000,1984.0000,1984.0000,1984.0000,1984.0000,1984.0000,1984.0000,1984.0000,1984.0000,1984.0000,1984.0000,1984.0000,1984.0000,1984.0000,1984.0000
2024-10-13 16:58:38, , , ,48.0000,1984.0000,1984.0000,1984.0000,1984.0000,1984.0000,1984.0000,1984.0000,1984.0000,1984.0000,1984.0000,1984.0000,1984.0000,1984.0000,1984.0000
2024-10-13 16:58:38, , , ,48.0000,1984.0000,1984.0000,1984.0000,1984.0000,1984.0000,1984.0000,1984.0000,1984.0000,1984.0000,1984.0000,1984.0000,1984.0000,1984.0000,1984.0000
2024-10-13 16:58:39, , , ,48.0000,1984.0000,1984.0000,1984.0000,1984.0000,1984.0000,1984.0000,1984.0000,1984.0000,1984.0000,1984.0000,1984.0000,1984.0000,1984.0000,1984.0000
2024-10-13 16:58:39, , , ,48.0000,1984.0000,1984.0000,1984.0000,1984.0000,1984.0000,1984.0000,1984.0000,1984.0000,1984.0000,1984.0000,1984.0000,1984.0000,1984.0000,1984.0000
2024-10-13 16:58:39, , , ,48.0000,1984.0000,1984.0000,1984.0000,1984.0000,1984.0000,1984.0000,1984.0000,1984.0000,1984.0000,1984.0000,1984.0000,1984.0000,1984.0000,1984.0000
2024-10-13 16:58:39, , , ,48.0000,1984.0000,1984.0000,1984.0000,1984.0000,1984.0000,1984.0000,1984.0000,1984.0000,1984.0000,1984.0000,1984.0000,1984.0000,1984.0000,1984.0000
2024-10-13 16:58:39, , , ,48.0000,1984.0000,1984.0000,1984.0000,1984.0000,1984.0000,1984.0000,1984.0000,1984.0000,1984.0000,1984.0000,1984.0000,1984.0000,1984.0000,1984.0000
2024-10-13 16:58:39, , , ,48.0000,1984.0000,1984.0000,1984.0000,1984.0000,1984.0000,1984.0000,1984.0000,1984.0000,1984.0000,1984.0000,1984.0000,1984.0000,1984.0000,1984.0000
2024-10-13 16:58:40, , , ,48.0000,1984.0000,1984.0000,1984.0000,1984.0000,1984.0000,1984.0000,1984.0000,1984.0000,1984.0000,1984.0000,1984.0000,1984.0000,1984.0000,1984.0000
2024-10-13 16:58:40, , , ,48.0000,1984.0000,1984.0000,1984.0000,1984.0000,1984.0000,1984.0000,1984.0000,1984.0000,1984.0000,1984.0000,1984.0000,1984.0000,1984.0000,1984.0000
2024-10-13 16:58:40, , , ,48.0000,1984.0000,1984.0000,1984.0000,1984.0000,1984.0000,1984.0000,1984.0000,1984.0000,1984.0000,1984.0000,1984.0000,1984.0000,1984.0000,1984.0000
2024-10-13 16:58:40, , , ,48.0000,1984.0000,1984.0000,1984.0000,1984.0000,1984.0000,1984.0000,1984.0000,1984.0000,1984.0000,1984.0000,1984.0000,1984.0000,1984.0000,1984.0000
2024-10-13 16:58:40, , , ,47.8000,1984.0000,1984.0000,1984.0000,1984.0000,1984.0000,1984.0000,1984.0000,1984.0000,1984.0000,1984.0000,1984.0000,1984.0000,1984.0000,1984.0000
2024-10-13 16:58:40, , , ,47.8000,1984.0000,1984.0000,1984.0000,1984.0000,1984.0000,1984.0000,1984.0000,1984.0000,1984.0000,1984.0000,1984.0000,1984.0000,1984.0000,1984.0000
2024-10-13 16:58:40, , , ,47.8000,1984.0000,1984.0000,1984.0000,1984.0000,1984.0000,1984.0000,1984.0000,1984.0000,1984.0000,1984.0000,1984.0000,1984.0000,1984.0000,1984.0000
2024-10-13 16:58:41, , , ,47.7000,1984.0000,1984.0000,1984.0000,1984.0000,1984.0000,1984.0000,1984.0000,1984.0000,1984.0000,1984.0000,1984.0000,1984.0000,1984.0000,1984.0000
2024-10-13 16:58:41, , , ,47.7000,1984.0000,1984.0000,1984.0000,1984.0000,1984.0000,1984.0000,1984.0000,1984.0000,1984.0000,1984.0000,1984.0000,1984.0000,1984.0000,1984.0000
2024-10-13 16:58:41, , , ,47.7000,1984.0000,1984.0000,1984.0000,1984.0000,1984.0000,1984.0000,1984.0000,1984.0000,1984.0000,1984.0000,1984.0000,1984.0000,1984.0000,1984.0000
2024-10-13 16:58:41, , , ,47.7000,1984.0000,1984.0000,1984.0000,1984.0000,1984.0000,1984.0000,1984.0000,1984.0000,1984.0000,1984.0000,1984.0000,1984.0000,1984.0000,1984.0000
2024-10-13 16:58:41, , , ,47.7000,1984.0000,1984.0000,1984.0000,1984.0000,1984.0000,1984.0000,1984.0000,1984.0000,1984.0000,1984.0000,1984.0000,1984.0000,1984.0000,1984.0000
2024-10-13 16:58:41, , , ,47.7000,1984.0000,1984.0000,1984.0000,1984.0000,1984.0000,1984.0000,1984.0000,1984.0000,1984.0000,1984.0000,1984.0000,1984.0000,1984.0000,1984.0000
2024-10-13 16:58:42, , , ,47.7000,1984.0000,1984.0000,1984.0000,1984.0000,1984.0000,1984.0000,1984.0000,1984.0000,1984.0000,1984.0000,1984.0000,1984.0000,1984.0000,1984.0000
2024-10-13 16:58:42, , , ,47.7000,1984.0000,1984.0000,1984.0000,1984.0000,1984.0000,1984.0000,1984.0000,1984.0000,1984.0000,1984.0000,1984.0000,1984.0000,1984.0000,1984.0000
2024-10-13 16:58:42, , , ,47.7000,1984.0000,1984.0000,1984.0000,1984.0000,1984.0000,1984.0000,1984.0000,1984.0000,1984.0000,1984.0000,1984.0000,1984.0000,1984.0000,1984.0000
2024-10-13 16:58:42, , , ,47.7000,1984.0000,1984.0000,1984.0000,1984.0000,1984.0000,1984.0000,1984.0000,1984.0000,1984.0000,1984.0000,1984.0000,1984.0000,1984.0000,1984.0000
2024-10-13 16:58:42, , , ,47.7000,1984.0000,1984.0000,1984.0000,1984.0000,1984.0000,1984.0000,1984.0000,1984.0000,1984.0000,1984.0000,1984.0000,1984.0000,1984.0000,1984.0000
2024-10-13 16:58:42, , , ,47.7000,1984.0000,1984.0000,1984.0000,1984.0000,1984.0000,1984.0000,1984.0000,1984.0000,1984.0000,1984.0000,1984.0000,1984.0000,1984.0000,1984.0000
2024-10-13 16:58:43, , , ,47.7000,1984.0000,1984.0000,1984.0000,1984.0000,1984.0000,1984.0000,1984.0000,1984.0000,1984.0000,1984.0000,1984.0000,1984.0000,1984.0000,1984.0000
2024-10-13 16:58:43, , , ,47.7000,1984.0000,1984.0000,1984.0000,1984.0000,1984.0000,1984.0000,1984.0000,1984.0000,1984.0000,1984.0000,1984.0000,1984.0000,1984.0000,1984.0000
2024-10-13 16:58:43, , , ,47.7000,1984.0000,1984.0000,1984.0000,1984.0000,1984.0000,1984.0000,1984.0000,1984.0000,1984.0000,1984.0000,1984.0000,1984.0000,1984.0000,1984.0000
2024-10-13 16:58:43, , , ,47.7000,1984.0000,1984.0000,1984.0000,1984.0000,1984.0000,1984.0000,1984.0000,1984.0000,1984.0000,1984.0000,1984.0000,1984.0000,1984.0000,1984.0000
2024-10-13 16:58:43, , , ,47.7000,1984.0000,1984.0000,1984.0000,1984.0000,1984.0000,1984.0000,1984.0000,1984.0000,1984.0000,1984.0000,1984.0000,1984.0000,1984.0000,1984.0000
2024-10-13 16:58:43, , , ,47.7000,1984.0000,1984.0000,1984.0000,1984.0000,1984.0000,1984.0000,1984.0000,1984.0000,1984.0000,1984.0000,1984.0000,1984.0000,1984.0000,1984.0000
2024-10-13 16:58:43, , , ,47.7000,1984.0000,1984.0000,1984.0000,1984.0000,1984.0000,1984.0000,1984.0000,1984.0000,1984.0000,1984.0000,1984.0000,1984.0000,1984.0000,1984.0000
2024-10-13 16:58:44, , , ,47.7000,1984.0000,1984.0000,1984.0000,1984.0000,1984.0000,1984.0000,1984.0000,1984.0000,1984.0000,1984.0000,1984.0000,1984.0000,1984.0000,1984.0000
2024-10-13 16:58:44, , , ,47.7000,1984.0000,1984.0000,1984.0000,1984.0000,1984.0000,1984.0000,1984.0000,1984.0000,1984.0000,1984.0000,1984.0000,1984.0000,1984.0000,1984.0000
2024-10-13 16:58:44, , , ,47.7000,1984.0000,1984.0000,1984.0000,1984.0000,1984.0000,1984.0000,1984.0000,1984.0000,1984.0000,1984.0000,1984.0000,1984.0000,1984.0000,1984.0000
2024-10-13 16:58:44, , , ,47.7000,1984.0000,1984.0000,1984.0000,1984.0000,1984.0000,1984.0000,1984.0000,1984.0000,1984.0000,1984.0000,1984.0000,1984.0000,1984.0000,1984.0000
2024-10-13 16:58:44, , , ,47.7000,1984.0000,1984.0000,1984.0000,1984.0000,1984.0000,1984.0000,1984.0000,1984.0000,1984.0000,1984.0000,1984.0000,1984.0000,1984.0000,1984.0000
2024-10-13 16:58:44, , , ,47.7000,1984.0000,1984.0000,1984.0000,1984.0000,1984.0000,1984.0000,1984.0000,1984.0000,1984.0000,1984.0000,1984.0000,1984.0000,1984.0000,1984.0000
2024-10-13 16:58:45, , , ,47.5000,1984.0000,1984.0000,1984.0000,1984.0000,1984.0000,1984.0000,1984.0000,1984.0000,1984.0000,1984.0000,1984.0000,1984.0000,1984.0000,1984.0000
2024-10-13 16:58:45, , , ,47.5000,1984.0000,1984.0000,1984.0000,1984.0000,1984.0000,1984.0000,1984.0000,1984.0000,1984.0000,1984.0000,1984.0000,1984.0000,1984.0000,1984.0000
2024-10-13 16:58:45, , , ,47.5000,1984.0000,1984.0000,1984.0000,1984.0000,1984.0000,1984.0000,1984.0000,1984.0000,1984.0000,1984.0000,1984.0000,1984.0000,1984.0000,1984.0000
2024-10-13 16:58:45, , , ,47.5000,1984.0000,1984.0000,1984.0000,1984.0000,1984.0000,1984.0000,1984.0000,1984.0000,1984.0000,1984.0000,1984.0000,1984.0000,1984.0000,1984.0000
2024-10-13 16:58:45, , , ,47.4000,1984.0000,1984.0000,1984.0000,1984.0000,1984.0000,1984.0000,1984.0000,1984.0000,1984.0000,1984.0000,1984.0000,1984.0000,1984.0000,1984.0000
2024-10-13 16:58:45, , , ,47.4000,1984.0000,1984.0000,1984.0000,1984.0000,1984.0000,1984.0000,1984.0000,1984.0000,1984.0000,1984.0000,1984.0000,1984.0000,1984.0000,1984.0000
2024-10-13 16:58:45, , , ,47.3000,1984.0000,1984.0000,1984.0000,1984.0000,1984.0000,1984.0000,1984.0000,1984.0000,1984.0000,1984.0000,1984.0000,1984.0000,1984.0000,1984.0000
2024-10-13 16:58:46, , , ,47.3000,1984.0000,1984.0000,1984.0000,1984.0000,1984.0000,1984.0000,1984.0000,1984.0000,1984.0000,1984.0000,1984.0000,1984.0000,1984.0000,1984.0000
2024-10-13 16:58:46, , , ,47.3000,1984.0000,1984.0000,1984.0000,1984.0000,1984.0000,1984.0000,1984.0000,1984.0000,1984.0000,1984.0000,1984.0000,1984.0000,1984.0000,1984.0000
2024-10-13 16:58:46, , , ,47.3000,1984.0000,1984.0000,1984.0000,1984.0000,1984.0000,1984.0000,1984.0000,1984.0000,1984.0000,1984.0000,1984.0000,1984.0000,1984.0000,1984.0000
2024-10-13 16:58:46, , , ,47.3000,1984.0000,1984.0000,1984.0000,1984.0000,1984.0000,1984.0000,1984.0000,1984.0000,1984.0000,1984.0000,1984.0000,1984.0000,1984.0000,1984.0000
2024-10-13 16:58:46, , , ,47.3000,1984.0000,1984.0000,1984.0000,1984.0000,1984.0000,1984.0000,1984.0000,1984.0000,1984.0000,1984.0000,1984.0000,1984.0000,1984.0000,1984.0000
2024-10-13 16:58:46, , , ,47.3000,1984.0000,1984.0000,1984.0000,1984.0000,1984.0000,1984.0000,1984.0000,1984.0000,1984.0000,1984.0000,1984.0000,1984.0000,1984.0000,1984.0000
2024-10-13 16:58:47, , , ,47.3000,1984.0000,1984.0000,1984.0000,1984.0000,1984.0000,1984.0000,1984.0000,1984.0000,1984.0000,1984.0000,1984.0000,1984.0000,1984.0000,1984.0000
2024-10-13 16:58:47, , , ,47.3000,1984.0000,1984.0000,1984.0000,1984.0000,1984.0000,1984.0000,1984.0000,1984.0000,1984.0000,1984.0000,1984.0000,1984.0000,1984.0000,1984.0000
2024-10-13 16:58:47, , , ,47.3000,1984.0000,1984.0000,1984.0000,1984.0000,1984.0000,1984.0000,1984.0000,1984.0000,1984.0000,1984.0000,1984.0000,1984.0000,1984.0000,1984.0000
2024-10-13 16:58:47, , , ,47.3000,1984.0000,1984.0000,1984.0000,1984.0000,1984.0000,1984.0000,1984.0000,1984.0000,1984.0000,1984.0000,1984.0000,1984.0000,1984.0000,1984.0000
2024-10-13 16:58:47, , , ,47.3000,1984.0000,1984.0000,1984.0000,1984.0000,1984.0000,1984.0000,1984.0000,1984.0000,1984.0000,1984.0000,1984.0000,1984.0000,1984.0000,1984.0000
2024-10-13 16:58:47, , , ,47.3000,1984.0000,1984.0000,1984.0000,1984.0000,1984.0000,1984.0000,1984.0000,1984.0000,1984.0000,1984.0000,1984.0000,1984.0000,1984.0000,1984.0000
2024-10-13 16:58:48, , , ,47.3000,1984.0000,1984.0000,1984.0000,1984.0000,1984.0000,1984.0000,1984.0000,1984.0000,1984.0000,1984.0000,1984.0000,1984.0000,1984.0000,1984.0000
2024-10-13 16:58:48, , , ,47.3000,1984.0000,1984.0000,1984.0000,1984.0000,1984.0000,1984.0000,1984.0000,1984.0000,1984.0000,1984.0000,1984.0000,1984.0000,1984.0000,1984.0000
2024-10-13 16:58:48, , , ,47.3000,1984.0000,1984.0000,1984.0000,1984.0000,1984.0000,1984.0000,1984.0000,1984.0000,1984.0000,1984.0000,1984.0000,1984.0000,1984.0000,1984.0000
2024-10-13 16:58:48, , , ,47.3000,1984.0000,1984.0000,1984.0000,1984.0000,1984.0000,1984.0000,1984.0000,1984.0000,1984.0000,1984.0000,1984.0000,1984.0000,1984.0000,1984.0000
2024-10-13 16:58:48, , , ,47.3000,1984.0000,1984.0000,1984.0000,1984.0000,1984.0000,1984.0000,1984.0000,1984.0000,1984.0000,1984.0000,1984.0000,1984.0000,1984.0000,1984.0000
2024-10-13 16:58:48, , , ,47.3000,1984.0000,1984.0000,1984.0000,1984.0000,1984.0000,1984.0000,1984.0000,1984.0000,1984.0000,1984.0000,1984.0000,1984.0000,1984.0000,1984.0000
2024-10-13 16:58:48, , , ,47.2000,1984.0000,1984.0000,1984.0000,1984.0000,1984.0000,1984.0000,1984.0000,1984.0000,1984.0000,1984.0000,1984.0000,1984.0000,1984.0000,1984.0000
2024-10-13 16:58:49, , , ,47.2000,1984.0000,1984.0000,1984.0000,1984.0000,1984.0000,1984.0000,1984.0000,1984.0000,1984.0000,1984.0000,1984.0000,1984.0000,1984.0000,1984.0000
2024-10-13 16:58:49, , , ,47.2000,1984.0000,1984.0000,1984.0000,1984.0000,1984.0000,1984.0000,1984.0000,1984.0000,1984.0000,1984.0000,1984.0000,1984.0000,1984.0000,1984.0000
2024-10-13 16:58:49, , , ,47.2000,1984.0000,1984.0000,1984.0000,1984.0000,1984.0000,1984.0000,1984.0000,1984.0000,1984.0000,1984.0000,1984.0000,1984.0000,1984.0000,1984.0000
2024-10-13 16:58:49, , , ,47.2000,1984.0000,1984.0000,1984.0000,1984.0000,1984.0000,1984.0000,1984.0000,1984.0000,1984.0000,1984.0000,1984.0000,1984.0000,1984.0000,1984.0000
2024-10-13 16:58:49, , , ,47.1000,1984.0000,1984.0000,1984.0000,1984.0000,1984.0000,1984.0000,1984.0000,1984.0000,1984.0000,1984.0000,1984.0000,1984.0000,1984.0000,1984.0000
2024-10-13 16:58:49, , , ,47.1000,1984.0000,1984.0000,1984.0000,1984.0000,1984.0000,1984.0000,1984.0000,1984.0000,1984.0000,1984.0000,1984.0000,1984.0000,1984.0000,1984.0000
2024-10-13 16:58:50, , , ,47.0000,1984.0000,1984.0000,1984.0000,1984.0000,1984.0000,1984.0000,1984.0000,1984.0000,1984.0000,1984.0000,1984.0000,1984.0000,1984.0000,1984.0000
2024-10-13 16:58:50, , , ,47.0000,1984.0000,1984.0000,1984.0000,1984.0000,1984.0000,1984.0000,1984.0000,1984.0000,1984.0000,1984.0000,1984.0000,1984.0000,1984.0000,1984.0000
2024-10-13 16:58:50, , , ,47.0000,1984.0000,1984.0000,1984.0000,1984.0000,1984.0000,1984.0000,1984.0000,1984.0000,1984.0000,1984.0000,1984.0000,1984.0000,1984.0000,1984.0000
2024-10-13 16:58:50, , , ,47.0000,1984.0000,1984.0000,1984.0000,1984.0000,1984.0000,1984.0000,1984.0000,1984.0000,1984.0000,1984.0000,1984.0000,1984.0000,1984.0000,1984.0000
2024-10-13 16:58:50, , , ,47.0000,1984.0000,1984.0000,1984.0000,1984.0000,1984.0000,1984.0000,1984.0000,1984.0000,1984.0000,1984.0000,1984.0000,1984.0000,1984.0000,1984.0000
2024-10-13 16:58:50, , , ,47.0000,1984.0000,1984.0000,1984.0000,1984.0000,1984.0000,1984.0000,1984.0000,1984.0000,1984.0000,1984.0000,1984.0000,1984.0000,1984.0000,1984.0000
2024-10-13 16:58:51, , , ,47.0000,1984.0000,1984.0000,1984.0000,1984.0000,1984.0000,1984.0000,1984.0000,1984.0000,1984.0000,1984.0000,1984.0000,1984.0000,1984.0000,1984.0000
2024-10-13 16:58:51, , , ,47.0000,1984.0000,1984.0000,1984.0000,1984.0000,1984.0000,1984.0000,1984.0000,1984.0000,1984.0000,1984.0000,1984.0000,1984.0000,1984.0000,1984.0000
2024-10-13 16:58:51, , , ,47.0000,1984.0000,1984.0000,1984.0000,1984.0000,1984.0000,1984.0000,1984.0000,1984.0000,1984.0000,1984.0000,1984.0000,1984.0000,1984.0000,1984.0000
2024-10-13 16:58:51, , , ,47.0000,1984.0000,1984.0000,1984.0000,1984.0000,1984.0000,1984.0000,1984.0000,1984.0000,1984.0000,1984.0000,1984.0000,1984.0000,1984.0000,1984.0000
2024-10-13 16:58:51, , , ,47.0000,1984.0000,1984.0000,1984.0000,1984.0000,1984.0000,1984.0000,1984.0000,1984.0000,1984.0000,1984.0000,1984.0000,1984.0000,1984.0000,1984.0000
2024-10-13 16:58:51, , , ,47.0000,1984.0000,1984.0000,1984.0000,1984.0000,1984.0000,1984.0000,1984.0000,1984.0000,1984.0000,1984.0000,1984.0000,1984.0000,1984.0000,1984.0000
2024-10-13 16:58:52, , , ,47.0000,1984.0000,1984.0000,1984.0000,1984.0000,1984.0000,1984.0000,1984.0000,1984.0000,1984.0000,1984.0000,1984.0000,1984.0000,1984.0000,1984.0000
2024-10-13 16:58:52, , , ,47.0000,1984.0000,1984.0000,1984.0000,1984.0000,1984.0000,1984.0000,1984.0000,1984.0000,1984.0000,1984.0000,1984.0000,1984.0000,1984.0000,1984.0000
2024-10-13 16:58:52, , , ,47.0000,1984.0000,1984.0000,1984.0000,1984.0000,1984.0000,1984.0000,1984.0000,1984.0000,1984.0000,1984.0000,1984.0000,1984.0000,1984.0000,1984.0000
2024-10-13 16:58:52, , , ,47.0000,1984.0000,1984.0000,1984.0000,1984.0000,1984.0000,1984.0000,1984.0000,1984.0000,1984.0000,1984.0000,1984.0000,1984.0000,1984.0000,1984.0000
2024-10-13 16:58:52, , , ,47.0000,1984.0000,1984.0000,1984.0000,1984.0000,1984.0000,1984.0000,1984.0000,1984.0000,1984.0000,1984.0000,1984.0000,1984.0000,1984.0000,1984.0000
2024-10-13 16:58:52, , , ,47.0000,1984.0000,1984.0000,1984.0000,1984.0000,1984.0000,1984.0000,1984.0000,1984.0000,1984.0000,1984.0000,1984.0000,1984.0000,1984.0000,1984.0000
2024-10-13 16:58:52, , , ,46.9000,1984.0000,1984.0000,1984.0000,1984.0000,1984.0000,1984.0000,1984.0000,1984.0000,1984.0000,1984.0000,1984.0000,1984.0000,1984.0000,1984.0000
2024-10-13 16:58:53, , , ,46.9000,1984.0000,1984.0000,1984.0000,1984.0000,1984.0000,1984.0000,1984.0000,1984.0000,1984.0000,1984.0000,1984.0000,1984.0000,1984.0000,1984.0000
2024-10-13 16:58:53, , , ,46.9000,1984.0000,1984.0000,1984.0000,1984.0000,1984.0000,1984.0000,1984.0000,1984.0000,1984.0000,1984.0000,1984.0000,1984.0000,1984.0000,1984.0000
2024-10-13 16:58:53, , , ,46.9000,1984.0000,1984.0000,1984.0000,1984.0000,1984.0000,1984.0000,1984.0000,1984.0000,1984.0000,1984.0000,1984.0000,1984.0000,1984.0000,1984.0000
2024-10-13 16:58:53, , , ,46.9000,1984.0000,1984.0000,1984.0000,1984.0000,1984.0000,1984.0000,1984.0000,1984.0000,1984.0000,1984.0000,1984.0000,1984.0000,1984.0000,1984.0000
2024-10-13 16:58:53, , , ,46.9000,1984.0000,1984.0000,1984.0000,1984.0000,1984.0000,1984.0000,1984.0000,1984.0000,1984.0000,1984.0000,1984.0000,1984.0000,1984.0000,1984.0000
2024-10-13 16:58:53, , , ,46.8000,1984.0000,1984.0000,1984.0000,1984.0000,1984.0000,1984.0000,1984.0000,1984.0000,1984.0000,1984.0000,1984.0000,1984.0000,1984.0000,1984.0000
2024-10-13 16:58:54, , , ,46.8000,1984.0000,1984.0000,1984.0000,1984.0000,1984.0000,1984.0000,1984.0000,1984.0000,1984.0000,1984.0000,1984.0000,1984.0000,1984.0000,1984.0000
2024-10-13 16:58:54, , , ,46.8000,1984.0000,1984.0000,1984.0000,1984.0000,1984.0000,1984.0000,1984.0000,1984.0000,1984.0000,1984.0000,1984.0000,1984.0000,1984.0000,1984.0000
2024-10-13 16:58:54, , , ,46.8000,1984.0000,1984.0000,1984.0000,1984.0000,1984.0000,1984.0000,1984.0000,1984.0000,1984.0000,1984.0000,1984.0000,1984.0000,1984.0000,1984.0000
2024-10-13 16:58:54, , , ,46.8000,1984.0000,1984.0000,1984.0000,1984.0000,1984.0000,1984.0000,1984.0000,1984.0000,1984.0000,1984.0000,1984.0000,1984.0000,1984.0000,1984.0000
2024-10-13 16:58:54, , , ,46.8000,1984.0000,1984.0000,1984.0000,1984.0000,1984.0000,1984.0000,1984.0000,1984.0000,1984.0000,1984.0000,1984.0000,1984.0000,1984.0000,1984.0000
2024-10-13 16:58:54, , , ,46.8000,1984.0000,1984.0000,1984.0000,1984.0000,1984.0000,1984.0000,1984.0000,1984.0000,1984.0000,1984.0000,1984.0000,1984.0000,1984.0000,1984.0000
2024-10-13 16:58:55, , , ,46.8000,1984.0000,1984.0000,1984.0000,1984.0000,1984.0000,1984.0000,1984.0000,1984.0000,1984.0000,1984.0000,1984.0000,1984.0000,1984.0000,1984.0000
2024-10-13 16:58:55, , , ,46.8000,1984.0000,1984.0000,1984.0000,1984.0000,1984.0000,1984.0000,1984.0000,1984.0000,1984.0000,1984.0000,1984.0000,1984.0000,1984.0000,1984.0000
2024-10-13 16:58:55, , , ,46.8000,1984.0000,1984.0000,1984.0000,1984.0000,1984.0000,1984.0000,1984.0000,1984.0000,1984.0000,1984.0000,1984.0000,1984.0000,1984.0000,1984.0000
2024-10-13 16:58:55, , , ,46.8000,1984.0000,1984.0000,1984.0000,1984.0000,1984.0000,1984.0000,1984.0000,1984.0000,1984.0000,1984.0000,1984.0000,1984.0000,1984.0000,1984.0000
2024-10-13 16:58:55, , , ,46.8000,1984.0000,1984.0000,1984.0000,1984.0000,1984.0000,1984.0000,1984.0000,1984.0000,1984.0000,1984.0000,1984.0000,1984.0000,1984.0000,1984.0000
2024-10-13 16:58:55, , , ,46.8000,1984.0000,1984.0000,1984.0000,1984.0000,1984.0000,1984.0000,1984.0000,1984.0000,1984.0000,1984.0000,1984.0000,1984.0000,1984.0000,1984.0000
2024-10-13 16:58:55, , , ,46.8000,1984.0000,1984.0000,1984.0000,1984.0000,1984.0000,1984.0000,1984.0000,1984.0000,1984.0000,1984.0000,1984.0000,1984.0000,1984.0000,1984.0000
2024-10-13 16:58:56, , , ,46.8000,1984.0000,1984.0000,1984.0000,1984.0000,1984.0000,1984.0000,1984.0000,1984.0000,1984.0000,1984.0000,1984.0000,1984.0000,1984.0000,1984.0000
2024-10-13 16:58:56, , , ,46.8000,1984.0000,1984.0000,1984.0000,1984.0000,1984.0000,1984.0000,1984.0000,1984.0000,1984.0000,1984.0000,1984.0000,1984.0000,1984.0000,1984.0000
2024-10-13 16:58:56, , , ,46.8000,1984.0000,1984.0000,1984.0000,1984.0000,1984.0000,1984.0000,1984.0000,1984.0000,1984.0000,1984.0000,1984.0000,1984.0000,1984.0000,1984.0000
2024-10-13 16:58:56, , , ,46.8000,1984.0000,1984.0000,1984.0000,1984.0000,1984.0000,1984.0000,1984.0000,1984.0000,1984.0000,1984.0000,1984.0000,1984.0000,1984.0000,1984.0000
2024-10-13 16:58:56, , , ,46.8000,1984.0000,1984.0000,1984.0000,1984.0000,1984.0000,1984.0000,1984.0000,1984.0000,1984.0000,1984.0000,1984.0000,1984.0000,1984.0000,1984.0000
2024-10-13 16:58:56, , , ,46.7000,1984.0000,1984.0000,1984.0000,1984.0000,1984.0000,1984.0000,1984.0000,1984.0000,1984.0000,1984.0000,1984.0000,1984.0000,1984.0000,1984.0000
2024-10-13 16:58:57, , , ,46.7000,1984.0000,1984.0000,1984.0000,1984.0000,1984.0000,1984.0000,1984.0000,1984.0000,1984.0000,1984.0000,1984.0000,1984.0000,1984.0000,1984.0000
2024-10-13 16:58:57, , , ,46.7000,1984.0000,1984.0000,1984.0000,1984.0000,1984.0000,1984.0000,1984.0000,1984.0000,1984.0000,1984.0000,1984.0000,1984.0000,1984.0000,1984.0000
2024-10-13 16:58:57, , , ,46.6000,1984.0000,1984.0000,1984.0000,1984.0000,1984.0000,1984.0000,1984.0000,1984.0000,1984.0000,1984.0000,1984.0000,1984.0000,1984.0000,1984.0000
2024-10-13 16:58:57, , , ,46.6000,1984.0000,1984.0000,1984.0000,1984.0000,1984.0000,1984.0000,1984.0000,1984.0000,1984.0000,1984.0000,1984.0000,1984.0000,1984.0000,1984.0000
2024-10-13 16:58:57, , , ,46.5000,1984.0000,1984.0000,1984.0000,1984.0000,1984.0000,1984.0000,1984.0000,1984.0000,1984.0000,1984.0000,1984.0000,1984.0000,1984.0000,1984.0000
2024-10-13 16:58:57, , , ,46.5000,1984.0000,1984.0000,1984.0000,1984.0000,1984.0000,1984.0000,1984.0000,1984.0000,1984.0000,1984.0000,1984.0000,1984.0000,1984.0000,1984.0000
2024-10-13 16:58:58, , , ,46.5000,1984.0000,1984.0000,1984.0000,1984.0000,1984.0000,1984.0000,1984.0000,1984.0000,1984.0000,1984.0000,1984.0000,1984.0000,1984.0000,1984.0000
2024-10-13 16:58:58, , , ,46.5000,1984.0000,1984.0000,1984.0000,1984.0000,1984.0000,1984.0000,1984.0000,1984.0000,1984.0000,1984.0000,1984.0000,1984.0000,1984.0000,1984.0000
2024-10-13 16:58:58, , , ,46.5000,1984.0000,1984.0000,1984.0000,1984.0000,1984.0000,1984.0000,1984.0000,1984.0000,1984.0000,1984.0000,1984.0000,1984.0000,1984.0000,1984.0000
2024-10-13 16:58:58, , , ,46.4000,1984.0000,1984.0000,1984.0000,1984.0000,1984.0000,1984.0000,1984.0000,1984.0000,1984.0000,1984.0000,1984.0000,1984.0000,1984.0000,1984.0000
2024-10-13 16:58:58, , , ,46.4000,1984.0000,1984.0000,1984.0000,1984.0000,1984.0000,1984.0000,1984.0000,1984.0000,1984.0000,1984.0000,1984.0000,1984.0000,1984.0000,1984.0000
2024-10-13 16:58:58, , , ,46.4000,1984.0000,1984.0000,1984.0000,1984.0000,1984.0000,1984.0000,1984.0000,1984.0000,1984.0000,1984.0000,1984.0000,1984.0000,1984.0000,1984.0000
2024-10-13 16:58:59, , , ,46.4000,1984.0000,1984.0000,1984.0000,1984.0000,1984.0000,1984.0000,1984.0000,1984.0000,1984.0000,1984.0000,1984.0000,1984.0000,1984.0000,1984.0000
2024-10-13 16:58:59, , , ,46.4000,1984.0000,1984.0000,1984.0000,1984.0000,1984.0000,1984.0000,1984.0000,1984.0000,1984.0000,1984.0000,1984.0000,1984.0000,1984.0000,1984.0000
2024-10-13 16:58:59, , , ,46.4000,1984.0000,1984.0000,1984.0000,1984.0000,1984.0000,1984.0000,1984.0000,1984.0000,1984.0000,1984.0000,1984.0000,1984.0000,1984.0000,1984.0000
2024-10-13 16:58:59, , , ,46.4000,1984.0000,1984.0000,1984.0000,1984.0000,1984.0000,1984.0000,1984.0000,1984.0000,1984.0000,1984.0000,1984.0000,1984.0000,1984.0000,1984.0000
2024-10-13 16:58:59, , , ,46.4000,1984.0000,1984.0000,1984.0000,1984.0000,1984.0000,1984.0000,1984.0000,1984.0000,1984.0000,1984.0000,1984.0000,1984.0000,1984.0000,1984.0000
2024-10-13 16:58:59, , , ,46.4000,1984.0000,1984.0000,1984.0000,1984.0000,1984.0000,1984.0000,1984.0000,1984.0000,1984.0000,1984.0000,1984.0000,1984.0000,1984.0000,1984.0000
2024-10-13 16:59:00, , , ,46.3000,1984.0000,1984.0000,1984.0000,1984.0000,1984.0000,1984.0000,1984.0000,1984.0000,1984.0000,1984.0000,1984.0000,1984.0000,1984.0000,1984.0000
2024-10-13 16:59:00, , , ,46.3000,1984.0000,1984.0000,1984.0000,1984.0000,1984.0000,1984.0000,1984.0000,1984.0000,1984.0000,1984.0000,1984.0000,1984.0000,1984.0000,1984.0000
2024-10-13 16:59:00, , , ,46.3000,1984.0000,1984.0000,1984.0000,1984.0000,1984.0000,1984.0000,1984.0000,1984.0000,1984.0000,1984.0000,1984.0000,1984.0000,1984.0000,1984.0000
2024-10-13 16:59:00, , , ,46.3000,1984.0000,1984.0000,1984.0000,1984.0000,1984.0000,1984.0000,1984.0000,1984.0000,1984.0000,1984.0000,1984.0000,1984.0000,1984.0000,1984.0000
2024-10-13 16:59:00, , , ,46.3000,1984.0000,1984.0000,1984.0000,1984.0000,1984.0000,1984.0000,1984.0000,1984.0000,1984.0000,1984.0000,1984.0000,1984.0000,1984.0000,1984.0000
2024-10-13 16:59:00, , , ,46.2000,1984.0000,1984.0000,1984.0000,1984.0000,1984.0000,1984.0000,1984.0000,1984.0000,1984.0000,1984.0000,1984.0000,1984.0000,1984.0000,1984.0000
2024-10-13 16:59:00, , , ,46.2000,1984.0000,1984.0000,1984.0000,1984.0000,1984.0000,1984.0000,1984.0000,1984.0000,1984.0000,1984.0000,1984.0000,1984.0000,1984.0000,1984.0000
2024-10-13 16:59:01, , , ,46.1000,1984.0000,1984.0000,1984.0000,1984.0000,1984.0000,1984.0000,1984.0000,1984.0000,1984.0000,1984.0000,1984.0000,1984.0000,1984.0000,1984.0000
2024-10-13 16:59:01, , , ,46.1000,1984.0000,1984.0000,1984.0000,1984.0000,1984.0000,1984.0000,1984.0000,1984.0000,1984.0000,1984.0000,1984.0000,1984.0000,1984.0000,1984.0000
2024-10-13 16:59:01, , , ,46.1000,1984.0000,1984.0000,1984.0000,1984.0000,1984.0000,1984.0000,1984.0000,1984.0000,1984.0000,1984.0000,1984.0000,1984.0000,1984.0000,1984.0000
2024-10-13 16:59:01, , , ,46.1000,1984.0000,1984.0000,1984.0000,1984.0000,1984.0000,1984.0000,1984.0000,1984.0000,1984.0000,1984.0000,1984.0000,1984.0000,1984.0000,1984.0000
2024-10-13 16:59:01, , , ,46.1000,1984.0000,1984.0000,1984.0000,1984.0000,1984.0000,1984.0000,1984.0000,1984.0000,1984.0000,1984.0000,1984.0000,1984.0000,1984.0000,1984.0000
2024-10-13 16:59:01, , , ,46.1000,1984.0000,1984.0000,1984.0000,1984.0000,1984.0000,1984.0000,1984.0000,1984.0000,1984.0000,1984.0000,1984.0000,1984.0000,1984.0000,1984.0000
2024-10-13 16:59:02, , , ,46.1000,1984.0000,1984.0000,1984.0000,1984.0000,1984.0000,1984.0000,1984.0000,1984.0000,1984.0000,1984.0000,1984.0000,1984.0000,1984.0000,1984.0000
2024-10-13 16:59:02, , , ,46.1000,1984.0000,1984.0000,1984.0000,1984.0000,1984.0000,1984.0000,1984.0000,1984.0000,1984.0000,1984.0000,1984.0000,1984.0000,1984.0000,1984.0000
2024-10-13 16:59:02, , , ,46.1000,1984.0000,1984.0000,1984.0000,1984.0000,1984.0000,1984.0000,1984.0000,1984.0000,1984.0000,1984.0000,1984.0000,1984.0000,1984.0000,1984.0000
2024-10-13 16:59:02, , , ,46.1000,1984.0000,1984.0000,1984.0000,1984.0000,1984.0000,1984.0000,1984.0000,1984.0000,1984.0000,1984.0000,1984.0000,1984.0000,1984.0000,1984.0000
2024-10-13 16:59:02, , , ,46.1000,1984.0000,1984.0000,1984.0000,1984.0000,1984.0000,1984.0000,1984.0000,1984.0000,1984.0000,1984.0000,1984.0000,1984.0000,1984.0000,1984.0000
2024-10-13 16:59:02, , , ,46.1000,1984.0000,1984.0000,1984.0000,1984.0000,1984.0000,1984.0000,1984.0000,1984.0000,1984.0000,1984.0000,1984.0000,1984.0000,1984.0000,1984.0000
2024-10-13 16:59:03, , , ,46.1000,1984.0000,1984.0000,1984.0000,1984.0000,1984.0000,1984.0000,1984.0000,1984.0000,1984.0000,1984.0000,1984.0000,1984.0000,1984.0000,1984.0000
2024-10-13 16:59:03, , , ,46.1000,1984.0000,1984.0000,1984.0000,1984.0000,1984.0000,1984.0000,1984.0000,1984.0000,1984.0000,1984.0000,1984.0000,1984.0000,1984.0000,1984.0000
2024-10-13 16:59:03, , , ,46.1000,1984.0000,1984.0000,1984.0000,1984.0000,1984.0000,1984.0000,1984.0000,1984.0000,1984.0000,1984.0000,1984.0000,1984.0000,1984.0000,1984.0000
2024-10-13 16:59:03, , , ,46.1000,1984.0000,1984.0000,1984.0000,1984.0000,1984.0000,1984.0000,1984.0000,1984.0000,1984.0000,1984.0000,1984.0000,1984.0000,1984.0000,1984.0000
2024-10-13 16:59:03, , , ,46.1000,1984.0000,1984.0000,1984.0000,1984.0000,1984.0000,1984.0000,1984.0000,1984.0000,1984.0000,1984.0000,1984.0000,1984.0000,1984.0000,1984.0000
2024-10-13 16:59:03, , , ,46.1000,1984.0000,1984.0000,1984.0000,1984.0000,1984.0000,1984.0000,1984.0000,1984.0000,1984.0000,1984.0000,1984.0000,1984.0000,1984.0000,1984.0000
2024-10-13 16:59:04, , , ,46.1000,1984.0000,1984.0000,1984.0000,1984.0000,1984.0000,1984.0000,1984.0000,1984.0000,1984.0000,1984.0000,1984.0000,1984.0000,1984.0000,1984.0000
2024-10-13 16:59:04, , , ,46.1000,1984.0000,1984.0000,1984.0000,1984.0000,1984.0000,1984.0000,1984.0000,1984.0000,1984.0000,1984.0000,1984.0000,1984.0000,1984.0000,1984.0000
2024-10-13 16:59:04, , , ,46.1000,1984.0000,1984.0000,1984.0000,1984.0000,1984.0000,1984.0000,1984.0000,1984.0000,1984.0000,1984.0000,1984.0000,1984.0000,1984.0000,1984.0000
2024-10-13 16:59:04, , , ,46.0000,1984.0000,1984.0000,1984.0000,1984.0000,1984.0000,1984.0000,1984.0000,1984.0000,1984.0000,1984.0000,1984.0000,1984.0000,1984.0000,1984.0000
2024-10-13 16:59:04, , , ,46.0000,1984.0000,1984.0000,1984.0000,1984.0000,1984.0000,1984.0000,1984.0000,1984.0000,1984.0000,1984.0000,1984.0000,1984.0000,1984.0000,1984.0000
2024-10-13 16:59:04, , , ,46.0000,1984.0000,1984.0000,1984.0000,1984.0000,1984.0000,1984.0000,1984.0000,1984.0000,1984.0000,1984.0000,1984.0000,1984.0000,1984.0000,1984.0000
2024-10-13 16:59:05, , , ,46.0000,1984.0000,1984.0000,1984.0000,1984.0000,1984.0000,1984.0000,1984.0000,1984.0000,1984.0000,1984.0000,1984.0000,1984.0000,1984.0000,1984.0000
2024-10-13 16:59:05, , , ,46.0000,1984.0000,1984.0000,1984.0000,1984.0000,1984.0000,1984.0000,1984.0000,1984.0000,1984.0000,1984.0000,1984.0000,1984.0000,1984.0000,1984.0000
2024-10-13 16:59:05, , , ,45.9000,1984.0000,1984.0000,1984.0000,1984.0000,1984.0000,1984.0000,1984.0000,1984.0000,1984.0000,1984.0000,1984.0000,1984.0000,1984.0000,1984.0000
2024-10-13 16:59:05, , , ,45.9000,1984.0000,1984.0000,1984.0000,1984.0000,1984.0000,1984.0000,1984.0000,1984.0000,1984.0000,1984.0000,1984.0000,1984.0000,1984.0000,1984.0000
2024-10-13 16:59:05, , , ,45.9000,1984.0000,1984.0000,1984.0000,1984.0000,1984.0000,1984.0000,1984.0000,1984.0000,1984.0000,1984.0000,1984.0000,1984.0000,1984.0000,1984.0000
2024-10-13 16:59:05, , , ,45.9000,1984.0000,1984.0000,1984.0000,1984.0000,1984.0000,1984.0000,1984.0000,1984.0000,1984.0000,1984.0000,1984.0000,1984.0000,1984.0000,1984.0000
2024-10-13 16:59:05, , , ,45.9000,1984.0000,1984.0000,1984.0000,1984.0000,1984.0000,1984.0000,1984.0000,1984.0000,1984.0000,1984.0000,1984.0000,1984.0000,1984.0000,1984.0000
2024-10-13 16:59:06, , , ,45.8000,1984.0000,1984.0000,1984.0000,1984.0000,1984.0000,1984.0000,1984.0000,1984.0000,1984.0000,1984.0000,1984.0000,1984.0000,1984.0000,1984.0000
2024-10-13 16:59:06, , , ,45.8000,1984.0000,1984.0000,1984.0000,1984.0000,1984.0000,1984.0000,1984.0000,1984.0000,1984.0000,1984.0000,1984.0000,1984.0000,1984.0000,1984.0000
2024-10-13 16:59:06, , , ,45.8000,1984.0000,1984.0000,1984.0000,1984.0000,1984.0000,1984.0000,1984.0000,1984.0000,1984.0000,1984.0000,1984.0000,1984.0000,1984.0000,1984.0000
2024-10-13 16:59:06, , , ,45.8000,1984.0000,1984.0000,1984.0000,1984.0000,1984.0000,1984.0000,1984.0000,1984.0000,1984.0000,1984.0000,1984.0000,1984.0000,1984.0000,1984.0000
2024-10-13 16:59:06, , , ,45.8000,1984.0000,1984.0000,1984.0000,1984.0000,1984.0000,1984.0000,1984.0000,1984.0000,1984.0000,1984.0000,1984.0000,1984.0000,1984.0000,1984.0000
2024-10-13 16:59:06, , , ,45.8000,1984.0000,1984.0000,1984.0000,1984.0000,1984.0000,1984.0000,1984.0000,1984.0000,1984.0000,1984.0000,1984.0000,1984.0000,1984.0000,1984.0000
2024-10-13 16:59:07, , , ,45.8000,1984.0000,1984.0000,1984.0000,1984.0000,1984.0000,1984.0000,1984.0000,1984.0000,1984.0000,1984.0000,1984.0000,1984.0000,1984.0000,1984.0000
2024-10-13 16:59:07, , , ,45.8000,1984.0000,1984.0000,1984.0000,1984.0000,1984.0000,1984.0000,1984.0000,1984.0000,1984.0000,1984.0000,1984.0000,1984.0000,1984.0000,1984.0000
2024-10-13 16:59:07, , , ,45.7000,1984.0000,1984.0000,1984.0000,1984.0000,1984.0000,1984.0000,1984.0000,1984.0000,1984.0000,1984.0000,1984.0000,1984.0000,1984.0000,1984.0000
2024-10-13 16:59:07, , , ,45.7000,1984.0000,1984.0000,1984.0000,1984.0000,1984.0000,1984.0000,1984.0000,1984.0000,1984.0000,1984.0000,1984.0000,1984.0000,1984.0000,1984.0000
2024-10-13 16:59:07, , , ,45.7000,1984.0000,1984.0000,1984.0000,1984.0000,1984.0000,1984.0000,1984.0000,1984.0000,1984.0000,1984.0000,1984.0000,1984.0000,1984.0000,1984.0000
2024-10-13 16:59:07, , , ,45.7000,1984.0000,1984.0000,1984.0000,1984.0000,1984.0000,1984.0000,1984.0000,1984.0000,1984.0000,1984.0000,1984.0000,1984.0000,1984.0000,1984.0000
2024-10-13 16:59:08, , , ,45.7000,1984.0000,1984.0000,1984.0000,1984.0000,1984.0000,1984.0000,1984.0000,1984.0000,1984.0000,1984.0000,1984.0000,1984.0000,1984.0000,1984.0000
2024-10-13 16:59:08, , , ,45.7000,1984.0000,1984.0000,1984.0000,1984.0000,1984.0000,1984.0000,1984.0000,1984.0000,1984.0000,1984.0000,1984.0000,1984.0000,1984.0000,1984.0000
2024-10-13 16:59:08, , , ,45.7000,1984.0000,1984.0000,1984.0000,1984.0000,1984.0000,1984.0000,1984.0000,1984.0000,1984.0000,1984.0000,1984.0000,1984.0000,1984.0000,1984.0000
2024-10-13 16:59:08, , , ,45.7000,1984.0000,1984.0000,1984.0000,1984.0000,1984.0000,1984.0000,1984.0000,1984.0000,1984.0000,1984.0000,1984.0000,1984.0000,1984.0000,1984.0000
2024-10-13 16:59:08, , , ,45.7000,1984.0000,1984.0000,1984.0000,1984.0000,1984.0000,1984.0000,1984.0000,1984.0000,1984.0000,1984.0000,1984.0000,1984.0000,1984.0000,1984.0000
2024-10-13 16:59:08, , , ,45.7000,1984.0000,1984.0000,1984.0000,1984.0000,1984.0000,1984.0000,1984.0000,1984.0000,1984.0000,1984.0000,1984.0000,1984.0000,1984.0000,1984.0000
2024-10-13 16:59:08, , , ,45.7000,1984.0000,1984.0000,1984.0000,1984.0000,1984.0000,1984.0000,1984.0000,1984.0000,1984.0000,1984.0000,1984.0000,1984.0000,1984.0000,1984.0000
2024-10-13 16:59:09, , , ,45.7000,1984.0000,1984.0000,1984.0000,1984.0000,1984.0000,1984.0000,1984.0000,1984.0000,1984.0000,1984.0000,1984.0000,1984.0000,1984.0000,1984.0000
2024-10-13 16:59:09, , , ,45.7000,1984.0000,1984.0000,1984.0000,1984.0000,1984.0000,1984.0000,1984.0000,1984.0000,1984.0000,1984.0000,1984.0000,1984.0000,1984.0000,1984.0000
2024-10-13 16:59:09, , , ,45.7000,1984.0000,1984.0000,1984.0000,1984.0000,1984.0000,1984.0000,1984.0000,1984.0000,1984.0000,1984.0000,1984.0000,1984.0000,1984.0000,1984.0000
2024-10-13 16:59:09, , , ,45.7000,1984.0000,1984.0000,1984.0000,1984.0000,1984.0000,1984.0000,1984.0000,1984.0000,1984.0000,1984.0000,1984.0000,1984.0000,1984.0000,1984.0000
2024-10-13 16:59:09, , , ,45.6000,1984.0000,1984.0000,1984.0000,1984.0000,1984.0000,1984.0000,1984.0000,1984.0000,1984.0000,1984.0000,1984.0000,1984.0000,1984.0000,1984.0000
2024-10-13 16:59:09, , , ,45.6000,1984.0000,1984.0000,1984.0000,1984.0000,1984.0000,1984.0000,1984.0000,1984.0000,1984.0000,1984.0000,1984.0000,1984.0000,1984.0000,1984.0000
2024-10-13 16:59:10, , , ,45.5000,1984.0000,1984.0000,1984.0000,1984.0000,1984.0000,1984.0000,1984.0000,1984.0000,1984.0000,1984.0000,1984.0000,1984.0000,1984.0000,1984.0000
2024-10-13 16:59:10, , , ,45.5000,1984.0000,1984.0000,1984.0000,1984.0000,1984.0000,1984.0000,1984.0000,1984.0000,1984.0000,1984.0000,1984.0000,1984.0000,1984.0000,1984.0000
2024-10-13 16:59:10, , , ,45.4000,1984.0000,1984.0000,1984.0000,1984.0000,1984.0000,1984.0000,1984.0000,1984.0000,1984.0000,1984.0000,1984.0000,1984.0000,1984.0000,1984.0000
2024-10-13 16:59:10, , , ,45.4000,1984.0000,1984.0000,1984.0000,1984.0000,1984.0000,1984.0000,1984.0000,1984.0000,1984.0000,1984.0000,1984.0000,1984.0000,1984.0000,1984.0000
2024-10-13 16:59:10, , , ,45.4000,1984.0000,1984.0000,1984.0000,1984.0000,1984.0000,1984.0000,1984.0000,1984.0000,1984.0000,1984.0000,1984.0000,1984.0000,1984.0000,1984.0000
2024-10-13 16:59:10, , , ,45.4000,1984.0000,1984.0000,1984.0000,1984.0000,1984.0000,1984.0000,1984.0000,1984.0000,1984.0000,1984.0000,1984.0000,1984.0000,1984.0000,1984.0000
2024-10-13 16:59:11, , , ,45.4000,1984.0000,1984.0000,1984.0000,1984.0000,1984.0000,1984.0000,1984.0000,1984.0000,1984.0000,1984.0000,1984.0000,1984.0000,1984.0000,1984.0000
2024-10-13 16:59:11, , , ,45.4000,1984.0000,1984.0000,1984.0000,1984.0000,1984.0000,1984.0000,1984.0000,1984.0000,1984.0000,1984.0000,1984.0000,1984.0000,1984.0000,1984.0000
2024-10-13 16:59:11, , , ,45.4000,1984.0000,1984.0000,1984.0000,1984.0000,1984.0000,1984.0000,1984.0000,1984.0000,1984.0000,1984.0000,1984.0000,1984.0000,1984.0000,1984.0000
2024-10-13 16:59:11, , , ,45.4000,1984.0000,1984.0000,1984.0000,1984.0000,1984.0000,1984.0000,1984.0000,1984.0000,1984.0000,1984.0000,1984.0000,1984.0000,1984.0000,1984.0000
2024-10-13 16:59:11, , , ,45.4000,1984.0000,1984.0000,1984.0000,1984.0000,1984.0000,1984.0000,1984.0000,1984.0000,1984.0000,1984.0000,1984.0000,1984.0000,1984.0000,1984.0000
2024-10-13 16:59:11, , , ,45.4000,1984.0000,1984.0000,1984.0000,1984.0000,1984.0000,1984.0000,1984.0000,1984.0000,1984.0000,1984.0000,1984.0000,1984.0000,1984.0000,1984.0000
2024-10-13 16:59:11, , , ,45.4000,1984.0000,1984.0000,1984.0000,1984.0000,1984.0000,1984.0000,1984.0000,1984.0000,1984.0000,1984.0000,1984.0000,1984.0000,1984.0000,1984.0000
2024-10-13 16:59:12, , , ,45.4000,1984.0000,1984.0000,1984.0000,1984.0000,1984.0000,1984.0000,1984.0000,1984.0000,1984.0000,1984.0000,1984.0000,1984.0000,1984.0000,1984.0000
2024-10-13 16:59:12, , , ,45.4000,1984.0000,1984.0000,1984.0000,1984.0000,1984.0000,1984.0000,1984.0000,1984.0000,1984.0000,1984.0000,1984.0000,1984.0000,1984.0000,1984.0000
2024-10-13 16:59:12, , , ,45.4000,1984.0000,1984.0000,1984.0000,1984.0000,1984.0000,1984.0000,1984.0000,1984.0000,1984.0000,1984.0000,1984.0000,1984.0000,1984.0000,1984.0000
2024-10-13 16:59:12, , , ,45.4000,1984.0000,1984.0000,1984.0000,1984.0000,1984.0000,1984.0000,1984.0000,1984.0000,1984.0000,1984.0000,1984.0000,1984.0000,1984.0000,1984.0000
2024-10-13 16:59:12, , , ,45.4000,1984.0000,1984.0000,1984.0000,1984.0000,1984.0000,1984.0000,1984.0000,1984.0000,1984.0000,1984.0000,1984.0000,1984.0000,1984.0000,1984.0000
2024-10-13 16:59:12, , , ,45.4000,1984.0000,1984.0000,1984.0000,1984.0000,1984.0000,1984.0000,1984.0000,1984.0000,1984.0000,1984.0000,1984.0000,1984.0000,1984.0000,1984.0000
2024-10-13 16:59:13, , , ,45.4000,1984.0000,1984.0000,1984.0000,1984.0000,1984.0000,1984.0000,1984.0000,1984.0000,1984.0000,1984.0000,1984.0000,1984.0000,1984.0000,1984.0000
2024-10-13 16:59:13, , , ,45.4000,1984.0000,1984.0000,1984.0000,1984.0000,1984.0000,1984.0000,1984.0000,1984.0000,1984.0000,1984.0000,1984.0000,1984.0000,1984.0000,1984.0000
2024-10-13 16:59:13, , , ,45.4000,1984.0000,1984.0000,1984.0000,1984.0000,1984.0000,1984.0000,1984.0000,1984.0000,1984.0000,1984.0000,1984.0000,1984.0000,1984.0000,1984.0000
2024-10-13 16:59:13, , , ,45.4000,1984.0000,1984.0000,1984.0000,1984.0000,1984.0000,1984.0000,1984.0000,1984.0000,1984.0000,1984.0000,1984.0000,1984.0000,1984.0000,1984.0000
2024-10-13 16:59:13, , , ,45.4000,1984.0000,1984.0000,1984.0000,1984.0000,1984.0000,1984.0000,1984.0000,1984.0000,1984.0000,1984.0000,1984.0000,1984.0000,1984.0000,1984.0000
2024-10-13 16:59:13, , , ,45.4000,1984.0000,1984.0000,1984.0000,1984.0000,1984.0000,1984.0000,1984.0000,1984.0000,1984.0000,1984.0000,1984.0000,1984.0000,1984.0000,1984.0000
2024-10-13 16:59:14, , , ,45.4000,1984.0000,1984.0000,1984.0000,1984.0000,1984.0000,1984.0000,1984.0000,1984.0000,1984.0000,1984.0000,1984.0000,1984.0000,1984.0000,1984.0000
2024-10-13 16:59:14, , , ,45.2000,1984.0000,1984.0000,1984.0000,1984.0000,1984.0000,1984.0000,1984.0000,1984.0000,1984.0000,1984.0000,1984.0000,1984.0000,1984.0000,1984.0000
2024-10-13 16:59:14, , , ,45.2000,1984.0000,1984.0000,1984.0000,1984.0000,1984.0000,1984.0000,1984.0000,1984.0000,1984.0000,1984.0000,1984.0000,1984.0000,1984.0000,1984.0000
2024-10-13 16:59:14, , , ,45.0000,1984.0000,1984.0000,1984.0000,1984.0000,1984.0000,1984.0000,1984.0000,1984.0000,1984.0000,1984.0000,1984.0000,1984.0000,1984.0000,1984.0000
2024-10-13 16:59:14, , , ,45.0000,1984.0000,1984.0000,1984.0000,1984.0000,1984.0000,1984.0000,1984.0000,1984.0000,1984.0000,1984.0000,1984.0000,1984.0000,1984.0000,1984.0000
2024-10-13 16:59:14, , , ,45.0000,1984.0000,1984.0000,1984.0000,1984.0000,1984.0000,1984.0000,1984.0000,1984.0000,1984.0000,1984.0000,1984.0000,1984.0000,1984.0000,1984.0000
2024-10-13 16:59:15, , , ,45.0000,1984.0000,1984.0000,1984.0000,1984.0000,1984.0000,1984.0000,1984.0000,1984.0000,1984.0000,1984.0000,1984.0000,1984.0000,1984.0000,1984.0000
2024-10-13 16:59:15, , , ,45.0000,1984.0000,1984.0000,1984.0000,1984.0000,1984.0000,1984.0000,1984.0000,1984.0000,1984.0000,1984.0000,1984.0000,1984.0000,1984.0000,1984.0000
2024-10-13 16:59:15, , , ,45.0000,1984.0000,1984.0000,1984.0000,1984.0000,1984.0000,1984.0000,1984.0000,1984.0000,1984.0000,1984.0000,1984.0000,1984.0000,1984.0000,1984.0000
2024-10-13 16:59:15, , , ,45.0000,1984.0000,1984.0000,1984.0000,1984.0000,1984.0000,1984.0000,1984.0000,1984.0000,1984.0000,1984.0000,1984.0000,1984.0000,1984.0000,1984.0000
2024-10-13 16:59:15, , , ,45.0000,1984.0000,1984.0000,1984.0000,1984.0000,1984.0000,1984.0000,1984.0000,1984.0000,1984.0000,1984.0000,1984.0000,1984.0000,1984.0000,1984.0000
2024-10-13 16:59:15, , , ,45.0000,1984.0000,1984.0000,1984.0000,1984.0000,1984.0000,1984.0000,1984.0000,1984.0000,1984.0000,1984.0000,1984.0000,1984.0000,1984.0000,1984.0000
2024-10-13 16:59:15, , , ,45.0000,1984.0000,1984.0000,1984.0000,1984.0000,1984.0000,1984.0000,1984.0000,1984.0000,1984.0000,1984.0000,1984.0000,1984.0000,1984.0000,1984.0000
2024-10-13 16:59:16, , , ,45.0000,1984.0000,1984.0000,1984.0000,1984.0000,1984.0000,1984.0000,1984.0000,1984.0000,1984.0000,1984.0000,1984.0000,1984.0000,1984.0000,1984.0000
2024-10-13 16:59:16, , , ,45.0000,1984.0000,1984.0000,1984.0000,1984.0000,1984.0000,1984.0000,1984.0000,1984.0000,1984.0000,1984.0000,1984.0000,1984.0000,1984.0000,1984.0000
2024-10-13 16:59:16, , , ,45.0000,1984.0000,1984.0000,1984.0000,1984.0000,1984.0000,1984.0000,1984.0000,1984.0000,1984.0000,1984.0000,1984.0000,1984.0000,1984.0000,1984.0000
2024-10-13 16:59:16, , , ,45.0000,1984.0000,1984.0000,1984.0000,1984.0000,1984.0000,1984.0000,1984.0000,1984.0000,1984.0000,1984.0000,1984.0000,1984.0000,1984.0000,1984.0000
2024-10-13 16:59:16, , , ,45.0000,1984.0000,1984.0000,1984.0000,1984.0000,1984.0000,1984.0000,1984.0000,1984.0000,1984.0000,1984.0000,1984.0000,1984.0000,1984.0000,1984.0000
2024-10-13 16:59:16, , , ,45.0000,1984.0000,1984.0000,1984.0000,1984.0000,1984.0000,1984.0000,1984.0000,1984.0000,1984.0000,1984.0000,1984.0000,1984.0000,1984.0000,1984.0000
2024-10-13 16:59:17, , , ,45.0000,1984.0000,1984.0000,1984.0000,1984.0000,1984.0000,1984.0000,1984.0000,1984.0000,1984.0000,1984.0000,1984.0000,1984.0000,1984.0000,1984.0000
2024-10-13 16:59:17, , , ,45.0000,1984.0000,1984.0000,1984.0000,1984.0000,1984.0000,1984.0000,1984.0000,1984.0000,1984.0000,1984.0000,1984.0000,1984.0000,1984.0000,1984.0000
2024-10-13 16:59:17, , , ,45.0000,1984.0000,1984.0000,1984.0000,1984.0000,1984.0000,1984.0000,1984.0000,1984.0000,1984.0000,1984.0000,1984.0000,1984.0000,1984.0000,1984.0000
2024-10-13 16:59:17, , , ,45.0000,1984.0000,1984.0000,1984.0000,1984.0000,1984.0000,1984.0000,1984.0000,1984.0000,1984.0000,1984.0000,1984.0000,1984.0000,1984.0000,1984.0000
2024-10-13 16:59:17, , , ,45.0000,1984.0000,1984.0000,1984.0000,1984.0000,1984.0000,1984.0000,1984.0000,1984.0000,1984.0000,1984.0000,1984.0000,1984.0000,1984.0000,1984.0000
2024-10-13 16:59:17, , , ,45.0000,1984.0000,1984.0000,1984.0000,1984.0000,1984.0000,1984.0000,1984.0000,1984.0000,1984.0000,1984.0000,1984.0000,1984.0000,1984.0000,1984.0000
2024-10-13 16:59:18, , , ,45.0000,1984.0000,1984.0000,1984.0000,1984.0000,1984.0000,1984.0000,1984.0000,1984.0000,1984.0000,1984.0000,1984.0000,1984.0000,1984.0000,1984.0000
2024-10-13 16:59:18, , , ,45.0000,1984.0000,1984.0000,1984.0000,1984.0000,1984.0000,1984.0000,1984.0000,1984.0000,1984.0000,1984.0000,1984.0000,1984.0000,1984.0000,1984.0000
2024-10-13 16:59:18, , , ,45.0000,1984.0000,1984.0000,1984.0000,1984.0000,1984.0000,1984.0000,1984.0000,1984.0000,1984.0000,1984.0000,1984.0000,1984.0000,1984.0000,1984.0000
2024-10-13 16:59:18, , , ,45.0000,1984.0000,1984.0000,1984.0000,1984.0000,1984.0000,1984.0000,1984.0000,1984.0000,1984.0000,1984.0000,1984.0000,1984.0000,1984.0000,1984.0000
2024-10-13 16:59:18, , , ,45.0000,1984.0000,1984.0000,1984.0000,1984.0000,1984.0000,1984.0000,1984.0000,1984.0000,1984.0000,1984.0000,1984.0000,1984.0000,1984.0000,1984.0000
2024-10-13 16:59:18, , , ,45.0000,1984.0000,1984.0000,1984.0000,1984.0000,1984.0000,1984.0000,1984.0000,1984.0000,1984.0000,1984.0000,1984.0000,1984.0000,1984.0000,1984.0000
2024-10-13 16:59:19, , , ,45.1000,1984.0000,1984.0000,1984.0000,1984.0000,1984.0000,1984.0000,1984.0000,1984.0000,1984.0000,1984.0000,1984.0000,1984.0000,1984.0000,1984.0000
2024-10-13 16:59:19, , , ,45.1000,1984.0000,1984.0000,1984.0000,1984.0000,1984.0000,1984.0000,1984.0000,1984.0000,1984.0000,1984.0000,1984.0000,1984.0000,1984.0000,1984.0000
2024-10-13 16:59:19, , , ,45.1000,1984.0000,1984.0000,1984.0000,1984.0000,1984.0000,1984.0000,1984.0000,1984.0000,1984.0000,1984.0000,1984.0000,1984.0000,1984.0000,1984.0000
2024-10-13 16:59:19, , , ,45.1000,1984.0000,1984.0000,1984.0000,1984.0000,1984.0000,1984.0000,1984.0000,1984.0000,1984.0000,1984.0000,1984.0000,1984.0000,1984.0000,1984.0000
2024-10-13 16:59:19, , , ,45.1000,1984.0000,1984.0000,1984.0000,1984.0000,1984.0000,1984.0000,1984.0000,1984.0000,1984.0000,1984.0000,1984.0000,1984.0000,1984.0000,1984.0000
2024-10-13 16:59:19, , , ,45.1000,1984.0000,1984.0000,1984.0000,1984.0000,1984.0000,1984.0000,1984.0000,1984.0000,1984.0000,1984.0000,1984.0000,1984.0000,1984.0000,1984.0000
2024-10-13 16:59:20, , , ,45.1000,1984.0000,1984.0000,1984.0000,1984.0000,1984.0000,1984.0000,1984.0000,1984.0000,1984.0000,1984.0000,1984.0000,1984.0000,1984.0000,1984.0000
2024-10-13 16:59:20, , , ,45.1000,1984.0000,1984.0000,1984.0000,1984.0000,1984.0000,1984.0000,1984.0000,1984.0000,1984.0000,1984.0000,1984.0000,1984.0000,1984.0000,1984.0000
2024-10-13 16:59:20, , , ,45.1000,1984.0000,1984.0000,1984.0000,1984.0000,1984.0000,1984.0000,1984.0000,1984.0000,1984.0000,1984.0000,1984.0000,1984.0000,1984.0000,1984.0000
2024-10-13 16:59:20, , , ,45.1000,1984.0000,1984.0000,1984.0000,1984.0000,1984.0000,1984.0000,1984.0000,1984.0000,1984.0000,1984.0000,1984.0000,1984.0000,1984.0000,1984.0000
2024-10-13 16:59:20, , , ,45.1000,1984.0000,1984.0000,1984.0000,1984.0000,1984.0000,1984.0000,1984.0000,1984.0000,1984.0000,1984.0000,1984.0000,1984.0000,1984.0000,1984.0000
2024-10-13 16:59:20, , , ,45.1000,1984.0000,1984.0000,1984.0000,1984.0000,1984.0000,1984.0000,1984.0000,1984.0000,1984.0000,1984.0000,1984.0000,1984.0000,1984.0000,1984.0000
2024-10-13 16:59:20, , , ,45.0000,1984.0000,1984.0000,1984.0000,1984.0000,1984.0000,1984.0000,1984.0000,1984.0000,1984.0000,1984.0000,1984.0000,1984.0000,1984.0000,1984.0000
2024-10-13 16:59:21, , , ,45.0000,1984.0000,1984.0000,1984.0000,1984.0000,1984.0000,1984.0000,1984.0000,1984.0000,1984.0000,1984.0000,1984.0000,1984.0000,1984.0000,1984.0000
2024-10-13 16:59:21, , , ,44.9000,1984.0000,1984.0000,1984.0000,1984.0000,1984.0000,1984.0000,1984.0000,1984.0000,1984.0000,1984.0000,1984.0000,1984.0000,1984.0000,1984.0000
2024-10-13 16:59:21, , , ,44.9000,1984.0000,1984.0000,1984.0000,1984.0000,1984.0000,1984.0000,1984.0000,1984.0000,1984.0000,1984.0000,1984.0000,1984.0000,1984.0000,1984.0000
2024-10-13 16:59:21, , , ,44.9000,1984.0000,1984.0000,1984.0000,1984.0000,1984.0000,1984.0000,1984.0000,1984.0000,1984.0000,1984.0000,1984.0000,1984.0000,1984.0000,1984.0000
2024-10-13 16:59:21, , , ,44.9000,1984.0000,1984.0000,1984.0000,1984.0000,1984.0000,1984.0000,1984.0000,1984.0000,1984.0000,1984.0000,1984.0000,1984.0000,1984.0000,1984.0000
2024-10-13 16:59:21, , , ,44.8000,1984.0000,1984.0000,1984.0000,1984.0000,1984.0000,1984.0000,1984.0000,1984.0000,1984.0000,1984.0000,1984.0000,1984.0000,1984.0000,1984.0000
2024-10-13 16:59:22, , , ,44.8000,1984.0000,1984.0000,1984.0000,1984.0000,1984.0000,1984.0000,1984.0000,1984.0000,1984.0000,1984.0000,1984.0000,1984.0000,1984.0000,1984.0000
2024-10-13 16:59:22, , , ,44.8000,1984.0000,1984.0000,1984.0000,1984.0000,1984.0000,1984.0000,1984.0000,1984.0000,1984.0000,1984.0000,1984.0000,1984.0000,1984.0000,1984.0000
2024-10-13 16:59:22, , , ,44.8000,1984.0000,1984.0000,1984.0000,1984.0000,1984.0000,1984.0000,1984.0000,1984.0000,1984.0000,1984.0000,1984.0000,1984.0000,1984.0000,1984.0000
2024-10-13 16:59:22, , , ,44.8000,1984.0000,1984.0000,1984.0000,1984.0000,1984.0000,1984.0000,1984.0000,1984.0000,1984.0000,1984.0000,1984.0000,1984.0000,1984.0000,1984.0000
2024-10-13 16:59:22, , , ,44.8000,1984.0000,1984.0000,1984.0000,1984.0000,1984.0000,1984.0000,1984.0000,1984.0000,1984.0000,1984.0000,1984.0000,1984.0000,1984.0000,1984.0000
2024-10-13 16:59:22, , , ,44.8000,1984.0000,1984.0000,1984.0000,1984.0000,1984.0000,1984.0000,1984.0000,1984.0000,1984.0000,1984.0000,1984.0000,1984.0000,1984.0000,1984.0000
2024-10-13 16:59:23, , , ,44.8000,1984.0000,1984.0000,1984.0000,1984.0000,1984.0000,1984.0000,1984.0000,1984.0000,1984.0000,1984.0000,1984.0000,1984.0000,1984.0000,1984.0000
2024-10-13 16:59:23, , , ,44.8000,1984.0000,1984.0000,1984.0000,1984.0000,1984.0000,1984.0000,1984.0000,1984.0000,1984.0000,1984.0000,1984.0000,1984.0000,1984.0000,1984.0000
2024-10-13 16:59:23, , , ,44.8000,1984.0000,1984.0000,1984.0000,1984.0000,1984.0000,1984.0000,1984.0000,1984.0000,1984.0000,1984.0000,1984.0000,1984.0000,1984.0000,1984.0000
2024-10-13 16:59:23, , , ,44.8000,1984.0000,1984.0000,1984.0000,1984.0000,1984.0000,1984.0000,1984.0000,1984.0000,1984.0000,1984.0000,1984.0000,1984.0000,1984.0000,1984.0000
2024-10-13 16:59:23, , , ,44.8000,1984.0000,1984.0000,1984.0000,1984.0000,1984.0000,1984.0000,1984.0000,1984.0000,1984.0000,1984.0000,1984.0000,1984.0000,1984.0000,1984.0000
2024-10-13 16:59:23, , , ,44.7000,1984.0000,1984.0000,1984.0000,1984.0000,1984.0000,1984.0000,1984.0000,1984.0000,1984.0000,1984.0000,1984.0000,1984.0000,1984.0000,1984.0000
2024-10-13 16:59:23, , , ,44.6000,1984.0000,1984.0000,1984.0000,1984.0000,1984.0000,1984.0000,1984.0000,1984.0000,1984.0000,1984.0000,1984.0000,1984.0000,1984.0000,1984.0000
2024-10-13 16:59:24, , , ,44.6000,1984.0000,1984.0000,1984.0000,1984.0000,1984.0000,1984.0000,1984.0000,1984.0000,1984.0000,1984.0000,1984.0000,1984.0000,1984.0000,1984.0000
2024-10-13 16:59:24, , , ,44.6000,1984.0000,1984.0000,1984.0000,1984.0000,1984.0000,1984.0000,1984.0000,1984.0000,1984.0000,1984.0000,1984.0000,1984.0000,1984.0000,1984.0000
2024-10-13 16:59:24, , , ,44.6000,1984.0000,1984.0000,1984.0000,1984.0000,1984.0000,1984.0000,1984.0000,1984.0000,1984.0000,1984.0000,1984.0000,1984.0000,1984.0000,1984.0000
2024-10-13 16:59:24, , , ,44.6000,1984.0000,1984.0000,1984.0000,1984.0000,1984.0000,1984.0000,1984.0000,1984.0000,1984.0000,1984.0000,1984.0000,1984.0000,1984.0000,1984.0000
2024-10-13 16:59:24, , , ,44.6000,1984.0000,1984.0000,1984.0000,1984.0000,1984.0000,1984.0000,1984.0000,1984.0000,1984.0000,1984.0000,1984.0000,1984.0000,1984.0000,1984.0000
2024-10-13 16:59:24, , , ,44.5000,1984.0000,1984.0000,1984.0000,1984.0000,1984.0000,1984.0000,1984.0000,1984.0000,1984.0000,1984.0000,1984.0000,1984.0000,1984.0000,1984.0000
2024-10-13 16:59:25, , , ,44.5000,1984.0000,1984.0000,1984.0000,1984.0000,1984.0000,1984.0000,1984.0000,1984.0000,1984.0000,1984.0000,1984.0000,1984.0000,1984.0000,1984.0000
2024-10-13 16:59:25, , , ,44.5000,1984.0000,1984.0000,1984.0000,1984.0000,1984.0000,1984.0000,1984.0000,1984.0000,1984.0000,1984.0000,1984.0000,1984.0000,1984.0000,1984.0000
2024-10-13 16:59:25, , , ,44.5000,1984.0000,1984.0000,1984.0000,1984.0000,1984.0000,1984.0000,1984.0000,1984.0000,1984.0000,1984.0000,1984.0000,1984.0000,1984.0000,1984.0000
2024-10-13 16:59:25, , , ,44.5000,1984.0000,1984.0000,1984.0000,1984.0000,1984.0000,1984.0000,1984.0000,1984.0000,1984.0000,1984.0000,1984.0000,1984.0000,1984.0000,1984.0000
2024-10-13 16:59:25, , , ,44.4000,1984.0000,1984.0000,1984.0000,1984.0000,1984.0000,1984.0000,1984.0000,1984.0000,1984.0000,1984.0000,1984.0000,1984.0000,1984.0000,1984.0000
2024-10-13 16:59:25, , , ,44.4000,1984.0000,1984.0000,1984.0000,1984.0000,1984.0000,1984.0000,1984.0000,1984.0000,1984.0000,1984.0000,1984.0000,1984.0000,1984.0000,1984.0000
2024-10-13 16:59:26, , , ,44.4000,1984.0000,1984.0000,1984.0000,1984.0000,1984.0000,1984.0000,1984.0000,1984.0000,1984.0000,1984.0000,1984.0000,1984.0000,1984.0000,1984.0000
2024-10-13 16:59:26, , , ,44.4000,1984.0000,1984.0000,1984.0000,1984.0000,1984.0000,1984.0000,1984.0000,1984.0000,1984.0000,1984.0000,1984.0000,1984.0000,1984.0000,1984.0000
2024-10-13 16:59:26, , , ,44.4000,1984.0000,1984.0000,1984.0000,1984.0000,1984.0000,1984.0000,1984.0000,1984.0000,1984.0000,1984.0000,1984.0000,1984.0000,1984.0000,1984.0000
2024-10-13 16:59:26, , , ,44.4000,1984.0000,1984.0000,1984.0000,1984.0000,1984.0000,1984.0000,1984.0000,1984.0000,1984.0000,1984.0000,1984.0000,1984.0000,1984.0000,1984.0000
2024-10-13 16:59:26, , , ,44.4000,1984.0000,1984.0000,1984.0000,1984.0000,1984.0000,1984.0000,1984.0000,1984.0000,1984.0000,1984.0000,1984.0000,1984.0000,1984.0000,1984.0000
2024-10-13 16:59:26, , , ,44.4000,1984.0000,1984.0000,1984.0000,1984.0000,1984.0000,1984.0000,1984.0000,1984.0000,1984.0000,1984.0000,1984.0000,1984.0000,1984.0000,1984.0000
2024-10-13 16:59:27, , , ,44.4000,1984.0000,1984.0000,1984.0000,1984.0000,1984.0000,1984.0000,1984.0000,1984.0000,1984.0000,1984.0000,1984.0000,1984.0000,1984.0000,1984.0000
2024-10-13 16:59:27, , , ,44.4000,1984.0000,1984.0000,1984.0000,1984.0000,1984.0000,1984.0000,1984.0000,1984.0000,1984.0000,1984.0000,1984.0000,1984.0000,1984.0000,1984.0000
2024-10-13 16:59:27, , , ,44.4000,1984.0000,1984.0000,1984.0000,1984.0000,1984.0000,1984.0000,1984.0000,1984.0000,1984.0000,1984.0000,1984.0000,1984.0000,1984.0000,1984.0000
2024-10-13 16:59:27, , , ,44.3000,1984.0000,1984.0000,1984.0000,1984.0000,1984.0000,1984.0000,1984.0000,1984.0000,1984.0000,1984.0000,1984.0000,1984.0000,1984.0000,1984.0000
2024-10-13 16:59:27, , , ,44.3000,1984.0000,1984.0000,1984.0000,1984.0000,1984.0000,1984.0000,1984.0000,1984.0000,1984.0000,1984.0000,1984.0000,1984.0000,1984.0000,1984.0000
2024-10-13 16:59:27, , , ,44.2000,1984.0000,1984.0000,1984.0000,1984.0000,1984.0000,1984.0000,1984.0000,1984.0000,1984.0000,1984.0000,1984.0000,1984.0000,1984.0000,1984.0000
2024-10-13 16:59:28, , , ,44.2000,1984.0000,1984.0000,1984.0000,1984.0000,1984.0000,1984.0000,1984.0000,1984.0000,1984.0000,1984.0000,1984.0000,1984.0000,1984.0000,1984.0000
2024-10-13 16:59:28, , , ,44.2000,1984.0000,1984.0000,1984.0000,1984.0000,1984.0000,1984.0000,1984.0000,1984.0000,1984.0000,1984.0000,1984.0000,1984.0000,1984.0000,1984.0000
2024-10-13 16:59:28, , , ,44.1000,1984.0000,1984.0000,1984.0000,1984.0000,1984.0000,1984.0000,1984.0000,1984.0000,1984.0000,1984.0000,1984.0000,1984.0000,1984.0000,1984.0000
2024-10-13 16:59:28, , , ,44.1000,1984.0000,1984.0000,1984.0000,1984.0000,1984.0000,1984.0000,1984.0000,1984.0000,1984.0000,1984.0000,1984.0000,1984.0000,1984.0000,1984.0000
2024-10-13 16:59:28, , , ,44.1000,1984.0000,1984.0000,1984.0000,1984.0000,1984.0000,1984.0000,1984.0000,1984.0000,1984.0000,1984.0000,1984.0000,1984.0000,1984.0000,1984.0000
2024-10-13 16:59:28, , , ,44.1000,1984.0000,1984.0000,1984.0000,1984.0000,1984.0000,1984.0000,1984.0000,1984.0000,1984.0000,1984.0000,1984.0000,1984.0000,1984.0000,1984.0000
2024-10-13 16:59:29, , , ,44.1000,1984.0000,1984.0000,1984.0000,1984.0000,1984.0000,1984.0000,1984.0000,1984.0000,1984.0000,1984.0000,1984.0000,1984.0000,1984.0000,1984.0000
2024-10-13 16:59:29, , , ,44.1000,1984.0000,1984.0000,1984.0000,1984.0000,1984.0000,1984.0000,1984.0000,1984.0000,1984.0000,1984.0000,1984.0000,1984.0000,1984.0000,1984.0000
2024-10-13 16:59:29, , , ,44.1000,1984.0000,1984.0000,1984.0000,1984.0000,1984.0000,1984.0000,1984.0000,1984.0000,1984.0000,1984.0000,1984.0000,1984.0000,1984.0000,1984.0000
2024-10-13 16:59:29, , , ,44.1000,1984.0000,1984.0000,1984.0000,1984.0000,1984.0000,1984.0000,1984.0000,1984.0000,1984.0000,1984.0000,1984.0000,1984.0000,1984.0000,1984.0000
2024-10-13 16:59:29, , , ,44.1000,1984.0000,1984.0000,1984.0000,1984.0000,1984.0000,1984.0000,1984.0000,1984.0000,1984.0000,1984.0000,1984.0000,1984.0000,1984.0000,1984.0000
2024-10-13 16:59:29, , , ,44.1000,1984.0000,1984.0000,1984.0000,1984.0000,1984.0000,1984.0000,1984.0000,1984.0000,1984.0000,1984.0000,1984.0000,1984.0000,1984.0000,1984.0000
2024-10-13 16:59:29, , , ,44.1000,1984.0000,1984.0000,1984.0000,1984.0000,1984.0000,1984.0000,1984.0000,1984.0000,1984.0000,1984.0000,1984.0000,1984.0000,1984.0000,1984.0000
2024-10-13 16:59:30, , , ,44.1000,1984.0000,1984.0000,1984.0000,1984.0000,1984.0000,1984.0000,1984.0000,1984.0000,1984.0000,1984.0000,1984.0000,1984.0000,1984.0000,1984.0000
2024-10-13 16:59:30, , , ,44.1000,1984.0000,1984.0000,1984.0000,1984.0000,1984.0000,1984.0000,1984.0000,1984.0000,1984.0000,1984.0000,1984.0000,1984.0000,1984.0000,1984.0000
2024-10-13 16:59:30, , , ,44.1000,1984.0000,1984.0000,1984.0000,1984.0000,1984.0000,1984.0000,1984.0000,1984.0000,1984.0000,1984.0000,1984.0000,1984.0000,1984.0000,1984.0000
2024-10-13 16:59:30, , , ,44.1000,1984.0000,1984.0000,1984.0000,1984.0000,1984.0000,1984.0000,1984.0000,1984.0000,1984.0000,1984.0000,1984.0000,1984.0000,1984.0000,1984.0000
2024-10-13 16:59:30, , , ,44.1000,1984.0000,1984.0000,1984.0000,1984.0000,1984.0000,1984.0000,1984.0000,1984.0000,1984.0000,1984.0000,1984.0000,1984.0000,1984.0000,1984.0000
2024-10-13 16:59:30, , , ,44.1000,1984.0000,1984.0000,1984.0000,1984.0000,1984.0000,1984.0000,1984.0000,1984.0000,1984.0000,1984.0000,1984.0000,1984.0000,1984.0000,1984.0000
2024-10-13 16:59:31, , , ,44.1000,1984.0000,1984.0000,1984.0000,1984.0000,1984.0000,1984.0000,1984.0000,1984.0000,1984.0000,1984.0000,1984.0000,1984.0000,1984.0000,1984.0000
2024-10-13 16:59:31, , , ,44.1000,1984.0000,1984.0000,1984.0000,1984.0000,1984.0000,1984.0000,1984.0000,1984.0000,1984.0000,1984.0000,1984.0000,1984.0000,1984.0000,1984.0000
2024-10-13 16:59:31, , , ,44.1000,1984.0000,1984.0000,1984.0000,1984.0000,1984.0000,1984.0000,1984.0000,1984.0000,1984.0000,1984.0000,1984.0000,1984.0000,1984.0000,1984.0000
2024-10-13 16:59:31, , , ,44.1000,1984.0000,1984.0000,1984.0000,1984.0000,1984.0000,1984.0000,1984.0000,1984.0000,1984.0000,1984.0000,1984.0000,1984.0000,1984.0000,1984.0000
2024-10-13 16:59:31, , , ,44.1000,1984.0000,1984.0000,1984.0000,1984.0000,1984.0000,1984.0000,1984.0000,1984.0000,1984.0000,1984.0000,1984.0000,1984.0000,1984.0000,1984.0000
2024-10-13 16:59:31, , , ,44.1000,1984.0000,1984.0000,1984.0000,1984.0000,1984.0000,1984.0000,1984.0000,1984.0000,1984.0000,1984.0000,1984.0000,1984.0000,1984.0000,1984.0000
2024-10-13 16:59:32, , , ,44.1000,1984.0000,1984.0000,1984.0000,1984.0000,1984.0000,1984.0000,1984.0000,1984.0000,1984.0000,1984.0000,1984.0000,1984.0000,1984.0000,1984.0000
2024-10-13 16:59:32, , , ,44.1000,1984.0000,1984.0000,1984.0000,1984.0000,1984.0000,1984.0000,1984.0000,1984.0000,1984.0000,1984.0000,1984.0000,1984.0000,1984.0000,1984.0000
2024-10-13 16:59:32, , , ,44.1000,1984.0000,1984.0000,1984.0000,1984.0000,1984.0000,1984.0000,1984.0000,1984.0000,1984.0000,1984.0000,1984.0000,1984.0000,1984.0000,1984.0000
2024-10-13 16:59:32, , , ,44.1000,1984.0000,1984.0000,1984.0000,1984.0000,1984.0000,1984.0000,1984.0000,1984.0000,1984.0000,1984.0000,1984.0000,1984.0000,1984.0000,1984.0000
2024-10-13 16:59:32, , , ,44.1000,1984.0000,1984.0000,1984.0000,1984.0000,1984.0000,1984.0000,1984.0000,1984.0000,1984.0000,1984.0000,1984.0000,1984.0000,1984.0000,1984.0000
2024-10-13 16:59:32, , , ,44.1000,1984.0000,1984.0000,1984.0000,1984.0000,1984.0000,1984.0000,1984.0000,1984.0000,1984.0000,1984.0000,1984.0000,1984.0000,1984.0000,1984.0000
2024-10-13 16:59:32, , , ,44.0000,1984.0000,1984.0000,1984.0000,1984.0000,1984.0000,1984.0000,1984.0000,1984.0000,1984.0000,1984.0000,1984.0000,1984.0000,1984.0000,1984.0000
2024-10-13 16:59:33, , , ,44.0000,1984.0000,1984.0000,1984.0000,1984.0000,1984.0000,1984.0000,1984.0000,1984.0000,1984.0000,1984.0000,1984.0000,1984.0000,1984.0000,1984.0000
2024-10-13 16:59:33, , , ,44.0000,1984.0000,1984.0000,1984.0000,1984.0000,1984.0000,1984.0000,1984.0000,1984.0000,1984.0000,1984.0000,1984.0000,1984.0000,1984.0000,1984.0000
2024-10-13 16:59:33, , , ,44.0000,1984.0000,1984.0000,1984.0000,1984.0000,1984.0000,1984.0000,1984.0000,1984.0000,1984.0000,1984.0000,1984.0000,1984.0000,1984.0000,1984.0000
2024-10-13 16:59:33, , , ,44.0000,1984.0000,1984.0000,1984.0000,1984.0000,1984.0000,1984.0000,1984.0000,1984.0000,1984.0000,1984.0000,1984.0000,1984.0000,1984.0000,1984.0000
2024-10-13 16:59:33, , , ,44.0000,1984.0000,1984.0000,1984.0000,1984.0000,1984.0000,1984.0000,1984.0000,1984.0000,1984.0000,1984.0000,1984.0000,1984.0000,1984.0000,1984.0000
2024-10-13 16:59:33, , , ,43.9000,1984.0000,1984.0000,1984.0000,1984.0000,1984.0000,1984.0000,1984.0000,1984.0000,1984.0000,1984.0000,1984.0000,1984.0000,1984.0000,1984.0000
2024-10-13 16:59:34, , , ,43.9000,1984.0000,1984.0000,1984.0000,1984.0000,1984.0000,1984.0000,1984.0000,1984.0000,1984.0000,1984.0000,1984.0000,1984.0000,1984.0000,1984.0000
2024-10-13 16:59:34, , , ,43.9000,1984.0000,1984.0000,1984.0000,1984.0000,1984.0000,1984.0000,1984.0000,1984.0000,1984.0000,1984.0000,1984.0000,1984.0000,1984.0000,1984.0000
2024-10-13 16:59:34, , , ,43.9000,1984.0000,1984.0000,1984.0000,1984.0000,1984.0000,1984.0000,1984.0000,1984.0000,1984.0000,1984.0000,1984.0000,1984.0000,1984.0000,1984.0000
2024-10-13 16:59:34, , , ,43.9000,1984.0000,1984.0000,1984.0000,1984.0000,1984.0000,1984.0000,1984.0000,1984.0000,1984.0000,1984.0000,1984.0000,1984.0000,1984.0000,1984.0000
2024-10-13 16:59:34, , , ,43.9000,1984.0000,1984.0000,1984.0000,1984.0000,1984.0000,1984.0000,1984.0000,1984.0000,1984.0000,1984.0000,1984.0000,1984.0000,1984.0000,1984.0000
2024-10-13 16:59:34, , , ,44.0000,1984.0000,1984.0000,1984.0000,1984.0000,1984.0000,1984.0000,1984.0000,1984.0000,1984.0000,1984.0000,1984.0000,1984.0000,1984.0000,1984.0000
2024-10-13 16:59:35, , , ,44.0000,1984.0000,1984.0000,1984.0000,1984.0000,1984.0000,1984.0000,1984.0000,1984.0000,1984.0000,1984.0000,1984.0000,1984.0000,1984.0000,1984.0000
2024-10-13 16:59:35, , , ,43.9000,1984.0000,1984.0000,1984.0000,1984.0000,1984.0000,1984.0000,1984.0000,1984.0000,1984.0000,1984.0000,1984.0000,1984.0000,1984.0000,1984.0000
2024-10-13 16:59:35, , , ,43.9000,1984.0000,1984.0000,1984.0000,1984.0000,1984.0000,1984.0000,1984.0000,1984.0000,1984.0000,1984.0000,1984.0000,1984.0000,1984.0000,1984.0000
2024-10-13 16:59:35, , , ,43.9000,1984.0000,1984.0000,1984.0000,1984.0000,1984.0000,1984.0000,1984.0000,1984.0000,1984.0000,1984.0000,1984.0000,1984.0000,1984.0000,1984.0000
2024-10-13 16:59:35, , , ,43.9000,1984.0000,1984.0000,1984.0000,1984.0000,1984.0000,1984.0000,1984.0000,1984.0000,1984.0000,1984.0000,1984.0000,1984.0000,1984.0000,1984.0000
2024-10-13 16:59:35, , , ,43.9000,1984.0000,1984.0000,1984.0000,1984.0000,1984.0000,1984.0000,1984.0000,1984.0000,1984.0000,1984.0000,1984.0000,1984.0000,1984.0000,1984.0000
2024-10-13 16:59:36, , , ,43.9000,1984.0000,1984.0000,1984.0000,1984.0000,1984.0000,1984.0000,1984.0000,1984.0000,1984.0000,1984.0000,1984.0000,1984.0000,1984.0000,1984.0000
2024-10-13 16:59:36, , , ,43.8000,1984.0000,1984.0000,1984.0000,1984.0000,1984.0000,1984.0000,1984.0000,1984.0000,1984.0000,1984.0000,1984.0000,1984.0000,1984.0000,1984.0000
2024-10-13 16:59:36, , , ,43.8000,1984.0000,1984.0000,1984.0000,1984.0000,1984.0000,1984.0000,1984.0000,1984.0000,1984.0000,1984.0000,1984.0000,1984.0000,1984.0000,1984.0000
2024-10-13 16:59:36, , , ,43.8000,1984.0000,1984.0000,1984.0000,1984.0000,1984.0000,1984.0000,1984.0000,1984.0000,1984.0000,1984.0000,1984.0000,1984.0000,1984.0000,1984.0000
2024-10-13 16:59:36, , , ,43.8000,1984.0000,1984.0000,1984.0000,1984.0000,1984.0000,1984.0000,1984.0000,1984.0000,1984.0000,1984.0000,1984.0000,1984.0000,1984.0000,1984.0000
2024-10-13 16:59:36, , , ,43.8000,1984.0000,1984.0000,1984.0000,1984.0000,1984.0000,1984.0000,1984.0000,1984.0000,1984.0000,1984.0000,1984.0000,1984.0000,1984.0000,1984.0000
2024-10-13 16:59:37, , , ,43.8000,1984.0000,1984.0000,1984.0000,1984.0000,1984.0000,1984.0000,1984.0000,1984.0000,1984.0000,1984.0000,1984.0000,1984.0000,1984.0000,1984.0000
2024-10-13 16:59:37, , , ,43.8000,1984.0000,1984.0000,1984.0000,1984.0000,1984.0000,1984.0000,1984.0000,1984.0000,1984.0000,1984.0000,1984.0000,1984.0000,1984.0000,1984.0000
2024-10-13 16:59:37, , , ,43.8000,1984.0000,1984.0000,1984.0000,1984.0000,1984.0000,1984.0000,1984.0000,1984.0000,1984.0000,1984.0000,1984.0000,1984.0000,1984.0000,1984.0000
2024-10-13 16:59:37, , , ,43.8000,1984.0000,1984.0000,1984.0000,1984.0000,1984.0000,1984.0000,1984.0000,1984.0000,1984.0000,1984.0000,1984.0000,1984.0000,1984.0000,1984.0000
2024-10-13 16:59:37, , , ,43.8000,1984.0000,1984.0000,1984.0000,1984.0000,1984.0000,1984.0000,1984.0000,1984.0000,1984.0000,1984.0000,1984.0000,1984.0000,1984.0000,1984.0000
2024-10-13 16:59:37, , , ,43.8000,1984.0000,1984.0000,1984.0000,1984.0000,1984.0000,1984.0000,1984.0000,1984.0000,1984.0000,1984.0000,1984.0000,1984.0000,1984.0000,1984.0000
2024-10-13 16:59:37, , , ,43.8000,1984.0000,1984.0000,1984.0000,1984.0000,1984.0000,1984.0000,1984.0000,1984.0000,1984.0000,1984.0000,1984.0000,1984.0000,1984.0000,1984.0000
2024-10-13 16:59:38, , , ,43.8000,1984.0000,1984.0000,1984.0000,1984.0000,1984.0000,1984.0000,1984.0000,1984.0000,1984.0000,1984.0000,1984.0000,1984.0000,1984.0000,1984.0000
2024-10-13 16:59:38, , , ,43.8000,1984.0000,1984.0000,1984.0000,1984.0000,1984.0000,1984.0000,1984.0000,1984.0000,1984.0000,1984.0000,1984.0000,1984.0000,1984.0000,1984.0000
2024-10-13 16:59:38, , , ,43.8000,1984.0000,1984.0000,1984.0000,1984.0000,1984.0000,1984.0000,1984.0000,1984.0000,1984.0000,1984.0000,1984.0000,1984.0000,1984.0000,1984.0000
2024-10-13 16:59:38, , , ,43.8000,1984.0000,1984.0000,1984.0000,1984.0000,1984.0000,1984.0000,1984.0000,1984.0000,1984.0000,1984.0000,1984.0000,1984.0000,1984.0000,1984.0000
2024-10-13 16:59:38, , , ,43.8000,1984.0000,1984.0000,1984.0000,1984.0000,1984.0000,1984.0000,1984.0000,1984.0000,1984.0000,1984.0000,1984.0000,1984.0000,1984.0000,1984.0000
2024-10-13 16:59:38, , , ,43.7000,1984.0000,1984.0000,1984.0000,1984.0000,1984.0000,1984.0000,1984.0000,1984.0000,1984.0000,1984.0000,1984.0000,1984.0000,1984.0000,1984.0000
2024-10-13 16:59:39, , , ,43.7000,1984.0000,1984.0000,1984.0000,1984.0000,1984.0000,1984.0000,1984.0000,1984.0000,1984.0000,1984.0000,1984.0000,1984.0000,1984.0000,1984.0000
2024-10-13 16:59:39, , , ,43.7000,1984.0000,1984.0000,1984.0000,1984.0000,1984.0000,1984.0000,1984.0000,1984.0000,1984.0000,1984.0000,1984.0000,1984.0000,1984.0000,1984.0000
2024-10-13 16:59:39, , , ,43.7000,1984.0000,1984.0000,1984.0000,1984.0000,1984.0000,1984.0000,1984.0000,1984.0000,1984.0000,1984.0000,1984.0000,1984.0000,1984.0000,1984.0000
2024-10-13 16:59:39, , , ,43.7000,1984.0000,1984.0000,1984.0000,1984.0000,1984.0000,1984.0000,1984.0000,1984.0000,1984.0000,1984.0000,1984.0000,1984.0000,1984.0000,1984.0000
2024-10-13 16:59:39, , , ,43.7000,1984.0000,1984.0000,1984.0000,1984.0000,1984.0000,1984.0000,1984.0000,1984.0000,1984.0000,1984.0000,1984.0000,1984.0000,1984.0000,1984.0000
2024-10-13 16:59:39, , , ,43.7000,1984.0000,1984.0000,1984.0000,1984.0000,1984.0000,1984.0000,1984.0000,1984.0000,1984.0000,1984.0000,1984.0000,1984.0000,1984.0000,1984.0000
2024-10-13 16:59:40, , , ,43.5000,1984.0000,1984.0000,1984.0000,1984.0000,1984.0000,1984.0000,1984.0000,1984.0000,1984.0000,1984.0000,1984.0000,1984.0000,1984.0000,1984.0000
2024-10-13 16:59:40, , , ,43.5000,1984.0000,1984.0000,1984.0000,1984.0000,1984.0000,1984.0000,1984.0000,1984.0000,1984.0000,1984.0000,1984.0000,1984.0000,1984.0000,1984.0000
2024-10-13 16:59:40, , , ,43.5000,1984.0000,1984.0000,1984.0000,1984.0000,1984.0000,1984.0000,1984.0000,1984.0000,1984.0000,1984.0000,1984.0000,1984.0000,1984.0000,1984.0000
2024-10-13 16:59:40, , , ,43.5000,1984.0000,1984.0000,1984.0000,1984.0000,1984.0000,1984.0000,1984.0000,1984.0000,1984.0000,1984.0000,1984.0000,1984.0000,1984.0000,1984.0000
2024-10-13 16:59:40, , , ,43.5000,1984.0000,1984.0000,1984.0000,1984.0000,1984.0000,1984.0000,1984.0000,1984.0000,1984.0000,1984.0000,1984.0000,1984.0000,1984.0000,1984.0000
2024-10-13 16:59:40, , , ,43.5000,1984.0000,1984.0000,1984.0000,1984.0000,1984.0000,1984.0000,1984.0000,1984.0000,1984.0000,1984.0000,1984.0000,1984.0000,1984.0000,1984.0000
2024-10-13 16:59:41, , , ,43.5000,1984.0000,1984.0000,1984.0000,1984.0000,1984.0000,1984.0000,1984.0000,1984.0000,1984.0000,1984.0000,1984.0000,1984.0000,1984.0000,1984.0000
2024-10-13 16:59:41, , , ,43.5000,1984.0000,1984.0000,1984.0000,1984.0000,1984.0000,1984.0000,1984.0000,1984.0000,1984.0000,1984.0000,1984.0000,1984.0000,1984.0000,1984.0000
2024-10-13 16:59:41, , , ,43.5000,1984.0000,1984.0000,1984.0000,1984.0000,1984.0000,1984.0000,1984.0000,1984.0000,1984.0000,1984.0000,1984.0000,1984.0000,1984.0000,1984.0000
2024-10-13 16:59:41, , , ,43.5000,1984.0000,1984.0000,1984.0000,1984.0000,1984.0000,1984.0000,1984.0000,1984.0000,1984.0000,1984.0000,1984.0000,1984.0000,1984.0000,1984.0000
2024-10-13 16:59:41, , , ,43.5000,1984.0000,1984.0000,1984.0000,1984.0000,1984.0000,1984.0000,1984.0000,1984.0000,1984.0000,1984.0000,1984.0000,1984.0000,1984.0000,1984.0000
2024-10-13 16:59:41, , , ,43.5000,1984.0000,1984.0000,1984.0000,1984.0000,1984.0000,1984.0000,1984.0000,1984.0000,1984.0000,1984.0000,1984.0000,1984.0000,1984.0000,1984.0000
2024-10-13 16:59:42, , , ,43.5000,1984.0000,1984.0000,1984.0000,1984.0000,1984.0000,1984.0000,1984.0000,1984.0000,1984.0000,1984.0000,1984.0000,1984.0000,1984.0000,1984.0000
2024-10-13 16:59:42, , , ,43.5000,1984.0000,1984.0000,1984.0000,1984.0000,1984.0000,1984.0000,1984.0000,1984.0000,1984.0000,1984.0000,1984.0000,1984.0000,1984.0000,1984.0000
2024-10-13 16:59:42, , , ,43.5000,1984.0000,1984.0000,1984.0000,1984.0000,1984.0000,1984.0000,1984.0000,1984.0000,1984.0000,1984.0000,1984.0000,1984.0000,1984.0000,1984.0000
2024-10-13 16:59:42, , , ,43.5000,1984.0000,1984.0000,1984.0000,1984.0000,1984.0000,1984.0000,1984.0000,1984.0000,1984.0000,1984.0000,1984.0000,1984.0000,1984.0000,1984.0000
2024-10-13 16:59:42, , , ,43.5000,1984.0000,1984.0000,1984.0000,1984.0000,1984.0000,1984.0000,1984.0000,1984.0000,1984.0000,1984.0000,1984.0000,1984.0000,1984.0000,1984.0000
2024-10-13 16:59:42, , , ,43.5000,1984.0000,1984.0000,1984.0000,1984.0000,1984.0000,1984.0000,1984.0000,1984.0000,1984.0000,1984.0000,1984.0000,1984.0000,1984.0000,1984.0000
2024-10-13 16:59:42, , , ,43.5000,1984.0000,1984.0000,1984.0000,1984.0000,1984.0000,1984.0000,1984.0000,1984.0000,1984.0000,1984.0000,1984.0000,1984.0000,1984.0000,1984.0000
2024-10-13 16:59:43, , , ,43.5000,1984.0000,1984.0000,1984.0000,1984.0000,1984.0000,1984.0000,1984.0000,1984.0000,1984.0000,1984.0000,1984.0000,1984.0000,1984.0000,1984.0000
2024-10-13 16:59:43, , , ,43.5000,1984.0000,1984.0000,1984.0000,1984.0000,1984.0000,1984.0000,1984.0000,1984.0000,1984.0000,1984.0000,1984.0000,1984.0000,1984.0000,1984.0000
2024-10-13 16:59:43, , , ,43.5000,1984.0000,1984.0000,1984.0000,1984.0000,1984.0000,1984.0000,1984.0000,1984.0000,1984.0000,1984.0000,1984.0000,1984.0000,1984.0000,1984.0000
2024-10-13 16:59:43, , , ,43.4000,1984.0000,1984.0000,1984.0000,1984.0000,1984.0000,1984.0000,1984.0000,1984.0000,1984.0000,1984.0000,1984.0000,1984.0000,1984.0000,1984.0000
2024-10-13 16:59:43, , , ,43.4000,1984.0000,1984.0000,1984.0000,1984.0000,1984.0000,1984.0000,1984.0000,1984.0000,1984.0000,1984.0000,1984.0000,1984.0000,1984.0000,1984.0000
2024-10-13 16:59:43, , , ,43.4000,1984.0000,1984.0000,1984.0000,1984.0000,1984.0000,1984.0000,1984.0000,1984.0000,1984.0000,1984.0000,1984.0000,1984.0000,1984.0000,1984.0000
2024-10-13 16:59:44, , , ,43.4000,1984.0000,1984.0000,1984.0000,1984.0000,1984.0000,1984.0000,1984.0000,1984.0000,1984.0000,1984.0000,1984.0000,1984.0000,1984.0000,1984.0000
2024-10-13 16:59:44, , , ,43.4000,1984.0000,1984.0000,1984.0000,1984.0000,1984.0000,1984.0000,1984.0000,1984.0000,1984.0000,1984.0000,1984.0000,1984.0000,1984.0000,1984.0000
2024-10-13 16:59:44, , , ,43.4000,1984.0000,1984.0000,1984.0000,1984.0000,1984.0000,1984.0000,1984.0000,1984.0000,1984.0000,1984.0000,1984.0000,1984.0000,1984.0000,1984.0000
2024-10-13 16:59:44, , , ,43.4000,1984.0000,1984.0000,1984.0000,1984.0000,1984.0000,1984.0000,1984.0000,1984.0000,1984.0000,1984.0000,1984.0000,1984.0000,1984.0000,1984.0000
2024-10-13 16:59:44, , , ,43.4000,1984.0000,1984.0000,1984.0000,1984.0000,1984.0000,1984.0000,1984.0000,1984.0000,1984.0000,1984.0000,1984.0000,1984.0000,1984.0000,1984.0000
2024-10-13 16:59:44, , , ,43.4000,1984.0000,1984.0000,1984.0000,1984.0000,1984.0000,1984.0000,1984.0000,1984.0000,1984.0000,1984.0000,1984.0000,1984.0000,1984.0000,1984.0000
2024-10-13 16:59:45, , , ,43.4000,1984.0000,1984.0000,1984.0000,1984.0000,1984.0000,1984.0000,1984.0000,1984.0000,1984.0000,1984.0000,1984.0000,1984.0000,1984.0000,1984.0000
2024-10-13 16:59:45, , , ,43.4000,1984.0000,1984.0000,1984.0000,1984.0000,1984.0000,1984.0000,1984.0000,1984.0000,1984.0000,1984.0000,1984.0000,1984.0000,1984.0000,1984.0000
2024-10-13 16:59:45, , , ,43.3000,1984.0000,1984.0000,1984.0000,1984.0000,1984.0000,1984.0000,1984.0000,1984.0000,1984.0000,1984.0000,1984.0000,1984.0000,1984.0000,1984.0000
2024-10-13 16:59:45, , , ,43.2000,1984.0000,1984.0000,1984.0000,1984.0000,1984.0000,1984.0000,1984.0000,1984.0000,1984.0000,1984.0000,1984.0000,1984.0000,1984.0000,1984.0000
2024-10-13 16:59:45, , , ,43.2000,1984.0000,1984.0000,1984.0000,1984.0000,1984.0000,1984.0000,1984.0000,1984.0000,1984.0000,1984.0000,1984.0000,1984.0000,1984.0000,1984.0000
2024-10-13 16:59:45, , , ,43.2000,1984.0000,1984.0000,1984.0000,1984.0000,1984.0000,1984.0000,1984.0000,1984.0000,1984.0000,1984.0000,1984.0000,1984.0000,1984.0000,1984.0000
2024-10-13 16:59:46, , , ,43.2000,1984.0000,1984.0000,1984.0000,1984.0000,1984.0000,1984.0000,1984.0000,1984.0000,1984.0000,1984.0000,1984.0000,1984.0000,1984.0000,1984.0000
2024-10-13 16:59:46, , , ,43.2000,1984.0000,1984.0000,1984.0000,1984.0000,1984.0000,1984.0000,1984.0000,1984.0000,1984.0000,1984.0000,1984.0000,1984.0000,1984.0000,1984.0000
2024-10-13 16:59:46, , , ,43.2000,1984.0000,1984.0000,1984.0000,1984.0000,1984.0000,1984.0000,1984.0000,1984.0000,1984.0000,1984.0000,1984.0000,1984.0000,1984.0000,1984.0000
2024-10-13 16:59:46, , , ,43.2000,1984.0000,1984.0000,1984.0000,1984.0000,1984.0000,1984.0000,1984.0000,1984.0000,1984.0000,1984.0000,1984.0000,1984.0000,1984.0000,1984.0000
2024-10-13 16:59:46, , , ,43.2000,1984.0000,1984.0000,1984.0000,1984.0000,1984.0000,1984.0000,1984.0000,1984.0000,1984.0000,1984.0000,1984.0000,1984.0000,1984.0000,1984.0000
2024-10-13 16:59:46, , , ,43.2000,1984.0000,1984.0000,1984.0000,1984.0000,1984.0000,1984.0000,1984.0000,1984.0000,1984.0000,1984.0000,1984.0000,1984.0000,1984.0000,1984.0000
2024-10-13 16:59:46, , , ,43.2000,1984.0000,1984.0000,1984.0000,1984.0000,1984.0000,1984.0000,1984.0000,1984.0000,1984.0000,1984.0000,1984.0000,1984.0000,1984.0000,1984.0000
2024-10-13 16:59:47, , , ,43.2000,1984.0000,1984.0000,1984.0000,1984.0000,1984.0000,1984.0000,1984.0000,1984.0000,1984.0000,1984.0000,1984.0000,1984.0000,1984.0000,1984.0000
2024-10-13 16:59:47, , , ,43.2000,1984.0000,1984.0000,1984.0000,1984.0000,1984.0000,1984.0000,1984.0000,1984.0000,1984.0000,1984.0000,1984.0000,1984.0000,1984.0000,1984.0000
2024-10-13 16:59:47, , , ,43.2000,1984.0000,1984.0000,1984.0000,1984.0000,1984.0000,1984.0000,1984.0000,1984.0000,1984.0000,1984.0000,1984.0000,1984.0000,1984.0000,1984.0000
2024-10-13 16:59:47, , , ,43.1000,1984.0000,1984.0000,1984.0000,1984.0000,1984.0000,1984.0000,1984.0000,1984.0000,1984.0000,1984.0000,1984.0000,1984.0000,1984.0000,1984.0000
2024-10-13 16:59:47, , , ,43.1000,1984.0000,1984.0000,1984.0000,1984.0000,1984.0000,1984.0000,1984.0000,1984.0000,1984.0000,1984.0000,1984.0000,1984.0000,1984.0000,1984.0000
2024-10-13 16:59:47, , , ,43.1000,1984.0000,1984.0000,1984.0000,1984.0000,1984.0000,1984.0000,1984.0000,1984.0000,1984.0000,1984.0000,1984.0000,1984.0000,1984.0000,1984.0000
2024-10-13 16:59:48, , , ,43.1000,1984.0000,1984.0000,1984.0000,1984.0000,1984.0000,1984.0000,1984.0000,1984.0000,1984.0000,1984.0000,1984.0000,1984.0000,1984.0000,1984.0000
2024-10-13 16:59:48, , , ,43.1000,1984.0000,1984.0000,1984.0000,1984.0000,1984.0000,1984.0000,1984.0000,1984.0000,1984.0000,1984.0000,1984.0000,1984.0000,1984.0000,1984.0000
2024-10-13 16:59:48, , , ,43.1000,1984.0000,1984.0000,1984.0000,1984.0000,1984.0000,1984.0000,1984.0000,1984.0000,1984.0000,1984.0000,1984.0000,1984.0000,1984.0000,1984.0000
2024-10-13 16:59:48, , , ,43.1000,1984.0000,1984.0000,1984.0000,1984.0000,1984.0000,1984.0000,1984.0000,1984.0000,1984.0000,1984.0000,1984.0000,1984.0000,1984.0000,1984.0000
2024-10-13 16:59:48, , , ,43.1000,1984.0000,1984.0000,1984.0000,1984.0000,1984.0000,1984.0000,1984.0000,1984.0000,1984.0000,1984.0000,1984.0000,1984.0000,1984.0000,1984.0000
2024-10-13 16:59:48, , , ,43.1000,1984.0000,1984.0000,1984.0000,1984.0000,1984.0000,1984.0000,1984.0000,1984.0000,1984.0000,1984.0000,1984.0000,1984.0000,1984.0000,1984.0000
2024-10-13 16:59:49, , , ,43.1000,1984.0000,1984.0000,1984.0000,1984.0000,1984.0000,1984.0000,1984.0000,1984.0000,1984.0000,1984.0000,1984.0000,1984.0000,1984.0000,1984.0000
2024-10-13 16:59:49, , , ,43.1000,1984.0000,1984.0000,1984.0000,1984.0000,1984.0000,1984.0000,1984.0000,1984.0000,1984.0000,1984.0000,1984.0000,1984.0000,1984.0000,1984.0000
2024-10-13 16:59:49, , , ,43.1000,1984.0000,1984.0000,1984.0000,1984.0000,1984.0000,1984.0000,1984.0000,1984.0000,1984.0000,1984.0000,1984.0000,1984.0000,1984.0000,1984.0000
2024-10-13 16:59:49, , , ,43.1000,1984.0000,1984.0000,1984.0000,1984.0000,1984.0000,1984.0000,1984.0000,1984.0000,1984.0000,1984.0000,1984.0000,1984.0000,1984.0000,1984.0000
2024-10-13 16:59:49, , , ,43.0000,1984.0000,1984.0000,1984.0000,1984.0000,1984.0000,1984.0000,1984.0000,1984.0000,1984.0000,1984.0000,1984.0000,1984.0000,1984.0000,1984.0000
2024-10-13 16:59:49, , , ,43.0000,1984.0000,1984.0000,1984.0000,1984.0000,1984.0000,1984.0000,1984.0000,1984.0000,1984.0000,1984.0000,1984.0000,1984.0000,1984.0000,1984.0000
2024-10-13 16:59:50, , , ,42.9000,1984.0000,1984.0000,1984.0000,1984.0000,1984.0000,1984.0000,1984.0000,1984.0000,1984.0000,1984.0000,1984.0000,1984.0000,1984.0000,1984.0000
2024-10-13 16:59:50, , , ,42.9000,1984.0000,1984.0000,1984.0000,1984.0000,1984.0000,1984.0000,1984.0000,1984.0000,1984.0000,1984.0000,1984.0000,1984.0000,1984.0000,1984.0000
2024-10-13 16:59:50, , , ,42.9000,1984.0000,1984.0000,1984.0000,1984.0000,1984.0000,1984.0000,1984.0000,1984.0000,1984.0000,1984.0000,1984.0000,1984.0000,1984.0000,1984.0000
2024-10-13 16:59:50, , , ,42.9000,1984.0000,1984.0000,1984.0000,1984.0000,1984.0000,1984.0000,1984.0000,1984.0000,1984.0000,1984.0000,1984.0000,1984.0000,1984.0000,1984.0000
2024-10-13 16:59:50, , , ,42.9000,1984.0000,1984.0000,1984.0000,1984.0000,1984.0000,1984.0000,1984.0000,1984.0000,1984.0000,1984.0000,1984.0000,1984.0000,1984.0000,1984.0000
2024-10-13 16:59:50, , , ,42.9000,1984.0000,1984.0000,1984.0000,1984.0000,1984.0000,1984.0000,1984.0000,1984.0000,1984.0000,1984.0000,1984.0000,1984.0000,1984.0000,1984.0000
2024-10-13 16:59:50, , , ,42.9000,1984.0000,1984.0000,1984.0000,1984.0000,1984.0000,1984.0000,1984.0000,1984.0000,1984.0000,1984.0000,1984.0000,1984.0000,1984.0000,1984.0000
2024-10-13 16:59:51, , , ,42.9000,1984.0000,1984.0000,1984.0000,1984.0000,1984.0000,1984.0000,1984.0000,1984.0000,1984.0000,1984.0000,1984.0000,1984.0000,1984.0000,1984.0000
2024-10-13 16:59:51, , , ,42.8000,1984.0000,1984.0000,1984.0000,1984.0000,1984.0000,1984.0000,1984.0000,1984.0000,1984.0000,1984.0000,1984.0000,1984.0000,1984.0000,1984.0000
2024-10-13 16:59:51, , , ,42.8000,1984.0000,1984.0000,1984.0000,1984.0000,1984.0000,1984.0000,1984.0000,1984.0000,1984.0000,1984.0000,1984.0000,1984.0000,1984.0000,1984.0000
2024-10-13 16:59:51, , , ,42.8000,1984.0000,1984.0000,1984.0000,1984.0000,1984.0000,1984.0000,1984.0000,1984.0000,1984.0000,1984.0000,1984.0000,1984.0000,1984.0000,1984.0000
2024-10-13 16:59:51, , , ,42.8000,1984.0000,1984.0000,1984.0000,1984.0000,1984.0000,1984.0000,1984.0000,1984.0000,1984.0000,1984.0000,1984.0000,1984.0000,1984.0000,1984.0000
2024-10-13 16:59:51, , , ,42.8000,1984.0000,1984.0000,1984.0000,1984.0000,1984.0000,1984.0000,1984.0000,1984.0000,1984.0000,1984.0000,1984.0000,1984.0000,1984.0000,1984.0000
2024-10-13 16:59:52, , , ,42.8000,1984.0000,1984.0000,1984.0000,1984.0000,1984.0000,1984.0000,1984.0000,1984.0000,1984.0000,1984.0000,1984.0000,1984.0000,1984.0000,1984.0000
2024-10-13 16:59:52, , , ,42.8000,1984.0000,1984.0000,1984.0000,1984.0000,1984.0000,1984.0000,1984.0000,1984.0000,1984.0000,1984.0000,1984.0000,1984.0000,1984.0000,1984.0000
2024-10-13 16:59:52, , , ,42.8000,1984.0000,1984.0000,1984.0000,1984.0000,1984.0000,1984.0000,1984.0000,1984.0000,1984.0000,1984.0000,1984.0000,1984.0000,1984.0000,1984.0000
2024-10-13 16:59:52, , , ,42.8000,1984.0000,1984.0000,1984.0000,1984.0000,1984.0000,1984.0000,1984.0000,1984.0000,1984.0000,1984.0000,1984.0000,1984.0000,1984.0000,1984.0000
2024-10-13 16:59:52, , , ,42.8000,1984.0000,1984.0000,1984.0000,1984.0000,1984.0000,1984.0000,1984.0000,1984.0000,1984.0000,1984.0000,1984.0000,1984.0000,1984.0000,1984.0000
2024-10-13 16:59:52, , , ,42.8000,1984.0000,1984.0000,1984.0000,1984.0000,1984.0000,1984.0000,1984.0000,1984.0000,1984.0000,1984.0000,1984.0000,1984.0000,1984.0000,1984.0000
2024-10-13 16:59:53, , , ,42.8000,1984.0000,1984.0000,1984.0000,1984.0000,1984.0000,1984.0000,1984.0000,1984.0000,1984.0000,1984.0000,1984.0000,1984.0000,1984.0000,1984.0000
2024-10-13 16:59:53, , , ,42.8000,1984.0000,1984.0000,1984.0000,1984.0000,1984.0000,1984.0000,1984.0000,1984.0000,1984.0000,1984.0000,1984.0000,1984.0000,1984.0000,1984.0000
2024-10-13 16:59:53, , , ,42.8000,1984.0000,1984.0000,1984.0000,1984.0000,1984.0000,1984.0000,1984.0000,1984.0000,1984.0000,1984.0000,1984.0000,1984.0000,1984.0000,1984.0000
2024-10-13 16:59:53, , , ,42.8000,1984.0000,1984.0000,1984.0000,1984.0000,1984.0000,1984.0000,1984.0000,1984.0000,1984.0000,1984.0000,1984.0000,1984.0000,1984.0000,1984.0000
2024-10-13 16:59:53, , , ,42.8000,1984.0000,1984.0000,1984.0000,1984.0000,1984.0000,1984.0000,1984.0000,1984.0000,1984.0000,1984.0000,1984.0000,1984.0000,1984.0000,1984.0000
2024-10-13 16:59:53, , , ,42.8000,1984.0000,1984.0000,1984.0000,1984.0000,1984.0000,1984.0000,1984.0000,1984.0000,1984.0000,1984.0000,1984.0000,1984.0000,1984.0000,1984.0000
2024-10-13 16:59:54, , , ,42.8000,1984.0000,1984.0000,1984.0000,1984.0000,1984.0000,1984.0000,1984.0000,1984.0000,1984.0000,1984.0000,1984.0000,1984.0000,1984.0000,1984.0000
2024-10-13 16:59:54, , , ,42.8000,1984.0000,1984.0000,1984.0000,1984.0000,1984.0000,1984.0000,1984.0000,1984.0000,1984.0000,1984.0000,1984.0000,1984.0000,1984.0000,1984.0000
2024-10-13 16:59:54, , , ,42.8000,1984.0000,1984.0000,1984.0000,1984.0000,1984.0000,1984.0000,1984.0000,1984.0000,1984.0000,1984.0000,1984.0000,1984.0000,1984.0000,1984.0000
2024-10-13 16:59:54, , , ,42.8000,1984.0000,1984.0000,1984.0000,1984.0000,1984.0000,1984.0000,1984.0000,1984.0000,1984.0000,1984.0000,1984.0000,1984.0000,1984.0000,1984.0000
2024-10-13 16:59:54, , , ,42.8000,1984.0000,1984.0000,1984.0000,1984.0000,1984.0000,1984.0000,1984.0000,1984.0000,1984.0000,1984.0000,1984.0000,1984.0000,1984.0000,1984.0000
2024-10-13 16:59:54, , , ,42.8000,1984.0000,1984.0000,1984.0000,1984.0000,1984.0000,1984.0000,1984.0000,1984.0000,1984.0000,1984.0000,1984.0000,1984.0000,1984.0000,1984.0000
2024-10-13 16:59:55, , , ,42.8000,1984.0000,1984.0000,1984.0000,1984.0000,1984.0000,1984.0000,1984.0000,1984.0000,1984.0000,1984.0000,1984.0000,1984.0000,1984.0000,1984.0000
2024-10-13 16:59:55, , , ,42.8000,1984.0000,1984.0000,1984.0000,1984.0000,1984.0000,1984.0000,1984.0000,1984.0000,1984.0000,1984.0000,1984.0000,1984.0000,1984.0000,1984.0000
2024-10-13 16:59:55, , , ,42.8000,1984.0000,1984.0000,1984.0000,1984.0000,1984.0000,1984.0000,1984.0000,1984.0000,1984.0000,1984.0000,1984.0000,1984.0000,1984.0000,1984.0000
2024-10-13 16:59:55, , , ,42.8000,1984.0000,1984.0000,1984.0000,1984.0000,1984.0000,1984.0000,1984.0000,1984.0000,1984.0000,1984.0000,1984.0000,1984.0000,1984.0000,1984.0000
2024-10-13 16:59:55, , , ,42.8000,1984.0000,1984.0000,1984.0000,1984.0000,1984.0000,1984.0000,1984.0000,1984.0000,1984.0000,1984.0000,1984.0000,1984.0000,1984.0000,1984.0000
2024-10-13 16:59:55, , , ,42.8000,1984.0000,1984.0000,1984.0000,1984.0000,1984.0000,1984.0000,1984.0000,1984.0000,1984.0000,1984.0000,1984.0000,1984.0000,1984.0000,1984.0000
2024-10-13 16:59:55, , , ,42.8000,1984.0000,1984.0000,1984.0000,1984.0000,1984.0000,1984.0000,1984.0000,1984.0000,1984.0000,1984.0000,1984.0000,1984.0000,1984.0000,1984.0000
2024-10-13 16:59:56, , , ,42.8000,1984.0000,1984.0000,1984.0000,1984.0000,1984.0000,1984.0000,1984.0000,1984.0000,1984.0000,1984.0000,1984.0000,1984.0000,1984.0000,1984.0000
2024-10-13 16:59:56, , , ,42.8000,1984.0000,1984.0000,1984.0000,1984.0000,1984.0000,1984.0000,1984.0000,1984.0000,1984.0000,1984.0000,1984.0000,1984.0000,1984.0000,1984.0000
2024-10-13 16:59:56, , , ,42.8000,1984.0000,1984.0000,1984.0000,1984.0000,1984.0000,1984.0000,1984.0000,1984.0000,1984.0000,1984.0000,1984.0000,1984.0000,1984.0000,1984.0000
2024-10-13 16:59:56, , , ,42.8000,1984.0000,1984.0000,1984.0000,1984.0000,1984.0000,1984.0000,1984.0000,1984.0000,1984.0000,1984.0000,1984.0000,1984.0000,1984.0000,1984.0000
2024-10-13 16:59:56, , , ,42.8000,1984.0000,1984.0000,1984.0000,1984.0000,1984.0000,1984.0000,1984.0000,1984.0000,1984.0000,1984.0000,1984.0000,1984.0000,1984.0000,1984.0000
2024-10-13 16:59:56, , , ,42.8000,1984.0000,1984.0000,1984.0000,1984.0000,1984.0000,1984.0000,1984.0000,1984.0000,1984.0000,1984.0000,1984.0000,1984.0000,1984.0000,1984.0000
2024-10-13 16:59:57, , , ,42.8000,1984.0000,1984.0000,1984.0000,1984.0000,1984.0000,1984.0000,1984.0000,1984.0000,1984.0000,1984.0000,1984.0000,1984.0000,1984.0000,1984.0000
2024-10-13 16:59:57, , , ,42.8000,1984.0000,1984.0000,1984.0000,1984.0000,1984.0000,1984.0000,1984.0000,1984.0000,1984.0000,1984.0000,1984.0000,1984.0000,1984.0000,1984.0000
2024-10-13 16:59:57, , , ,42.8000,1984.0000,1984.0000,1984.0000,1984.0000,1984.0000,1984.0000,1984.0000,1984.0000,1984.0000,1984.0000,1984.0000,1984.0000,1984.0000,1984.0000
2024-10-13 16:59:57, , , ,42.8000,1984.0000,1984.0000,1984.0000,1984.0000,1984.0000,1984.0000,1984.0000,1984.0000,1984.0000,1984.0000,1984.0000,1984.0000,1984.0000,1984.0000
2024-10-13 16:59:57, , , ,42.8000,1984.0000,1984.0000,1984.0000,1984.0000,1984.0000,1984.0000,1984.0000,1984.0000,1984.0000,1984.0000,1984.0000,1984.0000,1984.0000,1984.0000
2024-10-13 16:59:57, , , ,42.8000,1984.0000,1984.0000,1984.0000,1984.0000,1984.0000,1984.0000,1984.0000,1984.0000,1984.0000,1984.0000,1984.0000,1984.0000,1984.0000,1984.0000
2024-10-13 16:59:58, , , ,42.8000,1984.0000,1984.0000,1984.0000,1984.0000,1984.0000,1984.0000,1984.0000,1984.0000,1984.0000,1984.0000,1984.0000,1984.0000,1984.0000,1984.0000
2024-10-13 16:59:58, , , ,42.8000,1984.0000,1984.0000,1984.0000,1984.0000,1984.0000,1984.0000,1984.0000,1984.0000,1984.0000,1984.0000,1984.0000,1984.0000,1984.0000,1984.0000
2024-10-13 16:59:58, , , ,42.8000,1984.0000,1984.0000,1984.0000,1984.0000,1984.0000,1984.0000,1984.0000,1984.0000,1984.0000,1984.0000,1984.0000,1984.0000,1984.0000,1984.0000
2024-10-13 16:59:58, , , ,42.8000,1984.0000,1984.0000,1984.0000,1984.0000,1984.0000,1984.0000,1984.0000,1984.0000,1984.0000,1984.0000,1984.0000,1984.0000,1984.0000,1984.0000
2024-10-13 16:59:58, , , ,42.8000,1984.0000,1984.0000,1984.0000,1984.0000,1984.0000,1984.0000,1984.0000,1984.0000,1984.0000,1984.0000,1984.0000,1984.0000,1984.0000,1984.0000
2024-10-13 16:59:58, , , ,42.6000,1984.0000,1984.0000,1984.0000,1984.0000,1984.0000,1984.0000,1984.0000,1984.0000,1984.0000,1984.0000,1984.0000,1984.0000,1984.0000,1984.0000
2024-10-13 16:59:59, , , ,42.6000,1984.0000,1984.0000,1984.0000,1984.0000,1984.0000,1984.0000,1984.0000,1984.0000,1984.0000,1984.0000,1984.0000,1984.0000,1984.0000,1984.0000
2024-10-13 16:59:59, , , ,42.6000,1984.0000,1984.0000,1984.0000,1984.0000,1984.0000,1984.0000,1984.0000,1984.0000,1984.0000,1984.0000,1984.0000,1984.0000,1984.0000,1984.0000
2024-10-13 16:59:59, , , ,42.6000,1984.0000,1984.0000,1984.0000,1984.0000,1984.0000,1984.0000,1984.0000,1984.0000,1984.0000,1984.0000,1984.0000,1984.0000,1984.0000,1984.0000
2024-10-13 16:59:59, , , ,42.6000,1984.0000,1984.0000,1984.0000,1984.0000,1984.0000,1984.0000,1984.0000,1984.0000,1984.0000,1984.0000,1984.0000,1984.0000,1984.0000,1984.0000
2024-10-13 16:59:59, , , ,42.6000,1984.0000,1984.0000,1984.0000,1984.0000,1984.0000,1984.0000,1984.0000,1984.0000,1984.0000,1984.0000,1984.0000,1984.0000,1984.0000,1984.0000
2024-10-13 16:59:59, , , ,42.6000,1984.0000,1984.0000,1984.0000,1984.0000,1984.0000,1984.0000,1984.0000,1984.0000,1984.0000,1984.0000,1984.0000,1984.0000,1984.0000,1984.0000
2024-10-13 17:00:00, , , ,42.6000,1984.0000,1984.0000,1984.0000,1984.0000,1984.0000,1984.0000,1984.0000,1984.0000,1984.0000,1984.0000,1984.0000,1984.0000,1984.0000,1984.0000
2024-10-13 17:00:00, , , ,42.6000,1984.0000,1984.0000,1984.0000,1984.0000,1984.0000,1984.0000,1984.0000,1984.0000,1984.0000,1984.0000,1984.0000,1984.0000,1984.0000,1984.0000
2024-10-13 17:00:00, , , ,42.6000,1984.0000,1984.0000,1984.0000,1984.0000,1984.0000,1984.0000,1984.0000,1984.0000,1984.0000,1984.0000,1984.0000,1984.0000,1984.0000,1984.0000
2024-10-13 17:00:00, , , ,42.6000,1984.0000,1984.0000,1984.0000,1984.0000,1984.0000,1984.0000,1984.0000,1984.0000,1984.0000,1984.0000,1984.0000,1984.0000,1984.0000,1984.0000
2024-10-13 17:00:00, , , ,42.6000,1984.0000,1984.0000,1984.0000,1984.0000,1984.0000,1984.0000,1984.0000,1984.0000,1984.0000,1984.0000,1984.0000,1984.0000,1984.0000,1984.0000
2024-10-13 17:00:00, , , ,42.5000,1984.0000,1984.0000,1984.0000,1984.0000,1984.0000,1984.0000,1984.0000,1984.0000,1984.0000,1984.0000,1984.0000,1984.0000,1984.0000,1984.0000
2024-10-13 17:00:00, , , ,42.5000,1984.0000,1984.0000,1984.0000,1984.0000,1984.0000,1984.0000,1984.0000,1984.0000,1984.0000,1984.0000,1984.0000,1984.0000,1984.0000,1984.0000
2024-10-13 17:00:01, , , ,42.5000,1984.0000,1984.0000,1984.0000,1984.0000,1984.0000,1984.0000,1984.0000,1984.0000,1984.0000,1984.0000,1984.0000,1984.0000,1984.0000,1984.0000
2024-10-13 17:00:01, , , ,42.5000,1984.0000,1984.0000,1984.0000,1984.0000,1984.0000,1984.0000,1984.0000,1984.0000,1984.0000,1984.0000,1984.0000,1984.0000,1984.0000,1984.0000
2024-10-13 17:00:01, , , ,42.5000,1984.0000,1984.0000,1984.0000,1984.0000,1984.0000,1984.0000,1984.0000,1984.0000,1984.0000,1984.0000,1984.0000,1984.0000,1984.0000,1984.0000
2024-10-13 17:00:01, , , ,42.5000,1984.0000,1984.0000,1984.0000,1984.0000,1984.0000,1984.0000,1984.0000,1984.0000,1984.0000,1984.0000,1984.0000,1984.0000,1984.0000,1984.0000
2024-10-13 17:00:01, , , ,42.5000,1984.0000,1984.0000,1984.0000,1984.0000,1984.0000,1984.0000,1984.0000,1984.0000,1984.0000,1984.0000,1984.0000,1984.0000,1984.0000,1984.0000
2024-10-13 17:00:01, , , ,42.5000,1984.0000,1984.0000,1984.0000,1984.0000,1984.0000,1984.0000,1984.0000,1984.0000,1984.0000,1984.0000,1984.0000,1984.0000,1984.0000,1984.0000
2024-10-13 17:00:02, , , ,42.5000,1984.0000,1984.0000,1984.0000,1984.0000,1984.0000,1984.0000,1984.0000,1984.0000,1984.0000,1984.0000,1984.0000,1984.0000,1984.0000,1984.0000
2024-10-13 17:00:02, , , ,42.5000,1984.0000,1984.0000,1984.0000,1984.0000,1984.0000,1984.0000,1984.0000,1984.0000,1984.0000,1984.0000,1984.0000,1984.0000,1984.0000,1984.0000
2024-10-13 17:00:02, , , ,42.5000,1984.0000,1984.0000,1984.0000,1984.0000,1984.0000,1984.0000,1984.0000,1984.0000,1984.0000,1984.0000,1984.0000,1984.0000,1984.0000,1984.0000
2024-10-13 17:00:02, , , ,42.5000,1984.0000,1984.0000,1984.0000,1984.0000,1984.0000,1984.0000,1984.0000,1984.0000,1984.0000,1984.0000,1984.0000,1984.0000,1984.0000,1984.0000
2024-10-13 17:00:02, , , ,42.5000,1984.0000,1984.0000,1984.0000,1984.0000,1984.0000,1984.0000,1984.0000,1984.0000,1984.0000,1984.0000,1984.0000,1984.0000,1984.0000,1984.0000
2024-10-13 17:00:02, , , ,42.5000,1984.0000,1984.0000,1984.0000,1984.0000,1984.0000,1984.0000,1984.0000,1984.0000,1984.0000,1984.0000,1984.0000,1984.0000,1984.0000,1984.0000
2024-10-13 17:00:03, , , ,42.5000,1984.0000,1984.0000,1984.0000,1984.0000,1984.0000,1984.0000,1984.0000,1984.0000,1984.0000,1984.0000,1984.0000,1984.0000,1984.0000,1984.0000
2024-10-13 17:00:03, , , ,42.5000,1984.0000,1984.0000,1984.0000,1984.0000,1984.0000,1984.0000,1984.0000,1984.0000,1984.0000,1984.0000,1984.0000,1984.0000,1984.0000,1984.0000
2024-10-13 17:00:03, , , ,42.5000,1984.0000,1984.0000,1984.0000,1984.0000,1984.0000,1984.0000,1984.0000,1984.0000,1984.0000,1984.0000,1984.0000,1984.0000,1984.0000,1984.0000
2024-10-13 17:00:03, , , ,42.5000,1984.0000,1984.0000,1984.0000,1984.0000,1984.0000,1984.0000,1984.0000,1984.0000,1984.0000,1984.0000,1984.0000,1984.0000,1984.0000,1984.0000
2024-10-13 17:00:03, , , ,42.5000,1984.0000,1984.0000,1984.0000,1984.0000,1984.0000,1984.0000,1984.0000,1984.0000,1984.0000,1984.0000,1984.0000,1984.0000,1984.0000,1984.0000
2024-10-13 17:00:03, , , ,42.5000,1984.0000,1984.0000,1984.0000,1984.0000,1984.0000,1984.0000,1984.0000,1984.0000,1984.0000,1984.0000,1984.0000,1984.0000,1984.0000,1984.0000
2024-10-13 17:00:04, , , ,42.5000,1984.0000,1984.0000,1984.0000,1984.0000,1984.0000,1984.0000,1984.0000,1984.0000,1984.0000,1984.0000,1984.0000,1984.0000,1984.0000,1984.0000
2024-10-13 17:00:04, , , ,42.5000,1984.0000,1984.0000,1984.0000,1984.0000,1984.0000,1984.0000,1984.0000,1984.0000,1984.0000,1984.0000,1984.0000,1984.0000,1984.0000,1984.0000
2024-10-13 17:00:04, , , ,42.5000,1984.0000,1984.0000,1984.0000,1984.0000,1984.0000,1984.0000,1984.0000,1984.0000,1984.0000,1984.0000,1984.0000,1984.0000,1984.0000,1984.0000
2024-10-13 17:00:04, , , ,42.4000,1984.0000,1984.0000,1984.0000,1984.0000,1984.0000,1984.0000,1984.0000,1984.0000,1984.0000,1984.0000,1984.0000,1984.0000,1984.0000,1984.0000
2024-10-13 17:00:04, , , ,42.4000,1984.0000,1984.0000,1984.0000,1984.0000,1984.0000,1984.0000,1984.0000,1984.0000,1984.0000,1984.0000,1984.0000,1984.0000,1984.0000,1984.0000
2024-10-13 17:00:04, , , ,42.4000,1984.0000,1984.0000,1984.0000,1984.0000,1984.0000,1984.0000,1984.0000,1984.0000,1984.0000,1984.0000,1984.0000,1984.0000,1984.0000,1984.0000
2024-10-13 17:00:05, , , ,42.4000,1984.0000,1984.0000,1984.0000,1984.0000,1984.0000,1984.0000,1984.0000,1984.0000,1984.0000,1984.0000,1984.0000,1984.0000,1984.0000,1984.0000
2024-10-13 17:00:05, , , ,42.4000,1984.0000,1984.0000,1984.0000,1984.0000,1984.0000,1984.0000,1984.0000,1984.0000,1984.0000,1984.0000,1984.0000,1984.0000,1984.0000,1984.0000
2024-10-13 17:00:05, , , ,42.4000,1984.0000,1984.0000,1984.0000,1984.0000,1984.0000,1984.0000,1984.0000,1984.0000,1984.0000,1984.0000,1984.0000,1984.0000,1984.0000,1984.0000
2024-10-13 17:00:05, , , ,42.4000,1984.0000,1984.0000,1984.0000,1984.0000,1984.0000,1984.0000,1984.0000,1984.0000,1984.0000,1984.0000,1984.0000,1984.0000,1984.0000,1984.0000
2024-10-13 17:00:05, , , ,42.4000,1984.0000,1984.0000,1984.0000,1984.0000,1984.0000,1984.0000,1984.0000,1984.0000,1984.0000,1984.0000,1984.0000,1984.0000,1984.0000,1984.0000
2024-10-13 17:00:05, , , ,42.4000,1984.0000,1984.0000,1984.0000,1984.0000,1984.0000,1984.0000,1984.0000,1984.0000,1984.0000,1984.0000,1984.0000,1984.0000,1984.0000,1984.0000
2024-10-13 17:00:05, , , ,42.3000,1984.0000,1984.0000,1984.0000,1984.0000,1984.0000,1984.0000,1984.0000,1984.0000,1984.0000,1984.0000,1984.0000,1984.0000,1984.0000,1984.0000
2024-10-13 17:00:06, , , ,42.3000,1984.0000,1984.0000,1984.0000,1984.0000,1984.0000,1984.0000,1984.0000,1984.0000,1984.0000,1984.0000,1984.0000,1984.0000,1984.0000,1984.0000
2024-10-13 17:00:06, , , ,42.3000,1984.0000,1984.0000,1984.0000,1984.0000,1984.0000,1984.0000,1984.0000,1984.0000,1984.0000,1984.0000,1984.0000,1984.0000,1984.0000,1984.0000
2024-10-13 17:00:06, , , ,42.3000,1984.0000,1984.0000,1984.0000,1984.0000,1984.0000,1984.0000,1984.0000,1984.0000,1984.0000,1984.0000,1984.0000,1984.0000,1984.0000,1984.0000
2024-10-13 17:00:06, , , ,42.3000,1984.0000,1984.0000,1984.0000,1984.0000,1984.0000,1984.0000,1984.0000,1984.0000,1984.0000,1984.0000,1984.0000,1984.0000,1984.0000,1984.0000
2024-10-13 17:00:06, , , ,42.2000,1984.0000,1984.0000,1984.0000,1984.0000,1984.0000,1984.0000,1984.0000,1984.0000,1984.0000,1984.0000,1984.0000,1984.0000,1984.0000,1984.0000
2024-10-13 17:00:06, , , ,42.2000,1984.0000,1984.0000,1984.0000,1984.0000,1984.0000,1984.0000,1984.0000,1984.0000,1984.0000,1984.0000,1984.0000,1984.0000,1984.0000,1984.0000
2024-10-13 17:00:07, , , ,42.2000,1984.0000,1984.0000,1984.0000,1984.0000,1984.0000,1984.0000,1984.0000,1984.0000,1984.0000,1984.0000,1984.0000,1984.0000,1984.0000,1984.0000
2024-10-13 17:00:07, , , ,42.2000,1984.0000,1984.0000,1984.0000,1984.0000,1984.0000,1984.0000,1984.0000,1984.0000,1984.0000,1984.0000,1984.0000,1984.0000,1984.0000,1984.0000
2024-10-13 17:00:07, , , ,42.2000,1984.0000,1984.0000,1984.0000,1984.0000,1984.0000,1984.0000,1984.0000,1984.0000,1984.0000,1984.0000,1984.0000,1984.0000,1984.0000,1984.0000
2024-10-13 17:00:07, , , ,42.2000,1984.0000,1984.0000,1984.0000,1984.0000,1984.0000,1984.0000,1984.0000,1984.0000,1984.0000,1984.0000,1984.0000,1984.0000,1984.0000,1984.0000
2024-10-13 17:00:07, , , ,42.2000,1984.0000,1984.0000,1984.0000,1984.0000,1984.0000,1984.0000,1984.0000,1984.0000,1984.0000,1984.0000,1984.0000,1984.0000,1984.0000,1984.0000
2024-10-13 17:00:07, , , ,42.2000,1984.0000,1984.0000,1984.0000,1984.0000,1984.0000,1984.0000,1984.0000,1984.0000,1984.0000,1984.0000,1984.0000,1984.0000,1984.0000,1984.0000
2024-10-13 17:00:08, , , ,42.2000,1984.0000,1984.0000,1984.0000,1984.0000,1984.0000,1984.0000,1984.0000,1984.0000,1984.0000,1984.0000,1984.0000,1984.0000,1984.0000,1984.0000
2024-10-13 17:00:08, , , ,42.2000,1984.0000,1984.0000,1984.0000,1984.0000,1984.0000,1984.0000,1984.0000,1984.0000,1984.0000,1984.0000,1984.0000,1984.0000,1984.0000,1984.0000
2024-10-13 17:00:08, , , ,42.2000,1984.0000,1984.0000,1984.0000,1984.0000,1984.0000,1984.0000,1984.0000,1984.0000,1984.0000,1984.0000,1984.0000,1984.0000,1984.0000,1984.0000
2024-10-13 17:00:08, , , ,42.2000,1984.0000,1984.0000,1984.0000,1984.0000,1984.0000,1984.0000,1984.0000,1984.0000,1984.0000,1984.0000,1984.0000,1984.0000,1984.0000,1984.0000
2024-10-13 17:00:08, , , ,42.2000,1984.0000,1984.0000,1984.0000,1984.0000,1984.0000,1984.0000,1984.0000,1984.0000,1984.0000,1984.0000,1984.0000,1984.0000,1984.0000,1984.0000
2024-10-13 17:00:08, , , ,42.2000,1984.0000,1984.0000,1984.0000,1984.0000,1984.0000,1984.0000,1984.0000,1984.0000,1984.0000,1984.0000,1984.0000,1984.0000,1984.0000,1984.0000
2024-10-13 17:00:09, , , ,42.2000,1984.0000,1984.0000,1984.0000,1984.0000,1984.0000,1984.0000,1984.0000,1984.0000,1984.0000,1984.0000,1984.0000,1984.0000,1984.0000,1984.0000
2024-10-13 17:00:09, , , ,42.2000,1984.0000,1984.0000,1984.0000,1984.0000,1984.0000,1984.0000,1984.0000,1984.0000,1984.0000,1984.0000,1984.0000,1984.0000,1984.0000,1984.0000
2024-10-13 17:00:09, , , ,42.2000,1984.0000,1984.0000,1984.0000,1984.0000,1984.0000,1984.0000,1984.0000,1984.0000,1984.0000,1984.0000,1984.0000,1984.0000,1984.0000,1984.0000
2024-10-13 17:00:09, , , ,42.2000,1984.0000,1984.0000,1984.0000,1984.0000,1984.0000,1984.0000,1984.0000,1984.0000,1984.0000,1984.0000,1984.0000,1984.0000,1984.0000,1984.0000
2024-10-13 17:00:09, , , ,42.2000,1984.0000,1984.0000,1984.0000,1984.0000,1984.0000,1984.0000,1984.0000,1984.0000,1984.0000,1984.0000,1984.0000,1984.0000,1984.0000,1984.0000
2024-10-13 17:00:09, , , ,42.2000,1984.0000,1984.0000,1984.0000,1984.0000,1984.0000,1984.0000,1984.0000,1984.0000,1984.0000,1984.0000,1984.0000,1984.0000,1984.0000,1984.0000
2024-10-13 17:00:09, , , ,42.2000,1984.0000,1984.0000,1984.0000,1984.0000,1984.0000,1984.0000,1984.0000,1984.0000,1984.0000,1984.0000,1984.0000,1984.0000,1984.0000,1984.0000
2024-10-13 17:00:10, , , ,42.2000,1984.0000,1984.0000,1984.0000,1984.0000,1984.0000,1984.0000,1984.0000,1984.0000,1984.0000,1984.0000,1984.0000,1984.0000,1984.0000,1984.0000
2024-10-13 17:00:10, , , ,42.2000,1984.0000,1984.0000,1984.0000,1984.0000,1984.0000,1984.0000,1984.0000,1984.0000,1984.0000,1984.0000,1984.0000,1984.0000,1984.0000,1984.0000
2024-10-13 17:00:10, , , ,42.2000,1984.0000,1984.0000,1984.0000,1984.0000,1984.0000,1984.0000,1984.0000,1984.0000,1984.0000,1984.0000,1984.0000,1984.0000,1984.0000,1984.0000
2024-10-13 17:00:10, , , ,42.2000,1984.0000,1984.0000,1984.0000,1984.0000,1984.0000,1984.0000,1984.0000,1984.0000,1984.0000,1984.0000,1984.0000,1984.0000,1984.0000,1984.0000
2024-10-13 17:00:10, , , ,42.2000,1984.0000,1984.0000,1984.0000,1984.0000,1984.0000,1984.0000,1984.0000,1984.0000,1984.0000,1984.0000,1984.0000,1984.0000,1984.0000,1984.0000
2024-10-13 17:00:10, , , ,42.2000,1984.0000,1984.0000,1984.0000,1984.0000,1984.0000,1984.0000,1984.0000,1984.0000,1984.0000,1984.0000,1984.0000,1984.0000,1984.0000,1984.0000
2024-10-13 17:00:11, , , ,42.2000,1984.0000,1984.0000,1984.0000,1984.0000,1984.0000,1984.0000,1984.0000,1984.0000,1984.0000,1984.0000,1984.0000,1984.0000,1984.0000,1984.0000
2024-10-13 17:00:11, , , ,42.2000,1984.0000,1984.0000,1984.0000,1984.0000,1984.0000,1984.0000,1984.0000,1984.0000,1984.0000,1984.0000,1984.0000,1984.0000,1984.0000,1984.0000
2024-10-13 17:00:11, , , ,42.2000,1984.0000,1984.0000,1984.0000,1984.0000,1984.0000,1984.0000,1984.0000,1984.0000,1984.0000,1984.0000,1984.0000,1984.0000,1984.0000,1984.0000
2024-10-13 17:00:11, , , ,42.2000,1984.0000,1984.0000,1984.0000,1984.0000,1984.0000,1984.0000,1984.0000,1984.0000,1984.0000,1984.0000,1984.0000,1984.0000,1984.0000,1984.0000
2024-10-13 17:00:11, , , ,42.2000,1984.0000,1984.0000,1984.0000,1984.0000,1984.0000,1984.0000,1984.0000,1984.0000,1984.0000,1984.0000,1984.0000,1984.0000,1984.0000,1984.0000
2024-10-13 17:00:11, , , ,42.2000,1984.0000,1984.0000,1984.0000,1984.0000,1984.0000,1984.0000,1984.0000,1984.0000,1984.0000,1984.0000,1984.0000,1984.0000,1984.0000,1984.0000
2024-10-13 17:00:12, , , ,42.1000,1984.0000,1984.0000,1984.0000,1984.0000,1984.0000,1984.0000,1984.0000,1984.0000,1984.0000,1984.0000,1984.0000,1984.0000,1984.0000,1984.0000
2024-10-13 17:00:12, , , ,42.1000,1984.0000,1984.0000,1984.0000,1984.0000,1984.0000,1984.0000,1984.0000,1984.0000,1984.0000,1984.0000,1984.0000,1984.0000,1984.0000,1984.0000
2024-10-13 17:00:12, , , ,42.1000,1984.0000,1984.0000,1984.0000,1984.0000,1984.0000,1984.0000,1984.0000,1984.0000,1984.0000,1984.0000,1984.0000,1984.0000,1984.0000,1984.0000
2024-10-13 17:00:12, , , ,42.1000,1984.0000,1984.0000,1984.0000,1984.0000,1984.0000,1984.0000,1984.0000,1984.0000,1984.0000,1984.0000,1984.0000,1984.0000,1984.0000,1984.0000
2024-10-13 17:00:12, , , ,42.1000,1984.0000,1984.0000,1984.0000,1984.0000,1984.0000,1984.0000,1984.0000,1984.0000,1984.0000,1984.0000,1984.0000,1984.0000,1984.0000,1984.0000
2024-10-13 17:00:12, , , ,42.1000,1984.0000,1984.0000,1984.0000,1984.0000,1984.0000,1984.0000,1984.0000,1984.0000,1984.0000,1984.0000,1984.0000,1984.0000,1984.0000,1984.0000
2024-10-13 17:00:13, , , ,42.1000,1984.0000,1984.0000,1984.0000,1984.0000,1984.0000,1984.0000,1984.0000,1984.0000,1984.0000,1984.0000,1984.0000,1984.0000,1984.0000,1984.0000
2024-10-13 17:00:13, , , ,42.1000,1984.0000,1984.0000,1984.0000,1984.0000,1984.0000,1984.0000,1984.0000,1984.0000,1984.0000,1984.0000,1984.0000,1984.0000,1984.0000,1984.0000
2024-10-13 17:00:13, , , ,42.1000,1984.0000,1984.0000,1984.0000,1984.0000,1984.0000,1984.0000,1984.0000,1984.0000,1984.0000,1984.0000,1984.0000,1984.0000,1984.0000,1984.0000
2024-10-13 17:00:13, , , ,42.1000,1984.0000,1984.0000,1984.0000,1984.0000,1984.0000,1984.0000,1984.0000,1984.0000,1984.0000,1984.0000,1984.0000,1984.0000,1984.0000,1984.0000
2024-10-13 17:00:13, , , ,42.1000,1984.0000,1984.0000,1984.0000,1984.0000,1984.0000,1984.0000,1984.0000,1984.0000,1984.0000,1984.0000,1984.0000,1984.0000,1984.0000,1984.0000
2024-10-13 17:00:13, , , ,42.1000,1984.0000,1984.0000,1984.0000,1984.0000,1984.0000,1984.0000,1984.0000,1984.0000,1984.0000,1984.0000,1984.0000,1984.0000,1984.0000,1984.0000
2024-10-13 17:00:14, , , ,42.0000,1984.0000,1984.0000,1984.0000,1984.0000,1984.0000,1984.0000,1984.0000,1984.0000,1984.0000,1984.0000,1984.0000,1984.0000,1984.0000,1984.0000
2024-10-13 17:00:14, , , ,42.0000,1984.0000,1984.0000,1984.0000,1984.0000,1984.0000,1984.0000,1984.0000,1984.0000,1984.0000,1984.0000,1984.0000,1984.0000,1984.0000,1984.0000
2024-10-13 17:00:14, , , ,42.0000,1984.0000,1984.0000,1984.0000,1984.0000,1984.0000,1984.0000,1984.0000,1984.0000,1984.0000,1984.0000,1984.0000,1984.0000,1984.0000,1984.0000
2024-10-13 17:00:14, , , ,42.0000,1984.0000,1984.0000,1984.0000,1984.0000,1984.0000,1984.0000,1984.0000,1984.0000,1984.0000,1984.0000,1984.0000,1984.0000,1984.0000,1984.0000
2024-10-13 17:00:14, , , ,42.0000,1984.0000,1984.0000,1984.0000,1984.0000,1984.0000,1984.0000,1984.0000,1984.0000,1984.0000,1984.0000,1984.0000,1984.0000,1984.0000,1984.0000
2024-10-13 17:00:14, , , ,42.0000,1984.0000,1984.0000,1984.0000,1984.0000,1984.0000,1984.0000,1984.0000,1984.0000,1984.0000,1984.0000,1984.0000,1984.0000,1984.0000,1984.0000
2024-10-13 17:00:14, , , ,41.9000,1984.0000,1984.0000,1984.0000,1984.0000,1984.0000,1984.0000,1984.0000,1984.0000,1984.0000,1984.0000,1984.0000,1984.0000,1984.0000,1984.0000
2024-10-13 17:00:15, , , ,41.9000,1984.0000,1984.0000,1984.0000,1984.0000,1984.0000,1984.0000,1984.0000,1984.0000,1984.0000,1984.0000,1984.0000,1984.0000,1984.0000,1984.0000
2024-10-13 17:00:15, , , ,41.9000,1984.0000,1984.0000,1984.0000,1984.0000,1984.0000,1984.0000,1984.0000,1984.0000,1984.0000,1984.0000,1984.0000,1984.0000,1984.0000,1984.0000
2024-10-13 17:00:15, , , ,41.9000,1984.0000,1984.0000,1984.0000,1984.0000,1984.0000,1984.0000,1984.0000,1984.0000,1984.0000,1984.0000,1984.0000,1984.0000,1984.0000,1984.0000
2024-10-13 17:00:15, , , ,41.9000,1984.0000,1984.0000,1984.0000,1984.0000,1984.0000,1984.0000,1984.0000,1984.0000,1984.0000,1984.0000,1984.0000,1984.0000,1984.0000,1984.0000
2024-10-13 17:00:15, , , ,41.9000,1984.0000,1984.0000,1984.0000,1984.0000,1984.0000,1984.0000,1984.0000,1984.0000,1984.0000,1984.0000,1984.0000,1984.0000,1984.0000,1984.0000
2024-10-13 17:00:15, , , ,41.9000,1984.0000,1984.0000,1984.0000,1984.0000,1984.0000,1984.0000,1984.0000,1984.0000,1984.0000,1984.0000,1984.0000,1984.0000,1984.0000,1984.0000
2024-10-13 17:00:16, , , ,41.8000,1984.0000,1984.0000,1984.0000,1984.0000,1984.0000,1984.0000,1984.0000,1984.0000,1984.0000,1984.0000,1984.0000,1984.0000,1984.0000,1984.0000
2024-10-13 17:00:16, , , ,41.8000,1984.0000,1984.0000,1984.0000,1984.0000,1984.0000,1984.0000,1984.0000,1984.0000,1984.0000,1984.0000,1984.0000,1984.0000,1984.0000,1984.0000
2024-10-13 17:00:16, , , ,41.8000,1984.0000,1984.0000,1984.0000,1984.0000,1984.0000,1984.0000,1984.0000,1984.0000,1984.0000,1984.0000,1984.0000,1984.0000,1984.0000,1984.0000
2024-10-13 17:00:16, , , ,41.8000,1984.0000,1984.0000,1984.0000,1984.0000,1984.0000,1984.0000,1984.0000,1984.0000,1984.0000,1984.0000,1984.0000,1984.0000,1984.0000,1984.0000
2024-10-13 17:00:16, , , ,41.8000,1984.0000,1984.0000,1984.0000,1984.0000,1984.0000,1984.0000,1984.0000,1984.0000,1984.0000,1984.0000,1984.0000,1984.0000,1984.0000,1984.0000
2024-10-13 17:00:16, , , ,41.8000,1984.0000,1984.0000,1984.0000,1984.0000,1984.0000,1984.0000,1984.0000,1984.0000,1984.0000,1984.0000,1984.0000,1984.0000,1984.0000,1984.0000
2024-10-13 17:00:17, , , ,41.8000,1984.0000,1984.0000,1984.0000,1984.0000,1984.0000,1984.0000,1984.0000,1984.0000,1984.0000,1984.0000,1984.0000,1984.0000,1984.0000,1984.0000
2024-10-13 17:00:17, , , ,41.8000,1984.0000,1984.0000,1984.0000,1984.0000,1984.0000,1984.0000,1984.0000,1984.0000,1984.0000,1984.0000,1984.0000,1984.0000,1984.0000,1984.0000
2024-10-13 17:00:17, , , ,41.8000,1984.0000,1984.0000,1984.0000,1984.0000,1984.0000,1984.0000,1984.0000,1984.0000,1984.0000,1984.0000,1984.0000,1984.0000,1984.0000,1984.0000
2024-10-13 17:00:17, , , ,41.8000,1984.0000,1984.0000,1984.0000,1984.0000,1984.0000,1984.0000,1984.0000,1984.0000,1984.0000,1984.0000,1984.0000,1984.0000,1984.0000,1984.0000
2024-10-13 17:00:17, , , ,41.8000,1984.0000,1984.0000,1984.0000,1984.0000,1984.0000,1984.0000,1984.0000,1984.0000,1984.0000,1984.0000,1984.0000,1984.0000,1984.0000,1984.0000
2024-10-13 17:00:17, , , ,41.8000,1984.0000,1984.0000,1984.0000,1984.0000,1984.0000,1984.0000,1984.0000,1984.0000,1984.0000,1984.0000,1984.0000,1984.0000,1984.0000,1984.0000
2024-10-13 17:00:18, , , ,41.8000,1984.0000,1984.0000,1984.0000,1984.0000,1984.0000,1984.0000,1984.0000,1984.0000,1984.0000,1984.0000,1984.0000,1984.0000,1984.0000,1984.0000
2024-10-13 17:00:18, , , ,41.8000,1984.0000,1984.0000,1984.0000,1984.0000,1984.0000,1984.0000,1984.0000,1984.0000,1984.0000,1984.0000,1984.0000,1984.0000,1984.0000,1984.0000
2024-10-13 17:00:18, , , ,41.8000,1984.0000,1984.0000,1984.0000,1984.0000,1984.0000,1984.0000,1984.0000,1984.0000,1984.0000,1984.0000,1984.0000,1984.0000,1984.0000,1984.0000
