Timestamp,Heater,Max Power,PWM Cycle Time,ch1,ch2,ch3,ch4,ch5,ch6,ch7,ch8,ch9,ch10,ch11,ch12,ch13,ch14,ch15,ch16
2024-10-30 12:31:43, , , ,34.4000,1984.0000,1984.0000,1984.0000,1984.0000,1984.0000,1984.0000,1984.0000,1984.0000,1984.0000,1984.0000,1984.0000,1984.0000,1984.0000,1984.0000
2024-10-30 12:31:44, , , ,34.2000,1984.0000,1984.0000,1984.0000,1984.0000,1984.0000,1984.0000,1984.0000,1984.0000,1984.0000,1984.0000,1984.0000,1984.0000,1984.0000,1984.0000
2024-10-30 12:31:45, , , ,34.2000,1984.0000,1984.0000,1984.0000,1984.0000,1984.0000,1984.0000,1984.0000,1984.0000,1984.0000,1984.0000,1984.0000,1984.0000,1984.0000,1984.0000
2024-10-30 12:31:46, , , ,34.2000,1984.0000,1984.0000,1984.0000,1984.0000,1984.0000,1984.0000,1984.0000,1984.0000,1984.0000,1984.0000,1984.0000,1984.0000,1984.0000,1984.0000
2024-10-30 12:31:47, , , ,34.2000,1984.0000,1984.0000,1984.0000,1984.0000,1984.0000,1984.0000,1984.0000,1984.0000,1984.0000,1984.0000,1984.0000,1984.0000,1984.0000,1984.0000
2024-10-30 12:31:47, , , ,34.2000,1984.0000,1984.0000,1984.0000,1984.0000,1984.0000,1984.0000,1984.0000,1984.0000,1984.0000,1984.0000,1984.0000,1984.0000,1984.0000,1984.0000
2024-10-30 12:31:48, , , ,34.2000,1984.0000,1984.0000,1984.0000,1984.0000,1984.0000,1984.0000,1984.0000,1984.0000,1984.0000,1984.0000,1984.0000,1984.0000,1984.0000,1984.0000
2024-10-30 12:31:49, , , ,34.2000,1984.0000,1984.0000,1984.0000,1984.0000,1984.0000,1984.0000,1984.0000,1984.0000,1984.0000,1984.0000,1984.0000,1984.0000,1984.0000,1984.0000
2024-10-30 12:31:49, , , ,34.2000,1984.0000,1984.0000,1984.0000,1984.0000,1984.0000,1984.0000,1984.0000,1984.0000,1984.0000,1984.0000,1984.0000,1984.0000,1984.0000,1984.0000
2024-10-30 12:31:49, , , ,34.2000,1984.0000,1984.0000,1984.0000,1984.0000,1984.0000,1984.0000,1984.0000,1984.0000,1984.0000,1984.0000,1984.0000,1984.0000,1984.0000,1984.0000
2024-10-30 12:31:49, , , ,34.2000,1984.0000,1984.0000,1984.0000,1984.0000,1984.0000,1984.0000,1984.0000,1984.0000,1984.0000,1984.0000,1984.0000,1984.0000,1984.0000,1984.0000
2024-10-30 12:31:49, , , ,34.2000,1984.0000,1984.0000,1984.0000,1984.0000,1984.0000,1984.0000,1984.0000,1984.0000,1984.0000,1984.0000,1984.0000,1984.0000,1984.0000,1984.0000
2024-10-30 12:31:50, , , ,34.2000,1984.0000,1984.0000,1984.0000,1984.0000,1984.0000,1984.0000,1984.0000,1984.0000,1984.0000,1984.0000,1984.0000,1984.0000,1984.0000,1984.0000
2024-10-30 12:31:50, , , ,34.2000,1984.0000,1984.0000,1984.0000,1984.0000,1984.0000,1984.0000,1984.0000,1984.0000,1984.0000,1984.0000,1984.0000,1984.0000,1984.0000,1984.0000
2024-10-30 12:31:50, , , ,34.2000,1984.0000,1984.0000,1984.0000,1984.0000,1984.0000,1984.0000,1984.0000,1984.0000,1984.0000,1984.0000,1984.0000,1984.0000,1984.0000,1984.0000
2024-10-30 12:31:50, , , ,34.2000,1984.0000,1984.0000,1984.0000,1984.0000,1984.0000,1984.0000,1984.0000,1984.0000,1984.0000,1984.0000,1984.0000,1984.0000,1984.0000,1984.0000
2024-10-30 12:31:50, , , ,34.2000,1984.0000,1984.0000,1984.0000,1984.0000,1984.0000,1984.0000,1984.0000,1984.0000,1984.0000,1984.0000,1984.0000,1984.0000,1984.0000,1984.0000
2024-10-30 12:31:50, , , ,34.2000,1984.0000,1984.0000,1984.0000,1984.0000,1984.0000,1984.0000,1984.0000,1984.0000,1984.0000,1984.0000,1984.0000,1984.0000,1984.0000,1984.0000
2024-10-30 12:31:51, , , ,34.2000,1984.0000,1984.0000,1984.0000,1984.0000,1984.0000,1984.0000,1984.0000,1984.0000,1984.0000,1984.0000,1984.0000,1984.0000,1984.0000,1984.0000
2024-10-30 12:31:51, , , ,34.2000,1984.0000,1984.0000,1984.0000,1984.0000,1984.0000,1984.0000,1984.0000,1984.0000,1984.0000,1984.0000,1984.0000,1984.0000,1984.0000,1984.0000
2024-10-30 12:31:51, , , ,34.1000,1984.0000,1984.0000,1984.0000,1984.0000,1984.0000,1984.0000,1984.0000,1984.0000,1984.0000,1984.0000,1984.0000,1984.0000,1984.0000,1984.0000
2024-10-30 12:31:51, , , ,34.1000,1984.0000,1984.0000,1984.0000,1984.0000,1984.0000,1984.0000,1984.0000,1984.0000,1984.0000,1984.0000,1984.0000,1984.0000,1984.0000,1984.0000
2024-10-30 12:31:51, , , ,34.1000,1984.0000,1984.0000,1984.0000,1984.0000,1984.0000,1984.0000,1984.0000,1984.0000,1984.0000,1984.0000,1984.0000,1984.0000,1984.0000,1984.0000
2024-10-30 12:31:51, , , ,34.1000,1984.0000,1984.0000,1984.0000,1984.0000,1984.0000,1984.0000,1984.0000,1984.0000,1984.0000,1984.0000,1984.0000,1984.0000,1984.0000,1984.0000
2024-10-30 12:31:52, , , ,34.0000,1984.0000,1984.0000,1984.0000,1984.0000,1984.0000,1984.0000,1984.0000,1984.0000,1984.0000,1984.0000,1984.0000,1984.0000,1984.0000,1984.0000
2024-10-30 12:31:52, , , ,33.9000,1984.0000,1984.0000,1984.0000,1984.0000,1984.0000,1984.0000,1984.0000,1984.0000,1984.0000,1984.0000,1984.0000,1984.0000,1984.0000,1984.0000
2024-10-30 12:31:52, , , ,33.9000,1984.0000,1984.0000,1984.0000,1984.0000,1984.0000,1984.0000,1984.0000,1984.0000,1984.0000,1984.0000,1984.0000,1984.0000,1984.0000,1984.0000
2024-10-30 12:31:52, , , ,33.9000,1984.0000,1984.0000,1984.0000,1984.0000,1984.0000,1984.0000,1984.0000,1984.0000,1984.0000,1984.0000,1984.0000,1984.0000,1984.0000,1984.0000
2024-10-30 12:31:52, , , ,33.9000,1984.0000,1984.0000,1984.0000,1984.0000,1984.0000,1984.0000,1984.0000,1984.0000,1984.0000,1984.0000,1984.0000,1984.0000,1984.0000,1984.0000
2024-10-30 12:31:52, , , ,33.9000,1984.0000,1984.0000,1984.0000,1984.0000,1984.0000,1984.0000,1984.0000,1984.0000,1984.0000,1984.0000,1984.0000,1984.0000,1984.0000,1984.0000
2024-10-30 12:31:53, , , ,33.9000,1984.0000,1984.0000,1984.0000,1984.0000,1984.0000,1984.0000,1984.0000,1984.0000,1984.0000,1984.0000,1984.0000,1984.0000,1984.0000,1984.0000
2024-10-30 12:31:53, , , ,33.9000,1984.0000,1984.0000,1984.0000,1984.0000,1984.0000,1984.0000,1984.0000,1984.0000,1984.0000,1984.0000,1984.0000,1984.0000,1984.0000,1984.0000
2024-10-30 12:31:53, , , ,33.9000,1984.0000,1984.0000,1984.0000,1984.0000,1984.0000,1984.0000,1984.0000,1984.0000,1984.0000,1984.0000,1984.0000,1984.0000,1984.0000,1984.0000
2024-10-30 12:31:53, , , ,34.0000,1984.0000,1984.0000,1984.0000,1984.0000,1984.0000,1984.0000,1984.0000,1984.0000,1984.0000,1984.0000,1984.0000,1984.0000,1984.0000,1984.0000
2024-10-30 12:31:53, , , ,34.0000,1984.0000,1984.0000,1984.0000,1984.0000,1984.0000,1984.0000,1984.0000,1984.0000,1984.0000,1984.0000,1984.0000,1984.0000,1984.0000,1984.0000
2024-10-30 12:31:53, , , ,34.0000,1984.0000,1984.0000,1984.0000,1984.0000,1984.0000,1984.0000,1984.0000,1984.0000,1984.0000,1984.0000,1984.0000,1984.0000,1984.0000,1984.0000
2024-10-30 12:31:54, , , ,34.0000,1984.0000,1984.0000,1984.0000,1984.0000,1984.0000,1984.0000,1984.0000,1984.0000,1984.0000,1984.0000,1984.0000,1984.0000,1984.0000,1984.0000
2024-10-30 12:31:54, , , ,34.0000,1984.0000,1984.0000,1984.0000,1984.0000,1984.0000,1984.0000,1984.0000,1984.0000,1984.0000,1984.0000,1984.0000,1984.0000,1984.0000,1984.0000
2024-10-30 12:31:54, , , ,34.0000,1984.0000,1984.0000,1984.0000,1984.0000,1984.0000,1984.0000,1984.0000,1984.0000,1984.0000,1984.0000,1984.0000,1984.0000,1984.0000,1984.0000
2024-10-30 12:31:54, , , ,34.0000,1984.0000,1984.0000,1984.0000,1984.0000,1984.0000,1984.0000,1984.0000,1984.0000,1984.0000,1984.0000,1984.0000,1984.0000,1984.0000,1984.0000
2024-10-30 12:31:54, , , ,34.0000,1984.0000,1984.0000,1984.0000,1984.0000,1984.0000,1984.0000,1984.0000,1984.0000,1984.0000,1984.0000,1984.0000,1984.0000,1984.0000,1984.0000
2024-10-30 12:31:54, , , ,34.0000,1984.0000,1984.0000,1984.0000,1984.0000,1984.0000,1984.0000,1984.0000,1984.0000,1984.0000,1984.0000,1984.0000,1984.0000,1984.0000,1984.0000
2024-10-30 12:31:54, , , ,34.0000,1984.0000,1984.0000,1984.0000,1984.0000,1984.0000,1984.0000,1984.0000,1984.0000,1984.0000,1984.0000,1984.0000,1984.0000,1984.0000,1984.0000
2024-10-30 12:31:55, , , ,34.0000,1984.0000,1984.0000,1984.0000,1984.0000,1984.0000,1984.0000,1984.0000,1984.0000,1984.0000,1984.0000,1984.0000,1984.0000,1984.0000,1984.0000
2024-10-30 12:31:55, , , ,34.0000,1984.0000,1984.0000,1984.0000,1984.0000,1984.0000,1984.0000,1984.0000,1984.0000,1984.0000,1984.0000,1984.0000,1984.0000,1984.0000,1984.0000
2024-10-30 12:31:55, , , ,34.0000,1984.0000,1984.0000,1984.0000,1984.0000,1984.0000,1984.0000,1984.0000,1984.0000,1984.0000,1984.0000,1984.0000,1984.0000,1984.0000,1984.0000
2024-10-30 12:31:55, , , ,34.0000,1984.0000,1984.0000,1984.0000,1984.0000,1984.0000,1984.0000,1984.0000,1984.0000,1984.0000,1984.0000,1984.0000,1984.0000,1984.0000,1984.0000
2024-10-30 12:31:55, , , ,34.0000,1984.0000,1984.0000,1984.0000,1984.0000,1984.0000,1984.0000,1984.0000,1984.0000,1984.0000,1984.0000,1984.0000,1984.0000,1984.0000,1984.0000
2024-10-30 12:31:55, , , ,34.0000,1984.0000,1984.0000,1984.0000,1984.0000,1984.0000,1984.0000,1984.0000,1984.0000,1984.0000,1984.0000,1984.0000,1984.0000,1984.0000,1984.0000
2024-10-30 12:31:56, , , ,34.0000,1984.0000,1984.0000,1984.0000,1984.0000,1984.0000,1984.0000,1984.0000,1984.0000,1984.0000,1984.0000,1984.0000,1984.0000,1984.0000,1984.0000
2024-10-30 12:31:56, , , ,33.9000,1984.0000,1984.0000,1984.0000,1984.0000,1984.0000,1984.0000,1984.0000,1984.0000,1984.0000,1984.0000,1984.0000,1984.0000,1984.0000,1984.0000
2024-10-30 12:31:56, , , ,33.9000,1984.0000,1984.0000,1984.0000,1984.0000,1984.0000,1984.0000,1984.0000,1984.0000,1984.0000,1984.0000,1984.0000,1984.0000,1984.0000,1984.0000
2024-10-30 12:31:56, , , ,33.9000,1984.0000,1984.0000,1984.0000,1984.0000,1984.0000,1984.0000,1984.0000,1984.0000,1984.0000,1984.0000,1984.0000,1984.0000,1984.0000,1984.0000
2024-10-30 12:31:56, , , ,33.9000,1984.0000,1984.0000,1984.0000,1984.0000,1984.0000,1984.0000,1984.0000,1984.0000,1984.0000,1984.0000,1984.0000,1984.0000,1984.0000,1984.0000
2024-10-30 12:31:57, , , ,33.9000,1984.0000,1984.0000,1984.0000,1984.0000,1984.0000,1984.0000,1984.0000,1984.0000,1984.0000,1984.0000,1984.0000,1984.0000,1984.0000,1984.0000
2024-10-30 12:31:57, , , ,33.9000,1984.0000,1984.0000,1984.0000,1984.0000,1984.0000,1984.0000,1984.0000,1984.0000,1984.0000,1984.0000,1984.0000,1984.0000,1984.0000,1984.0000
2024-10-30 12:31:57, , , ,33.9000,1984.0000,1984.0000,1984.0000,1984.0000,1984.0000,1984.0000,1984.0000,1984.0000,1984.0000,1984.0000,1984.0000,1984.0000,1984.0000,1984.0000
2024-10-30 12:31:57, , , ,33.9000,1984.0000,1984.0000,1984.0000,1984.0000,1984.0000,1984.0000,1984.0000,1984.0000,1984.0000,1984.0000,1984.0000,1984.0000,1984.0000,1984.0000
2024-10-30 12:31:57, , , ,33.9000,1984.0000,1984.0000,1984.0000,1984.0000,1984.0000,1984.0000,1984.0000,1984.0000,1984.0000,1984.0000,1984.0000,1984.0000,1984.0000,1984.0000
2024-10-30 12:31:57, , , ,33.9000,1984.0000,1984.0000,1984.0000,1984.0000,1984.0000,1984.0000,1984.0000,1984.0000,1984.0000,1984.0000,1984.0000,1984.0000,1984.0000,1984.0000
2024-10-30 12:31:57, , , ,33.9000,1984.0000,1984.0000,1984.0000,1984.0000,1984.0000,1984.0000,1984.0000,1984.0000,1984.0000,1984.0000,1984.0000,1984.0000,1984.0000,1984.0000
2024-10-30 12:31:58, , , ,33.9000,1984.0000,1984.0000,1984.0000,1984.0000,1984.0000,1984.0000,1984.0000,1984.0000,1984.0000,1984.0000,1984.0000,1984.0000,1984.0000,1984.0000
2024-10-30 12:31:58, , , ,33.9000,1984.0000,1984.0000,1984.0000,1984.0000,1984.0000,1984.0000,1984.0000,1984.0000,1984.0000,1984.0000,1984.0000,1984.0000,1984.0000,1984.0000
2024-10-30 12:31:58, , , ,33.9000,1984.0000,1984.0000,1984.0000,1984.0000,1984.0000,1984.0000,1984.0000,1984.0000,1984.0000,1984.0000,1984.0000,1984.0000,1984.0000,1984.0000
2024-10-30 12:31:58, , , ,33.9000,1984.0000,1984.0000,1984.0000,1984.0000,1984.0000,1984.0000,1984.0000,1984.0000,1984.0000,1984.0000,1984.0000,1984.0000,1984.0000,1984.0000
2024-10-30 12:31:58, , , ,33.9000,1984.0000,1984.0000,1984.0000,1984.0000,1984.0000,1984.0000,1984.0000,1984.0000,1984.0000,1984.0000,1984.0000,1984.0000,1984.0000,1984.0000
2024-10-30 12:31:58, , , ,33.9000,1984.0000,1984.0000,1984.0000,1984.0000,1984.0000,1984.0000,1984.0000,1984.0000,1984.0000,1984.0000,1984.0000,1984.0000,1984.0000,1984.0000
2024-10-30 12:31:59, , , ,33.9000,1984.0000,1984.0000,1984.0000,1984.0000,1984.0000,1984.0000,1984.0000,1984.0000,1984.0000,1984.0000,1984.0000,1984.0000,1984.0000,1984.0000
2024-10-30 12:31:59, , , ,33.9000,1984.0000,1984.0000,1984.0000,1984.0000,1984.0000,1984.0000,1984.0000,1984.0000,1984.0000,1984.0000,1984.0000,1984.0000,1984.0000,1984.0000
2024-10-30 12:31:59, , , ,33.9000,1984.0000,1984.0000,1984.0000,1984.0000,1984.0000,1984.0000,1984.0000,1984.0000,1984.0000,1984.0000,1984.0000,1984.0000,1984.0000,1984.0000
2024-10-30 12:31:59, , , ,33.9000,1984.0000,1984.0000,1984.0000,1984.0000,1984.0000,1984.0000,1984.0000,1984.0000,1984.0000,1984.0000,1984.0000,1984.0000,1984.0000,1984.0000
2024-10-30 12:31:59, , , ,33.9000,1984.0000,1984.0000,1984.0000,1984.0000,1984.0000,1984.0000,1984.0000,1984.0000,1984.0000,1984.0000,1984.0000,1984.0000,1984.0000,1984.0000
2024-10-30 12:31:59, , , ,33.9000,1984.0000,1984.0000,1984.0000,1984.0000,1984.0000,1984.0000,1984.0000,1984.0000,1984.0000,1984.0000,1984.0000,1984.0000,1984.0000,1984.0000
2024-10-30 12:32:00, , , ,33.9000,1984.0000,1984.0000,1984.0000,1984.0000,1984.0000,1984.0000,1984.0000,1984.0000,1984.0000,1984.0000,1984.0000,1984.0000,1984.0000,1984.0000
2024-10-30 12:32:00, , , ,33.9000,1984.0000,1984.0000,1984.0000,1984.0000,1984.0000,1984.0000,1984.0000,1984.0000,1984.0000,1984.0000,1984.0000,1984.0000,1984.0000,1984.0000
2024-10-30 12:32:00, , , ,33.9000,1984.0000,1984.0000,1984.0000,1984.0000,1984.0000,1984.0000,1984.0000,1984.0000,1984.0000,1984.0000,1984.0000,1984.0000,1984.0000,1984.0000
2024-10-30 12:32:00, , , ,33.9000,1984.0000,1984.0000,1984.0000,1984.0000,1984.0000,1984.0000,1984.0000,1984.0000,1984.0000,1984.0000,1984.0000,1984.0000,1984.0000,1984.0000
2024-10-30 12:32:00, , , ,33.9000,1984.0000,1984.0000,1984.0000,1984.0000,1984.0000,1984.0000,1984.0000,1984.0000,1984.0000,1984.0000,1984.0000,1984.0000,1984.0000,1984.0000
2024-10-30 12:32:00, , , ,33.9000,1984.0000,1984.0000,1984.0000,1984.0000,1984.0000,1984.0000,1984.0000,1984.0000,1984.0000,1984.0000,1984.0000,1984.0000,1984.0000,1984.0000
2024-10-30 12:32:01, , , ,33.9000,1984.0000,1984.0000,1984.0000,1984.0000,1984.0000,1984.0000,1984.0000,1984.0000,1984.0000,1984.0000,1984.0000,1984.0000,1984.0000,1984.0000
2024-10-30 12:32:01, , , ,33.9000,1984.0000,1984.0000,1984.0000,1984.0000,1984.0000,1984.0000,1984.0000,1984.0000,1984.0000,1984.0000,1984.0000,1984.0000,1984.0000,1984.0000
2024-10-30 12:32:01, , , ,33.9000,1984.0000,1984.0000,1984.0000,1984.0000,1984.0000,1984.0000,1984.0000,1984.0000,1984.0000,1984.0000,1984.0000,1984.0000,1984.0000,1984.0000
2024-10-30 12:32:01, , , ,33.9000,1984.0000,1984.0000,1984.0000,1984.0000,1984.0000,1984.0000,1984.0000,1984.0000,1984.0000,1984.0000,1984.0000,1984.0000,1984.0000,1984.0000
2024-10-30 12:32:01, , , ,33.9000,1984.0000,1984.0000,1984.0000,1984.0000,1984.0000,1984.0000,1984.0000,1984.0000,1984.0000,1984.0000,1984.0000,1984.0000,1984.0000,1984.0000
2024-10-30 12:32:01, , , ,33.9000,1984.0000,1984.0000,1984.0000,1984.0000,1984.0000,1984.0000,1984.0000,1984.0000,1984.0000,1984.0000,1984.0000,1984.0000,1984.0000,1984.0000
2024-10-30 12:32:01, , , ,33.9000,1984.0000,1984.0000,1984.0000,1984.0000,1984.0000,1984.0000,1984.0000,1984.0000,1984.0000,1984.0000,1984.0000,1984.0000,1984.0000,1984.0000
2024-10-30 12:32:02, , , ,33.9000,1984.0000,1984.0000,1984.0000,1984.0000,1984.0000,1984.0000,1984.0000,1984.0000,1984.0000,1984.0000,1984.0000,1984.0000,1984.0000,1984.0000
2024-10-30 12:32:02, , , ,33.9000,1984.0000,1984.0000,1984.0000,1984.0000,1984.0000,1984.0000,1984.0000,1984.0000,1984.0000,1984.0000,1984.0000,1984.0000,1984.0000,1984.0000
2024-10-30 12:32:02, , , ,33.9000,1984.0000,1984.0000,1984.0000,1984.0000,1984.0000,1984.0000,1984.0000,1984.0000,1984.0000,1984.0000,1984.0000,1984.0000,1984.0000,1984.0000
2024-10-30 12:32:02, , , ,33.8000,1984.0000,1984.0000,1984.0000,1984.0000,1984.0000,1984.0000,1984.0000,1984.0000,1984.0000,1984.0000,1984.0000,1984.0000,1984.0000,1984.0000
2024-10-30 12:32:02, , , ,33.8000,1984.0000,1984.0000,1984.0000,1984.0000,1984.0000,1984.0000,1984.0000,1984.0000,1984.0000,1984.0000,1984.0000,1984.0000,1984.0000,1984.0000
2024-10-30 12:32:02, , , ,33.8000,1984.0000,1984.0000,1984.0000,1984.0000,1984.0000,1984.0000,1984.0000,1984.0000,1984.0000,1984.0000,1984.0000,1984.0000,1984.0000,1984.0000
2024-10-30 12:32:03, , , ,33.8000,1984.0000,1984.0000,1984.0000,1984.0000,1984.0000,1984.0000,1984.0000,1984.0000,1984.0000,1984.0000,1984.0000,1984.0000,1984.0000,1984.0000
2024-10-30 12:32:03, , , ,33.8000,1984.0000,1984.0000,1984.0000,1984.0000,1984.0000,1984.0000,1984.0000,1984.0000,1984.0000,1984.0000,1984.0000,1984.0000,1984.0000,1984.0000
2024-10-30 12:32:03, , , ,33.8000,1984.0000,1984.0000,1984.0000,1984.0000,1984.0000,1984.0000,1984.0000,1984.0000,1984.0000,1984.0000,1984.0000,1984.0000,1984.0000,1984.0000
2024-10-30 12:32:03, , , ,33.8000,1984.0000,1984.0000,1984.0000,1984.0000,1984.0000,1984.0000,1984.0000,1984.0000,1984.0000,1984.0000,1984.0000,1984.0000,1984.0000,1984.0000
2024-10-30 12:32:03, , , ,33.8000,1984.0000,1984.0000,1984.0000,1984.0000,1984.0000,1984.0000,1984.0000,1984.0000,1984.0000,1984.0000,1984.0000,1984.0000,1984.0000,1984.0000
2024-10-30 12:32:03, , , ,33.8000,1984.0000,1984.0000,1984.0000,1984.0000,1984.0000,1984.0000,1984.0000,1984.0000,1984.0000,1984.0000,1984.0000,1984.0000,1984.0000,1984.0000
2024-10-30 12:32:04, , , ,33.8000,1984.0000,1984.0000,1984.0000,1984.0000,1984.0000,1984.0000,1984.0000,1984.0000,1984.0000,1984.0000,1984.0000,1984.0000,1984.0000,1984.0000
2024-10-30 12:32:04, , , ,33.8000,1984.0000,1984.0000,1984.0000,1984.0000,1984.0000,1984.0000,1984.0000,1984.0000,1984.0000,1984.0000,1984.0000,1984.0000,1984.0000,1984.0000
2024-10-30 12:32:04, , , ,33.8000,1984.0000,1984.0000,1984.0000,1984.0000,1984.0000,1984.0000,1984.0000,1984.0000,1984.0000,1984.0000,1984.0000,1984.0000,1984.0000,1984.0000
2024-10-30 12:32:04, , , ,33.7000,1984.0000,1984.0000,1984.0000,1984.0000,1984.0000,1984.0000,1984.0000,1984.0000,1984.0000,1984.0000,1984.0000,1984.0000,1984.0000,1984.0000
2024-10-30 12:32:04, , , ,33.7000,1984.0000,1984.0000,1984.0000,1984.0000,1984.0000,1984.0000,1984.0000,1984.0000,1984.0000,1984.0000,1984.0000,1984.0000,1984.0000,1984.0000
2024-10-30 12:32:04, , , ,33.7000,1984.0000,1984.0000,1984.0000,1984.0000,1984.0000,1984.0000,1984.0000,1984.0000,1984.0000,1984.0000,1984.0000,1984.0000,1984.0000,1984.0000
2024-10-30 12:32:05, , , ,33.7000,1984.0000,1984.0000,1984.0000,1984.0000,1984.0000,1984.0000,1984.0000,1984.0000,1984.0000,1984.0000,1984.0000,1984.0000,1984.0000,1984.0000
2024-10-30 12:32:05, , , ,33.7000,1984.0000,1984.0000,1984.0000,1984.0000,1984.0000,1984.0000,1984.0000,1984.0000,1984.0000,1984.0000,1984.0000,1984.0000,1984.0000,1984.0000
2024-10-30 12:32:05, , , ,33.6000,1984.0000,1984.0000,1984.0000,1984.0000,1984.0000,1984.0000,1984.0000,1984.0000,1984.0000,1984.0000,1984.0000,1984.0000,1984.0000,1984.0000
2024-10-30 12:32:05, , , ,33.6000,1984.0000,1984.0000,1984.0000,1984.0000,1984.0000,1984.0000,1984.0000,1984.0000,1984.0000,1984.0000,1984.0000,1984.0000,1984.0000,1984.0000
2024-10-30 12:32:05, , , ,33.6000,1984.0000,1984.0000,1984.0000,1984.0000,1984.0000,1984.0000,1984.0000,1984.0000,1984.0000,1984.0000,1984.0000,1984.0000,1984.0000,1984.0000
2024-10-30 12:32:05, , , ,33.6000,1984.0000,1984.0000,1984.0000,1984.0000,1984.0000,1984.0000,1984.0000,1984.0000,1984.0000,1984.0000,1984.0000,1984.0000,1984.0000,1984.0000
2024-10-30 12:32:06, , , ,33.6000,1984.0000,1984.0000,1984.0000,1984.0000,1984.0000,1984.0000,1984.0000,1984.0000,1984.0000,1984.0000,1984.0000,1984.0000,1984.0000,1984.0000
2024-10-30 12:32:06, , , ,33.6000,1984.0000,1984.0000,1984.0000,1984.0000,1984.0000,1984.0000,1984.0000,1984.0000,1984.0000,1984.0000,1984.0000,1984.0000,1984.0000,1984.0000
2024-10-30 12:32:06, , , ,33.6000,1984.0000,1984.0000,1984.0000,1984.0000,1984.0000,1984.0000,1984.0000,1984.0000,1984.0000,1984.0000,1984.0000,1984.0000,1984.0000,1984.0000
2024-10-30 12:32:06, , , ,33.6000,1984.0000,1984.0000,1984.0000,1984.0000,1984.0000,1984.0000,1984.0000,1984.0000,1984.0000,1984.0000,1984.0000,1984.0000,1984.0000,1984.0000
2024-10-30 12:32:06, , , ,33.6000,1984.0000,1984.0000,1984.0000,1984.0000,1984.0000,1984.0000,1984.0000,1984.0000,1984.0000,1984.0000,1984.0000,1984.0000,1984.0000,1984.0000
2024-10-30 12:32:06, , , ,33.6000,1984.0000,1984.0000,1984.0000,1984.0000,1984.0000,1984.0000,1984.0000,1984.0000,1984.0000,1984.0000,1984.0000,1984.0000,1984.0000,1984.0000
2024-10-30 12:32:07, , , ,33.6000,1984.0000,1984.0000,1984.0000,1984.0000,1984.0000,1984.0000,1984.0000,1984.0000,1984.0000,1984.0000,1984.0000,1984.0000,1984.0000,1984.0000
2024-10-30 12:32:07, , , ,33.6000,1984.0000,1984.0000,1984.0000,1984.0000,1984.0000,1984.0000,1984.0000,1984.0000,1984.0000,1984.0000,1984.0000,1984.0000,1984.0000,1984.0000
2024-10-30 12:32:07, , , ,33.6000,1984.0000,1984.0000,1984.0000,1984.0000,1984.0000,1984.0000,1984.0000,1984.0000,1984.0000,1984.0000,1984.0000,1984.0000,1984.0000,1984.0000
2024-10-30 12:32:07, , , ,33.6000,1984.0000,1984.0000,1984.0000,1984.0000,1984.0000,1984.0000,1984.0000,1984.0000,1984.0000,1984.0000,1984.0000,1984.0000,1984.0000,1984.0000
2024-10-30 12:32:07, , , ,33.6000,1984.0000,1984.0000,1984.0000,1984.0000,1984.0000,1984.0000,1984.0000,1984.0000,1984.0000,1984.0000,1984.0000,1984.0000,1984.0000,1984.0000
2024-10-30 12:32:07, , , ,33.6000,1984.0000,1984.0000,1984.0000,1984.0000,1984.0000,1984.0000,1984.0000,1984.0000,1984.0000,1984.0000,1984.0000,1984.0000,1984.0000,1984.0000
2024-10-30 12:32:08, , , ,33.6000,1984.0000,1984.0000,1984.0000,1984.0000,1984.0000,1984.0000,1984.0000,1984.0000,1984.0000,1984.0000,1984.0000,1984.0000,1984.0000,1984.0000
2024-10-30 12:32:08, , , ,33.6000,1984.0000,1984.0000,1984.0000,1984.0000,1984.0000,1984.0000,1984.0000,1984.0000,1984.0000,1984.0000,1984.0000,1984.0000,1984.0000,1984.0000
2024-10-30 12:32:08, , , ,33.7000,1984.0000,1984.0000,1984.0000,1984.0000,1984.0000,1984.0000,1984.0000,1984.0000,1984.0000,1984.0000,1984.0000,1984.0000,1984.0000,1984.0000
2024-10-30 12:32:08, , , ,33.8000,1984.0000,1984.0000,1984.0000,1984.0000,1984.0000,1984.0000,1984.0000,1984.0000,1984.0000,1984.0000,1984.0000,1984.0000,1984.0000,1984.0000
2024-10-30 12:32:08, , , ,33.8000,1984.0000,1984.0000,1984.0000,1984.0000,1984.0000,1984.0000,1984.0000,1984.0000,1984.0000,1984.0000,1984.0000,1984.0000,1984.0000,1984.0000
2024-10-30 12:32:08, , , ,33.8000,1984.0000,1984.0000,1984.0000,1984.0000,1984.0000,1984.0000,1984.0000,1984.0000,1984.0000,1984.0000,1984.0000,1984.0000,1984.0000,1984.0000
2024-10-30 12:32:09, , , ,33.9000,1984.0000,1984.0000,1984.0000,1984.0000,1984.0000,1984.0000,1984.0000,1984.0000,1984.0000,1984.0000,1984.0000,1984.0000,1984.0000,1984.0000
2024-10-30 12:32:09, , , ,34.1000,1984.0000,1984.0000,1984.0000,1984.0000,1984.0000,1984.0000,1984.0000,1984.0000,1984.0000,1984.0000,1984.0000,1984.0000,1984.0000,1984.0000
2024-10-30 12:32:09, , , ,34.3000,1984.0000,1984.0000,1984.0000,1984.0000,1984.0000,1984.0000,1984.0000,1984.0000,1984.0000,1984.0000,1984.0000,1984.0000,1984.0000,1984.0000
2024-10-30 12:32:09, , , ,34.4000,1984.0000,1984.0000,1984.0000,1984.0000,1984.0000,1984.0000,1984.0000,1984.0000,1984.0000,1984.0000,1984.0000,1984.0000,1984.0000,1984.0000
2024-10-30 12:32:09, , , ,34.5000,1984.0000,1984.0000,1984.0000,1984.0000,1984.0000,1984.0000,1984.0000,1984.0000,1984.0000,1984.0000,1984.0000,1984.0000,1984.0000,1984.0000
2024-10-30 12:32:09, , , ,34.6000,1984.0000,1984.0000,1984.0000,1984.0000,1984.0000,1984.0000,1984.0000,1984.0000,1984.0000,1984.0000,1984.0000,1984.0000,1984.0000,1984.0000
2024-10-30 12:32:10, , , ,34.6000,1984.0000,1984.0000,1984.0000,1984.0000,1984.0000,1984.0000,1984.0000,1984.0000,1984.0000,1984.0000,1984.0000,1984.0000,1984.0000,1984.0000
2024-10-30 12:32:10, , , ,34.7000,1984.0000,1984.0000,1984.0000,1984.0000,1984.0000,1984.0000,1984.0000,1984.0000,1984.0000,1984.0000,1984.0000,1984.0000,1984.0000,1984.0000
2024-10-30 12:32:10, , , ,34.7000,1984.0000,1984.0000,1984.0000,1984.0000,1984.0000,1984.0000,1984.0000,1984.0000,1984.0000,1984.0000,1984.0000,1984.0000,1984.0000,1984.0000
2024-10-30 12:32:10, , , ,34.8000,1984.0000,1984.0000,1984.0000,1984.0000,1984.0000,1984.0000,1984.0000,1984.0000,1984.0000,1984.0000,1984.0000,1984.0000,1984.0000,1984.0000
2024-10-30 12:32:10, , , ,34.8000,1984.0000,1984.0000,1984.0000,1984.0000,1984.0000,1984.0000,1984.0000,1984.0000,1984.0000,1984.0000,1984.0000,1984.0000,1984.0000,1984.0000
2024-10-30 12:32:10, , , ,34.9000,1984.0000,1984.0000,1984.0000,1984.0000,1984.0000,1984.0000,1984.0000,1984.0000,1984.0000,1984.0000,1984.0000,1984.0000,1984.0000,1984.0000
2024-10-30 12:32:10, , , ,34.9000,1984.0000,1984.0000,1984.0000,1984.0000,1984.0000,1984.0000,1984.0000,1984.0000,1984.0000,1984.0000,1984.0000,1984.0000,1984.0000,1984.0000
2024-10-30 12:32:11, , , ,34.9000,1984.0000,1984.0000,1984.0000,1984.0000,1984.0000,1984.0000,1984.0000,1984.0000,1984.0000,1984.0000,1984.0000,1984.0000,1984.0000,1984.0000
2024-10-30 12:32:11, , , ,35.0000,1984.0000,1984.0000,1984.0000,1984.0000,1984.0000,1984.0000,1984.0000,1984.0000,1984.0000,1984.0000,1984.0000,1984.0000,1984.0000,1984.0000
2024-10-30 12:32:11, , , ,35.0000,1984.0000,1984.0000,1984.0000,1984.0000,1984.0000,1984.0000,1984.0000,1984.0000,1984.0000,1984.0000,1984.0000,1984.0000,1984.0000,1984.0000
2024-10-30 12:32:11, , , ,35.1000,1984.0000,1984.0000,1984.0000,1984.0000,1984.0000,1984.0000,1984.0000,1984.0000,1984.0000,1984.0000,1984.0000,1984.0000,1984.0000,1984.0000
2024-10-30 12:32:11, , , ,35.2000,1984.0000,1984.0000,1984.0000,1984.0000,1984.0000,1984.0000,1984.0000,1984.0000,1984.0000,1984.0000,1984.0000,1984.0000,1984.0000,1984.0000
2024-10-30 12:32:11, , , ,35.3000,1984.0000,1984.0000,1984.0000,1984.0000,1984.0000,1984.0000,1984.0000,1984.0000,1984.0000,1984.0000,1984.0000,1984.0000,1984.0000,1984.0000
2024-10-30 12:32:12, , , ,35.3000,1984.0000,1984.0000,1984.0000,1984.0000,1984.0000,1984.0000,1984.0000,1984.0000,1984.0000,1984.0000,1984.0000,1984.0000,1984.0000,1984.0000
2024-10-30 12:32:12, , , ,35.3000,1984.0000,1984.0000,1984.0000,1984.0000,1984.0000,1984.0000,1984.0000,1984.0000,1984.0000,1984.0000,1984.0000,1984.0000,1984.0000,1984.0000
2024-10-30 12:32:12, , , ,35.4000,1984.0000,1984.0000,1984.0000,1984.0000,1984.0000,1984.0000,1984.0000,1984.0000,1984.0000,1984.0000,1984.0000,1984.0000,1984.0000,1984.0000
2024-10-30 12:32:12, , , ,35.4000,1984.0000,1984.0000,1984.0000,1984.0000,1984.0000,1984.0000,1984.0000,1984.0000,1984.0000,1984.0000,1984.0000,1984.0000,1984.0000,1984.0000
2024-10-30 12:32:12, , , ,35.4000,1984.0000,1984.0000,1984.0000,1984.0000,1984.0000,1984.0000,1984.0000,1984.0000,1984.0000,1984.0000,1984.0000,1984.0000,1984.0000,1984.0000
2024-10-30 12:32:12, , , ,35.4000,1984.0000,1984.0000,1984.0000,1984.0000,1984.0000,1984.0000,1984.0000,1984.0000,1984.0000,1984.0000,1984.0000,1984.0000,1984.0000,1984.0000
2024-10-30 12:32:13, , , ,35.4000,1984.0000,1984.0000,1984.0000,1984.0000,1984.0000,1984.0000,1984.0000,1984.0000,1984.0000,1984.0000,1984.0000,1984.0000,1984.0000,1984.0000
2024-10-30 12:32:13, , , ,35.4000,1984.0000,1984.0000,1984.0000,1984.0000,1984.0000,1984.0000,1984.0000,1984.0000,1984.0000,1984.0000,1984.0000,1984.0000,1984.0000,1984.0000
2024-10-30 12:32:13, , , ,35.5000,1984.0000,1984.0000,1984.0000,1984.0000,1984.0000,1984.0000,1984.0000,1984.0000,1984.0000,1984.0000,1984.0000,1984.0000,1984.0000,1984.0000
2024-10-30 12:32:13, , , ,35.5000,1984.0000,1984.0000,1984.0000,1984.0000,1984.0000,1984.0000,1984.0000,1984.0000,1984.0000,1984.0000,1984.0000,1984.0000,1984.0000,1984.0000
2024-10-30 12:32:13, , , ,35.5000,1984.0000,1984.0000,1984.0000,1984.0000,1984.0000,1984.0000,1984.0000,1984.0000,1984.0000,1984.0000,1984.0000,1984.0000,1984.0000,1984.0000
2024-10-30 12:32:13, , , ,35.6000,1984.0000,1984.0000,1984.0000,1984.0000,1984.0000,1984.0000,1984.0000,1984.0000,1984.0000,1984.0000,1984.0000,1984.0000,1984.0000,1984.0000
2024-10-30 12:32:14, , , ,35.6000,1984.0000,1984.0000,1984.0000,1984.0000,1984.0000,1984.0000,1984.0000,1984.0000,1984.0000,1984.0000,1984.0000,1984.0000,1984.0000,1984.0000
2024-10-30 12:32:14, , , ,35.7000,1984.0000,1984.0000,1984.0000,1984.0000,1984.0000,1984.0000,1984.0000,1984.0000,1984.0000,1984.0000,1984.0000,1984.0000,1984.0000,1984.0000
2024-10-30 12:32:14, , , ,35.7000,1984.0000,1984.0000,1984.0000,1984.0000,1984.0000,1984.0000,1984.0000,1984.0000,1984.0000,1984.0000,1984.0000,1984.0000,1984.0000,1984.0000
2024-10-30 12:32:14, , , ,35.7000,1984.0000,1984.0000,1984.0000,1984.0000,1984.0000,1984.0000,1984.0000,1984.0000,1984.0000,1984.0000,1984.0000,1984.0000,1984.0000,1984.0000
2024-10-30 12:32:14, , , ,35.7000,1984.0000,1984.0000,1984.0000,1984.0000,1984.0000,1984.0000,1984.0000,1984.0000,1984.0000,1984.0000,1984.0000,1984.0000,1984.0000,1984.0000
2024-10-30 12:32:14, , , ,35.7000,1984.0000,1984.0000,1984.0000,1984.0000,1984.0000,1984.0000,1984.0000,1984.0000,1984.0000,1984.0000,1984.0000,1984.0000,1984.0000,1984.0000
2024-10-30 12:32:15, , , ,35.8000,1984.0000,1984.0000,1984.0000,1984.0000,1984.0000,1984.0000,1984.0000,1984.0000,1984.0000,1984.0000,1984.0000,1984.0000,1984.0000,1984.0000
2024-10-30 12:32:15, , , ,35.8000,1984.0000,1984.0000,1984.0000,1984.0000,1984.0000,1984.0000,1984.0000,1984.0000,1984.0000,1984.0000,1984.0000,1984.0000,1984.0000,1984.0000
2024-10-30 12:32:15, , , ,35.8000,1984.0000,1984.0000,1984.0000,1984.0000,1984.0000,1984.0000,1984.0000,1984.0000,1984.0000,1984.0000,1984.0000,1984.0000,1984.0000,1984.0000
2024-10-30 12:32:15, , , ,35.8000,1984.0000,1984.0000,1984.0000,1984.0000,1984.0000,1984.0000,1984.0000,1984.0000,1984.0000,1984.0000,1984.0000,1984.0000,1984.0000,1984.0000
2024-10-30 12:32:15, , , ,35.8000,1984.0000,1984.0000,1984.0000,1984.0000,1984.0000,1984.0000,1984.0000,1984.0000,1984.0000,1984.0000,1984.0000,1984.0000,1984.0000,1984.0000
2024-10-30 12:32:15, , , ,35.9000,1984.0000,1984.0000,1984.0000,1984.0000,1984.0000,1984.0000,1984.0000,1984.0000,1984.0000,1984.0000,1984.0000,1984.0000,1984.0000,1984.0000
2024-10-30 12:32:16, , , ,35.9000,1984.0000,1984.0000,1984.0000,1984.0000,1984.0000,1984.0000,1984.0000,1984.0000,1984.0000,1984.0000,1984.0000,1984.0000,1984.0000,1984.0000
2024-10-30 12:32:16, , , ,36.0000,1984.0000,1984.0000,1984.0000,1984.0000,1984.0000,1984.0000,1984.0000,1984.0000,1984.0000,1984.0000,1984.0000,1984.0000,1984.0000,1984.0000
2024-10-30 12:32:16, , , ,36.0000,1984.0000,1984.0000,1984.0000,1984.0000,1984.0000,1984.0000,1984.0000,1984.0000,1984.0000,1984.0000,1984.0000,1984.0000,1984.0000,1984.0000
2024-10-30 12:32:16, , , ,36.0000,1984.0000,1984.0000,1984.0000,1984.0000,1984.0000,1984.0000,1984.0000,1984.0000,1984.0000,1984.0000,1984.0000,1984.0000,1984.0000,1984.0000
2024-10-30 12:32:16, , , ,36.1000,1984.0000,1984.0000,1984.0000,1984.0000,1984.0000,1984.0000,1984.0000,1984.0000,1984.0000,1984.0000,1984.0000,1984.0000,1984.0000,1984.0000
2024-10-30 12:32:16, , , ,36.1000,1984.0000,1984.0000,1984.0000,1984.0000,1984.0000,1984.0000,1984.0000,1984.0000,1984.0000,1984.0000,1984.0000,1984.0000,1984.0000,1984.0000
2024-10-30 12:32:17, , , ,36.1000,1984.0000,1984.0000,1984.0000,1984.0000,1984.0000,1984.0000,1984.0000,1984.0000,1984.0000,1984.0000,1984.0000,1984.0000,1984.0000,1984.0000
2024-10-30 12:32:17, , , ,36.1000,1984.0000,1984.0000,1984.0000,1984.0000,1984.0000,1984.0000,1984.0000,1984.0000,1984.0000,1984.0000,1984.0000,1984.0000,1984.0000,1984.0000
2024-10-30 12:32:17, , , ,36.1000,1984.0000,1984.0000,1984.0000,1984.0000,1984.0000,1984.0000,1984.0000,1984.0000,1984.0000,1984.0000,1984.0000,1984.0000,1984.0000,1984.0000
2024-10-30 12:32:17, , , ,36.1000,1984.0000,1984.0000,1984.0000,1984.0000,1984.0000,1984.0000,1984.0000,1984.0000,1984.0000,1984.0000,1984.0000,1984.0000,1984.0000,1984.0000
2024-10-30 12:32:17, , , ,36.1000,1984.0000,1984.0000,1984.0000,1984.0000,1984.0000,1984.0000,1984.0000,1984.0000,1984.0000,1984.0000,1984.0000,1984.0000,1984.0000,1984.0000
2024-10-30 12:32:17, , , ,36.1000,1984.0000,1984.0000,1984.0000,1984.0000,1984.0000,1984.0000,1984.0000,1984.0000,1984.0000,1984.0000,1984.0000,1984.0000,1984.0000,1984.0000
2024-10-30 12:32:18, , , ,36.1000,1984.0000,1984.0000,1984.0000,1984.0000,1984.0000,1984.0000,1984.0000,1984.0000,1984.0000,1984.0000,1984.0000,1984.0000,1984.0000,1984.0000
2024-10-30 12:32:18, , , ,36.1000,1984.0000,1984.0000,1984.0000,1984.0000,1984.0000,1984.0000,1984.0000,1984.0000,1984.0000,1984.0000,1984.0000,1984.0000,1984.0000,1984.0000
2024-10-30 12:32:18, , , ,36.1000,1984.0000,1984.0000,1984.0000,1984.0000,1984.0000,1984.0000,1984.0000,1984.0000,1984.0000,1984.0000,1984.0000,1984.0000,1984.0000,1984.0000
2024-10-30 12:32:18, , , ,36.1000,1984.0000,1984.0000,1984.0000,1984.0000,1984.0000,1984.0000,1984.0000,1984.0000,1984.0000,1984.0000,1984.0000,1984.0000,1984.0000,1984.0000
2024-10-30 12:32:18, , , ,36.1000,1984.0000,1984.0000,1984.0000,1984.0000,1984.0000,1984.0000,1984.0000,1984.0000,1984.0000,1984.0000,1984.0000,1984.0000,1984.0000,1984.0000
2024-10-30 12:32:18, , , ,36.1000,1984.0000,1984.0000,1984.0000,1984.0000,1984.0000,1984.0000,1984.0000,1984.0000,1984.0000,1984.0000,1984.0000,1984.0000,1984.0000,1984.0000
2024-10-30 12:32:19, , , ,36.1000,1984.0000,1984.0000,1984.0000,1984.0000,1984.0000,1984.0000,1984.0000,1984.0000,1984.0000,1984.0000,1984.0000,1984.0000,1984.0000,1984.0000
2024-10-30 12:32:19, , , ,36.1000,1984.0000,1984.0000,1984.0000,1984.0000,1984.0000,1984.0000,1984.0000,1984.0000,1984.0000,1984.0000,1984.0000,1984.0000,1984.0000,1984.0000
2024-10-30 12:32:19, , , ,36.1000,1984.0000,1984.0000,1984.0000,1984.0000,1984.0000,1984.0000,1984.0000,1984.0000,1984.0000,1984.0000,1984.0000,1984.0000,1984.0000,1984.0000
2024-10-30 12:32:19, , , ,36.1000,1984.0000,1984.0000,1984.0000,1984.0000,1984.0000,1984.0000,1984.0000,1984.0000,1984.0000,1984.0000,1984.0000,1984.0000,1984.0000,1984.0000
2024-10-30 12:32:19, , , ,36.1000,1984.0000,1984.0000,1984.0000,1984.0000,1984.0000,1984.0000,1984.0000,1984.0000,1984.0000,1984.0000,1984.0000,1984.0000,1984.0000,1984.0000
2024-10-30 12:32:19, , , ,36.1000,1984.0000,1984.0000,1984.0000,1984.0000,1984.0000,1984.0000,1984.0000,1984.0000,1984.0000,1984.0000,1984.0000,1984.0000,1984.0000,1984.0000
2024-10-30 12:32:20, , , ,36.1000,1984.0000,1984.0000,1984.0000,1984.0000,1984.0000,1984.0000,1984.0000,1984.0000,1984.0000,1984.0000,1984.0000,1984.0000,1984.0000,1984.0000
2024-10-30 12:32:20, , , ,36.1000,1984.0000,1984.0000,1984.0000,1984.0000,1984.0000,1984.0000,1984.0000,1984.0000,1984.0000,1984.0000,1984.0000,1984.0000,1984.0000,1984.0000
2024-10-30 12:32:20, , , ,36.1000,1984.0000,1984.0000,1984.0000,1984.0000,1984.0000,1984.0000,1984.0000,1984.0000,1984.0000,1984.0000,1984.0000,1984.0000,1984.0000,1984.0000
2024-10-30 12:32:20, , , ,36.1000,1984.0000,1984.0000,1984.0000,1984.0000,1984.0000,1984.0000,1984.0000,1984.0000,1984.0000,1984.0000,1984.0000,1984.0000,1984.0000,1984.0000
2024-10-30 12:32:20, , , ,36.1000,1984.0000,1984.0000,1984.0000,1984.0000,1984.0000,1984.0000,1984.0000,1984.0000,1984.0000,1984.0000,1984.0000,1984.0000,1984.0000,1984.0000
2024-10-30 12:32:20, , , ,36.1000,1984.0000,1984.0000,1984.0000,1984.0000,1984.0000,1984.0000,1984.0000,1984.0000,1984.0000,1984.0000,1984.0000,1984.0000,1984.0000,1984.0000
2024-10-30 12:32:21, , , ,36.1000,1984.0000,1984.0000,1984.0000,1984.0000,1984.0000,1984.0000,1984.0000,1984.0000,1984.0000,1984.0000,1984.0000,1984.0000,1984.0000,1984.0000
2024-10-30 12:32:21, , , ,36.1000,1984.0000,1984.0000,1984.0000,1984.0000,1984.0000,1984.0000,1984.0000,1984.0000,1984.0000,1984.0000,1984.0000,1984.0000,1984.0000,1984.0000
2024-10-30 12:32:21, , , ,36.1000,1984.0000,1984.0000,1984.0000,1984.0000,1984.0000,1984.0000,1984.0000,1984.0000,1984.0000,1984.0000,1984.0000,1984.0000,1984.0000,1984.0000
2024-10-30 12:32:21, , , ,36.1000,1984.0000,1984.0000,1984.0000,1984.0000,1984.0000,1984.0000,1984.0000,1984.0000,1984.0000,1984.0000,1984.0000,1984.0000,1984.0000,1984.0000
2024-10-30 12:32:21, , , ,36.1000,1984.0000,1984.0000,1984.0000,1984.0000,1984.0000,1984.0000,1984.0000,1984.0000,1984.0000,1984.0000,1984.0000,1984.0000,1984.0000,1984.0000
2024-10-30 12:32:21, , , ,36.1000,1984.0000,1984.0000,1984.0000,1984.0000,1984.0000,1984.0000,1984.0000,1984.0000,1984.0000,1984.0000,1984.0000,1984.0000,1984.0000,1984.0000
2024-10-30 12:32:22, , , ,36.1000,1984.0000,1984.0000,1984.0000,1984.0000,1984.0000,1984.0000,1984.0000,1984.0000,1984.0000,1984.0000,1984.0000,1984.0000,1984.0000,1984.0000
2024-10-30 12:32:22, , , ,36.1000,1984.0000,1984.0000,1984.0000,1984.0000,1984.0000,1984.0000,1984.0000,1984.0000,1984.0000,1984.0000,1984.0000,1984.0000,1984.0000,1984.0000
2024-10-30 12:32:22, , , ,36.1000,1984.0000,1984.0000,1984.0000,1984.0000,1984.0000,1984.0000,1984.0000,1984.0000,1984.0000,1984.0000,1984.0000,1984.0000,1984.0000,1984.0000
2024-10-30 12:32:22, , , ,36.1000,1984.0000,1984.0000,1984.0000,1984.0000,1984.0000,1984.0000,1984.0000,1984.0000,1984.0000,1984.0000,1984.0000,1984.0000,1984.0000,1984.0000
2024-10-30 12:32:22, , , ,36.2000,1984.0000,1984.0000,1984.0000,1984.0000,1984.0000,1984.0000,1984.0000,1984.0000,1984.0000,1984.0000,1984.0000,1984.0000,1984.0000,1984.0000
2024-10-30 12:32:22, , , ,36.2000,1984.0000,1984.0000,1984.0000,1984.0000,1984.0000,1984.0000,1984.0000,1984.0000,1984.0000,1984.0000,1984.0000,1984.0000,1984.0000,1984.0000
2024-10-30 12:32:23, , , ,36.2000,1984.0000,1984.0000,1984.0000,1984.0000,1984.0000,1984.0000,1984.0000,1984.0000,1984.0000,1984.0000,1984.0000,1984.0000,1984.0000,1984.0000
2024-10-30 12:32:23, , , ,36.2000,1984.0000,1984.0000,1984.0000,1984.0000,1984.0000,1984.0000,1984.0000,1984.0000,1984.0000,1984.0000,1984.0000,1984.0000,1984.0000,1984.0000
2024-10-30 12:32:23, , , ,36.2000,1984.0000,1984.0000,1984.0000,1984.0000,1984.0000,1984.0000,1984.0000,1984.0000,1984.0000,1984.0000,1984.0000,1984.0000,1984.0000,1984.0000
2024-10-30 12:32:23, , , ,36.2000,1984.0000,1984.0000,1984.0000,1984.0000,1984.0000,1984.0000,1984.0000,1984.0000,1984.0000,1984.0000,1984.0000,1984.0000,1984.0000,1984.0000
2024-10-30 12:32:23, , , ,36.2000,1984.0000,1984.0000,1984.0000,1984.0000,1984.0000,1984.0000,1984.0000,1984.0000,1984.0000,1984.0000,1984.0000,1984.0000,1984.0000,1984.0000
2024-10-30 12:32:23, , , ,36.2000,1984.0000,1984.0000,1984.0000,1984.0000,1984.0000,1984.0000,1984.0000,1984.0000,1984.0000,1984.0000,1984.0000,1984.0000,1984.0000,1984.0000
2024-10-30 12:32:24, , , ,36.2000,1984.0000,1984.0000,1984.0000,1984.0000,1984.0000,1984.0000,1984.0000,1984.0000,1984.0000,1984.0000,1984.0000,1984.0000,1984.0000,1984.0000
2024-10-30 12:32:24, , , ,36.2000,1984.0000,1984.0000,1984.0000,1984.0000,1984.0000,1984.0000,1984.0000,1984.0000,1984.0000,1984.0000,1984.0000,1984.0000,1984.0000,1984.0000
2024-10-30 12:32:24, , , ,36.2000,1984.0000,1984.0000,1984.0000,1984.0000,1984.0000,1984.0000,1984.0000,1984.0000,1984.0000,1984.0000,1984.0000,1984.0000,1984.0000,1984.0000
2024-10-30 12:32:24, , , ,36.2000,1984.0000,1984.0000,1984.0000,1984.0000,1984.0000,1984.0000,1984.0000,1984.0000,1984.0000,1984.0000,1984.0000,1984.0000,1984.0000,1984.0000
2024-10-30 12:32:24, , , ,36.2000,1984.0000,1984.0000,1984.0000,1984.0000,1984.0000,1984.0000,1984.0000,1984.0000,1984.0000,1984.0000,1984.0000,1984.0000,1984.0000,1984.0000
2024-10-30 12:32:24, , , ,36.2000,1984.0000,1984.0000,1984.0000,1984.0000,1984.0000,1984.0000,1984.0000,1984.0000,1984.0000,1984.0000,1984.0000,1984.0000,1984.0000,1984.0000
2024-10-30 12:32:25, , , ,36.2000,1984.0000,1984.0000,1984.0000,1984.0000,1984.0000,1984.0000,1984.0000,1984.0000,1984.0000,1984.0000,1984.0000,1984.0000,1984.0000,1984.0000
2024-10-30 12:32:25, , , ,36.2000,1984.0000,1984.0000,1984.0000,1984.0000,1984.0000,1984.0000,1984.0000,1984.0000,1984.0000,1984.0000,1984.0000,1984.0000,1984.0000,1984.0000
2024-10-30 12:32:25, , , ,36.2000,1984.0000,1984.0000,1984.0000,1984.0000,1984.0000,1984.0000,1984.0000,1984.0000,1984.0000,1984.0000,1984.0000,1984.0000,1984.0000,1984.0000
2024-10-30 12:32:25, , , ,36.2000,1984.0000,1984.0000,1984.0000,1984.0000,1984.0000,1984.0000,1984.0000,1984.0000,1984.0000,1984.0000,1984.0000,1984.0000,1984.0000,1984.0000
2024-10-30 12:32:25, , , ,36.2000,1984.0000,1984.0000,1984.0000,1984.0000,1984.0000,1984.0000,1984.0000,1984.0000,1984.0000,1984.0000,1984.0000,1984.0000,1984.0000,1984.0000
2024-10-30 12:32:25, , , ,36.2000,1984.0000,1984.0000,1984.0000,1984.0000,1984.0000,1984.0000,1984.0000,1984.0000,1984.0000,1984.0000,1984.0000,1984.0000,1984.0000,1984.0000
2024-10-30 12:32:26, , , ,36.2000,1984.0000,1984.0000,1984.0000,1984.0000,1984.0000,1984.0000,1984.0000,1984.0000,1984.0000,1984.0000,1984.0000,1984.0000,1984.0000,1984.0000
2024-10-30 12:32:26, , , ,36.2000,1984.0000,1984.0000,1984.0000,1984.0000,1984.0000,1984.0000,1984.0000,1984.0000,1984.0000,1984.0000,1984.0000,1984.0000,1984.0000,1984.0000
2024-10-30 12:32:26, , , ,36.2000,1984.0000,1984.0000,1984.0000,1984.0000,1984.0000,1984.0000,1984.0000,1984.0000,1984.0000,1984.0000,1984.0000,1984.0000,1984.0000,1984.0000
2024-10-30 12:32:26, , , ,36.2000,1984.0000,1984.0000,1984.0000,1984.0000,1984.0000,1984.0000,1984.0000,1984.0000,1984.0000,1984.0000,1984.0000,1984.0000,1984.0000,1984.0000
2024-10-30 12:32:26, , , ,36.2000,1984.0000,1984.0000,1984.0000,1984.0000,1984.0000,1984.0000,1984.0000,1984.0000,1984.0000,1984.0000,1984.0000,1984.0000,1984.0000,1984.0000
2024-10-30 12:32:26, , , ,36.2000,1984.0000,1984.0000,1984.0000,1984.0000,1984.0000,1984.0000,1984.0000,1984.0000,1984.0000,1984.0000,1984.0000,1984.0000,1984.0000,1984.0000
2024-10-30 12:32:27, , , ,36.2000,1984.0000,1984.0000,1984.0000,1984.0000,1984.0000,1984.0000,1984.0000,1984.0000,1984.0000,1984.0000,1984.0000,1984.0000,1984.0000,1984.0000
2024-10-30 12:32:27, , , ,36.2000,1984.0000,1984.0000,1984.0000,1984.0000,1984.0000,1984.0000,1984.0000,1984.0000,1984.0000,1984.0000,1984.0000,1984.0000,1984.0000,1984.0000
2024-10-30 12:32:27, , , ,36.2000,1984.0000,1984.0000,1984.0000,1984.0000,1984.0000,1984.0000,1984.0000,1984.0000,1984.0000,1984.0000,1984.0000,1984.0000,1984.0000,1984.0000
2024-10-30 12:32:27, , , ,36.2000,1984.0000,1984.0000,1984.0000,1984.0000,1984.0000,1984.0000,1984.0000,1984.0000,1984.0000,1984.0000,1984.0000,1984.0000,1984.0000,1984.0000
2024-10-30 12:32:27, , , ,36.2000,1984.0000,1984.0000,1984.0000,1984.0000,1984.0000,1984.0000,1984.0000,1984.0000,1984.0000,1984.0000,1984.0000,1984.0000,1984.0000,1984.0000
2024-10-30 12:32:27, , , ,36.2000,1984.0000,1984.0000,1984.0000,1984.0000,1984.0000,1984.0000,1984.0000,1984.0000,1984.0000,1984.0000,1984.0000,1984.0000,1984.0000,1984.0000
2024-10-30 12:32:28, , , ,36.2000,1984.0000,1984.0000,1984.0000,1984.0000,1984.0000,1984.0000,1984.0000,1984.0000,1984.0000,1984.0000,1984.0000,1984.0000,1984.0000,1984.0000
2024-10-30 12:32:28, , , ,36.2000,1984.0000,1984.0000,1984.0000,1984.0000,1984.0000,1984.0000,1984.0000,1984.0000,1984.0000,1984.0000,1984.0000,1984.0000,1984.0000,1984.0000
2024-10-30 12:32:28, , , ,36.2000,1984.0000,1984.0000,1984.0000,1984.0000,1984.0000,1984.0000,1984.0000,1984.0000,1984.0000,1984.0000,1984.0000,1984.0000,1984.0000,1984.0000
2024-10-30 12:32:28, , , ,36.2000,1984.0000,1984.0000,1984.0000,1984.0000,1984.0000,1984.0000,1984.0000,1984.0000,1984.0000,1984.0000,1984.0000,1984.0000,1984.0000,1984.0000
2024-10-30 12:32:28, , , ,36.2000,1984.0000,1984.0000,1984.0000,1984.0000,1984.0000,1984.0000,1984.0000,1984.0000,1984.0000,1984.0000,1984.0000,1984.0000,1984.0000,1984.0000
2024-10-30 12:32:28, , , ,36.2000,1984.0000,1984.0000,1984.0000,1984.0000,1984.0000,1984.0000,1984.0000,1984.0000,1984.0000,1984.0000,1984.0000,1984.0000,1984.0000,1984.0000
2024-10-30 12:32:29, , , ,36.2000,1984.0000,1984.0000,1984.0000,1984.0000,1984.0000,1984.0000,1984.0000,1984.0000,1984.0000,1984.0000,1984.0000,1984.0000,1984.0000,1984.0000
2024-10-30 12:32:29, , , ,36.2000,1984.0000,1984.0000,1984.0000,1984.0000,1984.0000,1984.0000,1984.0000,1984.0000,1984.0000,1984.0000,1984.0000,1984.0000,1984.0000,1984.0000
2024-10-30 12:32:29, , , ,36.2000,1984.0000,1984.0000,1984.0000,1984.0000,1984.0000,1984.0000,1984.0000,1984.0000,1984.0000,1984.0000,1984.0000,1984.0000,1984.0000,1984.0000
2024-10-30 12:32:29, , , ,36.2000,1984.0000,1984.0000,1984.0000,1984.0000,1984.0000,1984.0000,1984.0000,1984.0000,1984.0000,1984.0000,1984.0000,1984.0000,1984.0000,1984.0000
2024-10-30 12:32:29, , , ,36.2000,1984.0000,1984.0000,1984.0000,1984.0000,1984.0000,1984.0000,1984.0000,1984.0000,1984.0000,1984.0000,1984.0000,1984.0000,1984.0000,1984.0000
2024-10-30 12:32:29, , , ,36.2000,1984.0000,1984.0000,1984.0000,1984.0000,1984.0000,1984.0000,1984.0000,1984.0000,1984.0000,1984.0000,1984.0000,1984.0000,1984.0000,1984.0000
2024-10-30 12:32:30, , , ,36.2000,1984.0000,1984.0000,1984.0000,1984.0000,1984.0000,1984.0000,1984.0000,1984.0000,1984.0000,1984.0000,1984.0000,1984.0000,1984.0000,1984.0000
2024-10-30 12:32:30, , , ,36.3000,1984.0000,1984.0000,1984.0000,1984.0000,1984.0000,1984.0000,1984.0000,1984.0000,1984.0000,1984.0000,1984.0000,1984.0000,1984.0000,1984.0000
2024-10-30 12:32:30, , , ,36.3000,1984.0000,1984.0000,1984.0000,1984.0000,1984.0000,1984.0000,1984.0000,1984.0000,1984.0000,1984.0000,1984.0000,1984.0000,1984.0000,1984.0000
2024-10-30 12:32:30, , , ,36.3000,1984.0000,1984.0000,1984.0000,1984.0000,1984.0000,1984.0000,1984.0000,1984.0000,1984.0000,1984.0000,1984.0000,1984.0000,1984.0000,1984.0000
2024-10-30 12:32:30, , , ,36.3000,1984.0000,1984.0000,1984.0000,1984.0000,1984.0000,1984.0000,1984.0000,1984.0000,1984.0000,1984.0000,1984.0000,1984.0000,1984.0000,1984.0000
2024-10-30 12:32:30, , , ,36.3000,1984.0000,1984.0000,1984.0000,1984.0000,1984.0000,1984.0000,1984.0000,1984.0000,1984.0000,1984.0000,1984.0000,1984.0000,1984.0000,1984.0000
2024-10-30 12:32:31, , , ,36.3000,1984.0000,1984.0000,1984.0000,1984.0000,1984.0000,1984.0000,1984.0000,1984.0000,1984.0000,1984.0000,1984.0000,1984.0000,1984.0000,1984.0000
2024-10-30 12:32:31, , , ,36.3000,1984.0000,1984.0000,1984.0000,1984.0000,1984.0000,1984.0000,1984.0000,1984.0000,1984.0000,1984.0000,1984.0000,1984.0000,1984.0000,1984.0000
2024-10-30 12:32:31, , , ,36.3000,1984.0000,1984.0000,1984.0000,1984.0000,1984.0000,1984.0000,1984.0000,1984.0000,1984.0000,1984.0000,1984.0000,1984.0000,1984.0000,1984.0000
2024-10-30 12:32:31, , , ,36.3000,1984.0000,1984.0000,1984.0000,1984.0000,1984.0000,1984.0000,1984.0000,1984.0000,1984.0000,1984.0000,1984.0000,1984.0000,1984.0000,1984.0000
2024-10-30 12:32:31, , , ,36.3000,1984.0000,1984.0000,1984.0000,1984.0000,1984.0000,1984.0000,1984.0000,1984.0000,1984.0000,1984.0000,1984.0000,1984.0000,1984.0000,1984.0000
2024-10-30 12:32:31, , , ,36.4000,1984.0000,1984.0000,1984.0000,1984.0000,1984.0000,1984.0000,1984.0000,1984.0000,1984.0000,1984.0000,1984.0000,1984.0000,1984.0000,1984.0000
2024-10-30 12:32:32, , , ,36.4000,1984.0000,1984.0000,1984.0000,1984.0000,1984.0000,1984.0000,1984.0000,1984.0000,1984.0000,1984.0000,1984.0000,1984.0000,1984.0000,1984.0000
2024-10-30 12:32:32, , , ,36.4000,1984.0000,1984.0000,1984.0000,1984.0000,1984.0000,1984.0000,1984.0000,1984.0000,1984.0000,1984.0000,1984.0000,1984.0000,1984.0000,1984.0000
2024-10-30 12:32:32, , , ,36.4000,1984.0000,1984.0000,1984.0000,1984.0000,1984.0000,1984.0000,1984.0000,1984.0000,1984.0000,1984.0000,1984.0000,1984.0000,1984.0000,1984.0000
2024-10-30 12:32:32, , , ,36.4000,1984.0000,1984.0000,1984.0000,1984.0000,1984.0000,1984.0000,1984.0000,1984.0000,1984.0000,1984.0000,1984.0000,1984.0000,1984.0000,1984.0000
2024-10-30 12:32:32, , , ,36.4000,1984.0000,1984.0000,1984.0000,1984.0000,1984.0000,1984.0000,1984.0000,1984.0000,1984.0000,1984.0000,1984.0000,1984.0000,1984.0000,1984.0000
2024-10-30 12:32:32, , , ,36.4000,1984.0000,1984.0000,1984.0000,1984.0000,1984.0000,1984.0000,1984.0000,1984.0000,1984.0000,1984.0000,1984.0000,1984.0000,1984.0000,1984.0000
2024-10-30 12:32:32, , , ,36.4000,1984.0000,1984.0000,1984.0000,1984.0000,1984.0000,1984.0000,1984.0000,1984.0000,1984.0000,1984.0000,1984.0000,1984.0000,1984.0000,1984.0000
2024-10-30 12:32:33, , , ,36.4000,1984.0000,1984.0000,1984.0000,1984.0000,1984.0000,1984.0000,1984.0000,1984.0000,1984.0000,1984.0000,1984.0000,1984.0000,1984.0000,1984.0000
2024-10-30 12:32:33, , , ,36.4000,1984.0000,1984.0000,1984.0000,1984.0000,1984.0000,1984.0000,1984.0000,1984.0000,1984.0000,1984.0000,1984.0000,1984.0000,1984.0000,1984.0000
2024-10-30 12:32:33, , , ,36.4000,1984.0000,1984.0000,1984.0000,1984.0000,1984.0000,1984.0000,1984.0000,1984.0000,1984.0000,1984.0000,1984.0000,1984.0000,1984.0000,1984.0000
2024-10-30 12:32:33, , , ,36.4000,1984.0000,1984.0000,1984.0000,1984.0000,1984.0000,1984.0000,1984.0000,1984.0000,1984.0000,1984.0000,1984.0000,1984.0000,1984.0000,1984.0000
2024-10-30 12:32:33, , , ,36.4000,1984.0000,1984.0000,1984.0000,1984.0000,1984.0000,1984.0000,1984.0000,1984.0000,1984.0000,1984.0000,1984.0000,1984.0000,1984.0000,1984.0000
2024-10-30 12:32:33, , , ,36.3000,1984.0000,1984.0000,1984.0000,1984.0000,1984.0000,1984.0000,1984.0000,1984.0000,1984.0000,1984.0000,1984.0000,1984.0000,1984.0000,1984.0000
2024-10-30 12:32:34, , , ,36.3000,1984.0000,1984.0000,1984.0000,1984.0000,1984.0000,1984.0000,1984.0000,1984.0000,1984.0000,1984.0000,1984.0000,1984.0000,1984.0000,1984.0000
2024-10-30 12:32:34, , , ,36.3000,1984.0000,1984.0000,1984.0000,1984.0000,1984.0000,1984.0000,1984.0000,1984.0000,1984.0000,1984.0000,1984.0000,1984.0000,1984.0000,1984.0000
2024-10-30 12:32:34, , , ,36.2000,1984.0000,1984.0000,1984.0000,1984.0000,1984.0000,1984.0000,1984.0000,1984.0000,1984.0000,1984.0000,1984.0000,1984.0000,1984.0000,1984.0000
2024-10-30 12:32:34, , , ,36.2000,1984.0000,1984.0000,1984.0000,1984.0000,1984.0000,1984.0000,1984.0000,1984.0000,1984.0000,1984.0000,1984.0000,1984.0000,1984.0000,1984.0000
2024-10-30 12:32:34, , , ,36.2000,1984.0000,1984.0000,1984.0000,1984.0000,1984.0000,1984.0000,1984.0000,1984.0000,1984.0000,1984.0000,1984.0000,1984.0000,1984.0000,1984.0000
2024-10-30 12:32:34, , , ,36.2000,1984.0000,1984.0000,1984.0000,1984.0000,1984.0000,1984.0000,1984.0000,1984.0000,1984.0000,1984.0000,1984.0000,1984.0000,1984.0000,1984.0000
2024-10-30 12:32:35, , , ,36.2000,1984.0000,1984.0000,1984.0000,1984.0000,1984.0000,1984.0000,1984.0000,1984.0000,1984.0000,1984.0000,1984.0000,1984.0000,1984.0000,1984.0000
2024-10-30 12:32:35, , , ,36.2000,1984.0000,1984.0000,1984.0000,1984.0000,1984.0000,1984.0000,1984.0000,1984.0000,1984.0000,1984.0000,1984.0000,1984.0000,1984.0000,1984.0000
2024-10-30 12:32:35, , , ,36.2000,1984.0000,1984.0000,1984.0000,1984.0000,1984.0000,1984.0000,1984.0000,1984.0000,1984.0000,1984.0000,1984.0000,1984.0000,1984.0000,1984.0000
2024-10-30 12:32:35, , , ,36.2000,1984.0000,1984.0000,1984.0000,1984.0000,1984.0000,1984.0000,1984.0000,1984.0000,1984.0000,1984.0000,1984.0000,1984.0000,1984.0000,1984.0000
2024-10-30 12:32:35, , , ,36.2000,1984.0000,1984.0000,1984.0000,1984.0000,1984.0000,1984.0000,1984.0000,1984.0000,1984.0000,1984.0000,1984.0000,1984.0000,1984.0000,1984.0000
2024-10-30 12:32:35, , , ,36.2000,1984.0000,1984.0000,1984.0000,1984.0000,1984.0000,1984.0000,1984.0000,1984.0000,1984.0000,1984.0000,1984.0000,1984.0000,1984.0000,1984.0000
2024-10-30 12:32:36, , , ,36.2000,1984.0000,1984.0000,1984.0000,1984.0000,1984.0000,1984.0000,1984.0000,1984.0000,1984.0000,1984.0000,1984.0000,1984.0000,1984.0000,1984.0000
2024-10-30 12:32:36, , , ,36.2000,1984.0000,1984.0000,1984.0000,1984.0000,1984.0000,1984.0000,1984.0000,1984.0000,1984.0000,1984.0000,1984.0000,1984.0000,1984.0000,1984.0000
2024-10-30 12:32:36, , , ,36.2000,1984.0000,1984.0000,1984.0000,1984.0000,1984.0000,1984.0000,1984.0000,1984.0000,1984.0000,1984.0000,1984.0000,1984.0000,1984.0000,1984.0000
2024-10-30 12:32:36, , , ,36.2000,1984.0000,1984.0000,1984.0000,1984.0000,1984.0000,1984.0000,1984.0000,1984.0000,1984.0000,1984.0000,1984.0000,1984.0000,1984.0000,1984.0000
2024-10-30 12:32:36, , , ,36.2000,1984.0000,1984.0000,1984.0000,1984.0000,1984.0000,1984.0000,1984.0000,1984.0000,1984.0000,1984.0000,1984.0000,1984.0000,1984.0000,1984.0000
2024-10-30 12:32:36, , , ,36.2000,1984.0000,1984.0000,1984.0000,1984.0000,1984.0000,1984.0000,1984.0000,1984.0000,1984.0000,1984.0000,1984.0000,1984.0000,1984.0000,1984.0000
2024-10-30 12:32:37, , , ,36.2000,1984.0000,1984.0000,1984.0000,1984.0000,1984.0000,1984.0000,1984.0000,1984.0000,1984.0000,1984.0000,1984.0000,1984.0000,1984.0000,1984.0000
2024-10-30 12:32:37, , , ,36.2000,1984.0000,1984.0000,1984.0000,1984.0000,1984.0000,1984.0000,1984.0000,1984.0000,1984.0000,1984.0000,1984.0000,1984.0000,1984.0000,1984.0000
2024-10-30 12:32:37, , , ,36.2000,1984.0000,1984.0000,1984.0000,1984.0000,1984.0000,1984.0000,1984.0000,1984.0000,1984.0000,1984.0000,1984.0000,1984.0000,1984.0000,1984.0000
2024-10-30 12:32:37, , , ,36.2000,1984.0000,1984.0000,1984.0000,1984.0000,1984.0000,1984.0000,1984.0000,1984.0000,1984.0000,1984.0000,1984.0000,1984.0000,1984.0000,1984.0000
2024-10-30 12:32:37, , , ,36.2000,1984.0000,1984.0000,1984.0000,1984.0000,1984.0000,1984.0000,1984.0000,1984.0000,1984.0000,1984.0000,1984.0000,1984.0000,1984.0000,1984.0000
2024-10-30 12:32:37, , , ,36.2000,1984.0000,1984.0000,1984.0000,1984.0000,1984.0000,1984.0000,1984.0000,1984.0000,1984.0000,1984.0000,1984.0000,1984.0000,1984.0000,1984.0000
2024-10-30 12:32:38, , , ,36.2000,1984.0000,1984.0000,1984.0000,1984.0000,1984.0000,1984.0000,1984.0000,1984.0000,1984.0000,1984.0000,1984.0000,1984.0000,1984.0000,1984.0000
2024-10-30 12:32:38, , , ,36.2000,1984.0000,1984.0000,1984.0000,1984.0000,1984.0000,1984.0000,1984.0000,1984.0000,1984.0000,1984.0000,1984.0000,1984.0000,1984.0000,1984.0000
2024-10-30 12:32:38, , , ,36.1000,1984.0000,1984.0000,1984.0000,1984.0000,1984.0000,1984.0000,1984.0000,1984.0000,1984.0000,1984.0000,1984.0000,1984.0000,1984.0000,1984.0000
2024-10-30 12:32:38, , , ,36.1000,1984.0000,1984.0000,1984.0000,1984.0000,1984.0000,1984.0000,1984.0000,1984.0000,1984.0000,1984.0000,1984.0000,1984.0000,1984.0000,1984.0000
2024-10-30 12:32:38, , , ,36.1000,1984.0000,1984.0000,1984.0000,1984.0000,1984.0000,1984.0000,1984.0000,1984.0000,1984.0000,1984.0000,1984.0000,1984.0000,1984.0000,1984.0000
2024-10-30 12:32:38, , , ,36.1000,1984.0000,1984.0000,1984.0000,1984.0000,1984.0000,1984.0000,1984.0000,1984.0000,1984.0000,1984.0000,1984.0000,1984.0000,1984.0000,1984.0000
2024-10-30 12:32:39, , , ,36.1000,1984.0000,1984.0000,1984.0000,1984.0000,1984.0000,1984.0000,1984.0000,1984.0000,1984.0000,1984.0000,1984.0000,1984.0000,1984.0000,1984.0000
2024-10-30 12:32:39, , , ,36.0000,1984.0000,1984.0000,1984.0000,1984.0000,1984.0000,1984.0000,1984.0000,1984.0000,1984.0000,1984.0000,1984.0000,1984.0000,1984.0000,1984.0000
2024-10-30 12:32:39, , , ,36.0000,1984.0000,1984.0000,1984.0000,1984.0000,1984.0000,1984.0000,1984.0000,1984.0000,1984.0000,1984.0000,1984.0000,1984.0000,1984.0000,1984.0000
2024-10-30 12:32:39, , , ,36.0000,1984.0000,1984.0000,1984.0000,1984.0000,1984.0000,1984.0000,1984.0000,1984.0000,1984.0000,1984.0000,1984.0000,1984.0000,1984.0000,1984.0000
2024-10-30 12:32:39, , , ,36.0000,1984.0000,1984.0000,1984.0000,1984.0000,1984.0000,1984.0000,1984.0000,1984.0000,1984.0000,1984.0000,1984.0000,1984.0000,1984.0000,1984.0000
2024-10-30 12:32:39, , , ,36.0000,1984.0000,1984.0000,1984.0000,1984.0000,1984.0000,1984.0000,1984.0000,1984.0000,1984.0000,1984.0000,1984.0000,1984.0000,1984.0000,1984.0000
2024-10-30 12:32:40, , , ,36.0000,1984.0000,1984.0000,1984.0000,1984.0000,1984.0000,1984.0000,1984.0000,1984.0000,1984.0000,1984.0000,1984.0000,1984.0000,1984.0000,1984.0000
2024-10-30 12:32:40, , , ,36.0000,1984.0000,1984.0000,1984.0000,1984.0000,1984.0000,1984.0000,1984.0000,1984.0000,1984.0000,1984.0000,1984.0000,1984.0000,1984.0000,1984.0000
2024-10-30 12:32:40, , , ,36.0000,1984.0000,1984.0000,1984.0000,1984.0000,1984.0000,1984.0000,1984.0000,1984.0000,1984.0000,1984.0000,1984.0000,1984.0000,1984.0000,1984.0000
2024-10-30 12:32:40, , , ,36.0000,1984.0000,1984.0000,1984.0000,1984.0000,1984.0000,1984.0000,1984.0000,1984.0000,1984.0000,1984.0000,1984.0000,1984.0000,1984.0000,1984.0000
2024-10-30 12:32:40, , , ,36.0000,1984.0000,1984.0000,1984.0000,1984.0000,1984.0000,1984.0000,1984.0000,1984.0000,1984.0000,1984.0000,1984.0000,1984.0000,1984.0000,1984.0000
2024-10-30 12:32:40, , , ,36.0000,1984.0000,1984.0000,1984.0000,1984.0000,1984.0000,1984.0000,1984.0000,1984.0000,1984.0000,1984.0000,1984.0000,1984.0000,1984.0000,1984.0000
2024-10-30 12:32:41, , , ,36.0000,1984.0000,1984.0000,1984.0000,1984.0000,1984.0000,1984.0000,1984.0000,1984.0000,1984.0000,1984.0000,1984.0000,1984.0000,1984.0000,1984.0000
2024-10-30 12:32:41, , , ,35.9000,1984.0000,1984.0000,1984.0000,1984.0000,1984.0000,1984.0000,1984.0000,1984.0000,1984.0000,1984.0000,1984.0000,1984.0000,1984.0000,1984.0000
2024-10-30 12:32:41, , , ,35.9000,1984.0000,1984.0000,1984.0000,1984.0000,1984.0000,1984.0000,1984.0000,1984.0000,1984.0000,1984.0000,1984.0000,1984.0000,1984.0000,1984.0000
2024-10-30 12:32:41, , , ,35.9000,1984.0000,1984.0000,1984.0000,1984.0000,1984.0000,1984.0000,1984.0000,1984.0000,1984.0000,1984.0000,1984.0000,1984.0000,1984.0000,1984.0000
2024-10-30 12:32:41, , , ,35.9000,1984.0000,1984.0000,1984.0000,1984.0000,1984.0000,1984.0000,1984.0000,1984.0000,1984.0000,1984.0000,1984.0000,1984.0000,1984.0000,1984.0000
2024-10-30 12:32:41, , , ,35.9000,1984.0000,1984.0000,1984.0000,1984.0000,1984.0000,1984.0000,1984.0000,1984.0000,1984.0000,1984.0000,1984.0000,1984.0000,1984.0000,1984.0000
2024-10-30 12:32:42, , , ,35.9000,1984.0000,1984.0000,1984.0000,1984.0000,1984.0000,1984.0000,1984.0000,1984.0000,1984.0000,1984.0000,1984.0000,1984.0000,1984.0000,1984.0000
2024-10-30 12:32:42, , , ,35.9000,1984.0000,1984.0000,1984.0000,1984.0000,1984.0000,1984.0000,1984.0000,1984.0000,1984.0000,1984.0000,1984.0000,1984.0000,1984.0000,1984.0000
2024-10-30 12:32:42, , , ,35.9000,1984.0000,1984.0000,1984.0000,1984.0000,1984.0000,1984.0000,1984.0000,1984.0000,1984.0000,1984.0000,1984.0000,1984.0000,1984.0000,1984.0000
2024-10-30 12:32:42, , , ,35.9000,1984.0000,1984.0000,1984.0000,1984.0000,1984.0000,1984.0000,1984.0000,1984.0000,1984.0000,1984.0000,1984.0000,1984.0000,1984.0000,1984.0000
2024-10-30 12:32:42, , , ,35.9000,1984.0000,1984.0000,1984.0000,1984.0000,1984.0000,1984.0000,1984.0000,1984.0000,1984.0000,1984.0000,1984.0000,1984.0000,1984.0000,1984.0000
2024-10-30 12:32:42, , , ,35.8000,1984.0000,1984.0000,1984.0000,1984.0000,1984.0000,1984.0000,1984.0000,1984.0000,1984.0000,1984.0000,1984.0000,1984.0000,1984.0000,1984.0000
2024-10-30 12:32:43, , , ,35.8000,1984.0000,1984.0000,1984.0000,1984.0000,1984.0000,1984.0000,1984.0000,1984.0000,1984.0000,1984.0000,1984.0000,1984.0000,1984.0000,1984.0000
2024-10-30 12:32:43, , , ,35.8000,1984.0000,1984.0000,1984.0000,1984.0000,1984.0000,1984.0000,1984.0000,1984.0000,1984.0000,1984.0000,1984.0000,1984.0000,1984.0000,1984.0000
2024-10-30 12:32:43, , , ,35.8000,1984.0000,1984.0000,1984.0000,1984.0000,1984.0000,1984.0000,1984.0000,1984.0000,1984.0000,1984.0000,1984.0000,1984.0000,1984.0000,1984.0000
2024-10-30 12:32:43, , , ,35.8000,1984.0000,1984.0000,1984.0000,1984.0000,1984.0000,1984.0000,1984.0000,1984.0000,1984.0000,1984.0000,1984.0000,1984.0000,1984.0000,1984.0000
2024-10-30 12:32:43, , , ,35.8000,1984.0000,1984.0000,1984.0000,1984.0000,1984.0000,1984.0000,1984.0000,1984.0000,1984.0000,1984.0000,1984.0000,1984.0000,1984.0000,1984.0000
2024-10-30 12:32:43, , , ,35.8000,1984.0000,1984.0000,1984.0000,1984.0000,1984.0000,1984.0000,1984.0000,1984.0000,1984.0000,1984.0000,1984.0000,1984.0000,1984.0000,1984.0000
2024-10-30 12:32:44, , , ,35.8000,1984.0000,1984.0000,1984.0000,1984.0000,1984.0000,1984.0000,1984.0000,1984.0000,1984.0000,1984.0000,1984.0000,1984.0000,1984.0000,1984.0000
2024-10-30 12:32:44, , , ,35.8000,1984.0000,1984.0000,1984.0000,1984.0000,1984.0000,1984.0000,1984.0000,1984.0000,1984.0000,1984.0000,1984.0000,1984.0000,1984.0000,1984.0000
2024-10-30 12:32:44, , , ,35.8000,1984.0000,1984.0000,1984.0000,1984.0000,1984.0000,1984.0000,1984.0000,1984.0000,1984.0000,1984.0000,1984.0000,1984.0000,1984.0000,1984.0000
2024-10-30 12:32:44, , , ,35.8000,1984.0000,1984.0000,1984.0000,1984.0000,1984.0000,1984.0000,1984.0000,1984.0000,1984.0000,1984.0000,1984.0000,1984.0000,1984.0000,1984.0000
2024-10-30 12:32:44, , , ,35.8000,1984.0000,1984.0000,1984.0000,1984.0000,1984.0000,1984.0000,1984.0000,1984.0000,1984.0000,1984.0000,1984.0000,1984.0000,1984.0000,1984.0000
2024-10-30 12:32:44, , , ,35.8000,1984.0000,1984.0000,1984.0000,1984.0000,1984.0000,1984.0000,1984.0000,1984.0000,1984.0000,1984.0000,1984.0000,1984.0000,1984.0000,1984.0000
2024-10-30 12:32:45, , , ,35.8000,1984.0000,1984.0000,1984.0000,1984.0000,1984.0000,1984.0000,1984.0000,1984.0000,1984.0000,1984.0000,1984.0000,1984.0000,1984.0000,1984.0000
2024-10-30 12:32:45, , , ,35.8000,1984.0000,1984.0000,1984.0000,1984.0000,1984.0000,1984.0000,1984.0000,1984.0000,1984.0000,1984.0000,1984.0000,1984.0000,1984.0000,1984.0000
2024-10-30 12:32:45, , , ,35.8000,1984.0000,1984.0000,1984.0000,1984.0000,1984.0000,1984.0000,1984.0000,1984.0000,1984.0000,1984.0000,1984.0000,1984.0000,1984.0000,1984.0000
2024-10-30 12:32:45, , , ,35.8000,1984.0000,1984.0000,1984.0000,1984.0000,1984.0000,1984.0000,1984.0000,1984.0000,1984.0000,1984.0000,1984.0000,1984.0000,1984.0000,1984.0000
2024-10-30 12:32:45, , , ,35.8000,1984.0000,1984.0000,1984.0000,1984.0000,1984.0000,1984.0000,1984.0000,1984.0000,1984.0000,1984.0000,1984.0000,1984.0000,1984.0000,1984.0000
2024-10-30 12:32:45, , , ,35.8000,1984.0000,1984.0000,1984.0000,1984.0000,1984.0000,1984.0000,1984.0000,1984.0000,1984.0000,1984.0000,1984.0000,1984.0000,1984.0000,1984.0000
2024-10-30 12:32:46, , , ,35.8000,1984.0000,1984.0000,1984.0000,1984.0000,1984.0000,1984.0000,1984.0000,1984.0000,1984.0000,1984.0000,1984.0000,1984.0000,1984.0000,1984.0000
2024-10-30 12:32:46, , , ,35.8000,1984.0000,1984.0000,1984.0000,1984.0000,1984.0000,1984.0000,1984.0000,1984.0000,1984.0000,1984.0000,1984.0000,1984.0000,1984.0000,1984.0000
2024-10-30 12:32:46, , , ,35.8000,1984.0000,1984.0000,1984.0000,1984.0000,1984.0000,1984.0000,1984.0000,1984.0000,1984.0000,1984.0000,1984.0000,1984.0000,1984.0000,1984.0000
2024-10-30 12:32:46, , , ,35.8000,1984.0000,1984.0000,1984.0000,1984.0000,1984.0000,1984.0000,1984.0000,1984.0000,1984.0000,1984.0000,1984.0000,1984.0000,1984.0000,1984.0000
2024-10-30 12:32:46, , , ,35.8000,1984.0000,1984.0000,1984.0000,1984.0000,1984.0000,1984.0000,1984.0000,1984.0000,1984.0000,1984.0000,1984.0000,1984.0000,1984.0000,1984.0000
2024-10-30 12:32:46, , , ,35.8000,1984.0000,1984.0000,1984.0000,1984.0000,1984.0000,1984.0000,1984.0000,1984.0000,1984.0000,1984.0000,1984.0000,1984.0000,1984.0000,1984.0000
2024-10-30 12:32:47, , , ,35.8000,1984.0000,1984.0000,1984.0000,1984.0000,1984.0000,1984.0000,1984.0000,1984.0000,1984.0000,1984.0000,1984.0000,1984.0000,1984.0000,1984.0000
2024-10-30 12:32:47, , , ,35.8000,1984.0000,1984.0000,1984.0000,1984.0000,1984.0000,1984.0000,1984.0000,1984.0000,1984.0000,1984.0000,1984.0000,1984.0000,1984.0000,1984.0000
2024-10-30 12:32:47, , , ,35.8000,1984.0000,1984.0000,1984.0000,1984.0000,1984.0000,1984.0000,1984.0000,1984.0000,1984.0000,1984.0000,1984.0000,1984.0000,1984.0000,1984.0000
2024-10-30 12:32:47, , , ,35.8000,1984.0000,1984.0000,1984.0000,1984.0000,1984.0000,1984.0000,1984.0000,1984.0000,1984.0000,1984.0000,1984.0000,1984.0000,1984.0000,1984.0000
2024-10-30 12:32:47, , , ,35.8000,1984.0000,1984.0000,1984.0000,1984.0000,1984.0000,1984.0000,1984.0000,1984.0000,1984.0000,1984.0000,1984.0000,1984.0000,1984.0000,1984.0000
2024-10-30 12:32:47, , , ,35.7000,1984.0000,1984.0000,1984.0000,1984.0000,1984.0000,1984.0000,1984.0000,1984.0000,1984.0000,1984.0000,1984.0000,1984.0000,1984.0000,1984.0000
2024-10-30 12:32:48, , , ,35.7000,1984.0000,1984.0000,1984.0000,1984.0000,1984.0000,1984.0000,1984.0000,1984.0000,1984.0000,1984.0000,1984.0000,1984.0000,1984.0000,1984.0000
2024-10-30 12:32:48, , , ,35.7000,1984.0000,1984.0000,1984.0000,1984.0000,1984.0000,1984.0000,1984.0000,1984.0000,1984.0000,1984.0000,1984.0000,1984.0000,1984.0000,1984.0000
2024-10-30 12:32:48, , , ,35.7000,1984.0000,1984.0000,1984.0000,1984.0000,1984.0000,1984.0000,1984.0000,1984.0000,1984.0000,1984.0000,1984.0000,1984.0000,1984.0000,1984.0000
2024-10-30 12:32:48, , , ,35.7000,1984.0000,1984.0000,1984.0000,1984.0000,1984.0000,1984.0000,1984.0000,1984.0000,1984.0000,1984.0000,1984.0000,1984.0000,1984.0000,1984.0000
2024-10-30 12:32:48, , , ,35.7000,1984.0000,1984.0000,1984.0000,1984.0000,1984.0000,1984.0000,1984.0000,1984.0000,1984.0000,1984.0000,1984.0000,1984.0000,1984.0000,1984.0000
2024-10-30 12:32:48, , , ,35.7000,1984.0000,1984.0000,1984.0000,1984.0000,1984.0000,1984.0000,1984.0000,1984.0000,1984.0000,1984.0000,1984.0000,1984.0000,1984.0000,1984.0000
2024-10-30 12:32:49, , , ,35.7000,1984.0000,1984.0000,1984.0000,1984.0000,1984.0000,1984.0000,1984.0000,1984.0000,1984.0000,1984.0000,1984.0000,1984.0000,1984.0000,1984.0000
2024-10-30 12:32:49, , , ,35.7000,1984.0000,1984.0000,1984.0000,1984.0000,1984.0000,1984.0000,1984.0000,1984.0000,1984.0000,1984.0000,1984.0000,1984.0000,1984.0000,1984.0000
2024-10-30 12:32:49, , , ,35.7000,1984.0000,1984.0000,1984.0000,1984.0000,1984.0000,1984.0000,1984.0000,1984.0000,1984.0000,1984.0000,1984.0000,1984.0000,1984.0000,1984.0000
2024-10-30 12:32:49, , , ,35.7000,1984.0000,1984.0000,1984.0000,1984.0000,1984.0000,1984.0000,1984.0000,1984.0000,1984.0000,1984.0000,1984.0000,1984.0000,1984.0000,1984.0000
2024-10-30 12:32:49, , , ,35.7000,1984.0000,1984.0000,1984.0000,1984.0000,1984.0000,1984.0000,1984.0000,1984.0000,1984.0000,1984.0000,1984.0000,1984.0000,1984.0000,1984.0000
2024-10-30 12:32:49, , , ,35.7000,1984.0000,1984.0000,1984.0000,1984.0000,1984.0000,1984.0000,1984.0000,1984.0000,1984.0000,1984.0000,1984.0000,1984.0000,1984.0000,1984.0000
2024-10-30 12:32:50, , , ,35.7000,1984.0000,1984.0000,1984.0000,1984.0000,1984.0000,1984.0000,1984.0000,1984.0000,1984.0000,1984.0000,1984.0000,1984.0000,1984.0000,1984.0000
2024-10-30 12:32:50, , , ,35.7000,1984.0000,1984.0000,1984.0000,1984.0000,1984.0000,1984.0000,1984.0000,1984.0000,1984.0000,1984.0000,1984.0000,1984.0000,1984.0000,1984.0000
2024-10-30 12:32:50, , , ,35.7000,1984.0000,1984.0000,1984.0000,1984.0000,1984.0000,1984.0000,1984.0000,1984.0000,1984.0000,1984.0000,1984.0000,1984.0000,1984.0000,1984.0000
2024-10-30 12:32:50, , , ,35.7000,1984.0000,1984.0000,1984.0000,1984.0000,1984.0000,1984.0000,1984.0000,1984.0000,1984.0000,1984.0000,1984.0000,1984.0000,1984.0000,1984.0000
2024-10-30 12:32:50, , , ,35.7000,1984.0000,1984.0000,1984.0000,1984.0000,1984.0000,1984.0000,1984.0000,1984.0000,1984.0000,1984.0000,1984.0000,1984.0000,1984.0000,1984.0000
2024-10-30 12:32:50, , , ,35.6000,1984.0000,1984.0000,1984.0000,1984.0000,1984.0000,1984.0000,1984.0000,1984.0000,1984.0000,1984.0000,1984.0000,1984.0000,1984.0000,1984.0000
2024-10-30 12:32:51, , , ,35.6000,1984.0000,1984.0000,1984.0000,1984.0000,1984.0000,1984.0000,1984.0000,1984.0000,1984.0000,1984.0000,1984.0000,1984.0000,1984.0000,1984.0000
2024-10-30 12:32:51, , , ,35.6000,1984.0000,1984.0000,1984.0000,1984.0000,1984.0000,1984.0000,1984.0000,1984.0000,1984.0000,1984.0000,1984.0000,1984.0000,1984.0000,1984.0000
2024-10-30 12:32:51, , , ,35.6000,1984.0000,1984.0000,1984.0000,1984.0000,1984.0000,1984.0000,1984.0000,1984.0000,1984.0000,1984.0000,1984.0000,1984.0000,1984.0000,1984.0000
2024-10-30 12:32:51, , , ,35.6000,1984.0000,1984.0000,1984.0000,1984.0000,1984.0000,1984.0000,1984.0000,1984.0000,1984.0000,1984.0000,1984.0000,1984.0000,1984.0000,1984.0000
2024-10-30 12:32:51, , , ,35.6000,1984.0000,1984.0000,1984.0000,1984.0000,1984.0000,1984.0000,1984.0000,1984.0000,1984.0000,1984.0000,1984.0000,1984.0000,1984.0000,1984.0000
2024-10-30 12:32:51, , , ,35.6000,1984.0000,1984.0000,1984.0000,1984.0000,1984.0000,1984.0000,1984.0000,1984.0000,1984.0000,1984.0000,1984.0000,1984.0000,1984.0000,1984.0000
2024-10-30 12:32:52, , , ,35.6000,1984.0000,1984.0000,1984.0000,1984.0000,1984.0000,1984.0000,1984.0000,1984.0000,1984.0000,1984.0000,1984.0000,1984.0000,1984.0000,1984.0000
2024-10-30 12:32:52, , , ,35.6000,1984.0000,1984.0000,1984.0000,1984.0000,1984.0000,1984.0000,1984.0000,1984.0000,1984.0000,1984.0000,1984.0000,1984.0000,1984.0000,1984.0000
2024-10-30 12:32:52, , , ,35.6000,1984.0000,1984.0000,1984.0000,1984.0000,1984.0000,1984.0000,1984.0000,1984.0000,1984.0000,1984.0000,1984.0000,1984.0000,1984.0000,1984.0000
2024-10-30 12:32:52, , , ,35.5000,1984.0000,1984.0000,1984.0000,1984.0000,1984.0000,1984.0000,1984.0000,1984.0000,1984.0000,1984.0000,1984.0000,1984.0000,1984.0000,1984.0000
2024-10-30 12:32:52, , , ,35.5000,1984.0000,1984.0000,1984.0000,1984.0000,1984.0000,1984.0000,1984.0000,1984.0000,1984.0000,1984.0000,1984.0000,1984.0000,1984.0000,1984.0000
2024-10-30 12:32:52, , , ,35.5000,1984.0000,1984.0000,1984.0000,1984.0000,1984.0000,1984.0000,1984.0000,1984.0000,1984.0000,1984.0000,1984.0000,1984.0000,1984.0000,1984.0000
2024-10-30 12:32:53, , , ,35.5000,1984.0000,1984.0000,1984.0000,1984.0000,1984.0000,1984.0000,1984.0000,1984.0000,1984.0000,1984.0000,1984.0000,1984.0000,1984.0000,1984.0000
2024-10-30 12:32:53, , , ,35.5000,1984.0000,1984.0000,1984.0000,1984.0000,1984.0000,1984.0000,1984.0000,1984.0000,1984.0000,1984.0000,1984.0000,1984.0000,1984.0000,1984.0000
2024-10-30 12:32:53, , , ,35.5000,1984.0000,1984.0000,1984.0000,1984.0000,1984.0000,1984.0000,1984.0000,1984.0000,1984.0000,1984.0000,1984.0000,1984.0000,1984.0000,1984.0000
2024-10-30 12:32:53, , , ,35.5000,1984.0000,1984.0000,1984.0000,1984.0000,1984.0000,1984.0000,1984.0000,1984.0000,1984.0000,1984.0000,1984.0000,1984.0000,1984.0000,1984.0000
2024-10-30 12:32:53, , , ,35.5000,1984.0000,1984.0000,1984.0000,1984.0000,1984.0000,1984.0000,1984.0000,1984.0000,1984.0000,1984.0000,1984.0000,1984.0000,1984.0000,1984.0000
2024-10-30 12:32:53, , , ,35.5000,1984.0000,1984.0000,1984.0000,1984.0000,1984.0000,1984.0000,1984.0000,1984.0000,1984.0000,1984.0000,1984.0000,1984.0000,1984.0000,1984.0000
2024-10-30 12:32:54, , , ,35.5000,1984.0000,1984.0000,1984.0000,1984.0000,1984.0000,1984.0000,1984.0000,1984.0000,1984.0000,1984.0000,1984.0000,1984.0000,1984.0000,1984.0000
2024-10-30 12:32:54, , , ,35.4000,1984.0000,1984.0000,1984.0000,1984.0000,1984.0000,1984.0000,1984.0000,1984.0000,1984.0000,1984.0000,1984.0000,1984.0000,1984.0000,1984.0000
2024-10-30 12:32:54, , , ,35.4000,1984.0000,1984.0000,1984.0000,1984.0000,1984.0000,1984.0000,1984.0000,1984.0000,1984.0000,1984.0000,1984.0000,1984.0000,1984.0000,1984.0000
2024-10-30 12:32:54, , , ,35.4000,1984.0000,1984.0000,1984.0000,1984.0000,1984.0000,1984.0000,1984.0000,1984.0000,1984.0000,1984.0000,1984.0000,1984.0000,1984.0000,1984.0000
2024-10-30 12:32:54, , , ,35.4000,1984.0000,1984.0000,1984.0000,1984.0000,1984.0000,1984.0000,1984.0000,1984.0000,1984.0000,1984.0000,1984.0000,1984.0000,1984.0000,1984.0000
2024-10-30 12:32:54, , , ,35.4000,1984.0000,1984.0000,1984.0000,1984.0000,1984.0000,1984.0000,1984.0000,1984.0000,1984.0000,1984.0000,1984.0000,1984.0000,1984.0000,1984.0000
2024-10-30 12:32:55, , , ,35.4000,1984.0000,1984.0000,1984.0000,1984.0000,1984.0000,1984.0000,1984.0000,1984.0000,1984.0000,1984.0000,1984.0000,1984.0000,1984.0000,1984.0000
2024-10-30 12:32:55, , , ,35.4000,1984.0000,1984.0000,1984.0000,1984.0000,1984.0000,1984.0000,1984.0000,1984.0000,1984.0000,1984.0000,1984.0000,1984.0000,1984.0000,1984.0000
2024-10-30 12:32:55, , , ,35.4000,1984.0000,1984.0000,1984.0000,1984.0000,1984.0000,1984.0000,1984.0000,1984.0000,1984.0000,1984.0000,1984.0000,1984.0000,1984.0000,1984.0000
2024-10-30 12:32:55, , , ,35.4000,1984.0000,1984.0000,1984.0000,1984.0000,1984.0000,1984.0000,1984.0000,1984.0000,1984.0000,1984.0000,1984.0000,1984.0000,1984.0000,1984.0000
2024-10-30 12:32:55, , , ,35.4000,1984.0000,1984.0000,1984.0000,1984.0000,1984.0000,1984.0000,1984.0000,1984.0000,1984.0000,1984.0000,1984.0000,1984.0000,1984.0000,1984.0000
2024-10-30 12:32:55, , , ,35.4000,1984.0000,1984.0000,1984.0000,1984.0000,1984.0000,1984.0000,1984.0000,1984.0000,1984.0000,1984.0000,1984.0000,1984.0000,1984.0000,1984.0000
2024-10-30 12:32:56, , , ,35.4000,1984.0000,1984.0000,1984.0000,1984.0000,1984.0000,1984.0000,1984.0000,1984.0000,1984.0000,1984.0000,1984.0000,1984.0000,1984.0000,1984.0000
2024-10-30 12:32:56, , , ,35.4000,1984.0000,1984.0000,1984.0000,1984.0000,1984.0000,1984.0000,1984.0000,1984.0000,1984.0000,1984.0000,1984.0000,1984.0000,1984.0000,1984.0000
2024-10-30 12:32:56, , , ,35.4000,1984.0000,1984.0000,1984.0000,1984.0000,1984.0000,1984.0000,1984.0000,1984.0000,1984.0000,1984.0000,1984.0000,1984.0000,1984.0000,1984.0000
2024-10-30 12:32:56, , , ,35.4000,1984.0000,1984.0000,1984.0000,1984.0000,1984.0000,1984.0000,1984.0000,1984.0000,1984.0000,1984.0000,1984.0000,1984.0000,1984.0000,1984.0000
2024-10-30 12:32:56, , , ,35.4000,1984.0000,1984.0000,1984.0000,1984.0000,1984.0000,1984.0000,1984.0000,1984.0000,1984.0000,1984.0000,1984.0000,1984.0000,1984.0000,1984.0000
2024-10-30 12:32:56, , , ,35.4000,1984.0000,1984.0000,1984.0000,1984.0000,1984.0000,1984.0000,1984.0000,1984.0000,1984.0000,1984.0000,1984.0000,1984.0000,1984.0000,1984.0000
2024-10-30 12:32:56, , , ,35.4000,1984.0000,1984.0000,1984.0000,1984.0000,1984.0000,1984.0000,1984.0000,1984.0000,1984.0000,1984.0000,1984.0000,1984.0000,1984.0000,1984.0000
2024-10-30 12:32:57, , , ,35.4000,1984.0000,1984.0000,1984.0000,1984.0000,1984.0000,1984.0000,1984.0000,1984.0000,1984.0000,1984.0000,1984.0000,1984.0000,1984.0000,1984.0000
2024-10-30 12:32:57, , , ,35.4000,1984.0000,1984.0000,1984.0000,1984.0000,1984.0000,1984.0000,1984.0000,1984.0000,1984.0000,1984.0000,1984.0000,1984.0000,1984.0000,1984.0000
2024-10-30 12:32:57, , , ,35.4000,1984.0000,1984.0000,1984.0000,1984.0000,1984.0000,1984.0000,1984.0000,1984.0000,1984.0000,1984.0000,1984.0000,1984.0000,1984.0000,1984.0000
2024-10-30 12:32:57, , , ,35.4000,1984.0000,1984.0000,1984.0000,1984.0000,1984.0000,1984.0000,1984.0000,1984.0000,1984.0000,1984.0000,1984.0000,1984.0000,1984.0000,1984.0000
2024-10-30 12:32:57, , , ,35.4000,1984.0000,1984.0000,1984.0000,1984.0000,1984.0000,1984.0000,1984.0000,1984.0000,1984.0000,1984.0000,1984.0000,1984.0000,1984.0000,1984.0000
2024-10-30 12:32:57, , , ,35.4000,1984.0000,1984.0000,1984.0000,1984.0000,1984.0000,1984.0000,1984.0000,1984.0000,1984.0000,1984.0000,1984.0000,1984.0000,1984.0000,1984.0000
2024-10-30 12:32:58, , , ,35.4000,1984.0000,1984.0000,1984.0000,1984.0000,1984.0000,1984.0000,1984.0000,1984.0000,1984.0000,1984.0000,1984.0000,1984.0000,1984.0000,1984.0000
2024-10-30 12:32:58, , , ,35.4000,1984.0000,1984.0000,1984.0000,1984.0000,1984.0000,1984.0000,1984.0000,1984.0000,1984.0000,1984.0000,1984.0000,1984.0000,1984.0000,1984.0000
2024-10-30 12:32:58, , , ,35.4000,1984.0000,1984.0000,1984.0000,1984.0000,1984.0000,1984.0000,1984.0000,1984.0000,1984.0000,1984.0000,1984.0000,1984.0000,1984.0000,1984.0000
2024-10-30 12:32:58, , , ,35.4000,1984.0000,1984.0000,1984.0000,1984.0000,1984.0000,1984.0000,1984.0000,1984.0000,1984.0000,1984.0000,1984.0000,1984.0000,1984.0000,1984.0000
2024-10-30 12:32:58, , , ,35.4000,1984.0000,1984.0000,1984.0000,1984.0000,1984.0000,1984.0000,1984.0000,1984.0000,1984.0000,1984.0000,1984.0000,1984.0000,1984.0000,1984.0000
2024-10-30 12:32:58, , , ,35.4000,1984.0000,1984.0000,1984.0000,1984.0000,1984.0000,1984.0000,1984.0000,1984.0000,1984.0000,1984.0000,1984.0000,1984.0000,1984.0000,1984.0000
2024-10-30 12:32:59, , , ,35.4000,1984.0000,1984.0000,1984.0000,1984.0000,1984.0000,1984.0000,1984.0000,1984.0000,1984.0000,1984.0000,1984.0000,1984.0000,1984.0000,1984.0000
2024-10-30 12:32:59, , , ,35.4000,1984.0000,1984.0000,1984.0000,1984.0000,1984.0000,1984.0000,1984.0000,1984.0000,1984.0000,1984.0000,1984.0000,1984.0000,1984.0000,1984.0000
2024-10-30 12:32:59, , , ,35.4000,1984.0000,1984.0000,1984.0000,1984.0000,1984.0000,1984.0000,1984.0000,1984.0000,1984.0000,1984.0000,1984.0000,1984.0000,1984.0000,1984.0000
2024-10-30 12:32:59, , , ,35.4000,1984.0000,1984.0000,1984.0000,1984.0000,1984.0000,1984.0000,1984.0000,1984.0000,1984.0000,1984.0000,1984.0000,1984.0000,1984.0000,1984.0000
2024-10-30 12:32:59, , , ,35.4000,1984.0000,1984.0000,1984.0000,1984.0000,1984.0000,1984.0000,1984.0000,1984.0000,1984.0000,1984.0000,1984.0000,1984.0000,1984.0000,1984.0000
2024-10-30 12:32:59, , , ,35.4000,1984.0000,1984.0000,1984.0000,1984.0000,1984.0000,1984.0000,1984.0000,1984.0000,1984.0000,1984.0000,1984.0000,1984.0000,1984.0000,1984.0000
2024-10-30 12:33:00, , , ,35.4000,1984.0000,1984.0000,1984.0000,1984.0000,1984.0000,1984.0000,1984.0000,1984.0000,1984.0000,1984.0000,1984.0000,1984.0000,1984.0000,1984.0000
2024-10-30 12:33:00, , , ,35.3000,1984.0000,1984.0000,1984.0000,1984.0000,1984.0000,1984.0000,1984.0000,1984.0000,1984.0000,1984.0000,1984.0000,1984.0000,1984.0000,1984.0000
2024-10-30 12:33:00, , , ,35.3000,1984.0000,1984.0000,1984.0000,1984.0000,1984.0000,1984.0000,1984.0000,1984.0000,1984.0000,1984.0000,1984.0000,1984.0000,1984.0000,1984.0000
2024-10-30 12:33:00, , , ,35.3000,1984.0000,1984.0000,1984.0000,1984.0000,1984.0000,1984.0000,1984.0000,1984.0000,1984.0000,1984.0000,1984.0000,1984.0000,1984.0000,1984.0000
2024-10-30 12:33:00, , , ,35.3000,1984.0000,1984.0000,1984.0000,1984.0000,1984.0000,1984.0000,1984.0000,1984.0000,1984.0000,1984.0000,1984.0000,1984.0000,1984.0000,1984.0000
2024-10-30 12:33:00, , , ,35.3000,1984.0000,1984.0000,1984.0000,1984.0000,1984.0000,1984.0000,1984.0000,1984.0000,1984.0000,1984.0000,1984.0000,1984.0000,1984.0000,1984.0000
2024-10-30 12:33:01, , , ,35.3000,1984.0000,1984.0000,1984.0000,1984.0000,1984.0000,1984.0000,1984.0000,1984.0000,1984.0000,1984.0000,1984.0000,1984.0000,1984.0000,1984.0000
2024-10-30 12:33:01, , , ,35.3000,1984.0000,1984.0000,1984.0000,1984.0000,1984.0000,1984.0000,1984.0000,1984.0000,1984.0000,1984.0000,1984.0000,1984.0000,1984.0000,1984.0000
2024-10-30 12:33:01, , , ,35.3000,1984.0000,1984.0000,1984.0000,1984.0000,1984.0000,1984.0000,1984.0000,1984.0000,1984.0000,1984.0000,1984.0000,1984.0000,1984.0000,1984.0000
2024-10-30 12:33:01, , , ,35.3000,1984.0000,1984.0000,1984.0000,1984.0000,1984.0000,1984.0000,1984.0000,1984.0000,1984.0000,1984.0000,1984.0000,1984.0000,1984.0000,1984.0000
2024-10-30 12:33:01, , , ,35.2000,1984.0000,1984.0000,1984.0000,1984.0000,1984.0000,1984.0000,1984.0000,1984.0000,1984.0000,1984.0000,1984.0000,1984.0000,1984.0000,1984.0000
2024-10-30 12:33:01, , , ,35.2000,1984.0000,1984.0000,1984.0000,1984.0000,1984.0000,1984.0000,1984.0000,1984.0000,1984.0000,1984.0000,1984.0000,1984.0000,1984.0000,1984.0000
2024-10-30 12:33:02, , , ,35.2000,1984.0000,1984.0000,1984.0000,1984.0000,1984.0000,1984.0000,1984.0000,1984.0000,1984.0000,1984.0000,1984.0000,1984.0000,1984.0000,1984.0000
2024-10-30 12:33:02, , , ,35.2000,1984.0000,1984.0000,1984.0000,1984.0000,1984.0000,1984.0000,1984.0000,1984.0000,1984.0000,1984.0000,1984.0000,1984.0000,1984.0000,1984.0000
2024-10-30 12:33:02, , , ,35.2000,1984.0000,1984.0000,1984.0000,1984.0000,1984.0000,1984.0000,1984.0000,1984.0000,1984.0000,1984.0000,1984.0000,1984.0000,1984.0000,1984.0000
2024-10-30 12:33:02, , , ,35.2000,1984.0000,1984.0000,1984.0000,1984.0000,1984.0000,1984.0000,1984.0000,1984.0000,1984.0000,1984.0000,1984.0000,1984.0000,1984.0000,1984.0000
2024-10-30 12:33:02, , , ,35.2000,1984.0000,1984.0000,1984.0000,1984.0000,1984.0000,1984.0000,1984.0000,1984.0000,1984.0000,1984.0000,1984.0000,1984.0000,1984.0000,1984.0000
2024-10-30 12:33:02, , , ,35.2000,1984.0000,1984.0000,1984.0000,1984.0000,1984.0000,1984.0000,1984.0000,1984.0000,1984.0000,1984.0000,1984.0000,1984.0000,1984.0000,1984.0000
2024-10-30 12:33:03, , , ,35.2000,1984.0000,1984.0000,1984.0000,1984.0000,1984.0000,1984.0000,1984.0000,1984.0000,1984.0000,1984.0000,1984.0000,1984.0000,1984.0000,1984.0000
2024-10-30 12:33:03, , , ,35.2000,1984.0000,1984.0000,1984.0000,1984.0000,1984.0000,1984.0000,1984.0000,1984.0000,1984.0000,1984.0000,1984.0000,1984.0000,1984.0000,1984.0000
2024-10-30 12:33:03, , , ,35.2000,1984.0000,1984.0000,1984.0000,1984.0000,1984.0000,1984.0000,1984.0000,1984.0000,1984.0000,1984.0000,1984.0000,1984.0000,1984.0000,1984.0000
2024-10-30 12:33:03, , , ,35.2000,1984.0000,1984.0000,1984.0000,1984.0000,1984.0000,1984.0000,1984.0000,1984.0000,1984.0000,1984.0000,1984.0000,1984.0000,1984.0000,1984.0000
2024-10-30 12:33:03, , , ,35.2000,1984.0000,1984.0000,1984.0000,1984.0000,1984.0000,1984.0000,1984.0000,1984.0000,1984.0000,1984.0000,1984.0000,1984.0000,1984.0000,1984.0000
2024-10-30 12:33:03, , , ,35.2000,1984.0000,1984.0000,1984.0000,1984.0000,1984.0000,1984.0000,1984.0000,1984.0000,1984.0000,1984.0000,1984.0000,1984.0000,1984.0000,1984.0000
2024-10-30 12:33:04, , , ,35.2000,1984.0000,1984.0000,1984.0000,1984.0000,1984.0000,1984.0000,1984.0000,1984.0000,1984.0000,1984.0000,1984.0000,1984.0000,1984.0000,1984.0000
2024-10-30 12:33:04, , , ,35.2000,1984.0000,1984.0000,1984.0000,1984.0000,1984.0000,1984.0000,1984.0000,1984.0000,1984.0000,1984.0000,1984.0000,1984.0000,1984.0000,1984.0000
2024-10-30 12:33:04, , , ,35.2000,1984.0000,1984.0000,1984.0000,1984.0000,1984.0000,1984.0000,1984.0000,1984.0000,1984.0000,1984.0000,1984.0000,1984.0000,1984.0000,1984.0000
2024-10-30 12:33:04, , , ,35.2000,1984.0000,1984.0000,1984.0000,1984.0000,1984.0000,1984.0000,1984.0000,1984.0000,1984.0000,1984.0000,1984.0000,1984.0000,1984.0000,1984.0000
2024-10-30 12:33:04, , , ,35.2000,1984.0000,1984.0000,1984.0000,1984.0000,1984.0000,1984.0000,1984.0000,1984.0000,1984.0000,1984.0000,1984.0000,1984.0000,1984.0000,1984.0000
2024-10-30 12:33:04, , , ,35.2000,1984.0000,1984.0000,1984.0000,1984.0000,1984.0000,1984.0000,1984.0000,1984.0000,1984.0000,1984.0000,1984.0000,1984.0000,1984.0000,1984.0000
2024-10-30 12:33:05, , , ,35.1000,1984.0000,1984.0000,1984.0000,1984.0000,1984.0000,1984.0000,1984.0000,1984.0000,1984.0000,1984.0000,1984.0000,1984.0000,1984.0000,1984.0000
2024-10-30 12:33:05, , , ,35.1000,1984.0000,1984.0000,1984.0000,1984.0000,1984.0000,1984.0000,1984.0000,1984.0000,1984.0000,1984.0000,1984.0000,1984.0000,1984.0000,1984.0000
2024-10-30 12:33:05, , , ,35.1000,1984.0000,1984.0000,1984.0000,1984.0000,1984.0000,1984.0000,1984.0000,1984.0000,1984.0000,1984.0000,1984.0000,1984.0000,1984.0000,1984.0000
2024-10-30 12:33:05, , , ,35.1000,1984.0000,1984.0000,1984.0000,1984.0000,1984.0000,1984.0000,1984.0000,1984.0000,1984.0000,1984.0000,1984.0000,1984.0000,1984.0000,1984.0000
2024-10-30 12:33:05, , , ,35.1000,1984.0000,1984.0000,1984.0000,1984.0000,1984.0000,1984.0000,1984.0000,1984.0000,1984.0000,1984.0000,1984.0000,1984.0000,1984.0000,1984.0000
2024-10-30 12:33:05, , , ,35.1000,1984.0000,1984.0000,1984.0000,1984.0000,1984.0000,1984.0000,1984.0000,1984.0000,1984.0000,1984.0000,1984.0000,1984.0000,1984.0000,1984.0000
2024-10-30 12:33:06, , , ,35.1000,1984.0000,1984.0000,1984.0000,1984.0000,1984.0000,1984.0000,1984.0000,1984.0000,1984.0000,1984.0000,1984.0000,1984.0000,1984.0000,1984.0000
2024-10-30 12:33:06, , , ,35.1000,1984.0000,1984.0000,1984.0000,1984.0000,1984.0000,1984.0000,1984.0000,1984.0000,1984.0000,1984.0000,1984.0000,1984.0000,1984.0000,1984.0000
2024-10-30 12:33:06, , , ,35.1000,1984.0000,1984.0000,1984.0000,1984.0000,1984.0000,1984.0000,1984.0000,1984.0000,1984.0000,1984.0000,1984.0000,1984.0000,1984.0000,1984.0000
2024-10-30 12:33:06, , , ,35.1000,1984.0000,1984.0000,1984.0000,1984.0000,1984.0000,1984.0000,1984.0000,1984.0000,1984.0000,1984.0000,1984.0000,1984.0000,1984.0000,1984.0000
2024-10-30 12:33:06, , , ,35.1000,1984.0000,1984.0000,1984.0000,1984.0000,1984.0000,1984.0000,1984.0000,1984.0000,1984.0000,1984.0000,1984.0000,1984.0000,1984.0000,1984.0000
2024-10-30 12:33:06, , , ,35.1000,1984.0000,1984.0000,1984.0000,1984.0000,1984.0000,1984.0000,1984.0000,1984.0000,1984.0000,1984.0000,1984.0000,1984.0000,1984.0000,1984.0000
2024-10-30 12:33:07, , , ,35.1000,1984.0000,1984.0000,1984.0000,1984.0000,1984.0000,1984.0000,1984.0000,1984.0000,1984.0000,1984.0000,1984.0000,1984.0000,1984.0000,1984.0000
2024-10-30 12:33:07, , , ,35.1000,1984.0000,1984.0000,1984.0000,1984.0000,1984.0000,1984.0000,1984.0000,1984.0000,1984.0000,1984.0000,1984.0000,1984.0000,1984.0000,1984.0000
2024-10-30 12:33:07, , , ,35.1000,1984.0000,1984.0000,1984.0000,1984.0000,1984.0000,1984.0000,1984.0000,1984.0000,1984.0000,1984.0000,1984.0000,1984.0000,1984.0000,1984.0000
2024-10-30 12:33:07, , , ,35.1000,1984.0000,1984.0000,1984.0000,1984.0000,1984.0000,1984.0000,1984.0000,1984.0000,1984.0000,1984.0000,1984.0000,1984.0000,1984.0000,1984.0000
2024-10-30 12:33:07, , , ,35.1000,1984.0000,1984.0000,1984.0000,1984.0000,1984.0000,1984.0000,1984.0000,1984.0000,1984.0000,1984.0000,1984.0000,1984.0000,1984.0000,1984.0000
2024-10-30 12:33:07, , , ,35.1000,1984.0000,1984.0000,1984.0000,1984.0000,1984.0000,1984.0000,1984.0000,1984.0000,1984.0000,1984.0000,1984.0000,1984.0000,1984.0000,1984.0000
2024-10-30 12:33:08, , , ,35.1000,1984.0000,1984.0000,1984.0000,1984.0000,1984.0000,1984.0000,1984.0000,1984.0000,1984.0000,1984.0000,1984.0000,1984.0000,1984.0000,1984.0000
2024-10-30 12:33:08, , , ,35.1000,1984.0000,1984.0000,1984.0000,1984.0000,1984.0000,1984.0000,1984.0000,1984.0000,1984.0000,1984.0000,1984.0000,1984.0000,1984.0000,1984.0000
2024-10-30 12:33:08, , , ,35.1000,1984.0000,1984.0000,1984.0000,1984.0000,1984.0000,1984.0000,1984.0000,1984.0000,1984.0000,1984.0000,1984.0000,1984.0000,1984.0000,1984.0000
2024-10-30 12:33:08, , , ,35.1000,1984.0000,1984.0000,1984.0000,1984.0000,1984.0000,1984.0000,1984.0000,1984.0000,1984.0000,1984.0000,1984.0000,1984.0000,1984.0000,1984.0000
2024-10-30 12:33:08, , , ,35.1000,1984.0000,1984.0000,1984.0000,1984.0000,1984.0000,1984.0000,1984.0000,1984.0000,1984.0000,1984.0000,1984.0000,1984.0000,1984.0000,1984.0000
2024-10-30 12:33:08, , , ,35.1000,1984.0000,1984.0000,1984.0000,1984.0000,1984.0000,1984.0000,1984.0000,1984.0000,1984.0000,1984.0000,1984.0000,1984.0000,1984.0000,1984.0000
2024-10-30 12:33:09, , , ,35.1000,1984.0000,1984.0000,1984.0000,1984.0000,1984.0000,1984.0000,1984.0000,1984.0000,1984.0000,1984.0000,1984.0000,1984.0000,1984.0000,1984.0000
2024-10-30 12:33:09, , , ,35.1000,1984.0000,1984.0000,1984.0000,1984.0000,1984.0000,1984.0000,1984.0000,1984.0000,1984.0000,1984.0000,1984.0000,1984.0000,1984.0000,1984.0000
2024-10-30 12:33:09, , , ,35.1000,1984.0000,1984.0000,1984.0000,1984.0000,1984.0000,1984.0000,1984.0000,1984.0000,1984.0000,1984.0000,1984.0000,1984.0000,1984.0000,1984.0000
2024-10-30 12:33:09, , , ,35.0000,1984.0000,1984.0000,1984.0000,1984.0000,1984.0000,1984.0000,1984.0000,1984.0000,1984.0000,1984.0000,1984.0000,1984.0000,1984.0000,1984.0000
2024-10-30 12:33:09, , , ,35.0000,1984.0000,1984.0000,1984.0000,1984.0000,1984.0000,1984.0000,1984.0000,1984.0000,1984.0000,1984.0000,1984.0000,1984.0000,1984.0000,1984.0000
2024-10-30 12:33:09, , , ,35.0000,1984.0000,1984.0000,1984.0000,1984.0000,1984.0000,1984.0000,1984.0000,1984.0000,1984.0000,1984.0000,1984.0000,1984.0000,1984.0000,1984.0000
2024-10-30 12:33:10, , , ,35.0000,1984.0000,1984.0000,1984.0000,1984.0000,1984.0000,1984.0000,1984.0000,1984.0000,1984.0000,1984.0000,1984.0000,1984.0000,1984.0000,1984.0000
2024-10-30 12:33:10, , , ,35.0000,1984.0000,1984.0000,1984.0000,1984.0000,1984.0000,1984.0000,1984.0000,1984.0000,1984.0000,1984.0000,1984.0000,1984.0000,1984.0000,1984.0000
2024-10-30 12:33:10, , , ,34.9000,1984.0000,1984.0000,1984.0000,1984.0000,1984.0000,1984.0000,1984.0000,1984.0000,1984.0000,1984.0000,1984.0000,1984.0000,1984.0000,1984.0000
2024-10-30 12:33:10, , , ,34.9000,1984.0000,1984.0000,1984.0000,1984.0000,1984.0000,1984.0000,1984.0000,1984.0000,1984.0000,1984.0000,1984.0000,1984.0000,1984.0000,1984.0000
2024-10-30 12:33:10, , , ,34.9000,1984.0000,1984.0000,1984.0000,1984.0000,1984.0000,1984.0000,1984.0000,1984.0000,1984.0000,1984.0000,1984.0000,1984.0000,1984.0000,1984.0000
2024-10-30 12:33:10, , , ,34.8000,1984.0000,1984.0000,1984.0000,1984.0000,1984.0000,1984.0000,1984.0000,1984.0000,1984.0000,1984.0000,1984.0000,1984.0000,1984.0000,1984.0000
2024-10-30 12:33:11, , , ,34.8000,1984.0000,1984.0000,1984.0000,1984.0000,1984.0000,1984.0000,1984.0000,1984.0000,1984.0000,1984.0000,1984.0000,1984.0000,1984.0000,1984.0000
2024-10-30 12:33:11, , , ,34.8000,1984.0000,1984.0000,1984.0000,1984.0000,1984.0000,1984.0000,1984.0000,1984.0000,1984.0000,1984.0000,1984.0000,1984.0000,1984.0000,1984.0000
2024-10-30 12:33:11, , , ,34.8000,1984.0000,1984.0000,1984.0000,1984.0000,1984.0000,1984.0000,1984.0000,1984.0000,1984.0000,1984.0000,1984.0000,1984.0000,1984.0000,1984.0000
2024-10-30 12:33:11, , , ,34.8000,1984.0000,1984.0000,1984.0000,1984.0000,1984.0000,1984.0000,1984.0000,1984.0000,1984.0000,1984.0000,1984.0000,1984.0000,1984.0000,1984.0000
2024-10-30 12:33:11, , , ,34.8000,1984.0000,1984.0000,1984.0000,1984.0000,1984.0000,1984.0000,1984.0000,1984.0000,1984.0000,1984.0000,1984.0000,1984.0000,1984.0000,1984.0000
2024-10-30 12:33:12, , , ,34.8000,1984.0000,1984.0000,1984.0000,1984.0000,1984.0000,1984.0000,1984.0000,1984.0000,1984.0000,1984.0000,1984.0000,1984.0000,1984.0000,1984.0000
2024-10-30 12:33:12, , , ,34.8000,1984.0000,1984.0000,1984.0000,1984.0000,1984.0000,1984.0000,1984.0000,1984.0000,1984.0000,1984.0000,1984.0000,1984.0000,1984.0000,1984.0000
2024-10-30 12:33:12, , , ,34.8000,1984.0000,1984.0000,1984.0000,1984.0000,1984.0000,1984.0000,1984.0000,1984.0000,1984.0000,1984.0000,1984.0000,1984.0000,1984.0000,1984.0000
2024-10-30 12:33:12, , , ,34.8000,1984.0000,1984.0000,1984.0000,1984.0000,1984.0000,1984.0000,1984.0000,1984.0000,1984.0000,1984.0000,1984.0000,1984.0000,1984.0000,1984.0000
2024-10-30 12:33:12, , , ,34.8000,1984.0000,1984.0000,1984.0000,1984.0000,1984.0000,1984.0000,1984.0000,1984.0000,1984.0000,1984.0000,1984.0000,1984.0000,1984.0000,1984.0000
2024-10-30 12:33:12, , , ,34.8000,1984.0000,1984.0000,1984.0000,1984.0000,1984.0000,1984.0000,1984.0000,1984.0000,1984.0000,1984.0000,1984.0000,1984.0000,1984.0000,1984.0000
2024-10-30 12:33:13, , , ,34.8000,1984.0000,1984.0000,1984.0000,1984.0000,1984.0000,1984.0000,1984.0000,1984.0000,1984.0000,1984.0000,1984.0000,1984.0000,1984.0000,1984.0000
2024-10-30 12:33:13, , , ,34.8000,1984.0000,1984.0000,1984.0000,1984.0000,1984.0000,1984.0000,1984.0000,1984.0000,1984.0000,1984.0000,1984.0000,1984.0000,1984.0000,1984.0000
2024-10-30 12:33:13, , , ,34.8000,1984.0000,1984.0000,1984.0000,1984.0000,1984.0000,1984.0000,1984.0000,1984.0000,1984.0000,1984.0000,1984.0000,1984.0000,1984.0000,1984.0000
2024-10-30 12:33:13, , , ,34.8000,1984.0000,1984.0000,1984.0000,1984.0000,1984.0000,1984.0000,1984.0000,1984.0000,1984.0000,1984.0000,1984.0000,1984.0000,1984.0000,1984.0000
2024-10-30 12:33:13, , , ,34.8000,1984.0000,1984.0000,1984.0000,1984.0000,1984.0000,1984.0000,1984.0000,1984.0000,1984.0000,1984.0000,1984.0000,1984.0000,1984.0000,1984.0000
2024-10-30 12:33:13, , , ,34.8000,1984.0000,1984.0000,1984.0000,1984.0000,1984.0000,1984.0000,1984.0000,1984.0000,1984.0000,1984.0000,1984.0000,1984.0000,1984.0000,1984.0000
2024-10-30 12:33:13, , , ,34.8000,1984.0000,1984.0000,1984.0000,1984.0000,1984.0000,1984.0000,1984.0000,1984.0000,1984.0000,1984.0000,1984.0000,1984.0000,1984.0000,1984.0000
2024-10-30 12:33:14, , , ,34.8000,1984.0000,1984.0000,1984.0000,1984.0000,1984.0000,1984.0000,1984.0000,1984.0000,1984.0000,1984.0000,1984.0000,1984.0000,1984.0000,1984.0000
2024-10-30 12:33:14, , , ,34.8000,1984.0000,1984.0000,1984.0000,1984.0000,1984.0000,1984.0000,1984.0000,1984.0000,1984.0000,1984.0000,1984.0000,1984.0000,1984.0000,1984.0000
2024-10-30 12:33:14, , , ,34.8000,1984.0000,1984.0000,1984.0000,1984.0000,1984.0000,1984.0000,1984.0000,1984.0000,1984.0000,1984.0000,1984.0000,1984.0000,1984.0000,1984.0000
2024-10-30 12:33:14, , , ,34.8000,1984.0000,1984.0000,1984.0000,1984.0000,1984.0000,1984.0000,1984.0000,1984.0000,1984.0000,1984.0000,1984.0000,1984.0000,1984.0000,1984.0000
2024-10-30 12:33:14, , , ,34.8000,1984.0000,1984.0000,1984.0000,1984.0000,1984.0000,1984.0000,1984.0000,1984.0000,1984.0000,1984.0000,1984.0000,1984.0000,1984.0000,1984.0000
2024-10-30 12:33:14, , , ,34.8000,1984.0000,1984.0000,1984.0000,1984.0000,1984.0000,1984.0000,1984.0000,1984.0000,1984.0000,1984.0000,1984.0000,1984.0000,1984.0000,1984.0000
2024-10-30 12:33:15, , , ,34.8000,1984.0000,1984.0000,1984.0000,1984.0000,1984.0000,1984.0000,1984.0000,1984.0000,1984.0000,1984.0000,1984.0000,1984.0000,1984.0000,1984.0000
2024-10-30 12:33:15, , , ,34.8000,1984.0000,1984.0000,1984.0000,1984.0000,1984.0000,1984.0000,1984.0000,1984.0000,1984.0000,1984.0000,1984.0000,1984.0000,1984.0000,1984.0000
2024-10-30 12:33:15, , , ,34.8000,1984.0000,1984.0000,1984.0000,1984.0000,1984.0000,1984.0000,1984.0000,1984.0000,1984.0000,1984.0000,1984.0000,1984.0000,1984.0000,1984.0000
2024-10-30 12:33:15, , , ,34.8000,1984.0000,1984.0000,1984.0000,1984.0000,1984.0000,1984.0000,1984.0000,1984.0000,1984.0000,1984.0000,1984.0000,1984.0000,1984.0000,1984.0000
2024-10-30 12:33:15, , , ,34.8000,1984.0000,1984.0000,1984.0000,1984.0000,1984.0000,1984.0000,1984.0000,1984.0000,1984.0000,1984.0000,1984.0000,1984.0000,1984.0000,1984.0000
2024-10-30 12:33:15, , , ,34.7000,1984.0000,1984.0000,1984.0000,1984.0000,1984.0000,1984.0000,1984.0000,1984.0000,1984.0000,1984.0000,1984.0000,1984.0000,1984.0000,1984.0000
2024-10-30 12:33:16, , , ,34.7000,1984.0000,1984.0000,1984.0000,1984.0000,1984.0000,1984.0000,1984.0000,1984.0000,1984.0000,1984.0000,1984.0000,1984.0000,1984.0000,1984.0000
2024-10-30 12:33:16, , , ,34.7000,1984.0000,1984.0000,1984.0000,1984.0000,1984.0000,1984.0000,1984.0000,1984.0000,1984.0000,1984.0000,1984.0000,1984.0000,1984.0000,1984.0000
2024-10-30 12:33:16, , , ,34.7000,1984.0000,1984.0000,1984.0000,1984.0000,1984.0000,1984.0000,1984.0000,1984.0000,1984.0000,1984.0000,1984.0000,1984.0000,1984.0000,1984.0000
2024-10-30 12:33:16, , , ,34.7000,1984.0000,1984.0000,1984.0000,1984.0000,1984.0000,1984.0000,1984.0000,1984.0000,1984.0000,1984.0000,1984.0000,1984.0000,1984.0000,1984.0000
2024-10-30 12:33:16, , , ,34.7000,1984.0000,1984.0000,1984.0000,1984.0000,1984.0000,1984.0000,1984.0000,1984.0000,1984.0000,1984.0000,1984.0000,1984.0000,1984.0000,1984.0000
2024-10-30 12:33:16, , , ,34.7000,1984.0000,1984.0000,1984.0000,1984.0000,1984.0000,1984.0000,1984.0000,1984.0000,1984.0000,1984.0000,1984.0000,1984.0000,1984.0000,1984.0000
2024-10-30 12:33:17, , , ,34.7000,1984.0000,1984.0000,1984.0000,1984.0000,1984.0000,1984.0000,1984.0000,1984.0000,1984.0000,1984.0000,1984.0000,1984.0000,1984.0000,1984.0000
2024-10-30 12:33:17, , , ,34.7000,1984.0000,1984.0000,1984.0000,1984.0000,1984.0000,1984.0000,1984.0000,1984.0000,1984.0000,1984.0000,1984.0000,1984.0000,1984.0000,1984.0000
2024-10-30 12:33:17, , , ,34.7000,1984.0000,1984.0000,1984.0000,1984.0000,1984.0000,1984.0000,1984.0000,1984.0000,1984.0000,1984.0000,1984.0000,1984.0000,1984.0000,1984.0000
2024-10-30 12:33:17, , , ,34.7000,1984.0000,1984.0000,1984.0000,1984.0000,1984.0000,1984.0000,1984.0000,1984.0000,1984.0000,1984.0000,1984.0000,1984.0000,1984.0000,1984.0000
2024-10-30 12:33:17, , , ,34.7000,1984.0000,1984.0000,1984.0000,1984.0000,1984.0000,1984.0000,1984.0000,1984.0000,1984.0000,1984.0000,1984.0000,1984.0000,1984.0000,1984.0000
2024-10-30 12:33:17, , , ,34.7000,1984.0000,1984.0000,1984.0000,1984.0000,1984.0000,1984.0000,1984.0000,1984.0000,1984.0000,1984.0000,1984.0000,1984.0000,1984.0000,1984.0000
2024-10-30 12:33:18, , , ,34.6000,1984.0000,1984.0000,1984.0000,1984.0000,1984.0000,1984.0000,1984.0000,1984.0000,1984.0000,1984.0000,1984.0000,1984.0000,1984.0000,1984.0000
2024-10-30 12:33:18, , , ,34.6000,1984.0000,1984.0000,1984.0000,1984.0000,1984.0000,1984.0000,1984.0000,1984.0000,1984.0000,1984.0000,1984.0000,1984.0000,1984.0000,1984.0000
2024-10-30 12:33:18, , , ,34.6000,1984.0000,1984.0000,1984.0000,1984.0000,1984.0000,1984.0000,1984.0000,1984.0000,1984.0000,1984.0000,1984.0000,1984.0000,1984.0000,1984.0000
2024-10-30 12:33:18, , , ,34.6000,1984.0000,1984.0000,1984.0000,1984.0000,1984.0000,1984.0000,1984.0000,1984.0000,1984.0000,1984.0000,1984.0000,1984.0000,1984.0000,1984.0000
2024-10-30 12:33:18, , , ,34.6000,1984.0000,1984.0000,1984.0000,1984.0000,1984.0000,1984.0000,1984.0000,1984.0000,1984.0000,1984.0000,1984.0000,1984.0000,1984.0000,1984.0000
2024-10-30 12:33:18, , , ,34.5000,1984.0000,1984.0000,1984.0000,1984.0000,1984.0000,1984.0000,1984.0000,1984.0000,1984.0000,1984.0000,1984.0000,1984.0000,1984.0000,1984.0000
2024-10-30 12:33:19, , , ,34.5000,1984.0000,1984.0000,1984.0000,1984.0000,1984.0000,1984.0000,1984.0000,1984.0000,1984.0000,1984.0000,1984.0000,1984.0000,1984.0000,1984.0000
2024-10-30 12:33:19, , , ,34.5000,1984.0000,1984.0000,1984.0000,1984.0000,1984.0000,1984.0000,1984.0000,1984.0000,1984.0000,1984.0000,1984.0000,1984.0000,1984.0000,1984.0000
2024-10-30 12:33:19, , , ,34.5000,1984.0000,1984.0000,1984.0000,1984.0000,1984.0000,1984.0000,1984.0000,1984.0000,1984.0000,1984.0000,1984.0000,1984.0000,1984.0000,1984.0000
2024-10-30 12:33:19, , , ,34.6000,1984.0000,1984.0000,1984.0000,1984.0000,1984.0000,1984.0000,1984.0000,1984.0000,1984.0000,1984.0000,1984.0000,1984.0000,1984.0000,1984.0000
2024-10-30 12:33:19, , , ,34.6000,1984.0000,1984.0000,1984.0000,1984.0000,1984.0000,1984.0000,1984.0000,1984.0000,1984.0000,1984.0000,1984.0000,1984.0000,1984.0000,1984.0000
2024-10-30 12:33:19, , , ,34.6000,1984.0000,1984.0000,1984.0000,1984.0000,1984.0000,1984.0000,1984.0000,1984.0000,1984.0000,1984.0000,1984.0000,1984.0000,1984.0000,1984.0000
2024-10-30 12:33:20, , , ,34.6000,1984.0000,1984.0000,1984.0000,1984.0000,1984.0000,1984.0000,1984.0000,1984.0000,1984.0000,1984.0000,1984.0000,1984.0000,1984.0000,1984.0000
2024-10-30 12:33:20, , , ,34.7000,1984.0000,1984.0000,1984.0000,1984.0000,1984.0000,1984.0000,1984.0000,1984.0000,1984.0000,1984.0000,1984.0000,1984.0000,1984.0000,1984.0000
2024-10-30 12:33:20, , , ,34.8000,1984.0000,1984.0000,1984.0000,1984.0000,1984.0000,1984.0000,1984.0000,1984.0000,1984.0000,1984.0000,1984.0000,1984.0000,1984.0000,1984.0000
2024-10-30 12:33:20, , , ,34.9000,1984.0000,1984.0000,1984.0000,1984.0000,1984.0000,1984.0000,1984.0000,1984.0000,1984.0000,1984.0000,1984.0000,1984.0000,1984.0000,1984.0000
2024-10-30 12:33:20, , , ,34.9000,1984.0000,1984.0000,1984.0000,1984.0000,1984.0000,1984.0000,1984.0000,1984.0000,1984.0000,1984.0000,1984.0000,1984.0000,1984.0000,1984.0000
2024-10-30 12:33:20, , , ,34.9000,1984.0000,1984.0000,1984.0000,1984.0000,1984.0000,1984.0000,1984.0000,1984.0000,1984.0000,1984.0000,1984.0000,1984.0000,1984.0000,1984.0000
2024-10-30 12:33:21, , , ,34.9000,1984.0000,1984.0000,1984.0000,1984.0000,1984.0000,1984.0000,1984.0000,1984.0000,1984.0000,1984.0000,1984.0000,1984.0000,1984.0000,1984.0000
2024-10-30 12:33:21, , , ,35.0000,1984.0000,1984.0000,1984.0000,1984.0000,1984.0000,1984.0000,1984.0000,1984.0000,1984.0000,1984.0000,1984.0000,1984.0000,1984.0000,1984.0000
2024-10-30 12:33:21, , , ,35.0000,1984.0000,1984.0000,1984.0000,1984.0000,1984.0000,1984.0000,1984.0000,1984.0000,1984.0000,1984.0000,1984.0000,1984.0000,1984.0000,1984.0000
2024-10-30 12:33:21, , , ,35.0000,1984.0000,1984.0000,1984.0000,1984.0000,1984.0000,1984.0000,1984.0000,1984.0000,1984.0000,1984.0000,1984.0000,1984.0000,1984.0000,1984.0000
2024-10-30 12:33:21, , , ,35.0000,1984.0000,1984.0000,1984.0000,1984.0000,1984.0000,1984.0000,1984.0000,1984.0000,1984.0000,1984.0000,1984.0000,1984.0000,1984.0000,1984.0000
2024-10-30 12:33:21, , , ,35.0000,1984.0000,1984.0000,1984.0000,1984.0000,1984.0000,1984.0000,1984.0000,1984.0000,1984.0000,1984.0000,1984.0000,1984.0000,1984.0000,1984.0000
2024-10-30 12:33:22, , , ,35.0000,1984.0000,1984.0000,1984.0000,1984.0000,1984.0000,1984.0000,1984.0000,1984.0000,1984.0000,1984.0000,1984.0000,1984.0000,1984.0000,1984.0000
2024-10-30 12:33:22, , , ,35.0000,1984.0000,1984.0000,1984.0000,1984.0000,1984.0000,1984.0000,1984.0000,1984.0000,1984.0000,1984.0000,1984.0000,1984.0000,1984.0000,1984.0000
2024-10-30 12:33:22, , , ,35.0000,1984.0000,1984.0000,1984.0000,1984.0000,1984.0000,1984.0000,1984.0000,1984.0000,1984.0000,1984.0000,1984.0000,1984.0000,1984.0000,1984.0000
2024-10-30 12:33:22, , , ,35.1000,1984.0000,1984.0000,1984.0000,1984.0000,1984.0000,1984.0000,1984.0000,1984.0000,1984.0000,1984.0000,1984.0000,1984.0000,1984.0000,1984.0000
2024-10-30 12:33:22, , , ,35.1000,1984.0000,1984.0000,1984.0000,1984.0000,1984.0000,1984.0000,1984.0000,1984.0000,1984.0000,1984.0000,1984.0000,1984.0000,1984.0000,1984.0000
2024-10-30 12:33:22, , , ,35.2000,1984.0000,1984.0000,1984.0000,1984.0000,1984.0000,1984.0000,1984.0000,1984.0000,1984.0000,1984.0000,1984.0000,1984.0000,1984.0000,1984.0000
2024-10-30 12:33:23, , , ,35.2000,1984.0000,1984.0000,1984.0000,1984.0000,1984.0000,1984.0000,1984.0000,1984.0000,1984.0000,1984.0000,1984.0000,1984.0000,1984.0000,1984.0000
2024-10-30 12:33:23, , , ,35.3000,1984.0000,1984.0000,1984.0000,1984.0000,1984.0000,1984.0000,1984.0000,1984.0000,1984.0000,1984.0000,1984.0000,1984.0000,1984.0000,1984.0000
2024-10-30 12:33:23, , , ,35.3000,1984.0000,1984.0000,1984.0000,1984.0000,1984.0000,1984.0000,1984.0000,1984.0000,1984.0000,1984.0000,1984.0000,1984.0000,1984.0000,1984.0000
2024-10-30 12:33:23, , , ,35.3000,1984.0000,1984.0000,1984.0000,1984.0000,1984.0000,1984.0000,1984.0000,1984.0000,1984.0000,1984.0000,1984.0000,1984.0000,1984.0000,1984.0000
2024-10-30 12:33:23, , , ,35.3000,1984.0000,1984.0000,1984.0000,1984.0000,1984.0000,1984.0000,1984.0000,1984.0000,1984.0000,1984.0000,1984.0000,1984.0000,1984.0000,1984.0000
2024-10-30 12:33:23, , , ,35.3000,1984.0000,1984.0000,1984.0000,1984.0000,1984.0000,1984.0000,1984.0000,1984.0000,1984.0000,1984.0000,1984.0000,1984.0000,1984.0000,1984.0000
2024-10-30 12:33:24, , , ,35.3000,1984.0000,1984.0000,1984.0000,1984.0000,1984.0000,1984.0000,1984.0000,1984.0000,1984.0000,1984.0000,1984.0000,1984.0000,1984.0000,1984.0000
2024-10-30 12:33:24, , , ,35.3000,1984.0000,1984.0000,1984.0000,1984.0000,1984.0000,1984.0000,1984.0000,1984.0000,1984.0000,1984.0000,1984.0000,1984.0000,1984.0000,1984.0000
2024-10-30 12:33:24, , , ,35.3000,1984.0000,1984.0000,1984.0000,1984.0000,1984.0000,1984.0000,1984.0000,1984.0000,1984.0000,1984.0000,1984.0000,1984.0000,1984.0000,1984.0000
2024-10-30 12:33:24, , , ,35.3000,1984.0000,1984.0000,1984.0000,1984.0000,1984.0000,1984.0000,1984.0000,1984.0000,1984.0000,1984.0000,1984.0000,1984.0000,1984.0000,1984.0000
2024-10-30 12:33:24, , , ,35.3000,1984.0000,1984.0000,1984.0000,1984.0000,1984.0000,1984.0000,1984.0000,1984.0000,1984.0000,1984.0000,1984.0000,1984.0000,1984.0000,1984.0000
2024-10-30 12:33:24, , , ,35.4000,1984.0000,1984.0000,1984.0000,1984.0000,1984.0000,1984.0000,1984.0000,1984.0000,1984.0000,1984.0000,1984.0000,1984.0000,1984.0000,1984.0000
2024-10-30 12:33:25, , , ,35.4000,1984.0000,1984.0000,1984.0000,1984.0000,1984.0000,1984.0000,1984.0000,1984.0000,1984.0000,1984.0000,1984.0000,1984.0000,1984.0000,1984.0000
2024-10-30 12:33:25, , , ,35.4000,1984.0000,1984.0000,1984.0000,1984.0000,1984.0000,1984.0000,1984.0000,1984.0000,1984.0000,1984.0000,1984.0000,1984.0000,1984.0000,1984.0000
2024-10-30 12:33:25, , , ,35.4000,1984.0000,1984.0000,1984.0000,1984.0000,1984.0000,1984.0000,1984.0000,1984.0000,1984.0000,1984.0000,1984.0000,1984.0000,1984.0000,1984.0000
2024-10-30 12:33:25, , , ,35.4000,1984.0000,1984.0000,1984.0000,1984.0000,1984.0000,1984.0000,1984.0000,1984.0000,1984.0000,1984.0000,1984.0000,1984.0000,1984.0000,1984.0000
2024-10-30 12:33:25, , , ,35.5000,1984.0000,1984.0000,1984.0000,1984.0000,1984.0000,1984.0000,1984.0000,1984.0000,1984.0000,1984.0000,1984.0000,1984.0000,1984.0000,1984.0000
2024-10-30 12:33:25, , , ,35.5000,1984.0000,1984.0000,1984.0000,1984.0000,1984.0000,1984.0000,1984.0000,1984.0000,1984.0000,1984.0000,1984.0000,1984.0000,1984.0000,1984.0000
2024-10-30 12:33:26, , , ,35.5000,1984.0000,1984.0000,1984.0000,1984.0000,1984.0000,1984.0000,1984.0000,1984.0000,1984.0000,1984.0000,1984.0000,1984.0000,1984.0000,1984.0000
2024-10-30 12:33:26, , , ,35.6000,1984.0000,1984.0000,1984.0000,1984.0000,1984.0000,1984.0000,1984.0000,1984.0000,1984.0000,1984.0000,1984.0000,1984.0000,1984.0000,1984.0000
2024-10-30 12:33:26, , , ,35.6000,1984.0000,1984.0000,1984.0000,1984.0000,1984.0000,1984.0000,1984.0000,1984.0000,1984.0000,1984.0000,1984.0000,1984.0000,1984.0000,1984.0000
2024-10-30 12:33:26, , , ,35.6000,1984.0000,1984.0000,1984.0000,1984.0000,1984.0000,1984.0000,1984.0000,1984.0000,1984.0000,1984.0000,1984.0000,1984.0000,1984.0000,1984.0000
2024-10-30 12:33:26, , , ,35.6000,1984.0000,1984.0000,1984.0000,1984.0000,1984.0000,1984.0000,1984.0000,1984.0000,1984.0000,1984.0000,1984.0000,1984.0000,1984.0000,1984.0000
2024-10-30 12:33:26, , , ,35.6000,1984.0000,1984.0000,1984.0000,1984.0000,1984.0000,1984.0000,1984.0000,1984.0000,1984.0000,1984.0000,1984.0000,1984.0000,1984.0000,1984.0000
2024-10-30 12:33:27, , , ,35.6000,1984.0000,1984.0000,1984.0000,1984.0000,1984.0000,1984.0000,1984.0000,1984.0000,1984.0000,1984.0000,1984.0000,1984.0000,1984.0000,1984.0000
2024-10-30 12:33:27, , , ,35.7000,1984.0000,1984.0000,1984.0000,1984.0000,1984.0000,1984.0000,1984.0000,1984.0000,1984.0000,1984.0000,1984.0000,1984.0000,1984.0000,1984.0000
2024-10-30 12:33:27, , , ,35.7000,1984.0000,1984.0000,1984.0000,1984.0000,1984.0000,1984.0000,1984.0000,1984.0000,1984.0000,1984.0000,1984.0000,1984.0000,1984.0000,1984.0000
2024-10-30 12:33:27, , , ,35.7000,1984.0000,1984.0000,1984.0000,1984.0000,1984.0000,1984.0000,1984.0000,1984.0000,1984.0000,1984.0000,1984.0000,1984.0000,1984.0000,1984.0000
2024-10-30 12:33:27, , , ,35.7000,1984.0000,1984.0000,1984.0000,1984.0000,1984.0000,1984.0000,1984.0000,1984.0000,1984.0000,1984.0000,1984.0000,1984.0000,1984.0000,1984.0000
2024-10-30 12:33:27, , , ,35.7000,1984.0000,1984.0000,1984.0000,1984.0000,1984.0000,1984.0000,1984.0000,1984.0000,1984.0000,1984.0000,1984.0000,1984.0000,1984.0000,1984.0000
2024-10-30 12:33:28, , , ,35.7000,1984.0000,1984.0000,1984.0000,1984.0000,1984.0000,1984.0000,1984.0000,1984.0000,1984.0000,1984.0000,1984.0000,1984.0000,1984.0000,1984.0000
2024-10-30 12:33:28, , , ,35.7000,1984.0000,1984.0000,1984.0000,1984.0000,1984.0000,1984.0000,1984.0000,1984.0000,1984.0000,1984.0000,1984.0000,1984.0000,1984.0000,1984.0000
2024-10-30 12:33:28, , , ,35.7000,1984.0000,1984.0000,1984.0000,1984.0000,1984.0000,1984.0000,1984.0000,1984.0000,1984.0000,1984.0000,1984.0000,1984.0000,1984.0000,1984.0000
2024-10-30 12:33:28, , , ,35.7000,1984.0000,1984.0000,1984.0000,1984.0000,1984.0000,1984.0000,1984.0000,1984.0000,1984.0000,1984.0000,1984.0000,1984.0000,1984.0000,1984.0000
2024-10-30 12:33:28, , , ,35.7000,1984.0000,1984.0000,1984.0000,1984.0000,1984.0000,1984.0000,1984.0000,1984.0000,1984.0000,1984.0000,1984.0000,1984.0000,1984.0000,1984.0000
2024-10-30 12:33:28, , , ,35.7000,1984.0000,1984.0000,1984.0000,1984.0000,1984.0000,1984.0000,1984.0000,1984.0000,1984.0000,1984.0000,1984.0000,1984.0000,1984.0000,1984.0000
2024-10-30 12:33:28, , , ,35.7000,1984.0000,1984.0000,1984.0000,1984.0000,1984.0000,1984.0000,1984.0000,1984.0000,1984.0000,1984.0000,1984.0000,1984.0000,1984.0000,1984.0000
2024-10-30 12:33:29, , , ,35.7000,1984.0000,1984.0000,1984.0000,1984.0000,1984.0000,1984.0000,1984.0000,1984.0000,1984.0000,1984.0000,1984.0000,1984.0000,1984.0000,1984.0000
2024-10-30 12:33:29, , , ,35.7000,1984.0000,1984.0000,1984.0000,1984.0000,1984.0000,1984.0000,1984.0000,1984.0000,1984.0000,1984.0000,1984.0000,1984.0000,1984.0000,1984.0000
2024-10-30 12:33:29, , , ,35.7000,1984.0000,1984.0000,1984.0000,1984.0000,1984.0000,1984.0000,1984.0000,1984.0000,1984.0000,1984.0000,1984.0000,1984.0000,1984.0000,1984.0000
2024-10-30 12:33:29, , , ,35.7000,1984.0000,1984.0000,1984.0000,1984.0000,1984.0000,1984.0000,1984.0000,1984.0000,1984.0000,1984.0000,1984.0000,1984.0000,1984.0000,1984.0000
2024-10-30 12:33:29, , , ,35.7000,1984.0000,1984.0000,1984.0000,1984.0000,1984.0000,1984.0000,1984.0000,1984.0000,1984.0000,1984.0000,1984.0000,1984.0000,1984.0000,1984.0000
2024-10-30 12:33:29, , , ,35.7000,1984.0000,1984.0000,1984.0000,1984.0000,1984.0000,1984.0000,1984.0000,1984.0000,1984.0000,1984.0000,1984.0000,1984.0000,1984.0000,1984.0000
2024-10-30 12:33:30, , , ,35.7000,1984.0000,1984.0000,1984.0000,1984.0000,1984.0000,1984.0000,1984.0000,1984.0000,1984.0000,1984.0000,1984.0000,1984.0000,1984.0000,1984.0000
2024-10-30 12:33:30, , , ,35.7000,1984.0000,1984.0000,1984.0000,1984.0000,1984.0000,1984.0000,1984.0000,1984.0000,1984.0000,1984.0000,1984.0000,1984.0000,1984.0000,1984.0000
2024-10-30 12:33:30, , , ,35.7000,1984.0000,1984.0000,1984.0000,1984.0000,1984.0000,1984.0000,1984.0000,1984.0000,1984.0000,1984.0000,1984.0000,1984.0000,1984.0000,1984.0000
2024-10-30 12:33:30, , , ,35.7000,1984.0000,1984.0000,1984.0000,1984.0000,1984.0000,1984.0000,1984.0000,1984.0000,1984.0000,1984.0000,1984.0000,1984.0000,1984.0000,1984.0000
2024-10-30 12:33:30, , , ,35.7000,1984.0000,1984.0000,1984.0000,1984.0000,1984.0000,1984.0000,1984.0000,1984.0000,1984.0000,1984.0000,1984.0000,1984.0000,1984.0000,1984.0000
2024-10-30 12:33:30, , , ,35.7000,1984.0000,1984.0000,1984.0000,1984.0000,1984.0000,1984.0000,1984.0000,1984.0000,1984.0000,1984.0000,1984.0000,1984.0000,1984.0000,1984.0000
2024-10-30 12:33:31, , , ,35.7000,1984.0000,1984.0000,1984.0000,1984.0000,1984.0000,1984.0000,1984.0000,1984.0000,1984.0000,1984.0000,1984.0000,1984.0000,1984.0000,1984.0000
2024-10-30 12:33:31, , , ,35.7000,1984.0000,1984.0000,1984.0000,1984.0000,1984.0000,1984.0000,1984.0000,1984.0000,1984.0000,1984.0000,1984.0000,1984.0000,1984.0000,1984.0000
2024-10-30 12:33:31, , , ,35.7000,1984.0000,1984.0000,1984.0000,1984.0000,1984.0000,1984.0000,1984.0000,1984.0000,1984.0000,1984.0000,1984.0000,1984.0000,1984.0000,1984.0000
2024-10-30 12:33:31, , , ,35.7000,1984.0000,1984.0000,1984.0000,1984.0000,1984.0000,1984.0000,1984.0000,1984.0000,1984.0000,1984.0000,1984.0000,1984.0000,1984.0000,1984.0000
2024-10-30 12:33:31, , , ,35.7000,1984.0000,1984.0000,1984.0000,1984.0000,1984.0000,1984.0000,1984.0000,1984.0000,1984.0000,1984.0000,1984.0000,1984.0000,1984.0000,1984.0000
2024-10-30 12:33:31, , , ,35.7000,1984.0000,1984.0000,1984.0000,1984.0000,1984.0000,1984.0000,1984.0000,1984.0000,1984.0000,1984.0000,1984.0000,1984.0000,1984.0000,1984.0000
2024-10-30 12:33:32, , , ,35.7000,1984.0000,1984.0000,1984.0000,1984.0000,1984.0000,1984.0000,1984.0000,1984.0000,1984.0000,1984.0000,1984.0000,1984.0000,1984.0000,1984.0000
2024-10-30 12:33:32, , , ,35.7000,1984.0000,1984.0000,1984.0000,1984.0000,1984.0000,1984.0000,1984.0000,1984.0000,1984.0000,1984.0000,1984.0000,1984.0000,1984.0000,1984.0000
2024-10-30 12:33:32, , , ,35.7000,1984.0000,1984.0000,1984.0000,1984.0000,1984.0000,1984.0000,1984.0000,1984.0000,1984.0000,1984.0000,1984.0000,1984.0000,1984.0000,1984.0000
2024-10-30 12:33:32, , , ,35.7000,1984.0000,1984.0000,1984.0000,1984.0000,1984.0000,1984.0000,1984.0000,1984.0000,1984.0000,1984.0000,1984.0000,1984.0000,1984.0000,1984.0000
2024-10-30 12:33:32, , , ,35.7000,1984.0000,1984.0000,1984.0000,1984.0000,1984.0000,1984.0000,1984.0000,1984.0000,1984.0000,1984.0000,1984.0000,1984.0000,1984.0000,1984.0000
2024-10-30 12:33:32, , , ,35.7000,1984.0000,1984.0000,1984.0000,1984.0000,1984.0000,1984.0000,1984.0000,1984.0000,1984.0000,1984.0000,1984.0000,1984.0000,1984.0000,1984.0000
2024-10-30 12:33:33, , , ,35.7000,1984.0000,1984.0000,1984.0000,1984.0000,1984.0000,1984.0000,1984.0000,1984.0000,1984.0000,1984.0000,1984.0000,1984.0000,1984.0000,1984.0000
2024-10-30 12:33:33, , , ,35.7000,1984.0000,1984.0000,1984.0000,1984.0000,1984.0000,1984.0000,1984.0000,1984.0000,1984.0000,1984.0000,1984.0000,1984.0000,1984.0000,1984.0000
2024-10-30 12:33:33, , , ,35.7000,1984.0000,1984.0000,1984.0000,1984.0000,1984.0000,1984.0000,1984.0000,1984.0000,1984.0000,1984.0000,1984.0000,1984.0000,1984.0000,1984.0000
2024-10-30 12:33:33, , , ,35.7000,1984.0000,1984.0000,1984.0000,1984.0000,1984.0000,1984.0000,1984.0000,1984.0000,1984.0000,1984.0000,1984.0000,1984.0000,1984.0000,1984.0000
2024-10-30 12:33:33, , , ,35.7000,1984.0000,1984.0000,1984.0000,1984.0000,1984.0000,1984.0000,1984.0000,1984.0000,1984.0000,1984.0000,1984.0000,1984.0000,1984.0000,1984.0000
2024-10-30 12:33:33, , , ,35.7000,1984.0000,1984.0000,1984.0000,1984.0000,1984.0000,1984.0000,1984.0000,1984.0000,1984.0000,1984.0000,1984.0000,1984.0000,1984.0000,1984.0000
2024-10-30 12:33:34, , , ,35.7000,1984.0000,1984.0000,1984.0000,1984.0000,1984.0000,1984.0000,1984.0000,1984.0000,1984.0000,1984.0000,1984.0000,1984.0000,1984.0000,1984.0000
2024-10-30 12:33:34, , , ,35.7000,1984.0000,1984.0000,1984.0000,1984.0000,1984.0000,1984.0000,1984.0000,1984.0000,1984.0000,1984.0000,1984.0000,1984.0000,1984.0000,1984.0000
2024-10-30 12:33:34, , , ,35.7000,1984.0000,1984.0000,1984.0000,1984.0000,1984.0000,1984.0000,1984.0000,1984.0000,1984.0000,1984.0000,1984.0000,1984.0000,1984.0000,1984.0000
2024-10-30 12:33:34, , , ,35.7000,1984.0000,1984.0000,1984.0000,1984.0000,1984.0000,1984.0000,1984.0000,1984.0000,1984.0000,1984.0000,1984.0000,1984.0000,1984.0000,1984.0000
2024-10-30 12:33:34, , , ,35.7000,1984.0000,1984.0000,1984.0000,1984.0000,1984.0000,1984.0000,1984.0000,1984.0000,1984.0000,1984.0000,1984.0000,1984.0000,1984.0000,1984.0000
2024-10-30 12:33:34, , , ,35.7000,1984.0000,1984.0000,1984.0000,1984.0000,1984.0000,1984.0000,1984.0000,1984.0000,1984.0000,1984.0000,1984.0000,1984.0000,1984.0000,1984.0000
2024-10-30 12:33:35, , , ,35.7000,1984.0000,1984.0000,1984.0000,1984.0000,1984.0000,1984.0000,1984.0000,1984.0000,1984.0000,1984.0000,1984.0000,1984.0000,1984.0000,1984.0000
2024-10-30 12:33:35, , , ,35.7000,1984.0000,1984.0000,1984.0000,1984.0000,1984.0000,1984.0000,1984.0000,1984.0000,1984.0000,1984.0000,1984.0000,1984.0000,1984.0000,1984.0000
2024-10-30 12:33:35, , , ,35.7000,1984.0000,1984.0000,1984.0000,1984.0000,1984.0000,1984.0000,1984.0000,1984.0000,1984.0000,1984.0000,1984.0000,1984.0000,1984.0000,1984.0000
2024-10-30 12:33:35, , , ,35.7000,1984.0000,1984.0000,1984.0000,1984.0000,1984.0000,1984.0000,1984.0000,1984.0000,1984.0000,1984.0000,1984.0000,1984.0000,1984.0000,1984.0000
2024-10-30 12:33:35, , , ,35.7000,1984.0000,1984.0000,1984.0000,1984.0000,1984.0000,1984.0000,1984.0000,1984.0000,1984.0000,1984.0000,1984.0000,1984.0000,1984.0000,1984.0000
2024-10-30 12:33:35, , , ,35.7000,1984.0000,1984.0000,1984.0000,1984.0000,1984.0000,1984.0000,1984.0000,1984.0000,1984.0000,1984.0000,1984.0000,1984.0000,1984.0000,1984.0000
2024-10-30 12:33:36, , , ,35.7000,1984.0000,1984.0000,1984.0000,1984.0000,1984.0000,1984.0000,1984.0000,1984.0000,1984.0000,1984.0000,1984.0000,1984.0000,1984.0000,1984.0000
2024-10-30 12:33:36, , , ,35.7000,1984.0000,1984.0000,1984.0000,1984.0000,1984.0000,1984.0000,1984.0000,1984.0000,1984.0000,1984.0000,1984.0000,1984.0000,1984.0000,1984.0000
2024-10-30 12:33:36, , , ,35.7000,1984.0000,1984.0000,1984.0000,1984.0000,1984.0000,1984.0000,1984.0000,1984.0000,1984.0000,1984.0000,1984.0000,1984.0000,1984.0000,1984.0000
2024-10-30 12:33:36, , , ,35.7000,1984.0000,1984.0000,1984.0000,1984.0000,1984.0000,1984.0000,1984.0000,1984.0000,1984.0000,1984.0000,1984.0000,1984.0000,1984.0000,1984.0000
2024-10-30 12:33:36, , , ,35.7000,1984.0000,1984.0000,1984.0000,1984.0000,1984.0000,1984.0000,1984.0000,1984.0000,1984.0000,1984.0000,1984.0000,1984.0000,1984.0000,1984.0000
2024-10-30 12:33:36, , , ,35.7000,1984.0000,1984.0000,1984.0000,1984.0000,1984.0000,1984.0000,1984.0000,1984.0000,1984.0000,1984.0000,1984.0000,1984.0000,1984.0000,1984.0000
2024-10-30 12:33:37, , , ,35.7000,1984.0000,1984.0000,1984.0000,1984.0000,1984.0000,1984.0000,1984.0000,1984.0000,1984.0000,1984.0000,1984.0000,1984.0000,1984.0000,1984.0000
2024-10-30 12:33:37, , , ,35.7000,1984.0000,1984.0000,1984.0000,1984.0000,1984.0000,1984.0000,1984.0000,1984.0000,1984.0000,1984.0000,1984.0000,1984.0000,1984.0000,1984.0000
2024-10-30 12:33:37, , , ,35.7000,1984.0000,1984.0000,1984.0000,1984.0000,1984.0000,1984.0000,1984.0000,1984.0000,1984.0000,1984.0000,1984.0000,1984.0000,1984.0000,1984.0000
2024-10-30 12:33:37, , , ,35.7000,1984.0000,1984.0000,1984.0000,1984.0000,1984.0000,1984.0000,1984.0000,1984.0000,1984.0000,1984.0000,1984.0000,1984.0000,1984.0000,1984.0000
2024-10-30 12:33:37, , , ,35.7000,1984.0000,1984.0000,1984.0000,1984.0000,1984.0000,1984.0000,1984.0000,1984.0000,1984.0000,1984.0000,1984.0000,1984.0000,1984.0000,1984.0000
2024-10-30 12:33:37, , , ,35.7000,1984.0000,1984.0000,1984.0000,1984.0000,1984.0000,1984.0000,1984.0000,1984.0000,1984.0000,1984.0000,1984.0000,1984.0000,1984.0000,1984.0000
2024-10-30 12:33:38, , , ,35.7000,1984.0000,1984.0000,1984.0000,1984.0000,1984.0000,1984.0000,1984.0000,1984.0000,1984.0000,1984.0000,1984.0000,1984.0000,1984.0000,1984.0000
2024-10-30 12:33:38, , , ,35.7000,1984.0000,1984.0000,1984.0000,1984.0000,1984.0000,1984.0000,1984.0000,1984.0000,1984.0000,1984.0000,1984.0000,1984.0000,1984.0000,1984.0000
2024-10-30 12:33:38, , , ,35.7000,1984.0000,1984.0000,1984.0000,1984.0000,1984.0000,1984.0000,1984.0000,1984.0000,1984.0000,1984.0000,1984.0000,1984.0000,1984.0000,1984.0000
2024-10-30 12:33:38, , , ,35.7000,1984.0000,1984.0000,1984.0000,1984.0000,1984.0000,1984.0000,1984.0000,1984.0000,1984.0000,1984.0000,1984.0000,1984.0000,1984.0000,1984.0000
2024-10-30 12:33:38, , , ,35.7000,1984.0000,1984.0000,1984.0000,1984.0000,1984.0000,1984.0000,1984.0000,1984.0000,1984.0000,1984.0000,1984.0000,1984.0000,1984.0000,1984.0000
2024-10-30 12:33:38, , , ,35.7000,1984.0000,1984.0000,1984.0000,1984.0000,1984.0000,1984.0000,1984.0000,1984.0000,1984.0000,1984.0000,1984.0000,1984.0000,1984.0000,1984.0000
2024-10-30 12:33:39, , , ,35.7000,1984.0000,1984.0000,1984.0000,1984.0000,1984.0000,1984.0000,1984.0000,1984.0000,1984.0000,1984.0000,1984.0000,1984.0000,1984.0000,1984.0000
2024-10-30 12:33:39, , , ,35.7000,1984.0000,1984.0000,1984.0000,1984.0000,1984.0000,1984.0000,1984.0000,1984.0000,1984.0000,1984.0000,1984.0000,1984.0000,1984.0000,1984.0000
2024-10-30 12:33:39, , , ,35.7000,1984.0000,1984.0000,1984.0000,1984.0000,1984.0000,1984.0000,1984.0000,1984.0000,1984.0000,1984.0000,1984.0000,1984.0000,1984.0000,1984.0000
2024-10-30 12:33:39, , , ,35.7000,1984.0000,1984.0000,1984.0000,1984.0000,1984.0000,1984.0000,1984.0000,1984.0000,1984.0000,1984.0000,1984.0000,1984.0000,1984.0000,1984.0000
2024-10-30 12:33:39, , , ,35.7000,1984.0000,1984.0000,1984.0000,1984.0000,1984.0000,1984.0000,1984.0000,1984.0000,1984.0000,1984.0000,1984.0000,1984.0000,1984.0000,1984.0000
2024-10-30 12:33:39, , , ,35.7000,1984.0000,1984.0000,1984.0000,1984.0000,1984.0000,1984.0000,1984.0000,1984.0000,1984.0000,1984.0000,1984.0000,1984.0000,1984.0000,1984.0000
2024-10-30 12:33:40, , , ,35.7000,1984.0000,1984.0000,1984.0000,1984.0000,1984.0000,1984.0000,1984.0000,1984.0000,1984.0000,1984.0000,1984.0000,1984.0000,1984.0000,1984.0000
2024-10-30 12:33:40, , , ,35.7000,1984.0000,1984.0000,1984.0000,1984.0000,1984.0000,1984.0000,1984.0000,1984.0000,1984.0000,1984.0000,1984.0000,1984.0000,1984.0000,1984.0000
2024-10-30 12:33:40, , , ,35.7000,1984.0000,1984.0000,1984.0000,1984.0000,1984.0000,1984.0000,1984.0000,1984.0000,1984.0000,1984.0000,1984.0000,1984.0000,1984.0000,1984.0000
2024-10-30 12:33:40, , , ,35.7000,1984.0000,1984.0000,1984.0000,1984.0000,1984.0000,1984.0000,1984.0000,1984.0000,1984.0000,1984.0000,1984.0000,1984.0000,1984.0000,1984.0000
2024-10-30 12:33:40, , , ,35.7000,1984.0000,1984.0000,1984.0000,1984.0000,1984.0000,1984.0000,1984.0000,1984.0000,1984.0000,1984.0000,1984.0000,1984.0000,1984.0000,1984.0000
2024-10-30 12:33:40, , , ,35.7000,1984.0000,1984.0000,1984.0000,1984.0000,1984.0000,1984.0000,1984.0000,1984.0000,1984.0000,1984.0000,1984.0000,1984.0000,1984.0000,1984.0000
2024-10-30 12:33:41, , , ,35.7000,1984.0000,1984.0000,1984.0000,1984.0000,1984.0000,1984.0000,1984.0000,1984.0000,1984.0000,1984.0000,1984.0000,1984.0000,1984.0000,1984.0000
2024-10-30 12:33:41, , , ,35.7000,1984.0000,1984.0000,1984.0000,1984.0000,1984.0000,1984.0000,1984.0000,1984.0000,1984.0000,1984.0000,1984.0000,1984.0000,1984.0000,1984.0000
2024-10-30 12:33:41, , , ,35.7000,1984.0000,1984.0000,1984.0000,1984.0000,1984.0000,1984.0000,1984.0000,1984.0000,1984.0000,1984.0000,1984.0000,1984.0000,1984.0000,1984.0000
2024-10-30 12:33:41, , , ,35.7000,1984.0000,1984.0000,1984.0000,1984.0000,1984.0000,1984.0000,1984.0000,1984.0000,1984.0000,1984.0000,1984.0000,1984.0000,1984.0000,1984.0000
2024-10-30 12:33:41, , , ,35.7000,1984.0000,1984.0000,1984.0000,1984.0000,1984.0000,1984.0000,1984.0000,1984.0000,1984.0000,1984.0000,1984.0000,1984.0000,1984.0000,1984.0000
2024-10-30 12:33:41, , , ,35.7000,1984.0000,1984.0000,1984.0000,1984.0000,1984.0000,1984.0000,1984.0000,1984.0000,1984.0000,1984.0000,1984.0000,1984.0000,1984.0000,1984.0000
2024-10-30 12:33:42, , , ,35.7000,1984.0000,1984.0000,1984.0000,1984.0000,1984.0000,1984.0000,1984.0000,1984.0000,1984.0000,1984.0000,1984.0000,1984.0000,1984.0000,1984.0000
2024-10-30 12:33:42, , , ,35.7000,1984.0000,1984.0000,1984.0000,1984.0000,1984.0000,1984.0000,1984.0000,1984.0000,1984.0000,1984.0000,1984.0000,1984.0000,1984.0000,1984.0000
2024-10-30 12:33:42, , , ,35.7000,1984.0000,1984.0000,1984.0000,1984.0000,1984.0000,1984.0000,1984.0000,1984.0000,1984.0000,1984.0000,1984.0000,1984.0000,1984.0000,1984.0000
2024-10-30 12:33:42, , , ,35.7000,1984.0000,1984.0000,1984.0000,1984.0000,1984.0000,1984.0000,1984.0000,1984.0000,1984.0000,1984.0000,1984.0000,1984.0000,1984.0000,1984.0000
2024-10-30 12:33:42, , , ,35.7000,1984.0000,1984.0000,1984.0000,1984.0000,1984.0000,1984.0000,1984.0000,1984.0000,1984.0000,1984.0000,1984.0000,1984.0000,1984.0000,1984.0000
2024-10-30 12:33:42, , , ,35.7000,1984.0000,1984.0000,1984.0000,1984.0000,1984.0000,1984.0000,1984.0000,1984.0000,1984.0000,1984.0000,1984.0000,1984.0000,1984.0000,1984.0000
2024-10-30 12:33:43, , , ,35.7000,1984.0000,1984.0000,1984.0000,1984.0000,1984.0000,1984.0000,1984.0000,1984.0000,1984.0000,1984.0000,1984.0000,1984.0000,1984.0000,1984.0000
2024-10-30 12:33:43, , , ,35.7000,1984.0000,1984.0000,1984.0000,1984.0000,1984.0000,1984.0000,1984.0000,1984.0000,1984.0000,1984.0000,1984.0000,1984.0000,1984.0000,1984.0000
2024-10-30 12:33:43, , , ,35.7000,1984.0000,1984.0000,1984.0000,1984.0000,1984.0000,1984.0000,1984.0000,1984.0000,1984.0000,1984.0000,1984.0000,1984.0000,1984.0000,1984.0000
2024-10-30 12:33:43, , , ,35.7000,1984.0000,1984.0000,1984.0000,1984.0000,1984.0000,1984.0000,1984.0000,1984.0000,1984.0000,1984.0000,1984.0000,1984.0000,1984.0000,1984.0000
2024-10-30 12:33:43, , , ,35.7000,1984.0000,1984.0000,1984.0000,1984.0000,1984.0000,1984.0000,1984.0000,1984.0000,1984.0000,1984.0000,1984.0000,1984.0000,1984.0000,1984.0000
2024-10-30 12:33:43, , , ,35.7000,1984.0000,1984.0000,1984.0000,1984.0000,1984.0000,1984.0000,1984.0000,1984.0000,1984.0000,1984.0000,1984.0000,1984.0000,1984.0000,1984.0000
2024-10-30 12:33:44, , , ,35.7000,1984.0000,1984.0000,1984.0000,1984.0000,1984.0000,1984.0000,1984.0000,1984.0000,1984.0000,1984.0000,1984.0000,1984.0000,1984.0000,1984.0000
2024-10-30 12:33:44, , , ,35.6000,1984.0000,1984.0000,1984.0000,1984.0000,1984.0000,1984.0000,1984.0000,1984.0000,1984.0000,1984.0000,1984.0000,1984.0000,1984.0000,1984.0000
2024-10-30 12:33:44, , , ,35.6000,1984.0000,1984.0000,1984.0000,1984.0000,1984.0000,1984.0000,1984.0000,1984.0000,1984.0000,1984.0000,1984.0000,1984.0000,1984.0000,1984.0000
2024-10-30 12:33:44, , , ,35.6000,1984.0000,1984.0000,1984.0000,1984.0000,1984.0000,1984.0000,1984.0000,1984.0000,1984.0000,1984.0000,1984.0000,1984.0000,1984.0000,1984.0000
2024-10-30 12:33:44, , , ,35.6000,1984.0000,1984.0000,1984.0000,1984.0000,1984.0000,1984.0000,1984.0000,1984.0000,1984.0000,1984.0000,1984.0000,1984.0000,1984.0000,1984.0000
2024-10-30 12:33:44, , , ,35.6000,1984.0000,1984.0000,1984.0000,1984.0000,1984.0000,1984.0000,1984.0000,1984.0000,1984.0000,1984.0000,1984.0000,1984.0000,1984.0000,1984.0000
2024-10-30 12:33:44, , , ,35.5000,1984.0000,1984.0000,1984.0000,1984.0000,1984.0000,1984.0000,1984.0000,1984.0000,1984.0000,1984.0000,1984.0000,1984.0000,1984.0000,1984.0000
2024-10-30 12:33:45, , , ,35.5000,1984.0000,1984.0000,1984.0000,1984.0000,1984.0000,1984.0000,1984.0000,1984.0000,1984.0000,1984.0000,1984.0000,1984.0000,1984.0000,1984.0000
2024-10-30 12:33:45, , , ,35.5000,1984.0000,1984.0000,1984.0000,1984.0000,1984.0000,1984.0000,1984.0000,1984.0000,1984.0000,1984.0000,1984.0000,1984.0000,1984.0000,1984.0000
2024-10-30 12:33:45, , , ,35.5000,1984.0000,1984.0000,1984.0000,1984.0000,1984.0000,1984.0000,1984.0000,1984.0000,1984.0000,1984.0000,1984.0000,1984.0000,1984.0000,1984.0000
2024-10-30 12:33:45, , , ,35.5000,1984.0000,1984.0000,1984.0000,1984.0000,1984.0000,1984.0000,1984.0000,1984.0000,1984.0000,1984.0000,1984.0000,1984.0000,1984.0000,1984.0000
2024-10-30 12:33:45, , , ,35.5000,1984.0000,1984.0000,1984.0000,1984.0000,1984.0000,1984.0000,1984.0000,1984.0000,1984.0000,1984.0000,1984.0000,1984.0000,1984.0000,1984.0000
2024-10-30 12:33:45, , , ,35.5000,1984.0000,1984.0000,1984.0000,1984.0000,1984.0000,1984.0000,1984.0000,1984.0000,1984.0000,1984.0000,1984.0000,1984.0000,1984.0000,1984.0000
2024-10-30 12:33:46, , , ,35.5000,1984.0000,1984.0000,1984.0000,1984.0000,1984.0000,1984.0000,1984.0000,1984.0000,1984.0000,1984.0000,1984.0000,1984.0000,1984.0000,1984.0000
2024-10-30 12:33:46, , , ,35.4000,1984.0000,1984.0000,1984.0000,1984.0000,1984.0000,1984.0000,1984.0000,1984.0000,1984.0000,1984.0000,1984.0000,1984.0000,1984.0000,1984.0000
2024-10-30 12:33:46, , , ,35.4000,1984.0000,1984.0000,1984.0000,1984.0000,1984.0000,1984.0000,1984.0000,1984.0000,1984.0000,1984.0000,1984.0000,1984.0000,1984.0000,1984.0000
2024-10-30 12:33:46, , , ,35.4000,1984.0000,1984.0000,1984.0000,1984.0000,1984.0000,1984.0000,1984.0000,1984.0000,1984.0000,1984.0000,1984.0000,1984.0000,1984.0000,1984.0000
2024-10-30 12:33:46, , , ,35.4000,1984.0000,1984.0000,1984.0000,1984.0000,1984.0000,1984.0000,1984.0000,1984.0000,1984.0000,1984.0000,1984.0000,1984.0000,1984.0000,1984.0000
2024-10-30 12:33:46, , , ,35.4000,1984.0000,1984.0000,1984.0000,1984.0000,1984.0000,1984.0000,1984.0000,1984.0000,1984.0000,1984.0000,1984.0000,1984.0000,1984.0000,1984.0000
2024-10-30 12:33:47, , , ,35.4000,1984.0000,1984.0000,1984.0000,1984.0000,1984.0000,1984.0000,1984.0000,1984.0000,1984.0000,1984.0000,1984.0000,1984.0000,1984.0000,1984.0000
2024-10-30 12:33:47, , , ,35.4000,1984.0000,1984.0000,1984.0000,1984.0000,1984.0000,1984.0000,1984.0000,1984.0000,1984.0000,1984.0000,1984.0000,1984.0000,1984.0000,1984.0000
2024-10-30 12:33:47, , , ,35.4000,1984.0000,1984.0000,1984.0000,1984.0000,1984.0000,1984.0000,1984.0000,1984.0000,1984.0000,1984.0000,1984.0000,1984.0000,1984.0000,1984.0000
2024-10-30 12:33:47, , , ,35.4000,1984.0000,1984.0000,1984.0000,1984.0000,1984.0000,1984.0000,1984.0000,1984.0000,1984.0000,1984.0000,1984.0000,1984.0000,1984.0000,1984.0000
2024-10-30 12:33:47, , , ,35.4000,1984.0000,1984.0000,1984.0000,1984.0000,1984.0000,1984.0000,1984.0000,1984.0000,1984.0000,1984.0000,1984.0000,1984.0000,1984.0000,1984.0000
2024-10-30 12:33:47, , , ,35.4000,1984.0000,1984.0000,1984.0000,1984.0000,1984.0000,1984.0000,1984.0000,1984.0000,1984.0000,1984.0000,1984.0000,1984.0000,1984.0000,1984.0000
2024-10-30 12:33:48, , , ,35.4000,1984.0000,1984.0000,1984.0000,1984.0000,1984.0000,1984.0000,1984.0000,1984.0000,1984.0000,1984.0000,1984.0000,1984.0000,1984.0000,1984.0000
2024-10-30 12:33:48, , , ,35.4000,1984.0000,1984.0000,1984.0000,1984.0000,1984.0000,1984.0000,1984.0000,1984.0000,1984.0000,1984.0000,1984.0000,1984.0000,1984.0000,1984.0000
2024-10-30 12:33:48, , , ,35.4000,1984.0000,1984.0000,1984.0000,1984.0000,1984.0000,1984.0000,1984.0000,1984.0000,1984.0000,1984.0000,1984.0000,1984.0000,1984.0000,1984.0000
2024-10-30 12:33:48, , , ,35.4000,1984.0000,1984.0000,1984.0000,1984.0000,1984.0000,1984.0000,1984.0000,1984.0000,1984.0000,1984.0000,1984.0000,1984.0000,1984.0000,1984.0000
2024-10-30 12:33:48, , , ,35.4000,1984.0000,1984.0000,1984.0000,1984.0000,1984.0000,1984.0000,1984.0000,1984.0000,1984.0000,1984.0000,1984.0000,1984.0000,1984.0000,1984.0000
2024-10-30 12:33:48, , , ,35.4000,1984.0000,1984.0000,1984.0000,1984.0000,1984.0000,1984.0000,1984.0000,1984.0000,1984.0000,1984.0000,1984.0000,1984.0000,1984.0000,1984.0000
2024-10-30 12:33:49, , , ,35.4000,1984.0000,1984.0000,1984.0000,1984.0000,1984.0000,1984.0000,1984.0000,1984.0000,1984.0000,1984.0000,1984.0000,1984.0000,1984.0000,1984.0000
2024-10-30 12:33:49, , , ,35.4000,1984.0000,1984.0000,1984.0000,1984.0000,1984.0000,1984.0000,1984.0000,1984.0000,1984.0000,1984.0000,1984.0000,1984.0000,1984.0000,1984.0000
2024-10-30 12:33:49, , , ,35.4000,1984.0000,1984.0000,1984.0000,1984.0000,1984.0000,1984.0000,1984.0000,1984.0000,1984.0000,1984.0000,1984.0000,1984.0000,1984.0000,1984.0000
2024-10-30 12:33:49, , , ,35.4000,1984.0000,1984.0000,1984.0000,1984.0000,1984.0000,1984.0000,1984.0000,1984.0000,1984.0000,1984.0000,1984.0000,1984.0000,1984.0000,1984.0000
2024-10-30 12:33:49, , , ,35.4000,1984.0000,1984.0000,1984.0000,1984.0000,1984.0000,1984.0000,1984.0000,1984.0000,1984.0000,1984.0000,1984.0000,1984.0000,1984.0000,1984.0000
2024-10-30 12:33:49, , , ,35.4000,1984.0000,1984.0000,1984.0000,1984.0000,1984.0000,1984.0000,1984.0000,1984.0000,1984.0000,1984.0000,1984.0000,1984.0000,1984.0000,1984.0000
2024-10-30 12:33:50, , , ,35.4000,1984.0000,1984.0000,1984.0000,1984.0000,1984.0000,1984.0000,1984.0000,1984.0000,1984.0000,1984.0000,1984.0000,1984.0000,1984.0000,1984.0000
2024-10-30 12:33:50, , , ,35.4000,1984.0000,1984.0000,1984.0000,1984.0000,1984.0000,1984.0000,1984.0000,1984.0000,1984.0000,1984.0000,1984.0000,1984.0000,1984.0000,1984.0000
2024-10-30 12:33:50, , , ,35.4000,1984.0000,1984.0000,1984.0000,1984.0000,1984.0000,1984.0000,1984.0000,1984.0000,1984.0000,1984.0000,1984.0000,1984.0000,1984.0000,1984.0000
2024-10-30 12:33:50, , , ,35.4000,1984.0000,1984.0000,1984.0000,1984.0000,1984.0000,1984.0000,1984.0000,1984.0000,1984.0000,1984.0000,1984.0000,1984.0000,1984.0000,1984.0000
2024-10-30 12:33:50, , , ,35.4000,1984.0000,1984.0000,1984.0000,1984.0000,1984.0000,1984.0000,1984.0000,1984.0000,1984.0000,1984.0000,1984.0000,1984.0000,1984.0000,1984.0000
2024-10-30 12:33:50, , , ,35.4000,1984.0000,1984.0000,1984.0000,1984.0000,1984.0000,1984.0000,1984.0000,1984.0000,1984.0000,1984.0000,1984.0000,1984.0000,1984.0000,1984.0000
2024-10-30 12:33:51, , , ,35.4000,1984.0000,1984.0000,1984.0000,1984.0000,1984.0000,1984.0000,1984.0000,1984.0000,1984.0000,1984.0000,1984.0000,1984.0000,1984.0000,1984.0000
2024-10-30 12:33:51, , , ,35.4000,1984.0000,1984.0000,1984.0000,1984.0000,1984.0000,1984.0000,1984.0000,1984.0000,1984.0000,1984.0000,1984.0000,1984.0000,1984.0000,1984.0000
2024-10-30 12:33:51, , , ,35.4000,1984.0000,1984.0000,1984.0000,1984.0000,1984.0000,1984.0000,1984.0000,1984.0000,1984.0000,1984.0000,1984.0000,1984.0000,1984.0000,1984.0000
2024-10-30 12:33:51, , , ,35.4000,1984.0000,1984.0000,1984.0000,1984.0000,1984.0000,1984.0000,1984.0000,1984.0000,1984.0000,1984.0000,1984.0000,1984.0000,1984.0000,1984.0000
2024-10-30 12:33:51, , , ,35.4000,1984.0000,1984.0000,1984.0000,1984.0000,1984.0000,1984.0000,1984.0000,1984.0000,1984.0000,1984.0000,1984.0000,1984.0000,1984.0000,1984.0000
2024-10-30 12:33:51, , , ,35.4000,1984.0000,1984.0000,1984.0000,1984.0000,1984.0000,1984.0000,1984.0000,1984.0000,1984.0000,1984.0000,1984.0000,1984.0000,1984.0000,1984.0000
2024-10-30 12:33:52, , , ,35.4000,1984.0000,1984.0000,1984.0000,1984.0000,1984.0000,1984.0000,1984.0000,1984.0000,1984.0000,1984.0000,1984.0000,1984.0000,1984.0000,1984.0000
2024-10-30 12:33:52, , , ,35.4000,1984.0000,1984.0000,1984.0000,1984.0000,1984.0000,1984.0000,1984.0000,1984.0000,1984.0000,1984.0000,1984.0000,1984.0000,1984.0000,1984.0000
2024-10-30 12:33:52, , , ,35.4000,1984.0000,1984.0000,1984.0000,1984.0000,1984.0000,1984.0000,1984.0000,1984.0000,1984.0000,1984.0000,1984.0000,1984.0000,1984.0000,1984.0000
2024-10-30 12:33:52, , , ,35.4000,1984.0000,1984.0000,1984.0000,1984.0000,1984.0000,1984.0000,1984.0000,1984.0000,1984.0000,1984.0000,1984.0000,1984.0000,1984.0000,1984.0000
2024-10-30 12:33:52, , , ,35.4000,1984.0000,1984.0000,1984.0000,1984.0000,1984.0000,1984.0000,1984.0000,1984.0000,1984.0000,1984.0000,1984.0000,1984.0000,1984.0000,1984.0000
2024-10-30 12:33:52, , , ,35.4000,1984.0000,1984.0000,1984.0000,1984.0000,1984.0000,1984.0000,1984.0000,1984.0000,1984.0000,1984.0000,1984.0000,1984.0000,1984.0000,1984.0000
2024-10-30 12:33:53, , , ,35.4000,1984.0000,1984.0000,1984.0000,1984.0000,1984.0000,1984.0000,1984.0000,1984.0000,1984.0000,1984.0000,1984.0000,1984.0000,1984.0000,1984.0000
2024-10-30 12:33:53, , , ,35.4000,1984.0000,1984.0000,1984.0000,1984.0000,1984.0000,1984.0000,1984.0000,1984.0000,1984.0000,1984.0000,1984.0000,1984.0000,1984.0000,1984.0000
2024-10-30 12:33:53, , , ,35.4000,1984.0000,1984.0000,1984.0000,1984.0000,1984.0000,1984.0000,1984.0000,1984.0000,1984.0000,1984.0000,1984.0000,1984.0000,1984.0000,1984.0000
2024-10-30 12:33:53, , , ,35.4000,1984.0000,1984.0000,1984.0000,1984.0000,1984.0000,1984.0000,1984.0000,1984.0000,1984.0000,1984.0000,1984.0000,1984.0000,1984.0000,1984.0000
2024-10-30 12:33:53, , , ,35.4000,1984.0000,1984.0000,1984.0000,1984.0000,1984.0000,1984.0000,1984.0000,1984.0000,1984.0000,1984.0000,1984.0000,1984.0000,1984.0000,1984.0000
2024-10-30 12:33:53, , , ,35.4000,1984.0000,1984.0000,1984.0000,1984.0000,1984.0000,1984.0000,1984.0000,1984.0000,1984.0000,1984.0000,1984.0000,1984.0000,1984.0000,1984.0000
2024-10-30 12:33:54, , , ,35.4000,1984.0000,1984.0000,1984.0000,1984.0000,1984.0000,1984.0000,1984.0000,1984.0000,1984.0000,1984.0000,1984.0000,1984.0000,1984.0000,1984.0000
2024-10-30 12:33:54, , , ,35.4000,1984.0000,1984.0000,1984.0000,1984.0000,1984.0000,1984.0000,1984.0000,1984.0000,1984.0000,1984.0000,1984.0000,1984.0000,1984.0000,1984.0000
2024-10-30 12:33:54, , , ,35.4000,1984.0000,1984.0000,1984.0000,1984.0000,1984.0000,1984.0000,1984.0000,1984.0000,1984.0000,1984.0000,1984.0000,1984.0000,1984.0000,1984.0000
2024-10-30 12:33:54, , , ,35.4000,1984.0000,1984.0000,1984.0000,1984.0000,1984.0000,1984.0000,1984.0000,1984.0000,1984.0000,1984.0000,1984.0000,1984.0000,1984.0000,1984.0000
2024-10-30 12:33:54, , , ,35.4000,1984.0000,1984.0000,1984.0000,1984.0000,1984.0000,1984.0000,1984.0000,1984.0000,1984.0000,1984.0000,1984.0000,1984.0000,1984.0000,1984.0000
2024-10-30 12:33:54, , , ,35.4000,1984.0000,1984.0000,1984.0000,1984.0000,1984.0000,1984.0000,1984.0000,1984.0000,1984.0000,1984.0000,1984.0000,1984.0000,1984.0000,1984.0000
2024-10-30 12:33:55, , , ,35.4000,1984.0000,1984.0000,1984.0000,1984.0000,1984.0000,1984.0000,1984.0000,1984.0000,1984.0000,1984.0000,1984.0000,1984.0000,1984.0000,1984.0000
2024-10-30 12:33:55, , , ,35.4000,1984.0000,1984.0000,1984.0000,1984.0000,1984.0000,1984.0000,1984.0000,1984.0000,1984.0000,1984.0000,1984.0000,1984.0000,1984.0000,1984.0000
2024-10-30 12:33:55, , , ,35.4000,1984.0000,1984.0000,1984.0000,1984.0000,1984.0000,1984.0000,1984.0000,1984.0000,1984.0000,1984.0000,1984.0000,1984.0000,1984.0000,1984.0000
2024-10-30 12:33:55, , , ,35.4000,1984.0000,1984.0000,1984.0000,1984.0000,1984.0000,1984.0000,1984.0000,1984.0000,1984.0000,1984.0000,1984.0000,1984.0000,1984.0000,1984.0000
2024-10-30 12:33:55, , , ,35.4000,1984.0000,1984.0000,1984.0000,1984.0000,1984.0000,1984.0000,1984.0000,1984.0000,1984.0000,1984.0000,1984.0000,1984.0000,1984.0000,1984.0000
2024-10-30 12:33:55, , , ,35.4000,1984.0000,1984.0000,1984.0000,1984.0000,1984.0000,1984.0000,1984.0000,1984.0000,1984.0000,1984.0000,1984.0000,1984.0000,1984.0000,1984.0000
2024-10-30 12:33:56, , , ,35.3000,1984.0000,1984.0000,1984.0000,1984.0000,1984.0000,1984.0000,1984.0000,1984.0000,1984.0000,1984.0000,1984.0000,1984.0000,1984.0000,1984.0000
2024-10-30 12:33:56, , , ,35.3000,1984.0000,1984.0000,1984.0000,1984.0000,1984.0000,1984.0000,1984.0000,1984.0000,1984.0000,1984.0000,1984.0000,1984.0000,1984.0000,1984.0000
2024-10-30 12:33:56, , , ,35.2000,1984.0000,1984.0000,1984.0000,1984.0000,1984.0000,1984.0000,1984.0000,1984.0000,1984.0000,1984.0000,1984.0000,1984.0000,1984.0000,1984.0000
2024-10-30 12:33:56, , , ,35.2000,1984.0000,1984.0000,1984.0000,1984.0000,1984.0000,1984.0000,1984.0000,1984.0000,1984.0000,1984.0000,1984.0000,1984.0000,1984.0000,1984.0000
2024-10-30 12:33:56, , , ,35.2000,1984.0000,1984.0000,1984.0000,1984.0000,1984.0000,1984.0000,1984.0000,1984.0000,1984.0000,1984.0000,1984.0000,1984.0000,1984.0000,1984.0000
2024-10-30 12:33:56, , , ,35.2000,1984.0000,1984.0000,1984.0000,1984.0000,1984.0000,1984.0000,1984.0000,1984.0000,1984.0000,1984.0000,1984.0000,1984.0000,1984.0000,1984.0000
2024-10-30 12:33:57, , , ,35.2000,1984.0000,1984.0000,1984.0000,1984.0000,1984.0000,1984.0000,1984.0000,1984.0000,1984.0000,1984.0000,1984.0000,1984.0000,1984.0000,1984.0000
2024-10-30 12:33:57, , , ,35.2000,1984.0000,1984.0000,1984.0000,1984.0000,1984.0000,1984.0000,1984.0000,1984.0000,1984.0000,1984.0000,1984.0000,1984.0000,1984.0000,1984.0000
2024-10-30 12:33:57, , , ,35.2000,1984.0000,1984.0000,1984.0000,1984.0000,1984.0000,1984.0000,1984.0000,1984.0000,1984.0000,1984.0000,1984.0000,1984.0000,1984.0000,1984.0000
2024-10-30 12:33:57, , , ,35.1000,1984.0000,1984.0000,1984.0000,1984.0000,1984.0000,1984.0000,1984.0000,1984.0000,1984.0000,1984.0000,1984.0000,1984.0000,1984.0000,1984.0000
2024-10-30 12:33:57, , , ,35.1000,1984.0000,1984.0000,1984.0000,1984.0000,1984.0000,1984.0000,1984.0000,1984.0000,1984.0000,1984.0000,1984.0000,1984.0000,1984.0000,1984.0000
2024-10-30 12:33:57, , , ,35.1000,1984.0000,1984.0000,1984.0000,1984.0000,1984.0000,1984.0000,1984.0000,1984.0000,1984.0000,1984.0000,1984.0000,1984.0000,1984.0000,1984.0000
2024-10-30 12:33:58, , , ,35.1000,1984.0000,1984.0000,1984.0000,1984.0000,1984.0000,1984.0000,1984.0000,1984.0000,1984.0000,1984.0000,1984.0000,1984.0000,1984.0000,1984.0000
2024-10-30 12:33:58, , , ,35.1000,1984.0000,1984.0000,1984.0000,1984.0000,1984.0000,1984.0000,1984.0000,1984.0000,1984.0000,1984.0000,1984.0000,1984.0000,1984.0000,1984.0000
2024-10-30 12:33:58, , , ,35.1000,1984.0000,1984.0000,1984.0000,1984.0000,1984.0000,1984.0000,1984.0000,1984.0000,1984.0000,1984.0000,1984.0000,1984.0000,1984.0000,1984.0000
2024-10-30 12:33:58, , , ,35.1000,1984.0000,1984.0000,1984.0000,1984.0000,1984.0000,1984.0000,1984.0000,1984.0000,1984.0000,1984.0000,1984.0000,1984.0000,1984.0000,1984.0000
2024-10-30 12:33:58, , , ,35.1000,1984.0000,1984.0000,1984.0000,1984.0000,1984.0000,1984.0000,1984.0000,1984.0000,1984.0000,1984.0000,1984.0000,1984.0000,1984.0000,1984.0000
2024-10-30 12:33:58, , , ,35.1000,1984.0000,1984.0000,1984.0000,1984.0000,1984.0000,1984.0000,1984.0000,1984.0000,1984.0000,1984.0000,1984.0000,1984.0000,1984.0000,1984.0000
2024-10-30 12:33:59, , , ,35.1000,1984.0000,1984.0000,1984.0000,1984.0000,1984.0000,1984.0000,1984.0000,1984.0000,1984.0000,1984.0000,1984.0000,1984.0000,1984.0000,1984.0000
2024-10-30 12:33:59, , , ,35.1000,1984.0000,1984.0000,1984.0000,1984.0000,1984.0000,1984.0000,1984.0000,1984.0000,1984.0000,1984.0000,1984.0000,1984.0000,1984.0000,1984.0000
2024-10-30 12:33:59, , , ,35.1000,1984.0000,1984.0000,1984.0000,1984.0000,1984.0000,1984.0000,1984.0000,1984.0000,1984.0000,1984.0000,1984.0000,1984.0000,1984.0000,1984.0000
2024-10-30 12:33:59, , , ,35.1000,1984.0000,1984.0000,1984.0000,1984.0000,1984.0000,1984.0000,1984.0000,1984.0000,1984.0000,1984.0000,1984.0000,1984.0000,1984.0000,1984.0000
2024-10-30 12:33:59, , , ,35.1000,1984.0000,1984.0000,1984.0000,1984.0000,1984.0000,1984.0000,1984.0000,1984.0000,1984.0000,1984.0000,1984.0000,1984.0000,1984.0000,1984.0000
2024-10-30 12:33:59, , , ,35.1000,1984.0000,1984.0000,1984.0000,1984.0000,1984.0000,1984.0000,1984.0000,1984.0000,1984.0000,1984.0000,1984.0000,1984.0000,1984.0000,1984.0000
2024-10-30 12:34:00, , , ,35.1000,1984.0000,1984.0000,1984.0000,1984.0000,1984.0000,1984.0000,1984.0000,1984.0000,1984.0000,1984.0000,1984.0000,1984.0000,1984.0000,1984.0000
2024-10-30 12:34:00, , , ,35.1000,1984.0000,1984.0000,1984.0000,1984.0000,1984.0000,1984.0000,1984.0000,1984.0000,1984.0000,1984.0000,1984.0000,1984.0000,1984.0000,1984.0000
2024-10-30 12:34:00, , , ,35.1000,1984.0000,1984.0000,1984.0000,1984.0000,1984.0000,1984.0000,1984.0000,1984.0000,1984.0000,1984.0000,1984.0000,1984.0000,1984.0000,1984.0000
2024-10-30 12:34:00, , , ,35.1000,1984.0000,1984.0000,1984.0000,1984.0000,1984.0000,1984.0000,1984.0000,1984.0000,1984.0000,1984.0000,1984.0000,1984.0000,1984.0000,1984.0000
2024-10-30 12:34:00, , , ,35.1000,1984.0000,1984.0000,1984.0000,1984.0000,1984.0000,1984.0000,1984.0000,1984.0000,1984.0000,1984.0000,1984.0000,1984.0000,1984.0000,1984.0000
2024-10-30 12:34:00, , , ,35.1000,1984.0000,1984.0000,1984.0000,1984.0000,1984.0000,1984.0000,1984.0000,1984.0000,1984.0000,1984.0000,1984.0000,1984.0000,1984.0000,1984.0000
2024-10-30 12:34:01, , , ,35.1000,1984.0000,1984.0000,1984.0000,1984.0000,1984.0000,1984.0000,1984.0000,1984.0000,1984.0000,1984.0000,1984.0000,1984.0000,1984.0000,1984.0000
2024-10-30 12:34:01, , , ,35.1000,1984.0000,1984.0000,1984.0000,1984.0000,1984.0000,1984.0000,1984.0000,1984.0000,1984.0000,1984.0000,1984.0000,1984.0000,1984.0000,1984.0000
2024-10-30 12:34:01, , , ,35.1000,1984.0000,1984.0000,1984.0000,1984.0000,1984.0000,1984.0000,1984.0000,1984.0000,1984.0000,1984.0000,1984.0000,1984.0000,1984.0000,1984.0000
2024-10-30 12:34:01, , , ,35.1000,1984.0000,1984.0000,1984.0000,1984.0000,1984.0000,1984.0000,1984.0000,1984.0000,1984.0000,1984.0000,1984.0000,1984.0000,1984.0000,1984.0000
2024-10-30 12:34:01, , , ,35.1000,1984.0000,1984.0000,1984.0000,1984.0000,1984.0000,1984.0000,1984.0000,1984.0000,1984.0000,1984.0000,1984.0000,1984.0000,1984.0000,1984.0000
2024-10-30 12:34:01, , , ,35.1000,1984.0000,1984.0000,1984.0000,1984.0000,1984.0000,1984.0000,1984.0000,1984.0000,1984.0000,1984.0000,1984.0000,1984.0000,1984.0000,1984.0000
2024-10-30 12:34:02, , , ,35.1000,1984.0000,1984.0000,1984.0000,1984.0000,1984.0000,1984.0000,1984.0000,1984.0000,1984.0000,1984.0000,1984.0000,1984.0000,1984.0000,1984.0000
2024-10-30 12:34:02, , , ,35.1000,1984.0000,1984.0000,1984.0000,1984.0000,1984.0000,1984.0000,1984.0000,1984.0000,1984.0000,1984.0000,1984.0000,1984.0000,1984.0000,1984.0000
2024-10-30 12:34:02, , , ,35.1000,1984.0000,1984.0000,1984.0000,1984.0000,1984.0000,1984.0000,1984.0000,1984.0000,1984.0000,1984.0000,1984.0000,1984.0000,1984.0000,1984.0000
2024-10-30 12:34:02, , , ,35.1000,1984.0000,1984.0000,1984.0000,1984.0000,1984.0000,1984.0000,1984.0000,1984.0000,1984.0000,1984.0000,1984.0000,1984.0000,1984.0000,1984.0000
2024-10-30 12:34:02, , , ,35.1000,1984.0000,1984.0000,1984.0000,1984.0000,1984.0000,1984.0000,1984.0000,1984.0000,1984.0000,1984.0000,1984.0000,1984.0000,1984.0000,1984.0000
2024-10-30 12:34:02, , , ,35.1000,1984.0000,1984.0000,1984.0000,1984.0000,1984.0000,1984.0000,1984.0000,1984.0000,1984.0000,1984.0000,1984.0000,1984.0000,1984.0000,1984.0000
2024-10-30 12:34:03, , , ,35.1000,1984.0000,1984.0000,1984.0000,1984.0000,1984.0000,1984.0000,1984.0000,1984.0000,1984.0000,1984.0000,1984.0000,1984.0000,1984.0000,1984.0000
2024-10-30 12:34:03, , , ,35.1000,1984.0000,1984.0000,1984.0000,1984.0000,1984.0000,1984.0000,1984.0000,1984.0000,1984.0000,1984.0000,1984.0000,1984.0000,1984.0000,1984.0000
2024-10-30 12:34:03, , , ,35.1000,1984.0000,1984.0000,1984.0000,1984.0000,1984.0000,1984.0000,1984.0000,1984.0000,1984.0000,1984.0000,1984.0000,1984.0000,1984.0000,1984.0000
2024-10-30 12:34:03, , , ,35.1000,1984.0000,1984.0000,1984.0000,1984.0000,1984.0000,1984.0000,1984.0000,1984.0000,1984.0000,1984.0000,1984.0000,1984.0000,1984.0000,1984.0000
2024-10-30 12:34:03, , , ,35.1000,1984.0000,1984.0000,1984.0000,1984.0000,1984.0000,1984.0000,1984.0000,1984.0000,1984.0000,1984.0000,1984.0000,1984.0000,1984.0000,1984.0000
2024-10-30 12:34:03, , , ,35.1000,1984.0000,1984.0000,1984.0000,1984.0000,1984.0000,1984.0000,1984.0000,1984.0000,1984.0000,1984.0000,1984.0000,1984.0000,1984.0000,1984.0000
2024-10-30 12:34:04, , , ,35.1000,1984.0000,1984.0000,1984.0000,1984.0000,1984.0000,1984.0000,1984.0000,1984.0000,1984.0000,1984.0000,1984.0000,1984.0000,1984.0000,1984.0000
2024-10-30 12:34:04, , , ,35.1000,1984.0000,1984.0000,1984.0000,1984.0000,1984.0000,1984.0000,1984.0000,1984.0000,1984.0000,1984.0000,1984.0000,1984.0000,1984.0000,1984.0000
2024-10-30 12:34:04, , , ,35.1000,1984.0000,1984.0000,1984.0000,1984.0000,1984.0000,1984.0000,1984.0000,1984.0000,1984.0000,1984.0000,1984.0000,1984.0000,1984.0000,1984.0000
2024-10-30 12:34:04, , , ,35.1000,1984.0000,1984.0000,1984.0000,1984.0000,1984.0000,1984.0000,1984.0000,1984.0000,1984.0000,1984.0000,1984.0000,1984.0000,1984.0000,1984.0000
2024-10-30 12:34:04, , , ,35.1000,1984.0000,1984.0000,1984.0000,1984.0000,1984.0000,1984.0000,1984.0000,1984.0000,1984.0000,1984.0000,1984.0000,1984.0000,1984.0000,1984.0000
2024-10-30 12:34:04, , , ,35.1000,1984.0000,1984.0000,1984.0000,1984.0000,1984.0000,1984.0000,1984.0000,1984.0000,1984.0000,1984.0000,1984.0000,1984.0000,1984.0000,1984.0000
2024-10-30 12:34:05, , , ,34.9000,1984.0000,1984.0000,1984.0000,1984.0000,1984.0000,1984.0000,1984.0000,1984.0000,1984.0000,1984.0000,1984.0000,1984.0000,1984.0000,1984.0000
2024-10-30 12:34:05, , , ,34.9000,1984.0000,1984.0000,1984.0000,1984.0000,1984.0000,1984.0000,1984.0000,1984.0000,1984.0000,1984.0000,1984.0000,1984.0000,1984.0000,1984.0000
2024-10-30 12:34:05, , , ,34.9000,1984.0000,1984.0000,1984.0000,1984.0000,1984.0000,1984.0000,1984.0000,1984.0000,1984.0000,1984.0000,1984.0000,1984.0000,1984.0000,1984.0000
2024-10-30 12:34:05, , , ,34.9000,1984.0000,1984.0000,1984.0000,1984.0000,1984.0000,1984.0000,1984.0000,1984.0000,1984.0000,1984.0000,1984.0000,1984.0000,1984.0000,1984.0000
2024-10-30 12:34:05, , , ,34.9000,1984.0000,1984.0000,1984.0000,1984.0000,1984.0000,1984.0000,1984.0000,1984.0000,1984.0000,1984.0000,1984.0000,1984.0000,1984.0000,1984.0000
2024-10-30 12:34:05, , , ,34.9000,1984.0000,1984.0000,1984.0000,1984.0000,1984.0000,1984.0000,1984.0000,1984.0000,1984.0000,1984.0000,1984.0000,1984.0000,1984.0000,1984.0000
2024-10-30 12:34:06, , , ,34.9000,1984.0000,1984.0000,1984.0000,1984.0000,1984.0000,1984.0000,1984.0000,1984.0000,1984.0000,1984.0000,1984.0000,1984.0000,1984.0000,1984.0000
2024-10-30 12:34:06, , , ,34.9000,1984.0000,1984.0000,1984.0000,1984.0000,1984.0000,1984.0000,1984.0000,1984.0000,1984.0000,1984.0000,1984.0000,1984.0000,1984.0000,1984.0000
2024-10-30 12:34:06, , , ,34.9000,1984.0000,1984.0000,1984.0000,1984.0000,1984.0000,1984.0000,1984.0000,1984.0000,1984.0000,1984.0000,1984.0000,1984.0000,1984.0000,1984.0000
2024-10-30 12:34:06, , , ,34.9000,1984.0000,1984.0000,1984.0000,1984.0000,1984.0000,1984.0000,1984.0000,1984.0000,1984.0000,1984.0000,1984.0000,1984.0000,1984.0000,1984.0000
2024-10-30 12:34:06, , , ,34.9000,1984.0000,1984.0000,1984.0000,1984.0000,1984.0000,1984.0000,1984.0000,1984.0000,1984.0000,1984.0000,1984.0000,1984.0000,1984.0000,1984.0000
2024-10-30 12:34:06, , , ,34.7000,1984.0000,1984.0000,1984.0000,1984.0000,1984.0000,1984.0000,1984.0000,1984.0000,1984.0000,1984.0000,1984.0000,1984.0000,1984.0000,1984.0000
2024-10-30 12:34:07, , , ,34.7000,1984.0000,1984.0000,1984.0000,1984.0000,1984.0000,1984.0000,1984.0000,1984.0000,1984.0000,1984.0000,1984.0000,1984.0000,1984.0000,1984.0000
2024-10-30 12:34:07, , , ,34.7000,1984.0000,1984.0000,1984.0000,1984.0000,1984.0000,1984.0000,1984.0000,1984.0000,1984.0000,1984.0000,1984.0000,1984.0000,1984.0000,1984.0000
2024-10-30 12:34:07, , , ,34.7000,1984.0000,1984.0000,1984.0000,1984.0000,1984.0000,1984.0000,1984.0000,1984.0000,1984.0000,1984.0000,1984.0000,1984.0000,1984.0000,1984.0000
2024-10-30 12:34:07, , , ,34.8000,1984.0000,1984.0000,1984.0000,1984.0000,1984.0000,1984.0000,1984.0000,1984.0000,1984.0000,1984.0000,1984.0000,1984.0000,1984.0000,1984.0000
2024-10-30 12:34:07, , , ,34.8000,1984.0000,1984.0000,1984.0000,1984.0000,1984.0000,1984.0000,1984.0000,1984.0000,1984.0000,1984.0000,1984.0000,1984.0000,1984.0000,1984.0000
2024-10-30 12:34:07, , , ,34.8000,1984.0000,1984.0000,1984.0000,1984.0000,1984.0000,1984.0000,1984.0000,1984.0000,1984.0000,1984.0000,1984.0000,1984.0000,1984.0000,1984.0000
2024-10-30 12:34:08, , , ,34.8000,1984.0000,1984.0000,1984.0000,1984.0000,1984.0000,1984.0000,1984.0000,1984.0000,1984.0000,1984.0000,1984.0000,1984.0000,1984.0000,1984.0000
2024-10-30 12:34:08, , , ,34.8000,1984.0000,1984.0000,1984.0000,1984.0000,1984.0000,1984.0000,1984.0000,1984.0000,1984.0000,1984.0000,1984.0000,1984.0000,1984.0000,1984.0000
2024-10-30 12:34:08, , , ,34.8000,1984.0000,1984.0000,1984.0000,1984.0000,1984.0000,1984.0000,1984.0000,1984.0000,1984.0000,1984.0000,1984.0000,1984.0000,1984.0000,1984.0000
2024-10-30 12:34:08, , , ,34.8000,1984.0000,1984.0000,1984.0000,1984.0000,1984.0000,1984.0000,1984.0000,1984.0000,1984.0000,1984.0000,1984.0000,1984.0000,1984.0000,1984.0000
2024-10-30 12:34:08, , , ,34.8000,1984.0000,1984.0000,1984.0000,1984.0000,1984.0000,1984.0000,1984.0000,1984.0000,1984.0000,1984.0000,1984.0000,1984.0000,1984.0000,1984.0000
2024-10-30 12:34:08, , , ,34.8000,1984.0000,1984.0000,1984.0000,1984.0000,1984.0000,1984.0000,1984.0000,1984.0000,1984.0000,1984.0000,1984.0000,1984.0000,1984.0000,1984.0000
2024-10-30 12:34:08, , , ,34.8000,1984.0000,1984.0000,1984.0000,1984.0000,1984.0000,1984.0000,1984.0000,1984.0000,1984.0000,1984.0000,1984.0000,1984.0000,1984.0000,1984.0000
2024-10-30 12:34:09, , , ,34.8000,1984.0000,1984.0000,1984.0000,1984.0000,1984.0000,1984.0000,1984.0000,1984.0000,1984.0000,1984.0000,1984.0000,1984.0000,1984.0000,1984.0000
2024-10-30 12:34:09, , , ,34.8000,1984.0000,1984.0000,1984.0000,1984.0000,1984.0000,1984.0000,1984.0000,1984.0000,1984.0000,1984.0000,1984.0000,1984.0000,1984.0000,1984.0000
2024-10-30 12:34:09, , , ,34.8000,1984.0000,1984.0000,1984.0000,1984.0000,1984.0000,1984.0000,1984.0000,1984.0000,1984.0000,1984.0000,1984.0000,1984.0000,1984.0000,1984.0000
2024-10-30 12:34:09, , , ,34.8000,1984.0000,1984.0000,1984.0000,1984.0000,1984.0000,1984.0000,1984.0000,1984.0000,1984.0000,1984.0000,1984.0000,1984.0000,1984.0000,1984.0000
2024-10-30 12:34:09, , , ,34.8000,1984.0000,1984.0000,1984.0000,1984.0000,1984.0000,1984.0000,1984.0000,1984.0000,1984.0000,1984.0000,1984.0000,1984.0000,1984.0000,1984.0000
2024-10-30 12:34:09, , , ,34.8000,1984.0000,1984.0000,1984.0000,1984.0000,1984.0000,1984.0000,1984.0000,1984.0000,1984.0000,1984.0000,1984.0000,1984.0000,1984.0000,1984.0000
2024-10-30 12:34:10, , , ,34.8000,1984.0000,1984.0000,1984.0000,1984.0000,1984.0000,1984.0000,1984.0000,1984.0000,1984.0000,1984.0000,1984.0000,1984.0000,1984.0000,1984.0000
2024-10-30 12:34:10, , , ,34.8000,1984.0000,1984.0000,1984.0000,1984.0000,1984.0000,1984.0000,1984.0000,1984.0000,1984.0000,1984.0000,1984.0000,1984.0000,1984.0000,1984.0000
2024-10-30 12:34:10, , , ,34.8000,1984.0000,1984.0000,1984.0000,1984.0000,1984.0000,1984.0000,1984.0000,1984.0000,1984.0000,1984.0000,1984.0000,1984.0000,1984.0000,1984.0000
2024-10-30 12:34:10, , , ,34.8000,1984.0000,1984.0000,1984.0000,1984.0000,1984.0000,1984.0000,1984.0000,1984.0000,1984.0000,1984.0000,1984.0000,1984.0000,1984.0000,1984.0000
2024-10-30 12:34:10, , , ,34.8000,1984.0000,1984.0000,1984.0000,1984.0000,1984.0000,1984.0000,1984.0000,1984.0000,1984.0000,1984.0000,1984.0000,1984.0000,1984.0000,1984.0000
2024-10-30 12:34:10, , , ,34.8000,1984.0000,1984.0000,1984.0000,1984.0000,1984.0000,1984.0000,1984.0000,1984.0000,1984.0000,1984.0000,1984.0000,1984.0000,1984.0000,1984.0000
2024-10-30 12:34:11, , , ,34.8000,1984.0000,1984.0000,1984.0000,1984.0000,1984.0000,1984.0000,1984.0000,1984.0000,1984.0000,1984.0000,1984.0000,1984.0000,1984.0000,1984.0000
2024-10-30 12:34:11, , , ,34.8000,1984.0000,1984.0000,1984.0000,1984.0000,1984.0000,1984.0000,1984.0000,1984.0000,1984.0000,1984.0000,1984.0000,1984.0000,1984.0000,1984.0000
2024-10-30 12:34:11, , , ,34.8000,1984.0000,1984.0000,1984.0000,1984.0000,1984.0000,1984.0000,1984.0000,1984.0000,1984.0000,1984.0000,1984.0000,1984.0000,1984.0000,1984.0000
2024-10-30 12:34:11, , , ,34.8000,1984.0000,1984.0000,1984.0000,1984.0000,1984.0000,1984.0000,1984.0000,1984.0000,1984.0000,1984.0000,1984.0000,1984.0000,1984.0000,1984.0000
2024-10-30 12:34:11, , , ,34.8000,1984.0000,1984.0000,1984.0000,1984.0000,1984.0000,1984.0000,1984.0000,1984.0000,1984.0000,1984.0000,1984.0000,1984.0000,1984.0000,1984.0000
2024-10-30 12:34:12, , , ,34.8000,1984.0000,1984.0000,1984.0000,1984.0000,1984.0000,1984.0000,1984.0000,1984.0000,1984.0000,1984.0000,1984.0000,1984.0000,1984.0000,1984.0000
2024-10-30 12:34:12, , , ,34.8000,1984.0000,1984.0000,1984.0000,1984.0000,1984.0000,1984.0000,1984.0000,1984.0000,1984.0000,1984.0000,1984.0000,1984.0000,1984.0000,1984.0000
2024-10-30 12:34:12, , , ,34.8000,1984.0000,1984.0000,1984.0000,1984.0000,1984.0000,1984.0000,1984.0000,1984.0000,1984.0000,1984.0000,1984.0000,1984.0000,1984.0000,1984.0000
2024-10-30 12:34:12, , , ,34.8000,1984.0000,1984.0000,1984.0000,1984.0000,1984.0000,1984.0000,1984.0000,1984.0000,1984.0000,1984.0000,1984.0000,1984.0000,1984.0000,1984.0000
2024-10-30 12:34:12, , , ,34.8000,1984.0000,1984.0000,1984.0000,1984.0000,1984.0000,1984.0000,1984.0000,1984.0000,1984.0000,1984.0000,1984.0000,1984.0000,1984.0000,1984.0000
2024-10-30 12:34:12, , , ,34.8000,1984.0000,1984.0000,1984.0000,1984.0000,1984.0000,1984.0000,1984.0000,1984.0000,1984.0000,1984.0000,1984.0000,1984.0000,1984.0000,1984.0000
2024-10-30 12:34:12, , , ,34.8000,1984.0000,1984.0000,1984.0000,1984.0000,1984.0000,1984.0000,1984.0000,1984.0000,1984.0000,1984.0000,1984.0000,1984.0000,1984.0000,1984.0000
2024-10-30 12:34:13, , , ,34.8000,1984.0000,1984.0000,1984.0000,1984.0000,1984.0000,1984.0000,1984.0000,1984.0000,1984.0000,1984.0000,1984.0000,1984.0000,1984.0000,1984.0000
2024-10-30 12:34:13, , , ,34.8000,1984.0000,1984.0000,1984.0000,1984.0000,1984.0000,1984.0000,1984.0000,1984.0000,1984.0000,1984.0000,1984.0000,1984.0000,1984.0000,1984.0000
2024-10-30 12:34:13, , , ,34.8000,1984.0000,1984.0000,1984.0000,1984.0000,1984.0000,1984.0000,1984.0000,1984.0000,1984.0000,1984.0000,1984.0000,1984.0000,1984.0000,1984.0000
2024-10-30 12:34:13, , , ,34.8000,1984.0000,1984.0000,1984.0000,1984.0000,1984.0000,1984.0000,1984.0000,1984.0000,1984.0000,1984.0000,1984.0000,1984.0000,1984.0000,1984.0000
2024-10-30 12:34:13, , , ,34.8000,1984.0000,1984.0000,1984.0000,1984.0000,1984.0000,1984.0000,1984.0000,1984.0000,1984.0000,1984.0000,1984.0000,1984.0000,1984.0000,1984.0000
2024-10-30 12:34:13, , , ,34.8000,1984.0000,1984.0000,1984.0000,1984.0000,1984.0000,1984.0000,1984.0000,1984.0000,1984.0000,1984.0000,1984.0000,1984.0000,1984.0000,1984.0000
2024-10-30 12:34:14, , , ,34.8000,1984.0000,1984.0000,1984.0000,1984.0000,1984.0000,1984.0000,1984.0000,1984.0000,1984.0000,1984.0000,1984.0000,1984.0000,1984.0000,1984.0000
2024-10-30 12:34:14, , , ,34.8000,1984.0000,1984.0000,1984.0000,1984.0000,1984.0000,1984.0000,1984.0000,1984.0000,1984.0000,1984.0000,1984.0000,1984.0000,1984.0000,1984.0000
2024-10-30 12:34:14, , , ,34.8000,1984.0000,1984.0000,1984.0000,1984.0000,1984.0000,1984.0000,1984.0000,1984.0000,1984.0000,1984.0000,1984.0000,1984.0000,1984.0000,1984.0000
2024-10-30 12:34:14, , , ,34.8000,1984.0000,1984.0000,1984.0000,1984.0000,1984.0000,1984.0000,1984.0000,1984.0000,1984.0000,1984.0000,1984.0000,1984.0000,1984.0000,1984.0000
2024-10-30 12:34:14, , , ,34.8000,1984.0000,1984.0000,1984.0000,1984.0000,1984.0000,1984.0000,1984.0000,1984.0000,1984.0000,1984.0000,1984.0000,1984.0000,1984.0000,1984.0000
2024-10-30 12:34:14, , , ,34.8000,1984.0000,1984.0000,1984.0000,1984.0000,1984.0000,1984.0000,1984.0000,1984.0000,1984.0000,1984.0000,1984.0000,1984.0000,1984.0000,1984.0000
2024-10-30 12:34:15, , , ,34.8000,1984.0000,1984.0000,1984.0000,1984.0000,1984.0000,1984.0000,1984.0000,1984.0000,1984.0000,1984.0000,1984.0000,1984.0000,1984.0000,1984.0000
2024-10-30 12:34:15, , , ,34.8000,1984.0000,1984.0000,1984.0000,1984.0000,1984.0000,1984.0000,1984.0000,1984.0000,1984.0000,1984.0000,1984.0000,1984.0000,1984.0000,1984.0000
2024-10-30 12:34:15, , , ,34.8000,1984.0000,1984.0000,1984.0000,1984.0000,1984.0000,1984.0000,1984.0000,1984.0000,1984.0000,1984.0000,1984.0000,1984.0000,1984.0000,1984.0000
2024-10-30 12:34:15, , , ,34.8000,1984.0000,1984.0000,1984.0000,1984.0000,1984.0000,1984.0000,1984.0000,1984.0000,1984.0000,1984.0000,1984.0000,1984.0000,1984.0000,1984.0000
2024-10-30 12:34:15, , , ,34.8000,1984.0000,1984.0000,1984.0000,1984.0000,1984.0000,1984.0000,1984.0000,1984.0000,1984.0000,1984.0000,1984.0000,1984.0000,1984.0000,1984.0000
2024-10-30 12:34:15, , , ,34.7000,1984.0000,1984.0000,1984.0000,1984.0000,1984.0000,1984.0000,1984.0000,1984.0000,1984.0000,1984.0000,1984.0000,1984.0000,1984.0000,1984.0000
2024-10-30 12:34:16, , , ,34.7000,1984.0000,1984.0000,1984.0000,1984.0000,1984.0000,1984.0000,1984.0000,1984.0000,1984.0000,1984.0000,1984.0000,1984.0000,1984.0000,1984.0000
2024-10-30 12:34:16, , , ,34.7000,1984.0000,1984.0000,1984.0000,1984.0000,1984.0000,1984.0000,1984.0000,1984.0000,1984.0000,1984.0000,1984.0000,1984.0000,1984.0000,1984.0000
2024-10-30 12:34:16, , , ,34.7000,1984.0000,1984.0000,1984.0000,1984.0000,1984.0000,1984.0000,1984.0000,1984.0000,1984.0000,1984.0000,1984.0000,1984.0000,1984.0000,1984.0000
2024-10-30 12:34:16, , , ,34.7000,1984.0000,1984.0000,1984.0000,1984.0000,1984.0000,1984.0000,1984.0000,1984.0000,1984.0000,1984.0000,1984.0000,1984.0000,1984.0000,1984.0000
2024-10-30 12:34:16, , , ,34.7000,1984.0000,1984.0000,1984.0000,1984.0000,1984.0000,1984.0000,1984.0000,1984.0000,1984.0000,1984.0000,1984.0000,1984.0000,1984.0000,1984.0000
2024-10-30 12:34:16, , , ,34.6000,1984.0000,1984.0000,1984.0000,1984.0000,1984.0000,1984.0000,1984.0000,1984.0000,1984.0000,1984.0000,1984.0000,1984.0000,1984.0000,1984.0000
2024-10-30 12:34:17, , , ,34.6000,1984.0000,1984.0000,1984.0000,1984.0000,1984.0000,1984.0000,1984.0000,1984.0000,1984.0000,1984.0000,1984.0000,1984.0000,1984.0000,1984.0000
2024-10-30 12:34:17, , , ,34.5000,1984.0000,1984.0000,1984.0000,1984.0000,1984.0000,1984.0000,1984.0000,1984.0000,1984.0000,1984.0000,1984.0000,1984.0000,1984.0000,1984.0000
2024-10-30 12:34:17, , , ,34.5000,1984.0000,1984.0000,1984.0000,1984.0000,1984.0000,1984.0000,1984.0000,1984.0000,1984.0000,1984.0000,1984.0000,1984.0000,1984.0000,1984.0000
2024-10-30 12:34:17, , , ,34.5000,1984.0000,1984.0000,1984.0000,1984.0000,1984.0000,1984.0000,1984.0000,1984.0000,1984.0000,1984.0000,1984.0000,1984.0000,1984.0000,1984.0000
2024-10-30 12:34:17, , , ,34.5000,1984.0000,1984.0000,1984.0000,1984.0000,1984.0000,1984.0000,1984.0000,1984.0000,1984.0000,1984.0000,1984.0000,1984.0000,1984.0000,1984.0000
2024-10-30 12:34:17, , , ,34.5000,1984.0000,1984.0000,1984.0000,1984.0000,1984.0000,1984.0000,1984.0000,1984.0000,1984.0000,1984.0000,1984.0000,1984.0000,1984.0000,1984.0000
2024-10-30 12:34:18, , , ,34.5000,1984.0000,1984.0000,1984.0000,1984.0000,1984.0000,1984.0000,1984.0000,1984.0000,1984.0000,1984.0000,1984.0000,1984.0000,1984.0000,1984.0000
2024-10-30 12:34:18, , , ,34.5000,1984.0000,1984.0000,1984.0000,1984.0000,1984.0000,1984.0000,1984.0000,1984.0000,1984.0000,1984.0000,1984.0000,1984.0000,1984.0000,1984.0000
2024-10-30 12:34:18, , , ,34.5000,1984.0000,1984.0000,1984.0000,1984.0000,1984.0000,1984.0000,1984.0000,1984.0000,1984.0000,1984.0000,1984.0000,1984.0000,1984.0000,1984.0000
2024-10-30 12:34:18, , , ,34.5000,1984.0000,1984.0000,1984.0000,1984.0000,1984.0000,1984.0000,1984.0000,1984.0000,1984.0000,1984.0000,1984.0000,1984.0000,1984.0000,1984.0000
2024-10-30 12:34:18, , , ,34.6000,1984.0000,1984.0000,1984.0000,1984.0000,1984.0000,1984.0000,1984.0000,1984.0000,1984.0000,1984.0000,1984.0000,1984.0000,1984.0000,1984.0000
2024-10-30 12:34:18, , , ,34.6000,1984.0000,1984.0000,1984.0000,1984.0000,1984.0000,1984.0000,1984.0000,1984.0000,1984.0000,1984.0000,1984.0000,1984.0000,1984.0000,1984.0000
2024-10-30 12:34:19, , , ,34.7000,1984.0000,1984.0000,1984.0000,1984.0000,1984.0000,1984.0000,1984.0000,1984.0000,1984.0000,1984.0000,1984.0000,1984.0000,1984.0000,1984.0000
2024-10-30 12:34:19, , , ,34.7000,1984.0000,1984.0000,1984.0000,1984.0000,1984.0000,1984.0000,1984.0000,1984.0000,1984.0000,1984.0000,1984.0000,1984.0000,1984.0000,1984.0000
2024-10-30 12:34:19, , , ,34.7000,1984.0000,1984.0000,1984.0000,1984.0000,1984.0000,1984.0000,1984.0000,1984.0000,1984.0000,1984.0000,1984.0000,1984.0000,1984.0000,1984.0000
2024-10-30 12:34:19, , , ,34.8000,1984.0000,1984.0000,1984.0000,1984.0000,1984.0000,1984.0000,1984.0000,1984.0000,1984.0000,1984.0000,1984.0000,1984.0000,1984.0000,1984.0000
2024-10-30 12:34:19, , , ,34.8000,1984.0000,1984.0000,1984.0000,1984.0000,1984.0000,1984.0000,1984.0000,1984.0000,1984.0000,1984.0000,1984.0000,1984.0000,1984.0000,1984.0000
2024-10-30 12:34:19, , , ,34.8000,1984.0000,1984.0000,1984.0000,1984.0000,1984.0000,1984.0000,1984.0000,1984.0000,1984.0000,1984.0000,1984.0000,1984.0000,1984.0000,1984.0000
2024-10-30 12:34:20, , , ,34.8000,1984.0000,1984.0000,1984.0000,1984.0000,1984.0000,1984.0000,1984.0000,1984.0000,1984.0000,1984.0000,1984.0000,1984.0000,1984.0000,1984.0000
2024-10-30 12:34:20, , , ,34.9000,1984.0000,1984.0000,1984.0000,1984.0000,1984.0000,1984.0000,1984.0000,1984.0000,1984.0000,1984.0000,1984.0000,1984.0000,1984.0000,1984.0000
2024-10-30 12:34:20, , , ,35.0000,1984.0000,1984.0000,1984.0000,1984.0000,1984.0000,1984.0000,1984.0000,1984.0000,1984.0000,1984.0000,1984.0000,1984.0000,1984.0000,1984.0000
2024-10-30 12:34:20, , , ,35.0000,1984.0000,1984.0000,1984.0000,1984.0000,1984.0000,1984.0000,1984.0000,1984.0000,1984.0000,1984.0000,1984.0000,1984.0000,1984.0000,1984.0000
2024-10-30 12:34:20, , , ,35.1000,1984.0000,1984.0000,1984.0000,1984.0000,1984.0000,1984.0000,1984.0000,1984.0000,1984.0000,1984.0000,1984.0000,1984.0000,1984.0000,1984.0000
2024-10-30 12:34:20, , , ,35.1000,1984.0000,1984.0000,1984.0000,1984.0000,1984.0000,1984.0000,1984.0000,1984.0000,1984.0000,1984.0000,1984.0000,1984.0000,1984.0000,1984.0000
2024-10-30 12:34:21, , , ,35.1000,1984.0000,1984.0000,1984.0000,1984.0000,1984.0000,1984.0000,1984.0000,1984.0000,1984.0000,1984.0000,1984.0000,1984.0000,1984.0000,1984.0000
2024-10-30 12:34:21, , , ,35.1000,1984.0000,1984.0000,1984.0000,1984.0000,1984.0000,1984.0000,1984.0000,1984.0000,1984.0000,1984.0000,1984.0000,1984.0000,1984.0000,1984.0000
2024-10-30 12:34:21, , , ,35.1000,1984.0000,1984.0000,1984.0000,1984.0000,1984.0000,1984.0000,1984.0000,1984.0000,1984.0000,1984.0000,1984.0000,1984.0000,1984.0000,1984.0000
2024-10-30 12:34:21, , , ,35.1000,1984.0000,1984.0000,1984.0000,1984.0000,1984.0000,1984.0000,1984.0000,1984.0000,1984.0000,1984.0000,1984.0000,1984.0000,1984.0000,1984.0000
2024-10-30 12:34:21, , , ,35.2000,1984.0000,1984.0000,1984.0000,1984.0000,1984.0000,1984.0000,1984.0000,1984.0000,1984.0000,1984.0000,1984.0000,1984.0000,1984.0000,1984.0000
2024-10-30 12:34:21, , , ,35.2000,1984.0000,1984.0000,1984.0000,1984.0000,1984.0000,1984.0000,1984.0000,1984.0000,1984.0000,1984.0000,1984.0000,1984.0000,1984.0000,1984.0000
2024-10-30 12:34:22, , , ,35.2000,1984.0000,1984.0000,1984.0000,1984.0000,1984.0000,1984.0000,1984.0000,1984.0000,1984.0000,1984.0000,1984.0000,1984.0000,1984.0000,1984.0000
2024-10-30 12:34:22, , , ,35.2000,1984.0000,1984.0000,1984.0000,1984.0000,1984.0000,1984.0000,1984.0000,1984.0000,1984.0000,1984.0000,1984.0000,1984.0000,1984.0000,1984.0000
2024-10-30 12:34:22, , , ,35.2000,1984.0000,1984.0000,1984.0000,1984.0000,1984.0000,1984.0000,1984.0000,1984.0000,1984.0000,1984.0000,1984.0000,1984.0000,1984.0000,1984.0000
2024-10-30 12:34:22, , , ,35.2000,1984.0000,1984.0000,1984.0000,1984.0000,1984.0000,1984.0000,1984.0000,1984.0000,1984.0000,1984.0000,1984.0000,1984.0000,1984.0000,1984.0000
2024-10-30 12:34:22, , , ,35.2000,1984.0000,1984.0000,1984.0000,1984.0000,1984.0000,1984.0000,1984.0000,1984.0000,1984.0000,1984.0000,1984.0000,1984.0000,1984.0000,1984.0000
2024-10-30 12:34:22, , , ,35.3000,1984.0000,1984.0000,1984.0000,1984.0000,1984.0000,1984.0000,1984.0000,1984.0000,1984.0000,1984.0000,1984.0000,1984.0000,1984.0000,1984.0000
2024-10-30 12:34:23, , , ,35.3000,1984.0000,1984.0000,1984.0000,1984.0000,1984.0000,1984.0000,1984.0000,1984.0000,1984.0000,1984.0000,1984.0000,1984.0000,1984.0000,1984.0000
2024-10-30 12:34:23, , , ,35.3000,1984.0000,1984.0000,1984.0000,1984.0000,1984.0000,1984.0000,1984.0000,1984.0000,1984.0000,1984.0000,1984.0000,1984.0000,1984.0000,1984.0000
2024-10-30 12:34:23, , , ,35.3000,1984.0000,1984.0000,1984.0000,1984.0000,1984.0000,1984.0000,1984.0000,1984.0000,1984.0000,1984.0000,1984.0000,1984.0000,1984.0000,1984.0000
2024-10-30 12:34:23, , , ,35.3000,1984.0000,1984.0000,1984.0000,1984.0000,1984.0000,1984.0000,1984.0000,1984.0000,1984.0000,1984.0000,1984.0000,1984.0000,1984.0000,1984.0000
2024-10-30 12:34:23, , , ,35.3000,1984.0000,1984.0000,1984.0000,1984.0000,1984.0000,1984.0000,1984.0000,1984.0000,1984.0000,1984.0000,1984.0000,1984.0000,1984.0000,1984.0000
2024-10-30 12:34:23, , , ,35.3000,1984.0000,1984.0000,1984.0000,1984.0000,1984.0000,1984.0000,1984.0000,1984.0000,1984.0000,1984.0000,1984.0000,1984.0000,1984.0000,1984.0000
2024-10-30 12:34:24, , , ,35.3000,1984.0000,1984.0000,1984.0000,1984.0000,1984.0000,1984.0000,1984.0000,1984.0000,1984.0000,1984.0000,1984.0000,1984.0000,1984.0000,1984.0000
2024-10-30 12:34:24, , , ,35.3000,1984.0000,1984.0000,1984.0000,1984.0000,1984.0000,1984.0000,1984.0000,1984.0000,1984.0000,1984.0000,1984.0000,1984.0000,1984.0000,1984.0000
2024-10-30 12:34:24, , , ,35.3000,1984.0000,1984.0000,1984.0000,1984.0000,1984.0000,1984.0000,1984.0000,1984.0000,1984.0000,1984.0000,1984.0000,1984.0000,1984.0000,1984.0000
2024-10-30 12:34:24, , , ,35.3000,1984.0000,1984.0000,1984.0000,1984.0000,1984.0000,1984.0000,1984.0000,1984.0000,1984.0000,1984.0000,1984.0000,1984.0000,1984.0000,1984.0000
2024-10-30 12:34:24, , , ,35.3000,1984.0000,1984.0000,1984.0000,1984.0000,1984.0000,1984.0000,1984.0000,1984.0000,1984.0000,1984.0000,1984.0000,1984.0000,1984.0000,1984.0000
2024-10-30 12:34:24, , , ,35.3000,1984.0000,1984.0000,1984.0000,1984.0000,1984.0000,1984.0000,1984.0000,1984.0000,1984.0000,1984.0000,1984.0000,1984.0000,1984.0000,1984.0000
2024-10-30 12:34:25, , , ,35.4000,1984.0000,1984.0000,1984.0000,1984.0000,1984.0000,1984.0000,1984.0000,1984.0000,1984.0000,1984.0000,1984.0000,1984.0000,1984.0000,1984.0000
2024-10-30 12:34:25, , , ,35.4000,1984.0000,1984.0000,1984.0000,1984.0000,1984.0000,1984.0000,1984.0000,1984.0000,1984.0000,1984.0000,1984.0000,1984.0000,1984.0000,1984.0000
2024-10-30 12:34:25, , , ,35.4000,1984.0000,1984.0000,1984.0000,1984.0000,1984.0000,1984.0000,1984.0000,1984.0000,1984.0000,1984.0000,1984.0000,1984.0000,1984.0000,1984.0000
2024-10-30 12:34:25, , , ,35.5000,1984.0000,1984.0000,1984.0000,1984.0000,1984.0000,1984.0000,1984.0000,1984.0000,1984.0000,1984.0000,1984.0000,1984.0000,1984.0000,1984.0000
2024-10-30 12:34:25, , , ,35.5000,1984.0000,1984.0000,1984.0000,1984.0000,1984.0000,1984.0000,1984.0000,1984.0000,1984.0000,1984.0000,1984.0000,1984.0000,1984.0000,1984.0000
2024-10-30 12:34:25, , , ,35.5000,1984.0000,1984.0000,1984.0000,1984.0000,1984.0000,1984.0000,1984.0000,1984.0000,1984.0000,1984.0000,1984.0000,1984.0000,1984.0000,1984.0000
2024-10-30 12:34:26, , , ,35.5000,1984.0000,1984.0000,1984.0000,1984.0000,1984.0000,1984.0000,1984.0000,1984.0000,1984.0000,1984.0000,1984.0000,1984.0000,1984.0000,1984.0000
2024-10-30 12:34:26, , , ,35.6000,1984.0000,1984.0000,1984.0000,1984.0000,1984.0000,1984.0000,1984.0000,1984.0000,1984.0000,1984.0000,1984.0000,1984.0000,1984.0000,1984.0000
2024-10-30 12:34:26, , , ,35.6000,1984.0000,1984.0000,1984.0000,1984.0000,1984.0000,1984.0000,1984.0000,1984.0000,1984.0000,1984.0000,1984.0000,1984.0000,1984.0000,1984.0000
2024-10-30 12:34:26, , , ,35.6000,1984.0000,1984.0000,1984.0000,1984.0000,1984.0000,1984.0000,1984.0000,1984.0000,1984.0000,1984.0000,1984.0000,1984.0000,1984.0000,1984.0000
2024-10-30 12:34:26, , , ,35.6000,1984.0000,1984.0000,1984.0000,1984.0000,1984.0000,1984.0000,1984.0000,1984.0000,1984.0000,1984.0000,1984.0000,1984.0000,1984.0000,1984.0000
2024-10-30 12:34:26, , , ,35.6000,1984.0000,1984.0000,1984.0000,1984.0000,1984.0000,1984.0000,1984.0000,1984.0000,1984.0000,1984.0000,1984.0000,1984.0000,1984.0000,1984.0000
2024-10-30 12:34:27, , , ,35.6000,1984.0000,1984.0000,1984.0000,1984.0000,1984.0000,1984.0000,1984.0000,1984.0000,1984.0000,1984.0000,1984.0000,1984.0000,1984.0000,1984.0000
2024-10-30 12:34:27, , , ,35.7000,1984.0000,1984.0000,1984.0000,1984.0000,1984.0000,1984.0000,1984.0000,1984.0000,1984.0000,1984.0000,1984.0000,1984.0000,1984.0000,1984.0000
2024-10-30 12:34:27, , , ,35.7000,1984.0000,1984.0000,1984.0000,1984.0000,1984.0000,1984.0000,1984.0000,1984.0000,1984.0000,1984.0000,1984.0000,1984.0000,1984.0000,1984.0000
2024-10-30 12:34:27, , , ,35.7000,1984.0000,1984.0000,1984.0000,1984.0000,1984.0000,1984.0000,1984.0000,1984.0000,1984.0000,1984.0000,1984.0000,1984.0000,1984.0000,1984.0000
2024-10-30 12:34:27, , , ,35.8000,1984.0000,1984.0000,1984.0000,1984.0000,1984.0000,1984.0000,1984.0000,1984.0000,1984.0000,1984.0000,1984.0000,1984.0000,1984.0000,1984.0000
2024-10-30 12:34:27, , , ,35.8000,1984.0000,1984.0000,1984.0000,1984.0000,1984.0000,1984.0000,1984.0000,1984.0000,1984.0000,1984.0000,1984.0000,1984.0000,1984.0000,1984.0000
2024-10-30 12:34:28, , , ,35.8000,1984.0000,1984.0000,1984.0000,1984.0000,1984.0000,1984.0000,1984.0000,1984.0000,1984.0000,1984.0000,1984.0000,1984.0000,1984.0000,1984.0000
2024-10-30 12:34:28, , , ,35.8000,1984.0000,1984.0000,1984.0000,1984.0000,1984.0000,1984.0000,1984.0000,1984.0000,1984.0000,1984.0000,1984.0000,1984.0000,1984.0000,1984.0000
2024-10-30 12:34:28, , , ,35.8000,1984.0000,1984.0000,1984.0000,1984.0000,1984.0000,1984.0000,1984.0000,1984.0000,1984.0000,1984.0000,1984.0000,1984.0000,1984.0000,1984.0000
2024-10-30 12:34:28, , , ,35.8000,1984.0000,1984.0000,1984.0000,1984.0000,1984.0000,1984.0000,1984.0000,1984.0000,1984.0000,1984.0000,1984.0000,1984.0000,1984.0000,1984.0000
2024-10-30 12:34:28, , , ,35.8000,1984.0000,1984.0000,1984.0000,1984.0000,1984.0000,1984.0000,1984.0000,1984.0000,1984.0000,1984.0000,1984.0000,1984.0000,1984.0000,1984.0000
2024-10-30 12:34:28, , , ,35.8000,1984.0000,1984.0000,1984.0000,1984.0000,1984.0000,1984.0000,1984.0000,1984.0000,1984.0000,1984.0000,1984.0000,1984.0000,1984.0000,1984.0000
2024-10-30 12:34:29, , , ,35.8000,1984.0000,1984.0000,1984.0000,1984.0000,1984.0000,1984.0000,1984.0000,1984.0000,1984.0000,1984.0000,1984.0000,1984.0000,1984.0000,1984.0000
2024-10-30 12:34:29, , , ,35.8000,1984.0000,1984.0000,1984.0000,1984.0000,1984.0000,1984.0000,1984.0000,1984.0000,1984.0000,1984.0000,1984.0000,1984.0000,1984.0000,1984.0000
2024-10-30 12:34:29, , , ,35.8000,1984.0000,1984.0000,1984.0000,1984.0000,1984.0000,1984.0000,1984.0000,1984.0000,1984.0000,1984.0000,1984.0000,1984.0000,1984.0000,1984.0000
2024-10-30 12:34:29, , , ,35.8000,1984.0000,1984.0000,1984.0000,1984.0000,1984.0000,1984.0000,1984.0000,1984.0000,1984.0000,1984.0000,1984.0000,1984.0000,1984.0000,1984.0000
2024-10-30 12:34:29, , , ,35.8000,1984.0000,1984.0000,1984.0000,1984.0000,1984.0000,1984.0000,1984.0000,1984.0000,1984.0000,1984.0000,1984.0000,1984.0000,1984.0000,1984.0000
2024-10-30 12:34:29, , , ,35.8000,1984.0000,1984.0000,1984.0000,1984.0000,1984.0000,1984.0000,1984.0000,1984.0000,1984.0000,1984.0000,1984.0000,1984.0000,1984.0000,1984.0000
2024-10-30 12:34:30, , , ,35.8000,1984.0000,1984.0000,1984.0000,1984.0000,1984.0000,1984.0000,1984.0000,1984.0000,1984.0000,1984.0000,1984.0000,1984.0000,1984.0000,1984.0000
2024-10-30 12:34:30, , , ,35.8000,1984.0000,1984.0000,1984.0000,1984.0000,1984.0000,1984.0000,1984.0000,1984.0000,1984.0000,1984.0000,1984.0000,1984.0000,1984.0000,1984.0000
2024-10-30 12:34:30, , , ,35.8000,1984.0000,1984.0000,1984.0000,1984.0000,1984.0000,1984.0000,1984.0000,1984.0000,1984.0000,1984.0000,1984.0000,1984.0000,1984.0000,1984.0000
2024-10-30 12:34:30, , , ,35.8000,1984.0000,1984.0000,1984.0000,1984.0000,1984.0000,1984.0000,1984.0000,1984.0000,1984.0000,1984.0000,1984.0000,1984.0000,1984.0000,1984.0000
2024-10-30 12:34:30, , , ,35.8000,1984.0000,1984.0000,1984.0000,1984.0000,1984.0000,1984.0000,1984.0000,1984.0000,1984.0000,1984.0000,1984.0000,1984.0000,1984.0000,1984.0000
2024-10-30 12:34:30, , , ,35.8000,1984.0000,1984.0000,1984.0000,1984.0000,1984.0000,1984.0000,1984.0000,1984.0000,1984.0000,1984.0000,1984.0000,1984.0000,1984.0000,1984.0000
2024-10-30 12:34:31, , , ,35.8000,1984.0000,1984.0000,1984.0000,1984.0000,1984.0000,1984.0000,1984.0000,1984.0000,1984.0000,1984.0000,1984.0000,1984.0000,1984.0000,1984.0000
2024-10-30 12:34:31, , , ,35.8000,1984.0000,1984.0000,1984.0000,1984.0000,1984.0000,1984.0000,1984.0000,1984.0000,1984.0000,1984.0000,1984.0000,1984.0000,1984.0000,1984.0000
2024-10-30 12:34:31, , , ,35.8000,1984.0000,1984.0000,1984.0000,1984.0000,1984.0000,1984.0000,1984.0000,1984.0000,1984.0000,1984.0000,1984.0000,1984.0000,1984.0000,1984.0000
2024-10-30 12:34:31, , , ,35.8000,1984.0000,1984.0000,1984.0000,1984.0000,1984.0000,1984.0000,1984.0000,1984.0000,1984.0000,1984.0000,1984.0000,1984.0000,1984.0000,1984.0000
2024-10-30 12:34:31, , , ,35.8000,1984.0000,1984.0000,1984.0000,1984.0000,1984.0000,1984.0000,1984.0000,1984.0000,1984.0000,1984.0000,1984.0000,1984.0000,1984.0000,1984.0000
2024-10-30 12:34:31, , , ,35.8000,1984.0000,1984.0000,1984.0000,1984.0000,1984.0000,1984.0000,1984.0000,1984.0000,1984.0000,1984.0000,1984.0000,1984.0000,1984.0000,1984.0000
2024-10-30 12:34:32, , , ,35.8000,1984.0000,1984.0000,1984.0000,1984.0000,1984.0000,1984.0000,1984.0000,1984.0000,1984.0000,1984.0000,1984.0000,1984.0000,1984.0000,1984.0000
2024-10-30 12:34:32, , , ,35.8000,1984.0000,1984.0000,1984.0000,1984.0000,1984.0000,1984.0000,1984.0000,1984.0000,1984.0000,1984.0000,1984.0000,1984.0000,1984.0000,1984.0000
2024-10-30 12:34:32, , , ,35.8000,1984.0000,1984.0000,1984.0000,1984.0000,1984.0000,1984.0000,1984.0000,1984.0000,1984.0000,1984.0000,1984.0000,1984.0000,1984.0000,1984.0000
2024-10-30 12:34:32, , , ,35.8000,1984.0000,1984.0000,1984.0000,1984.0000,1984.0000,1984.0000,1984.0000,1984.0000,1984.0000,1984.0000,1984.0000,1984.0000,1984.0000,1984.0000
2024-10-30 12:34:32, , , ,35.8000,1984.0000,1984.0000,1984.0000,1984.0000,1984.0000,1984.0000,1984.0000,1984.0000,1984.0000,1984.0000,1984.0000,1984.0000,1984.0000,1984.0000
2024-10-30 12:34:32, , , ,35.8000,1984.0000,1984.0000,1984.0000,1984.0000,1984.0000,1984.0000,1984.0000,1984.0000,1984.0000,1984.0000,1984.0000,1984.0000,1984.0000,1984.0000
2024-10-30 12:34:33, , , ,35.8000,1984.0000,1984.0000,1984.0000,1984.0000,1984.0000,1984.0000,1984.0000,1984.0000,1984.0000,1984.0000,1984.0000,1984.0000,1984.0000,1984.0000
2024-10-30 12:34:33, , , ,35.8000,1984.0000,1984.0000,1984.0000,1984.0000,1984.0000,1984.0000,1984.0000,1984.0000,1984.0000,1984.0000,1984.0000,1984.0000,1984.0000,1984.0000
2024-10-30 12:34:33, , , ,35.8000,1984.0000,1984.0000,1984.0000,1984.0000,1984.0000,1984.0000,1984.0000,1984.0000,1984.0000,1984.0000,1984.0000,1984.0000,1984.0000,1984.0000
2024-10-30 12:34:33, , , ,35.8000,1984.0000,1984.0000,1984.0000,1984.0000,1984.0000,1984.0000,1984.0000,1984.0000,1984.0000,1984.0000,1984.0000,1984.0000,1984.0000,1984.0000
2024-10-30 12:34:33, , , ,35.8000,1984.0000,1984.0000,1984.0000,1984.0000,1984.0000,1984.0000,1984.0000,1984.0000,1984.0000,1984.0000,1984.0000,1984.0000,1984.0000,1984.0000
2024-10-30 12:34:33, , , ,35.8000,1984.0000,1984.0000,1984.0000,1984.0000,1984.0000,1984.0000,1984.0000,1984.0000,1984.0000,1984.0000,1984.0000,1984.0000,1984.0000,1984.0000
2024-10-30 12:34:34, , , ,35.8000,1984.0000,1984.0000,1984.0000,1984.0000,1984.0000,1984.0000,1984.0000,1984.0000,1984.0000,1984.0000,1984.0000,1984.0000,1984.0000,1984.0000
2024-10-30 12:34:34, , , ,35.8000,1984.0000,1984.0000,1984.0000,1984.0000,1984.0000,1984.0000,1984.0000,1984.0000,1984.0000,1984.0000,1984.0000,1984.0000,1984.0000,1984.0000
2024-10-30 12:34:34, , , ,35.8000,1984.0000,1984.0000,1984.0000,1984.0000,1984.0000,1984.0000,1984.0000,1984.0000,1984.0000,1984.0000,1984.0000,1984.0000,1984.0000,1984.0000
2024-10-30 12:34:34, , , ,35.8000,1984.0000,1984.0000,1984.0000,1984.0000,1984.0000,1984.0000,1984.0000,1984.0000,1984.0000,1984.0000,1984.0000,1984.0000,1984.0000,1984.0000
2024-10-30 12:34:34, , , ,35.8000,1984.0000,1984.0000,1984.0000,1984.0000,1984.0000,1984.0000,1984.0000,1984.0000,1984.0000,1984.0000,1984.0000,1984.0000,1984.0000,1984.0000
2024-10-30 12:34:34, , , ,35.8000,1984.0000,1984.0000,1984.0000,1984.0000,1984.0000,1984.0000,1984.0000,1984.0000,1984.0000,1984.0000,1984.0000,1984.0000,1984.0000,1984.0000
2024-10-30 12:34:35, , , ,35.8000,1984.0000,1984.0000,1984.0000,1984.0000,1984.0000,1984.0000,1984.0000,1984.0000,1984.0000,1984.0000,1984.0000,1984.0000,1984.0000,1984.0000
2024-10-30 12:34:35, , , ,35.8000,1984.0000,1984.0000,1984.0000,1984.0000,1984.0000,1984.0000,1984.0000,1984.0000,1984.0000,1984.0000,1984.0000,1984.0000,1984.0000,1984.0000
2024-10-30 12:34:35, , , ,35.8000,1984.0000,1984.0000,1984.0000,1984.0000,1984.0000,1984.0000,1984.0000,1984.0000,1984.0000,1984.0000,1984.0000,1984.0000,1984.0000,1984.0000
2024-10-30 12:34:35, , , ,35.8000,1984.0000,1984.0000,1984.0000,1984.0000,1984.0000,1984.0000,1984.0000,1984.0000,1984.0000,1984.0000,1984.0000,1984.0000,1984.0000,1984.0000
2024-10-30 12:34:35, , , ,35.8000,1984.0000,1984.0000,1984.0000,1984.0000,1984.0000,1984.0000,1984.0000,1984.0000,1984.0000,1984.0000,1984.0000,1984.0000,1984.0000,1984.0000
2024-10-30 12:34:35, , , ,35.8000,1984.0000,1984.0000,1984.0000,1984.0000,1984.0000,1984.0000,1984.0000,1984.0000,1984.0000,1984.0000,1984.0000,1984.0000,1984.0000,1984.0000
2024-10-30 12:34:35, , , ,35.8000,1984.0000,1984.0000,1984.0000,1984.0000,1984.0000,1984.0000,1984.0000,1984.0000,1984.0000,1984.0000,1984.0000,1984.0000,1984.0000,1984.0000
2024-10-30 12:34:36, , , ,35.8000,1984.0000,1984.0000,1984.0000,1984.0000,1984.0000,1984.0000,1984.0000,1984.0000,1984.0000,1984.0000,1984.0000,1984.0000,1984.0000,1984.0000
2024-10-30 12:34:36, , , ,35.8000,1984.0000,1984.0000,1984.0000,1984.0000,1984.0000,1984.0000,1984.0000,1984.0000,1984.0000,1984.0000,1984.0000,1984.0000,1984.0000,1984.0000
2024-10-30 12:34:36, , , ,35.8000,1984.0000,1984.0000,1984.0000,1984.0000,1984.0000,1984.0000,1984.0000,1984.0000,1984.0000,1984.0000,1984.0000,1984.0000,1984.0000,1984.0000
2024-10-30 12:34:36, , , ,35.8000,1984.0000,1984.0000,1984.0000,1984.0000,1984.0000,1984.0000,1984.0000,1984.0000,1984.0000,1984.0000,1984.0000,1984.0000,1984.0000,1984.0000
2024-10-30 12:34:36, , , ,35.8000,1984.0000,1984.0000,1984.0000,1984.0000,1984.0000,1984.0000,1984.0000,1984.0000,1984.0000,1984.0000,1984.0000,1984.0000,1984.0000,1984.0000
2024-10-30 12:34:36, , , ,35.8000,1984.0000,1984.0000,1984.0000,1984.0000,1984.0000,1984.0000,1984.0000,1984.0000,1984.0000,1984.0000,1984.0000,1984.0000,1984.0000,1984.0000
2024-10-30 12:34:37, , , ,35.8000,1984.0000,1984.0000,1984.0000,1984.0000,1984.0000,1984.0000,1984.0000,1984.0000,1984.0000,1984.0000,1984.0000,1984.0000,1984.0000,1984.0000
2024-10-30 12:34:37, , , ,35.8000,1984.0000,1984.0000,1984.0000,1984.0000,1984.0000,1984.0000,1984.0000,1984.0000,1984.0000,1984.0000,1984.0000,1984.0000,1984.0000,1984.0000
2024-10-30 12:34:37, , , ,35.8000,1984.0000,1984.0000,1984.0000,1984.0000,1984.0000,1984.0000,1984.0000,1984.0000,1984.0000,1984.0000,1984.0000,1984.0000,1984.0000,1984.0000
2024-10-30 12:34:37, , , ,35.8000,1984.0000,1984.0000,1984.0000,1984.0000,1984.0000,1984.0000,1984.0000,1984.0000,1984.0000,1984.0000,1984.0000,1984.0000,1984.0000,1984.0000
2024-10-30 12:34:37, , , ,35.8000,1984.0000,1984.0000,1984.0000,1984.0000,1984.0000,1984.0000,1984.0000,1984.0000,1984.0000,1984.0000,1984.0000,1984.0000,1984.0000,1984.0000
2024-10-30 12:34:37, , , ,35.8000,1984.0000,1984.0000,1984.0000,1984.0000,1984.0000,1984.0000,1984.0000,1984.0000,1984.0000,1984.0000,1984.0000,1984.0000,1984.0000,1984.0000
2024-10-30 12:34:38, , , ,35.8000,1984.0000,1984.0000,1984.0000,1984.0000,1984.0000,1984.0000,1984.0000,1984.0000,1984.0000,1984.0000,1984.0000,1984.0000,1984.0000,1984.0000
2024-10-30 12:34:38, , , ,35.8000,1984.0000,1984.0000,1984.0000,1984.0000,1984.0000,1984.0000,1984.0000,1984.0000,1984.0000,1984.0000,1984.0000,1984.0000,1984.0000,1984.0000
2024-10-30 12:34:38, , , ,35.8000,1984.0000,1984.0000,1984.0000,1984.0000,1984.0000,1984.0000,1984.0000,1984.0000,1984.0000,1984.0000,1984.0000,1984.0000,1984.0000,1984.0000
2024-10-30 12:34:38, , , ,35.8000,1984.0000,1984.0000,1984.0000,1984.0000,1984.0000,1984.0000,1984.0000,1984.0000,1984.0000,1984.0000,1984.0000,1984.0000,1984.0000,1984.0000
2024-10-30 12:34:38, , , ,35.8000,1984.0000,1984.0000,1984.0000,1984.0000,1984.0000,1984.0000,1984.0000,1984.0000,1984.0000,1984.0000,1984.0000,1984.0000,1984.0000,1984.0000
2024-10-30 12:34:38, , , ,35.8000,1984.0000,1984.0000,1984.0000,1984.0000,1984.0000,1984.0000,1984.0000,1984.0000,1984.0000,1984.0000,1984.0000,1984.0000,1984.0000,1984.0000
2024-10-30 12:34:39, , , ,35.8000,1984.0000,1984.0000,1984.0000,1984.0000,1984.0000,1984.0000,1984.0000,1984.0000,1984.0000,1984.0000,1984.0000,1984.0000,1984.0000,1984.0000
2024-10-30 12:34:39, , , ,35.8000,1984.0000,1984.0000,1984.0000,1984.0000,1984.0000,1984.0000,1984.0000,1984.0000,1984.0000,1984.0000,1984.0000,1984.0000,1984.0000,1984.0000
2024-10-30 12:34:39, , , ,35.8000,1984.0000,1984.0000,1984.0000,1984.0000,1984.0000,1984.0000,1984.0000,1984.0000,1984.0000,1984.0000,1984.0000,1984.0000,1984.0000,1984.0000
2024-10-30 12:34:39, , , ,35.8000,1984.0000,1984.0000,1984.0000,1984.0000,1984.0000,1984.0000,1984.0000,1984.0000,1984.0000,1984.0000,1984.0000,1984.0000,1984.0000,1984.0000
2024-10-30 12:34:39, , , ,35.8000,1984.0000,1984.0000,1984.0000,1984.0000,1984.0000,1984.0000,1984.0000,1984.0000,1984.0000,1984.0000,1984.0000,1984.0000,1984.0000,1984.0000
2024-10-30 12:34:39, , , ,35.8000,1984.0000,1984.0000,1984.0000,1984.0000,1984.0000,1984.0000,1984.0000,1984.0000,1984.0000,1984.0000,1984.0000,1984.0000,1984.0000,1984.0000
2024-10-30 12:34:40, , , ,35.8000,1984.0000,1984.0000,1984.0000,1984.0000,1984.0000,1984.0000,1984.0000,1984.0000,1984.0000,1984.0000,1984.0000,1984.0000,1984.0000,1984.0000
2024-10-30 12:34:40, , , ,35.8000,1984.0000,1984.0000,1984.0000,1984.0000,1984.0000,1984.0000,1984.0000,1984.0000,1984.0000,1984.0000,1984.0000,1984.0000,1984.0000,1984.0000
2024-10-30 12:34:40, , , ,35.8000,1984.0000,1984.0000,1984.0000,1984.0000,1984.0000,1984.0000,1984.0000,1984.0000,1984.0000,1984.0000,1984.0000,1984.0000,1984.0000,1984.0000
2024-10-30 12:34:40, , , ,35.8000,1984.0000,1984.0000,1984.0000,1984.0000,1984.0000,1984.0000,1984.0000,1984.0000,1984.0000,1984.0000,1984.0000,1984.0000,1984.0000,1984.0000
2024-10-30 12:34:40, , , ,35.8000,1984.0000,1984.0000,1984.0000,1984.0000,1984.0000,1984.0000,1984.0000,1984.0000,1984.0000,1984.0000,1984.0000,1984.0000,1984.0000,1984.0000
2024-10-30 12:34:40, , , ,35.8000,1984.0000,1984.0000,1984.0000,1984.0000,1984.0000,1984.0000,1984.0000,1984.0000,1984.0000,1984.0000,1984.0000,1984.0000,1984.0000,1984.0000
2024-10-30 12:34:41, , , ,35.8000,1984.0000,1984.0000,1984.0000,1984.0000,1984.0000,1984.0000,1984.0000,1984.0000,1984.0000,1984.0000,1984.0000,1984.0000,1984.0000,1984.0000
2024-10-30 12:34:41, , , ,35.8000,1984.0000,1984.0000,1984.0000,1984.0000,1984.0000,1984.0000,1984.0000,1984.0000,1984.0000,1984.0000,1984.0000,1984.0000,1984.0000,1984.0000
2024-10-30 12:34:41, , , ,35.7000,1984.0000,1984.0000,1984.0000,1984.0000,1984.0000,1984.0000,1984.0000,1984.0000,1984.0000,1984.0000,1984.0000,1984.0000,1984.0000,1984.0000
2024-10-30 12:34:41, , , ,35.7000,1984.0000,1984.0000,1984.0000,1984.0000,1984.0000,1984.0000,1984.0000,1984.0000,1984.0000,1984.0000,1984.0000,1984.0000,1984.0000,1984.0000
2024-10-30 12:34:41, , , ,35.7000,1984.0000,1984.0000,1984.0000,1984.0000,1984.0000,1984.0000,1984.0000,1984.0000,1984.0000,1984.0000,1984.0000,1984.0000,1984.0000,1984.0000
2024-10-30 12:34:41, , , ,35.7000,1984.0000,1984.0000,1984.0000,1984.0000,1984.0000,1984.0000,1984.0000,1984.0000,1984.0000,1984.0000,1984.0000,1984.0000,1984.0000,1984.0000
2024-10-30 12:34:42, , , ,35.7000,1984.0000,1984.0000,1984.0000,1984.0000,1984.0000,1984.0000,1984.0000,1984.0000,1984.0000,1984.0000,1984.0000,1984.0000,1984.0000,1984.0000
2024-10-30 12:34:42, , , ,35.7000,1984.0000,1984.0000,1984.0000,1984.0000,1984.0000,1984.0000,1984.0000,1984.0000,1984.0000,1984.0000,1984.0000,1984.0000,1984.0000,1984.0000
2024-10-30 12:34:42, , , ,35.7000,1984.0000,1984.0000,1984.0000,1984.0000,1984.0000,1984.0000,1984.0000,1984.0000,1984.0000,1984.0000,1984.0000,1984.0000,1984.0000,1984.0000
2024-10-30 12:34:42, , , ,35.7000,1984.0000,1984.0000,1984.0000,1984.0000,1984.0000,1984.0000,1984.0000,1984.0000,1984.0000,1984.0000,1984.0000,1984.0000,1984.0000,1984.0000
2024-10-30 12:34:42, , , ,35.6000,1984.0000,1984.0000,1984.0000,1984.0000,1984.0000,1984.0000,1984.0000,1984.0000,1984.0000,1984.0000,1984.0000,1984.0000,1984.0000,1984.0000
2024-10-30 12:34:42, , , ,35.6000,1984.0000,1984.0000,1984.0000,1984.0000,1984.0000,1984.0000,1984.0000,1984.0000,1984.0000,1984.0000,1984.0000,1984.0000,1984.0000,1984.0000
2024-10-30 12:34:42, , , ,35.6000,1984.0000,1984.0000,1984.0000,1984.0000,1984.0000,1984.0000,1984.0000,1984.0000,1984.0000,1984.0000,1984.0000,1984.0000,1984.0000,1984.0000
2024-10-30 12:34:43, , , ,35.6000,1984.0000,1984.0000,1984.0000,1984.0000,1984.0000,1984.0000,1984.0000,1984.0000,1984.0000,1984.0000,1984.0000,1984.0000,1984.0000,1984.0000
2024-10-30 12:34:43, , , ,35.5000,1984.0000,1984.0000,1984.0000,1984.0000,1984.0000,1984.0000,1984.0000,1984.0000,1984.0000,1984.0000,1984.0000,1984.0000,1984.0000,1984.0000
2024-10-30 12:34:43, , , ,35.5000,1984.0000,1984.0000,1984.0000,1984.0000,1984.0000,1984.0000,1984.0000,1984.0000,1984.0000,1984.0000,1984.0000,1984.0000,1984.0000,1984.0000
2024-10-30 12:34:43, , , ,35.5000,1984.0000,1984.0000,1984.0000,1984.0000,1984.0000,1984.0000,1984.0000,1984.0000,1984.0000,1984.0000,1984.0000,1984.0000,1984.0000,1984.0000
2024-10-30 12:34:43, , , ,35.5000,1984.0000,1984.0000,1984.0000,1984.0000,1984.0000,1984.0000,1984.0000,1984.0000,1984.0000,1984.0000,1984.0000,1984.0000,1984.0000,1984.0000
2024-10-30 12:34:43, , , ,35.5000,1984.0000,1984.0000,1984.0000,1984.0000,1984.0000,1984.0000,1984.0000,1984.0000,1984.0000,1984.0000,1984.0000,1984.0000,1984.0000,1984.0000
2024-10-30 12:34:44, , , ,35.5000,1984.0000,1984.0000,1984.0000,1984.0000,1984.0000,1984.0000,1984.0000,1984.0000,1984.0000,1984.0000,1984.0000,1984.0000,1984.0000,1984.0000
2024-10-30 12:34:44, , , ,35.5000,1984.0000,1984.0000,1984.0000,1984.0000,1984.0000,1984.0000,1984.0000,1984.0000,1984.0000,1984.0000,1984.0000,1984.0000,1984.0000,1984.0000
2024-10-30 12:34:44, , , ,35.5000,1984.0000,1984.0000,1984.0000,1984.0000,1984.0000,1984.0000,1984.0000,1984.0000,1984.0000,1984.0000,1984.0000,1984.0000,1984.0000,1984.0000
2024-10-30 12:34:44, , , ,35.5000,1984.0000,1984.0000,1984.0000,1984.0000,1984.0000,1984.0000,1984.0000,1984.0000,1984.0000,1984.0000,1984.0000,1984.0000,1984.0000,1984.0000
2024-10-30 12:34:44, , , ,35.4000,1984.0000,1984.0000,1984.0000,1984.0000,1984.0000,1984.0000,1984.0000,1984.0000,1984.0000,1984.0000,1984.0000,1984.0000,1984.0000,1984.0000
2024-10-30 12:34:44, , , ,35.4000,1984.0000,1984.0000,1984.0000,1984.0000,1984.0000,1984.0000,1984.0000,1984.0000,1984.0000,1984.0000,1984.0000,1984.0000,1984.0000,1984.0000
2024-10-30 12:34:45, , , ,35.4000,1984.0000,1984.0000,1984.0000,1984.0000,1984.0000,1984.0000,1984.0000,1984.0000,1984.0000,1984.0000,1984.0000,1984.0000,1984.0000,1984.0000
2024-10-30 12:34:45, , , ,35.4000,1984.0000,1984.0000,1984.0000,1984.0000,1984.0000,1984.0000,1984.0000,1984.0000,1984.0000,1984.0000,1984.0000,1984.0000,1984.0000,1984.0000
2024-10-30 12:34:45, , , ,35.4000,1984.0000,1984.0000,1984.0000,1984.0000,1984.0000,1984.0000,1984.0000,1984.0000,1984.0000,1984.0000,1984.0000,1984.0000,1984.0000,1984.0000
2024-10-30 12:34:45, , , ,35.4000,1984.0000,1984.0000,1984.0000,1984.0000,1984.0000,1984.0000,1984.0000,1984.0000,1984.0000,1984.0000,1984.0000,1984.0000,1984.0000,1984.0000
2024-10-30 12:34:45, , , ,35.4000,1984.0000,1984.0000,1984.0000,1984.0000,1984.0000,1984.0000,1984.0000,1984.0000,1984.0000,1984.0000,1984.0000,1984.0000,1984.0000,1984.0000
2024-10-30 12:34:45, , , ,35.4000,1984.0000,1984.0000,1984.0000,1984.0000,1984.0000,1984.0000,1984.0000,1984.0000,1984.0000,1984.0000,1984.0000,1984.0000,1984.0000,1984.0000
