Timestamp,Heater,Max Power,PWM Cycle Time,ch1,ch2,ch3,ch4,ch5,ch6,ch7,ch8,ch9,ch10,ch11,ch12,ch13,ch14,ch15,ch16
2024-11-08 11:43:49, , , ,22.9000,1984.0000,1984.0000,1984.0000,1984.0000,1984.0000,1984.0000,1984.0000,1984.0000,1984.0000,1984.0000,1984.0000,1984.0000,1984.0000,1984.0000
2024-11-08 11:43:49, , , ,23.0000,1984.0000,1984.0000,1984.0000,1984.0000,1984.0000,1984.0000,1984.0000,1984.0000,1984.0000,1984.0000,1984.0000,1984.0000,1984.0000,1984.0000
2024-11-08 11:43:50, , , ,23.0000,1984.0000,1984.0000,1984.0000,1984.0000,1984.0000,1984.0000,1984.0000,1984.0000,1984.0000,1984.0000,1984.0000,1984.0000,1984.0000,1984.0000
2024-11-08 11:43:50, , , ,22.9000,1984.0000,1984.0000,1984.0000,1984.0000,1984.0000,1984.0000,1984.0000,1984.0000,1984.0000,1984.0000,1984.0000,1984.0000,1984.0000,1984.0000
2024-11-08 11:43:50, , , ,22.9000,1984.0000,1984.0000,1984.0000,1984.0000,1984.0000,1984.0000,1984.0000,1984.0000,1984.0000,1984.0000,1984.0000,1984.0000,1984.0000,1984.0000
2024-11-08 11:43:51, , , ,22.9000,1984.0000,1984.0000,1984.0000,1984.0000,1984.0000,1984.0000,1984.0000,1984.0000,1984.0000,1984.0000,1984.0000,1984.0000,1984.0000,1984.0000
2024-11-08 11:43:51, , , ,22.9000,1984.0000,1984.0000,1984.0000,1984.0000,1984.0000,1984.0000,1984.0000,1984.0000,1984.0000,1984.0000,1984.0000,1984.0000,1984.0000,1984.0000
2024-11-08 11:43:51, , , ,22.9000,1984.0000,1984.0000,1984.0000,1984.0000,1984.0000,1984.0000,1984.0000,1984.0000,1984.0000,1984.0000,1984.0000,1984.0000,1984.0000,1984.0000
2024-11-08 11:43:51, , , ,22.9000,1984.0000,1984.0000,1984.0000,1984.0000,1984.0000,1984.0000,1984.0000,1984.0000,1984.0000,1984.0000,1984.0000,1984.0000,1984.0000,1984.0000
2024-11-08 11:43:51, , , ,23.0000,1984.0000,1984.0000,1984.0000,1984.0000,1984.0000,1984.0000,1984.0000,1984.0000,1984.0000,1984.0000,1984.0000,1984.0000,1984.0000,1984.0000
2024-11-08 11:43:51, , , ,22.9000,1984.0000,1984.0000,1984.0000,1984.0000,1984.0000,1984.0000,1984.0000,1984.0000,1984.0000,1984.0000,1984.0000,1984.0000,1984.0000,1984.0000
2024-11-08 11:43:52, , , ,22.9000,1984.0000,1984.0000,1984.0000,1984.0000,1984.0000,1984.0000,1984.0000,1984.0000,1984.0000,1984.0000,1984.0000,1984.0000,1984.0000,1984.0000
2024-11-08 11:43:52, , , ,23.0000,1984.0000,1984.0000,1984.0000,1984.0000,1984.0000,1984.0000,1984.0000,1984.0000,1984.0000,1984.0000,1984.0000,1984.0000,1984.0000,1984.0000
2024-11-08 11:43:52, , , ,23.0000,1984.0000,1984.0000,1984.0000,1984.0000,1984.0000,1984.0000,1984.0000,1984.0000,1984.0000,1984.0000,1984.0000,1984.0000,1984.0000,1984.0000
2024-11-08 11:43:52, , , ,23.0000,1984.0000,1984.0000,1984.0000,1984.0000,1984.0000,1984.0000,1984.0000,1984.0000,1984.0000,1984.0000,1984.0000,1984.0000,1984.0000,1984.0000
2024-11-08 11:43:52, , , ,23.0000,1984.0000,1984.0000,1984.0000,1984.0000,1984.0000,1984.0000,1984.0000,1984.0000,1984.0000,1984.0000,1984.0000,1984.0000,1984.0000,1984.0000
2024-11-08 11:43:52, , , ,23.0000,1984.0000,1984.0000,1984.0000,1984.0000,1984.0000,1984.0000,1984.0000,1984.0000,1984.0000,1984.0000,1984.0000,1984.0000,1984.0000,1984.0000
2024-11-08 11:43:53, , , ,23.0000,1984.0000,1984.0000,1984.0000,1984.0000,1984.0000,1984.0000,1984.0000,1984.0000,1984.0000,1984.0000,1984.0000,1984.0000,1984.0000,1984.0000
2024-11-08 11:43:53, , , ,23.0000,1984.0000,1984.0000,1984.0000,1984.0000,1984.0000,1984.0000,1984.0000,1984.0000,1984.0000,1984.0000,1984.0000,1984.0000,1984.0000,1984.0000
2024-11-08 11:43:53, , , ,22.9000,1984.0000,1984.0000,1984.0000,1984.0000,1984.0000,1984.0000,1984.0000,1984.0000,1984.0000,1984.0000,1984.0000,1984.0000,1984.0000,1984.0000
2024-11-08 11:43:53, , , ,22.9000,1984.0000,1984.0000,1984.0000,1984.0000,1984.0000,1984.0000,1984.0000,1984.0000,1984.0000,1984.0000,1984.0000,1984.0000,1984.0000,1984.0000
2024-11-08 11:43:53, , , ,22.9000,1984.0000,1984.0000,1984.0000,1984.0000,1984.0000,1984.0000,1984.0000,1984.0000,1984.0000,1984.0000,1984.0000,1984.0000,1984.0000,1984.0000
2024-11-08 11:43:53, , , ,22.9000,1984.0000,1984.0000,1984.0000,1984.0000,1984.0000,1984.0000,1984.0000,1984.0000,1984.0000,1984.0000,1984.0000,1984.0000,1984.0000,1984.0000
2024-11-08 11:43:54, , , ,22.9000,1984.0000,1984.0000,1984.0000,1984.0000,1984.0000,1984.0000,1984.0000,1984.0000,1984.0000,1984.0000,1984.0000,1984.0000,1984.0000,1984.0000
2024-11-08 11:43:54, , , ,22.9000,1984.0000,1984.0000,1984.0000,1984.0000,1984.0000,1984.0000,1984.0000,1984.0000,1984.0000,1984.0000,1984.0000,1984.0000,1984.0000,1984.0000
2024-11-08 11:43:54, , , ,22.9000,1984.0000,1984.0000,1984.0000,1984.0000,1984.0000,1984.0000,1984.0000,1984.0000,1984.0000,1984.0000,1984.0000,1984.0000,1984.0000,1984.0000
2024-11-08 11:43:54, , , ,22.9000,1984.0000,1984.0000,1984.0000,1984.0000,1984.0000,1984.0000,1984.0000,1984.0000,1984.0000,1984.0000,1984.0000,1984.0000,1984.0000,1984.0000
2024-11-08 11:43:54, , , ,22.9000,1984.0000,1984.0000,1984.0000,1984.0000,1984.0000,1984.0000,1984.0000,1984.0000,1984.0000,1984.0000,1984.0000,1984.0000,1984.0000,1984.0000
2024-11-08 11:43:54, , , ,22.9000,1984.0000,1984.0000,1984.0000,1984.0000,1984.0000,1984.0000,1984.0000,1984.0000,1984.0000,1984.0000,1984.0000,1984.0000,1984.0000,1984.0000
2024-11-08 11:43:55, , , ,22.9000,1984.0000,1984.0000,1984.0000,1984.0000,1984.0000,1984.0000,1984.0000,1984.0000,1984.0000,1984.0000,1984.0000,1984.0000,1984.0000,1984.0000
2024-11-08 11:43:55, , , ,22.9000,1984.0000,1984.0000,1984.0000,1984.0000,1984.0000,1984.0000,1984.0000,1984.0000,1984.0000,1984.0000,1984.0000,1984.0000,1984.0000,1984.0000
2024-11-08 11:43:55, , , ,22.9000,1984.0000,1984.0000,1984.0000,1984.0000,1984.0000,1984.0000,1984.0000,1984.0000,1984.0000,1984.0000,1984.0000,1984.0000,1984.0000,1984.0000
2024-11-08 11:43:55, , , ,22.9000,1984.0000,1984.0000,1984.0000,1984.0000,1984.0000,1984.0000,1984.0000,1984.0000,1984.0000,1984.0000,1984.0000,1984.0000,1984.0000,1984.0000
2024-11-08 11:43:55, , , ,22.9000,1984.0000,1984.0000,1984.0000,1984.0000,1984.0000,1984.0000,1984.0000,1984.0000,1984.0000,1984.0000,1984.0000,1984.0000,1984.0000,1984.0000
2024-11-08 11:43:55, , , ,22.9000,1984.0000,1984.0000,1984.0000,1984.0000,1984.0000,1984.0000,1984.0000,1984.0000,1984.0000,1984.0000,1984.0000,1984.0000,1984.0000,1984.0000
2024-11-08 11:43:55, , , ,22.9000,1984.0000,1984.0000,1984.0000,1984.0000,1984.0000,1984.0000,1984.0000,1984.0000,1984.0000,1984.0000,1984.0000,1984.0000,1984.0000,1984.0000
2024-11-08 11:43:56, , , ,22.9000,1984.0000,1984.0000,1984.0000,1984.0000,1984.0000,1984.0000,1984.0000,1984.0000,1984.0000,1984.0000,1984.0000,1984.0000,1984.0000,1984.0000
2024-11-08 11:43:56, , , ,22.9000,1984.0000,1984.0000,1984.0000,1984.0000,1984.0000,1984.0000,1984.0000,1984.0000,1984.0000,1984.0000,1984.0000,1984.0000,1984.0000,1984.0000
2024-11-08 11:43:56, , , ,22.9000,1984.0000,1984.0000,1984.0000,1984.0000,1984.0000,1984.0000,1984.0000,1984.0000,1984.0000,1984.0000,1984.0000,1984.0000,1984.0000,1984.0000
2024-11-08 11:43:56, , , ,22.9000,1984.0000,1984.0000,1984.0000,1984.0000,1984.0000,1984.0000,1984.0000,1984.0000,1984.0000,1984.0000,1984.0000,1984.0000,1984.0000,1984.0000
2024-11-08 11:43:56, , , ,22.9000,1984.0000,1984.0000,1984.0000,1984.0000,1984.0000,1984.0000,1984.0000,1984.0000,1984.0000,1984.0000,1984.0000,1984.0000,1984.0000,1984.0000
2024-11-08 11:43:56, , , ,23.0000,1984.0000,1984.0000,1984.0000,1984.0000,1984.0000,1984.0000,1984.0000,1984.0000,1984.0000,1984.0000,1984.0000,1984.0000,1984.0000,1984.0000
2024-11-08 11:43:57, , , ,23.0000,1984.0000,1984.0000,1984.0000,1984.0000,1984.0000,1984.0000,1984.0000,1984.0000,1984.0000,1984.0000,1984.0000,1984.0000,1984.0000,1984.0000
2024-11-08 11:43:57, , , ,22.9000,1984.0000,1984.0000,1984.0000,1984.0000,1984.0000,1984.0000,1984.0000,1984.0000,1984.0000,1984.0000,1984.0000,1984.0000,1984.0000,1984.0000
2024-11-08 11:43:57, , , ,22.9000,1984.0000,1984.0000,1984.0000,1984.0000,1984.0000,1984.0000,1984.0000,1984.0000,1984.0000,1984.0000,1984.0000,1984.0000,1984.0000,1984.0000
2024-11-08 11:43:57, , , ,22.9000,1984.0000,1984.0000,1984.0000,1984.0000,1984.0000,1984.0000,1984.0000,1984.0000,1984.0000,1984.0000,1984.0000,1984.0000,1984.0000,1984.0000
2024-11-08 11:43:57, , , ,22.9000,1984.0000,1984.0000,1984.0000,1984.0000,1984.0000,1984.0000,1984.0000,1984.0000,1984.0000,1984.0000,1984.0000,1984.0000,1984.0000,1984.0000
2024-11-08 11:43:57, , , ,22.9000,1984.0000,1984.0000,1984.0000,1984.0000,1984.0000,1984.0000,1984.0000,1984.0000,1984.0000,1984.0000,1984.0000,1984.0000,1984.0000,1984.0000
2024-11-08 11:43:58, , , ,22.9000,1984.0000,1984.0000,1984.0000,1984.0000,1984.0000,1984.0000,1984.0000,1984.0000,1984.0000,1984.0000,1984.0000,1984.0000,1984.0000,1984.0000
2024-11-08 11:43:58, , , ,22.9000,1984.0000,1984.0000,1984.0000,1984.0000,1984.0000,1984.0000,1984.0000,1984.0000,1984.0000,1984.0000,1984.0000,1984.0000,1984.0000,1984.0000
2024-11-08 11:43:58, , , ,23.0000,1984.0000,1984.0000,1984.0000,1984.0000,1984.0000,1984.0000,1984.0000,1984.0000,1984.0000,1984.0000,1984.0000,1984.0000,1984.0000,1984.0000
2024-11-08 11:43:58, , , ,23.0000,1984.0000,1984.0000,1984.0000,1984.0000,1984.0000,1984.0000,1984.0000,1984.0000,1984.0000,1984.0000,1984.0000,1984.0000,1984.0000,1984.0000
2024-11-08 11:43:58, , , ,23.0000,1984.0000,1984.0000,1984.0000,1984.0000,1984.0000,1984.0000,1984.0000,1984.0000,1984.0000,1984.0000,1984.0000,1984.0000,1984.0000,1984.0000
2024-11-08 11:43:58, , , ,22.9000,1984.0000,1984.0000,1984.0000,1984.0000,1984.0000,1984.0000,1984.0000,1984.0000,1984.0000,1984.0000,1984.0000,1984.0000,1984.0000,1984.0000
2024-11-08 11:43:59, , , ,22.9000,1984.0000,1984.0000,1984.0000,1984.0000,1984.0000,1984.0000,1984.0000,1984.0000,1984.0000,1984.0000,1984.0000,1984.0000,1984.0000,1984.0000
2024-11-08 11:43:59, , , ,22.9000,1984.0000,1984.0000,1984.0000,1984.0000,1984.0000,1984.0000,1984.0000,1984.0000,1984.0000,1984.0000,1984.0000,1984.0000,1984.0000,1984.0000
2024-11-08 11:43:59, , , ,22.9000,1984.0000,1984.0000,1984.0000,1984.0000,1984.0000,1984.0000,1984.0000,1984.0000,1984.0000,1984.0000,1984.0000,1984.0000,1984.0000,1984.0000
2024-11-08 11:43:59, , , ,22.9000,1984.0000,1984.0000,1984.0000,1984.0000,1984.0000,1984.0000,1984.0000,1984.0000,1984.0000,1984.0000,1984.0000,1984.0000,1984.0000,1984.0000
2024-11-08 11:43:59, , , ,22.9000,1984.0000,1984.0000,1984.0000,1984.0000,1984.0000,1984.0000,1984.0000,1984.0000,1984.0000,1984.0000,1984.0000,1984.0000,1984.0000,1984.0000
2024-11-08 11:43:59, , , ,22.8000,1984.0000,1984.0000,1984.0000,1984.0000,1984.0000,1984.0000,1984.0000,1984.0000,1984.0000,1984.0000,1984.0000,1984.0000,1984.0000,1984.0000
2024-11-08 11:44:00, , , ,22.8000,1984.0000,1984.0000,1984.0000,1984.0000,1984.0000,1984.0000,1984.0000,1984.0000,1984.0000,1984.0000,1984.0000,1984.0000,1984.0000,1984.0000
2024-11-08 11:44:00, , , ,22.9000,1984.0000,1984.0000,1984.0000,1984.0000,1984.0000,1984.0000,1984.0000,1984.0000,1984.0000,1984.0000,1984.0000,1984.0000,1984.0000,1984.0000
2024-11-08 11:44:00, , , ,22.9000,1984.0000,1984.0000,1984.0000,1984.0000,1984.0000,1984.0000,1984.0000,1984.0000,1984.0000,1984.0000,1984.0000,1984.0000,1984.0000,1984.0000
2024-11-08 11:44:00, , , ,22.9000,1984.0000,1984.0000,1984.0000,1984.0000,1984.0000,1984.0000,1984.0000,1984.0000,1984.0000,1984.0000,1984.0000,1984.0000,1984.0000,1984.0000
2024-11-08 11:44:00, , , ,22.9000,1984.0000,1984.0000,1984.0000,1984.0000,1984.0000,1984.0000,1984.0000,1984.0000,1984.0000,1984.0000,1984.0000,1984.0000,1984.0000,1984.0000
2024-11-08 11:44:00, , , ,23.0000,1984.0000,1984.0000,1984.0000,1984.0000,1984.0000,1984.0000,1984.0000,1984.0000,1984.0000,1984.0000,1984.0000,1984.0000,1984.0000,1984.0000
2024-11-08 11:44:01, , , ,23.0000,1984.0000,1984.0000,1984.0000,1984.0000,1984.0000,1984.0000,1984.0000,1984.0000,1984.0000,1984.0000,1984.0000,1984.0000,1984.0000,1984.0000
2024-11-08 11:44:01, , , ,23.0000,1984.0000,1984.0000,1984.0000,1984.0000,1984.0000,1984.0000,1984.0000,1984.0000,1984.0000,1984.0000,1984.0000,1984.0000,1984.0000,1984.0000
2024-11-08 11:44:01, , , ,22.9000,1984.0000,1984.0000,1984.0000,1984.0000,1984.0000,1984.0000,1984.0000,1984.0000,1984.0000,1984.0000,1984.0000,1984.0000,1984.0000,1984.0000
2024-11-08 11:44:01, , , ,22.9000,1984.0000,1984.0000,1984.0000,1984.0000,1984.0000,1984.0000,1984.0000,1984.0000,1984.0000,1984.0000,1984.0000,1984.0000,1984.0000,1984.0000
2024-11-08 11:44:01, , , ,22.9000,1984.0000,1984.0000,1984.0000,1984.0000,1984.0000,1984.0000,1984.0000,1984.0000,1984.0000,1984.0000,1984.0000,1984.0000,1984.0000,1984.0000
2024-11-08 11:44:01, , , ,22.9000,1984.0000,1984.0000,1984.0000,1984.0000,1984.0000,1984.0000,1984.0000,1984.0000,1984.0000,1984.0000,1984.0000,1984.0000,1984.0000,1984.0000
2024-11-08 11:44:02, , , ,22.9000,1984.0000,1984.0000,1984.0000,1984.0000,1984.0000,1984.0000,1984.0000,1984.0000,1984.0000,1984.0000,1984.0000,1984.0000,1984.0000,1984.0000
2024-11-08 11:44:02, , , ,23.0000,1984.0000,1984.0000,1984.0000,1984.0000,1984.0000,1984.0000,1984.0000,1984.0000,1984.0000,1984.0000,1984.0000,1984.0000,1984.0000,1984.0000
2024-11-08 11:44:02, , , ,23.0000,1984.0000,1984.0000,1984.0000,1984.0000,1984.0000,1984.0000,1984.0000,1984.0000,1984.0000,1984.0000,1984.0000,1984.0000,1984.0000,1984.0000
2024-11-08 11:44:02, , , ,23.0000,1984.0000,1984.0000,1984.0000,1984.0000,1984.0000,1984.0000,1984.0000,1984.0000,1984.0000,1984.0000,1984.0000,1984.0000,1984.0000,1984.0000
2024-11-08 11:44:02, , , ,23.0000,1984.0000,1984.0000,1984.0000,1984.0000,1984.0000,1984.0000,1984.0000,1984.0000,1984.0000,1984.0000,1984.0000,1984.0000,1984.0000,1984.0000
2024-11-08 11:44:02, , , ,23.0000,1984.0000,1984.0000,1984.0000,1984.0000,1984.0000,1984.0000,1984.0000,1984.0000,1984.0000,1984.0000,1984.0000,1984.0000,1984.0000,1984.0000
2024-11-08 11:44:03, , , ,23.0000,1984.0000,1984.0000,1984.0000,1984.0000,1984.0000,1984.0000,1984.0000,1984.0000,1984.0000,1984.0000,1984.0000,1984.0000,1984.0000,1984.0000
2024-11-08 11:44:03, , , ,22.9000,1984.0000,1984.0000,1984.0000,1984.0000,1984.0000,1984.0000,1984.0000,1984.0000,1984.0000,1984.0000,1984.0000,1984.0000,1984.0000,1984.0000
2024-11-08 11:44:03, , , ,22.9000,1984.0000,1984.0000,1984.0000,1984.0000,1984.0000,1984.0000,1984.0000,1984.0000,1984.0000,1984.0000,1984.0000,1984.0000,1984.0000,1984.0000
2024-11-08 11:44:03, , , ,22.9000,1984.0000,1984.0000,1984.0000,1984.0000,1984.0000,1984.0000,1984.0000,1984.0000,1984.0000,1984.0000,1984.0000,1984.0000,1984.0000,1984.0000
2024-11-08 11:44:03, , , ,22.9000,1984.0000,1984.0000,1984.0000,1984.0000,1984.0000,1984.0000,1984.0000,1984.0000,1984.0000,1984.0000,1984.0000,1984.0000,1984.0000,1984.0000
2024-11-08 11:44:03, , , ,22.9000,1984.0000,1984.0000,1984.0000,1984.0000,1984.0000,1984.0000,1984.0000,1984.0000,1984.0000,1984.0000,1984.0000,1984.0000,1984.0000,1984.0000
2024-11-08 11:44:04, , , ,22.9000,1984.0000,1984.0000,1984.0000,1984.0000,1984.0000,1984.0000,1984.0000,1984.0000,1984.0000,1984.0000,1984.0000,1984.0000,1984.0000,1984.0000
2024-11-08 11:44:04, , , ,22.9000,1984.0000,1984.0000,1984.0000,1984.0000,1984.0000,1984.0000,1984.0000,1984.0000,1984.0000,1984.0000,1984.0000,1984.0000,1984.0000,1984.0000
2024-11-08 11:44:04, , , ,22.9000,1984.0000,1984.0000,1984.0000,1984.0000,1984.0000,1984.0000,1984.0000,1984.0000,1984.0000,1984.0000,1984.0000,1984.0000,1984.0000,1984.0000
2024-11-08 11:44:04, , , ,22.9000,1984.0000,1984.0000,1984.0000,1984.0000,1984.0000,1984.0000,1984.0000,1984.0000,1984.0000,1984.0000,1984.0000,1984.0000,1984.0000,1984.0000
2024-11-08 11:44:04, , , ,22.9000,1984.0000,1984.0000,1984.0000,1984.0000,1984.0000,1984.0000,1984.0000,1984.0000,1984.0000,1984.0000,1984.0000,1984.0000,1984.0000,1984.0000
2024-11-08 11:44:04, , , ,23.0000,1984.0000,1984.0000,1984.0000,1984.0000,1984.0000,1984.0000,1984.0000,1984.0000,1984.0000,1984.0000,1984.0000,1984.0000,1984.0000,1984.0000
2024-11-08 11:44:05, , , ,23.0000,1984.0000,1984.0000,1984.0000,1984.0000,1984.0000,1984.0000,1984.0000,1984.0000,1984.0000,1984.0000,1984.0000,1984.0000,1984.0000,1984.0000
2024-11-08 11:44:05, , , ,22.9000,1984.0000,1984.0000,1984.0000,1984.0000,1984.0000,1984.0000,1984.0000,1984.0000,1984.0000,1984.0000,1984.0000,1984.0000,1984.0000,1984.0000
2024-11-08 11:44:05, , , ,22.9000,1984.0000,1984.0000,1984.0000,1984.0000,1984.0000,1984.0000,1984.0000,1984.0000,1984.0000,1984.0000,1984.0000,1984.0000,1984.0000,1984.0000
2024-11-08 11:44:05, , , ,22.9000,1984.0000,1984.0000,1984.0000,1984.0000,1984.0000,1984.0000,1984.0000,1984.0000,1984.0000,1984.0000,1984.0000,1984.0000,1984.0000,1984.0000
2024-11-08 11:44:05, , , ,22.9000,1984.0000,1984.0000,1984.0000,1984.0000,1984.0000,1984.0000,1984.0000,1984.0000,1984.0000,1984.0000,1984.0000,1984.0000,1984.0000,1984.0000
2024-11-08 11:44:05, , , ,23.0000,1984.0000,1984.0000,1984.0000,1984.0000,1984.0000,1984.0000,1984.0000,1984.0000,1984.0000,1984.0000,1984.0000,1984.0000,1984.0000,1984.0000
2024-11-08 11:44:06, , , ,23.0000,1984.0000,1984.0000,1984.0000,1984.0000,1984.0000,1984.0000,1984.0000,1984.0000,1984.0000,1984.0000,1984.0000,1984.0000,1984.0000,1984.0000
2024-11-08 11:44:06, , , ,22.9000,1984.0000,1984.0000,1984.0000,1984.0000,1984.0000,1984.0000,1984.0000,1984.0000,1984.0000,1984.0000,1984.0000,1984.0000,1984.0000,1984.0000
2024-11-08 11:44:06, , , ,22.9000,1984.0000,1984.0000,1984.0000,1984.0000,1984.0000,1984.0000,1984.0000,1984.0000,1984.0000,1984.0000,1984.0000,1984.0000,1984.0000,1984.0000
2024-11-08 11:44:06, , , ,22.9000,1984.0000,1984.0000,1984.0000,1984.0000,1984.0000,1984.0000,1984.0000,1984.0000,1984.0000,1984.0000,1984.0000,1984.0000,1984.0000,1984.0000
2024-11-08 11:44:06, , , ,22.9000,1984.0000,1984.0000,1984.0000,1984.0000,1984.0000,1984.0000,1984.0000,1984.0000,1984.0000,1984.0000,1984.0000,1984.0000,1984.0000,1984.0000
2024-11-08 11:44:06, , , ,22.9000,1984.0000,1984.0000,1984.0000,1984.0000,1984.0000,1984.0000,1984.0000,1984.0000,1984.0000,1984.0000,1984.0000,1984.0000,1984.0000,1984.0000
2024-11-08 11:44:07, , , ,22.9000,1984.0000,1984.0000,1984.0000,1984.0000,1984.0000,1984.0000,1984.0000,1984.0000,1984.0000,1984.0000,1984.0000,1984.0000,1984.0000,1984.0000
2024-11-08 11:44:07, , , ,22.9000,1984.0000,1984.0000,1984.0000,1984.0000,1984.0000,1984.0000,1984.0000,1984.0000,1984.0000,1984.0000,1984.0000,1984.0000,1984.0000,1984.0000
2024-11-08 11:44:07, , , ,22.9000,1984.0000,1984.0000,1984.0000,1984.0000,1984.0000,1984.0000,1984.0000,1984.0000,1984.0000,1984.0000,1984.0000,1984.0000,1984.0000,1984.0000
2024-11-08 11:44:07, , , ,22.9000,1984.0000,1984.0000,1984.0000,1984.0000,1984.0000,1984.0000,1984.0000,1984.0000,1984.0000,1984.0000,1984.0000,1984.0000,1984.0000,1984.0000
2024-11-08 11:44:07, , , ,22.9000,1984.0000,1984.0000,1984.0000,1984.0000,1984.0000,1984.0000,1984.0000,1984.0000,1984.0000,1984.0000,1984.0000,1984.0000,1984.0000,1984.0000
2024-11-08 11:44:07, , , ,22.9000,1984.0000,1984.0000,1984.0000,1984.0000,1984.0000,1984.0000,1984.0000,1984.0000,1984.0000,1984.0000,1984.0000,1984.0000,1984.0000,1984.0000
2024-11-08 11:44:08, , , ,22.9000,1984.0000,1984.0000,1984.0000,1984.0000,1984.0000,1984.0000,1984.0000,1984.0000,1984.0000,1984.0000,1984.0000,1984.0000,1984.0000,1984.0000
2024-11-08 11:44:08, , , ,22.9000,1984.0000,1984.0000,1984.0000,1984.0000,1984.0000,1984.0000,1984.0000,1984.0000,1984.0000,1984.0000,1984.0000,1984.0000,1984.0000,1984.0000
2024-11-08 11:44:08, , , ,22.9000,1984.0000,1984.0000,1984.0000,1984.0000,1984.0000,1984.0000,1984.0000,1984.0000,1984.0000,1984.0000,1984.0000,1984.0000,1984.0000,1984.0000
2024-11-08 11:44:08, , , ,22.9000,1984.0000,1984.0000,1984.0000,1984.0000,1984.0000,1984.0000,1984.0000,1984.0000,1984.0000,1984.0000,1984.0000,1984.0000,1984.0000,1984.0000
2024-11-08 11:44:08, , , ,22.9000,1984.0000,1984.0000,1984.0000,1984.0000,1984.0000,1984.0000,1984.0000,1984.0000,1984.0000,1984.0000,1984.0000,1984.0000,1984.0000,1984.0000
2024-11-08 11:44:08, , , ,22.9000,1984.0000,1984.0000,1984.0000,1984.0000,1984.0000,1984.0000,1984.0000,1984.0000,1984.0000,1984.0000,1984.0000,1984.0000,1984.0000,1984.0000
2024-11-08 11:44:09, , , ,23.0000,1984.0000,1984.0000,1984.0000,1984.0000,1984.0000,1984.0000,1984.0000,1984.0000,1984.0000,1984.0000,1984.0000,1984.0000,1984.0000,1984.0000
2024-11-08 11:44:09, , , ,23.0000,1984.0000,1984.0000,1984.0000,1984.0000,1984.0000,1984.0000,1984.0000,1984.0000,1984.0000,1984.0000,1984.0000,1984.0000,1984.0000,1984.0000
2024-11-08 11:44:09, , , ,23.0000,1984.0000,1984.0000,1984.0000,1984.0000,1984.0000,1984.0000,1984.0000,1984.0000,1984.0000,1984.0000,1984.0000,1984.0000,1984.0000,1984.0000
2024-11-08 11:44:09, , , ,23.0000,1984.0000,1984.0000,1984.0000,1984.0000,1984.0000,1984.0000,1984.0000,1984.0000,1984.0000,1984.0000,1984.0000,1984.0000,1984.0000,1984.0000
2024-11-08 11:44:09, , , ,23.0000,1984.0000,1984.0000,1984.0000,1984.0000,1984.0000,1984.0000,1984.0000,1984.0000,1984.0000,1984.0000,1984.0000,1984.0000,1984.0000,1984.0000
2024-11-08 11:44:09, , , ,23.0000,1984.0000,1984.0000,1984.0000,1984.0000,1984.0000,1984.0000,1984.0000,1984.0000,1984.0000,1984.0000,1984.0000,1984.0000,1984.0000,1984.0000
2024-11-08 11:44:10, , , ,23.0000,1984.0000,1984.0000,1984.0000,1984.0000,1984.0000,1984.0000,1984.0000,1984.0000,1984.0000,1984.0000,1984.0000,1984.0000,1984.0000,1984.0000
2024-11-08 11:44:10, , , ,23.0000,1984.0000,1984.0000,1984.0000,1984.0000,1984.0000,1984.0000,1984.0000,1984.0000,1984.0000,1984.0000,1984.0000,1984.0000,1984.0000,1984.0000
2024-11-08 11:44:10, , , ,23.0000,1984.0000,1984.0000,1984.0000,1984.0000,1984.0000,1984.0000,1984.0000,1984.0000,1984.0000,1984.0000,1984.0000,1984.0000,1984.0000,1984.0000
2024-11-08 11:44:10, , , ,23.0000,1984.0000,1984.0000,1984.0000,1984.0000,1984.0000,1984.0000,1984.0000,1984.0000,1984.0000,1984.0000,1984.0000,1984.0000,1984.0000,1984.0000
2024-11-08 11:44:10, , , ,23.0000,1984.0000,1984.0000,1984.0000,1984.0000,1984.0000,1984.0000,1984.0000,1984.0000,1984.0000,1984.0000,1984.0000,1984.0000,1984.0000,1984.0000
2024-11-08 11:44:10, , , ,23.0000,1984.0000,1984.0000,1984.0000,1984.0000,1984.0000,1984.0000,1984.0000,1984.0000,1984.0000,1984.0000,1984.0000,1984.0000,1984.0000,1984.0000
2024-11-08 11:44:11, , , ,23.0000,1984.0000,1984.0000,1984.0000,1984.0000,1984.0000,1984.0000,1984.0000,1984.0000,1984.0000,1984.0000,1984.0000,1984.0000,1984.0000,1984.0000
2024-11-08 11:44:11, , , ,23.0000,1984.0000,1984.0000,1984.0000,1984.0000,1984.0000,1984.0000,1984.0000,1984.0000,1984.0000,1984.0000,1984.0000,1984.0000,1984.0000,1984.0000
2024-11-08 11:44:11, , , ,23.0000,1984.0000,1984.0000,1984.0000,1984.0000,1984.0000,1984.0000,1984.0000,1984.0000,1984.0000,1984.0000,1984.0000,1984.0000,1984.0000,1984.0000
2024-11-08 11:44:11, , , ,23.0000,1984.0000,1984.0000,1984.0000,1984.0000,1984.0000,1984.0000,1984.0000,1984.0000,1984.0000,1984.0000,1984.0000,1984.0000,1984.0000,1984.0000
2024-11-08 11:44:11, , , ,23.0000,1984.0000,1984.0000,1984.0000,1984.0000,1984.0000,1984.0000,1984.0000,1984.0000,1984.0000,1984.0000,1984.0000,1984.0000,1984.0000,1984.0000
2024-11-08 11:44:11, , , ,23.0000,1984.0000,1984.0000,1984.0000,1984.0000,1984.0000,1984.0000,1984.0000,1984.0000,1984.0000,1984.0000,1984.0000,1984.0000,1984.0000,1984.0000
2024-11-08 11:44:12, , , ,23.0000,1984.0000,1984.0000,1984.0000,1984.0000,1984.0000,1984.0000,1984.0000,1984.0000,1984.0000,1984.0000,1984.0000,1984.0000,1984.0000,1984.0000
2024-11-08 11:44:12, , , ,23.0000,1984.0000,1984.0000,1984.0000,1984.0000,1984.0000,1984.0000,1984.0000,1984.0000,1984.0000,1984.0000,1984.0000,1984.0000,1984.0000,1984.0000
2024-11-08 11:44:12, , , ,23.0000,1984.0000,1984.0000,1984.0000,1984.0000,1984.0000,1984.0000,1984.0000,1984.0000,1984.0000,1984.0000,1984.0000,1984.0000,1984.0000,1984.0000
2024-11-08 11:44:12, , , ,23.0000,1984.0000,1984.0000,1984.0000,1984.0000,1984.0000,1984.0000,1984.0000,1984.0000,1984.0000,1984.0000,1984.0000,1984.0000,1984.0000,1984.0000
2024-11-08 11:44:12, , , ,22.9000,1984.0000,1984.0000,1984.0000,1984.0000,1984.0000,1984.0000,1984.0000,1984.0000,1984.0000,1984.0000,1984.0000,1984.0000,1984.0000,1984.0000
2024-11-08 11:44:12, , , ,22.9000,1984.0000,1984.0000,1984.0000,1984.0000,1984.0000,1984.0000,1984.0000,1984.0000,1984.0000,1984.0000,1984.0000,1984.0000,1984.0000,1984.0000
2024-11-08 11:44:13, , , ,22.9000,1984.0000,1984.0000,1984.0000,1984.0000,1984.0000,1984.0000,1984.0000,1984.0000,1984.0000,1984.0000,1984.0000,1984.0000,1984.0000,1984.0000
2024-11-08 11:44:13, , , ,22.9000,1984.0000,1984.0000,1984.0000,1984.0000,1984.0000,1984.0000,1984.0000,1984.0000,1984.0000,1984.0000,1984.0000,1984.0000,1984.0000,1984.0000
2024-11-08 11:44:13, , , ,22.9000,1984.0000,1984.0000,1984.0000,1984.0000,1984.0000,1984.0000,1984.0000,1984.0000,1984.0000,1984.0000,1984.0000,1984.0000,1984.0000,1984.0000
2024-11-08 11:44:13, , , ,22.9000,1984.0000,1984.0000,1984.0000,1984.0000,1984.0000,1984.0000,1984.0000,1984.0000,1984.0000,1984.0000,1984.0000,1984.0000,1984.0000,1984.0000
2024-11-08 11:44:13, , , ,23.0000,1984.0000,1984.0000,1984.0000,1984.0000,1984.0000,1984.0000,1984.0000,1984.0000,1984.0000,1984.0000,1984.0000,1984.0000,1984.0000,1984.0000
2024-11-08 11:44:13, , , ,23.0000,1984.0000,1984.0000,1984.0000,1984.0000,1984.0000,1984.0000,1984.0000,1984.0000,1984.0000,1984.0000,1984.0000,1984.0000,1984.0000,1984.0000
2024-11-08 11:44:14, , , ,22.9000,1984.0000,1984.0000,1984.0000,1984.0000,1984.0000,1984.0000,1984.0000,1984.0000,1984.0000,1984.0000,1984.0000,1984.0000,1984.0000,1984.0000
2024-11-08 11:44:14, , , ,22.9000,1984.0000,1984.0000,1984.0000,1984.0000,1984.0000,1984.0000,1984.0000,1984.0000,1984.0000,1984.0000,1984.0000,1984.0000,1984.0000,1984.0000
2024-11-08 11:44:14, , , ,22.9000,1984.0000,1984.0000,1984.0000,1984.0000,1984.0000,1984.0000,1984.0000,1984.0000,1984.0000,1984.0000,1984.0000,1984.0000,1984.0000,1984.0000
2024-11-08 11:44:14, , , ,22.9000,1984.0000,1984.0000,1984.0000,1984.0000,1984.0000,1984.0000,1984.0000,1984.0000,1984.0000,1984.0000,1984.0000,1984.0000,1984.0000,1984.0000
2024-11-08 11:44:14, , , ,22.9000,1984.0000,1984.0000,1984.0000,1984.0000,1984.0000,1984.0000,1984.0000,1984.0000,1984.0000,1984.0000,1984.0000,1984.0000,1984.0000,1984.0000
2024-11-08 11:44:14, , , ,22.9000,1984.0000,1984.0000,1984.0000,1984.0000,1984.0000,1984.0000,1984.0000,1984.0000,1984.0000,1984.0000,1984.0000,1984.0000,1984.0000,1984.0000
2024-11-08 11:44:15, , , ,22.9000,1984.0000,1984.0000,1984.0000,1984.0000,1984.0000,1984.0000,1984.0000,1984.0000,1984.0000,1984.0000,1984.0000,1984.0000,1984.0000,1984.0000
2024-11-08 11:44:15, , , ,22.9000,1984.0000,1984.0000,1984.0000,1984.0000,1984.0000,1984.0000,1984.0000,1984.0000,1984.0000,1984.0000,1984.0000,1984.0000,1984.0000,1984.0000
2024-11-08 11:44:15, , , ,22.9000,1984.0000,1984.0000,1984.0000,1984.0000,1984.0000,1984.0000,1984.0000,1984.0000,1984.0000,1984.0000,1984.0000,1984.0000,1984.0000,1984.0000
2024-11-08 11:44:15, , , ,23.0000,1984.0000,1984.0000,1984.0000,1984.0000,1984.0000,1984.0000,1984.0000,1984.0000,1984.0000,1984.0000,1984.0000,1984.0000,1984.0000,1984.0000
2024-11-08 11:44:15, , , ,23.0000,1984.0000,1984.0000,1984.0000,1984.0000,1984.0000,1984.0000,1984.0000,1984.0000,1984.0000,1984.0000,1984.0000,1984.0000,1984.0000,1984.0000
2024-11-08 11:44:15, , , ,23.0000,1984.0000,1984.0000,1984.0000,1984.0000,1984.0000,1984.0000,1984.0000,1984.0000,1984.0000,1984.0000,1984.0000,1984.0000,1984.0000,1984.0000
2024-11-08 11:44:16, , , ,22.9000,1984.0000,1984.0000,1984.0000,1984.0000,1984.0000,1984.0000,1984.0000,1984.0000,1984.0000,1984.0000,1984.0000,1984.0000,1984.0000,1984.0000
2024-11-08 11:44:16, , , ,22.9000,1984.0000,1984.0000,1984.0000,1984.0000,1984.0000,1984.0000,1984.0000,1984.0000,1984.0000,1984.0000,1984.0000,1984.0000,1984.0000,1984.0000
2024-11-08 11:44:16, , , ,22.9000,1984.0000,1984.0000,1984.0000,1984.0000,1984.0000,1984.0000,1984.0000,1984.0000,1984.0000,1984.0000,1984.0000,1984.0000,1984.0000,1984.0000
2024-11-08 11:44:16, , , ,22.9000,1984.0000,1984.0000,1984.0000,1984.0000,1984.0000,1984.0000,1984.0000,1984.0000,1984.0000,1984.0000,1984.0000,1984.0000,1984.0000,1984.0000
2024-11-08 11:44:16, , , ,22.9000,1984.0000,1984.0000,1984.0000,1984.0000,1984.0000,1984.0000,1984.0000,1984.0000,1984.0000,1984.0000,1984.0000,1984.0000,1984.0000,1984.0000
2024-11-08 11:44:16, , , ,23.0000,1984.0000,1984.0000,1984.0000,1984.0000,1984.0000,1984.0000,1984.0000,1984.0000,1984.0000,1984.0000,1984.0000,1984.0000,1984.0000,1984.0000
2024-11-08 11:44:16, , , ,23.0000,1984.0000,1984.0000,1984.0000,1984.0000,1984.0000,1984.0000,1984.0000,1984.0000,1984.0000,1984.0000,1984.0000,1984.0000,1984.0000,1984.0000
2024-11-08 11:44:17, , , ,22.9000,1984.0000,1984.0000,1984.0000,1984.0000,1984.0000,1984.0000,1984.0000,1984.0000,1984.0000,1984.0000,1984.0000,1984.0000,1984.0000,1984.0000
2024-11-08 11:44:17, , , ,22.9000,1984.0000,1984.0000,1984.0000,1984.0000,1984.0000,1984.0000,1984.0000,1984.0000,1984.0000,1984.0000,1984.0000,1984.0000,1984.0000,1984.0000
2024-11-08 11:44:17, , , ,22.9000,1984.0000,1984.0000,1984.0000,1984.0000,1984.0000,1984.0000,1984.0000,1984.0000,1984.0000,1984.0000,1984.0000,1984.0000,1984.0000,1984.0000
2024-11-08 11:44:17, , , ,22.9000,1984.0000,1984.0000,1984.0000,1984.0000,1984.0000,1984.0000,1984.0000,1984.0000,1984.0000,1984.0000,1984.0000,1984.0000,1984.0000,1984.0000
2024-11-08 11:44:17, , , ,22.9000,1984.0000,1984.0000,1984.0000,1984.0000,1984.0000,1984.0000,1984.0000,1984.0000,1984.0000,1984.0000,1984.0000,1984.0000,1984.0000,1984.0000
2024-11-08 11:44:17, , , ,22.9000,1984.0000,1984.0000,1984.0000,1984.0000,1984.0000,1984.0000,1984.0000,1984.0000,1984.0000,1984.0000,1984.0000,1984.0000,1984.0000,1984.0000
2024-11-08 11:44:18, , , ,23.0000,1984.0000,1984.0000,1984.0000,1984.0000,1984.0000,1984.0000,1984.0000,1984.0000,1984.0000,1984.0000,1984.0000,1984.0000,1984.0000,1984.0000
2024-11-08 11:44:18, , , ,23.0000,1984.0000,1984.0000,1984.0000,1984.0000,1984.0000,1984.0000,1984.0000,1984.0000,1984.0000,1984.0000,1984.0000,1984.0000,1984.0000,1984.0000
2024-11-08 11:44:18, , , ,23.0000,1984.0000,1984.0000,1984.0000,1984.0000,1984.0000,1984.0000,1984.0000,1984.0000,1984.0000,1984.0000,1984.0000,1984.0000,1984.0000,1984.0000
2024-11-08 11:44:18, , , ,23.0000,1984.0000,1984.0000,1984.0000,1984.0000,1984.0000,1984.0000,1984.0000,1984.0000,1984.0000,1984.0000,1984.0000,1984.0000,1984.0000,1984.0000
2024-11-08 11:44:18, , , ,22.9000,1984.0000,1984.0000,1984.0000,1984.0000,1984.0000,1984.0000,1984.0000,1984.0000,1984.0000,1984.0000,1984.0000,1984.0000,1984.0000,1984.0000
2024-11-08 11:44:18, , , ,22.9000,1984.0000,1984.0000,1984.0000,1984.0000,1984.0000,1984.0000,1984.0000,1984.0000,1984.0000,1984.0000,1984.0000,1984.0000,1984.0000,1984.0000
2024-11-08 11:44:19, , , ,22.9000,1984.0000,1984.0000,1984.0000,1984.0000,1984.0000,1984.0000,1984.0000,1984.0000,1984.0000,1984.0000,1984.0000,1984.0000,1984.0000,1984.0000
2024-11-08 11:44:19, , , ,22.9000,1984.0000,1984.0000,1984.0000,1984.0000,1984.0000,1984.0000,1984.0000,1984.0000,1984.0000,1984.0000,1984.0000,1984.0000,1984.0000,1984.0000
2024-11-08 11:44:19, , , ,23.0000,1984.0000,1984.0000,1984.0000,1984.0000,1984.0000,1984.0000,1984.0000,1984.0000,1984.0000,1984.0000,1984.0000,1984.0000,1984.0000,1984.0000
2024-11-08 11:44:19, , , ,23.0000,1984.0000,1984.0000,1984.0000,1984.0000,1984.0000,1984.0000,1984.0000,1984.0000,1984.0000,1984.0000,1984.0000,1984.0000,1984.0000,1984.0000
2024-11-08 11:44:19, , , ,23.0000,1984.0000,1984.0000,1984.0000,1984.0000,1984.0000,1984.0000,1984.0000,1984.0000,1984.0000,1984.0000,1984.0000,1984.0000,1984.0000,1984.0000
2024-11-08 11:44:19, , , ,23.0000,1984.0000,1984.0000,1984.0000,1984.0000,1984.0000,1984.0000,1984.0000,1984.0000,1984.0000,1984.0000,1984.0000,1984.0000,1984.0000,1984.0000
2024-11-08 11:44:20, , , ,23.0000,1984.0000,1984.0000,1984.0000,1984.0000,1984.0000,1984.0000,1984.0000,1984.0000,1984.0000,1984.0000,1984.0000,1984.0000,1984.0000,1984.0000
2024-11-08 11:44:20, , , ,23.0000,1984.0000,1984.0000,1984.0000,1984.0000,1984.0000,1984.0000,1984.0000,1984.0000,1984.0000,1984.0000,1984.0000,1984.0000,1984.0000,1984.0000
2024-11-08 11:44:20, , , ,23.0000,1984.0000,1984.0000,1984.0000,1984.0000,1984.0000,1984.0000,1984.0000,1984.0000,1984.0000,1984.0000,1984.0000,1984.0000,1984.0000,1984.0000
2024-11-08 11:44:20, , , ,23.0000,1984.0000,1984.0000,1984.0000,1984.0000,1984.0000,1984.0000,1984.0000,1984.0000,1984.0000,1984.0000,1984.0000,1984.0000,1984.0000,1984.0000
2024-11-08 11:44:20, , , ,23.0000,1984.0000,1984.0000,1984.0000,1984.0000,1984.0000,1984.0000,1984.0000,1984.0000,1984.0000,1984.0000,1984.0000,1984.0000,1984.0000,1984.0000
2024-11-08 11:44:20, , , ,23.0000,1984.0000,1984.0000,1984.0000,1984.0000,1984.0000,1984.0000,1984.0000,1984.0000,1984.0000,1984.0000,1984.0000,1984.0000,1984.0000,1984.0000
2024-11-08 11:44:21, , , ,23.0000,1984.0000,1984.0000,1984.0000,1984.0000,1984.0000,1984.0000,1984.0000,1984.0000,1984.0000,1984.0000,1984.0000,1984.0000,1984.0000,1984.0000
2024-11-08 11:44:21, , , ,23.0000,1984.0000,1984.0000,1984.0000,1984.0000,1984.0000,1984.0000,1984.0000,1984.0000,1984.0000,1984.0000,1984.0000,1984.0000,1984.0000,1984.0000
2024-11-08 11:44:21, , , ,23.0000,1984.0000,1984.0000,1984.0000,1984.0000,1984.0000,1984.0000,1984.0000,1984.0000,1984.0000,1984.0000,1984.0000,1984.0000,1984.0000,1984.0000
2024-11-08 11:44:21, , , ,23.0000,1984.0000,1984.0000,1984.0000,1984.0000,1984.0000,1984.0000,1984.0000,1984.0000,1984.0000,1984.0000,1984.0000,1984.0000,1984.0000,1984.0000
2024-11-08 11:44:21, , , ,23.0000,1984.0000,1984.0000,1984.0000,1984.0000,1984.0000,1984.0000,1984.0000,1984.0000,1984.0000,1984.0000,1984.0000,1984.0000,1984.0000,1984.0000
2024-11-08 11:44:21, , , ,23.0000,1984.0000,1984.0000,1984.0000,1984.0000,1984.0000,1984.0000,1984.0000,1984.0000,1984.0000,1984.0000,1984.0000,1984.0000,1984.0000,1984.0000
2024-11-08 11:44:22, , , ,23.0000,1984.0000,1984.0000,1984.0000,1984.0000,1984.0000,1984.0000,1984.0000,1984.0000,1984.0000,1984.0000,1984.0000,1984.0000,1984.0000,1984.0000
2024-11-08 11:44:22, , , ,23.0000,1984.0000,1984.0000,1984.0000,1984.0000,1984.0000,1984.0000,1984.0000,1984.0000,1984.0000,1984.0000,1984.0000,1984.0000,1984.0000,1984.0000
2024-11-08 11:44:22, , , ,22.9000,1984.0000,1984.0000,1984.0000,1984.0000,1984.0000,1984.0000,1984.0000,1984.0000,1984.0000,1984.0000,1984.0000,1984.0000,1984.0000,1984.0000
2024-11-08 11:44:22, , , ,22.9000,1984.0000,1984.0000,1984.0000,1984.0000,1984.0000,1984.0000,1984.0000,1984.0000,1984.0000,1984.0000,1984.0000,1984.0000,1984.0000,1984.0000
2024-11-08 11:44:22, , , ,22.9000,1984.0000,1984.0000,1984.0000,1984.0000,1984.0000,1984.0000,1984.0000,1984.0000,1984.0000,1984.0000,1984.0000,1984.0000,1984.0000,1984.0000
2024-11-08 11:44:22, , , ,23.0000,1984.0000,1984.0000,1984.0000,1984.0000,1984.0000,1984.0000,1984.0000,1984.0000,1984.0000,1984.0000,1984.0000,1984.0000,1984.0000,1984.0000
2024-11-08 11:44:23, , , ,23.0000,1984.0000,1984.0000,1984.0000,1984.0000,1984.0000,1984.0000,1984.0000,1984.0000,1984.0000,1984.0000,1984.0000,1984.0000,1984.0000,1984.0000
2024-11-08 11:44:23, , , ,23.0000,1984.0000,1984.0000,1984.0000,1984.0000,1984.0000,1984.0000,1984.0000,1984.0000,1984.0000,1984.0000,1984.0000,1984.0000,1984.0000,1984.0000
2024-11-08 11:44:23, , , ,23.0000,1984.0000,1984.0000,1984.0000,1984.0000,1984.0000,1984.0000,1984.0000,1984.0000,1984.0000,1984.0000,1984.0000,1984.0000,1984.0000,1984.0000
2024-11-08 11:44:23, , , ,23.0000,1984.0000,1984.0000,1984.0000,1984.0000,1984.0000,1984.0000,1984.0000,1984.0000,1984.0000,1984.0000,1984.0000,1984.0000,1984.0000,1984.0000
2024-11-08 11:44:23, , , ,23.0000,1984.0000,1984.0000,1984.0000,1984.0000,1984.0000,1984.0000,1984.0000,1984.0000,1984.0000,1984.0000,1984.0000,1984.0000,1984.0000,1984.0000
2024-11-08 11:44:23, , , ,23.0000,1984.0000,1984.0000,1984.0000,1984.0000,1984.0000,1984.0000,1984.0000,1984.0000,1984.0000,1984.0000,1984.0000,1984.0000,1984.0000,1984.0000
2024-11-08 11:44:24, , , ,23.0000,1984.0000,1984.0000,1984.0000,1984.0000,1984.0000,1984.0000,1984.0000,1984.0000,1984.0000,1984.0000,1984.0000,1984.0000,1984.0000,1984.0000
2024-11-08 11:44:24, , , ,23.0000,1984.0000,1984.0000,1984.0000,1984.0000,1984.0000,1984.0000,1984.0000,1984.0000,1984.0000,1984.0000,1984.0000,1984.0000,1984.0000,1984.0000
2024-11-08 11:44:24, , , ,23.0000,1984.0000,1984.0000,1984.0000,1984.0000,1984.0000,1984.0000,1984.0000,1984.0000,1984.0000,1984.0000,1984.0000,1984.0000,1984.0000,1984.0000
2024-11-08 11:44:24, , , ,23.0000,1984.0000,1984.0000,1984.0000,1984.0000,1984.0000,1984.0000,1984.0000,1984.0000,1984.0000,1984.0000,1984.0000,1984.0000,1984.0000,1984.0000
2024-11-08 11:44:24, , , ,23.0000,1984.0000,1984.0000,1984.0000,1984.0000,1984.0000,1984.0000,1984.0000,1984.0000,1984.0000,1984.0000,1984.0000,1984.0000,1984.0000,1984.0000
2024-11-08 11:44:24, , , ,23.0000,1984.0000,1984.0000,1984.0000,1984.0000,1984.0000,1984.0000,1984.0000,1984.0000,1984.0000,1984.0000,1984.0000,1984.0000,1984.0000,1984.0000
2024-11-08 11:44:25, , , ,23.0000,1984.0000,1984.0000,1984.0000,1984.0000,1984.0000,1984.0000,1984.0000,1984.0000,1984.0000,1984.0000,1984.0000,1984.0000,1984.0000,1984.0000
2024-11-08 11:44:25, , , ,23.0000,1984.0000,1984.0000,1984.0000,1984.0000,1984.0000,1984.0000,1984.0000,1984.0000,1984.0000,1984.0000,1984.0000,1984.0000,1984.0000,1984.0000
2024-11-08 11:44:25, , , ,23.0000,1984.0000,1984.0000,1984.0000,1984.0000,1984.0000,1984.0000,1984.0000,1984.0000,1984.0000,1984.0000,1984.0000,1984.0000,1984.0000,1984.0000
2024-11-08 11:44:25, , , ,23.0000,1984.0000,1984.0000,1984.0000,1984.0000,1984.0000,1984.0000,1984.0000,1984.0000,1984.0000,1984.0000,1984.0000,1984.0000,1984.0000,1984.0000
2024-11-08 11:44:25, , , ,23.0000,1984.0000,1984.0000,1984.0000,1984.0000,1984.0000,1984.0000,1984.0000,1984.0000,1984.0000,1984.0000,1984.0000,1984.0000,1984.0000,1984.0000
2024-11-08 11:44:25, , , ,23.0000,1984.0000,1984.0000,1984.0000,1984.0000,1984.0000,1984.0000,1984.0000,1984.0000,1984.0000,1984.0000,1984.0000,1984.0000,1984.0000,1984.0000
2024-11-08 11:44:26, , , ,23.0000,1984.0000,1984.0000,1984.0000,1984.0000,1984.0000,1984.0000,1984.0000,1984.0000,1984.0000,1984.0000,1984.0000,1984.0000,1984.0000,1984.0000
2024-11-08 11:44:26, , , ,23.0000,1984.0000,1984.0000,1984.0000,1984.0000,1984.0000,1984.0000,1984.0000,1984.0000,1984.0000,1984.0000,1984.0000,1984.0000,1984.0000,1984.0000
2024-11-08 11:44:26, , , ,23.0000,1984.0000,1984.0000,1984.0000,1984.0000,1984.0000,1984.0000,1984.0000,1984.0000,1984.0000,1984.0000,1984.0000,1984.0000,1984.0000,1984.0000
2024-11-08 11:44:26, , , ,23.0000,1984.0000,1984.0000,1984.0000,1984.0000,1984.0000,1984.0000,1984.0000,1984.0000,1984.0000,1984.0000,1984.0000,1984.0000,1984.0000,1984.0000
2024-11-08 11:44:26, , , ,23.0000,1984.0000,1984.0000,1984.0000,1984.0000,1984.0000,1984.0000,1984.0000,1984.0000,1984.0000,1984.0000,1984.0000,1984.0000,1984.0000,1984.0000
2024-11-08 11:44:26, , , ,23.0000,1984.0000,1984.0000,1984.0000,1984.0000,1984.0000,1984.0000,1984.0000,1984.0000,1984.0000,1984.0000,1984.0000,1984.0000,1984.0000,1984.0000
2024-11-08 11:44:27, , , ,23.0000,1984.0000,1984.0000,1984.0000,1984.0000,1984.0000,1984.0000,1984.0000,1984.0000,1984.0000,1984.0000,1984.0000,1984.0000,1984.0000,1984.0000
2024-11-08 11:44:27, , , ,23.0000,1984.0000,1984.0000,1984.0000,1984.0000,1984.0000,1984.0000,1984.0000,1984.0000,1984.0000,1984.0000,1984.0000,1984.0000,1984.0000,1984.0000
2024-11-08 11:44:27, , , ,23.0000,1984.0000,1984.0000,1984.0000,1984.0000,1984.0000,1984.0000,1984.0000,1984.0000,1984.0000,1984.0000,1984.0000,1984.0000,1984.0000,1984.0000
2024-11-08 11:44:27, , , ,23.0000,1984.0000,1984.0000,1984.0000,1984.0000,1984.0000,1984.0000,1984.0000,1984.0000,1984.0000,1984.0000,1984.0000,1984.0000,1984.0000,1984.0000
2024-11-08 11:44:27, , , ,22.9000,1984.0000,1984.0000,1984.0000,1984.0000,1984.0000,1984.0000,1984.0000,1984.0000,1984.0000,1984.0000,1984.0000,1984.0000,1984.0000,1984.0000
2024-11-08 11:44:27, , , ,22.9000,1984.0000,1984.0000,1984.0000,1984.0000,1984.0000,1984.0000,1984.0000,1984.0000,1984.0000,1984.0000,1984.0000,1984.0000,1984.0000,1984.0000
2024-11-08 11:44:28, , , ,23.0000,1984.0000,1984.0000,1984.0000,1984.0000,1984.0000,1984.0000,1984.0000,1984.0000,1984.0000,1984.0000,1984.0000,1984.0000,1984.0000,1984.0000
2024-11-08 11:44:28, , , ,22.9000,1984.0000,1984.0000,1984.0000,1984.0000,1984.0000,1984.0000,1984.0000,1984.0000,1984.0000,1984.0000,1984.0000,1984.0000,1984.0000,1984.0000
2024-11-08 11:44:28, , , ,22.9000,1984.0000,1984.0000,1984.0000,1984.0000,1984.0000,1984.0000,1984.0000,1984.0000,1984.0000,1984.0000,1984.0000,1984.0000,1984.0000,1984.0000
2024-11-08 11:44:28, , , ,22.9000,1984.0000,1984.0000,1984.0000,1984.0000,1984.0000,1984.0000,1984.0000,1984.0000,1984.0000,1984.0000,1984.0000,1984.0000,1984.0000,1984.0000
2024-11-08 11:44:28, , , ,22.9000,1984.0000,1984.0000,1984.0000,1984.0000,1984.0000,1984.0000,1984.0000,1984.0000,1984.0000,1984.0000,1984.0000,1984.0000,1984.0000,1984.0000
2024-11-08 11:44:28, , , ,22.9000,1984.0000,1984.0000,1984.0000,1984.0000,1984.0000,1984.0000,1984.0000,1984.0000,1984.0000,1984.0000,1984.0000,1984.0000,1984.0000,1984.0000
2024-11-08 11:44:29, , , ,22.9000,1984.0000,1984.0000,1984.0000,1984.0000,1984.0000,1984.0000,1984.0000,1984.0000,1984.0000,1984.0000,1984.0000,1984.0000,1984.0000,1984.0000
2024-11-08 11:44:29, , , ,23.0000,1984.0000,1984.0000,1984.0000,1984.0000,1984.0000,1984.0000,1984.0000,1984.0000,1984.0000,1984.0000,1984.0000,1984.0000,1984.0000,1984.0000
2024-11-08 11:44:29, , , ,23.0000,1984.0000,1984.0000,1984.0000,1984.0000,1984.0000,1984.0000,1984.0000,1984.0000,1984.0000,1984.0000,1984.0000,1984.0000,1984.0000,1984.0000
2024-11-08 11:44:29, , , ,23.0000,1984.0000,1984.0000,1984.0000,1984.0000,1984.0000,1984.0000,1984.0000,1984.0000,1984.0000,1984.0000,1984.0000,1984.0000,1984.0000,1984.0000
2024-11-08 11:44:29, , , ,23.0000,1984.0000,1984.0000,1984.0000,1984.0000,1984.0000,1984.0000,1984.0000,1984.0000,1984.0000,1984.0000,1984.0000,1984.0000,1984.0000,1984.0000
2024-11-08 11:44:29, , , ,23.0000,1984.0000,1984.0000,1984.0000,1984.0000,1984.0000,1984.0000,1984.0000,1984.0000,1984.0000,1984.0000,1984.0000,1984.0000,1984.0000,1984.0000
2024-11-08 11:44:30, , , ,23.0000,1984.0000,1984.0000,1984.0000,1984.0000,1984.0000,1984.0000,1984.0000,1984.0000,1984.0000,1984.0000,1984.0000,1984.0000,1984.0000,1984.0000
2024-11-08 11:44:30, , , ,23.0000,1984.0000,1984.0000,1984.0000,1984.0000,1984.0000,1984.0000,1984.0000,1984.0000,1984.0000,1984.0000,1984.0000,1984.0000,1984.0000,1984.0000
2024-11-08 11:44:30, , , ,23.0000,1984.0000,1984.0000,1984.0000,1984.0000,1984.0000,1984.0000,1984.0000,1984.0000,1984.0000,1984.0000,1984.0000,1984.0000,1984.0000,1984.0000
2024-11-08 11:44:30, , , ,23.0000,1984.0000,1984.0000,1984.0000,1984.0000,1984.0000,1984.0000,1984.0000,1984.0000,1984.0000,1984.0000,1984.0000,1984.0000,1984.0000,1984.0000
2024-11-08 11:44:30, , , ,23.0000,1984.0000,1984.0000,1984.0000,1984.0000,1984.0000,1984.0000,1984.0000,1984.0000,1984.0000,1984.0000,1984.0000,1984.0000,1984.0000,1984.0000
2024-11-08 11:44:30, , , ,23.0000,1984.0000,1984.0000,1984.0000,1984.0000,1984.0000,1984.0000,1984.0000,1984.0000,1984.0000,1984.0000,1984.0000,1984.0000,1984.0000,1984.0000
2024-11-08 11:44:31, , , ,23.0000,1984.0000,1984.0000,1984.0000,1984.0000,1984.0000,1984.0000,1984.0000,1984.0000,1984.0000,1984.0000,1984.0000,1984.0000,1984.0000,1984.0000
2024-11-08 11:44:31, , , ,23.0000,1984.0000,1984.0000,1984.0000,1984.0000,1984.0000,1984.0000,1984.0000,1984.0000,1984.0000,1984.0000,1984.0000,1984.0000,1984.0000,1984.0000
2024-11-08 11:44:31, , , ,23.0000,1984.0000,1984.0000,1984.0000,1984.0000,1984.0000,1984.0000,1984.0000,1984.0000,1984.0000,1984.0000,1984.0000,1984.0000,1984.0000,1984.0000
2024-11-08 11:44:31, , , ,23.0000,1984.0000,1984.0000,1984.0000,1984.0000,1984.0000,1984.0000,1984.0000,1984.0000,1984.0000,1984.0000,1984.0000,1984.0000,1984.0000,1984.0000
2024-11-08 11:44:31, , , ,23.0000,1984.0000,1984.0000,1984.0000,1984.0000,1984.0000,1984.0000,1984.0000,1984.0000,1984.0000,1984.0000,1984.0000,1984.0000,1984.0000,1984.0000
2024-11-08 11:44:31, , , ,22.9000,1984.0000,1984.0000,1984.0000,1984.0000,1984.0000,1984.0000,1984.0000,1984.0000,1984.0000,1984.0000,1984.0000,1984.0000,1984.0000,1984.0000
2024-11-08 11:44:32, , , ,22.9000,1984.0000,1984.0000,1984.0000,1984.0000,1984.0000,1984.0000,1984.0000,1984.0000,1984.0000,1984.0000,1984.0000,1984.0000,1984.0000,1984.0000
2024-11-08 11:44:32, , , ,22.9000,1984.0000,1984.0000,1984.0000,1984.0000,1984.0000,1984.0000,1984.0000,1984.0000,1984.0000,1984.0000,1984.0000,1984.0000,1984.0000,1984.0000
2024-11-08 11:44:32, , , ,22.9000,1984.0000,1984.0000,1984.0000,1984.0000,1984.0000,1984.0000,1984.0000,1984.0000,1984.0000,1984.0000,1984.0000,1984.0000,1984.0000,1984.0000
2024-11-08 11:44:32, , , ,23.0000,1984.0000,1984.0000,1984.0000,1984.0000,1984.0000,1984.0000,1984.0000,1984.0000,1984.0000,1984.0000,1984.0000,1984.0000,1984.0000,1984.0000
2024-11-08 11:44:32, , , ,23.0000,1984.0000,1984.0000,1984.0000,1984.0000,1984.0000,1984.0000,1984.0000,1984.0000,1984.0000,1984.0000,1984.0000,1984.0000,1984.0000,1984.0000
2024-11-08 11:44:32, , , ,23.0000,1984.0000,1984.0000,1984.0000,1984.0000,1984.0000,1984.0000,1984.0000,1984.0000,1984.0000,1984.0000,1984.0000,1984.0000,1984.0000,1984.0000
2024-11-08 11:44:33, , , ,23.0000,1984.0000,1984.0000,1984.0000,1984.0000,1984.0000,1984.0000,1984.0000,1984.0000,1984.0000,1984.0000,1984.0000,1984.0000,1984.0000,1984.0000
2024-11-08 11:44:33, , , ,23.0000,1984.0000,1984.0000,1984.0000,1984.0000,1984.0000,1984.0000,1984.0000,1984.0000,1984.0000,1984.0000,1984.0000,1984.0000,1984.0000,1984.0000
2024-11-08 11:44:33, , , ,23.0000,1984.0000,1984.0000,1984.0000,1984.0000,1984.0000,1984.0000,1984.0000,1984.0000,1984.0000,1984.0000,1984.0000,1984.0000,1984.0000,1984.0000
2024-11-08 11:44:33, , , ,23.0000,1984.0000,1984.0000,1984.0000,1984.0000,1984.0000,1984.0000,1984.0000,1984.0000,1984.0000,1984.0000,1984.0000,1984.0000,1984.0000,1984.0000
2024-11-08 11:44:33, , , ,23.0000,1984.0000,1984.0000,1984.0000,1984.0000,1984.0000,1984.0000,1984.0000,1984.0000,1984.0000,1984.0000,1984.0000,1984.0000,1984.0000,1984.0000
2024-11-08 11:44:33, , , ,23.0000,1984.0000,1984.0000,1984.0000,1984.0000,1984.0000,1984.0000,1984.0000,1984.0000,1984.0000,1984.0000,1984.0000,1984.0000,1984.0000,1984.0000
2024-11-08 11:44:34, , , ,23.0000,1984.0000,1984.0000,1984.0000,1984.0000,1984.0000,1984.0000,1984.0000,1984.0000,1984.0000,1984.0000,1984.0000,1984.0000,1984.0000,1984.0000
2024-11-08 11:44:34, , , ,23.0000,1984.0000,1984.0000,1984.0000,1984.0000,1984.0000,1984.0000,1984.0000,1984.0000,1984.0000,1984.0000,1984.0000,1984.0000,1984.0000,1984.0000
2024-11-08 11:44:34, , , ,23.0000,1984.0000,1984.0000,1984.0000,1984.0000,1984.0000,1984.0000,1984.0000,1984.0000,1984.0000,1984.0000,1984.0000,1984.0000,1984.0000,1984.0000
2024-11-08 11:44:34, , , ,23.0000,1984.0000,1984.0000,1984.0000,1984.0000,1984.0000,1984.0000,1984.0000,1984.0000,1984.0000,1984.0000,1984.0000,1984.0000,1984.0000,1984.0000
2024-11-08 11:44:34, , , ,23.0000,1984.0000,1984.0000,1984.0000,1984.0000,1984.0000,1984.0000,1984.0000,1984.0000,1984.0000,1984.0000,1984.0000,1984.0000,1984.0000,1984.0000
2024-11-08 11:44:34, , , ,23.0000,1984.0000,1984.0000,1984.0000,1984.0000,1984.0000,1984.0000,1984.0000,1984.0000,1984.0000,1984.0000,1984.0000,1984.0000,1984.0000,1984.0000
2024-11-08 11:44:35, , , ,23.0000,1984.0000,1984.0000,1984.0000,1984.0000,1984.0000,1984.0000,1984.0000,1984.0000,1984.0000,1984.0000,1984.0000,1984.0000,1984.0000,1984.0000
2024-11-08 11:44:35, , , ,23.0000,1984.0000,1984.0000,1984.0000,1984.0000,1984.0000,1984.0000,1984.0000,1984.0000,1984.0000,1984.0000,1984.0000,1984.0000,1984.0000,1984.0000
2024-11-08 11:44:35, , , ,23.0000,1984.0000,1984.0000,1984.0000,1984.0000,1984.0000,1984.0000,1984.0000,1984.0000,1984.0000,1984.0000,1984.0000,1984.0000,1984.0000,1984.0000
2024-11-08 11:44:35, , , ,23.0000,1984.0000,1984.0000,1984.0000,1984.0000,1984.0000,1984.0000,1984.0000,1984.0000,1984.0000,1984.0000,1984.0000,1984.0000,1984.0000,1984.0000
2024-11-08 11:44:35, , , ,23.0000,1984.0000,1984.0000,1984.0000,1984.0000,1984.0000,1984.0000,1984.0000,1984.0000,1984.0000,1984.0000,1984.0000,1984.0000,1984.0000,1984.0000
2024-11-08 11:44:35, , , ,23.0000,1984.0000,1984.0000,1984.0000,1984.0000,1984.0000,1984.0000,1984.0000,1984.0000,1984.0000,1984.0000,1984.0000,1984.0000,1984.0000,1984.0000
2024-11-08 11:44:36, , , ,23.0000,1984.0000,1984.0000,1984.0000,1984.0000,1984.0000,1984.0000,1984.0000,1984.0000,1984.0000,1984.0000,1984.0000,1984.0000,1984.0000,1984.0000
2024-11-08 11:44:36, , , ,23.0000,1984.0000,1984.0000,1984.0000,1984.0000,1984.0000,1984.0000,1984.0000,1984.0000,1984.0000,1984.0000,1984.0000,1984.0000,1984.0000,1984.0000
2024-11-08 11:44:36, , , ,23.0000,1984.0000,1984.0000,1984.0000,1984.0000,1984.0000,1984.0000,1984.0000,1984.0000,1984.0000,1984.0000,1984.0000,1984.0000,1984.0000,1984.0000
2024-11-08 11:44:36, , , ,23.0000,1984.0000,1984.0000,1984.0000,1984.0000,1984.0000,1984.0000,1984.0000,1984.0000,1984.0000,1984.0000,1984.0000,1984.0000,1984.0000,1984.0000
2024-11-08 11:44:36, , , ,23.0000,1984.0000,1984.0000,1984.0000,1984.0000,1984.0000,1984.0000,1984.0000,1984.0000,1984.0000,1984.0000,1984.0000,1984.0000,1984.0000,1984.0000
2024-11-08 11:44:36, , , ,23.0000,1984.0000,1984.0000,1984.0000,1984.0000,1984.0000,1984.0000,1984.0000,1984.0000,1984.0000,1984.0000,1984.0000,1984.0000,1984.0000,1984.0000
2024-11-08 11:44:37, , , ,23.0000,1984.0000,1984.0000,1984.0000,1984.0000,1984.0000,1984.0000,1984.0000,1984.0000,1984.0000,1984.0000,1984.0000,1984.0000,1984.0000,1984.0000
2024-11-08 11:44:37, , , ,23.0000,1984.0000,1984.0000,1984.0000,1984.0000,1984.0000,1984.0000,1984.0000,1984.0000,1984.0000,1984.0000,1984.0000,1984.0000,1984.0000,1984.0000
2024-11-08 11:44:37, , , ,23.0000,1984.0000,1984.0000,1984.0000,1984.0000,1984.0000,1984.0000,1984.0000,1984.0000,1984.0000,1984.0000,1984.0000,1984.0000,1984.0000,1984.0000
2024-11-08 11:44:37, , , ,23.0000,1984.0000,1984.0000,1984.0000,1984.0000,1984.0000,1984.0000,1984.0000,1984.0000,1984.0000,1984.0000,1984.0000,1984.0000,1984.0000,1984.0000
2024-11-08 11:44:37, , , ,23.0000,1984.0000,1984.0000,1984.0000,1984.0000,1984.0000,1984.0000,1984.0000,1984.0000,1984.0000,1984.0000,1984.0000,1984.0000,1984.0000,1984.0000
2024-11-08 11:44:37, , , ,23.0000,1984.0000,1984.0000,1984.0000,1984.0000,1984.0000,1984.0000,1984.0000,1984.0000,1984.0000,1984.0000,1984.0000,1984.0000,1984.0000,1984.0000
2024-11-08 11:44:38, , , ,23.0000,1984.0000,1984.0000,1984.0000,1984.0000,1984.0000,1984.0000,1984.0000,1984.0000,1984.0000,1984.0000,1984.0000,1984.0000,1984.0000,1984.0000
2024-11-08 11:44:38, , , ,23.0000,1984.0000,1984.0000,1984.0000,1984.0000,1984.0000,1984.0000,1984.0000,1984.0000,1984.0000,1984.0000,1984.0000,1984.0000,1984.0000,1984.0000
2024-11-08 11:44:38, , , ,23.0000,1984.0000,1984.0000,1984.0000,1984.0000,1984.0000,1984.0000,1984.0000,1984.0000,1984.0000,1984.0000,1984.0000,1984.0000,1984.0000,1984.0000
2024-11-08 11:44:38, , , ,23.0000,1984.0000,1984.0000,1984.0000,1984.0000,1984.0000,1984.0000,1984.0000,1984.0000,1984.0000,1984.0000,1984.0000,1984.0000,1984.0000,1984.0000
2024-11-08 11:44:38, , , ,23.0000,1984.0000,1984.0000,1984.0000,1984.0000,1984.0000,1984.0000,1984.0000,1984.0000,1984.0000,1984.0000,1984.0000,1984.0000,1984.0000,1984.0000
2024-11-08 11:44:38, , , ,23.0000,1984.0000,1984.0000,1984.0000,1984.0000,1984.0000,1984.0000,1984.0000,1984.0000,1984.0000,1984.0000,1984.0000,1984.0000,1984.0000,1984.0000
2024-11-08 11:44:39, , , ,23.0000,1984.0000,1984.0000,1984.0000,1984.0000,1984.0000,1984.0000,1984.0000,1984.0000,1984.0000,1984.0000,1984.0000,1984.0000,1984.0000,1984.0000
2024-11-08 11:44:39, , , ,23.0000,1984.0000,1984.0000,1984.0000,1984.0000,1984.0000,1984.0000,1984.0000,1984.0000,1984.0000,1984.0000,1984.0000,1984.0000,1984.0000,1984.0000
2024-11-08 11:44:39, , , ,23.0000,1984.0000,1984.0000,1984.0000,1984.0000,1984.0000,1984.0000,1984.0000,1984.0000,1984.0000,1984.0000,1984.0000,1984.0000,1984.0000,1984.0000
2024-11-08 11:44:39, , , ,22.9000,1984.0000,1984.0000,1984.0000,1984.0000,1984.0000,1984.0000,1984.0000,1984.0000,1984.0000,1984.0000,1984.0000,1984.0000,1984.0000,1984.0000
2024-11-08 11:44:39, , , ,22.9000,1984.0000,1984.0000,1984.0000,1984.0000,1984.0000,1984.0000,1984.0000,1984.0000,1984.0000,1984.0000,1984.0000,1984.0000,1984.0000,1984.0000
2024-11-08 11:44:39, , , ,22.9000,1984.0000,1984.0000,1984.0000,1984.0000,1984.0000,1984.0000,1984.0000,1984.0000,1984.0000,1984.0000,1984.0000,1984.0000,1984.0000,1984.0000
2024-11-08 11:44:40, , , ,22.9000,1984.0000,1984.0000,1984.0000,1984.0000,1984.0000,1984.0000,1984.0000,1984.0000,1984.0000,1984.0000,1984.0000,1984.0000,1984.0000,1984.0000
2024-11-08 11:44:40, , , ,23.0000,1984.0000,1984.0000,1984.0000,1984.0000,1984.0000,1984.0000,1984.0000,1984.0000,1984.0000,1984.0000,1984.0000,1984.0000,1984.0000,1984.0000
2024-11-08 11:44:40, , , ,23.0000,1984.0000,1984.0000,1984.0000,1984.0000,1984.0000,1984.0000,1984.0000,1984.0000,1984.0000,1984.0000,1984.0000,1984.0000,1984.0000,1984.0000
2024-11-08 11:44:40, , , ,23.0000,1984.0000,1984.0000,1984.0000,1984.0000,1984.0000,1984.0000,1984.0000,1984.0000,1984.0000,1984.0000,1984.0000,1984.0000,1984.0000,1984.0000
2024-11-08 11:44:40, , , ,23.0000,1984.0000,1984.0000,1984.0000,1984.0000,1984.0000,1984.0000,1984.0000,1984.0000,1984.0000,1984.0000,1984.0000,1984.0000,1984.0000,1984.0000
2024-11-08 11:44:40, , , ,23.0000,1984.0000,1984.0000,1984.0000,1984.0000,1984.0000,1984.0000,1984.0000,1984.0000,1984.0000,1984.0000,1984.0000,1984.0000,1984.0000,1984.0000
2024-11-08 11:44:41, , , ,23.0000,1984.0000,1984.0000,1984.0000,1984.0000,1984.0000,1984.0000,1984.0000,1984.0000,1984.0000,1984.0000,1984.0000,1984.0000,1984.0000,1984.0000
2024-11-08 11:44:41, , , ,23.0000,1984.0000,1984.0000,1984.0000,1984.0000,1984.0000,1984.0000,1984.0000,1984.0000,1984.0000,1984.0000,1984.0000,1984.0000,1984.0000,1984.0000
2024-11-08 11:44:41, , , ,23.0000,1984.0000,1984.0000,1984.0000,1984.0000,1984.0000,1984.0000,1984.0000,1984.0000,1984.0000,1984.0000,1984.0000,1984.0000,1984.0000,1984.0000
2024-11-08 11:44:41, , , ,23.0000,1984.0000,1984.0000,1984.0000,1984.0000,1984.0000,1984.0000,1984.0000,1984.0000,1984.0000,1984.0000,1984.0000,1984.0000,1984.0000,1984.0000
2024-11-08 11:44:41, , , ,23.0000,1984.0000,1984.0000,1984.0000,1984.0000,1984.0000,1984.0000,1984.0000,1984.0000,1984.0000,1984.0000,1984.0000,1984.0000,1984.0000,1984.0000
2024-11-08 11:44:41, , , ,23.0000,1984.0000,1984.0000,1984.0000,1984.0000,1984.0000,1984.0000,1984.0000,1984.0000,1984.0000,1984.0000,1984.0000,1984.0000,1984.0000,1984.0000
2024-11-08 11:44:42, , , ,23.0000,1984.0000,1984.0000,1984.0000,1984.0000,1984.0000,1984.0000,1984.0000,1984.0000,1984.0000,1984.0000,1984.0000,1984.0000,1984.0000,1984.0000
2024-11-08 11:44:42, , , ,23.0000,1984.0000,1984.0000,1984.0000,1984.0000,1984.0000,1984.0000,1984.0000,1984.0000,1984.0000,1984.0000,1984.0000,1984.0000,1984.0000,1984.0000
2024-11-08 11:44:42, , , ,23.0000,1984.0000,1984.0000,1984.0000,1984.0000,1984.0000,1984.0000,1984.0000,1984.0000,1984.0000,1984.0000,1984.0000,1984.0000,1984.0000,1984.0000
2024-11-08 11:44:42, , , ,23.0000,1984.0000,1984.0000,1984.0000,1984.0000,1984.0000,1984.0000,1984.0000,1984.0000,1984.0000,1984.0000,1984.0000,1984.0000,1984.0000,1984.0000
2024-11-08 11:44:42, , , ,23.0000,1984.0000,1984.0000,1984.0000,1984.0000,1984.0000,1984.0000,1984.0000,1984.0000,1984.0000,1984.0000,1984.0000,1984.0000,1984.0000,1984.0000
2024-11-08 11:44:42, , , ,23.0000,1984.0000,1984.0000,1984.0000,1984.0000,1984.0000,1984.0000,1984.0000,1984.0000,1984.0000,1984.0000,1984.0000,1984.0000,1984.0000,1984.0000
2024-11-08 11:44:43, , , ,23.0000,1984.0000,1984.0000,1984.0000,1984.0000,1984.0000,1984.0000,1984.0000,1984.0000,1984.0000,1984.0000,1984.0000,1984.0000,1984.0000,1984.0000
2024-11-08 11:44:43, , , ,23.0000,1984.0000,1984.0000,1984.0000,1984.0000,1984.0000,1984.0000,1984.0000,1984.0000,1984.0000,1984.0000,1984.0000,1984.0000,1984.0000,1984.0000
2024-11-08 11:44:43, , , ,23.0000,1984.0000,1984.0000,1984.0000,1984.0000,1984.0000,1984.0000,1984.0000,1984.0000,1984.0000,1984.0000,1984.0000,1984.0000,1984.0000,1984.0000
2024-11-08 11:44:43, , , ,23.0000,1984.0000,1984.0000,1984.0000,1984.0000,1984.0000,1984.0000,1984.0000,1984.0000,1984.0000,1984.0000,1984.0000,1984.0000,1984.0000,1984.0000
2024-11-08 11:44:43, , , ,23.0000,1984.0000,1984.0000,1984.0000,1984.0000,1984.0000,1984.0000,1984.0000,1984.0000,1984.0000,1984.0000,1984.0000,1984.0000,1984.0000,1984.0000
2024-11-08 11:44:43, , , ,23.0000,1984.0000,1984.0000,1984.0000,1984.0000,1984.0000,1984.0000,1984.0000,1984.0000,1984.0000,1984.0000,1984.0000,1984.0000,1984.0000,1984.0000
2024-11-08 11:44:44, , , ,23.0000,1984.0000,1984.0000,1984.0000,1984.0000,1984.0000,1984.0000,1984.0000,1984.0000,1984.0000,1984.0000,1984.0000,1984.0000,1984.0000,1984.0000
2024-11-08 11:44:44, , , ,23.0000,1984.0000,1984.0000,1984.0000,1984.0000,1984.0000,1984.0000,1984.0000,1984.0000,1984.0000,1984.0000,1984.0000,1984.0000,1984.0000,1984.0000
2024-11-08 11:44:44, , , ,23.0000,1984.0000,1984.0000,1984.0000,1984.0000,1984.0000,1984.0000,1984.0000,1984.0000,1984.0000,1984.0000,1984.0000,1984.0000,1984.0000,1984.0000
2024-11-08 11:44:44, , , ,23.0000,1984.0000,1984.0000,1984.0000,1984.0000,1984.0000,1984.0000,1984.0000,1984.0000,1984.0000,1984.0000,1984.0000,1984.0000,1984.0000,1984.0000
2024-11-08 11:44:44, , , ,23.0000,1984.0000,1984.0000,1984.0000,1984.0000,1984.0000,1984.0000,1984.0000,1984.0000,1984.0000,1984.0000,1984.0000,1984.0000,1984.0000,1984.0000
2024-11-08 11:44:44, , , ,23.0000,1984.0000,1984.0000,1984.0000,1984.0000,1984.0000,1984.0000,1984.0000,1984.0000,1984.0000,1984.0000,1984.0000,1984.0000,1984.0000,1984.0000
2024-11-08 11:44:45, , , ,23.0000,1984.0000,1984.0000,1984.0000,1984.0000,1984.0000,1984.0000,1984.0000,1984.0000,1984.0000,1984.0000,1984.0000,1984.0000,1984.0000,1984.0000
2024-11-08 11:44:45, , , ,23.1000,1984.0000,1984.0000,1984.0000,1984.0000,1984.0000,1984.0000,1984.0000,1984.0000,1984.0000,1984.0000,1984.0000,1984.0000,1984.0000,1984.0000
2024-11-08 11:44:45, , , ,23.0000,1984.0000,1984.0000,1984.0000,1984.0000,1984.0000,1984.0000,1984.0000,1984.0000,1984.0000,1984.0000,1984.0000,1984.0000,1984.0000,1984.0000
2024-11-08 11:44:45, , , ,23.0000,1984.0000,1984.0000,1984.0000,1984.0000,1984.0000,1984.0000,1984.0000,1984.0000,1984.0000,1984.0000,1984.0000,1984.0000,1984.0000,1984.0000
2024-11-08 11:44:45, , , ,23.0000,1984.0000,1984.0000,1984.0000,1984.0000,1984.0000,1984.0000,1984.0000,1984.0000,1984.0000,1984.0000,1984.0000,1984.0000,1984.0000,1984.0000
2024-11-08 11:44:45, , , ,23.0000,1984.0000,1984.0000,1984.0000,1984.0000,1984.0000,1984.0000,1984.0000,1984.0000,1984.0000,1984.0000,1984.0000,1984.0000,1984.0000,1984.0000
2024-11-08 11:44:45, , , ,23.0000,1984.0000,1984.0000,1984.0000,1984.0000,1984.0000,1984.0000,1984.0000,1984.0000,1984.0000,1984.0000,1984.0000,1984.0000,1984.0000,1984.0000
2024-11-08 11:44:46, , , ,23.0000,1984.0000,1984.0000,1984.0000,1984.0000,1984.0000,1984.0000,1984.0000,1984.0000,1984.0000,1984.0000,1984.0000,1984.0000,1984.0000,1984.0000
2024-11-08 11:44:46, , , ,23.0000,1984.0000,1984.0000,1984.0000,1984.0000,1984.0000,1984.0000,1984.0000,1984.0000,1984.0000,1984.0000,1984.0000,1984.0000,1984.0000,1984.0000
2024-11-08 11:44:46, , , ,23.0000,1984.0000,1984.0000,1984.0000,1984.0000,1984.0000,1984.0000,1984.0000,1984.0000,1984.0000,1984.0000,1984.0000,1984.0000,1984.0000,1984.0000
2024-11-08 11:44:46, , , ,23.0000,1984.0000,1984.0000,1984.0000,1984.0000,1984.0000,1984.0000,1984.0000,1984.0000,1984.0000,1984.0000,1984.0000,1984.0000,1984.0000,1984.0000
2024-11-08 11:44:46, , , ,23.0000,1984.0000,1984.0000,1984.0000,1984.0000,1984.0000,1984.0000,1984.0000,1984.0000,1984.0000,1984.0000,1984.0000,1984.0000,1984.0000,1984.0000
2024-11-08 11:44:46, , , ,23.0000,1984.0000,1984.0000,1984.0000,1984.0000,1984.0000,1984.0000,1984.0000,1984.0000,1984.0000,1984.0000,1984.0000,1984.0000,1984.0000,1984.0000
2024-11-08 11:44:47, , , ,23.0000,1984.0000,1984.0000,1984.0000,1984.0000,1984.0000,1984.0000,1984.0000,1984.0000,1984.0000,1984.0000,1984.0000,1984.0000,1984.0000,1984.0000
2024-11-08 11:44:47, , , ,23.0000,1984.0000,1984.0000,1984.0000,1984.0000,1984.0000,1984.0000,1984.0000,1984.0000,1984.0000,1984.0000,1984.0000,1984.0000,1984.0000,1984.0000
2024-11-08 11:44:47, , , ,23.0000,1984.0000,1984.0000,1984.0000,1984.0000,1984.0000,1984.0000,1984.0000,1984.0000,1984.0000,1984.0000,1984.0000,1984.0000,1984.0000,1984.0000
2024-11-08 11:44:47, , , ,23.0000,1984.0000,1984.0000,1984.0000,1984.0000,1984.0000,1984.0000,1984.0000,1984.0000,1984.0000,1984.0000,1984.0000,1984.0000,1984.0000,1984.0000
2024-11-08 11:44:47, , , ,23.0000,1984.0000,1984.0000,1984.0000,1984.0000,1984.0000,1984.0000,1984.0000,1984.0000,1984.0000,1984.0000,1984.0000,1984.0000,1984.0000,1984.0000
2024-11-08 11:44:47, , , ,23.0000,1984.0000,1984.0000,1984.0000,1984.0000,1984.0000,1984.0000,1984.0000,1984.0000,1984.0000,1984.0000,1984.0000,1984.0000,1984.0000,1984.0000
2024-11-08 11:44:48, , , ,23.0000,1984.0000,1984.0000,1984.0000,1984.0000,1984.0000,1984.0000,1984.0000,1984.0000,1984.0000,1984.0000,1984.0000,1984.0000,1984.0000,1984.0000
2024-11-08 11:44:48, , , ,23.0000,1984.0000,1984.0000,1984.0000,1984.0000,1984.0000,1984.0000,1984.0000,1984.0000,1984.0000,1984.0000,1984.0000,1984.0000,1984.0000,1984.0000
2024-11-08 11:44:48, , , ,23.0000,1984.0000,1984.0000,1984.0000,1984.0000,1984.0000,1984.0000,1984.0000,1984.0000,1984.0000,1984.0000,1984.0000,1984.0000,1984.0000,1984.0000
2024-11-08 11:44:48, , , ,23.0000,1984.0000,1984.0000,1984.0000,1984.0000,1984.0000,1984.0000,1984.0000,1984.0000,1984.0000,1984.0000,1984.0000,1984.0000,1984.0000,1984.0000
2024-11-08 11:44:48, , , ,23.0000,1984.0000,1984.0000,1984.0000,1984.0000,1984.0000,1984.0000,1984.0000,1984.0000,1984.0000,1984.0000,1984.0000,1984.0000,1984.0000,1984.0000
2024-11-08 11:44:48, , , ,23.0000,1984.0000,1984.0000,1984.0000,1984.0000,1984.0000,1984.0000,1984.0000,1984.0000,1984.0000,1984.0000,1984.0000,1984.0000,1984.0000,1984.0000
2024-11-08 11:44:49, , , ,23.0000,1984.0000,1984.0000,1984.0000,1984.0000,1984.0000,1984.0000,1984.0000,1984.0000,1984.0000,1984.0000,1984.0000,1984.0000,1984.0000,1984.0000
2024-11-08 11:44:49, , , ,23.0000,1984.0000,1984.0000,1984.0000,1984.0000,1984.0000,1984.0000,1984.0000,1984.0000,1984.0000,1984.0000,1984.0000,1984.0000,1984.0000,1984.0000
2024-11-08 11:44:49, , , ,23.0000,1984.0000,1984.0000,1984.0000,1984.0000,1984.0000,1984.0000,1984.0000,1984.0000,1984.0000,1984.0000,1984.0000,1984.0000,1984.0000,1984.0000
2024-11-08 11:44:49, , , ,23.0000,1984.0000,1984.0000,1984.0000,1984.0000,1984.0000,1984.0000,1984.0000,1984.0000,1984.0000,1984.0000,1984.0000,1984.0000,1984.0000,1984.0000
2024-11-08 11:44:49, , , ,22.9000,1984.0000,1984.0000,1984.0000,1984.0000,1984.0000,1984.0000,1984.0000,1984.0000,1984.0000,1984.0000,1984.0000,1984.0000,1984.0000,1984.0000
2024-11-08 11:44:49, , , ,23.0000,1984.0000,1984.0000,1984.0000,1984.0000,1984.0000,1984.0000,1984.0000,1984.0000,1984.0000,1984.0000,1984.0000,1984.0000,1984.0000,1984.0000
2024-11-08 11:44:50, , , ,23.0000,1984.0000,1984.0000,1984.0000,1984.0000,1984.0000,1984.0000,1984.0000,1984.0000,1984.0000,1984.0000,1984.0000,1984.0000,1984.0000,1984.0000
2024-11-08 11:44:50, , , ,23.0000,1984.0000,1984.0000,1984.0000,1984.0000,1984.0000,1984.0000,1984.0000,1984.0000,1984.0000,1984.0000,1984.0000,1984.0000,1984.0000,1984.0000
2024-11-08 11:44:50, , , ,23.0000,1984.0000,1984.0000,1984.0000,1984.0000,1984.0000,1984.0000,1984.0000,1984.0000,1984.0000,1984.0000,1984.0000,1984.0000,1984.0000,1984.0000
2024-11-08 11:44:50, , , ,23.0000,1984.0000,1984.0000,1984.0000,1984.0000,1984.0000,1984.0000,1984.0000,1984.0000,1984.0000,1984.0000,1984.0000,1984.0000,1984.0000,1984.0000
2024-11-08 11:44:50, , , ,23.0000,1984.0000,1984.0000,1984.0000,1984.0000,1984.0000,1984.0000,1984.0000,1984.0000,1984.0000,1984.0000,1984.0000,1984.0000,1984.0000,1984.0000
2024-11-08 11:44:50, , , ,23.0000,1984.0000,1984.0000,1984.0000,1984.0000,1984.0000,1984.0000,1984.0000,1984.0000,1984.0000,1984.0000,1984.0000,1984.0000,1984.0000,1984.0000
2024-11-08 11:44:51, , , ,23.0000,1984.0000,1984.0000,1984.0000,1984.0000,1984.0000,1984.0000,1984.0000,1984.0000,1984.0000,1984.0000,1984.0000,1984.0000,1984.0000,1984.0000
2024-11-08 11:44:51, , , ,23.0000,1984.0000,1984.0000,1984.0000,1984.0000,1984.0000,1984.0000,1984.0000,1984.0000,1984.0000,1984.0000,1984.0000,1984.0000,1984.0000,1984.0000
2024-11-08 11:44:51, , , ,23.0000,1984.0000,1984.0000,1984.0000,1984.0000,1984.0000,1984.0000,1984.0000,1984.0000,1984.0000,1984.0000,1984.0000,1984.0000,1984.0000,1984.0000
2024-11-08 11:44:51, , , ,23.0000,1984.0000,1984.0000,1984.0000,1984.0000,1984.0000,1984.0000,1984.0000,1984.0000,1984.0000,1984.0000,1984.0000,1984.0000,1984.0000,1984.0000
2024-11-08 11:44:51, , , ,23.0000,1984.0000,1984.0000,1984.0000,1984.0000,1984.0000,1984.0000,1984.0000,1984.0000,1984.0000,1984.0000,1984.0000,1984.0000,1984.0000,1984.0000
2024-11-08 11:44:51, , , ,23.0000,1984.0000,1984.0000,1984.0000,1984.0000,1984.0000,1984.0000,1984.0000,1984.0000,1984.0000,1984.0000,1984.0000,1984.0000,1984.0000,1984.0000
2024-11-08 11:44:52, , , ,23.0000,1984.0000,1984.0000,1984.0000,1984.0000,1984.0000,1984.0000,1984.0000,1984.0000,1984.0000,1984.0000,1984.0000,1984.0000,1984.0000,1984.0000
2024-11-08 11:44:52, , , ,23.0000,1984.0000,1984.0000,1984.0000,1984.0000,1984.0000,1984.0000,1984.0000,1984.0000,1984.0000,1984.0000,1984.0000,1984.0000,1984.0000,1984.0000
2024-11-08 11:44:52, , , ,23.0000,1984.0000,1984.0000,1984.0000,1984.0000,1984.0000,1984.0000,1984.0000,1984.0000,1984.0000,1984.0000,1984.0000,1984.0000,1984.0000,1984.0000
2024-11-08 11:44:52, , , ,23.0000,1984.0000,1984.0000,1984.0000,1984.0000,1984.0000,1984.0000,1984.0000,1984.0000,1984.0000,1984.0000,1984.0000,1984.0000,1984.0000,1984.0000
2024-11-08 11:44:52, , , ,23.0000,1984.0000,1984.0000,1984.0000,1984.0000,1984.0000,1984.0000,1984.0000,1984.0000,1984.0000,1984.0000,1984.0000,1984.0000,1984.0000,1984.0000
2024-11-08 11:44:52, , , ,23.0000,1984.0000,1984.0000,1984.0000,1984.0000,1984.0000,1984.0000,1984.0000,1984.0000,1984.0000,1984.0000,1984.0000,1984.0000,1984.0000,1984.0000
2024-11-08 11:44:53, , , ,23.0000,1984.0000,1984.0000,1984.0000,1984.0000,1984.0000,1984.0000,1984.0000,1984.0000,1984.0000,1984.0000,1984.0000,1984.0000,1984.0000,1984.0000
2024-11-08 11:44:53, , , ,23.0000,1984.0000,1984.0000,1984.0000,1984.0000,1984.0000,1984.0000,1984.0000,1984.0000,1984.0000,1984.0000,1984.0000,1984.0000,1984.0000,1984.0000
2024-11-08 11:44:53, , , ,23.0000,1984.0000,1984.0000,1984.0000,1984.0000,1984.0000,1984.0000,1984.0000,1984.0000,1984.0000,1984.0000,1984.0000,1984.0000,1984.0000,1984.0000
2024-11-08 11:44:53, , , ,23.0000,1984.0000,1984.0000,1984.0000,1984.0000,1984.0000,1984.0000,1984.0000,1984.0000,1984.0000,1984.0000,1984.0000,1984.0000,1984.0000,1984.0000
2024-11-08 11:44:53, , , ,23.0000,1984.0000,1984.0000,1984.0000,1984.0000,1984.0000,1984.0000,1984.0000,1984.0000,1984.0000,1984.0000,1984.0000,1984.0000,1984.0000,1984.0000
2024-11-08 11:44:53, , , ,23.0000,1984.0000,1984.0000,1984.0000,1984.0000,1984.0000,1984.0000,1984.0000,1984.0000,1984.0000,1984.0000,1984.0000,1984.0000,1984.0000,1984.0000
2024-11-08 11:44:54, , , ,23.0000,1984.0000,1984.0000,1984.0000,1984.0000,1984.0000,1984.0000,1984.0000,1984.0000,1984.0000,1984.0000,1984.0000,1984.0000,1984.0000,1984.0000
2024-11-08 11:44:54, , , ,23.0000,1984.0000,1984.0000,1984.0000,1984.0000,1984.0000,1984.0000,1984.0000,1984.0000,1984.0000,1984.0000,1984.0000,1984.0000,1984.0000,1984.0000
2024-11-08 11:44:54, , , ,23.0000,1984.0000,1984.0000,1984.0000,1984.0000,1984.0000,1984.0000,1984.0000,1984.0000,1984.0000,1984.0000,1984.0000,1984.0000,1984.0000,1984.0000
2024-11-08 11:44:54, , , ,23.0000,1984.0000,1984.0000,1984.0000,1984.0000,1984.0000,1984.0000,1984.0000,1984.0000,1984.0000,1984.0000,1984.0000,1984.0000,1984.0000,1984.0000
2024-11-08 11:44:54, , , ,23.0000,1984.0000,1984.0000,1984.0000,1984.0000,1984.0000,1984.0000,1984.0000,1984.0000,1984.0000,1984.0000,1984.0000,1984.0000,1984.0000,1984.0000
2024-11-08 11:44:54, , , ,23.0000,1984.0000,1984.0000,1984.0000,1984.0000,1984.0000,1984.0000,1984.0000,1984.0000,1984.0000,1984.0000,1984.0000,1984.0000,1984.0000,1984.0000
2024-11-08 11:44:55, , , ,23.0000,1984.0000,1984.0000,1984.0000,1984.0000,1984.0000,1984.0000,1984.0000,1984.0000,1984.0000,1984.0000,1984.0000,1984.0000,1984.0000,1984.0000
2024-11-08 11:44:55, , , ,23.0000,1984.0000,1984.0000,1984.0000,1984.0000,1984.0000,1984.0000,1984.0000,1984.0000,1984.0000,1984.0000,1984.0000,1984.0000,1984.0000,1984.0000
2024-11-08 11:44:55, , , ,23.0000,1984.0000,1984.0000,1984.0000,1984.0000,1984.0000,1984.0000,1984.0000,1984.0000,1984.0000,1984.0000,1984.0000,1984.0000,1984.0000,1984.0000
2024-11-08 11:44:55, , , ,23.0000,1984.0000,1984.0000,1984.0000,1984.0000,1984.0000,1984.0000,1984.0000,1984.0000,1984.0000,1984.0000,1984.0000,1984.0000,1984.0000,1984.0000
2024-11-08 11:44:55, , , ,23.0000,1984.0000,1984.0000,1984.0000,1984.0000,1984.0000,1984.0000,1984.0000,1984.0000,1984.0000,1984.0000,1984.0000,1984.0000,1984.0000,1984.0000
2024-11-08 11:44:55, , , ,23.0000,1984.0000,1984.0000,1984.0000,1984.0000,1984.0000,1984.0000,1984.0000,1984.0000,1984.0000,1984.0000,1984.0000,1984.0000,1984.0000,1984.0000
2024-11-08 11:44:56, , , ,23.0000,1984.0000,1984.0000,1984.0000,1984.0000,1984.0000,1984.0000,1984.0000,1984.0000,1984.0000,1984.0000,1984.0000,1984.0000,1984.0000,1984.0000
2024-11-08 11:44:56, , , ,23.0000,1984.0000,1984.0000,1984.0000,1984.0000,1984.0000,1984.0000,1984.0000,1984.0000,1984.0000,1984.0000,1984.0000,1984.0000,1984.0000,1984.0000
2024-11-08 11:44:56, , , ,23.0000,1984.0000,1984.0000,1984.0000,1984.0000,1984.0000,1984.0000,1984.0000,1984.0000,1984.0000,1984.0000,1984.0000,1984.0000,1984.0000,1984.0000
2024-11-08 11:44:56, , , ,23.0000,1984.0000,1984.0000,1984.0000,1984.0000,1984.0000,1984.0000,1984.0000,1984.0000,1984.0000,1984.0000,1984.0000,1984.0000,1984.0000,1984.0000
2024-11-08 11:44:56, , , ,23.0000,1984.0000,1984.0000,1984.0000,1984.0000,1984.0000,1984.0000,1984.0000,1984.0000,1984.0000,1984.0000,1984.0000,1984.0000,1984.0000,1984.0000
2024-11-08 11:44:56, , , ,23.0000,1984.0000,1984.0000,1984.0000,1984.0000,1984.0000,1984.0000,1984.0000,1984.0000,1984.0000,1984.0000,1984.0000,1984.0000,1984.0000,1984.0000
2024-11-08 11:44:57, , , ,23.0000,1984.0000,1984.0000,1984.0000,1984.0000,1984.0000,1984.0000,1984.0000,1984.0000,1984.0000,1984.0000,1984.0000,1984.0000,1984.0000,1984.0000
2024-11-08 11:44:57, , , ,23.0000,1984.0000,1984.0000,1984.0000,1984.0000,1984.0000,1984.0000,1984.0000,1984.0000,1984.0000,1984.0000,1984.0000,1984.0000,1984.0000,1984.0000
2024-11-08 11:44:57, , , ,23.0000,1984.0000,1984.0000,1984.0000,1984.0000,1984.0000,1984.0000,1984.0000,1984.0000,1984.0000,1984.0000,1984.0000,1984.0000,1984.0000,1984.0000
2024-11-08 11:44:57, , , ,23.0000,1984.0000,1984.0000,1984.0000,1984.0000,1984.0000,1984.0000,1984.0000,1984.0000,1984.0000,1984.0000,1984.0000,1984.0000,1984.0000,1984.0000
2024-11-08 11:44:57, , , ,23.0000,1984.0000,1984.0000,1984.0000,1984.0000,1984.0000,1984.0000,1984.0000,1984.0000,1984.0000,1984.0000,1984.0000,1984.0000,1984.0000,1984.0000
2024-11-08 11:44:57, , , ,23.0000,1984.0000,1984.0000,1984.0000,1984.0000,1984.0000,1984.0000,1984.0000,1984.0000,1984.0000,1984.0000,1984.0000,1984.0000,1984.0000,1984.0000
2024-11-08 11:44:58, , , ,23.0000,1984.0000,1984.0000,1984.0000,1984.0000,1984.0000,1984.0000,1984.0000,1984.0000,1984.0000,1984.0000,1984.0000,1984.0000,1984.0000,1984.0000
2024-11-08 11:44:58, , , ,23.0000,1984.0000,1984.0000,1984.0000,1984.0000,1984.0000,1984.0000,1984.0000,1984.0000,1984.0000,1984.0000,1984.0000,1984.0000,1984.0000,1984.0000
2024-11-08 11:44:58, , , ,23.0000,1984.0000,1984.0000,1984.0000,1984.0000,1984.0000,1984.0000,1984.0000,1984.0000,1984.0000,1984.0000,1984.0000,1984.0000,1984.0000,1984.0000
2024-11-08 11:44:58, , , ,23.0000,1984.0000,1984.0000,1984.0000,1984.0000,1984.0000,1984.0000,1984.0000,1984.0000,1984.0000,1984.0000,1984.0000,1984.0000,1984.0000,1984.0000
2024-11-08 11:44:58, , , ,23.0000,1984.0000,1984.0000,1984.0000,1984.0000,1984.0000,1984.0000,1984.0000,1984.0000,1984.0000,1984.0000,1984.0000,1984.0000,1984.0000,1984.0000
2024-11-08 11:44:58, , , ,23.0000,1984.0000,1984.0000,1984.0000,1984.0000,1984.0000,1984.0000,1984.0000,1984.0000,1984.0000,1984.0000,1984.0000,1984.0000,1984.0000,1984.0000
2024-11-08 11:44:59, , , ,23.0000,1984.0000,1984.0000,1984.0000,1984.0000,1984.0000,1984.0000,1984.0000,1984.0000,1984.0000,1984.0000,1984.0000,1984.0000,1984.0000,1984.0000
2024-11-08 11:44:59, , , ,23.1000,1984.0000,1984.0000,1984.0000,1984.0000,1984.0000,1984.0000,1984.0000,1984.0000,1984.0000,1984.0000,1984.0000,1984.0000,1984.0000,1984.0000
2024-11-08 11:44:59, , , ,23.1000,1984.0000,1984.0000,1984.0000,1984.0000,1984.0000,1984.0000,1984.0000,1984.0000,1984.0000,1984.0000,1984.0000,1984.0000,1984.0000,1984.0000
2024-11-08 11:44:59, , , ,23.0000,1984.0000,1984.0000,1984.0000,1984.0000,1984.0000,1984.0000,1984.0000,1984.0000,1984.0000,1984.0000,1984.0000,1984.0000,1984.0000,1984.0000
2024-11-08 11:44:59, , , ,23.0000,1984.0000,1984.0000,1984.0000,1984.0000,1984.0000,1984.0000,1984.0000,1984.0000,1984.0000,1984.0000,1984.0000,1984.0000,1984.0000,1984.0000
2024-11-08 11:44:59, , , ,23.0000,1984.0000,1984.0000,1984.0000,1984.0000,1984.0000,1984.0000,1984.0000,1984.0000,1984.0000,1984.0000,1984.0000,1984.0000,1984.0000,1984.0000
2024-11-08 11:45:00, , , ,23.0000,1984.0000,1984.0000,1984.0000,1984.0000,1984.0000,1984.0000,1984.0000,1984.0000,1984.0000,1984.0000,1984.0000,1984.0000,1984.0000,1984.0000
2024-11-08 11:45:00, , , ,23.0000,1984.0000,1984.0000,1984.0000,1984.0000,1984.0000,1984.0000,1984.0000,1984.0000,1984.0000,1984.0000,1984.0000,1984.0000,1984.0000,1984.0000
2024-11-08 11:45:00, , , ,23.0000,1984.0000,1984.0000,1984.0000,1984.0000,1984.0000,1984.0000,1984.0000,1984.0000,1984.0000,1984.0000,1984.0000,1984.0000,1984.0000,1984.0000
2024-11-08 11:45:00, , , ,23.1000,1984.0000,1984.0000,1984.0000,1984.0000,1984.0000,1984.0000,1984.0000,1984.0000,1984.0000,1984.0000,1984.0000,1984.0000,1984.0000,1984.0000
2024-11-08 11:45:00, , , ,23.0000,1984.0000,1984.0000,1984.0000,1984.0000,1984.0000,1984.0000,1984.0000,1984.0000,1984.0000,1984.0000,1984.0000,1984.0000,1984.0000,1984.0000
2024-11-08 11:45:00, , , ,23.0000,1984.0000,1984.0000,1984.0000,1984.0000,1984.0000,1984.0000,1984.0000,1984.0000,1984.0000,1984.0000,1984.0000,1984.0000,1984.0000,1984.0000
2024-11-08 11:45:01, , , ,23.0000,1984.0000,1984.0000,1984.0000,1984.0000,1984.0000,1984.0000,1984.0000,1984.0000,1984.0000,1984.0000,1984.0000,1984.0000,1984.0000,1984.0000
2024-11-08 11:45:01, , , ,23.0000,1984.0000,1984.0000,1984.0000,1984.0000,1984.0000,1984.0000,1984.0000,1984.0000,1984.0000,1984.0000,1984.0000,1984.0000,1984.0000,1984.0000
2024-11-08 11:45:01, , , ,23.0000,1984.0000,1984.0000,1984.0000,1984.0000,1984.0000,1984.0000,1984.0000,1984.0000,1984.0000,1984.0000,1984.0000,1984.0000,1984.0000,1984.0000
2024-11-08 11:45:01, , , ,23.1000,1984.0000,1984.0000,1984.0000,1984.0000,1984.0000,1984.0000,1984.0000,1984.0000,1984.0000,1984.0000,1984.0000,1984.0000,1984.0000,1984.0000
2024-11-08 11:45:01, , , ,23.1000,1984.0000,1984.0000,1984.0000,1984.0000,1984.0000,1984.0000,1984.0000,1984.0000,1984.0000,1984.0000,1984.0000,1984.0000,1984.0000,1984.0000
2024-11-08 11:45:01, , , ,23.1000,1984.0000,1984.0000,1984.0000,1984.0000,1984.0000,1984.0000,1984.0000,1984.0000,1984.0000,1984.0000,1984.0000,1984.0000,1984.0000,1984.0000
2024-11-08 11:45:02, , , ,23.1000,1984.0000,1984.0000,1984.0000,1984.0000,1984.0000,1984.0000,1984.0000,1984.0000,1984.0000,1984.0000,1984.0000,1984.0000,1984.0000,1984.0000
2024-11-08 11:45:02, , , ,23.0000,1984.0000,1984.0000,1984.0000,1984.0000,1984.0000,1984.0000,1984.0000,1984.0000,1984.0000,1984.0000,1984.0000,1984.0000,1984.0000,1984.0000
2024-11-08 11:45:02, , , ,23.0000,1984.0000,1984.0000,1984.0000,1984.0000,1984.0000,1984.0000,1984.0000,1984.0000,1984.0000,1984.0000,1984.0000,1984.0000,1984.0000,1984.0000
2024-11-08 11:45:02, , , ,23.0000,1984.0000,1984.0000,1984.0000,1984.0000,1984.0000,1984.0000,1984.0000,1984.0000,1984.0000,1984.0000,1984.0000,1984.0000,1984.0000,1984.0000
2024-11-08 11:45:02, , , ,23.0000,1984.0000,1984.0000,1984.0000,1984.0000,1984.0000,1984.0000,1984.0000,1984.0000,1984.0000,1984.0000,1984.0000,1984.0000,1984.0000,1984.0000
2024-11-08 11:45:02, , , ,23.0000,1984.0000,1984.0000,1984.0000,1984.0000,1984.0000,1984.0000,1984.0000,1984.0000,1984.0000,1984.0000,1984.0000,1984.0000,1984.0000,1984.0000
2024-11-08 11:45:03, , , ,23.0000,1984.0000,1984.0000,1984.0000,1984.0000,1984.0000,1984.0000,1984.0000,1984.0000,1984.0000,1984.0000,1984.0000,1984.0000,1984.0000,1984.0000
2024-11-08 11:45:03, , , ,23.0000,1984.0000,1984.0000,1984.0000,1984.0000,1984.0000,1984.0000,1984.0000,1984.0000,1984.0000,1984.0000,1984.0000,1984.0000,1984.0000,1984.0000
2024-11-08 11:45:03, , , ,23.0000,1984.0000,1984.0000,1984.0000,1984.0000,1984.0000,1984.0000,1984.0000,1984.0000,1984.0000,1984.0000,1984.0000,1984.0000,1984.0000,1984.0000
2024-11-08 11:45:03, , , ,23.0000,1984.0000,1984.0000,1984.0000,1984.0000,1984.0000,1984.0000,1984.0000,1984.0000,1984.0000,1984.0000,1984.0000,1984.0000,1984.0000,1984.0000
2024-11-08 11:45:03, , , ,23.0000,1984.0000,1984.0000,1984.0000,1984.0000,1984.0000,1984.0000,1984.0000,1984.0000,1984.0000,1984.0000,1984.0000,1984.0000,1984.0000,1984.0000
2024-11-08 11:45:03, , , ,23.0000,1984.0000,1984.0000,1984.0000,1984.0000,1984.0000,1984.0000,1984.0000,1984.0000,1984.0000,1984.0000,1984.0000,1984.0000,1984.0000,1984.0000
2024-11-08 11:45:04, , , ,23.0000,1984.0000,1984.0000,1984.0000,1984.0000,1984.0000,1984.0000,1984.0000,1984.0000,1984.0000,1984.0000,1984.0000,1984.0000,1984.0000,1984.0000
2024-11-08 11:45:04, , , ,23.0000,1984.0000,1984.0000,1984.0000,1984.0000,1984.0000,1984.0000,1984.0000,1984.0000,1984.0000,1984.0000,1984.0000,1984.0000,1984.0000,1984.0000
2024-11-08 11:45:04, , , ,23.0000,1984.0000,1984.0000,1984.0000,1984.0000,1984.0000,1984.0000,1984.0000,1984.0000,1984.0000,1984.0000,1984.0000,1984.0000,1984.0000,1984.0000
2024-11-08 11:45:04, , , ,23.0000,1984.0000,1984.0000,1984.0000,1984.0000,1984.0000,1984.0000,1984.0000,1984.0000,1984.0000,1984.0000,1984.0000,1984.0000,1984.0000,1984.0000
2024-11-08 11:45:04, , , ,23.1000,1984.0000,1984.0000,1984.0000,1984.0000,1984.0000,1984.0000,1984.0000,1984.0000,1984.0000,1984.0000,1984.0000,1984.0000,1984.0000,1984.0000
2024-11-08 11:45:04, , , ,23.1000,1984.0000,1984.0000,1984.0000,1984.0000,1984.0000,1984.0000,1984.0000,1984.0000,1984.0000,1984.0000,1984.0000,1984.0000,1984.0000,1984.0000
2024-11-08 11:45:05, , , ,23.1000,1984.0000,1984.0000,1984.0000,1984.0000,1984.0000,1984.0000,1984.0000,1984.0000,1984.0000,1984.0000,1984.0000,1984.0000,1984.0000,1984.0000
2024-11-08 11:45:05, , , ,23.0000,1984.0000,1984.0000,1984.0000,1984.0000,1984.0000,1984.0000,1984.0000,1984.0000,1984.0000,1984.0000,1984.0000,1984.0000,1984.0000,1984.0000
2024-11-08 11:45:05, , , ,23.0000,1984.0000,1984.0000,1984.0000,1984.0000,1984.0000,1984.0000,1984.0000,1984.0000,1984.0000,1984.0000,1984.0000,1984.0000,1984.0000,1984.0000
2024-11-08 11:45:05, , , ,23.0000,1984.0000,1984.0000,1984.0000,1984.0000,1984.0000,1984.0000,1984.0000,1984.0000,1984.0000,1984.0000,1984.0000,1984.0000,1984.0000,1984.0000
2024-11-08 11:45:05, , , ,23.1000,1984.0000,1984.0000,1984.0000,1984.0000,1984.0000,1984.0000,1984.0000,1984.0000,1984.0000,1984.0000,1984.0000,1984.0000,1984.0000,1984.0000
2024-11-08 11:45:05, , , ,23.1000,1984.0000,1984.0000,1984.0000,1984.0000,1984.0000,1984.0000,1984.0000,1984.0000,1984.0000,1984.0000,1984.0000,1984.0000,1984.0000,1984.0000
2024-11-08 11:45:06, , , ,23.0000,1984.0000,1984.0000,1984.0000,1984.0000,1984.0000,1984.0000,1984.0000,1984.0000,1984.0000,1984.0000,1984.0000,1984.0000,1984.0000,1984.0000
2024-11-08 11:45:06, , , ,23.0000,1984.0000,1984.0000,1984.0000,1984.0000,1984.0000,1984.0000,1984.0000,1984.0000,1984.0000,1984.0000,1984.0000,1984.0000,1984.0000,1984.0000
2024-11-08 11:45:06, , , ,23.0000,1984.0000,1984.0000,1984.0000,1984.0000,1984.0000,1984.0000,1984.0000,1984.0000,1984.0000,1984.0000,1984.0000,1984.0000,1984.0000,1984.0000
2024-11-08 11:45:06, , , ,23.0000,1984.0000,1984.0000,1984.0000,1984.0000,1984.0000,1984.0000,1984.0000,1984.0000,1984.0000,1984.0000,1984.0000,1984.0000,1984.0000,1984.0000
2024-11-08 11:45:06, , , ,23.0000,1984.0000,1984.0000,1984.0000,1984.0000,1984.0000,1984.0000,1984.0000,1984.0000,1984.0000,1984.0000,1984.0000,1984.0000,1984.0000,1984.0000
2024-11-08 11:45:06, , , ,23.0000,1984.0000,1984.0000,1984.0000,1984.0000,1984.0000,1984.0000,1984.0000,1984.0000,1984.0000,1984.0000,1984.0000,1984.0000,1984.0000,1984.0000
2024-11-08 11:45:07, , , ,23.0000,1984.0000,1984.0000,1984.0000,1984.0000,1984.0000,1984.0000,1984.0000,1984.0000,1984.0000,1984.0000,1984.0000,1984.0000,1984.0000,1984.0000
2024-11-08 11:45:07, , , ,23.0000,1984.0000,1984.0000,1984.0000,1984.0000,1984.0000,1984.0000,1984.0000,1984.0000,1984.0000,1984.0000,1984.0000,1984.0000,1984.0000,1984.0000
2024-11-08 11:45:07, , , ,23.0000,1984.0000,1984.0000,1984.0000,1984.0000,1984.0000,1984.0000,1984.0000,1984.0000,1984.0000,1984.0000,1984.0000,1984.0000,1984.0000,1984.0000
2024-11-08 11:45:07, , , ,23.0000,1984.0000,1984.0000,1984.0000,1984.0000,1984.0000,1984.0000,1984.0000,1984.0000,1984.0000,1984.0000,1984.0000,1984.0000,1984.0000,1984.0000
2024-11-08 11:45:07, , , ,23.0000,1984.0000,1984.0000,1984.0000,1984.0000,1984.0000,1984.0000,1984.0000,1984.0000,1984.0000,1984.0000,1984.0000,1984.0000,1984.0000,1984.0000
2024-11-08 11:45:07, , , ,23.0000,1984.0000,1984.0000,1984.0000,1984.0000,1984.0000,1984.0000,1984.0000,1984.0000,1984.0000,1984.0000,1984.0000,1984.0000,1984.0000,1984.0000
2024-11-08 11:45:08, , , ,23.0000,1984.0000,1984.0000,1984.0000,1984.0000,1984.0000,1984.0000,1984.0000,1984.0000,1984.0000,1984.0000,1984.0000,1984.0000,1984.0000,1984.0000
2024-11-08 11:45:08, , , ,23.0000,1984.0000,1984.0000,1984.0000,1984.0000,1984.0000,1984.0000,1984.0000,1984.0000,1984.0000,1984.0000,1984.0000,1984.0000,1984.0000,1984.0000
2024-11-08 11:45:08, , , ,23.0000,1984.0000,1984.0000,1984.0000,1984.0000,1984.0000,1984.0000,1984.0000,1984.0000,1984.0000,1984.0000,1984.0000,1984.0000,1984.0000,1984.0000
2024-11-08 11:45:08, , , ,23.0000,1984.0000,1984.0000,1984.0000,1984.0000,1984.0000,1984.0000,1984.0000,1984.0000,1984.0000,1984.0000,1984.0000,1984.0000,1984.0000,1984.0000
2024-11-08 11:45:08, , , ,23.0000,1984.0000,1984.0000,1984.0000,1984.0000,1984.0000,1984.0000,1984.0000,1984.0000,1984.0000,1984.0000,1984.0000,1984.0000,1984.0000,1984.0000
2024-11-08 11:45:08, , , ,23.0000,1984.0000,1984.0000,1984.0000,1984.0000,1984.0000,1984.0000,1984.0000,1984.0000,1984.0000,1984.0000,1984.0000,1984.0000,1984.0000,1984.0000
2024-11-08 11:45:09, , , ,23.0000,1984.0000,1984.0000,1984.0000,1984.0000,1984.0000,1984.0000,1984.0000,1984.0000,1984.0000,1984.0000,1984.0000,1984.0000,1984.0000,1984.0000
2024-11-08 11:45:09, , , ,23.1000,1984.0000,1984.0000,1984.0000,1984.0000,1984.0000,1984.0000,1984.0000,1984.0000,1984.0000,1984.0000,1984.0000,1984.0000,1984.0000,1984.0000
2024-11-08 11:45:09, , , ,23.1000,1984.0000,1984.0000,1984.0000,1984.0000,1984.0000,1984.0000,1984.0000,1984.0000,1984.0000,1984.0000,1984.0000,1984.0000,1984.0000,1984.0000
2024-11-08 11:45:09, , , ,23.1000,1984.0000,1984.0000,1984.0000,1984.0000,1984.0000,1984.0000,1984.0000,1984.0000,1984.0000,1984.0000,1984.0000,1984.0000,1984.0000,1984.0000
2024-11-08 11:45:09, , , ,23.0000,1984.0000,1984.0000,1984.0000,1984.0000,1984.0000,1984.0000,1984.0000,1984.0000,1984.0000,1984.0000,1984.0000,1984.0000,1984.0000,1984.0000
2024-11-08 11:45:09, , , ,23.0000,1984.0000,1984.0000,1984.0000,1984.0000,1984.0000,1984.0000,1984.0000,1984.0000,1984.0000,1984.0000,1984.0000,1984.0000,1984.0000,1984.0000
2024-11-08 11:45:10, , , ,23.0000,1984.0000,1984.0000,1984.0000,1984.0000,1984.0000,1984.0000,1984.0000,1984.0000,1984.0000,1984.0000,1984.0000,1984.0000,1984.0000,1984.0000
2024-11-08 11:45:10, , , ,23.0000,1984.0000,1984.0000,1984.0000,1984.0000,1984.0000,1984.0000,1984.0000,1984.0000,1984.0000,1984.0000,1984.0000,1984.0000,1984.0000,1984.0000
2024-11-08 11:45:10, , , ,23.0000,1984.0000,1984.0000,1984.0000,1984.0000,1984.0000,1984.0000,1984.0000,1984.0000,1984.0000,1984.0000,1984.0000,1984.0000,1984.0000,1984.0000
2024-11-08 11:45:10, , , ,23.0000,1984.0000,1984.0000,1984.0000,1984.0000,1984.0000,1984.0000,1984.0000,1984.0000,1984.0000,1984.0000,1984.0000,1984.0000,1984.0000,1984.0000
2024-11-08 11:45:10, , , ,23.0000,1984.0000,1984.0000,1984.0000,1984.0000,1984.0000,1984.0000,1984.0000,1984.0000,1984.0000,1984.0000,1984.0000,1984.0000,1984.0000,1984.0000
2024-11-08 11:45:10, , , ,23.0000,1984.0000,1984.0000,1984.0000,1984.0000,1984.0000,1984.0000,1984.0000,1984.0000,1984.0000,1984.0000,1984.0000,1984.0000,1984.0000,1984.0000
2024-11-08 11:45:11, , , ,23.0000,1984.0000,1984.0000,1984.0000,1984.0000,1984.0000,1984.0000,1984.0000,1984.0000,1984.0000,1984.0000,1984.0000,1984.0000,1984.0000,1984.0000
2024-11-08 11:45:11, , , ,23.0000,1984.0000,1984.0000,1984.0000,1984.0000,1984.0000,1984.0000,1984.0000,1984.0000,1984.0000,1984.0000,1984.0000,1984.0000,1984.0000,1984.0000
2024-11-08 11:45:11, , , ,23.1000,1984.0000,1984.0000,1984.0000,1984.0000,1984.0000,1984.0000,1984.0000,1984.0000,1984.0000,1984.0000,1984.0000,1984.0000,1984.0000,1984.0000
2024-11-08 11:45:11, , , ,23.1000,1984.0000,1984.0000,1984.0000,1984.0000,1984.0000,1984.0000,1984.0000,1984.0000,1984.0000,1984.0000,1984.0000,1984.0000,1984.0000,1984.0000
2024-11-08 11:45:11, , , ,23.1000,1984.0000,1984.0000,1984.0000,1984.0000,1984.0000,1984.0000,1984.0000,1984.0000,1984.0000,1984.0000,1984.0000,1984.0000,1984.0000,1984.0000
2024-11-08 11:45:11, , , ,23.1000,1984.0000,1984.0000,1984.0000,1984.0000,1984.0000,1984.0000,1984.0000,1984.0000,1984.0000,1984.0000,1984.0000,1984.0000,1984.0000,1984.0000
2024-11-08 11:45:12, , , ,23.1000,1984.0000,1984.0000,1984.0000,1984.0000,1984.0000,1984.0000,1984.0000,1984.0000,1984.0000,1984.0000,1984.0000,1984.0000,1984.0000,1984.0000
2024-11-08 11:45:12, , , ,23.1000,1984.0000,1984.0000,1984.0000,1984.0000,1984.0000,1984.0000,1984.0000,1984.0000,1984.0000,1984.0000,1984.0000,1984.0000,1984.0000,1984.0000
2024-11-08 11:45:12, , , ,23.1000,1984.0000,1984.0000,1984.0000,1984.0000,1984.0000,1984.0000,1984.0000,1984.0000,1984.0000,1984.0000,1984.0000,1984.0000,1984.0000,1984.0000
2024-11-08 11:45:12, , , ,23.1000,1984.0000,1984.0000,1984.0000,1984.0000,1984.0000,1984.0000,1984.0000,1984.0000,1984.0000,1984.0000,1984.0000,1984.0000,1984.0000,1984.0000
2024-11-08 11:45:12, , , ,23.1000,1984.0000,1984.0000,1984.0000,1984.0000,1984.0000,1984.0000,1984.0000,1984.0000,1984.0000,1984.0000,1984.0000,1984.0000,1984.0000,1984.0000
2024-11-08 11:45:12, , , ,23.1000,1984.0000,1984.0000,1984.0000,1984.0000,1984.0000,1984.0000,1984.0000,1984.0000,1984.0000,1984.0000,1984.0000,1984.0000,1984.0000,1984.0000
2024-11-08 11:45:13, , , ,23.1000,1984.0000,1984.0000,1984.0000,1984.0000,1984.0000,1984.0000,1984.0000,1984.0000,1984.0000,1984.0000,1984.0000,1984.0000,1984.0000,1984.0000
2024-11-08 11:45:13, , , ,23.1000,1984.0000,1984.0000,1984.0000,1984.0000,1984.0000,1984.0000,1984.0000,1984.0000,1984.0000,1984.0000,1984.0000,1984.0000,1984.0000,1984.0000
2024-11-08 11:45:13, , , ,23.0000,1984.0000,1984.0000,1984.0000,1984.0000,1984.0000,1984.0000,1984.0000,1984.0000,1984.0000,1984.0000,1984.0000,1984.0000,1984.0000,1984.0000
2024-11-08 11:45:13, , , ,23.0000,1984.0000,1984.0000,1984.0000,1984.0000,1984.0000,1984.0000,1984.0000,1984.0000,1984.0000,1984.0000,1984.0000,1984.0000,1984.0000,1984.0000
2024-11-08 11:45:13, , , ,23.0000,1984.0000,1984.0000,1984.0000,1984.0000,1984.0000,1984.0000,1984.0000,1984.0000,1984.0000,1984.0000,1984.0000,1984.0000,1984.0000,1984.0000
2024-11-08 11:45:13, , , ,23.1000,1984.0000,1984.0000,1984.0000,1984.0000,1984.0000,1984.0000,1984.0000,1984.0000,1984.0000,1984.0000,1984.0000,1984.0000,1984.0000,1984.0000
2024-11-08 11:45:14, , , ,23.1000,1984.0000,1984.0000,1984.0000,1984.0000,1984.0000,1984.0000,1984.0000,1984.0000,1984.0000,1984.0000,1984.0000,1984.0000,1984.0000,1984.0000
2024-11-08 11:45:14, , , ,23.1000,1984.0000,1984.0000,1984.0000,1984.0000,1984.0000,1984.0000,1984.0000,1984.0000,1984.0000,1984.0000,1984.0000,1984.0000,1984.0000,1984.0000
2024-11-08 11:45:14, , , ,23.1000,1984.0000,1984.0000,1984.0000,1984.0000,1984.0000,1984.0000,1984.0000,1984.0000,1984.0000,1984.0000,1984.0000,1984.0000,1984.0000,1984.0000
2024-11-08 11:45:14, , , ,23.1000,1984.0000,1984.0000,1984.0000,1984.0000,1984.0000,1984.0000,1984.0000,1984.0000,1984.0000,1984.0000,1984.0000,1984.0000,1984.0000,1984.0000
2024-11-08 11:45:14, , , ,23.1000,1984.0000,1984.0000,1984.0000,1984.0000,1984.0000,1984.0000,1984.0000,1984.0000,1984.0000,1984.0000,1984.0000,1984.0000,1984.0000,1984.0000
2024-11-08 11:45:14, , , ,23.0000,1984.0000,1984.0000,1984.0000,1984.0000,1984.0000,1984.0000,1984.0000,1984.0000,1984.0000,1984.0000,1984.0000,1984.0000,1984.0000,1984.0000
2024-11-08 11:45:15, , , ,23.1000,1984.0000,1984.0000,1984.0000,1984.0000,1984.0000,1984.0000,1984.0000,1984.0000,1984.0000,1984.0000,1984.0000,1984.0000,1984.0000,1984.0000
2024-11-08 11:45:15, , , ,23.0000,1984.0000,1984.0000,1984.0000,1984.0000,1984.0000,1984.0000,1984.0000,1984.0000,1984.0000,1984.0000,1984.0000,1984.0000,1984.0000,1984.0000
2024-11-08 11:45:15, , , ,23.0000,1984.0000,1984.0000,1984.0000,1984.0000,1984.0000,1984.0000,1984.0000,1984.0000,1984.0000,1984.0000,1984.0000,1984.0000,1984.0000,1984.0000
2024-11-08 11:45:15, , , ,23.0000,1984.0000,1984.0000,1984.0000,1984.0000,1984.0000,1984.0000,1984.0000,1984.0000,1984.0000,1984.0000,1984.0000,1984.0000,1984.0000,1984.0000
2024-11-08 11:45:15, , , ,23.0000,1984.0000,1984.0000,1984.0000,1984.0000,1984.0000,1984.0000,1984.0000,1984.0000,1984.0000,1984.0000,1984.0000,1984.0000,1984.0000,1984.0000
2024-11-08 11:45:15, , , ,23.0000,1984.0000,1984.0000,1984.0000,1984.0000,1984.0000,1984.0000,1984.0000,1984.0000,1984.0000,1984.0000,1984.0000,1984.0000,1984.0000,1984.0000
2024-11-08 11:45:16, , , ,23.0000,1984.0000,1984.0000,1984.0000,1984.0000,1984.0000,1984.0000,1984.0000,1984.0000,1984.0000,1984.0000,1984.0000,1984.0000,1984.0000,1984.0000
2024-11-08 11:45:16, , , ,23.0000,1984.0000,1984.0000,1984.0000,1984.0000,1984.0000,1984.0000,1984.0000,1984.0000,1984.0000,1984.0000,1984.0000,1984.0000,1984.0000,1984.0000
2024-11-08 11:45:16, , , ,23.0000,1984.0000,1984.0000,1984.0000,1984.0000,1984.0000,1984.0000,1984.0000,1984.0000,1984.0000,1984.0000,1984.0000,1984.0000,1984.0000,1984.0000
2024-11-08 11:45:16, , , ,23.0000,1984.0000,1984.0000,1984.0000,1984.0000,1984.0000,1984.0000,1984.0000,1984.0000,1984.0000,1984.0000,1984.0000,1984.0000,1984.0000,1984.0000
2024-11-08 11:45:16, , , ,23.0000,1984.0000,1984.0000,1984.0000,1984.0000,1984.0000,1984.0000,1984.0000,1984.0000,1984.0000,1984.0000,1984.0000,1984.0000,1984.0000,1984.0000
2024-11-08 11:45:16, , , ,23.0000,1984.0000,1984.0000,1984.0000,1984.0000,1984.0000,1984.0000,1984.0000,1984.0000,1984.0000,1984.0000,1984.0000,1984.0000,1984.0000,1984.0000
2024-11-08 11:45:17, , , ,23.0000,1984.0000,1984.0000,1984.0000,1984.0000,1984.0000,1984.0000,1984.0000,1984.0000,1984.0000,1984.0000,1984.0000,1984.0000,1984.0000,1984.0000
2024-11-08 11:45:17, , , ,23.0000,1984.0000,1984.0000,1984.0000,1984.0000,1984.0000,1984.0000,1984.0000,1984.0000,1984.0000,1984.0000,1984.0000,1984.0000,1984.0000,1984.0000
2024-11-08 11:45:17, , , ,23.0000,1984.0000,1984.0000,1984.0000,1984.0000,1984.0000,1984.0000,1984.0000,1984.0000,1984.0000,1984.0000,1984.0000,1984.0000,1984.0000,1984.0000
2024-11-08 11:45:17, , , ,23.0000,1984.0000,1984.0000,1984.0000,1984.0000,1984.0000,1984.0000,1984.0000,1984.0000,1984.0000,1984.0000,1984.0000,1984.0000,1984.0000,1984.0000
2024-11-08 11:45:17, , , ,23.0000,1984.0000,1984.0000,1984.0000,1984.0000,1984.0000,1984.0000,1984.0000,1984.0000,1984.0000,1984.0000,1984.0000,1984.0000,1984.0000,1984.0000
2024-11-08 11:45:17, , , ,23.0000,1984.0000,1984.0000,1984.0000,1984.0000,1984.0000,1984.0000,1984.0000,1984.0000,1984.0000,1984.0000,1984.0000,1984.0000,1984.0000,1984.0000
2024-11-08 11:45:18, , , ,23.0000,1984.0000,1984.0000,1984.0000,1984.0000,1984.0000,1984.0000,1984.0000,1984.0000,1984.0000,1984.0000,1984.0000,1984.0000,1984.0000,1984.0000
2024-11-08 11:45:18, , , ,23.0000,1984.0000,1984.0000,1984.0000,1984.0000,1984.0000,1984.0000,1984.0000,1984.0000,1984.0000,1984.0000,1984.0000,1984.0000,1984.0000,1984.0000
2024-11-08 11:45:18, , , ,23.0000,1984.0000,1984.0000,1984.0000,1984.0000,1984.0000,1984.0000,1984.0000,1984.0000,1984.0000,1984.0000,1984.0000,1984.0000,1984.0000,1984.0000
2024-11-08 11:45:18, , , ,23.0000,1984.0000,1984.0000,1984.0000,1984.0000,1984.0000,1984.0000,1984.0000,1984.0000,1984.0000,1984.0000,1984.0000,1984.0000,1984.0000,1984.0000
2024-11-08 11:45:18, , , ,23.0000,1984.0000,1984.0000,1984.0000,1984.0000,1984.0000,1984.0000,1984.0000,1984.0000,1984.0000,1984.0000,1984.0000,1984.0000,1984.0000,1984.0000
2024-11-08 11:45:18, , , ,23.0000,1984.0000,1984.0000,1984.0000,1984.0000,1984.0000,1984.0000,1984.0000,1984.0000,1984.0000,1984.0000,1984.0000,1984.0000,1984.0000,1984.0000
2024-11-08 11:45:18, , , ,23.0000,1984.0000,1984.0000,1984.0000,1984.0000,1984.0000,1984.0000,1984.0000,1984.0000,1984.0000,1984.0000,1984.0000,1984.0000,1984.0000,1984.0000
2024-11-08 11:45:19, , , ,23.0000,1984.0000,1984.0000,1984.0000,1984.0000,1984.0000,1984.0000,1984.0000,1984.0000,1984.0000,1984.0000,1984.0000,1984.0000,1984.0000,1984.0000
2024-11-08 11:45:19, , , ,23.0000,1984.0000,1984.0000,1984.0000,1984.0000,1984.0000,1984.0000,1984.0000,1984.0000,1984.0000,1984.0000,1984.0000,1984.0000,1984.0000,1984.0000
2024-11-08 11:45:19, , , ,23.0000,1984.0000,1984.0000,1984.0000,1984.0000,1984.0000,1984.0000,1984.0000,1984.0000,1984.0000,1984.0000,1984.0000,1984.0000,1984.0000,1984.0000
2024-11-08 11:45:19, , , ,23.0000,1984.0000,1984.0000,1984.0000,1984.0000,1984.0000,1984.0000,1984.0000,1984.0000,1984.0000,1984.0000,1984.0000,1984.0000,1984.0000,1984.0000
2024-11-08 11:45:19, , , ,23.0000,1984.0000,1984.0000,1984.0000,1984.0000,1984.0000,1984.0000,1984.0000,1984.0000,1984.0000,1984.0000,1984.0000,1984.0000,1984.0000,1984.0000
2024-11-08 11:45:20, , , ,23.0000,1984.0000,1984.0000,1984.0000,1984.0000,1984.0000,1984.0000,1984.0000,1984.0000,1984.0000,1984.0000,1984.0000,1984.0000,1984.0000,1984.0000
2024-11-08 11:45:20, , , ,22.9000,1984.0000,1984.0000,1984.0000,1984.0000,1984.0000,1984.0000,1984.0000,1984.0000,1984.0000,1984.0000,1984.0000,1984.0000,1984.0000,1984.0000
2024-11-08 11:45:20, , , ,22.9000,1984.0000,1984.0000,1984.0000,1984.0000,1984.0000,1984.0000,1984.0000,1984.0000,1984.0000,1984.0000,1984.0000,1984.0000,1984.0000,1984.0000
2024-11-08 11:45:20, , , ,23.0000,1984.0000,1984.0000,1984.0000,1984.0000,1984.0000,1984.0000,1984.0000,1984.0000,1984.0000,1984.0000,1984.0000,1984.0000,1984.0000,1984.0000
2024-11-08 11:45:20, , , ,23.0000,1984.0000,1984.0000,1984.0000,1984.0000,1984.0000,1984.0000,1984.0000,1984.0000,1984.0000,1984.0000,1984.0000,1984.0000,1984.0000,1984.0000
2024-11-08 11:45:20, , , ,23.0000,1984.0000,1984.0000,1984.0000,1984.0000,1984.0000,1984.0000,1984.0000,1984.0000,1984.0000,1984.0000,1984.0000,1984.0000,1984.0000,1984.0000
2024-11-08 11:45:21, , , ,23.0000,1984.0000,1984.0000,1984.0000,1984.0000,1984.0000,1984.0000,1984.0000,1984.0000,1984.0000,1984.0000,1984.0000,1984.0000,1984.0000,1984.0000
2024-11-08 11:45:21, , , ,23.0000,1984.0000,1984.0000,1984.0000,1984.0000,1984.0000,1984.0000,1984.0000,1984.0000,1984.0000,1984.0000,1984.0000,1984.0000,1984.0000,1984.0000
2024-11-08 11:45:21, , , ,23.0000,1984.0000,1984.0000,1984.0000,1984.0000,1984.0000,1984.0000,1984.0000,1984.0000,1984.0000,1984.0000,1984.0000,1984.0000,1984.0000,1984.0000
2024-11-08 11:45:21, , , ,23.0000,1984.0000,1984.0000,1984.0000,1984.0000,1984.0000,1984.0000,1984.0000,1984.0000,1984.0000,1984.0000,1984.0000,1984.0000,1984.0000,1984.0000
2024-11-08 11:45:21, , , ,23.0000,1984.0000,1984.0000,1984.0000,1984.0000,1984.0000,1984.0000,1984.0000,1984.0000,1984.0000,1984.0000,1984.0000,1984.0000,1984.0000,1984.0000
2024-11-08 11:45:21, , , ,23.0000,1984.0000,1984.0000,1984.0000,1984.0000,1984.0000,1984.0000,1984.0000,1984.0000,1984.0000,1984.0000,1984.0000,1984.0000,1984.0000,1984.0000
2024-11-08 11:45:21, , , ,23.0000,1984.0000,1984.0000,1984.0000,1984.0000,1984.0000,1984.0000,1984.0000,1984.0000,1984.0000,1984.0000,1984.0000,1984.0000,1984.0000,1984.0000
2024-11-08 11:45:22, , , ,23.0000,1984.0000,1984.0000,1984.0000,1984.0000,1984.0000,1984.0000,1984.0000,1984.0000,1984.0000,1984.0000,1984.0000,1984.0000,1984.0000,1984.0000
2024-11-08 11:45:22, , , ,22.9000,1984.0000,1984.0000,1984.0000,1984.0000,1984.0000,1984.0000,1984.0000,1984.0000,1984.0000,1984.0000,1984.0000,1984.0000,1984.0000,1984.0000
2024-11-08 11:45:22, , , ,23.0000,1984.0000,1984.0000,1984.0000,1984.0000,1984.0000,1984.0000,1984.0000,1984.0000,1984.0000,1984.0000,1984.0000,1984.0000,1984.0000,1984.0000
2024-11-08 11:45:22, , , ,23.0000,1984.0000,1984.0000,1984.0000,1984.0000,1984.0000,1984.0000,1984.0000,1984.0000,1984.0000,1984.0000,1984.0000,1984.0000,1984.0000,1984.0000
2024-11-08 11:45:22, , , ,23.0000,1984.0000,1984.0000,1984.0000,1984.0000,1984.0000,1984.0000,1984.0000,1984.0000,1984.0000,1984.0000,1984.0000,1984.0000,1984.0000,1984.0000
2024-11-08 11:45:22, , , ,23.0000,1984.0000,1984.0000,1984.0000,1984.0000,1984.0000,1984.0000,1984.0000,1984.0000,1984.0000,1984.0000,1984.0000,1984.0000,1984.0000,1984.0000
2024-11-08 11:45:23, , , ,23.0000,1984.0000,1984.0000,1984.0000,1984.0000,1984.0000,1984.0000,1984.0000,1984.0000,1984.0000,1984.0000,1984.0000,1984.0000,1984.0000,1984.0000
2024-11-08 11:45:23, , , ,23.0000,1984.0000,1984.0000,1984.0000,1984.0000,1984.0000,1984.0000,1984.0000,1984.0000,1984.0000,1984.0000,1984.0000,1984.0000,1984.0000,1984.0000
2024-11-08 11:45:23, , , ,23.0000,1984.0000,1984.0000,1984.0000,1984.0000,1984.0000,1984.0000,1984.0000,1984.0000,1984.0000,1984.0000,1984.0000,1984.0000,1984.0000,1984.0000
2024-11-08 11:45:23, , , ,23.0000,1984.0000,1984.0000,1984.0000,1984.0000,1984.0000,1984.0000,1984.0000,1984.0000,1984.0000,1984.0000,1984.0000,1984.0000,1984.0000,1984.0000
2024-11-08 11:45:23, , , ,23.0000,1984.0000,1984.0000,1984.0000,1984.0000,1984.0000,1984.0000,1984.0000,1984.0000,1984.0000,1984.0000,1984.0000,1984.0000,1984.0000,1984.0000
2024-11-08 11:45:23, , , ,23.0000,1984.0000,1984.0000,1984.0000,1984.0000,1984.0000,1984.0000,1984.0000,1984.0000,1984.0000,1984.0000,1984.0000,1984.0000,1984.0000,1984.0000
2024-11-08 11:45:24, , , ,23.0000,1984.0000,1984.0000,1984.0000,1984.0000,1984.0000,1984.0000,1984.0000,1984.0000,1984.0000,1984.0000,1984.0000,1984.0000,1984.0000,1984.0000
2024-11-08 11:45:24, , , ,23.0000,1984.0000,1984.0000,1984.0000,1984.0000,1984.0000,1984.0000,1984.0000,1984.0000,1984.0000,1984.0000,1984.0000,1984.0000,1984.0000,1984.0000
2024-11-08 11:45:24, , , ,23.0000,1984.0000,1984.0000,1984.0000,1984.0000,1984.0000,1984.0000,1984.0000,1984.0000,1984.0000,1984.0000,1984.0000,1984.0000,1984.0000,1984.0000
2024-11-08 11:45:24, , , ,23.0000,1984.0000,1984.0000,1984.0000,1984.0000,1984.0000,1984.0000,1984.0000,1984.0000,1984.0000,1984.0000,1984.0000,1984.0000,1984.0000,1984.0000
2024-11-08 11:45:24, , , ,23.0000,1984.0000,1984.0000,1984.0000,1984.0000,1984.0000,1984.0000,1984.0000,1984.0000,1984.0000,1984.0000,1984.0000,1984.0000,1984.0000,1984.0000
2024-11-08 11:45:24, , , ,23.0000,1984.0000,1984.0000,1984.0000,1984.0000,1984.0000,1984.0000,1984.0000,1984.0000,1984.0000,1984.0000,1984.0000,1984.0000,1984.0000,1984.0000
2024-11-08 11:45:25, , , ,23.0000,1984.0000,1984.0000,1984.0000,1984.0000,1984.0000,1984.0000,1984.0000,1984.0000,1984.0000,1984.0000,1984.0000,1984.0000,1984.0000,1984.0000
2024-11-08 11:45:25, , , ,23.0000,1984.0000,1984.0000,1984.0000,1984.0000,1984.0000,1984.0000,1984.0000,1984.0000,1984.0000,1984.0000,1984.0000,1984.0000,1984.0000,1984.0000
2024-11-08 11:45:25, , , ,22.9000,1984.0000,1984.0000,1984.0000,1984.0000,1984.0000,1984.0000,1984.0000,1984.0000,1984.0000,1984.0000,1984.0000,1984.0000,1984.0000,1984.0000
2024-11-08 11:45:25, , , ,22.9000,1984.0000,1984.0000,1984.0000,1984.0000,1984.0000,1984.0000,1984.0000,1984.0000,1984.0000,1984.0000,1984.0000,1984.0000,1984.0000,1984.0000
2024-11-08 11:45:25, , , ,23.0000,1984.0000,1984.0000,1984.0000,1984.0000,1984.0000,1984.0000,1984.0000,1984.0000,1984.0000,1984.0000,1984.0000,1984.0000,1984.0000,1984.0000
2024-11-08 11:45:25, , , ,23.0000,1984.0000,1984.0000,1984.0000,1984.0000,1984.0000,1984.0000,1984.0000,1984.0000,1984.0000,1984.0000,1984.0000,1984.0000,1984.0000,1984.0000
2024-11-08 11:45:26, , , ,23.0000,1984.0000,1984.0000,1984.0000,1984.0000,1984.0000,1984.0000,1984.0000,1984.0000,1984.0000,1984.0000,1984.0000,1984.0000,1984.0000,1984.0000
2024-11-08 11:45:26, , , ,23.0000,1984.0000,1984.0000,1984.0000,1984.0000,1984.0000,1984.0000,1984.0000,1984.0000,1984.0000,1984.0000,1984.0000,1984.0000,1984.0000,1984.0000
2024-11-08 11:45:26, , , ,23.0000,1984.0000,1984.0000,1984.0000,1984.0000,1984.0000,1984.0000,1984.0000,1984.0000,1984.0000,1984.0000,1984.0000,1984.0000,1984.0000,1984.0000
2024-11-08 11:45:26, , , ,23.0000,1984.0000,1984.0000,1984.0000,1984.0000,1984.0000,1984.0000,1984.0000,1984.0000,1984.0000,1984.0000,1984.0000,1984.0000,1984.0000,1984.0000
2024-11-08 11:45:26, , , ,23.0000,1984.0000,1984.0000,1984.0000,1984.0000,1984.0000,1984.0000,1984.0000,1984.0000,1984.0000,1984.0000,1984.0000,1984.0000,1984.0000,1984.0000
2024-11-08 11:45:26, , , ,23.0000,1984.0000,1984.0000,1984.0000,1984.0000,1984.0000,1984.0000,1984.0000,1984.0000,1984.0000,1984.0000,1984.0000,1984.0000,1984.0000,1984.0000
2024-11-08 11:45:27, , , ,23.0000,1984.0000,1984.0000,1984.0000,1984.0000,1984.0000,1984.0000,1984.0000,1984.0000,1984.0000,1984.0000,1984.0000,1984.0000,1984.0000,1984.0000
2024-11-08 11:45:27, , , ,23.0000,1984.0000,1984.0000,1984.0000,1984.0000,1984.0000,1984.0000,1984.0000,1984.0000,1984.0000,1984.0000,1984.0000,1984.0000,1984.0000,1984.0000
2024-11-08 11:45:27, , , ,23.0000,1984.0000,1984.0000,1984.0000,1984.0000,1984.0000,1984.0000,1984.0000,1984.0000,1984.0000,1984.0000,1984.0000,1984.0000,1984.0000,1984.0000
2024-11-08 11:45:27, , , ,23.0000,1984.0000,1984.0000,1984.0000,1984.0000,1984.0000,1984.0000,1984.0000,1984.0000,1984.0000,1984.0000,1984.0000,1984.0000,1984.0000,1984.0000
2024-11-08 11:45:27, , , ,23.0000,1984.0000,1984.0000,1984.0000,1984.0000,1984.0000,1984.0000,1984.0000,1984.0000,1984.0000,1984.0000,1984.0000,1984.0000,1984.0000,1984.0000
2024-11-08 11:45:27, , , ,23.0000,1984.0000,1984.0000,1984.0000,1984.0000,1984.0000,1984.0000,1984.0000,1984.0000,1984.0000,1984.0000,1984.0000,1984.0000,1984.0000,1984.0000
2024-11-08 11:45:28, , , ,23.0000,1984.0000,1984.0000,1984.0000,1984.0000,1984.0000,1984.0000,1984.0000,1984.0000,1984.0000,1984.0000,1984.0000,1984.0000,1984.0000,1984.0000
2024-11-08 11:45:28, , , ,23.0000,1984.0000,1984.0000,1984.0000,1984.0000,1984.0000,1984.0000,1984.0000,1984.0000,1984.0000,1984.0000,1984.0000,1984.0000,1984.0000,1984.0000
2024-11-08 11:45:28, , , ,22.9000,1984.0000,1984.0000,1984.0000,1984.0000,1984.0000,1984.0000,1984.0000,1984.0000,1984.0000,1984.0000,1984.0000,1984.0000,1984.0000,1984.0000
2024-11-08 11:45:28, , , ,23.0000,1984.0000,1984.0000,1984.0000,1984.0000,1984.0000,1984.0000,1984.0000,1984.0000,1984.0000,1984.0000,1984.0000,1984.0000,1984.0000,1984.0000
2024-11-08 11:45:28, , , ,23.0000,1984.0000,1984.0000,1984.0000,1984.0000,1984.0000,1984.0000,1984.0000,1984.0000,1984.0000,1984.0000,1984.0000,1984.0000,1984.0000,1984.0000
2024-11-08 11:45:28, , , ,23.0000,1984.0000,1984.0000,1984.0000,1984.0000,1984.0000,1984.0000,1984.0000,1984.0000,1984.0000,1984.0000,1984.0000,1984.0000,1984.0000,1984.0000
2024-11-08 11:45:29, , , ,23.0000,1984.0000,1984.0000,1984.0000,1984.0000,1984.0000,1984.0000,1984.0000,1984.0000,1984.0000,1984.0000,1984.0000,1984.0000,1984.0000,1984.0000
2024-11-08 11:45:29, , , ,23.0000,1984.0000,1984.0000,1984.0000,1984.0000,1984.0000,1984.0000,1984.0000,1984.0000,1984.0000,1984.0000,1984.0000,1984.0000,1984.0000,1984.0000
2024-11-08 11:45:29, , , ,23.0000,1984.0000,1984.0000,1984.0000,1984.0000,1984.0000,1984.0000,1984.0000,1984.0000,1984.0000,1984.0000,1984.0000,1984.0000,1984.0000,1984.0000
2024-11-08 11:45:29, , , ,23.0000,1984.0000,1984.0000,1984.0000,1984.0000,1984.0000,1984.0000,1984.0000,1984.0000,1984.0000,1984.0000,1984.0000,1984.0000,1984.0000,1984.0000
2024-11-08 11:45:29, , , ,22.9000,1984.0000,1984.0000,1984.0000,1984.0000,1984.0000,1984.0000,1984.0000,1984.0000,1984.0000,1984.0000,1984.0000,1984.0000,1984.0000,1984.0000
2024-11-08 11:45:29, , , ,22.9000,1984.0000,1984.0000,1984.0000,1984.0000,1984.0000,1984.0000,1984.0000,1984.0000,1984.0000,1984.0000,1984.0000,1984.0000,1984.0000,1984.0000
2024-11-08 11:45:30, , , ,23.0000,1984.0000,1984.0000,1984.0000,1984.0000,1984.0000,1984.0000,1984.0000,1984.0000,1984.0000,1984.0000,1984.0000,1984.0000,1984.0000,1984.0000
2024-11-08 11:45:30, , , ,23.0000,1984.0000,1984.0000,1984.0000,1984.0000,1984.0000,1984.0000,1984.0000,1984.0000,1984.0000,1984.0000,1984.0000,1984.0000,1984.0000,1984.0000
2024-11-08 11:45:30, , , ,23.0000,1984.0000,1984.0000,1984.0000,1984.0000,1984.0000,1984.0000,1984.0000,1984.0000,1984.0000,1984.0000,1984.0000,1984.0000,1984.0000,1984.0000
2024-11-08 11:45:30, , , ,23.0000,1984.0000,1984.0000,1984.0000,1984.0000,1984.0000,1984.0000,1984.0000,1984.0000,1984.0000,1984.0000,1984.0000,1984.0000,1984.0000,1984.0000
2024-11-08 11:45:30, , , ,23.0000,1984.0000,1984.0000,1984.0000,1984.0000,1984.0000,1984.0000,1984.0000,1984.0000,1984.0000,1984.0000,1984.0000,1984.0000,1984.0000,1984.0000
2024-11-08 11:45:30, , , ,23.0000,1984.0000,1984.0000,1984.0000,1984.0000,1984.0000,1984.0000,1984.0000,1984.0000,1984.0000,1984.0000,1984.0000,1984.0000,1984.0000,1984.0000
2024-11-08 11:45:31, , , ,23.0000,1984.0000,1984.0000,1984.0000,1984.0000,1984.0000,1984.0000,1984.0000,1984.0000,1984.0000,1984.0000,1984.0000,1984.0000,1984.0000,1984.0000
2024-11-08 11:45:31, , , ,23.0000,1984.0000,1984.0000,1984.0000,1984.0000,1984.0000,1984.0000,1984.0000,1984.0000,1984.0000,1984.0000,1984.0000,1984.0000,1984.0000,1984.0000
2024-11-08 11:45:31, , , ,23.0000,1984.0000,1984.0000,1984.0000,1984.0000,1984.0000,1984.0000,1984.0000,1984.0000,1984.0000,1984.0000,1984.0000,1984.0000,1984.0000,1984.0000
2024-11-08 11:45:31, , , ,23.0000,1984.0000,1984.0000,1984.0000,1984.0000,1984.0000,1984.0000,1984.0000,1984.0000,1984.0000,1984.0000,1984.0000,1984.0000,1984.0000,1984.0000
2024-11-08 11:45:31, , , ,23.0000,1984.0000,1984.0000,1984.0000,1984.0000,1984.0000,1984.0000,1984.0000,1984.0000,1984.0000,1984.0000,1984.0000,1984.0000,1984.0000,1984.0000
2024-11-08 11:45:31, , , ,23.0000,1984.0000,1984.0000,1984.0000,1984.0000,1984.0000,1984.0000,1984.0000,1984.0000,1984.0000,1984.0000,1984.0000,1984.0000,1984.0000,1984.0000
2024-11-08 11:45:32, , , ,23.0000,1984.0000,1984.0000,1984.0000,1984.0000,1984.0000,1984.0000,1984.0000,1984.0000,1984.0000,1984.0000,1984.0000,1984.0000,1984.0000,1984.0000
2024-11-08 11:45:32, , , ,23.0000,1984.0000,1984.0000,1984.0000,1984.0000,1984.0000,1984.0000,1984.0000,1984.0000,1984.0000,1984.0000,1984.0000,1984.0000,1984.0000,1984.0000
2024-11-08 11:45:32, , , ,23.0000,1984.0000,1984.0000,1984.0000,1984.0000,1984.0000,1984.0000,1984.0000,1984.0000,1984.0000,1984.0000,1984.0000,1984.0000,1984.0000,1984.0000
2024-11-08 11:45:32, , , ,23.0000,1984.0000,1984.0000,1984.0000,1984.0000,1984.0000,1984.0000,1984.0000,1984.0000,1984.0000,1984.0000,1984.0000,1984.0000,1984.0000,1984.0000
2024-11-08 11:45:32, , , ,23.0000,1984.0000,1984.0000,1984.0000,1984.0000,1984.0000,1984.0000,1984.0000,1984.0000,1984.0000,1984.0000,1984.0000,1984.0000,1984.0000,1984.0000
2024-11-08 11:45:32, , , ,23.0000,1984.0000,1984.0000,1984.0000,1984.0000,1984.0000,1984.0000,1984.0000,1984.0000,1984.0000,1984.0000,1984.0000,1984.0000,1984.0000,1984.0000
2024-11-08 11:45:33, , , ,23.0000,1984.0000,1984.0000,1984.0000,1984.0000,1984.0000,1984.0000,1984.0000,1984.0000,1984.0000,1984.0000,1984.0000,1984.0000,1984.0000,1984.0000
2024-11-08 11:45:33, , , ,23.0000,1984.0000,1984.0000,1984.0000,1984.0000,1984.0000,1984.0000,1984.0000,1984.0000,1984.0000,1984.0000,1984.0000,1984.0000,1984.0000,1984.0000
2024-11-08 11:45:33, , , ,23.0000,1984.0000,1984.0000,1984.0000,1984.0000,1984.0000,1984.0000,1984.0000,1984.0000,1984.0000,1984.0000,1984.0000,1984.0000,1984.0000,1984.0000
2024-11-08 11:45:33, , , ,23.0000,1984.0000,1984.0000,1984.0000,1984.0000,1984.0000,1984.0000,1984.0000,1984.0000,1984.0000,1984.0000,1984.0000,1984.0000,1984.0000,1984.0000
2024-11-08 11:45:33, , , ,23.0000,1984.0000,1984.0000,1984.0000,1984.0000,1984.0000,1984.0000,1984.0000,1984.0000,1984.0000,1984.0000,1984.0000,1984.0000,1984.0000,1984.0000
2024-11-08 11:45:33, , , ,23.0000,1984.0000,1984.0000,1984.0000,1984.0000,1984.0000,1984.0000,1984.0000,1984.0000,1984.0000,1984.0000,1984.0000,1984.0000,1984.0000,1984.0000
2024-11-08 11:45:34, , , ,23.0000,1984.0000,1984.0000,1984.0000,1984.0000,1984.0000,1984.0000,1984.0000,1984.0000,1984.0000,1984.0000,1984.0000,1984.0000,1984.0000,1984.0000
2024-11-08 11:45:34, , , ,23.0000,1984.0000,1984.0000,1984.0000,1984.0000,1984.0000,1984.0000,1984.0000,1984.0000,1984.0000,1984.0000,1984.0000,1984.0000,1984.0000,1984.0000
2024-11-08 11:45:34, , , ,23.0000,1984.0000,1984.0000,1984.0000,1984.0000,1984.0000,1984.0000,1984.0000,1984.0000,1984.0000,1984.0000,1984.0000,1984.0000,1984.0000,1984.0000
2024-11-08 11:45:34, , , ,23.0000,1984.0000,1984.0000,1984.0000,1984.0000,1984.0000,1984.0000,1984.0000,1984.0000,1984.0000,1984.0000,1984.0000,1984.0000,1984.0000,1984.0000
2024-11-08 11:45:34, , , ,23.0000,1984.0000,1984.0000,1984.0000,1984.0000,1984.0000,1984.0000,1984.0000,1984.0000,1984.0000,1984.0000,1984.0000,1984.0000,1984.0000,1984.0000
2024-11-08 11:45:34, , , ,23.0000,1984.0000,1984.0000,1984.0000,1984.0000,1984.0000,1984.0000,1984.0000,1984.0000,1984.0000,1984.0000,1984.0000,1984.0000,1984.0000,1984.0000
2024-11-08 11:45:35, , , ,23.0000,1984.0000,1984.0000,1984.0000,1984.0000,1984.0000,1984.0000,1984.0000,1984.0000,1984.0000,1984.0000,1984.0000,1984.0000,1984.0000,1984.0000
2024-11-08 11:45:35, , , ,23.0000,1984.0000,1984.0000,1984.0000,1984.0000,1984.0000,1984.0000,1984.0000,1984.0000,1984.0000,1984.0000,1984.0000,1984.0000,1984.0000,1984.0000
2024-11-08 11:45:35, , , ,23.0000,1984.0000,1984.0000,1984.0000,1984.0000,1984.0000,1984.0000,1984.0000,1984.0000,1984.0000,1984.0000,1984.0000,1984.0000,1984.0000,1984.0000
2024-11-08 11:45:35, , , ,23.0000,1984.0000,1984.0000,1984.0000,1984.0000,1984.0000,1984.0000,1984.0000,1984.0000,1984.0000,1984.0000,1984.0000,1984.0000,1984.0000,1984.0000
2024-11-08 11:45:35, , , ,23.0000,1984.0000,1984.0000,1984.0000,1984.0000,1984.0000,1984.0000,1984.0000,1984.0000,1984.0000,1984.0000,1984.0000,1984.0000,1984.0000,1984.0000
2024-11-08 11:45:35, , , ,23.0000,1984.0000,1984.0000,1984.0000,1984.0000,1984.0000,1984.0000,1984.0000,1984.0000,1984.0000,1984.0000,1984.0000,1984.0000,1984.0000,1984.0000
2024-11-08 11:45:36, , , ,23.0000,1984.0000,1984.0000,1984.0000,1984.0000,1984.0000,1984.0000,1984.0000,1984.0000,1984.0000,1984.0000,1984.0000,1984.0000,1984.0000,1984.0000
2024-11-08 11:45:36, , , ,23.0000,1984.0000,1984.0000,1984.0000,1984.0000,1984.0000,1984.0000,1984.0000,1984.0000,1984.0000,1984.0000,1984.0000,1984.0000,1984.0000,1984.0000
2024-11-08 11:45:36, , , ,23.0000,1984.0000,1984.0000,1984.0000,1984.0000,1984.0000,1984.0000,1984.0000,1984.0000,1984.0000,1984.0000,1984.0000,1984.0000,1984.0000,1984.0000
2024-11-08 11:45:36, , , ,23.0000,1984.0000,1984.0000,1984.0000,1984.0000,1984.0000,1984.0000,1984.0000,1984.0000,1984.0000,1984.0000,1984.0000,1984.0000,1984.0000,1984.0000
2024-11-08 11:45:36, , , ,23.0000,1984.0000,1984.0000,1984.0000,1984.0000,1984.0000,1984.0000,1984.0000,1984.0000,1984.0000,1984.0000,1984.0000,1984.0000,1984.0000,1984.0000
2024-11-08 11:45:36, , , ,23.0000,1984.0000,1984.0000,1984.0000,1984.0000,1984.0000,1984.0000,1984.0000,1984.0000,1984.0000,1984.0000,1984.0000,1984.0000,1984.0000,1984.0000
2024-11-08 11:45:37, , , ,23.0000,1984.0000,1984.0000,1984.0000,1984.0000,1984.0000,1984.0000,1984.0000,1984.0000,1984.0000,1984.0000,1984.0000,1984.0000,1984.0000,1984.0000
2024-11-08 11:45:37, , , ,23.0000,1984.0000,1984.0000,1984.0000,1984.0000,1984.0000,1984.0000,1984.0000,1984.0000,1984.0000,1984.0000,1984.0000,1984.0000,1984.0000,1984.0000
2024-11-08 11:45:37, , , ,23.0000,1984.0000,1984.0000,1984.0000,1984.0000,1984.0000,1984.0000,1984.0000,1984.0000,1984.0000,1984.0000,1984.0000,1984.0000,1984.0000,1984.0000
2024-11-08 11:45:37, , , ,23.0000,1984.0000,1984.0000,1984.0000,1984.0000,1984.0000,1984.0000,1984.0000,1984.0000,1984.0000,1984.0000,1984.0000,1984.0000,1984.0000,1984.0000
2024-11-08 11:45:37, , , ,23.0000,1984.0000,1984.0000,1984.0000,1984.0000,1984.0000,1984.0000,1984.0000,1984.0000,1984.0000,1984.0000,1984.0000,1984.0000,1984.0000,1984.0000
2024-11-08 11:45:37, , , ,23.0000,1984.0000,1984.0000,1984.0000,1984.0000,1984.0000,1984.0000,1984.0000,1984.0000,1984.0000,1984.0000,1984.0000,1984.0000,1984.0000,1984.0000
2024-11-08 11:45:38, , , ,23.0000,1984.0000,1984.0000,1984.0000,1984.0000,1984.0000,1984.0000,1984.0000,1984.0000,1984.0000,1984.0000,1984.0000,1984.0000,1984.0000,1984.0000
2024-11-08 11:45:38, , , ,23.0000,1984.0000,1984.0000,1984.0000,1984.0000,1984.0000,1984.0000,1984.0000,1984.0000,1984.0000,1984.0000,1984.0000,1984.0000,1984.0000,1984.0000
2024-11-08 11:45:38, , , ,23.0000,1984.0000,1984.0000,1984.0000,1984.0000,1984.0000,1984.0000,1984.0000,1984.0000,1984.0000,1984.0000,1984.0000,1984.0000,1984.0000,1984.0000
2024-11-08 11:45:38, , , ,23.0000,1984.0000,1984.0000,1984.0000,1984.0000,1984.0000,1984.0000,1984.0000,1984.0000,1984.0000,1984.0000,1984.0000,1984.0000,1984.0000,1984.0000
2024-11-08 11:45:38, , , ,22.9000,1984.0000,1984.0000,1984.0000,1984.0000,1984.0000,1984.0000,1984.0000,1984.0000,1984.0000,1984.0000,1984.0000,1984.0000,1984.0000,1984.0000
2024-11-08 11:45:38, , , ,22.9000,1984.0000,1984.0000,1984.0000,1984.0000,1984.0000,1984.0000,1984.0000,1984.0000,1984.0000,1984.0000,1984.0000,1984.0000,1984.0000,1984.0000
2024-11-08 11:45:39, , , ,22.9000,1984.0000,1984.0000,1984.0000,1984.0000,1984.0000,1984.0000,1984.0000,1984.0000,1984.0000,1984.0000,1984.0000,1984.0000,1984.0000,1984.0000
2024-11-08 11:45:39, , , ,23.0000,1984.0000,1984.0000,1984.0000,1984.0000,1984.0000,1984.0000,1984.0000,1984.0000,1984.0000,1984.0000,1984.0000,1984.0000,1984.0000,1984.0000
2024-11-08 11:45:39, , , ,23.0000,1984.0000,1984.0000,1984.0000,1984.0000,1984.0000,1984.0000,1984.0000,1984.0000,1984.0000,1984.0000,1984.0000,1984.0000,1984.0000,1984.0000
2024-11-08 11:45:39, , , ,23.0000,1984.0000,1984.0000,1984.0000,1984.0000,1984.0000,1984.0000,1984.0000,1984.0000,1984.0000,1984.0000,1984.0000,1984.0000,1984.0000,1984.0000
2024-11-08 11:45:39, , , ,23.0000,1984.0000,1984.0000,1984.0000,1984.0000,1984.0000,1984.0000,1984.0000,1984.0000,1984.0000,1984.0000,1984.0000,1984.0000,1984.0000,1984.0000
2024-11-08 11:45:39, , , ,23.0000,1984.0000,1984.0000,1984.0000,1984.0000,1984.0000,1984.0000,1984.0000,1984.0000,1984.0000,1984.0000,1984.0000,1984.0000,1984.0000,1984.0000
2024-11-08 11:45:40, , , ,23.0000,1984.0000,1984.0000,1984.0000,1984.0000,1984.0000,1984.0000,1984.0000,1984.0000,1984.0000,1984.0000,1984.0000,1984.0000,1984.0000,1984.0000
2024-11-08 11:45:40, , , ,23.0000,1984.0000,1984.0000,1984.0000,1984.0000,1984.0000,1984.0000,1984.0000,1984.0000,1984.0000,1984.0000,1984.0000,1984.0000,1984.0000,1984.0000
2024-11-08 11:45:40, , , ,23.0000,1984.0000,1984.0000,1984.0000,1984.0000,1984.0000,1984.0000,1984.0000,1984.0000,1984.0000,1984.0000,1984.0000,1984.0000,1984.0000,1984.0000
2024-11-08 11:45:40, , , ,23.0000,1984.0000,1984.0000,1984.0000,1984.0000,1984.0000,1984.0000,1984.0000,1984.0000,1984.0000,1984.0000,1984.0000,1984.0000,1984.0000,1984.0000
2024-11-08 11:45:40, , , ,23.0000,1984.0000,1984.0000,1984.0000,1984.0000,1984.0000,1984.0000,1984.0000,1984.0000,1984.0000,1984.0000,1984.0000,1984.0000,1984.0000,1984.0000
2024-11-08 11:45:40, , , ,23.0000,1984.0000,1984.0000,1984.0000,1984.0000,1984.0000,1984.0000,1984.0000,1984.0000,1984.0000,1984.0000,1984.0000,1984.0000,1984.0000,1984.0000
2024-11-08 11:45:41, , , ,23.0000,1984.0000,1984.0000,1984.0000,1984.0000,1984.0000,1984.0000,1984.0000,1984.0000,1984.0000,1984.0000,1984.0000,1984.0000,1984.0000,1984.0000
2024-11-08 11:45:41, , , ,23.0000,1984.0000,1984.0000,1984.0000,1984.0000,1984.0000,1984.0000,1984.0000,1984.0000,1984.0000,1984.0000,1984.0000,1984.0000,1984.0000,1984.0000
2024-11-08 11:45:41, , , ,23.0000,1984.0000,1984.0000,1984.0000,1984.0000,1984.0000,1984.0000,1984.0000,1984.0000,1984.0000,1984.0000,1984.0000,1984.0000,1984.0000,1984.0000
2024-11-08 11:45:41, , , ,23.0000,1984.0000,1984.0000,1984.0000,1984.0000,1984.0000,1984.0000,1984.0000,1984.0000,1984.0000,1984.0000,1984.0000,1984.0000,1984.0000,1984.0000
2024-11-08 11:45:41, , , ,23.0000,1984.0000,1984.0000,1984.0000,1984.0000,1984.0000,1984.0000,1984.0000,1984.0000,1984.0000,1984.0000,1984.0000,1984.0000,1984.0000,1984.0000
2024-11-08 11:45:41, , , ,23.0000,1984.0000,1984.0000,1984.0000,1984.0000,1984.0000,1984.0000,1984.0000,1984.0000,1984.0000,1984.0000,1984.0000,1984.0000,1984.0000,1984.0000
2024-11-08 11:45:42, , , ,23.0000,1984.0000,1984.0000,1984.0000,1984.0000,1984.0000,1984.0000,1984.0000,1984.0000,1984.0000,1984.0000,1984.0000,1984.0000,1984.0000,1984.0000
2024-11-08 11:45:42, , , ,23.0000,1984.0000,1984.0000,1984.0000,1984.0000,1984.0000,1984.0000,1984.0000,1984.0000,1984.0000,1984.0000,1984.0000,1984.0000,1984.0000,1984.0000
2024-11-08 11:45:42, , , ,23.0000,1984.0000,1984.0000,1984.0000,1984.0000,1984.0000,1984.0000,1984.0000,1984.0000,1984.0000,1984.0000,1984.0000,1984.0000,1984.0000,1984.0000
2024-11-08 11:45:42, , , ,23.0000,1984.0000,1984.0000,1984.0000,1984.0000,1984.0000,1984.0000,1984.0000,1984.0000,1984.0000,1984.0000,1984.0000,1984.0000,1984.0000,1984.0000
2024-11-08 11:45:42, , , ,23.0000,1984.0000,1984.0000,1984.0000,1984.0000,1984.0000,1984.0000,1984.0000,1984.0000,1984.0000,1984.0000,1984.0000,1984.0000,1984.0000,1984.0000
2024-11-08 11:45:42, , , ,22.9000,1984.0000,1984.0000,1984.0000,1984.0000,1984.0000,1984.0000,1984.0000,1984.0000,1984.0000,1984.0000,1984.0000,1984.0000,1984.0000,1984.0000
2024-11-08 11:45:43, , , ,22.9000,1984.0000,1984.0000,1984.0000,1984.0000,1984.0000,1984.0000,1984.0000,1984.0000,1984.0000,1984.0000,1984.0000,1984.0000,1984.0000,1984.0000
2024-11-08 11:45:43, , , ,22.9000,1984.0000,1984.0000,1984.0000,1984.0000,1984.0000,1984.0000,1984.0000,1984.0000,1984.0000,1984.0000,1984.0000,1984.0000,1984.0000,1984.0000
2024-11-08 11:45:43, , , ,22.9000,1984.0000,1984.0000,1984.0000,1984.0000,1984.0000,1984.0000,1984.0000,1984.0000,1984.0000,1984.0000,1984.0000,1984.0000,1984.0000,1984.0000
2024-11-08 11:45:43, , , ,23.0000,1984.0000,1984.0000,1984.0000,1984.0000,1984.0000,1984.0000,1984.0000,1984.0000,1984.0000,1984.0000,1984.0000,1984.0000,1984.0000,1984.0000
2024-11-08 11:45:43, , , ,23.0000,1984.0000,1984.0000,1984.0000,1984.0000,1984.0000,1984.0000,1984.0000,1984.0000,1984.0000,1984.0000,1984.0000,1984.0000,1984.0000,1984.0000
2024-11-08 11:45:43, , , ,23.0000,1984.0000,1984.0000,1984.0000,1984.0000,1984.0000,1984.0000,1984.0000,1984.0000,1984.0000,1984.0000,1984.0000,1984.0000,1984.0000,1984.0000
2024-11-08 11:45:44, , , ,23.0000,1984.0000,1984.0000,1984.0000,1984.0000,1984.0000,1984.0000,1984.0000,1984.0000,1984.0000,1984.0000,1984.0000,1984.0000,1984.0000,1984.0000
2024-11-08 11:45:44, , , ,23.0000,1984.0000,1984.0000,1984.0000,1984.0000,1984.0000,1984.0000,1984.0000,1984.0000,1984.0000,1984.0000,1984.0000,1984.0000,1984.0000,1984.0000
2024-11-08 11:45:44, , , ,23.0000,1984.0000,1984.0000,1984.0000,1984.0000,1984.0000,1984.0000,1984.0000,1984.0000,1984.0000,1984.0000,1984.0000,1984.0000,1984.0000,1984.0000
2024-11-08 11:45:44, , , ,23.0000,1984.0000,1984.0000,1984.0000,1984.0000,1984.0000,1984.0000,1984.0000,1984.0000,1984.0000,1984.0000,1984.0000,1984.0000,1984.0000,1984.0000
2024-11-08 11:45:44, , , ,23.0000,1984.0000,1984.0000,1984.0000,1984.0000,1984.0000,1984.0000,1984.0000,1984.0000,1984.0000,1984.0000,1984.0000,1984.0000,1984.0000,1984.0000
2024-11-08 11:45:44, , , ,23.0000,1984.0000,1984.0000,1984.0000,1984.0000,1984.0000,1984.0000,1984.0000,1984.0000,1984.0000,1984.0000,1984.0000,1984.0000,1984.0000,1984.0000
2024-11-08 11:45:45, , , ,23.0000,1984.0000,1984.0000,1984.0000,1984.0000,1984.0000,1984.0000,1984.0000,1984.0000,1984.0000,1984.0000,1984.0000,1984.0000,1984.0000,1984.0000
2024-11-08 11:45:45, , , ,23.0000,1984.0000,1984.0000,1984.0000,1984.0000,1984.0000,1984.0000,1984.0000,1984.0000,1984.0000,1984.0000,1984.0000,1984.0000,1984.0000,1984.0000
2024-11-08 11:45:45, , , ,23.0000,1984.0000,1984.0000,1984.0000,1984.0000,1984.0000,1984.0000,1984.0000,1984.0000,1984.0000,1984.0000,1984.0000,1984.0000,1984.0000,1984.0000
2024-11-08 11:45:45, , , ,23.0000,1984.0000,1984.0000,1984.0000,1984.0000,1984.0000,1984.0000,1984.0000,1984.0000,1984.0000,1984.0000,1984.0000,1984.0000,1984.0000,1984.0000
2024-11-08 11:45:45, , , ,23.0000,1984.0000,1984.0000,1984.0000,1984.0000,1984.0000,1984.0000,1984.0000,1984.0000,1984.0000,1984.0000,1984.0000,1984.0000,1984.0000,1984.0000
2024-11-08 11:45:45, , , ,23.0000,1984.0000,1984.0000,1984.0000,1984.0000,1984.0000,1984.0000,1984.0000,1984.0000,1984.0000,1984.0000,1984.0000,1984.0000,1984.0000,1984.0000
2024-11-08 11:45:46, , , ,23.0000,1984.0000,1984.0000,1984.0000,1984.0000,1984.0000,1984.0000,1984.0000,1984.0000,1984.0000,1984.0000,1984.0000,1984.0000,1984.0000,1984.0000
2024-11-08 11:45:46, , , ,23.0000,1984.0000,1984.0000,1984.0000,1984.0000,1984.0000,1984.0000,1984.0000,1984.0000,1984.0000,1984.0000,1984.0000,1984.0000,1984.0000,1984.0000
2024-11-08 11:45:46, , , ,23.0000,1984.0000,1984.0000,1984.0000,1984.0000,1984.0000,1984.0000,1984.0000,1984.0000,1984.0000,1984.0000,1984.0000,1984.0000,1984.0000,1984.0000
2024-11-08 11:45:46, , , ,23.0000,1984.0000,1984.0000,1984.0000,1984.0000,1984.0000,1984.0000,1984.0000,1984.0000,1984.0000,1984.0000,1984.0000,1984.0000,1984.0000,1984.0000
2024-11-08 11:45:46, , , ,23.0000,1984.0000,1984.0000,1984.0000,1984.0000,1984.0000,1984.0000,1984.0000,1984.0000,1984.0000,1984.0000,1984.0000,1984.0000,1984.0000,1984.0000
2024-11-08 11:45:46, , , ,23.0000,1984.0000,1984.0000,1984.0000,1984.0000,1984.0000,1984.0000,1984.0000,1984.0000,1984.0000,1984.0000,1984.0000,1984.0000,1984.0000,1984.0000
2024-11-08 11:45:47, , , ,23.0000,1984.0000,1984.0000,1984.0000,1984.0000,1984.0000,1984.0000,1984.0000,1984.0000,1984.0000,1984.0000,1984.0000,1984.0000,1984.0000,1984.0000
2024-11-08 11:45:47, , , ,23.0000,1984.0000,1984.0000,1984.0000,1984.0000,1984.0000,1984.0000,1984.0000,1984.0000,1984.0000,1984.0000,1984.0000,1984.0000,1984.0000,1984.0000
2024-11-08 11:45:47, , , ,23.0000,1984.0000,1984.0000,1984.0000,1984.0000,1984.0000,1984.0000,1984.0000,1984.0000,1984.0000,1984.0000,1984.0000,1984.0000,1984.0000,1984.0000
2024-11-08 11:45:47, , , ,23.0000,1984.0000,1984.0000,1984.0000,1984.0000,1984.0000,1984.0000,1984.0000,1984.0000,1984.0000,1984.0000,1984.0000,1984.0000,1984.0000,1984.0000
2024-11-08 11:45:47, , , ,23.0000,1984.0000,1984.0000,1984.0000,1984.0000,1984.0000,1984.0000,1984.0000,1984.0000,1984.0000,1984.0000,1984.0000,1984.0000,1984.0000,1984.0000
2024-11-08 11:45:47, , , ,23.0000,1984.0000,1984.0000,1984.0000,1984.0000,1984.0000,1984.0000,1984.0000,1984.0000,1984.0000,1984.0000,1984.0000,1984.0000,1984.0000,1984.0000
2024-11-08 11:45:48, , , ,23.0000,1984.0000,1984.0000,1984.0000,1984.0000,1984.0000,1984.0000,1984.0000,1984.0000,1984.0000,1984.0000,1984.0000,1984.0000,1984.0000,1984.0000
2024-11-08 11:45:48, , , ,23.0000,1984.0000,1984.0000,1984.0000,1984.0000,1984.0000,1984.0000,1984.0000,1984.0000,1984.0000,1984.0000,1984.0000,1984.0000,1984.0000,1984.0000
2024-11-08 11:45:48, , , ,23.0000,1984.0000,1984.0000,1984.0000,1984.0000,1984.0000,1984.0000,1984.0000,1984.0000,1984.0000,1984.0000,1984.0000,1984.0000,1984.0000,1984.0000
2024-11-08 11:45:48, , , ,23.0000,1984.0000,1984.0000,1984.0000,1984.0000,1984.0000,1984.0000,1984.0000,1984.0000,1984.0000,1984.0000,1984.0000,1984.0000,1984.0000,1984.0000
2024-11-08 11:45:48, , , ,23.0000,1984.0000,1984.0000,1984.0000,1984.0000,1984.0000,1984.0000,1984.0000,1984.0000,1984.0000,1984.0000,1984.0000,1984.0000,1984.0000,1984.0000
2024-11-08 11:45:48, , , ,23.0000,1984.0000,1984.0000,1984.0000,1984.0000,1984.0000,1984.0000,1984.0000,1984.0000,1984.0000,1984.0000,1984.0000,1984.0000,1984.0000,1984.0000
2024-11-08 11:45:49, , , ,23.0000,1984.0000,1984.0000,1984.0000,1984.0000,1984.0000,1984.0000,1984.0000,1984.0000,1984.0000,1984.0000,1984.0000,1984.0000,1984.0000,1984.0000
2024-11-08 11:45:49, , , ,23.0000,1984.0000,1984.0000,1984.0000,1984.0000,1984.0000,1984.0000,1984.0000,1984.0000,1984.0000,1984.0000,1984.0000,1984.0000,1984.0000,1984.0000
2024-11-08 11:45:49, , , ,23.0000,1984.0000,1984.0000,1984.0000,1984.0000,1984.0000,1984.0000,1984.0000,1984.0000,1984.0000,1984.0000,1984.0000,1984.0000,1984.0000,1984.0000
2024-11-08 11:45:49, , , ,23.0000,1984.0000,1984.0000,1984.0000,1984.0000,1984.0000,1984.0000,1984.0000,1984.0000,1984.0000,1984.0000,1984.0000,1984.0000,1984.0000,1984.0000
2024-11-08 11:45:49, , , ,23.0000,1984.0000,1984.0000,1984.0000,1984.0000,1984.0000,1984.0000,1984.0000,1984.0000,1984.0000,1984.0000,1984.0000,1984.0000,1984.0000,1984.0000
2024-11-08 11:45:49, , , ,23.0000,1984.0000,1984.0000,1984.0000,1984.0000,1984.0000,1984.0000,1984.0000,1984.0000,1984.0000,1984.0000,1984.0000,1984.0000,1984.0000,1984.0000
2024-11-08 11:45:50, , , ,23.0000,1984.0000,1984.0000,1984.0000,1984.0000,1984.0000,1984.0000,1984.0000,1984.0000,1984.0000,1984.0000,1984.0000,1984.0000,1984.0000,1984.0000
2024-11-08 11:45:50, , , ,23.0000,1984.0000,1984.0000,1984.0000,1984.0000,1984.0000,1984.0000,1984.0000,1984.0000,1984.0000,1984.0000,1984.0000,1984.0000,1984.0000,1984.0000
2024-11-08 11:45:50, , , ,23.0000,1984.0000,1984.0000,1984.0000,1984.0000,1984.0000,1984.0000,1984.0000,1984.0000,1984.0000,1984.0000,1984.0000,1984.0000,1984.0000,1984.0000
2024-11-08 11:45:50, , , ,23.0000,1984.0000,1984.0000,1984.0000,1984.0000,1984.0000,1984.0000,1984.0000,1984.0000,1984.0000,1984.0000,1984.0000,1984.0000,1984.0000,1984.0000
2024-11-08 11:45:50, , , ,23.0000,1984.0000,1984.0000,1984.0000,1984.0000,1984.0000,1984.0000,1984.0000,1984.0000,1984.0000,1984.0000,1984.0000,1984.0000,1984.0000,1984.0000
2024-11-08 11:45:50, , , ,23.0000,1984.0000,1984.0000,1984.0000,1984.0000,1984.0000,1984.0000,1984.0000,1984.0000,1984.0000,1984.0000,1984.0000,1984.0000,1984.0000,1984.0000
2024-11-08 11:45:51, , , ,23.0000,1984.0000,1984.0000,1984.0000,1984.0000,1984.0000,1984.0000,1984.0000,1984.0000,1984.0000,1984.0000,1984.0000,1984.0000,1984.0000,1984.0000
2024-11-08 11:45:51, , , ,23.0000,1984.0000,1984.0000,1984.0000,1984.0000,1984.0000,1984.0000,1984.0000,1984.0000,1984.0000,1984.0000,1984.0000,1984.0000,1984.0000,1984.0000
2024-11-08 11:45:51, , , ,23.0000,1984.0000,1984.0000,1984.0000,1984.0000,1984.0000,1984.0000,1984.0000,1984.0000,1984.0000,1984.0000,1984.0000,1984.0000,1984.0000,1984.0000
2024-11-08 11:45:51, , , ,23.0000,1984.0000,1984.0000,1984.0000,1984.0000,1984.0000,1984.0000,1984.0000,1984.0000,1984.0000,1984.0000,1984.0000,1984.0000,1984.0000,1984.0000
2024-11-08 11:45:51, , , ,23.0000,1984.0000,1984.0000,1984.0000,1984.0000,1984.0000,1984.0000,1984.0000,1984.0000,1984.0000,1984.0000,1984.0000,1984.0000,1984.0000,1984.0000
2024-11-08 11:45:51, , , ,23.0000,1984.0000,1984.0000,1984.0000,1984.0000,1984.0000,1984.0000,1984.0000,1984.0000,1984.0000,1984.0000,1984.0000,1984.0000,1984.0000,1984.0000
2024-11-08 11:45:52, , , ,23.0000,1984.0000,1984.0000,1984.0000,1984.0000,1984.0000,1984.0000,1984.0000,1984.0000,1984.0000,1984.0000,1984.0000,1984.0000,1984.0000,1984.0000
2024-11-08 11:45:52, , , ,23.0000,1984.0000,1984.0000,1984.0000,1984.0000,1984.0000,1984.0000,1984.0000,1984.0000,1984.0000,1984.0000,1984.0000,1984.0000,1984.0000,1984.0000
2024-11-08 11:45:52, , , ,23.0000,1984.0000,1984.0000,1984.0000,1984.0000,1984.0000,1984.0000,1984.0000,1984.0000,1984.0000,1984.0000,1984.0000,1984.0000,1984.0000,1984.0000
2024-11-08 11:45:52, , , ,23.0000,1984.0000,1984.0000,1984.0000,1984.0000,1984.0000,1984.0000,1984.0000,1984.0000,1984.0000,1984.0000,1984.0000,1984.0000,1984.0000,1984.0000
2024-11-08 11:45:52, , , ,23.0000,1984.0000,1984.0000,1984.0000,1984.0000,1984.0000,1984.0000,1984.0000,1984.0000,1984.0000,1984.0000,1984.0000,1984.0000,1984.0000,1984.0000
2024-11-08 11:45:52, , , ,23.0000,1984.0000,1984.0000,1984.0000,1984.0000,1984.0000,1984.0000,1984.0000,1984.0000,1984.0000,1984.0000,1984.0000,1984.0000,1984.0000,1984.0000
2024-11-08 11:45:53, , , ,23.0000,1984.0000,1984.0000,1984.0000,1984.0000,1984.0000,1984.0000,1984.0000,1984.0000,1984.0000,1984.0000,1984.0000,1984.0000,1984.0000,1984.0000
2024-11-08 11:45:53, , , ,23.0000,1984.0000,1984.0000,1984.0000,1984.0000,1984.0000,1984.0000,1984.0000,1984.0000,1984.0000,1984.0000,1984.0000,1984.0000,1984.0000,1984.0000
2024-11-08 11:45:53, , , ,23.0000,1984.0000,1984.0000,1984.0000,1984.0000,1984.0000,1984.0000,1984.0000,1984.0000,1984.0000,1984.0000,1984.0000,1984.0000,1984.0000,1984.0000
2024-11-08 11:45:53, , , ,23.0000,1984.0000,1984.0000,1984.0000,1984.0000,1984.0000,1984.0000,1984.0000,1984.0000,1984.0000,1984.0000,1984.0000,1984.0000,1984.0000,1984.0000
2024-11-08 11:45:53, , , ,23.0000,1984.0000,1984.0000,1984.0000,1984.0000,1984.0000,1984.0000,1984.0000,1984.0000,1984.0000,1984.0000,1984.0000,1984.0000,1984.0000,1984.0000
2024-11-08 11:45:53, , , ,23.0000,1984.0000,1984.0000,1984.0000,1984.0000,1984.0000,1984.0000,1984.0000,1984.0000,1984.0000,1984.0000,1984.0000,1984.0000,1984.0000,1984.0000
2024-11-08 11:45:54, , , ,23.0000,1984.0000,1984.0000,1984.0000,1984.0000,1984.0000,1984.0000,1984.0000,1984.0000,1984.0000,1984.0000,1984.0000,1984.0000,1984.0000,1984.0000
2024-11-08 11:45:54, , , ,23.0000,1984.0000,1984.0000,1984.0000,1984.0000,1984.0000,1984.0000,1984.0000,1984.0000,1984.0000,1984.0000,1984.0000,1984.0000,1984.0000,1984.0000
2024-11-08 11:45:54, , , ,23.0000,1984.0000,1984.0000,1984.0000,1984.0000,1984.0000,1984.0000,1984.0000,1984.0000,1984.0000,1984.0000,1984.0000,1984.0000,1984.0000,1984.0000
2024-11-08 11:45:54, , , ,23.0000,1984.0000,1984.0000,1984.0000,1984.0000,1984.0000,1984.0000,1984.0000,1984.0000,1984.0000,1984.0000,1984.0000,1984.0000,1984.0000,1984.0000
2024-11-08 11:45:54, , , ,23.0000,1984.0000,1984.0000,1984.0000,1984.0000,1984.0000,1984.0000,1984.0000,1984.0000,1984.0000,1984.0000,1984.0000,1984.0000,1984.0000,1984.0000
2024-11-08 11:45:54, , , ,23.1000,1984.0000,1984.0000,1984.0000,1984.0000,1984.0000,1984.0000,1984.0000,1984.0000,1984.0000,1984.0000,1984.0000,1984.0000,1984.0000,1984.0000
2024-11-08 11:45:55, , , ,23.1000,1984.0000,1984.0000,1984.0000,1984.0000,1984.0000,1984.0000,1984.0000,1984.0000,1984.0000,1984.0000,1984.0000,1984.0000,1984.0000,1984.0000
2024-11-08 11:45:55, , , ,23.0000,1984.0000,1984.0000,1984.0000,1984.0000,1984.0000,1984.0000,1984.0000,1984.0000,1984.0000,1984.0000,1984.0000,1984.0000,1984.0000,1984.0000
2024-11-08 11:45:55, , , ,23.0000,1984.0000,1984.0000,1984.0000,1984.0000,1984.0000,1984.0000,1984.0000,1984.0000,1984.0000,1984.0000,1984.0000,1984.0000,1984.0000,1984.0000
2024-11-08 11:45:55, , , ,23.0000,1984.0000,1984.0000,1984.0000,1984.0000,1984.0000,1984.0000,1984.0000,1984.0000,1984.0000,1984.0000,1984.0000,1984.0000,1984.0000,1984.0000
2024-11-08 11:45:55, , , ,23.0000,1984.0000,1984.0000,1984.0000,1984.0000,1984.0000,1984.0000,1984.0000,1984.0000,1984.0000,1984.0000,1984.0000,1984.0000,1984.0000,1984.0000
2024-11-08 11:45:55, , , ,23.0000,1984.0000,1984.0000,1984.0000,1984.0000,1984.0000,1984.0000,1984.0000,1984.0000,1984.0000,1984.0000,1984.0000,1984.0000,1984.0000,1984.0000
2024-11-08 11:45:56, , , ,23.0000,1984.0000,1984.0000,1984.0000,1984.0000,1984.0000,1984.0000,1984.0000,1984.0000,1984.0000,1984.0000,1984.0000,1984.0000,1984.0000,1984.0000
2024-11-08 11:45:56, , , ,23.0000,1984.0000,1984.0000,1984.0000,1984.0000,1984.0000,1984.0000,1984.0000,1984.0000,1984.0000,1984.0000,1984.0000,1984.0000,1984.0000,1984.0000
2024-11-08 11:45:56, , , ,23.0000,1984.0000,1984.0000,1984.0000,1984.0000,1984.0000,1984.0000,1984.0000,1984.0000,1984.0000,1984.0000,1984.0000,1984.0000,1984.0000,1984.0000
2024-11-08 11:45:56, , , ,23.0000,1984.0000,1984.0000,1984.0000,1984.0000,1984.0000,1984.0000,1984.0000,1984.0000,1984.0000,1984.0000,1984.0000,1984.0000,1984.0000,1984.0000
2024-11-08 11:45:56, , , ,23.0000,1984.0000,1984.0000,1984.0000,1984.0000,1984.0000,1984.0000,1984.0000,1984.0000,1984.0000,1984.0000,1984.0000,1984.0000,1984.0000,1984.0000
2024-11-08 11:45:56, , , ,23.0000,1984.0000,1984.0000,1984.0000,1984.0000,1984.0000,1984.0000,1984.0000,1984.0000,1984.0000,1984.0000,1984.0000,1984.0000,1984.0000,1984.0000
2024-11-08 11:45:57, , , ,23.0000,1984.0000,1984.0000,1984.0000,1984.0000,1984.0000,1984.0000,1984.0000,1984.0000,1984.0000,1984.0000,1984.0000,1984.0000,1984.0000,1984.0000
2024-11-08 11:45:57, , , ,23.0000,1984.0000,1984.0000,1984.0000,1984.0000,1984.0000,1984.0000,1984.0000,1984.0000,1984.0000,1984.0000,1984.0000,1984.0000,1984.0000,1984.0000
2024-11-08 11:45:57, , , ,23.0000,1984.0000,1984.0000,1984.0000,1984.0000,1984.0000,1984.0000,1984.0000,1984.0000,1984.0000,1984.0000,1984.0000,1984.0000,1984.0000,1984.0000
2024-11-08 11:45:57, , , ,23.0000,1984.0000,1984.0000,1984.0000,1984.0000,1984.0000,1984.0000,1984.0000,1984.0000,1984.0000,1984.0000,1984.0000,1984.0000,1984.0000,1984.0000
2024-11-08 11:45:57, , , ,23.0000,1984.0000,1984.0000,1984.0000,1984.0000,1984.0000,1984.0000,1984.0000,1984.0000,1984.0000,1984.0000,1984.0000,1984.0000,1984.0000,1984.0000
2024-11-08 11:45:57, , , ,23.0000,1984.0000,1984.0000,1984.0000,1984.0000,1984.0000,1984.0000,1984.0000,1984.0000,1984.0000,1984.0000,1984.0000,1984.0000,1984.0000,1984.0000
2024-11-08 11:45:58, , , ,23.0000,1984.0000,1984.0000,1984.0000,1984.0000,1984.0000,1984.0000,1984.0000,1984.0000,1984.0000,1984.0000,1984.0000,1984.0000,1984.0000,1984.0000
2024-11-08 11:45:58, , , ,23.0000,1984.0000,1984.0000,1984.0000,1984.0000,1984.0000,1984.0000,1984.0000,1984.0000,1984.0000,1984.0000,1984.0000,1984.0000,1984.0000,1984.0000
2024-11-08 11:45:58, , , ,23.0000,1984.0000,1984.0000,1984.0000,1984.0000,1984.0000,1984.0000,1984.0000,1984.0000,1984.0000,1984.0000,1984.0000,1984.0000,1984.0000,1984.0000
2024-11-08 11:45:58, , , ,23.0000,1984.0000,1984.0000,1984.0000,1984.0000,1984.0000,1984.0000,1984.0000,1984.0000,1984.0000,1984.0000,1984.0000,1984.0000,1984.0000,1984.0000
2024-11-08 11:45:58, , , ,23.1000,1984.0000,1984.0000,1984.0000,1984.0000,1984.0000,1984.0000,1984.0000,1984.0000,1984.0000,1984.0000,1984.0000,1984.0000,1984.0000,1984.0000
2024-11-08 11:45:58, , , ,23.0000,1984.0000,1984.0000,1984.0000,1984.0000,1984.0000,1984.0000,1984.0000,1984.0000,1984.0000,1984.0000,1984.0000,1984.0000,1984.0000,1984.0000
2024-11-08 11:45:59, , , ,23.0000,1984.0000,1984.0000,1984.0000,1984.0000,1984.0000,1984.0000,1984.0000,1984.0000,1984.0000,1984.0000,1984.0000,1984.0000,1984.0000,1984.0000
2024-11-08 11:45:59, , , ,22.9000,1984.0000,1984.0000,1984.0000,1984.0000,1984.0000,1984.0000,1984.0000,1984.0000,1984.0000,1984.0000,1984.0000,1984.0000,1984.0000,1984.0000
2024-11-08 11:45:59, , , ,22.9000,1984.0000,1984.0000,1984.0000,1984.0000,1984.0000,1984.0000,1984.0000,1984.0000,1984.0000,1984.0000,1984.0000,1984.0000,1984.0000,1984.0000
2024-11-08 11:45:59, , , ,22.9000,1984.0000,1984.0000,1984.0000,1984.0000,1984.0000,1984.0000,1984.0000,1984.0000,1984.0000,1984.0000,1984.0000,1984.0000,1984.0000,1984.0000
2024-11-08 11:45:59, , , ,23.0000,1984.0000,1984.0000,1984.0000,1984.0000,1984.0000,1984.0000,1984.0000,1984.0000,1984.0000,1984.0000,1984.0000,1984.0000,1984.0000,1984.0000
2024-11-08 11:45:59, , , ,23.0000,1984.0000,1984.0000,1984.0000,1984.0000,1984.0000,1984.0000,1984.0000,1984.0000,1984.0000,1984.0000,1984.0000,1984.0000,1984.0000,1984.0000
2024-11-08 11:46:00, , , ,23.0000,1984.0000,1984.0000,1984.0000,1984.0000,1984.0000,1984.0000,1984.0000,1984.0000,1984.0000,1984.0000,1984.0000,1984.0000,1984.0000,1984.0000
2024-11-08 11:46:00, , , ,23.0000,1984.0000,1984.0000,1984.0000,1984.0000,1984.0000,1984.0000,1984.0000,1984.0000,1984.0000,1984.0000,1984.0000,1984.0000,1984.0000,1984.0000
2024-11-08 11:46:00, , , ,23.0000,1984.0000,1984.0000,1984.0000,1984.0000,1984.0000,1984.0000,1984.0000,1984.0000,1984.0000,1984.0000,1984.0000,1984.0000,1984.0000,1984.0000
2024-11-08 11:46:00, , , ,23.0000,1984.0000,1984.0000,1984.0000,1984.0000,1984.0000,1984.0000,1984.0000,1984.0000,1984.0000,1984.0000,1984.0000,1984.0000,1984.0000,1984.0000
2024-11-08 11:46:00, , , ,23.0000,1984.0000,1984.0000,1984.0000,1984.0000,1984.0000,1984.0000,1984.0000,1984.0000,1984.0000,1984.0000,1984.0000,1984.0000,1984.0000,1984.0000
2024-11-08 11:46:00, , , ,23.0000,1984.0000,1984.0000,1984.0000,1984.0000,1984.0000,1984.0000,1984.0000,1984.0000,1984.0000,1984.0000,1984.0000,1984.0000,1984.0000,1984.0000
2024-11-08 11:46:01, , , ,23.0000,1984.0000,1984.0000,1984.0000,1984.0000,1984.0000,1984.0000,1984.0000,1984.0000,1984.0000,1984.0000,1984.0000,1984.0000,1984.0000,1984.0000
2024-11-08 11:46:01, , , ,23.0000,1984.0000,1984.0000,1984.0000,1984.0000,1984.0000,1984.0000,1984.0000,1984.0000,1984.0000,1984.0000,1984.0000,1984.0000,1984.0000,1984.0000
2024-11-08 11:46:01, , , ,23.0000,1984.0000,1984.0000,1984.0000,1984.0000,1984.0000,1984.0000,1984.0000,1984.0000,1984.0000,1984.0000,1984.0000,1984.0000,1984.0000,1984.0000
2024-11-08 11:46:01, , , ,23.0000,1984.0000,1984.0000,1984.0000,1984.0000,1984.0000,1984.0000,1984.0000,1984.0000,1984.0000,1984.0000,1984.0000,1984.0000,1984.0000,1984.0000
2024-11-08 11:46:01, , , ,23.0000,1984.0000,1984.0000,1984.0000,1984.0000,1984.0000,1984.0000,1984.0000,1984.0000,1984.0000,1984.0000,1984.0000,1984.0000,1984.0000,1984.0000
2024-11-08 11:46:01, , , ,23.0000,1984.0000,1984.0000,1984.0000,1984.0000,1984.0000,1984.0000,1984.0000,1984.0000,1984.0000,1984.0000,1984.0000,1984.0000,1984.0000,1984.0000
2024-11-08 11:46:02, , , ,23.0000,1984.0000,1984.0000,1984.0000,1984.0000,1984.0000,1984.0000,1984.0000,1984.0000,1984.0000,1984.0000,1984.0000,1984.0000,1984.0000,1984.0000
2024-11-08 11:46:02, , , ,23.0000,1984.0000,1984.0000,1984.0000,1984.0000,1984.0000,1984.0000,1984.0000,1984.0000,1984.0000,1984.0000,1984.0000,1984.0000,1984.0000,1984.0000
2024-11-08 11:46:02, , , ,23.1000,1984.0000,1984.0000,1984.0000,1984.0000,1984.0000,1984.0000,1984.0000,1984.0000,1984.0000,1984.0000,1984.0000,1984.0000,1984.0000,1984.0000
2024-11-08 11:46:02, , , ,23.1000,1984.0000,1984.0000,1984.0000,1984.0000,1984.0000,1984.0000,1984.0000,1984.0000,1984.0000,1984.0000,1984.0000,1984.0000,1984.0000,1984.0000
2024-11-08 11:46:02, , , ,23.0000,1984.0000,1984.0000,1984.0000,1984.0000,1984.0000,1984.0000,1984.0000,1984.0000,1984.0000,1984.0000,1984.0000,1984.0000,1984.0000,1984.0000
2024-11-08 11:46:02, , , ,23.0000,1984.0000,1984.0000,1984.0000,1984.0000,1984.0000,1984.0000,1984.0000,1984.0000,1984.0000,1984.0000,1984.0000,1984.0000,1984.0000,1984.0000
2024-11-08 11:46:03, , , ,23.1000,1984.0000,1984.0000,1984.0000,1984.0000,1984.0000,1984.0000,1984.0000,1984.0000,1984.0000,1984.0000,1984.0000,1984.0000,1984.0000,1984.0000
2024-11-08 11:46:03, , , ,23.1000,1984.0000,1984.0000,1984.0000,1984.0000,1984.0000,1984.0000,1984.0000,1984.0000,1984.0000,1984.0000,1984.0000,1984.0000,1984.0000,1984.0000
2024-11-08 11:46:03, , , ,23.1000,1984.0000,1984.0000,1984.0000,1984.0000,1984.0000,1984.0000,1984.0000,1984.0000,1984.0000,1984.0000,1984.0000,1984.0000,1984.0000,1984.0000
2024-11-08 11:46:03, , , ,23.1000,1984.0000,1984.0000,1984.0000,1984.0000,1984.0000,1984.0000,1984.0000,1984.0000,1984.0000,1984.0000,1984.0000,1984.0000,1984.0000,1984.0000
2024-11-08 11:46:03, , , ,23.1000,1984.0000,1984.0000,1984.0000,1984.0000,1984.0000,1984.0000,1984.0000,1984.0000,1984.0000,1984.0000,1984.0000,1984.0000,1984.0000,1984.0000
2024-11-08 11:46:03, , , ,23.0000,1984.0000,1984.0000,1984.0000,1984.0000,1984.0000,1984.0000,1984.0000,1984.0000,1984.0000,1984.0000,1984.0000,1984.0000,1984.0000,1984.0000
2024-11-08 11:46:04, , , ,23.0000,1984.0000,1984.0000,1984.0000,1984.0000,1984.0000,1984.0000,1984.0000,1984.0000,1984.0000,1984.0000,1984.0000,1984.0000,1984.0000,1984.0000
2024-11-08 11:46:04, , , ,23.0000,1984.0000,1984.0000,1984.0000,1984.0000,1984.0000,1984.0000,1984.0000,1984.0000,1984.0000,1984.0000,1984.0000,1984.0000,1984.0000,1984.0000
2024-11-08 11:46:04, , , ,23.0000,1984.0000,1984.0000,1984.0000,1984.0000,1984.0000,1984.0000,1984.0000,1984.0000,1984.0000,1984.0000,1984.0000,1984.0000,1984.0000,1984.0000
2024-11-08 11:46:04, , , ,23.0000,1984.0000,1984.0000,1984.0000,1984.0000,1984.0000,1984.0000,1984.0000,1984.0000,1984.0000,1984.0000,1984.0000,1984.0000,1984.0000,1984.0000
2024-11-08 11:46:04, , , ,23.0000,1984.0000,1984.0000,1984.0000,1984.0000,1984.0000,1984.0000,1984.0000,1984.0000,1984.0000,1984.0000,1984.0000,1984.0000,1984.0000,1984.0000
2024-11-08 11:46:04, , , ,23.0000,1984.0000,1984.0000,1984.0000,1984.0000,1984.0000,1984.0000,1984.0000,1984.0000,1984.0000,1984.0000,1984.0000,1984.0000,1984.0000,1984.0000
2024-11-08 11:46:05, , , ,23.0000,1984.0000,1984.0000,1984.0000,1984.0000,1984.0000,1984.0000,1984.0000,1984.0000,1984.0000,1984.0000,1984.0000,1984.0000,1984.0000,1984.0000
2024-11-08 11:46:05, , , ,23.0000,1984.0000,1984.0000,1984.0000,1984.0000,1984.0000,1984.0000,1984.0000,1984.0000,1984.0000,1984.0000,1984.0000,1984.0000,1984.0000,1984.0000
2024-11-08 11:46:05, , , ,23.0000,1984.0000,1984.0000,1984.0000,1984.0000,1984.0000,1984.0000,1984.0000,1984.0000,1984.0000,1984.0000,1984.0000,1984.0000,1984.0000,1984.0000
2024-11-08 11:46:05, , , ,23.1000,1984.0000,1984.0000,1984.0000,1984.0000,1984.0000,1984.0000,1984.0000,1984.0000,1984.0000,1984.0000,1984.0000,1984.0000,1984.0000,1984.0000
2024-11-08 11:46:05, , , ,23.1000,1984.0000,1984.0000,1984.0000,1984.0000,1984.0000,1984.0000,1984.0000,1984.0000,1984.0000,1984.0000,1984.0000,1984.0000,1984.0000,1984.0000
2024-11-08 11:46:05, , , ,23.0000,1984.0000,1984.0000,1984.0000,1984.0000,1984.0000,1984.0000,1984.0000,1984.0000,1984.0000,1984.0000,1984.0000,1984.0000,1984.0000,1984.0000
2024-11-08 11:46:06, , , ,23.0000,1984.0000,1984.0000,1984.0000,1984.0000,1984.0000,1984.0000,1984.0000,1984.0000,1984.0000,1984.0000,1984.0000,1984.0000,1984.0000,1984.0000
2024-11-08 11:46:06, , , ,23.0000,1984.0000,1984.0000,1984.0000,1984.0000,1984.0000,1984.0000,1984.0000,1984.0000,1984.0000,1984.0000,1984.0000,1984.0000,1984.0000,1984.0000
2024-11-08 11:46:06, , , ,23.0000,1984.0000,1984.0000,1984.0000,1984.0000,1984.0000,1984.0000,1984.0000,1984.0000,1984.0000,1984.0000,1984.0000,1984.0000,1984.0000,1984.0000
2024-11-08 11:46:06, , , ,23.0000,1984.0000,1984.0000,1984.0000,1984.0000,1984.0000,1984.0000,1984.0000,1984.0000,1984.0000,1984.0000,1984.0000,1984.0000,1984.0000,1984.0000
2024-11-08 11:46:06, , , ,23.0000,1984.0000,1984.0000,1984.0000,1984.0000,1984.0000,1984.0000,1984.0000,1984.0000,1984.0000,1984.0000,1984.0000,1984.0000,1984.0000,1984.0000
2024-11-08 11:46:06, , , ,23.0000,1984.0000,1984.0000,1984.0000,1984.0000,1984.0000,1984.0000,1984.0000,1984.0000,1984.0000,1984.0000,1984.0000,1984.0000,1984.0000,1984.0000
2024-11-08 11:46:07, , , ,23.0000,1984.0000,1984.0000,1984.0000,1984.0000,1984.0000,1984.0000,1984.0000,1984.0000,1984.0000,1984.0000,1984.0000,1984.0000,1984.0000,1984.0000
2024-11-08 11:46:07, , , ,23.0000,1984.0000,1984.0000,1984.0000,1984.0000,1984.0000,1984.0000,1984.0000,1984.0000,1984.0000,1984.0000,1984.0000,1984.0000,1984.0000,1984.0000
2024-11-08 11:46:07, , , ,23.0000,1984.0000,1984.0000,1984.0000,1984.0000,1984.0000,1984.0000,1984.0000,1984.0000,1984.0000,1984.0000,1984.0000,1984.0000,1984.0000,1984.0000
2024-11-08 11:46:07, , , ,23.0000,1984.0000,1984.0000,1984.0000,1984.0000,1984.0000,1984.0000,1984.0000,1984.0000,1984.0000,1984.0000,1984.0000,1984.0000,1984.0000,1984.0000
2024-11-08 11:46:07, , , ,23.0000,1984.0000,1984.0000,1984.0000,1984.0000,1984.0000,1984.0000,1984.0000,1984.0000,1984.0000,1984.0000,1984.0000,1984.0000,1984.0000,1984.0000
2024-11-08 11:46:07, , , ,23.1000,1984.0000,1984.0000,1984.0000,1984.0000,1984.0000,1984.0000,1984.0000,1984.0000,1984.0000,1984.0000,1984.0000,1984.0000,1984.0000,1984.0000
2024-11-08 11:46:08, , , ,23.1000,1984.0000,1984.0000,1984.0000,1984.0000,1984.0000,1984.0000,1984.0000,1984.0000,1984.0000,1984.0000,1984.0000,1984.0000,1984.0000,1984.0000
2024-11-08 11:46:08, , , ,23.1000,1984.0000,1984.0000,1984.0000,1984.0000,1984.0000,1984.0000,1984.0000,1984.0000,1984.0000,1984.0000,1984.0000,1984.0000,1984.0000,1984.0000
2024-11-08 11:46:08, , , ,23.0000,1984.0000,1984.0000,1984.0000,1984.0000,1984.0000,1984.0000,1984.0000,1984.0000,1984.0000,1984.0000,1984.0000,1984.0000,1984.0000,1984.0000
2024-11-08 11:46:08, , , ,23.0000,1984.0000,1984.0000,1984.0000,1984.0000,1984.0000,1984.0000,1984.0000,1984.0000,1984.0000,1984.0000,1984.0000,1984.0000,1984.0000,1984.0000
2024-11-08 11:46:08, , , ,23.0000,1984.0000,1984.0000,1984.0000,1984.0000,1984.0000,1984.0000,1984.0000,1984.0000,1984.0000,1984.0000,1984.0000,1984.0000,1984.0000,1984.0000
2024-11-08 11:46:08, , , ,23.0000,1984.0000,1984.0000,1984.0000,1984.0000,1984.0000,1984.0000,1984.0000,1984.0000,1984.0000,1984.0000,1984.0000,1984.0000,1984.0000,1984.0000
2024-11-08 11:46:09, , , ,23.0000,1984.0000,1984.0000,1984.0000,1984.0000,1984.0000,1984.0000,1984.0000,1984.0000,1984.0000,1984.0000,1984.0000,1984.0000,1984.0000,1984.0000
2024-11-08 11:46:09, , , ,23.0000,1984.0000,1984.0000,1984.0000,1984.0000,1984.0000,1984.0000,1984.0000,1984.0000,1984.0000,1984.0000,1984.0000,1984.0000,1984.0000,1984.0000
2024-11-08 11:46:09, , , ,23.0000,1984.0000,1984.0000,1984.0000,1984.0000,1984.0000,1984.0000,1984.0000,1984.0000,1984.0000,1984.0000,1984.0000,1984.0000,1984.0000,1984.0000
2024-11-08 11:46:09, , , ,23.0000,1984.0000,1984.0000,1984.0000,1984.0000,1984.0000,1984.0000,1984.0000,1984.0000,1984.0000,1984.0000,1984.0000,1984.0000,1984.0000,1984.0000
2024-11-08 11:46:09, , , ,23.0000,1984.0000,1984.0000,1984.0000,1984.0000,1984.0000,1984.0000,1984.0000,1984.0000,1984.0000,1984.0000,1984.0000,1984.0000,1984.0000,1984.0000
2024-11-08 11:46:09, , , ,23.0000,1984.0000,1984.0000,1984.0000,1984.0000,1984.0000,1984.0000,1984.0000,1984.0000,1984.0000,1984.0000,1984.0000,1984.0000,1984.0000,1984.0000
2024-11-08 11:46:10, , , ,23.0000,1984.0000,1984.0000,1984.0000,1984.0000,1984.0000,1984.0000,1984.0000,1984.0000,1984.0000,1984.0000,1984.0000,1984.0000,1984.0000,1984.0000
2024-11-08 11:46:10, , , ,23.0000,1984.0000,1984.0000,1984.0000,1984.0000,1984.0000,1984.0000,1984.0000,1984.0000,1984.0000,1984.0000,1984.0000,1984.0000,1984.0000,1984.0000
2024-11-08 11:46:10, , , ,23.0000,1984.0000,1984.0000,1984.0000,1984.0000,1984.0000,1984.0000,1984.0000,1984.0000,1984.0000,1984.0000,1984.0000,1984.0000,1984.0000,1984.0000
2024-11-08 11:46:10, , , ,23.0000,1984.0000,1984.0000,1984.0000,1984.0000,1984.0000,1984.0000,1984.0000,1984.0000,1984.0000,1984.0000,1984.0000,1984.0000,1984.0000,1984.0000
2024-11-08 11:46:10, , , ,23.1000,1984.0000,1984.0000,1984.0000,1984.0000,1984.0000,1984.0000,1984.0000,1984.0000,1984.0000,1984.0000,1984.0000,1984.0000,1984.0000,1984.0000
2024-11-08 11:46:10, , , ,23.1000,1984.0000,1984.0000,1984.0000,1984.0000,1984.0000,1984.0000,1984.0000,1984.0000,1984.0000,1984.0000,1984.0000,1984.0000,1984.0000,1984.0000
2024-11-08 11:46:11, , , ,23.1000,1984.0000,1984.0000,1984.0000,1984.0000,1984.0000,1984.0000,1984.0000,1984.0000,1984.0000,1984.0000,1984.0000,1984.0000,1984.0000,1984.0000
2024-11-08 11:46:11, , , ,23.1000,1984.0000,1984.0000,1984.0000,1984.0000,1984.0000,1984.0000,1984.0000,1984.0000,1984.0000,1984.0000,1984.0000,1984.0000,1984.0000,1984.0000
2024-11-08 11:46:11, , , ,23.1000,1984.0000,1984.0000,1984.0000,1984.0000,1984.0000,1984.0000,1984.0000,1984.0000,1984.0000,1984.0000,1984.0000,1984.0000,1984.0000,1984.0000
2024-11-08 11:46:11, , , ,23.0000,1984.0000,1984.0000,1984.0000,1984.0000,1984.0000,1984.0000,1984.0000,1984.0000,1984.0000,1984.0000,1984.0000,1984.0000,1984.0000,1984.0000
2024-11-08 11:46:11, , , ,23.0000,1984.0000,1984.0000,1984.0000,1984.0000,1984.0000,1984.0000,1984.0000,1984.0000,1984.0000,1984.0000,1984.0000,1984.0000,1984.0000,1984.0000
2024-11-08 11:46:11, , , ,23.0000,1984.0000,1984.0000,1984.0000,1984.0000,1984.0000,1984.0000,1984.0000,1984.0000,1984.0000,1984.0000,1984.0000,1984.0000,1984.0000,1984.0000
2024-11-08 11:46:12, , , ,23.0000,1984.0000,1984.0000,1984.0000,1984.0000,1984.0000,1984.0000,1984.0000,1984.0000,1984.0000,1984.0000,1984.0000,1984.0000,1984.0000,1984.0000
2024-11-08 11:46:12, , , ,23.0000,1984.0000,1984.0000,1984.0000,1984.0000,1984.0000,1984.0000,1984.0000,1984.0000,1984.0000,1984.0000,1984.0000,1984.0000,1984.0000,1984.0000
2024-11-08 11:46:12, , , ,23.0000,1984.0000,1984.0000,1984.0000,1984.0000,1984.0000,1984.0000,1984.0000,1984.0000,1984.0000,1984.0000,1984.0000,1984.0000,1984.0000,1984.0000
2024-11-08 11:46:12, , , ,23.0000,1984.0000,1984.0000,1984.0000,1984.0000,1984.0000,1984.0000,1984.0000,1984.0000,1984.0000,1984.0000,1984.0000,1984.0000,1984.0000,1984.0000
2024-11-08 11:46:12, , , ,23.1000,1984.0000,1984.0000,1984.0000,1984.0000,1984.0000,1984.0000,1984.0000,1984.0000,1984.0000,1984.0000,1984.0000,1984.0000,1984.0000,1984.0000
2024-11-08 11:46:12, , , ,23.1000,1984.0000,1984.0000,1984.0000,1984.0000,1984.0000,1984.0000,1984.0000,1984.0000,1984.0000,1984.0000,1984.0000,1984.0000,1984.0000,1984.0000
2024-11-08 11:46:13, , , ,23.1000,1984.0000,1984.0000,1984.0000,1984.0000,1984.0000,1984.0000,1984.0000,1984.0000,1984.0000,1984.0000,1984.0000,1984.0000,1984.0000,1984.0000
2024-11-08 11:46:13, , , ,23.1000,1984.0000,1984.0000,1984.0000,1984.0000,1984.0000,1984.0000,1984.0000,1984.0000,1984.0000,1984.0000,1984.0000,1984.0000,1984.0000,1984.0000
2024-11-08 11:46:13, , , ,23.1000,1984.0000,1984.0000,1984.0000,1984.0000,1984.0000,1984.0000,1984.0000,1984.0000,1984.0000,1984.0000,1984.0000,1984.0000,1984.0000,1984.0000
2024-11-08 11:46:13, , , ,23.0000,1984.0000,1984.0000,1984.0000,1984.0000,1984.0000,1984.0000,1984.0000,1984.0000,1984.0000,1984.0000,1984.0000,1984.0000,1984.0000,1984.0000
2024-11-08 11:46:13, , , ,23.0000,1984.0000,1984.0000,1984.0000,1984.0000,1984.0000,1984.0000,1984.0000,1984.0000,1984.0000,1984.0000,1984.0000,1984.0000,1984.0000,1984.0000
2024-11-08 11:46:13, , , ,23.0000,1984.0000,1984.0000,1984.0000,1984.0000,1984.0000,1984.0000,1984.0000,1984.0000,1984.0000,1984.0000,1984.0000,1984.0000,1984.0000,1984.0000
2024-11-08 11:46:14, , , ,23.0000,1984.0000,1984.0000,1984.0000,1984.0000,1984.0000,1984.0000,1984.0000,1984.0000,1984.0000,1984.0000,1984.0000,1984.0000,1984.0000,1984.0000
2024-11-08 11:46:14, , , ,23.0000,1984.0000,1984.0000,1984.0000,1984.0000,1984.0000,1984.0000,1984.0000,1984.0000,1984.0000,1984.0000,1984.0000,1984.0000,1984.0000,1984.0000
2024-11-08 11:46:14, , , ,23.0000,1984.0000,1984.0000,1984.0000,1984.0000,1984.0000,1984.0000,1984.0000,1984.0000,1984.0000,1984.0000,1984.0000,1984.0000,1984.0000,1984.0000
2024-11-08 11:46:14, , , ,23.0000,1984.0000,1984.0000,1984.0000,1984.0000,1984.0000,1984.0000,1984.0000,1984.0000,1984.0000,1984.0000,1984.0000,1984.0000,1984.0000,1984.0000
2024-11-08 11:46:14, , , ,23.0000,1984.0000,1984.0000,1984.0000,1984.0000,1984.0000,1984.0000,1984.0000,1984.0000,1984.0000,1984.0000,1984.0000,1984.0000,1984.0000,1984.0000
2024-11-08 11:46:14, , , ,23.0000,1984.0000,1984.0000,1984.0000,1984.0000,1984.0000,1984.0000,1984.0000,1984.0000,1984.0000,1984.0000,1984.0000,1984.0000,1984.0000,1984.0000
2024-11-08 11:46:15, , , ,23.0000,1984.0000,1984.0000,1984.0000,1984.0000,1984.0000,1984.0000,1984.0000,1984.0000,1984.0000,1984.0000,1984.0000,1984.0000,1984.0000,1984.0000
2024-11-08 11:46:15, , , ,23.0000,1984.0000,1984.0000,1984.0000,1984.0000,1984.0000,1984.0000,1984.0000,1984.0000,1984.0000,1984.0000,1984.0000,1984.0000,1984.0000,1984.0000
2024-11-08 11:46:15, , , ,23.0000,1984.0000,1984.0000,1984.0000,1984.0000,1984.0000,1984.0000,1984.0000,1984.0000,1984.0000,1984.0000,1984.0000,1984.0000,1984.0000,1984.0000
2024-11-08 11:46:15, , , ,23.0000,1984.0000,1984.0000,1984.0000,1984.0000,1984.0000,1984.0000,1984.0000,1984.0000,1984.0000,1984.0000,1984.0000,1984.0000,1984.0000,1984.0000
2024-11-08 11:46:15, , , ,23.0000,1984.0000,1984.0000,1984.0000,1984.0000,1984.0000,1984.0000,1984.0000,1984.0000,1984.0000,1984.0000,1984.0000,1984.0000,1984.0000,1984.0000
2024-11-08 11:46:15, , , ,23.0000,1984.0000,1984.0000,1984.0000,1984.0000,1984.0000,1984.0000,1984.0000,1984.0000,1984.0000,1984.0000,1984.0000,1984.0000,1984.0000,1984.0000
2024-11-08 11:46:16, , , ,23.0000,1984.0000,1984.0000,1984.0000,1984.0000,1984.0000,1984.0000,1984.0000,1984.0000,1984.0000,1984.0000,1984.0000,1984.0000,1984.0000,1984.0000
2024-11-08 11:46:16, , , ,23.0000,1984.0000,1984.0000,1984.0000,1984.0000,1984.0000,1984.0000,1984.0000,1984.0000,1984.0000,1984.0000,1984.0000,1984.0000,1984.0000,1984.0000
2024-11-08 11:46:16, , , ,23.0000,1984.0000,1984.0000,1984.0000,1984.0000,1984.0000,1984.0000,1984.0000,1984.0000,1984.0000,1984.0000,1984.0000,1984.0000,1984.0000,1984.0000
2024-11-08 11:46:16, , , ,23.0000,1984.0000,1984.0000,1984.0000,1984.0000,1984.0000,1984.0000,1984.0000,1984.0000,1984.0000,1984.0000,1984.0000,1984.0000,1984.0000,1984.0000
2024-11-08 11:46:16, , , ,23.0000,1984.0000,1984.0000,1984.0000,1984.0000,1984.0000,1984.0000,1984.0000,1984.0000,1984.0000,1984.0000,1984.0000,1984.0000,1984.0000,1984.0000
2024-11-08 11:46:16, , , ,23.0000,1984.0000,1984.0000,1984.0000,1984.0000,1984.0000,1984.0000,1984.0000,1984.0000,1984.0000,1984.0000,1984.0000,1984.0000,1984.0000,1984.0000
2024-11-08 11:46:17, , , ,23.0000,1984.0000,1984.0000,1984.0000,1984.0000,1984.0000,1984.0000,1984.0000,1984.0000,1984.0000,1984.0000,1984.0000,1984.0000,1984.0000,1984.0000
2024-11-08 11:46:17, , , ,23.0000,1984.0000,1984.0000,1984.0000,1984.0000,1984.0000,1984.0000,1984.0000,1984.0000,1984.0000,1984.0000,1984.0000,1984.0000,1984.0000,1984.0000
2024-11-08 11:46:17, , , ,23.0000,1984.0000,1984.0000,1984.0000,1984.0000,1984.0000,1984.0000,1984.0000,1984.0000,1984.0000,1984.0000,1984.0000,1984.0000,1984.0000,1984.0000
2024-11-08 11:46:17, , , ,23.0000,1984.0000,1984.0000,1984.0000,1984.0000,1984.0000,1984.0000,1984.0000,1984.0000,1984.0000,1984.0000,1984.0000,1984.0000,1984.0000,1984.0000
2024-11-08 11:46:17, , , ,23.0000,1984.0000,1984.0000,1984.0000,1984.0000,1984.0000,1984.0000,1984.0000,1984.0000,1984.0000,1984.0000,1984.0000,1984.0000,1984.0000,1984.0000
2024-11-08 11:46:17, , , ,23.0000,1984.0000,1984.0000,1984.0000,1984.0000,1984.0000,1984.0000,1984.0000,1984.0000,1984.0000,1984.0000,1984.0000,1984.0000,1984.0000,1984.0000
2024-11-08 11:46:18, , , ,23.0000,1984.0000,1984.0000,1984.0000,1984.0000,1984.0000,1984.0000,1984.0000,1984.0000,1984.0000,1984.0000,1984.0000,1984.0000,1984.0000,1984.0000
2024-11-08 11:46:18, , , ,23.0000,1984.0000,1984.0000,1984.0000,1984.0000,1984.0000,1984.0000,1984.0000,1984.0000,1984.0000,1984.0000,1984.0000,1984.0000,1984.0000,1984.0000
2024-11-08 11:46:18, , , ,23.0000,1984.0000,1984.0000,1984.0000,1984.0000,1984.0000,1984.0000,1984.0000,1984.0000,1984.0000,1984.0000,1984.0000,1984.0000,1984.0000,1984.0000
2024-11-08 11:46:18, , , ,23.0000,1984.0000,1984.0000,1984.0000,1984.0000,1984.0000,1984.0000,1984.0000,1984.0000,1984.0000,1984.0000,1984.0000,1984.0000,1984.0000,1984.0000
2024-11-08 11:46:18, , , ,23.0000,1984.0000,1984.0000,1984.0000,1984.0000,1984.0000,1984.0000,1984.0000,1984.0000,1984.0000,1984.0000,1984.0000,1984.0000,1984.0000,1984.0000
2024-11-08 11:46:18, , , ,23.1000,1984.0000,1984.0000,1984.0000,1984.0000,1984.0000,1984.0000,1984.0000,1984.0000,1984.0000,1984.0000,1984.0000,1984.0000,1984.0000,1984.0000
2024-11-08 11:46:19, , , ,23.1000,1984.0000,1984.0000,1984.0000,1984.0000,1984.0000,1984.0000,1984.0000,1984.0000,1984.0000,1984.0000,1984.0000,1984.0000,1984.0000,1984.0000
2024-11-08 11:46:19, , , ,23.1000,1984.0000,1984.0000,1984.0000,1984.0000,1984.0000,1984.0000,1984.0000,1984.0000,1984.0000,1984.0000,1984.0000,1984.0000,1984.0000,1984.0000
2024-11-08 11:46:19, , , ,23.1000,1984.0000,1984.0000,1984.0000,1984.0000,1984.0000,1984.0000,1984.0000,1984.0000,1984.0000,1984.0000,1984.0000,1984.0000,1984.0000,1984.0000
2024-11-08 11:46:19, , , ,23.0000,1984.0000,1984.0000,1984.0000,1984.0000,1984.0000,1984.0000,1984.0000,1984.0000,1984.0000,1984.0000,1984.0000,1984.0000,1984.0000,1984.0000
2024-11-08 11:46:19, , , ,23.0000,1984.0000,1984.0000,1984.0000,1984.0000,1984.0000,1984.0000,1984.0000,1984.0000,1984.0000,1984.0000,1984.0000,1984.0000,1984.0000,1984.0000
2024-11-08 11:46:19, , , ,23.0000,1984.0000,1984.0000,1984.0000,1984.0000,1984.0000,1984.0000,1984.0000,1984.0000,1984.0000,1984.0000,1984.0000,1984.0000,1984.0000,1984.0000
2024-11-08 11:46:20, , , ,23.0000,1984.0000,1984.0000,1984.0000,1984.0000,1984.0000,1984.0000,1984.0000,1984.0000,1984.0000,1984.0000,1984.0000,1984.0000,1984.0000,1984.0000
2024-11-08 11:46:20, , , ,23.0000,1984.0000,1984.0000,1984.0000,1984.0000,1984.0000,1984.0000,1984.0000,1984.0000,1984.0000,1984.0000,1984.0000,1984.0000,1984.0000,1984.0000
2024-11-08 11:46:20, , , ,23.0000,1984.0000,1984.0000,1984.0000,1984.0000,1984.0000,1984.0000,1984.0000,1984.0000,1984.0000,1984.0000,1984.0000,1984.0000,1984.0000,1984.0000
2024-11-08 11:46:20, , , ,23.0000,1984.0000,1984.0000,1984.0000,1984.0000,1984.0000,1984.0000,1984.0000,1984.0000,1984.0000,1984.0000,1984.0000,1984.0000,1984.0000,1984.0000
2024-11-08 11:46:20, , , ,23.0000,1984.0000,1984.0000,1984.0000,1984.0000,1984.0000,1984.0000,1984.0000,1984.0000,1984.0000,1984.0000,1984.0000,1984.0000,1984.0000,1984.0000
2024-11-08 11:46:20, , , ,23.1000,1984.0000,1984.0000,1984.0000,1984.0000,1984.0000,1984.0000,1984.0000,1984.0000,1984.0000,1984.0000,1984.0000,1984.0000,1984.0000,1984.0000
2024-11-08 11:46:21, , , ,23.0000,1984.0000,1984.0000,1984.0000,1984.0000,1984.0000,1984.0000,1984.0000,1984.0000,1984.0000,1984.0000,1984.0000,1984.0000,1984.0000,1984.0000
2024-11-08 11:46:21, , , ,23.0000,1984.0000,1984.0000,1984.0000,1984.0000,1984.0000,1984.0000,1984.0000,1984.0000,1984.0000,1984.0000,1984.0000,1984.0000,1984.0000,1984.0000
2024-11-08 11:46:21, , , ,23.0000,1984.0000,1984.0000,1984.0000,1984.0000,1984.0000,1984.0000,1984.0000,1984.0000,1984.0000,1984.0000,1984.0000,1984.0000,1984.0000,1984.0000
2024-11-08 11:46:21, , , ,23.0000,1984.0000,1984.0000,1984.0000,1984.0000,1984.0000,1984.0000,1984.0000,1984.0000,1984.0000,1984.0000,1984.0000,1984.0000,1984.0000,1984.0000
2024-11-08 11:46:21, , , ,23.1000,1984.0000,1984.0000,1984.0000,1984.0000,1984.0000,1984.0000,1984.0000,1984.0000,1984.0000,1984.0000,1984.0000,1984.0000,1984.0000,1984.0000
2024-11-08 11:46:21, , , ,23.1000,1984.0000,1984.0000,1984.0000,1984.0000,1984.0000,1984.0000,1984.0000,1984.0000,1984.0000,1984.0000,1984.0000,1984.0000,1984.0000,1984.0000
2024-11-08 11:46:22, , , ,23.1000,1984.0000,1984.0000,1984.0000,1984.0000,1984.0000,1984.0000,1984.0000,1984.0000,1984.0000,1984.0000,1984.0000,1984.0000,1984.0000,1984.0000
2024-11-08 11:46:22, , , ,23.1000,1984.0000,1984.0000,1984.0000,1984.0000,1984.0000,1984.0000,1984.0000,1984.0000,1984.0000,1984.0000,1984.0000,1984.0000,1984.0000,1984.0000
2024-11-08 11:46:22, , , ,23.1000,1984.0000,1984.0000,1984.0000,1984.0000,1984.0000,1984.0000,1984.0000,1984.0000,1984.0000,1984.0000,1984.0000,1984.0000,1984.0000,1984.0000
2024-11-08 11:46:22, , , ,23.0000,1984.0000,1984.0000,1984.0000,1984.0000,1984.0000,1984.0000,1984.0000,1984.0000,1984.0000,1984.0000,1984.0000,1984.0000,1984.0000,1984.0000
2024-11-08 11:46:22, , , ,23.0000,1984.0000,1984.0000,1984.0000,1984.0000,1984.0000,1984.0000,1984.0000,1984.0000,1984.0000,1984.0000,1984.0000,1984.0000,1984.0000,1984.0000
2024-11-08 11:46:22, , , ,23.0000,1984.0000,1984.0000,1984.0000,1984.0000,1984.0000,1984.0000,1984.0000,1984.0000,1984.0000,1984.0000,1984.0000,1984.0000,1984.0000,1984.0000
2024-11-08 11:46:23, , , ,23.0000,1984.0000,1984.0000,1984.0000,1984.0000,1984.0000,1984.0000,1984.0000,1984.0000,1984.0000,1984.0000,1984.0000,1984.0000,1984.0000,1984.0000
2024-11-08 11:46:23, , , ,23.0000,1984.0000,1984.0000,1984.0000,1984.0000,1984.0000,1984.0000,1984.0000,1984.0000,1984.0000,1984.0000,1984.0000,1984.0000,1984.0000,1984.0000
2024-11-08 11:46:23, , , ,23.0000,1984.0000,1984.0000,1984.0000,1984.0000,1984.0000,1984.0000,1984.0000,1984.0000,1984.0000,1984.0000,1984.0000,1984.0000,1984.0000,1984.0000
2024-11-08 11:46:23, , , ,23.0000,1984.0000,1984.0000,1984.0000,1984.0000,1984.0000,1984.0000,1984.0000,1984.0000,1984.0000,1984.0000,1984.0000,1984.0000,1984.0000,1984.0000
2024-11-08 11:46:23, , , ,23.0000,1984.0000,1984.0000,1984.0000,1984.0000,1984.0000,1984.0000,1984.0000,1984.0000,1984.0000,1984.0000,1984.0000,1984.0000,1984.0000,1984.0000
2024-11-08 11:46:23, , , ,23.0000,1984.0000,1984.0000,1984.0000,1984.0000,1984.0000,1984.0000,1984.0000,1984.0000,1984.0000,1984.0000,1984.0000,1984.0000,1984.0000,1984.0000
2024-11-08 11:46:24, , , ,23.0000,1984.0000,1984.0000,1984.0000,1984.0000,1984.0000,1984.0000,1984.0000,1984.0000,1984.0000,1984.0000,1984.0000,1984.0000,1984.0000,1984.0000
2024-11-08 11:46:24, , , ,23.0000,1984.0000,1984.0000,1984.0000,1984.0000,1984.0000,1984.0000,1984.0000,1984.0000,1984.0000,1984.0000,1984.0000,1984.0000,1984.0000,1984.0000
2024-11-08 11:46:24, , , ,23.0000,1984.0000,1984.0000,1984.0000,1984.0000,1984.0000,1984.0000,1984.0000,1984.0000,1984.0000,1984.0000,1984.0000,1984.0000,1984.0000,1984.0000
2024-11-08 11:46:24, , , ,23.0000,1984.0000,1984.0000,1984.0000,1984.0000,1984.0000,1984.0000,1984.0000,1984.0000,1984.0000,1984.0000,1984.0000,1984.0000,1984.0000,1984.0000
2024-11-08 11:46:24, , , ,23.1000,1984.0000,1984.0000,1984.0000,1984.0000,1984.0000,1984.0000,1984.0000,1984.0000,1984.0000,1984.0000,1984.0000,1984.0000,1984.0000,1984.0000
2024-11-08 11:46:24, , , ,23.1000,1984.0000,1984.0000,1984.0000,1984.0000,1984.0000,1984.0000,1984.0000,1984.0000,1984.0000,1984.0000,1984.0000,1984.0000,1984.0000,1984.0000
2024-11-08 11:46:25, , , ,23.1000,1984.0000,1984.0000,1984.0000,1984.0000,1984.0000,1984.0000,1984.0000,1984.0000,1984.0000,1984.0000,1984.0000,1984.0000,1984.0000,1984.0000
2024-11-08 11:46:25, , , ,23.1000,1984.0000,1984.0000,1984.0000,1984.0000,1984.0000,1984.0000,1984.0000,1984.0000,1984.0000,1984.0000,1984.0000,1984.0000,1984.0000,1984.0000
2024-11-08 11:46:25, , , ,23.0000,1984.0000,1984.0000,1984.0000,1984.0000,1984.0000,1984.0000,1984.0000,1984.0000,1984.0000,1984.0000,1984.0000,1984.0000,1984.0000,1984.0000
2024-11-08 11:46:25, , , ,23.0000,1984.0000,1984.0000,1984.0000,1984.0000,1984.0000,1984.0000,1984.0000,1984.0000,1984.0000,1984.0000,1984.0000,1984.0000,1984.0000,1984.0000
2024-11-08 11:46:25, , , ,23.0000,1984.0000,1984.0000,1984.0000,1984.0000,1984.0000,1984.0000,1984.0000,1984.0000,1984.0000,1984.0000,1984.0000,1984.0000,1984.0000,1984.0000
2024-11-08 11:46:25, , , ,23.0000,1984.0000,1984.0000,1984.0000,1984.0000,1984.0000,1984.0000,1984.0000,1984.0000,1984.0000,1984.0000,1984.0000,1984.0000,1984.0000,1984.0000
2024-11-08 11:46:26, , , ,23.1000,1984.0000,1984.0000,1984.0000,1984.0000,1984.0000,1984.0000,1984.0000,1984.0000,1984.0000,1984.0000,1984.0000,1984.0000,1984.0000,1984.0000
2024-11-08 11:46:26, , , ,23.1000,1984.0000,1984.0000,1984.0000,1984.0000,1984.0000,1984.0000,1984.0000,1984.0000,1984.0000,1984.0000,1984.0000,1984.0000,1984.0000,1984.0000
2024-11-08 11:46:26, , , ,23.1000,1984.0000,1984.0000,1984.0000,1984.0000,1984.0000,1984.0000,1984.0000,1984.0000,1984.0000,1984.0000,1984.0000,1984.0000,1984.0000,1984.0000
2024-11-08 11:46:26, , , ,23.1000,1984.0000,1984.0000,1984.0000,1984.0000,1984.0000,1984.0000,1984.0000,1984.0000,1984.0000,1984.0000,1984.0000,1984.0000,1984.0000,1984.0000
2024-11-08 11:46:26, , , ,23.1000,1984.0000,1984.0000,1984.0000,1984.0000,1984.0000,1984.0000,1984.0000,1984.0000,1984.0000,1984.0000,1984.0000,1984.0000,1984.0000,1984.0000
2024-11-08 11:46:26, , , ,23.1000,1984.0000,1984.0000,1984.0000,1984.0000,1984.0000,1984.0000,1984.0000,1984.0000,1984.0000,1984.0000,1984.0000,1984.0000,1984.0000,1984.0000
2024-11-08 11:46:27, , , ,23.1000,1984.0000,1984.0000,1984.0000,1984.0000,1984.0000,1984.0000,1984.0000,1984.0000,1984.0000,1984.0000,1984.0000,1984.0000,1984.0000,1984.0000
2024-11-08 11:46:27, , , ,23.1000,1984.0000,1984.0000,1984.0000,1984.0000,1984.0000,1984.0000,1984.0000,1984.0000,1984.0000,1984.0000,1984.0000,1984.0000,1984.0000,1984.0000
2024-11-08 11:46:27, , , ,23.1000,1984.0000,1984.0000,1984.0000,1984.0000,1984.0000,1984.0000,1984.0000,1984.0000,1984.0000,1984.0000,1984.0000,1984.0000,1984.0000,1984.0000
2024-11-08 11:46:27, , , ,23.1000,1984.0000,1984.0000,1984.0000,1984.0000,1984.0000,1984.0000,1984.0000,1984.0000,1984.0000,1984.0000,1984.0000,1984.0000,1984.0000,1984.0000
2024-11-08 11:46:27, , , ,23.1000,1984.0000,1984.0000,1984.0000,1984.0000,1984.0000,1984.0000,1984.0000,1984.0000,1984.0000,1984.0000,1984.0000,1984.0000,1984.0000,1984.0000
2024-11-08 11:46:27, , , ,23.1000,1984.0000,1984.0000,1984.0000,1984.0000,1984.0000,1984.0000,1984.0000,1984.0000,1984.0000,1984.0000,1984.0000,1984.0000,1984.0000,1984.0000
2024-11-08 11:46:28, , , ,23.1000,1984.0000,1984.0000,1984.0000,1984.0000,1984.0000,1984.0000,1984.0000,1984.0000,1984.0000,1984.0000,1984.0000,1984.0000,1984.0000,1984.0000
2024-11-08 11:46:28, , , ,23.0000,1984.0000,1984.0000,1984.0000,1984.0000,1984.0000,1984.0000,1984.0000,1984.0000,1984.0000,1984.0000,1984.0000,1984.0000,1984.0000,1984.0000
2024-11-08 11:46:28, , , ,23.0000,1984.0000,1984.0000,1984.0000,1984.0000,1984.0000,1984.0000,1984.0000,1984.0000,1984.0000,1984.0000,1984.0000,1984.0000,1984.0000,1984.0000
2024-11-08 11:46:28, , , ,23.0000,1984.0000,1984.0000,1984.0000,1984.0000,1984.0000,1984.0000,1984.0000,1984.0000,1984.0000,1984.0000,1984.0000,1984.0000,1984.0000,1984.0000
2024-11-08 11:46:28, , , ,23.0000,1984.0000,1984.0000,1984.0000,1984.0000,1984.0000,1984.0000,1984.0000,1984.0000,1984.0000,1984.0000,1984.0000,1984.0000,1984.0000,1984.0000
2024-11-08 11:46:28, , , ,23.0000,1984.0000,1984.0000,1984.0000,1984.0000,1984.0000,1984.0000,1984.0000,1984.0000,1984.0000,1984.0000,1984.0000,1984.0000,1984.0000,1984.0000
2024-11-08 11:46:29, , , ,23.0000,1984.0000,1984.0000,1984.0000,1984.0000,1984.0000,1984.0000,1984.0000,1984.0000,1984.0000,1984.0000,1984.0000,1984.0000,1984.0000,1984.0000
2024-11-08 11:46:29, , , ,23.0000,1984.0000,1984.0000,1984.0000,1984.0000,1984.0000,1984.0000,1984.0000,1984.0000,1984.0000,1984.0000,1984.0000,1984.0000,1984.0000,1984.0000
2024-11-08 11:46:29, , , ,23.0000,1984.0000,1984.0000,1984.0000,1984.0000,1984.0000,1984.0000,1984.0000,1984.0000,1984.0000,1984.0000,1984.0000,1984.0000,1984.0000,1984.0000
2024-11-08 11:46:29, , , ,23.1000,1984.0000,1984.0000,1984.0000,1984.0000,1984.0000,1984.0000,1984.0000,1984.0000,1984.0000,1984.0000,1984.0000,1984.0000,1984.0000,1984.0000
2024-11-08 11:46:29, , , ,23.1000,1984.0000,1984.0000,1984.0000,1984.0000,1984.0000,1984.0000,1984.0000,1984.0000,1984.0000,1984.0000,1984.0000,1984.0000,1984.0000,1984.0000
2024-11-08 11:46:29, , , ,23.1000,1984.0000,1984.0000,1984.0000,1984.0000,1984.0000,1984.0000,1984.0000,1984.0000,1984.0000,1984.0000,1984.0000,1984.0000,1984.0000,1984.0000
2024-11-08 11:46:30, , , ,23.1000,1984.0000,1984.0000,1984.0000,1984.0000,1984.0000,1984.0000,1984.0000,1984.0000,1984.0000,1984.0000,1984.0000,1984.0000,1984.0000,1984.0000
2024-11-08 11:46:30, , , ,23.1000,1984.0000,1984.0000,1984.0000,1984.0000,1984.0000,1984.0000,1984.0000,1984.0000,1984.0000,1984.0000,1984.0000,1984.0000,1984.0000,1984.0000
2024-11-08 11:46:30, , , ,23.0000,1984.0000,1984.0000,1984.0000,1984.0000,1984.0000,1984.0000,1984.0000,1984.0000,1984.0000,1984.0000,1984.0000,1984.0000,1984.0000,1984.0000
2024-11-08 11:46:30, , , ,23.0000,1984.0000,1984.0000,1984.0000,1984.0000,1984.0000,1984.0000,1984.0000,1984.0000,1984.0000,1984.0000,1984.0000,1984.0000,1984.0000,1984.0000
2024-11-08 11:46:30, , , ,23.0000,1984.0000,1984.0000,1984.0000,1984.0000,1984.0000,1984.0000,1984.0000,1984.0000,1984.0000,1984.0000,1984.0000,1984.0000,1984.0000,1984.0000
2024-11-08 11:46:30, , , ,23.0000,1984.0000,1984.0000,1984.0000,1984.0000,1984.0000,1984.0000,1984.0000,1984.0000,1984.0000,1984.0000,1984.0000,1984.0000,1984.0000,1984.0000
2024-11-08 11:46:31, , , ,23.0000,1984.0000,1984.0000,1984.0000,1984.0000,1984.0000,1984.0000,1984.0000,1984.0000,1984.0000,1984.0000,1984.0000,1984.0000,1984.0000,1984.0000
2024-11-08 11:46:31, , , ,23.0000,1984.0000,1984.0000,1984.0000,1984.0000,1984.0000,1984.0000,1984.0000,1984.0000,1984.0000,1984.0000,1984.0000,1984.0000,1984.0000,1984.0000
2024-11-08 11:46:31, , , ,23.0000,1984.0000,1984.0000,1984.0000,1984.0000,1984.0000,1984.0000,1984.0000,1984.0000,1984.0000,1984.0000,1984.0000,1984.0000,1984.0000,1984.0000
2024-11-08 11:46:31, , , ,23.1000,1984.0000,1984.0000,1984.0000,1984.0000,1984.0000,1984.0000,1984.0000,1984.0000,1984.0000,1984.0000,1984.0000,1984.0000,1984.0000,1984.0000
2024-11-08 11:46:31, , , ,23.1000,1984.0000,1984.0000,1984.0000,1984.0000,1984.0000,1984.0000,1984.0000,1984.0000,1984.0000,1984.0000,1984.0000,1984.0000,1984.0000,1984.0000
2024-11-08 11:46:31, , , ,23.1000,1984.0000,1984.0000,1984.0000,1984.0000,1984.0000,1984.0000,1984.0000,1984.0000,1984.0000,1984.0000,1984.0000,1984.0000,1984.0000,1984.0000
2024-11-08 11:46:32, , , ,23.1000,1984.0000,1984.0000,1984.0000,1984.0000,1984.0000,1984.0000,1984.0000,1984.0000,1984.0000,1984.0000,1984.0000,1984.0000,1984.0000,1984.0000
2024-11-08 11:46:32, , , ,23.1000,1984.0000,1984.0000,1984.0000,1984.0000,1984.0000,1984.0000,1984.0000,1984.0000,1984.0000,1984.0000,1984.0000,1984.0000,1984.0000,1984.0000
2024-11-08 11:46:32, , , ,23.0000,1984.0000,1984.0000,1984.0000,1984.0000,1984.0000,1984.0000,1984.0000,1984.0000,1984.0000,1984.0000,1984.0000,1984.0000,1984.0000,1984.0000
2024-11-08 11:46:32, , , ,23.0000,1984.0000,1984.0000,1984.0000,1984.0000,1984.0000,1984.0000,1984.0000,1984.0000,1984.0000,1984.0000,1984.0000,1984.0000,1984.0000,1984.0000
2024-11-08 11:46:32, , , ,23.0000,1984.0000,1984.0000,1984.0000,1984.0000,1984.0000,1984.0000,1984.0000,1984.0000,1984.0000,1984.0000,1984.0000,1984.0000,1984.0000,1984.0000
2024-11-08 11:46:32, , , ,23.0000,1984.0000,1984.0000,1984.0000,1984.0000,1984.0000,1984.0000,1984.0000,1984.0000,1984.0000,1984.0000,1984.0000,1984.0000,1984.0000,1984.0000
2024-11-08 11:46:33, , , ,23.0000,1984.0000,1984.0000,1984.0000,1984.0000,1984.0000,1984.0000,1984.0000,1984.0000,1984.0000,1984.0000,1984.0000,1984.0000,1984.0000,1984.0000
2024-11-08 11:46:33, , , ,23.0000,1984.0000,1984.0000,1984.0000,1984.0000,1984.0000,1984.0000,1984.0000,1984.0000,1984.0000,1984.0000,1984.0000,1984.0000,1984.0000,1984.0000
2024-11-08 11:46:33, , , ,23.1000,1984.0000,1984.0000,1984.0000,1984.0000,1984.0000,1984.0000,1984.0000,1984.0000,1984.0000,1984.0000,1984.0000,1984.0000,1984.0000,1984.0000
2024-11-08 11:46:33, , , ,23.0000,1984.0000,1984.0000,1984.0000,1984.0000,1984.0000,1984.0000,1984.0000,1984.0000,1984.0000,1984.0000,1984.0000,1984.0000,1984.0000,1984.0000
2024-11-08 11:46:33, , , ,23.0000,1984.0000,1984.0000,1984.0000,1984.0000,1984.0000,1984.0000,1984.0000,1984.0000,1984.0000,1984.0000,1984.0000,1984.0000,1984.0000,1984.0000
2024-11-08 11:46:33, , , ,23.0000,1984.0000,1984.0000,1984.0000,1984.0000,1984.0000,1984.0000,1984.0000,1984.0000,1984.0000,1984.0000,1984.0000,1984.0000,1984.0000,1984.0000
2024-11-08 11:46:34, , , ,23.0000,1984.0000,1984.0000,1984.0000,1984.0000,1984.0000,1984.0000,1984.0000,1984.0000,1984.0000,1984.0000,1984.0000,1984.0000,1984.0000,1984.0000
2024-11-08 11:46:34, , , ,23.0000,1984.0000,1984.0000,1984.0000,1984.0000,1984.0000,1984.0000,1984.0000,1984.0000,1984.0000,1984.0000,1984.0000,1984.0000,1984.0000,1984.0000
2024-11-08 11:46:34, , , ,23.0000,1984.0000,1984.0000,1984.0000,1984.0000,1984.0000,1984.0000,1984.0000,1984.0000,1984.0000,1984.0000,1984.0000,1984.0000,1984.0000,1984.0000
2024-11-08 11:46:34, , , ,23.0000,1984.0000,1984.0000,1984.0000,1984.0000,1984.0000,1984.0000,1984.0000,1984.0000,1984.0000,1984.0000,1984.0000,1984.0000,1984.0000,1984.0000
2024-11-08 11:46:34, , , ,23.1000,1984.0000,1984.0000,1984.0000,1984.0000,1984.0000,1984.0000,1984.0000,1984.0000,1984.0000,1984.0000,1984.0000,1984.0000,1984.0000,1984.0000
2024-11-08 11:46:34, , , ,23.0000,1984.0000,1984.0000,1984.0000,1984.0000,1984.0000,1984.0000,1984.0000,1984.0000,1984.0000,1984.0000,1984.0000,1984.0000,1984.0000,1984.0000
2024-11-08 11:46:35, , , ,23.0000,1984.0000,1984.0000,1984.0000,1984.0000,1984.0000,1984.0000,1984.0000,1984.0000,1984.0000,1984.0000,1984.0000,1984.0000,1984.0000,1984.0000
2024-11-08 11:46:35, , , ,23.0000,1984.0000,1984.0000,1984.0000,1984.0000,1984.0000,1984.0000,1984.0000,1984.0000,1984.0000,1984.0000,1984.0000,1984.0000,1984.0000,1984.0000
2024-11-08 11:46:35, , , ,23.0000,1984.0000,1984.0000,1984.0000,1984.0000,1984.0000,1984.0000,1984.0000,1984.0000,1984.0000,1984.0000,1984.0000,1984.0000,1984.0000,1984.0000
2024-11-08 11:46:35, , , ,23.0000,1984.0000,1984.0000,1984.0000,1984.0000,1984.0000,1984.0000,1984.0000,1984.0000,1984.0000,1984.0000,1984.0000,1984.0000,1984.0000,1984.0000
2024-11-08 11:46:35, , , ,23.0000,1984.0000,1984.0000,1984.0000,1984.0000,1984.0000,1984.0000,1984.0000,1984.0000,1984.0000,1984.0000,1984.0000,1984.0000,1984.0000,1984.0000
2024-11-08 11:46:35, , , ,23.1000,1984.0000,1984.0000,1984.0000,1984.0000,1984.0000,1984.0000,1984.0000,1984.0000,1984.0000,1984.0000,1984.0000,1984.0000,1984.0000,1984.0000
2024-11-08 11:46:36, , , ,23.1000,1984.0000,1984.0000,1984.0000,1984.0000,1984.0000,1984.0000,1984.0000,1984.0000,1984.0000,1984.0000,1984.0000,1984.0000,1984.0000,1984.0000
2024-11-08 11:46:36, , , ,23.1000,1984.0000,1984.0000,1984.0000,1984.0000,1984.0000,1984.0000,1984.0000,1984.0000,1984.0000,1984.0000,1984.0000,1984.0000,1984.0000,1984.0000
2024-11-08 11:46:36, , , ,23.0000,1984.0000,1984.0000,1984.0000,1984.0000,1984.0000,1984.0000,1984.0000,1984.0000,1984.0000,1984.0000,1984.0000,1984.0000,1984.0000,1984.0000
2024-11-08 11:46:36, , , ,23.0000,1984.0000,1984.0000,1984.0000,1984.0000,1984.0000,1984.0000,1984.0000,1984.0000,1984.0000,1984.0000,1984.0000,1984.0000,1984.0000,1984.0000
2024-11-08 11:46:36, , , ,23.0000,1984.0000,1984.0000,1984.0000,1984.0000,1984.0000,1984.0000,1984.0000,1984.0000,1984.0000,1984.0000,1984.0000,1984.0000,1984.0000,1984.0000
2024-11-08 11:46:36, , , ,23.0000,1984.0000,1984.0000,1984.0000,1984.0000,1984.0000,1984.0000,1984.0000,1984.0000,1984.0000,1984.0000,1984.0000,1984.0000,1984.0000,1984.0000
2024-11-08 11:46:37, , , ,23.0000,1984.0000,1984.0000,1984.0000,1984.0000,1984.0000,1984.0000,1984.0000,1984.0000,1984.0000,1984.0000,1984.0000,1984.0000,1984.0000,1984.0000
2024-11-08 11:46:37, , , ,23.1000,1984.0000,1984.0000,1984.0000,1984.0000,1984.0000,1984.0000,1984.0000,1984.0000,1984.0000,1984.0000,1984.0000,1984.0000,1984.0000,1984.0000
2024-11-08 11:46:37, , , ,23.1000,1984.0000,1984.0000,1984.0000,1984.0000,1984.0000,1984.0000,1984.0000,1984.0000,1984.0000,1984.0000,1984.0000,1984.0000,1984.0000,1984.0000
2024-11-08 11:46:37, , , ,23.1000,1984.0000,1984.0000,1984.0000,1984.0000,1984.0000,1984.0000,1984.0000,1984.0000,1984.0000,1984.0000,1984.0000,1984.0000,1984.0000,1984.0000
2024-11-08 11:46:37, , , ,23.1000,1984.0000,1984.0000,1984.0000,1984.0000,1984.0000,1984.0000,1984.0000,1984.0000,1984.0000,1984.0000,1984.0000,1984.0000,1984.0000,1984.0000
2024-11-08 11:46:37, , , ,23.1000,1984.0000,1984.0000,1984.0000,1984.0000,1984.0000,1984.0000,1984.0000,1984.0000,1984.0000,1984.0000,1984.0000,1984.0000,1984.0000,1984.0000
2024-11-08 11:46:38, , , ,23.1000,1984.0000,1984.0000,1984.0000,1984.0000,1984.0000,1984.0000,1984.0000,1984.0000,1984.0000,1984.0000,1984.0000,1984.0000,1984.0000,1984.0000
2024-11-08 11:46:38, , , ,23.0000,1984.0000,1984.0000,1984.0000,1984.0000,1984.0000,1984.0000,1984.0000,1984.0000,1984.0000,1984.0000,1984.0000,1984.0000,1984.0000,1984.0000
2024-11-08 11:46:38, , , ,23.0000,1984.0000,1984.0000,1984.0000,1984.0000,1984.0000,1984.0000,1984.0000,1984.0000,1984.0000,1984.0000,1984.0000,1984.0000,1984.0000,1984.0000
2024-11-08 11:46:38, , , ,23.0000,1984.0000,1984.0000,1984.0000,1984.0000,1984.0000,1984.0000,1984.0000,1984.0000,1984.0000,1984.0000,1984.0000,1984.0000,1984.0000,1984.0000
2024-11-08 11:46:38, , , ,23.0000,1984.0000,1984.0000,1984.0000,1984.0000,1984.0000,1984.0000,1984.0000,1984.0000,1984.0000,1984.0000,1984.0000,1984.0000,1984.0000,1984.0000
2024-11-08 11:46:38, , , ,23.0000,1984.0000,1984.0000,1984.0000,1984.0000,1984.0000,1984.0000,1984.0000,1984.0000,1984.0000,1984.0000,1984.0000,1984.0000,1984.0000,1984.0000
2024-11-08 11:46:39, , , ,23.0000,1984.0000,1984.0000,1984.0000,1984.0000,1984.0000,1984.0000,1984.0000,1984.0000,1984.0000,1984.0000,1984.0000,1984.0000,1984.0000,1984.0000
2024-11-08 11:46:39, , , ,23.0000,1984.0000,1984.0000,1984.0000,1984.0000,1984.0000,1984.0000,1984.0000,1984.0000,1984.0000,1984.0000,1984.0000,1984.0000,1984.0000,1984.0000
2024-11-08 11:46:39, , , ,23.0000,1984.0000,1984.0000,1984.0000,1984.0000,1984.0000,1984.0000,1984.0000,1984.0000,1984.0000,1984.0000,1984.0000,1984.0000,1984.0000,1984.0000
2024-11-08 11:46:39, , , ,23.1000,1984.0000,1984.0000,1984.0000,1984.0000,1984.0000,1984.0000,1984.0000,1984.0000,1984.0000,1984.0000,1984.0000,1984.0000,1984.0000,1984.0000
2024-11-08 11:46:39, , , ,23.1000,1984.0000,1984.0000,1984.0000,1984.0000,1984.0000,1984.0000,1984.0000,1984.0000,1984.0000,1984.0000,1984.0000,1984.0000,1984.0000,1984.0000
2024-11-08 11:46:39, , , ,23.1000,1984.0000,1984.0000,1984.0000,1984.0000,1984.0000,1984.0000,1984.0000,1984.0000,1984.0000,1984.0000,1984.0000,1984.0000,1984.0000,1984.0000
2024-11-08 11:46:40, , , ,23.1000,1984.0000,1984.0000,1984.0000,1984.0000,1984.0000,1984.0000,1984.0000,1984.0000,1984.0000,1984.0000,1984.0000,1984.0000,1984.0000,1984.0000
2024-11-08 11:46:40, , , ,23.1000,1984.0000,1984.0000,1984.0000,1984.0000,1984.0000,1984.0000,1984.0000,1984.0000,1984.0000,1984.0000,1984.0000,1984.0000,1984.0000,1984.0000
2024-11-08 11:46:40, , , ,23.1000,1984.0000,1984.0000,1984.0000,1984.0000,1984.0000,1984.0000,1984.0000,1984.0000,1984.0000,1984.0000,1984.0000,1984.0000,1984.0000,1984.0000
2024-11-08 11:46:40, , , ,23.1000,1984.0000,1984.0000,1984.0000,1984.0000,1984.0000,1984.0000,1984.0000,1984.0000,1984.0000,1984.0000,1984.0000,1984.0000,1984.0000,1984.0000
2024-11-08 11:46:40, , , ,23.0000,1984.0000,1984.0000,1984.0000,1984.0000,1984.0000,1984.0000,1984.0000,1984.0000,1984.0000,1984.0000,1984.0000,1984.0000,1984.0000,1984.0000
2024-11-08 11:46:40, , , ,23.1000,1984.0000,1984.0000,1984.0000,1984.0000,1984.0000,1984.0000,1984.0000,1984.0000,1984.0000,1984.0000,1984.0000,1984.0000,1984.0000,1984.0000
2024-11-08 11:46:41, , , ,23.1000,1984.0000,1984.0000,1984.0000,1984.0000,1984.0000,1984.0000,1984.0000,1984.0000,1984.0000,1984.0000,1984.0000,1984.0000,1984.0000,1984.0000
2024-11-08 11:46:41, , , ,23.1000,1984.0000,1984.0000,1984.0000,1984.0000,1984.0000,1984.0000,1984.0000,1984.0000,1984.0000,1984.0000,1984.0000,1984.0000,1984.0000,1984.0000
2024-11-08 11:46:41, , , ,23.1000,1984.0000,1984.0000,1984.0000,1984.0000,1984.0000,1984.0000,1984.0000,1984.0000,1984.0000,1984.0000,1984.0000,1984.0000,1984.0000,1984.0000
2024-11-08 11:46:41, , , ,23.1000,1984.0000,1984.0000,1984.0000,1984.0000,1984.0000,1984.0000,1984.0000,1984.0000,1984.0000,1984.0000,1984.0000,1984.0000,1984.0000,1984.0000
2024-11-08 11:46:41, , , ,23.1000,1984.0000,1984.0000,1984.0000,1984.0000,1984.0000,1984.0000,1984.0000,1984.0000,1984.0000,1984.0000,1984.0000,1984.0000,1984.0000,1984.0000
2024-11-08 11:46:41, , , ,23.1000,1984.0000,1984.0000,1984.0000,1984.0000,1984.0000,1984.0000,1984.0000,1984.0000,1984.0000,1984.0000,1984.0000,1984.0000,1984.0000,1984.0000
2024-11-08 11:46:42, , , ,23.1000,1984.0000,1984.0000,1984.0000,1984.0000,1984.0000,1984.0000,1984.0000,1984.0000,1984.0000,1984.0000,1984.0000,1984.0000,1984.0000,1984.0000
2024-11-08 11:46:42, , , ,23.1000,1984.0000,1984.0000,1984.0000,1984.0000,1984.0000,1984.0000,1984.0000,1984.0000,1984.0000,1984.0000,1984.0000,1984.0000,1984.0000,1984.0000
2024-11-08 11:46:42, , , ,23.1000,1984.0000,1984.0000,1984.0000,1984.0000,1984.0000,1984.0000,1984.0000,1984.0000,1984.0000,1984.0000,1984.0000,1984.0000,1984.0000,1984.0000
2024-11-08 11:46:42, , , ,23.1000,1984.0000,1984.0000,1984.0000,1984.0000,1984.0000,1984.0000,1984.0000,1984.0000,1984.0000,1984.0000,1984.0000,1984.0000,1984.0000,1984.0000
2024-11-08 11:46:42, , , ,23.1000,1984.0000,1984.0000,1984.0000,1984.0000,1984.0000,1984.0000,1984.0000,1984.0000,1984.0000,1984.0000,1984.0000,1984.0000,1984.0000,1984.0000
2024-11-08 11:46:42, , , ,23.1000,1984.0000,1984.0000,1984.0000,1984.0000,1984.0000,1984.0000,1984.0000,1984.0000,1984.0000,1984.0000,1984.0000,1984.0000,1984.0000,1984.0000
2024-11-08 11:46:43, , , ,23.1000,1984.0000,1984.0000,1984.0000,1984.0000,1984.0000,1984.0000,1984.0000,1984.0000,1984.0000,1984.0000,1984.0000,1984.0000,1984.0000,1984.0000
2024-11-08 11:46:43, , , ,23.1000,1984.0000,1984.0000,1984.0000,1984.0000,1984.0000,1984.0000,1984.0000,1984.0000,1984.0000,1984.0000,1984.0000,1984.0000,1984.0000,1984.0000
2024-11-08 11:46:43, , , ,23.1000,1984.0000,1984.0000,1984.0000,1984.0000,1984.0000,1984.0000,1984.0000,1984.0000,1984.0000,1984.0000,1984.0000,1984.0000,1984.0000,1984.0000
2024-11-08 11:46:43, , , ,23.1000,1984.0000,1984.0000,1984.0000,1984.0000,1984.0000,1984.0000,1984.0000,1984.0000,1984.0000,1984.0000,1984.0000,1984.0000,1984.0000,1984.0000
2024-11-08 11:46:43, , , ,23.1000,1984.0000,1984.0000,1984.0000,1984.0000,1984.0000,1984.0000,1984.0000,1984.0000,1984.0000,1984.0000,1984.0000,1984.0000,1984.0000,1984.0000
2024-11-08 11:46:43, , , ,23.1000,1984.0000,1984.0000,1984.0000,1984.0000,1984.0000,1984.0000,1984.0000,1984.0000,1984.0000,1984.0000,1984.0000,1984.0000,1984.0000,1984.0000
2024-11-08 11:46:44, , , ,23.1000,1984.0000,1984.0000,1984.0000,1984.0000,1984.0000,1984.0000,1984.0000,1984.0000,1984.0000,1984.0000,1984.0000,1984.0000,1984.0000,1984.0000
2024-11-08 11:46:44, , , ,23.1000,1984.0000,1984.0000,1984.0000,1984.0000,1984.0000,1984.0000,1984.0000,1984.0000,1984.0000,1984.0000,1984.0000,1984.0000,1984.0000,1984.0000
2024-11-08 11:46:44, , , ,23.1000,1984.0000,1984.0000,1984.0000,1984.0000,1984.0000,1984.0000,1984.0000,1984.0000,1984.0000,1984.0000,1984.0000,1984.0000,1984.0000,1984.0000
2024-11-08 11:46:44, , , ,23.0000,1984.0000,1984.0000,1984.0000,1984.0000,1984.0000,1984.0000,1984.0000,1984.0000,1984.0000,1984.0000,1984.0000,1984.0000,1984.0000,1984.0000
2024-11-08 11:46:44, , , ,23.0000,1984.0000,1984.0000,1984.0000,1984.0000,1984.0000,1984.0000,1984.0000,1984.0000,1984.0000,1984.0000,1984.0000,1984.0000,1984.0000,1984.0000
2024-11-08 11:46:44, , , ,23.1000,1984.0000,1984.0000,1984.0000,1984.0000,1984.0000,1984.0000,1984.0000,1984.0000,1984.0000,1984.0000,1984.0000,1984.0000,1984.0000,1984.0000
2024-11-08 11:46:45, , , ,23.1000,1984.0000,1984.0000,1984.0000,1984.0000,1984.0000,1984.0000,1984.0000,1984.0000,1984.0000,1984.0000,1984.0000,1984.0000,1984.0000,1984.0000
2024-11-08 11:46:45, , , ,23.1000,1984.0000,1984.0000,1984.0000,1984.0000,1984.0000,1984.0000,1984.0000,1984.0000,1984.0000,1984.0000,1984.0000,1984.0000,1984.0000,1984.0000
2024-11-08 11:46:45, , , ,23.1000,1984.0000,1984.0000,1984.0000,1984.0000,1984.0000,1984.0000,1984.0000,1984.0000,1984.0000,1984.0000,1984.0000,1984.0000,1984.0000,1984.0000
2024-11-08 11:46:45, , , ,23.1000,1984.0000,1984.0000,1984.0000,1984.0000,1984.0000,1984.0000,1984.0000,1984.0000,1984.0000,1984.0000,1984.0000,1984.0000,1984.0000,1984.0000
2024-11-08 11:46:45, , , ,23.0000,1984.0000,1984.0000,1984.0000,1984.0000,1984.0000,1984.0000,1984.0000,1984.0000,1984.0000,1984.0000,1984.0000,1984.0000,1984.0000,1984.0000
2024-11-08 11:46:45, , , ,23.0000,1984.0000,1984.0000,1984.0000,1984.0000,1984.0000,1984.0000,1984.0000,1984.0000,1984.0000,1984.0000,1984.0000,1984.0000,1984.0000,1984.0000
2024-11-08 11:46:46, , , ,23.0000,1984.0000,1984.0000,1984.0000,1984.0000,1984.0000,1984.0000,1984.0000,1984.0000,1984.0000,1984.0000,1984.0000,1984.0000,1984.0000,1984.0000
2024-11-08 11:46:46, , , ,23.1000,1984.0000,1984.0000,1984.0000,1984.0000,1984.0000,1984.0000,1984.0000,1984.0000,1984.0000,1984.0000,1984.0000,1984.0000,1984.0000,1984.0000
2024-11-08 11:46:46, , , ,23.1000,1984.0000,1984.0000,1984.0000,1984.0000,1984.0000,1984.0000,1984.0000,1984.0000,1984.0000,1984.0000,1984.0000,1984.0000,1984.0000,1984.0000
2024-11-08 11:46:46, , , ,23.1000,1984.0000,1984.0000,1984.0000,1984.0000,1984.0000,1984.0000,1984.0000,1984.0000,1984.0000,1984.0000,1984.0000,1984.0000,1984.0000,1984.0000
2024-11-08 11:46:46, , , ,23.1000,1984.0000,1984.0000,1984.0000,1984.0000,1984.0000,1984.0000,1984.0000,1984.0000,1984.0000,1984.0000,1984.0000,1984.0000,1984.0000,1984.0000
2024-11-08 11:46:46, , , ,23.1000,1984.0000,1984.0000,1984.0000,1984.0000,1984.0000,1984.0000,1984.0000,1984.0000,1984.0000,1984.0000,1984.0000,1984.0000,1984.0000,1984.0000
2024-11-08 11:46:47, , , ,23.1000,1984.0000,1984.0000,1984.0000,1984.0000,1984.0000,1984.0000,1984.0000,1984.0000,1984.0000,1984.0000,1984.0000,1984.0000,1984.0000,1984.0000
2024-11-08 11:46:47, , , ,23.1000,1984.0000,1984.0000,1984.0000,1984.0000,1984.0000,1984.0000,1984.0000,1984.0000,1984.0000,1984.0000,1984.0000,1984.0000,1984.0000,1984.0000
2024-11-08 11:46:47, , , ,23.0000,1984.0000,1984.0000,1984.0000,1984.0000,1984.0000,1984.0000,1984.0000,1984.0000,1984.0000,1984.0000,1984.0000,1984.0000,1984.0000,1984.0000
2024-11-08 11:46:47, , , ,23.0000,1984.0000,1984.0000,1984.0000,1984.0000,1984.0000,1984.0000,1984.0000,1984.0000,1984.0000,1984.0000,1984.0000,1984.0000,1984.0000,1984.0000
2024-11-08 11:46:47, , , ,23.0000,1984.0000,1984.0000,1984.0000,1984.0000,1984.0000,1984.0000,1984.0000,1984.0000,1984.0000,1984.0000,1984.0000,1984.0000,1984.0000,1984.0000
2024-11-08 11:46:47, , , ,23.0000,1984.0000,1984.0000,1984.0000,1984.0000,1984.0000,1984.0000,1984.0000,1984.0000,1984.0000,1984.0000,1984.0000,1984.0000,1984.0000,1984.0000
2024-11-08 11:46:48, , , ,23.0000,1984.0000,1984.0000,1984.0000,1984.0000,1984.0000,1984.0000,1984.0000,1984.0000,1984.0000,1984.0000,1984.0000,1984.0000,1984.0000,1984.0000
2024-11-08 11:46:48, , , ,23.1000,1984.0000,1984.0000,1984.0000,1984.0000,1984.0000,1984.0000,1984.0000,1984.0000,1984.0000,1984.0000,1984.0000,1984.0000,1984.0000,1984.0000
2024-11-08 11:46:48, , , ,23.0000,1984.0000,1984.0000,1984.0000,1984.0000,1984.0000,1984.0000,1984.0000,1984.0000,1984.0000,1984.0000,1984.0000,1984.0000,1984.0000,1984.0000
2024-11-08 11:46:48, , , ,23.0000,1984.0000,1984.0000,1984.0000,1984.0000,1984.0000,1984.0000,1984.0000,1984.0000,1984.0000,1984.0000,1984.0000,1984.0000,1984.0000,1984.0000
2024-11-08 11:46:48, , , ,23.0000,1984.0000,1984.0000,1984.0000,1984.0000,1984.0000,1984.0000,1984.0000,1984.0000,1984.0000,1984.0000,1984.0000,1984.0000,1984.0000,1984.0000
2024-11-08 11:46:48, , , ,23.0000,1984.0000,1984.0000,1984.0000,1984.0000,1984.0000,1984.0000,1984.0000,1984.0000,1984.0000,1984.0000,1984.0000,1984.0000,1984.0000,1984.0000
2024-11-08 11:46:49, , , ,23.1000,1984.0000,1984.0000,1984.0000,1984.0000,1984.0000,1984.0000,1984.0000,1984.0000,1984.0000,1984.0000,1984.0000,1984.0000,1984.0000,1984.0000
2024-11-08 11:46:49, , , ,23.1000,1984.0000,1984.0000,1984.0000,1984.0000,1984.0000,1984.0000,1984.0000,1984.0000,1984.0000,1984.0000,1984.0000,1984.0000,1984.0000,1984.0000
2024-11-08 11:46:49, , , ,23.1000,1984.0000,1984.0000,1984.0000,1984.0000,1984.0000,1984.0000,1984.0000,1984.0000,1984.0000,1984.0000,1984.0000,1984.0000,1984.0000,1984.0000
2024-11-08 11:46:49, , , ,23.1000,1984.0000,1984.0000,1984.0000,1984.0000,1984.0000,1984.0000,1984.0000,1984.0000,1984.0000,1984.0000,1984.0000,1984.0000,1984.0000,1984.0000
2024-11-08 11:46:49, , , ,23.1000,1984.0000,1984.0000,1984.0000,1984.0000,1984.0000,1984.0000,1984.0000,1984.0000,1984.0000,1984.0000,1984.0000,1984.0000,1984.0000,1984.0000
2024-11-08 11:46:49, , , ,23.1000,1984.0000,1984.0000,1984.0000,1984.0000,1984.0000,1984.0000,1984.0000,1984.0000,1984.0000,1984.0000,1984.0000,1984.0000,1984.0000,1984.0000
2024-11-08 11:46:50, , , ,23.1000,1984.0000,1984.0000,1984.0000,1984.0000,1984.0000,1984.0000,1984.0000,1984.0000,1984.0000,1984.0000,1984.0000,1984.0000,1984.0000,1984.0000
2024-11-08 11:46:50, , , ,23.1000,1984.0000,1984.0000,1984.0000,1984.0000,1984.0000,1984.0000,1984.0000,1984.0000,1984.0000,1984.0000,1984.0000,1984.0000,1984.0000,1984.0000
2024-11-08 11:46:50, , , ,23.1000,1984.0000,1984.0000,1984.0000,1984.0000,1984.0000,1984.0000,1984.0000,1984.0000,1984.0000,1984.0000,1984.0000,1984.0000,1984.0000,1984.0000
2024-11-08 11:46:50, , , ,23.1000,1984.0000,1984.0000,1984.0000,1984.0000,1984.0000,1984.0000,1984.0000,1984.0000,1984.0000,1984.0000,1984.0000,1984.0000,1984.0000,1984.0000
2024-11-08 11:46:50, , , ,23.1000,1984.0000,1984.0000,1984.0000,1984.0000,1984.0000,1984.0000,1984.0000,1984.0000,1984.0000,1984.0000,1984.0000,1984.0000,1984.0000,1984.0000
2024-11-08 11:46:50, , , ,23.0000,1984.0000,1984.0000,1984.0000,1984.0000,1984.0000,1984.0000,1984.0000,1984.0000,1984.0000,1984.0000,1984.0000,1984.0000,1984.0000,1984.0000
2024-11-08 11:46:51, , , ,23.0000,1984.0000,1984.0000,1984.0000,1984.0000,1984.0000,1984.0000,1984.0000,1984.0000,1984.0000,1984.0000,1984.0000,1984.0000,1984.0000,1984.0000
2024-11-08 11:46:51, , , ,23.0000,1984.0000,1984.0000,1984.0000,1984.0000,1984.0000,1984.0000,1984.0000,1984.0000,1984.0000,1984.0000,1984.0000,1984.0000,1984.0000,1984.0000
2024-11-08 11:46:51, , , ,23.0000,1984.0000,1984.0000,1984.0000,1984.0000,1984.0000,1984.0000,1984.0000,1984.0000,1984.0000,1984.0000,1984.0000,1984.0000,1984.0000,1984.0000
2024-11-08 11:46:51, , , ,23.1000,1984.0000,1984.0000,1984.0000,1984.0000,1984.0000,1984.0000,1984.0000,1984.0000,1984.0000,1984.0000,1984.0000,1984.0000,1984.0000,1984.0000
2024-11-08 11:46:51, , , ,23.1000,1984.0000,1984.0000,1984.0000,1984.0000,1984.0000,1984.0000,1984.0000,1984.0000,1984.0000,1984.0000,1984.0000,1984.0000,1984.0000,1984.0000
2024-11-08 11:46:51, , , ,23.1000,1984.0000,1984.0000,1984.0000,1984.0000,1984.0000,1984.0000,1984.0000,1984.0000,1984.0000,1984.0000,1984.0000,1984.0000,1984.0000,1984.0000
2024-11-08 11:46:52, , , ,23.1000,1984.0000,1984.0000,1984.0000,1984.0000,1984.0000,1984.0000,1984.0000,1984.0000,1984.0000,1984.0000,1984.0000,1984.0000,1984.0000,1984.0000
2024-11-08 11:46:52, , , ,23.1000,1984.0000,1984.0000,1984.0000,1984.0000,1984.0000,1984.0000,1984.0000,1984.0000,1984.0000,1984.0000,1984.0000,1984.0000,1984.0000,1984.0000
2024-11-08 11:46:52, , , ,23.1000,1984.0000,1984.0000,1984.0000,1984.0000,1984.0000,1984.0000,1984.0000,1984.0000,1984.0000,1984.0000,1984.0000,1984.0000,1984.0000,1984.0000
2024-11-08 11:46:52, , , ,23.1000,1984.0000,1984.0000,1984.0000,1984.0000,1984.0000,1984.0000,1984.0000,1984.0000,1984.0000,1984.0000,1984.0000,1984.0000,1984.0000,1984.0000
2024-11-08 11:46:52, , , ,23.0000,1984.0000,1984.0000,1984.0000,1984.0000,1984.0000,1984.0000,1984.0000,1984.0000,1984.0000,1984.0000,1984.0000,1984.0000,1984.0000,1984.0000
2024-11-08 11:46:52, , , ,23.0000,1984.0000,1984.0000,1984.0000,1984.0000,1984.0000,1984.0000,1984.0000,1984.0000,1984.0000,1984.0000,1984.0000,1984.0000,1984.0000,1984.0000
2024-11-08 11:46:53, , , ,23.0000,1984.0000,1984.0000,1984.0000,1984.0000,1984.0000,1984.0000,1984.0000,1984.0000,1984.0000,1984.0000,1984.0000,1984.0000,1984.0000,1984.0000
2024-11-08 11:46:53, , , ,23.0000,1984.0000,1984.0000,1984.0000,1984.0000,1984.0000,1984.0000,1984.0000,1984.0000,1984.0000,1984.0000,1984.0000,1984.0000,1984.0000,1984.0000
2024-11-08 11:46:53, , , ,23.0000,1984.0000,1984.0000,1984.0000,1984.0000,1984.0000,1984.0000,1984.0000,1984.0000,1984.0000,1984.0000,1984.0000,1984.0000,1984.0000,1984.0000
2024-11-08 11:46:53, , , ,23.0000,1984.0000,1984.0000,1984.0000,1984.0000,1984.0000,1984.0000,1984.0000,1984.0000,1984.0000,1984.0000,1984.0000,1984.0000,1984.0000,1984.0000
2024-11-08 11:46:53, , , ,22.9000,1984.0000,1984.0000,1984.0000,1984.0000,1984.0000,1984.0000,1984.0000,1984.0000,1984.0000,1984.0000,1984.0000,1984.0000,1984.0000,1984.0000
2024-11-08 11:46:53, , , ,23.0000,1984.0000,1984.0000,1984.0000,1984.0000,1984.0000,1984.0000,1984.0000,1984.0000,1984.0000,1984.0000,1984.0000,1984.0000,1984.0000,1984.0000
2024-11-08 11:46:54, , , ,22.9000,1984.0000,1984.0000,1984.0000,1984.0000,1984.0000,1984.0000,1984.0000,1984.0000,1984.0000,1984.0000,1984.0000,1984.0000,1984.0000,1984.0000
2024-11-08 11:46:54, , , ,23.0000,1984.0000,1984.0000,1984.0000,1984.0000,1984.0000,1984.0000,1984.0000,1984.0000,1984.0000,1984.0000,1984.0000,1984.0000,1984.0000,1984.0000
2024-11-08 11:46:54, , , ,23.0000,1984.0000,1984.0000,1984.0000,1984.0000,1984.0000,1984.0000,1984.0000,1984.0000,1984.0000,1984.0000,1984.0000,1984.0000,1984.0000,1984.0000
2024-11-08 11:46:54, , , ,23.0000,1984.0000,1984.0000,1984.0000,1984.0000,1984.0000,1984.0000,1984.0000,1984.0000,1984.0000,1984.0000,1984.0000,1984.0000,1984.0000,1984.0000
2024-11-08 11:46:54, , , ,23.0000,1984.0000,1984.0000,1984.0000,1984.0000,1984.0000,1984.0000,1984.0000,1984.0000,1984.0000,1984.0000,1984.0000,1984.0000,1984.0000,1984.0000
2024-11-08 11:46:54, , , ,23.0000,1984.0000,1984.0000,1984.0000,1984.0000,1984.0000,1984.0000,1984.0000,1984.0000,1984.0000,1984.0000,1984.0000,1984.0000,1984.0000,1984.0000
2024-11-08 11:46:55, , , ,23.0000,1984.0000,1984.0000,1984.0000,1984.0000,1984.0000,1984.0000,1984.0000,1984.0000,1984.0000,1984.0000,1984.0000,1984.0000,1984.0000,1984.0000
2024-11-08 11:46:55, , , ,23.0000,1984.0000,1984.0000,1984.0000,1984.0000,1984.0000,1984.0000,1984.0000,1984.0000,1984.0000,1984.0000,1984.0000,1984.0000,1984.0000,1984.0000
2024-11-08 11:46:55, , , ,23.0000,1984.0000,1984.0000,1984.0000,1984.0000,1984.0000,1984.0000,1984.0000,1984.0000,1984.0000,1984.0000,1984.0000,1984.0000,1984.0000,1984.0000
2024-11-08 11:46:55, , , ,23.0000,1984.0000,1984.0000,1984.0000,1984.0000,1984.0000,1984.0000,1984.0000,1984.0000,1984.0000,1984.0000,1984.0000,1984.0000,1984.0000,1984.0000
2024-11-08 11:46:55, , , ,23.0000,1984.0000,1984.0000,1984.0000,1984.0000,1984.0000,1984.0000,1984.0000,1984.0000,1984.0000,1984.0000,1984.0000,1984.0000,1984.0000,1984.0000
2024-11-08 11:46:55, , , ,23.0000,1984.0000,1984.0000,1984.0000,1984.0000,1984.0000,1984.0000,1984.0000,1984.0000,1984.0000,1984.0000,1984.0000,1984.0000,1984.0000,1984.0000
2024-11-08 11:46:56, , , ,23.0000,1984.0000,1984.0000,1984.0000,1984.0000,1984.0000,1984.0000,1984.0000,1984.0000,1984.0000,1984.0000,1984.0000,1984.0000,1984.0000,1984.0000
2024-11-08 11:46:56, , , ,23.0000,1984.0000,1984.0000,1984.0000,1984.0000,1984.0000,1984.0000,1984.0000,1984.0000,1984.0000,1984.0000,1984.0000,1984.0000,1984.0000,1984.0000
2024-11-08 11:46:56, , , ,23.0000,1984.0000,1984.0000,1984.0000,1984.0000,1984.0000,1984.0000,1984.0000,1984.0000,1984.0000,1984.0000,1984.0000,1984.0000,1984.0000,1984.0000
2024-11-08 11:46:56, , , ,22.9000,1984.0000,1984.0000,1984.0000,1984.0000,1984.0000,1984.0000,1984.0000,1984.0000,1984.0000,1984.0000,1984.0000,1984.0000,1984.0000,1984.0000
2024-11-08 11:46:56, , , ,22.9000,1984.0000,1984.0000,1984.0000,1984.0000,1984.0000,1984.0000,1984.0000,1984.0000,1984.0000,1984.0000,1984.0000,1984.0000,1984.0000,1984.0000
2024-11-08 11:46:56, , , ,23.0000,1984.0000,1984.0000,1984.0000,1984.0000,1984.0000,1984.0000,1984.0000,1984.0000,1984.0000,1984.0000,1984.0000,1984.0000,1984.0000,1984.0000
2024-11-08 11:46:57, , , ,23.1000,1984.0000,1984.0000,1984.0000,1984.0000,1984.0000,1984.0000,1984.0000,1984.0000,1984.0000,1984.0000,1984.0000,1984.0000,1984.0000,1984.0000
2024-11-08 11:46:57, , , ,23.1000,1984.0000,1984.0000,1984.0000,1984.0000,1984.0000,1984.0000,1984.0000,1984.0000,1984.0000,1984.0000,1984.0000,1984.0000,1984.0000,1984.0000
2024-11-08 11:46:57, , , ,23.1000,1984.0000,1984.0000,1984.0000,1984.0000,1984.0000,1984.0000,1984.0000,1984.0000,1984.0000,1984.0000,1984.0000,1984.0000,1984.0000,1984.0000
2024-11-08 11:46:57, , , ,23.0000,1984.0000,1984.0000,1984.0000,1984.0000,1984.0000,1984.0000,1984.0000,1984.0000,1984.0000,1984.0000,1984.0000,1984.0000,1984.0000,1984.0000
2024-11-08 11:46:57, , , ,23.0000,1984.0000,1984.0000,1984.0000,1984.0000,1984.0000,1984.0000,1984.0000,1984.0000,1984.0000,1984.0000,1984.0000,1984.0000,1984.0000,1984.0000
2024-11-08 11:46:57, , , ,23.0000,1984.0000,1984.0000,1984.0000,1984.0000,1984.0000,1984.0000,1984.0000,1984.0000,1984.0000,1984.0000,1984.0000,1984.0000,1984.0000,1984.0000
2024-11-08 11:46:58, , , ,23.0000,1984.0000,1984.0000,1984.0000,1984.0000,1984.0000,1984.0000,1984.0000,1984.0000,1984.0000,1984.0000,1984.0000,1984.0000,1984.0000,1984.0000
2024-11-08 11:46:58, , , ,23.0000,1984.0000,1984.0000,1984.0000,1984.0000,1984.0000,1984.0000,1984.0000,1984.0000,1984.0000,1984.0000,1984.0000,1984.0000,1984.0000,1984.0000
2024-11-08 11:46:58, , , ,23.0000,1984.0000,1984.0000,1984.0000,1984.0000,1984.0000,1984.0000,1984.0000,1984.0000,1984.0000,1984.0000,1984.0000,1984.0000,1984.0000,1984.0000
2024-11-08 11:46:58, , , ,22.9000,1984.0000,1984.0000,1984.0000,1984.0000,1984.0000,1984.0000,1984.0000,1984.0000,1984.0000,1984.0000,1984.0000,1984.0000,1984.0000,1984.0000
2024-11-08 11:46:58, , , ,23.0000,1984.0000,1984.0000,1984.0000,1984.0000,1984.0000,1984.0000,1984.0000,1984.0000,1984.0000,1984.0000,1984.0000,1984.0000,1984.0000,1984.0000
2024-11-08 11:46:58, , , ,23.0000,1984.0000,1984.0000,1984.0000,1984.0000,1984.0000,1984.0000,1984.0000,1984.0000,1984.0000,1984.0000,1984.0000,1984.0000,1984.0000,1984.0000
2024-11-08 11:46:59, , , ,23.0000,1984.0000,1984.0000,1984.0000,1984.0000,1984.0000,1984.0000,1984.0000,1984.0000,1984.0000,1984.0000,1984.0000,1984.0000,1984.0000,1984.0000
2024-11-08 11:46:59, , , ,23.0000,1984.0000,1984.0000,1984.0000,1984.0000,1984.0000,1984.0000,1984.0000,1984.0000,1984.0000,1984.0000,1984.0000,1984.0000,1984.0000,1984.0000
2024-11-08 11:46:59, , , ,22.9000,1984.0000,1984.0000,1984.0000,1984.0000,1984.0000,1984.0000,1984.0000,1984.0000,1984.0000,1984.0000,1984.0000,1984.0000,1984.0000,1984.0000
2024-11-08 11:46:59, , , ,22.9000,1984.0000,1984.0000,1984.0000,1984.0000,1984.0000,1984.0000,1984.0000,1984.0000,1984.0000,1984.0000,1984.0000,1984.0000,1984.0000,1984.0000
2024-11-08 11:46:59, , , ,22.9000,1984.0000,1984.0000,1984.0000,1984.0000,1984.0000,1984.0000,1984.0000,1984.0000,1984.0000,1984.0000,1984.0000,1984.0000,1984.0000,1984.0000
2024-11-08 11:46:59, , , ,22.9000,1984.0000,1984.0000,1984.0000,1984.0000,1984.0000,1984.0000,1984.0000,1984.0000,1984.0000,1984.0000,1984.0000,1984.0000,1984.0000,1984.0000
2024-11-08 11:47:00, , , ,22.9000,1984.0000,1984.0000,1984.0000,1984.0000,1984.0000,1984.0000,1984.0000,1984.0000,1984.0000,1984.0000,1984.0000,1984.0000,1984.0000,1984.0000
2024-11-08 11:47:00, , , ,23.0000,1984.0000,1984.0000,1984.0000,1984.0000,1984.0000,1984.0000,1984.0000,1984.0000,1984.0000,1984.0000,1984.0000,1984.0000,1984.0000,1984.0000
2024-11-08 11:47:00, , , ,23.1000,1984.0000,1984.0000,1984.0000,1984.0000,1984.0000,1984.0000,1984.0000,1984.0000,1984.0000,1984.0000,1984.0000,1984.0000,1984.0000,1984.0000
2024-11-08 11:47:00, , , ,23.1000,1984.0000,1984.0000,1984.0000,1984.0000,1984.0000,1984.0000,1984.0000,1984.0000,1984.0000,1984.0000,1984.0000,1984.0000,1984.0000,1984.0000
2024-11-08 11:47:00, , , ,23.1000,1984.0000,1984.0000,1984.0000,1984.0000,1984.0000,1984.0000,1984.0000,1984.0000,1984.0000,1984.0000,1984.0000,1984.0000,1984.0000,1984.0000
2024-11-08 11:47:00, , , ,23.1000,1984.0000,1984.0000,1984.0000,1984.0000,1984.0000,1984.0000,1984.0000,1984.0000,1984.0000,1984.0000,1984.0000,1984.0000,1984.0000,1984.0000
2024-11-08 11:47:01, , , ,23.1000,1984.0000,1984.0000,1984.0000,1984.0000,1984.0000,1984.0000,1984.0000,1984.0000,1984.0000,1984.0000,1984.0000,1984.0000,1984.0000,1984.0000
2024-11-08 11:47:01, , , ,23.0000,1984.0000,1984.0000,1984.0000,1984.0000,1984.0000,1984.0000,1984.0000,1984.0000,1984.0000,1984.0000,1984.0000,1984.0000,1984.0000,1984.0000
2024-11-08 11:47:01, , , ,23.0000,1984.0000,1984.0000,1984.0000,1984.0000,1984.0000,1984.0000,1984.0000,1984.0000,1984.0000,1984.0000,1984.0000,1984.0000,1984.0000,1984.0000
2024-11-08 11:47:01, , , ,23.0000,1984.0000,1984.0000,1984.0000,1984.0000,1984.0000,1984.0000,1984.0000,1984.0000,1984.0000,1984.0000,1984.0000,1984.0000,1984.0000,1984.0000
2024-11-08 11:47:01, , , ,23.0000,1984.0000,1984.0000,1984.0000,1984.0000,1984.0000,1984.0000,1984.0000,1984.0000,1984.0000,1984.0000,1984.0000,1984.0000,1984.0000,1984.0000
2024-11-08 11:47:01, , , ,23.1000,1984.0000,1984.0000,1984.0000,1984.0000,1984.0000,1984.0000,1984.0000,1984.0000,1984.0000,1984.0000,1984.0000,1984.0000,1984.0000,1984.0000
2024-11-08 11:47:02, , , ,23.1000,1984.0000,1984.0000,1984.0000,1984.0000,1984.0000,1984.0000,1984.0000,1984.0000,1984.0000,1984.0000,1984.0000,1984.0000,1984.0000,1984.0000
2024-11-08 11:47:02, , , ,23.1000,1984.0000,1984.0000,1984.0000,1984.0000,1984.0000,1984.0000,1984.0000,1984.0000,1984.0000,1984.0000,1984.0000,1984.0000,1984.0000,1984.0000
2024-11-08 11:47:02, , , ,23.1000,1984.0000,1984.0000,1984.0000,1984.0000,1984.0000,1984.0000,1984.0000,1984.0000,1984.0000,1984.0000,1984.0000,1984.0000,1984.0000,1984.0000
2024-11-08 11:47:02, , , ,23.1000,1984.0000,1984.0000,1984.0000,1984.0000,1984.0000,1984.0000,1984.0000,1984.0000,1984.0000,1984.0000,1984.0000,1984.0000,1984.0000,1984.0000
2024-11-08 11:47:02, , , ,23.1000,1984.0000,1984.0000,1984.0000,1984.0000,1984.0000,1984.0000,1984.0000,1984.0000,1984.0000,1984.0000,1984.0000,1984.0000,1984.0000,1984.0000
2024-11-08 11:47:02, , , ,23.1000,1984.0000,1984.0000,1984.0000,1984.0000,1984.0000,1984.0000,1984.0000,1984.0000,1984.0000,1984.0000,1984.0000,1984.0000,1984.0000,1984.0000
2024-11-08 11:47:03, , , ,23.0000,1984.0000,1984.0000,1984.0000,1984.0000,1984.0000,1984.0000,1984.0000,1984.0000,1984.0000,1984.0000,1984.0000,1984.0000,1984.0000,1984.0000
2024-11-08 11:47:03, , , ,23.0000,1984.0000,1984.0000,1984.0000,1984.0000,1984.0000,1984.0000,1984.0000,1984.0000,1984.0000,1984.0000,1984.0000,1984.0000,1984.0000,1984.0000
2024-11-08 11:47:03, , , ,23.0000,1984.0000,1984.0000,1984.0000,1984.0000,1984.0000,1984.0000,1984.0000,1984.0000,1984.0000,1984.0000,1984.0000,1984.0000,1984.0000,1984.0000
2024-11-08 11:47:03, , , ,23.0000,1984.0000,1984.0000,1984.0000,1984.0000,1984.0000,1984.0000,1984.0000,1984.0000,1984.0000,1984.0000,1984.0000,1984.0000,1984.0000,1984.0000
2024-11-08 11:47:03, , , ,23.0000,1984.0000,1984.0000,1984.0000,1984.0000,1984.0000,1984.0000,1984.0000,1984.0000,1984.0000,1984.0000,1984.0000,1984.0000,1984.0000,1984.0000
2024-11-08 11:47:03, , , ,23.1000,1984.0000,1984.0000,1984.0000,1984.0000,1984.0000,1984.0000,1984.0000,1984.0000,1984.0000,1984.0000,1984.0000,1984.0000,1984.0000,1984.0000
2024-11-08 11:47:04, , , ,23.1000,1984.0000,1984.0000,1984.0000,1984.0000,1984.0000,1984.0000,1984.0000,1984.0000,1984.0000,1984.0000,1984.0000,1984.0000,1984.0000,1984.0000
2024-11-08 11:47:04, , , ,23.0000,1984.0000,1984.0000,1984.0000,1984.0000,1984.0000,1984.0000,1984.0000,1984.0000,1984.0000,1984.0000,1984.0000,1984.0000,1984.0000,1984.0000
2024-11-08 11:47:04, , , ,23.0000,1984.0000,1984.0000,1984.0000,1984.0000,1984.0000,1984.0000,1984.0000,1984.0000,1984.0000,1984.0000,1984.0000,1984.0000,1984.0000,1984.0000
2024-11-08 11:47:04, , , ,23.0000,1984.0000,1984.0000,1984.0000,1984.0000,1984.0000,1984.0000,1984.0000,1984.0000,1984.0000,1984.0000,1984.0000,1984.0000,1984.0000,1984.0000
2024-11-08 11:47:04, , , ,23.1000,1984.0000,1984.0000,1984.0000,1984.0000,1984.0000,1984.0000,1984.0000,1984.0000,1984.0000,1984.0000,1984.0000,1984.0000,1984.0000,1984.0000
2024-11-08 11:47:04, , , ,23.1000,1984.0000,1984.0000,1984.0000,1984.0000,1984.0000,1984.0000,1984.0000,1984.0000,1984.0000,1984.0000,1984.0000,1984.0000,1984.0000,1984.0000
2024-11-08 11:47:05, , , ,23.1000,1984.0000,1984.0000,1984.0000,1984.0000,1984.0000,1984.0000,1984.0000,1984.0000,1984.0000,1984.0000,1984.0000,1984.0000,1984.0000,1984.0000
2024-11-08 11:47:05, , , ,23.1000,1984.0000,1984.0000,1984.0000,1984.0000,1984.0000,1984.0000,1984.0000,1984.0000,1984.0000,1984.0000,1984.0000,1984.0000,1984.0000,1984.0000
2024-11-08 11:47:05, , , ,23.1000,1984.0000,1984.0000,1984.0000,1984.0000,1984.0000,1984.0000,1984.0000,1984.0000,1984.0000,1984.0000,1984.0000,1984.0000,1984.0000,1984.0000
2024-11-08 11:47:05, , , ,23.1000,1984.0000,1984.0000,1984.0000,1984.0000,1984.0000,1984.0000,1984.0000,1984.0000,1984.0000,1984.0000,1984.0000,1984.0000,1984.0000,1984.0000
2024-11-08 11:47:05, , , ,23.1000,1984.0000,1984.0000,1984.0000,1984.0000,1984.0000,1984.0000,1984.0000,1984.0000,1984.0000,1984.0000,1984.0000,1984.0000,1984.0000,1984.0000
2024-11-08 11:47:05, , , ,23.1000,1984.0000,1984.0000,1984.0000,1984.0000,1984.0000,1984.0000,1984.0000,1984.0000,1984.0000,1984.0000,1984.0000,1984.0000,1984.0000,1984.0000
2024-11-08 11:47:06, , , ,23.1000,1984.0000,1984.0000,1984.0000,1984.0000,1984.0000,1984.0000,1984.0000,1984.0000,1984.0000,1984.0000,1984.0000,1984.0000,1984.0000,1984.0000
2024-11-08 11:47:06, , , ,23.1000,1984.0000,1984.0000,1984.0000,1984.0000,1984.0000,1984.0000,1984.0000,1984.0000,1984.0000,1984.0000,1984.0000,1984.0000,1984.0000,1984.0000
2024-11-08 11:47:06, , , ,23.0000,1984.0000,1984.0000,1984.0000,1984.0000,1984.0000,1984.0000,1984.0000,1984.0000,1984.0000,1984.0000,1984.0000,1984.0000,1984.0000,1984.0000
2024-11-08 11:47:06, , , ,23.0000,1984.0000,1984.0000,1984.0000,1984.0000,1984.0000,1984.0000,1984.0000,1984.0000,1984.0000,1984.0000,1984.0000,1984.0000,1984.0000,1984.0000
2024-11-08 11:47:06, , , ,23.0000,1984.0000,1984.0000,1984.0000,1984.0000,1984.0000,1984.0000,1984.0000,1984.0000,1984.0000,1984.0000,1984.0000,1984.0000,1984.0000,1984.0000
2024-11-08 11:47:06, , , ,23.0000,1984.0000,1984.0000,1984.0000,1984.0000,1984.0000,1984.0000,1984.0000,1984.0000,1984.0000,1984.0000,1984.0000,1984.0000,1984.0000,1984.0000
2024-11-08 11:47:07, , , ,23.0000,1984.0000,1984.0000,1984.0000,1984.0000,1984.0000,1984.0000,1984.0000,1984.0000,1984.0000,1984.0000,1984.0000,1984.0000,1984.0000,1984.0000
2024-11-08 11:47:07, , , ,23.0000,1984.0000,1984.0000,1984.0000,1984.0000,1984.0000,1984.0000,1984.0000,1984.0000,1984.0000,1984.0000,1984.0000,1984.0000,1984.0000,1984.0000
2024-11-08 11:47:07, , , ,23.0000,1984.0000,1984.0000,1984.0000,1984.0000,1984.0000,1984.0000,1984.0000,1984.0000,1984.0000,1984.0000,1984.0000,1984.0000,1984.0000,1984.0000
2024-11-08 11:47:07, , , ,23.0000,1984.0000,1984.0000,1984.0000,1984.0000,1984.0000,1984.0000,1984.0000,1984.0000,1984.0000,1984.0000,1984.0000,1984.0000,1984.0000,1984.0000
2024-11-08 11:47:07, , , ,23.0000,1984.0000,1984.0000,1984.0000,1984.0000,1984.0000,1984.0000,1984.0000,1984.0000,1984.0000,1984.0000,1984.0000,1984.0000,1984.0000,1984.0000
2024-11-08 11:47:07, , , ,23.0000,1984.0000,1984.0000,1984.0000,1984.0000,1984.0000,1984.0000,1984.0000,1984.0000,1984.0000,1984.0000,1984.0000,1984.0000,1984.0000,1984.0000
2024-11-08 11:47:08, , , ,23.0000,1984.0000,1984.0000,1984.0000,1984.0000,1984.0000,1984.0000,1984.0000,1984.0000,1984.0000,1984.0000,1984.0000,1984.0000,1984.0000,1984.0000
2024-11-08 11:47:08, , , ,23.0000,1984.0000,1984.0000,1984.0000,1984.0000,1984.0000,1984.0000,1984.0000,1984.0000,1984.0000,1984.0000,1984.0000,1984.0000,1984.0000,1984.0000
2024-11-08 11:47:08, , , ,23.0000,1984.0000,1984.0000,1984.0000,1984.0000,1984.0000,1984.0000,1984.0000,1984.0000,1984.0000,1984.0000,1984.0000,1984.0000,1984.0000,1984.0000
2024-11-08 11:47:08, , , ,23.0000,1984.0000,1984.0000,1984.0000,1984.0000,1984.0000,1984.0000,1984.0000,1984.0000,1984.0000,1984.0000,1984.0000,1984.0000,1984.0000,1984.0000
2024-11-08 11:47:08, , , ,23.1000,1984.0000,1984.0000,1984.0000,1984.0000,1984.0000,1984.0000,1984.0000,1984.0000,1984.0000,1984.0000,1984.0000,1984.0000,1984.0000,1984.0000
2024-11-08 11:47:08, , , ,23.1000,1984.0000,1984.0000,1984.0000,1984.0000,1984.0000,1984.0000,1984.0000,1984.0000,1984.0000,1984.0000,1984.0000,1984.0000,1984.0000,1984.0000
2024-11-08 11:47:09, , , ,23.1000,1984.0000,1984.0000,1984.0000,1984.0000,1984.0000,1984.0000,1984.0000,1984.0000,1984.0000,1984.0000,1984.0000,1984.0000,1984.0000,1984.0000
2024-11-08 11:47:09, , , ,23.1000,1984.0000,1984.0000,1984.0000,1984.0000,1984.0000,1984.0000,1984.0000,1984.0000,1984.0000,1984.0000,1984.0000,1984.0000,1984.0000,1984.0000
2024-11-08 11:47:09, , , ,23.1000,1984.0000,1984.0000,1984.0000,1984.0000,1984.0000,1984.0000,1984.0000,1984.0000,1984.0000,1984.0000,1984.0000,1984.0000,1984.0000,1984.0000
2024-11-08 11:47:09, , , ,23.1000,1984.0000,1984.0000,1984.0000,1984.0000,1984.0000,1984.0000,1984.0000,1984.0000,1984.0000,1984.0000,1984.0000,1984.0000,1984.0000,1984.0000
2024-11-08 11:47:09, , , ,23.1000,1984.0000,1984.0000,1984.0000,1984.0000,1984.0000,1984.0000,1984.0000,1984.0000,1984.0000,1984.0000,1984.0000,1984.0000,1984.0000,1984.0000
2024-11-08 11:47:09, , , ,23.1000,1984.0000,1984.0000,1984.0000,1984.0000,1984.0000,1984.0000,1984.0000,1984.0000,1984.0000,1984.0000,1984.0000,1984.0000,1984.0000,1984.0000
2024-11-08 11:47:10, , , ,23.1000,1984.0000,1984.0000,1984.0000,1984.0000,1984.0000,1984.0000,1984.0000,1984.0000,1984.0000,1984.0000,1984.0000,1984.0000,1984.0000,1984.0000
2024-11-08 11:47:10, , , ,23.1000,1984.0000,1984.0000,1984.0000,1984.0000,1984.0000,1984.0000,1984.0000,1984.0000,1984.0000,1984.0000,1984.0000,1984.0000,1984.0000,1984.0000
2024-11-08 11:47:10, , , ,23.0000,1984.0000,1984.0000,1984.0000,1984.0000,1984.0000,1984.0000,1984.0000,1984.0000,1984.0000,1984.0000,1984.0000,1984.0000,1984.0000,1984.0000
2024-11-08 11:47:10, , , ,23.1000,1984.0000,1984.0000,1984.0000,1984.0000,1984.0000,1984.0000,1984.0000,1984.0000,1984.0000,1984.0000,1984.0000,1984.0000,1984.0000,1984.0000
2024-11-08 11:47:10, , , ,23.0000,1984.0000,1984.0000,1984.0000,1984.0000,1984.0000,1984.0000,1984.0000,1984.0000,1984.0000,1984.0000,1984.0000,1984.0000,1984.0000,1984.0000
2024-11-08 11:47:10, , , ,23.1000,1984.0000,1984.0000,1984.0000,1984.0000,1984.0000,1984.0000,1984.0000,1984.0000,1984.0000,1984.0000,1984.0000,1984.0000,1984.0000,1984.0000
2024-11-08 11:47:11, , , ,23.1000,1984.0000,1984.0000,1984.0000,1984.0000,1984.0000,1984.0000,1984.0000,1984.0000,1984.0000,1984.0000,1984.0000,1984.0000,1984.0000,1984.0000
2024-11-08 11:47:11, , , ,23.1000,1984.0000,1984.0000,1984.0000,1984.0000,1984.0000,1984.0000,1984.0000,1984.0000,1984.0000,1984.0000,1984.0000,1984.0000,1984.0000,1984.0000
2024-11-08 11:47:11, , , ,23.1000,1984.0000,1984.0000,1984.0000,1984.0000,1984.0000,1984.0000,1984.0000,1984.0000,1984.0000,1984.0000,1984.0000,1984.0000,1984.0000,1984.0000
2024-11-08 11:47:11, , , ,23.1000,1984.0000,1984.0000,1984.0000,1984.0000,1984.0000,1984.0000,1984.0000,1984.0000,1984.0000,1984.0000,1984.0000,1984.0000,1984.0000,1984.0000
2024-11-08 11:47:11, , , ,23.0000,1984.0000,1984.0000,1984.0000,1984.0000,1984.0000,1984.0000,1984.0000,1984.0000,1984.0000,1984.0000,1984.0000,1984.0000,1984.0000,1984.0000
2024-11-08 11:47:11, , , ,23.0000,1984.0000,1984.0000,1984.0000,1984.0000,1984.0000,1984.0000,1984.0000,1984.0000,1984.0000,1984.0000,1984.0000,1984.0000,1984.0000,1984.0000
2024-11-08 11:47:12, , , ,23.0000,1984.0000,1984.0000,1984.0000,1984.0000,1984.0000,1984.0000,1984.0000,1984.0000,1984.0000,1984.0000,1984.0000,1984.0000,1984.0000,1984.0000
2024-11-08 11:47:12, , , ,23.0000,1984.0000,1984.0000,1984.0000,1984.0000,1984.0000,1984.0000,1984.0000,1984.0000,1984.0000,1984.0000,1984.0000,1984.0000,1984.0000,1984.0000
2024-11-08 11:47:12, , , ,23.0000,1984.0000,1984.0000,1984.0000,1984.0000,1984.0000,1984.0000,1984.0000,1984.0000,1984.0000,1984.0000,1984.0000,1984.0000,1984.0000,1984.0000
2024-11-08 11:47:12, , , ,23.0000,1984.0000,1984.0000,1984.0000,1984.0000,1984.0000,1984.0000,1984.0000,1984.0000,1984.0000,1984.0000,1984.0000,1984.0000,1984.0000,1984.0000
2024-11-08 11:47:12, , , ,23.0000,1984.0000,1984.0000,1984.0000,1984.0000,1984.0000,1984.0000,1984.0000,1984.0000,1984.0000,1984.0000,1984.0000,1984.0000,1984.0000,1984.0000
2024-11-08 11:47:12, , , ,23.0000,1984.0000,1984.0000,1984.0000,1984.0000,1984.0000,1984.0000,1984.0000,1984.0000,1984.0000,1984.0000,1984.0000,1984.0000,1984.0000,1984.0000
2024-11-08 11:47:13, , , ,23.0000,1984.0000,1984.0000,1984.0000,1984.0000,1984.0000,1984.0000,1984.0000,1984.0000,1984.0000,1984.0000,1984.0000,1984.0000,1984.0000,1984.0000
2024-11-08 11:47:13, , , ,23.0000,1984.0000,1984.0000,1984.0000,1984.0000,1984.0000,1984.0000,1984.0000,1984.0000,1984.0000,1984.0000,1984.0000,1984.0000,1984.0000,1984.0000
2024-11-08 11:47:13, , , ,23.0000,1984.0000,1984.0000,1984.0000,1984.0000,1984.0000,1984.0000,1984.0000,1984.0000,1984.0000,1984.0000,1984.0000,1984.0000,1984.0000,1984.0000
2024-11-08 11:47:13, , , ,23.0000,1984.0000,1984.0000,1984.0000,1984.0000,1984.0000,1984.0000,1984.0000,1984.0000,1984.0000,1984.0000,1984.0000,1984.0000,1984.0000,1984.0000
2024-11-08 11:47:13, , , ,23.0000,1984.0000,1984.0000,1984.0000,1984.0000,1984.0000,1984.0000,1984.0000,1984.0000,1984.0000,1984.0000,1984.0000,1984.0000,1984.0000,1984.0000
2024-11-08 11:47:13, , , ,23.0000,1984.0000,1984.0000,1984.0000,1984.0000,1984.0000,1984.0000,1984.0000,1984.0000,1984.0000,1984.0000,1984.0000,1984.0000,1984.0000,1984.0000
2024-11-08 11:47:14, , , ,23.0000,1984.0000,1984.0000,1984.0000,1984.0000,1984.0000,1984.0000,1984.0000,1984.0000,1984.0000,1984.0000,1984.0000,1984.0000,1984.0000,1984.0000
2024-11-08 11:47:14, , , ,23.0000,1984.0000,1984.0000,1984.0000,1984.0000,1984.0000,1984.0000,1984.0000,1984.0000,1984.0000,1984.0000,1984.0000,1984.0000,1984.0000,1984.0000
2024-11-08 11:47:14, , , ,23.0000,1984.0000,1984.0000,1984.0000,1984.0000,1984.0000,1984.0000,1984.0000,1984.0000,1984.0000,1984.0000,1984.0000,1984.0000,1984.0000,1984.0000
2024-11-08 11:47:14, , , ,23.0000,1984.0000,1984.0000,1984.0000,1984.0000,1984.0000,1984.0000,1984.0000,1984.0000,1984.0000,1984.0000,1984.0000,1984.0000,1984.0000,1984.0000
2024-11-08 11:47:14, , , ,23.0000,1984.0000,1984.0000,1984.0000,1984.0000,1984.0000,1984.0000,1984.0000,1984.0000,1984.0000,1984.0000,1984.0000,1984.0000,1984.0000,1984.0000
2024-11-08 11:47:14, , , ,23.0000,1984.0000,1984.0000,1984.0000,1984.0000,1984.0000,1984.0000,1984.0000,1984.0000,1984.0000,1984.0000,1984.0000,1984.0000,1984.0000,1984.0000
2024-11-08 11:47:15, , , ,23.0000,1984.0000,1984.0000,1984.0000,1984.0000,1984.0000,1984.0000,1984.0000,1984.0000,1984.0000,1984.0000,1984.0000,1984.0000,1984.0000,1984.0000
2024-11-08 11:47:15, , , ,23.0000,1984.0000,1984.0000,1984.0000,1984.0000,1984.0000,1984.0000,1984.0000,1984.0000,1984.0000,1984.0000,1984.0000,1984.0000,1984.0000,1984.0000
2024-11-08 11:47:15, , , ,23.0000,1984.0000,1984.0000,1984.0000,1984.0000,1984.0000,1984.0000,1984.0000,1984.0000,1984.0000,1984.0000,1984.0000,1984.0000,1984.0000,1984.0000
2024-11-08 11:47:15, , , ,23.0000,1984.0000,1984.0000,1984.0000,1984.0000,1984.0000,1984.0000,1984.0000,1984.0000,1984.0000,1984.0000,1984.0000,1984.0000,1984.0000,1984.0000
2024-11-08 11:47:15, , , ,23.0000,1984.0000,1984.0000,1984.0000,1984.0000,1984.0000,1984.0000,1984.0000,1984.0000,1984.0000,1984.0000,1984.0000,1984.0000,1984.0000,1984.0000
2024-11-08 11:47:15, , , ,23.0000,1984.0000,1984.0000,1984.0000,1984.0000,1984.0000,1984.0000,1984.0000,1984.0000,1984.0000,1984.0000,1984.0000,1984.0000,1984.0000,1984.0000
2024-11-08 11:47:16, , , ,23.1000,1984.0000,1984.0000,1984.0000,1984.0000,1984.0000,1984.0000,1984.0000,1984.0000,1984.0000,1984.0000,1984.0000,1984.0000,1984.0000,1984.0000
2024-11-08 11:47:16, , , ,23.1000,1984.0000,1984.0000,1984.0000,1984.0000,1984.0000,1984.0000,1984.0000,1984.0000,1984.0000,1984.0000,1984.0000,1984.0000,1984.0000,1984.0000
2024-11-08 11:47:16, , , ,23.1000,1984.0000,1984.0000,1984.0000,1984.0000,1984.0000,1984.0000,1984.0000,1984.0000,1984.0000,1984.0000,1984.0000,1984.0000,1984.0000,1984.0000
2024-11-08 11:47:16, , , ,23.1000,1984.0000,1984.0000,1984.0000,1984.0000,1984.0000,1984.0000,1984.0000,1984.0000,1984.0000,1984.0000,1984.0000,1984.0000,1984.0000,1984.0000
2024-11-08 11:47:16, , , ,23.0000,1984.0000,1984.0000,1984.0000,1984.0000,1984.0000,1984.0000,1984.0000,1984.0000,1984.0000,1984.0000,1984.0000,1984.0000,1984.0000,1984.0000
2024-11-08 11:47:16, , , ,23.0000,1984.0000,1984.0000,1984.0000,1984.0000,1984.0000,1984.0000,1984.0000,1984.0000,1984.0000,1984.0000,1984.0000,1984.0000,1984.0000,1984.0000
2024-11-08 11:47:17, , , ,23.0000,1984.0000,1984.0000,1984.0000,1984.0000,1984.0000,1984.0000,1984.0000,1984.0000,1984.0000,1984.0000,1984.0000,1984.0000,1984.0000,1984.0000
2024-11-08 11:47:17, , , ,23.1000,1984.0000,1984.0000,1984.0000,1984.0000,1984.0000,1984.0000,1984.0000,1984.0000,1984.0000,1984.0000,1984.0000,1984.0000,1984.0000,1984.0000
2024-11-08 11:47:17, , , ,23.1000,1984.0000,1984.0000,1984.0000,1984.0000,1984.0000,1984.0000,1984.0000,1984.0000,1984.0000,1984.0000,1984.0000,1984.0000,1984.0000,1984.0000
2024-11-08 11:47:17, , , ,23.1000,1984.0000,1984.0000,1984.0000,1984.0000,1984.0000,1984.0000,1984.0000,1984.0000,1984.0000,1984.0000,1984.0000,1984.0000,1984.0000,1984.0000
2024-11-08 11:47:17, , , ,23.1000,1984.0000,1984.0000,1984.0000,1984.0000,1984.0000,1984.0000,1984.0000,1984.0000,1984.0000,1984.0000,1984.0000,1984.0000,1984.0000,1984.0000
2024-11-08 11:47:17, , , ,23.1000,1984.0000,1984.0000,1984.0000,1984.0000,1984.0000,1984.0000,1984.0000,1984.0000,1984.0000,1984.0000,1984.0000,1984.0000,1984.0000,1984.0000
2024-11-08 11:47:18, , , ,23.1000,1984.0000,1984.0000,1984.0000,1984.0000,1984.0000,1984.0000,1984.0000,1984.0000,1984.0000,1984.0000,1984.0000,1984.0000,1984.0000,1984.0000
2024-11-08 11:47:18, , , ,23.1000,1984.0000,1984.0000,1984.0000,1984.0000,1984.0000,1984.0000,1984.0000,1984.0000,1984.0000,1984.0000,1984.0000,1984.0000,1984.0000,1984.0000
2024-11-08 11:47:18, , , ,23.1000,1984.0000,1984.0000,1984.0000,1984.0000,1984.0000,1984.0000,1984.0000,1984.0000,1984.0000,1984.0000,1984.0000,1984.0000,1984.0000,1984.0000
2024-11-08 11:47:18, , , ,23.0000,1984.0000,1984.0000,1984.0000,1984.0000,1984.0000,1984.0000,1984.0000,1984.0000,1984.0000,1984.0000,1984.0000,1984.0000,1984.0000,1984.0000
2024-11-08 11:47:18, , , ,23.1000,1984.0000,1984.0000,1984.0000,1984.0000,1984.0000,1984.0000,1984.0000,1984.0000,1984.0000,1984.0000,1984.0000,1984.0000,1984.0000,1984.0000
2024-11-08 11:47:18, , , ,23.1000,1984.0000,1984.0000,1984.0000,1984.0000,1984.0000,1984.0000,1984.0000,1984.0000,1984.0000,1984.0000,1984.0000,1984.0000,1984.0000,1984.0000
2024-11-08 11:47:19, , , ,23.1000,1984.0000,1984.0000,1984.0000,1984.0000,1984.0000,1984.0000,1984.0000,1984.0000,1984.0000,1984.0000,1984.0000,1984.0000,1984.0000,1984.0000
2024-11-08 11:47:19, , , ,23.1000,1984.0000,1984.0000,1984.0000,1984.0000,1984.0000,1984.0000,1984.0000,1984.0000,1984.0000,1984.0000,1984.0000,1984.0000,1984.0000,1984.0000
2024-11-08 11:47:19, , , ,23.1000,1984.0000,1984.0000,1984.0000,1984.0000,1984.0000,1984.0000,1984.0000,1984.0000,1984.0000,1984.0000,1984.0000,1984.0000,1984.0000,1984.0000
2024-11-08 11:47:19, , , ,23.1000,1984.0000,1984.0000,1984.0000,1984.0000,1984.0000,1984.0000,1984.0000,1984.0000,1984.0000,1984.0000,1984.0000,1984.0000,1984.0000,1984.0000
2024-11-08 11:47:19, , , ,23.0000,1984.0000,1984.0000,1984.0000,1984.0000,1984.0000,1984.0000,1984.0000,1984.0000,1984.0000,1984.0000,1984.0000,1984.0000,1984.0000,1984.0000
2024-11-08 11:47:19, , , ,23.0000,1984.0000,1984.0000,1984.0000,1984.0000,1984.0000,1984.0000,1984.0000,1984.0000,1984.0000,1984.0000,1984.0000,1984.0000,1984.0000,1984.0000
2024-11-08 11:47:20, , , ,23.0000,1984.0000,1984.0000,1984.0000,1984.0000,1984.0000,1984.0000,1984.0000,1984.0000,1984.0000,1984.0000,1984.0000,1984.0000,1984.0000,1984.0000
2024-11-08 11:47:20, , , ,23.0000,1984.0000,1984.0000,1984.0000,1984.0000,1984.0000,1984.0000,1984.0000,1984.0000,1984.0000,1984.0000,1984.0000,1984.0000,1984.0000,1984.0000
2024-11-08 11:47:20, , , ,23.0000,1984.0000,1984.0000,1984.0000,1984.0000,1984.0000,1984.0000,1984.0000,1984.0000,1984.0000,1984.0000,1984.0000,1984.0000,1984.0000,1984.0000
2024-11-08 11:47:20, , , ,23.0000,1984.0000,1984.0000,1984.0000,1984.0000,1984.0000,1984.0000,1984.0000,1984.0000,1984.0000,1984.0000,1984.0000,1984.0000,1984.0000,1984.0000
2024-11-08 11:47:20, , , ,23.0000,1984.0000,1984.0000,1984.0000,1984.0000,1984.0000,1984.0000,1984.0000,1984.0000,1984.0000,1984.0000,1984.0000,1984.0000,1984.0000,1984.0000
2024-11-08 11:47:20, , , ,23.1000,1984.0000,1984.0000,1984.0000,1984.0000,1984.0000,1984.0000,1984.0000,1984.0000,1984.0000,1984.0000,1984.0000,1984.0000,1984.0000,1984.0000
2024-11-08 11:47:21, , , ,23.1000,1984.0000,1984.0000,1984.0000,1984.0000,1984.0000,1984.0000,1984.0000,1984.0000,1984.0000,1984.0000,1984.0000,1984.0000,1984.0000,1984.0000
2024-11-08 11:47:21, , , ,23.1000,1984.0000,1984.0000,1984.0000,1984.0000,1984.0000,1984.0000,1984.0000,1984.0000,1984.0000,1984.0000,1984.0000,1984.0000,1984.0000,1984.0000
2024-11-08 11:47:21, , , ,23.1000,1984.0000,1984.0000,1984.0000,1984.0000,1984.0000,1984.0000,1984.0000,1984.0000,1984.0000,1984.0000,1984.0000,1984.0000,1984.0000,1984.0000
2024-11-08 11:47:21, , , ,23.1000,1984.0000,1984.0000,1984.0000,1984.0000,1984.0000,1984.0000,1984.0000,1984.0000,1984.0000,1984.0000,1984.0000,1984.0000,1984.0000,1984.0000
2024-11-08 11:47:21, , , ,23.1000,1984.0000,1984.0000,1984.0000,1984.0000,1984.0000,1984.0000,1984.0000,1984.0000,1984.0000,1984.0000,1984.0000,1984.0000,1984.0000,1984.0000
2024-11-08 11:47:21, , , ,23.1000,1984.0000,1984.0000,1984.0000,1984.0000,1984.0000,1984.0000,1984.0000,1984.0000,1984.0000,1984.0000,1984.0000,1984.0000,1984.0000,1984.0000
2024-11-08 11:47:22, , , ,23.1000,1984.0000,1984.0000,1984.0000,1984.0000,1984.0000,1984.0000,1984.0000,1984.0000,1984.0000,1984.0000,1984.0000,1984.0000,1984.0000,1984.0000
2024-11-08 11:47:22, , , ,23.1000,1984.0000,1984.0000,1984.0000,1984.0000,1984.0000,1984.0000,1984.0000,1984.0000,1984.0000,1984.0000,1984.0000,1984.0000,1984.0000,1984.0000
2024-11-08 11:47:22, , , ,23.1000,1984.0000,1984.0000,1984.0000,1984.0000,1984.0000,1984.0000,1984.0000,1984.0000,1984.0000,1984.0000,1984.0000,1984.0000,1984.0000,1984.0000
2024-11-08 11:47:22, , , ,23.0000,1984.0000,1984.0000,1984.0000,1984.0000,1984.0000,1984.0000,1984.0000,1984.0000,1984.0000,1984.0000,1984.0000,1984.0000,1984.0000,1984.0000
2024-11-08 11:47:22, , , ,23.1000,1984.0000,1984.0000,1984.0000,1984.0000,1984.0000,1984.0000,1984.0000,1984.0000,1984.0000,1984.0000,1984.0000,1984.0000,1984.0000,1984.0000
2024-11-08 11:47:22, , , ,23.1000,1984.0000,1984.0000,1984.0000,1984.0000,1984.0000,1984.0000,1984.0000,1984.0000,1984.0000,1984.0000,1984.0000,1984.0000,1984.0000,1984.0000
2024-11-08 11:47:23, , , ,23.1000,1984.0000,1984.0000,1984.0000,1984.0000,1984.0000,1984.0000,1984.0000,1984.0000,1984.0000,1984.0000,1984.0000,1984.0000,1984.0000,1984.0000
2024-11-08 11:47:23, , , ,23.0000,1984.0000,1984.0000,1984.0000,1984.0000,1984.0000,1984.0000,1984.0000,1984.0000,1984.0000,1984.0000,1984.0000,1984.0000,1984.0000,1984.0000
2024-11-08 11:47:23, , , ,23.0000,1984.0000,1984.0000,1984.0000,1984.0000,1984.0000,1984.0000,1984.0000,1984.0000,1984.0000,1984.0000,1984.0000,1984.0000,1984.0000,1984.0000
2024-11-08 11:47:23, , , ,23.1000,1984.0000,1984.0000,1984.0000,1984.0000,1984.0000,1984.0000,1984.0000,1984.0000,1984.0000,1984.0000,1984.0000,1984.0000,1984.0000,1984.0000
2024-11-08 11:47:23, , , ,23.1000,1984.0000,1984.0000,1984.0000,1984.0000,1984.0000,1984.0000,1984.0000,1984.0000,1984.0000,1984.0000,1984.0000,1984.0000,1984.0000,1984.0000
2024-11-08 11:47:23, , , ,23.1000,1984.0000,1984.0000,1984.0000,1984.0000,1984.0000,1984.0000,1984.0000,1984.0000,1984.0000,1984.0000,1984.0000,1984.0000,1984.0000,1984.0000
2024-11-08 11:47:24, , , ,23.1000,1984.0000,1984.0000,1984.0000,1984.0000,1984.0000,1984.0000,1984.0000,1984.0000,1984.0000,1984.0000,1984.0000,1984.0000,1984.0000,1984.0000
2024-11-08 11:47:24, , , ,23.0000,1984.0000,1984.0000,1984.0000,1984.0000,1984.0000,1984.0000,1984.0000,1984.0000,1984.0000,1984.0000,1984.0000,1984.0000,1984.0000,1984.0000
2024-11-08 11:47:24, , , ,23.0000,1984.0000,1984.0000,1984.0000,1984.0000,1984.0000,1984.0000,1984.0000,1984.0000,1984.0000,1984.0000,1984.0000,1984.0000,1984.0000,1984.0000
2024-11-08 11:47:24, , , ,23.0000,1984.0000,1984.0000,1984.0000,1984.0000,1984.0000,1984.0000,1984.0000,1984.0000,1984.0000,1984.0000,1984.0000,1984.0000,1984.0000,1984.0000
2024-11-08 11:47:24, , , ,23.0000,1984.0000,1984.0000,1984.0000,1984.0000,1984.0000,1984.0000,1984.0000,1984.0000,1984.0000,1984.0000,1984.0000,1984.0000,1984.0000,1984.0000
2024-11-08 11:47:24, , , ,23.1000,1984.0000,1984.0000,1984.0000,1984.0000,1984.0000,1984.0000,1984.0000,1984.0000,1984.0000,1984.0000,1984.0000,1984.0000,1984.0000,1984.0000
2024-11-08 11:47:25, , , ,23.1000,1984.0000,1984.0000,1984.0000,1984.0000,1984.0000,1984.0000,1984.0000,1984.0000,1984.0000,1984.0000,1984.0000,1984.0000,1984.0000,1984.0000
2024-11-08 11:47:25, , , ,23.1000,1984.0000,1984.0000,1984.0000,1984.0000,1984.0000,1984.0000,1984.0000,1984.0000,1984.0000,1984.0000,1984.0000,1984.0000,1984.0000,1984.0000
2024-11-08 11:47:25, , , ,23.1000,1984.0000,1984.0000,1984.0000,1984.0000,1984.0000,1984.0000,1984.0000,1984.0000,1984.0000,1984.0000,1984.0000,1984.0000,1984.0000,1984.0000
2024-11-08 11:47:25, , , ,23.1000,1984.0000,1984.0000,1984.0000,1984.0000,1984.0000,1984.0000,1984.0000,1984.0000,1984.0000,1984.0000,1984.0000,1984.0000,1984.0000,1984.0000
2024-11-08 11:47:25, , , ,23.1000,1984.0000,1984.0000,1984.0000,1984.0000,1984.0000,1984.0000,1984.0000,1984.0000,1984.0000,1984.0000,1984.0000,1984.0000,1984.0000,1984.0000
2024-11-08 11:47:25, , , ,23.1000,1984.0000,1984.0000,1984.0000,1984.0000,1984.0000,1984.0000,1984.0000,1984.0000,1984.0000,1984.0000,1984.0000,1984.0000,1984.0000,1984.0000
2024-11-08 11:47:26, , , ,23.1000,1984.0000,1984.0000,1984.0000,1984.0000,1984.0000,1984.0000,1984.0000,1984.0000,1984.0000,1984.0000,1984.0000,1984.0000,1984.0000,1984.0000
2024-11-08 11:47:26, , , ,23.1000,1984.0000,1984.0000,1984.0000,1984.0000,1984.0000,1984.0000,1984.0000,1984.0000,1984.0000,1984.0000,1984.0000,1984.0000,1984.0000,1984.0000
2024-11-08 11:47:26, , , ,23.0000,1984.0000,1984.0000,1984.0000,1984.0000,1984.0000,1984.0000,1984.0000,1984.0000,1984.0000,1984.0000,1984.0000,1984.0000,1984.0000,1984.0000
2024-11-08 11:47:26, , , ,23.0000,1984.0000,1984.0000,1984.0000,1984.0000,1984.0000,1984.0000,1984.0000,1984.0000,1984.0000,1984.0000,1984.0000,1984.0000,1984.0000,1984.0000
2024-11-08 11:47:26, , , ,23.1000,1984.0000,1984.0000,1984.0000,1984.0000,1984.0000,1984.0000,1984.0000,1984.0000,1984.0000,1984.0000,1984.0000,1984.0000,1984.0000,1984.0000
2024-11-08 11:47:26, , , ,23.0000,1984.0000,1984.0000,1984.0000,1984.0000,1984.0000,1984.0000,1984.0000,1984.0000,1984.0000,1984.0000,1984.0000,1984.0000,1984.0000,1984.0000
2024-11-08 11:47:27, , , ,23.0000,1984.0000,1984.0000,1984.0000,1984.0000,1984.0000,1984.0000,1984.0000,1984.0000,1984.0000,1984.0000,1984.0000,1984.0000,1984.0000,1984.0000
2024-11-08 11:47:27, , , ,23.0000,1984.0000,1984.0000,1984.0000,1984.0000,1984.0000,1984.0000,1984.0000,1984.0000,1984.0000,1984.0000,1984.0000,1984.0000,1984.0000,1984.0000
2024-11-08 11:47:27, , , ,23.0000,1984.0000,1984.0000,1984.0000,1984.0000,1984.0000,1984.0000,1984.0000,1984.0000,1984.0000,1984.0000,1984.0000,1984.0000,1984.0000,1984.0000
2024-11-08 11:47:27, , , ,23.0000,1984.0000,1984.0000,1984.0000,1984.0000,1984.0000,1984.0000,1984.0000,1984.0000,1984.0000,1984.0000,1984.0000,1984.0000,1984.0000,1984.0000
2024-11-08 11:47:27, , , ,23.0000,1984.0000,1984.0000,1984.0000,1984.0000,1984.0000,1984.0000,1984.0000,1984.0000,1984.0000,1984.0000,1984.0000,1984.0000,1984.0000,1984.0000
2024-11-08 11:47:27, , , ,23.1000,1984.0000,1984.0000,1984.0000,1984.0000,1984.0000,1984.0000,1984.0000,1984.0000,1984.0000,1984.0000,1984.0000,1984.0000,1984.0000,1984.0000
2024-11-08 11:47:28, , , ,23.1000,1984.0000,1984.0000,1984.0000,1984.0000,1984.0000,1984.0000,1984.0000,1984.0000,1984.0000,1984.0000,1984.0000,1984.0000,1984.0000,1984.0000
2024-11-08 11:47:28, , , ,23.1000,1984.0000,1984.0000,1984.0000,1984.0000,1984.0000,1984.0000,1984.0000,1984.0000,1984.0000,1984.0000,1984.0000,1984.0000,1984.0000,1984.0000
2024-11-08 11:47:28, , , ,23.1000,1984.0000,1984.0000,1984.0000,1984.0000,1984.0000,1984.0000,1984.0000,1984.0000,1984.0000,1984.0000,1984.0000,1984.0000,1984.0000,1984.0000
2024-11-08 11:47:28, , , ,23.1000,1984.0000,1984.0000,1984.0000,1984.0000,1984.0000,1984.0000,1984.0000,1984.0000,1984.0000,1984.0000,1984.0000,1984.0000,1984.0000,1984.0000
2024-11-08 11:47:28, , , ,23.1000,1984.0000,1984.0000,1984.0000,1984.0000,1984.0000,1984.0000,1984.0000,1984.0000,1984.0000,1984.0000,1984.0000,1984.0000,1984.0000,1984.0000
2024-11-08 11:47:28, , , ,23.1000,1984.0000,1984.0000,1984.0000,1984.0000,1984.0000,1984.0000,1984.0000,1984.0000,1984.0000,1984.0000,1984.0000,1984.0000,1984.0000,1984.0000
2024-11-08 11:47:29, , , ,23.1000,1984.0000,1984.0000,1984.0000,1984.0000,1984.0000,1984.0000,1984.0000,1984.0000,1984.0000,1984.0000,1984.0000,1984.0000,1984.0000,1984.0000
2024-11-08 11:47:29, , , ,23.1000,1984.0000,1984.0000,1984.0000,1984.0000,1984.0000,1984.0000,1984.0000,1984.0000,1984.0000,1984.0000,1984.0000,1984.0000,1984.0000,1984.0000
2024-11-08 11:47:29, , , ,23.1000,1984.0000,1984.0000,1984.0000,1984.0000,1984.0000,1984.0000,1984.0000,1984.0000,1984.0000,1984.0000,1984.0000,1984.0000,1984.0000,1984.0000
2024-11-08 11:47:29, , , ,23.1000,1984.0000,1984.0000,1984.0000,1984.0000,1984.0000,1984.0000,1984.0000,1984.0000,1984.0000,1984.0000,1984.0000,1984.0000,1984.0000,1984.0000
2024-11-08 11:47:29, , , ,23.1000,1984.0000,1984.0000,1984.0000,1984.0000,1984.0000,1984.0000,1984.0000,1984.0000,1984.0000,1984.0000,1984.0000,1984.0000,1984.0000,1984.0000
2024-11-08 11:47:29, , , ,23.1000,1984.0000,1984.0000,1984.0000,1984.0000,1984.0000,1984.0000,1984.0000,1984.0000,1984.0000,1984.0000,1984.0000,1984.0000,1984.0000,1984.0000
2024-11-08 11:47:30, , , ,23.1000,1984.0000,1984.0000,1984.0000,1984.0000,1984.0000,1984.0000,1984.0000,1984.0000,1984.0000,1984.0000,1984.0000,1984.0000,1984.0000,1984.0000
2024-11-08 11:47:30, , , ,23.1000,1984.0000,1984.0000,1984.0000,1984.0000,1984.0000,1984.0000,1984.0000,1984.0000,1984.0000,1984.0000,1984.0000,1984.0000,1984.0000,1984.0000
2024-11-08 11:47:30, , , ,23.1000,1984.0000,1984.0000,1984.0000,1984.0000,1984.0000,1984.0000,1984.0000,1984.0000,1984.0000,1984.0000,1984.0000,1984.0000,1984.0000,1984.0000
2024-11-08 11:47:30, , , ,23.1000,1984.0000,1984.0000,1984.0000,1984.0000,1984.0000,1984.0000,1984.0000,1984.0000,1984.0000,1984.0000,1984.0000,1984.0000,1984.0000,1984.0000
2024-11-08 11:47:30, , , ,23.1000,1984.0000,1984.0000,1984.0000,1984.0000,1984.0000,1984.0000,1984.0000,1984.0000,1984.0000,1984.0000,1984.0000,1984.0000,1984.0000,1984.0000
2024-11-08 11:47:30, , , ,23.1000,1984.0000,1984.0000,1984.0000,1984.0000,1984.0000,1984.0000,1984.0000,1984.0000,1984.0000,1984.0000,1984.0000,1984.0000,1984.0000,1984.0000
2024-11-08 11:47:31, , , ,23.1000,1984.0000,1984.0000,1984.0000,1984.0000,1984.0000,1984.0000,1984.0000,1984.0000,1984.0000,1984.0000,1984.0000,1984.0000,1984.0000,1984.0000
2024-11-08 11:47:31, , , ,23.1000,1984.0000,1984.0000,1984.0000,1984.0000,1984.0000,1984.0000,1984.0000,1984.0000,1984.0000,1984.0000,1984.0000,1984.0000,1984.0000,1984.0000
2024-11-08 11:47:31, , , ,23.1000,1984.0000,1984.0000,1984.0000,1984.0000,1984.0000,1984.0000,1984.0000,1984.0000,1984.0000,1984.0000,1984.0000,1984.0000,1984.0000,1984.0000
2024-11-08 11:47:31, , , ,23.1000,1984.0000,1984.0000,1984.0000,1984.0000,1984.0000,1984.0000,1984.0000,1984.0000,1984.0000,1984.0000,1984.0000,1984.0000,1984.0000,1984.0000
2024-11-08 11:47:31, , , ,23.1000,1984.0000,1984.0000,1984.0000,1984.0000,1984.0000,1984.0000,1984.0000,1984.0000,1984.0000,1984.0000,1984.0000,1984.0000,1984.0000,1984.0000
2024-11-08 11:47:31, , , ,23.1000,1984.0000,1984.0000,1984.0000,1984.0000,1984.0000,1984.0000,1984.0000,1984.0000,1984.0000,1984.0000,1984.0000,1984.0000,1984.0000,1984.0000
2024-11-08 11:47:32, , , ,23.1000,1984.0000,1984.0000,1984.0000,1984.0000,1984.0000,1984.0000,1984.0000,1984.0000,1984.0000,1984.0000,1984.0000,1984.0000,1984.0000,1984.0000
2024-11-08 11:47:32, , , ,23.1000,1984.0000,1984.0000,1984.0000,1984.0000,1984.0000,1984.0000,1984.0000,1984.0000,1984.0000,1984.0000,1984.0000,1984.0000,1984.0000,1984.0000
2024-11-08 11:47:32, , , ,23.1000,1984.0000,1984.0000,1984.0000,1984.0000,1984.0000,1984.0000,1984.0000,1984.0000,1984.0000,1984.0000,1984.0000,1984.0000,1984.0000,1984.0000
2024-11-08 11:47:32, , , ,23.1000,1984.0000,1984.0000,1984.0000,1984.0000,1984.0000,1984.0000,1984.0000,1984.0000,1984.0000,1984.0000,1984.0000,1984.0000,1984.0000,1984.0000
2024-11-08 11:47:32, , , ,23.1000,1984.0000,1984.0000,1984.0000,1984.0000,1984.0000,1984.0000,1984.0000,1984.0000,1984.0000,1984.0000,1984.0000,1984.0000,1984.0000,1984.0000
2024-11-08 11:47:32, , , ,23.1000,1984.0000,1984.0000,1984.0000,1984.0000,1984.0000,1984.0000,1984.0000,1984.0000,1984.0000,1984.0000,1984.0000,1984.0000,1984.0000,1984.0000
2024-11-08 11:47:33, , , ,23.1000,1984.0000,1984.0000,1984.0000,1984.0000,1984.0000,1984.0000,1984.0000,1984.0000,1984.0000,1984.0000,1984.0000,1984.0000,1984.0000,1984.0000
2024-11-08 11:47:33, , , ,23.1000,1984.0000,1984.0000,1984.0000,1984.0000,1984.0000,1984.0000,1984.0000,1984.0000,1984.0000,1984.0000,1984.0000,1984.0000,1984.0000,1984.0000
2024-11-08 11:47:33, , , ,23.1000,1984.0000,1984.0000,1984.0000,1984.0000,1984.0000,1984.0000,1984.0000,1984.0000,1984.0000,1984.0000,1984.0000,1984.0000,1984.0000,1984.0000
2024-11-08 11:47:33, , , ,23.1000,1984.0000,1984.0000,1984.0000,1984.0000,1984.0000,1984.0000,1984.0000,1984.0000,1984.0000,1984.0000,1984.0000,1984.0000,1984.0000,1984.0000
2024-11-08 11:47:33, , , ,23.1000,1984.0000,1984.0000,1984.0000,1984.0000,1984.0000,1984.0000,1984.0000,1984.0000,1984.0000,1984.0000,1984.0000,1984.0000,1984.0000,1984.0000
2024-11-08 11:47:33, , , ,23.1000,1984.0000,1984.0000,1984.0000,1984.0000,1984.0000,1984.0000,1984.0000,1984.0000,1984.0000,1984.0000,1984.0000,1984.0000,1984.0000,1984.0000
2024-11-08 11:47:34, , , ,23.1000,1984.0000,1984.0000,1984.0000,1984.0000,1984.0000,1984.0000,1984.0000,1984.0000,1984.0000,1984.0000,1984.0000,1984.0000,1984.0000,1984.0000
2024-11-08 11:47:34, , , ,23.1000,1984.0000,1984.0000,1984.0000,1984.0000,1984.0000,1984.0000,1984.0000,1984.0000,1984.0000,1984.0000,1984.0000,1984.0000,1984.0000,1984.0000
2024-11-08 11:47:34, , , ,23.1000,1984.0000,1984.0000,1984.0000,1984.0000,1984.0000,1984.0000,1984.0000,1984.0000,1984.0000,1984.0000,1984.0000,1984.0000,1984.0000,1984.0000
2024-11-08 11:47:34, , , ,23.1000,1984.0000,1984.0000,1984.0000,1984.0000,1984.0000,1984.0000,1984.0000,1984.0000,1984.0000,1984.0000,1984.0000,1984.0000,1984.0000,1984.0000
2024-11-08 11:47:34, , , ,23.1000,1984.0000,1984.0000,1984.0000,1984.0000,1984.0000,1984.0000,1984.0000,1984.0000,1984.0000,1984.0000,1984.0000,1984.0000,1984.0000,1984.0000
2024-11-08 11:47:34, , , ,23.1000,1984.0000,1984.0000,1984.0000,1984.0000,1984.0000,1984.0000,1984.0000,1984.0000,1984.0000,1984.0000,1984.0000,1984.0000,1984.0000,1984.0000
2024-11-08 11:47:35, , , ,23.1000,1984.0000,1984.0000,1984.0000,1984.0000,1984.0000,1984.0000,1984.0000,1984.0000,1984.0000,1984.0000,1984.0000,1984.0000,1984.0000,1984.0000
2024-11-08 11:47:35, , , ,23.1000,1984.0000,1984.0000,1984.0000,1984.0000,1984.0000,1984.0000,1984.0000,1984.0000,1984.0000,1984.0000,1984.0000,1984.0000,1984.0000,1984.0000
2024-11-08 11:47:35, , , ,23.1000,1984.0000,1984.0000,1984.0000,1984.0000,1984.0000,1984.0000,1984.0000,1984.0000,1984.0000,1984.0000,1984.0000,1984.0000,1984.0000,1984.0000
2024-11-08 11:47:35, , , ,23.1000,1984.0000,1984.0000,1984.0000,1984.0000,1984.0000,1984.0000,1984.0000,1984.0000,1984.0000,1984.0000,1984.0000,1984.0000,1984.0000,1984.0000
2024-11-08 11:47:35, , , ,23.1000,1984.0000,1984.0000,1984.0000,1984.0000,1984.0000,1984.0000,1984.0000,1984.0000,1984.0000,1984.0000,1984.0000,1984.0000,1984.0000,1984.0000
2024-11-08 11:47:35, , , ,23.1000,1984.0000,1984.0000,1984.0000,1984.0000,1984.0000,1984.0000,1984.0000,1984.0000,1984.0000,1984.0000,1984.0000,1984.0000,1984.0000,1984.0000
2024-11-08 11:47:36, , , ,23.1000,1984.0000,1984.0000,1984.0000,1984.0000,1984.0000,1984.0000,1984.0000,1984.0000,1984.0000,1984.0000,1984.0000,1984.0000,1984.0000,1984.0000
2024-11-08 11:47:36, , , ,23.1000,1984.0000,1984.0000,1984.0000,1984.0000,1984.0000,1984.0000,1984.0000,1984.0000,1984.0000,1984.0000,1984.0000,1984.0000,1984.0000,1984.0000
2024-11-08 11:47:36, , , ,23.1000,1984.0000,1984.0000,1984.0000,1984.0000,1984.0000,1984.0000,1984.0000,1984.0000,1984.0000,1984.0000,1984.0000,1984.0000,1984.0000,1984.0000
2024-11-08 11:47:36, , , ,23.1000,1984.0000,1984.0000,1984.0000,1984.0000,1984.0000,1984.0000,1984.0000,1984.0000,1984.0000,1984.0000,1984.0000,1984.0000,1984.0000,1984.0000
2024-11-08 11:47:36, , , ,23.0000,1984.0000,1984.0000,1984.0000,1984.0000,1984.0000,1984.0000,1984.0000,1984.0000,1984.0000,1984.0000,1984.0000,1984.0000,1984.0000,1984.0000
2024-11-08 11:47:36, , , ,23.1000,1984.0000,1984.0000,1984.0000,1984.0000,1984.0000,1984.0000,1984.0000,1984.0000,1984.0000,1984.0000,1984.0000,1984.0000,1984.0000,1984.0000
2024-11-08 11:47:37, , , ,23.1000,1984.0000,1984.0000,1984.0000,1984.0000,1984.0000,1984.0000,1984.0000,1984.0000,1984.0000,1984.0000,1984.0000,1984.0000,1984.0000,1984.0000
2024-11-08 11:47:37, , , ,23.1000,1984.0000,1984.0000,1984.0000,1984.0000,1984.0000,1984.0000,1984.0000,1984.0000,1984.0000,1984.0000,1984.0000,1984.0000,1984.0000,1984.0000
2024-11-08 11:47:37, , , ,23.1000,1984.0000,1984.0000,1984.0000,1984.0000,1984.0000,1984.0000,1984.0000,1984.0000,1984.0000,1984.0000,1984.0000,1984.0000,1984.0000,1984.0000
2024-11-08 11:47:37, , , ,23.1000,1984.0000,1984.0000,1984.0000,1984.0000,1984.0000,1984.0000,1984.0000,1984.0000,1984.0000,1984.0000,1984.0000,1984.0000,1984.0000,1984.0000
2024-11-08 11:47:37, , , ,23.1000,1984.0000,1984.0000,1984.0000,1984.0000,1984.0000,1984.0000,1984.0000,1984.0000,1984.0000,1984.0000,1984.0000,1984.0000,1984.0000,1984.0000
2024-11-08 11:47:37, , , ,23.1000,1984.0000,1984.0000,1984.0000,1984.0000,1984.0000,1984.0000,1984.0000,1984.0000,1984.0000,1984.0000,1984.0000,1984.0000,1984.0000,1984.0000
2024-11-08 11:47:38, , , ,23.1000,1984.0000,1984.0000,1984.0000,1984.0000,1984.0000,1984.0000,1984.0000,1984.0000,1984.0000,1984.0000,1984.0000,1984.0000,1984.0000,1984.0000
2024-11-08 11:47:38, , , ,23.1000,1984.0000,1984.0000,1984.0000,1984.0000,1984.0000,1984.0000,1984.0000,1984.0000,1984.0000,1984.0000,1984.0000,1984.0000,1984.0000,1984.0000
2024-11-08 11:47:38, , , ,23.1000,1984.0000,1984.0000,1984.0000,1984.0000,1984.0000,1984.0000,1984.0000,1984.0000,1984.0000,1984.0000,1984.0000,1984.0000,1984.0000,1984.0000
2024-11-08 11:47:38, , , ,23.0000,1984.0000,1984.0000,1984.0000,1984.0000,1984.0000,1984.0000,1984.0000,1984.0000,1984.0000,1984.0000,1984.0000,1984.0000,1984.0000,1984.0000
2024-11-08 11:47:38, , , ,23.1000,1984.0000,1984.0000,1984.0000,1984.0000,1984.0000,1984.0000,1984.0000,1984.0000,1984.0000,1984.0000,1984.0000,1984.0000,1984.0000,1984.0000
2024-11-08 11:47:38, , , ,23.1000,1984.0000,1984.0000,1984.0000,1984.0000,1984.0000,1984.0000,1984.0000,1984.0000,1984.0000,1984.0000,1984.0000,1984.0000,1984.0000,1984.0000
2024-11-08 11:47:39, , , ,23.1000,1984.0000,1984.0000,1984.0000,1984.0000,1984.0000,1984.0000,1984.0000,1984.0000,1984.0000,1984.0000,1984.0000,1984.0000,1984.0000,1984.0000
2024-11-08 11:47:39, , , ,23.1000,1984.0000,1984.0000,1984.0000,1984.0000,1984.0000,1984.0000,1984.0000,1984.0000,1984.0000,1984.0000,1984.0000,1984.0000,1984.0000,1984.0000
2024-11-08 11:47:39, , , ,23.1000,1984.0000,1984.0000,1984.0000,1984.0000,1984.0000,1984.0000,1984.0000,1984.0000,1984.0000,1984.0000,1984.0000,1984.0000,1984.0000,1984.0000
2024-11-08 11:47:39, , , ,23.1000,1984.0000,1984.0000,1984.0000,1984.0000,1984.0000,1984.0000,1984.0000,1984.0000,1984.0000,1984.0000,1984.0000,1984.0000,1984.0000,1984.0000
2024-11-08 11:47:39, , , ,23.1000,1984.0000,1984.0000,1984.0000,1984.0000,1984.0000,1984.0000,1984.0000,1984.0000,1984.0000,1984.0000,1984.0000,1984.0000,1984.0000,1984.0000
2024-11-08 11:47:39, , , ,23.1000,1984.0000,1984.0000,1984.0000,1984.0000,1984.0000,1984.0000,1984.0000,1984.0000,1984.0000,1984.0000,1984.0000,1984.0000,1984.0000,1984.0000
2024-11-08 11:47:40, , , ,23.1000,1984.0000,1984.0000,1984.0000,1984.0000,1984.0000,1984.0000,1984.0000,1984.0000,1984.0000,1984.0000,1984.0000,1984.0000,1984.0000,1984.0000
2024-11-08 11:47:40, , , ,23.1000,1984.0000,1984.0000,1984.0000,1984.0000,1984.0000,1984.0000,1984.0000,1984.0000,1984.0000,1984.0000,1984.0000,1984.0000,1984.0000,1984.0000
2024-11-08 11:47:40, , , ,23.1000,1984.0000,1984.0000,1984.0000,1984.0000,1984.0000,1984.0000,1984.0000,1984.0000,1984.0000,1984.0000,1984.0000,1984.0000,1984.0000,1984.0000
2024-11-08 11:47:40, , , ,23.1000,1984.0000,1984.0000,1984.0000,1984.0000,1984.0000,1984.0000,1984.0000,1984.0000,1984.0000,1984.0000,1984.0000,1984.0000,1984.0000,1984.0000
2024-11-08 11:47:40, , , ,23.1000,1984.0000,1984.0000,1984.0000,1984.0000,1984.0000,1984.0000,1984.0000,1984.0000,1984.0000,1984.0000,1984.0000,1984.0000,1984.0000,1984.0000
2024-11-08 11:47:40, , , ,23.1000,1984.0000,1984.0000,1984.0000,1984.0000,1984.0000,1984.0000,1984.0000,1984.0000,1984.0000,1984.0000,1984.0000,1984.0000,1984.0000,1984.0000
2024-11-08 11:47:41, , , ,23.1000,1984.0000,1984.0000,1984.0000,1984.0000,1984.0000,1984.0000,1984.0000,1984.0000,1984.0000,1984.0000,1984.0000,1984.0000,1984.0000,1984.0000
2024-11-08 11:47:41, , , ,23.1000,1984.0000,1984.0000,1984.0000,1984.0000,1984.0000,1984.0000,1984.0000,1984.0000,1984.0000,1984.0000,1984.0000,1984.0000,1984.0000,1984.0000
2024-11-08 11:47:41, , , ,23.1000,1984.0000,1984.0000,1984.0000,1984.0000,1984.0000,1984.0000,1984.0000,1984.0000,1984.0000,1984.0000,1984.0000,1984.0000,1984.0000,1984.0000
2024-11-08 11:47:41, , , ,23.1000,1984.0000,1984.0000,1984.0000,1984.0000,1984.0000,1984.0000,1984.0000,1984.0000,1984.0000,1984.0000,1984.0000,1984.0000,1984.0000,1984.0000
2024-11-08 11:47:41, , , ,23.1000,1984.0000,1984.0000,1984.0000,1984.0000,1984.0000,1984.0000,1984.0000,1984.0000,1984.0000,1984.0000,1984.0000,1984.0000,1984.0000,1984.0000
2024-11-08 11:47:41, , , ,23.1000,1984.0000,1984.0000,1984.0000,1984.0000,1984.0000,1984.0000,1984.0000,1984.0000,1984.0000,1984.0000,1984.0000,1984.0000,1984.0000,1984.0000
2024-11-08 11:47:42, , , ,23.1000,1984.0000,1984.0000,1984.0000,1984.0000,1984.0000,1984.0000,1984.0000,1984.0000,1984.0000,1984.0000,1984.0000,1984.0000,1984.0000,1984.0000
2024-11-08 11:47:42, , , ,23.1000,1984.0000,1984.0000,1984.0000,1984.0000,1984.0000,1984.0000,1984.0000,1984.0000,1984.0000,1984.0000,1984.0000,1984.0000,1984.0000,1984.0000
2024-11-08 11:47:42, , , ,23.1000,1984.0000,1984.0000,1984.0000,1984.0000,1984.0000,1984.0000,1984.0000,1984.0000,1984.0000,1984.0000,1984.0000,1984.0000,1984.0000,1984.0000
2024-11-08 11:47:42, , , ,23.1000,1984.0000,1984.0000,1984.0000,1984.0000,1984.0000,1984.0000,1984.0000,1984.0000,1984.0000,1984.0000,1984.0000,1984.0000,1984.0000,1984.0000
2024-11-08 11:47:42, , , ,23.1000,1984.0000,1984.0000,1984.0000,1984.0000,1984.0000,1984.0000,1984.0000,1984.0000,1984.0000,1984.0000,1984.0000,1984.0000,1984.0000,1984.0000
2024-11-08 11:47:42, , , ,23.1000,1984.0000,1984.0000,1984.0000,1984.0000,1984.0000,1984.0000,1984.0000,1984.0000,1984.0000,1984.0000,1984.0000,1984.0000,1984.0000,1984.0000
2024-11-08 11:47:43, , , ,23.1000,1984.0000,1984.0000,1984.0000,1984.0000,1984.0000,1984.0000,1984.0000,1984.0000,1984.0000,1984.0000,1984.0000,1984.0000,1984.0000,1984.0000
2024-11-08 11:47:43, , , ,23.1000,1984.0000,1984.0000,1984.0000,1984.0000,1984.0000,1984.0000,1984.0000,1984.0000,1984.0000,1984.0000,1984.0000,1984.0000,1984.0000,1984.0000
2024-11-08 11:47:43, , , ,23.1000,1984.0000,1984.0000,1984.0000,1984.0000,1984.0000,1984.0000,1984.0000,1984.0000,1984.0000,1984.0000,1984.0000,1984.0000,1984.0000,1984.0000
2024-11-08 11:47:43, , , ,23.1000,1984.0000,1984.0000,1984.0000,1984.0000,1984.0000,1984.0000,1984.0000,1984.0000,1984.0000,1984.0000,1984.0000,1984.0000,1984.0000,1984.0000
2024-11-08 11:47:43, , , ,23.1000,1984.0000,1984.0000,1984.0000,1984.0000,1984.0000,1984.0000,1984.0000,1984.0000,1984.0000,1984.0000,1984.0000,1984.0000,1984.0000,1984.0000
2024-11-08 11:47:43, , , ,23.1000,1984.0000,1984.0000,1984.0000,1984.0000,1984.0000,1984.0000,1984.0000,1984.0000,1984.0000,1984.0000,1984.0000,1984.0000,1984.0000,1984.0000
2024-11-08 11:47:44, , , ,23.1000,1984.0000,1984.0000,1984.0000,1984.0000,1984.0000,1984.0000,1984.0000,1984.0000,1984.0000,1984.0000,1984.0000,1984.0000,1984.0000,1984.0000
2024-11-08 11:47:44, , , ,23.1000,1984.0000,1984.0000,1984.0000,1984.0000,1984.0000,1984.0000,1984.0000,1984.0000,1984.0000,1984.0000,1984.0000,1984.0000,1984.0000,1984.0000
2024-11-08 11:47:44, , , ,23.1000,1984.0000,1984.0000,1984.0000,1984.0000,1984.0000,1984.0000,1984.0000,1984.0000,1984.0000,1984.0000,1984.0000,1984.0000,1984.0000,1984.0000
2024-11-08 11:47:44, , , ,23.1000,1984.0000,1984.0000,1984.0000,1984.0000,1984.0000,1984.0000,1984.0000,1984.0000,1984.0000,1984.0000,1984.0000,1984.0000,1984.0000,1984.0000
2024-11-08 11:47:44, , , ,23.1000,1984.0000,1984.0000,1984.0000,1984.0000,1984.0000,1984.0000,1984.0000,1984.0000,1984.0000,1984.0000,1984.0000,1984.0000,1984.0000,1984.0000
2024-11-08 11:47:44, , , ,23.1000,1984.0000,1984.0000,1984.0000,1984.0000,1984.0000,1984.0000,1984.0000,1984.0000,1984.0000,1984.0000,1984.0000,1984.0000,1984.0000,1984.0000
2024-11-08 11:47:45, , , ,23.1000,1984.0000,1984.0000,1984.0000,1984.0000,1984.0000,1984.0000,1984.0000,1984.0000,1984.0000,1984.0000,1984.0000,1984.0000,1984.0000,1984.0000
2024-11-08 11:47:45, , , ,23.1000,1984.0000,1984.0000,1984.0000,1984.0000,1984.0000,1984.0000,1984.0000,1984.0000,1984.0000,1984.0000,1984.0000,1984.0000,1984.0000,1984.0000
2024-11-08 11:47:45, , , ,23.1000,1984.0000,1984.0000,1984.0000,1984.0000,1984.0000,1984.0000,1984.0000,1984.0000,1984.0000,1984.0000,1984.0000,1984.0000,1984.0000,1984.0000
2024-11-08 11:47:45, , , ,23.1000,1984.0000,1984.0000,1984.0000,1984.0000,1984.0000,1984.0000,1984.0000,1984.0000,1984.0000,1984.0000,1984.0000,1984.0000,1984.0000,1984.0000
2024-11-08 11:47:45, , , ,23.1000,1984.0000,1984.0000,1984.0000,1984.0000,1984.0000,1984.0000,1984.0000,1984.0000,1984.0000,1984.0000,1984.0000,1984.0000,1984.0000,1984.0000
2024-11-08 11:47:45, , , ,23.1000,1984.0000,1984.0000,1984.0000,1984.0000,1984.0000,1984.0000,1984.0000,1984.0000,1984.0000,1984.0000,1984.0000,1984.0000,1984.0000,1984.0000
2024-11-08 11:47:46, , , ,23.1000,1984.0000,1984.0000,1984.0000,1984.0000,1984.0000,1984.0000,1984.0000,1984.0000,1984.0000,1984.0000,1984.0000,1984.0000,1984.0000,1984.0000
2024-11-08 11:47:46, , , ,23.1000,1984.0000,1984.0000,1984.0000,1984.0000,1984.0000,1984.0000,1984.0000,1984.0000,1984.0000,1984.0000,1984.0000,1984.0000,1984.0000,1984.0000
2024-11-08 11:47:46, , , ,23.1000,1984.0000,1984.0000,1984.0000,1984.0000,1984.0000,1984.0000,1984.0000,1984.0000,1984.0000,1984.0000,1984.0000,1984.0000,1984.0000,1984.0000
2024-11-08 11:47:46, , , ,23.1000,1984.0000,1984.0000,1984.0000,1984.0000,1984.0000,1984.0000,1984.0000,1984.0000,1984.0000,1984.0000,1984.0000,1984.0000,1984.0000,1984.0000
2024-11-08 11:47:46, , , ,23.1000,1984.0000,1984.0000,1984.0000,1984.0000,1984.0000,1984.0000,1984.0000,1984.0000,1984.0000,1984.0000,1984.0000,1984.0000,1984.0000,1984.0000
2024-11-08 11:47:46, , , ,23.1000,1984.0000,1984.0000,1984.0000,1984.0000,1984.0000,1984.0000,1984.0000,1984.0000,1984.0000,1984.0000,1984.0000,1984.0000,1984.0000,1984.0000
2024-11-08 11:47:47, , , ,23.1000,1984.0000,1984.0000,1984.0000,1984.0000,1984.0000,1984.0000,1984.0000,1984.0000,1984.0000,1984.0000,1984.0000,1984.0000,1984.0000,1984.0000
2024-11-08 11:47:47, , , ,23.1000,1984.0000,1984.0000,1984.0000,1984.0000,1984.0000,1984.0000,1984.0000,1984.0000,1984.0000,1984.0000,1984.0000,1984.0000,1984.0000,1984.0000
2024-11-08 11:47:47, , , ,23.1000,1984.0000,1984.0000,1984.0000,1984.0000,1984.0000,1984.0000,1984.0000,1984.0000,1984.0000,1984.0000,1984.0000,1984.0000,1984.0000,1984.0000
2024-11-08 11:47:47, , , ,23.1000,1984.0000,1984.0000,1984.0000,1984.0000,1984.0000,1984.0000,1984.0000,1984.0000,1984.0000,1984.0000,1984.0000,1984.0000,1984.0000,1984.0000
2024-11-08 11:47:47, , , ,23.1000,1984.0000,1984.0000,1984.0000,1984.0000,1984.0000,1984.0000,1984.0000,1984.0000,1984.0000,1984.0000,1984.0000,1984.0000,1984.0000,1984.0000
2024-11-08 11:47:47, , , ,23.1000,1984.0000,1984.0000,1984.0000,1984.0000,1984.0000,1984.0000,1984.0000,1984.0000,1984.0000,1984.0000,1984.0000,1984.0000,1984.0000,1984.0000
2024-11-08 11:47:48, , , ,23.1000,1984.0000,1984.0000,1984.0000,1984.0000,1984.0000,1984.0000,1984.0000,1984.0000,1984.0000,1984.0000,1984.0000,1984.0000,1984.0000,1984.0000
2024-11-08 11:47:48, , , ,23.1000,1984.0000,1984.0000,1984.0000,1984.0000,1984.0000,1984.0000,1984.0000,1984.0000,1984.0000,1984.0000,1984.0000,1984.0000,1984.0000,1984.0000
2024-11-08 11:47:48, , , ,23.1000,1984.0000,1984.0000,1984.0000,1984.0000,1984.0000,1984.0000,1984.0000,1984.0000,1984.0000,1984.0000,1984.0000,1984.0000,1984.0000,1984.0000
2024-11-08 11:47:48, , , ,23.1000,1984.0000,1984.0000,1984.0000,1984.0000,1984.0000,1984.0000,1984.0000,1984.0000,1984.0000,1984.0000,1984.0000,1984.0000,1984.0000,1984.0000
2024-11-08 11:47:48, , , ,23.1000,1984.0000,1984.0000,1984.0000,1984.0000,1984.0000,1984.0000,1984.0000,1984.0000,1984.0000,1984.0000,1984.0000,1984.0000,1984.0000,1984.0000
2024-11-08 11:47:48, , , ,23.1000,1984.0000,1984.0000,1984.0000,1984.0000,1984.0000,1984.0000,1984.0000,1984.0000,1984.0000,1984.0000,1984.0000,1984.0000,1984.0000,1984.0000
2024-11-08 11:47:49, , , ,23.1000,1984.0000,1984.0000,1984.0000,1984.0000,1984.0000,1984.0000,1984.0000,1984.0000,1984.0000,1984.0000,1984.0000,1984.0000,1984.0000,1984.0000
2024-11-08 11:47:49, , , ,23.1000,1984.0000,1984.0000,1984.0000,1984.0000,1984.0000,1984.0000,1984.0000,1984.0000,1984.0000,1984.0000,1984.0000,1984.0000,1984.0000,1984.0000
2024-11-08 11:47:49, , , ,23.1000,1984.0000,1984.0000,1984.0000,1984.0000,1984.0000,1984.0000,1984.0000,1984.0000,1984.0000,1984.0000,1984.0000,1984.0000,1984.0000,1984.0000
2024-11-08 11:47:49, , , ,23.1000,1984.0000,1984.0000,1984.0000,1984.0000,1984.0000,1984.0000,1984.0000,1984.0000,1984.0000,1984.0000,1984.0000,1984.0000,1984.0000,1984.0000
2024-11-08 11:47:49, , , ,23.1000,1984.0000,1984.0000,1984.0000,1984.0000,1984.0000,1984.0000,1984.0000,1984.0000,1984.0000,1984.0000,1984.0000,1984.0000,1984.0000,1984.0000
2024-11-08 11:47:49, , , ,23.1000,1984.0000,1984.0000,1984.0000,1984.0000,1984.0000,1984.0000,1984.0000,1984.0000,1984.0000,1984.0000,1984.0000,1984.0000,1984.0000,1984.0000
2024-11-08 11:47:50, , , ,23.1000,1984.0000,1984.0000,1984.0000,1984.0000,1984.0000,1984.0000,1984.0000,1984.0000,1984.0000,1984.0000,1984.0000,1984.0000,1984.0000,1984.0000
2024-11-08 11:47:50, , , ,23.1000,1984.0000,1984.0000,1984.0000,1984.0000,1984.0000,1984.0000,1984.0000,1984.0000,1984.0000,1984.0000,1984.0000,1984.0000,1984.0000,1984.0000
2024-11-08 11:47:50, , , ,23.1000,1984.0000,1984.0000,1984.0000,1984.0000,1984.0000,1984.0000,1984.0000,1984.0000,1984.0000,1984.0000,1984.0000,1984.0000,1984.0000,1984.0000
2024-11-08 11:47:50, , , ,23.1000,1984.0000,1984.0000,1984.0000,1984.0000,1984.0000,1984.0000,1984.0000,1984.0000,1984.0000,1984.0000,1984.0000,1984.0000,1984.0000,1984.0000
2024-11-08 11:47:50, , , ,23.1000,1984.0000,1984.0000,1984.0000,1984.0000,1984.0000,1984.0000,1984.0000,1984.0000,1984.0000,1984.0000,1984.0000,1984.0000,1984.0000,1984.0000
2024-11-08 11:47:50, , , ,23.1000,1984.0000,1984.0000,1984.0000,1984.0000,1984.0000,1984.0000,1984.0000,1984.0000,1984.0000,1984.0000,1984.0000,1984.0000,1984.0000,1984.0000
2024-11-08 11:47:50, , , ,23.1000,1984.0000,1984.0000,1984.0000,1984.0000,1984.0000,1984.0000,1984.0000,1984.0000,1984.0000,1984.0000,1984.0000,1984.0000,1984.0000,1984.0000
2024-11-08 11:47:51, , , ,23.1000,1984.0000,1984.0000,1984.0000,1984.0000,1984.0000,1984.0000,1984.0000,1984.0000,1984.0000,1984.0000,1984.0000,1984.0000,1984.0000,1984.0000
2024-11-08 11:47:51, , , ,23.1000,1984.0000,1984.0000,1984.0000,1984.0000,1984.0000,1984.0000,1984.0000,1984.0000,1984.0000,1984.0000,1984.0000,1984.0000,1984.0000,1984.0000
2024-11-08 11:47:51, , , ,23.1000,1984.0000,1984.0000,1984.0000,1984.0000,1984.0000,1984.0000,1984.0000,1984.0000,1984.0000,1984.0000,1984.0000,1984.0000,1984.0000,1984.0000
2024-11-08 11:47:51, , , ,23.1000,1984.0000,1984.0000,1984.0000,1984.0000,1984.0000,1984.0000,1984.0000,1984.0000,1984.0000,1984.0000,1984.0000,1984.0000,1984.0000,1984.0000
2024-11-08 11:47:51, , , ,23.1000,1984.0000,1984.0000,1984.0000,1984.0000,1984.0000,1984.0000,1984.0000,1984.0000,1984.0000,1984.0000,1984.0000,1984.0000,1984.0000,1984.0000
2024-11-08 11:47:51, , , ,23.1000,1984.0000,1984.0000,1984.0000,1984.0000,1984.0000,1984.0000,1984.0000,1984.0000,1984.0000,1984.0000,1984.0000,1984.0000,1984.0000,1984.0000
2024-11-08 11:47:52, , , ,23.1000,1984.0000,1984.0000,1984.0000,1984.0000,1984.0000,1984.0000,1984.0000,1984.0000,1984.0000,1984.0000,1984.0000,1984.0000,1984.0000,1984.0000
2024-11-08 11:47:52, , , ,23.1000,1984.0000,1984.0000,1984.0000,1984.0000,1984.0000,1984.0000,1984.0000,1984.0000,1984.0000,1984.0000,1984.0000,1984.0000,1984.0000,1984.0000
2024-11-08 11:47:52, , , ,23.1000,1984.0000,1984.0000,1984.0000,1984.0000,1984.0000,1984.0000,1984.0000,1984.0000,1984.0000,1984.0000,1984.0000,1984.0000,1984.0000,1984.0000
2024-11-08 11:47:52, , , ,23.1000,1984.0000,1984.0000,1984.0000,1984.0000,1984.0000,1984.0000,1984.0000,1984.0000,1984.0000,1984.0000,1984.0000,1984.0000,1984.0000,1984.0000
2024-11-08 11:47:52, , , ,23.1000,1984.0000,1984.0000,1984.0000,1984.0000,1984.0000,1984.0000,1984.0000,1984.0000,1984.0000,1984.0000,1984.0000,1984.0000,1984.0000,1984.0000
2024-11-08 11:47:52, , , ,23.1000,1984.0000,1984.0000,1984.0000,1984.0000,1984.0000,1984.0000,1984.0000,1984.0000,1984.0000,1984.0000,1984.0000,1984.0000,1984.0000,1984.0000
2024-11-08 11:47:53, , , ,23.1000,1984.0000,1984.0000,1984.0000,1984.0000,1984.0000,1984.0000,1984.0000,1984.0000,1984.0000,1984.0000,1984.0000,1984.0000,1984.0000,1984.0000
2024-11-08 11:47:53, , , ,23.1000,1984.0000,1984.0000,1984.0000,1984.0000,1984.0000,1984.0000,1984.0000,1984.0000,1984.0000,1984.0000,1984.0000,1984.0000,1984.0000,1984.0000
2024-11-08 11:47:53, , , ,23.1000,1984.0000,1984.0000,1984.0000,1984.0000,1984.0000,1984.0000,1984.0000,1984.0000,1984.0000,1984.0000,1984.0000,1984.0000,1984.0000,1984.0000
2024-11-08 11:47:53, , , ,23.1000,1984.0000,1984.0000,1984.0000,1984.0000,1984.0000,1984.0000,1984.0000,1984.0000,1984.0000,1984.0000,1984.0000,1984.0000,1984.0000,1984.0000
2024-11-08 11:47:53, , , ,23.1000,1984.0000,1984.0000,1984.0000,1984.0000,1984.0000,1984.0000,1984.0000,1984.0000,1984.0000,1984.0000,1984.0000,1984.0000,1984.0000,1984.0000
2024-11-08 11:47:53, , , ,23.1000,1984.0000,1984.0000,1984.0000,1984.0000,1984.0000,1984.0000,1984.0000,1984.0000,1984.0000,1984.0000,1984.0000,1984.0000,1984.0000,1984.0000
2024-11-08 11:47:54, , , ,23.1000,1984.0000,1984.0000,1984.0000,1984.0000,1984.0000,1984.0000,1984.0000,1984.0000,1984.0000,1984.0000,1984.0000,1984.0000,1984.0000,1984.0000
2024-11-08 11:47:54, , , ,23.1000,1984.0000,1984.0000,1984.0000,1984.0000,1984.0000,1984.0000,1984.0000,1984.0000,1984.0000,1984.0000,1984.0000,1984.0000,1984.0000,1984.0000
2024-11-08 11:47:54, , , ,23.1000,1984.0000,1984.0000,1984.0000,1984.0000,1984.0000,1984.0000,1984.0000,1984.0000,1984.0000,1984.0000,1984.0000,1984.0000,1984.0000,1984.0000
2024-11-08 11:47:54, , , ,23.1000,1984.0000,1984.0000,1984.0000,1984.0000,1984.0000,1984.0000,1984.0000,1984.0000,1984.0000,1984.0000,1984.0000,1984.0000,1984.0000,1984.0000
2024-11-08 11:47:54, , , ,23.1000,1984.0000,1984.0000,1984.0000,1984.0000,1984.0000,1984.0000,1984.0000,1984.0000,1984.0000,1984.0000,1984.0000,1984.0000,1984.0000,1984.0000
2024-11-08 11:47:54, , , ,23.1000,1984.0000,1984.0000,1984.0000,1984.0000,1984.0000,1984.0000,1984.0000,1984.0000,1984.0000,1984.0000,1984.0000,1984.0000,1984.0000,1984.0000
2024-11-08 11:47:55, , , ,23.1000,1984.0000,1984.0000,1984.0000,1984.0000,1984.0000,1984.0000,1984.0000,1984.0000,1984.0000,1984.0000,1984.0000,1984.0000,1984.0000,1984.0000
2024-11-08 11:47:55, , , ,23.1000,1984.0000,1984.0000,1984.0000,1984.0000,1984.0000,1984.0000,1984.0000,1984.0000,1984.0000,1984.0000,1984.0000,1984.0000,1984.0000,1984.0000
2024-11-08 11:47:55, , , ,23.1000,1984.0000,1984.0000,1984.0000,1984.0000,1984.0000,1984.0000,1984.0000,1984.0000,1984.0000,1984.0000,1984.0000,1984.0000,1984.0000,1984.0000
2024-11-08 11:47:55, , , ,23.1000,1984.0000,1984.0000,1984.0000,1984.0000,1984.0000,1984.0000,1984.0000,1984.0000,1984.0000,1984.0000,1984.0000,1984.0000,1984.0000,1984.0000
2024-11-08 11:47:55, , , ,23.1000,1984.0000,1984.0000,1984.0000,1984.0000,1984.0000,1984.0000,1984.0000,1984.0000,1984.0000,1984.0000,1984.0000,1984.0000,1984.0000,1984.0000
2024-11-08 11:47:55, , , ,23.1000,1984.0000,1984.0000,1984.0000,1984.0000,1984.0000,1984.0000,1984.0000,1984.0000,1984.0000,1984.0000,1984.0000,1984.0000,1984.0000,1984.0000
2024-11-08 11:47:56, , , ,23.1000,1984.0000,1984.0000,1984.0000,1984.0000,1984.0000,1984.0000,1984.0000,1984.0000,1984.0000,1984.0000,1984.0000,1984.0000,1984.0000,1984.0000
2024-11-08 11:47:56, , , ,23.1000,1984.0000,1984.0000,1984.0000,1984.0000,1984.0000,1984.0000,1984.0000,1984.0000,1984.0000,1984.0000,1984.0000,1984.0000,1984.0000,1984.0000
2024-11-08 11:47:56, , , ,23.1000,1984.0000,1984.0000,1984.0000,1984.0000,1984.0000,1984.0000,1984.0000,1984.0000,1984.0000,1984.0000,1984.0000,1984.0000,1984.0000,1984.0000
2024-11-08 11:47:56, , , ,23.1000,1984.0000,1984.0000,1984.0000,1984.0000,1984.0000,1984.0000,1984.0000,1984.0000,1984.0000,1984.0000,1984.0000,1984.0000,1984.0000,1984.0000
2024-11-08 11:47:56, , , ,23.1000,1984.0000,1984.0000,1984.0000,1984.0000,1984.0000,1984.0000,1984.0000,1984.0000,1984.0000,1984.0000,1984.0000,1984.0000,1984.0000,1984.0000
2024-11-08 11:47:56, , , ,23.1000,1984.0000,1984.0000,1984.0000,1984.0000,1984.0000,1984.0000,1984.0000,1984.0000,1984.0000,1984.0000,1984.0000,1984.0000,1984.0000,1984.0000
2024-11-08 11:47:57, , , ,23.1000,1984.0000,1984.0000,1984.0000,1984.0000,1984.0000,1984.0000,1984.0000,1984.0000,1984.0000,1984.0000,1984.0000,1984.0000,1984.0000,1984.0000
2024-11-08 11:47:57, , , ,23.1000,1984.0000,1984.0000,1984.0000,1984.0000,1984.0000,1984.0000,1984.0000,1984.0000,1984.0000,1984.0000,1984.0000,1984.0000,1984.0000,1984.0000
2024-11-08 11:47:57, , , ,23.1000,1984.0000,1984.0000,1984.0000,1984.0000,1984.0000,1984.0000,1984.0000,1984.0000,1984.0000,1984.0000,1984.0000,1984.0000,1984.0000,1984.0000
2024-11-08 11:47:57, , , ,23.1000,1984.0000,1984.0000,1984.0000,1984.0000,1984.0000,1984.0000,1984.0000,1984.0000,1984.0000,1984.0000,1984.0000,1984.0000,1984.0000,1984.0000
2024-11-08 11:47:57, , , ,23.1000,1984.0000,1984.0000,1984.0000,1984.0000,1984.0000,1984.0000,1984.0000,1984.0000,1984.0000,1984.0000,1984.0000,1984.0000,1984.0000,1984.0000
2024-11-08 11:47:57, , , ,23.1000,1984.0000,1984.0000,1984.0000,1984.0000,1984.0000,1984.0000,1984.0000,1984.0000,1984.0000,1984.0000,1984.0000,1984.0000,1984.0000,1984.0000
2024-11-08 11:47:58, , , ,23.1000,1984.0000,1984.0000,1984.0000,1984.0000,1984.0000,1984.0000,1984.0000,1984.0000,1984.0000,1984.0000,1984.0000,1984.0000,1984.0000,1984.0000
2024-11-08 11:47:58, , , ,23.1000,1984.0000,1984.0000,1984.0000,1984.0000,1984.0000,1984.0000,1984.0000,1984.0000,1984.0000,1984.0000,1984.0000,1984.0000,1984.0000,1984.0000
2024-11-08 11:47:58, , , ,23.1000,1984.0000,1984.0000,1984.0000,1984.0000,1984.0000,1984.0000,1984.0000,1984.0000,1984.0000,1984.0000,1984.0000,1984.0000,1984.0000,1984.0000
2024-11-08 11:47:58, , , ,23.1000,1984.0000,1984.0000,1984.0000,1984.0000,1984.0000,1984.0000,1984.0000,1984.0000,1984.0000,1984.0000,1984.0000,1984.0000,1984.0000,1984.0000
2024-11-08 11:47:58, , , ,23.1000,1984.0000,1984.0000,1984.0000,1984.0000,1984.0000,1984.0000,1984.0000,1984.0000,1984.0000,1984.0000,1984.0000,1984.0000,1984.0000,1984.0000
2024-11-08 11:47:58, , , ,23.1000,1984.0000,1984.0000,1984.0000,1984.0000,1984.0000,1984.0000,1984.0000,1984.0000,1984.0000,1984.0000,1984.0000,1984.0000,1984.0000,1984.0000
2024-11-08 11:47:59, , , ,23.1000,1984.0000,1984.0000,1984.0000,1984.0000,1984.0000,1984.0000,1984.0000,1984.0000,1984.0000,1984.0000,1984.0000,1984.0000,1984.0000,1984.0000
2024-11-08 11:47:59, , , ,23.1000,1984.0000,1984.0000,1984.0000,1984.0000,1984.0000,1984.0000,1984.0000,1984.0000,1984.0000,1984.0000,1984.0000,1984.0000,1984.0000,1984.0000
2024-11-08 11:47:59, , , ,23.1000,1984.0000,1984.0000,1984.0000,1984.0000,1984.0000,1984.0000,1984.0000,1984.0000,1984.0000,1984.0000,1984.0000,1984.0000,1984.0000,1984.0000
2024-11-08 11:47:59, , , ,23.1000,1984.0000,1984.0000,1984.0000,1984.0000,1984.0000,1984.0000,1984.0000,1984.0000,1984.0000,1984.0000,1984.0000,1984.0000,1984.0000,1984.0000
2024-11-08 11:47:59, , , ,23.1000,1984.0000,1984.0000,1984.0000,1984.0000,1984.0000,1984.0000,1984.0000,1984.0000,1984.0000,1984.0000,1984.0000,1984.0000,1984.0000,1984.0000
2024-11-08 11:47:59, , , ,23.1000,1984.0000,1984.0000,1984.0000,1984.0000,1984.0000,1984.0000,1984.0000,1984.0000,1984.0000,1984.0000,1984.0000,1984.0000,1984.0000,1984.0000
2024-11-08 11:48:00, , , ,23.1000,1984.0000,1984.0000,1984.0000,1984.0000,1984.0000,1984.0000,1984.0000,1984.0000,1984.0000,1984.0000,1984.0000,1984.0000,1984.0000,1984.0000
2024-11-08 11:48:00, , , ,23.1000,1984.0000,1984.0000,1984.0000,1984.0000,1984.0000,1984.0000,1984.0000,1984.0000,1984.0000,1984.0000,1984.0000,1984.0000,1984.0000,1984.0000
2024-11-08 11:48:00, , , ,23.1000,1984.0000,1984.0000,1984.0000,1984.0000,1984.0000,1984.0000,1984.0000,1984.0000,1984.0000,1984.0000,1984.0000,1984.0000,1984.0000,1984.0000
2024-11-08 11:48:00, , , ,23.1000,1984.0000,1984.0000,1984.0000,1984.0000,1984.0000,1984.0000,1984.0000,1984.0000,1984.0000,1984.0000,1984.0000,1984.0000,1984.0000,1984.0000
2024-11-08 11:48:00, , , ,23.1000,1984.0000,1984.0000,1984.0000,1984.0000,1984.0000,1984.0000,1984.0000,1984.0000,1984.0000,1984.0000,1984.0000,1984.0000,1984.0000,1984.0000
2024-11-08 11:48:00, , , ,23.1000,1984.0000,1984.0000,1984.0000,1984.0000,1984.0000,1984.0000,1984.0000,1984.0000,1984.0000,1984.0000,1984.0000,1984.0000,1984.0000,1984.0000
2024-11-08 11:48:01, , , ,23.1000,1984.0000,1984.0000,1984.0000,1984.0000,1984.0000,1984.0000,1984.0000,1984.0000,1984.0000,1984.0000,1984.0000,1984.0000,1984.0000,1984.0000
2024-11-08 11:48:01, , , ,23.1000,1984.0000,1984.0000,1984.0000,1984.0000,1984.0000,1984.0000,1984.0000,1984.0000,1984.0000,1984.0000,1984.0000,1984.0000,1984.0000,1984.0000
2024-11-08 11:48:01, , , ,23.1000,1984.0000,1984.0000,1984.0000,1984.0000,1984.0000,1984.0000,1984.0000,1984.0000,1984.0000,1984.0000,1984.0000,1984.0000,1984.0000,1984.0000
2024-11-08 11:48:01, , , ,23.1000,1984.0000,1984.0000,1984.0000,1984.0000,1984.0000,1984.0000,1984.0000,1984.0000,1984.0000,1984.0000,1984.0000,1984.0000,1984.0000,1984.0000
2024-11-08 11:48:01, , , ,23.1000,1984.0000,1984.0000,1984.0000,1984.0000,1984.0000,1984.0000,1984.0000,1984.0000,1984.0000,1984.0000,1984.0000,1984.0000,1984.0000,1984.0000
2024-11-08 11:48:01, , , ,23.1000,1984.0000,1984.0000,1984.0000,1984.0000,1984.0000,1984.0000,1984.0000,1984.0000,1984.0000,1984.0000,1984.0000,1984.0000,1984.0000,1984.0000
2024-11-08 11:48:02, , , ,23.1000,1984.0000,1984.0000,1984.0000,1984.0000,1984.0000,1984.0000,1984.0000,1984.0000,1984.0000,1984.0000,1984.0000,1984.0000,1984.0000,1984.0000
2024-11-08 11:48:02, , , ,23.1000,1984.0000,1984.0000,1984.0000,1984.0000,1984.0000,1984.0000,1984.0000,1984.0000,1984.0000,1984.0000,1984.0000,1984.0000,1984.0000,1984.0000
2024-11-08 11:48:02, , , ,23.1000,1984.0000,1984.0000,1984.0000,1984.0000,1984.0000,1984.0000,1984.0000,1984.0000,1984.0000,1984.0000,1984.0000,1984.0000,1984.0000,1984.0000
2024-11-08 11:48:02, , , ,23.0000,1984.0000,1984.0000,1984.0000,1984.0000,1984.0000,1984.0000,1984.0000,1984.0000,1984.0000,1984.0000,1984.0000,1984.0000,1984.0000,1984.0000
2024-11-08 11:48:02, , , ,23.0000,1984.0000,1984.0000,1984.0000,1984.0000,1984.0000,1984.0000,1984.0000,1984.0000,1984.0000,1984.0000,1984.0000,1984.0000,1984.0000,1984.0000
2024-11-08 11:48:02, , , ,23.0000,1984.0000,1984.0000,1984.0000,1984.0000,1984.0000,1984.0000,1984.0000,1984.0000,1984.0000,1984.0000,1984.0000,1984.0000,1984.0000,1984.0000
2024-11-08 11:48:03, , , ,23.1000,1984.0000,1984.0000,1984.0000,1984.0000,1984.0000,1984.0000,1984.0000,1984.0000,1984.0000,1984.0000,1984.0000,1984.0000,1984.0000,1984.0000
2024-11-08 11:48:03, , , ,23.1000,1984.0000,1984.0000,1984.0000,1984.0000,1984.0000,1984.0000,1984.0000,1984.0000,1984.0000,1984.0000,1984.0000,1984.0000,1984.0000,1984.0000
2024-11-08 11:48:03, , , ,23.1000,1984.0000,1984.0000,1984.0000,1984.0000,1984.0000,1984.0000,1984.0000,1984.0000,1984.0000,1984.0000,1984.0000,1984.0000,1984.0000,1984.0000
2024-11-08 11:48:03, , , ,23.1000,1984.0000,1984.0000,1984.0000,1984.0000,1984.0000,1984.0000,1984.0000,1984.0000,1984.0000,1984.0000,1984.0000,1984.0000,1984.0000,1984.0000
2024-11-08 11:48:03, , , ,23.1000,1984.0000,1984.0000,1984.0000,1984.0000,1984.0000,1984.0000,1984.0000,1984.0000,1984.0000,1984.0000,1984.0000,1984.0000,1984.0000,1984.0000
2024-11-08 11:48:03, , , ,23.1000,1984.0000,1984.0000,1984.0000,1984.0000,1984.0000,1984.0000,1984.0000,1984.0000,1984.0000,1984.0000,1984.0000,1984.0000,1984.0000,1984.0000
2024-11-08 11:48:04, , , ,23.1000,1984.0000,1984.0000,1984.0000,1984.0000,1984.0000,1984.0000,1984.0000,1984.0000,1984.0000,1984.0000,1984.0000,1984.0000,1984.0000,1984.0000
2024-11-08 11:48:04, , , ,23.1000,1984.0000,1984.0000,1984.0000,1984.0000,1984.0000,1984.0000,1984.0000,1984.0000,1984.0000,1984.0000,1984.0000,1984.0000,1984.0000,1984.0000
2024-11-08 11:48:04, , , ,23.1000,1984.0000,1984.0000,1984.0000,1984.0000,1984.0000,1984.0000,1984.0000,1984.0000,1984.0000,1984.0000,1984.0000,1984.0000,1984.0000,1984.0000
2024-11-08 11:48:04, , , ,23.1000,1984.0000,1984.0000,1984.0000,1984.0000,1984.0000,1984.0000,1984.0000,1984.0000,1984.0000,1984.0000,1984.0000,1984.0000,1984.0000,1984.0000
2024-11-08 11:48:04, , , ,23.1000,1984.0000,1984.0000,1984.0000,1984.0000,1984.0000,1984.0000,1984.0000,1984.0000,1984.0000,1984.0000,1984.0000,1984.0000,1984.0000,1984.0000
2024-11-08 11:48:04, , , ,23.1000,1984.0000,1984.0000,1984.0000,1984.0000,1984.0000,1984.0000,1984.0000,1984.0000,1984.0000,1984.0000,1984.0000,1984.0000,1984.0000,1984.0000
2024-11-08 11:48:05, , , ,23.1000,1984.0000,1984.0000,1984.0000,1984.0000,1984.0000,1984.0000,1984.0000,1984.0000,1984.0000,1984.0000,1984.0000,1984.0000,1984.0000,1984.0000
2024-11-08 11:48:05, , , ,23.1000,1984.0000,1984.0000,1984.0000,1984.0000,1984.0000,1984.0000,1984.0000,1984.0000,1984.0000,1984.0000,1984.0000,1984.0000,1984.0000,1984.0000
2024-11-08 11:48:05, , , ,23.0000,1984.0000,1984.0000,1984.0000,1984.0000,1984.0000,1984.0000,1984.0000,1984.0000,1984.0000,1984.0000,1984.0000,1984.0000,1984.0000,1984.0000
2024-11-08 11:48:05, , , ,23.0000,1984.0000,1984.0000,1984.0000,1984.0000,1984.0000,1984.0000,1984.0000,1984.0000,1984.0000,1984.0000,1984.0000,1984.0000,1984.0000,1984.0000
2024-11-08 11:48:05, , , ,23.0000,1984.0000,1984.0000,1984.0000,1984.0000,1984.0000,1984.0000,1984.0000,1984.0000,1984.0000,1984.0000,1984.0000,1984.0000,1984.0000,1984.0000
2024-11-08 11:48:05, , , ,23.0000,1984.0000,1984.0000,1984.0000,1984.0000,1984.0000,1984.0000,1984.0000,1984.0000,1984.0000,1984.0000,1984.0000,1984.0000,1984.0000,1984.0000
2024-11-08 11:48:06, , , ,23.0000,1984.0000,1984.0000,1984.0000,1984.0000,1984.0000,1984.0000,1984.0000,1984.0000,1984.0000,1984.0000,1984.0000,1984.0000,1984.0000,1984.0000
2024-11-08 11:48:06, , , ,23.0000,1984.0000,1984.0000,1984.0000,1984.0000,1984.0000,1984.0000,1984.0000,1984.0000,1984.0000,1984.0000,1984.0000,1984.0000,1984.0000,1984.0000
2024-11-08 11:48:06, , , ,23.0000,1984.0000,1984.0000,1984.0000,1984.0000,1984.0000,1984.0000,1984.0000,1984.0000,1984.0000,1984.0000,1984.0000,1984.0000,1984.0000,1984.0000
2024-11-08 11:48:06, , , ,23.0000,1984.0000,1984.0000,1984.0000,1984.0000,1984.0000,1984.0000,1984.0000,1984.0000,1984.0000,1984.0000,1984.0000,1984.0000,1984.0000,1984.0000
2024-11-08 11:48:06, , , ,23.0000,1984.0000,1984.0000,1984.0000,1984.0000,1984.0000,1984.0000,1984.0000,1984.0000,1984.0000,1984.0000,1984.0000,1984.0000,1984.0000,1984.0000
2024-11-08 11:48:06, , , ,23.0000,1984.0000,1984.0000,1984.0000,1984.0000,1984.0000,1984.0000,1984.0000,1984.0000,1984.0000,1984.0000,1984.0000,1984.0000,1984.0000,1984.0000
2024-11-08 11:48:07, , , ,23.0000,1984.0000,1984.0000,1984.0000,1984.0000,1984.0000,1984.0000,1984.0000,1984.0000,1984.0000,1984.0000,1984.0000,1984.0000,1984.0000,1984.0000
2024-11-08 11:48:07, , , ,23.0000,1984.0000,1984.0000,1984.0000,1984.0000,1984.0000,1984.0000,1984.0000,1984.0000,1984.0000,1984.0000,1984.0000,1984.0000,1984.0000,1984.0000
2024-11-08 11:48:07, , , ,23.0000,1984.0000,1984.0000,1984.0000,1984.0000,1984.0000,1984.0000,1984.0000,1984.0000,1984.0000,1984.0000,1984.0000,1984.0000,1984.0000,1984.0000
2024-11-08 11:48:07, , , ,23.1000,1984.0000,1984.0000,1984.0000,1984.0000,1984.0000,1984.0000,1984.0000,1984.0000,1984.0000,1984.0000,1984.0000,1984.0000,1984.0000,1984.0000
2024-11-08 11:48:07, , , ,23.0000,1984.0000,1984.0000,1984.0000,1984.0000,1984.0000,1984.0000,1984.0000,1984.0000,1984.0000,1984.0000,1984.0000,1984.0000,1984.0000,1984.0000
2024-11-08 11:48:07, , , ,23.0000,1984.0000,1984.0000,1984.0000,1984.0000,1984.0000,1984.0000,1984.0000,1984.0000,1984.0000,1984.0000,1984.0000,1984.0000,1984.0000,1984.0000
2024-11-08 11:48:08, , , ,23.1000,1984.0000,1984.0000,1984.0000,1984.0000,1984.0000,1984.0000,1984.0000,1984.0000,1984.0000,1984.0000,1984.0000,1984.0000,1984.0000,1984.0000
2024-11-08 11:48:08, , , ,23.1000,1984.0000,1984.0000,1984.0000,1984.0000,1984.0000,1984.0000,1984.0000,1984.0000,1984.0000,1984.0000,1984.0000,1984.0000,1984.0000,1984.0000
2024-11-08 11:48:08, , , ,23.1000,1984.0000,1984.0000,1984.0000,1984.0000,1984.0000,1984.0000,1984.0000,1984.0000,1984.0000,1984.0000,1984.0000,1984.0000,1984.0000,1984.0000
2024-11-08 11:48:08, , , ,23.1000,1984.0000,1984.0000,1984.0000,1984.0000,1984.0000,1984.0000,1984.0000,1984.0000,1984.0000,1984.0000,1984.0000,1984.0000,1984.0000,1984.0000
2024-11-08 11:48:08, , , ,23.0000,1984.0000,1984.0000,1984.0000,1984.0000,1984.0000,1984.0000,1984.0000,1984.0000,1984.0000,1984.0000,1984.0000,1984.0000,1984.0000,1984.0000
2024-11-08 11:48:08, , , ,23.0000,1984.0000,1984.0000,1984.0000,1984.0000,1984.0000,1984.0000,1984.0000,1984.0000,1984.0000,1984.0000,1984.0000,1984.0000,1984.0000,1984.0000
2024-11-08 11:48:09, , , ,23.0000,1984.0000,1984.0000,1984.0000,1984.0000,1984.0000,1984.0000,1984.0000,1984.0000,1984.0000,1984.0000,1984.0000,1984.0000,1984.0000,1984.0000
2024-11-08 11:48:09, , , ,23.0000,1984.0000,1984.0000,1984.0000,1984.0000,1984.0000,1984.0000,1984.0000,1984.0000,1984.0000,1984.0000,1984.0000,1984.0000,1984.0000,1984.0000
2024-11-08 11:48:09, , , ,23.0000,1984.0000,1984.0000,1984.0000,1984.0000,1984.0000,1984.0000,1984.0000,1984.0000,1984.0000,1984.0000,1984.0000,1984.0000,1984.0000,1984.0000
2024-11-08 11:48:09, , , ,23.1000,1984.0000,1984.0000,1984.0000,1984.0000,1984.0000,1984.0000,1984.0000,1984.0000,1984.0000,1984.0000,1984.0000,1984.0000,1984.0000,1984.0000
2024-11-08 11:48:09, , , ,23.1000,1984.0000,1984.0000,1984.0000,1984.0000,1984.0000,1984.0000,1984.0000,1984.0000,1984.0000,1984.0000,1984.0000,1984.0000,1984.0000,1984.0000
2024-11-08 11:48:09, , , ,23.1000,1984.0000,1984.0000,1984.0000,1984.0000,1984.0000,1984.0000,1984.0000,1984.0000,1984.0000,1984.0000,1984.0000,1984.0000,1984.0000,1984.0000
2024-11-08 11:48:10, , , ,23.1000,1984.0000,1984.0000,1984.0000,1984.0000,1984.0000,1984.0000,1984.0000,1984.0000,1984.0000,1984.0000,1984.0000,1984.0000,1984.0000,1984.0000
2024-11-08 11:48:10, , , ,23.1000,1984.0000,1984.0000,1984.0000,1984.0000,1984.0000,1984.0000,1984.0000,1984.0000,1984.0000,1984.0000,1984.0000,1984.0000,1984.0000,1984.0000
2024-11-08 11:48:10, , , ,23.1000,1984.0000,1984.0000,1984.0000,1984.0000,1984.0000,1984.0000,1984.0000,1984.0000,1984.0000,1984.0000,1984.0000,1984.0000,1984.0000,1984.0000
2024-11-08 11:48:10, , , ,23.1000,1984.0000,1984.0000,1984.0000,1984.0000,1984.0000,1984.0000,1984.0000,1984.0000,1984.0000,1984.0000,1984.0000,1984.0000,1984.0000,1984.0000
2024-11-08 11:48:10, , , ,23.1000,1984.0000,1984.0000,1984.0000,1984.0000,1984.0000,1984.0000,1984.0000,1984.0000,1984.0000,1984.0000,1984.0000,1984.0000,1984.0000,1984.0000
2024-11-08 11:48:10, , , ,23.1000,1984.0000,1984.0000,1984.0000,1984.0000,1984.0000,1984.0000,1984.0000,1984.0000,1984.0000,1984.0000,1984.0000,1984.0000,1984.0000,1984.0000
2024-11-08 11:48:11, , , ,23.1000,1984.0000,1984.0000,1984.0000,1984.0000,1984.0000,1984.0000,1984.0000,1984.0000,1984.0000,1984.0000,1984.0000,1984.0000,1984.0000,1984.0000
2024-11-08 11:48:11, , , ,23.1000,1984.0000,1984.0000,1984.0000,1984.0000,1984.0000,1984.0000,1984.0000,1984.0000,1984.0000,1984.0000,1984.0000,1984.0000,1984.0000,1984.0000
2024-11-08 11:48:11, , , ,23.0000,1984.0000,1984.0000,1984.0000,1984.0000,1984.0000,1984.0000,1984.0000,1984.0000,1984.0000,1984.0000,1984.0000,1984.0000,1984.0000,1984.0000
2024-11-08 11:48:11, , , ,23.0000,1984.0000,1984.0000,1984.0000,1984.0000,1984.0000,1984.0000,1984.0000,1984.0000,1984.0000,1984.0000,1984.0000,1984.0000,1984.0000,1984.0000
2024-11-08 11:48:11, , , ,23.0000,1984.0000,1984.0000,1984.0000,1984.0000,1984.0000,1984.0000,1984.0000,1984.0000,1984.0000,1984.0000,1984.0000,1984.0000,1984.0000,1984.0000
2024-11-08 11:48:11, , , ,23.1000,1984.0000,1984.0000,1984.0000,1984.0000,1984.0000,1984.0000,1984.0000,1984.0000,1984.0000,1984.0000,1984.0000,1984.0000,1984.0000,1984.0000
2024-11-08 11:48:11, , , ,23.1000,1984.0000,1984.0000,1984.0000,1984.0000,1984.0000,1984.0000,1984.0000,1984.0000,1984.0000,1984.0000,1984.0000,1984.0000,1984.0000,1984.0000
2024-11-08 11:48:12, , , ,23.1000,1984.0000,1984.0000,1984.0000,1984.0000,1984.0000,1984.0000,1984.0000,1984.0000,1984.0000,1984.0000,1984.0000,1984.0000,1984.0000,1984.0000
2024-11-08 11:48:12, , , ,23.1000,1984.0000,1984.0000,1984.0000,1984.0000,1984.0000,1984.0000,1984.0000,1984.0000,1984.0000,1984.0000,1984.0000,1984.0000,1984.0000,1984.0000
2024-11-08 11:48:12, , , ,23.1000,1984.0000,1984.0000,1984.0000,1984.0000,1984.0000,1984.0000,1984.0000,1984.0000,1984.0000,1984.0000,1984.0000,1984.0000,1984.0000,1984.0000
2024-11-08 11:48:12, , , ,23.0000,1984.0000,1984.0000,1984.0000,1984.0000,1984.0000,1984.0000,1984.0000,1984.0000,1984.0000,1984.0000,1984.0000,1984.0000,1984.0000,1984.0000
2024-11-08 11:48:12, , , ,23.0000,1984.0000,1984.0000,1984.0000,1984.0000,1984.0000,1984.0000,1984.0000,1984.0000,1984.0000,1984.0000,1984.0000,1984.0000,1984.0000,1984.0000
2024-11-08 11:48:12, , , ,23.0000,1984.0000,1984.0000,1984.0000,1984.0000,1984.0000,1984.0000,1984.0000,1984.0000,1984.0000,1984.0000,1984.0000,1984.0000,1984.0000,1984.0000
2024-11-08 11:48:13, , , ,23.0000,1984.0000,1984.0000,1984.0000,1984.0000,1984.0000,1984.0000,1984.0000,1984.0000,1984.0000,1984.0000,1984.0000,1984.0000,1984.0000,1984.0000
2024-11-08 11:48:13, , , ,23.0000,1984.0000,1984.0000,1984.0000,1984.0000,1984.0000,1984.0000,1984.0000,1984.0000,1984.0000,1984.0000,1984.0000,1984.0000,1984.0000,1984.0000
2024-11-08 11:48:13, , , ,23.0000,1984.0000,1984.0000,1984.0000,1984.0000,1984.0000,1984.0000,1984.0000,1984.0000,1984.0000,1984.0000,1984.0000,1984.0000,1984.0000,1984.0000
2024-11-08 11:48:13, , , ,23.0000,1984.0000,1984.0000,1984.0000,1984.0000,1984.0000,1984.0000,1984.0000,1984.0000,1984.0000,1984.0000,1984.0000,1984.0000,1984.0000,1984.0000
2024-11-08 11:48:13, , , ,23.0000,1984.0000,1984.0000,1984.0000,1984.0000,1984.0000,1984.0000,1984.0000,1984.0000,1984.0000,1984.0000,1984.0000,1984.0000,1984.0000,1984.0000
2024-11-08 11:48:13, , , ,23.0000,1984.0000,1984.0000,1984.0000,1984.0000,1984.0000,1984.0000,1984.0000,1984.0000,1984.0000,1984.0000,1984.0000,1984.0000,1984.0000,1984.0000
2024-11-08 11:48:14, , , ,23.0000,1984.0000,1984.0000,1984.0000,1984.0000,1984.0000,1984.0000,1984.0000,1984.0000,1984.0000,1984.0000,1984.0000,1984.0000,1984.0000,1984.0000
2024-11-08 11:48:14, , , ,23.0000,1984.0000,1984.0000,1984.0000,1984.0000,1984.0000,1984.0000,1984.0000,1984.0000,1984.0000,1984.0000,1984.0000,1984.0000,1984.0000,1984.0000
2024-11-08 11:48:14, , , ,23.0000,1984.0000,1984.0000,1984.0000,1984.0000,1984.0000,1984.0000,1984.0000,1984.0000,1984.0000,1984.0000,1984.0000,1984.0000,1984.0000,1984.0000
2024-11-08 11:48:14, , , ,23.0000,1984.0000,1984.0000,1984.0000,1984.0000,1984.0000,1984.0000,1984.0000,1984.0000,1984.0000,1984.0000,1984.0000,1984.0000,1984.0000,1984.0000
2024-11-08 11:48:14, , , ,23.0000,1984.0000,1984.0000,1984.0000,1984.0000,1984.0000,1984.0000,1984.0000,1984.0000,1984.0000,1984.0000,1984.0000,1984.0000,1984.0000,1984.0000
2024-11-08 11:48:14, , , ,23.0000,1984.0000,1984.0000,1984.0000,1984.0000,1984.0000,1984.0000,1984.0000,1984.0000,1984.0000,1984.0000,1984.0000,1984.0000,1984.0000,1984.0000
2024-11-08 11:48:15, , , ,23.0000,1984.0000,1984.0000,1984.0000,1984.0000,1984.0000,1984.0000,1984.0000,1984.0000,1984.0000,1984.0000,1984.0000,1984.0000,1984.0000,1984.0000
2024-11-08 11:48:15, , , ,23.1000,1984.0000,1984.0000,1984.0000,1984.0000,1984.0000,1984.0000,1984.0000,1984.0000,1984.0000,1984.0000,1984.0000,1984.0000,1984.0000,1984.0000
2024-11-08 11:48:15, , , ,23.1000,1984.0000,1984.0000,1984.0000,1984.0000,1984.0000,1984.0000,1984.0000,1984.0000,1984.0000,1984.0000,1984.0000,1984.0000,1984.0000,1984.0000
2024-11-08 11:48:15, , , ,23.1000,1984.0000,1984.0000,1984.0000,1984.0000,1984.0000,1984.0000,1984.0000,1984.0000,1984.0000,1984.0000,1984.0000,1984.0000,1984.0000,1984.0000
2024-11-08 11:48:15, , , ,23.1000,1984.0000,1984.0000,1984.0000,1984.0000,1984.0000,1984.0000,1984.0000,1984.0000,1984.0000,1984.0000,1984.0000,1984.0000,1984.0000,1984.0000
2024-11-08 11:48:15, , , ,23.1000,1984.0000,1984.0000,1984.0000,1984.0000,1984.0000,1984.0000,1984.0000,1984.0000,1984.0000,1984.0000,1984.0000,1984.0000,1984.0000,1984.0000
2024-11-08 11:48:16, , , ,23.0000,1984.0000,1984.0000,1984.0000,1984.0000,1984.0000,1984.0000,1984.0000,1984.0000,1984.0000,1984.0000,1984.0000,1984.0000,1984.0000,1984.0000
2024-11-08 11:48:16, , , ,23.0000,1984.0000,1984.0000,1984.0000,1984.0000,1984.0000,1984.0000,1984.0000,1984.0000,1984.0000,1984.0000,1984.0000,1984.0000,1984.0000,1984.0000
2024-11-08 11:48:16, , , ,23.0000,1984.0000,1984.0000,1984.0000,1984.0000,1984.0000,1984.0000,1984.0000,1984.0000,1984.0000,1984.0000,1984.0000,1984.0000,1984.0000,1984.0000
2024-11-08 11:48:16, , , ,23.0000,1984.0000,1984.0000,1984.0000,1984.0000,1984.0000,1984.0000,1984.0000,1984.0000,1984.0000,1984.0000,1984.0000,1984.0000,1984.0000,1984.0000
2024-11-08 11:48:16, , , ,23.1000,1984.0000,1984.0000,1984.0000,1984.0000,1984.0000,1984.0000,1984.0000,1984.0000,1984.0000,1984.0000,1984.0000,1984.0000,1984.0000,1984.0000
2024-11-08 11:48:16, , , ,23.1000,1984.0000,1984.0000,1984.0000,1984.0000,1984.0000,1984.0000,1984.0000,1984.0000,1984.0000,1984.0000,1984.0000,1984.0000,1984.0000,1984.0000
2024-11-08 11:48:17, , , ,23.1000,1984.0000,1984.0000,1984.0000,1984.0000,1984.0000,1984.0000,1984.0000,1984.0000,1984.0000,1984.0000,1984.0000,1984.0000,1984.0000,1984.0000
2024-11-08 11:48:17, , , ,23.0000,1984.0000,1984.0000,1984.0000,1984.0000,1984.0000,1984.0000,1984.0000,1984.0000,1984.0000,1984.0000,1984.0000,1984.0000,1984.0000,1984.0000
2024-11-08 11:48:17, , , ,23.0000,1984.0000,1984.0000,1984.0000,1984.0000,1984.0000,1984.0000,1984.0000,1984.0000,1984.0000,1984.0000,1984.0000,1984.0000,1984.0000,1984.0000
2024-11-08 11:48:17, , , ,23.0000,1984.0000,1984.0000,1984.0000,1984.0000,1984.0000,1984.0000,1984.0000,1984.0000,1984.0000,1984.0000,1984.0000,1984.0000,1984.0000,1984.0000
2024-11-08 11:48:17, , , ,23.0000,1984.0000,1984.0000,1984.0000,1984.0000,1984.0000,1984.0000,1984.0000,1984.0000,1984.0000,1984.0000,1984.0000,1984.0000,1984.0000,1984.0000
2024-11-08 11:48:17, , , ,23.0000,1984.0000,1984.0000,1984.0000,1984.0000,1984.0000,1984.0000,1984.0000,1984.0000,1984.0000,1984.0000,1984.0000,1984.0000,1984.0000,1984.0000
2024-11-08 11:48:18, , , ,23.0000,1984.0000,1984.0000,1984.0000,1984.0000,1984.0000,1984.0000,1984.0000,1984.0000,1984.0000,1984.0000,1984.0000,1984.0000,1984.0000,1984.0000
2024-11-08 11:48:18, , , ,23.0000,1984.0000,1984.0000,1984.0000,1984.0000,1984.0000,1984.0000,1984.0000,1984.0000,1984.0000,1984.0000,1984.0000,1984.0000,1984.0000,1984.0000
2024-11-08 11:48:18, , , ,23.0000,1984.0000,1984.0000,1984.0000,1984.0000,1984.0000,1984.0000,1984.0000,1984.0000,1984.0000,1984.0000,1984.0000,1984.0000,1984.0000,1984.0000
2024-11-08 11:48:18, , , ,23.0000,1984.0000,1984.0000,1984.0000,1984.0000,1984.0000,1984.0000,1984.0000,1984.0000,1984.0000,1984.0000,1984.0000,1984.0000,1984.0000,1984.0000
2024-11-08 11:48:18, , , ,23.0000,1984.0000,1984.0000,1984.0000,1984.0000,1984.0000,1984.0000,1984.0000,1984.0000,1984.0000,1984.0000,1984.0000,1984.0000,1984.0000,1984.0000
2024-11-08 11:48:18, , , ,23.0000,1984.0000,1984.0000,1984.0000,1984.0000,1984.0000,1984.0000,1984.0000,1984.0000,1984.0000,1984.0000,1984.0000,1984.0000,1984.0000,1984.0000
2024-11-08 11:48:19, , , ,23.0000,1984.0000,1984.0000,1984.0000,1984.0000,1984.0000,1984.0000,1984.0000,1984.0000,1984.0000,1984.0000,1984.0000,1984.0000,1984.0000,1984.0000
2024-11-08 11:48:19, , , ,23.0000,1984.0000,1984.0000,1984.0000,1984.0000,1984.0000,1984.0000,1984.0000,1984.0000,1984.0000,1984.0000,1984.0000,1984.0000,1984.0000,1984.0000
2024-11-08 11:48:19, , , ,23.0000,1984.0000,1984.0000,1984.0000,1984.0000,1984.0000,1984.0000,1984.0000,1984.0000,1984.0000,1984.0000,1984.0000,1984.0000,1984.0000,1984.0000
2024-11-08 11:48:19, , , ,23.0000,1984.0000,1984.0000,1984.0000,1984.0000,1984.0000,1984.0000,1984.0000,1984.0000,1984.0000,1984.0000,1984.0000,1984.0000,1984.0000,1984.0000
2024-11-08 11:48:19, , , ,23.0000,1984.0000,1984.0000,1984.0000,1984.0000,1984.0000,1984.0000,1984.0000,1984.0000,1984.0000,1984.0000,1984.0000,1984.0000,1984.0000,1984.0000
2024-11-08 11:48:19, , , ,23.0000,1984.0000,1984.0000,1984.0000,1984.0000,1984.0000,1984.0000,1984.0000,1984.0000,1984.0000,1984.0000,1984.0000,1984.0000,1984.0000,1984.0000
2024-11-08 11:48:20, , , ,23.0000,1984.0000,1984.0000,1984.0000,1984.0000,1984.0000,1984.0000,1984.0000,1984.0000,1984.0000,1984.0000,1984.0000,1984.0000,1984.0000,1984.0000
2024-11-08 11:48:20, , , ,23.0000,1984.0000,1984.0000,1984.0000,1984.0000,1984.0000,1984.0000,1984.0000,1984.0000,1984.0000,1984.0000,1984.0000,1984.0000,1984.0000,1984.0000
2024-11-08 11:48:20, , , ,23.0000,1984.0000,1984.0000,1984.0000,1984.0000,1984.0000,1984.0000,1984.0000,1984.0000,1984.0000,1984.0000,1984.0000,1984.0000,1984.0000,1984.0000
2024-11-08 11:48:20, , , ,23.0000,1984.0000,1984.0000,1984.0000,1984.0000,1984.0000,1984.0000,1984.0000,1984.0000,1984.0000,1984.0000,1984.0000,1984.0000,1984.0000,1984.0000
2024-11-08 11:48:20, , , ,23.1000,1984.0000,1984.0000,1984.0000,1984.0000,1984.0000,1984.0000,1984.0000,1984.0000,1984.0000,1984.0000,1984.0000,1984.0000,1984.0000,1984.0000
2024-11-08 11:48:20, , , ,23.1000,1984.0000,1984.0000,1984.0000,1984.0000,1984.0000,1984.0000,1984.0000,1984.0000,1984.0000,1984.0000,1984.0000,1984.0000,1984.0000,1984.0000
2024-11-08 11:48:21, , , ,23.0000,1984.0000,1984.0000,1984.0000,1984.0000,1984.0000,1984.0000,1984.0000,1984.0000,1984.0000,1984.0000,1984.0000,1984.0000,1984.0000,1984.0000
2024-11-08 11:48:21, , , ,23.0000,1984.0000,1984.0000,1984.0000,1984.0000,1984.0000,1984.0000,1984.0000,1984.0000,1984.0000,1984.0000,1984.0000,1984.0000,1984.0000,1984.0000
2024-11-08 11:48:21, , , ,23.0000,1984.0000,1984.0000,1984.0000,1984.0000,1984.0000,1984.0000,1984.0000,1984.0000,1984.0000,1984.0000,1984.0000,1984.0000,1984.0000,1984.0000
2024-11-08 11:48:21, , , ,23.0000,1984.0000,1984.0000,1984.0000,1984.0000,1984.0000,1984.0000,1984.0000,1984.0000,1984.0000,1984.0000,1984.0000,1984.0000,1984.0000,1984.0000
2024-11-08 11:48:21, , , ,23.0000,1984.0000,1984.0000,1984.0000,1984.0000,1984.0000,1984.0000,1984.0000,1984.0000,1984.0000,1984.0000,1984.0000,1984.0000,1984.0000,1984.0000
2024-11-08 11:48:21, , , ,23.0000,1984.0000,1984.0000,1984.0000,1984.0000,1984.0000,1984.0000,1984.0000,1984.0000,1984.0000,1984.0000,1984.0000,1984.0000,1984.0000,1984.0000
2024-11-08 11:48:22, , , ,23.1000,1984.0000,1984.0000,1984.0000,1984.0000,1984.0000,1984.0000,1984.0000,1984.0000,1984.0000,1984.0000,1984.0000,1984.0000,1984.0000,1984.0000
2024-11-08 11:48:22, , , ,23.1000,1984.0000,1984.0000,1984.0000,1984.0000,1984.0000,1984.0000,1984.0000,1984.0000,1984.0000,1984.0000,1984.0000,1984.0000,1984.0000,1984.0000
2024-11-08 11:48:22, , , ,23.1000,1984.0000,1984.0000,1984.0000,1984.0000,1984.0000,1984.0000,1984.0000,1984.0000,1984.0000,1984.0000,1984.0000,1984.0000,1984.0000,1984.0000
2024-11-08 11:48:22, , , ,23.1000,1984.0000,1984.0000,1984.0000,1984.0000,1984.0000,1984.0000,1984.0000,1984.0000,1984.0000,1984.0000,1984.0000,1984.0000,1984.0000,1984.0000
2024-11-08 11:48:22, , , ,23.1000,1984.0000,1984.0000,1984.0000,1984.0000,1984.0000,1984.0000,1984.0000,1984.0000,1984.0000,1984.0000,1984.0000,1984.0000,1984.0000,1984.0000
2024-11-08 11:48:22, , , ,23.0000,1984.0000,1984.0000,1984.0000,1984.0000,1984.0000,1984.0000,1984.0000,1984.0000,1984.0000,1984.0000,1984.0000,1984.0000,1984.0000,1984.0000
2024-11-08 11:48:23, , , ,23.0000,1984.0000,1984.0000,1984.0000,1984.0000,1984.0000,1984.0000,1984.0000,1984.0000,1984.0000,1984.0000,1984.0000,1984.0000,1984.0000,1984.0000
2024-11-08 11:48:23, , , ,23.0000,1984.0000,1984.0000,1984.0000,1984.0000,1984.0000,1984.0000,1984.0000,1984.0000,1984.0000,1984.0000,1984.0000,1984.0000,1984.0000,1984.0000
2024-11-08 11:48:23, , , ,23.0000,1984.0000,1984.0000,1984.0000,1984.0000,1984.0000,1984.0000,1984.0000,1984.0000,1984.0000,1984.0000,1984.0000,1984.0000,1984.0000,1984.0000
2024-11-08 11:48:23, , , ,23.1000,1984.0000,1984.0000,1984.0000,1984.0000,1984.0000,1984.0000,1984.0000,1984.0000,1984.0000,1984.0000,1984.0000,1984.0000,1984.0000,1984.0000
2024-11-08 11:48:23, , , ,23.0000,1984.0000,1984.0000,1984.0000,1984.0000,1984.0000,1984.0000,1984.0000,1984.0000,1984.0000,1984.0000,1984.0000,1984.0000,1984.0000,1984.0000
2024-11-08 11:48:23, , , ,23.0000,1984.0000,1984.0000,1984.0000,1984.0000,1984.0000,1984.0000,1984.0000,1984.0000,1984.0000,1984.0000,1984.0000,1984.0000,1984.0000,1984.0000
2024-11-08 11:48:24, , , ,23.0000,1984.0000,1984.0000,1984.0000,1984.0000,1984.0000,1984.0000,1984.0000,1984.0000,1984.0000,1984.0000,1984.0000,1984.0000,1984.0000,1984.0000
2024-11-08 11:48:24, , , ,23.0000,1984.0000,1984.0000,1984.0000,1984.0000,1984.0000,1984.0000,1984.0000,1984.0000,1984.0000,1984.0000,1984.0000,1984.0000,1984.0000,1984.0000
2024-11-08 11:48:24, , , ,23.0000,1984.0000,1984.0000,1984.0000,1984.0000,1984.0000,1984.0000,1984.0000,1984.0000,1984.0000,1984.0000,1984.0000,1984.0000,1984.0000,1984.0000
2024-11-08 11:48:24, , , ,23.0000,1984.0000,1984.0000,1984.0000,1984.0000,1984.0000,1984.0000,1984.0000,1984.0000,1984.0000,1984.0000,1984.0000,1984.0000,1984.0000,1984.0000
2024-11-08 11:48:24, , , ,23.0000,1984.0000,1984.0000,1984.0000,1984.0000,1984.0000,1984.0000,1984.0000,1984.0000,1984.0000,1984.0000,1984.0000,1984.0000,1984.0000,1984.0000
2024-11-08 11:48:24, , , ,23.0000,1984.0000,1984.0000,1984.0000,1984.0000,1984.0000,1984.0000,1984.0000,1984.0000,1984.0000,1984.0000,1984.0000,1984.0000,1984.0000,1984.0000
2024-11-08 11:48:25, , , ,22.9000,1984.0000,1984.0000,1984.0000,1984.0000,1984.0000,1984.0000,1984.0000,1984.0000,1984.0000,1984.0000,1984.0000,1984.0000,1984.0000,1984.0000
2024-11-08 11:48:25, , , ,22.9000,1984.0000,1984.0000,1984.0000,1984.0000,1984.0000,1984.0000,1984.0000,1984.0000,1984.0000,1984.0000,1984.0000,1984.0000,1984.0000,1984.0000
2024-11-08 11:48:25, , , ,22.9000,1984.0000,1984.0000,1984.0000,1984.0000,1984.0000,1984.0000,1984.0000,1984.0000,1984.0000,1984.0000,1984.0000,1984.0000,1984.0000,1984.0000
2024-11-08 11:48:25, , , ,22.9000,1984.0000,1984.0000,1984.0000,1984.0000,1984.0000,1984.0000,1984.0000,1984.0000,1984.0000,1984.0000,1984.0000,1984.0000,1984.0000,1984.0000
2024-11-08 11:48:25, , , ,23.0000,1984.0000,1984.0000,1984.0000,1984.0000,1984.0000,1984.0000,1984.0000,1984.0000,1984.0000,1984.0000,1984.0000,1984.0000,1984.0000,1984.0000
2024-11-08 11:48:25, , , ,23.0000,1984.0000,1984.0000,1984.0000,1984.0000,1984.0000,1984.0000,1984.0000,1984.0000,1984.0000,1984.0000,1984.0000,1984.0000,1984.0000,1984.0000
2024-11-08 11:48:26, , , ,23.0000,1984.0000,1984.0000,1984.0000,1984.0000,1984.0000,1984.0000,1984.0000,1984.0000,1984.0000,1984.0000,1984.0000,1984.0000,1984.0000,1984.0000
2024-11-08 11:48:26, , , ,23.0000,1984.0000,1984.0000,1984.0000,1984.0000,1984.0000,1984.0000,1984.0000,1984.0000,1984.0000,1984.0000,1984.0000,1984.0000,1984.0000,1984.0000
2024-11-08 11:48:26, , , ,23.0000,1984.0000,1984.0000,1984.0000,1984.0000,1984.0000,1984.0000,1984.0000,1984.0000,1984.0000,1984.0000,1984.0000,1984.0000,1984.0000,1984.0000
2024-11-08 11:48:26, , , ,23.0000,1984.0000,1984.0000,1984.0000,1984.0000,1984.0000,1984.0000,1984.0000,1984.0000,1984.0000,1984.0000,1984.0000,1984.0000,1984.0000,1984.0000
2024-11-08 11:48:26, , , ,23.0000,1984.0000,1984.0000,1984.0000,1984.0000,1984.0000,1984.0000,1984.0000,1984.0000,1984.0000,1984.0000,1984.0000,1984.0000,1984.0000,1984.0000
2024-11-08 11:48:26, , , ,23.1000,1984.0000,1984.0000,1984.0000,1984.0000,1984.0000,1984.0000,1984.0000,1984.0000,1984.0000,1984.0000,1984.0000,1984.0000,1984.0000,1984.0000
2024-11-08 11:48:27, , , ,23.1000,1984.0000,1984.0000,1984.0000,1984.0000,1984.0000,1984.0000,1984.0000,1984.0000,1984.0000,1984.0000,1984.0000,1984.0000,1984.0000,1984.0000
2024-11-08 11:48:27, , , ,23.1000,1984.0000,1984.0000,1984.0000,1984.0000,1984.0000,1984.0000,1984.0000,1984.0000,1984.0000,1984.0000,1984.0000,1984.0000,1984.0000,1984.0000
2024-11-08 11:48:27, , , ,23.0000,1984.0000,1984.0000,1984.0000,1984.0000,1984.0000,1984.0000,1984.0000,1984.0000,1984.0000,1984.0000,1984.0000,1984.0000,1984.0000,1984.0000
2024-11-08 11:48:27, , , ,23.0000,1984.0000,1984.0000,1984.0000,1984.0000,1984.0000,1984.0000,1984.0000,1984.0000,1984.0000,1984.0000,1984.0000,1984.0000,1984.0000,1984.0000
2024-11-08 11:48:27, , , ,23.0000,1984.0000,1984.0000,1984.0000,1984.0000,1984.0000,1984.0000,1984.0000,1984.0000,1984.0000,1984.0000,1984.0000,1984.0000,1984.0000,1984.0000
2024-11-08 11:48:27, , , ,23.1000,1984.0000,1984.0000,1984.0000,1984.0000,1984.0000,1984.0000,1984.0000,1984.0000,1984.0000,1984.0000,1984.0000,1984.0000,1984.0000,1984.0000
2024-11-08 11:48:28, , , ,23.0000,1984.0000,1984.0000,1984.0000,1984.0000,1984.0000,1984.0000,1984.0000,1984.0000,1984.0000,1984.0000,1984.0000,1984.0000,1984.0000,1984.0000
2024-11-08 11:48:28, , , ,23.1000,1984.0000,1984.0000,1984.0000,1984.0000,1984.0000,1984.0000,1984.0000,1984.0000,1984.0000,1984.0000,1984.0000,1984.0000,1984.0000,1984.0000
2024-11-08 11:48:28, , , ,23.1000,1984.0000,1984.0000,1984.0000,1984.0000,1984.0000,1984.0000,1984.0000,1984.0000,1984.0000,1984.0000,1984.0000,1984.0000,1984.0000,1984.0000
2024-11-08 11:48:28, , , ,23.1000,1984.0000,1984.0000,1984.0000,1984.0000,1984.0000,1984.0000,1984.0000,1984.0000,1984.0000,1984.0000,1984.0000,1984.0000,1984.0000,1984.0000
2024-11-08 11:48:28, , , ,23.0000,1984.0000,1984.0000,1984.0000,1984.0000,1984.0000,1984.0000,1984.0000,1984.0000,1984.0000,1984.0000,1984.0000,1984.0000,1984.0000,1984.0000
2024-11-08 11:48:28, , , ,23.0000,1984.0000,1984.0000,1984.0000,1984.0000,1984.0000,1984.0000,1984.0000,1984.0000,1984.0000,1984.0000,1984.0000,1984.0000,1984.0000,1984.0000
2024-11-08 11:48:29, , , ,23.0000,1984.0000,1984.0000,1984.0000,1984.0000,1984.0000,1984.0000,1984.0000,1984.0000,1984.0000,1984.0000,1984.0000,1984.0000,1984.0000,1984.0000
2024-11-08 11:48:29, , , ,23.0000,1984.0000,1984.0000,1984.0000,1984.0000,1984.0000,1984.0000,1984.0000,1984.0000,1984.0000,1984.0000,1984.0000,1984.0000,1984.0000,1984.0000
2024-11-08 11:48:29, , , ,23.0000,1984.0000,1984.0000,1984.0000,1984.0000,1984.0000,1984.0000,1984.0000,1984.0000,1984.0000,1984.0000,1984.0000,1984.0000,1984.0000,1984.0000
2024-11-08 11:48:29, , , ,23.0000,1984.0000,1984.0000,1984.0000,1984.0000,1984.0000,1984.0000,1984.0000,1984.0000,1984.0000,1984.0000,1984.0000,1984.0000,1984.0000,1984.0000
2024-11-08 11:48:29, , , ,23.0000,1984.0000,1984.0000,1984.0000,1984.0000,1984.0000,1984.0000,1984.0000,1984.0000,1984.0000,1984.0000,1984.0000,1984.0000,1984.0000,1984.0000
2024-11-08 11:48:29, , , ,23.0000,1984.0000,1984.0000,1984.0000,1984.0000,1984.0000,1984.0000,1984.0000,1984.0000,1984.0000,1984.0000,1984.0000,1984.0000,1984.0000,1984.0000
2024-11-08 11:48:30, , , ,23.0000,1984.0000,1984.0000,1984.0000,1984.0000,1984.0000,1984.0000,1984.0000,1984.0000,1984.0000,1984.0000,1984.0000,1984.0000,1984.0000,1984.0000
2024-11-08 11:48:30, , , ,23.0000,1984.0000,1984.0000,1984.0000,1984.0000,1984.0000,1984.0000,1984.0000,1984.0000,1984.0000,1984.0000,1984.0000,1984.0000,1984.0000,1984.0000
2024-11-08 11:48:30, , , ,23.0000,1984.0000,1984.0000,1984.0000,1984.0000,1984.0000,1984.0000,1984.0000,1984.0000,1984.0000,1984.0000,1984.0000,1984.0000,1984.0000,1984.0000
2024-11-08 11:48:30, , , ,23.0000,1984.0000,1984.0000,1984.0000,1984.0000,1984.0000,1984.0000,1984.0000,1984.0000,1984.0000,1984.0000,1984.0000,1984.0000,1984.0000,1984.0000
2024-11-08 11:48:30, , , ,23.0000,1984.0000,1984.0000,1984.0000,1984.0000,1984.0000,1984.0000,1984.0000,1984.0000,1984.0000,1984.0000,1984.0000,1984.0000,1984.0000,1984.0000
2024-11-08 11:48:30, , , ,23.0000,1984.0000,1984.0000,1984.0000,1984.0000,1984.0000,1984.0000,1984.0000,1984.0000,1984.0000,1984.0000,1984.0000,1984.0000,1984.0000,1984.0000
2024-11-08 11:48:31, , , ,23.0000,1984.0000,1984.0000,1984.0000,1984.0000,1984.0000,1984.0000,1984.0000,1984.0000,1984.0000,1984.0000,1984.0000,1984.0000,1984.0000,1984.0000
2024-11-08 11:48:31, , , ,23.0000,1984.0000,1984.0000,1984.0000,1984.0000,1984.0000,1984.0000,1984.0000,1984.0000,1984.0000,1984.0000,1984.0000,1984.0000,1984.0000,1984.0000
2024-11-08 11:48:31, , , ,23.0000,1984.0000,1984.0000,1984.0000,1984.0000,1984.0000,1984.0000,1984.0000,1984.0000,1984.0000,1984.0000,1984.0000,1984.0000,1984.0000,1984.0000
2024-11-08 11:48:31, , , ,23.0000,1984.0000,1984.0000,1984.0000,1984.0000,1984.0000,1984.0000,1984.0000,1984.0000,1984.0000,1984.0000,1984.0000,1984.0000,1984.0000,1984.0000
2024-11-08 11:48:31, , , ,23.0000,1984.0000,1984.0000,1984.0000,1984.0000,1984.0000,1984.0000,1984.0000,1984.0000,1984.0000,1984.0000,1984.0000,1984.0000,1984.0000,1984.0000
2024-11-08 11:48:31, , , ,23.0000,1984.0000,1984.0000,1984.0000,1984.0000,1984.0000,1984.0000,1984.0000,1984.0000,1984.0000,1984.0000,1984.0000,1984.0000,1984.0000,1984.0000
2024-11-08 11:48:32, , , ,23.0000,1984.0000,1984.0000,1984.0000,1984.0000,1984.0000,1984.0000,1984.0000,1984.0000,1984.0000,1984.0000,1984.0000,1984.0000,1984.0000,1984.0000
2024-11-08 11:48:32, , , ,23.0000,1984.0000,1984.0000,1984.0000,1984.0000,1984.0000,1984.0000,1984.0000,1984.0000,1984.0000,1984.0000,1984.0000,1984.0000,1984.0000,1984.0000
2024-11-08 11:48:32, , , ,23.0000,1984.0000,1984.0000,1984.0000,1984.0000,1984.0000,1984.0000,1984.0000,1984.0000,1984.0000,1984.0000,1984.0000,1984.0000,1984.0000,1984.0000
2024-11-08 11:48:32, , , ,23.0000,1984.0000,1984.0000,1984.0000,1984.0000,1984.0000,1984.0000,1984.0000,1984.0000,1984.0000,1984.0000,1984.0000,1984.0000,1984.0000,1984.0000
2024-11-08 11:48:32, , , ,23.0000,1984.0000,1984.0000,1984.0000,1984.0000,1984.0000,1984.0000,1984.0000,1984.0000,1984.0000,1984.0000,1984.0000,1984.0000,1984.0000,1984.0000
2024-11-08 11:48:32, , , ,23.1000,1984.0000,1984.0000,1984.0000,1984.0000,1984.0000,1984.0000,1984.0000,1984.0000,1984.0000,1984.0000,1984.0000,1984.0000,1984.0000,1984.0000
2024-11-08 11:48:33, , , ,23.1000,1984.0000,1984.0000,1984.0000,1984.0000,1984.0000,1984.0000,1984.0000,1984.0000,1984.0000,1984.0000,1984.0000,1984.0000,1984.0000,1984.0000
2024-11-08 11:48:33, , , ,23.1000,1984.0000,1984.0000,1984.0000,1984.0000,1984.0000,1984.0000,1984.0000,1984.0000,1984.0000,1984.0000,1984.0000,1984.0000,1984.0000,1984.0000
2024-11-08 11:48:33, , , ,23.1000,1984.0000,1984.0000,1984.0000,1984.0000,1984.0000,1984.0000,1984.0000,1984.0000,1984.0000,1984.0000,1984.0000,1984.0000,1984.0000,1984.0000
2024-11-08 11:48:33, , , ,23.1000,1984.0000,1984.0000,1984.0000,1984.0000,1984.0000,1984.0000,1984.0000,1984.0000,1984.0000,1984.0000,1984.0000,1984.0000,1984.0000,1984.0000
2024-11-08 11:48:33, , , ,23.0000,1984.0000,1984.0000,1984.0000,1984.0000,1984.0000,1984.0000,1984.0000,1984.0000,1984.0000,1984.0000,1984.0000,1984.0000,1984.0000,1984.0000
2024-11-08 11:48:33, , , ,23.0000,1984.0000,1984.0000,1984.0000,1984.0000,1984.0000,1984.0000,1984.0000,1984.0000,1984.0000,1984.0000,1984.0000,1984.0000,1984.0000,1984.0000
2024-11-08 11:48:34, , , ,22.9000,1984.0000,1984.0000,1984.0000,1984.0000,1984.0000,1984.0000,1984.0000,1984.0000,1984.0000,1984.0000,1984.0000,1984.0000,1984.0000,1984.0000
2024-11-08 11:48:34, , , ,23.0000,1984.0000,1984.0000,1984.0000,1984.0000,1984.0000,1984.0000,1984.0000,1984.0000,1984.0000,1984.0000,1984.0000,1984.0000,1984.0000,1984.0000
2024-11-08 11:48:34, , , ,23.0000,1984.0000,1984.0000,1984.0000,1984.0000,1984.0000,1984.0000,1984.0000,1984.0000,1984.0000,1984.0000,1984.0000,1984.0000,1984.0000,1984.0000
2024-11-08 11:48:34, , , ,23.0000,1984.0000,1984.0000,1984.0000,1984.0000,1984.0000,1984.0000,1984.0000,1984.0000,1984.0000,1984.0000,1984.0000,1984.0000,1984.0000,1984.0000
2024-11-08 11:48:34, , , ,23.0000,1984.0000,1984.0000,1984.0000,1984.0000,1984.0000,1984.0000,1984.0000,1984.0000,1984.0000,1984.0000,1984.0000,1984.0000,1984.0000,1984.0000
2024-11-08 11:48:34, , , ,23.0000,1984.0000,1984.0000,1984.0000,1984.0000,1984.0000,1984.0000,1984.0000,1984.0000,1984.0000,1984.0000,1984.0000,1984.0000,1984.0000,1984.0000
2024-11-08 11:48:35, , , ,23.0000,1984.0000,1984.0000,1984.0000,1984.0000,1984.0000,1984.0000,1984.0000,1984.0000,1984.0000,1984.0000,1984.0000,1984.0000,1984.0000,1984.0000
2024-11-08 11:48:35, , , ,23.0000,1984.0000,1984.0000,1984.0000,1984.0000,1984.0000,1984.0000,1984.0000,1984.0000,1984.0000,1984.0000,1984.0000,1984.0000,1984.0000,1984.0000
2024-11-08 11:48:35, , , ,23.0000,1984.0000,1984.0000,1984.0000,1984.0000,1984.0000,1984.0000,1984.0000,1984.0000,1984.0000,1984.0000,1984.0000,1984.0000,1984.0000,1984.0000
2024-11-08 11:48:35, , , ,23.0000,1984.0000,1984.0000,1984.0000,1984.0000,1984.0000,1984.0000,1984.0000,1984.0000,1984.0000,1984.0000,1984.0000,1984.0000,1984.0000,1984.0000
2024-11-08 11:48:35, , , ,23.0000,1984.0000,1984.0000,1984.0000,1984.0000,1984.0000,1984.0000,1984.0000,1984.0000,1984.0000,1984.0000,1984.0000,1984.0000,1984.0000,1984.0000
2024-11-08 11:48:35, , , ,23.0000,1984.0000,1984.0000,1984.0000,1984.0000,1984.0000,1984.0000,1984.0000,1984.0000,1984.0000,1984.0000,1984.0000,1984.0000,1984.0000,1984.0000
2024-11-08 11:48:36, , , ,22.9000,1984.0000,1984.0000,1984.0000,1984.0000,1984.0000,1984.0000,1984.0000,1984.0000,1984.0000,1984.0000,1984.0000,1984.0000,1984.0000,1984.0000
2024-11-08 11:48:36, , , ,22.9000,1984.0000,1984.0000,1984.0000,1984.0000,1984.0000,1984.0000,1984.0000,1984.0000,1984.0000,1984.0000,1984.0000,1984.0000,1984.0000,1984.0000
2024-11-08 11:48:36, , , ,22.8000,1984.0000,1984.0000,1984.0000,1984.0000,1984.0000,1984.0000,1984.0000,1984.0000,1984.0000,1984.0000,1984.0000,1984.0000,1984.0000,1984.0000
2024-11-08 11:48:36, , , ,22.8000,1984.0000,1984.0000,1984.0000,1984.0000,1984.0000,1984.0000,1984.0000,1984.0000,1984.0000,1984.0000,1984.0000,1984.0000,1984.0000,1984.0000
2024-11-08 11:48:36, , , ,22.8000,1984.0000,1984.0000,1984.0000,1984.0000,1984.0000,1984.0000,1984.0000,1984.0000,1984.0000,1984.0000,1984.0000,1984.0000,1984.0000,1984.0000
2024-11-08 11:48:36, , , ,22.8000,1984.0000,1984.0000,1984.0000,1984.0000,1984.0000,1984.0000,1984.0000,1984.0000,1984.0000,1984.0000,1984.0000,1984.0000,1984.0000,1984.0000
2024-11-08 11:48:37, , , ,22.7000,1984.0000,1984.0000,1984.0000,1984.0000,1984.0000,1984.0000,1984.0000,1984.0000,1984.0000,1984.0000,1984.0000,1984.0000,1984.0000,1984.0000
2024-11-08 11:48:37, , , ,22.7000,1984.0000,1984.0000,1984.0000,1984.0000,1984.0000,1984.0000,1984.0000,1984.0000,1984.0000,1984.0000,1984.0000,1984.0000,1984.0000,1984.0000
2024-11-08 11:48:37, , , ,22.7000,1984.0000,1984.0000,1984.0000,1984.0000,1984.0000,1984.0000,1984.0000,1984.0000,1984.0000,1984.0000,1984.0000,1984.0000,1984.0000,1984.0000
2024-11-08 11:48:37, , , ,22.7000,1984.0000,1984.0000,1984.0000,1984.0000,1984.0000,1984.0000,1984.0000,1984.0000,1984.0000,1984.0000,1984.0000,1984.0000,1984.0000,1984.0000
2024-11-08 11:48:37, , , ,22.7000,1984.0000,1984.0000,1984.0000,1984.0000,1984.0000,1984.0000,1984.0000,1984.0000,1984.0000,1984.0000,1984.0000,1984.0000,1984.0000,1984.0000
2024-11-08 11:48:37, , , ,22.8000,1984.0000,1984.0000,1984.0000,1984.0000,1984.0000,1984.0000,1984.0000,1984.0000,1984.0000,1984.0000,1984.0000,1984.0000,1984.0000,1984.0000
2024-11-08 11:48:38, , , ,22.8000,1984.0000,1984.0000,1984.0000,1984.0000,1984.0000,1984.0000,1984.0000,1984.0000,1984.0000,1984.0000,1984.0000,1984.0000,1984.0000,1984.0000
2024-11-08 11:48:38, , , ,22.8000,1984.0000,1984.0000,1984.0000,1984.0000,1984.0000,1984.0000,1984.0000,1984.0000,1984.0000,1984.0000,1984.0000,1984.0000,1984.0000,1984.0000
2024-11-08 11:48:38, , , ,22.8000,1984.0000,1984.0000,1984.0000,1984.0000,1984.0000,1984.0000,1984.0000,1984.0000,1984.0000,1984.0000,1984.0000,1984.0000,1984.0000,1984.0000
2024-11-08 11:48:38, , , ,22.8000,1984.0000,1984.0000,1984.0000,1984.0000,1984.0000,1984.0000,1984.0000,1984.0000,1984.0000,1984.0000,1984.0000,1984.0000,1984.0000,1984.0000
2024-11-08 11:48:38, , , ,22.8000,1984.0000,1984.0000,1984.0000,1984.0000,1984.0000,1984.0000,1984.0000,1984.0000,1984.0000,1984.0000,1984.0000,1984.0000,1984.0000,1984.0000
2024-11-08 11:48:38, , , ,22.8000,1984.0000,1984.0000,1984.0000,1984.0000,1984.0000,1984.0000,1984.0000,1984.0000,1984.0000,1984.0000,1984.0000,1984.0000,1984.0000,1984.0000
2024-11-08 11:48:39, , , ,22.8000,1984.0000,1984.0000,1984.0000,1984.0000,1984.0000,1984.0000,1984.0000,1984.0000,1984.0000,1984.0000,1984.0000,1984.0000,1984.0000,1984.0000
2024-11-08 11:48:39, , , ,22.8000,1984.0000,1984.0000,1984.0000,1984.0000,1984.0000,1984.0000,1984.0000,1984.0000,1984.0000,1984.0000,1984.0000,1984.0000,1984.0000,1984.0000
2024-11-08 11:48:39, , , ,22.8000,1984.0000,1984.0000,1984.0000,1984.0000,1984.0000,1984.0000,1984.0000,1984.0000,1984.0000,1984.0000,1984.0000,1984.0000,1984.0000,1984.0000
2024-11-08 11:48:39, , , ,22.8000,1984.0000,1984.0000,1984.0000,1984.0000,1984.0000,1984.0000,1984.0000,1984.0000,1984.0000,1984.0000,1984.0000,1984.0000,1984.0000,1984.0000
2024-11-08 11:48:39, , , ,22.8000,1984.0000,1984.0000,1984.0000,1984.0000,1984.0000,1984.0000,1984.0000,1984.0000,1984.0000,1984.0000,1984.0000,1984.0000,1984.0000,1984.0000
2024-11-08 11:48:39, , , ,22.8000,1984.0000,1984.0000,1984.0000,1984.0000,1984.0000,1984.0000,1984.0000,1984.0000,1984.0000,1984.0000,1984.0000,1984.0000,1984.0000,1984.0000
2024-11-08 11:48:40, , , ,22.8000,1984.0000,1984.0000,1984.0000,1984.0000,1984.0000,1984.0000,1984.0000,1984.0000,1984.0000,1984.0000,1984.0000,1984.0000,1984.0000,1984.0000
2024-11-08 11:48:40, , , ,22.8000,1984.0000,1984.0000,1984.0000,1984.0000,1984.0000,1984.0000,1984.0000,1984.0000,1984.0000,1984.0000,1984.0000,1984.0000,1984.0000,1984.0000
2024-11-08 11:48:40, , , ,22.7000,1984.0000,1984.0000,1984.0000,1984.0000,1984.0000,1984.0000,1984.0000,1984.0000,1984.0000,1984.0000,1984.0000,1984.0000,1984.0000,1984.0000
2024-11-08 11:48:40, , , ,22.7000,1984.0000,1984.0000,1984.0000,1984.0000,1984.0000,1984.0000,1984.0000,1984.0000,1984.0000,1984.0000,1984.0000,1984.0000,1984.0000,1984.0000
2024-11-08 11:48:40, , , ,22.7000,1984.0000,1984.0000,1984.0000,1984.0000,1984.0000,1984.0000,1984.0000,1984.0000,1984.0000,1984.0000,1984.0000,1984.0000,1984.0000,1984.0000
2024-11-08 11:48:40, , , ,22.7000,1984.0000,1984.0000,1984.0000,1984.0000,1984.0000,1984.0000,1984.0000,1984.0000,1984.0000,1984.0000,1984.0000,1984.0000,1984.0000,1984.0000
2024-11-08 11:48:41, , , ,22.7000,1984.0000,1984.0000,1984.0000,1984.0000,1984.0000,1984.0000,1984.0000,1984.0000,1984.0000,1984.0000,1984.0000,1984.0000,1984.0000,1984.0000
2024-11-08 11:48:41, , , ,22.8000,1984.0000,1984.0000,1984.0000,1984.0000,1984.0000,1984.0000,1984.0000,1984.0000,1984.0000,1984.0000,1984.0000,1984.0000,1984.0000,1984.0000
2024-11-08 11:48:41, , , ,22.8000,1984.0000,1984.0000,1984.0000,1984.0000,1984.0000,1984.0000,1984.0000,1984.0000,1984.0000,1984.0000,1984.0000,1984.0000,1984.0000,1984.0000
2024-11-08 11:48:41, , , ,22.8000,1984.0000,1984.0000,1984.0000,1984.0000,1984.0000,1984.0000,1984.0000,1984.0000,1984.0000,1984.0000,1984.0000,1984.0000,1984.0000,1984.0000
2024-11-08 11:48:41, , , ,22.8000,1984.0000,1984.0000,1984.0000,1984.0000,1984.0000,1984.0000,1984.0000,1984.0000,1984.0000,1984.0000,1984.0000,1984.0000,1984.0000,1984.0000
2024-11-08 11:48:41, , , ,22.8000,1984.0000,1984.0000,1984.0000,1984.0000,1984.0000,1984.0000,1984.0000,1984.0000,1984.0000,1984.0000,1984.0000,1984.0000,1984.0000,1984.0000
2024-11-08 11:48:42, , , ,22.8000,1984.0000,1984.0000,1984.0000,1984.0000,1984.0000,1984.0000,1984.0000,1984.0000,1984.0000,1984.0000,1984.0000,1984.0000,1984.0000,1984.0000
2024-11-08 11:48:42, , , ,22.8000,1984.0000,1984.0000,1984.0000,1984.0000,1984.0000,1984.0000,1984.0000,1984.0000,1984.0000,1984.0000,1984.0000,1984.0000,1984.0000,1984.0000
2024-11-08 11:48:42, , , ,22.8000,1984.0000,1984.0000,1984.0000,1984.0000,1984.0000,1984.0000,1984.0000,1984.0000,1984.0000,1984.0000,1984.0000,1984.0000,1984.0000,1984.0000
2024-11-08 11:48:42, , , ,22.8000,1984.0000,1984.0000,1984.0000,1984.0000,1984.0000,1984.0000,1984.0000,1984.0000,1984.0000,1984.0000,1984.0000,1984.0000,1984.0000,1984.0000
2024-11-08 11:48:42, , , ,22.8000,1984.0000,1984.0000,1984.0000,1984.0000,1984.0000,1984.0000,1984.0000,1984.0000,1984.0000,1984.0000,1984.0000,1984.0000,1984.0000,1984.0000
2024-11-08 11:48:42, , , ,22.8000,1984.0000,1984.0000,1984.0000,1984.0000,1984.0000,1984.0000,1984.0000,1984.0000,1984.0000,1984.0000,1984.0000,1984.0000,1984.0000,1984.0000
2024-11-08 11:48:43, , , ,22.8000,1984.0000,1984.0000,1984.0000,1984.0000,1984.0000,1984.0000,1984.0000,1984.0000,1984.0000,1984.0000,1984.0000,1984.0000,1984.0000,1984.0000
2024-11-08 11:48:43, , , ,22.8000,1984.0000,1984.0000,1984.0000,1984.0000,1984.0000,1984.0000,1984.0000,1984.0000,1984.0000,1984.0000,1984.0000,1984.0000,1984.0000,1984.0000
2024-11-08 11:48:43, , , ,22.8000,1984.0000,1984.0000,1984.0000,1984.0000,1984.0000,1984.0000,1984.0000,1984.0000,1984.0000,1984.0000,1984.0000,1984.0000,1984.0000,1984.0000
2024-11-08 11:48:43, , , ,22.8000,1984.0000,1984.0000,1984.0000,1984.0000,1984.0000,1984.0000,1984.0000,1984.0000,1984.0000,1984.0000,1984.0000,1984.0000,1984.0000,1984.0000
2024-11-08 11:48:43, , , ,22.9000,1984.0000,1984.0000,1984.0000,1984.0000,1984.0000,1984.0000,1984.0000,1984.0000,1984.0000,1984.0000,1984.0000,1984.0000,1984.0000,1984.0000
2024-11-08 11:48:43, , , ,22.9000,1984.0000,1984.0000,1984.0000,1984.0000,1984.0000,1984.0000,1984.0000,1984.0000,1984.0000,1984.0000,1984.0000,1984.0000,1984.0000,1984.0000
2024-11-08 11:48:44, , , ,22.9000,1984.0000,1984.0000,1984.0000,1984.0000,1984.0000,1984.0000,1984.0000,1984.0000,1984.0000,1984.0000,1984.0000,1984.0000,1984.0000,1984.0000
2024-11-08 11:48:44, , , ,22.8000,1984.0000,1984.0000,1984.0000,1984.0000,1984.0000,1984.0000,1984.0000,1984.0000,1984.0000,1984.0000,1984.0000,1984.0000,1984.0000,1984.0000
2024-11-08 11:48:44, , , ,22.8000,1984.0000,1984.0000,1984.0000,1984.0000,1984.0000,1984.0000,1984.0000,1984.0000,1984.0000,1984.0000,1984.0000,1984.0000,1984.0000,1984.0000
2024-11-08 11:48:44, , , ,22.8000,1984.0000,1984.0000,1984.0000,1984.0000,1984.0000,1984.0000,1984.0000,1984.0000,1984.0000,1984.0000,1984.0000,1984.0000,1984.0000,1984.0000
2024-11-08 11:48:44, , , ,22.8000,1984.0000,1984.0000,1984.0000,1984.0000,1984.0000,1984.0000,1984.0000,1984.0000,1984.0000,1984.0000,1984.0000,1984.0000,1984.0000,1984.0000
2024-11-08 11:48:44, , , ,22.7000,1984.0000,1984.0000,1984.0000,1984.0000,1984.0000,1984.0000,1984.0000,1984.0000,1984.0000,1984.0000,1984.0000,1984.0000,1984.0000,1984.0000
2024-11-08 11:48:45, , , ,22.7000,1984.0000,1984.0000,1984.0000,1984.0000,1984.0000,1984.0000,1984.0000,1984.0000,1984.0000,1984.0000,1984.0000,1984.0000,1984.0000,1984.0000
2024-11-08 11:48:45, , , ,22.7000,1984.0000,1984.0000,1984.0000,1984.0000,1984.0000,1984.0000,1984.0000,1984.0000,1984.0000,1984.0000,1984.0000,1984.0000,1984.0000,1984.0000
2024-11-08 11:48:45, , , ,22.7000,1984.0000,1984.0000,1984.0000,1984.0000,1984.0000,1984.0000,1984.0000,1984.0000,1984.0000,1984.0000,1984.0000,1984.0000,1984.0000,1984.0000
2024-11-08 11:48:45, , , ,22.8000,1984.0000,1984.0000,1984.0000,1984.0000,1984.0000,1984.0000,1984.0000,1984.0000,1984.0000,1984.0000,1984.0000,1984.0000,1984.0000,1984.0000
2024-11-08 11:48:45, , , ,22.8000,1984.0000,1984.0000,1984.0000,1984.0000,1984.0000,1984.0000,1984.0000,1984.0000,1984.0000,1984.0000,1984.0000,1984.0000,1984.0000,1984.0000
2024-11-08 11:48:45, , , ,22.8000,1984.0000,1984.0000,1984.0000,1984.0000,1984.0000,1984.0000,1984.0000,1984.0000,1984.0000,1984.0000,1984.0000,1984.0000,1984.0000,1984.0000
2024-11-08 11:48:46, , , ,22.7000,1984.0000,1984.0000,1984.0000,1984.0000,1984.0000,1984.0000,1984.0000,1984.0000,1984.0000,1984.0000,1984.0000,1984.0000,1984.0000,1984.0000
2024-11-08 11:48:46, , , ,22.7000,1984.0000,1984.0000,1984.0000,1984.0000,1984.0000,1984.0000,1984.0000,1984.0000,1984.0000,1984.0000,1984.0000,1984.0000,1984.0000,1984.0000
2024-11-08 11:48:46, , , ,22.7000,1984.0000,1984.0000,1984.0000,1984.0000,1984.0000,1984.0000,1984.0000,1984.0000,1984.0000,1984.0000,1984.0000,1984.0000,1984.0000,1984.0000
2024-11-08 11:48:46, , , ,22.7000,1984.0000,1984.0000,1984.0000,1984.0000,1984.0000,1984.0000,1984.0000,1984.0000,1984.0000,1984.0000,1984.0000,1984.0000,1984.0000,1984.0000
2024-11-08 11:48:46, , , ,22.7000,1984.0000,1984.0000,1984.0000,1984.0000,1984.0000,1984.0000,1984.0000,1984.0000,1984.0000,1984.0000,1984.0000,1984.0000,1984.0000,1984.0000
2024-11-08 11:48:46, , , ,22.7000,1984.0000,1984.0000,1984.0000,1984.0000,1984.0000,1984.0000,1984.0000,1984.0000,1984.0000,1984.0000,1984.0000,1984.0000,1984.0000,1984.0000
2024-11-08 11:48:47, , , ,22.7000,1984.0000,1984.0000,1984.0000,1984.0000,1984.0000,1984.0000,1984.0000,1984.0000,1984.0000,1984.0000,1984.0000,1984.0000,1984.0000,1984.0000
2024-11-08 11:48:47, , , ,22.7000,1984.0000,1984.0000,1984.0000,1984.0000,1984.0000,1984.0000,1984.0000,1984.0000,1984.0000,1984.0000,1984.0000,1984.0000,1984.0000,1984.0000
2024-11-08 11:48:47, , , ,22.7000,1984.0000,1984.0000,1984.0000,1984.0000,1984.0000,1984.0000,1984.0000,1984.0000,1984.0000,1984.0000,1984.0000,1984.0000,1984.0000,1984.0000
2024-11-08 11:48:47, , , ,22.7000,1984.0000,1984.0000,1984.0000,1984.0000,1984.0000,1984.0000,1984.0000,1984.0000,1984.0000,1984.0000,1984.0000,1984.0000,1984.0000,1984.0000
2024-11-08 11:48:47, , , ,22.7000,1984.0000,1984.0000,1984.0000,1984.0000,1984.0000,1984.0000,1984.0000,1984.0000,1984.0000,1984.0000,1984.0000,1984.0000,1984.0000,1984.0000
2024-11-08 11:48:47, , , ,22.7000,1984.0000,1984.0000,1984.0000,1984.0000,1984.0000,1984.0000,1984.0000,1984.0000,1984.0000,1984.0000,1984.0000,1984.0000,1984.0000,1984.0000
2024-11-08 11:48:48, , , ,22.8000,1984.0000,1984.0000,1984.0000,1984.0000,1984.0000,1984.0000,1984.0000,1984.0000,1984.0000,1984.0000,1984.0000,1984.0000,1984.0000,1984.0000
2024-11-08 11:48:48, , , ,22.8000,1984.0000,1984.0000,1984.0000,1984.0000,1984.0000,1984.0000,1984.0000,1984.0000,1984.0000,1984.0000,1984.0000,1984.0000,1984.0000,1984.0000
2024-11-08 11:48:48, , , ,22.7000,1984.0000,1984.0000,1984.0000,1984.0000,1984.0000,1984.0000,1984.0000,1984.0000,1984.0000,1984.0000,1984.0000,1984.0000,1984.0000,1984.0000
2024-11-08 11:48:48, , , ,22.7000,1984.0000,1984.0000,1984.0000,1984.0000,1984.0000,1984.0000,1984.0000,1984.0000,1984.0000,1984.0000,1984.0000,1984.0000,1984.0000,1984.0000
2024-11-08 11:48:48, , , ,22.7000,1984.0000,1984.0000,1984.0000,1984.0000,1984.0000,1984.0000,1984.0000,1984.0000,1984.0000,1984.0000,1984.0000,1984.0000,1984.0000,1984.0000
2024-11-08 11:48:48, , , ,22.7000,1984.0000,1984.0000,1984.0000,1984.0000,1984.0000,1984.0000,1984.0000,1984.0000,1984.0000,1984.0000,1984.0000,1984.0000,1984.0000,1984.0000
2024-11-08 11:48:49, , , ,22.8000,1984.0000,1984.0000,1984.0000,1984.0000,1984.0000,1984.0000,1984.0000,1984.0000,1984.0000,1984.0000,1984.0000,1984.0000,1984.0000,1984.0000
2024-11-08 11:48:49, , , ,22.8000,1984.0000,1984.0000,1984.0000,1984.0000,1984.0000,1984.0000,1984.0000,1984.0000,1984.0000,1984.0000,1984.0000,1984.0000,1984.0000,1984.0000
2024-11-08 11:48:49, , , ,22.8000,1984.0000,1984.0000,1984.0000,1984.0000,1984.0000,1984.0000,1984.0000,1984.0000,1984.0000,1984.0000,1984.0000,1984.0000,1984.0000,1984.0000
2024-11-08 11:48:49, , , ,22.8000,1984.0000,1984.0000,1984.0000,1984.0000,1984.0000,1984.0000,1984.0000,1984.0000,1984.0000,1984.0000,1984.0000,1984.0000,1984.0000,1984.0000
2024-11-08 11:48:49, , , ,22.7000,1984.0000,1984.0000,1984.0000,1984.0000,1984.0000,1984.0000,1984.0000,1984.0000,1984.0000,1984.0000,1984.0000,1984.0000,1984.0000,1984.0000
2024-11-08 11:48:49, , , ,22.7000,1984.0000,1984.0000,1984.0000,1984.0000,1984.0000,1984.0000,1984.0000,1984.0000,1984.0000,1984.0000,1984.0000,1984.0000,1984.0000,1984.0000
2024-11-08 11:48:50, , , ,22.8000,1984.0000,1984.0000,1984.0000,1984.0000,1984.0000,1984.0000,1984.0000,1984.0000,1984.0000,1984.0000,1984.0000,1984.0000,1984.0000,1984.0000
2024-11-08 11:48:50, , , ,22.8000,1984.0000,1984.0000,1984.0000,1984.0000,1984.0000,1984.0000,1984.0000,1984.0000,1984.0000,1984.0000,1984.0000,1984.0000,1984.0000,1984.0000
2024-11-08 11:48:50, , , ,22.8000,1984.0000,1984.0000,1984.0000,1984.0000,1984.0000,1984.0000,1984.0000,1984.0000,1984.0000,1984.0000,1984.0000,1984.0000,1984.0000,1984.0000
2024-11-08 11:48:50, , , ,22.8000,1984.0000,1984.0000,1984.0000,1984.0000,1984.0000,1984.0000,1984.0000,1984.0000,1984.0000,1984.0000,1984.0000,1984.0000,1984.0000,1984.0000
2024-11-08 11:48:50, , , ,22.8000,1984.0000,1984.0000,1984.0000,1984.0000,1984.0000,1984.0000,1984.0000,1984.0000,1984.0000,1984.0000,1984.0000,1984.0000,1984.0000,1984.0000
2024-11-08 11:48:50, , , ,22.7000,1984.0000,1984.0000,1984.0000,1984.0000,1984.0000,1984.0000,1984.0000,1984.0000,1984.0000,1984.0000,1984.0000,1984.0000,1984.0000,1984.0000
2024-11-08 11:48:51, , , ,22.7000,1984.0000,1984.0000,1984.0000,1984.0000,1984.0000,1984.0000,1984.0000,1984.0000,1984.0000,1984.0000,1984.0000,1984.0000,1984.0000,1984.0000
2024-11-08 11:48:51, , , ,22.7000,1984.0000,1984.0000,1984.0000,1984.0000,1984.0000,1984.0000,1984.0000,1984.0000,1984.0000,1984.0000,1984.0000,1984.0000,1984.0000,1984.0000
2024-11-08 11:48:51, , , ,22.7000,1984.0000,1984.0000,1984.0000,1984.0000,1984.0000,1984.0000,1984.0000,1984.0000,1984.0000,1984.0000,1984.0000,1984.0000,1984.0000,1984.0000
2024-11-08 11:48:51, , , ,22.7000,1984.0000,1984.0000,1984.0000,1984.0000,1984.0000,1984.0000,1984.0000,1984.0000,1984.0000,1984.0000,1984.0000,1984.0000,1984.0000,1984.0000
2024-11-08 11:48:51, , , ,22.8000,1984.0000,1984.0000,1984.0000,1984.0000,1984.0000,1984.0000,1984.0000,1984.0000,1984.0000,1984.0000,1984.0000,1984.0000,1984.0000,1984.0000
2024-11-08 11:48:51, , , ,22.7000,1984.0000,1984.0000,1984.0000,1984.0000,1984.0000,1984.0000,1984.0000,1984.0000,1984.0000,1984.0000,1984.0000,1984.0000,1984.0000,1984.0000
2024-11-08 11:48:52, , , ,22.7000,1984.0000,1984.0000,1984.0000,1984.0000,1984.0000,1984.0000,1984.0000,1984.0000,1984.0000,1984.0000,1984.0000,1984.0000,1984.0000,1984.0000
2024-11-08 11:48:52, , , ,22.7000,1984.0000,1984.0000,1984.0000,1984.0000,1984.0000,1984.0000,1984.0000,1984.0000,1984.0000,1984.0000,1984.0000,1984.0000,1984.0000,1984.0000
2024-11-08 11:48:52, , , ,22.7000,1984.0000,1984.0000,1984.0000,1984.0000,1984.0000,1984.0000,1984.0000,1984.0000,1984.0000,1984.0000,1984.0000,1984.0000,1984.0000,1984.0000
2024-11-08 11:48:52, , , ,22.7000,1984.0000,1984.0000,1984.0000,1984.0000,1984.0000,1984.0000,1984.0000,1984.0000,1984.0000,1984.0000,1984.0000,1984.0000,1984.0000,1984.0000
2024-11-08 11:48:52, , , ,22.7000,1984.0000,1984.0000,1984.0000,1984.0000,1984.0000,1984.0000,1984.0000,1984.0000,1984.0000,1984.0000,1984.0000,1984.0000,1984.0000,1984.0000
2024-11-08 11:48:52, , , ,22.7000,1984.0000,1984.0000,1984.0000,1984.0000,1984.0000,1984.0000,1984.0000,1984.0000,1984.0000,1984.0000,1984.0000,1984.0000,1984.0000,1984.0000
2024-11-08 11:48:53, , , ,22.7000,1984.0000,1984.0000,1984.0000,1984.0000,1984.0000,1984.0000,1984.0000,1984.0000,1984.0000,1984.0000,1984.0000,1984.0000,1984.0000,1984.0000
2024-11-08 11:48:53, , , ,22.7000,1984.0000,1984.0000,1984.0000,1984.0000,1984.0000,1984.0000,1984.0000,1984.0000,1984.0000,1984.0000,1984.0000,1984.0000,1984.0000,1984.0000
2024-11-08 11:48:53, , , ,22.7000,1984.0000,1984.0000,1984.0000,1984.0000,1984.0000,1984.0000,1984.0000,1984.0000,1984.0000,1984.0000,1984.0000,1984.0000,1984.0000,1984.0000
2024-11-08 11:48:53, , , ,22.7000,1984.0000,1984.0000,1984.0000,1984.0000,1984.0000,1984.0000,1984.0000,1984.0000,1984.0000,1984.0000,1984.0000,1984.0000,1984.0000,1984.0000
2024-11-08 11:48:53, , , ,22.7000,1984.0000,1984.0000,1984.0000,1984.0000,1984.0000,1984.0000,1984.0000,1984.0000,1984.0000,1984.0000,1984.0000,1984.0000,1984.0000,1984.0000
2024-11-08 11:48:53, , , ,22.7000,1984.0000,1984.0000,1984.0000,1984.0000,1984.0000,1984.0000,1984.0000,1984.0000,1984.0000,1984.0000,1984.0000,1984.0000,1984.0000,1984.0000
2024-11-08 11:48:54, , , ,22.7000,1984.0000,1984.0000,1984.0000,1984.0000,1984.0000,1984.0000,1984.0000,1984.0000,1984.0000,1984.0000,1984.0000,1984.0000,1984.0000,1984.0000
2024-11-08 11:48:54, , , ,22.7000,1984.0000,1984.0000,1984.0000,1984.0000,1984.0000,1984.0000,1984.0000,1984.0000,1984.0000,1984.0000,1984.0000,1984.0000,1984.0000,1984.0000
2024-11-08 11:48:54, , , ,22.7000,1984.0000,1984.0000,1984.0000,1984.0000,1984.0000,1984.0000,1984.0000,1984.0000,1984.0000,1984.0000,1984.0000,1984.0000,1984.0000,1984.0000
2024-11-08 11:48:54, , , ,22.7000,1984.0000,1984.0000,1984.0000,1984.0000,1984.0000,1984.0000,1984.0000,1984.0000,1984.0000,1984.0000,1984.0000,1984.0000,1984.0000,1984.0000
2024-11-08 11:48:54, , , ,22.7000,1984.0000,1984.0000,1984.0000,1984.0000,1984.0000,1984.0000,1984.0000,1984.0000,1984.0000,1984.0000,1984.0000,1984.0000,1984.0000,1984.0000
2024-11-08 11:48:54, , , ,22.7000,1984.0000,1984.0000,1984.0000,1984.0000,1984.0000,1984.0000,1984.0000,1984.0000,1984.0000,1984.0000,1984.0000,1984.0000,1984.0000,1984.0000
2024-11-08 11:48:55, , , ,22.7000,1984.0000,1984.0000,1984.0000,1984.0000,1984.0000,1984.0000,1984.0000,1984.0000,1984.0000,1984.0000,1984.0000,1984.0000,1984.0000,1984.0000
2024-11-08 11:48:55, , , ,22.7000,1984.0000,1984.0000,1984.0000,1984.0000,1984.0000,1984.0000,1984.0000,1984.0000,1984.0000,1984.0000,1984.0000,1984.0000,1984.0000,1984.0000
2024-11-08 11:48:55, , , ,22.7000,1984.0000,1984.0000,1984.0000,1984.0000,1984.0000,1984.0000,1984.0000,1984.0000,1984.0000,1984.0000,1984.0000,1984.0000,1984.0000,1984.0000
2024-11-08 11:48:55, , , ,22.7000,1984.0000,1984.0000,1984.0000,1984.0000,1984.0000,1984.0000,1984.0000,1984.0000,1984.0000,1984.0000,1984.0000,1984.0000,1984.0000,1984.0000
2024-11-08 11:48:55, , , ,22.7000,1984.0000,1984.0000,1984.0000,1984.0000,1984.0000,1984.0000,1984.0000,1984.0000,1984.0000,1984.0000,1984.0000,1984.0000,1984.0000,1984.0000
2024-11-08 11:48:55, , , ,22.7000,1984.0000,1984.0000,1984.0000,1984.0000,1984.0000,1984.0000,1984.0000,1984.0000,1984.0000,1984.0000,1984.0000,1984.0000,1984.0000,1984.0000
2024-11-08 11:48:56, , , ,22.7000,1984.0000,1984.0000,1984.0000,1984.0000,1984.0000,1984.0000,1984.0000,1984.0000,1984.0000,1984.0000,1984.0000,1984.0000,1984.0000,1984.0000
2024-11-08 11:48:56, , , ,22.7000,1984.0000,1984.0000,1984.0000,1984.0000,1984.0000,1984.0000,1984.0000,1984.0000,1984.0000,1984.0000,1984.0000,1984.0000,1984.0000,1984.0000
2024-11-08 11:48:56, , , ,22.7000,1984.0000,1984.0000,1984.0000,1984.0000,1984.0000,1984.0000,1984.0000,1984.0000,1984.0000,1984.0000,1984.0000,1984.0000,1984.0000,1984.0000
2024-11-08 11:48:56, , , ,22.7000,1984.0000,1984.0000,1984.0000,1984.0000,1984.0000,1984.0000,1984.0000,1984.0000,1984.0000,1984.0000,1984.0000,1984.0000,1984.0000,1984.0000
2024-11-08 11:48:56, , , ,22.7000,1984.0000,1984.0000,1984.0000,1984.0000,1984.0000,1984.0000,1984.0000,1984.0000,1984.0000,1984.0000,1984.0000,1984.0000,1984.0000,1984.0000
2024-11-08 11:48:56, , , ,22.7000,1984.0000,1984.0000,1984.0000,1984.0000,1984.0000,1984.0000,1984.0000,1984.0000,1984.0000,1984.0000,1984.0000,1984.0000,1984.0000,1984.0000
2024-11-08 11:48:57, , , ,22.7000,1984.0000,1984.0000,1984.0000,1984.0000,1984.0000,1984.0000,1984.0000,1984.0000,1984.0000,1984.0000,1984.0000,1984.0000,1984.0000,1984.0000
2024-11-08 11:48:57, , , ,22.7000,1984.0000,1984.0000,1984.0000,1984.0000,1984.0000,1984.0000,1984.0000,1984.0000,1984.0000,1984.0000,1984.0000,1984.0000,1984.0000,1984.0000
2024-11-08 11:48:57, , , ,22.7000,1984.0000,1984.0000,1984.0000,1984.0000,1984.0000,1984.0000,1984.0000,1984.0000,1984.0000,1984.0000,1984.0000,1984.0000,1984.0000,1984.0000
2024-11-08 11:48:57, , , ,22.7000,1984.0000,1984.0000,1984.0000,1984.0000,1984.0000,1984.0000,1984.0000,1984.0000,1984.0000,1984.0000,1984.0000,1984.0000,1984.0000,1984.0000
2024-11-08 11:48:57, , , ,22.7000,1984.0000,1984.0000,1984.0000,1984.0000,1984.0000,1984.0000,1984.0000,1984.0000,1984.0000,1984.0000,1984.0000,1984.0000,1984.0000,1984.0000
2024-11-08 11:48:57, , , ,22.7000,1984.0000,1984.0000,1984.0000,1984.0000,1984.0000,1984.0000,1984.0000,1984.0000,1984.0000,1984.0000,1984.0000,1984.0000,1984.0000,1984.0000
2024-11-08 11:48:58, , , ,22.7000,1984.0000,1984.0000,1984.0000,1984.0000,1984.0000,1984.0000,1984.0000,1984.0000,1984.0000,1984.0000,1984.0000,1984.0000,1984.0000,1984.0000
2024-11-08 11:48:58, , , ,22.7000,1984.0000,1984.0000,1984.0000,1984.0000,1984.0000,1984.0000,1984.0000,1984.0000,1984.0000,1984.0000,1984.0000,1984.0000,1984.0000,1984.0000
2024-11-08 11:48:58, , , ,22.7000,1984.0000,1984.0000,1984.0000,1984.0000,1984.0000,1984.0000,1984.0000,1984.0000,1984.0000,1984.0000,1984.0000,1984.0000,1984.0000,1984.0000
2024-11-08 11:48:58, , , ,22.7000,1984.0000,1984.0000,1984.0000,1984.0000,1984.0000,1984.0000,1984.0000,1984.0000,1984.0000,1984.0000,1984.0000,1984.0000,1984.0000,1984.0000
2024-11-08 11:48:58, , , ,22.7000,1984.0000,1984.0000,1984.0000,1984.0000,1984.0000,1984.0000,1984.0000,1984.0000,1984.0000,1984.0000,1984.0000,1984.0000,1984.0000,1984.0000
2024-11-08 11:48:58, , , ,22.7000,1984.0000,1984.0000,1984.0000,1984.0000,1984.0000,1984.0000,1984.0000,1984.0000,1984.0000,1984.0000,1984.0000,1984.0000,1984.0000,1984.0000
2024-11-08 11:48:59, , , ,22.7000,1984.0000,1984.0000,1984.0000,1984.0000,1984.0000,1984.0000,1984.0000,1984.0000,1984.0000,1984.0000,1984.0000,1984.0000,1984.0000,1984.0000
2024-11-08 11:48:59, , , ,22.7000,1984.0000,1984.0000,1984.0000,1984.0000,1984.0000,1984.0000,1984.0000,1984.0000,1984.0000,1984.0000,1984.0000,1984.0000,1984.0000,1984.0000
2024-11-08 11:48:59, , , ,22.7000,1984.0000,1984.0000,1984.0000,1984.0000,1984.0000,1984.0000,1984.0000,1984.0000,1984.0000,1984.0000,1984.0000,1984.0000,1984.0000,1984.0000
2024-11-08 11:48:59, , , ,22.7000,1984.0000,1984.0000,1984.0000,1984.0000,1984.0000,1984.0000,1984.0000,1984.0000,1984.0000,1984.0000,1984.0000,1984.0000,1984.0000,1984.0000
2024-11-08 11:48:59, , , ,22.7000,1984.0000,1984.0000,1984.0000,1984.0000,1984.0000,1984.0000,1984.0000,1984.0000,1984.0000,1984.0000,1984.0000,1984.0000,1984.0000,1984.0000
2024-11-08 11:48:59, , , ,22.7000,1984.0000,1984.0000,1984.0000,1984.0000,1984.0000,1984.0000,1984.0000,1984.0000,1984.0000,1984.0000,1984.0000,1984.0000,1984.0000,1984.0000
2024-11-08 11:49:00, , , ,22.7000,1984.0000,1984.0000,1984.0000,1984.0000,1984.0000,1984.0000,1984.0000,1984.0000,1984.0000,1984.0000,1984.0000,1984.0000,1984.0000,1984.0000
2024-11-08 11:49:00, , , ,22.7000,1984.0000,1984.0000,1984.0000,1984.0000,1984.0000,1984.0000,1984.0000,1984.0000,1984.0000,1984.0000,1984.0000,1984.0000,1984.0000,1984.0000
2024-11-08 11:49:00, , , ,22.7000,1984.0000,1984.0000,1984.0000,1984.0000,1984.0000,1984.0000,1984.0000,1984.0000,1984.0000,1984.0000,1984.0000,1984.0000,1984.0000,1984.0000
2024-11-08 11:49:00, , , ,22.7000,1984.0000,1984.0000,1984.0000,1984.0000,1984.0000,1984.0000,1984.0000,1984.0000,1984.0000,1984.0000,1984.0000,1984.0000,1984.0000,1984.0000
2024-11-08 11:49:00, , , ,22.7000,1984.0000,1984.0000,1984.0000,1984.0000,1984.0000,1984.0000,1984.0000,1984.0000,1984.0000,1984.0000,1984.0000,1984.0000,1984.0000,1984.0000
2024-11-08 11:49:00, , , ,22.7000,1984.0000,1984.0000,1984.0000,1984.0000,1984.0000,1984.0000,1984.0000,1984.0000,1984.0000,1984.0000,1984.0000,1984.0000,1984.0000,1984.0000
2024-11-08 11:49:01, , , ,22.7000,1984.0000,1984.0000,1984.0000,1984.0000,1984.0000,1984.0000,1984.0000,1984.0000,1984.0000,1984.0000,1984.0000,1984.0000,1984.0000,1984.0000
2024-11-08 11:49:01, , , ,22.7000,1984.0000,1984.0000,1984.0000,1984.0000,1984.0000,1984.0000,1984.0000,1984.0000,1984.0000,1984.0000,1984.0000,1984.0000,1984.0000,1984.0000
2024-11-08 11:49:01, , , ,22.7000,1984.0000,1984.0000,1984.0000,1984.0000,1984.0000,1984.0000,1984.0000,1984.0000,1984.0000,1984.0000,1984.0000,1984.0000,1984.0000,1984.0000
2024-11-08 11:49:01, , , ,22.7000,1984.0000,1984.0000,1984.0000,1984.0000,1984.0000,1984.0000,1984.0000,1984.0000,1984.0000,1984.0000,1984.0000,1984.0000,1984.0000,1984.0000
2024-11-08 11:49:01, , , ,22.7000,1984.0000,1984.0000,1984.0000,1984.0000,1984.0000,1984.0000,1984.0000,1984.0000,1984.0000,1984.0000,1984.0000,1984.0000,1984.0000,1984.0000
2024-11-08 11:49:01, , , ,22.7000,1984.0000,1984.0000,1984.0000,1984.0000,1984.0000,1984.0000,1984.0000,1984.0000,1984.0000,1984.0000,1984.0000,1984.0000,1984.0000,1984.0000
2024-11-08 11:49:02, , , ,22.7000,1984.0000,1984.0000,1984.0000,1984.0000,1984.0000,1984.0000,1984.0000,1984.0000,1984.0000,1984.0000,1984.0000,1984.0000,1984.0000,1984.0000
2024-11-08 11:49:02, , , ,22.7000,1984.0000,1984.0000,1984.0000,1984.0000,1984.0000,1984.0000,1984.0000,1984.0000,1984.0000,1984.0000,1984.0000,1984.0000,1984.0000,1984.0000
2024-11-08 11:49:02, , , ,22.7000,1984.0000,1984.0000,1984.0000,1984.0000,1984.0000,1984.0000,1984.0000,1984.0000,1984.0000,1984.0000,1984.0000,1984.0000,1984.0000,1984.0000
2024-11-08 11:49:02, , , ,22.7000,1984.0000,1984.0000,1984.0000,1984.0000,1984.0000,1984.0000,1984.0000,1984.0000,1984.0000,1984.0000,1984.0000,1984.0000,1984.0000,1984.0000
2024-11-08 11:49:02, , , ,22.7000,1984.0000,1984.0000,1984.0000,1984.0000,1984.0000,1984.0000,1984.0000,1984.0000,1984.0000,1984.0000,1984.0000,1984.0000,1984.0000,1984.0000
2024-11-08 11:49:02, , , ,22.7000,1984.0000,1984.0000,1984.0000,1984.0000,1984.0000,1984.0000,1984.0000,1984.0000,1984.0000,1984.0000,1984.0000,1984.0000,1984.0000,1984.0000
2024-11-08 11:49:03, , , ,22.7000,1984.0000,1984.0000,1984.0000,1984.0000,1984.0000,1984.0000,1984.0000,1984.0000,1984.0000,1984.0000,1984.0000,1984.0000,1984.0000,1984.0000
2024-11-08 11:49:03, , , ,22.7000,1984.0000,1984.0000,1984.0000,1984.0000,1984.0000,1984.0000,1984.0000,1984.0000,1984.0000,1984.0000,1984.0000,1984.0000,1984.0000,1984.0000
2024-11-08 11:49:03, , , ,22.7000,1984.0000,1984.0000,1984.0000,1984.0000,1984.0000,1984.0000,1984.0000,1984.0000,1984.0000,1984.0000,1984.0000,1984.0000,1984.0000,1984.0000
2024-11-08 11:49:03, , , ,22.7000,1984.0000,1984.0000,1984.0000,1984.0000,1984.0000,1984.0000,1984.0000,1984.0000,1984.0000,1984.0000,1984.0000,1984.0000,1984.0000,1984.0000
2024-11-08 11:49:03, , , ,22.7000,1984.0000,1984.0000,1984.0000,1984.0000,1984.0000,1984.0000,1984.0000,1984.0000,1984.0000,1984.0000,1984.0000,1984.0000,1984.0000,1984.0000
2024-11-08 11:49:03, , , ,22.7000,1984.0000,1984.0000,1984.0000,1984.0000,1984.0000,1984.0000,1984.0000,1984.0000,1984.0000,1984.0000,1984.0000,1984.0000,1984.0000,1984.0000
2024-11-08 11:49:04, , , ,22.7000,1984.0000,1984.0000,1984.0000,1984.0000,1984.0000,1984.0000,1984.0000,1984.0000,1984.0000,1984.0000,1984.0000,1984.0000,1984.0000,1984.0000
2024-11-08 11:49:04, , , ,22.7000,1984.0000,1984.0000,1984.0000,1984.0000,1984.0000,1984.0000,1984.0000,1984.0000,1984.0000,1984.0000,1984.0000,1984.0000,1984.0000,1984.0000
2024-11-08 11:49:04, , , ,22.7000,1984.0000,1984.0000,1984.0000,1984.0000,1984.0000,1984.0000,1984.0000,1984.0000,1984.0000,1984.0000,1984.0000,1984.0000,1984.0000,1984.0000
2024-11-08 11:49:04, , , ,22.7000,1984.0000,1984.0000,1984.0000,1984.0000,1984.0000,1984.0000,1984.0000,1984.0000,1984.0000,1984.0000,1984.0000,1984.0000,1984.0000,1984.0000
2024-11-08 11:49:04, , , ,22.7000,1984.0000,1984.0000,1984.0000,1984.0000,1984.0000,1984.0000,1984.0000,1984.0000,1984.0000,1984.0000,1984.0000,1984.0000,1984.0000,1984.0000
2024-11-08 11:49:04, , , ,22.7000,1984.0000,1984.0000,1984.0000,1984.0000,1984.0000,1984.0000,1984.0000,1984.0000,1984.0000,1984.0000,1984.0000,1984.0000,1984.0000,1984.0000
2024-11-08 11:49:04, , , ,22.7000,1984.0000,1984.0000,1984.0000,1984.0000,1984.0000,1984.0000,1984.0000,1984.0000,1984.0000,1984.0000,1984.0000,1984.0000,1984.0000,1984.0000
2024-11-08 11:49:05, , , ,22.7000,1984.0000,1984.0000,1984.0000,1984.0000,1984.0000,1984.0000,1984.0000,1984.0000,1984.0000,1984.0000,1984.0000,1984.0000,1984.0000,1984.0000
2024-11-08 11:49:05, , , ,22.7000,1984.0000,1984.0000,1984.0000,1984.0000,1984.0000,1984.0000,1984.0000,1984.0000,1984.0000,1984.0000,1984.0000,1984.0000,1984.0000,1984.0000
2024-11-08 11:49:05, , , ,22.7000,1984.0000,1984.0000,1984.0000,1984.0000,1984.0000,1984.0000,1984.0000,1984.0000,1984.0000,1984.0000,1984.0000,1984.0000,1984.0000,1984.0000
2024-11-08 11:49:05, , , ,22.7000,1984.0000,1984.0000,1984.0000,1984.0000,1984.0000,1984.0000,1984.0000,1984.0000,1984.0000,1984.0000,1984.0000,1984.0000,1984.0000,1984.0000
2024-11-08 11:49:05, , , ,22.7000,1984.0000,1984.0000,1984.0000,1984.0000,1984.0000,1984.0000,1984.0000,1984.0000,1984.0000,1984.0000,1984.0000,1984.0000,1984.0000,1984.0000
2024-11-08 11:49:05, , , ,22.7000,1984.0000,1984.0000,1984.0000,1984.0000,1984.0000,1984.0000,1984.0000,1984.0000,1984.0000,1984.0000,1984.0000,1984.0000,1984.0000,1984.0000
2024-11-08 11:49:06, , , ,22.7000,1984.0000,1984.0000,1984.0000,1984.0000,1984.0000,1984.0000,1984.0000,1984.0000,1984.0000,1984.0000,1984.0000,1984.0000,1984.0000,1984.0000
2024-11-08 11:49:06, , , ,22.7000,1984.0000,1984.0000,1984.0000,1984.0000,1984.0000,1984.0000,1984.0000,1984.0000,1984.0000,1984.0000,1984.0000,1984.0000,1984.0000,1984.0000
2024-11-08 11:49:06, , , ,22.7000,1984.0000,1984.0000,1984.0000,1984.0000,1984.0000,1984.0000,1984.0000,1984.0000,1984.0000,1984.0000,1984.0000,1984.0000,1984.0000,1984.0000
2024-11-08 11:49:06, , , ,22.7000,1984.0000,1984.0000,1984.0000,1984.0000,1984.0000,1984.0000,1984.0000,1984.0000,1984.0000,1984.0000,1984.0000,1984.0000,1984.0000,1984.0000
2024-11-08 11:49:06, , , ,22.7000,1984.0000,1984.0000,1984.0000,1984.0000,1984.0000,1984.0000,1984.0000,1984.0000,1984.0000,1984.0000,1984.0000,1984.0000,1984.0000,1984.0000
2024-11-08 11:49:06, , , ,22.7000,1984.0000,1984.0000,1984.0000,1984.0000,1984.0000,1984.0000,1984.0000,1984.0000,1984.0000,1984.0000,1984.0000,1984.0000,1984.0000,1984.0000
2024-11-08 11:49:07, , , ,22.7000,1984.0000,1984.0000,1984.0000,1984.0000,1984.0000,1984.0000,1984.0000,1984.0000,1984.0000,1984.0000,1984.0000,1984.0000,1984.0000,1984.0000
2024-11-08 11:49:07, , , ,22.7000,1984.0000,1984.0000,1984.0000,1984.0000,1984.0000,1984.0000,1984.0000,1984.0000,1984.0000,1984.0000,1984.0000,1984.0000,1984.0000,1984.0000
2024-11-08 11:49:07, , , ,22.7000,1984.0000,1984.0000,1984.0000,1984.0000,1984.0000,1984.0000,1984.0000,1984.0000,1984.0000,1984.0000,1984.0000,1984.0000,1984.0000,1984.0000
2024-11-08 11:49:07, , , ,22.7000,1984.0000,1984.0000,1984.0000,1984.0000,1984.0000,1984.0000,1984.0000,1984.0000,1984.0000,1984.0000,1984.0000,1984.0000,1984.0000,1984.0000
2024-11-08 11:49:07, , , ,22.7000,1984.0000,1984.0000,1984.0000,1984.0000,1984.0000,1984.0000,1984.0000,1984.0000,1984.0000,1984.0000,1984.0000,1984.0000,1984.0000,1984.0000
2024-11-08 11:49:07, , , ,22.7000,1984.0000,1984.0000,1984.0000,1984.0000,1984.0000,1984.0000,1984.0000,1984.0000,1984.0000,1984.0000,1984.0000,1984.0000,1984.0000,1984.0000
2024-11-08 11:49:08, , , ,22.7000,1984.0000,1984.0000,1984.0000,1984.0000,1984.0000,1984.0000,1984.0000,1984.0000,1984.0000,1984.0000,1984.0000,1984.0000,1984.0000,1984.0000
2024-11-08 11:49:08, , , ,22.7000,1984.0000,1984.0000,1984.0000,1984.0000,1984.0000,1984.0000,1984.0000,1984.0000,1984.0000,1984.0000,1984.0000,1984.0000,1984.0000,1984.0000
2024-11-08 11:49:08, , , ,22.7000,1984.0000,1984.0000,1984.0000,1984.0000,1984.0000,1984.0000,1984.0000,1984.0000,1984.0000,1984.0000,1984.0000,1984.0000,1984.0000,1984.0000
2024-11-08 11:49:08, , , ,22.7000,1984.0000,1984.0000,1984.0000,1984.0000,1984.0000,1984.0000,1984.0000,1984.0000,1984.0000,1984.0000,1984.0000,1984.0000,1984.0000,1984.0000
2024-11-08 11:49:08, , , ,22.7000,1984.0000,1984.0000,1984.0000,1984.0000,1984.0000,1984.0000,1984.0000,1984.0000,1984.0000,1984.0000,1984.0000,1984.0000,1984.0000,1984.0000
2024-11-08 11:49:08, , , ,22.7000,1984.0000,1984.0000,1984.0000,1984.0000,1984.0000,1984.0000,1984.0000,1984.0000,1984.0000,1984.0000,1984.0000,1984.0000,1984.0000,1984.0000
2024-11-08 11:49:09, , , ,22.7000,1984.0000,1984.0000,1984.0000,1984.0000,1984.0000,1984.0000,1984.0000,1984.0000,1984.0000,1984.0000,1984.0000,1984.0000,1984.0000,1984.0000
2024-11-08 11:49:09, , , ,22.7000,1984.0000,1984.0000,1984.0000,1984.0000,1984.0000,1984.0000,1984.0000,1984.0000,1984.0000,1984.0000,1984.0000,1984.0000,1984.0000,1984.0000
2024-11-08 11:49:09, , , ,22.7000,1984.0000,1984.0000,1984.0000,1984.0000,1984.0000,1984.0000,1984.0000,1984.0000,1984.0000,1984.0000,1984.0000,1984.0000,1984.0000,1984.0000
2024-11-08 11:49:09, , , ,22.7000,1984.0000,1984.0000,1984.0000,1984.0000,1984.0000,1984.0000,1984.0000,1984.0000,1984.0000,1984.0000,1984.0000,1984.0000,1984.0000,1984.0000
2024-11-08 11:49:09, , , ,22.7000,1984.0000,1984.0000,1984.0000,1984.0000,1984.0000,1984.0000,1984.0000,1984.0000,1984.0000,1984.0000,1984.0000,1984.0000,1984.0000,1984.0000
2024-11-08 11:49:09, , , ,22.7000,1984.0000,1984.0000,1984.0000,1984.0000,1984.0000,1984.0000,1984.0000,1984.0000,1984.0000,1984.0000,1984.0000,1984.0000,1984.0000,1984.0000
2024-11-08 11:49:10, , , ,22.7000,1984.0000,1984.0000,1984.0000,1984.0000,1984.0000,1984.0000,1984.0000,1984.0000,1984.0000,1984.0000,1984.0000,1984.0000,1984.0000,1984.0000
2024-11-08 11:49:10, , , ,22.7000,1984.0000,1984.0000,1984.0000,1984.0000,1984.0000,1984.0000,1984.0000,1984.0000,1984.0000,1984.0000,1984.0000,1984.0000,1984.0000,1984.0000
2024-11-08 11:49:10, , , ,22.7000,1984.0000,1984.0000,1984.0000,1984.0000,1984.0000,1984.0000,1984.0000,1984.0000,1984.0000,1984.0000,1984.0000,1984.0000,1984.0000,1984.0000
2024-11-08 11:49:10, , , ,22.7000,1984.0000,1984.0000,1984.0000,1984.0000,1984.0000,1984.0000,1984.0000,1984.0000,1984.0000,1984.0000,1984.0000,1984.0000,1984.0000,1984.0000
2024-11-08 11:49:10, , , ,22.7000,1984.0000,1984.0000,1984.0000,1984.0000,1984.0000,1984.0000,1984.0000,1984.0000,1984.0000,1984.0000,1984.0000,1984.0000,1984.0000,1984.0000
2024-11-08 11:49:10, , , ,22.7000,1984.0000,1984.0000,1984.0000,1984.0000,1984.0000,1984.0000,1984.0000,1984.0000,1984.0000,1984.0000,1984.0000,1984.0000,1984.0000,1984.0000
2024-11-08 11:49:11, , , ,22.7000,1984.0000,1984.0000,1984.0000,1984.0000,1984.0000,1984.0000,1984.0000,1984.0000,1984.0000,1984.0000,1984.0000,1984.0000,1984.0000,1984.0000
2024-11-08 11:49:11, , , ,22.7000,1984.0000,1984.0000,1984.0000,1984.0000,1984.0000,1984.0000,1984.0000,1984.0000,1984.0000,1984.0000,1984.0000,1984.0000,1984.0000,1984.0000
2024-11-08 11:49:11, , , ,22.7000,1984.0000,1984.0000,1984.0000,1984.0000,1984.0000,1984.0000,1984.0000,1984.0000,1984.0000,1984.0000,1984.0000,1984.0000,1984.0000,1984.0000
2024-11-08 11:49:11, , , ,22.7000,1984.0000,1984.0000,1984.0000,1984.0000,1984.0000,1984.0000,1984.0000,1984.0000,1984.0000,1984.0000,1984.0000,1984.0000,1984.0000,1984.0000
2024-11-08 11:49:11, , , ,22.7000,1984.0000,1984.0000,1984.0000,1984.0000,1984.0000,1984.0000,1984.0000,1984.0000,1984.0000,1984.0000,1984.0000,1984.0000,1984.0000,1984.0000
2024-11-08 11:49:11, , , ,22.7000,1984.0000,1984.0000,1984.0000,1984.0000,1984.0000,1984.0000,1984.0000,1984.0000,1984.0000,1984.0000,1984.0000,1984.0000,1984.0000,1984.0000
2024-11-08 11:49:12, , , ,22.7000,1984.0000,1984.0000,1984.0000,1984.0000,1984.0000,1984.0000,1984.0000,1984.0000,1984.0000,1984.0000,1984.0000,1984.0000,1984.0000,1984.0000
2024-11-08 11:49:12, , , ,22.7000,1984.0000,1984.0000,1984.0000,1984.0000,1984.0000,1984.0000,1984.0000,1984.0000,1984.0000,1984.0000,1984.0000,1984.0000,1984.0000,1984.0000
2024-11-08 11:49:12, , , ,22.7000,1984.0000,1984.0000,1984.0000,1984.0000,1984.0000,1984.0000,1984.0000,1984.0000,1984.0000,1984.0000,1984.0000,1984.0000,1984.0000,1984.0000
2024-11-08 11:49:12, , , ,22.7000,1984.0000,1984.0000,1984.0000,1984.0000,1984.0000,1984.0000,1984.0000,1984.0000,1984.0000,1984.0000,1984.0000,1984.0000,1984.0000,1984.0000
2024-11-08 11:49:12, , , ,22.7000,1984.0000,1984.0000,1984.0000,1984.0000,1984.0000,1984.0000,1984.0000,1984.0000,1984.0000,1984.0000,1984.0000,1984.0000,1984.0000,1984.0000
2024-11-08 11:49:12, , , ,22.7000,1984.0000,1984.0000,1984.0000,1984.0000,1984.0000,1984.0000,1984.0000,1984.0000,1984.0000,1984.0000,1984.0000,1984.0000,1984.0000,1984.0000
2024-11-08 11:49:13, , , ,22.7000,1984.0000,1984.0000,1984.0000,1984.0000,1984.0000,1984.0000,1984.0000,1984.0000,1984.0000,1984.0000,1984.0000,1984.0000,1984.0000,1984.0000
2024-11-08 11:49:13, , , ,22.7000,1984.0000,1984.0000,1984.0000,1984.0000,1984.0000,1984.0000,1984.0000,1984.0000,1984.0000,1984.0000,1984.0000,1984.0000,1984.0000,1984.0000
2024-11-08 11:49:13, , , ,22.7000,1984.0000,1984.0000,1984.0000,1984.0000,1984.0000,1984.0000,1984.0000,1984.0000,1984.0000,1984.0000,1984.0000,1984.0000,1984.0000,1984.0000
2024-11-08 11:49:13, , , ,22.7000,1984.0000,1984.0000,1984.0000,1984.0000,1984.0000,1984.0000,1984.0000,1984.0000,1984.0000,1984.0000,1984.0000,1984.0000,1984.0000,1984.0000
2024-11-08 11:49:13, , , ,22.7000,1984.0000,1984.0000,1984.0000,1984.0000,1984.0000,1984.0000,1984.0000,1984.0000,1984.0000,1984.0000,1984.0000,1984.0000,1984.0000,1984.0000
2024-11-08 11:49:13, , , ,22.7000,1984.0000,1984.0000,1984.0000,1984.0000,1984.0000,1984.0000,1984.0000,1984.0000,1984.0000,1984.0000,1984.0000,1984.0000,1984.0000,1984.0000
2024-11-08 11:49:14, , , ,22.7000,1984.0000,1984.0000,1984.0000,1984.0000,1984.0000,1984.0000,1984.0000,1984.0000,1984.0000,1984.0000,1984.0000,1984.0000,1984.0000,1984.0000
2024-11-08 11:49:14, , , ,22.7000,1984.0000,1984.0000,1984.0000,1984.0000,1984.0000,1984.0000,1984.0000,1984.0000,1984.0000,1984.0000,1984.0000,1984.0000,1984.0000,1984.0000
2024-11-08 11:49:14, , , ,22.7000,1984.0000,1984.0000,1984.0000,1984.0000,1984.0000,1984.0000,1984.0000,1984.0000,1984.0000,1984.0000,1984.0000,1984.0000,1984.0000,1984.0000
2024-11-08 11:49:14, , , ,22.7000,1984.0000,1984.0000,1984.0000,1984.0000,1984.0000,1984.0000,1984.0000,1984.0000,1984.0000,1984.0000,1984.0000,1984.0000,1984.0000,1984.0000
2024-11-08 11:49:14, , , ,22.7000,1984.0000,1984.0000,1984.0000,1984.0000,1984.0000,1984.0000,1984.0000,1984.0000,1984.0000,1984.0000,1984.0000,1984.0000,1984.0000,1984.0000
2024-11-08 11:49:14, , , ,22.7000,1984.0000,1984.0000,1984.0000,1984.0000,1984.0000,1984.0000,1984.0000,1984.0000,1984.0000,1984.0000,1984.0000,1984.0000,1984.0000,1984.0000
2024-11-08 11:49:15, , , ,22.7000,1984.0000,1984.0000,1984.0000,1984.0000,1984.0000,1984.0000,1984.0000,1984.0000,1984.0000,1984.0000,1984.0000,1984.0000,1984.0000,1984.0000
2024-11-08 11:49:15, , , ,22.7000,1984.0000,1984.0000,1984.0000,1984.0000,1984.0000,1984.0000,1984.0000,1984.0000,1984.0000,1984.0000,1984.0000,1984.0000,1984.0000,1984.0000
2024-11-08 11:49:15, , , ,22.7000,1984.0000,1984.0000,1984.0000,1984.0000,1984.0000,1984.0000,1984.0000,1984.0000,1984.0000,1984.0000,1984.0000,1984.0000,1984.0000,1984.0000
2024-11-08 11:49:15, , , ,22.7000,1984.0000,1984.0000,1984.0000,1984.0000,1984.0000,1984.0000,1984.0000,1984.0000,1984.0000,1984.0000,1984.0000,1984.0000,1984.0000,1984.0000
2024-11-08 11:49:15, , , ,22.7000,1984.0000,1984.0000,1984.0000,1984.0000,1984.0000,1984.0000,1984.0000,1984.0000,1984.0000,1984.0000,1984.0000,1984.0000,1984.0000,1984.0000
2024-11-08 11:49:15, , , ,22.7000,1984.0000,1984.0000,1984.0000,1984.0000,1984.0000,1984.0000,1984.0000,1984.0000,1984.0000,1984.0000,1984.0000,1984.0000,1984.0000,1984.0000
2024-11-08 11:49:15, , , ,22.7000,1984.0000,1984.0000,1984.0000,1984.0000,1984.0000,1984.0000,1984.0000,1984.0000,1984.0000,1984.0000,1984.0000,1984.0000,1984.0000,1984.0000
2024-11-08 11:49:16, , , ,22.7000,1984.0000,1984.0000,1984.0000,1984.0000,1984.0000,1984.0000,1984.0000,1984.0000,1984.0000,1984.0000,1984.0000,1984.0000,1984.0000,1984.0000
2024-11-08 11:49:16, , , ,22.7000,1984.0000,1984.0000,1984.0000,1984.0000,1984.0000,1984.0000,1984.0000,1984.0000,1984.0000,1984.0000,1984.0000,1984.0000,1984.0000,1984.0000
2024-11-08 11:49:16, , , ,22.7000,1984.0000,1984.0000,1984.0000,1984.0000,1984.0000,1984.0000,1984.0000,1984.0000,1984.0000,1984.0000,1984.0000,1984.0000,1984.0000,1984.0000
2024-11-08 11:49:16, , , ,22.7000,1984.0000,1984.0000,1984.0000,1984.0000,1984.0000,1984.0000,1984.0000,1984.0000,1984.0000,1984.0000,1984.0000,1984.0000,1984.0000,1984.0000
2024-11-08 11:49:16, , , ,22.7000,1984.0000,1984.0000,1984.0000,1984.0000,1984.0000,1984.0000,1984.0000,1984.0000,1984.0000,1984.0000,1984.0000,1984.0000,1984.0000,1984.0000
2024-11-08 11:49:16, , , ,22.7000,1984.0000,1984.0000,1984.0000,1984.0000,1984.0000,1984.0000,1984.0000,1984.0000,1984.0000,1984.0000,1984.0000,1984.0000,1984.0000,1984.0000
2024-11-08 11:49:17, , , ,22.7000,1984.0000,1984.0000,1984.0000,1984.0000,1984.0000,1984.0000,1984.0000,1984.0000,1984.0000,1984.0000,1984.0000,1984.0000,1984.0000,1984.0000
2024-11-08 11:49:17, , , ,22.7000,1984.0000,1984.0000,1984.0000,1984.0000,1984.0000,1984.0000,1984.0000,1984.0000,1984.0000,1984.0000,1984.0000,1984.0000,1984.0000,1984.0000
2024-11-08 11:49:17, , , ,22.7000,1984.0000,1984.0000,1984.0000,1984.0000,1984.0000,1984.0000,1984.0000,1984.0000,1984.0000,1984.0000,1984.0000,1984.0000,1984.0000,1984.0000
2024-11-08 11:49:17, , , ,22.7000,1984.0000,1984.0000,1984.0000,1984.0000,1984.0000,1984.0000,1984.0000,1984.0000,1984.0000,1984.0000,1984.0000,1984.0000,1984.0000,1984.0000
2024-11-08 11:49:17, , , ,22.7000,1984.0000,1984.0000,1984.0000,1984.0000,1984.0000,1984.0000,1984.0000,1984.0000,1984.0000,1984.0000,1984.0000,1984.0000,1984.0000,1984.0000
2024-11-08 11:49:17, , , ,22.7000,1984.0000,1984.0000,1984.0000,1984.0000,1984.0000,1984.0000,1984.0000,1984.0000,1984.0000,1984.0000,1984.0000,1984.0000,1984.0000,1984.0000
2024-11-08 11:49:18, , , ,22.7000,1984.0000,1984.0000,1984.0000,1984.0000,1984.0000,1984.0000,1984.0000,1984.0000,1984.0000,1984.0000,1984.0000,1984.0000,1984.0000,1984.0000
2024-11-08 11:49:18, , , ,22.7000,1984.0000,1984.0000,1984.0000,1984.0000,1984.0000,1984.0000,1984.0000,1984.0000,1984.0000,1984.0000,1984.0000,1984.0000,1984.0000,1984.0000
2024-11-08 11:49:18, , , ,22.7000,1984.0000,1984.0000,1984.0000,1984.0000,1984.0000,1984.0000,1984.0000,1984.0000,1984.0000,1984.0000,1984.0000,1984.0000,1984.0000,1984.0000
2024-11-08 11:49:18, , , ,22.7000,1984.0000,1984.0000,1984.0000,1984.0000,1984.0000,1984.0000,1984.0000,1984.0000,1984.0000,1984.0000,1984.0000,1984.0000,1984.0000,1984.0000
2024-11-08 11:49:18, , , ,22.7000,1984.0000,1984.0000,1984.0000,1984.0000,1984.0000,1984.0000,1984.0000,1984.0000,1984.0000,1984.0000,1984.0000,1984.0000,1984.0000,1984.0000
2024-11-08 11:49:18, , , ,22.7000,1984.0000,1984.0000,1984.0000,1984.0000,1984.0000,1984.0000,1984.0000,1984.0000,1984.0000,1984.0000,1984.0000,1984.0000,1984.0000,1984.0000
2024-11-08 11:49:19, , , ,22.7000,1984.0000,1984.0000,1984.0000,1984.0000,1984.0000,1984.0000,1984.0000,1984.0000,1984.0000,1984.0000,1984.0000,1984.0000,1984.0000,1984.0000
2024-11-08 11:49:19, , , ,22.7000,1984.0000,1984.0000,1984.0000,1984.0000,1984.0000,1984.0000,1984.0000,1984.0000,1984.0000,1984.0000,1984.0000,1984.0000,1984.0000,1984.0000
2024-11-08 11:49:19, , , ,22.7000,1984.0000,1984.0000,1984.0000,1984.0000,1984.0000,1984.0000,1984.0000,1984.0000,1984.0000,1984.0000,1984.0000,1984.0000,1984.0000,1984.0000
2024-11-08 11:49:19, , , ,22.8000,1984.0000,1984.0000,1984.0000,1984.0000,1984.0000,1984.0000,1984.0000,1984.0000,1984.0000,1984.0000,1984.0000,1984.0000,1984.0000,1984.0000
2024-11-08 11:49:19, , , ,22.7000,1984.0000,1984.0000,1984.0000,1984.0000,1984.0000,1984.0000,1984.0000,1984.0000,1984.0000,1984.0000,1984.0000,1984.0000,1984.0000,1984.0000
2024-11-08 11:49:19, , , ,22.7000,1984.0000,1984.0000,1984.0000,1984.0000,1984.0000,1984.0000,1984.0000,1984.0000,1984.0000,1984.0000,1984.0000,1984.0000,1984.0000,1984.0000
2024-11-08 11:49:20, , , ,22.7000,1984.0000,1984.0000,1984.0000,1984.0000,1984.0000,1984.0000,1984.0000,1984.0000,1984.0000,1984.0000,1984.0000,1984.0000,1984.0000,1984.0000
2024-11-08 11:49:20, , , ,22.7000,1984.0000,1984.0000,1984.0000,1984.0000,1984.0000,1984.0000,1984.0000,1984.0000,1984.0000,1984.0000,1984.0000,1984.0000,1984.0000,1984.0000
2024-11-08 11:49:20, , , ,22.7000,1984.0000,1984.0000,1984.0000,1984.0000,1984.0000,1984.0000,1984.0000,1984.0000,1984.0000,1984.0000,1984.0000,1984.0000,1984.0000,1984.0000
2024-11-08 11:49:20, , , ,22.7000,1984.0000,1984.0000,1984.0000,1984.0000,1984.0000,1984.0000,1984.0000,1984.0000,1984.0000,1984.0000,1984.0000,1984.0000,1984.0000,1984.0000
2024-11-08 11:49:20, , , ,22.7000,1984.0000,1984.0000,1984.0000,1984.0000,1984.0000,1984.0000,1984.0000,1984.0000,1984.0000,1984.0000,1984.0000,1984.0000,1984.0000,1984.0000
2024-11-08 11:49:20, , , ,22.7000,1984.0000,1984.0000,1984.0000,1984.0000,1984.0000,1984.0000,1984.0000,1984.0000,1984.0000,1984.0000,1984.0000,1984.0000,1984.0000,1984.0000
2024-11-08 11:49:21, , , ,22.7000,1984.0000,1984.0000,1984.0000,1984.0000,1984.0000,1984.0000,1984.0000,1984.0000,1984.0000,1984.0000,1984.0000,1984.0000,1984.0000,1984.0000
2024-11-08 11:49:21, , , ,22.7000,1984.0000,1984.0000,1984.0000,1984.0000,1984.0000,1984.0000,1984.0000,1984.0000,1984.0000,1984.0000,1984.0000,1984.0000,1984.0000,1984.0000
2024-11-08 11:49:21, , , ,22.7000,1984.0000,1984.0000,1984.0000,1984.0000,1984.0000,1984.0000,1984.0000,1984.0000,1984.0000,1984.0000,1984.0000,1984.0000,1984.0000,1984.0000
2024-11-08 11:49:21, , , ,22.7000,1984.0000,1984.0000,1984.0000,1984.0000,1984.0000,1984.0000,1984.0000,1984.0000,1984.0000,1984.0000,1984.0000,1984.0000,1984.0000,1984.0000
2024-11-08 11:49:21, , , ,22.7000,1984.0000,1984.0000,1984.0000,1984.0000,1984.0000,1984.0000,1984.0000,1984.0000,1984.0000,1984.0000,1984.0000,1984.0000,1984.0000,1984.0000
2024-11-08 11:49:21, , , ,22.7000,1984.0000,1984.0000,1984.0000,1984.0000,1984.0000,1984.0000,1984.0000,1984.0000,1984.0000,1984.0000,1984.0000,1984.0000,1984.0000,1984.0000
2024-11-08 11:49:22, , , ,22.7000,1984.0000,1984.0000,1984.0000,1984.0000,1984.0000,1984.0000,1984.0000,1984.0000,1984.0000,1984.0000,1984.0000,1984.0000,1984.0000,1984.0000
2024-11-08 11:49:22, , , ,22.7000,1984.0000,1984.0000,1984.0000,1984.0000,1984.0000,1984.0000,1984.0000,1984.0000,1984.0000,1984.0000,1984.0000,1984.0000,1984.0000,1984.0000
2024-11-08 11:49:22, , , ,22.7000,1984.0000,1984.0000,1984.0000,1984.0000,1984.0000,1984.0000,1984.0000,1984.0000,1984.0000,1984.0000,1984.0000,1984.0000,1984.0000,1984.0000
2024-11-08 11:49:22, , , ,22.7000,1984.0000,1984.0000,1984.0000,1984.0000,1984.0000,1984.0000,1984.0000,1984.0000,1984.0000,1984.0000,1984.0000,1984.0000,1984.0000,1984.0000
2024-11-08 11:49:22, , , ,22.7000,1984.0000,1984.0000,1984.0000,1984.0000,1984.0000,1984.0000,1984.0000,1984.0000,1984.0000,1984.0000,1984.0000,1984.0000,1984.0000,1984.0000
2024-11-08 11:49:22, , , ,22.7000,1984.0000,1984.0000,1984.0000,1984.0000,1984.0000,1984.0000,1984.0000,1984.0000,1984.0000,1984.0000,1984.0000,1984.0000,1984.0000,1984.0000
2024-11-08 11:49:23, , , ,22.7000,1984.0000,1984.0000,1984.0000,1984.0000,1984.0000,1984.0000,1984.0000,1984.0000,1984.0000,1984.0000,1984.0000,1984.0000,1984.0000,1984.0000
2024-11-08 11:49:23, , , ,22.7000,1984.0000,1984.0000,1984.0000,1984.0000,1984.0000,1984.0000,1984.0000,1984.0000,1984.0000,1984.0000,1984.0000,1984.0000,1984.0000,1984.0000
2024-11-08 11:49:23, , , ,22.7000,1984.0000,1984.0000,1984.0000,1984.0000,1984.0000,1984.0000,1984.0000,1984.0000,1984.0000,1984.0000,1984.0000,1984.0000,1984.0000,1984.0000
2024-11-08 11:49:23, , , ,22.7000,1984.0000,1984.0000,1984.0000,1984.0000,1984.0000,1984.0000,1984.0000,1984.0000,1984.0000,1984.0000,1984.0000,1984.0000,1984.0000,1984.0000
2024-11-08 11:49:23, , , ,22.7000,1984.0000,1984.0000,1984.0000,1984.0000,1984.0000,1984.0000,1984.0000,1984.0000,1984.0000,1984.0000,1984.0000,1984.0000,1984.0000,1984.0000
2024-11-08 11:49:23, , , ,22.7000,1984.0000,1984.0000,1984.0000,1984.0000,1984.0000,1984.0000,1984.0000,1984.0000,1984.0000,1984.0000,1984.0000,1984.0000,1984.0000,1984.0000
2024-11-08 11:49:24, , , ,22.7000,1984.0000,1984.0000,1984.0000,1984.0000,1984.0000,1984.0000,1984.0000,1984.0000,1984.0000,1984.0000,1984.0000,1984.0000,1984.0000,1984.0000
2024-11-08 11:49:24, , , ,22.7000,1984.0000,1984.0000,1984.0000,1984.0000,1984.0000,1984.0000,1984.0000,1984.0000,1984.0000,1984.0000,1984.0000,1984.0000,1984.0000,1984.0000
2024-11-08 11:49:24, , , ,22.7000,1984.0000,1984.0000,1984.0000,1984.0000,1984.0000,1984.0000,1984.0000,1984.0000,1984.0000,1984.0000,1984.0000,1984.0000,1984.0000,1984.0000
2024-11-08 11:49:24, , , ,22.7000,1984.0000,1984.0000,1984.0000,1984.0000,1984.0000,1984.0000,1984.0000,1984.0000,1984.0000,1984.0000,1984.0000,1984.0000,1984.0000,1984.0000
2024-11-08 11:49:24, , , ,22.7000,1984.0000,1984.0000,1984.0000,1984.0000,1984.0000,1984.0000,1984.0000,1984.0000,1984.0000,1984.0000,1984.0000,1984.0000,1984.0000,1984.0000
2024-11-08 11:49:24, , , ,22.7000,1984.0000,1984.0000,1984.0000,1984.0000,1984.0000,1984.0000,1984.0000,1984.0000,1984.0000,1984.0000,1984.0000,1984.0000,1984.0000,1984.0000
2024-11-08 11:49:25, , , ,22.7000,1984.0000,1984.0000,1984.0000,1984.0000,1984.0000,1984.0000,1984.0000,1984.0000,1984.0000,1984.0000,1984.0000,1984.0000,1984.0000,1984.0000
2024-11-08 11:49:25, , , ,22.7000,1984.0000,1984.0000,1984.0000,1984.0000,1984.0000,1984.0000,1984.0000,1984.0000,1984.0000,1984.0000,1984.0000,1984.0000,1984.0000,1984.0000
2024-11-08 11:49:25, , , ,22.7000,1984.0000,1984.0000,1984.0000,1984.0000,1984.0000,1984.0000,1984.0000,1984.0000,1984.0000,1984.0000,1984.0000,1984.0000,1984.0000,1984.0000
2024-11-08 11:49:25, , , ,22.7000,1984.0000,1984.0000,1984.0000,1984.0000,1984.0000,1984.0000,1984.0000,1984.0000,1984.0000,1984.0000,1984.0000,1984.0000,1984.0000,1984.0000
2024-11-08 11:49:25, , , ,22.7000,1984.0000,1984.0000,1984.0000,1984.0000,1984.0000,1984.0000,1984.0000,1984.0000,1984.0000,1984.0000,1984.0000,1984.0000,1984.0000,1984.0000
2024-11-08 11:49:25, , , ,22.7000,1984.0000,1984.0000,1984.0000,1984.0000,1984.0000,1984.0000,1984.0000,1984.0000,1984.0000,1984.0000,1984.0000,1984.0000,1984.0000,1984.0000
2024-11-08 11:49:26, , , ,22.7000,1984.0000,1984.0000,1984.0000,1984.0000,1984.0000,1984.0000,1984.0000,1984.0000,1984.0000,1984.0000,1984.0000,1984.0000,1984.0000,1984.0000
2024-11-08 11:49:26, , , ,22.7000,1984.0000,1984.0000,1984.0000,1984.0000,1984.0000,1984.0000,1984.0000,1984.0000,1984.0000,1984.0000,1984.0000,1984.0000,1984.0000,1984.0000
2024-11-08 11:49:26, , , ,22.7000,1984.0000,1984.0000,1984.0000,1984.0000,1984.0000,1984.0000,1984.0000,1984.0000,1984.0000,1984.0000,1984.0000,1984.0000,1984.0000,1984.0000
2024-11-08 11:49:26, , , ,22.7000,1984.0000,1984.0000,1984.0000,1984.0000,1984.0000,1984.0000,1984.0000,1984.0000,1984.0000,1984.0000,1984.0000,1984.0000,1984.0000,1984.0000
2024-11-08 11:49:26, , , ,22.7000,1984.0000,1984.0000,1984.0000,1984.0000,1984.0000,1984.0000,1984.0000,1984.0000,1984.0000,1984.0000,1984.0000,1984.0000,1984.0000,1984.0000
2024-11-08 11:49:26, , , ,22.7000,1984.0000,1984.0000,1984.0000,1984.0000,1984.0000,1984.0000,1984.0000,1984.0000,1984.0000,1984.0000,1984.0000,1984.0000,1984.0000,1984.0000
2024-11-08 11:49:27, , , ,22.7000,1984.0000,1984.0000,1984.0000,1984.0000,1984.0000,1984.0000,1984.0000,1984.0000,1984.0000,1984.0000,1984.0000,1984.0000,1984.0000,1984.0000
2024-11-08 11:49:27, , , ,22.7000,1984.0000,1984.0000,1984.0000,1984.0000,1984.0000,1984.0000,1984.0000,1984.0000,1984.0000,1984.0000,1984.0000,1984.0000,1984.0000,1984.0000
2024-11-08 11:49:27, , , ,22.7000,1984.0000,1984.0000,1984.0000,1984.0000,1984.0000,1984.0000,1984.0000,1984.0000,1984.0000,1984.0000,1984.0000,1984.0000,1984.0000,1984.0000
2024-11-08 11:49:27, , , ,22.7000,1984.0000,1984.0000,1984.0000,1984.0000,1984.0000,1984.0000,1984.0000,1984.0000,1984.0000,1984.0000,1984.0000,1984.0000,1984.0000,1984.0000
2024-11-08 11:49:27, , , ,22.7000,1984.0000,1984.0000,1984.0000,1984.0000,1984.0000,1984.0000,1984.0000,1984.0000,1984.0000,1984.0000,1984.0000,1984.0000,1984.0000,1984.0000
2024-11-08 11:49:27, , , ,22.7000,1984.0000,1984.0000,1984.0000,1984.0000,1984.0000,1984.0000,1984.0000,1984.0000,1984.0000,1984.0000,1984.0000,1984.0000,1984.0000,1984.0000
2024-11-08 11:49:28, , , ,22.7000,1984.0000,1984.0000,1984.0000,1984.0000,1984.0000,1984.0000,1984.0000,1984.0000,1984.0000,1984.0000,1984.0000,1984.0000,1984.0000,1984.0000
2024-11-08 11:49:28, , , ,22.7000,1984.0000,1984.0000,1984.0000,1984.0000,1984.0000,1984.0000,1984.0000,1984.0000,1984.0000,1984.0000,1984.0000,1984.0000,1984.0000,1984.0000
2024-11-08 11:49:28, , , ,22.7000,1984.0000,1984.0000,1984.0000,1984.0000,1984.0000,1984.0000,1984.0000,1984.0000,1984.0000,1984.0000,1984.0000,1984.0000,1984.0000,1984.0000
2024-11-08 11:49:28, , , ,22.7000,1984.0000,1984.0000,1984.0000,1984.0000,1984.0000,1984.0000,1984.0000,1984.0000,1984.0000,1984.0000,1984.0000,1984.0000,1984.0000,1984.0000
2024-11-08 11:49:28, , , ,22.7000,1984.0000,1984.0000,1984.0000,1984.0000,1984.0000,1984.0000,1984.0000,1984.0000,1984.0000,1984.0000,1984.0000,1984.0000,1984.0000,1984.0000
2024-11-08 11:49:28, , , ,22.7000,1984.0000,1984.0000,1984.0000,1984.0000,1984.0000,1984.0000,1984.0000,1984.0000,1984.0000,1984.0000,1984.0000,1984.0000,1984.0000,1984.0000
2024-11-08 11:49:29, , , ,22.7000,1984.0000,1984.0000,1984.0000,1984.0000,1984.0000,1984.0000,1984.0000,1984.0000,1984.0000,1984.0000,1984.0000,1984.0000,1984.0000,1984.0000
2024-11-08 11:49:29, , , ,22.7000,1984.0000,1984.0000,1984.0000,1984.0000,1984.0000,1984.0000,1984.0000,1984.0000,1984.0000,1984.0000,1984.0000,1984.0000,1984.0000,1984.0000
2024-11-08 11:49:29, , , ,22.7000,1984.0000,1984.0000,1984.0000,1984.0000,1984.0000,1984.0000,1984.0000,1984.0000,1984.0000,1984.0000,1984.0000,1984.0000,1984.0000,1984.0000
2024-11-08 11:49:29, , , ,22.7000,1984.0000,1984.0000,1984.0000,1984.0000,1984.0000,1984.0000,1984.0000,1984.0000,1984.0000,1984.0000,1984.0000,1984.0000,1984.0000,1984.0000
2024-11-08 11:49:29, , , ,22.7000,1984.0000,1984.0000,1984.0000,1984.0000,1984.0000,1984.0000,1984.0000,1984.0000,1984.0000,1984.0000,1984.0000,1984.0000,1984.0000,1984.0000
2024-11-08 11:49:29, , , ,22.7000,1984.0000,1984.0000,1984.0000,1984.0000,1984.0000,1984.0000,1984.0000,1984.0000,1984.0000,1984.0000,1984.0000,1984.0000,1984.0000,1984.0000
2024-11-08 11:49:30, , , ,22.7000,1984.0000,1984.0000,1984.0000,1984.0000,1984.0000,1984.0000,1984.0000,1984.0000,1984.0000,1984.0000,1984.0000,1984.0000,1984.0000,1984.0000
2024-11-08 11:49:30, , , ,22.7000,1984.0000,1984.0000,1984.0000,1984.0000,1984.0000,1984.0000,1984.0000,1984.0000,1984.0000,1984.0000,1984.0000,1984.0000,1984.0000,1984.0000
2024-11-08 11:49:30, , , ,22.7000,1984.0000,1984.0000,1984.0000,1984.0000,1984.0000,1984.0000,1984.0000,1984.0000,1984.0000,1984.0000,1984.0000,1984.0000,1984.0000,1984.0000
2024-11-08 11:49:30, , , ,22.7000,1984.0000,1984.0000,1984.0000,1984.0000,1984.0000,1984.0000,1984.0000,1984.0000,1984.0000,1984.0000,1984.0000,1984.0000,1984.0000,1984.0000
2024-11-08 11:49:30, , , ,22.7000,1984.0000,1984.0000,1984.0000,1984.0000,1984.0000,1984.0000,1984.0000,1984.0000,1984.0000,1984.0000,1984.0000,1984.0000,1984.0000,1984.0000
2024-11-08 11:49:30, , , ,22.7000,1984.0000,1984.0000,1984.0000,1984.0000,1984.0000,1984.0000,1984.0000,1984.0000,1984.0000,1984.0000,1984.0000,1984.0000,1984.0000,1984.0000
2024-11-08 11:49:31, , , ,22.7000,1984.0000,1984.0000,1984.0000,1984.0000,1984.0000,1984.0000,1984.0000,1984.0000,1984.0000,1984.0000,1984.0000,1984.0000,1984.0000,1984.0000
2024-11-08 11:49:31, , , ,22.7000,1984.0000,1984.0000,1984.0000,1984.0000,1984.0000,1984.0000,1984.0000,1984.0000,1984.0000,1984.0000,1984.0000,1984.0000,1984.0000,1984.0000
2024-11-08 11:49:31, , , ,22.7000,1984.0000,1984.0000,1984.0000,1984.0000,1984.0000,1984.0000,1984.0000,1984.0000,1984.0000,1984.0000,1984.0000,1984.0000,1984.0000,1984.0000
2024-11-08 11:49:31, , , ,22.7000,1984.0000,1984.0000,1984.0000,1984.0000,1984.0000,1984.0000,1984.0000,1984.0000,1984.0000,1984.0000,1984.0000,1984.0000,1984.0000,1984.0000
2024-11-08 11:49:31, , , ,22.7000,1984.0000,1984.0000,1984.0000,1984.0000,1984.0000,1984.0000,1984.0000,1984.0000,1984.0000,1984.0000,1984.0000,1984.0000,1984.0000,1984.0000
2024-11-08 11:49:31, , , ,22.7000,1984.0000,1984.0000,1984.0000,1984.0000,1984.0000,1984.0000,1984.0000,1984.0000,1984.0000,1984.0000,1984.0000,1984.0000,1984.0000,1984.0000
2024-11-08 11:49:32, , , ,22.7000,1984.0000,1984.0000,1984.0000,1984.0000,1984.0000,1984.0000,1984.0000,1984.0000,1984.0000,1984.0000,1984.0000,1984.0000,1984.0000,1984.0000
2024-11-08 11:49:32, , , ,22.7000,1984.0000,1984.0000,1984.0000,1984.0000,1984.0000,1984.0000,1984.0000,1984.0000,1984.0000,1984.0000,1984.0000,1984.0000,1984.0000,1984.0000
2024-11-08 11:49:32, , , ,22.7000,1984.0000,1984.0000,1984.0000,1984.0000,1984.0000,1984.0000,1984.0000,1984.0000,1984.0000,1984.0000,1984.0000,1984.0000,1984.0000,1984.0000
2024-11-08 11:49:32, , , ,22.7000,1984.0000,1984.0000,1984.0000,1984.0000,1984.0000,1984.0000,1984.0000,1984.0000,1984.0000,1984.0000,1984.0000,1984.0000,1984.0000,1984.0000
2024-11-08 11:49:32, , , ,22.7000,1984.0000,1984.0000,1984.0000,1984.0000,1984.0000,1984.0000,1984.0000,1984.0000,1984.0000,1984.0000,1984.0000,1984.0000,1984.0000,1984.0000
2024-11-08 11:49:32, , , ,22.7000,1984.0000,1984.0000,1984.0000,1984.0000,1984.0000,1984.0000,1984.0000,1984.0000,1984.0000,1984.0000,1984.0000,1984.0000,1984.0000,1984.0000
2024-11-08 11:49:33, , , ,22.7000,1984.0000,1984.0000,1984.0000,1984.0000,1984.0000,1984.0000,1984.0000,1984.0000,1984.0000,1984.0000,1984.0000,1984.0000,1984.0000,1984.0000
2024-11-08 11:49:33, , , ,22.7000,1984.0000,1984.0000,1984.0000,1984.0000,1984.0000,1984.0000,1984.0000,1984.0000,1984.0000,1984.0000,1984.0000,1984.0000,1984.0000,1984.0000
2024-11-08 11:49:33, , , ,22.7000,1984.0000,1984.0000,1984.0000,1984.0000,1984.0000,1984.0000,1984.0000,1984.0000,1984.0000,1984.0000,1984.0000,1984.0000,1984.0000,1984.0000
2024-11-08 11:49:33, , , ,22.7000,1984.0000,1984.0000,1984.0000,1984.0000,1984.0000,1984.0000,1984.0000,1984.0000,1984.0000,1984.0000,1984.0000,1984.0000,1984.0000,1984.0000
2024-11-08 11:49:33, , , ,22.7000,1984.0000,1984.0000,1984.0000,1984.0000,1984.0000,1984.0000,1984.0000,1984.0000,1984.0000,1984.0000,1984.0000,1984.0000,1984.0000,1984.0000
2024-11-08 11:49:33, , , ,22.7000,1984.0000,1984.0000,1984.0000,1984.0000,1984.0000,1984.0000,1984.0000,1984.0000,1984.0000,1984.0000,1984.0000,1984.0000,1984.0000,1984.0000
2024-11-08 11:49:34, , , ,22.7000,1984.0000,1984.0000,1984.0000,1984.0000,1984.0000,1984.0000,1984.0000,1984.0000,1984.0000,1984.0000,1984.0000,1984.0000,1984.0000,1984.0000
2024-11-08 11:49:34, , , ,22.7000,1984.0000,1984.0000,1984.0000,1984.0000,1984.0000,1984.0000,1984.0000,1984.0000,1984.0000,1984.0000,1984.0000,1984.0000,1984.0000,1984.0000
2024-11-08 11:49:34, , , ,22.7000,1984.0000,1984.0000,1984.0000,1984.0000,1984.0000,1984.0000,1984.0000,1984.0000,1984.0000,1984.0000,1984.0000,1984.0000,1984.0000,1984.0000
2024-11-08 11:49:34, , , ,22.7000,1984.0000,1984.0000,1984.0000,1984.0000,1984.0000,1984.0000,1984.0000,1984.0000,1984.0000,1984.0000,1984.0000,1984.0000,1984.0000,1984.0000
2024-11-08 11:49:34, , , ,22.7000,1984.0000,1984.0000,1984.0000,1984.0000,1984.0000,1984.0000,1984.0000,1984.0000,1984.0000,1984.0000,1984.0000,1984.0000,1984.0000,1984.0000
2024-11-08 11:49:34, , , ,22.7000,1984.0000,1984.0000,1984.0000,1984.0000,1984.0000,1984.0000,1984.0000,1984.0000,1984.0000,1984.0000,1984.0000,1984.0000,1984.0000,1984.0000
2024-11-08 11:49:35, , , ,22.7000,1984.0000,1984.0000,1984.0000,1984.0000,1984.0000,1984.0000,1984.0000,1984.0000,1984.0000,1984.0000,1984.0000,1984.0000,1984.0000,1984.0000
2024-11-08 11:49:35, , , ,22.7000,1984.0000,1984.0000,1984.0000,1984.0000,1984.0000,1984.0000,1984.0000,1984.0000,1984.0000,1984.0000,1984.0000,1984.0000,1984.0000,1984.0000
2024-11-08 11:49:35, , , ,22.7000,1984.0000,1984.0000,1984.0000,1984.0000,1984.0000,1984.0000,1984.0000,1984.0000,1984.0000,1984.0000,1984.0000,1984.0000,1984.0000,1984.0000
2024-11-08 11:49:35, , , ,22.7000,1984.0000,1984.0000,1984.0000,1984.0000,1984.0000,1984.0000,1984.0000,1984.0000,1984.0000,1984.0000,1984.0000,1984.0000,1984.0000,1984.0000
2024-11-08 11:49:35, , , ,22.7000,1984.0000,1984.0000,1984.0000,1984.0000,1984.0000,1984.0000,1984.0000,1984.0000,1984.0000,1984.0000,1984.0000,1984.0000,1984.0000,1984.0000
2024-11-08 11:49:35, , , ,22.7000,1984.0000,1984.0000,1984.0000,1984.0000,1984.0000,1984.0000,1984.0000,1984.0000,1984.0000,1984.0000,1984.0000,1984.0000,1984.0000,1984.0000
2024-11-08 11:49:36, , , ,22.7000,1984.0000,1984.0000,1984.0000,1984.0000,1984.0000,1984.0000,1984.0000,1984.0000,1984.0000,1984.0000,1984.0000,1984.0000,1984.0000,1984.0000
2024-11-08 11:49:36, , , ,22.7000,1984.0000,1984.0000,1984.0000,1984.0000,1984.0000,1984.0000,1984.0000,1984.0000,1984.0000,1984.0000,1984.0000,1984.0000,1984.0000,1984.0000
2024-11-08 11:49:36, , , ,22.7000,1984.0000,1984.0000,1984.0000,1984.0000,1984.0000,1984.0000,1984.0000,1984.0000,1984.0000,1984.0000,1984.0000,1984.0000,1984.0000,1984.0000
2024-11-08 11:49:36, , , ,22.7000,1984.0000,1984.0000,1984.0000,1984.0000,1984.0000,1984.0000,1984.0000,1984.0000,1984.0000,1984.0000,1984.0000,1984.0000,1984.0000,1984.0000
2024-11-08 11:49:36, , , ,22.7000,1984.0000,1984.0000,1984.0000,1984.0000,1984.0000,1984.0000,1984.0000,1984.0000,1984.0000,1984.0000,1984.0000,1984.0000,1984.0000,1984.0000
2024-11-08 11:49:36, , , ,22.7000,1984.0000,1984.0000,1984.0000,1984.0000,1984.0000,1984.0000,1984.0000,1984.0000,1984.0000,1984.0000,1984.0000,1984.0000,1984.0000,1984.0000
2024-11-08 11:49:37, , , ,22.7000,1984.0000,1984.0000,1984.0000,1984.0000,1984.0000,1984.0000,1984.0000,1984.0000,1984.0000,1984.0000,1984.0000,1984.0000,1984.0000,1984.0000
2024-11-08 11:49:37, , , ,22.7000,1984.0000,1984.0000,1984.0000,1984.0000,1984.0000,1984.0000,1984.0000,1984.0000,1984.0000,1984.0000,1984.0000,1984.0000,1984.0000,1984.0000
2024-11-08 11:49:37, , , ,22.7000,1984.0000,1984.0000,1984.0000,1984.0000,1984.0000,1984.0000,1984.0000,1984.0000,1984.0000,1984.0000,1984.0000,1984.0000,1984.0000,1984.0000
2024-11-08 11:49:37, , , ,22.7000,1984.0000,1984.0000,1984.0000,1984.0000,1984.0000,1984.0000,1984.0000,1984.0000,1984.0000,1984.0000,1984.0000,1984.0000,1984.0000,1984.0000
2024-11-08 11:49:37, , , ,22.7000,1984.0000,1984.0000,1984.0000,1984.0000,1984.0000,1984.0000,1984.0000,1984.0000,1984.0000,1984.0000,1984.0000,1984.0000,1984.0000,1984.0000
2024-11-08 11:49:37, , , ,22.7000,1984.0000,1984.0000,1984.0000,1984.0000,1984.0000,1984.0000,1984.0000,1984.0000,1984.0000,1984.0000,1984.0000,1984.0000,1984.0000,1984.0000
2024-11-08 11:49:38, , , ,22.7000,1984.0000,1984.0000,1984.0000,1984.0000,1984.0000,1984.0000,1984.0000,1984.0000,1984.0000,1984.0000,1984.0000,1984.0000,1984.0000,1984.0000
2024-11-08 11:49:38, , , ,22.7000,1984.0000,1984.0000,1984.0000,1984.0000,1984.0000,1984.0000,1984.0000,1984.0000,1984.0000,1984.0000,1984.0000,1984.0000,1984.0000,1984.0000
2024-11-08 11:49:38, , , ,22.7000,1984.0000,1984.0000,1984.0000,1984.0000,1984.0000,1984.0000,1984.0000,1984.0000,1984.0000,1984.0000,1984.0000,1984.0000,1984.0000,1984.0000
2024-11-08 11:49:38, , , ,22.7000,1984.0000,1984.0000,1984.0000,1984.0000,1984.0000,1984.0000,1984.0000,1984.0000,1984.0000,1984.0000,1984.0000,1984.0000,1984.0000,1984.0000
2024-11-08 11:49:38, , , ,22.7000,1984.0000,1984.0000,1984.0000,1984.0000,1984.0000,1984.0000,1984.0000,1984.0000,1984.0000,1984.0000,1984.0000,1984.0000,1984.0000,1984.0000
2024-11-08 11:49:38, , , ,22.7000,1984.0000,1984.0000,1984.0000,1984.0000,1984.0000,1984.0000,1984.0000,1984.0000,1984.0000,1984.0000,1984.0000,1984.0000,1984.0000,1984.0000
2024-11-08 11:49:39, , , ,22.7000,1984.0000,1984.0000,1984.0000,1984.0000,1984.0000,1984.0000,1984.0000,1984.0000,1984.0000,1984.0000,1984.0000,1984.0000,1984.0000,1984.0000
2024-11-08 11:49:39, , , ,22.7000,1984.0000,1984.0000,1984.0000,1984.0000,1984.0000,1984.0000,1984.0000,1984.0000,1984.0000,1984.0000,1984.0000,1984.0000,1984.0000,1984.0000
2024-11-08 11:49:39, , , ,22.7000,1984.0000,1984.0000,1984.0000,1984.0000,1984.0000,1984.0000,1984.0000,1984.0000,1984.0000,1984.0000,1984.0000,1984.0000,1984.0000,1984.0000
2024-11-08 11:49:39, , , ,22.7000,1984.0000,1984.0000,1984.0000,1984.0000,1984.0000,1984.0000,1984.0000,1984.0000,1984.0000,1984.0000,1984.0000,1984.0000,1984.0000,1984.0000
2024-11-08 11:49:39, , , ,22.7000,1984.0000,1984.0000,1984.0000,1984.0000,1984.0000,1984.0000,1984.0000,1984.0000,1984.0000,1984.0000,1984.0000,1984.0000,1984.0000,1984.0000
2024-11-08 11:49:39, , , ,22.7000,1984.0000,1984.0000,1984.0000,1984.0000,1984.0000,1984.0000,1984.0000,1984.0000,1984.0000,1984.0000,1984.0000,1984.0000,1984.0000,1984.0000
2024-11-08 11:49:40, , , ,22.7000,1984.0000,1984.0000,1984.0000,1984.0000,1984.0000,1984.0000,1984.0000,1984.0000,1984.0000,1984.0000,1984.0000,1984.0000,1984.0000,1984.0000
2024-11-08 11:49:40, , , ,22.7000,1984.0000,1984.0000,1984.0000,1984.0000,1984.0000,1984.0000,1984.0000,1984.0000,1984.0000,1984.0000,1984.0000,1984.0000,1984.0000,1984.0000
2024-11-08 11:49:40, , , ,22.7000,1984.0000,1984.0000,1984.0000,1984.0000,1984.0000,1984.0000,1984.0000,1984.0000,1984.0000,1984.0000,1984.0000,1984.0000,1984.0000,1984.0000
2024-11-08 11:49:40, , , ,22.7000,1984.0000,1984.0000,1984.0000,1984.0000,1984.0000,1984.0000,1984.0000,1984.0000,1984.0000,1984.0000,1984.0000,1984.0000,1984.0000,1984.0000
2024-11-08 11:49:40, , , ,22.7000,1984.0000,1984.0000,1984.0000,1984.0000,1984.0000,1984.0000,1984.0000,1984.0000,1984.0000,1984.0000,1984.0000,1984.0000,1984.0000,1984.0000
2024-11-08 11:49:40, , , ,22.7000,1984.0000,1984.0000,1984.0000,1984.0000,1984.0000,1984.0000,1984.0000,1984.0000,1984.0000,1984.0000,1984.0000,1984.0000,1984.0000,1984.0000
2024-11-08 11:49:41, , , ,22.7000,1984.0000,1984.0000,1984.0000,1984.0000,1984.0000,1984.0000,1984.0000,1984.0000,1984.0000,1984.0000,1984.0000,1984.0000,1984.0000,1984.0000
2024-11-08 11:49:41, , , ,22.7000,1984.0000,1984.0000,1984.0000,1984.0000,1984.0000,1984.0000,1984.0000,1984.0000,1984.0000,1984.0000,1984.0000,1984.0000,1984.0000,1984.0000
2024-11-08 11:49:41, , , ,22.7000,1984.0000,1984.0000,1984.0000,1984.0000,1984.0000,1984.0000,1984.0000,1984.0000,1984.0000,1984.0000,1984.0000,1984.0000,1984.0000,1984.0000
2024-11-08 11:49:41, , , ,22.7000,1984.0000,1984.0000,1984.0000,1984.0000,1984.0000,1984.0000,1984.0000,1984.0000,1984.0000,1984.0000,1984.0000,1984.0000,1984.0000,1984.0000
2024-11-08 11:49:41, , , ,22.7000,1984.0000,1984.0000,1984.0000,1984.0000,1984.0000,1984.0000,1984.0000,1984.0000,1984.0000,1984.0000,1984.0000,1984.0000,1984.0000,1984.0000
2024-11-08 11:49:41, , , ,22.7000,1984.0000,1984.0000,1984.0000,1984.0000,1984.0000,1984.0000,1984.0000,1984.0000,1984.0000,1984.0000,1984.0000,1984.0000,1984.0000,1984.0000
2024-11-08 11:49:42, , , ,22.7000,1984.0000,1984.0000,1984.0000,1984.0000,1984.0000,1984.0000,1984.0000,1984.0000,1984.0000,1984.0000,1984.0000,1984.0000,1984.0000,1984.0000
2024-11-08 11:49:42, , , ,22.7000,1984.0000,1984.0000,1984.0000,1984.0000,1984.0000,1984.0000,1984.0000,1984.0000,1984.0000,1984.0000,1984.0000,1984.0000,1984.0000,1984.0000
2024-11-08 11:49:42, , , ,22.7000,1984.0000,1984.0000,1984.0000,1984.0000,1984.0000,1984.0000,1984.0000,1984.0000,1984.0000,1984.0000,1984.0000,1984.0000,1984.0000,1984.0000
2024-11-08 11:49:42, , , ,22.7000,1984.0000,1984.0000,1984.0000,1984.0000,1984.0000,1984.0000,1984.0000,1984.0000,1984.0000,1984.0000,1984.0000,1984.0000,1984.0000,1984.0000
2024-11-08 11:49:42, , , ,22.7000,1984.0000,1984.0000,1984.0000,1984.0000,1984.0000,1984.0000,1984.0000,1984.0000,1984.0000,1984.0000,1984.0000,1984.0000,1984.0000,1984.0000
2024-11-08 11:49:42, , , ,22.7000,1984.0000,1984.0000,1984.0000,1984.0000,1984.0000,1984.0000,1984.0000,1984.0000,1984.0000,1984.0000,1984.0000,1984.0000,1984.0000,1984.0000
2024-11-08 11:49:42, , , ,22.7000,1984.0000,1984.0000,1984.0000,1984.0000,1984.0000,1984.0000,1984.0000,1984.0000,1984.0000,1984.0000,1984.0000,1984.0000,1984.0000,1984.0000
2024-11-08 11:49:43, , , ,22.7000,1984.0000,1984.0000,1984.0000,1984.0000,1984.0000,1984.0000,1984.0000,1984.0000,1984.0000,1984.0000,1984.0000,1984.0000,1984.0000,1984.0000
2024-11-08 11:49:43, , , ,22.7000,1984.0000,1984.0000,1984.0000,1984.0000,1984.0000,1984.0000,1984.0000,1984.0000,1984.0000,1984.0000,1984.0000,1984.0000,1984.0000,1984.0000
2024-11-08 11:49:43, , , ,22.7000,1984.0000,1984.0000,1984.0000,1984.0000,1984.0000,1984.0000,1984.0000,1984.0000,1984.0000,1984.0000,1984.0000,1984.0000,1984.0000,1984.0000
2024-11-08 11:49:43, , , ,22.7000,1984.0000,1984.0000,1984.0000,1984.0000,1984.0000,1984.0000,1984.0000,1984.0000,1984.0000,1984.0000,1984.0000,1984.0000,1984.0000,1984.0000
2024-11-08 11:49:43, , , ,22.7000,1984.0000,1984.0000,1984.0000,1984.0000,1984.0000,1984.0000,1984.0000,1984.0000,1984.0000,1984.0000,1984.0000,1984.0000,1984.0000,1984.0000
2024-11-08 11:49:43, , , ,22.7000,1984.0000,1984.0000,1984.0000,1984.0000,1984.0000,1984.0000,1984.0000,1984.0000,1984.0000,1984.0000,1984.0000,1984.0000,1984.0000,1984.0000
2024-11-08 11:49:44, , , ,22.7000,1984.0000,1984.0000,1984.0000,1984.0000,1984.0000,1984.0000,1984.0000,1984.0000,1984.0000,1984.0000,1984.0000,1984.0000,1984.0000,1984.0000
2024-11-08 11:49:44, , , ,22.7000,1984.0000,1984.0000,1984.0000,1984.0000,1984.0000,1984.0000,1984.0000,1984.0000,1984.0000,1984.0000,1984.0000,1984.0000,1984.0000,1984.0000
2024-11-08 11:49:44, , , ,22.7000,1984.0000,1984.0000,1984.0000,1984.0000,1984.0000,1984.0000,1984.0000,1984.0000,1984.0000,1984.0000,1984.0000,1984.0000,1984.0000,1984.0000
2024-11-08 11:49:44, , , ,22.7000,1984.0000,1984.0000,1984.0000,1984.0000,1984.0000,1984.0000,1984.0000,1984.0000,1984.0000,1984.0000,1984.0000,1984.0000,1984.0000,1984.0000
2024-11-08 11:49:44, , , ,22.7000,1984.0000,1984.0000,1984.0000,1984.0000,1984.0000,1984.0000,1984.0000,1984.0000,1984.0000,1984.0000,1984.0000,1984.0000,1984.0000,1984.0000
2024-11-08 11:49:44, , , ,22.7000,1984.0000,1984.0000,1984.0000,1984.0000,1984.0000,1984.0000,1984.0000,1984.0000,1984.0000,1984.0000,1984.0000,1984.0000,1984.0000,1984.0000
2024-11-08 11:49:45, , , ,22.7000,1984.0000,1984.0000,1984.0000,1984.0000,1984.0000,1984.0000,1984.0000,1984.0000,1984.0000,1984.0000,1984.0000,1984.0000,1984.0000,1984.0000
2024-11-08 11:49:45, , , ,22.7000,1984.0000,1984.0000,1984.0000,1984.0000,1984.0000,1984.0000,1984.0000,1984.0000,1984.0000,1984.0000,1984.0000,1984.0000,1984.0000,1984.0000
2024-11-08 11:49:45, , , ,22.7000,1984.0000,1984.0000,1984.0000,1984.0000,1984.0000,1984.0000,1984.0000,1984.0000,1984.0000,1984.0000,1984.0000,1984.0000,1984.0000,1984.0000
2024-11-08 11:49:45, , , ,22.7000,1984.0000,1984.0000,1984.0000,1984.0000,1984.0000,1984.0000,1984.0000,1984.0000,1984.0000,1984.0000,1984.0000,1984.0000,1984.0000,1984.0000
2024-11-08 11:49:45, , , ,22.7000,1984.0000,1984.0000,1984.0000,1984.0000,1984.0000,1984.0000,1984.0000,1984.0000,1984.0000,1984.0000,1984.0000,1984.0000,1984.0000,1984.0000
2024-11-08 11:49:45, , , ,22.7000,1984.0000,1984.0000,1984.0000,1984.0000,1984.0000,1984.0000,1984.0000,1984.0000,1984.0000,1984.0000,1984.0000,1984.0000,1984.0000,1984.0000
2024-11-08 11:49:46, , , ,22.7000,1984.0000,1984.0000,1984.0000,1984.0000,1984.0000,1984.0000,1984.0000,1984.0000,1984.0000,1984.0000,1984.0000,1984.0000,1984.0000,1984.0000
2024-11-08 11:49:46, , , ,22.7000,1984.0000,1984.0000,1984.0000,1984.0000,1984.0000,1984.0000,1984.0000,1984.0000,1984.0000,1984.0000,1984.0000,1984.0000,1984.0000,1984.0000
2024-11-08 11:49:46, , , ,22.7000,1984.0000,1984.0000,1984.0000,1984.0000,1984.0000,1984.0000,1984.0000,1984.0000,1984.0000,1984.0000,1984.0000,1984.0000,1984.0000,1984.0000
2024-11-08 11:49:46, , , ,22.7000,1984.0000,1984.0000,1984.0000,1984.0000,1984.0000,1984.0000,1984.0000,1984.0000,1984.0000,1984.0000,1984.0000,1984.0000,1984.0000,1984.0000
2024-11-08 11:49:46, , , ,22.7000,1984.0000,1984.0000,1984.0000,1984.0000,1984.0000,1984.0000,1984.0000,1984.0000,1984.0000,1984.0000,1984.0000,1984.0000,1984.0000,1984.0000
2024-11-08 11:49:46, , , ,22.7000,1984.0000,1984.0000,1984.0000,1984.0000,1984.0000,1984.0000,1984.0000,1984.0000,1984.0000,1984.0000,1984.0000,1984.0000,1984.0000,1984.0000
2024-11-08 11:49:47, , , ,22.7000,1984.0000,1984.0000,1984.0000,1984.0000,1984.0000,1984.0000,1984.0000,1984.0000,1984.0000,1984.0000,1984.0000,1984.0000,1984.0000,1984.0000
2024-11-08 11:49:47, , , ,22.7000,1984.0000,1984.0000,1984.0000,1984.0000,1984.0000,1984.0000,1984.0000,1984.0000,1984.0000,1984.0000,1984.0000,1984.0000,1984.0000,1984.0000
2024-11-08 11:49:47, , , ,22.7000,1984.0000,1984.0000,1984.0000,1984.0000,1984.0000,1984.0000,1984.0000,1984.0000,1984.0000,1984.0000,1984.0000,1984.0000,1984.0000,1984.0000
2024-11-08 11:49:47, , , ,22.7000,1984.0000,1984.0000,1984.0000,1984.0000,1984.0000,1984.0000,1984.0000,1984.0000,1984.0000,1984.0000,1984.0000,1984.0000,1984.0000,1984.0000
2024-11-08 11:49:47, , , ,22.7000,1984.0000,1984.0000,1984.0000,1984.0000,1984.0000,1984.0000,1984.0000,1984.0000,1984.0000,1984.0000,1984.0000,1984.0000,1984.0000,1984.0000
2024-11-08 11:49:47, , , ,22.7000,1984.0000,1984.0000,1984.0000,1984.0000,1984.0000,1984.0000,1984.0000,1984.0000,1984.0000,1984.0000,1984.0000,1984.0000,1984.0000,1984.0000
2024-11-08 11:49:48, , , ,22.7000,1984.0000,1984.0000,1984.0000,1984.0000,1984.0000,1984.0000,1984.0000,1984.0000,1984.0000,1984.0000,1984.0000,1984.0000,1984.0000,1984.0000
2024-11-08 11:49:48, , , ,22.7000,1984.0000,1984.0000,1984.0000,1984.0000,1984.0000,1984.0000,1984.0000,1984.0000,1984.0000,1984.0000,1984.0000,1984.0000,1984.0000,1984.0000
2024-11-08 11:49:48, , , ,22.7000,1984.0000,1984.0000,1984.0000,1984.0000,1984.0000,1984.0000,1984.0000,1984.0000,1984.0000,1984.0000,1984.0000,1984.0000,1984.0000,1984.0000
2024-11-08 11:49:48, , , ,22.7000,1984.0000,1984.0000,1984.0000,1984.0000,1984.0000,1984.0000,1984.0000,1984.0000,1984.0000,1984.0000,1984.0000,1984.0000,1984.0000,1984.0000
2024-11-08 11:49:48, , , ,22.7000,1984.0000,1984.0000,1984.0000,1984.0000,1984.0000,1984.0000,1984.0000,1984.0000,1984.0000,1984.0000,1984.0000,1984.0000,1984.0000,1984.0000
2024-11-08 11:49:48, , , ,22.7000,1984.0000,1984.0000,1984.0000,1984.0000,1984.0000,1984.0000,1984.0000,1984.0000,1984.0000,1984.0000,1984.0000,1984.0000,1984.0000,1984.0000
2024-11-08 11:49:49, , , ,22.7000,1984.0000,1984.0000,1984.0000,1984.0000,1984.0000,1984.0000,1984.0000,1984.0000,1984.0000,1984.0000,1984.0000,1984.0000,1984.0000,1984.0000
2024-11-08 11:49:49, , , ,22.7000,1984.0000,1984.0000,1984.0000,1984.0000,1984.0000,1984.0000,1984.0000,1984.0000,1984.0000,1984.0000,1984.0000,1984.0000,1984.0000,1984.0000
2024-11-08 11:49:49, , , ,22.7000,1984.0000,1984.0000,1984.0000,1984.0000,1984.0000,1984.0000,1984.0000,1984.0000,1984.0000,1984.0000,1984.0000,1984.0000,1984.0000,1984.0000
2024-11-08 11:49:49, , , ,22.7000,1984.0000,1984.0000,1984.0000,1984.0000,1984.0000,1984.0000,1984.0000,1984.0000,1984.0000,1984.0000,1984.0000,1984.0000,1984.0000,1984.0000
2024-11-08 11:49:49, , , ,22.7000,1984.0000,1984.0000,1984.0000,1984.0000,1984.0000,1984.0000,1984.0000,1984.0000,1984.0000,1984.0000,1984.0000,1984.0000,1984.0000,1984.0000
2024-11-08 11:49:49, , , ,22.7000,1984.0000,1984.0000,1984.0000,1984.0000,1984.0000,1984.0000,1984.0000,1984.0000,1984.0000,1984.0000,1984.0000,1984.0000,1984.0000,1984.0000
2024-11-08 11:49:50, , , ,22.7000,1984.0000,1984.0000,1984.0000,1984.0000,1984.0000,1984.0000,1984.0000,1984.0000,1984.0000,1984.0000,1984.0000,1984.0000,1984.0000,1984.0000
2024-11-08 11:49:50, , , ,22.7000,1984.0000,1984.0000,1984.0000,1984.0000,1984.0000,1984.0000,1984.0000,1984.0000,1984.0000,1984.0000,1984.0000,1984.0000,1984.0000,1984.0000
2024-11-08 11:49:50, , , ,22.7000,1984.0000,1984.0000,1984.0000,1984.0000,1984.0000,1984.0000,1984.0000,1984.0000,1984.0000,1984.0000,1984.0000,1984.0000,1984.0000,1984.0000
2024-11-08 11:49:50, , , ,22.7000,1984.0000,1984.0000,1984.0000,1984.0000,1984.0000,1984.0000,1984.0000,1984.0000,1984.0000,1984.0000,1984.0000,1984.0000,1984.0000,1984.0000
2024-11-08 11:49:50, , , ,22.7000,1984.0000,1984.0000,1984.0000,1984.0000,1984.0000,1984.0000,1984.0000,1984.0000,1984.0000,1984.0000,1984.0000,1984.0000,1984.0000,1984.0000
2024-11-08 11:49:50, , , ,22.7000,1984.0000,1984.0000,1984.0000,1984.0000,1984.0000,1984.0000,1984.0000,1984.0000,1984.0000,1984.0000,1984.0000,1984.0000,1984.0000,1984.0000
2024-11-08 11:49:51, , , ,22.7000,1984.0000,1984.0000,1984.0000,1984.0000,1984.0000,1984.0000,1984.0000,1984.0000,1984.0000,1984.0000,1984.0000,1984.0000,1984.0000,1984.0000
2024-11-08 11:49:51, , , ,22.7000,1984.0000,1984.0000,1984.0000,1984.0000,1984.0000,1984.0000,1984.0000,1984.0000,1984.0000,1984.0000,1984.0000,1984.0000,1984.0000,1984.0000
2024-11-08 11:49:51, , , ,22.7000,1984.0000,1984.0000,1984.0000,1984.0000,1984.0000,1984.0000,1984.0000,1984.0000,1984.0000,1984.0000,1984.0000,1984.0000,1984.0000,1984.0000
2024-11-08 11:49:51, , , ,22.7000,1984.0000,1984.0000,1984.0000,1984.0000,1984.0000,1984.0000,1984.0000,1984.0000,1984.0000,1984.0000,1984.0000,1984.0000,1984.0000,1984.0000
2024-11-08 11:49:51, , , ,22.7000,1984.0000,1984.0000,1984.0000,1984.0000,1984.0000,1984.0000,1984.0000,1984.0000,1984.0000,1984.0000,1984.0000,1984.0000,1984.0000,1984.0000
2024-11-08 11:49:51, , , ,22.7000,1984.0000,1984.0000,1984.0000,1984.0000,1984.0000,1984.0000,1984.0000,1984.0000,1984.0000,1984.0000,1984.0000,1984.0000,1984.0000,1984.0000
2024-11-08 11:49:52, , , ,22.7000,1984.0000,1984.0000,1984.0000,1984.0000,1984.0000,1984.0000,1984.0000,1984.0000,1984.0000,1984.0000,1984.0000,1984.0000,1984.0000,1984.0000
2024-11-08 11:49:52, , , ,22.7000,1984.0000,1984.0000,1984.0000,1984.0000,1984.0000,1984.0000,1984.0000,1984.0000,1984.0000,1984.0000,1984.0000,1984.0000,1984.0000,1984.0000
2024-11-08 11:49:52, , , ,22.7000,1984.0000,1984.0000,1984.0000,1984.0000,1984.0000,1984.0000,1984.0000,1984.0000,1984.0000,1984.0000,1984.0000,1984.0000,1984.0000,1984.0000
2024-11-08 11:49:52, , , ,22.7000,1984.0000,1984.0000,1984.0000,1984.0000,1984.0000,1984.0000,1984.0000,1984.0000,1984.0000,1984.0000,1984.0000,1984.0000,1984.0000,1984.0000
2024-11-08 11:49:52, , , ,22.7000,1984.0000,1984.0000,1984.0000,1984.0000,1984.0000,1984.0000,1984.0000,1984.0000,1984.0000,1984.0000,1984.0000,1984.0000,1984.0000,1984.0000
2024-11-08 11:49:52, , , ,22.7000,1984.0000,1984.0000,1984.0000,1984.0000,1984.0000,1984.0000,1984.0000,1984.0000,1984.0000,1984.0000,1984.0000,1984.0000,1984.0000,1984.0000
2024-11-08 11:49:53, , , ,22.7000,1984.0000,1984.0000,1984.0000,1984.0000,1984.0000,1984.0000,1984.0000,1984.0000,1984.0000,1984.0000,1984.0000,1984.0000,1984.0000,1984.0000
2024-11-08 11:49:53, , , ,22.7000,1984.0000,1984.0000,1984.0000,1984.0000,1984.0000,1984.0000,1984.0000,1984.0000,1984.0000,1984.0000,1984.0000,1984.0000,1984.0000,1984.0000
2024-11-08 11:49:53, , , ,22.7000,1984.0000,1984.0000,1984.0000,1984.0000,1984.0000,1984.0000,1984.0000,1984.0000,1984.0000,1984.0000,1984.0000,1984.0000,1984.0000,1984.0000
2024-11-08 11:49:53, , , ,22.7000,1984.0000,1984.0000,1984.0000,1984.0000,1984.0000,1984.0000,1984.0000,1984.0000,1984.0000,1984.0000,1984.0000,1984.0000,1984.0000,1984.0000
2024-11-08 11:49:53, , , ,22.7000,1984.0000,1984.0000,1984.0000,1984.0000,1984.0000,1984.0000,1984.0000,1984.0000,1984.0000,1984.0000,1984.0000,1984.0000,1984.0000,1984.0000
2024-11-08 11:49:53, , , ,22.7000,1984.0000,1984.0000,1984.0000,1984.0000,1984.0000,1984.0000,1984.0000,1984.0000,1984.0000,1984.0000,1984.0000,1984.0000,1984.0000,1984.0000
2024-11-08 11:49:54, , , ,22.8000,1984.0000,1984.0000,1984.0000,1984.0000,1984.0000,1984.0000,1984.0000,1984.0000,1984.0000,1984.0000,1984.0000,1984.0000,1984.0000,1984.0000
2024-11-08 11:49:54, , , ,22.8000,1984.0000,1984.0000,1984.0000,1984.0000,1984.0000,1984.0000,1984.0000,1984.0000,1984.0000,1984.0000,1984.0000,1984.0000,1984.0000,1984.0000
2024-11-08 11:49:54, , , ,22.9000,1984.0000,1984.0000,1984.0000,1984.0000,1984.0000,1984.0000,1984.0000,1984.0000,1984.0000,1984.0000,1984.0000,1984.0000,1984.0000,1984.0000
2024-11-08 11:49:54, , , ,23.0000,1984.0000,1984.0000,1984.0000,1984.0000,1984.0000,1984.0000,1984.0000,1984.0000,1984.0000,1984.0000,1984.0000,1984.0000,1984.0000,1984.0000
2024-11-08 11:49:54, , , ,23.1000,1984.0000,1984.0000,1984.0000,1984.0000,1984.0000,1984.0000,1984.0000,1984.0000,1984.0000,1984.0000,1984.0000,1984.0000,1984.0000,1984.0000
2024-11-08 11:49:54, , , ,23.1000,1984.0000,1984.0000,1984.0000,1984.0000,1984.0000,1984.0000,1984.0000,1984.0000,1984.0000,1984.0000,1984.0000,1984.0000,1984.0000,1984.0000
2024-11-08 11:49:55, , , ,23.1000,1984.0000,1984.0000,1984.0000,1984.0000,1984.0000,1984.0000,1984.0000,1984.0000,1984.0000,1984.0000,1984.0000,1984.0000,1984.0000,1984.0000
2024-11-08 11:49:55, , , ,23.1000,1984.0000,1984.0000,1984.0000,1984.0000,1984.0000,1984.0000,1984.0000,1984.0000,1984.0000,1984.0000,1984.0000,1984.0000,1984.0000,1984.0000
2024-11-08 11:49:55, , , ,23.1000,1984.0000,1984.0000,1984.0000,1984.0000,1984.0000,1984.0000,1984.0000,1984.0000,1984.0000,1984.0000,1984.0000,1984.0000,1984.0000,1984.0000
2024-11-08 11:49:55, , , ,23.1000,1984.0000,1984.0000,1984.0000,1984.0000,1984.0000,1984.0000,1984.0000,1984.0000,1984.0000,1984.0000,1984.0000,1984.0000,1984.0000,1984.0000
2024-11-08 11:49:55, , , ,23.0000,1984.0000,1984.0000,1984.0000,1984.0000,1984.0000,1984.0000,1984.0000,1984.0000,1984.0000,1984.0000,1984.0000,1984.0000,1984.0000,1984.0000
2024-11-08 11:49:55, , , ,22.9000,1984.0000,1984.0000,1984.0000,1984.0000,1984.0000,1984.0000,1984.0000,1984.0000,1984.0000,1984.0000,1984.0000,1984.0000,1984.0000,1984.0000
2024-11-08 11:49:56, , , ,22.8000,1984.0000,1984.0000,1984.0000,1984.0000,1984.0000,1984.0000,1984.0000,1984.0000,1984.0000,1984.0000,1984.0000,1984.0000,1984.0000,1984.0000
2024-11-08 11:49:56, , , ,22.7000,1984.0000,1984.0000,1984.0000,1984.0000,1984.0000,1984.0000,1984.0000,1984.0000,1984.0000,1984.0000,1984.0000,1984.0000,1984.0000,1984.0000
2024-11-08 11:49:56, , , ,22.7000,1984.0000,1984.0000,1984.0000,1984.0000,1984.0000,1984.0000,1984.0000,1984.0000,1984.0000,1984.0000,1984.0000,1984.0000,1984.0000,1984.0000
2024-11-08 11:49:56, , , ,22.7000,1984.0000,1984.0000,1984.0000,1984.0000,1984.0000,1984.0000,1984.0000,1984.0000,1984.0000,1984.0000,1984.0000,1984.0000,1984.0000,1984.0000
2024-11-08 11:49:56, , , ,22.7000,1984.0000,1984.0000,1984.0000,1984.0000,1984.0000,1984.0000,1984.0000,1984.0000,1984.0000,1984.0000,1984.0000,1984.0000,1984.0000,1984.0000
2024-11-08 11:49:56, , , ,22.7000,1984.0000,1984.0000,1984.0000,1984.0000,1984.0000,1984.0000,1984.0000,1984.0000,1984.0000,1984.0000,1984.0000,1984.0000,1984.0000,1984.0000
2024-11-08 11:49:57, , , ,22.7000,1984.0000,1984.0000,1984.0000,1984.0000,1984.0000,1984.0000,1984.0000,1984.0000,1984.0000,1984.0000,1984.0000,1984.0000,1984.0000,1984.0000
2024-11-08 11:49:57, , , ,22.7000,1984.0000,1984.0000,1984.0000,1984.0000,1984.0000,1984.0000,1984.0000,1984.0000,1984.0000,1984.0000,1984.0000,1984.0000,1984.0000,1984.0000
2024-11-08 11:49:57, , , ,22.7000,1984.0000,1984.0000,1984.0000,1984.0000,1984.0000,1984.0000,1984.0000,1984.0000,1984.0000,1984.0000,1984.0000,1984.0000,1984.0000,1984.0000
2024-11-08 11:49:57, , , ,22.7000,1984.0000,1984.0000,1984.0000,1984.0000,1984.0000,1984.0000,1984.0000,1984.0000,1984.0000,1984.0000,1984.0000,1984.0000,1984.0000,1984.0000
2024-11-08 11:49:57, , , ,22.7000,1984.0000,1984.0000,1984.0000,1984.0000,1984.0000,1984.0000,1984.0000,1984.0000,1984.0000,1984.0000,1984.0000,1984.0000,1984.0000,1984.0000
2024-11-08 11:49:57, , , ,22.7000,1984.0000,1984.0000,1984.0000,1984.0000,1984.0000,1984.0000,1984.0000,1984.0000,1984.0000,1984.0000,1984.0000,1984.0000,1984.0000,1984.0000
2024-11-08 11:49:58, , , ,22.7000,1984.0000,1984.0000,1984.0000,1984.0000,1984.0000,1984.0000,1984.0000,1984.0000,1984.0000,1984.0000,1984.0000,1984.0000,1984.0000,1984.0000
2024-11-08 11:49:58, , , ,22.7000,1984.0000,1984.0000,1984.0000,1984.0000,1984.0000,1984.0000,1984.0000,1984.0000,1984.0000,1984.0000,1984.0000,1984.0000,1984.0000,1984.0000
2024-11-08 11:49:58, , , ,22.7000,1984.0000,1984.0000,1984.0000,1984.0000,1984.0000,1984.0000,1984.0000,1984.0000,1984.0000,1984.0000,1984.0000,1984.0000,1984.0000,1984.0000
2024-11-08 11:49:58, , , ,22.7000,1984.0000,1984.0000,1984.0000,1984.0000,1984.0000,1984.0000,1984.0000,1984.0000,1984.0000,1984.0000,1984.0000,1984.0000,1984.0000,1984.0000
2024-11-08 11:49:58, , , ,22.7000,1984.0000,1984.0000,1984.0000,1984.0000,1984.0000,1984.0000,1984.0000,1984.0000,1984.0000,1984.0000,1984.0000,1984.0000,1984.0000,1984.0000
2024-11-08 11:49:58, , , ,22.7000,1984.0000,1984.0000,1984.0000,1984.0000,1984.0000,1984.0000,1984.0000,1984.0000,1984.0000,1984.0000,1984.0000,1984.0000,1984.0000,1984.0000
2024-11-08 11:49:59, , , ,22.7000,1984.0000,1984.0000,1984.0000,1984.0000,1984.0000,1984.0000,1984.0000,1984.0000,1984.0000,1984.0000,1984.0000,1984.0000,1984.0000,1984.0000
2024-11-08 11:49:59, , , ,22.7000,1984.0000,1984.0000,1984.0000,1984.0000,1984.0000,1984.0000,1984.0000,1984.0000,1984.0000,1984.0000,1984.0000,1984.0000,1984.0000,1984.0000
2024-11-08 11:49:59, , , ,22.7000,1984.0000,1984.0000,1984.0000,1984.0000,1984.0000,1984.0000,1984.0000,1984.0000,1984.0000,1984.0000,1984.0000,1984.0000,1984.0000,1984.0000
2024-11-08 11:49:59, , , ,22.7000,1984.0000,1984.0000,1984.0000,1984.0000,1984.0000,1984.0000,1984.0000,1984.0000,1984.0000,1984.0000,1984.0000,1984.0000,1984.0000,1984.0000
2024-11-08 11:49:59, , , ,22.7000,1984.0000,1984.0000,1984.0000,1984.0000,1984.0000,1984.0000,1984.0000,1984.0000,1984.0000,1984.0000,1984.0000,1984.0000,1984.0000,1984.0000
2024-11-08 11:49:59, , , ,22.7000,1984.0000,1984.0000,1984.0000,1984.0000,1984.0000,1984.0000,1984.0000,1984.0000,1984.0000,1984.0000,1984.0000,1984.0000,1984.0000,1984.0000
2024-11-08 11:50:00, , , ,22.7000,1984.0000,1984.0000,1984.0000,1984.0000,1984.0000,1984.0000,1984.0000,1984.0000,1984.0000,1984.0000,1984.0000,1984.0000,1984.0000,1984.0000
2024-11-08 11:50:00, , , ,22.7000,1984.0000,1984.0000,1984.0000,1984.0000,1984.0000,1984.0000,1984.0000,1984.0000,1984.0000,1984.0000,1984.0000,1984.0000,1984.0000,1984.0000
2024-11-08 11:50:00, , , ,22.7000,1984.0000,1984.0000,1984.0000,1984.0000,1984.0000,1984.0000,1984.0000,1984.0000,1984.0000,1984.0000,1984.0000,1984.0000,1984.0000,1984.0000
2024-11-08 11:50:00, , , ,22.7000,1984.0000,1984.0000,1984.0000,1984.0000,1984.0000,1984.0000,1984.0000,1984.0000,1984.0000,1984.0000,1984.0000,1984.0000,1984.0000,1984.0000
2024-11-08 11:50:00, , , ,22.7000,1984.0000,1984.0000,1984.0000,1984.0000,1984.0000,1984.0000,1984.0000,1984.0000,1984.0000,1984.0000,1984.0000,1984.0000,1984.0000,1984.0000
2024-11-08 11:50:00, , , ,22.7000,1984.0000,1984.0000,1984.0000,1984.0000,1984.0000,1984.0000,1984.0000,1984.0000,1984.0000,1984.0000,1984.0000,1984.0000,1984.0000,1984.0000
2024-11-08 11:50:01, , , ,22.7000,1984.0000,1984.0000,1984.0000,1984.0000,1984.0000,1984.0000,1984.0000,1984.0000,1984.0000,1984.0000,1984.0000,1984.0000,1984.0000,1984.0000
2024-11-08 11:50:01, , , ,22.7000,1984.0000,1984.0000,1984.0000,1984.0000,1984.0000,1984.0000,1984.0000,1984.0000,1984.0000,1984.0000,1984.0000,1984.0000,1984.0000,1984.0000
2024-11-08 11:50:01, , , ,22.7000,1984.0000,1984.0000,1984.0000,1984.0000,1984.0000,1984.0000,1984.0000,1984.0000,1984.0000,1984.0000,1984.0000,1984.0000,1984.0000,1984.0000
2024-11-08 11:50:01, , , ,22.7000,1984.0000,1984.0000,1984.0000,1984.0000,1984.0000,1984.0000,1984.0000,1984.0000,1984.0000,1984.0000,1984.0000,1984.0000,1984.0000,1984.0000
2024-11-08 11:50:01, , , ,22.7000,1984.0000,1984.0000,1984.0000,1984.0000,1984.0000,1984.0000,1984.0000,1984.0000,1984.0000,1984.0000,1984.0000,1984.0000,1984.0000,1984.0000
2024-11-08 11:50:01, , , ,22.7000,1984.0000,1984.0000,1984.0000,1984.0000,1984.0000,1984.0000,1984.0000,1984.0000,1984.0000,1984.0000,1984.0000,1984.0000,1984.0000,1984.0000
2024-11-08 11:50:02, , , ,22.7000,1984.0000,1984.0000,1984.0000,1984.0000,1984.0000,1984.0000,1984.0000,1984.0000,1984.0000,1984.0000,1984.0000,1984.0000,1984.0000,1984.0000
2024-11-08 11:50:02, , , ,22.7000,1984.0000,1984.0000,1984.0000,1984.0000,1984.0000,1984.0000,1984.0000,1984.0000,1984.0000,1984.0000,1984.0000,1984.0000,1984.0000,1984.0000
2024-11-08 11:50:02, , , ,22.7000,1984.0000,1984.0000,1984.0000,1984.0000,1984.0000,1984.0000,1984.0000,1984.0000,1984.0000,1984.0000,1984.0000,1984.0000,1984.0000,1984.0000
2024-11-08 11:50:02, , , ,22.7000,1984.0000,1984.0000,1984.0000,1984.0000,1984.0000,1984.0000,1984.0000,1984.0000,1984.0000,1984.0000,1984.0000,1984.0000,1984.0000,1984.0000
2024-11-08 11:50:02, , , ,22.7000,1984.0000,1984.0000,1984.0000,1984.0000,1984.0000,1984.0000,1984.0000,1984.0000,1984.0000,1984.0000,1984.0000,1984.0000,1984.0000,1984.0000
2024-11-08 11:50:02, , , ,22.7000,1984.0000,1984.0000,1984.0000,1984.0000,1984.0000,1984.0000,1984.0000,1984.0000,1984.0000,1984.0000,1984.0000,1984.0000,1984.0000,1984.0000
2024-11-08 11:50:03, , , ,22.7000,1984.0000,1984.0000,1984.0000,1984.0000,1984.0000,1984.0000,1984.0000,1984.0000,1984.0000,1984.0000,1984.0000,1984.0000,1984.0000,1984.0000
2024-11-08 11:50:03, , , ,22.7000,1984.0000,1984.0000,1984.0000,1984.0000,1984.0000,1984.0000,1984.0000,1984.0000,1984.0000,1984.0000,1984.0000,1984.0000,1984.0000,1984.0000
2024-11-08 11:50:03, , , ,22.7000,1984.0000,1984.0000,1984.0000,1984.0000,1984.0000,1984.0000,1984.0000,1984.0000,1984.0000,1984.0000,1984.0000,1984.0000,1984.0000,1984.0000
2024-11-08 11:50:03, , , ,22.7000,1984.0000,1984.0000,1984.0000,1984.0000,1984.0000,1984.0000,1984.0000,1984.0000,1984.0000,1984.0000,1984.0000,1984.0000,1984.0000,1984.0000
2024-11-08 11:50:03, , , ,22.7000,1984.0000,1984.0000,1984.0000,1984.0000,1984.0000,1984.0000,1984.0000,1984.0000,1984.0000,1984.0000,1984.0000,1984.0000,1984.0000,1984.0000
2024-11-08 11:50:03, , , ,22.7000,1984.0000,1984.0000,1984.0000,1984.0000,1984.0000,1984.0000,1984.0000,1984.0000,1984.0000,1984.0000,1984.0000,1984.0000,1984.0000,1984.0000
2024-11-08 11:50:04, , , ,22.7000,1984.0000,1984.0000,1984.0000,1984.0000,1984.0000,1984.0000,1984.0000,1984.0000,1984.0000,1984.0000,1984.0000,1984.0000,1984.0000,1984.0000
2024-11-08 11:50:04, , , ,22.7000,1984.0000,1984.0000,1984.0000,1984.0000,1984.0000,1984.0000,1984.0000,1984.0000,1984.0000,1984.0000,1984.0000,1984.0000,1984.0000,1984.0000
2024-11-08 11:50:04, , , ,22.7000,1984.0000,1984.0000,1984.0000,1984.0000,1984.0000,1984.0000,1984.0000,1984.0000,1984.0000,1984.0000,1984.0000,1984.0000,1984.0000,1984.0000
2024-11-08 11:50:04, , , ,22.7000,1984.0000,1984.0000,1984.0000,1984.0000,1984.0000,1984.0000,1984.0000,1984.0000,1984.0000,1984.0000,1984.0000,1984.0000,1984.0000,1984.0000
2024-11-08 11:50:04, , , ,22.7000,1984.0000,1984.0000,1984.0000,1984.0000,1984.0000,1984.0000,1984.0000,1984.0000,1984.0000,1984.0000,1984.0000,1984.0000,1984.0000,1984.0000
2024-11-08 11:50:04, , , ,22.7000,1984.0000,1984.0000,1984.0000,1984.0000,1984.0000,1984.0000,1984.0000,1984.0000,1984.0000,1984.0000,1984.0000,1984.0000,1984.0000,1984.0000
2024-11-08 11:50:05, , , ,22.7000,1984.0000,1984.0000,1984.0000,1984.0000,1984.0000,1984.0000,1984.0000,1984.0000,1984.0000,1984.0000,1984.0000,1984.0000,1984.0000,1984.0000
2024-11-08 11:50:05, , , ,22.7000,1984.0000,1984.0000,1984.0000,1984.0000,1984.0000,1984.0000,1984.0000,1984.0000,1984.0000,1984.0000,1984.0000,1984.0000,1984.0000,1984.0000
2024-11-08 11:50:05, , , ,22.7000,1984.0000,1984.0000,1984.0000,1984.0000,1984.0000,1984.0000,1984.0000,1984.0000,1984.0000,1984.0000,1984.0000,1984.0000,1984.0000,1984.0000
2024-11-08 11:50:05, , , ,22.7000,1984.0000,1984.0000,1984.0000,1984.0000,1984.0000,1984.0000,1984.0000,1984.0000,1984.0000,1984.0000,1984.0000,1984.0000,1984.0000,1984.0000
2024-11-08 11:50:05, , , ,22.7000,1984.0000,1984.0000,1984.0000,1984.0000,1984.0000,1984.0000,1984.0000,1984.0000,1984.0000,1984.0000,1984.0000,1984.0000,1984.0000,1984.0000
2024-11-08 11:50:05, , , ,22.7000,1984.0000,1984.0000,1984.0000,1984.0000,1984.0000,1984.0000,1984.0000,1984.0000,1984.0000,1984.0000,1984.0000,1984.0000,1984.0000,1984.0000
2024-11-08 11:50:06, , , ,22.7000,1984.0000,1984.0000,1984.0000,1984.0000,1984.0000,1984.0000,1984.0000,1984.0000,1984.0000,1984.0000,1984.0000,1984.0000,1984.0000,1984.0000
2024-11-08 11:50:06, , , ,22.7000,1984.0000,1984.0000,1984.0000,1984.0000,1984.0000,1984.0000,1984.0000,1984.0000,1984.0000,1984.0000,1984.0000,1984.0000,1984.0000,1984.0000
2024-11-08 11:50:06, , , ,22.7000,1984.0000,1984.0000,1984.0000,1984.0000,1984.0000,1984.0000,1984.0000,1984.0000,1984.0000,1984.0000,1984.0000,1984.0000,1984.0000,1984.0000
2024-11-08 11:50:06, , , ,22.7000,1984.0000,1984.0000,1984.0000,1984.0000,1984.0000,1984.0000,1984.0000,1984.0000,1984.0000,1984.0000,1984.0000,1984.0000,1984.0000,1984.0000
2024-11-08 11:50:06, , , ,22.7000,1984.0000,1984.0000,1984.0000,1984.0000,1984.0000,1984.0000,1984.0000,1984.0000,1984.0000,1984.0000,1984.0000,1984.0000,1984.0000,1984.0000
2024-11-08 11:50:06, , , ,22.7000,1984.0000,1984.0000,1984.0000,1984.0000,1984.0000,1984.0000,1984.0000,1984.0000,1984.0000,1984.0000,1984.0000,1984.0000,1984.0000,1984.0000
2024-11-08 11:50:07, , , ,22.7000,1984.0000,1984.0000,1984.0000,1984.0000,1984.0000,1984.0000,1984.0000,1984.0000,1984.0000,1984.0000,1984.0000,1984.0000,1984.0000,1984.0000
2024-11-08 11:50:07, , , ,22.7000,1984.0000,1984.0000,1984.0000,1984.0000,1984.0000,1984.0000,1984.0000,1984.0000,1984.0000,1984.0000,1984.0000,1984.0000,1984.0000,1984.0000
2024-11-08 11:50:07, , , ,22.7000,1984.0000,1984.0000,1984.0000,1984.0000,1984.0000,1984.0000,1984.0000,1984.0000,1984.0000,1984.0000,1984.0000,1984.0000,1984.0000,1984.0000
2024-11-08 11:50:07, , , ,22.7000,1984.0000,1984.0000,1984.0000,1984.0000,1984.0000,1984.0000,1984.0000,1984.0000,1984.0000,1984.0000,1984.0000,1984.0000,1984.0000,1984.0000
2024-11-08 11:50:07, , , ,22.7000,1984.0000,1984.0000,1984.0000,1984.0000,1984.0000,1984.0000,1984.0000,1984.0000,1984.0000,1984.0000,1984.0000,1984.0000,1984.0000,1984.0000
2024-11-08 11:50:07, , , ,22.7000,1984.0000,1984.0000,1984.0000,1984.0000,1984.0000,1984.0000,1984.0000,1984.0000,1984.0000,1984.0000,1984.0000,1984.0000,1984.0000,1984.0000
2024-11-08 11:50:08, , , ,22.7000,1984.0000,1984.0000,1984.0000,1984.0000,1984.0000,1984.0000,1984.0000,1984.0000,1984.0000,1984.0000,1984.0000,1984.0000,1984.0000,1984.0000
2024-11-08 11:50:08, , , ,22.7000,1984.0000,1984.0000,1984.0000,1984.0000,1984.0000,1984.0000,1984.0000,1984.0000,1984.0000,1984.0000,1984.0000,1984.0000,1984.0000,1984.0000
2024-11-08 11:50:08, , , ,22.7000,1984.0000,1984.0000,1984.0000,1984.0000,1984.0000,1984.0000,1984.0000,1984.0000,1984.0000,1984.0000,1984.0000,1984.0000,1984.0000,1984.0000
2024-11-08 11:50:08, , , ,22.7000,1984.0000,1984.0000,1984.0000,1984.0000,1984.0000,1984.0000,1984.0000,1984.0000,1984.0000,1984.0000,1984.0000,1984.0000,1984.0000,1984.0000
2024-11-08 11:50:08, , , ,22.7000,1984.0000,1984.0000,1984.0000,1984.0000,1984.0000,1984.0000,1984.0000,1984.0000,1984.0000,1984.0000,1984.0000,1984.0000,1984.0000,1984.0000
2024-11-08 11:50:08, , , ,22.7000,1984.0000,1984.0000,1984.0000,1984.0000,1984.0000,1984.0000,1984.0000,1984.0000,1984.0000,1984.0000,1984.0000,1984.0000,1984.0000,1984.0000
2024-11-08 11:50:09, , , ,22.7000,1984.0000,1984.0000,1984.0000,1984.0000,1984.0000,1984.0000,1984.0000,1984.0000,1984.0000,1984.0000,1984.0000,1984.0000,1984.0000,1984.0000
2024-11-08 11:50:09, , , ,22.7000,1984.0000,1984.0000,1984.0000,1984.0000,1984.0000,1984.0000,1984.0000,1984.0000,1984.0000,1984.0000,1984.0000,1984.0000,1984.0000,1984.0000
2024-11-08 11:50:09, , , ,22.7000,1984.0000,1984.0000,1984.0000,1984.0000,1984.0000,1984.0000,1984.0000,1984.0000,1984.0000,1984.0000,1984.0000,1984.0000,1984.0000,1984.0000
2024-11-08 11:50:09, , , ,22.7000,1984.0000,1984.0000,1984.0000,1984.0000,1984.0000,1984.0000,1984.0000,1984.0000,1984.0000,1984.0000,1984.0000,1984.0000,1984.0000,1984.0000
2024-11-08 11:50:09, , , ,22.7000,1984.0000,1984.0000,1984.0000,1984.0000,1984.0000,1984.0000,1984.0000,1984.0000,1984.0000,1984.0000,1984.0000,1984.0000,1984.0000,1984.0000
2024-11-08 11:50:09, , , ,22.7000,1984.0000,1984.0000,1984.0000,1984.0000,1984.0000,1984.0000,1984.0000,1984.0000,1984.0000,1984.0000,1984.0000,1984.0000,1984.0000,1984.0000
2024-11-08 11:50:10, , , ,22.7000,1984.0000,1984.0000,1984.0000,1984.0000,1984.0000,1984.0000,1984.0000,1984.0000,1984.0000,1984.0000,1984.0000,1984.0000,1984.0000,1984.0000
2024-11-08 11:50:10, , , ,22.7000,1984.0000,1984.0000,1984.0000,1984.0000,1984.0000,1984.0000,1984.0000,1984.0000,1984.0000,1984.0000,1984.0000,1984.0000,1984.0000,1984.0000
2024-11-08 11:50:10, , , ,22.7000,1984.0000,1984.0000,1984.0000,1984.0000,1984.0000,1984.0000,1984.0000,1984.0000,1984.0000,1984.0000,1984.0000,1984.0000,1984.0000,1984.0000
2024-11-08 11:50:10, , , ,22.7000,1984.0000,1984.0000,1984.0000,1984.0000,1984.0000,1984.0000,1984.0000,1984.0000,1984.0000,1984.0000,1984.0000,1984.0000,1984.0000,1984.0000
2024-11-08 11:50:10, , , ,22.7000,1984.0000,1984.0000,1984.0000,1984.0000,1984.0000,1984.0000,1984.0000,1984.0000,1984.0000,1984.0000,1984.0000,1984.0000,1984.0000,1984.0000
2024-11-08 11:50:10, , , ,22.7000,1984.0000,1984.0000,1984.0000,1984.0000,1984.0000,1984.0000,1984.0000,1984.0000,1984.0000,1984.0000,1984.0000,1984.0000,1984.0000,1984.0000
2024-11-08 11:50:11, , , ,22.7000,1984.0000,1984.0000,1984.0000,1984.0000,1984.0000,1984.0000,1984.0000,1984.0000,1984.0000,1984.0000,1984.0000,1984.0000,1984.0000,1984.0000
2024-11-08 11:50:11, , , ,22.7000,1984.0000,1984.0000,1984.0000,1984.0000,1984.0000,1984.0000,1984.0000,1984.0000,1984.0000,1984.0000,1984.0000,1984.0000,1984.0000,1984.0000
2024-11-08 11:50:11, , , ,22.7000,1984.0000,1984.0000,1984.0000,1984.0000,1984.0000,1984.0000,1984.0000,1984.0000,1984.0000,1984.0000,1984.0000,1984.0000,1984.0000,1984.0000
2024-11-08 11:50:11, , , ,22.7000,1984.0000,1984.0000,1984.0000,1984.0000,1984.0000,1984.0000,1984.0000,1984.0000,1984.0000,1984.0000,1984.0000,1984.0000,1984.0000,1984.0000
2024-11-08 11:50:11, , , ,22.7000,1984.0000,1984.0000,1984.0000,1984.0000,1984.0000,1984.0000,1984.0000,1984.0000,1984.0000,1984.0000,1984.0000,1984.0000,1984.0000,1984.0000
2024-11-08 11:50:11, , , ,22.7000,1984.0000,1984.0000,1984.0000,1984.0000,1984.0000,1984.0000,1984.0000,1984.0000,1984.0000,1984.0000,1984.0000,1984.0000,1984.0000,1984.0000
2024-11-08 11:50:12, , , ,22.7000,1984.0000,1984.0000,1984.0000,1984.0000,1984.0000,1984.0000,1984.0000,1984.0000,1984.0000,1984.0000,1984.0000,1984.0000,1984.0000,1984.0000
2024-11-08 11:50:12, , , ,22.7000,1984.0000,1984.0000,1984.0000,1984.0000,1984.0000,1984.0000,1984.0000,1984.0000,1984.0000,1984.0000,1984.0000,1984.0000,1984.0000,1984.0000
2024-11-08 11:50:12, , , ,22.7000,1984.0000,1984.0000,1984.0000,1984.0000,1984.0000,1984.0000,1984.0000,1984.0000,1984.0000,1984.0000,1984.0000,1984.0000,1984.0000,1984.0000
2024-11-08 11:50:12, , , ,22.7000,1984.0000,1984.0000,1984.0000,1984.0000,1984.0000,1984.0000,1984.0000,1984.0000,1984.0000,1984.0000,1984.0000,1984.0000,1984.0000,1984.0000
2024-11-08 11:50:12, , , ,22.7000,1984.0000,1984.0000,1984.0000,1984.0000,1984.0000,1984.0000,1984.0000,1984.0000,1984.0000,1984.0000,1984.0000,1984.0000,1984.0000,1984.0000
2024-11-08 11:50:12, , , ,22.7000,1984.0000,1984.0000,1984.0000,1984.0000,1984.0000,1984.0000,1984.0000,1984.0000,1984.0000,1984.0000,1984.0000,1984.0000,1984.0000,1984.0000
2024-11-08 11:50:13, , , ,22.7000,1984.0000,1984.0000,1984.0000,1984.0000,1984.0000,1984.0000,1984.0000,1984.0000,1984.0000,1984.0000,1984.0000,1984.0000,1984.0000,1984.0000
2024-11-08 11:50:13, , , ,22.7000,1984.0000,1984.0000,1984.0000,1984.0000,1984.0000,1984.0000,1984.0000,1984.0000,1984.0000,1984.0000,1984.0000,1984.0000,1984.0000,1984.0000
2024-11-08 11:50:13, , , ,22.7000,1984.0000,1984.0000,1984.0000,1984.0000,1984.0000,1984.0000,1984.0000,1984.0000,1984.0000,1984.0000,1984.0000,1984.0000,1984.0000,1984.0000
2024-11-08 11:50:13, , , ,22.7000,1984.0000,1984.0000,1984.0000,1984.0000,1984.0000,1984.0000,1984.0000,1984.0000,1984.0000,1984.0000,1984.0000,1984.0000,1984.0000,1984.0000
2024-11-08 11:50:13, , , ,22.7000,1984.0000,1984.0000,1984.0000,1984.0000,1984.0000,1984.0000,1984.0000,1984.0000,1984.0000,1984.0000,1984.0000,1984.0000,1984.0000,1984.0000
2024-11-08 11:50:13, , , ,22.7000,1984.0000,1984.0000,1984.0000,1984.0000,1984.0000,1984.0000,1984.0000,1984.0000,1984.0000,1984.0000,1984.0000,1984.0000,1984.0000,1984.0000
2024-11-08 11:50:14, , , ,22.7000,1984.0000,1984.0000,1984.0000,1984.0000,1984.0000,1984.0000,1984.0000,1984.0000,1984.0000,1984.0000,1984.0000,1984.0000,1984.0000,1984.0000
2024-11-08 11:50:14, , , ,22.7000,1984.0000,1984.0000,1984.0000,1984.0000,1984.0000,1984.0000,1984.0000,1984.0000,1984.0000,1984.0000,1984.0000,1984.0000,1984.0000,1984.0000
2024-11-08 11:50:14, , , ,22.7000,1984.0000,1984.0000,1984.0000,1984.0000,1984.0000,1984.0000,1984.0000,1984.0000,1984.0000,1984.0000,1984.0000,1984.0000,1984.0000,1984.0000
2024-11-08 11:50:14, , , ,22.7000,1984.0000,1984.0000,1984.0000,1984.0000,1984.0000,1984.0000,1984.0000,1984.0000,1984.0000,1984.0000,1984.0000,1984.0000,1984.0000,1984.0000
2024-11-08 11:50:14, , , ,22.7000,1984.0000,1984.0000,1984.0000,1984.0000,1984.0000,1984.0000,1984.0000,1984.0000,1984.0000,1984.0000,1984.0000,1984.0000,1984.0000,1984.0000
2024-11-08 11:50:14, , , ,22.7000,1984.0000,1984.0000,1984.0000,1984.0000,1984.0000,1984.0000,1984.0000,1984.0000,1984.0000,1984.0000,1984.0000,1984.0000,1984.0000,1984.0000
2024-11-08 11:50:15, , , ,22.7000,1984.0000,1984.0000,1984.0000,1984.0000,1984.0000,1984.0000,1984.0000,1984.0000,1984.0000,1984.0000,1984.0000,1984.0000,1984.0000,1984.0000
2024-11-08 11:50:15, , , ,22.7000,1984.0000,1984.0000,1984.0000,1984.0000,1984.0000,1984.0000,1984.0000,1984.0000,1984.0000,1984.0000,1984.0000,1984.0000,1984.0000,1984.0000
2024-11-08 11:50:15, , , ,22.7000,1984.0000,1984.0000,1984.0000,1984.0000,1984.0000,1984.0000,1984.0000,1984.0000,1984.0000,1984.0000,1984.0000,1984.0000,1984.0000,1984.0000
2024-11-08 11:50:15, , , ,22.7000,1984.0000,1984.0000,1984.0000,1984.0000,1984.0000,1984.0000,1984.0000,1984.0000,1984.0000,1984.0000,1984.0000,1984.0000,1984.0000,1984.0000
2024-11-08 11:50:15, , , ,22.7000,1984.0000,1984.0000,1984.0000,1984.0000,1984.0000,1984.0000,1984.0000,1984.0000,1984.0000,1984.0000,1984.0000,1984.0000,1984.0000,1984.0000
2024-11-08 11:50:15, , , ,22.7000,1984.0000,1984.0000,1984.0000,1984.0000,1984.0000,1984.0000,1984.0000,1984.0000,1984.0000,1984.0000,1984.0000,1984.0000,1984.0000,1984.0000
2024-11-08 11:50:16, , , ,22.7000,1984.0000,1984.0000,1984.0000,1984.0000,1984.0000,1984.0000,1984.0000,1984.0000,1984.0000,1984.0000,1984.0000,1984.0000,1984.0000,1984.0000
2024-11-08 11:50:16, , , ,22.7000,1984.0000,1984.0000,1984.0000,1984.0000,1984.0000,1984.0000,1984.0000,1984.0000,1984.0000,1984.0000,1984.0000,1984.0000,1984.0000,1984.0000
2024-11-08 11:50:16, , , ,22.7000,1984.0000,1984.0000,1984.0000,1984.0000,1984.0000,1984.0000,1984.0000,1984.0000,1984.0000,1984.0000,1984.0000,1984.0000,1984.0000,1984.0000
2024-11-08 11:50:16, , , ,22.7000,1984.0000,1984.0000,1984.0000,1984.0000,1984.0000,1984.0000,1984.0000,1984.0000,1984.0000,1984.0000,1984.0000,1984.0000,1984.0000,1984.0000
2024-11-08 11:50:16, , , ,22.7000,1984.0000,1984.0000,1984.0000,1984.0000,1984.0000,1984.0000,1984.0000,1984.0000,1984.0000,1984.0000,1984.0000,1984.0000,1984.0000,1984.0000
2024-11-08 11:50:16, , , ,22.7000,1984.0000,1984.0000,1984.0000,1984.0000,1984.0000,1984.0000,1984.0000,1984.0000,1984.0000,1984.0000,1984.0000,1984.0000,1984.0000,1984.0000
2024-11-08 11:50:17, , , ,22.7000,1984.0000,1984.0000,1984.0000,1984.0000,1984.0000,1984.0000,1984.0000,1984.0000,1984.0000,1984.0000,1984.0000,1984.0000,1984.0000,1984.0000
2024-11-08 11:50:17, , , ,22.7000,1984.0000,1984.0000,1984.0000,1984.0000,1984.0000,1984.0000,1984.0000,1984.0000,1984.0000,1984.0000,1984.0000,1984.0000,1984.0000,1984.0000
2024-11-08 11:50:17, , , ,22.8000,1984.0000,1984.0000,1984.0000,1984.0000,1984.0000,1984.0000,1984.0000,1984.0000,1984.0000,1984.0000,1984.0000,1984.0000,1984.0000,1984.0000
2024-11-08 11:50:17, , , ,22.8000,1984.0000,1984.0000,1984.0000,1984.0000,1984.0000,1984.0000,1984.0000,1984.0000,1984.0000,1984.0000,1984.0000,1984.0000,1984.0000,1984.0000
2024-11-08 11:50:17, , , ,22.8000,1984.0000,1984.0000,1984.0000,1984.0000,1984.0000,1984.0000,1984.0000,1984.0000,1984.0000,1984.0000,1984.0000,1984.0000,1984.0000,1984.0000
2024-11-08 11:50:17, , , ,22.8000,1984.0000,1984.0000,1984.0000,1984.0000,1984.0000,1984.0000,1984.0000,1984.0000,1984.0000,1984.0000,1984.0000,1984.0000,1984.0000,1984.0000
2024-11-08 11:50:18, , , ,22.8000,1984.0000,1984.0000,1984.0000,1984.0000,1984.0000,1984.0000,1984.0000,1984.0000,1984.0000,1984.0000,1984.0000,1984.0000,1984.0000,1984.0000
2024-11-08 11:50:18, , , ,22.7000,1984.0000,1984.0000,1984.0000,1984.0000,1984.0000,1984.0000,1984.0000,1984.0000,1984.0000,1984.0000,1984.0000,1984.0000,1984.0000,1984.0000
2024-11-08 11:50:18, , , ,22.7000,1984.0000,1984.0000,1984.0000,1984.0000,1984.0000,1984.0000,1984.0000,1984.0000,1984.0000,1984.0000,1984.0000,1984.0000,1984.0000,1984.0000
2024-11-08 11:50:18, , , ,22.7000,1984.0000,1984.0000,1984.0000,1984.0000,1984.0000,1984.0000,1984.0000,1984.0000,1984.0000,1984.0000,1984.0000,1984.0000,1984.0000,1984.0000
2024-11-08 11:50:18, , , ,22.7000,1984.0000,1984.0000,1984.0000,1984.0000,1984.0000,1984.0000,1984.0000,1984.0000,1984.0000,1984.0000,1984.0000,1984.0000,1984.0000,1984.0000
2024-11-08 11:50:18, , , ,22.7000,1984.0000,1984.0000,1984.0000,1984.0000,1984.0000,1984.0000,1984.0000,1984.0000,1984.0000,1984.0000,1984.0000,1984.0000,1984.0000,1984.0000
2024-11-08 11:50:19, , , ,22.7000,1984.0000,1984.0000,1984.0000,1984.0000,1984.0000,1984.0000,1984.0000,1984.0000,1984.0000,1984.0000,1984.0000,1984.0000,1984.0000,1984.0000
2024-11-08 11:50:19, , , ,22.7000,1984.0000,1984.0000,1984.0000,1984.0000,1984.0000,1984.0000,1984.0000,1984.0000,1984.0000,1984.0000,1984.0000,1984.0000,1984.0000,1984.0000
2024-11-08 11:50:19, , , ,22.7000,1984.0000,1984.0000,1984.0000,1984.0000,1984.0000,1984.0000,1984.0000,1984.0000,1984.0000,1984.0000,1984.0000,1984.0000,1984.0000,1984.0000
2024-11-08 11:50:19, , , ,22.7000,1984.0000,1984.0000,1984.0000,1984.0000,1984.0000,1984.0000,1984.0000,1984.0000,1984.0000,1984.0000,1984.0000,1984.0000,1984.0000,1984.0000
2024-11-08 11:50:19, , , ,22.7000,1984.0000,1984.0000,1984.0000,1984.0000,1984.0000,1984.0000,1984.0000,1984.0000,1984.0000,1984.0000,1984.0000,1984.0000,1984.0000,1984.0000
2024-11-08 11:50:19, , , ,22.7000,1984.0000,1984.0000,1984.0000,1984.0000,1984.0000,1984.0000,1984.0000,1984.0000,1984.0000,1984.0000,1984.0000,1984.0000,1984.0000,1984.0000
2024-11-08 11:50:20, , , ,22.7000,1984.0000,1984.0000,1984.0000,1984.0000,1984.0000,1984.0000,1984.0000,1984.0000,1984.0000,1984.0000,1984.0000,1984.0000,1984.0000,1984.0000
2024-11-08 11:50:20, , , ,22.7000,1984.0000,1984.0000,1984.0000,1984.0000,1984.0000,1984.0000,1984.0000,1984.0000,1984.0000,1984.0000,1984.0000,1984.0000,1984.0000,1984.0000
2024-11-08 11:50:20, , , ,22.7000,1984.0000,1984.0000,1984.0000,1984.0000,1984.0000,1984.0000,1984.0000,1984.0000,1984.0000,1984.0000,1984.0000,1984.0000,1984.0000,1984.0000
2024-11-08 11:50:20, , , ,22.7000,1984.0000,1984.0000,1984.0000,1984.0000,1984.0000,1984.0000,1984.0000,1984.0000,1984.0000,1984.0000,1984.0000,1984.0000,1984.0000,1984.0000
2024-11-08 11:50:20, , , ,22.7000,1984.0000,1984.0000,1984.0000,1984.0000,1984.0000,1984.0000,1984.0000,1984.0000,1984.0000,1984.0000,1984.0000,1984.0000,1984.0000,1984.0000
2024-11-08 11:50:20, , , ,22.7000,1984.0000,1984.0000,1984.0000,1984.0000,1984.0000,1984.0000,1984.0000,1984.0000,1984.0000,1984.0000,1984.0000,1984.0000,1984.0000,1984.0000
2024-11-08 11:50:21, , , ,22.7000,1984.0000,1984.0000,1984.0000,1984.0000,1984.0000,1984.0000,1984.0000,1984.0000,1984.0000,1984.0000,1984.0000,1984.0000,1984.0000,1984.0000
2024-11-08 11:50:21, , , ,22.7000,1984.0000,1984.0000,1984.0000,1984.0000,1984.0000,1984.0000,1984.0000,1984.0000,1984.0000,1984.0000,1984.0000,1984.0000,1984.0000,1984.0000
2024-11-08 11:50:21, , , ,22.7000,1984.0000,1984.0000,1984.0000,1984.0000,1984.0000,1984.0000,1984.0000,1984.0000,1984.0000,1984.0000,1984.0000,1984.0000,1984.0000,1984.0000
2024-11-08 11:50:21, , , ,22.8000,1984.0000,1984.0000,1984.0000,1984.0000,1984.0000,1984.0000,1984.0000,1984.0000,1984.0000,1984.0000,1984.0000,1984.0000,1984.0000,1984.0000
2024-11-08 11:50:21, , , ,22.9000,1984.0000,1984.0000,1984.0000,1984.0000,1984.0000,1984.0000,1984.0000,1984.0000,1984.0000,1984.0000,1984.0000,1984.0000,1984.0000,1984.0000
2024-11-08 11:50:21, , , ,22.9000,1984.0000,1984.0000,1984.0000,1984.0000,1984.0000,1984.0000,1984.0000,1984.0000,1984.0000,1984.0000,1984.0000,1984.0000,1984.0000,1984.0000
2024-11-08 11:50:22, , , ,23.0000,1984.0000,1984.0000,1984.0000,1984.0000,1984.0000,1984.0000,1984.0000,1984.0000,1984.0000,1984.0000,1984.0000,1984.0000,1984.0000,1984.0000
2024-11-08 11:50:22, , , ,23.0000,1984.0000,1984.0000,1984.0000,1984.0000,1984.0000,1984.0000,1984.0000,1984.0000,1984.0000,1984.0000,1984.0000,1984.0000,1984.0000,1984.0000
2024-11-08 11:50:22, , , ,23.0000,1984.0000,1984.0000,1984.0000,1984.0000,1984.0000,1984.0000,1984.0000,1984.0000,1984.0000,1984.0000,1984.0000,1984.0000,1984.0000,1984.0000
2024-11-08 11:50:22, , , ,23.0000,1984.0000,1984.0000,1984.0000,1984.0000,1984.0000,1984.0000,1984.0000,1984.0000,1984.0000,1984.0000,1984.0000,1984.0000,1984.0000,1984.0000
2024-11-08 11:50:22, , , ,23.1000,1984.0000,1984.0000,1984.0000,1984.0000,1984.0000,1984.0000,1984.0000,1984.0000,1984.0000,1984.0000,1984.0000,1984.0000,1984.0000,1984.0000
2024-11-08 11:50:22, , , ,23.1000,1984.0000,1984.0000,1984.0000,1984.0000,1984.0000,1984.0000,1984.0000,1984.0000,1984.0000,1984.0000,1984.0000,1984.0000,1984.0000,1984.0000
2024-11-08 11:50:23, , , ,22.9000,1984.0000,1984.0000,1984.0000,1984.0000,1984.0000,1984.0000,1984.0000,1984.0000,1984.0000,1984.0000,1984.0000,1984.0000,1984.0000,1984.0000
2024-11-08 11:50:23, , , ,22.9000,1984.0000,1984.0000,1984.0000,1984.0000,1984.0000,1984.0000,1984.0000,1984.0000,1984.0000,1984.0000,1984.0000,1984.0000,1984.0000,1984.0000
2024-11-08 11:50:23, , , ,22.7000,1984.0000,1984.0000,1984.0000,1984.0000,1984.0000,1984.0000,1984.0000,1984.0000,1984.0000,1984.0000,1984.0000,1984.0000,1984.0000,1984.0000
2024-11-08 11:50:23, , , ,22.7000,1984.0000,1984.0000,1984.0000,1984.0000,1984.0000,1984.0000,1984.0000,1984.0000,1984.0000,1984.0000,1984.0000,1984.0000,1984.0000,1984.0000
2024-11-08 11:50:23, , , ,22.7000,1984.0000,1984.0000,1984.0000,1984.0000,1984.0000,1984.0000,1984.0000,1984.0000,1984.0000,1984.0000,1984.0000,1984.0000,1984.0000,1984.0000
2024-11-08 11:50:23, , , ,22.7000,1984.0000,1984.0000,1984.0000,1984.0000,1984.0000,1984.0000,1984.0000,1984.0000,1984.0000,1984.0000,1984.0000,1984.0000,1984.0000,1984.0000
2024-11-08 11:50:24, , , ,22.7000,1984.0000,1984.0000,1984.0000,1984.0000,1984.0000,1984.0000,1984.0000,1984.0000,1984.0000,1984.0000,1984.0000,1984.0000,1984.0000,1984.0000
2024-11-08 11:50:24, , , ,22.7000,1984.0000,1984.0000,1984.0000,1984.0000,1984.0000,1984.0000,1984.0000,1984.0000,1984.0000,1984.0000,1984.0000,1984.0000,1984.0000,1984.0000
2024-11-08 11:50:24, , , ,22.7000,1984.0000,1984.0000,1984.0000,1984.0000,1984.0000,1984.0000,1984.0000,1984.0000,1984.0000,1984.0000,1984.0000,1984.0000,1984.0000,1984.0000
2024-11-08 11:50:24, , , ,22.7000,1984.0000,1984.0000,1984.0000,1984.0000,1984.0000,1984.0000,1984.0000,1984.0000,1984.0000,1984.0000,1984.0000,1984.0000,1984.0000,1984.0000
2024-11-08 11:50:24, , , ,22.7000,1984.0000,1984.0000,1984.0000,1984.0000,1984.0000,1984.0000,1984.0000,1984.0000,1984.0000,1984.0000,1984.0000,1984.0000,1984.0000,1984.0000
2024-11-08 11:50:24, , , ,22.7000,1984.0000,1984.0000,1984.0000,1984.0000,1984.0000,1984.0000,1984.0000,1984.0000,1984.0000,1984.0000,1984.0000,1984.0000,1984.0000,1984.0000
2024-11-08 11:50:25, , , ,22.7000,1984.0000,1984.0000,1984.0000,1984.0000,1984.0000,1984.0000,1984.0000,1984.0000,1984.0000,1984.0000,1984.0000,1984.0000,1984.0000,1984.0000
2024-11-08 11:50:25, , , ,22.7000,1984.0000,1984.0000,1984.0000,1984.0000,1984.0000,1984.0000,1984.0000,1984.0000,1984.0000,1984.0000,1984.0000,1984.0000,1984.0000,1984.0000
2024-11-08 11:50:25, , , ,22.7000,1984.0000,1984.0000,1984.0000,1984.0000,1984.0000,1984.0000,1984.0000,1984.0000,1984.0000,1984.0000,1984.0000,1984.0000,1984.0000,1984.0000
2024-11-08 11:50:25, , , ,22.7000,1984.0000,1984.0000,1984.0000,1984.0000,1984.0000,1984.0000,1984.0000,1984.0000,1984.0000,1984.0000,1984.0000,1984.0000,1984.0000,1984.0000
2024-11-08 11:50:25, , , ,22.7000,1984.0000,1984.0000,1984.0000,1984.0000,1984.0000,1984.0000,1984.0000,1984.0000,1984.0000,1984.0000,1984.0000,1984.0000,1984.0000,1984.0000
2024-11-08 11:50:25, , , ,22.7000,1984.0000,1984.0000,1984.0000,1984.0000,1984.0000,1984.0000,1984.0000,1984.0000,1984.0000,1984.0000,1984.0000,1984.0000,1984.0000,1984.0000
2024-11-08 11:50:26, , , ,22.7000,1984.0000,1984.0000,1984.0000,1984.0000,1984.0000,1984.0000,1984.0000,1984.0000,1984.0000,1984.0000,1984.0000,1984.0000,1984.0000,1984.0000
2024-11-08 11:50:26, , , ,22.7000,1984.0000,1984.0000,1984.0000,1984.0000,1984.0000,1984.0000,1984.0000,1984.0000,1984.0000,1984.0000,1984.0000,1984.0000,1984.0000,1984.0000
2024-11-08 11:50:26, , , ,22.7000,1984.0000,1984.0000,1984.0000,1984.0000,1984.0000,1984.0000,1984.0000,1984.0000,1984.0000,1984.0000,1984.0000,1984.0000,1984.0000,1984.0000
2024-11-08 11:50:26, , , ,22.7000,1984.0000,1984.0000,1984.0000,1984.0000,1984.0000,1984.0000,1984.0000,1984.0000,1984.0000,1984.0000,1984.0000,1984.0000,1984.0000,1984.0000
2024-11-08 11:50:26, , , ,22.7000,1984.0000,1984.0000,1984.0000,1984.0000,1984.0000,1984.0000,1984.0000,1984.0000,1984.0000,1984.0000,1984.0000,1984.0000,1984.0000,1984.0000
2024-11-08 11:50:26, , , ,22.7000,1984.0000,1984.0000,1984.0000,1984.0000,1984.0000,1984.0000,1984.0000,1984.0000,1984.0000,1984.0000,1984.0000,1984.0000,1984.0000,1984.0000
2024-11-08 11:50:27, , , ,22.7000,1984.0000,1984.0000,1984.0000,1984.0000,1984.0000,1984.0000,1984.0000,1984.0000,1984.0000,1984.0000,1984.0000,1984.0000,1984.0000,1984.0000
2024-11-08 11:50:27, , , ,22.7000,1984.0000,1984.0000,1984.0000,1984.0000,1984.0000,1984.0000,1984.0000,1984.0000,1984.0000,1984.0000,1984.0000,1984.0000,1984.0000,1984.0000
2024-11-08 11:50:27, , , ,22.7000,1984.0000,1984.0000,1984.0000,1984.0000,1984.0000,1984.0000,1984.0000,1984.0000,1984.0000,1984.0000,1984.0000,1984.0000,1984.0000,1984.0000
2024-11-08 11:50:27, , , ,22.7000,1984.0000,1984.0000,1984.0000,1984.0000,1984.0000,1984.0000,1984.0000,1984.0000,1984.0000,1984.0000,1984.0000,1984.0000,1984.0000,1984.0000
2024-11-08 11:50:27, , , ,22.7000,1984.0000,1984.0000,1984.0000,1984.0000,1984.0000,1984.0000,1984.0000,1984.0000,1984.0000,1984.0000,1984.0000,1984.0000,1984.0000,1984.0000
2024-11-08 11:50:27, , , ,22.7000,1984.0000,1984.0000,1984.0000,1984.0000,1984.0000,1984.0000,1984.0000,1984.0000,1984.0000,1984.0000,1984.0000,1984.0000,1984.0000,1984.0000
2024-11-08 11:50:28, , , ,22.7000,1984.0000,1984.0000,1984.0000,1984.0000,1984.0000,1984.0000,1984.0000,1984.0000,1984.0000,1984.0000,1984.0000,1984.0000,1984.0000,1984.0000
2024-11-08 11:50:28, , , ,22.7000,1984.0000,1984.0000,1984.0000,1984.0000,1984.0000,1984.0000,1984.0000,1984.0000,1984.0000,1984.0000,1984.0000,1984.0000,1984.0000,1984.0000
2024-11-08 11:50:28, , , ,22.7000,1984.0000,1984.0000,1984.0000,1984.0000,1984.0000,1984.0000,1984.0000,1984.0000,1984.0000,1984.0000,1984.0000,1984.0000,1984.0000,1984.0000
2024-11-08 11:50:28, , , ,22.7000,1984.0000,1984.0000,1984.0000,1984.0000,1984.0000,1984.0000,1984.0000,1984.0000,1984.0000,1984.0000,1984.0000,1984.0000,1984.0000,1984.0000
2024-11-08 11:50:28, , , ,22.7000,1984.0000,1984.0000,1984.0000,1984.0000,1984.0000,1984.0000,1984.0000,1984.0000,1984.0000,1984.0000,1984.0000,1984.0000,1984.0000,1984.0000
2024-11-08 11:50:28, , , ,22.7000,1984.0000,1984.0000,1984.0000,1984.0000,1984.0000,1984.0000,1984.0000,1984.0000,1984.0000,1984.0000,1984.0000,1984.0000,1984.0000,1984.0000
2024-11-08 11:50:29, , , ,22.7000,1984.0000,1984.0000,1984.0000,1984.0000,1984.0000,1984.0000,1984.0000,1984.0000,1984.0000,1984.0000,1984.0000,1984.0000,1984.0000,1984.0000
2024-11-08 11:50:29, , , ,22.7000,1984.0000,1984.0000,1984.0000,1984.0000,1984.0000,1984.0000,1984.0000,1984.0000,1984.0000,1984.0000,1984.0000,1984.0000,1984.0000,1984.0000
2024-11-08 11:50:29, , , ,22.7000,1984.0000,1984.0000,1984.0000,1984.0000,1984.0000,1984.0000,1984.0000,1984.0000,1984.0000,1984.0000,1984.0000,1984.0000,1984.0000,1984.0000
2024-11-08 11:50:29, , , ,22.7000,1984.0000,1984.0000,1984.0000,1984.0000,1984.0000,1984.0000,1984.0000,1984.0000,1984.0000,1984.0000,1984.0000,1984.0000,1984.0000,1984.0000
2024-11-08 11:50:29, , , ,22.7000,1984.0000,1984.0000,1984.0000,1984.0000,1984.0000,1984.0000,1984.0000,1984.0000,1984.0000,1984.0000,1984.0000,1984.0000,1984.0000,1984.0000
2024-11-08 11:50:29, , , ,22.7000,1984.0000,1984.0000,1984.0000,1984.0000,1984.0000,1984.0000,1984.0000,1984.0000,1984.0000,1984.0000,1984.0000,1984.0000,1984.0000,1984.0000
2024-11-08 11:50:30, , , ,22.7000,1984.0000,1984.0000,1984.0000,1984.0000,1984.0000,1984.0000,1984.0000,1984.0000,1984.0000,1984.0000,1984.0000,1984.0000,1984.0000,1984.0000
2024-11-08 11:50:30, , , ,22.7000,1984.0000,1984.0000,1984.0000,1984.0000,1984.0000,1984.0000,1984.0000,1984.0000,1984.0000,1984.0000,1984.0000,1984.0000,1984.0000,1984.0000
2024-11-08 11:50:30, , , ,22.7000,1984.0000,1984.0000,1984.0000,1984.0000,1984.0000,1984.0000,1984.0000,1984.0000,1984.0000,1984.0000,1984.0000,1984.0000,1984.0000,1984.0000
2024-11-08 11:50:30, , , ,22.7000,1984.0000,1984.0000,1984.0000,1984.0000,1984.0000,1984.0000,1984.0000,1984.0000,1984.0000,1984.0000,1984.0000,1984.0000,1984.0000,1984.0000
2024-11-08 11:50:30, , , ,22.7000,1984.0000,1984.0000,1984.0000,1984.0000,1984.0000,1984.0000,1984.0000,1984.0000,1984.0000,1984.0000,1984.0000,1984.0000,1984.0000,1984.0000
2024-11-08 11:50:30, , , ,22.7000,1984.0000,1984.0000,1984.0000,1984.0000,1984.0000,1984.0000,1984.0000,1984.0000,1984.0000,1984.0000,1984.0000,1984.0000,1984.0000,1984.0000
2024-11-08 11:50:31, , , ,22.7000,1984.0000,1984.0000,1984.0000,1984.0000,1984.0000,1984.0000,1984.0000,1984.0000,1984.0000,1984.0000,1984.0000,1984.0000,1984.0000,1984.0000
2024-11-08 11:50:31, , , ,22.7000,1984.0000,1984.0000,1984.0000,1984.0000,1984.0000,1984.0000,1984.0000,1984.0000,1984.0000,1984.0000,1984.0000,1984.0000,1984.0000,1984.0000
2024-11-08 11:50:31, , , ,22.7000,1984.0000,1984.0000,1984.0000,1984.0000,1984.0000,1984.0000,1984.0000,1984.0000,1984.0000,1984.0000,1984.0000,1984.0000,1984.0000,1984.0000
2024-11-08 11:50:31, , , ,22.7000,1984.0000,1984.0000,1984.0000,1984.0000,1984.0000,1984.0000,1984.0000,1984.0000,1984.0000,1984.0000,1984.0000,1984.0000,1984.0000,1984.0000
2024-11-08 11:50:31, , , ,22.7000,1984.0000,1984.0000,1984.0000,1984.0000,1984.0000,1984.0000,1984.0000,1984.0000,1984.0000,1984.0000,1984.0000,1984.0000,1984.0000,1984.0000
2024-11-08 11:50:31, , , ,22.7000,1984.0000,1984.0000,1984.0000,1984.0000,1984.0000,1984.0000,1984.0000,1984.0000,1984.0000,1984.0000,1984.0000,1984.0000,1984.0000,1984.0000
2024-11-08 11:50:32, , , ,22.7000,1984.0000,1984.0000,1984.0000,1984.0000,1984.0000,1984.0000,1984.0000,1984.0000,1984.0000,1984.0000,1984.0000,1984.0000,1984.0000,1984.0000
2024-11-08 11:50:32, , , ,22.7000,1984.0000,1984.0000,1984.0000,1984.0000,1984.0000,1984.0000,1984.0000,1984.0000,1984.0000,1984.0000,1984.0000,1984.0000,1984.0000,1984.0000
2024-11-08 11:50:32, , , ,22.7000,1984.0000,1984.0000,1984.0000,1984.0000,1984.0000,1984.0000,1984.0000,1984.0000,1984.0000,1984.0000,1984.0000,1984.0000,1984.0000,1984.0000
2024-11-08 11:50:32, , , ,22.7000,1984.0000,1984.0000,1984.0000,1984.0000,1984.0000,1984.0000,1984.0000,1984.0000,1984.0000,1984.0000,1984.0000,1984.0000,1984.0000,1984.0000
2024-11-08 11:50:32, , , ,22.7000,1984.0000,1984.0000,1984.0000,1984.0000,1984.0000,1984.0000,1984.0000,1984.0000,1984.0000,1984.0000,1984.0000,1984.0000,1984.0000,1984.0000
2024-11-08 11:50:32, , , ,22.7000,1984.0000,1984.0000,1984.0000,1984.0000,1984.0000,1984.0000,1984.0000,1984.0000,1984.0000,1984.0000,1984.0000,1984.0000,1984.0000,1984.0000
2024-11-08 11:50:33, , , ,22.7000,1984.0000,1984.0000,1984.0000,1984.0000,1984.0000,1984.0000,1984.0000,1984.0000,1984.0000,1984.0000,1984.0000,1984.0000,1984.0000,1984.0000
2024-11-08 11:50:33, , , ,22.7000,1984.0000,1984.0000,1984.0000,1984.0000,1984.0000,1984.0000,1984.0000,1984.0000,1984.0000,1984.0000,1984.0000,1984.0000,1984.0000,1984.0000
2024-11-08 11:50:33, , , ,22.7000,1984.0000,1984.0000,1984.0000,1984.0000,1984.0000,1984.0000,1984.0000,1984.0000,1984.0000,1984.0000,1984.0000,1984.0000,1984.0000,1984.0000
2024-11-08 11:50:33, , , ,22.7000,1984.0000,1984.0000,1984.0000,1984.0000,1984.0000,1984.0000,1984.0000,1984.0000,1984.0000,1984.0000,1984.0000,1984.0000,1984.0000,1984.0000
2024-11-08 11:50:33, , , ,22.7000,1984.0000,1984.0000,1984.0000,1984.0000,1984.0000,1984.0000,1984.0000,1984.0000,1984.0000,1984.0000,1984.0000,1984.0000,1984.0000,1984.0000
2024-11-08 11:50:33, , , ,22.7000,1984.0000,1984.0000,1984.0000,1984.0000,1984.0000,1984.0000,1984.0000,1984.0000,1984.0000,1984.0000,1984.0000,1984.0000,1984.0000,1984.0000
2024-11-08 11:50:34, , , ,22.7000,1984.0000,1984.0000,1984.0000,1984.0000,1984.0000,1984.0000,1984.0000,1984.0000,1984.0000,1984.0000,1984.0000,1984.0000,1984.0000,1984.0000
2024-11-08 11:50:34, , , ,22.7000,1984.0000,1984.0000,1984.0000,1984.0000,1984.0000,1984.0000,1984.0000,1984.0000,1984.0000,1984.0000,1984.0000,1984.0000,1984.0000,1984.0000
2024-11-08 11:50:34, , , ,22.7000,1984.0000,1984.0000,1984.0000,1984.0000,1984.0000,1984.0000,1984.0000,1984.0000,1984.0000,1984.0000,1984.0000,1984.0000,1984.0000,1984.0000
2024-11-08 11:50:34, , , ,22.7000,1984.0000,1984.0000,1984.0000,1984.0000,1984.0000,1984.0000,1984.0000,1984.0000,1984.0000,1984.0000,1984.0000,1984.0000,1984.0000,1984.0000
2024-11-08 11:50:34, , , ,22.7000,1984.0000,1984.0000,1984.0000,1984.0000,1984.0000,1984.0000,1984.0000,1984.0000,1984.0000,1984.0000,1984.0000,1984.0000,1984.0000,1984.0000
2024-11-08 11:50:34, , , ,22.7000,1984.0000,1984.0000,1984.0000,1984.0000,1984.0000,1984.0000,1984.0000,1984.0000,1984.0000,1984.0000,1984.0000,1984.0000,1984.0000,1984.0000
2024-11-08 11:50:35, , , ,22.7000,1984.0000,1984.0000,1984.0000,1984.0000,1984.0000,1984.0000,1984.0000,1984.0000,1984.0000,1984.0000,1984.0000,1984.0000,1984.0000,1984.0000
2024-11-08 11:50:35, , , ,22.7000,1984.0000,1984.0000,1984.0000,1984.0000,1984.0000,1984.0000,1984.0000,1984.0000,1984.0000,1984.0000,1984.0000,1984.0000,1984.0000,1984.0000
2024-11-08 11:50:35, , , ,22.7000,1984.0000,1984.0000,1984.0000,1984.0000,1984.0000,1984.0000,1984.0000,1984.0000,1984.0000,1984.0000,1984.0000,1984.0000,1984.0000,1984.0000
2024-11-08 11:50:35, , , ,22.7000,1984.0000,1984.0000,1984.0000,1984.0000,1984.0000,1984.0000,1984.0000,1984.0000,1984.0000,1984.0000,1984.0000,1984.0000,1984.0000,1984.0000
2024-11-08 11:50:35, , , ,22.7000,1984.0000,1984.0000,1984.0000,1984.0000,1984.0000,1984.0000,1984.0000,1984.0000,1984.0000,1984.0000,1984.0000,1984.0000,1984.0000,1984.0000
2024-11-08 11:50:35, , , ,22.7000,1984.0000,1984.0000,1984.0000,1984.0000,1984.0000,1984.0000,1984.0000,1984.0000,1984.0000,1984.0000,1984.0000,1984.0000,1984.0000,1984.0000
2024-11-08 11:50:36, , , ,22.7000,1984.0000,1984.0000,1984.0000,1984.0000,1984.0000,1984.0000,1984.0000,1984.0000,1984.0000,1984.0000,1984.0000,1984.0000,1984.0000,1984.0000
2024-11-08 11:50:36, , , ,22.7000,1984.0000,1984.0000,1984.0000,1984.0000,1984.0000,1984.0000,1984.0000,1984.0000,1984.0000,1984.0000,1984.0000,1984.0000,1984.0000,1984.0000
2024-11-08 11:50:36, , , ,22.7000,1984.0000,1984.0000,1984.0000,1984.0000,1984.0000,1984.0000,1984.0000,1984.0000,1984.0000,1984.0000,1984.0000,1984.0000,1984.0000,1984.0000
2024-11-08 11:50:36, , , ,22.7000,1984.0000,1984.0000,1984.0000,1984.0000,1984.0000,1984.0000,1984.0000,1984.0000,1984.0000,1984.0000,1984.0000,1984.0000,1984.0000,1984.0000
2024-11-08 11:50:36, , , ,22.7000,1984.0000,1984.0000,1984.0000,1984.0000,1984.0000,1984.0000,1984.0000,1984.0000,1984.0000,1984.0000,1984.0000,1984.0000,1984.0000,1984.0000
2024-11-08 11:50:36, , , ,22.7000,1984.0000,1984.0000,1984.0000,1984.0000,1984.0000,1984.0000,1984.0000,1984.0000,1984.0000,1984.0000,1984.0000,1984.0000,1984.0000,1984.0000
2024-11-08 11:50:37, , , ,22.7000,1984.0000,1984.0000,1984.0000,1984.0000,1984.0000,1984.0000,1984.0000,1984.0000,1984.0000,1984.0000,1984.0000,1984.0000,1984.0000,1984.0000
2024-11-08 11:50:37, , , ,22.7000,1984.0000,1984.0000,1984.0000,1984.0000,1984.0000,1984.0000,1984.0000,1984.0000,1984.0000,1984.0000,1984.0000,1984.0000,1984.0000,1984.0000
2024-11-08 11:50:37, , , ,22.7000,1984.0000,1984.0000,1984.0000,1984.0000,1984.0000,1984.0000,1984.0000,1984.0000,1984.0000,1984.0000,1984.0000,1984.0000,1984.0000,1984.0000
2024-11-08 11:50:37, , , ,22.7000,1984.0000,1984.0000,1984.0000,1984.0000,1984.0000,1984.0000,1984.0000,1984.0000,1984.0000,1984.0000,1984.0000,1984.0000,1984.0000,1984.0000
2024-11-08 11:50:37, , , ,22.7000,1984.0000,1984.0000,1984.0000,1984.0000,1984.0000,1984.0000,1984.0000,1984.0000,1984.0000,1984.0000,1984.0000,1984.0000,1984.0000,1984.0000
2024-11-08 11:50:37, , , ,22.7000,1984.0000,1984.0000,1984.0000,1984.0000,1984.0000,1984.0000,1984.0000,1984.0000,1984.0000,1984.0000,1984.0000,1984.0000,1984.0000,1984.0000
2024-11-08 11:50:38, , , ,22.7000,1984.0000,1984.0000,1984.0000,1984.0000,1984.0000,1984.0000,1984.0000,1984.0000,1984.0000,1984.0000,1984.0000,1984.0000,1984.0000,1984.0000
2024-11-08 11:50:38, , , ,22.7000,1984.0000,1984.0000,1984.0000,1984.0000,1984.0000,1984.0000,1984.0000,1984.0000,1984.0000,1984.0000,1984.0000,1984.0000,1984.0000,1984.0000
2024-11-08 11:50:38, , , ,22.7000,1984.0000,1984.0000,1984.0000,1984.0000,1984.0000,1984.0000,1984.0000,1984.0000,1984.0000,1984.0000,1984.0000,1984.0000,1984.0000,1984.0000
2024-11-08 11:50:38, , , ,22.7000,1984.0000,1984.0000,1984.0000,1984.0000,1984.0000,1984.0000,1984.0000,1984.0000,1984.0000,1984.0000,1984.0000,1984.0000,1984.0000,1984.0000
2024-11-08 11:50:38, , , ,22.7000,1984.0000,1984.0000,1984.0000,1984.0000,1984.0000,1984.0000,1984.0000,1984.0000,1984.0000,1984.0000,1984.0000,1984.0000,1984.0000,1984.0000
2024-11-08 11:50:38, , , ,22.7000,1984.0000,1984.0000,1984.0000,1984.0000,1984.0000,1984.0000,1984.0000,1984.0000,1984.0000,1984.0000,1984.0000,1984.0000,1984.0000,1984.0000
2024-11-08 11:50:39, , , ,22.7000,1984.0000,1984.0000,1984.0000,1984.0000,1984.0000,1984.0000,1984.0000,1984.0000,1984.0000,1984.0000,1984.0000,1984.0000,1984.0000,1984.0000
2024-11-08 11:50:39, , , ,22.7000,1984.0000,1984.0000,1984.0000,1984.0000,1984.0000,1984.0000,1984.0000,1984.0000,1984.0000,1984.0000,1984.0000,1984.0000,1984.0000,1984.0000
2024-11-08 11:50:39, , , ,22.7000,1984.0000,1984.0000,1984.0000,1984.0000,1984.0000,1984.0000,1984.0000,1984.0000,1984.0000,1984.0000,1984.0000,1984.0000,1984.0000,1984.0000
2024-11-08 11:50:39, , , ,22.7000,1984.0000,1984.0000,1984.0000,1984.0000,1984.0000,1984.0000,1984.0000,1984.0000,1984.0000,1984.0000,1984.0000,1984.0000,1984.0000,1984.0000
2024-11-08 11:50:39, , , ,22.7000,1984.0000,1984.0000,1984.0000,1984.0000,1984.0000,1984.0000,1984.0000,1984.0000,1984.0000,1984.0000,1984.0000,1984.0000,1984.0000,1984.0000
2024-11-08 11:50:39, , , ,22.7000,1984.0000,1984.0000,1984.0000,1984.0000,1984.0000,1984.0000,1984.0000,1984.0000,1984.0000,1984.0000,1984.0000,1984.0000,1984.0000,1984.0000
2024-11-08 11:50:40, , , ,22.7000,1984.0000,1984.0000,1984.0000,1984.0000,1984.0000,1984.0000,1984.0000,1984.0000,1984.0000,1984.0000,1984.0000,1984.0000,1984.0000,1984.0000
2024-11-08 11:50:40, , , ,22.7000,1984.0000,1984.0000,1984.0000,1984.0000,1984.0000,1984.0000,1984.0000,1984.0000,1984.0000,1984.0000,1984.0000,1984.0000,1984.0000,1984.0000
2024-11-08 11:50:40, , , ,22.7000,1984.0000,1984.0000,1984.0000,1984.0000,1984.0000,1984.0000,1984.0000,1984.0000,1984.0000,1984.0000,1984.0000,1984.0000,1984.0000,1984.0000
2024-11-08 11:50:40, , , ,22.7000,1984.0000,1984.0000,1984.0000,1984.0000,1984.0000,1984.0000,1984.0000,1984.0000,1984.0000,1984.0000,1984.0000,1984.0000,1984.0000,1984.0000
2024-11-08 11:50:40, , , ,22.7000,1984.0000,1984.0000,1984.0000,1984.0000,1984.0000,1984.0000,1984.0000,1984.0000,1984.0000,1984.0000,1984.0000,1984.0000,1984.0000,1984.0000
2024-11-08 11:50:40, , , ,22.7000,1984.0000,1984.0000,1984.0000,1984.0000,1984.0000,1984.0000,1984.0000,1984.0000,1984.0000,1984.0000,1984.0000,1984.0000,1984.0000,1984.0000
2024-11-08 11:50:41, , , ,22.7000,1984.0000,1984.0000,1984.0000,1984.0000,1984.0000,1984.0000,1984.0000,1984.0000,1984.0000,1984.0000,1984.0000,1984.0000,1984.0000,1984.0000
2024-11-08 11:50:41, , , ,22.7000,1984.0000,1984.0000,1984.0000,1984.0000,1984.0000,1984.0000,1984.0000,1984.0000,1984.0000,1984.0000,1984.0000,1984.0000,1984.0000,1984.0000
2024-11-08 11:50:41, , , ,22.7000,1984.0000,1984.0000,1984.0000,1984.0000,1984.0000,1984.0000,1984.0000,1984.0000,1984.0000,1984.0000,1984.0000,1984.0000,1984.0000,1984.0000
2024-11-08 11:50:41, , , ,22.7000,1984.0000,1984.0000,1984.0000,1984.0000,1984.0000,1984.0000,1984.0000,1984.0000,1984.0000,1984.0000,1984.0000,1984.0000,1984.0000,1984.0000
2024-11-08 11:50:41, , , ,22.7000,1984.0000,1984.0000,1984.0000,1984.0000,1984.0000,1984.0000,1984.0000,1984.0000,1984.0000,1984.0000,1984.0000,1984.0000,1984.0000,1984.0000
2024-11-08 11:50:41, , , ,22.7000,1984.0000,1984.0000,1984.0000,1984.0000,1984.0000,1984.0000,1984.0000,1984.0000,1984.0000,1984.0000,1984.0000,1984.0000,1984.0000,1984.0000
2024-11-08 11:50:42, , , ,22.7000,1984.0000,1984.0000,1984.0000,1984.0000,1984.0000,1984.0000,1984.0000,1984.0000,1984.0000,1984.0000,1984.0000,1984.0000,1984.0000,1984.0000
2024-11-08 11:50:42, , , ,22.7000,1984.0000,1984.0000,1984.0000,1984.0000,1984.0000,1984.0000,1984.0000,1984.0000,1984.0000,1984.0000,1984.0000,1984.0000,1984.0000,1984.0000
2024-11-08 11:50:42, , , ,22.7000,1984.0000,1984.0000,1984.0000,1984.0000,1984.0000,1984.0000,1984.0000,1984.0000,1984.0000,1984.0000,1984.0000,1984.0000,1984.0000,1984.0000
2024-11-08 11:50:42, , , ,22.7000,1984.0000,1984.0000,1984.0000,1984.0000,1984.0000,1984.0000,1984.0000,1984.0000,1984.0000,1984.0000,1984.0000,1984.0000,1984.0000,1984.0000
2024-11-08 11:50:42, , , ,22.7000,1984.0000,1984.0000,1984.0000,1984.0000,1984.0000,1984.0000,1984.0000,1984.0000,1984.0000,1984.0000,1984.0000,1984.0000,1984.0000,1984.0000
2024-11-08 11:50:42, , , ,22.7000,1984.0000,1984.0000,1984.0000,1984.0000,1984.0000,1984.0000,1984.0000,1984.0000,1984.0000,1984.0000,1984.0000,1984.0000,1984.0000,1984.0000
2024-11-08 11:50:43, , , ,22.7000,1984.0000,1984.0000,1984.0000,1984.0000,1984.0000,1984.0000,1984.0000,1984.0000,1984.0000,1984.0000,1984.0000,1984.0000,1984.0000,1984.0000
2024-11-08 11:50:43, , , ,22.7000,1984.0000,1984.0000,1984.0000,1984.0000,1984.0000,1984.0000,1984.0000,1984.0000,1984.0000,1984.0000,1984.0000,1984.0000,1984.0000,1984.0000
2024-11-08 11:50:43, , , ,22.7000,1984.0000,1984.0000,1984.0000,1984.0000,1984.0000,1984.0000,1984.0000,1984.0000,1984.0000,1984.0000,1984.0000,1984.0000,1984.0000,1984.0000
2024-11-08 11:50:43, , , ,22.7000,1984.0000,1984.0000,1984.0000,1984.0000,1984.0000,1984.0000,1984.0000,1984.0000,1984.0000,1984.0000,1984.0000,1984.0000,1984.0000,1984.0000
2024-11-08 11:50:43, , , ,22.7000,1984.0000,1984.0000,1984.0000,1984.0000,1984.0000,1984.0000,1984.0000,1984.0000,1984.0000,1984.0000,1984.0000,1984.0000,1984.0000,1984.0000
2024-11-08 11:50:43, , , ,22.7000,1984.0000,1984.0000,1984.0000,1984.0000,1984.0000,1984.0000,1984.0000,1984.0000,1984.0000,1984.0000,1984.0000,1984.0000,1984.0000,1984.0000
2024-11-08 11:50:44, , , ,22.7000,1984.0000,1984.0000,1984.0000,1984.0000,1984.0000,1984.0000,1984.0000,1984.0000,1984.0000,1984.0000,1984.0000,1984.0000,1984.0000,1984.0000
2024-11-08 11:50:44, , , ,22.7000,1984.0000,1984.0000,1984.0000,1984.0000,1984.0000,1984.0000,1984.0000,1984.0000,1984.0000,1984.0000,1984.0000,1984.0000,1984.0000,1984.0000
2024-11-08 11:50:44, , , ,22.7000,1984.0000,1984.0000,1984.0000,1984.0000,1984.0000,1984.0000,1984.0000,1984.0000,1984.0000,1984.0000,1984.0000,1984.0000,1984.0000,1984.0000
2024-11-08 11:50:44, , , ,22.7000,1984.0000,1984.0000,1984.0000,1984.0000,1984.0000,1984.0000,1984.0000,1984.0000,1984.0000,1984.0000,1984.0000,1984.0000,1984.0000,1984.0000
2024-11-08 11:50:44, , , ,22.7000,1984.0000,1984.0000,1984.0000,1984.0000,1984.0000,1984.0000,1984.0000,1984.0000,1984.0000,1984.0000,1984.0000,1984.0000,1984.0000,1984.0000
2024-11-08 11:50:44, , , ,22.7000,1984.0000,1984.0000,1984.0000,1984.0000,1984.0000,1984.0000,1984.0000,1984.0000,1984.0000,1984.0000,1984.0000,1984.0000,1984.0000,1984.0000
2024-11-08 11:50:45, , , ,22.7000,1984.0000,1984.0000,1984.0000,1984.0000,1984.0000,1984.0000,1984.0000,1984.0000,1984.0000,1984.0000,1984.0000,1984.0000,1984.0000,1984.0000
2024-11-08 11:50:45, , , ,22.7000,1984.0000,1984.0000,1984.0000,1984.0000,1984.0000,1984.0000,1984.0000,1984.0000,1984.0000,1984.0000,1984.0000,1984.0000,1984.0000,1984.0000
2024-11-08 11:50:45, , , ,22.7000,1984.0000,1984.0000,1984.0000,1984.0000,1984.0000,1984.0000,1984.0000,1984.0000,1984.0000,1984.0000,1984.0000,1984.0000,1984.0000,1984.0000
2024-11-08 11:50:45, , , ,22.7000,1984.0000,1984.0000,1984.0000,1984.0000,1984.0000,1984.0000,1984.0000,1984.0000,1984.0000,1984.0000,1984.0000,1984.0000,1984.0000,1984.0000
2024-11-08 11:50:45, , , ,22.7000,1984.0000,1984.0000,1984.0000,1984.0000,1984.0000,1984.0000,1984.0000,1984.0000,1984.0000,1984.0000,1984.0000,1984.0000,1984.0000,1984.0000
2024-11-08 11:50:45, , , ,22.7000,1984.0000,1984.0000,1984.0000,1984.0000,1984.0000,1984.0000,1984.0000,1984.0000,1984.0000,1984.0000,1984.0000,1984.0000,1984.0000,1984.0000
2024-11-08 11:50:46, , , ,22.7000,1984.0000,1984.0000,1984.0000,1984.0000,1984.0000,1984.0000,1984.0000,1984.0000,1984.0000,1984.0000,1984.0000,1984.0000,1984.0000,1984.0000
2024-11-08 11:50:46, , , ,22.7000,1984.0000,1984.0000,1984.0000,1984.0000,1984.0000,1984.0000,1984.0000,1984.0000,1984.0000,1984.0000,1984.0000,1984.0000,1984.0000,1984.0000
2024-11-08 11:50:46, , , ,22.7000,1984.0000,1984.0000,1984.0000,1984.0000,1984.0000,1984.0000,1984.0000,1984.0000,1984.0000,1984.0000,1984.0000,1984.0000,1984.0000,1984.0000
2024-11-08 11:50:46, , , ,22.7000,1984.0000,1984.0000,1984.0000,1984.0000,1984.0000,1984.0000,1984.0000,1984.0000,1984.0000,1984.0000,1984.0000,1984.0000,1984.0000,1984.0000
2024-11-08 11:50:46, , , ,22.7000,1984.0000,1984.0000,1984.0000,1984.0000,1984.0000,1984.0000,1984.0000,1984.0000,1984.0000,1984.0000,1984.0000,1984.0000,1984.0000,1984.0000
2024-11-08 11:50:46, , , ,22.7000,1984.0000,1984.0000,1984.0000,1984.0000,1984.0000,1984.0000,1984.0000,1984.0000,1984.0000,1984.0000,1984.0000,1984.0000,1984.0000,1984.0000
2024-11-08 11:50:47, , , ,22.7000,1984.0000,1984.0000,1984.0000,1984.0000,1984.0000,1984.0000,1984.0000,1984.0000,1984.0000,1984.0000,1984.0000,1984.0000,1984.0000,1984.0000
2024-11-08 11:50:47, , , ,22.7000,1984.0000,1984.0000,1984.0000,1984.0000,1984.0000,1984.0000,1984.0000,1984.0000,1984.0000,1984.0000,1984.0000,1984.0000,1984.0000,1984.0000
2024-11-08 11:50:47, , , ,22.7000,1984.0000,1984.0000,1984.0000,1984.0000,1984.0000,1984.0000,1984.0000,1984.0000,1984.0000,1984.0000,1984.0000,1984.0000,1984.0000,1984.0000
2024-11-08 11:50:47, , , ,22.7000,1984.0000,1984.0000,1984.0000,1984.0000,1984.0000,1984.0000,1984.0000,1984.0000,1984.0000,1984.0000,1984.0000,1984.0000,1984.0000,1984.0000
2024-11-08 11:50:47, , , ,23.0000,1984.0000,1984.0000,1984.0000,1984.0000,1984.0000,1984.0000,1984.0000,1984.0000,1984.0000,1984.0000,1984.0000,1984.0000,1984.0000,1984.0000
2024-11-08 11:50:47, , , ,23.0000,1984.0000,1984.0000,1984.0000,1984.0000,1984.0000,1984.0000,1984.0000,1984.0000,1984.0000,1984.0000,1984.0000,1984.0000,1984.0000,1984.0000
2024-11-08 11:50:48, , , ,23.1000,1984.0000,1984.0000,1984.0000,1984.0000,1984.0000,1984.0000,1984.0000,1984.0000,1984.0000,1984.0000,1984.0000,1984.0000,1984.0000,1984.0000
2024-11-08 11:50:48, , , ,23.1000,1984.0000,1984.0000,1984.0000,1984.0000,1984.0000,1984.0000,1984.0000,1984.0000,1984.0000,1984.0000,1984.0000,1984.0000,1984.0000,1984.0000
2024-11-08 11:50:48, , , ,23.1000,1984.0000,1984.0000,1984.0000,1984.0000,1984.0000,1984.0000,1984.0000,1984.0000,1984.0000,1984.0000,1984.0000,1984.0000,1984.0000,1984.0000
2024-11-08 11:50:48, , , ,23.1000,1984.0000,1984.0000,1984.0000,1984.0000,1984.0000,1984.0000,1984.0000,1984.0000,1984.0000,1984.0000,1984.0000,1984.0000,1984.0000,1984.0000
2024-11-08 11:50:48, , , ,23.0000,1984.0000,1984.0000,1984.0000,1984.0000,1984.0000,1984.0000,1984.0000,1984.0000,1984.0000,1984.0000,1984.0000,1984.0000,1984.0000,1984.0000
2024-11-08 11:50:48, , , ,23.0000,1984.0000,1984.0000,1984.0000,1984.0000,1984.0000,1984.0000,1984.0000,1984.0000,1984.0000,1984.0000,1984.0000,1984.0000,1984.0000,1984.0000
2024-11-08 11:50:49, , , ,23.0000,1984.0000,1984.0000,1984.0000,1984.0000,1984.0000,1984.0000,1984.0000,1984.0000,1984.0000,1984.0000,1984.0000,1984.0000,1984.0000,1984.0000
2024-11-08 11:50:49, , , ,22.9000,1984.0000,1984.0000,1984.0000,1984.0000,1984.0000,1984.0000,1984.0000,1984.0000,1984.0000,1984.0000,1984.0000,1984.0000,1984.0000,1984.0000
2024-11-08 11:50:49, , , ,22.8000,1984.0000,1984.0000,1984.0000,1984.0000,1984.0000,1984.0000,1984.0000,1984.0000,1984.0000,1984.0000,1984.0000,1984.0000,1984.0000,1984.0000
2024-11-08 11:50:49, , , ,22.7000,1984.0000,1984.0000,1984.0000,1984.0000,1984.0000,1984.0000,1984.0000,1984.0000,1984.0000,1984.0000,1984.0000,1984.0000,1984.0000,1984.0000
2024-11-08 11:50:49, , , ,22.7000,1984.0000,1984.0000,1984.0000,1984.0000,1984.0000,1984.0000,1984.0000,1984.0000,1984.0000,1984.0000,1984.0000,1984.0000,1984.0000,1984.0000
2024-11-08 11:50:49, , , ,22.7000,1984.0000,1984.0000,1984.0000,1984.0000,1984.0000,1984.0000,1984.0000,1984.0000,1984.0000,1984.0000,1984.0000,1984.0000,1984.0000,1984.0000
2024-11-08 11:50:50, , , ,22.7000,1984.0000,1984.0000,1984.0000,1984.0000,1984.0000,1984.0000,1984.0000,1984.0000,1984.0000,1984.0000,1984.0000,1984.0000,1984.0000,1984.0000
2024-11-08 11:50:50, , , ,22.7000,1984.0000,1984.0000,1984.0000,1984.0000,1984.0000,1984.0000,1984.0000,1984.0000,1984.0000,1984.0000,1984.0000,1984.0000,1984.0000,1984.0000
2024-11-08 11:50:50, , , ,22.7000,1984.0000,1984.0000,1984.0000,1984.0000,1984.0000,1984.0000,1984.0000,1984.0000,1984.0000,1984.0000,1984.0000,1984.0000,1984.0000,1984.0000
2024-11-08 11:50:50, , , ,22.7000,1984.0000,1984.0000,1984.0000,1984.0000,1984.0000,1984.0000,1984.0000,1984.0000,1984.0000,1984.0000,1984.0000,1984.0000,1984.0000,1984.0000
2024-11-08 11:50:50, , , ,22.7000,1984.0000,1984.0000,1984.0000,1984.0000,1984.0000,1984.0000,1984.0000,1984.0000,1984.0000,1984.0000,1984.0000,1984.0000,1984.0000,1984.0000
2024-11-08 11:50:50, , , ,22.7000,1984.0000,1984.0000,1984.0000,1984.0000,1984.0000,1984.0000,1984.0000,1984.0000,1984.0000,1984.0000,1984.0000,1984.0000,1984.0000,1984.0000
2024-11-08 11:50:51, , , ,22.7000,1984.0000,1984.0000,1984.0000,1984.0000,1984.0000,1984.0000,1984.0000,1984.0000,1984.0000,1984.0000,1984.0000,1984.0000,1984.0000,1984.0000
2024-11-08 11:50:51, , , ,22.7000,1984.0000,1984.0000,1984.0000,1984.0000,1984.0000,1984.0000,1984.0000,1984.0000,1984.0000,1984.0000,1984.0000,1984.0000,1984.0000,1984.0000
2024-11-08 11:50:51, , , ,22.7000,1984.0000,1984.0000,1984.0000,1984.0000,1984.0000,1984.0000,1984.0000,1984.0000,1984.0000,1984.0000,1984.0000,1984.0000,1984.0000,1984.0000
2024-11-08 11:50:51, , , ,22.7000,1984.0000,1984.0000,1984.0000,1984.0000,1984.0000,1984.0000,1984.0000,1984.0000,1984.0000,1984.0000,1984.0000,1984.0000,1984.0000,1984.0000
2024-11-08 11:50:51, , , ,22.7000,1984.0000,1984.0000,1984.0000,1984.0000,1984.0000,1984.0000,1984.0000,1984.0000,1984.0000,1984.0000,1984.0000,1984.0000,1984.0000,1984.0000
2024-11-08 11:50:51, , , ,22.7000,1984.0000,1984.0000,1984.0000,1984.0000,1984.0000,1984.0000,1984.0000,1984.0000,1984.0000,1984.0000,1984.0000,1984.0000,1984.0000,1984.0000
2024-11-08 11:50:52, , , ,22.7000,1984.0000,1984.0000,1984.0000,1984.0000,1984.0000,1984.0000,1984.0000,1984.0000,1984.0000,1984.0000,1984.0000,1984.0000,1984.0000,1984.0000
2024-11-08 11:50:52, , , ,22.7000,1984.0000,1984.0000,1984.0000,1984.0000,1984.0000,1984.0000,1984.0000,1984.0000,1984.0000,1984.0000,1984.0000,1984.0000,1984.0000,1984.0000
2024-11-08 11:50:52, , , ,22.7000,1984.0000,1984.0000,1984.0000,1984.0000,1984.0000,1984.0000,1984.0000,1984.0000,1984.0000,1984.0000,1984.0000,1984.0000,1984.0000,1984.0000
2024-11-08 11:50:52, , , ,22.7000,1984.0000,1984.0000,1984.0000,1984.0000,1984.0000,1984.0000,1984.0000,1984.0000,1984.0000,1984.0000,1984.0000,1984.0000,1984.0000,1984.0000
2024-11-08 11:50:52, , , ,22.7000,1984.0000,1984.0000,1984.0000,1984.0000,1984.0000,1984.0000,1984.0000,1984.0000,1984.0000,1984.0000,1984.0000,1984.0000,1984.0000,1984.0000
2024-11-08 11:50:52, , , ,22.7000,1984.0000,1984.0000,1984.0000,1984.0000,1984.0000,1984.0000,1984.0000,1984.0000,1984.0000,1984.0000,1984.0000,1984.0000,1984.0000,1984.0000
2024-11-08 11:50:53, , , ,22.7000,1984.0000,1984.0000,1984.0000,1984.0000,1984.0000,1984.0000,1984.0000,1984.0000,1984.0000,1984.0000,1984.0000,1984.0000,1984.0000,1984.0000
2024-11-08 11:50:53, , , ,22.7000,1984.0000,1984.0000,1984.0000,1984.0000,1984.0000,1984.0000,1984.0000,1984.0000,1984.0000,1984.0000,1984.0000,1984.0000,1984.0000,1984.0000
2024-11-08 11:50:53, , , ,22.7000,1984.0000,1984.0000,1984.0000,1984.0000,1984.0000,1984.0000,1984.0000,1984.0000,1984.0000,1984.0000,1984.0000,1984.0000,1984.0000,1984.0000
2024-11-08 11:50:53, , , ,22.7000,1984.0000,1984.0000,1984.0000,1984.0000,1984.0000,1984.0000,1984.0000,1984.0000,1984.0000,1984.0000,1984.0000,1984.0000,1984.0000,1984.0000
2024-11-08 11:50:53, , , ,22.7000,1984.0000,1984.0000,1984.0000,1984.0000,1984.0000,1984.0000,1984.0000,1984.0000,1984.0000,1984.0000,1984.0000,1984.0000,1984.0000,1984.0000
2024-11-08 11:50:53, , , ,22.7000,1984.0000,1984.0000,1984.0000,1984.0000,1984.0000,1984.0000,1984.0000,1984.0000,1984.0000,1984.0000,1984.0000,1984.0000,1984.0000,1984.0000
2024-11-08 11:50:54, , , ,22.7000,1984.0000,1984.0000,1984.0000,1984.0000,1984.0000,1984.0000,1984.0000,1984.0000,1984.0000,1984.0000,1984.0000,1984.0000,1984.0000,1984.0000
2024-11-08 11:50:54, , , ,22.7000,1984.0000,1984.0000,1984.0000,1984.0000,1984.0000,1984.0000,1984.0000,1984.0000,1984.0000,1984.0000,1984.0000,1984.0000,1984.0000,1984.0000
2024-11-08 11:50:54, , , ,22.7000,1984.0000,1984.0000,1984.0000,1984.0000,1984.0000,1984.0000,1984.0000,1984.0000,1984.0000,1984.0000,1984.0000,1984.0000,1984.0000,1984.0000
2024-11-08 11:50:54, , , ,22.7000,1984.0000,1984.0000,1984.0000,1984.0000,1984.0000,1984.0000,1984.0000,1984.0000,1984.0000,1984.0000,1984.0000,1984.0000,1984.0000,1984.0000
2024-11-08 11:50:54, , , ,22.7000,1984.0000,1984.0000,1984.0000,1984.0000,1984.0000,1984.0000,1984.0000,1984.0000,1984.0000,1984.0000,1984.0000,1984.0000,1984.0000,1984.0000
2024-11-08 11:50:54, , , ,22.7000,1984.0000,1984.0000,1984.0000,1984.0000,1984.0000,1984.0000,1984.0000,1984.0000,1984.0000,1984.0000,1984.0000,1984.0000,1984.0000,1984.0000
2024-11-08 11:50:54, , , ,22.7000,1984.0000,1984.0000,1984.0000,1984.0000,1984.0000,1984.0000,1984.0000,1984.0000,1984.0000,1984.0000,1984.0000,1984.0000,1984.0000,1984.0000
2024-11-08 11:50:55, , , ,22.7000,1984.0000,1984.0000,1984.0000,1984.0000,1984.0000,1984.0000,1984.0000,1984.0000,1984.0000,1984.0000,1984.0000,1984.0000,1984.0000,1984.0000
2024-11-08 11:50:55, , , ,22.7000,1984.0000,1984.0000,1984.0000,1984.0000,1984.0000,1984.0000,1984.0000,1984.0000,1984.0000,1984.0000,1984.0000,1984.0000,1984.0000,1984.0000
2024-11-08 11:50:55, , , ,22.7000,1984.0000,1984.0000,1984.0000,1984.0000,1984.0000,1984.0000,1984.0000,1984.0000,1984.0000,1984.0000,1984.0000,1984.0000,1984.0000,1984.0000
2024-11-08 11:50:55, , , ,22.7000,1984.0000,1984.0000,1984.0000,1984.0000,1984.0000,1984.0000,1984.0000,1984.0000,1984.0000,1984.0000,1984.0000,1984.0000,1984.0000,1984.0000
2024-11-08 11:50:55, , , ,22.7000,1984.0000,1984.0000,1984.0000,1984.0000,1984.0000,1984.0000,1984.0000,1984.0000,1984.0000,1984.0000,1984.0000,1984.0000,1984.0000,1984.0000
2024-11-08 11:50:55, , , ,22.7000,1984.0000,1984.0000,1984.0000,1984.0000,1984.0000,1984.0000,1984.0000,1984.0000,1984.0000,1984.0000,1984.0000,1984.0000,1984.0000,1984.0000
2024-11-08 11:50:56, , , ,22.7000,1984.0000,1984.0000,1984.0000,1984.0000,1984.0000,1984.0000,1984.0000,1984.0000,1984.0000,1984.0000,1984.0000,1984.0000,1984.0000,1984.0000
2024-11-08 11:50:56, , , ,22.7000,1984.0000,1984.0000,1984.0000,1984.0000,1984.0000,1984.0000,1984.0000,1984.0000,1984.0000,1984.0000,1984.0000,1984.0000,1984.0000,1984.0000
2024-11-08 11:50:56, , , ,22.7000,1984.0000,1984.0000,1984.0000,1984.0000,1984.0000,1984.0000,1984.0000,1984.0000,1984.0000,1984.0000,1984.0000,1984.0000,1984.0000,1984.0000
2024-11-08 11:50:56, , , ,22.7000,1984.0000,1984.0000,1984.0000,1984.0000,1984.0000,1984.0000,1984.0000,1984.0000,1984.0000,1984.0000,1984.0000,1984.0000,1984.0000,1984.0000
2024-11-08 11:50:56, , , ,22.7000,1984.0000,1984.0000,1984.0000,1984.0000,1984.0000,1984.0000,1984.0000,1984.0000,1984.0000,1984.0000,1984.0000,1984.0000,1984.0000,1984.0000
2024-11-08 11:50:56, , , ,22.7000,1984.0000,1984.0000,1984.0000,1984.0000,1984.0000,1984.0000,1984.0000,1984.0000,1984.0000,1984.0000,1984.0000,1984.0000,1984.0000,1984.0000
2024-11-08 11:50:57, , , ,22.7000,1984.0000,1984.0000,1984.0000,1984.0000,1984.0000,1984.0000,1984.0000,1984.0000,1984.0000,1984.0000,1984.0000,1984.0000,1984.0000,1984.0000
2024-11-08 11:50:57, , , ,22.7000,1984.0000,1984.0000,1984.0000,1984.0000,1984.0000,1984.0000,1984.0000,1984.0000,1984.0000,1984.0000,1984.0000,1984.0000,1984.0000,1984.0000
2024-11-08 11:50:57, , , ,22.7000,1984.0000,1984.0000,1984.0000,1984.0000,1984.0000,1984.0000,1984.0000,1984.0000,1984.0000,1984.0000,1984.0000,1984.0000,1984.0000,1984.0000
2024-11-08 11:50:57, , , ,22.7000,1984.0000,1984.0000,1984.0000,1984.0000,1984.0000,1984.0000,1984.0000,1984.0000,1984.0000,1984.0000,1984.0000,1984.0000,1984.0000,1984.0000
2024-11-08 11:50:57, , , ,22.7000,1984.0000,1984.0000,1984.0000,1984.0000,1984.0000,1984.0000,1984.0000,1984.0000,1984.0000,1984.0000,1984.0000,1984.0000,1984.0000,1984.0000
2024-11-08 11:50:57, , , ,22.7000,1984.0000,1984.0000,1984.0000,1984.0000,1984.0000,1984.0000,1984.0000,1984.0000,1984.0000,1984.0000,1984.0000,1984.0000,1984.0000,1984.0000
2024-11-08 11:50:58, , , ,22.7000,1984.0000,1984.0000,1984.0000,1984.0000,1984.0000,1984.0000,1984.0000,1984.0000,1984.0000,1984.0000,1984.0000,1984.0000,1984.0000,1984.0000
2024-11-08 11:50:58, , , ,22.7000,1984.0000,1984.0000,1984.0000,1984.0000,1984.0000,1984.0000,1984.0000,1984.0000,1984.0000,1984.0000,1984.0000,1984.0000,1984.0000,1984.0000
2024-11-08 11:50:58, , , ,22.7000,1984.0000,1984.0000,1984.0000,1984.0000,1984.0000,1984.0000,1984.0000,1984.0000,1984.0000,1984.0000,1984.0000,1984.0000,1984.0000,1984.0000
2024-11-08 11:50:58, , , ,22.7000,1984.0000,1984.0000,1984.0000,1984.0000,1984.0000,1984.0000,1984.0000,1984.0000,1984.0000,1984.0000,1984.0000,1984.0000,1984.0000,1984.0000
2024-11-08 11:50:58, , , ,22.7000,1984.0000,1984.0000,1984.0000,1984.0000,1984.0000,1984.0000,1984.0000,1984.0000,1984.0000,1984.0000,1984.0000,1984.0000,1984.0000,1984.0000
2024-11-08 11:50:58, , , ,22.7000,1984.0000,1984.0000,1984.0000,1984.0000,1984.0000,1984.0000,1984.0000,1984.0000,1984.0000,1984.0000,1984.0000,1984.0000,1984.0000,1984.0000
2024-11-08 11:50:59, , , ,22.7000,1984.0000,1984.0000,1984.0000,1984.0000,1984.0000,1984.0000,1984.0000,1984.0000,1984.0000,1984.0000,1984.0000,1984.0000,1984.0000,1984.0000
2024-11-08 11:50:59, , , ,22.7000,1984.0000,1984.0000,1984.0000,1984.0000,1984.0000,1984.0000,1984.0000,1984.0000,1984.0000,1984.0000,1984.0000,1984.0000,1984.0000,1984.0000
2024-11-08 11:50:59, , , ,22.7000,1984.0000,1984.0000,1984.0000,1984.0000,1984.0000,1984.0000,1984.0000,1984.0000,1984.0000,1984.0000,1984.0000,1984.0000,1984.0000,1984.0000
2024-11-08 11:50:59, , , ,22.7000,1984.0000,1984.0000,1984.0000,1984.0000,1984.0000,1984.0000,1984.0000,1984.0000,1984.0000,1984.0000,1984.0000,1984.0000,1984.0000,1984.0000
2024-11-08 11:50:59, , , ,22.7000,1984.0000,1984.0000,1984.0000,1984.0000,1984.0000,1984.0000,1984.0000,1984.0000,1984.0000,1984.0000,1984.0000,1984.0000,1984.0000,1984.0000
2024-11-08 11:50:59, , , ,22.7000,1984.0000,1984.0000,1984.0000,1984.0000,1984.0000,1984.0000,1984.0000,1984.0000,1984.0000,1984.0000,1984.0000,1984.0000,1984.0000,1984.0000
2024-11-08 11:51:00, , , ,22.7000,1984.0000,1984.0000,1984.0000,1984.0000,1984.0000,1984.0000,1984.0000,1984.0000,1984.0000,1984.0000,1984.0000,1984.0000,1984.0000,1984.0000
2024-11-08 11:51:00, , , ,22.7000,1984.0000,1984.0000,1984.0000,1984.0000,1984.0000,1984.0000,1984.0000,1984.0000,1984.0000,1984.0000,1984.0000,1984.0000,1984.0000,1984.0000
2024-11-08 11:51:00, , , ,22.7000,1984.0000,1984.0000,1984.0000,1984.0000,1984.0000,1984.0000,1984.0000,1984.0000,1984.0000,1984.0000,1984.0000,1984.0000,1984.0000,1984.0000
2024-11-08 11:51:00, , , ,22.7000,1984.0000,1984.0000,1984.0000,1984.0000,1984.0000,1984.0000,1984.0000,1984.0000,1984.0000,1984.0000,1984.0000,1984.0000,1984.0000,1984.0000
2024-11-08 11:51:00, , , ,22.7000,1984.0000,1984.0000,1984.0000,1984.0000,1984.0000,1984.0000,1984.0000,1984.0000,1984.0000,1984.0000,1984.0000,1984.0000,1984.0000,1984.0000
2024-11-08 11:51:00, , , ,22.7000,1984.0000,1984.0000,1984.0000,1984.0000,1984.0000,1984.0000,1984.0000,1984.0000,1984.0000,1984.0000,1984.0000,1984.0000,1984.0000,1984.0000
2024-11-08 11:51:01, , , ,22.7000,1984.0000,1984.0000,1984.0000,1984.0000,1984.0000,1984.0000,1984.0000,1984.0000,1984.0000,1984.0000,1984.0000,1984.0000,1984.0000,1984.0000
2024-11-08 11:51:01, , , ,22.7000,1984.0000,1984.0000,1984.0000,1984.0000,1984.0000,1984.0000,1984.0000,1984.0000,1984.0000,1984.0000,1984.0000,1984.0000,1984.0000,1984.0000
2024-11-08 11:51:01, , , ,22.7000,1984.0000,1984.0000,1984.0000,1984.0000,1984.0000,1984.0000,1984.0000,1984.0000,1984.0000,1984.0000,1984.0000,1984.0000,1984.0000,1984.0000
2024-11-08 11:51:01, , , ,22.7000,1984.0000,1984.0000,1984.0000,1984.0000,1984.0000,1984.0000,1984.0000,1984.0000,1984.0000,1984.0000,1984.0000,1984.0000,1984.0000,1984.0000
2024-11-08 11:51:01, , , ,22.7000,1984.0000,1984.0000,1984.0000,1984.0000,1984.0000,1984.0000,1984.0000,1984.0000,1984.0000,1984.0000,1984.0000,1984.0000,1984.0000,1984.0000
2024-11-08 11:51:01, , , ,22.7000,1984.0000,1984.0000,1984.0000,1984.0000,1984.0000,1984.0000,1984.0000,1984.0000,1984.0000,1984.0000,1984.0000,1984.0000,1984.0000,1984.0000
2024-11-08 11:51:02, , , ,22.7000,1984.0000,1984.0000,1984.0000,1984.0000,1984.0000,1984.0000,1984.0000,1984.0000,1984.0000,1984.0000,1984.0000,1984.0000,1984.0000,1984.0000
2024-11-08 11:51:02, , , ,22.7000,1984.0000,1984.0000,1984.0000,1984.0000,1984.0000,1984.0000,1984.0000,1984.0000,1984.0000,1984.0000,1984.0000,1984.0000,1984.0000,1984.0000
2024-11-08 11:51:02, , , ,22.7000,1984.0000,1984.0000,1984.0000,1984.0000,1984.0000,1984.0000,1984.0000,1984.0000,1984.0000,1984.0000,1984.0000,1984.0000,1984.0000,1984.0000
2024-11-08 11:51:02, , , ,22.7000,1984.0000,1984.0000,1984.0000,1984.0000,1984.0000,1984.0000,1984.0000,1984.0000,1984.0000,1984.0000,1984.0000,1984.0000,1984.0000,1984.0000
2024-11-08 11:51:02, , , ,22.7000,1984.0000,1984.0000,1984.0000,1984.0000,1984.0000,1984.0000,1984.0000,1984.0000,1984.0000,1984.0000,1984.0000,1984.0000,1984.0000,1984.0000
2024-11-08 11:51:02, , , ,22.7000,1984.0000,1984.0000,1984.0000,1984.0000,1984.0000,1984.0000,1984.0000,1984.0000,1984.0000,1984.0000,1984.0000,1984.0000,1984.0000,1984.0000
2024-11-08 11:51:03, , , ,22.7000,1984.0000,1984.0000,1984.0000,1984.0000,1984.0000,1984.0000,1984.0000,1984.0000,1984.0000,1984.0000,1984.0000,1984.0000,1984.0000,1984.0000
2024-11-08 11:51:03, , , ,22.7000,1984.0000,1984.0000,1984.0000,1984.0000,1984.0000,1984.0000,1984.0000,1984.0000,1984.0000,1984.0000,1984.0000,1984.0000,1984.0000,1984.0000
2024-11-08 11:51:03, , , ,22.7000,1984.0000,1984.0000,1984.0000,1984.0000,1984.0000,1984.0000,1984.0000,1984.0000,1984.0000,1984.0000,1984.0000,1984.0000,1984.0000,1984.0000
2024-11-08 11:51:03, , , ,22.7000,1984.0000,1984.0000,1984.0000,1984.0000,1984.0000,1984.0000,1984.0000,1984.0000,1984.0000,1984.0000,1984.0000,1984.0000,1984.0000,1984.0000
2024-11-08 11:51:03, , , ,22.7000,1984.0000,1984.0000,1984.0000,1984.0000,1984.0000,1984.0000,1984.0000,1984.0000,1984.0000,1984.0000,1984.0000,1984.0000,1984.0000,1984.0000
2024-11-08 11:51:03, , , ,22.7000,1984.0000,1984.0000,1984.0000,1984.0000,1984.0000,1984.0000,1984.0000,1984.0000,1984.0000,1984.0000,1984.0000,1984.0000,1984.0000,1984.0000
2024-11-08 11:51:04, , , ,22.7000,1984.0000,1984.0000,1984.0000,1984.0000,1984.0000,1984.0000,1984.0000,1984.0000,1984.0000,1984.0000,1984.0000,1984.0000,1984.0000,1984.0000
2024-11-08 11:51:04, , , ,22.7000,1984.0000,1984.0000,1984.0000,1984.0000,1984.0000,1984.0000,1984.0000,1984.0000,1984.0000,1984.0000,1984.0000,1984.0000,1984.0000,1984.0000
2024-11-08 11:51:04, , , ,22.7000,1984.0000,1984.0000,1984.0000,1984.0000,1984.0000,1984.0000,1984.0000,1984.0000,1984.0000,1984.0000,1984.0000,1984.0000,1984.0000,1984.0000
2024-11-08 11:51:04, , , ,22.7000,1984.0000,1984.0000,1984.0000,1984.0000,1984.0000,1984.0000,1984.0000,1984.0000,1984.0000,1984.0000,1984.0000,1984.0000,1984.0000,1984.0000
2024-11-08 11:51:04, , , ,22.7000,1984.0000,1984.0000,1984.0000,1984.0000,1984.0000,1984.0000,1984.0000,1984.0000,1984.0000,1984.0000,1984.0000,1984.0000,1984.0000,1984.0000
2024-11-08 11:51:04, , , ,22.7000,1984.0000,1984.0000,1984.0000,1984.0000,1984.0000,1984.0000,1984.0000,1984.0000,1984.0000,1984.0000,1984.0000,1984.0000,1984.0000,1984.0000
2024-11-08 11:51:04, , , ,22.7000,1984.0000,1984.0000,1984.0000,1984.0000,1984.0000,1984.0000,1984.0000,1984.0000,1984.0000,1984.0000,1984.0000,1984.0000,1984.0000,1984.0000
2024-11-08 11:51:05, , , ,22.7000,1984.0000,1984.0000,1984.0000,1984.0000,1984.0000,1984.0000,1984.0000,1984.0000,1984.0000,1984.0000,1984.0000,1984.0000,1984.0000,1984.0000
2024-11-08 11:51:05, , , ,22.7000,1984.0000,1984.0000,1984.0000,1984.0000,1984.0000,1984.0000,1984.0000,1984.0000,1984.0000,1984.0000,1984.0000,1984.0000,1984.0000,1984.0000
2024-11-08 11:51:05, , , ,22.7000,1984.0000,1984.0000,1984.0000,1984.0000,1984.0000,1984.0000,1984.0000,1984.0000,1984.0000,1984.0000,1984.0000,1984.0000,1984.0000,1984.0000
2024-11-08 11:51:05, , , ,22.7000,1984.0000,1984.0000,1984.0000,1984.0000,1984.0000,1984.0000,1984.0000,1984.0000,1984.0000,1984.0000,1984.0000,1984.0000,1984.0000,1984.0000
2024-11-08 11:51:05, , , ,22.7000,1984.0000,1984.0000,1984.0000,1984.0000,1984.0000,1984.0000,1984.0000,1984.0000,1984.0000,1984.0000,1984.0000,1984.0000,1984.0000,1984.0000
2024-11-08 11:51:05, , , ,22.7000,1984.0000,1984.0000,1984.0000,1984.0000,1984.0000,1984.0000,1984.0000,1984.0000,1984.0000,1984.0000,1984.0000,1984.0000,1984.0000,1984.0000
2024-11-08 11:51:06, , , ,22.7000,1984.0000,1984.0000,1984.0000,1984.0000,1984.0000,1984.0000,1984.0000,1984.0000,1984.0000,1984.0000,1984.0000,1984.0000,1984.0000,1984.0000
2024-11-08 11:51:06, , , ,22.7000,1984.0000,1984.0000,1984.0000,1984.0000,1984.0000,1984.0000,1984.0000,1984.0000,1984.0000,1984.0000,1984.0000,1984.0000,1984.0000,1984.0000
2024-11-08 11:51:06, , , ,22.7000,1984.0000,1984.0000,1984.0000,1984.0000,1984.0000,1984.0000,1984.0000,1984.0000,1984.0000,1984.0000,1984.0000,1984.0000,1984.0000,1984.0000
2024-11-08 11:51:06, , , ,22.7000,1984.0000,1984.0000,1984.0000,1984.0000,1984.0000,1984.0000,1984.0000,1984.0000,1984.0000,1984.0000,1984.0000,1984.0000,1984.0000,1984.0000
2024-11-08 11:51:06, , , ,22.7000,1984.0000,1984.0000,1984.0000,1984.0000,1984.0000,1984.0000,1984.0000,1984.0000,1984.0000,1984.0000,1984.0000,1984.0000,1984.0000,1984.0000
2024-11-08 11:51:06, , , ,22.7000,1984.0000,1984.0000,1984.0000,1984.0000,1984.0000,1984.0000,1984.0000,1984.0000,1984.0000,1984.0000,1984.0000,1984.0000,1984.0000,1984.0000
2024-11-08 11:51:07, , , ,22.7000,1984.0000,1984.0000,1984.0000,1984.0000,1984.0000,1984.0000,1984.0000,1984.0000,1984.0000,1984.0000,1984.0000,1984.0000,1984.0000,1984.0000
2024-11-08 11:51:07, , , ,22.7000,1984.0000,1984.0000,1984.0000,1984.0000,1984.0000,1984.0000,1984.0000,1984.0000,1984.0000,1984.0000,1984.0000,1984.0000,1984.0000,1984.0000
2024-11-08 11:51:07, , , ,22.7000,1984.0000,1984.0000,1984.0000,1984.0000,1984.0000,1984.0000,1984.0000,1984.0000,1984.0000,1984.0000,1984.0000,1984.0000,1984.0000,1984.0000
2024-11-08 11:51:07, , , ,22.7000,1984.0000,1984.0000,1984.0000,1984.0000,1984.0000,1984.0000,1984.0000,1984.0000,1984.0000,1984.0000,1984.0000,1984.0000,1984.0000,1984.0000
2024-11-08 11:51:07, , , ,22.7000,1984.0000,1984.0000,1984.0000,1984.0000,1984.0000,1984.0000,1984.0000,1984.0000,1984.0000,1984.0000,1984.0000,1984.0000,1984.0000,1984.0000
2024-11-08 11:51:07, , , ,22.7000,1984.0000,1984.0000,1984.0000,1984.0000,1984.0000,1984.0000,1984.0000,1984.0000,1984.0000,1984.0000,1984.0000,1984.0000,1984.0000,1984.0000
2024-11-08 11:51:07, , , ,22.7000,1984.0000,1984.0000,1984.0000,1984.0000,1984.0000,1984.0000,1984.0000,1984.0000,1984.0000,1984.0000,1984.0000,1984.0000,1984.0000,1984.0000
2024-11-08 11:51:08, , , ,22.7000,1984.0000,1984.0000,1984.0000,1984.0000,1984.0000,1984.0000,1984.0000,1984.0000,1984.0000,1984.0000,1984.0000,1984.0000,1984.0000,1984.0000
2024-11-08 11:51:08, , , ,22.7000,1984.0000,1984.0000,1984.0000,1984.0000,1984.0000,1984.0000,1984.0000,1984.0000,1984.0000,1984.0000,1984.0000,1984.0000,1984.0000,1984.0000
2024-11-08 11:51:08, , , ,22.7000,1984.0000,1984.0000,1984.0000,1984.0000,1984.0000,1984.0000,1984.0000,1984.0000,1984.0000,1984.0000,1984.0000,1984.0000,1984.0000,1984.0000
2024-11-08 11:51:08, , , ,22.7000,1984.0000,1984.0000,1984.0000,1984.0000,1984.0000,1984.0000,1984.0000,1984.0000,1984.0000,1984.0000,1984.0000,1984.0000,1984.0000,1984.0000
2024-11-08 11:51:08, , , ,22.7000,1984.0000,1984.0000,1984.0000,1984.0000,1984.0000,1984.0000,1984.0000,1984.0000,1984.0000,1984.0000,1984.0000,1984.0000,1984.0000,1984.0000
2024-11-08 11:51:08, , , ,22.7000,1984.0000,1984.0000,1984.0000,1984.0000,1984.0000,1984.0000,1984.0000,1984.0000,1984.0000,1984.0000,1984.0000,1984.0000,1984.0000,1984.0000
2024-11-08 11:51:09, , , ,22.7000,1984.0000,1984.0000,1984.0000,1984.0000,1984.0000,1984.0000,1984.0000,1984.0000,1984.0000,1984.0000,1984.0000,1984.0000,1984.0000,1984.0000
2024-11-08 11:51:09, , , ,22.7000,1984.0000,1984.0000,1984.0000,1984.0000,1984.0000,1984.0000,1984.0000,1984.0000,1984.0000,1984.0000,1984.0000,1984.0000,1984.0000,1984.0000
2024-11-08 11:51:09, , , ,22.7000,1984.0000,1984.0000,1984.0000,1984.0000,1984.0000,1984.0000,1984.0000,1984.0000,1984.0000,1984.0000,1984.0000,1984.0000,1984.0000,1984.0000
2024-11-08 11:51:09, , , ,22.7000,1984.0000,1984.0000,1984.0000,1984.0000,1984.0000,1984.0000,1984.0000,1984.0000,1984.0000,1984.0000,1984.0000,1984.0000,1984.0000,1984.0000
2024-11-08 11:51:09, , , ,22.7000,1984.0000,1984.0000,1984.0000,1984.0000,1984.0000,1984.0000,1984.0000,1984.0000,1984.0000,1984.0000,1984.0000,1984.0000,1984.0000,1984.0000
2024-11-08 11:51:09, , , ,22.7000,1984.0000,1984.0000,1984.0000,1984.0000,1984.0000,1984.0000,1984.0000,1984.0000,1984.0000,1984.0000,1984.0000,1984.0000,1984.0000,1984.0000
2024-11-08 11:51:10, , , ,22.7000,1984.0000,1984.0000,1984.0000,1984.0000,1984.0000,1984.0000,1984.0000,1984.0000,1984.0000,1984.0000,1984.0000,1984.0000,1984.0000,1984.0000
2024-11-08 11:51:10, , , ,22.7000,1984.0000,1984.0000,1984.0000,1984.0000,1984.0000,1984.0000,1984.0000,1984.0000,1984.0000,1984.0000,1984.0000,1984.0000,1984.0000,1984.0000
2024-11-08 11:51:10, , , ,22.7000,1984.0000,1984.0000,1984.0000,1984.0000,1984.0000,1984.0000,1984.0000,1984.0000,1984.0000,1984.0000,1984.0000,1984.0000,1984.0000,1984.0000
2024-11-08 11:51:10, , , ,22.7000,1984.0000,1984.0000,1984.0000,1984.0000,1984.0000,1984.0000,1984.0000,1984.0000,1984.0000,1984.0000,1984.0000,1984.0000,1984.0000,1984.0000
2024-11-08 11:51:10, , , ,22.7000,1984.0000,1984.0000,1984.0000,1984.0000,1984.0000,1984.0000,1984.0000,1984.0000,1984.0000,1984.0000,1984.0000,1984.0000,1984.0000,1984.0000
2024-11-08 11:51:10, , , ,22.7000,1984.0000,1984.0000,1984.0000,1984.0000,1984.0000,1984.0000,1984.0000,1984.0000,1984.0000,1984.0000,1984.0000,1984.0000,1984.0000,1984.0000
2024-11-08 11:51:11, , , ,22.7000,1984.0000,1984.0000,1984.0000,1984.0000,1984.0000,1984.0000,1984.0000,1984.0000,1984.0000,1984.0000,1984.0000,1984.0000,1984.0000,1984.0000
2024-11-08 11:51:11, , , ,22.7000,1984.0000,1984.0000,1984.0000,1984.0000,1984.0000,1984.0000,1984.0000,1984.0000,1984.0000,1984.0000,1984.0000,1984.0000,1984.0000,1984.0000
2024-11-08 11:51:11, , , ,22.7000,1984.0000,1984.0000,1984.0000,1984.0000,1984.0000,1984.0000,1984.0000,1984.0000,1984.0000,1984.0000,1984.0000,1984.0000,1984.0000,1984.0000
2024-11-08 11:51:11, , , ,22.7000,1984.0000,1984.0000,1984.0000,1984.0000,1984.0000,1984.0000,1984.0000,1984.0000,1984.0000,1984.0000,1984.0000,1984.0000,1984.0000,1984.0000
2024-11-08 11:51:11, , , ,22.7000,1984.0000,1984.0000,1984.0000,1984.0000,1984.0000,1984.0000,1984.0000,1984.0000,1984.0000,1984.0000,1984.0000,1984.0000,1984.0000,1984.0000
2024-11-08 11:51:11, , , ,22.7000,1984.0000,1984.0000,1984.0000,1984.0000,1984.0000,1984.0000,1984.0000,1984.0000,1984.0000,1984.0000,1984.0000,1984.0000,1984.0000,1984.0000
2024-11-08 11:51:12, , , ,22.7000,1984.0000,1984.0000,1984.0000,1984.0000,1984.0000,1984.0000,1984.0000,1984.0000,1984.0000,1984.0000,1984.0000,1984.0000,1984.0000,1984.0000
2024-11-08 11:51:12, , , ,22.7000,1984.0000,1984.0000,1984.0000,1984.0000,1984.0000,1984.0000,1984.0000,1984.0000,1984.0000,1984.0000,1984.0000,1984.0000,1984.0000,1984.0000
2024-11-08 11:51:12, , , ,22.7000,1984.0000,1984.0000,1984.0000,1984.0000,1984.0000,1984.0000,1984.0000,1984.0000,1984.0000,1984.0000,1984.0000,1984.0000,1984.0000,1984.0000
2024-11-08 11:51:12, , , ,22.7000,1984.0000,1984.0000,1984.0000,1984.0000,1984.0000,1984.0000,1984.0000,1984.0000,1984.0000,1984.0000,1984.0000,1984.0000,1984.0000,1984.0000
2024-11-08 11:51:12, , , ,22.7000,1984.0000,1984.0000,1984.0000,1984.0000,1984.0000,1984.0000,1984.0000,1984.0000,1984.0000,1984.0000,1984.0000,1984.0000,1984.0000,1984.0000
2024-11-08 11:51:12, , , ,22.7000,1984.0000,1984.0000,1984.0000,1984.0000,1984.0000,1984.0000,1984.0000,1984.0000,1984.0000,1984.0000,1984.0000,1984.0000,1984.0000,1984.0000
2024-11-08 11:51:13, , , ,22.7000,1984.0000,1984.0000,1984.0000,1984.0000,1984.0000,1984.0000,1984.0000,1984.0000,1984.0000,1984.0000,1984.0000,1984.0000,1984.0000,1984.0000
2024-11-08 11:51:13, , , ,22.7000,1984.0000,1984.0000,1984.0000,1984.0000,1984.0000,1984.0000,1984.0000,1984.0000,1984.0000,1984.0000,1984.0000,1984.0000,1984.0000,1984.0000
2024-11-08 11:51:13, , , ,22.7000,1984.0000,1984.0000,1984.0000,1984.0000,1984.0000,1984.0000,1984.0000,1984.0000,1984.0000,1984.0000,1984.0000,1984.0000,1984.0000,1984.0000
2024-11-08 11:51:13, , , ,22.7000,1984.0000,1984.0000,1984.0000,1984.0000,1984.0000,1984.0000,1984.0000,1984.0000,1984.0000,1984.0000,1984.0000,1984.0000,1984.0000,1984.0000
2024-11-08 11:51:13, , , ,22.7000,1984.0000,1984.0000,1984.0000,1984.0000,1984.0000,1984.0000,1984.0000,1984.0000,1984.0000,1984.0000,1984.0000,1984.0000,1984.0000,1984.0000
2024-11-08 11:51:13, , , ,22.7000,1984.0000,1984.0000,1984.0000,1984.0000,1984.0000,1984.0000,1984.0000,1984.0000,1984.0000,1984.0000,1984.0000,1984.0000,1984.0000,1984.0000
2024-11-08 11:51:14, , , ,22.7000,1984.0000,1984.0000,1984.0000,1984.0000,1984.0000,1984.0000,1984.0000,1984.0000,1984.0000,1984.0000,1984.0000,1984.0000,1984.0000,1984.0000
2024-11-08 11:51:14, , , ,22.7000,1984.0000,1984.0000,1984.0000,1984.0000,1984.0000,1984.0000,1984.0000,1984.0000,1984.0000,1984.0000,1984.0000,1984.0000,1984.0000,1984.0000
2024-11-08 11:51:14, , , ,22.7000,1984.0000,1984.0000,1984.0000,1984.0000,1984.0000,1984.0000,1984.0000,1984.0000,1984.0000,1984.0000,1984.0000,1984.0000,1984.0000,1984.0000
2024-11-08 11:51:14, , , ,22.7000,1984.0000,1984.0000,1984.0000,1984.0000,1984.0000,1984.0000,1984.0000,1984.0000,1984.0000,1984.0000,1984.0000,1984.0000,1984.0000,1984.0000
2024-11-08 11:51:14, , , ,22.7000,1984.0000,1984.0000,1984.0000,1984.0000,1984.0000,1984.0000,1984.0000,1984.0000,1984.0000,1984.0000,1984.0000,1984.0000,1984.0000,1984.0000
2024-11-08 11:51:14, , , ,22.7000,1984.0000,1984.0000,1984.0000,1984.0000,1984.0000,1984.0000,1984.0000,1984.0000,1984.0000,1984.0000,1984.0000,1984.0000,1984.0000,1984.0000
2024-11-08 11:51:15, , , ,22.7000,1984.0000,1984.0000,1984.0000,1984.0000,1984.0000,1984.0000,1984.0000,1984.0000,1984.0000,1984.0000,1984.0000,1984.0000,1984.0000,1984.0000
2024-11-08 11:51:15, , , ,22.7000,1984.0000,1984.0000,1984.0000,1984.0000,1984.0000,1984.0000,1984.0000,1984.0000,1984.0000,1984.0000,1984.0000,1984.0000,1984.0000,1984.0000
2024-11-08 11:51:15, , , ,22.7000,1984.0000,1984.0000,1984.0000,1984.0000,1984.0000,1984.0000,1984.0000,1984.0000,1984.0000,1984.0000,1984.0000,1984.0000,1984.0000,1984.0000
2024-11-08 11:51:15, , , ,22.7000,1984.0000,1984.0000,1984.0000,1984.0000,1984.0000,1984.0000,1984.0000,1984.0000,1984.0000,1984.0000,1984.0000,1984.0000,1984.0000,1984.0000
2024-11-08 11:51:15, , , ,22.7000,1984.0000,1984.0000,1984.0000,1984.0000,1984.0000,1984.0000,1984.0000,1984.0000,1984.0000,1984.0000,1984.0000,1984.0000,1984.0000,1984.0000
2024-11-08 11:51:15, , , ,22.7000,1984.0000,1984.0000,1984.0000,1984.0000,1984.0000,1984.0000,1984.0000,1984.0000,1984.0000,1984.0000,1984.0000,1984.0000,1984.0000,1984.0000
2024-11-08 11:51:16, , , ,22.7000,1984.0000,1984.0000,1984.0000,1984.0000,1984.0000,1984.0000,1984.0000,1984.0000,1984.0000,1984.0000,1984.0000,1984.0000,1984.0000,1984.0000
2024-11-08 11:51:16, , , ,22.7000,1984.0000,1984.0000,1984.0000,1984.0000,1984.0000,1984.0000,1984.0000,1984.0000,1984.0000,1984.0000,1984.0000,1984.0000,1984.0000,1984.0000
2024-11-08 11:51:16, , , ,22.7000,1984.0000,1984.0000,1984.0000,1984.0000,1984.0000,1984.0000,1984.0000,1984.0000,1984.0000,1984.0000,1984.0000,1984.0000,1984.0000,1984.0000
2024-11-08 11:51:16, , , ,22.7000,1984.0000,1984.0000,1984.0000,1984.0000,1984.0000,1984.0000,1984.0000,1984.0000,1984.0000,1984.0000,1984.0000,1984.0000,1984.0000,1984.0000
2024-11-08 11:51:16, , , ,22.7000,1984.0000,1984.0000,1984.0000,1984.0000,1984.0000,1984.0000,1984.0000,1984.0000,1984.0000,1984.0000,1984.0000,1984.0000,1984.0000,1984.0000
2024-11-08 11:51:16, , , ,22.7000,1984.0000,1984.0000,1984.0000,1984.0000,1984.0000,1984.0000,1984.0000,1984.0000,1984.0000,1984.0000,1984.0000,1984.0000,1984.0000,1984.0000
2024-11-08 11:51:17, , , ,22.7000,1984.0000,1984.0000,1984.0000,1984.0000,1984.0000,1984.0000,1984.0000,1984.0000,1984.0000,1984.0000,1984.0000,1984.0000,1984.0000,1984.0000
2024-11-08 11:51:17, , , ,22.7000,1984.0000,1984.0000,1984.0000,1984.0000,1984.0000,1984.0000,1984.0000,1984.0000,1984.0000,1984.0000,1984.0000,1984.0000,1984.0000,1984.0000
2024-11-08 11:51:17, , , ,22.7000,1984.0000,1984.0000,1984.0000,1984.0000,1984.0000,1984.0000,1984.0000,1984.0000,1984.0000,1984.0000,1984.0000,1984.0000,1984.0000,1984.0000
2024-11-08 11:51:17, , , ,22.7000,1984.0000,1984.0000,1984.0000,1984.0000,1984.0000,1984.0000,1984.0000,1984.0000,1984.0000,1984.0000,1984.0000,1984.0000,1984.0000,1984.0000
2024-11-08 11:51:17, , , ,22.7000,1984.0000,1984.0000,1984.0000,1984.0000,1984.0000,1984.0000,1984.0000,1984.0000,1984.0000,1984.0000,1984.0000,1984.0000,1984.0000,1984.0000
2024-11-08 11:51:17, , , ,22.7000,1984.0000,1984.0000,1984.0000,1984.0000,1984.0000,1984.0000,1984.0000,1984.0000,1984.0000,1984.0000,1984.0000,1984.0000,1984.0000,1984.0000
2024-11-08 11:51:18, , , ,22.7000,1984.0000,1984.0000,1984.0000,1984.0000,1984.0000,1984.0000,1984.0000,1984.0000,1984.0000,1984.0000,1984.0000,1984.0000,1984.0000,1984.0000
2024-11-08 11:51:18, , , ,22.7000,1984.0000,1984.0000,1984.0000,1984.0000,1984.0000,1984.0000,1984.0000,1984.0000,1984.0000,1984.0000,1984.0000,1984.0000,1984.0000,1984.0000
2024-11-08 11:51:18, , , ,22.7000,1984.0000,1984.0000,1984.0000,1984.0000,1984.0000,1984.0000,1984.0000,1984.0000,1984.0000,1984.0000,1984.0000,1984.0000,1984.0000,1984.0000
2024-11-08 11:51:18, , , ,22.7000,1984.0000,1984.0000,1984.0000,1984.0000,1984.0000,1984.0000,1984.0000,1984.0000,1984.0000,1984.0000,1984.0000,1984.0000,1984.0000,1984.0000
2024-11-08 11:51:18, , , ,22.7000,1984.0000,1984.0000,1984.0000,1984.0000,1984.0000,1984.0000,1984.0000,1984.0000,1984.0000,1984.0000,1984.0000,1984.0000,1984.0000,1984.0000
2024-11-08 11:51:18, , , ,22.7000,1984.0000,1984.0000,1984.0000,1984.0000,1984.0000,1984.0000,1984.0000,1984.0000,1984.0000,1984.0000,1984.0000,1984.0000,1984.0000,1984.0000
2024-11-08 11:51:19, , , ,22.7000,1984.0000,1984.0000,1984.0000,1984.0000,1984.0000,1984.0000,1984.0000,1984.0000,1984.0000,1984.0000,1984.0000,1984.0000,1984.0000,1984.0000
2024-11-08 11:51:19, , , ,22.7000,1984.0000,1984.0000,1984.0000,1984.0000,1984.0000,1984.0000,1984.0000,1984.0000,1984.0000,1984.0000,1984.0000,1984.0000,1984.0000,1984.0000
2024-11-08 11:51:19, , , ,22.7000,1984.0000,1984.0000,1984.0000,1984.0000,1984.0000,1984.0000,1984.0000,1984.0000,1984.0000,1984.0000,1984.0000,1984.0000,1984.0000,1984.0000
2024-11-08 11:51:19, , , ,22.7000,1984.0000,1984.0000,1984.0000,1984.0000,1984.0000,1984.0000,1984.0000,1984.0000,1984.0000,1984.0000,1984.0000,1984.0000,1984.0000,1984.0000
2024-11-08 11:51:19, , , ,22.7000,1984.0000,1984.0000,1984.0000,1984.0000,1984.0000,1984.0000,1984.0000,1984.0000,1984.0000,1984.0000,1984.0000,1984.0000,1984.0000,1984.0000
2024-11-08 11:51:19, , , ,22.7000,1984.0000,1984.0000,1984.0000,1984.0000,1984.0000,1984.0000,1984.0000,1984.0000,1984.0000,1984.0000,1984.0000,1984.0000,1984.0000,1984.0000
2024-11-08 11:51:20, , , ,22.7000,1984.0000,1984.0000,1984.0000,1984.0000,1984.0000,1984.0000,1984.0000,1984.0000,1984.0000,1984.0000,1984.0000,1984.0000,1984.0000,1984.0000
2024-11-08 11:51:20, , , ,22.7000,1984.0000,1984.0000,1984.0000,1984.0000,1984.0000,1984.0000,1984.0000,1984.0000,1984.0000,1984.0000,1984.0000,1984.0000,1984.0000,1984.0000
2024-11-08 11:51:20, , , ,22.7000,1984.0000,1984.0000,1984.0000,1984.0000,1984.0000,1984.0000,1984.0000,1984.0000,1984.0000,1984.0000,1984.0000,1984.0000,1984.0000,1984.0000
2024-11-08 11:51:20, , , ,22.7000,1984.0000,1984.0000,1984.0000,1984.0000,1984.0000,1984.0000,1984.0000,1984.0000,1984.0000,1984.0000,1984.0000,1984.0000,1984.0000,1984.0000
2024-11-08 11:51:20, , , ,22.7000,1984.0000,1984.0000,1984.0000,1984.0000,1984.0000,1984.0000,1984.0000,1984.0000,1984.0000,1984.0000,1984.0000,1984.0000,1984.0000,1984.0000
2024-11-08 11:51:20, , , ,22.7000,1984.0000,1984.0000,1984.0000,1984.0000,1984.0000,1984.0000,1984.0000,1984.0000,1984.0000,1984.0000,1984.0000,1984.0000,1984.0000,1984.0000
2024-11-08 11:51:21, , , ,22.7000,1984.0000,1984.0000,1984.0000,1984.0000,1984.0000,1984.0000,1984.0000,1984.0000,1984.0000,1984.0000,1984.0000,1984.0000,1984.0000,1984.0000
2024-11-08 11:51:21, , , ,22.7000,1984.0000,1984.0000,1984.0000,1984.0000,1984.0000,1984.0000,1984.0000,1984.0000,1984.0000,1984.0000,1984.0000,1984.0000,1984.0000,1984.0000
2024-11-08 11:51:21, , , ,22.7000,1984.0000,1984.0000,1984.0000,1984.0000,1984.0000,1984.0000,1984.0000,1984.0000,1984.0000,1984.0000,1984.0000,1984.0000,1984.0000,1984.0000
2024-11-08 11:51:21, , , ,22.7000,1984.0000,1984.0000,1984.0000,1984.0000,1984.0000,1984.0000,1984.0000,1984.0000,1984.0000,1984.0000,1984.0000,1984.0000,1984.0000,1984.0000
2024-11-08 11:51:21, , , ,22.7000,1984.0000,1984.0000,1984.0000,1984.0000,1984.0000,1984.0000,1984.0000,1984.0000,1984.0000,1984.0000,1984.0000,1984.0000,1984.0000,1984.0000
2024-11-08 11:51:21, , , ,22.7000,1984.0000,1984.0000,1984.0000,1984.0000,1984.0000,1984.0000,1984.0000,1984.0000,1984.0000,1984.0000,1984.0000,1984.0000,1984.0000,1984.0000
2024-11-08 11:51:22, , , ,22.7000,1984.0000,1984.0000,1984.0000,1984.0000,1984.0000,1984.0000,1984.0000,1984.0000,1984.0000,1984.0000,1984.0000,1984.0000,1984.0000,1984.0000
2024-11-08 11:51:22, , , ,22.7000,1984.0000,1984.0000,1984.0000,1984.0000,1984.0000,1984.0000,1984.0000,1984.0000,1984.0000,1984.0000,1984.0000,1984.0000,1984.0000,1984.0000
2024-11-08 11:51:22, , , ,22.7000,1984.0000,1984.0000,1984.0000,1984.0000,1984.0000,1984.0000,1984.0000,1984.0000,1984.0000,1984.0000,1984.0000,1984.0000,1984.0000,1984.0000
2024-11-08 11:51:22, , , ,22.7000,1984.0000,1984.0000,1984.0000,1984.0000,1984.0000,1984.0000,1984.0000,1984.0000,1984.0000,1984.0000,1984.0000,1984.0000,1984.0000,1984.0000
2024-11-08 11:51:22, , , ,22.7000,1984.0000,1984.0000,1984.0000,1984.0000,1984.0000,1984.0000,1984.0000,1984.0000,1984.0000,1984.0000,1984.0000,1984.0000,1984.0000,1984.0000
2024-11-08 11:51:22, , , ,22.7000,1984.0000,1984.0000,1984.0000,1984.0000,1984.0000,1984.0000,1984.0000,1984.0000,1984.0000,1984.0000,1984.0000,1984.0000,1984.0000,1984.0000
2024-11-08 11:51:23, , , ,22.7000,1984.0000,1984.0000,1984.0000,1984.0000,1984.0000,1984.0000,1984.0000,1984.0000,1984.0000,1984.0000,1984.0000,1984.0000,1984.0000,1984.0000
2024-11-08 11:51:23, , , ,22.7000,1984.0000,1984.0000,1984.0000,1984.0000,1984.0000,1984.0000,1984.0000,1984.0000,1984.0000,1984.0000,1984.0000,1984.0000,1984.0000,1984.0000
2024-11-08 11:51:23, , , ,22.7000,1984.0000,1984.0000,1984.0000,1984.0000,1984.0000,1984.0000,1984.0000,1984.0000,1984.0000,1984.0000,1984.0000,1984.0000,1984.0000,1984.0000
2024-11-08 11:51:23, , , ,22.7000,1984.0000,1984.0000,1984.0000,1984.0000,1984.0000,1984.0000,1984.0000,1984.0000,1984.0000,1984.0000,1984.0000,1984.0000,1984.0000,1984.0000
2024-11-08 11:51:23, , , ,22.7000,1984.0000,1984.0000,1984.0000,1984.0000,1984.0000,1984.0000,1984.0000,1984.0000,1984.0000,1984.0000,1984.0000,1984.0000,1984.0000,1984.0000
2024-11-08 11:51:23, , , ,22.7000,1984.0000,1984.0000,1984.0000,1984.0000,1984.0000,1984.0000,1984.0000,1984.0000,1984.0000,1984.0000,1984.0000,1984.0000,1984.0000,1984.0000
2024-11-08 11:51:24, , , ,22.7000,1984.0000,1984.0000,1984.0000,1984.0000,1984.0000,1984.0000,1984.0000,1984.0000,1984.0000,1984.0000,1984.0000,1984.0000,1984.0000,1984.0000
2024-11-08 11:51:24, , , ,22.7000,1984.0000,1984.0000,1984.0000,1984.0000,1984.0000,1984.0000,1984.0000,1984.0000,1984.0000,1984.0000,1984.0000,1984.0000,1984.0000,1984.0000
2024-11-08 11:51:24, , , ,22.7000,1984.0000,1984.0000,1984.0000,1984.0000,1984.0000,1984.0000,1984.0000,1984.0000,1984.0000,1984.0000,1984.0000,1984.0000,1984.0000,1984.0000
2024-11-08 11:51:24, , , ,22.7000,1984.0000,1984.0000,1984.0000,1984.0000,1984.0000,1984.0000,1984.0000,1984.0000,1984.0000,1984.0000,1984.0000,1984.0000,1984.0000,1984.0000
2024-11-08 11:51:24, , , ,22.7000,1984.0000,1984.0000,1984.0000,1984.0000,1984.0000,1984.0000,1984.0000,1984.0000,1984.0000,1984.0000,1984.0000,1984.0000,1984.0000,1984.0000
2024-11-08 11:51:24, , , ,22.7000,1984.0000,1984.0000,1984.0000,1984.0000,1984.0000,1984.0000,1984.0000,1984.0000,1984.0000,1984.0000,1984.0000,1984.0000,1984.0000,1984.0000
2024-11-08 11:51:25, , , ,22.7000,1984.0000,1984.0000,1984.0000,1984.0000,1984.0000,1984.0000,1984.0000,1984.0000,1984.0000,1984.0000,1984.0000,1984.0000,1984.0000,1984.0000
2024-11-08 11:51:25, , , ,22.7000,1984.0000,1984.0000,1984.0000,1984.0000,1984.0000,1984.0000,1984.0000,1984.0000,1984.0000,1984.0000,1984.0000,1984.0000,1984.0000,1984.0000
2024-11-08 11:51:25, , , ,22.7000,1984.0000,1984.0000,1984.0000,1984.0000,1984.0000,1984.0000,1984.0000,1984.0000,1984.0000,1984.0000,1984.0000,1984.0000,1984.0000,1984.0000
2024-11-08 11:51:25, , , ,22.7000,1984.0000,1984.0000,1984.0000,1984.0000,1984.0000,1984.0000,1984.0000,1984.0000,1984.0000,1984.0000,1984.0000,1984.0000,1984.0000,1984.0000
2024-11-08 11:51:25, , , ,22.7000,1984.0000,1984.0000,1984.0000,1984.0000,1984.0000,1984.0000,1984.0000,1984.0000,1984.0000,1984.0000,1984.0000,1984.0000,1984.0000,1984.0000
2024-11-08 11:51:25, , , ,22.7000,1984.0000,1984.0000,1984.0000,1984.0000,1984.0000,1984.0000,1984.0000,1984.0000,1984.0000,1984.0000,1984.0000,1984.0000,1984.0000,1984.0000
2024-11-08 11:51:26, , , ,22.7000,1984.0000,1984.0000,1984.0000,1984.0000,1984.0000,1984.0000,1984.0000,1984.0000,1984.0000,1984.0000,1984.0000,1984.0000,1984.0000,1984.0000
2024-11-08 11:51:26, , , ,22.7000,1984.0000,1984.0000,1984.0000,1984.0000,1984.0000,1984.0000,1984.0000,1984.0000,1984.0000,1984.0000,1984.0000,1984.0000,1984.0000,1984.0000
2024-11-08 11:51:26, , , ,22.7000,1984.0000,1984.0000,1984.0000,1984.0000,1984.0000,1984.0000,1984.0000,1984.0000,1984.0000,1984.0000,1984.0000,1984.0000,1984.0000,1984.0000
2024-11-08 11:51:26, , , ,22.7000,1984.0000,1984.0000,1984.0000,1984.0000,1984.0000,1984.0000,1984.0000,1984.0000,1984.0000,1984.0000,1984.0000,1984.0000,1984.0000,1984.0000
2024-11-08 11:51:26, , , ,22.7000,1984.0000,1984.0000,1984.0000,1984.0000,1984.0000,1984.0000,1984.0000,1984.0000,1984.0000,1984.0000,1984.0000,1984.0000,1984.0000,1984.0000
2024-11-08 11:51:26, , , ,22.7000,1984.0000,1984.0000,1984.0000,1984.0000,1984.0000,1984.0000,1984.0000,1984.0000,1984.0000,1984.0000,1984.0000,1984.0000,1984.0000,1984.0000
2024-11-08 11:51:27, , , ,22.7000,1984.0000,1984.0000,1984.0000,1984.0000,1984.0000,1984.0000,1984.0000,1984.0000,1984.0000,1984.0000,1984.0000,1984.0000,1984.0000,1984.0000
2024-11-08 11:51:27, , , ,22.7000,1984.0000,1984.0000,1984.0000,1984.0000,1984.0000,1984.0000,1984.0000,1984.0000,1984.0000,1984.0000,1984.0000,1984.0000,1984.0000,1984.0000
2024-11-08 11:51:27, , , ,22.7000,1984.0000,1984.0000,1984.0000,1984.0000,1984.0000,1984.0000,1984.0000,1984.0000,1984.0000,1984.0000,1984.0000,1984.0000,1984.0000,1984.0000
2024-11-08 11:51:27, , , ,22.7000,1984.0000,1984.0000,1984.0000,1984.0000,1984.0000,1984.0000,1984.0000,1984.0000,1984.0000,1984.0000,1984.0000,1984.0000,1984.0000,1984.0000
2024-11-08 11:51:27, , , ,22.7000,1984.0000,1984.0000,1984.0000,1984.0000,1984.0000,1984.0000,1984.0000,1984.0000,1984.0000,1984.0000,1984.0000,1984.0000,1984.0000,1984.0000
2024-11-08 11:51:27, , , ,22.7000,1984.0000,1984.0000,1984.0000,1984.0000,1984.0000,1984.0000,1984.0000,1984.0000,1984.0000,1984.0000,1984.0000,1984.0000,1984.0000,1984.0000
2024-11-08 11:51:28, , , ,22.7000,1984.0000,1984.0000,1984.0000,1984.0000,1984.0000,1984.0000,1984.0000,1984.0000,1984.0000,1984.0000,1984.0000,1984.0000,1984.0000,1984.0000
2024-11-08 11:51:28, , , ,22.7000,1984.0000,1984.0000,1984.0000,1984.0000,1984.0000,1984.0000,1984.0000,1984.0000,1984.0000,1984.0000,1984.0000,1984.0000,1984.0000,1984.0000
2024-11-08 11:51:28, , , ,22.7000,1984.0000,1984.0000,1984.0000,1984.0000,1984.0000,1984.0000,1984.0000,1984.0000,1984.0000,1984.0000,1984.0000,1984.0000,1984.0000,1984.0000
2024-11-08 11:51:28, , , ,22.7000,1984.0000,1984.0000,1984.0000,1984.0000,1984.0000,1984.0000,1984.0000,1984.0000,1984.0000,1984.0000,1984.0000,1984.0000,1984.0000,1984.0000
2024-11-08 11:51:28, , , ,22.7000,1984.0000,1984.0000,1984.0000,1984.0000,1984.0000,1984.0000,1984.0000,1984.0000,1984.0000,1984.0000,1984.0000,1984.0000,1984.0000,1984.0000
2024-11-08 11:51:28, , , ,22.7000,1984.0000,1984.0000,1984.0000,1984.0000,1984.0000,1984.0000,1984.0000,1984.0000,1984.0000,1984.0000,1984.0000,1984.0000,1984.0000,1984.0000
2024-11-08 11:51:29, , , ,22.7000,1984.0000,1984.0000,1984.0000,1984.0000,1984.0000,1984.0000,1984.0000,1984.0000,1984.0000,1984.0000,1984.0000,1984.0000,1984.0000,1984.0000
2024-11-08 11:51:29, , , ,22.7000,1984.0000,1984.0000,1984.0000,1984.0000,1984.0000,1984.0000,1984.0000,1984.0000,1984.0000,1984.0000,1984.0000,1984.0000,1984.0000,1984.0000
2024-11-08 11:51:29, , , ,22.7000,1984.0000,1984.0000,1984.0000,1984.0000,1984.0000,1984.0000,1984.0000,1984.0000,1984.0000,1984.0000,1984.0000,1984.0000,1984.0000,1984.0000
2024-11-08 11:51:29, , , ,22.7000,1984.0000,1984.0000,1984.0000,1984.0000,1984.0000,1984.0000,1984.0000,1984.0000,1984.0000,1984.0000,1984.0000,1984.0000,1984.0000,1984.0000
2024-11-08 11:51:29, , , ,22.7000,1984.0000,1984.0000,1984.0000,1984.0000,1984.0000,1984.0000,1984.0000,1984.0000,1984.0000,1984.0000,1984.0000,1984.0000,1984.0000,1984.0000
2024-11-08 11:51:29, , , ,22.7000,1984.0000,1984.0000,1984.0000,1984.0000,1984.0000,1984.0000,1984.0000,1984.0000,1984.0000,1984.0000,1984.0000,1984.0000,1984.0000,1984.0000
2024-11-08 11:51:30, , , ,22.7000,1984.0000,1984.0000,1984.0000,1984.0000,1984.0000,1984.0000,1984.0000,1984.0000,1984.0000,1984.0000,1984.0000,1984.0000,1984.0000,1984.0000
2024-11-08 11:51:30, , , ,22.7000,1984.0000,1984.0000,1984.0000,1984.0000,1984.0000,1984.0000,1984.0000,1984.0000,1984.0000,1984.0000,1984.0000,1984.0000,1984.0000,1984.0000
2024-11-08 11:51:30, , , ,22.7000,1984.0000,1984.0000,1984.0000,1984.0000,1984.0000,1984.0000,1984.0000,1984.0000,1984.0000,1984.0000,1984.0000,1984.0000,1984.0000,1984.0000
2024-11-08 11:51:30, , , ,22.7000,1984.0000,1984.0000,1984.0000,1984.0000,1984.0000,1984.0000,1984.0000,1984.0000,1984.0000,1984.0000,1984.0000,1984.0000,1984.0000,1984.0000
2024-11-08 11:51:30, , , ,22.7000,1984.0000,1984.0000,1984.0000,1984.0000,1984.0000,1984.0000,1984.0000,1984.0000,1984.0000,1984.0000,1984.0000,1984.0000,1984.0000,1984.0000
2024-11-08 11:51:30, , , ,22.7000,1984.0000,1984.0000,1984.0000,1984.0000,1984.0000,1984.0000,1984.0000,1984.0000,1984.0000,1984.0000,1984.0000,1984.0000,1984.0000,1984.0000
2024-11-08 11:51:31, , , ,22.7000,1984.0000,1984.0000,1984.0000,1984.0000,1984.0000,1984.0000,1984.0000,1984.0000,1984.0000,1984.0000,1984.0000,1984.0000,1984.0000,1984.0000
2024-11-08 11:51:31, , , ,22.7000,1984.0000,1984.0000,1984.0000,1984.0000,1984.0000,1984.0000,1984.0000,1984.0000,1984.0000,1984.0000,1984.0000,1984.0000,1984.0000,1984.0000
2024-11-08 11:51:31, , , ,22.7000,1984.0000,1984.0000,1984.0000,1984.0000,1984.0000,1984.0000,1984.0000,1984.0000,1984.0000,1984.0000,1984.0000,1984.0000,1984.0000,1984.0000
2024-11-08 11:51:31, , , ,22.7000,1984.0000,1984.0000,1984.0000,1984.0000,1984.0000,1984.0000,1984.0000,1984.0000,1984.0000,1984.0000,1984.0000,1984.0000,1984.0000,1984.0000
2024-11-08 11:51:31, , , ,22.7000,1984.0000,1984.0000,1984.0000,1984.0000,1984.0000,1984.0000,1984.0000,1984.0000,1984.0000,1984.0000,1984.0000,1984.0000,1984.0000,1984.0000
2024-11-08 11:51:31, , , ,22.7000,1984.0000,1984.0000,1984.0000,1984.0000,1984.0000,1984.0000,1984.0000,1984.0000,1984.0000,1984.0000,1984.0000,1984.0000,1984.0000,1984.0000
2024-11-08 11:51:31, , , ,22.7000,1984.0000,1984.0000,1984.0000,1984.0000,1984.0000,1984.0000,1984.0000,1984.0000,1984.0000,1984.0000,1984.0000,1984.0000,1984.0000,1984.0000
2024-11-08 11:51:32, , , ,22.7000,1984.0000,1984.0000,1984.0000,1984.0000,1984.0000,1984.0000,1984.0000,1984.0000,1984.0000,1984.0000,1984.0000,1984.0000,1984.0000,1984.0000
2024-11-08 11:51:32, , , ,22.7000,1984.0000,1984.0000,1984.0000,1984.0000,1984.0000,1984.0000,1984.0000,1984.0000,1984.0000,1984.0000,1984.0000,1984.0000,1984.0000,1984.0000
2024-11-08 11:51:32, , , ,22.7000,1984.0000,1984.0000,1984.0000,1984.0000,1984.0000,1984.0000,1984.0000,1984.0000,1984.0000,1984.0000,1984.0000,1984.0000,1984.0000,1984.0000
2024-11-08 11:51:32, , , ,22.7000,1984.0000,1984.0000,1984.0000,1984.0000,1984.0000,1984.0000,1984.0000,1984.0000,1984.0000,1984.0000,1984.0000,1984.0000,1984.0000,1984.0000
2024-11-08 11:51:32, , , ,22.7000,1984.0000,1984.0000,1984.0000,1984.0000,1984.0000,1984.0000,1984.0000,1984.0000,1984.0000,1984.0000,1984.0000,1984.0000,1984.0000,1984.0000
2024-11-08 11:51:32, , , ,22.7000,1984.0000,1984.0000,1984.0000,1984.0000,1984.0000,1984.0000,1984.0000,1984.0000,1984.0000,1984.0000,1984.0000,1984.0000,1984.0000,1984.0000
2024-11-08 11:51:33, , , ,22.7000,1984.0000,1984.0000,1984.0000,1984.0000,1984.0000,1984.0000,1984.0000,1984.0000,1984.0000,1984.0000,1984.0000,1984.0000,1984.0000,1984.0000
2024-11-08 11:51:33, , , ,22.7000,1984.0000,1984.0000,1984.0000,1984.0000,1984.0000,1984.0000,1984.0000,1984.0000,1984.0000,1984.0000,1984.0000,1984.0000,1984.0000,1984.0000
2024-11-08 11:51:33, , , ,22.7000,1984.0000,1984.0000,1984.0000,1984.0000,1984.0000,1984.0000,1984.0000,1984.0000,1984.0000,1984.0000,1984.0000,1984.0000,1984.0000,1984.0000
2024-11-08 11:51:33, , , ,22.7000,1984.0000,1984.0000,1984.0000,1984.0000,1984.0000,1984.0000,1984.0000,1984.0000,1984.0000,1984.0000,1984.0000,1984.0000,1984.0000,1984.0000
2024-11-08 11:51:33, , , ,22.7000,1984.0000,1984.0000,1984.0000,1984.0000,1984.0000,1984.0000,1984.0000,1984.0000,1984.0000,1984.0000,1984.0000,1984.0000,1984.0000,1984.0000
2024-11-08 11:51:33, , , ,22.7000,1984.0000,1984.0000,1984.0000,1984.0000,1984.0000,1984.0000,1984.0000,1984.0000,1984.0000,1984.0000,1984.0000,1984.0000,1984.0000,1984.0000
2024-11-08 11:51:34, , , ,22.7000,1984.0000,1984.0000,1984.0000,1984.0000,1984.0000,1984.0000,1984.0000,1984.0000,1984.0000,1984.0000,1984.0000,1984.0000,1984.0000,1984.0000
2024-11-08 11:51:34, , , ,22.7000,1984.0000,1984.0000,1984.0000,1984.0000,1984.0000,1984.0000,1984.0000,1984.0000,1984.0000,1984.0000,1984.0000,1984.0000,1984.0000,1984.0000
2024-11-08 11:51:34, , , ,22.7000,1984.0000,1984.0000,1984.0000,1984.0000,1984.0000,1984.0000,1984.0000,1984.0000,1984.0000,1984.0000,1984.0000,1984.0000,1984.0000,1984.0000
2024-11-08 11:51:34, , , ,22.7000,1984.0000,1984.0000,1984.0000,1984.0000,1984.0000,1984.0000,1984.0000,1984.0000,1984.0000,1984.0000,1984.0000,1984.0000,1984.0000,1984.0000
2024-11-08 11:51:34, , , ,22.7000,1984.0000,1984.0000,1984.0000,1984.0000,1984.0000,1984.0000,1984.0000,1984.0000,1984.0000,1984.0000,1984.0000,1984.0000,1984.0000,1984.0000
2024-11-08 11:51:34, , , ,22.7000,1984.0000,1984.0000,1984.0000,1984.0000,1984.0000,1984.0000,1984.0000,1984.0000,1984.0000,1984.0000,1984.0000,1984.0000,1984.0000,1984.0000
2024-11-08 11:51:35, , , ,22.7000,1984.0000,1984.0000,1984.0000,1984.0000,1984.0000,1984.0000,1984.0000,1984.0000,1984.0000,1984.0000,1984.0000,1984.0000,1984.0000,1984.0000
2024-11-08 11:51:35, , , ,22.7000,1984.0000,1984.0000,1984.0000,1984.0000,1984.0000,1984.0000,1984.0000,1984.0000,1984.0000,1984.0000,1984.0000,1984.0000,1984.0000,1984.0000
2024-11-08 11:51:35, , , ,22.7000,1984.0000,1984.0000,1984.0000,1984.0000,1984.0000,1984.0000,1984.0000,1984.0000,1984.0000,1984.0000,1984.0000,1984.0000,1984.0000,1984.0000
2024-11-08 11:51:35, , , ,22.7000,1984.0000,1984.0000,1984.0000,1984.0000,1984.0000,1984.0000,1984.0000,1984.0000,1984.0000,1984.0000,1984.0000,1984.0000,1984.0000,1984.0000
2024-11-08 11:51:35, , , ,22.7000,1984.0000,1984.0000,1984.0000,1984.0000,1984.0000,1984.0000,1984.0000,1984.0000,1984.0000,1984.0000,1984.0000,1984.0000,1984.0000,1984.0000
2024-11-08 11:51:35, , , ,22.7000,1984.0000,1984.0000,1984.0000,1984.0000,1984.0000,1984.0000,1984.0000,1984.0000,1984.0000,1984.0000,1984.0000,1984.0000,1984.0000,1984.0000
2024-11-08 11:51:36, , , ,22.7000,1984.0000,1984.0000,1984.0000,1984.0000,1984.0000,1984.0000,1984.0000,1984.0000,1984.0000,1984.0000,1984.0000,1984.0000,1984.0000,1984.0000
2024-11-08 11:51:36, , , ,22.7000,1984.0000,1984.0000,1984.0000,1984.0000,1984.0000,1984.0000,1984.0000,1984.0000,1984.0000,1984.0000,1984.0000,1984.0000,1984.0000,1984.0000
2024-11-08 11:51:36, , , ,22.7000,1984.0000,1984.0000,1984.0000,1984.0000,1984.0000,1984.0000,1984.0000,1984.0000,1984.0000,1984.0000,1984.0000,1984.0000,1984.0000,1984.0000
2024-11-08 11:51:36, , , ,22.7000,1984.0000,1984.0000,1984.0000,1984.0000,1984.0000,1984.0000,1984.0000,1984.0000,1984.0000,1984.0000,1984.0000,1984.0000,1984.0000,1984.0000
2024-11-08 11:51:36, , , ,22.7000,1984.0000,1984.0000,1984.0000,1984.0000,1984.0000,1984.0000,1984.0000,1984.0000,1984.0000,1984.0000,1984.0000,1984.0000,1984.0000,1984.0000
2024-11-08 11:51:36, , , ,22.7000,1984.0000,1984.0000,1984.0000,1984.0000,1984.0000,1984.0000,1984.0000,1984.0000,1984.0000,1984.0000,1984.0000,1984.0000,1984.0000,1984.0000
2024-11-08 11:51:37, , , ,22.7000,1984.0000,1984.0000,1984.0000,1984.0000,1984.0000,1984.0000,1984.0000,1984.0000,1984.0000,1984.0000,1984.0000,1984.0000,1984.0000,1984.0000
2024-11-08 11:51:37, , , ,22.7000,1984.0000,1984.0000,1984.0000,1984.0000,1984.0000,1984.0000,1984.0000,1984.0000,1984.0000,1984.0000,1984.0000,1984.0000,1984.0000,1984.0000
2024-11-08 11:51:37, , , ,22.7000,1984.0000,1984.0000,1984.0000,1984.0000,1984.0000,1984.0000,1984.0000,1984.0000,1984.0000,1984.0000,1984.0000,1984.0000,1984.0000,1984.0000
2024-11-08 11:51:37, , , ,22.7000,1984.0000,1984.0000,1984.0000,1984.0000,1984.0000,1984.0000,1984.0000,1984.0000,1984.0000,1984.0000,1984.0000,1984.0000,1984.0000,1984.0000
2024-11-08 11:51:37, , , ,22.7000,1984.0000,1984.0000,1984.0000,1984.0000,1984.0000,1984.0000,1984.0000,1984.0000,1984.0000,1984.0000,1984.0000,1984.0000,1984.0000,1984.0000
2024-11-08 11:51:37, , , ,22.7000,1984.0000,1984.0000,1984.0000,1984.0000,1984.0000,1984.0000,1984.0000,1984.0000,1984.0000,1984.0000,1984.0000,1984.0000,1984.0000,1984.0000
2024-11-08 11:51:38, , , ,22.9000,1984.0000,1984.0000,1984.0000,1984.0000,1984.0000,1984.0000,1984.0000,1984.0000,1984.0000,1984.0000,1984.0000,1984.0000,1984.0000,1984.0000
2024-11-08 11:51:38, , , ,23.2000,1984.0000,1984.0000,1984.0000,1984.0000,1984.0000,1984.0000,1984.0000,1984.0000,1984.0000,1984.0000,1984.0000,1984.0000,1984.0000,1984.0000
2024-11-08 11:51:38, , , ,23.5000,1984.0000,1984.0000,1984.0000,1984.0000,1984.0000,1984.0000,1984.0000,1984.0000,1984.0000,1984.0000,1984.0000,1984.0000,1984.0000,1984.0000
2024-11-08 11:51:38, , , ,23.8000,1984.0000,1984.0000,1984.0000,1984.0000,1984.0000,1984.0000,1984.0000,1984.0000,1984.0000,1984.0000,1984.0000,1984.0000,1984.0000,1984.0000
2024-11-08 11:51:38, , , ,24.3000,1984.0000,1984.0000,1984.0000,1984.0000,1984.0000,1984.0000,1984.0000,1984.0000,1984.0000,1984.0000,1984.0000,1984.0000,1984.0000,1984.0000
2024-11-08 11:51:38, , , ,24.5000,1984.0000,1984.0000,1984.0000,1984.0000,1984.0000,1984.0000,1984.0000,1984.0000,1984.0000,1984.0000,1984.0000,1984.0000,1984.0000,1984.0000
2024-11-08 11:51:39, , , ,24.7000,1984.0000,1984.0000,1984.0000,1984.0000,1984.0000,1984.0000,1984.0000,1984.0000,1984.0000,1984.0000,1984.0000,1984.0000,1984.0000,1984.0000
2024-11-08 11:51:39, , , ,24.9000,1984.0000,1984.0000,1984.0000,1984.0000,1984.0000,1984.0000,1984.0000,1984.0000,1984.0000,1984.0000,1984.0000,1984.0000,1984.0000,1984.0000
2024-11-08 11:51:39, , , ,25.3000,1984.0000,1984.0000,1984.0000,1984.0000,1984.0000,1984.0000,1984.0000,1984.0000,1984.0000,1984.0000,1984.0000,1984.0000,1984.0000,1984.0000
2024-11-08 11:51:39, , , ,25.4000,1984.0000,1984.0000,1984.0000,1984.0000,1984.0000,1984.0000,1984.0000,1984.0000,1984.0000,1984.0000,1984.0000,1984.0000,1984.0000,1984.0000
2024-11-08 11:51:39, , , ,25.7000,1984.0000,1984.0000,1984.0000,1984.0000,1984.0000,1984.0000,1984.0000,1984.0000,1984.0000,1984.0000,1984.0000,1984.0000,1984.0000,1984.0000
2024-11-08 11:51:39, , , ,25.9000,1984.0000,1984.0000,1984.0000,1984.0000,1984.0000,1984.0000,1984.0000,1984.0000,1984.0000,1984.0000,1984.0000,1984.0000,1984.0000,1984.0000
2024-11-08 11:51:40, , , ,25.9000,1984.0000,1984.0000,1984.0000,1984.0000,1984.0000,1984.0000,1984.0000,1984.0000,1984.0000,1984.0000,1984.0000,1984.0000,1984.0000,1984.0000
2024-11-08 11:51:40, , , ,25.9000,1984.0000,1984.0000,1984.0000,1984.0000,1984.0000,1984.0000,1984.0000,1984.0000,1984.0000,1984.0000,1984.0000,1984.0000,1984.0000,1984.0000
2024-11-08 11:51:40, , , ,26.1000,1984.0000,1984.0000,1984.0000,1984.0000,1984.0000,1984.0000,1984.0000,1984.0000,1984.0000,1984.0000,1984.0000,1984.0000,1984.0000,1984.0000
2024-11-08 11:51:40, , , ,26.3000,1984.0000,1984.0000,1984.0000,1984.0000,1984.0000,1984.0000,1984.0000,1984.0000,1984.0000,1984.0000,1984.0000,1984.0000,1984.0000,1984.0000
2024-11-08 11:51:40, , , ,26.9000,1984.0000,1984.0000,1984.0000,1984.0000,1984.0000,1984.0000,1984.0000,1984.0000,1984.0000,1984.0000,1984.0000,1984.0000,1984.0000,1984.0000
2024-11-08 11:51:40, , , ,27.1000,1984.0000,1984.0000,1984.0000,1984.0000,1984.0000,1984.0000,1984.0000,1984.0000,1984.0000,1984.0000,1984.0000,1984.0000,1984.0000,1984.0000
2024-11-08 11:51:41, , , ,27.2000,1984.0000,1984.0000,1984.0000,1984.0000,1984.0000,1984.0000,1984.0000,1984.0000,1984.0000,1984.0000,1984.0000,1984.0000,1984.0000,1984.0000
2024-11-08 11:51:41, , , ,27.4000,1984.0000,1984.0000,1984.0000,1984.0000,1984.0000,1984.0000,1984.0000,1984.0000,1984.0000,1984.0000,1984.0000,1984.0000,1984.0000,1984.0000
2024-11-08 11:51:41, , , ,27.5000,1984.0000,1984.0000,1984.0000,1984.0000,1984.0000,1984.0000,1984.0000,1984.0000,1984.0000,1984.0000,1984.0000,1984.0000,1984.0000,1984.0000
2024-11-08 11:51:41, , , ,27.7000,1984.0000,1984.0000,1984.0000,1984.0000,1984.0000,1984.0000,1984.0000,1984.0000,1984.0000,1984.0000,1984.0000,1984.0000,1984.0000,1984.0000
2024-11-08 11:51:41, , , ,27.9000,1984.0000,1984.0000,1984.0000,1984.0000,1984.0000,1984.0000,1984.0000,1984.0000,1984.0000,1984.0000,1984.0000,1984.0000,1984.0000,1984.0000
2024-11-08 11:51:41, , , ,28.1000,1984.0000,1984.0000,1984.0000,1984.0000,1984.0000,1984.0000,1984.0000,1984.0000,1984.0000,1984.0000,1984.0000,1984.0000,1984.0000,1984.0000
2024-11-08 11:51:42, , , ,28.4000,1984.0000,1984.0000,1984.0000,1984.0000,1984.0000,1984.0000,1984.0000,1984.0000,1984.0000,1984.0000,1984.0000,1984.0000,1984.0000,1984.0000
2024-11-08 11:51:42, , , ,28.4000,1984.0000,1984.0000,1984.0000,1984.0000,1984.0000,1984.0000,1984.0000,1984.0000,1984.0000,1984.0000,1984.0000,1984.0000,1984.0000,1984.0000
2024-11-08 11:51:42, , , ,28.4000,1984.0000,1984.0000,1984.0000,1984.0000,1984.0000,1984.0000,1984.0000,1984.0000,1984.0000,1984.0000,1984.0000,1984.0000,1984.0000,1984.0000
2024-11-08 11:51:42, , , ,28.6000,1984.0000,1984.0000,1984.0000,1984.0000,1984.0000,1984.0000,1984.0000,1984.0000,1984.0000,1984.0000,1984.0000,1984.0000,1984.0000,1984.0000
2024-11-08 11:51:42, , , ,29.0000,1984.0000,1984.0000,1984.0000,1984.0000,1984.0000,1984.0000,1984.0000,1984.0000,1984.0000,1984.0000,1984.0000,1984.0000,1984.0000,1984.0000
2024-11-08 11:51:42, , , ,29.2000,1984.0000,1984.0000,1984.0000,1984.0000,1984.0000,1984.0000,1984.0000,1984.0000,1984.0000,1984.0000,1984.0000,1984.0000,1984.0000,1984.0000
2024-11-08 11:51:43, , , ,29.4000,1984.0000,1984.0000,1984.0000,1984.0000,1984.0000,1984.0000,1984.0000,1984.0000,1984.0000,1984.0000,1984.0000,1984.0000,1984.0000,1984.0000
2024-11-08 11:51:43, , , ,29.5000,1984.0000,1984.0000,1984.0000,1984.0000,1984.0000,1984.0000,1984.0000,1984.0000,1984.0000,1984.0000,1984.0000,1984.0000,1984.0000,1984.0000
2024-11-08 11:51:43, , , ,29.7000,1984.0000,1984.0000,1984.0000,1984.0000,1984.0000,1984.0000,1984.0000,1984.0000,1984.0000,1984.0000,1984.0000,1984.0000,1984.0000,1984.0000
2024-11-08 11:51:43, , , ,29.8000,1984.0000,1984.0000,1984.0000,1984.0000,1984.0000,1984.0000,1984.0000,1984.0000,1984.0000,1984.0000,1984.0000,1984.0000,1984.0000,1984.0000
2024-11-08 11:51:43, , , ,30.3000,1984.0000,1984.0000,1984.0000,1984.0000,1984.0000,1984.0000,1984.0000,1984.0000,1984.0000,1984.0000,1984.0000,1984.0000,1984.0000,1984.0000
2024-11-08 11:51:43, , , ,30.5000,1984.0000,1984.0000,1984.0000,1984.0000,1984.0000,1984.0000,1984.0000,1984.0000,1984.0000,1984.0000,1984.0000,1984.0000,1984.0000,1984.0000
2024-11-08 11:51:44, , , ,30.7000,1984.0000,1984.0000,1984.0000,1984.0000,1984.0000,1984.0000,1984.0000,1984.0000,1984.0000,1984.0000,1984.0000,1984.0000,1984.0000,1984.0000
2024-11-08 11:51:44, , , ,30.9000,1984.0000,1984.0000,1984.0000,1984.0000,1984.0000,1984.0000,1984.0000,1984.0000,1984.0000,1984.0000,1984.0000,1984.0000,1984.0000,1984.0000
2024-11-08 11:51:44, , , ,31.1000,1984.0000,1984.0000,1984.0000,1984.0000,1984.0000,1984.0000,1984.0000,1984.0000,1984.0000,1984.0000,1984.0000,1984.0000,1984.0000,1984.0000
2024-11-08 11:51:44, , , ,31.1000,1984.0000,1984.0000,1984.0000,1984.0000,1984.0000,1984.0000,1984.0000,1984.0000,1984.0000,1984.0000,1984.0000,1984.0000,1984.0000,1984.0000
2024-11-08 11:51:44, , , ,31.3000,1984.0000,1984.0000,1984.0000,1984.0000,1984.0000,1984.0000,1984.0000,1984.0000,1984.0000,1984.0000,1984.0000,1984.0000,1984.0000,1984.0000
2024-11-08 11:51:44, , , ,31.5000,1984.0000,1984.0000,1984.0000,1984.0000,1984.0000,1984.0000,1984.0000,1984.0000,1984.0000,1984.0000,1984.0000,1984.0000,1984.0000,1984.0000
2024-11-08 11:51:45, , , ,31.8000,1984.0000,1984.0000,1984.0000,1984.0000,1984.0000,1984.0000,1984.0000,1984.0000,1984.0000,1984.0000,1984.0000,1984.0000,1984.0000,1984.0000
2024-11-08 11:51:45, , , ,32.0000,1984.0000,1984.0000,1984.0000,1984.0000,1984.0000,1984.0000,1984.0000,1984.0000,1984.0000,1984.0000,1984.0000,1984.0000,1984.0000,1984.0000
2024-11-08 11:51:45, , , ,32.3000,1984.0000,1984.0000,1984.0000,1984.0000,1984.0000,1984.0000,1984.0000,1984.0000,1984.0000,1984.0000,1984.0000,1984.0000,1984.0000,1984.0000
2024-11-08 11:51:45, , , ,32.4000,1984.0000,1984.0000,1984.0000,1984.0000,1984.0000,1984.0000,1984.0000,1984.0000,1984.0000,1984.0000,1984.0000,1984.0000,1984.0000,1984.0000
2024-11-08 11:51:45, , , ,32.6000,1984.0000,1984.0000,1984.0000,1984.0000,1984.0000,1984.0000,1984.0000,1984.0000,1984.0000,1984.0000,1984.0000,1984.0000,1984.0000,1984.0000
2024-11-08 11:51:45, , , ,32.7000,1984.0000,1984.0000,1984.0000,1984.0000,1984.0000,1984.0000,1984.0000,1984.0000,1984.0000,1984.0000,1984.0000,1984.0000,1984.0000,1984.0000
2024-11-08 11:51:46, , , ,32.8000,1984.0000,1984.0000,1984.0000,1984.0000,1984.0000,1984.0000,1984.0000,1984.0000,1984.0000,1984.0000,1984.0000,1984.0000,1984.0000,1984.0000
2024-11-08 11:51:46, , , ,33.0000,1984.0000,1984.0000,1984.0000,1984.0000,1984.0000,1984.0000,1984.0000,1984.0000,1984.0000,1984.0000,1984.0000,1984.0000,1984.0000,1984.0000
2024-11-08 11:51:46, , , ,33.1000,1984.0000,1984.0000,1984.0000,1984.0000,1984.0000,1984.0000,1984.0000,1984.0000,1984.0000,1984.0000,1984.0000,1984.0000,1984.0000,1984.0000
2024-11-08 11:51:46, , , ,33.2000,1984.0000,1984.0000,1984.0000,1984.0000,1984.0000,1984.0000,1984.0000,1984.0000,1984.0000,1984.0000,1984.0000,1984.0000,1984.0000,1984.0000
2024-11-08 11:51:46, , , ,33.4000,1984.0000,1984.0000,1984.0000,1984.0000,1984.0000,1984.0000,1984.0000,1984.0000,1984.0000,1984.0000,1984.0000,1984.0000,1984.0000,1984.0000
2024-11-08 11:51:46, , , ,33.6000,1984.0000,1984.0000,1984.0000,1984.0000,1984.0000,1984.0000,1984.0000,1984.0000,1984.0000,1984.0000,1984.0000,1984.0000,1984.0000,1984.0000
2024-11-08 11:51:47, , , ,33.7000,1984.0000,1984.0000,1984.0000,1984.0000,1984.0000,1984.0000,1984.0000,1984.0000,1984.0000,1984.0000,1984.0000,1984.0000,1984.0000,1984.0000
2024-11-08 11:51:47, , , ,33.9000,1984.0000,1984.0000,1984.0000,1984.0000,1984.0000,1984.0000,1984.0000,1984.0000,1984.0000,1984.0000,1984.0000,1984.0000,1984.0000,1984.0000
2024-11-08 11:51:47, , , ,34.1000,1984.0000,1984.0000,1984.0000,1984.0000,1984.0000,1984.0000,1984.0000,1984.0000,1984.0000,1984.0000,1984.0000,1984.0000,1984.0000,1984.0000
2024-11-08 11:51:47, , , ,34.2000,1984.0000,1984.0000,1984.0000,1984.0000,1984.0000,1984.0000,1984.0000,1984.0000,1984.0000,1984.0000,1984.0000,1984.0000,1984.0000,1984.0000
2024-11-08 11:51:47, , , ,34.5000,1984.0000,1984.0000,1984.0000,1984.0000,1984.0000,1984.0000,1984.0000,1984.0000,1984.0000,1984.0000,1984.0000,1984.0000,1984.0000,1984.0000
2024-11-08 11:51:47, , , ,34.6000,1984.0000,1984.0000,1984.0000,1984.0000,1984.0000,1984.0000,1984.0000,1984.0000,1984.0000,1984.0000,1984.0000,1984.0000,1984.0000,1984.0000
2024-11-08 11:51:48, , , ,34.8000,1984.0000,1984.0000,1984.0000,1984.0000,1984.0000,1984.0000,1984.0000,1984.0000,1984.0000,1984.0000,1984.0000,1984.0000,1984.0000,1984.0000
2024-11-08 11:51:48, , , ,34.9000,1984.0000,1984.0000,1984.0000,1984.0000,1984.0000,1984.0000,1984.0000,1984.0000,1984.0000,1984.0000,1984.0000,1984.0000,1984.0000,1984.0000
2024-11-08 11:51:48, , , ,35.0000,1984.0000,1984.0000,1984.0000,1984.0000,1984.0000,1984.0000,1984.0000,1984.0000,1984.0000,1984.0000,1984.0000,1984.0000,1984.0000,1984.0000
2024-11-08 11:51:48, , , ,35.2000,1984.0000,1984.0000,1984.0000,1984.0000,1984.0000,1984.0000,1984.0000,1984.0000,1984.0000,1984.0000,1984.0000,1984.0000,1984.0000,1984.0000
2024-11-08 11:51:48, , , ,35.6000,1984.0000,1984.0000,1984.0000,1984.0000,1984.0000,1984.0000,1984.0000,1984.0000,1984.0000,1984.0000,1984.0000,1984.0000,1984.0000,1984.0000
2024-11-08 11:51:48, , , ,35.6000,1984.0000,1984.0000,1984.0000,1984.0000,1984.0000,1984.0000,1984.0000,1984.0000,1984.0000,1984.0000,1984.0000,1984.0000,1984.0000,1984.0000
2024-11-08 11:51:49, , , ,35.6000,1984.0000,1984.0000,1984.0000,1984.0000,1984.0000,1984.0000,1984.0000,1984.0000,1984.0000,1984.0000,1984.0000,1984.0000,1984.0000,1984.0000
2024-11-08 11:51:49, , , ,35.8000,1984.0000,1984.0000,1984.0000,1984.0000,1984.0000,1984.0000,1984.0000,1984.0000,1984.0000,1984.0000,1984.0000,1984.0000,1984.0000,1984.0000
2024-11-08 11:51:49, , , ,36.0000,1984.0000,1984.0000,1984.0000,1984.0000,1984.0000,1984.0000,1984.0000,1984.0000,1984.0000,1984.0000,1984.0000,1984.0000,1984.0000,1984.0000
2024-11-08 11:51:49, , , ,36.2000,1984.0000,1984.0000,1984.0000,1984.0000,1984.0000,1984.0000,1984.0000,1984.0000,1984.0000,1984.0000,1984.0000,1984.0000,1984.0000,1984.0000
2024-11-08 11:51:49, , , ,36.7000,1984.0000,1984.0000,1984.0000,1984.0000,1984.0000,1984.0000,1984.0000,1984.0000,1984.0000,1984.0000,1984.0000,1984.0000,1984.0000,1984.0000
2024-11-08 11:51:49, , , ,36.8000,1984.0000,1984.0000,1984.0000,1984.0000,1984.0000,1984.0000,1984.0000,1984.0000,1984.0000,1984.0000,1984.0000,1984.0000,1984.0000,1984.0000
2024-11-08 11:51:50, , , ,36.9000,1984.0000,1984.0000,1984.0000,1984.0000,1984.0000,1984.0000,1984.0000,1984.0000,1984.0000,1984.0000,1984.0000,1984.0000,1984.0000,1984.0000
2024-11-08 11:51:50, , , ,37.0000,1984.0000,1984.0000,1984.0000,1984.0000,1984.0000,1984.0000,1984.0000,1984.0000,1984.0000,1984.0000,1984.0000,1984.0000,1984.0000,1984.0000
2024-11-08 11:51:50, , , ,37.2000,1984.0000,1984.0000,1984.0000,1984.0000,1984.0000,1984.0000,1984.0000,1984.0000,1984.0000,1984.0000,1984.0000,1984.0000,1984.0000,1984.0000
2024-11-08 11:51:50, , , ,37.3000,1984.0000,1984.0000,1984.0000,1984.0000,1984.0000,1984.0000,1984.0000,1984.0000,1984.0000,1984.0000,1984.0000,1984.0000,1984.0000,1984.0000
2024-11-08 11:51:50, , , ,37.5000,1984.0000,1984.0000,1984.0000,1984.0000,1984.0000,1984.0000,1984.0000,1984.0000,1984.0000,1984.0000,1984.0000,1984.0000,1984.0000,1984.0000
2024-11-08 11:51:50, , , ,37.7000,1984.0000,1984.0000,1984.0000,1984.0000,1984.0000,1984.0000,1984.0000,1984.0000,1984.0000,1984.0000,1984.0000,1984.0000,1984.0000,1984.0000
2024-11-08 11:51:51, , , ,37.8000,1984.0000,1984.0000,1984.0000,1984.0000,1984.0000,1984.0000,1984.0000,1984.0000,1984.0000,1984.0000,1984.0000,1984.0000,1984.0000,1984.0000
2024-11-08 11:51:51, , , ,37.8000,1984.0000,1984.0000,1984.0000,1984.0000,1984.0000,1984.0000,1984.0000,1984.0000,1984.0000,1984.0000,1984.0000,1984.0000,1984.0000,1984.0000
2024-11-08 11:51:51, , , ,37.8000,1984.0000,1984.0000,1984.0000,1984.0000,1984.0000,1984.0000,1984.0000,1984.0000,1984.0000,1984.0000,1984.0000,1984.0000,1984.0000,1984.0000
2024-11-08 11:51:51, , , ,38.2000,1984.0000,1984.0000,1984.0000,1984.0000,1984.0000,1984.0000,1984.0000,1984.0000,1984.0000,1984.0000,1984.0000,1984.0000,1984.0000,1984.0000
2024-11-08 11:51:51, , , ,38.6000,1984.0000,1984.0000,1984.0000,1984.0000,1984.0000,1984.0000,1984.0000,1984.0000,1984.0000,1984.0000,1984.0000,1984.0000,1984.0000,1984.0000
2024-11-08 11:51:51, , , ,38.7000,1984.0000,1984.0000,1984.0000,1984.0000,1984.0000,1984.0000,1984.0000,1984.0000,1984.0000,1984.0000,1984.0000,1984.0000,1984.0000,1984.0000
2024-11-08 11:51:52, , , ,38.8000,1984.0000,1984.0000,1984.0000,1984.0000,1984.0000,1984.0000,1984.0000,1984.0000,1984.0000,1984.0000,1984.0000,1984.0000,1984.0000,1984.0000
2024-11-08 11:51:52, , , ,38.9000,1984.0000,1984.0000,1984.0000,1984.0000,1984.0000,1984.0000,1984.0000,1984.0000,1984.0000,1984.0000,1984.0000,1984.0000,1984.0000,1984.0000
2024-11-08 11:51:52, , , ,39.1000,1984.0000,1984.0000,1984.0000,1984.0000,1984.0000,1984.0000,1984.0000,1984.0000,1984.0000,1984.0000,1984.0000,1984.0000,1984.0000,1984.0000
2024-11-08 11:51:52, , , ,39.2000,1984.0000,1984.0000,1984.0000,1984.0000,1984.0000,1984.0000,1984.0000,1984.0000,1984.0000,1984.0000,1984.0000,1984.0000,1984.0000,1984.0000
2024-11-08 11:51:52, , , ,39.4000,1984.0000,1984.0000,1984.0000,1984.0000,1984.0000,1984.0000,1984.0000,1984.0000,1984.0000,1984.0000,1984.0000,1984.0000,1984.0000,1984.0000
2024-11-08 11:51:52, , , ,39.6000,1984.0000,1984.0000,1984.0000,1984.0000,1984.0000,1984.0000,1984.0000,1984.0000,1984.0000,1984.0000,1984.0000,1984.0000,1984.0000,1984.0000
2024-11-08 11:51:53, , , ,39.9000,1984.0000,1984.0000,1984.0000,1984.0000,1984.0000,1984.0000,1984.0000,1984.0000,1984.0000,1984.0000,1984.0000,1984.0000,1984.0000,1984.0000
2024-11-08 11:51:53, , , ,40.0000,1984.0000,1984.0000,1984.0000,1984.0000,1984.0000,1984.0000,1984.0000,1984.0000,1984.0000,1984.0000,1984.0000,1984.0000,1984.0000,1984.0000
2024-11-08 11:51:53, , , ,40.0000,1984.0000,1984.0000,1984.0000,1984.0000,1984.0000,1984.0000,1984.0000,1984.0000,1984.0000,1984.0000,1984.0000,1984.0000,1984.0000,1984.0000
2024-11-08 11:51:53, , , ,40.0000,1984.0000,1984.0000,1984.0000,1984.0000,1984.0000,1984.0000,1984.0000,1984.0000,1984.0000,1984.0000,1984.0000,1984.0000,1984.0000,1984.0000
2024-11-08 11:51:53, , , ,40.4000,1984.0000,1984.0000,1984.0000,1984.0000,1984.0000,1984.0000,1984.0000,1984.0000,1984.0000,1984.0000,1984.0000,1984.0000,1984.0000,1984.0000
2024-11-08 11:51:53, , , ,40.7000,1984.0000,1984.0000,1984.0000,1984.0000,1984.0000,1984.0000,1984.0000,1984.0000,1984.0000,1984.0000,1984.0000,1984.0000,1984.0000,1984.0000
2024-11-08 11:51:54, , , ,40.9000,1984.0000,1984.0000,1984.0000,1984.0000,1984.0000,1984.0000,1984.0000,1984.0000,1984.0000,1984.0000,1984.0000,1984.0000,1984.0000,1984.0000
2024-11-08 11:51:54, , , ,41.1000,1984.0000,1984.0000,1984.0000,1984.0000,1984.0000,1984.0000,1984.0000,1984.0000,1984.0000,1984.0000,1984.0000,1984.0000,1984.0000,1984.0000
2024-11-08 11:51:54, , , ,41.2000,1984.0000,1984.0000,1984.0000,1984.0000,1984.0000,1984.0000,1984.0000,1984.0000,1984.0000,1984.0000,1984.0000,1984.0000,1984.0000,1984.0000
2024-11-08 11:51:54, , , ,41.4000,1984.0000,1984.0000,1984.0000,1984.0000,1984.0000,1984.0000,1984.0000,1984.0000,1984.0000,1984.0000,1984.0000,1984.0000,1984.0000,1984.0000
2024-11-08 11:51:54, , , ,41.6000,1984.0000,1984.0000,1984.0000,1984.0000,1984.0000,1984.0000,1984.0000,1984.0000,1984.0000,1984.0000,1984.0000,1984.0000,1984.0000,1984.0000
2024-11-08 11:51:54, , , ,42.0000,1984.0000,1984.0000,1984.0000,1984.0000,1984.0000,1984.0000,1984.0000,1984.0000,1984.0000,1984.0000,1984.0000,1984.0000,1984.0000,1984.0000
2024-11-08 11:51:55, , , ,42.1000,1984.0000,1984.0000,1984.0000,1984.0000,1984.0000,1984.0000,1984.0000,1984.0000,1984.0000,1984.0000,1984.0000,1984.0000,1984.0000,1984.0000
2024-11-08 11:51:55, , , ,42.3000,1984.0000,1984.0000,1984.0000,1984.0000,1984.0000,1984.0000,1984.0000,1984.0000,1984.0000,1984.0000,1984.0000,1984.0000,1984.0000,1984.0000
2024-11-08 11:51:55, , , ,42.4000,1984.0000,1984.0000,1984.0000,1984.0000,1984.0000,1984.0000,1984.0000,1984.0000,1984.0000,1984.0000,1984.0000,1984.0000,1984.0000,1984.0000
2024-11-08 11:51:55, , , ,42.6000,1984.0000,1984.0000,1984.0000,1984.0000,1984.0000,1984.0000,1984.0000,1984.0000,1984.0000,1984.0000,1984.0000,1984.0000,1984.0000,1984.0000
2024-11-08 11:51:55, , , ,42.6000,1984.0000,1984.0000,1984.0000,1984.0000,1984.0000,1984.0000,1984.0000,1984.0000,1984.0000,1984.0000,1984.0000,1984.0000,1984.0000,1984.0000
2024-11-08 11:51:55, , , ,42.8000,1984.0000,1984.0000,1984.0000,1984.0000,1984.0000,1984.0000,1984.0000,1984.0000,1984.0000,1984.0000,1984.0000,1984.0000,1984.0000,1984.0000
2024-11-08 11:51:56, , , ,42.9000,1984.0000,1984.0000,1984.0000,1984.0000,1984.0000,1984.0000,1984.0000,1984.0000,1984.0000,1984.0000,1984.0000,1984.0000,1984.0000,1984.0000
2024-11-08 11:51:56, , , ,43.0000,1984.0000,1984.0000,1984.0000,1984.0000,1984.0000,1984.0000,1984.0000,1984.0000,1984.0000,1984.0000,1984.0000,1984.0000,1984.0000,1984.0000
2024-11-08 11:51:56, , , ,43.0000,1984.0000,1984.0000,1984.0000,1984.0000,1984.0000,1984.0000,1984.0000,1984.0000,1984.0000,1984.0000,1984.0000,1984.0000,1984.0000,1984.0000
2024-11-08 11:51:56, , , ,42.9000,1984.0000,1984.0000,1984.0000,1984.0000,1984.0000,1984.0000,1984.0000,1984.0000,1984.0000,1984.0000,1984.0000,1984.0000,1984.0000,1984.0000
2024-11-08 11:51:56, , , ,42.8000,1984.0000,1984.0000,1984.0000,1984.0000,1984.0000,1984.0000,1984.0000,1984.0000,1984.0000,1984.0000,1984.0000,1984.0000,1984.0000,1984.0000
2024-11-08 11:51:56, , , ,42.8000,1984.0000,1984.0000,1984.0000,1984.0000,1984.0000,1984.0000,1984.0000,1984.0000,1984.0000,1984.0000,1984.0000,1984.0000,1984.0000,1984.0000
2024-11-08 11:51:56, , , ,42.7000,1984.0000,1984.0000,1984.0000,1984.0000,1984.0000,1984.0000,1984.0000,1984.0000,1984.0000,1984.0000,1984.0000,1984.0000,1984.0000,1984.0000
2024-11-08 11:51:57, , , ,42.6000,1984.0000,1984.0000,1984.0000,1984.0000,1984.0000,1984.0000,1984.0000,1984.0000,1984.0000,1984.0000,1984.0000,1984.0000,1984.0000,1984.0000
2024-11-08 11:51:57, , , ,42.6000,1984.0000,1984.0000,1984.0000,1984.0000,1984.0000,1984.0000,1984.0000,1984.0000,1984.0000,1984.0000,1984.0000,1984.0000,1984.0000,1984.0000
2024-11-08 11:51:57, , , ,42.6000,1984.0000,1984.0000,1984.0000,1984.0000,1984.0000,1984.0000,1984.0000,1984.0000,1984.0000,1984.0000,1984.0000,1984.0000,1984.0000,1984.0000
2024-11-08 11:51:57, , , ,42.6000,1984.0000,1984.0000,1984.0000,1984.0000,1984.0000,1984.0000,1984.0000,1984.0000,1984.0000,1984.0000,1984.0000,1984.0000,1984.0000,1984.0000
2024-11-08 11:51:57, , , ,42.6000,1984.0000,1984.0000,1984.0000,1984.0000,1984.0000,1984.0000,1984.0000,1984.0000,1984.0000,1984.0000,1984.0000,1984.0000,1984.0000,1984.0000
2024-11-08 11:51:57, , , ,42.6000,1984.0000,1984.0000,1984.0000,1984.0000,1984.0000,1984.0000,1984.0000,1984.0000,1984.0000,1984.0000,1984.0000,1984.0000,1984.0000,1984.0000
2024-11-08 11:51:58, , , ,42.5000,1984.0000,1984.0000,1984.0000,1984.0000,1984.0000,1984.0000,1984.0000,1984.0000,1984.0000,1984.0000,1984.0000,1984.0000,1984.0000,1984.0000
2024-11-08 11:51:58, , , ,42.5000,1984.0000,1984.0000,1984.0000,1984.0000,1984.0000,1984.0000,1984.0000,1984.0000,1984.0000,1984.0000,1984.0000,1984.0000,1984.0000,1984.0000
2024-11-08 11:51:58, , , ,42.4000,1984.0000,1984.0000,1984.0000,1984.0000,1984.0000,1984.0000,1984.0000,1984.0000,1984.0000,1984.0000,1984.0000,1984.0000,1984.0000,1984.0000
2024-11-08 11:51:58, , , ,42.4000,1984.0000,1984.0000,1984.0000,1984.0000,1984.0000,1984.0000,1984.0000,1984.0000,1984.0000,1984.0000,1984.0000,1984.0000,1984.0000,1984.0000
2024-11-08 11:51:58, , , ,42.4000,1984.0000,1984.0000,1984.0000,1984.0000,1984.0000,1984.0000,1984.0000,1984.0000,1984.0000,1984.0000,1984.0000,1984.0000,1984.0000,1984.0000
2024-11-08 11:51:58, , , ,42.4000,1984.0000,1984.0000,1984.0000,1984.0000,1984.0000,1984.0000,1984.0000,1984.0000,1984.0000,1984.0000,1984.0000,1984.0000,1984.0000,1984.0000
2024-11-08 11:51:59, , , ,42.4000,1984.0000,1984.0000,1984.0000,1984.0000,1984.0000,1984.0000,1984.0000,1984.0000,1984.0000,1984.0000,1984.0000,1984.0000,1984.0000,1984.0000
2024-11-08 11:51:59, , , ,42.4000,1984.0000,1984.0000,1984.0000,1984.0000,1984.0000,1984.0000,1984.0000,1984.0000,1984.0000,1984.0000,1984.0000,1984.0000,1984.0000,1984.0000
2024-11-08 11:51:59, , , ,42.4000,1984.0000,1984.0000,1984.0000,1984.0000,1984.0000,1984.0000,1984.0000,1984.0000,1984.0000,1984.0000,1984.0000,1984.0000,1984.0000,1984.0000
2024-11-08 11:51:59, , , ,42.4000,1984.0000,1984.0000,1984.0000,1984.0000,1984.0000,1984.0000,1984.0000,1984.0000,1984.0000,1984.0000,1984.0000,1984.0000,1984.0000,1984.0000
2024-11-08 11:51:59, , , ,42.4000,1984.0000,1984.0000,1984.0000,1984.0000,1984.0000,1984.0000,1984.0000,1984.0000,1984.0000,1984.0000,1984.0000,1984.0000,1984.0000,1984.0000
2024-11-08 11:51:59, , , ,42.4000,1984.0000,1984.0000,1984.0000,1984.0000,1984.0000,1984.0000,1984.0000,1984.0000,1984.0000,1984.0000,1984.0000,1984.0000,1984.0000,1984.0000
2024-11-08 11:52:00, , , ,42.4000,1984.0000,1984.0000,1984.0000,1984.0000,1984.0000,1984.0000,1984.0000,1984.0000,1984.0000,1984.0000,1984.0000,1984.0000,1984.0000,1984.0000
2024-11-08 11:52:00, , , ,42.4000,1984.0000,1984.0000,1984.0000,1984.0000,1984.0000,1984.0000,1984.0000,1984.0000,1984.0000,1984.0000,1984.0000,1984.0000,1984.0000,1984.0000
2024-11-08 11:52:00, , , ,42.5000,1984.0000,1984.0000,1984.0000,1984.0000,1984.0000,1984.0000,1984.0000,1984.0000,1984.0000,1984.0000,1984.0000,1984.0000,1984.0000,1984.0000
2024-11-08 11:52:00, , , ,42.6000,1984.0000,1984.0000,1984.0000,1984.0000,1984.0000,1984.0000,1984.0000,1984.0000,1984.0000,1984.0000,1984.0000,1984.0000,1984.0000,1984.0000
2024-11-08 11:52:00, , , ,43.3000,1984.0000,1984.0000,1984.0000,1984.0000,1984.0000,1984.0000,1984.0000,1984.0000,1984.0000,1984.0000,1984.0000,1984.0000,1984.0000,1984.0000
2024-11-08 11:52:00, , , ,43.5000,1984.0000,1984.0000,1984.0000,1984.0000,1984.0000,1984.0000,1984.0000,1984.0000,1984.0000,1984.0000,1984.0000,1984.0000,1984.0000,1984.0000
2024-11-08 11:52:01, , , ,43.7000,1984.0000,1984.0000,1984.0000,1984.0000,1984.0000,1984.0000,1984.0000,1984.0000,1984.0000,1984.0000,1984.0000,1984.0000,1984.0000,1984.0000
2024-11-08 11:52:01, , , ,43.9000,1984.0000,1984.0000,1984.0000,1984.0000,1984.0000,1984.0000,1984.0000,1984.0000,1984.0000,1984.0000,1984.0000,1984.0000,1984.0000,1984.0000
2024-11-08 11:52:01, , , ,44.1000,1984.0000,1984.0000,1984.0000,1984.0000,1984.0000,1984.0000,1984.0000,1984.0000,1984.0000,1984.0000,1984.0000,1984.0000,1984.0000,1984.0000
2024-11-08 11:52:01, , , ,44.3000,1984.0000,1984.0000,1984.0000,1984.0000,1984.0000,1984.0000,1984.0000,1984.0000,1984.0000,1984.0000,1984.0000,1984.0000,1984.0000,1984.0000
2024-11-08 11:52:01, , , ,44.6000,1984.0000,1984.0000,1984.0000,1984.0000,1984.0000,1984.0000,1984.0000,1984.0000,1984.0000,1984.0000,1984.0000,1984.0000,1984.0000,1984.0000
2024-11-08 11:52:01, , , ,44.8000,1984.0000,1984.0000,1984.0000,1984.0000,1984.0000,1984.0000,1984.0000,1984.0000,1984.0000,1984.0000,1984.0000,1984.0000,1984.0000,1984.0000
2024-11-08 11:52:02, , , ,45.0000,1984.0000,1984.0000,1984.0000,1984.0000,1984.0000,1984.0000,1984.0000,1984.0000,1984.0000,1984.0000,1984.0000,1984.0000,1984.0000,1984.0000
2024-11-08 11:52:02, , , ,45.1000,1984.0000,1984.0000,1984.0000,1984.0000,1984.0000,1984.0000,1984.0000,1984.0000,1984.0000,1984.0000,1984.0000,1984.0000,1984.0000,1984.0000
2024-11-08 11:52:02, , , ,45.1000,1984.0000,1984.0000,1984.0000,1984.0000,1984.0000,1984.0000,1984.0000,1984.0000,1984.0000,1984.0000,1984.0000,1984.0000,1984.0000,1984.0000
2024-11-08 11:52:02, , , ,45.3000,1984.0000,1984.0000,1984.0000,1984.0000,1984.0000,1984.0000,1984.0000,1984.0000,1984.0000,1984.0000,1984.0000,1984.0000,1984.0000,1984.0000
2024-11-08 11:52:02, , , ,45.8000,1984.0000,1984.0000,1984.0000,1984.0000,1984.0000,1984.0000,1984.0000,1984.0000,1984.0000,1984.0000,1984.0000,1984.0000,1984.0000,1984.0000
2024-11-08 11:52:02, , , ,46.0000,1984.0000,1984.0000,1984.0000,1984.0000,1984.0000,1984.0000,1984.0000,1984.0000,1984.0000,1984.0000,1984.0000,1984.0000,1984.0000,1984.0000
2024-11-08 11:52:03, , , ,46.2000,1984.0000,1984.0000,1984.0000,1984.0000,1984.0000,1984.0000,1984.0000,1984.0000,1984.0000,1984.0000,1984.0000,1984.0000,1984.0000,1984.0000
2024-11-08 11:52:03, , , ,46.3000,1984.0000,1984.0000,1984.0000,1984.0000,1984.0000,1984.0000,1984.0000,1984.0000,1984.0000,1984.0000,1984.0000,1984.0000,1984.0000,1984.0000
2024-11-08 11:52:03, , , ,46.4000,1984.0000,1984.0000,1984.0000,1984.0000,1984.0000,1984.0000,1984.0000,1984.0000,1984.0000,1984.0000,1984.0000,1984.0000,1984.0000,1984.0000
2024-11-08 11:52:03, , , ,46.6000,1984.0000,1984.0000,1984.0000,1984.0000,1984.0000,1984.0000,1984.0000,1984.0000,1984.0000,1984.0000,1984.0000,1984.0000,1984.0000,1984.0000
2024-11-08 11:52:03, , , ,46.9000,1984.0000,1984.0000,1984.0000,1984.0000,1984.0000,1984.0000,1984.0000,1984.0000,1984.0000,1984.0000,1984.0000,1984.0000,1984.0000,1984.0000
2024-11-08 11:52:03, , , ,47.0000,1984.0000,1984.0000,1984.0000,1984.0000,1984.0000,1984.0000,1984.0000,1984.0000,1984.0000,1984.0000,1984.0000,1984.0000,1984.0000,1984.0000
2024-11-08 11:52:04, , , ,47.4000,1984.0000,1984.0000,1984.0000,1984.0000,1984.0000,1984.0000,1984.0000,1984.0000,1984.0000,1984.0000,1984.0000,1984.0000,1984.0000,1984.0000
2024-11-08 11:52:04, , , ,47.5000,1984.0000,1984.0000,1984.0000,1984.0000,1984.0000,1984.0000,1984.0000,1984.0000,1984.0000,1984.0000,1984.0000,1984.0000,1984.0000,1984.0000
2024-11-08 11:52:04, , , ,47.7000,1984.0000,1984.0000,1984.0000,1984.0000,1984.0000,1984.0000,1984.0000,1984.0000,1984.0000,1984.0000,1984.0000,1984.0000,1984.0000,1984.0000
2024-11-08 11:52:04, , , ,47.7000,1984.0000,1984.0000,1984.0000,1984.0000,1984.0000,1984.0000,1984.0000,1984.0000,1984.0000,1984.0000,1984.0000,1984.0000,1984.0000,1984.0000
2024-11-08 11:52:04, , , ,47.9000,1984.0000,1984.0000,1984.0000,1984.0000,1984.0000,1984.0000,1984.0000,1984.0000,1984.0000,1984.0000,1984.0000,1984.0000,1984.0000,1984.0000
2024-11-08 11:52:04, , , ,48.1000,1984.0000,1984.0000,1984.0000,1984.0000,1984.0000,1984.0000,1984.0000,1984.0000,1984.0000,1984.0000,1984.0000,1984.0000,1984.0000,1984.0000
2024-11-08 11:52:05, , , ,48.3000,1984.0000,1984.0000,1984.0000,1984.0000,1984.0000,1984.0000,1984.0000,1984.0000,1984.0000,1984.0000,1984.0000,1984.0000,1984.0000,1984.0000
2024-11-08 11:52:05, , , ,48.5000,1984.0000,1984.0000,1984.0000,1984.0000,1984.0000,1984.0000,1984.0000,1984.0000,1984.0000,1984.0000,1984.0000,1984.0000,1984.0000,1984.0000
2024-11-08 11:52:05, , , ,48.6000,1984.0000,1984.0000,1984.0000,1984.0000,1984.0000,1984.0000,1984.0000,1984.0000,1984.0000,1984.0000,1984.0000,1984.0000,1984.0000,1984.0000
2024-11-08 11:52:05, , , ,48.8000,1984.0000,1984.0000,1984.0000,1984.0000,1984.0000,1984.0000,1984.0000,1984.0000,1984.0000,1984.0000,1984.0000,1984.0000,1984.0000,1984.0000
2024-11-08 11:52:05, , , ,49.1000,1984.0000,1984.0000,1984.0000,1984.0000,1984.0000,1984.0000,1984.0000,1984.0000,1984.0000,1984.0000,1984.0000,1984.0000,1984.0000,1984.0000
2024-11-08 11:52:05, , , ,49.3000,1984.0000,1984.0000,1984.0000,1984.0000,1984.0000,1984.0000,1984.0000,1984.0000,1984.0000,1984.0000,1984.0000,1984.0000,1984.0000,1984.0000
2024-11-08 11:52:06, , , ,49.4000,1984.0000,1984.0000,1984.0000,1984.0000,1984.0000,1984.0000,1984.0000,1984.0000,1984.0000,1984.0000,1984.0000,1984.0000,1984.0000,1984.0000
2024-11-08 11:52:06, , , ,49.6000,1984.0000,1984.0000,1984.0000,1984.0000,1984.0000,1984.0000,1984.0000,1984.0000,1984.0000,1984.0000,1984.0000,1984.0000,1984.0000,1984.0000
2024-11-08 11:52:06, , , ,49.7000,1984.0000,1984.0000,1984.0000,1984.0000,1984.0000,1984.0000,1984.0000,1984.0000,1984.0000,1984.0000,1984.0000,1984.0000,1984.0000,1984.0000
2024-11-08 11:52:06, , , ,49.9000,1984.0000,1984.0000,1984.0000,1984.0000,1984.0000,1984.0000,1984.0000,1984.0000,1984.0000,1984.0000,1984.0000,1984.0000,1984.0000,1984.0000
2024-11-08 11:52:06, , , ,50.0000,1984.0000,1984.0000,1984.0000,1984.0000,1984.0000,1984.0000,1984.0000,1984.0000,1984.0000,1984.0000,1984.0000,1984.0000,1984.0000,1984.0000
2024-11-08 11:52:06, , , ,50.0000,1984.0000,1984.0000,1984.0000,1984.0000,1984.0000,1984.0000,1984.0000,1984.0000,1984.0000,1984.0000,1984.0000,1984.0000,1984.0000,1984.0000
2024-11-08 11:52:07, , , ,50.3000,1984.0000,1984.0000,1984.0000,1984.0000,1984.0000,1984.0000,1984.0000,1984.0000,1984.0000,1984.0000,1984.0000,1984.0000,1984.0000,1984.0000
2024-11-08 11:52:07, , , ,50.5000,1984.0000,1984.0000,1984.0000,1984.0000,1984.0000,1984.0000,1984.0000,1984.0000,1984.0000,1984.0000,1984.0000,1984.0000,1984.0000,1984.0000
2024-11-08 11:52:07, , , ,50.7000,1984.0000,1984.0000,1984.0000,1984.0000,1984.0000,1984.0000,1984.0000,1984.0000,1984.0000,1984.0000,1984.0000,1984.0000,1984.0000,1984.0000
2024-11-08 11:52:07, , , ,50.8000,1984.0000,1984.0000,1984.0000,1984.0000,1984.0000,1984.0000,1984.0000,1984.0000,1984.0000,1984.0000,1984.0000,1984.0000,1984.0000,1984.0000
2024-11-08 11:52:07, , , ,51.0000,1984.0000,1984.0000,1984.0000,1984.0000,1984.0000,1984.0000,1984.0000,1984.0000,1984.0000,1984.0000,1984.0000,1984.0000,1984.0000,1984.0000
2024-11-08 11:52:07, , , ,51.1000,1984.0000,1984.0000,1984.0000,1984.0000,1984.0000,1984.0000,1984.0000,1984.0000,1984.0000,1984.0000,1984.0000,1984.0000,1984.0000,1984.0000
2024-11-08 11:52:08, , , ,51.2000,1984.0000,1984.0000,1984.0000,1984.0000,1984.0000,1984.0000,1984.0000,1984.0000,1984.0000,1984.0000,1984.0000,1984.0000,1984.0000,1984.0000
2024-11-08 11:52:08, , , ,51.3000,1984.0000,1984.0000,1984.0000,1984.0000,1984.0000,1984.0000,1984.0000,1984.0000,1984.0000,1984.0000,1984.0000,1984.0000,1984.0000,1984.0000
2024-11-08 11:52:08, , , ,51.5000,1984.0000,1984.0000,1984.0000,1984.0000,1984.0000,1984.0000,1984.0000,1984.0000,1984.0000,1984.0000,1984.0000,1984.0000,1984.0000,1984.0000
2024-11-08 11:52:08, , , ,51.6000,1984.0000,1984.0000,1984.0000,1984.0000,1984.0000,1984.0000,1984.0000,1984.0000,1984.0000,1984.0000,1984.0000,1984.0000,1984.0000,1984.0000
2024-11-08 11:52:08, , , ,51.9000,1984.0000,1984.0000,1984.0000,1984.0000,1984.0000,1984.0000,1984.0000,1984.0000,1984.0000,1984.0000,1984.0000,1984.0000,1984.0000,1984.0000
2024-11-08 11:52:08, , , ,51.9000,1984.0000,1984.0000,1984.0000,1984.0000,1984.0000,1984.0000,1984.0000,1984.0000,1984.0000,1984.0000,1984.0000,1984.0000,1984.0000,1984.0000
2024-11-08 11:52:09, , , ,51.9000,1984.0000,1984.0000,1984.0000,1984.0000,1984.0000,1984.0000,1984.0000,1984.0000,1984.0000,1984.0000,1984.0000,1984.0000,1984.0000,1984.0000
2024-11-08 11:52:09, , , ,52.1000,1984.0000,1984.0000,1984.0000,1984.0000,1984.0000,1984.0000,1984.0000,1984.0000,1984.0000,1984.0000,1984.0000,1984.0000,1984.0000,1984.0000
2024-11-08 11:52:09, , , ,52.3000,1984.0000,1984.0000,1984.0000,1984.0000,1984.0000,1984.0000,1984.0000,1984.0000,1984.0000,1984.0000,1984.0000,1984.0000,1984.0000,1984.0000
2024-11-08 11:52:09, , , ,52.4000,1984.0000,1984.0000,1984.0000,1984.0000,1984.0000,1984.0000,1984.0000,1984.0000,1984.0000,1984.0000,1984.0000,1984.0000,1984.0000,1984.0000
2024-11-08 11:52:09, , , ,52.7000,1984.0000,1984.0000,1984.0000,1984.0000,1984.0000,1984.0000,1984.0000,1984.0000,1984.0000,1984.0000,1984.0000,1984.0000,1984.0000,1984.0000
2024-11-08 11:52:09, , , ,52.8000,1984.0000,1984.0000,1984.0000,1984.0000,1984.0000,1984.0000,1984.0000,1984.0000,1984.0000,1984.0000,1984.0000,1984.0000,1984.0000,1984.0000
2024-11-08 11:52:10, , , ,52.9000,1984.0000,1984.0000,1984.0000,1984.0000,1984.0000,1984.0000,1984.0000,1984.0000,1984.0000,1984.0000,1984.0000,1984.0000,1984.0000,1984.0000
2024-11-08 11:52:10, , , ,53.0000,1984.0000,1984.0000,1984.0000,1984.0000,1984.0000,1984.0000,1984.0000,1984.0000,1984.0000,1984.0000,1984.0000,1984.0000,1984.0000,1984.0000
2024-11-08 11:52:10, , , ,53.1000,1984.0000,1984.0000,1984.0000,1984.0000,1984.0000,1984.0000,1984.0000,1984.0000,1984.0000,1984.0000,1984.0000,1984.0000,1984.0000,1984.0000
2024-11-08 11:52:10, , , ,53.1000,1984.0000,1984.0000,1984.0000,1984.0000,1984.0000,1984.0000,1984.0000,1984.0000,1984.0000,1984.0000,1984.0000,1984.0000,1984.0000,1984.0000
2024-11-08 11:52:10, , , ,53.0000,1984.0000,1984.0000,1984.0000,1984.0000,1984.0000,1984.0000,1984.0000,1984.0000,1984.0000,1984.0000,1984.0000,1984.0000,1984.0000,1984.0000
2024-11-08 11:52:10, , , ,52.9000,1984.0000,1984.0000,1984.0000,1984.0000,1984.0000,1984.0000,1984.0000,1984.0000,1984.0000,1984.0000,1984.0000,1984.0000,1984.0000,1984.0000
2024-11-08 11:52:11, , , ,52.9000,1984.0000,1984.0000,1984.0000,1984.0000,1984.0000,1984.0000,1984.0000,1984.0000,1984.0000,1984.0000,1984.0000,1984.0000,1984.0000,1984.0000
2024-11-08 11:52:11, , , ,52.9000,1984.0000,1984.0000,1984.0000,1984.0000,1984.0000,1984.0000,1984.0000,1984.0000,1984.0000,1984.0000,1984.0000,1984.0000,1984.0000,1984.0000
2024-11-08 11:52:11, , , ,52.9000,1984.0000,1984.0000,1984.0000,1984.0000,1984.0000,1984.0000,1984.0000,1984.0000,1984.0000,1984.0000,1984.0000,1984.0000,1984.0000,1984.0000
2024-11-08 11:52:11, , , ,52.8000,1984.0000,1984.0000,1984.0000,1984.0000,1984.0000,1984.0000,1984.0000,1984.0000,1984.0000,1984.0000,1984.0000,1984.0000,1984.0000,1984.0000
2024-11-08 11:52:11, , , ,52.6000,1984.0000,1984.0000,1984.0000,1984.0000,1984.0000,1984.0000,1984.0000,1984.0000,1984.0000,1984.0000,1984.0000,1984.0000,1984.0000,1984.0000
2024-11-08 11:52:11, , , ,52.6000,1984.0000,1984.0000,1984.0000,1984.0000,1984.0000,1984.0000,1984.0000,1984.0000,1984.0000,1984.0000,1984.0000,1984.0000,1984.0000,1984.0000
2024-11-08 11:52:12, , , ,52.5000,1984.0000,1984.0000,1984.0000,1984.0000,1984.0000,1984.0000,1984.0000,1984.0000,1984.0000,1984.0000,1984.0000,1984.0000,1984.0000,1984.0000
2024-11-08 11:52:12, , , ,52.5000,1984.0000,1984.0000,1984.0000,1984.0000,1984.0000,1984.0000,1984.0000,1984.0000,1984.0000,1984.0000,1984.0000,1984.0000,1984.0000,1984.0000
2024-11-08 11:52:12, , , ,52.5000,1984.0000,1984.0000,1984.0000,1984.0000,1984.0000,1984.0000,1984.0000,1984.0000,1984.0000,1984.0000,1984.0000,1984.0000,1984.0000,1984.0000
2024-11-08 11:52:12, , , ,52.5000,1984.0000,1984.0000,1984.0000,1984.0000,1984.0000,1984.0000,1984.0000,1984.0000,1984.0000,1984.0000,1984.0000,1984.0000,1984.0000,1984.0000
2024-11-08 11:52:12, , , ,52.5000,1984.0000,1984.0000,1984.0000,1984.0000,1984.0000,1984.0000,1984.0000,1984.0000,1984.0000,1984.0000,1984.0000,1984.0000,1984.0000,1984.0000
2024-11-08 11:52:12, , , ,52.4000,1984.0000,1984.0000,1984.0000,1984.0000,1984.0000,1984.0000,1984.0000,1984.0000,1984.0000,1984.0000,1984.0000,1984.0000,1984.0000,1984.0000
2024-11-08 11:52:13, , , ,52.4000,1984.0000,1984.0000,1984.0000,1984.0000,1984.0000,1984.0000,1984.0000,1984.0000,1984.0000,1984.0000,1984.0000,1984.0000,1984.0000,1984.0000
2024-11-08 11:52:13, , , ,52.3000,1984.0000,1984.0000,1984.0000,1984.0000,1984.0000,1984.0000,1984.0000,1984.0000,1984.0000,1984.0000,1984.0000,1984.0000,1984.0000,1984.0000
2024-11-08 11:52:13, , , ,52.3000,1984.0000,1984.0000,1984.0000,1984.0000,1984.0000,1984.0000,1984.0000,1984.0000,1984.0000,1984.0000,1984.0000,1984.0000,1984.0000,1984.0000
2024-11-08 11:52:13, , , ,52.3000,1984.0000,1984.0000,1984.0000,1984.0000,1984.0000,1984.0000,1984.0000,1984.0000,1984.0000,1984.0000,1984.0000,1984.0000,1984.0000,1984.0000
2024-11-08 11:52:13, , , ,52.2000,1984.0000,1984.0000,1984.0000,1984.0000,1984.0000,1984.0000,1984.0000,1984.0000,1984.0000,1984.0000,1984.0000,1984.0000,1984.0000,1984.0000
2024-11-08 11:52:13, , , ,52.2000,1984.0000,1984.0000,1984.0000,1984.0000,1984.0000,1984.0000,1984.0000,1984.0000,1984.0000,1984.0000,1984.0000,1984.0000,1984.0000,1984.0000
2024-11-08 11:52:14, , , ,52.2000,1984.0000,1984.0000,1984.0000,1984.0000,1984.0000,1984.0000,1984.0000,1984.0000,1984.0000,1984.0000,1984.0000,1984.0000,1984.0000,1984.0000
2024-11-08 11:52:14, , , ,52.2000,1984.0000,1984.0000,1984.0000,1984.0000,1984.0000,1984.0000,1984.0000,1984.0000,1984.0000,1984.0000,1984.0000,1984.0000,1984.0000,1984.0000
2024-11-08 11:52:14, , , ,52.1000,1984.0000,1984.0000,1984.0000,1984.0000,1984.0000,1984.0000,1984.0000,1984.0000,1984.0000,1984.0000,1984.0000,1984.0000,1984.0000,1984.0000
2024-11-08 11:52:14, , , ,52.1000,1984.0000,1984.0000,1984.0000,1984.0000,1984.0000,1984.0000,1984.0000,1984.0000,1984.0000,1984.0000,1984.0000,1984.0000,1984.0000,1984.0000
2024-11-08 11:52:14, , , ,51.9000,1984.0000,1984.0000,1984.0000,1984.0000,1984.0000,1984.0000,1984.0000,1984.0000,1984.0000,1984.0000,1984.0000,1984.0000,1984.0000,1984.0000
2024-11-08 11:52:14, , , ,51.8000,1984.0000,1984.0000,1984.0000,1984.0000,1984.0000,1984.0000,1984.0000,1984.0000,1984.0000,1984.0000,1984.0000,1984.0000,1984.0000,1984.0000
2024-11-08 11:52:15, , , ,51.8000,1984.0000,1984.0000,1984.0000,1984.0000,1984.0000,1984.0000,1984.0000,1984.0000,1984.0000,1984.0000,1984.0000,1984.0000,1984.0000,1984.0000
2024-11-08 11:52:15, , , ,51.8000,1984.0000,1984.0000,1984.0000,1984.0000,1984.0000,1984.0000,1984.0000,1984.0000,1984.0000,1984.0000,1984.0000,1984.0000,1984.0000,1984.0000
2024-11-08 11:52:15, , , ,51.8000,1984.0000,1984.0000,1984.0000,1984.0000,1984.0000,1984.0000,1984.0000,1984.0000,1984.0000,1984.0000,1984.0000,1984.0000,1984.0000,1984.0000
2024-11-08 11:52:15, , , ,51.8000,1984.0000,1984.0000,1984.0000,1984.0000,1984.0000,1984.0000,1984.0000,1984.0000,1984.0000,1984.0000,1984.0000,1984.0000,1984.0000,1984.0000
2024-11-08 11:52:15, , , ,51.8000,1984.0000,1984.0000,1984.0000,1984.0000,1984.0000,1984.0000,1984.0000,1984.0000,1984.0000,1984.0000,1984.0000,1984.0000,1984.0000,1984.0000
2024-11-08 11:52:15, , , ,51.8000,1984.0000,1984.0000,1984.0000,1984.0000,1984.0000,1984.0000,1984.0000,1984.0000,1984.0000,1984.0000,1984.0000,1984.0000,1984.0000,1984.0000
2024-11-08 11:52:16, , , ,51.7000,1984.0000,1984.0000,1984.0000,1984.0000,1984.0000,1984.0000,1984.0000,1984.0000,1984.0000,1984.0000,1984.0000,1984.0000,1984.0000,1984.0000
2024-11-08 11:52:16, , , ,51.7000,1984.0000,1984.0000,1984.0000,1984.0000,1984.0000,1984.0000,1984.0000,1984.0000,1984.0000,1984.0000,1984.0000,1984.0000,1984.0000,1984.0000
2024-11-08 11:52:16, , , ,51.6000,1984.0000,1984.0000,1984.0000,1984.0000,1984.0000,1984.0000,1984.0000,1984.0000,1984.0000,1984.0000,1984.0000,1984.0000,1984.0000,1984.0000
2024-11-08 11:52:16, , , ,51.6000,1984.0000,1984.0000,1984.0000,1984.0000,1984.0000,1984.0000,1984.0000,1984.0000,1984.0000,1984.0000,1984.0000,1984.0000,1984.0000,1984.0000
2024-11-08 11:52:16, , , ,51.5000,1984.0000,1984.0000,1984.0000,1984.0000,1984.0000,1984.0000,1984.0000,1984.0000,1984.0000,1984.0000,1984.0000,1984.0000,1984.0000,1984.0000
2024-11-08 11:52:16, , , ,51.5000,1984.0000,1984.0000,1984.0000,1984.0000,1984.0000,1984.0000,1984.0000,1984.0000,1984.0000,1984.0000,1984.0000,1984.0000,1984.0000,1984.0000
2024-11-08 11:52:17, , , ,51.5000,1984.0000,1984.0000,1984.0000,1984.0000,1984.0000,1984.0000,1984.0000,1984.0000,1984.0000,1984.0000,1984.0000,1984.0000,1984.0000,1984.0000
2024-11-08 11:52:17, , , ,51.5000,1984.0000,1984.0000,1984.0000,1984.0000,1984.0000,1984.0000,1984.0000,1984.0000,1984.0000,1984.0000,1984.0000,1984.0000,1984.0000,1984.0000
2024-11-08 11:52:17, , , ,51.4000,1984.0000,1984.0000,1984.0000,1984.0000,1984.0000,1984.0000,1984.0000,1984.0000,1984.0000,1984.0000,1984.0000,1984.0000,1984.0000,1984.0000
2024-11-08 11:52:17, , , ,51.4000,1984.0000,1984.0000,1984.0000,1984.0000,1984.0000,1984.0000,1984.0000,1984.0000,1984.0000,1984.0000,1984.0000,1984.0000,1984.0000,1984.0000
2024-11-08 11:52:17, , , ,51.3000,1984.0000,1984.0000,1984.0000,1984.0000,1984.0000,1984.0000,1984.0000,1984.0000,1984.0000,1984.0000,1984.0000,1984.0000,1984.0000,1984.0000
2024-11-08 11:52:17, , , ,51.3000,1984.0000,1984.0000,1984.0000,1984.0000,1984.0000,1984.0000,1984.0000,1984.0000,1984.0000,1984.0000,1984.0000,1984.0000,1984.0000,1984.0000
2024-11-08 11:52:18, , , ,51.2000,1984.0000,1984.0000,1984.0000,1984.0000,1984.0000,1984.0000,1984.0000,1984.0000,1984.0000,1984.0000,1984.0000,1984.0000,1984.0000,1984.0000
2024-11-08 11:52:18, , , ,51.1000,1984.0000,1984.0000,1984.0000,1984.0000,1984.0000,1984.0000,1984.0000,1984.0000,1984.0000,1984.0000,1984.0000,1984.0000,1984.0000,1984.0000
2024-11-08 11:52:18, , , ,51.1000,1984.0000,1984.0000,1984.0000,1984.0000,1984.0000,1984.0000,1984.0000,1984.0000,1984.0000,1984.0000,1984.0000,1984.0000,1984.0000,1984.0000
2024-11-08 11:52:18, , , ,51.1000,1984.0000,1984.0000,1984.0000,1984.0000,1984.0000,1984.0000,1984.0000,1984.0000,1984.0000,1984.0000,1984.0000,1984.0000,1984.0000,1984.0000
2024-11-08 11:52:18, , , ,51.0000,1984.0000,1984.0000,1984.0000,1984.0000,1984.0000,1984.0000,1984.0000,1984.0000,1984.0000,1984.0000,1984.0000,1984.0000,1984.0000,1984.0000
2024-11-08 11:52:18, , , ,51.0000,1984.0000,1984.0000,1984.0000,1984.0000,1984.0000,1984.0000,1984.0000,1984.0000,1984.0000,1984.0000,1984.0000,1984.0000,1984.0000,1984.0000
