Timestamp,Heater,Max Power,PWM Cycle Time,ch1,ch2,ch3,ch4,ch5,ch6,ch7,ch8,ch9,ch10,ch11,ch12,ch13,ch14,ch15,ch16
2024-12-05 14:25:36, , , ,46.2000,1984.0000,1984.0000,1984.0000,1984.0000,1984.0000,1984.0000,1984.0000,1984.0000,1984.0000,1984.0000,1984.0000,1984.0000,1984.0000,1984.0000
2024-12-05 14:25:37, , , ,46.3000,1984.0000,1984.0000,1984.0000,1984.0000,1984.0000,1984.0000,1984.0000,1984.0000,1984.0000,1984.0000,1984.0000,1984.0000,1984.0000,1984.0000
2024-12-05 14:25:37, , , ,46.8000,1984.0000,1984.0000,1984.0000,1984.0000,1984.0000,1984.0000,1984.0000,1984.0000,1984.0000,1984.0000,1984.0000,1984.0000,1984.0000,1984.0000
2024-12-05 14:25:37, , , ,47.1000,1984.0000,1984.0000,1984.0000,1984.0000,1984.0000,1984.0000,1984.0000,1984.0000,1984.0000,1984.0000,1984.0000,1984.0000,1984.0000,1984.0000
2024-12-05 14:25:37, , , ,47.1000,1984.0000,1984.0000,1984.0000,1984.0000,1984.0000,1984.0000,1984.0000,1984.0000,1984.0000,1984.0000,1984.0000,1984.0000,1984.0000,1984.0000
2024-12-05 14:25:37, , , ,47.1000,1984.0000,1984.0000,1984.0000,1984.0000,1984.0000,1984.0000,1984.0000,1984.0000,1984.0000,1984.0000,1984.0000,1984.0000,1984.0000,1984.0000
2024-12-05 14:25:38, , , ,47.1000,1984.0000,1984.0000,1984.0000,1984.0000,1984.0000,1984.0000,1984.0000,1984.0000,1984.0000,1984.0000,1984.0000,1984.0000,1984.0000,1984.0000
2024-12-05 14:25:38, , , ,47.2000,1984.0000,1984.0000,1984.0000,1984.0000,1984.0000,1984.0000,1984.0000,1984.0000,1984.0000,1984.0000,1984.0000,1984.0000,1984.0000,1984.0000
2024-12-05 14:25:38, , , ,47.2000,1984.0000,1984.0000,1984.0000,1984.0000,1984.0000,1984.0000,1984.0000,1984.0000,1984.0000,1984.0000,1984.0000,1984.0000,1984.0000,1984.0000
2024-12-05 14:25:38, , , ,47.2000,1984.0000,1984.0000,1984.0000,1984.0000,1984.0000,1984.0000,1984.0000,1984.0000,1984.0000,1984.0000,1984.0000,1984.0000,1984.0000,1984.0000
2024-12-05 14:25:38, , , ,47.2000,1984.0000,1984.0000,1984.0000,1984.0000,1984.0000,1984.0000,1984.0000,1984.0000,1984.0000,1984.0000,1984.0000,1984.0000,1984.0000,1984.0000
2024-12-05 14:25:38, , , ,47.2000,1984.0000,1984.0000,1984.0000,1984.0000,1984.0000,1984.0000,1984.0000,1984.0000,1984.0000,1984.0000,1984.0000,1984.0000,1984.0000,1984.0000
2024-12-05 14:25:39, , , ,47.2000,1984.0000,1984.0000,1984.0000,1984.0000,1984.0000,1984.0000,1984.0000,1984.0000,1984.0000,1984.0000,1984.0000,1984.0000,1984.0000,1984.0000
2024-12-05 14:25:39, , , ,47.2000,1984.0000,1984.0000,1984.0000,1984.0000,1984.0000,1984.0000,1984.0000,1984.0000,1984.0000,1984.0000,1984.0000,1984.0000,1984.0000,1984.0000
2024-12-05 14:25:39, , , ,47.1000,1984.0000,1984.0000,1984.0000,1984.0000,1984.0000,1984.0000,1984.0000,1984.0000,1984.0000,1984.0000,1984.0000,1984.0000,1984.0000,1984.0000
2024-12-05 14:25:39, , , ,47.1000,1984.0000,1984.0000,1984.0000,1984.0000,1984.0000,1984.0000,1984.0000,1984.0000,1984.0000,1984.0000,1984.0000,1984.0000,1984.0000,1984.0000
2024-12-05 14:25:39, , , ,47.1000,1984.0000,1984.0000,1984.0000,1984.0000,1984.0000,1984.0000,1984.0000,1984.0000,1984.0000,1984.0000,1984.0000,1984.0000,1984.0000,1984.0000
2024-12-05 14:25:39, , , ,47.1000,1984.0000,1984.0000,1984.0000,1984.0000,1984.0000,1984.0000,1984.0000,1984.0000,1984.0000,1984.0000,1984.0000,1984.0000,1984.0000,1984.0000
2024-12-05 14:25:40, , , ,47.1000,1984.0000,1984.0000,1984.0000,1984.0000,1984.0000,1984.0000,1984.0000,1984.0000,1984.0000,1984.0000,1984.0000,1984.0000,1984.0000,1984.0000
2024-12-05 14:25:40, , , ,47.1000,1984.0000,1984.0000,1984.0000,1984.0000,1984.0000,1984.0000,1984.0000,1984.0000,1984.0000,1984.0000,1984.0000,1984.0000,1984.0000,1984.0000
2024-12-05 14:25:40, , , ,47.0000,1984.0000,1984.0000,1984.0000,1984.0000,1984.0000,1984.0000,1984.0000,1984.0000,1984.0000,1984.0000,1984.0000,1984.0000,1984.0000,1984.0000
2024-12-05 14:25:40, , , ,47.0000,1984.0000,1984.0000,1984.0000,1984.0000,1984.0000,1984.0000,1984.0000,1984.0000,1984.0000,1984.0000,1984.0000,1984.0000,1984.0000,1984.0000
2024-12-05 14:25:40, , , ,47.0000,1984.0000,1984.0000,1984.0000,1984.0000,1984.0000,1984.0000,1984.0000,1984.0000,1984.0000,1984.0000,1984.0000,1984.0000,1984.0000,1984.0000
2024-12-05 14:25:40, , , ,47.0000,1984.0000,1984.0000,1984.0000,1984.0000,1984.0000,1984.0000,1984.0000,1984.0000,1984.0000,1984.0000,1984.0000,1984.0000,1984.0000,1984.0000
2024-12-05 14:25:41, , , ,46.9000,1984.0000,1984.0000,1984.0000,1984.0000,1984.0000,1984.0000,1984.0000,1984.0000,1984.0000,1984.0000,1984.0000,1984.0000,1984.0000,1984.0000
2024-12-05 14:25:41, , , ,46.9000,1984.0000,1984.0000,1984.0000,1984.0000,1984.0000,1984.0000,1984.0000,1984.0000,1984.0000,1984.0000,1984.0000,1984.0000,1984.0000,1984.0000
2024-12-05 14:25:41, , , ,46.9000,1984.0000,1984.0000,1984.0000,1984.0000,1984.0000,1984.0000,1984.0000,1984.0000,1984.0000,1984.0000,1984.0000,1984.0000,1984.0000,1984.0000
2024-12-05 14:25:41, , , ,46.9000,1984.0000,1984.0000,1984.0000,1984.0000,1984.0000,1984.0000,1984.0000,1984.0000,1984.0000,1984.0000,1984.0000,1984.0000,1984.0000,1984.0000
2024-12-05 14:25:41, , , ,46.9000,1984.0000,1984.0000,1984.0000,1984.0000,1984.0000,1984.0000,1984.0000,1984.0000,1984.0000,1984.0000,1984.0000,1984.0000,1984.0000,1984.0000
2024-12-05 14:25:41, , , ,46.9000,1984.0000,1984.0000,1984.0000,1984.0000,1984.0000,1984.0000,1984.0000,1984.0000,1984.0000,1984.0000,1984.0000,1984.0000,1984.0000,1984.0000
2024-12-05 14:25:42, , , ,46.9000,1984.0000,1984.0000,1984.0000,1984.0000,1984.0000,1984.0000,1984.0000,1984.0000,1984.0000,1984.0000,1984.0000,1984.0000,1984.0000,1984.0000
2024-12-05 14:25:42, , , ,46.9000,1984.0000,1984.0000,1984.0000,1984.0000,1984.0000,1984.0000,1984.0000,1984.0000,1984.0000,1984.0000,1984.0000,1984.0000,1984.0000,1984.0000
2024-12-05 14:25:42, , , ,46.9000,1984.0000,1984.0000,1984.0000,1984.0000,1984.0000,1984.0000,1984.0000,1984.0000,1984.0000,1984.0000,1984.0000,1984.0000,1984.0000,1984.0000
2024-12-05 14:25:42, , , ,46.9000,1984.0000,1984.0000,1984.0000,1984.0000,1984.0000,1984.0000,1984.0000,1984.0000,1984.0000,1984.0000,1984.0000,1984.0000,1984.0000,1984.0000
2024-12-05 14:25:42, , , ,46.8000,1984.0000,1984.0000,1984.0000,1984.0000,1984.0000,1984.0000,1984.0000,1984.0000,1984.0000,1984.0000,1984.0000,1984.0000,1984.0000,1984.0000
2024-12-05 14:25:42, , , ,46.8000,1984.0000,1984.0000,1984.0000,1984.0000,1984.0000,1984.0000,1984.0000,1984.0000,1984.0000,1984.0000,1984.0000,1984.0000,1984.0000,1984.0000
2024-12-05 14:25:43, , , ,46.7000,1984.0000,1984.0000,1984.0000,1984.0000,1984.0000,1984.0000,1984.0000,1984.0000,1984.0000,1984.0000,1984.0000,1984.0000,1984.0000,1984.0000
2024-12-05 14:25:43, , , ,46.7000,1984.0000,1984.0000,1984.0000,1984.0000,1984.0000,1984.0000,1984.0000,1984.0000,1984.0000,1984.0000,1984.0000,1984.0000,1984.0000,1984.0000
2024-12-05 14:25:43, , , ,46.7000,1984.0000,1984.0000,1984.0000,1984.0000,1984.0000,1984.0000,1984.0000,1984.0000,1984.0000,1984.0000,1984.0000,1984.0000,1984.0000,1984.0000
2024-12-05 14:25:43, , , ,46.7000,1984.0000,1984.0000,1984.0000,1984.0000,1984.0000,1984.0000,1984.0000,1984.0000,1984.0000,1984.0000,1984.0000,1984.0000,1984.0000,1984.0000
2024-12-05 14:25:43, , , ,46.8000,1984.0000,1984.0000,1984.0000,1984.0000,1984.0000,1984.0000,1984.0000,1984.0000,1984.0000,1984.0000,1984.0000,1984.0000,1984.0000,1984.0000
2024-12-05 14:25:43, , , ,46.8000,1984.0000,1984.0000,1984.0000,1984.0000,1984.0000,1984.0000,1984.0000,1984.0000,1984.0000,1984.0000,1984.0000,1984.0000,1984.0000,1984.0000
2024-12-05 14:25:44, , , ,46.8000,1984.0000,1984.0000,1984.0000,1984.0000,1984.0000,1984.0000,1984.0000,1984.0000,1984.0000,1984.0000,1984.0000,1984.0000,1984.0000,1984.0000
2024-12-05 14:25:44, , , ,46.7000,1984.0000,1984.0000,1984.0000,1984.0000,1984.0000,1984.0000,1984.0000,1984.0000,1984.0000,1984.0000,1984.0000,1984.0000,1984.0000,1984.0000
2024-12-05 14:25:44, , , ,46.7000,1984.0000,1984.0000,1984.0000,1984.0000,1984.0000,1984.0000,1984.0000,1984.0000,1984.0000,1984.0000,1984.0000,1984.0000,1984.0000,1984.0000
2024-12-05 14:25:44, , , ,46.7000,1984.0000,1984.0000,1984.0000,1984.0000,1984.0000,1984.0000,1984.0000,1984.0000,1984.0000,1984.0000,1984.0000,1984.0000,1984.0000,1984.0000
2024-12-05 14:25:44, , , ,46.6000,1984.0000,1984.0000,1984.0000,1984.0000,1984.0000,1984.0000,1984.0000,1984.0000,1984.0000,1984.0000,1984.0000,1984.0000,1984.0000,1984.0000
2024-12-05 14:25:44, , , ,46.6000,1984.0000,1984.0000,1984.0000,1984.0000,1984.0000,1984.0000,1984.0000,1984.0000,1984.0000,1984.0000,1984.0000,1984.0000,1984.0000,1984.0000
2024-12-05 14:25:45, , , ,46.6000,1984.0000,1984.0000,1984.0000,1984.0000,1984.0000,1984.0000,1984.0000,1984.0000,1984.0000,1984.0000,1984.0000,1984.0000,1984.0000,1984.0000
2024-12-05 14:25:45, , , ,46.6000,1984.0000,1984.0000,1984.0000,1984.0000,1984.0000,1984.0000,1984.0000,1984.0000,1984.0000,1984.0000,1984.0000,1984.0000,1984.0000,1984.0000
2024-12-05 14:25:45, , , ,46.6000,1984.0000,1984.0000,1984.0000,1984.0000,1984.0000,1984.0000,1984.0000,1984.0000,1984.0000,1984.0000,1984.0000,1984.0000,1984.0000,1984.0000
2024-12-05 14:25:45, , , ,46.7000,1984.0000,1984.0000,1984.0000,1984.0000,1984.0000,1984.0000,1984.0000,1984.0000,1984.0000,1984.0000,1984.0000,1984.0000,1984.0000,1984.0000
2024-12-05 14:25:45, , , ,46.6000,1984.0000,1984.0000,1984.0000,1984.0000,1984.0000,1984.0000,1984.0000,1984.0000,1984.0000,1984.0000,1984.0000,1984.0000,1984.0000,1984.0000
2024-12-05 14:25:45, , , ,46.6000,1984.0000,1984.0000,1984.0000,1984.0000,1984.0000,1984.0000,1984.0000,1984.0000,1984.0000,1984.0000,1984.0000,1984.0000,1984.0000,1984.0000
2024-12-05 14:25:46, , , ,46.5000,1984.0000,1984.0000,1984.0000,1984.0000,1984.0000,1984.0000,1984.0000,1984.0000,1984.0000,1984.0000,1984.0000,1984.0000,1984.0000,1984.0000
2024-12-05 14:25:46, , , ,46.5000,1984.0000,1984.0000,1984.0000,1984.0000,1984.0000,1984.0000,1984.0000,1984.0000,1984.0000,1984.0000,1984.0000,1984.0000,1984.0000,1984.0000
2024-12-05 14:25:46, , , ,46.5000,1984.0000,1984.0000,1984.0000,1984.0000,1984.0000,1984.0000,1984.0000,1984.0000,1984.0000,1984.0000,1984.0000,1984.0000,1984.0000,1984.0000
2024-12-05 14:25:46, , , ,46.5000,1984.0000,1984.0000,1984.0000,1984.0000,1984.0000,1984.0000,1984.0000,1984.0000,1984.0000,1984.0000,1984.0000,1984.0000,1984.0000,1984.0000
2024-12-05 14:25:46, , , ,46.5000,1984.0000,1984.0000,1984.0000,1984.0000,1984.0000,1984.0000,1984.0000,1984.0000,1984.0000,1984.0000,1984.0000,1984.0000,1984.0000,1984.0000
2024-12-05 14:25:46, , , ,46.5000,1984.0000,1984.0000,1984.0000,1984.0000,1984.0000,1984.0000,1984.0000,1984.0000,1984.0000,1984.0000,1984.0000,1984.0000,1984.0000,1984.0000
2024-12-05 14:25:47, , , ,46.5000,1984.0000,1984.0000,1984.0000,1984.0000,1984.0000,1984.0000,1984.0000,1984.0000,1984.0000,1984.0000,1984.0000,1984.0000,1984.0000,1984.0000
2024-12-05 14:25:47, , , ,46.4000,1984.0000,1984.0000,1984.0000,1984.0000,1984.0000,1984.0000,1984.0000,1984.0000,1984.0000,1984.0000,1984.0000,1984.0000,1984.0000,1984.0000
2024-12-05 14:25:47, , , ,46.4000,1984.0000,1984.0000,1984.0000,1984.0000,1984.0000,1984.0000,1984.0000,1984.0000,1984.0000,1984.0000,1984.0000,1984.0000,1984.0000,1984.0000
2024-12-05 14:25:47, , , ,46.4000,1984.0000,1984.0000,1984.0000,1984.0000,1984.0000,1984.0000,1984.0000,1984.0000,1984.0000,1984.0000,1984.0000,1984.0000,1984.0000,1984.0000
2024-12-05 14:25:47, , , ,46.4000,1984.0000,1984.0000,1984.0000,1984.0000,1984.0000,1984.0000,1984.0000,1984.0000,1984.0000,1984.0000,1984.0000,1984.0000,1984.0000,1984.0000
2024-12-05 14:25:47, , , ,46.4000,1984.0000,1984.0000,1984.0000,1984.0000,1984.0000,1984.0000,1984.0000,1984.0000,1984.0000,1984.0000,1984.0000,1984.0000,1984.0000,1984.0000
2024-12-05 14:25:48, , , ,46.3000,1984.0000,1984.0000,1984.0000,1984.0000,1984.0000,1984.0000,1984.0000,1984.0000,1984.0000,1984.0000,1984.0000,1984.0000,1984.0000,1984.0000
2024-12-05 14:25:48, , , ,46.4000,1984.0000,1984.0000,1984.0000,1984.0000,1984.0000,1984.0000,1984.0000,1984.0000,1984.0000,1984.0000,1984.0000,1984.0000,1984.0000,1984.0000
2024-12-05 14:25:48, , , ,46.6000,1984.0000,1984.0000,1984.0000,1984.0000,1984.0000,1984.0000,1984.0000,1984.0000,1984.0000,1984.0000,1984.0000,1984.0000,1984.0000,1984.0000
2024-12-05 14:25:48, , , ,46.8000,1984.0000,1984.0000,1984.0000,1984.0000,1984.0000,1984.0000,1984.0000,1984.0000,1984.0000,1984.0000,1984.0000,1984.0000,1984.0000,1984.0000
2024-12-05 14:25:48, , , ,47.0000,1984.0000,1984.0000,1984.0000,1984.0000,1984.0000,1984.0000,1984.0000,1984.0000,1984.0000,1984.0000,1984.0000,1984.0000,1984.0000,1984.0000
2024-12-05 14:25:48, , , ,47.1000,1984.0000,1984.0000,1984.0000,1984.0000,1984.0000,1984.0000,1984.0000,1984.0000,1984.0000,1984.0000,1984.0000,1984.0000,1984.0000,1984.0000
2024-12-05 14:25:49, , , ,47.1000,1984.0000,1984.0000,1984.0000,1984.0000,1984.0000,1984.0000,1984.0000,1984.0000,1984.0000,1984.0000,1984.0000,1984.0000,1984.0000,1984.0000
2024-12-05 14:25:49, , , ,47.3000,1984.0000,1984.0000,1984.0000,1984.0000,1984.0000,1984.0000,1984.0000,1984.0000,1984.0000,1984.0000,1984.0000,1984.0000,1984.0000,1984.0000
2024-12-05 14:25:49, , , ,47.3000,1984.0000,1984.0000,1984.0000,1984.0000,1984.0000,1984.0000,1984.0000,1984.0000,1984.0000,1984.0000,1984.0000,1984.0000,1984.0000,1984.0000
2024-12-05 14:25:49, , , ,47.3000,1984.0000,1984.0000,1984.0000,1984.0000,1984.0000,1984.0000,1984.0000,1984.0000,1984.0000,1984.0000,1984.0000,1984.0000,1984.0000,1984.0000
2024-12-05 14:25:49, , , ,47.3000,1984.0000,1984.0000,1984.0000,1984.0000,1984.0000,1984.0000,1984.0000,1984.0000,1984.0000,1984.0000,1984.0000,1984.0000,1984.0000,1984.0000
2024-12-05 14:25:49, , , ,47.3000,1984.0000,1984.0000,1984.0000,1984.0000,1984.0000,1984.0000,1984.0000,1984.0000,1984.0000,1984.0000,1984.0000,1984.0000,1984.0000,1984.0000
2024-12-05 14:25:50, , , ,47.3000,1984.0000,1984.0000,1984.0000,1984.0000,1984.0000,1984.0000,1984.0000,1984.0000,1984.0000,1984.0000,1984.0000,1984.0000,1984.0000,1984.0000
2024-12-05 14:25:50, , , ,47.3000,1984.0000,1984.0000,1984.0000,1984.0000,1984.0000,1984.0000,1984.0000,1984.0000,1984.0000,1984.0000,1984.0000,1984.0000,1984.0000,1984.0000
2024-12-05 14:25:50, , , ,47.3000,1984.0000,1984.0000,1984.0000,1984.0000,1984.0000,1984.0000,1984.0000,1984.0000,1984.0000,1984.0000,1984.0000,1984.0000,1984.0000,1984.0000
2024-12-05 14:25:50, , , ,47.3000,1984.0000,1984.0000,1984.0000,1984.0000,1984.0000,1984.0000,1984.0000,1984.0000,1984.0000,1984.0000,1984.0000,1984.0000,1984.0000,1984.0000
2024-12-05 14:25:50, , , ,47.3000,1984.0000,1984.0000,1984.0000,1984.0000,1984.0000,1984.0000,1984.0000,1984.0000,1984.0000,1984.0000,1984.0000,1984.0000,1984.0000,1984.0000
2024-12-05 14:25:50, , , ,47.2000,1984.0000,1984.0000,1984.0000,1984.0000,1984.0000,1984.0000,1984.0000,1984.0000,1984.0000,1984.0000,1984.0000,1984.0000,1984.0000,1984.0000
2024-12-05 14:25:51, , , ,47.2000,1984.0000,1984.0000,1984.0000,1984.0000,1984.0000,1984.0000,1984.0000,1984.0000,1984.0000,1984.0000,1984.0000,1984.0000,1984.0000,1984.0000
2024-12-05 14:25:51, , , ,47.2000,1984.0000,1984.0000,1984.0000,1984.0000,1984.0000,1984.0000,1984.0000,1984.0000,1984.0000,1984.0000,1984.0000,1984.0000,1984.0000,1984.0000
2024-12-05 14:25:51, , , ,47.1000,1984.0000,1984.0000,1984.0000,1984.0000,1984.0000,1984.0000,1984.0000,1984.0000,1984.0000,1984.0000,1984.0000,1984.0000,1984.0000,1984.0000
2024-12-05 14:25:51, , , ,47.1000,1984.0000,1984.0000,1984.0000,1984.0000,1984.0000,1984.0000,1984.0000,1984.0000,1984.0000,1984.0000,1984.0000,1984.0000,1984.0000,1984.0000
2024-12-05 14:25:51, , , ,47.0000,1984.0000,1984.0000,1984.0000,1984.0000,1984.0000,1984.0000,1984.0000,1984.0000,1984.0000,1984.0000,1984.0000,1984.0000,1984.0000,1984.0000
2024-12-05 14:25:51, , , ,47.0000,1984.0000,1984.0000,1984.0000,1984.0000,1984.0000,1984.0000,1984.0000,1984.0000,1984.0000,1984.0000,1984.0000,1984.0000,1984.0000,1984.0000
2024-12-05 14:25:52, , , ,47.0000,1984.0000,1984.0000,1984.0000,1984.0000,1984.0000,1984.0000,1984.0000,1984.0000,1984.0000,1984.0000,1984.0000,1984.0000,1984.0000,1984.0000
2024-12-05 14:25:52, , , ,47.0000,1984.0000,1984.0000,1984.0000,1984.0000,1984.0000,1984.0000,1984.0000,1984.0000,1984.0000,1984.0000,1984.0000,1984.0000,1984.0000,1984.0000
2024-12-05 14:25:52, , , ,46.9000,1984.0000,1984.0000,1984.0000,1984.0000,1984.0000,1984.0000,1984.0000,1984.0000,1984.0000,1984.0000,1984.0000,1984.0000,1984.0000,1984.0000
2024-12-05 14:25:52, , , ,46.9000,1984.0000,1984.0000,1984.0000,1984.0000,1984.0000,1984.0000,1984.0000,1984.0000,1984.0000,1984.0000,1984.0000,1984.0000,1984.0000,1984.0000
2024-12-05 14:25:52, , , ,46.9000,1984.0000,1984.0000,1984.0000,1984.0000,1984.0000,1984.0000,1984.0000,1984.0000,1984.0000,1984.0000,1984.0000,1984.0000,1984.0000,1984.0000
2024-12-05 14:25:52, , , ,46.9000,1984.0000,1984.0000,1984.0000,1984.0000,1984.0000,1984.0000,1984.0000,1984.0000,1984.0000,1984.0000,1984.0000,1984.0000,1984.0000,1984.0000
2024-12-05 14:25:53, , , ,46.9000,1984.0000,1984.0000,1984.0000,1984.0000,1984.0000,1984.0000,1984.0000,1984.0000,1984.0000,1984.0000,1984.0000,1984.0000,1984.0000,1984.0000
2024-12-05 14:25:53, , , ,46.9000,1984.0000,1984.0000,1984.0000,1984.0000,1984.0000,1984.0000,1984.0000,1984.0000,1984.0000,1984.0000,1984.0000,1984.0000,1984.0000,1984.0000
2024-12-05 14:25:53, , , ,46.9000,1984.0000,1984.0000,1984.0000,1984.0000,1984.0000,1984.0000,1984.0000,1984.0000,1984.0000,1984.0000,1984.0000,1984.0000,1984.0000,1984.0000
2024-12-05 14:25:53, , , ,46.9000,1984.0000,1984.0000,1984.0000,1984.0000,1984.0000,1984.0000,1984.0000,1984.0000,1984.0000,1984.0000,1984.0000,1984.0000,1984.0000,1984.0000
2024-12-05 14:25:53, , , ,46.9000,1984.0000,1984.0000,1984.0000,1984.0000,1984.0000,1984.0000,1984.0000,1984.0000,1984.0000,1984.0000,1984.0000,1984.0000,1984.0000,1984.0000
2024-12-05 14:25:53, , , ,46.9000,1984.0000,1984.0000,1984.0000,1984.0000,1984.0000,1984.0000,1984.0000,1984.0000,1984.0000,1984.0000,1984.0000,1984.0000,1984.0000,1984.0000
2024-12-05 14:25:54, , , ,46.9000,1984.0000,1984.0000,1984.0000,1984.0000,1984.0000,1984.0000,1984.0000,1984.0000,1984.0000,1984.0000,1984.0000,1984.0000,1984.0000,1984.0000
2024-12-05 14:25:54, , , ,46.9000,1984.0000,1984.0000,1984.0000,1984.0000,1984.0000,1984.0000,1984.0000,1984.0000,1984.0000,1984.0000,1984.0000,1984.0000,1984.0000,1984.0000
2024-12-05 14:25:54, , , ,46.9000,1984.0000,1984.0000,1984.0000,1984.0000,1984.0000,1984.0000,1984.0000,1984.0000,1984.0000,1984.0000,1984.0000,1984.0000,1984.0000,1984.0000
2024-12-05 14:25:54, , , ,46.9000,1984.0000,1984.0000,1984.0000,1984.0000,1984.0000,1984.0000,1984.0000,1984.0000,1984.0000,1984.0000,1984.0000,1984.0000,1984.0000,1984.0000
2024-12-05 14:25:54, , , ,46.9000,1984.0000,1984.0000,1984.0000,1984.0000,1984.0000,1984.0000,1984.0000,1984.0000,1984.0000,1984.0000,1984.0000,1984.0000,1984.0000,1984.0000
2024-12-05 14:25:54, , , ,46.9000,1984.0000,1984.0000,1984.0000,1984.0000,1984.0000,1984.0000,1984.0000,1984.0000,1984.0000,1984.0000,1984.0000,1984.0000,1984.0000,1984.0000
2024-12-05 14:25:55, , , ,46.9000,1984.0000,1984.0000,1984.0000,1984.0000,1984.0000,1984.0000,1984.0000,1984.0000,1984.0000,1984.0000,1984.0000,1984.0000,1984.0000,1984.0000
2024-12-05 14:25:55, , , ,46.9000,1984.0000,1984.0000,1984.0000,1984.0000,1984.0000,1984.0000,1984.0000,1984.0000,1984.0000,1984.0000,1984.0000,1984.0000,1984.0000,1984.0000
2024-12-05 14:25:55, , , ,46.9000,1984.0000,1984.0000,1984.0000,1984.0000,1984.0000,1984.0000,1984.0000,1984.0000,1984.0000,1984.0000,1984.0000,1984.0000,1984.0000,1984.0000
2024-12-05 14:25:55, , , ,46.9000,1984.0000,1984.0000,1984.0000,1984.0000,1984.0000,1984.0000,1984.0000,1984.0000,1984.0000,1984.0000,1984.0000,1984.0000,1984.0000,1984.0000
2024-12-05 14:25:55, , , ,46.9000,1984.0000,1984.0000,1984.0000,1984.0000,1984.0000,1984.0000,1984.0000,1984.0000,1984.0000,1984.0000,1984.0000,1984.0000,1984.0000,1984.0000
2024-12-05 14:25:55, , , ,46.9000,1984.0000,1984.0000,1984.0000,1984.0000,1984.0000,1984.0000,1984.0000,1984.0000,1984.0000,1984.0000,1984.0000,1984.0000,1984.0000,1984.0000
2024-12-05 14:25:56, , , ,46.9000,1984.0000,1984.0000,1984.0000,1984.0000,1984.0000,1984.0000,1984.0000,1984.0000,1984.0000,1984.0000,1984.0000,1984.0000,1984.0000,1984.0000
2024-12-05 14:25:56, , , ,46.9000,1984.0000,1984.0000,1984.0000,1984.0000,1984.0000,1984.0000,1984.0000,1984.0000,1984.0000,1984.0000,1984.0000,1984.0000,1984.0000,1984.0000
2024-12-05 14:25:56, , , ,46.9000,1984.0000,1984.0000,1984.0000,1984.0000,1984.0000,1984.0000,1984.0000,1984.0000,1984.0000,1984.0000,1984.0000,1984.0000,1984.0000,1984.0000
2024-12-05 14:25:56, , , ,46.9000,1984.0000,1984.0000,1984.0000,1984.0000,1984.0000,1984.0000,1984.0000,1984.0000,1984.0000,1984.0000,1984.0000,1984.0000,1984.0000,1984.0000
2024-12-05 14:25:56, , , ,46.9000,1984.0000,1984.0000,1984.0000,1984.0000,1984.0000,1984.0000,1984.0000,1984.0000,1984.0000,1984.0000,1984.0000,1984.0000,1984.0000,1984.0000
2024-12-05 14:25:56, , , ,46.9000,1984.0000,1984.0000,1984.0000,1984.0000,1984.0000,1984.0000,1984.0000,1984.0000,1984.0000,1984.0000,1984.0000,1984.0000,1984.0000,1984.0000
2024-12-05 14:25:57, , , ,46.8000,1984.0000,1984.0000,1984.0000,1984.0000,1984.0000,1984.0000,1984.0000,1984.0000,1984.0000,1984.0000,1984.0000,1984.0000,1984.0000,1984.0000
2024-12-05 14:25:57, , , ,46.8000,1984.0000,1984.0000,1984.0000,1984.0000,1984.0000,1984.0000,1984.0000,1984.0000,1984.0000,1984.0000,1984.0000,1984.0000,1984.0000,1984.0000
2024-12-05 14:25:57, , , ,46.8000,1984.0000,1984.0000,1984.0000,1984.0000,1984.0000,1984.0000,1984.0000,1984.0000,1984.0000,1984.0000,1984.0000,1984.0000,1984.0000,1984.0000
2024-12-05 14:25:57, , , ,46.8000,1984.0000,1984.0000,1984.0000,1984.0000,1984.0000,1984.0000,1984.0000,1984.0000,1984.0000,1984.0000,1984.0000,1984.0000,1984.0000,1984.0000
2024-12-05 14:25:57, , , ,46.7000,1984.0000,1984.0000,1984.0000,1984.0000,1984.0000,1984.0000,1984.0000,1984.0000,1984.0000,1984.0000,1984.0000,1984.0000,1984.0000,1984.0000
2024-12-05 14:25:57, , , ,46.7000,1984.0000,1984.0000,1984.0000,1984.0000,1984.0000,1984.0000,1984.0000,1984.0000,1984.0000,1984.0000,1984.0000,1984.0000,1984.0000,1984.0000
2024-12-05 14:25:58, , , ,46.7000,1984.0000,1984.0000,1984.0000,1984.0000,1984.0000,1984.0000,1984.0000,1984.0000,1984.0000,1984.0000,1984.0000,1984.0000,1984.0000,1984.0000
2024-12-05 14:25:58, , , ,46.8000,1984.0000,1984.0000,1984.0000,1984.0000,1984.0000,1984.0000,1984.0000,1984.0000,1984.0000,1984.0000,1984.0000,1984.0000,1984.0000,1984.0000
2024-12-05 14:25:58, , , ,46.8000,1984.0000,1984.0000,1984.0000,1984.0000,1984.0000,1984.0000,1984.0000,1984.0000,1984.0000,1984.0000,1984.0000,1984.0000,1984.0000,1984.0000
2024-12-05 14:25:58, , , ,46.9000,1984.0000,1984.0000,1984.0000,1984.0000,1984.0000,1984.0000,1984.0000,1984.0000,1984.0000,1984.0000,1984.0000,1984.0000,1984.0000,1984.0000
2024-12-05 14:25:58, , , ,46.8000,1984.0000,1984.0000,1984.0000,1984.0000,1984.0000,1984.0000,1984.0000,1984.0000,1984.0000,1984.0000,1984.0000,1984.0000,1984.0000,1984.0000
2024-12-05 14:25:58, , , ,46.8000,1984.0000,1984.0000,1984.0000,1984.0000,1984.0000,1984.0000,1984.0000,1984.0000,1984.0000,1984.0000,1984.0000,1984.0000,1984.0000,1984.0000
2024-12-05 14:25:59, , , ,46.8000,1984.0000,1984.0000,1984.0000,1984.0000,1984.0000,1984.0000,1984.0000,1984.0000,1984.0000,1984.0000,1984.0000,1984.0000,1984.0000,1984.0000
2024-12-05 14:25:59, , , ,46.8000,1984.0000,1984.0000,1984.0000,1984.0000,1984.0000,1984.0000,1984.0000,1984.0000,1984.0000,1984.0000,1984.0000,1984.0000,1984.0000,1984.0000
2024-12-05 14:25:59, , , ,46.8000,1984.0000,1984.0000,1984.0000,1984.0000,1984.0000,1984.0000,1984.0000,1984.0000,1984.0000,1984.0000,1984.0000,1984.0000,1984.0000,1984.0000
2024-12-05 14:25:59, , , ,47.0000,1984.0000,1984.0000,1984.0000,1984.0000,1984.0000,1984.0000,1984.0000,1984.0000,1984.0000,1984.0000,1984.0000,1984.0000,1984.0000,1984.0000
2024-12-05 14:25:59, , , ,47.2000,1984.0000,1984.0000,1984.0000,1984.0000,1984.0000,1984.0000,1984.0000,1984.0000,1984.0000,1984.0000,1984.0000,1984.0000,1984.0000,1984.0000
2024-12-05 14:25:59, , , ,47.5000,1984.0000,1984.0000,1984.0000,1984.0000,1984.0000,1984.0000,1984.0000,1984.0000,1984.0000,1984.0000,1984.0000,1984.0000,1984.0000,1984.0000
2024-12-05 14:25:59, , , ,47.7000,1984.0000,1984.0000,1984.0000,1984.0000,1984.0000,1984.0000,1984.0000,1984.0000,1984.0000,1984.0000,1984.0000,1984.0000,1984.0000,1984.0000
2024-12-05 14:26:00, , , ,47.7000,1984.0000,1984.0000,1984.0000,1984.0000,1984.0000,1984.0000,1984.0000,1984.0000,1984.0000,1984.0000,1984.0000,1984.0000,1984.0000,1984.0000
2024-12-05 14:26:00, , , ,47.8000,1984.0000,1984.0000,1984.0000,1984.0000,1984.0000,1984.0000,1984.0000,1984.0000,1984.0000,1984.0000,1984.0000,1984.0000,1984.0000,1984.0000
2024-12-05 14:26:00, , , ,47.9000,1984.0000,1984.0000,1984.0000,1984.0000,1984.0000,1984.0000,1984.0000,1984.0000,1984.0000,1984.0000,1984.0000,1984.0000,1984.0000,1984.0000
2024-12-05 14:26:00, , , ,48.0000,1984.0000,1984.0000,1984.0000,1984.0000,1984.0000,1984.0000,1984.0000,1984.0000,1984.0000,1984.0000,1984.0000,1984.0000,1984.0000,1984.0000
2024-12-05 14:26:00, , , ,48.0000,1984.0000,1984.0000,1984.0000,1984.0000,1984.0000,1984.0000,1984.0000,1984.0000,1984.0000,1984.0000,1984.0000,1984.0000,1984.0000,1984.0000
2024-12-05 14:26:00, , , ,48.0000,1984.0000,1984.0000,1984.0000,1984.0000,1984.0000,1984.0000,1984.0000,1984.0000,1984.0000,1984.0000,1984.0000,1984.0000,1984.0000,1984.0000
2024-12-05 14:26:01, , , ,47.9000,1984.0000,1984.0000,1984.0000,1984.0000,1984.0000,1984.0000,1984.0000,1984.0000,1984.0000,1984.0000,1984.0000,1984.0000,1984.0000,1984.0000
2024-12-05 14:26:01, , , ,47.8000,1984.0000,1984.0000,1984.0000,1984.0000,1984.0000,1984.0000,1984.0000,1984.0000,1984.0000,1984.0000,1984.0000,1984.0000,1984.0000,1984.0000
2024-12-05 14:26:01, , , ,47.8000,1984.0000,1984.0000,1984.0000,1984.0000,1984.0000,1984.0000,1984.0000,1984.0000,1984.0000,1984.0000,1984.0000,1984.0000,1984.0000,1984.0000
2024-12-05 14:26:01, , , ,47.7000,1984.0000,1984.0000,1984.0000,1984.0000,1984.0000,1984.0000,1984.0000,1984.0000,1984.0000,1984.0000,1984.0000,1984.0000,1984.0000,1984.0000
2024-12-05 14:26:01, , , ,47.8000,1984.0000,1984.0000,1984.0000,1984.0000,1984.0000,1984.0000,1984.0000,1984.0000,1984.0000,1984.0000,1984.0000,1984.0000,1984.0000,1984.0000
2024-12-05 14:26:01, , , ,47.8000,1984.0000,1984.0000,1984.0000,1984.0000,1984.0000,1984.0000,1984.0000,1984.0000,1984.0000,1984.0000,1984.0000,1984.0000,1984.0000,1984.0000
2024-12-05 14:26:02, , , ,47.8000,1984.0000,1984.0000,1984.0000,1984.0000,1984.0000,1984.0000,1984.0000,1984.0000,1984.0000,1984.0000,1984.0000,1984.0000,1984.0000,1984.0000
2024-12-05 14:26:02, , , ,47.8000,1984.0000,1984.0000,1984.0000,1984.0000,1984.0000,1984.0000,1984.0000,1984.0000,1984.0000,1984.0000,1984.0000,1984.0000,1984.0000,1984.0000
2024-12-05 14:26:02, , , ,47.8000,1984.0000,1984.0000,1984.0000,1984.0000,1984.0000,1984.0000,1984.0000,1984.0000,1984.0000,1984.0000,1984.0000,1984.0000,1984.0000,1984.0000
2024-12-05 14:26:02, , , ,47.7000,1984.0000,1984.0000,1984.0000,1984.0000,1984.0000,1984.0000,1984.0000,1984.0000,1984.0000,1984.0000,1984.0000,1984.0000,1984.0000,1984.0000
2024-12-05 14:26:02, , , ,47.7000,1984.0000,1984.0000,1984.0000,1984.0000,1984.0000,1984.0000,1984.0000,1984.0000,1984.0000,1984.0000,1984.0000,1984.0000,1984.0000,1984.0000
2024-12-05 14:26:02, , , ,47.6000,1984.0000,1984.0000,1984.0000,1984.0000,1984.0000,1984.0000,1984.0000,1984.0000,1984.0000,1984.0000,1984.0000,1984.0000,1984.0000,1984.0000
2024-12-05 14:26:03, , , ,47.6000,1984.0000,1984.0000,1984.0000,1984.0000,1984.0000,1984.0000,1984.0000,1984.0000,1984.0000,1984.0000,1984.0000,1984.0000,1984.0000,1984.0000
2024-12-05 14:26:03, , , ,47.6000,1984.0000,1984.0000,1984.0000,1984.0000,1984.0000,1984.0000,1984.0000,1984.0000,1984.0000,1984.0000,1984.0000,1984.0000,1984.0000,1984.0000
2024-12-05 14:26:03, , , ,47.6000,1984.0000,1984.0000,1984.0000,1984.0000,1984.0000,1984.0000,1984.0000,1984.0000,1984.0000,1984.0000,1984.0000,1984.0000,1984.0000,1984.0000
2024-12-05 14:26:03, , , ,47.6000,1984.0000,1984.0000,1984.0000,1984.0000,1984.0000,1984.0000,1984.0000,1984.0000,1984.0000,1984.0000,1984.0000,1984.0000,1984.0000,1984.0000
2024-12-05 14:26:03, , , ,47.6000,1984.0000,1984.0000,1984.0000,1984.0000,1984.0000,1984.0000,1984.0000,1984.0000,1984.0000,1984.0000,1984.0000,1984.0000,1984.0000,1984.0000
2024-12-05 14:26:03, , , ,47.6000,1984.0000,1984.0000,1984.0000,1984.0000,1984.0000,1984.0000,1984.0000,1984.0000,1984.0000,1984.0000,1984.0000,1984.0000,1984.0000,1984.0000
2024-12-05 14:26:04, , , ,47.6000,1984.0000,1984.0000,1984.0000,1984.0000,1984.0000,1984.0000,1984.0000,1984.0000,1984.0000,1984.0000,1984.0000,1984.0000,1984.0000,1984.0000
2024-12-05 14:26:04, , , ,47.5000,1984.0000,1984.0000,1984.0000,1984.0000,1984.0000,1984.0000,1984.0000,1984.0000,1984.0000,1984.0000,1984.0000,1984.0000,1984.0000,1984.0000
2024-12-05 14:26:04, , , ,47.5000,1984.0000,1984.0000,1984.0000,1984.0000,1984.0000,1984.0000,1984.0000,1984.0000,1984.0000,1984.0000,1984.0000,1984.0000,1984.0000,1984.0000
2024-12-05 14:26:04, , , ,47.5000,1984.0000,1984.0000,1984.0000,1984.0000,1984.0000,1984.0000,1984.0000,1984.0000,1984.0000,1984.0000,1984.0000,1984.0000,1984.0000,1984.0000
2024-12-05 14:26:04, , , ,47.4000,1984.0000,1984.0000,1984.0000,1984.0000,1984.0000,1984.0000,1984.0000,1984.0000,1984.0000,1984.0000,1984.0000,1984.0000,1984.0000,1984.0000
2024-12-05 14:26:04, , , ,47.4000,1984.0000,1984.0000,1984.0000,1984.0000,1984.0000,1984.0000,1984.0000,1984.0000,1984.0000,1984.0000,1984.0000,1984.0000,1984.0000,1984.0000
2024-12-05 14:26:05, , , ,47.4000,1984.0000,1984.0000,1984.0000,1984.0000,1984.0000,1984.0000,1984.0000,1984.0000,1984.0000,1984.0000,1984.0000,1984.0000,1984.0000,1984.0000
2024-12-05 14:26:05, , , ,47.4000,1984.0000,1984.0000,1984.0000,1984.0000,1984.0000,1984.0000,1984.0000,1984.0000,1984.0000,1984.0000,1984.0000,1984.0000,1984.0000,1984.0000
2024-12-05 14:26:05, , , ,47.4000,1984.0000,1984.0000,1984.0000,1984.0000,1984.0000,1984.0000,1984.0000,1984.0000,1984.0000,1984.0000,1984.0000,1984.0000,1984.0000,1984.0000
2024-12-05 14:26:05, , , ,47.4000,1984.0000,1984.0000,1984.0000,1984.0000,1984.0000,1984.0000,1984.0000,1984.0000,1984.0000,1984.0000,1984.0000,1984.0000,1984.0000,1984.0000
2024-12-05 14:26:05, , , ,47.4000,1984.0000,1984.0000,1984.0000,1984.0000,1984.0000,1984.0000,1984.0000,1984.0000,1984.0000,1984.0000,1984.0000,1984.0000,1984.0000,1984.0000
2024-12-05 14:26:05, , , ,47.4000,1984.0000,1984.0000,1984.0000,1984.0000,1984.0000,1984.0000,1984.0000,1984.0000,1984.0000,1984.0000,1984.0000,1984.0000,1984.0000,1984.0000
2024-12-05 14:26:06, , , ,47.4000,1984.0000,1984.0000,1984.0000,1984.0000,1984.0000,1984.0000,1984.0000,1984.0000,1984.0000,1984.0000,1984.0000,1984.0000,1984.0000,1984.0000
2024-12-05 14:26:06, , , ,47.3000,1984.0000,1984.0000,1984.0000,1984.0000,1984.0000,1984.0000,1984.0000,1984.0000,1984.0000,1984.0000,1984.0000,1984.0000,1984.0000,1984.0000
2024-12-05 14:26:06, , , ,47.3000,1984.0000,1984.0000,1984.0000,1984.0000,1984.0000,1984.0000,1984.0000,1984.0000,1984.0000,1984.0000,1984.0000,1984.0000,1984.0000,1984.0000
2024-12-05 14:26:06, , , ,47.3000,1984.0000,1984.0000,1984.0000,1984.0000,1984.0000,1984.0000,1984.0000,1984.0000,1984.0000,1984.0000,1984.0000,1984.0000,1984.0000,1984.0000
2024-12-05 14:26:06, , , ,47.3000,1984.0000,1984.0000,1984.0000,1984.0000,1984.0000,1984.0000,1984.0000,1984.0000,1984.0000,1984.0000,1984.0000,1984.0000,1984.0000,1984.0000
2024-12-05 14:26:06, , , ,47.3000,1984.0000,1984.0000,1984.0000,1984.0000,1984.0000,1984.0000,1984.0000,1984.0000,1984.0000,1984.0000,1984.0000,1984.0000,1984.0000,1984.0000
2024-12-05 14:26:07, , , ,47.2000,1984.0000,1984.0000,1984.0000,1984.0000,1984.0000,1984.0000,1984.0000,1984.0000,1984.0000,1984.0000,1984.0000,1984.0000,1984.0000,1984.0000
2024-12-05 14:26:07, , , ,47.2000,1984.0000,1984.0000,1984.0000,1984.0000,1984.0000,1984.0000,1984.0000,1984.0000,1984.0000,1984.0000,1984.0000,1984.0000,1984.0000,1984.0000
2024-12-05 14:26:07, , , ,47.2000,1984.0000,1984.0000,1984.0000,1984.0000,1984.0000,1984.0000,1984.0000,1984.0000,1984.0000,1984.0000,1984.0000,1984.0000,1984.0000,1984.0000
2024-12-05 14:26:07, , , ,47.2000,1984.0000,1984.0000,1984.0000,1984.0000,1984.0000,1984.0000,1984.0000,1984.0000,1984.0000,1984.0000,1984.0000,1984.0000,1984.0000,1984.0000
2024-12-05 14:26:07, , , ,47.2000,1984.0000,1984.0000,1984.0000,1984.0000,1984.0000,1984.0000,1984.0000,1984.0000,1984.0000,1984.0000,1984.0000,1984.0000,1984.0000,1984.0000
2024-12-05 14:26:07, , , ,47.2000,1984.0000,1984.0000,1984.0000,1984.0000,1984.0000,1984.0000,1984.0000,1984.0000,1984.0000,1984.0000,1984.0000,1984.0000,1984.0000,1984.0000
2024-12-05 14:26:08, , , ,47.1000,1984.0000,1984.0000,1984.0000,1984.0000,1984.0000,1984.0000,1984.0000,1984.0000,1984.0000,1984.0000,1984.0000,1984.0000,1984.0000,1984.0000
2024-12-05 14:26:08, , , ,47.1000,1984.0000,1984.0000,1984.0000,1984.0000,1984.0000,1984.0000,1984.0000,1984.0000,1984.0000,1984.0000,1984.0000,1984.0000,1984.0000,1984.0000
2024-12-05 14:26:08, , , ,47.1000,1984.0000,1984.0000,1984.0000,1984.0000,1984.0000,1984.0000,1984.0000,1984.0000,1984.0000,1984.0000,1984.0000,1984.0000,1984.0000,1984.0000
2024-12-05 14:26:08, , , ,47.1000,1984.0000,1984.0000,1984.0000,1984.0000,1984.0000,1984.0000,1984.0000,1984.0000,1984.0000,1984.0000,1984.0000,1984.0000,1984.0000,1984.0000
2024-12-05 14:26:08, , , ,47.1000,1984.0000,1984.0000,1984.0000,1984.0000,1984.0000,1984.0000,1984.0000,1984.0000,1984.0000,1984.0000,1984.0000,1984.0000,1984.0000,1984.0000
2024-12-05 14:26:08, , , ,47.1000,1984.0000,1984.0000,1984.0000,1984.0000,1984.0000,1984.0000,1984.0000,1984.0000,1984.0000,1984.0000,1984.0000,1984.0000,1984.0000,1984.0000
2024-12-05 14:26:09, , , ,47.1000,1984.0000,1984.0000,1984.0000,1984.0000,1984.0000,1984.0000,1984.0000,1984.0000,1984.0000,1984.0000,1984.0000,1984.0000,1984.0000,1984.0000
2024-12-05 14:26:09, , , ,47.1000,1984.0000,1984.0000,1984.0000,1984.0000,1984.0000,1984.0000,1984.0000,1984.0000,1984.0000,1984.0000,1984.0000,1984.0000,1984.0000,1984.0000
2024-12-05 14:26:09, , , ,47.0000,1984.0000,1984.0000,1984.0000,1984.0000,1984.0000,1984.0000,1984.0000,1984.0000,1984.0000,1984.0000,1984.0000,1984.0000,1984.0000,1984.0000
2024-12-05 14:26:09, , , ,47.0000,1984.0000,1984.0000,1984.0000,1984.0000,1984.0000,1984.0000,1984.0000,1984.0000,1984.0000,1984.0000,1984.0000,1984.0000,1984.0000,1984.0000
2024-12-05 14:26:09, , , ,46.9000,1984.0000,1984.0000,1984.0000,1984.0000,1984.0000,1984.0000,1984.0000,1984.0000,1984.0000,1984.0000,1984.0000,1984.0000,1984.0000,1984.0000
2024-12-05 14:26:09, , , ,46.9000,1984.0000,1984.0000,1984.0000,1984.0000,1984.0000,1984.0000,1984.0000,1984.0000,1984.0000,1984.0000,1984.0000,1984.0000,1984.0000,1984.0000
2024-12-05 14:26:10, , , ,46.9000,1984.0000,1984.0000,1984.0000,1984.0000,1984.0000,1984.0000,1984.0000,1984.0000,1984.0000,1984.0000,1984.0000,1984.0000,1984.0000,1984.0000
2024-12-05 14:26:10, , , ,46.9000,1984.0000,1984.0000,1984.0000,1984.0000,1984.0000,1984.0000,1984.0000,1984.0000,1984.0000,1984.0000,1984.0000,1984.0000,1984.0000,1984.0000
2024-12-05 14:26:10, , , ,46.9000,1984.0000,1984.0000,1984.0000,1984.0000,1984.0000,1984.0000,1984.0000,1984.0000,1984.0000,1984.0000,1984.0000,1984.0000,1984.0000,1984.0000
2024-12-05 14:26:10, , , ,47.0000,1984.0000,1984.0000,1984.0000,1984.0000,1984.0000,1984.0000,1984.0000,1984.0000,1984.0000,1984.0000,1984.0000,1984.0000,1984.0000,1984.0000
2024-12-05 14:26:10, , , ,47.1000,1984.0000,1984.0000,1984.0000,1984.0000,1984.0000,1984.0000,1984.0000,1984.0000,1984.0000,1984.0000,1984.0000,1984.0000,1984.0000,1984.0000
2024-12-05 14:26:10, , , ,47.3000,1984.0000,1984.0000,1984.0000,1984.0000,1984.0000,1984.0000,1984.0000,1984.0000,1984.0000,1984.0000,1984.0000,1984.0000,1984.0000,1984.0000
2024-12-05 14:26:10, , , ,47.8000,1984.0000,1984.0000,1984.0000,1984.0000,1984.0000,1984.0000,1984.0000,1984.0000,1984.0000,1984.0000,1984.0000,1984.0000,1984.0000,1984.0000
2024-12-05 14:26:11, , , ,47.8000,1984.0000,1984.0000,1984.0000,1984.0000,1984.0000,1984.0000,1984.0000,1984.0000,1984.0000,1984.0000,1984.0000,1984.0000,1984.0000,1984.0000
2024-12-05 14:26:11, , , ,47.8000,1984.0000,1984.0000,1984.0000,1984.0000,1984.0000,1984.0000,1984.0000,1984.0000,1984.0000,1984.0000,1984.0000,1984.0000,1984.0000,1984.0000
2024-12-05 14:26:11, , , ,47.9000,1984.0000,1984.0000,1984.0000,1984.0000,1984.0000,1984.0000,1984.0000,1984.0000,1984.0000,1984.0000,1984.0000,1984.0000,1984.0000,1984.0000
2024-12-05 14:26:11, , , ,48.0000,1984.0000,1984.0000,1984.0000,1984.0000,1984.0000,1984.0000,1984.0000,1984.0000,1984.0000,1984.0000,1984.0000,1984.0000,1984.0000,1984.0000
2024-12-05 14:26:11, , , ,48.0000,1984.0000,1984.0000,1984.0000,1984.0000,1984.0000,1984.0000,1984.0000,1984.0000,1984.0000,1984.0000,1984.0000,1984.0000,1984.0000,1984.0000
2024-12-05 14:26:11, , , ,48.0000,1984.0000,1984.0000,1984.0000,1984.0000,1984.0000,1984.0000,1984.0000,1984.0000,1984.0000,1984.0000,1984.0000,1984.0000,1984.0000,1984.0000
2024-12-05 14:26:12, , , ,48.0000,1984.0000,1984.0000,1984.0000,1984.0000,1984.0000,1984.0000,1984.0000,1984.0000,1984.0000,1984.0000,1984.0000,1984.0000,1984.0000,1984.0000
2024-12-05 14:26:12, , , ,48.0000,1984.0000,1984.0000,1984.0000,1984.0000,1984.0000,1984.0000,1984.0000,1984.0000,1984.0000,1984.0000,1984.0000,1984.0000,1984.0000,1984.0000
2024-12-05 14:26:12, , , ,48.0000,1984.0000,1984.0000,1984.0000,1984.0000,1984.0000,1984.0000,1984.0000,1984.0000,1984.0000,1984.0000,1984.0000,1984.0000,1984.0000,1984.0000
2024-12-05 14:26:12, , , ,48.0000,1984.0000,1984.0000,1984.0000,1984.0000,1984.0000,1984.0000,1984.0000,1984.0000,1984.0000,1984.0000,1984.0000,1984.0000,1984.0000,1984.0000
2024-12-05 14:26:12, , , ,48.0000,1984.0000,1984.0000,1984.0000,1984.0000,1984.0000,1984.0000,1984.0000,1984.0000,1984.0000,1984.0000,1984.0000,1984.0000,1984.0000,1984.0000
2024-12-05 14:26:12, , , ,48.0000,1984.0000,1984.0000,1984.0000,1984.0000,1984.0000,1984.0000,1984.0000,1984.0000,1984.0000,1984.0000,1984.0000,1984.0000,1984.0000,1984.0000
2024-12-05 14:26:13, , , ,47.9000,1984.0000,1984.0000,1984.0000,1984.0000,1984.0000,1984.0000,1984.0000,1984.0000,1984.0000,1984.0000,1984.0000,1984.0000,1984.0000,1984.0000
2024-12-05 14:26:13, , , ,47.9000,1984.0000,1984.0000,1984.0000,1984.0000,1984.0000,1984.0000,1984.0000,1984.0000,1984.0000,1984.0000,1984.0000,1984.0000,1984.0000,1984.0000
2024-12-05 14:26:13, , , ,47.9000,1984.0000,1984.0000,1984.0000,1984.0000,1984.0000,1984.0000,1984.0000,1984.0000,1984.0000,1984.0000,1984.0000,1984.0000,1984.0000,1984.0000
2024-12-05 14:26:13, , , ,47.9000,1984.0000,1984.0000,1984.0000,1984.0000,1984.0000,1984.0000,1984.0000,1984.0000,1984.0000,1984.0000,1984.0000,1984.0000,1984.0000,1984.0000
2024-12-05 14:26:13, , , ,47.9000,1984.0000,1984.0000,1984.0000,1984.0000,1984.0000,1984.0000,1984.0000,1984.0000,1984.0000,1984.0000,1984.0000,1984.0000,1984.0000,1984.0000
2024-12-05 14:26:13, , , ,47.8000,1984.0000,1984.0000,1984.0000,1984.0000,1984.0000,1984.0000,1984.0000,1984.0000,1984.0000,1984.0000,1984.0000,1984.0000,1984.0000,1984.0000
2024-12-05 14:26:14, , , ,47.6000,1984.0000,1984.0000,1984.0000,1984.0000,1984.0000,1984.0000,1984.0000,1984.0000,1984.0000,1984.0000,1984.0000,1984.0000,1984.0000,1984.0000
2024-12-05 14:26:14, , , ,47.6000,1984.0000,1984.0000,1984.0000,1984.0000,1984.0000,1984.0000,1984.0000,1984.0000,1984.0000,1984.0000,1984.0000,1984.0000,1984.0000,1984.0000
2024-12-05 14:26:14, , , ,47.6000,1984.0000,1984.0000,1984.0000,1984.0000,1984.0000,1984.0000,1984.0000,1984.0000,1984.0000,1984.0000,1984.0000,1984.0000,1984.0000,1984.0000
2024-12-05 14:26:14, , , ,47.6000,1984.0000,1984.0000,1984.0000,1984.0000,1984.0000,1984.0000,1984.0000,1984.0000,1984.0000,1984.0000,1984.0000,1984.0000,1984.0000,1984.0000
2024-12-05 14:26:14, , , ,47.6000,1984.0000,1984.0000,1984.0000,1984.0000,1984.0000,1984.0000,1984.0000,1984.0000,1984.0000,1984.0000,1984.0000,1984.0000,1984.0000,1984.0000
2024-12-05 14:26:14, , , ,47.6000,1984.0000,1984.0000,1984.0000,1984.0000,1984.0000,1984.0000,1984.0000,1984.0000,1984.0000,1984.0000,1984.0000,1984.0000,1984.0000,1984.0000
2024-12-05 14:26:15, , , ,47.6000,1984.0000,1984.0000,1984.0000,1984.0000,1984.0000,1984.0000,1984.0000,1984.0000,1984.0000,1984.0000,1984.0000,1984.0000,1984.0000,1984.0000
2024-12-05 14:26:15, , , ,47.6000,1984.0000,1984.0000,1984.0000,1984.0000,1984.0000,1984.0000,1984.0000,1984.0000,1984.0000,1984.0000,1984.0000,1984.0000,1984.0000,1984.0000
2024-12-05 14:26:15, , , ,47.6000,1984.0000,1984.0000,1984.0000,1984.0000,1984.0000,1984.0000,1984.0000,1984.0000,1984.0000,1984.0000,1984.0000,1984.0000,1984.0000,1984.0000
2024-12-05 14:26:15, , , ,47.6000,1984.0000,1984.0000,1984.0000,1984.0000,1984.0000,1984.0000,1984.0000,1984.0000,1984.0000,1984.0000,1984.0000,1984.0000,1984.0000,1984.0000
2024-12-05 14:26:15, , , ,47.6000,1984.0000,1984.0000,1984.0000,1984.0000,1984.0000,1984.0000,1984.0000,1984.0000,1984.0000,1984.0000,1984.0000,1984.0000,1984.0000,1984.0000
2024-12-05 14:26:15, , , ,47.5000,1984.0000,1984.0000,1984.0000,1984.0000,1984.0000,1984.0000,1984.0000,1984.0000,1984.0000,1984.0000,1984.0000,1984.0000,1984.0000,1984.0000
2024-12-05 14:26:16, , , ,47.5000,1984.0000,1984.0000,1984.0000,1984.0000,1984.0000,1984.0000,1984.0000,1984.0000,1984.0000,1984.0000,1984.0000,1984.0000,1984.0000,1984.0000
2024-12-05 14:26:16, , , ,47.4000,1984.0000,1984.0000,1984.0000,1984.0000,1984.0000,1984.0000,1984.0000,1984.0000,1984.0000,1984.0000,1984.0000,1984.0000,1984.0000,1984.0000
2024-12-05 14:26:16, , , ,47.4000,1984.0000,1984.0000,1984.0000,1984.0000,1984.0000,1984.0000,1984.0000,1984.0000,1984.0000,1984.0000,1984.0000,1984.0000,1984.0000,1984.0000
2024-12-05 14:26:16, , , ,47.3000,1984.0000,1984.0000,1984.0000,1984.0000,1984.0000,1984.0000,1984.0000,1984.0000,1984.0000,1984.0000,1984.0000,1984.0000,1984.0000,1984.0000
2024-12-05 14:26:16, , , ,47.3000,1984.0000,1984.0000,1984.0000,1984.0000,1984.0000,1984.0000,1984.0000,1984.0000,1984.0000,1984.0000,1984.0000,1984.0000,1984.0000,1984.0000
2024-12-05 14:26:16, , , ,47.3000,1984.0000,1984.0000,1984.0000,1984.0000,1984.0000,1984.0000,1984.0000,1984.0000,1984.0000,1984.0000,1984.0000,1984.0000,1984.0000,1984.0000
2024-12-05 14:26:17, , , ,47.3000,1984.0000,1984.0000,1984.0000,1984.0000,1984.0000,1984.0000,1984.0000,1984.0000,1984.0000,1984.0000,1984.0000,1984.0000,1984.0000,1984.0000
2024-12-05 14:26:17, , , ,47.3000,1984.0000,1984.0000,1984.0000,1984.0000,1984.0000,1984.0000,1984.0000,1984.0000,1984.0000,1984.0000,1984.0000,1984.0000,1984.0000,1984.0000
2024-12-05 14:26:17, , , ,47.3000,1984.0000,1984.0000,1984.0000,1984.0000,1984.0000,1984.0000,1984.0000,1984.0000,1984.0000,1984.0000,1984.0000,1984.0000,1984.0000,1984.0000
2024-12-05 14:26:17, , , ,47.3000,1984.0000,1984.0000,1984.0000,1984.0000,1984.0000,1984.0000,1984.0000,1984.0000,1984.0000,1984.0000,1984.0000,1984.0000,1984.0000,1984.0000
2024-12-05 14:26:17, , , ,47.3000,1984.0000,1984.0000,1984.0000,1984.0000,1984.0000,1984.0000,1984.0000,1984.0000,1984.0000,1984.0000,1984.0000,1984.0000,1984.0000,1984.0000
2024-12-05 14:26:17, , , ,47.3000,1984.0000,1984.0000,1984.0000,1984.0000,1984.0000,1984.0000,1984.0000,1984.0000,1984.0000,1984.0000,1984.0000,1984.0000,1984.0000,1984.0000
2024-12-05 14:26:18, , , ,47.3000,1984.0000,1984.0000,1984.0000,1984.0000,1984.0000,1984.0000,1984.0000,1984.0000,1984.0000,1984.0000,1984.0000,1984.0000,1984.0000,1984.0000
2024-12-05 14:26:18, , , ,47.3000,1984.0000,1984.0000,1984.0000,1984.0000,1984.0000,1984.0000,1984.0000,1984.0000,1984.0000,1984.0000,1984.0000,1984.0000,1984.0000,1984.0000
2024-12-05 14:26:18, , , ,47.3000,1984.0000,1984.0000,1984.0000,1984.0000,1984.0000,1984.0000,1984.0000,1984.0000,1984.0000,1984.0000,1984.0000,1984.0000,1984.0000,1984.0000
2024-12-05 14:26:18, , , ,47.3000,1984.0000,1984.0000,1984.0000,1984.0000,1984.0000,1984.0000,1984.0000,1984.0000,1984.0000,1984.0000,1984.0000,1984.0000,1984.0000,1984.0000
2024-12-05 14:26:18, , , ,47.3000,1984.0000,1984.0000,1984.0000,1984.0000,1984.0000,1984.0000,1984.0000,1984.0000,1984.0000,1984.0000,1984.0000,1984.0000,1984.0000,1984.0000
2024-12-05 14:26:18, , , ,47.3000,1984.0000,1984.0000,1984.0000,1984.0000,1984.0000,1984.0000,1984.0000,1984.0000,1984.0000,1984.0000,1984.0000,1984.0000,1984.0000,1984.0000
2024-12-05 14:26:19, , , ,47.3000,1984.0000,1984.0000,1984.0000,1984.0000,1984.0000,1984.0000,1984.0000,1984.0000,1984.0000,1984.0000,1984.0000,1984.0000,1984.0000,1984.0000
2024-12-05 14:26:19, , , ,47.2000,1984.0000,1984.0000,1984.0000,1984.0000,1984.0000,1984.0000,1984.0000,1984.0000,1984.0000,1984.0000,1984.0000,1984.0000,1984.0000,1984.0000
2024-12-05 14:26:19, , , ,47.1000,1984.0000,1984.0000,1984.0000,1984.0000,1984.0000,1984.0000,1984.0000,1984.0000,1984.0000,1984.0000,1984.0000,1984.0000,1984.0000,1984.0000
2024-12-05 14:26:19, , , ,47.1000,1984.0000,1984.0000,1984.0000,1984.0000,1984.0000,1984.0000,1984.0000,1984.0000,1984.0000,1984.0000,1984.0000,1984.0000,1984.0000,1984.0000
2024-12-05 14:26:19, , , ,47.1000,1984.0000,1984.0000,1984.0000,1984.0000,1984.0000,1984.0000,1984.0000,1984.0000,1984.0000,1984.0000,1984.0000,1984.0000,1984.0000,1984.0000
2024-12-05 14:26:19, , , ,47.1000,1984.0000,1984.0000,1984.0000,1984.0000,1984.0000,1984.0000,1984.0000,1984.0000,1984.0000,1984.0000,1984.0000,1984.0000,1984.0000,1984.0000
2024-12-05 14:26:20, , , ,47.1000,1984.0000,1984.0000,1984.0000,1984.0000,1984.0000,1984.0000,1984.0000,1984.0000,1984.0000,1984.0000,1984.0000,1984.0000,1984.0000,1984.0000
2024-12-05 14:26:20, , , ,47.1000,1984.0000,1984.0000,1984.0000,1984.0000,1984.0000,1984.0000,1984.0000,1984.0000,1984.0000,1984.0000,1984.0000,1984.0000,1984.0000,1984.0000
2024-12-05 14:26:20, , , ,47.1000,1984.0000,1984.0000,1984.0000,1984.0000,1984.0000,1984.0000,1984.0000,1984.0000,1984.0000,1984.0000,1984.0000,1984.0000,1984.0000,1984.0000
2024-12-05 14:26:20, , , ,47.1000,1984.0000,1984.0000,1984.0000,1984.0000,1984.0000,1984.0000,1984.0000,1984.0000,1984.0000,1984.0000,1984.0000,1984.0000,1984.0000,1984.0000
2024-12-05 14:26:20, , , ,47.1000,1984.0000,1984.0000,1984.0000,1984.0000,1984.0000,1984.0000,1984.0000,1984.0000,1984.0000,1984.0000,1984.0000,1984.0000,1984.0000,1984.0000
2024-12-05 14:26:20, , , ,47.2000,1984.0000,1984.0000,1984.0000,1984.0000,1984.0000,1984.0000,1984.0000,1984.0000,1984.0000,1984.0000,1984.0000,1984.0000,1984.0000,1984.0000
2024-12-05 14:26:21, , , ,47.2000,1984.0000,1984.0000,1984.0000,1984.0000,1984.0000,1984.0000,1984.0000,1984.0000,1984.0000,1984.0000,1984.0000,1984.0000,1984.0000,1984.0000
2024-12-05 14:26:21, , , ,47.1000,1984.0000,1984.0000,1984.0000,1984.0000,1984.0000,1984.0000,1984.0000,1984.0000,1984.0000,1984.0000,1984.0000,1984.0000,1984.0000,1984.0000
2024-12-05 14:26:21, , , ,47.1000,1984.0000,1984.0000,1984.0000,1984.0000,1984.0000,1984.0000,1984.0000,1984.0000,1984.0000,1984.0000,1984.0000,1984.0000,1984.0000,1984.0000
2024-12-05 14:26:21, , , ,47.1000,1984.0000,1984.0000,1984.0000,1984.0000,1984.0000,1984.0000,1984.0000,1984.0000,1984.0000,1984.0000,1984.0000,1984.0000,1984.0000,1984.0000
2024-12-05 14:26:21, , , ,47.1000,1984.0000,1984.0000,1984.0000,1984.0000,1984.0000,1984.0000,1984.0000,1984.0000,1984.0000,1984.0000,1984.0000,1984.0000,1984.0000,1984.0000
2024-12-05 14:26:21, , , ,47.4000,1984.0000,1984.0000,1984.0000,1984.0000,1984.0000,1984.0000,1984.0000,1984.0000,1984.0000,1984.0000,1984.0000,1984.0000,1984.0000,1984.0000
2024-12-05 14:26:21, , , ,47.7000,1984.0000,1984.0000,1984.0000,1984.0000,1984.0000,1984.0000,1984.0000,1984.0000,1984.0000,1984.0000,1984.0000,1984.0000,1984.0000,1984.0000
2024-12-05 14:26:22, , , ,47.9000,1984.0000,1984.0000,1984.0000,1984.0000,1984.0000,1984.0000,1984.0000,1984.0000,1984.0000,1984.0000,1984.0000,1984.0000,1984.0000,1984.0000
2024-12-05 14:26:22, , , ,47.9000,1984.0000,1984.0000,1984.0000,1984.0000,1984.0000,1984.0000,1984.0000,1984.0000,1984.0000,1984.0000,1984.0000,1984.0000,1984.0000,1984.0000
2024-12-05 14:26:22, , , ,47.9000,1984.0000,1984.0000,1984.0000,1984.0000,1984.0000,1984.0000,1984.0000,1984.0000,1984.0000,1984.0000,1984.0000,1984.0000,1984.0000,1984.0000
2024-12-05 14:26:22, , , ,48.0000,1984.0000,1984.0000,1984.0000,1984.0000,1984.0000,1984.0000,1984.0000,1984.0000,1984.0000,1984.0000,1984.0000,1984.0000,1984.0000,1984.0000
2024-12-05 14:26:22, , , ,48.0000,1984.0000,1984.0000,1984.0000,1984.0000,1984.0000,1984.0000,1984.0000,1984.0000,1984.0000,1984.0000,1984.0000,1984.0000,1984.0000,1984.0000
2024-12-05 14:26:22, , , ,48.1000,1984.0000,1984.0000,1984.0000,1984.0000,1984.0000,1984.0000,1984.0000,1984.0000,1984.0000,1984.0000,1984.0000,1984.0000,1984.0000,1984.0000
2024-12-05 14:26:23, , , ,48.1000,1984.0000,1984.0000,1984.0000,1984.0000,1984.0000,1984.0000,1984.0000,1984.0000,1984.0000,1984.0000,1984.0000,1984.0000,1984.0000,1984.0000
2024-12-05 14:26:23, , , ,48.1000,1984.0000,1984.0000,1984.0000,1984.0000,1984.0000,1984.0000,1984.0000,1984.0000,1984.0000,1984.0000,1984.0000,1984.0000,1984.0000,1984.0000
2024-12-05 14:26:23, , , ,48.0000,1984.0000,1984.0000,1984.0000,1984.0000,1984.0000,1984.0000,1984.0000,1984.0000,1984.0000,1984.0000,1984.0000,1984.0000,1984.0000,1984.0000
2024-12-05 14:26:23, , , ,48.0000,1984.0000,1984.0000,1984.0000,1984.0000,1984.0000,1984.0000,1984.0000,1984.0000,1984.0000,1984.0000,1984.0000,1984.0000,1984.0000,1984.0000
2024-12-05 14:26:23, , , ,48.0000,1984.0000,1984.0000,1984.0000,1984.0000,1984.0000,1984.0000,1984.0000,1984.0000,1984.0000,1984.0000,1984.0000,1984.0000,1984.0000,1984.0000
2024-12-05 14:26:23, , , ,48.0000,1984.0000,1984.0000,1984.0000,1984.0000,1984.0000,1984.0000,1984.0000,1984.0000,1984.0000,1984.0000,1984.0000,1984.0000,1984.0000,1984.0000
2024-12-05 14:26:24, , , ,48.0000,1984.0000,1984.0000,1984.0000,1984.0000,1984.0000,1984.0000,1984.0000,1984.0000,1984.0000,1984.0000,1984.0000,1984.0000,1984.0000,1984.0000
2024-12-05 14:26:24, , , ,48.0000,1984.0000,1984.0000,1984.0000,1984.0000,1984.0000,1984.0000,1984.0000,1984.0000,1984.0000,1984.0000,1984.0000,1984.0000,1984.0000,1984.0000
2024-12-05 14:26:24, , , ,48.0000,1984.0000,1984.0000,1984.0000,1984.0000,1984.0000,1984.0000,1984.0000,1984.0000,1984.0000,1984.0000,1984.0000,1984.0000,1984.0000,1984.0000
2024-12-05 14:26:24, , , ,48.0000,1984.0000,1984.0000,1984.0000,1984.0000,1984.0000,1984.0000,1984.0000,1984.0000,1984.0000,1984.0000,1984.0000,1984.0000,1984.0000,1984.0000
2024-12-05 14:26:24, , , ,48.0000,1984.0000,1984.0000,1984.0000,1984.0000,1984.0000,1984.0000,1984.0000,1984.0000,1984.0000,1984.0000,1984.0000,1984.0000,1984.0000,1984.0000
2024-12-05 14:26:24, , , ,48.0000,1984.0000,1984.0000,1984.0000,1984.0000,1984.0000,1984.0000,1984.0000,1984.0000,1984.0000,1984.0000,1984.0000,1984.0000,1984.0000,1984.0000
2024-12-05 14:26:25, , , ,48.0000,1984.0000,1984.0000,1984.0000,1984.0000,1984.0000,1984.0000,1984.0000,1984.0000,1984.0000,1984.0000,1984.0000,1984.0000,1984.0000,1984.0000
2024-12-05 14:26:25, , , ,48.0000,1984.0000,1984.0000,1984.0000,1984.0000,1984.0000,1984.0000,1984.0000,1984.0000,1984.0000,1984.0000,1984.0000,1984.0000,1984.0000,1984.0000
2024-12-05 14:26:25, , , ,48.0000,1984.0000,1984.0000,1984.0000,1984.0000,1984.0000,1984.0000,1984.0000,1984.0000,1984.0000,1984.0000,1984.0000,1984.0000,1984.0000,1984.0000
2024-12-05 14:26:25, , , ,48.0000,1984.0000,1984.0000,1984.0000,1984.0000,1984.0000,1984.0000,1984.0000,1984.0000,1984.0000,1984.0000,1984.0000,1984.0000,1984.0000,1984.0000
2024-12-05 14:26:25, , , ,48.0000,1984.0000,1984.0000,1984.0000,1984.0000,1984.0000,1984.0000,1984.0000,1984.0000,1984.0000,1984.0000,1984.0000,1984.0000,1984.0000,1984.0000
2024-12-05 14:26:25, , , ,48.0000,1984.0000,1984.0000,1984.0000,1984.0000,1984.0000,1984.0000,1984.0000,1984.0000,1984.0000,1984.0000,1984.0000,1984.0000,1984.0000,1984.0000
2024-12-05 14:26:26, , , ,48.0000,1984.0000,1984.0000,1984.0000,1984.0000,1984.0000,1984.0000,1984.0000,1984.0000,1984.0000,1984.0000,1984.0000,1984.0000,1984.0000,1984.0000
2024-12-05 14:26:26, , , ,47.9000,1984.0000,1984.0000,1984.0000,1984.0000,1984.0000,1984.0000,1984.0000,1984.0000,1984.0000,1984.0000,1984.0000,1984.0000,1984.0000,1984.0000
2024-12-05 14:26:26, , , ,47.9000,1984.0000,1984.0000,1984.0000,1984.0000,1984.0000,1984.0000,1984.0000,1984.0000,1984.0000,1984.0000,1984.0000,1984.0000,1984.0000,1984.0000
2024-12-05 14:26:26, , , ,47.9000,1984.0000,1984.0000,1984.0000,1984.0000,1984.0000,1984.0000,1984.0000,1984.0000,1984.0000,1984.0000,1984.0000,1984.0000,1984.0000,1984.0000
2024-12-05 14:26:26, , , ,47.9000,1984.0000,1984.0000,1984.0000,1984.0000,1984.0000,1984.0000,1984.0000,1984.0000,1984.0000,1984.0000,1984.0000,1984.0000,1984.0000,1984.0000
2024-12-05 14:26:26, , , ,47.9000,1984.0000,1984.0000,1984.0000,1984.0000,1984.0000,1984.0000,1984.0000,1984.0000,1984.0000,1984.0000,1984.0000,1984.0000,1984.0000,1984.0000
2024-12-05 14:26:27, , , ,47.9000,1984.0000,1984.0000,1984.0000,1984.0000,1984.0000,1984.0000,1984.0000,1984.0000,1984.0000,1984.0000,1984.0000,1984.0000,1984.0000,1984.0000
2024-12-05 14:26:27, , , ,47.9000,1984.0000,1984.0000,1984.0000,1984.0000,1984.0000,1984.0000,1984.0000,1984.0000,1984.0000,1984.0000,1984.0000,1984.0000,1984.0000,1984.0000
2024-12-05 14:26:27, , , ,47.9000,1984.0000,1984.0000,1984.0000,1984.0000,1984.0000,1984.0000,1984.0000,1984.0000,1984.0000,1984.0000,1984.0000,1984.0000,1984.0000,1984.0000
2024-12-05 14:26:27, , , ,47.9000,1984.0000,1984.0000,1984.0000,1984.0000,1984.0000,1984.0000,1984.0000,1984.0000,1984.0000,1984.0000,1984.0000,1984.0000,1984.0000,1984.0000
2024-12-05 14:26:27, , , ,47.8000,1984.0000,1984.0000,1984.0000,1984.0000,1984.0000,1984.0000,1984.0000,1984.0000,1984.0000,1984.0000,1984.0000,1984.0000,1984.0000,1984.0000
2024-12-05 14:26:27, , , ,47.8000,1984.0000,1984.0000,1984.0000,1984.0000,1984.0000,1984.0000,1984.0000,1984.0000,1984.0000,1984.0000,1984.0000,1984.0000,1984.0000,1984.0000
2024-12-05 14:26:28, , , ,47.8000,1984.0000,1984.0000,1984.0000,1984.0000,1984.0000,1984.0000,1984.0000,1984.0000,1984.0000,1984.0000,1984.0000,1984.0000,1984.0000,1984.0000
2024-12-05 14:26:28, , , ,47.8000,1984.0000,1984.0000,1984.0000,1984.0000,1984.0000,1984.0000,1984.0000,1984.0000,1984.0000,1984.0000,1984.0000,1984.0000,1984.0000,1984.0000
2024-12-05 14:26:28, , , ,47.8000,1984.0000,1984.0000,1984.0000,1984.0000,1984.0000,1984.0000,1984.0000,1984.0000,1984.0000,1984.0000,1984.0000,1984.0000,1984.0000,1984.0000
2024-12-05 14:26:28, , , ,47.8000,1984.0000,1984.0000,1984.0000,1984.0000,1984.0000,1984.0000,1984.0000,1984.0000,1984.0000,1984.0000,1984.0000,1984.0000,1984.0000,1984.0000
2024-12-05 14:26:28, , , ,47.9000,1984.0000,1984.0000,1984.0000,1984.0000,1984.0000,1984.0000,1984.0000,1984.0000,1984.0000,1984.0000,1984.0000,1984.0000,1984.0000,1984.0000
2024-12-05 14:26:28, , , ,47.8000,1984.0000,1984.0000,1984.0000,1984.0000,1984.0000,1984.0000,1984.0000,1984.0000,1984.0000,1984.0000,1984.0000,1984.0000,1984.0000,1984.0000
2024-12-05 14:26:29, , , ,47.8000,1984.0000,1984.0000,1984.0000,1984.0000,1984.0000,1984.0000,1984.0000,1984.0000,1984.0000,1984.0000,1984.0000,1984.0000,1984.0000,1984.0000
2024-12-05 14:26:29, , , ,47.8000,1984.0000,1984.0000,1984.0000,1984.0000,1984.0000,1984.0000,1984.0000,1984.0000,1984.0000,1984.0000,1984.0000,1984.0000,1984.0000,1984.0000
2024-12-05 14:26:29, , , ,47.7000,1984.0000,1984.0000,1984.0000,1984.0000,1984.0000,1984.0000,1984.0000,1984.0000,1984.0000,1984.0000,1984.0000,1984.0000,1984.0000,1984.0000
2024-12-05 14:26:29, , , ,47.6000,1984.0000,1984.0000,1984.0000,1984.0000,1984.0000,1984.0000,1984.0000,1984.0000,1984.0000,1984.0000,1984.0000,1984.0000,1984.0000,1984.0000
2024-12-05 14:26:29, , , ,47.6000,1984.0000,1984.0000,1984.0000,1984.0000,1984.0000,1984.0000,1984.0000,1984.0000,1984.0000,1984.0000,1984.0000,1984.0000,1984.0000,1984.0000
2024-12-05 14:26:29, , , ,47.6000,1984.0000,1984.0000,1984.0000,1984.0000,1984.0000,1984.0000,1984.0000,1984.0000,1984.0000,1984.0000,1984.0000,1984.0000,1984.0000,1984.0000
2024-12-05 14:26:30, , , ,47.6000,1984.0000,1984.0000,1984.0000,1984.0000,1984.0000,1984.0000,1984.0000,1984.0000,1984.0000,1984.0000,1984.0000,1984.0000,1984.0000,1984.0000
2024-12-05 14:26:30, , , ,47.6000,1984.0000,1984.0000,1984.0000,1984.0000,1984.0000,1984.0000,1984.0000,1984.0000,1984.0000,1984.0000,1984.0000,1984.0000,1984.0000,1984.0000
2024-12-05 14:26:30, , , ,47.6000,1984.0000,1984.0000,1984.0000,1984.0000,1984.0000,1984.0000,1984.0000,1984.0000,1984.0000,1984.0000,1984.0000,1984.0000,1984.0000,1984.0000
2024-12-05 14:26:30, , , ,47.6000,1984.0000,1984.0000,1984.0000,1984.0000,1984.0000,1984.0000,1984.0000,1984.0000,1984.0000,1984.0000,1984.0000,1984.0000,1984.0000,1984.0000
2024-12-05 14:26:30, , , ,47.6000,1984.0000,1984.0000,1984.0000,1984.0000,1984.0000,1984.0000,1984.0000,1984.0000,1984.0000,1984.0000,1984.0000,1984.0000,1984.0000,1984.0000
2024-12-05 14:26:30, , , ,47.6000,1984.0000,1984.0000,1984.0000,1984.0000,1984.0000,1984.0000,1984.0000,1984.0000,1984.0000,1984.0000,1984.0000,1984.0000,1984.0000,1984.0000
2024-12-05 14:26:31, , , ,47.6000,1984.0000,1984.0000,1984.0000,1984.0000,1984.0000,1984.0000,1984.0000,1984.0000,1984.0000,1984.0000,1984.0000,1984.0000,1984.0000,1984.0000
2024-12-05 14:26:31, , , ,47.6000,1984.0000,1984.0000,1984.0000,1984.0000,1984.0000,1984.0000,1984.0000,1984.0000,1984.0000,1984.0000,1984.0000,1984.0000,1984.0000,1984.0000
2024-12-05 14:26:31, , , ,47.5000,1984.0000,1984.0000,1984.0000,1984.0000,1984.0000,1984.0000,1984.0000,1984.0000,1984.0000,1984.0000,1984.0000,1984.0000,1984.0000,1984.0000
2024-12-05 14:26:31, , , ,47.4000,1984.0000,1984.0000,1984.0000,1984.0000,1984.0000,1984.0000,1984.0000,1984.0000,1984.0000,1984.0000,1984.0000,1984.0000,1984.0000,1984.0000
2024-12-05 14:26:31, , , ,47.4000,1984.0000,1984.0000,1984.0000,1984.0000,1984.0000,1984.0000,1984.0000,1984.0000,1984.0000,1984.0000,1984.0000,1984.0000,1984.0000,1984.0000
2024-12-05 14:26:31, , , ,47.3000,1984.0000,1984.0000,1984.0000,1984.0000,1984.0000,1984.0000,1984.0000,1984.0000,1984.0000,1984.0000,1984.0000,1984.0000,1984.0000,1984.0000
2024-12-05 14:26:32, , , ,47.3000,1984.0000,1984.0000,1984.0000,1984.0000,1984.0000,1984.0000,1984.0000,1984.0000,1984.0000,1984.0000,1984.0000,1984.0000,1984.0000,1984.0000
2024-12-05 14:26:32, , , ,47.3000,1984.0000,1984.0000,1984.0000,1984.0000,1984.0000,1984.0000,1984.0000,1984.0000,1984.0000,1984.0000,1984.0000,1984.0000,1984.0000,1984.0000
2024-12-05 14:26:32, , , ,47.3000,1984.0000,1984.0000,1984.0000,1984.0000,1984.0000,1984.0000,1984.0000,1984.0000,1984.0000,1984.0000,1984.0000,1984.0000,1984.0000,1984.0000
2024-12-05 14:26:32, , , ,47.3000,1984.0000,1984.0000,1984.0000,1984.0000,1984.0000,1984.0000,1984.0000,1984.0000,1984.0000,1984.0000,1984.0000,1984.0000,1984.0000,1984.0000
2024-12-05 14:26:32, , , ,47.3000,1984.0000,1984.0000,1984.0000,1984.0000,1984.0000,1984.0000,1984.0000,1984.0000,1984.0000,1984.0000,1984.0000,1984.0000,1984.0000,1984.0000
2024-12-05 14:26:32, , , ,47.4000,1984.0000,1984.0000,1984.0000,1984.0000,1984.0000,1984.0000,1984.0000,1984.0000,1984.0000,1984.0000,1984.0000,1984.0000,1984.0000,1984.0000
2024-12-05 14:26:33, , , ,47.8000,1984.0000,1984.0000,1984.0000,1984.0000,1984.0000,1984.0000,1984.0000,1984.0000,1984.0000,1984.0000,1984.0000,1984.0000,1984.0000,1984.0000
2024-12-05 14:26:33, , , ,48.0000,1984.0000,1984.0000,1984.0000,1984.0000,1984.0000,1984.0000,1984.0000,1984.0000,1984.0000,1984.0000,1984.0000,1984.0000,1984.0000,1984.0000
2024-12-05 14:26:33, , , ,48.0000,1984.0000,1984.0000,1984.0000,1984.0000,1984.0000,1984.0000,1984.0000,1984.0000,1984.0000,1984.0000,1984.0000,1984.0000,1984.0000,1984.0000
2024-12-05 14:26:33, , , ,48.0000,1984.0000,1984.0000,1984.0000,1984.0000,1984.0000,1984.0000,1984.0000,1984.0000,1984.0000,1984.0000,1984.0000,1984.0000,1984.0000,1984.0000
2024-12-05 14:26:33, , , ,48.2000,1984.0000,1984.0000,1984.0000,1984.0000,1984.0000,1984.0000,1984.0000,1984.0000,1984.0000,1984.0000,1984.0000,1984.0000,1984.0000,1984.0000
2024-12-05 14:26:33, , , ,48.2000,1984.0000,1984.0000,1984.0000,1984.0000,1984.0000,1984.0000,1984.0000,1984.0000,1984.0000,1984.0000,1984.0000,1984.0000,1984.0000,1984.0000
2024-12-05 14:26:34, , , ,48.3000,1984.0000,1984.0000,1984.0000,1984.0000,1984.0000,1984.0000,1984.0000,1984.0000,1984.0000,1984.0000,1984.0000,1984.0000,1984.0000,1984.0000
2024-12-05 14:26:34, , , ,48.3000,1984.0000,1984.0000,1984.0000,1984.0000,1984.0000,1984.0000,1984.0000,1984.0000,1984.0000,1984.0000,1984.0000,1984.0000,1984.0000,1984.0000
2024-12-05 14:26:34, , , ,48.3000,1984.0000,1984.0000,1984.0000,1984.0000,1984.0000,1984.0000,1984.0000,1984.0000,1984.0000,1984.0000,1984.0000,1984.0000,1984.0000,1984.0000
2024-12-05 14:26:34, , , ,48.3000,1984.0000,1984.0000,1984.0000,1984.0000,1984.0000,1984.0000,1984.0000,1984.0000,1984.0000,1984.0000,1984.0000,1984.0000,1984.0000,1984.0000
2024-12-05 14:26:34, , , ,48.3000,1984.0000,1984.0000,1984.0000,1984.0000,1984.0000,1984.0000,1984.0000,1984.0000,1984.0000,1984.0000,1984.0000,1984.0000,1984.0000,1984.0000
2024-12-05 14:26:34, , , ,48.3000,1984.0000,1984.0000,1984.0000,1984.0000,1984.0000,1984.0000,1984.0000,1984.0000,1984.0000,1984.0000,1984.0000,1984.0000,1984.0000,1984.0000
2024-12-05 14:26:35, , , ,48.3000,1984.0000,1984.0000,1984.0000,1984.0000,1984.0000,1984.0000,1984.0000,1984.0000,1984.0000,1984.0000,1984.0000,1984.0000,1984.0000,1984.0000
2024-12-05 14:26:35, , , ,48.2000,1984.0000,1984.0000,1984.0000,1984.0000,1984.0000,1984.0000,1984.0000,1984.0000,1984.0000,1984.0000,1984.0000,1984.0000,1984.0000,1984.0000
2024-12-05 14:26:35, , , ,48.2000,1984.0000,1984.0000,1984.0000,1984.0000,1984.0000,1984.0000,1984.0000,1984.0000,1984.0000,1984.0000,1984.0000,1984.0000,1984.0000,1984.0000
2024-12-05 14:26:35, , , ,48.1000,1984.0000,1984.0000,1984.0000,1984.0000,1984.0000,1984.0000,1984.0000,1984.0000,1984.0000,1984.0000,1984.0000,1984.0000,1984.0000,1984.0000
2024-12-05 14:26:35, , , ,48.1000,1984.0000,1984.0000,1984.0000,1984.0000,1984.0000,1984.0000,1984.0000,1984.0000,1984.0000,1984.0000,1984.0000,1984.0000,1984.0000,1984.0000
2024-12-05 14:26:35, , , ,48.1000,1984.0000,1984.0000,1984.0000,1984.0000,1984.0000,1984.0000,1984.0000,1984.0000,1984.0000,1984.0000,1984.0000,1984.0000,1984.0000,1984.0000
2024-12-05 14:26:36, , , ,48.1000,1984.0000,1984.0000,1984.0000,1984.0000,1984.0000,1984.0000,1984.0000,1984.0000,1984.0000,1984.0000,1984.0000,1984.0000,1984.0000,1984.0000
2024-12-05 14:26:36, , , ,48.0000,1984.0000,1984.0000,1984.0000,1984.0000,1984.0000,1984.0000,1984.0000,1984.0000,1984.0000,1984.0000,1984.0000,1984.0000,1984.0000,1984.0000
2024-12-05 14:26:36, , , ,48.0000,1984.0000,1984.0000,1984.0000,1984.0000,1984.0000,1984.0000,1984.0000,1984.0000,1984.0000,1984.0000,1984.0000,1984.0000,1984.0000,1984.0000
2024-12-05 14:26:36, , , ,48.0000,1984.0000,1984.0000,1984.0000,1984.0000,1984.0000,1984.0000,1984.0000,1984.0000,1984.0000,1984.0000,1984.0000,1984.0000,1984.0000,1984.0000
2024-12-05 14:26:36, , , ,48.0000,1984.0000,1984.0000,1984.0000,1984.0000,1984.0000,1984.0000,1984.0000,1984.0000,1984.0000,1984.0000,1984.0000,1984.0000,1984.0000,1984.0000
2024-12-05 14:26:36, , , ,48.0000,1984.0000,1984.0000,1984.0000,1984.0000,1984.0000,1984.0000,1984.0000,1984.0000,1984.0000,1984.0000,1984.0000,1984.0000,1984.0000,1984.0000
2024-12-05 14:26:37, , , ,47.9000,1984.0000,1984.0000,1984.0000,1984.0000,1984.0000,1984.0000,1984.0000,1984.0000,1984.0000,1984.0000,1984.0000,1984.0000,1984.0000,1984.0000
2024-12-05 14:26:37, , , ,47.9000,1984.0000,1984.0000,1984.0000,1984.0000,1984.0000,1984.0000,1984.0000,1984.0000,1984.0000,1984.0000,1984.0000,1984.0000,1984.0000,1984.0000
2024-12-05 14:26:37, , , ,47.9000,1984.0000,1984.0000,1984.0000,1984.0000,1984.0000,1984.0000,1984.0000,1984.0000,1984.0000,1984.0000,1984.0000,1984.0000,1984.0000,1984.0000
2024-12-05 14:26:37, , , ,47.9000,1984.0000,1984.0000,1984.0000,1984.0000,1984.0000,1984.0000,1984.0000,1984.0000,1984.0000,1984.0000,1984.0000,1984.0000,1984.0000,1984.0000
2024-12-05 14:26:37, , , ,47.9000,1984.0000,1984.0000,1984.0000,1984.0000,1984.0000,1984.0000,1984.0000,1984.0000,1984.0000,1984.0000,1984.0000,1984.0000,1984.0000,1984.0000
2024-12-05 14:26:37, , , ,47.9000,1984.0000,1984.0000,1984.0000,1984.0000,1984.0000,1984.0000,1984.0000,1984.0000,1984.0000,1984.0000,1984.0000,1984.0000,1984.0000,1984.0000
2024-12-05 14:26:38, , , ,47.9000,1984.0000,1984.0000,1984.0000,1984.0000,1984.0000,1984.0000,1984.0000,1984.0000,1984.0000,1984.0000,1984.0000,1984.0000,1984.0000,1984.0000
2024-12-05 14:26:38, , , ,47.9000,1984.0000,1984.0000,1984.0000,1984.0000,1984.0000,1984.0000,1984.0000,1984.0000,1984.0000,1984.0000,1984.0000,1984.0000,1984.0000,1984.0000
2024-12-05 14:26:38, , , ,47.9000,1984.0000,1984.0000,1984.0000,1984.0000,1984.0000,1984.0000,1984.0000,1984.0000,1984.0000,1984.0000,1984.0000,1984.0000,1984.0000,1984.0000
2024-12-05 14:26:38, , , ,47.8000,1984.0000,1984.0000,1984.0000,1984.0000,1984.0000,1984.0000,1984.0000,1984.0000,1984.0000,1984.0000,1984.0000,1984.0000,1984.0000,1984.0000
2024-12-05 14:26:38, , , ,47.9000,1984.0000,1984.0000,1984.0000,1984.0000,1984.0000,1984.0000,1984.0000,1984.0000,1984.0000,1984.0000,1984.0000,1984.0000,1984.0000,1984.0000
2024-12-05 14:26:38, , , ,47.8000,1984.0000,1984.0000,1984.0000,1984.0000,1984.0000,1984.0000,1984.0000,1984.0000,1984.0000,1984.0000,1984.0000,1984.0000,1984.0000,1984.0000
2024-12-05 14:26:39, , , ,47.8000,1984.0000,1984.0000,1984.0000,1984.0000,1984.0000,1984.0000,1984.0000,1984.0000,1984.0000,1984.0000,1984.0000,1984.0000,1984.0000,1984.0000
2024-12-05 14:26:39, , , ,47.7000,1984.0000,1984.0000,1984.0000,1984.0000,1984.0000,1984.0000,1984.0000,1984.0000,1984.0000,1984.0000,1984.0000,1984.0000,1984.0000,1984.0000
2024-12-05 14:26:39, , , ,47.7000,1984.0000,1984.0000,1984.0000,1984.0000,1984.0000,1984.0000,1984.0000,1984.0000,1984.0000,1984.0000,1984.0000,1984.0000,1984.0000,1984.0000
2024-12-05 14:26:39, , , ,47.7000,1984.0000,1984.0000,1984.0000,1984.0000,1984.0000,1984.0000,1984.0000,1984.0000,1984.0000,1984.0000,1984.0000,1984.0000,1984.0000,1984.0000
2024-12-05 14:26:39, , , ,47.6000,1984.0000,1984.0000,1984.0000,1984.0000,1984.0000,1984.0000,1984.0000,1984.0000,1984.0000,1984.0000,1984.0000,1984.0000,1984.0000,1984.0000
2024-12-05 14:26:39, , , ,47.6000,1984.0000,1984.0000,1984.0000,1984.0000,1984.0000,1984.0000,1984.0000,1984.0000,1984.0000,1984.0000,1984.0000,1984.0000,1984.0000,1984.0000
2024-12-05 14:26:40, , , ,47.6000,1984.0000,1984.0000,1984.0000,1984.0000,1984.0000,1984.0000,1984.0000,1984.0000,1984.0000,1984.0000,1984.0000,1984.0000,1984.0000,1984.0000
2024-12-05 14:26:40, , , ,47.6000,1984.0000,1984.0000,1984.0000,1984.0000,1984.0000,1984.0000,1984.0000,1984.0000,1984.0000,1984.0000,1984.0000,1984.0000,1984.0000,1984.0000
2024-12-05 14:26:40, , , ,47.6000,1984.0000,1984.0000,1984.0000,1984.0000,1984.0000,1984.0000,1984.0000,1984.0000,1984.0000,1984.0000,1984.0000,1984.0000,1984.0000,1984.0000
2024-12-05 14:26:40, , , ,47.6000,1984.0000,1984.0000,1984.0000,1984.0000,1984.0000,1984.0000,1984.0000,1984.0000,1984.0000,1984.0000,1984.0000,1984.0000,1984.0000,1984.0000
2024-12-05 14:26:40, , , ,47.6000,1984.0000,1984.0000,1984.0000,1984.0000,1984.0000,1984.0000,1984.0000,1984.0000,1984.0000,1984.0000,1984.0000,1984.0000,1984.0000,1984.0000
2024-12-05 14:26:40, , , ,47.6000,1984.0000,1984.0000,1984.0000,1984.0000,1984.0000,1984.0000,1984.0000,1984.0000,1984.0000,1984.0000,1984.0000,1984.0000,1984.0000,1984.0000
2024-12-05 14:26:41, , , ,47.6000,1984.0000,1984.0000,1984.0000,1984.0000,1984.0000,1984.0000,1984.0000,1984.0000,1984.0000,1984.0000,1984.0000,1984.0000,1984.0000,1984.0000
2024-12-05 14:26:41, , , ,47.5000,1984.0000,1984.0000,1984.0000,1984.0000,1984.0000,1984.0000,1984.0000,1984.0000,1984.0000,1984.0000,1984.0000,1984.0000,1984.0000,1984.0000
2024-12-05 14:26:41, , , ,47.5000,1984.0000,1984.0000,1984.0000,1984.0000,1984.0000,1984.0000,1984.0000,1984.0000,1984.0000,1984.0000,1984.0000,1984.0000,1984.0000,1984.0000
2024-12-05 14:26:41, , , ,47.5000,1984.0000,1984.0000,1984.0000,1984.0000,1984.0000,1984.0000,1984.0000,1984.0000,1984.0000,1984.0000,1984.0000,1984.0000,1984.0000,1984.0000
2024-12-05 14:26:41, , , ,47.5000,1984.0000,1984.0000,1984.0000,1984.0000,1984.0000,1984.0000,1984.0000,1984.0000,1984.0000,1984.0000,1984.0000,1984.0000,1984.0000,1984.0000
2024-12-05 14:26:41, , , ,47.5000,1984.0000,1984.0000,1984.0000,1984.0000,1984.0000,1984.0000,1984.0000,1984.0000,1984.0000,1984.0000,1984.0000,1984.0000,1984.0000,1984.0000
2024-12-05 14:26:42, , , ,47.3000,1984.0000,1984.0000,1984.0000,1984.0000,1984.0000,1984.0000,1984.0000,1984.0000,1984.0000,1984.0000,1984.0000,1984.0000,1984.0000,1984.0000
2024-12-05 14:26:42, , , ,47.3000,1984.0000,1984.0000,1984.0000,1984.0000,1984.0000,1984.0000,1984.0000,1984.0000,1984.0000,1984.0000,1984.0000,1984.0000,1984.0000,1984.0000
2024-12-05 14:26:42, , , ,47.3000,1984.0000,1984.0000,1984.0000,1984.0000,1984.0000,1984.0000,1984.0000,1984.0000,1984.0000,1984.0000,1984.0000,1984.0000,1984.0000,1984.0000
2024-12-05 14:26:42, , , ,47.3000,1984.0000,1984.0000,1984.0000,1984.0000,1984.0000,1984.0000,1984.0000,1984.0000,1984.0000,1984.0000,1984.0000,1984.0000,1984.0000,1984.0000
2024-12-05 14:26:42, , , ,47.3000,1984.0000,1984.0000,1984.0000,1984.0000,1984.0000,1984.0000,1984.0000,1984.0000,1984.0000,1984.0000,1984.0000,1984.0000,1984.0000,1984.0000
2024-12-05 14:26:42, , , ,47.3000,1984.0000,1984.0000,1984.0000,1984.0000,1984.0000,1984.0000,1984.0000,1984.0000,1984.0000,1984.0000,1984.0000,1984.0000,1984.0000,1984.0000
2024-12-05 14:26:43, , , ,47.4000,1984.0000,1984.0000,1984.0000,1984.0000,1984.0000,1984.0000,1984.0000,1984.0000,1984.0000,1984.0000,1984.0000,1984.0000,1984.0000,1984.0000
2024-12-05 14:26:43, , , ,47.4000,1984.0000,1984.0000,1984.0000,1984.0000,1984.0000,1984.0000,1984.0000,1984.0000,1984.0000,1984.0000,1984.0000,1984.0000,1984.0000,1984.0000
2024-12-05 14:26:43, , , ,47.4000,1984.0000,1984.0000,1984.0000,1984.0000,1984.0000,1984.0000,1984.0000,1984.0000,1984.0000,1984.0000,1984.0000,1984.0000,1984.0000,1984.0000
2024-12-05 14:26:43, , , ,47.4000,1984.0000,1984.0000,1984.0000,1984.0000,1984.0000,1984.0000,1984.0000,1984.0000,1984.0000,1984.0000,1984.0000,1984.0000,1984.0000,1984.0000
2024-12-05 14:26:43, , , ,47.3000,1984.0000,1984.0000,1984.0000,1984.0000,1984.0000,1984.0000,1984.0000,1984.0000,1984.0000,1984.0000,1984.0000,1984.0000,1984.0000,1984.0000
2024-12-05 14:26:43, , , ,47.3000,1984.0000,1984.0000,1984.0000,1984.0000,1984.0000,1984.0000,1984.0000,1984.0000,1984.0000,1984.0000,1984.0000,1984.0000,1984.0000,1984.0000
2024-12-05 14:26:44, , , ,47.4000,1984.0000,1984.0000,1984.0000,1984.0000,1984.0000,1984.0000,1984.0000,1984.0000,1984.0000,1984.0000,1984.0000,1984.0000,1984.0000,1984.0000
2024-12-05 14:26:44, , , ,47.7000,1984.0000,1984.0000,1984.0000,1984.0000,1984.0000,1984.0000,1984.0000,1984.0000,1984.0000,1984.0000,1984.0000,1984.0000,1984.0000,1984.0000
2024-12-05 14:26:44, , , ,48.0000,1984.0000,1984.0000,1984.0000,1984.0000,1984.0000,1984.0000,1984.0000,1984.0000,1984.0000,1984.0000,1984.0000,1984.0000,1984.0000,1984.0000
2024-12-05 14:26:44, , , ,48.0000,1984.0000,1984.0000,1984.0000,1984.0000,1984.0000,1984.0000,1984.0000,1984.0000,1984.0000,1984.0000,1984.0000,1984.0000,1984.0000,1984.0000
2024-12-05 14:26:44, , , ,48.0000,1984.0000,1984.0000,1984.0000,1984.0000,1984.0000,1984.0000,1984.0000,1984.0000,1984.0000,1984.0000,1984.0000,1984.0000,1984.0000,1984.0000
2024-12-05 14:26:44, , , ,48.1000,1984.0000,1984.0000,1984.0000,1984.0000,1984.0000,1984.0000,1984.0000,1984.0000,1984.0000,1984.0000,1984.0000,1984.0000,1984.0000,1984.0000
2024-12-05 14:26:45, , , ,48.3000,1984.0000,1984.0000,1984.0000,1984.0000,1984.0000,1984.0000,1984.0000,1984.0000,1984.0000,1984.0000,1984.0000,1984.0000,1984.0000,1984.0000
2024-12-05 14:26:45, , , ,48.3000,1984.0000,1984.0000,1984.0000,1984.0000,1984.0000,1984.0000,1984.0000,1984.0000,1984.0000,1984.0000,1984.0000,1984.0000,1984.0000,1984.0000
2024-12-05 14:26:45, , , ,48.3000,1984.0000,1984.0000,1984.0000,1984.0000,1984.0000,1984.0000,1984.0000,1984.0000,1984.0000,1984.0000,1984.0000,1984.0000,1984.0000,1984.0000
2024-12-05 14:26:45, , , ,48.3000,1984.0000,1984.0000,1984.0000,1984.0000,1984.0000,1984.0000,1984.0000,1984.0000,1984.0000,1984.0000,1984.0000,1984.0000,1984.0000,1984.0000
2024-12-05 14:26:45, , , ,48.3000,1984.0000,1984.0000,1984.0000,1984.0000,1984.0000,1984.0000,1984.0000,1984.0000,1984.0000,1984.0000,1984.0000,1984.0000,1984.0000,1984.0000
2024-12-05 14:26:45, , , ,48.3000,1984.0000,1984.0000,1984.0000,1984.0000,1984.0000,1984.0000,1984.0000,1984.0000,1984.0000,1984.0000,1984.0000,1984.0000,1984.0000,1984.0000
2024-12-05 14:26:45, , , ,48.3000,1984.0000,1984.0000,1984.0000,1984.0000,1984.0000,1984.0000,1984.0000,1984.0000,1984.0000,1984.0000,1984.0000,1984.0000,1984.0000,1984.0000
2024-12-05 14:26:46, , , ,48.3000,1984.0000,1984.0000,1984.0000,1984.0000,1984.0000,1984.0000,1984.0000,1984.0000,1984.0000,1984.0000,1984.0000,1984.0000,1984.0000,1984.0000
2024-12-05 14:26:46, , , ,48.3000,1984.0000,1984.0000,1984.0000,1984.0000,1984.0000,1984.0000,1984.0000,1984.0000,1984.0000,1984.0000,1984.0000,1984.0000,1984.0000,1984.0000
2024-12-05 14:26:46, , , ,48.3000,1984.0000,1984.0000,1984.0000,1984.0000,1984.0000,1984.0000,1984.0000,1984.0000,1984.0000,1984.0000,1984.0000,1984.0000,1984.0000,1984.0000
2024-12-05 14:26:46, , , ,48.3000,1984.0000,1984.0000,1984.0000,1984.0000,1984.0000,1984.0000,1984.0000,1984.0000,1984.0000,1984.0000,1984.0000,1984.0000,1984.0000,1984.0000
2024-12-05 14:26:46, , , ,48.2000,1984.0000,1984.0000,1984.0000,1984.0000,1984.0000,1984.0000,1984.0000,1984.0000,1984.0000,1984.0000,1984.0000,1984.0000,1984.0000,1984.0000
2024-12-05 14:26:46, , , ,48.2000,1984.0000,1984.0000,1984.0000,1984.0000,1984.0000,1984.0000,1984.0000,1984.0000,1984.0000,1984.0000,1984.0000,1984.0000,1984.0000,1984.0000
2024-12-05 14:26:47, , , ,48.1000,1984.0000,1984.0000,1984.0000,1984.0000,1984.0000,1984.0000,1984.0000,1984.0000,1984.0000,1984.0000,1984.0000,1984.0000,1984.0000,1984.0000
2024-12-05 14:26:47, , , ,48.1000,1984.0000,1984.0000,1984.0000,1984.0000,1984.0000,1984.0000,1984.0000,1984.0000,1984.0000,1984.0000,1984.0000,1984.0000,1984.0000,1984.0000
2024-12-05 14:26:47, , , ,48.0000,1984.0000,1984.0000,1984.0000,1984.0000,1984.0000,1984.0000,1984.0000,1984.0000,1984.0000,1984.0000,1984.0000,1984.0000,1984.0000,1984.0000
2024-12-05 14:26:47, , , ,48.0000,1984.0000,1984.0000,1984.0000,1984.0000,1984.0000,1984.0000,1984.0000,1984.0000,1984.0000,1984.0000,1984.0000,1984.0000,1984.0000,1984.0000
2024-12-05 14:26:47, , , ,48.0000,1984.0000,1984.0000,1984.0000,1984.0000,1984.0000,1984.0000,1984.0000,1984.0000,1984.0000,1984.0000,1984.0000,1984.0000,1984.0000,1984.0000
2024-12-05 14:26:47, , , ,48.0000,1984.0000,1984.0000,1984.0000,1984.0000,1984.0000,1984.0000,1984.0000,1984.0000,1984.0000,1984.0000,1984.0000,1984.0000,1984.0000,1984.0000
2024-12-05 14:26:48, , , ,48.0000,1984.0000,1984.0000,1984.0000,1984.0000,1984.0000,1984.0000,1984.0000,1984.0000,1984.0000,1984.0000,1984.0000,1984.0000,1984.0000,1984.0000
2024-12-05 14:26:48, , , ,48.0000,1984.0000,1984.0000,1984.0000,1984.0000,1984.0000,1984.0000,1984.0000,1984.0000,1984.0000,1984.0000,1984.0000,1984.0000,1984.0000,1984.0000
2024-12-05 14:26:48, , , ,48.0000,1984.0000,1984.0000,1984.0000,1984.0000,1984.0000,1984.0000,1984.0000,1984.0000,1984.0000,1984.0000,1984.0000,1984.0000,1984.0000,1984.0000
2024-12-05 14:26:48, , , ,48.0000,1984.0000,1984.0000,1984.0000,1984.0000,1984.0000,1984.0000,1984.0000,1984.0000,1984.0000,1984.0000,1984.0000,1984.0000,1984.0000,1984.0000
2024-12-05 14:26:48, , , ,48.0000,1984.0000,1984.0000,1984.0000,1984.0000,1984.0000,1984.0000,1984.0000,1984.0000,1984.0000,1984.0000,1984.0000,1984.0000,1984.0000,1984.0000
2024-12-05 14:26:48, , , ,47.9000,1984.0000,1984.0000,1984.0000,1984.0000,1984.0000,1984.0000,1984.0000,1984.0000,1984.0000,1984.0000,1984.0000,1984.0000,1984.0000,1984.0000
2024-12-05 14:26:49, , , ,47.9000,1984.0000,1984.0000,1984.0000,1984.0000,1984.0000,1984.0000,1984.0000,1984.0000,1984.0000,1984.0000,1984.0000,1984.0000,1984.0000,1984.0000
2024-12-05 14:26:49, , , ,47.9000,1984.0000,1984.0000,1984.0000,1984.0000,1984.0000,1984.0000,1984.0000,1984.0000,1984.0000,1984.0000,1984.0000,1984.0000,1984.0000,1984.0000
2024-12-05 14:26:49, , , ,47.8000,1984.0000,1984.0000,1984.0000,1984.0000,1984.0000,1984.0000,1984.0000,1984.0000,1984.0000,1984.0000,1984.0000,1984.0000,1984.0000,1984.0000
2024-12-05 14:26:49, , , ,47.8000,1984.0000,1984.0000,1984.0000,1984.0000,1984.0000,1984.0000,1984.0000,1984.0000,1984.0000,1984.0000,1984.0000,1984.0000,1984.0000,1984.0000
2024-12-05 14:26:49, , , ,47.7000,1984.0000,1984.0000,1984.0000,1984.0000,1984.0000,1984.0000,1984.0000,1984.0000,1984.0000,1984.0000,1984.0000,1984.0000,1984.0000,1984.0000
2024-12-05 14:26:49, , , ,47.7000,1984.0000,1984.0000,1984.0000,1984.0000,1984.0000,1984.0000,1984.0000,1984.0000,1984.0000,1984.0000,1984.0000,1984.0000,1984.0000,1984.0000
2024-12-05 14:26:50, , , ,47.6000,1984.0000,1984.0000,1984.0000,1984.0000,1984.0000,1984.0000,1984.0000,1984.0000,1984.0000,1984.0000,1984.0000,1984.0000,1984.0000,1984.0000
2024-12-05 14:26:50, , , ,47.6000,1984.0000,1984.0000,1984.0000,1984.0000,1984.0000,1984.0000,1984.0000,1984.0000,1984.0000,1984.0000,1984.0000,1984.0000,1984.0000,1984.0000
2024-12-05 14:26:50, , , ,47.6000,1984.0000,1984.0000,1984.0000,1984.0000,1984.0000,1984.0000,1984.0000,1984.0000,1984.0000,1984.0000,1984.0000,1984.0000,1984.0000,1984.0000
2024-12-05 14:26:50, , , ,47.5000,1984.0000,1984.0000,1984.0000,1984.0000,1984.0000,1984.0000,1984.0000,1984.0000,1984.0000,1984.0000,1984.0000,1984.0000,1984.0000,1984.0000
2024-12-05 14:26:50, , , ,47.5000,1984.0000,1984.0000,1984.0000,1984.0000,1984.0000,1984.0000,1984.0000,1984.0000,1984.0000,1984.0000,1984.0000,1984.0000,1984.0000,1984.0000
2024-12-05 14:26:50, , , ,47.5000,1984.0000,1984.0000,1984.0000,1984.0000,1984.0000,1984.0000,1984.0000,1984.0000,1984.0000,1984.0000,1984.0000,1984.0000,1984.0000,1984.0000
2024-12-05 14:26:51, , , ,47.4000,1984.0000,1984.0000,1984.0000,1984.0000,1984.0000,1984.0000,1984.0000,1984.0000,1984.0000,1984.0000,1984.0000,1984.0000,1984.0000,1984.0000
2024-12-05 14:26:51, , , ,47.4000,1984.0000,1984.0000,1984.0000,1984.0000,1984.0000,1984.0000,1984.0000,1984.0000,1984.0000,1984.0000,1984.0000,1984.0000,1984.0000,1984.0000
2024-12-05 14:26:51, , , ,47.4000,1984.0000,1984.0000,1984.0000,1984.0000,1984.0000,1984.0000,1984.0000,1984.0000,1984.0000,1984.0000,1984.0000,1984.0000,1984.0000,1984.0000
2024-12-05 14:26:51, , , ,47.4000,1984.0000,1984.0000,1984.0000,1984.0000,1984.0000,1984.0000,1984.0000,1984.0000,1984.0000,1984.0000,1984.0000,1984.0000,1984.0000,1984.0000
2024-12-05 14:26:51, , , ,47.3000,1984.0000,1984.0000,1984.0000,1984.0000,1984.0000,1984.0000,1984.0000,1984.0000,1984.0000,1984.0000,1984.0000,1984.0000,1984.0000,1984.0000
2024-12-05 14:26:51, , , ,47.2000,1984.0000,1984.0000,1984.0000,1984.0000,1984.0000,1984.0000,1984.0000,1984.0000,1984.0000,1984.0000,1984.0000,1984.0000,1984.0000,1984.0000
2024-12-05 14:26:52, , , ,47.3000,1984.0000,1984.0000,1984.0000,1984.0000,1984.0000,1984.0000,1984.0000,1984.0000,1984.0000,1984.0000,1984.0000,1984.0000,1984.0000,1984.0000
2024-12-05 14:26:52, , , ,47.3000,1984.0000,1984.0000,1984.0000,1984.0000,1984.0000,1984.0000,1984.0000,1984.0000,1984.0000,1984.0000,1984.0000,1984.0000,1984.0000,1984.0000
2024-12-05 14:26:52, , , ,47.3000,1984.0000,1984.0000,1984.0000,1984.0000,1984.0000,1984.0000,1984.0000,1984.0000,1984.0000,1984.0000,1984.0000,1984.0000,1984.0000,1984.0000
2024-12-05 14:26:52, , , ,47.2000,1984.0000,1984.0000,1984.0000,1984.0000,1984.0000,1984.0000,1984.0000,1984.0000,1984.0000,1984.0000,1984.0000,1984.0000,1984.0000,1984.0000
2024-12-05 14:26:52, , , ,47.2000,1984.0000,1984.0000,1984.0000,1984.0000,1984.0000,1984.0000,1984.0000,1984.0000,1984.0000,1984.0000,1984.0000,1984.0000,1984.0000,1984.0000
2024-12-05 14:26:52, , , ,47.1000,1984.0000,1984.0000,1984.0000,1984.0000,1984.0000,1984.0000,1984.0000,1984.0000,1984.0000,1984.0000,1984.0000,1984.0000,1984.0000,1984.0000
2024-12-05 14:26:53, , , ,47.1000,1984.0000,1984.0000,1984.0000,1984.0000,1984.0000,1984.0000,1984.0000,1984.0000,1984.0000,1984.0000,1984.0000,1984.0000,1984.0000,1984.0000
2024-12-05 14:26:53, , , ,47.0000,1984.0000,1984.0000,1984.0000,1984.0000,1984.0000,1984.0000,1984.0000,1984.0000,1984.0000,1984.0000,1984.0000,1984.0000,1984.0000,1984.0000
2024-12-05 14:26:53, , , ,47.0000,1984.0000,1984.0000,1984.0000,1984.0000,1984.0000,1984.0000,1984.0000,1984.0000,1984.0000,1984.0000,1984.0000,1984.0000,1984.0000,1984.0000
2024-12-05 14:26:53, , , ,47.0000,1984.0000,1984.0000,1984.0000,1984.0000,1984.0000,1984.0000,1984.0000,1984.0000,1984.0000,1984.0000,1984.0000,1984.0000,1984.0000,1984.0000
2024-12-05 14:26:53, , , ,47.0000,1984.0000,1984.0000,1984.0000,1984.0000,1984.0000,1984.0000,1984.0000,1984.0000,1984.0000,1984.0000,1984.0000,1984.0000,1984.0000,1984.0000
2024-12-05 14:26:53, , , ,47.0000,1984.0000,1984.0000,1984.0000,1984.0000,1984.0000,1984.0000,1984.0000,1984.0000,1984.0000,1984.0000,1984.0000,1984.0000,1984.0000,1984.0000
2024-12-05 14:26:54, , , ,46.9000,1984.0000,1984.0000,1984.0000,1984.0000,1984.0000,1984.0000,1984.0000,1984.0000,1984.0000,1984.0000,1984.0000,1984.0000,1984.0000,1984.0000
2024-12-05 14:26:54, , , ,46.9000,1984.0000,1984.0000,1984.0000,1984.0000,1984.0000,1984.0000,1984.0000,1984.0000,1984.0000,1984.0000,1984.0000,1984.0000,1984.0000,1984.0000
2024-12-05 14:26:54, , , ,46.9000,1984.0000,1984.0000,1984.0000,1984.0000,1984.0000,1984.0000,1984.0000,1984.0000,1984.0000,1984.0000,1984.0000,1984.0000,1984.0000,1984.0000
2024-12-05 14:26:54, , , ,46.9000,1984.0000,1984.0000,1984.0000,1984.0000,1984.0000,1984.0000,1984.0000,1984.0000,1984.0000,1984.0000,1984.0000,1984.0000,1984.0000,1984.0000
2024-12-05 14:26:54, , , ,46.9000,1984.0000,1984.0000,1984.0000,1984.0000,1984.0000,1984.0000,1984.0000,1984.0000,1984.0000,1984.0000,1984.0000,1984.0000,1984.0000,1984.0000
2024-12-05 14:26:54, , , ,46.9000,1984.0000,1984.0000,1984.0000,1984.0000,1984.0000,1984.0000,1984.0000,1984.0000,1984.0000,1984.0000,1984.0000,1984.0000,1984.0000,1984.0000
2024-12-05 14:26:55, , , ,46.9000,1984.0000,1984.0000,1984.0000,1984.0000,1984.0000,1984.0000,1984.0000,1984.0000,1984.0000,1984.0000,1984.0000,1984.0000,1984.0000,1984.0000
2024-12-05 14:26:55, , , ,47.0000,1984.0000,1984.0000,1984.0000,1984.0000,1984.0000,1984.0000,1984.0000,1984.0000,1984.0000,1984.0000,1984.0000,1984.0000,1984.0000,1984.0000
2024-12-05 14:26:55, , , ,47.1000,1984.0000,1984.0000,1984.0000,1984.0000,1984.0000,1984.0000,1984.0000,1984.0000,1984.0000,1984.0000,1984.0000,1984.0000,1984.0000,1984.0000
2024-12-05 14:26:55, , , ,47.3000,1984.0000,1984.0000,1984.0000,1984.0000,1984.0000,1984.0000,1984.0000,1984.0000,1984.0000,1984.0000,1984.0000,1984.0000,1984.0000,1984.0000
2024-12-05 14:26:55, , , ,47.3000,1984.0000,1984.0000,1984.0000,1984.0000,1984.0000,1984.0000,1984.0000,1984.0000,1984.0000,1984.0000,1984.0000,1984.0000,1984.0000,1984.0000
2024-12-05 14:26:55, , , ,47.3000,1984.0000,1984.0000,1984.0000,1984.0000,1984.0000,1984.0000,1984.0000,1984.0000,1984.0000,1984.0000,1984.0000,1984.0000,1984.0000,1984.0000
2024-12-05 14:26:56, , , ,47.9000,1984.0000,1984.0000,1984.0000,1984.0000,1984.0000,1984.0000,1984.0000,1984.0000,1984.0000,1984.0000,1984.0000,1984.0000,1984.0000,1984.0000
2024-12-05 14:26:56, , , ,48.0000,1984.0000,1984.0000,1984.0000,1984.0000,1984.0000,1984.0000,1984.0000,1984.0000,1984.0000,1984.0000,1984.0000,1984.0000,1984.0000,1984.0000
2024-12-05 14:26:56, , , ,48.0000,1984.0000,1984.0000,1984.0000,1984.0000,1984.0000,1984.0000,1984.0000,1984.0000,1984.0000,1984.0000,1984.0000,1984.0000,1984.0000,1984.0000
2024-12-05 14:26:56, , , ,48.0000,1984.0000,1984.0000,1984.0000,1984.0000,1984.0000,1984.0000,1984.0000,1984.0000,1984.0000,1984.0000,1984.0000,1984.0000,1984.0000,1984.0000
2024-12-05 14:26:56, , , ,47.9000,1984.0000,1984.0000,1984.0000,1984.0000,1984.0000,1984.0000,1984.0000,1984.0000,1984.0000,1984.0000,1984.0000,1984.0000,1984.0000,1984.0000
2024-12-05 14:26:56, , , ,47.9000,1984.0000,1984.0000,1984.0000,1984.0000,1984.0000,1984.0000,1984.0000,1984.0000,1984.0000,1984.0000,1984.0000,1984.0000,1984.0000,1984.0000
2024-12-05 14:26:57, , , ,47.9000,1984.0000,1984.0000,1984.0000,1984.0000,1984.0000,1984.0000,1984.0000,1984.0000,1984.0000,1984.0000,1984.0000,1984.0000,1984.0000,1984.0000
2024-12-05 14:26:57, , , ,47.9000,1984.0000,1984.0000,1984.0000,1984.0000,1984.0000,1984.0000,1984.0000,1984.0000,1984.0000,1984.0000,1984.0000,1984.0000,1984.0000,1984.0000
2024-12-05 14:26:57, , , ,47.9000,1984.0000,1984.0000,1984.0000,1984.0000,1984.0000,1984.0000,1984.0000,1984.0000,1984.0000,1984.0000,1984.0000,1984.0000,1984.0000,1984.0000
2024-12-05 14:26:57, , , ,47.8000,1984.0000,1984.0000,1984.0000,1984.0000,1984.0000,1984.0000,1984.0000,1984.0000,1984.0000,1984.0000,1984.0000,1984.0000,1984.0000,1984.0000
2024-12-05 14:26:57, , , ,47.8000,1984.0000,1984.0000,1984.0000,1984.0000,1984.0000,1984.0000,1984.0000,1984.0000,1984.0000,1984.0000,1984.0000,1984.0000,1984.0000,1984.0000
2024-12-05 14:26:57, , , ,47.8000,1984.0000,1984.0000,1984.0000,1984.0000,1984.0000,1984.0000,1984.0000,1984.0000,1984.0000,1984.0000,1984.0000,1984.0000,1984.0000,1984.0000
2024-12-05 14:26:58, , , ,47.7000,1984.0000,1984.0000,1984.0000,1984.0000,1984.0000,1984.0000,1984.0000,1984.0000,1984.0000,1984.0000,1984.0000,1984.0000,1984.0000,1984.0000
2024-12-05 14:26:58, , , ,47.7000,1984.0000,1984.0000,1984.0000,1984.0000,1984.0000,1984.0000,1984.0000,1984.0000,1984.0000,1984.0000,1984.0000,1984.0000,1984.0000,1984.0000
2024-12-05 14:26:58, , , ,47.6000,1984.0000,1984.0000,1984.0000,1984.0000,1984.0000,1984.0000,1984.0000,1984.0000,1984.0000,1984.0000,1984.0000,1984.0000,1984.0000,1984.0000
2024-12-05 14:26:58, , , ,47.6000,1984.0000,1984.0000,1984.0000,1984.0000,1984.0000,1984.0000,1984.0000,1984.0000,1984.0000,1984.0000,1984.0000,1984.0000,1984.0000,1984.0000
2024-12-05 14:26:58, , , ,47.6000,1984.0000,1984.0000,1984.0000,1984.0000,1984.0000,1984.0000,1984.0000,1984.0000,1984.0000,1984.0000,1984.0000,1984.0000,1984.0000,1984.0000
2024-12-05 14:26:58, , , ,47.6000,1984.0000,1984.0000,1984.0000,1984.0000,1984.0000,1984.0000,1984.0000,1984.0000,1984.0000,1984.0000,1984.0000,1984.0000,1984.0000,1984.0000
2024-12-05 14:26:59, , , ,47.6000,1984.0000,1984.0000,1984.0000,1984.0000,1984.0000,1984.0000,1984.0000,1984.0000,1984.0000,1984.0000,1984.0000,1984.0000,1984.0000,1984.0000
2024-12-05 14:26:59, , , ,47.5000,1984.0000,1984.0000,1984.0000,1984.0000,1984.0000,1984.0000,1984.0000,1984.0000,1984.0000,1984.0000,1984.0000,1984.0000,1984.0000,1984.0000
2024-12-05 14:26:59, , , ,47.5000,1984.0000,1984.0000,1984.0000,1984.0000,1984.0000,1984.0000,1984.0000,1984.0000,1984.0000,1984.0000,1984.0000,1984.0000,1984.0000,1984.0000
2024-12-05 14:26:59, , , ,47.4000,1984.0000,1984.0000,1984.0000,1984.0000,1984.0000,1984.0000,1984.0000,1984.0000,1984.0000,1984.0000,1984.0000,1984.0000,1984.0000,1984.0000
2024-12-05 14:26:59, , , ,47.4000,1984.0000,1984.0000,1984.0000,1984.0000,1984.0000,1984.0000,1984.0000,1984.0000,1984.0000,1984.0000,1984.0000,1984.0000,1984.0000,1984.0000
2024-12-05 14:26:59, , , ,47.4000,1984.0000,1984.0000,1984.0000,1984.0000,1984.0000,1984.0000,1984.0000,1984.0000,1984.0000,1984.0000,1984.0000,1984.0000,1984.0000,1984.0000
2024-12-05 14:27:00, , , ,47.3000,1984.0000,1984.0000,1984.0000,1984.0000,1984.0000,1984.0000,1984.0000,1984.0000,1984.0000,1984.0000,1984.0000,1984.0000,1984.0000,1984.0000
2024-12-05 14:27:00, , , ,47.3000,1984.0000,1984.0000,1984.0000,1984.0000,1984.0000,1984.0000,1984.0000,1984.0000,1984.0000,1984.0000,1984.0000,1984.0000,1984.0000,1984.0000
2024-12-05 14:27:00, , , ,47.3000,1984.0000,1984.0000,1984.0000,1984.0000,1984.0000,1984.0000,1984.0000,1984.0000,1984.0000,1984.0000,1984.0000,1984.0000,1984.0000,1984.0000
2024-12-05 14:27:00, , , ,47.2000,1984.0000,1984.0000,1984.0000,1984.0000,1984.0000,1984.0000,1984.0000,1984.0000,1984.0000,1984.0000,1984.0000,1984.0000,1984.0000,1984.0000
2024-12-05 14:27:00, , , ,47.1000,1984.0000,1984.0000,1984.0000,1984.0000,1984.0000,1984.0000,1984.0000,1984.0000,1984.0000,1984.0000,1984.0000,1984.0000,1984.0000,1984.0000
2024-12-05 14:27:00, , , ,47.2000,1984.0000,1984.0000,1984.0000,1984.0000,1984.0000,1984.0000,1984.0000,1984.0000,1984.0000,1984.0000,1984.0000,1984.0000,1984.0000,1984.0000
2024-12-05 14:27:01, , , ,47.2000,1984.0000,1984.0000,1984.0000,1984.0000,1984.0000,1984.0000,1984.0000,1984.0000,1984.0000,1984.0000,1984.0000,1984.0000,1984.0000,1984.0000
2024-12-05 14:27:01, , , ,47.1000,1984.0000,1984.0000,1984.0000,1984.0000,1984.0000,1984.0000,1984.0000,1984.0000,1984.0000,1984.0000,1984.0000,1984.0000,1984.0000,1984.0000
2024-12-05 14:27:01, , , ,47.1000,1984.0000,1984.0000,1984.0000,1984.0000,1984.0000,1984.0000,1984.0000,1984.0000,1984.0000,1984.0000,1984.0000,1984.0000,1984.0000,1984.0000
2024-12-05 14:27:01, , , ,47.1000,1984.0000,1984.0000,1984.0000,1984.0000,1984.0000,1984.0000,1984.0000,1984.0000,1984.0000,1984.0000,1984.0000,1984.0000,1984.0000,1984.0000
2024-12-05 14:27:01, , , ,47.0000,1984.0000,1984.0000,1984.0000,1984.0000,1984.0000,1984.0000,1984.0000,1984.0000,1984.0000,1984.0000,1984.0000,1984.0000,1984.0000,1984.0000
2024-12-05 14:27:01, , , ,47.0000,1984.0000,1984.0000,1984.0000,1984.0000,1984.0000,1984.0000,1984.0000,1984.0000,1984.0000,1984.0000,1984.0000,1984.0000,1984.0000,1984.0000
2024-12-05 14:27:02, , , ,46.9000,1984.0000,1984.0000,1984.0000,1984.0000,1984.0000,1984.0000,1984.0000,1984.0000,1984.0000,1984.0000,1984.0000,1984.0000,1984.0000,1984.0000
2024-12-05 14:27:02, , , ,46.9000,1984.0000,1984.0000,1984.0000,1984.0000,1984.0000,1984.0000,1984.0000,1984.0000,1984.0000,1984.0000,1984.0000,1984.0000,1984.0000,1984.0000
2024-12-05 14:27:02, , , ,46.9000,1984.0000,1984.0000,1984.0000,1984.0000,1984.0000,1984.0000,1984.0000,1984.0000,1984.0000,1984.0000,1984.0000,1984.0000,1984.0000,1984.0000
2024-12-05 14:27:02, , , ,46.9000,1984.0000,1984.0000,1984.0000,1984.0000,1984.0000,1984.0000,1984.0000,1984.0000,1984.0000,1984.0000,1984.0000,1984.0000,1984.0000,1984.0000
2024-12-05 14:27:02, , , ,46.9000,1984.0000,1984.0000,1984.0000,1984.0000,1984.0000,1984.0000,1984.0000,1984.0000,1984.0000,1984.0000,1984.0000,1984.0000,1984.0000,1984.0000
2024-12-05 14:27:02, , , ,46.9000,1984.0000,1984.0000,1984.0000,1984.0000,1984.0000,1984.0000,1984.0000,1984.0000,1984.0000,1984.0000,1984.0000,1984.0000,1984.0000,1984.0000
2024-12-05 14:27:03, , , ,46.9000,1984.0000,1984.0000,1984.0000,1984.0000,1984.0000,1984.0000,1984.0000,1984.0000,1984.0000,1984.0000,1984.0000,1984.0000,1984.0000,1984.0000
2024-12-05 14:27:03, , , ,46.9000,1984.0000,1984.0000,1984.0000,1984.0000,1984.0000,1984.0000,1984.0000,1984.0000,1984.0000,1984.0000,1984.0000,1984.0000,1984.0000,1984.0000
2024-12-05 14:27:03, , , ,46.9000,1984.0000,1984.0000,1984.0000,1984.0000,1984.0000,1984.0000,1984.0000,1984.0000,1984.0000,1984.0000,1984.0000,1984.0000,1984.0000,1984.0000
2024-12-05 14:27:03, , , ,46.9000,1984.0000,1984.0000,1984.0000,1984.0000,1984.0000,1984.0000,1984.0000,1984.0000,1984.0000,1984.0000,1984.0000,1984.0000,1984.0000,1984.0000
2024-12-05 14:27:03, , , ,46.9000,1984.0000,1984.0000,1984.0000,1984.0000,1984.0000,1984.0000,1984.0000,1984.0000,1984.0000,1984.0000,1984.0000,1984.0000,1984.0000,1984.0000
2024-12-05 14:27:03, , , ,46.9000,1984.0000,1984.0000,1984.0000,1984.0000,1984.0000,1984.0000,1984.0000,1984.0000,1984.0000,1984.0000,1984.0000,1984.0000,1984.0000,1984.0000
2024-12-05 14:27:04, , , ,46.9000,1984.0000,1984.0000,1984.0000,1984.0000,1984.0000,1984.0000,1984.0000,1984.0000,1984.0000,1984.0000,1984.0000,1984.0000,1984.0000,1984.0000
2024-12-05 14:27:04, , , ,46.9000,1984.0000,1984.0000,1984.0000,1984.0000,1984.0000,1984.0000,1984.0000,1984.0000,1984.0000,1984.0000,1984.0000,1984.0000,1984.0000,1984.0000
2024-12-05 14:27:04, , , ,46.9000,1984.0000,1984.0000,1984.0000,1984.0000,1984.0000,1984.0000,1984.0000,1984.0000,1984.0000,1984.0000,1984.0000,1984.0000,1984.0000,1984.0000
2024-12-05 14:27:04, , , ,46.9000,1984.0000,1984.0000,1984.0000,1984.0000,1984.0000,1984.0000,1984.0000,1984.0000,1984.0000,1984.0000,1984.0000,1984.0000,1984.0000,1984.0000
2024-12-05 14:27:04, , , ,46.9000,1984.0000,1984.0000,1984.0000,1984.0000,1984.0000,1984.0000,1984.0000,1984.0000,1984.0000,1984.0000,1984.0000,1984.0000,1984.0000,1984.0000
2024-12-05 14:27:04, , , ,46.9000,1984.0000,1984.0000,1984.0000,1984.0000,1984.0000,1984.0000,1984.0000,1984.0000,1984.0000,1984.0000,1984.0000,1984.0000,1984.0000,1984.0000
2024-12-05 14:27:05, , , ,46.9000,1984.0000,1984.0000,1984.0000,1984.0000,1984.0000,1984.0000,1984.0000,1984.0000,1984.0000,1984.0000,1984.0000,1984.0000,1984.0000,1984.0000
2024-12-05 14:27:05, , , ,46.8000,1984.0000,1984.0000,1984.0000,1984.0000,1984.0000,1984.0000,1984.0000,1984.0000,1984.0000,1984.0000,1984.0000,1984.0000,1984.0000,1984.0000
2024-12-05 14:27:05, , , ,46.8000,1984.0000,1984.0000,1984.0000,1984.0000,1984.0000,1984.0000,1984.0000,1984.0000,1984.0000,1984.0000,1984.0000,1984.0000,1984.0000,1984.0000
2024-12-05 14:27:05, , , ,46.8000,1984.0000,1984.0000,1984.0000,1984.0000,1984.0000,1984.0000,1984.0000,1984.0000,1984.0000,1984.0000,1984.0000,1984.0000,1984.0000,1984.0000
2024-12-05 14:27:05, , , ,46.7000,1984.0000,1984.0000,1984.0000,1984.0000,1984.0000,1984.0000,1984.0000,1984.0000,1984.0000,1984.0000,1984.0000,1984.0000,1984.0000,1984.0000
2024-12-05 14:27:05, , , ,46.7000,1984.0000,1984.0000,1984.0000,1984.0000,1984.0000,1984.0000,1984.0000,1984.0000,1984.0000,1984.0000,1984.0000,1984.0000,1984.0000,1984.0000
2024-12-05 14:27:06, , , ,46.6000,1984.0000,1984.0000,1984.0000,1984.0000,1984.0000,1984.0000,1984.0000,1984.0000,1984.0000,1984.0000,1984.0000,1984.0000,1984.0000,1984.0000
2024-12-05 14:27:06, , , ,46.6000,1984.0000,1984.0000,1984.0000,1984.0000,1984.0000,1984.0000,1984.0000,1984.0000,1984.0000,1984.0000,1984.0000,1984.0000,1984.0000,1984.0000
2024-12-05 14:27:06, , , ,46.7000,1984.0000,1984.0000,1984.0000,1984.0000,1984.0000,1984.0000,1984.0000,1984.0000,1984.0000,1984.0000,1984.0000,1984.0000,1984.0000,1984.0000
2024-12-05 14:27:06, , , ,46.8000,1984.0000,1984.0000,1984.0000,1984.0000,1984.0000,1984.0000,1984.0000,1984.0000,1984.0000,1984.0000,1984.0000,1984.0000,1984.0000,1984.0000
2024-12-05 14:27:06, , , ,47.0000,1984.0000,1984.0000,1984.0000,1984.0000,1984.0000,1984.0000,1984.0000,1984.0000,1984.0000,1984.0000,1984.0000,1984.0000,1984.0000,1984.0000
2024-12-05 14:27:06, , , ,47.0000,1984.0000,1984.0000,1984.0000,1984.0000,1984.0000,1984.0000,1984.0000,1984.0000,1984.0000,1984.0000,1984.0000,1984.0000,1984.0000,1984.0000
2024-12-05 14:27:07, , , ,47.2000,1984.0000,1984.0000,1984.0000,1984.0000,1984.0000,1984.0000,1984.0000,1984.0000,1984.0000,1984.0000,1984.0000,1984.0000,1984.0000,1984.0000
2024-12-05 14:27:07, , , ,47.4000,1984.0000,1984.0000,1984.0000,1984.0000,1984.0000,1984.0000,1984.0000,1984.0000,1984.0000,1984.0000,1984.0000,1984.0000,1984.0000,1984.0000
2024-12-05 14:27:07, , , ,47.6000,1984.0000,1984.0000,1984.0000,1984.0000,1984.0000,1984.0000,1984.0000,1984.0000,1984.0000,1984.0000,1984.0000,1984.0000,1984.0000,1984.0000
2024-12-05 14:27:07, , , ,47.6000,1984.0000,1984.0000,1984.0000,1984.0000,1984.0000,1984.0000,1984.0000,1984.0000,1984.0000,1984.0000,1984.0000,1984.0000,1984.0000,1984.0000
2024-12-05 14:27:07, , , ,47.6000,1984.0000,1984.0000,1984.0000,1984.0000,1984.0000,1984.0000,1984.0000,1984.0000,1984.0000,1984.0000,1984.0000,1984.0000,1984.0000,1984.0000
2024-12-05 14:27:07, , , ,47.6000,1984.0000,1984.0000,1984.0000,1984.0000,1984.0000,1984.0000,1984.0000,1984.0000,1984.0000,1984.0000,1984.0000,1984.0000,1984.0000,1984.0000
2024-12-05 14:27:07, , , ,47.6000,1984.0000,1984.0000,1984.0000,1984.0000,1984.0000,1984.0000,1984.0000,1984.0000,1984.0000,1984.0000,1984.0000,1984.0000,1984.0000,1984.0000
2024-12-05 14:27:08, , , ,47.6000,1984.0000,1984.0000,1984.0000,1984.0000,1984.0000,1984.0000,1984.0000,1984.0000,1984.0000,1984.0000,1984.0000,1984.0000,1984.0000,1984.0000
2024-12-05 14:27:08, , , ,47.6000,1984.0000,1984.0000,1984.0000,1984.0000,1984.0000,1984.0000,1984.0000,1984.0000,1984.0000,1984.0000,1984.0000,1984.0000,1984.0000,1984.0000
2024-12-05 14:27:08, , , ,47.6000,1984.0000,1984.0000,1984.0000,1984.0000,1984.0000,1984.0000,1984.0000,1984.0000,1984.0000,1984.0000,1984.0000,1984.0000,1984.0000,1984.0000
2024-12-05 14:27:08, , , ,47.6000,1984.0000,1984.0000,1984.0000,1984.0000,1984.0000,1984.0000,1984.0000,1984.0000,1984.0000,1984.0000,1984.0000,1984.0000,1984.0000,1984.0000
2024-12-05 14:27:08, , , ,47.6000,1984.0000,1984.0000,1984.0000,1984.0000,1984.0000,1984.0000,1984.0000,1984.0000,1984.0000,1984.0000,1984.0000,1984.0000,1984.0000,1984.0000
2024-12-05 14:27:08, , , ,47.5000,1984.0000,1984.0000,1984.0000,1984.0000,1984.0000,1984.0000,1984.0000,1984.0000,1984.0000,1984.0000,1984.0000,1984.0000,1984.0000,1984.0000
2024-12-05 14:27:09, , , ,47.5000,1984.0000,1984.0000,1984.0000,1984.0000,1984.0000,1984.0000,1984.0000,1984.0000,1984.0000,1984.0000,1984.0000,1984.0000,1984.0000,1984.0000
2024-12-05 14:27:09, , , ,47.5000,1984.0000,1984.0000,1984.0000,1984.0000,1984.0000,1984.0000,1984.0000,1984.0000,1984.0000,1984.0000,1984.0000,1984.0000,1984.0000,1984.0000
2024-12-05 14:27:09, , , ,47.4000,1984.0000,1984.0000,1984.0000,1984.0000,1984.0000,1984.0000,1984.0000,1984.0000,1984.0000,1984.0000,1984.0000,1984.0000,1984.0000,1984.0000
2024-12-05 14:27:09, , , ,47.4000,1984.0000,1984.0000,1984.0000,1984.0000,1984.0000,1984.0000,1984.0000,1984.0000,1984.0000,1984.0000,1984.0000,1984.0000,1984.0000,1984.0000
2024-12-05 14:27:09, , , ,47.3000,1984.0000,1984.0000,1984.0000,1984.0000,1984.0000,1984.0000,1984.0000,1984.0000,1984.0000,1984.0000,1984.0000,1984.0000,1984.0000,1984.0000
2024-12-05 14:27:09, , , ,47.3000,1984.0000,1984.0000,1984.0000,1984.0000,1984.0000,1984.0000,1984.0000,1984.0000,1984.0000,1984.0000,1984.0000,1984.0000,1984.0000,1984.0000
2024-12-05 14:27:10, , , ,47.3000,1984.0000,1984.0000,1984.0000,1984.0000,1984.0000,1984.0000,1984.0000,1984.0000,1984.0000,1984.0000,1984.0000,1984.0000,1984.0000,1984.0000
2024-12-05 14:27:10, , , ,47.3000,1984.0000,1984.0000,1984.0000,1984.0000,1984.0000,1984.0000,1984.0000,1984.0000,1984.0000,1984.0000,1984.0000,1984.0000,1984.0000,1984.0000
2024-12-05 14:27:10, , , ,47.3000,1984.0000,1984.0000,1984.0000,1984.0000,1984.0000,1984.0000,1984.0000,1984.0000,1984.0000,1984.0000,1984.0000,1984.0000,1984.0000,1984.0000
2024-12-05 14:27:10, , , ,47.3000,1984.0000,1984.0000,1984.0000,1984.0000,1984.0000,1984.0000,1984.0000,1984.0000,1984.0000,1984.0000,1984.0000,1984.0000,1984.0000,1984.0000
2024-12-05 14:27:10, , , ,47.3000,1984.0000,1984.0000,1984.0000,1984.0000,1984.0000,1984.0000,1984.0000,1984.0000,1984.0000,1984.0000,1984.0000,1984.0000,1984.0000,1984.0000
2024-12-05 14:27:10, , , ,47.2000,1984.0000,1984.0000,1984.0000,1984.0000,1984.0000,1984.0000,1984.0000,1984.0000,1984.0000,1984.0000,1984.0000,1984.0000,1984.0000,1984.0000
2024-12-05 14:27:11, , , ,47.2000,1984.0000,1984.0000,1984.0000,1984.0000,1984.0000,1984.0000,1984.0000,1984.0000,1984.0000,1984.0000,1984.0000,1984.0000,1984.0000,1984.0000
2024-12-05 14:27:11, , , ,47.2000,1984.0000,1984.0000,1984.0000,1984.0000,1984.0000,1984.0000,1984.0000,1984.0000,1984.0000,1984.0000,1984.0000,1984.0000,1984.0000,1984.0000
2024-12-05 14:27:11, , , ,47.2000,1984.0000,1984.0000,1984.0000,1984.0000,1984.0000,1984.0000,1984.0000,1984.0000,1984.0000,1984.0000,1984.0000,1984.0000,1984.0000,1984.0000
2024-12-05 14:27:11, , , ,47.1000,1984.0000,1984.0000,1984.0000,1984.0000,1984.0000,1984.0000,1984.0000,1984.0000,1984.0000,1984.0000,1984.0000,1984.0000,1984.0000,1984.0000
2024-12-05 14:27:11, , , ,47.1000,1984.0000,1984.0000,1984.0000,1984.0000,1984.0000,1984.0000,1984.0000,1984.0000,1984.0000,1984.0000,1984.0000,1984.0000,1984.0000,1984.0000
2024-12-05 14:27:11, , , ,47.0000,1984.0000,1984.0000,1984.0000,1984.0000,1984.0000,1984.0000,1984.0000,1984.0000,1984.0000,1984.0000,1984.0000,1984.0000,1984.0000,1984.0000
2024-12-05 14:27:12, , , ,47.0000,1984.0000,1984.0000,1984.0000,1984.0000,1984.0000,1984.0000,1984.0000,1984.0000,1984.0000,1984.0000,1984.0000,1984.0000,1984.0000,1984.0000
2024-12-05 14:27:12, , , ,47.0000,1984.0000,1984.0000,1984.0000,1984.0000,1984.0000,1984.0000,1984.0000,1984.0000,1984.0000,1984.0000,1984.0000,1984.0000,1984.0000,1984.0000
2024-12-05 14:27:12, , , ,46.9000,1984.0000,1984.0000,1984.0000,1984.0000,1984.0000,1984.0000,1984.0000,1984.0000,1984.0000,1984.0000,1984.0000,1984.0000,1984.0000,1984.0000
2024-12-05 14:27:12, , , ,46.9000,1984.0000,1984.0000,1984.0000,1984.0000,1984.0000,1984.0000,1984.0000,1984.0000,1984.0000,1984.0000,1984.0000,1984.0000,1984.0000,1984.0000
2024-12-05 14:27:12, , , ,46.9000,1984.0000,1984.0000,1984.0000,1984.0000,1984.0000,1984.0000,1984.0000,1984.0000,1984.0000,1984.0000,1984.0000,1984.0000,1984.0000,1984.0000
2024-12-05 14:27:12, , , ,46.9000,1984.0000,1984.0000,1984.0000,1984.0000,1984.0000,1984.0000,1984.0000,1984.0000,1984.0000,1984.0000,1984.0000,1984.0000,1984.0000,1984.0000
2024-12-05 14:27:13, , , ,46.9000,1984.0000,1984.0000,1984.0000,1984.0000,1984.0000,1984.0000,1984.0000,1984.0000,1984.0000,1984.0000,1984.0000,1984.0000,1984.0000,1984.0000
2024-12-05 14:27:13, , , ,46.9000,1984.0000,1984.0000,1984.0000,1984.0000,1984.0000,1984.0000,1984.0000,1984.0000,1984.0000,1984.0000,1984.0000,1984.0000,1984.0000,1984.0000
2024-12-05 14:27:13, , , ,46.9000,1984.0000,1984.0000,1984.0000,1984.0000,1984.0000,1984.0000,1984.0000,1984.0000,1984.0000,1984.0000,1984.0000,1984.0000,1984.0000,1984.0000
2024-12-05 14:27:13, , , ,46.9000,1984.0000,1984.0000,1984.0000,1984.0000,1984.0000,1984.0000,1984.0000,1984.0000,1984.0000,1984.0000,1984.0000,1984.0000,1984.0000,1984.0000
2024-12-05 14:27:13, , , ,46.9000,1984.0000,1984.0000,1984.0000,1984.0000,1984.0000,1984.0000,1984.0000,1984.0000,1984.0000,1984.0000,1984.0000,1984.0000,1984.0000,1984.0000
2024-12-05 14:27:13, , , ,46.8000,1984.0000,1984.0000,1984.0000,1984.0000,1984.0000,1984.0000,1984.0000,1984.0000,1984.0000,1984.0000,1984.0000,1984.0000,1984.0000,1984.0000
2024-12-05 14:27:14, , , ,46.8000,1984.0000,1984.0000,1984.0000,1984.0000,1984.0000,1984.0000,1984.0000,1984.0000,1984.0000,1984.0000,1984.0000,1984.0000,1984.0000,1984.0000
2024-12-05 14:27:14, , , ,46.8000,1984.0000,1984.0000,1984.0000,1984.0000,1984.0000,1984.0000,1984.0000,1984.0000,1984.0000,1984.0000,1984.0000,1984.0000,1984.0000,1984.0000
2024-12-05 14:27:14, , , ,46.7000,1984.0000,1984.0000,1984.0000,1984.0000,1984.0000,1984.0000,1984.0000,1984.0000,1984.0000,1984.0000,1984.0000,1984.0000,1984.0000,1984.0000
2024-12-05 14:27:14, , , ,46.7000,1984.0000,1984.0000,1984.0000,1984.0000,1984.0000,1984.0000,1984.0000,1984.0000,1984.0000,1984.0000,1984.0000,1984.0000,1984.0000,1984.0000
2024-12-05 14:27:14, , , ,46.7000,1984.0000,1984.0000,1984.0000,1984.0000,1984.0000,1984.0000,1984.0000,1984.0000,1984.0000,1984.0000,1984.0000,1984.0000,1984.0000,1984.0000
2024-12-05 14:27:14, , , ,46.7000,1984.0000,1984.0000,1984.0000,1984.0000,1984.0000,1984.0000,1984.0000,1984.0000,1984.0000,1984.0000,1984.0000,1984.0000,1984.0000,1984.0000
2024-12-05 14:27:15, , , ,46.6000,1984.0000,1984.0000,1984.0000,1984.0000,1984.0000,1984.0000,1984.0000,1984.0000,1984.0000,1984.0000,1984.0000,1984.0000,1984.0000,1984.0000
2024-12-05 14:27:15, , , ,46.6000,1984.0000,1984.0000,1984.0000,1984.0000,1984.0000,1984.0000,1984.0000,1984.0000,1984.0000,1984.0000,1984.0000,1984.0000,1984.0000,1984.0000
2024-12-05 14:27:15, , , ,46.6000,1984.0000,1984.0000,1984.0000,1984.0000,1984.0000,1984.0000,1984.0000,1984.0000,1984.0000,1984.0000,1984.0000,1984.0000,1984.0000,1984.0000
2024-12-05 14:27:15, , , ,46.6000,1984.0000,1984.0000,1984.0000,1984.0000,1984.0000,1984.0000,1984.0000,1984.0000,1984.0000,1984.0000,1984.0000,1984.0000,1984.0000,1984.0000
2024-12-05 14:27:15, , , ,46.6000,1984.0000,1984.0000,1984.0000,1984.0000,1984.0000,1984.0000,1984.0000,1984.0000,1984.0000,1984.0000,1984.0000,1984.0000,1984.0000,1984.0000
2024-12-05 14:27:15, , , ,46.6000,1984.0000,1984.0000,1984.0000,1984.0000,1984.0000,1984.0000,1984.0000,1984.0000,1984.0000,1984.0000,1984.0000,1984.0000,1984.0000,1984.0000
2024-12-05 14:27:16, , , ,46.6000,1984.0000,1984.0000,1984.0000,1984.0000,1984.0000,1984.0000,1984.0000,1984.0000,1984.0000,1984.0000,1984.0000,1984.0000,1984.0000,1984.0000
2024-12-05 14:27:16, , , ,46.6000,1984.0000,1984.0000,1984.0000,1984.0000,1984.0000,1984.0000,1984.0000,1984.0000,1984.0000,1984.0000,1984.0000,1984.0000,1984.0000,1984.0000
2024-12-05 14:27:16, , , ,46.6000,1984.0000,1984.0000,1984.0000,1984.0000,1984.0000,1984.0000,1984.0000,1984.0000,1984.0000,1984.0000,1984.0000,1984.0000,1984.0000,1984.0000
2024-12-05 14:27:16, , , ,46.6000,1984.0000,1984.0000,1984.0000,1984.0000,1984.0000,1984.0000,1984.0000,1984.0000,1984.0000,1984.0000,1984.0000,1984.0000,1984.0000,1984.0000
2024-12-05 14:27:16, , , ,46.6000,1984.0000,1984.0000,1984.0000,1984.0000,1984.0000,1984.0000,1984.0000,1984.0000,1984.0000,1984.0000,1984.0000,1984.0000,1984.0000,1984.0000
2024-12-05 14:27:16, , , ,46.6000,1984.0000,1984.0000,1984.0000,1984.0000,1984.0000,1984.0000,1984.0000,1984.0000,1984.0000,1984.0000,1984.0000,1984.0000,1984.0000,1984.0000
2024-12-05 14:27:17, , , ,46.6000,1984.0000,1984.0000,1984.0000,1984.0000,1984.0000,1984.0000,1984.0000,1984.0000,1984.0000,1984.0000,1984.0000,1984.0000,1984.0000,1984.0000
2024-12-05 14:27:17, , , ,46.6000,1984.0000,1984.0000,1984.0000,1984.0000,1984.0000,1984.0000,1984.0000,1984.0000,1984.0000,1984.0000,1984.0000,1984.0000,1984.0000,1984.0000
2024-12-05 14:27:17, , , ,46.6000,1984.0000,1984.0000,1984.0000,1984.0000,1984.0000,1984.0000,1984.0000,1984.0000,1984.0000,1984.0000,1984.0000,1984.0000,1984.0000,1984.0000
2024-12-05 14:27:17, , , ,46.6000,1984.0000,1984.0000,1984.0000,1984.0000,1984.0000,1984.0000,1984.0000,1984.0000,1984.0000,1984.0000,1984.0000,1984.0000,1984.0000,1984.0000
2024-12-05 14:27:17, , , ,46.8000,1984.0000,1984.0000,1984.0000,1984.0000,1984.0000,1984.0000,1984.0000,1984.0000,1984.0000,1984.0000,1984.0000,1984.0000,1984.0000,1984.0000
2024-12-05 14:27:17, , , ,46.8000,1984.0000,1984.0000,1984.0000,1984.0000,1984.0000,1984.0000,1984.0000,1984.0000,1984.0000,1984.0000,1984.0000,1984.0000,1984.0000,1984.0000
2024-12-05 14:27:18, , , ,46.8000,1984.0000,1984.0000,1984.0000,1984.0000,1984.0000,1984.0000,1984.0000,1984.0000,1984.0000,1984.0000,1984.0000,1984.0000,1984.0000,1984.0000
2024-12-05 14:27:18, , , ,47.2000,1984.0000,1984.0000,1984.0000,1984.0000,1984.0000,1984.0000,1984.0000,1984.0000,1984.0000,1984.0000,1984.0000,1984.0000,1984.0000,1984.0000
2024-12-05 14:27:18, , , ,47.4000,1984.0000,1984.0000,1984.0000,1984.0000,1984.0000,1984.0000,1984.0000,1984.0000,1984.0000,1984.0000,1984.0000,1984.0000,1984.0000,1984.0000
2024-12-05 14:27:18, , , ,47.5000,1984.0000,1984.0000,1984.0000,1984.0000,1984.0000,1984.0000,1984.0000,1984.0000,1984.0000,1984.0000,1984.0000,1984.0000,1984.0000,1984.0000
2024-12-05 14:27:18, , , ,47.5000,1984.0000,1984.0000,1984.0000,1984.0000,1984.0000,1984.0000,1984.0000,1984.0000,1984.0000,1984.0000,1984.0000,1984.0000,1984.0000,1984.0000
2024-12-05 14:27:18, , , ,47.5000,1984.0000,1984.0000,1984.0000,1984.0000,1984.0000,1984.0000,1984.0000,1984.0000,1984.0000,1984.0000,1984.0000,1984.0000,1984.0000,1984.0000
2024-12-05 14:27:19, , , ,47.5000,1984.0000,1984.0000,1984.0000,1984.0000,1984.0000,1984.0000,1984.0000,1984.0000,1984.0000,1984.0000,1984.0000,1984.0000,1984.0000,1984.0000
2024-12-05 14:27:19, , , ,47.5000,1984.0000,1984.0000,1984.0000,1984.0000,1984.0000,1984.0000,1984.0000,1984.0000,1984.0000,1984.0000,1984.0000,1984.0000,1984.0000,1984.0000
2024-12-05 14:27:19, , , ,47.5000,1984.0000,1984.0000,1984.0000,1984.0000,1984.0000,1984.0000,1984.0000,1984.0000,1984.0000,1984.0000,1984.0000,1984.0000,1984.0000,1984.0000
2024-12-05 14:27:19, , , ,47.5000,1984.0000,1984.0000,1984.0000,1984.0000,1984.0000,1984.0000,1984.0000,1984.0000,1984.0000,1984.0000,1984.0000,1984.0000,1984.0000,1984.0000
2024-12-05 14:27:19, , , ,47.5000,1984.0000,1984.0000,1984.0000,1984.0000,1984.0000,1984.0000,1984.0000,1984.0000,1984.0000,1984.0000,1984.0000,1984.0000,1984.0000,1984.0000
2024-12-05 14:27:19, , , ,47.5000,1984.0000,1984.0000,1984.0000,1984.0000,1984.0000,1984.0000,1984.0000,1984.0000,1984.0000,1984.0000,1984.0000,1984.0000,1984.0000,1984.0000
2024-12-05 14:27:20, , , ,47.5000,1984.0000,1984.0000,1984.0000,1984.0000,1984.0000,1984.0000,1984.0000,1984.0000,1984.0000,1984.0000,1984.0000,1984.0000,1984.0000,1984.0000
2024-12-05 14:27:20, , , ,47.5000,1984.0000,1984.0000,1984.0000,1984.0000,1984.0000,1984.0000,1984.0000,1984.0000,1984.0000,1984.0000,1984.0000,1984.0000,1984.0000,1984.0000
2024-12-05 14:27:20, , , ,47.5000,1984.0000,1984.0000,1984.0000,1984.0000,1984.0000,1984.0000,1984.0000,1984.0000,1984.0000,1984.0000,1984.0000,1984.0000,1984.0000,1984.0000
2024-12-05 14:27:20, , , ,47.4000,1984.0000,1984.0000,1984.0000,1984.0000,1984.0000,1984.0000,1984.0000,1984.0000,1984.0000,1984.0000,1984.0000,1984.0000,1984.0000,1984.0000
2024-12-05 14:27:20, , , ,47.4000,1984.0000,1984.0000,1984.0000,1984.0000,1984.0000,1984.0000,1984.0000,1984.0000,1984.0000,1984.0000,1984.0000,1984.0000,1984.0000,1984.0000
2024-12-05 14:27:20, , , ,47.4000,1984.0000,1984.0000,1984.0000,1984.0000,1984.0000,1984.0000,1984.0000,1984.0000,1984.0000,1984.0000,1984.0000,1984.0000,1984.0000,1984.0000
2024-12-05 14:27:21, , , ,47.4000,1984.0000,1984.0000,1984.0000,1984.0000,1984.0000,1984.0000,1984.0000,1984.0000,1984.0000,1984.0000,1984.0000,1984.0000,1984.0000,1984.0000
2024-12-05 14:27:21, , , ,47.2000,1984.0000,1984.0000,1984.0000,1984.0000,1984.0000,1984.0000,1984.0000,1984.0000,1984.0000,1984.0000,1984.0000,1984.0000,1984.0000,1984.0000
2024-12-05 14:27:21, , , ,47.2000,1984.0000,1984.0000,1984.0000,1984.0000,1984.0000,1984.0000,1984.0000,1984.0000,1984.0000,1984.0000,1984.0000,1984.0000,1984.0000,1984.0000
2024-12-05 14:27:21, , , ,47.1000,1984.0000,1984.0000,1984.0000,1984.0000,1984.0000,1984.0000,1984.0000,1984.0000,1984.0000,1984.0000,1984.0000,1984.0000,1984.0000,1984.0000
2024-12-05 14:27:21, , , ,47.1000,1984.0000,1984.0000,1984.0000,1984.0000,1984.0000,1984.0000,1984.0000,1984.0000,1984.0000,1984.0000,1984.0000,1984.0000,1984.0000,1984.0000
2024-12-05 14:27:21, , , ,47.1000,1984.0000,1984.0000,1984.0000,1984.0000,1984.0000,1984.0000,1984.0000,1984.0000,1984.0000,1984.0000,1984.0000,1984.0000,1984.0000,1984.0000
2024-12-05 14:27:22, , , ,47.1000,1984.0000,1984.0000,1984.0000,1984.0000,1984.0000,1984.0000,1984.0000,1984.0000,1984.0000,1984.0000,1984.0000,1984.0000,1984.0000,1984.0000
2024-12-05 14:27:22, , , ,47.0000,1984.0000,1984.0000,1984.0000,1984.0000,1984.0000,1984.0000,1984.0000,1984.0000,1984.0000,1984.0000,1984.0000,1984.0000,1984.0000,1984.0000
2024-12-05 14:27:22, , , ,47.0000,1984.0000,1984.0000,1984.0000,1984.0000,1984.0000,1984.0000,1984.0000,1984.0000,1984.0000,1984.0000,1984.0000,1984.0000,1984.0000,1984.0000
2024-12-05 14:27:22, , , ,47.0000,1984.0000,1984.0000,1984.0000,1984.0000,1984.0000,1984.0000,1984.0000,1984.0000,1984.0000,1984.0000,1984.0000,1984.0000,1984.0000,1984.0000
2024-12-05 14:27:22, , , ,47.0000,1984.0000,1984.0000,1984.0000,1984.0000,1984.0000,1984.0000,1984.0000,1984.0000,1984.0000,1984.0000,1984.0000,1984.0000,1984.0000,1984.0000
2024-12-05 14:27:22, , , ,46.9000,1984.0000,1984.0000,1984.0000,1984.0000,1984.0000,1984.0000,1984.0000,1984.0000,1984.0000,1984.0000,1984.0000,1984.0000,1984.0000,1984.0000
2024-12-05 14:27:23, , , ,46.9000,1984.0000,1984.0000,1984.0000,1984.0000,1984.0000,1984.0000,1984.0000,1984.0000,1984.0000,1984.0000,1984.0000,1984.0000,1984.0000,1984.0000
2024-12-05 14:27:23, , , ,46.9000,1984.0000,1984.0000,1984.0000,1984.0000,1984.0000,1984.0000,1984.0000,1984.0000,1984.0000,1984.0000,1984.0000,1984.0000,1984.0000,1984.0000
2024-12-05 14:27:23, , , ,46.9000,1984.0000,1984.0000,1984.0000,1984.0000,1984.0000,1984.0000,1984.0000,1984.0000,1984.0000,1984.0000,1984.0000,1984.0000,1984.0000,1984.0000
2024-12-05 14:27:23, , , ,46.9000,1984.0000,1984.0000,1984.0000,1984.0000,1984.0000,1984.0000,1984.0000,1984.0000,1984.0000,1984.0000,1984.0000,1984.0000,1984.0000,1984.0000
2024-12-05 14:27:23, , , ,46.9000,1984.0000,1984.0000,1984.0000,1984.0000,1984.0000,1984.0000,1984.0000,1984.0000,1984.0000,1984.0000,1984.0000,1984.0000,1984.0000,1984.0000
2024-12-05 14:27:23, , , ,46.9000,1984.0000,1984.0000,1984.0000,1984.0000,1984.0000,1984.0000,1984.0000,1984.0000,1984.0000,1984.0000,1984.0000,1984.0000,1984.0000,1984.0000
2024-12-05 14:27:24, , , ,46.9000,1984.0000,1984.0000,1984.0000,1984.0000,1984.0000,1984.0000,1984.0000,1984.0000,1984.0000,1984.0000,1984.0000,1984.0000,1984.0000,1984.0000
2024-12-05 14:27:24, , , ,46.9000,1984.0000,1984.0000,1984.0000,1984.0000,1984.0000,1984.0000,1984.0000,1984.0000,1984.0000,1984.0000,1984.0000,1984.0000,1984.0000,1984.0000
2024-12-05 14:27:24, , , ,46.9000,1984.0000,1984.0000,1984.0000,1984.0000,1984.0000,1984.0000,1984.0000,1984.0000,1984.0000,1984.0000,1984.0000,1984.0000,1984.0000,1984.0000
2024-12-05 14:27:24, , , ,46.9000,1984.0000,1984.0000,1984.0000,1984.0000,1984.0000,1984.0000,1984.0000,1984.0000,1984.0000,1984.0000,1984.0000,1984.0000,1984.0000,1984.0000
2024-12-05 14:27:24, , , ,46.9000,1984.0000,1984.0000,1984.0000,1984.0000,1984.0000,1984.0000,1984.0000,1984.0000,1984.0000,1984.0000,1984.0000,1984.0000,1984.0000,1984.0000
2024-12-05 14:27:24, , , ,46.9000,1984.0000,1984.0000,1984.0000,1984.0000,1984.0000,1984.0000,1984.0000,1984.0000,1984.0000,1984.0000,1984.0000,1984.0000,1984.0000,1984.0000
2024-12-05 14:27:25, , , ,46.8000,1984.0000,1984.0000,1984.0000,1984.0000,1984.0000,1984.0000,1984.0000,1984.0000,1984.0000,1984.0000,1984.0000,1984.0000,1984.0000,1984.0000
2024-12-05 14:27:25, , , ,46.8000,1984.0000,1984.0000,1984.0000,1984.0000,1984.0000,1984.0000,1984.0000,1984.0000,1984.0000,1984.0000,1984.0000,1984.0000,1984.0000,1984.0000
2024-12-05 14:27:25, , , ,46.8000,1984.0000,1984.0000,1984.0000,1984.0000,1984.0000,1984.0000,1984.0000,1984.0000,1984.0000,1984.0000,1984.0000,1984.0000,1984.0000,1984.0000
2024-12-05 14:27:25, , , ,46.8000,1984.0000,1984.0000,1984.0000,1984.0000,1984.0000,1984.0000,1984.0000,1984.0000,1984.0000,1984.0000,1984.0000,1984.0000,1984.0000,1984.0000
2024-12-05 14:27:25, , , ,46.8000,1984.0000,1984.0000,1984.0000,1984.0000,1984.0000,1984.0000,1984.0000,1984.0000,1984.0000,1984.0000,1984.0000,1984.0000,1984.0000,1984.0000
2024-12-05 14:27:25, , , ,46.8000,1984.0000,1984.0000,1984.0000,1984.0000,1984.0000,1984.0000,1984.0000,1984.0000,1984.0000,1984.0000,1984.0000,1984.0000,1984.0000,1984.0000
2024-12-05 14:27:26, , , ,46.8000,1984.0000,1984.0000,1984.0000,1984.0000,1984.0000,1984.0000,1984.0000,1984.0000,1984.0000,1984.0000,1984.0000,1984.0000,1984.0000,1984.0000
2024-12-05 14:27:26, , , ,46.7000,1984.0000,1984.0000,1984.0000,1984.0000,1984.0000,1984.0000,1984.0000,1984.0000,1984.0000,1984.0000,1984.0000,1984.0000,1984.0000,1984.0000
2024-12-05 14:27:26, , , ,46.7000,1984.0000,1984.0000,1984.0000,1984.0000,1984.0000,1984.0000,1984.0000,1984.0000,1984.0000,1984.0000,1984.0000,1984.0000,1984.0000,1984.0000
2024-12-05 14:27:26, , , ,46.6000,1984.0000,1984.0000,1984.0000,1984.0000,1984.0000,1984.0000,1984.0000,1984.0000,1984.0000,1984.0000,1984.0000,1984.0000,1984.0000,1984.0000
2024-12-05 14:27:26, , , ,46.6000,1984.0000,1984.0000,1984.0000,1984.0000,1984.0000,1984.0000,1984.0000,1984.0000,1984.0000,1984.0000,1984.0000,1984.0000,1984.0000,1984.0000
2024-12-05 14:27:26, , , ,46.6000,1984.0000,1984.0000,1984.0000,1984.0000,1984.0000,1984.0000,1984.0000,1984.0000,1984.0000,1984.0000,1984.0000,1984.0000,1984.0000,1984.0000
2024-12-05 14:27:27, , , ,46.6000,1984.0000,1984.0000,1984.0000,1984.0000,1984.0000,1984.0000,1984.0000,1984.0000,1984.0000,1984.0000,1984.0000,1984.0000,1984.0000,1984.0000
2024-12-05 14:27:27, , , ,46.6000,1984.0000,1984.0000,1984.0000,1984.0000,1984.0000,1984.0000,1984.0000,1984.0000,1984.0000,1984.0000,1984.0000,1984.0000,1984.0000,1984.0000
2024-12-05 14:27:27, , , ,46.6000,1984.0000,1984.0000,1984.0000,1984.0000,1984.0000,1984.0000,1984.0000,1984.0000,1984.0000,1984.0000,1984.0000,1984.0000,1984.0000,1984.0000
2024-12-05 14:27:27, , , ,46.6000,1984.0000,1984.0000,1984.0000,1984.0000,1984.0000,1984.0000,1984.0000,1984.0000,1984.0000,1984.0000,1984.0000,1984.0000,1984.0000,1984.0000
2024-12-05 14:27:27, , , ,46.6000,1984.0000,1984.0000,1984.0000,1984.0000,1984.0000,1984.0000,1984.0000,1984.0000,1984.0000,1984.0000,1984.0000,1984.0000,1984.0000,1984.0000
2024-12-05 14:27:27, , , ,46.6000,1984.0000,1984.0000,1984.0000,1984.0000,1984.0000,1984.0000,1984.0000,1984.0000,1984.0000,1984.0000,1984.0000,1984.0000,1984.0000,1984.0000
2024-12-05 14:27:28, , , ,46.6000,1984.0000,1984.0000,1984.0000,1984.0000,1984.0000,1984.0000,1984.0000,1984.0000,1984.0000,1984.0000,1984.0000,1984.0000,1984.0000,1984.0000
2024-12-05 14:27:28, , , ,46.6000,1984.0000,1984.0000,1984.0000,1984.0000,1984.0000,1984.0000,1984.0000,1984.0000,1984.0000,1984.0000,1984.0000,1984.0000,1984.0000,1984.0000
2024-12-05 14:27:28, , , ,46.6000,1984.0000,1984.0000,1984.0000,1984.0000,1984.0000,1984.0000,1984.0000,1984.0000,1984.0000,1984.0000,1984.0000,1984.0000,1984.0000,1984.0000
2024-12-05 14:27:28, , , ,46.6000,1984.0000,1984.0000,1984.0000,1984.0000,1984.0000,1984.0000,1984.0000,1984.0000,1984.0000,1984.0000,1984.0000,1984.0000,1984.0000,1984.0000
2024-12-05 14:27:28, , , ,46.7000,1984.0000,1984.0000,1984.0000,1984.0000,1984.0000,1984.0000,1984.0000,1984.0000,1984.0000,1984.0000,1984.0000,1984.0000,1984.0000,1984.0000
2024-12-05 14:27:28, , , ,46.8000,1984.0000,1984.0000,1984.0000,1984.0000,1984.0000,1984.0000,1984.0000,1984.0000,1984.0000,1984.0000,1984.0000,1984.0000,1984.0000,1984.0000
2024-12-05 14:27:29, , , ,46.8000,1984.0000,1984.0000,1984.0000,1984.0000,1984.0000,1984.0000,1984.0000,1984.0000,1984.0000,1984.0000,1984.0000,1984.0000,1984.0000,1984.0000
2024-12-05 14:27:29, , , ,47.0000,1984.0000,1984.0000,1984.0000,1984.0000,1984.0000,1984.0000,1984.0000,1984.0000,1984.0000,1984.0000,1984.0000,1984.0000,1984.0000,1984.0000
2024-12-05 14:27:29, , , ,47.2000,1984.0000,1984.0000,1984.0000,1984.0000,1984.0000,1984.0000,1984.0000,1984.0000,1984.0000,1984.0000,1984.0000,1984.0000,1984.0000,1984.0000
2024-12-05 14:27:29, , , ,47.4000,1984.0000,1984.0000,1984.0000,1984.0000,1984.0000,1984.0000,1984.0000,1984.0000,1984.0000,1984.0000,1984.0000,1984.0000,1984.0000,1984.0000
2024-12-05 14:27:29, , , ,47.6000,1984.0000,1984.0000,1984.0000,1984.0000,1984.0000,1984.0000,1984.0000,1984.0000,1984.0000,1984.0000,1984.0000,1984.0000,1984.0000,1984.0000
2024-12-05 14:27:29, , , ,47.6000,1984.0000,1984.0000,1984.0000,1984.0000,1984.0000,1984.0000,1984.0000,1984.0000,1984.0000,1984.0000,1984.0000,1984.0000,1984.0000,1984.0000
2024-12-05 14:27:30, , , ,47.6000,1984.0000,1984.0000,1984.0000,1984.0000,1984.0000,1984.0000,1984.0000,1984.0000,1984.0000,1984.0000,1984.0000,1984.0000,1984.0000,1984.0000
2024-12-05 14:27:30, , , ,47.5000,1984.0000,1984.0000,1984.0000,1984.0000,1984.0000,1984.0000,1984.0000,1984.0000,1984.0000,1984.0000,1984.0000,1984.0000,1984.0000,1984.0000
2024-12-05 14:27:30, , , ,47.5000,1984.0000,1984.0000,1984.0000,1984.0000,1984.0000,1984.0000,1984.0000,1984.0000,1984.0000,1984.0000,1984.0000,1984.0000,1984.0000,1984.0000
2024-12-05 14:27:30, , , ,47.5000,1984.0000,1984.0000,1984.0000,1984.0000,1984.0000,1984.0000,1984.0000,1984.0000,1984.0000,1984.0000,1984.0000,1984.0000,1984.0000,1984.0000
2024-12-05 14:27:30, , , ,47.5000,1984.0000,1984.0000,1984.0000,1984.0000,1984.0000,1984.0000,1984.0000,1984.0000,1984.0000,1984.0000,1984.0000,1984.0000,1984.0000,1984.0000
2024-12-05 14:27:30, , , ,47.5000,1984.0000,1984.0000,1984.0000,1984.0000,1984.0000,1984.0000,1984.0000,1984.0000,1984.0000,1984.0000,1984.0000,1984.0000,1984.0000,1984.0000
2024-12-05 14:27:31, , , ,47.4000,1984.0000,1984.0000,1984.0000,1984.0000,1984.0000,1984.0000,1984.0000,1984.0000,1984.0000,1984.0000,1984.0000,1984.0000,1984.0000,1984.0000
2024-12-05 14:27:31, , , ,47.4000,1984.0000,1984.0000,1984.0000,1984.0000,1984.0000,1984.0000,1984.0000,1984.0000,1984.0000,1984.0000,1984.0000,1984.0000,1984.0000,1984.0000
2024-12-05 14:27:31, , , ,47.4000,1984.0000,1984.0000,1984.0000,1984.0000,1984.0000,1984.0000,1984.0000,1984.0000,1984.0000,1984.0000,1984.0000,1984.0000,1984.0000,1984.0000
2024-12-05 14:27:31, , , ,47.4000,1984.0000,1984.0000,1984.0000,1984.0000,1984.0000,1984.0000,1984.0000,1984.0000,1984.0000,1984.0000,1984.0000,1984.0000,1984.0000,1984.0000
2024-12-05 14:27:31, , , ,47.3000,1984.0000,1984.0000,1984.0000,1984.0000,1984.0000,1984.0000,1984.0000,1984.0000,1984.0000,1984.0000,1984.0000,1984.0000,1984.0000,1984.0000
2024-12-05 14:27:31, , , ,47.3000,1984.0000,1984.0000,1984.0000,1984.0000,1984.0000,1984.0000,1984.0000,1984.0000,1984.0000,1984.0000,1984.0000,1984.0000,1984.0000,1984.0000
2024-12-05 14:27:32, , , ,47.3000,1984.0000,1984.0000,1984.0000,1984.0000,1984.0000,1984.0000,1984.0000,1984.0000,1984.0000,1984.0000,1984.0000,1984.0000,1984.0000,1984.0000
2024-12-05 14:27:32, , , ,47.3000,1984.0000,1984.0000,1984.0000,1984.0000,1984.0000,1984.0000,1984.0000,1984.0000,1984.0000,1984.0000,1984.0000,1984.0000,1984.0000,1984.0000
2024-12-05 14:27:32, , , ,47.3000,1984.0000,1984.0000,1984.0000,1984.0000,1984.0000,1984.0000,1984.0000,1984.0000,1984.0000,1984.0000,1984.0000,1984.0000,1984.0000,1984.0000
2024-12-05 14:27:32, , , ,47.3000,1984.0000,1984.0000,1984.0000,1984.0000,1984.0000,1984.0000,1984.0000,1984.0000,1984.0000,1984.0000,1984.0000,1984.0000,1984.0000,1984.0000
2024-12-05 14:27:32, , , ,47.3000,1984.0000,1984.0000,1984.0000,1984.0000,1984.0000,1984.0000,1984.0000,1984.0000,1984.0000,1984.0000,1984.0000,1984.0000,1984.0000,1984.0000
2024-12-05 14:27:32, , , ,47.3000,1984.0000,1984.0000,1984.0000,1984.0000,1984.0000,1984.0000,1984.0000,1984.0000,1984.0000,1984.0000,1984.0000,1984.0000,1984.0000,1984.0000
2024-12-05 14:27:33, , , ,47.2000,1984.0000,1984.0000,1984.0000,1984.0000,1984.0000,1984.0000,1984.0000,1984.0000,1984.0000,1984.0000,1984.0000,1984.0000,1984.0000,1984.0000
2024-12-05 14:27:33, , , ,47.1000,1984.0000,1984.0000,1984.0000,1984.0000,1984.0000,1984.0000,1984.0000,1984.0000,1984.0000,1984.0000,1984.0000,1984.0000,1984.0000,1984.0000
2024-12-05 14:27:33, , , ,47.1000,1984.0000,1984.0000,1984.0000,1984.0000,1984.0000,1984.0000,1984.0000,1984.0000,1984.0000,1984.0000,1984.0000,1984.0000,1984.0000,1984.0000
2024-12-05 14:27:33, , , ,47.1000,1984.0000,1984.0000,1984.0000,1984.0000,1984.0000,1984.0000,1984.0000,1984.0000,1984.0000,1984.0000,1984.0000,1984.0000,1984.0000,1984.0000
2024-12-05 14:27:33, , , ,47.1000,1984.0000,1984.0000,1984.0000,1984.0000,1984.0000,1984.0000,1984.0000,1984.0000,1984.0000,1984.0000,1984.0000,1984.0000,1984.0000,1984.0000
2024-12-05 14:27:33, , , ,47.1000,1984.0000,1984.0000,1984.0000,1984.0000,1984.0000,1984.0000,1984.0000,1984.0000,1984.0000,1984.0000,1984.0000,1984.0000,1984.0000,1984.0000
2024-12-05 14:27:34, , , ,47.0000,1984.0000,1984.0000,1984.0000,1984.0000,1984.0000,1984.0000,1984.0000,1984.0000,1984.0000,1984.0000,1984.0000,1984.0000,1984.0000,1984.0000
2024-12-05 14:27:34, , , ,47.0000,1984.0000,1984.0000,1984.0000,1984.0000,1984.0000,1984.0000,1984.0000,1984.0000,1984.0000,1984.0000,1984.0000,1984.0000,1984.0000,1984.0000
2024-12-05 14:27:34, , , ,47.0000,1984.0000,1984.0000,1984.0000,1984.0000,1984.0000,1984.0000,1984.0000,1984.0000,1984.0000,1984.0000,1984.0000,1984.0000,1984.0000,1984.0000
2024-12-05 14:27:34, , , ,47.0000,1984.0000,1984.0000,1984.0000,1984.0000,1984.0000,1984.0000,1984.0000,1984.0000,1984.0000,1984.0000,1984.0000,1984.0000,1984.0000,1984.0000
2024-12-05 14:27:34, , , ,46.9000,1984.0000,1984.0000,1984.0000,1984.0000,1984.0000,1984.0000,1984.0000,1984.0000,1984.0000,1984.0000,1984.0000,1984.0000,1984.0000,1984.0000
2024-12-05 14:27:34, , , ,46.9000,1984.0000,1984.0000,1984.0000,1984.0000,1984.0000,1984.0000,1984.0000,1984.0000,1984.0000,1984.0000,1984.0000,1984.0000,1984.0000,1984.0000
2024-12-05 14:27:35, , , ,46.9000,1984.0000,1984.0000,1984.0000,1984.0000,1984.0000,1984.0000,1984.0000,1984.0000,1984.0000,1984.0000,1984.0000,1984.0000,1984.0000,1984.0000
2024-12-05 14:27:35, , , ,46.9000,1984.0000,1984.0000,1984.0000,1984.0000,1984.0000,1984.0000,1984.0000,1984.0000,1984.0000,1984.0000,1984.0000,1984.0000,1984.0000,1984.0000
2024-12-05 14:27:35, , , ,46.9000,1984.0000,1984.0000,1984.0000,1984.0000,1984.0000,1984.0000,1984.0000,1984.0000,1984.0000,1984.0000,1984.0000,1984.0000,1984.0000,1984.0000
2024-12-05 14:27:35, , , ,46.9000,1984.0000,1984.0000,1984.0000,1984.0000,1984.0000,1984.0000,1984.0000,1984.0000,1984.0000,1984.0000,1984.0000,1984.0000,1984.0000,1984.0000
2024-12-05 14:27:35, , , ,46.9000,1984.0000,1984.0000,1984.0000,1984.0000,1984.0000,1984.0000,1984.0000,1984.0000,1984.0000,1984.0000,1984.0000,1984.0000,1984.0000,1984.0000
2024-12-05 14:27:35, , , ,46.9000,1984.0000,1984.0000,1984.0000,1984.0000,1984.0000,1984.0000,1984.0000,1984.0000,1984.0000,1984.0000,1984.0000,1984.0000,1984.0000,1984.0000
2024-12-05 14:27:36, , , ,46.9000,1984.0000,1984.0000,1984.0000,1984.0000,1984.0000,1984.0000,1984.0000,1984.0000,1984.0000,1984.0000,1984.0000,1984.0000,1984.0000,1984.0000
2024-12-05 14:27:36, , , ,46.8000,1984.0000,1984.0000,1984.0000,1984.0000,1984.0000,1984.0000,1984.0000,1984.0000,1984.0000,1984.0000,1984.0000,1984.0000,1984.0000,1984.0000
2024-12-05 14:27:36, , , ,46.7000,1984.0000,1984.0000,1984.0000,1984.0000,1984.0000,1984.0000,1984.0000,1984.0000,1984.0000,1984.0000,1984.0000,1984.0000,1984.0000,1984.0000
2024-12-05 14:27:36, , , ,46.7000,1984.0000,1984.0000,1984.0000,1984.0000,1984.0000,1984.0000,1984.0000,1984.0000,1984.0000,1984.0000,1984.0000,1984.0000,1984.0000,1984.0000
2024-12-05 14:27:36, , , ,46.7000,1984.0000,1984.0000,1984.0000,1984.0000,1984.0000,1984.0000,1984.0000,1984.0000,1984.0000,1984.0000,1984.0000,1984.0000,1984.0000,1984.0000
2024-12-05 14:27:36, , , ,46.7000,1984.0000,1984.0000,1984.0000,1984.0000,1984.0000,1984.0000,1984.0000,1984.0000,1984.0000,1984.0000,1984.0000,1984.0000,1984.0000,1984.0000
2024-12-05 14:27:37, , , ,46.6000,1984.0000,1984.0000,1984.0000,1984.0000,1984.0000,1984.0000,1984.0000,1984.0000,1984.0000,1984.0000,1984.0000,1984.0000,1984.0000,1984.0000
2024-12-05 14:27:37, , , ,46.6000,1984.0000,1984.0000,1984.0000,1984.0000,1984.0000,1984.0000,1984.0000,1984.0000,1984.0000,1984.0000,1984.0000,1984.0000,1984.0000,1984.0000
2024-12-05 14:27:37, , , ,46.6000,1984.0000,1984.0000,1984.0000,1984.0000,1984.0000,1984.0000,1984.0000,1984.0000,1984.0000,1984.0000,1984.0000,1984.0000,1984.0000,1984.0000
2024-12-05 14:27:37, , , ,46.6000,1984.0000,1984.0000,1984.0000,1984.0000,1984.0000,1984.0000,1984.0000,1984.0000,1984.0000,1984.0000,1984.0000,1984.0000,1984.0000,1984.0000
2024-12-05 14:27:37, , , ,46.6000,1984.0000,1984.0000,1984.0000,1984.0000,1984.0000,1984.0000,1984.0000,1984.0000,1984.0000,1984.0000,1984.0000,1984.0000,1984.0000,1984.0000
2024-12-05 14:27:37, , , ,46.6000,1984.0000,1984.0000,1984.0000,1984.0000,1984.0000,1984.0000,1984.0000,1984.0000,1984.0000,1984.0000,1984.0000,1984.0000,1984.0000,1984.0000
2024-12-05 14:27:38, , , ,46.6000,1984.0000,1984.0000,1984.0000,1984.0000,1984.0000,1984.0000,1984.0000,1984.0000,1984.0000,1984.0000,1984.0000,1984.0000,1984.0000,1984.0000
2024-12-05 14:27:38, , , ,46.6000,1984.0000,1984.0000,1984.0000,1984.0000,1984.0000,1984.0000,1984.0000,1984.0000,1984.0000,1984.0000,1984.0000,1984.0000,1984.0000,1984.0000
2024-12-05 14:27:38, , , ,46.5000,1984.0000,1984.0000,1984.0000,1984.0000,1984.0000,1984.0000,1984.0000,1984.0000,1984.0000,1984.0000,1984.0000,1984.0000,1984.0000,1984.0000
2024-12-05 14:27:38, , , ,46.5000,1984.0000,1984.0000,1984.0000,1984.0000,1984.0000,1984.0000,1984.0000,1984.0000,1984.0000,1984.0000,1984.0000,1984.0000,1984.0000,1984.0000
2024-12-05 14:27:38, , , ,46.5000,1984.0000,1984.0000,1984.0000,1984.0000,1984.0000,1984.0000,1984.0000,1984.0000,1984.0000,1984.0000,1984.0000,1984.0000,1984.0000,1984.0000
2024-12-05 14:27:38, , , ,46.5000,1984.0000,1984.0000,1984.0000,1984.0000,1984.0000,1984.0000,1984.0000,1984.0000,1984.0000,1984.0000,1984.0000,1984.0000,1984.0000,1984.0000
2024-12-05 14:27:39, , , ,46.4000,1984.0000,1984.0000,1984.0000,1984.0000,1984.0000,1984.0000,1984.0000,1984.0000,1984.0000,1984.0000,1984.0000,1984.0000,1984.0000,1984.0000
2024-12-05 14:27:39, , , ,46.4000,1984.0000,1984.0000,1984.0000,1984.0000,1984.0000,1984.0000,1984.0000,1984.0000,1984.0000,1984.0000,1984.0000,1984.0000,1984.0000,1984.0000
2024-12-05 14:27:39, , , ,46.4000,1984.0000,1984.0000,1984.0000,1984.0000,1984.0000,1984.0000,1984.0000,1984.0000,1984.0000,1984.0000,1984.0000,1984.0000,1984.0000,1984.0000
2024-12-05 14:27:39, , , ,46.3000,1984.0000,1984.0000,1984.0000,1984.0000,1984.0000,1984.0000,1984.0000,1984.0000,1984.0000,1984.0000,1984.0000,1984.0000,1984.0000,1984.0000
2024-12-05 14:27:39, , , ,46.3000,1984.0000,1984.0000,1984.0000,1984.0000,1984.0000,1984.0000,1984.0000,1984.0000,1984.0000,1984.0000,1984.0000,1984.0000,1984.0000,1984.0000
2024-12-05 14:27:39, , , ,46.4000,1984.0000,1984.0000,1984.0000,1984.0000,1984.0000,1984.0000,1984.0000,1984.0000,1984.0000,1984.0000,1984.0000,1984.0000,1984.0000,1984.0000
2024-12-05 14:27:40, , , ,46.5000,1984.0000,1984.0000,1984.0000,1984.0000,1984.0000,1984.0000,1984.0000,1984.0000,1984.0000,1984.0000,1984.0000,1984.0000,1984.0000,1984.0000
2024-12-05 14:27:40, , , ,46.5000,1984.0000,1984.0000,1984.0000,1984.0000,1984.0000,1984.0000,1984.0000,1984.0000,1984.0000,1984.0000,1984.0000,1984.0000,1984.0000,1984.0000
2024-12-05 14:27:40, , , ,46.8000,1984.0000,1984.0000,1984.0000,1984.0000,1984.0000,1984.0000,1984.0000,1984.0000,1984.0000,1984.0000,1984.0000,1984.0000,1984.0000,1984.0000
2024-12-05 14:27:40, , , ,47.0000,1984.0000,1984.0000,1984.0000,1984.0000,1984.0000,1984.0000,1984.0000,1984.0000,1984.0000,1984.0000,1984.0000,1984.0000,1984.0000,1984.0000
2024-12-05 14:27:40, , , ,47.2000,1984.0000,1984.0000,1984.0000,1984.0000,1984.0000,1984.0000,1984.0000,1984.0000,1984.0000,1984.0000,1984.0000,1984.0000,1984.0000,1984.0000
2024-12-05 14:27:40, , , ,47.3000,1984.0000,1984.0000,1984.0000,1984.0000,1984.0000,1984.0000,1984.0000,1984.0000,1984.0000,1984.0000,1984.0000,1984.0000,1984.0000,1984.0000
2024-12-05 14:27:41, , , ,47.3000,1984.0000,1984.0000,1984.0000,1984.0000,1984.0000,1984.0000,1984.0000,1984.0000,1984.0000,1984.0000,1984.0000,1984.0000,1984.0000,1984.0000
2024-12-05 14:27:41, , , ,47.3000,1984.0000,1984.0000,1984.0000,1984.0000,1984.0000,1984.0000,1984.0000,1984.0000,1984.0000,1984.0000,1984.0000,1984.0000,1984.0000,1984.0000
2024-12-05 14:27:41, , , ,47.3000,1984.0000,1984.0000,1984.0000,1984.0000,1984.0000,1984.0000,1984.0000,1984.0000,1984.0000,1984.0000,1984.0000,1984.0000,1984.0000,1984.0000
2024-12-05 14:27:41, , , ,47.3000,1984.0000,1984.0000,1984.0000,1984.0000,1984.0000,1984.0000,1984.0000,1984.0000,1984.0000,1984.0000,1984.0000,1984.0000,1984.0000,1984.0000
2024-12-05 14:27:41, , , ,47.3000,1984.0000,1984.0000,1984.0000,1984.0000,1984.0000,1984.0000,1984.0000,1984.0000,1984.0000,1984.0000,1984.0000,1984.0000,1984.0000,1984.0000
2024-12-05 14:27:41, , , ,47.2000,1984.0000,1984.0000,1984.0000,1984.0000,1984.0000,1984.0000,1984.0000,1984.0000,1984.0000,1984.0000,1984.0000,1984.0000,1984.0000,1984.0000
2024-12-05 14:27:42, , , ,47.2000,1984.0000,1984.0000,1984.0000,1984.0000,1984.0000,1984.0000,1984.0000,1984.0000,1984.0000,1984.0000,1984.0000,1984.0000,1984.0000,1984.0000
2024-12-05 14:27:42, , , ,47.2000,1984.0000,1984.0000,1984.0000,1984.0000,1984.0000,1984.0000,1984.0000,1984.0000,1984.0000,1984.0000,1984.0000,1984.0000,1984.0000,1984.0000
2024-12-05 14:27:42, , , ,47.2000,1984.0000,1984.0000,1984.0000,1984.0000,1984.0000,1984.0000,1984.0000,1984.0000,1984.0000,1984.0000,1984.0000,1984.0000,1984.0000,1984.0000
2024-12-05 14:27:42, , , ,47.2000,1984.0000,1984.0000,1984.0000,1984.0000,1984.0000,1984.0000,1984.0000,1984.0000,1984.0000,1984.0000,1984.0000,1984.0000,1984.0000,1984.0000
2024-12-05 14:27:42, , , ,47.1000,1984.0000,1984.0000,1984.0000,1984.0000,1984.0000,1984.0000,1984.0000,1984.0000,1984.0000,1984.0000,1984.0000,1984.0000,1984.0000,1984.0000
2024-12-05 14:27:42, , , ,47.0000,1984.0000,1984.0000,1984.0000,1984.0000,1984.0000,1984.0000,1984.0000,1984.0000,1984.0000,1984.0000,1984.0000,1984.0000,1984.0000,1984.0000
2024-12-05 14:27:43, , , ,47.0000,1984.0000,1984.0000,1984.0000,1984.0000,1984.0000,1984.0000,1984.0000,1984.0000,1984.0000,1984.0000,1984.0000,1984.0000,1984.0000,1984.0000
2024-12-05 14:27:43, , , ,47.0000,1984.0000,1984.0000,1984.0000,1984.0000,1984.0000,1984.0000,1984.0000,1984.0000,1984.0000,1984.0000,1984.0000,1984.0000,1984.0000,1984.0000
2024-12-05 14:27:43, , , ,46.9000,1984.0000,1984.0000,1984.0000,1984.0000,1984.0000,1984.0000,1984.0000,1984.0000,1984.0000,1984.0000,1984.0000,1984.0000,1984.0000,1984.0000
2024-12-05 14:27:43, , , ,46.9000,1984.0000,1984.0000,1984.0000,1984.0000,1984.0000,1984.0000,1984.0000,1984.0000,1984.0000,1984.0000,1984.0000,1984.0000,1984.0000,1984.0000
2024-12-05 14:27:43, , , ,46.9000,1984.0000,1984.0000,1984.0000,1984.0000,1984.0000,1984.0000,1984.0000,1984.0000,1984.0000,1984.0000,1984.0000,1984.0000,1984.0000,1984.0000
2024-12-05 14:27:43, , , ,46.9000,1984.0000,1984.0000,1984.0000,1984.0000,1984.0000,1984.0000,1984.0000,1984.0000,1984.0000,1984.0000,1984.0000,1984.0000,1984.0000,1984.0000
2024-12-05 14:27:43, , , ,46.9000,1984.0000,1984.0000,1984.0000,1984.0000,1984.0000,1984.0000,1984.0000,1984.0000,1984.0000,1984.0000,1984.0000,1984.0000,1984.0000,1984.0000
2024-12-05 14:27:44, , , ,46.8000,1984.0000,1984.0000,1984.0000,1984.0000,1984.0000,1984.0000,1984.0000,1984.0000,1984.0000,1984.0000,1984.0000,1984.0000,1984.0000,1984.0000
2024-12-05 14:27:44, , , ,46.8000,1984.0000,1984.0000,1984.0000,1984.0000,1984.0000,1984.0000,1984.0000,1984.0000,1984.0000,1984.0000,1984.0000,1984.0000,1984.0000,1984.0000
2024-12-05 14:27:44, , , ,46.7000,1984.0000,1984.0000,1984.0000,1984.0000,1984.0000,1984.0000,1984.0000,1984.0000,1984.0000,1984.0000,1984.0000,1984.0000,1984.0000,1984.0000
2024-12-05 14:27:44, , , ,46.7000,1984.0000,1984.0000,1984.0000,1984.0000,1984.0000,1984.0000,1984.0000,1984.0000,1984.0000,1984.0000,1984.0000,1984.0000,1984.0000,1984.0000
2024-12-05 14:27:44, , , ,46.7000,1984.0000,1984.0000,1984.0000,1984.0000,1984.0000,1984.0000,1984.0000,1984.0000,1984.0000,1984.0000,1984.0000,1984.0000,1984.0000,1984.0000
2024-12-05 14:27:44, , , ,46.7000,1984.0000,1984.0000,1984.0000,1984.0000,1984.0000,1984.0000,1984.0000,1984.0000,1984.0000,1984.0000,1984.0000,1984.0000,1984.0000,1984.0000
2024-12-05 14:27:45, , , ,46.7000,1984.0000,1984.0000,1984.0000,1984.0000,1984.0000,1984.0000,1984.0000,1984.0000,1984.0000,1984.0000,1984.0000,1984.0000,1984.0000,1984.0000
2024-12-05 14:27:45, , , ,46.7000,1984.0000,1984.0000,1984.0000,1984.0000,1984.0000,1984.0000,1984.0000,1984.0000,1984.0000,1984.0000,1984.0000,1984.0000,1984.0000,1984.0000
2024-12-05 14:27:45, , , ,46.7000,1984.0000,1984.0000,1984.0000,1984.0000,1984.0000,1984.0000,1984.0000,1984.0000,1984.0000,1984.0000,1984.0000,1984.0000,1984.0000,1984.0000
2024-12-05 14:27:45, , , ,46.7000,1984.0000,1984.0000,1984.0000,1984.0000,1984.0000,1984.0000,1984.0000,1984.0000,1984.0000,1984.0000,1984.0000,1984.0000,1984.0000,1984.0000
2024-12-05 14:27:45, , , ,46.6000,1984.0000,1984.0000,1984.0000,1984.0000,1984.0000,1984.0000,1984.0000,1984.0000,1984.0000,1984.0000,1984.0000,1984.0000,1984.0000,1984.0000
2024-12-05 14:27:45, , , ,46.6000,1984.0000,1984.0000,1984.0000,1984.0000,1984.0000,1984.0000,1984.0000,1984.0000,1984.0000,1984.0000,1984.0000,1984.0000,1984.0000,1984.0000
2024-12-05 14:27:46, , , ,46.6000,1984.0000,1984.0000,1984.0000,1984.0000,1984.0000,1984.0000,1984.0000,1984.0000,1984.0000,1984.0000,1984.0000,1984.0000,1984.0000,1984.0000
2024-12-05 14:27:46, , , ,46.6000,1984.0000,1984.0000,1984.0000,1984.0000,1984.0000,1984.0000,1984.0000,1984.0000,1984.0000,1984.0000,1984.0000,1984.0000,1984.0000,1984.0000
2024-12-05 14:27:46, , , ,46.6000,1984.0000,1984.0000,1984.0000,1984.0000,1984.0000,1984.0000,1984.0000,1984.0000,1984.0000,1984.0000,1984.0000,1984.0000,1984.0000,1984.0000
2024-12-05 14:27:46, , , ,46.6000,1984.0000,1984.0000,1984.0000,1984.0000,1984.0000,1984.0000,1984.0000,1984.0000,1984.0000,1984.0000,1984.0000,1984.0000,1984.0000,1984.0000
2024-12-05 14:27:46, , , ,46.6000,1984.0000,1984.0000,1984.0000,1984.0000,1984.0000,1984.0000,1984.0000,1984.0000,1984.0000,1984.0000,1984.0000,1984.0000,1984.0000,1984.0000
2024-12-05 14:27:46, , , ,46.5000,1984.0000,1984.0000,1984.0000,1984.0000,1984.0000,1984.0000,1984.0000,1984.0000,1984.0000,1984.0000,1984.0000,1984.0000,1984.0000,1984.0000
2024-12-05 14:27:47, , , ,46.6000,1984.0000,1984.0000,1984.0000,1984.0000,1984.0000,1984.0000,1984.0000,1984.0000,1984.0000,1984.0000,1984.0000,1984.0000,1984.0000,1984.0000
2024-12-05 14:27:47, , , ,46.5000,1984.0000,1984.0000,1984.0000,1984.0000,1984.0000,1984.0000,1984.0000,1984.0000,1984.0000,1984.0000,1984.0000,1984.0000,1984.0000,1984.0000
2024-12-05 14:27:47, , , ,46.5000,1984.0000,1984.0000,1984.0000,1984.0000,1984.0000,1984.0000,1984.0000,1984.0000,1984.0000,1984.0000,1984.0000,1984.0000,1984.0000,1984.0000
2024-12-05 14:27:47, , , ,46.4000,1984.0000,1984.0000,1984.0000,1984.0000,1984.0000,1984.0000,1984.0000,1984.0000,1984.0000,1984.0000,1984.0000,1984.0000,1984.0000,1984.0000
2024-12-05 14:27:47, , , ,46.4000,1984.0000,1984.0000,1984.0000,1984.0000,1984.0000,1984.0000,1984.0000,1984.0000,1984.0000,1984.0000,1984.0000,1984.0000,1984.0000,1984.0000
2024-12-05 14:27:47, , , ,46.4000,1984.0000,1984.0000,1984.0000,1984.0000,1984.0000,1984.0000,1984.0000,1984.0000,1984.0000,1984.0000,1984.0000,1984.0000,1984.0000,1984.0000
2024-12-05 14:27:48, , , ,46.4000,1984.0000,1984.0000,1984.0000,1984.0000,1984.0000,1984.0000,1984.0000,1984.0000,1984.0000,1984.0000,1984.0000,1984.0000,1984.0000,1984.0000
2024-12-05 14:27:48, , , ,46.4000,1984.0000,1984.0000,1984.0000,1984.0000,1984.0000,1984.0000,1984.0000,1984.0000,1984.0000,1984.0000,1984.0000,1984.0000,1984.0000,1984.0000
2024-12-05 14:27:48, , , ,46.4000,1984.0000,1984.0000,1984.0000,1984.0000,1984.0000,1984.0000,1984.0000,1984.0000,1984.0000,1984.0000,1984.0000,1984.0000,1984.0000,1984.0000
2024-12-05 14:27:48, , , ,46.3000,1984.0000,1984.0000,1984.0000,1984.0000,1984.0000,1984.0000,1984.0000,1984.0000,1984.0000,1984.0000,1984.0000,1984.0000,1984.0000,1984.0000
2024-12-05 14:27:48, , , ,46.3000,1984.0000,1984.0000,1984.0000,1984.0000,1984.0000,1984.0000,1984.0000,1984.0000,1984.0000,1984.0000,1984.0000,1984.0000,1984.0000,1984.0000
2024-12-05 14:27:48, , , ,46.3000,1984.0000,1984.0000,1984.0000,1984.0000,1984.0000,1984.0000,1984.0000,1984.0000,1984.0000,1984.0000,1984.0000,1984.0000,1984.0000,1984.0000
2024-12-05 14:27:49, , , ,46.3000,1984.0000,1984.0000,1984.0000,1984.0000,1984.0000,1984.0000,1984.0000,1984.0000,1984.0000,1984.0000,1984.0000,1984.0000,1984.0000,1984.0000
2024-12-05 14:27:49, , , ,46.3000,1984.0000,1984.0000,1984.0000,1984.0000,1984.0000,1984.0000,1984.0000,1984.0000,1984.0000,1984.0000,1984.0000,1984.0000,1984.0000,1984.0000
2024-12-05 14:27:49, , , ,46.3000,1984.0000,1984.0000,1984.0000,1984.0000,1984.0000,1984.0000,1984.0000,1984.0000,1984.0000,1984.0000,1984.0000,1984.0000,1984.0000,1984.0000
2024-12-05 14:27:49, , , ,46.2000,1984.0000,1984.0000,1984.0000,1984.0000,1984.0000,1984.0000,1984.0000,1984.0000,1984.0000,1984.0000,1984.0000,1984.0000,1984.0000,1984.0000
2024-12-05 14:27:49, , , ,46.2000,1984.0000,1984.0000,1984.0000,1984.0000,1984.0000,1984.0000,1984.0000,1984.0000,1984.0000,1984.0000,1984.0000,1984.0000,1984.0000,1984.0000
2024-12-05 14:27:49, , , ,46.2000,1984.0000,1984.0000,1984.0000,1984.0000,1984.0000,1984.0000,1984.0000,1984.0000,1984.0000,1984.0000,1984.0000,1984.0000,1984.0000,1984.0000
2024-12-05 14:27:50, , , ,46.2000,1984.0000,1984.0000,1984.0000,1984.0000,1984.0000,1984.0000,1984.0000,1984.0000,1984.0000,1984.0000,1984.0000,1984.0000,1984.0000,1984.0000
2024-12-05 14:27:50, , , ,46.2000,1984.0000,1984.0000,1984.0000,1984.0000,1984.0000,1984.0000,1984.0000,1984.0000,1984.0000,1984.0000,1984.0000,1984.0000,1984.0000,1984.0000
2024-12-05 14:27:50, , , ,46.2000,1984.0000,1984.0000,1984.0000,1984.0000,1984.0000,1984.0000,1984.0000,1984.0000,1984.0000,1984.0000,1984.0000,1984.0000,1984.0000,1984.0000
2024-12-05 14:27:50, , , ,46.2000,1984.0000,1984.0000,1984.0000,1984.0000,1984.0000,1984.0000,1984.0000,1984.0000,1984.0000,1984.0000,1984.0000,1984.0000,1984.0000,1984.0000
2024-12-05 14:27:50, , , ,46.1000,1984.0000,1984.0000,1984.0000,1984.0000,1984.0000,1984.0000,1984.0000,1984.0000,1984.0000,1984.0000,1984.0000,1984.0000,1984.0000,1984.0000
2024-12-05 14:27:50, , , ,46.2000,1984.0000,1984.0000,1984.0000,1984.0000,1984.0000,1984.0000,1984.0000,1984.0000,1984.0000,1984.0000,1984.0000,1984.0000,1984.0000,1984.0000
2024-12-05 14:27:51, , , ,46.3000,1984.0000,1984.0000,1984.0000,1984.0000,1984.0000,1984.0000,1984.0000,1984.0000,1984.0000,1984.0000,1984.0000,1984.0000,1984.0000,1984.0000
2024-12-05 14:27:51, , , ,46.3000,1984.0000,1984.0000,1984.0000,1984.0000,1984.0000,1984.0000,1984.0000,1984.0000,1984.0000,1984.0000,1984.0000,1984.0000,1984.0000,1984.0000
2024-12-05 14:27:51, , , ,46.3000,1984.0000,1984.0000,1984.0000,1984.0000,1984.0000,1984.0000,1984.0000,1984.0000,1984.0000,1984.0000,1984.0000,1984.0000,1984.0000,1984.0000
2024-12-05 14:27:51, , , ,46.4000,1984.0000,1984.0000,1984.0000,1984.0000,1984.0000,1984.0000,1984.0000,1984.0000,1984.0000,1984.0000,1984.0000,1984.0000,1984.0000,1984.0000
2024-12-05 14:27:51, , , ,46.8000,1984.0000,1984.0000,1984.0000,1984.0000,1984.0000,1984.0000,1984.0000,1984.0000,1984.0000,1984.0000,1984.0000,1984.0000,1984.0000,1984.0000
2024-12-05 14:27:51, , , ,46.9000,1984.0000,1984.0000,1984.0000,1984.0000,1984.0000,1984.0000,1984.0000,1984.0000,1984.0000,1984.0000,1984.0000,1984.0000,1984.0000,1984.0000
2024-12-05 14:27:52, , , ,46.9000,1984.0000,1984.0000,1984.0000,1984.0000,1984.0000,1984.0000,1984.0000,1984.0000,1984.0000,1984.0000,1984.0000,1984.0000,1984.0000,1984.0000
2024-12-05 14:27:52, , , ,46.9000,1984.0000,1984.0000,1984.0000,1984.0000,1984.0000,1984.0000,1984.0000,1984.0000,1984.0000,1984.0000,1984.0000,1984.0000,1984.0000,1984.0000
2024-12-05 14:27:52, , , ,46.9000,1984.0000,1984.0000,1984.0000,1984.0000,1984.0000,1984.0000,1984.0000,1984.0000,1984.0000,1984.0000,1984.0000,1984.0000,1984.0000,1984.0000
2024-12-05 14:27:52, , , ,46.9000,1984.0000,1984.0000,1984.0000,1984.0000,1984.0000,1984.0000,1984.0000,1984.0000,1984.0000,1984.0000,1984.0000,1984.0000,1984.0000,1984.0000
2024-12-05 14:27:52, , , ,46.9000,1984.0000,1984.0000,1984.0000,1984.0000,1984.0000,1984.0000,1984.0000,1984.0000,1984.0000,1984.0000,1984.0000,1984.0000,1984.0000,1984.0000
2024-12-05 14:27:52, , , ,46.9000,1984.0000,1984.0000,1984.0000,1984.0000,1984.0000,1984.0000,1984.0000,1984.0000,1984.0000,1984.0000,1984.0000,1984.0000,1984.0000,1984.0000
2024-12-05 14:27:53, , , ,46.9000,1984.0000,1984.0000,1984.0000,1984.0000,1984.0000,1984.0000,1984.0000,1984.0000,1984.0000,1984.0000,1984.0000,1984.0000,1984.0000,1984.0000
2024-12-05 14:27:53, , , ,46.9000,1984.0000,1984.0000,1984.0000,1984.0000,1984.0000,1984.0000,1984.0000,1984.0000,1984.0000,1984.0000,1984.0000,1984.0000,1984.0000,1984.0000
2024-12-05 14:27:53, , , ,46.9000,1984.0000,1984.0000,1984.0000,1984.0000,1984.0000,1984.0000,1984.0000,1984.0000,1984.0000,1984.0000,1984.0000,1984.0000,1984.0000,1984.0000
2024-12-05 14:27:53, , , ,46.9000,1984.0000,1984.0000,1984.0000,1984.0000,1984.0000,1984.0000,1984.0000,1984.0000,1984.0000,1984.0000,1984.0000,1984.0000,1984.0000,1984.0000
2024-12-05 14:27:53, , , ,46.9000,1984.0000,1984.0000,1984.0000,1984.0000,1984.0000,1984.0000,1984.0000,1984.0000,1984.0000,1984.0000,1984.0000,1984.0000,1984.0000,1984.0000
2024-12-05 14:27:53, , , ,46.8000,1984.0000,1984.0000,1984.0000,1984.0000,1984.0000,1984.0000,1984.0000,1984.0000,1984.0000,1984.0000,1984.0000,1984.0000,1984.0000,1984.0000
2024-12-05 14:27:54, , , ,46.8000,1984.0000,1984.0000,1984.0000,1984.0000,1984.0000,1984.0000,1984.0000,1984.0000,1984.0000,1984.0000,1984.0000,1984.0000,1984.0000,1984.0000
2024-12-05 14:27:54, , , ,46.8000,1984.0000,1984.0000,1984.0000,1984.0000,1984.0000,1984.0000,1984.0000,1984.0000,1984.0000,1984.0000,1984.0000,1984.0000,1984.0000,1984.0000
2024-12-05 14:27:54, , , ,46.7000,1984.0000,1984.0000,1984.0000,1984.0000,1984.0000,1984.0000,1984.0000,1984.0000,1984.0000,1984.0000,1984.0000,1984.0000,1984.0000,1984.0000
2024-12-05 14:27:54, , , ,46.7000,1984.0000,1984.0000,1984.0000,1984.0000,1984.0000,1984.0000,1984.0000,1984.0000,1984.0000,1984.0000,1984.0000,1984.0000,1984.0000,1984.0000
2024-12-05 14:27:54, , , ,46.7000,1984.0000,1984.0000,1984.0000,1984.0000,1984.0000,1984.0000,1984.0000,1984.0000,1984.0000,1984.0000,1984.0000,1984.0000,1984.0000,1984.0000
2024-12-05 14:27:54, , , ,46.7000,1984.0000,1984.0000,1984.0000,1984.0000,1984.0000,1984.0000,1984.0000,1984.0000,1984.0000,1984.0000,1984.0000,1984.0000,1984.0000,1984.0000
2024-12-05 14:27:55, , , ,46.6000,1984.0000,1984.0000,1984.0000,1984.0000,1984.0000,1984.0000,1984.0000,1984.0000,1984.0000,1984.0000,1984.0000,1984.0000,1984.0000,1984.0000
2024-12-05 14:27:55, , , ,46.6000,1984.0000,1984.0000,1984.0000,1984.0000,1984.0000,1984.0000,1984.0000,1984.0000,1984.0000,1984.0000,1984.0000,1984.0000,1984.0000,1984.0000
2024-12-05 14:27:55, , , ,46.6000,1984.0000,1984.0000,1984.0000,1984.0000,1984.0000,1984.0000,1984.0000,1984.0000,1984.0000,1984.0000,1984.0000,1984.0000,1984.0000,1984.0000
2024-12-05 14:27:55, , , ,46.6000,1984.0000,1984.0000,1984.0000,1984.0000,1984.0000,1984.0000,1984.0000,1984.0000,1984.0000,1984.0000,1984.0000,1984.0000,1984.0000,1984.0000
2024-12-05 14:27:55, , , ,46.6000,1984.0000,1984.0000,1984.0000,1984.0000,1984.0000,1984.0000,1984.0000,1984.0000,1984.0000,1984.0000,1984.0000,1984.0000,1984.0000,1984.0000
2024-12-05 14:27:55, , , ,46.6000,1984.0000,1984.0000,1984.0000,1984.0000,1984.0000,1984.0000,1984.0000,1984.0000,1984.0000,1984.0000,1984.0000,1984.0000,1984.0000,1984.0000
2024-12-05 14:27:56, , , ,46.5000,1984.0000,1984.0000,1984.0000,1984.0000,1984.0000,1984.0000,1984.0000,1984.0000,1984.0000,1984.0000,1984.0000,1984.0000,1984.0000,1984.0000
2024-12-05 14:27:56, , , ,46.5000,1984.0000,1984.0000,1984.0000,1984.0000,1984.0000,1984.0000,1984.0000,1984.0000,1984.0000,1984.0000,1984.0000,1984.0000,1984.0000,1984.0000
2024-12-05 14:27:56, , , ,46.5000,1984.0000,1984.0000,1984.0000,1984.0000,1984.0000,1984.0000,1984.0000,1984.0000,1984.0000,1984.0000,1984.0000,1984.0000,1984.0000,1984.0000
2024-12-05 14:27:56, , , ,46.5000,1984.0000,1984.0000,1984.0000,1984.0000,1984.0000,1984.0000,1984.0000,1984.0000,1984.0000,1984.0000,1984.0000,1984.0000,1984.0000,1984.0000
2024-12-05 14:27:56, , , ,46.5000,1984.0000,1984.0000,1984.0000,1984.0000,1984.0000,1984.0000,1984.0000,1984.0000,1984.0000,1984.0000,1984.0000,1984.0000,1984.0000,1984.0000
2024-12-05 14:27:56, , , ,46.5000,1984.0000,1984.0000,1984.0000,1984.0000,1984.0000,1984.0000,1984.0000,1984.0000,1984.0000,1984.0000,1984.0000,1984.0000,1984.0000,1984.0000
2024-12-05 14:27:57, , , ,46.4000,1984.0000,1984.0000,1984.0000,1984.0000,1984.0000,1984.0000,1984.0000,1984.0000,1984.0000,1984.0000,1984.0000,1984.0000,1984.0000,1984.0000
2024-12-05 14:27:57, , , ,46.4000,1984.0000,1984.0000,1984.0000,1984.0000,1984.0000,1984.0000,1984.0000,1984.0000,1984.0000,1984.0000,1984.0000,1984.0000,1984.0000,1984.0000
2024-12-05 14:27:57, , , ,46.3000,1984.0000,1984.0000,1984.0000,1984.0000,1984.0000,1984.0000,1984.0000,1984.0000,1984.0000,1984.0000,1984.0000,1984.0000,1984.0000,1984.0000
2024-12-05 14:27:57, , , ,46.3000,1984.0000,1984.0000,1984.0000,1984.0000,1984.0000,1984.0000,1984.0000,1984.0000,1984.0000,1984.0000,1984.0000,1984.0000,1984.0000,1984.0000
2024-12-05 14:27:57, , , ,46.2000,1984.0000,1984.0000,1984.0000,1984.0000,1984.0000,1984.0000,1984.0000,1984.0000,1984.0000,1984.0000,1984.0000,1984.0000,1984.0000,1984.0000
2024-12-05 14:27:57, , , ,46.2000,1984.0000,1984.0000,1984.0000,1984.0000,1984.0000,1984.0000,1984.0000,1984.0000,1984.0000,1984.0000,1984.0000,1984.0000,1984.0000,1984.0000
2024-12-05 14:27:58, , , ,46.2000,1984.0000,1984.0000,1984.0000,1984.0000,1984.0000,1984.0000,1984.0000,1984.0000,1984.0000,1984.0000,1984.0000,1984.0000,1984.0000,1984.0000
2024-12-05 14:27:58, , , ,46.2000,1984.0000,1984.0000,1984.0000,1984.0000,1984.0000,1984.0000,1984.0000,1984.0000,1984.0000,1984.0000,1984.0000,1984.0000,1984.0000,1984.0000
2024-12-05 14:27:58, , , ,46.2000,1984.0000,1984.0000,1984.0000,1984.0000,1984.0000,1984.0000,1984.0000,1984.0000,1984.0000,1984.0000,1984.0000,1984.0000,1984.0000,1984.0000
2024-12-05 14:27:58, , , ,46.2000,1984.0000,1984.0000,1984.0000,1984.0000,1984.0000,1984.0000,1984.0000,1984.0000,1984.0000,1984.0000,1984.0000,1984.0000,1984.0000,1984.0000
2024-12-05 14:27:58, , , ,46.2000,1984.0000,1984.0000,1984.0000,1984.0000,1984.0000,1984.0000,1984.0000,1984.0000,1984.0000,1984.0000,1984.0000,1984.0000,1984.0000,1984.0000
2024-12-05 14:27:59, , , ,46.2000,1984.0000,1984.0000,1984.0000,1984.0000,1984.0000,1984.0000,1984.0000,1984.0000,1984.0000,1984.0000,1984.0000,1984.0000,1984.0000,1984.0000
2024-12-05 14:27:59, , , ,46.2000,1984.0000,1984.0000,1984.0000,1984.0000,1984.0000,1984.0000,1984.0000,1984.0000,1984.0000,1984.0000,1984.0000,1984.0000,1984.0000,1984.0000
2024-12-05 14:27:59, , , ,46.2000,1984.0000,1984.0000,1984.0000,1984.0000,1984.0000,1984.0000,1984.0000,1984.0000,1984.0000,1984.0000,1984.0000,1984.0000,1984.0000,1984.0000
2024-12-05 14:27:59, , , ,46.2000,1984.0000,1984.0000,1984.0000,1984.0000,1984.0000,1984.0000,1984.0000,1984.0000,1984.0000,1984.0000,1984.0000,1984.0000,1984.0000,1984.0000
2024-12-05 14:27:59, , , ,46.2000,1984.0000,1984.0000,1984.0000,1984.0000,1984.0000,1984.0000,1984.0000,1984.0000,1984.0000,1984.0000,1984.0000,1984.0000,1984.0000,1984.0000
2024-12-05 14:27:59, , , ,46.2000,1984.0000,1984.0000,1984.0000,1984.0000,1984.0000,1984.0000,1984.0000,1984.0000,1984.0000,1984.0000,1984.0000,1984.0000,1984.0000,1984.0000
2024-12-05 14:27:59, , , ,46.2000,1984.0000,1984.0000,1984.0000,1984.0000,1984.0000,1984.0000,1984.0000,1984.0000,1984.0000,1984.0000,1984.0000,1984.0000,1984.0000,1984.0000
2024-12-05 14:28:00, , , ,46.2000,1984.0000,1984.0000,1984.0000,1984.0000,1984.0000,1984.0000,1984.0000,1984.0000,1984.0000,1984.0000,1984.0000,1984.0000,1984.0000,1984.0000
2024-12-05 14:28:00, , , ,46.2000,1984.0000,1984.0000,1984.0000,1984.0000,1984.0000,1984.0000,1984.0000,1984.0000,1984.0000,1984.0000,1984.0000,1984.0000,1984.0000,1984.0000
2024-12-05 14:28:00, , , ,46.1000,1984.0000,1984.0000,1984.0000,1984.0000,1984.0000,1984.0000,1984.0000,1984.0000,1984.0000,1984.0000,1984.0000,1984.0000,1984.0000,1984.0000
2024-12-05 14:28:00, , , ,46.0000,1984.0000,1984.0000,1984.0000,1984.0000,1984.0000,1984.0000,1984.0000,1984.0000,1984.0000,1984.0000,1984.0000,1984.0000,1984.0000,1984.0000
2024-12-05 14:28:00, , , ,46.0000,1984.0000,1984.0000,1984.0000,1984.0000,1984.0000,1984.0000,1984.0000,1984.0000,1984.0000,1984.0000,1984.0000,1984.0000,1984.0000,1984.0000
2024-12-05 14:28:00, , , ,45.9000,1984.0000,1984.0000,1984.0000,1984.0000,1984.0000,1984.0000,1984.0000,1984.0000,1984.0000,1984.0000,1984.0000,1984.0000,1984.0000,1984.0000
2024-12-05 14:28:01, , , ,45.9000,1984.0000,1984.0000,1984.0000,1984.0000,1984.0000,1984.0000,1984.0000,1984.0000,1984.0000,1984.0000,1984.0000,1984.0000,1984.0000,1984.0000
2024-12-05 14:28:01, , , ,45.9000,1984.0000,1984.0000,1984.0000,1984.0000,1984.0000,1984.0000,1984.0000,1984.0000,1984.0000,1984.0000,1984.0000,1984.0000,1984.0000,1984.0000
2024-12-05 14:28:01, , , ,45.9000,1984.0000,1984.0000,1984.0000,1984.0000,1984.0000,1984.0000,1984.0000,1984.0000,1984.0000,1984.0000,1984.0000,1984.0000,1984.0000,1984.0000
2024-12-05 14:28:01, , , ,45.9000,1984.0000,1984.0000,1984.0000,1984.0000,1984.0000,1984.0000,1984.0000,1984.0000,1984.0000,1984.0000,1984.0000,1984.0000,1984.0000,1984.0000
2024-12-05 14:28:01, , , ,45.9000,1984.0000,1984.0000,1984.0000,1984.0000,1984.0000,1984.0000,1984.0000,1984.0000,1984.0000,1984.0000,1984.0000,1984.0000,1984.0000,1984.0000
2024-12-05 14:28:01, , , ,45.9000,1984.0000,1984.0000,1984.0000,1984.0000,1984.0000,1984.0000,1984.0000,1984.0000,1984.0000,1984.0000,1984.0000,1984.0000,1984.0000,1984.0000
2024-12-05 14:28:02, , , ,45.9000,1984.0000,1984.0000,1984.0000,1984.0000,1984.0000,1984.0000,1984.0000,1984.0000,1984.0000,1984.0000,1984.0000,1984.0000,1984.0000,1984.0000
2024-12-05 14:28:02, , , ,45.9000,1984.0000,1984.0000,1984.0000,1984.0000,1984.0000,1984.0000,1984.0000,1984.0000,1984.0000,1984.0000,1984.0000,1984.0000,1984.0000,1984.0000
2024-12-05 14:28:02, , , ,45.9000,1984.0000,1984.0000,1984.0000,1984.0000,1984.0000,1984.0000,1984.0000,1984.0000,1984.0000,1984.0000,1984.0000,1984.0000,1984.0000,1984.0000
2024-12-05 14:28:02, , , ,45.9000,1984.0000,1984.0000,1984.0000,1984.0000,1984.0000,1984.0000,1984.0000,1984.0000,1984.0000,1984.0000,1984.0000,1984.0000,1984.0000,1984.0000
2024-12-05 14:28:02, , , ,46.4000,1984.0000,1984.0000,1984.0000,1984.0000,1984.0000,1984.0000,1984.0000,1984.0000,1984.0000,1984.0000,1984.0000,1984.0000,1984.0000,1984.0000
2024-12-05 14:28:02, , , ,46.7000,1984.0000,1984.0000,1984.0000,1984.0000,1984.0000,1984.0000,1984.0000,1984.0000,1984.0000,1984.0000,1984.0000,1984.0000,1984.0000,1984.0000
2024-12-05 14:28:03, , , ,46.9000,1984.0000,1984.0000,1984.0000,1984.0000,1984.0000,1984.0000,1984.0000,1984.0000,1984.0000,1984.0000,1984.0000,1984.0000,1984.0000,1984.0000
2024-12-05 14:28:03, , , ,46.9000,1984.0000,1984.0000,1984.0000,1984.0000,1984.0000,1984.0000,1984.0000,1984.0000,1984.0000,1984.0000,1984.0000,1984.0000,1984.0000,1984.0000
2024-12-05 14:28:03, , , ,46.9000,1984.0000,1984.0000,1984.0000,1984.0000,1984.0000,1984.0000,1984.0000,1984.0000,1984.0000,1984.0000,1984.0000,1984.0000,1984.0000,1984.0000
2024-12-05 14:28:03, , , ,46.9000,1984.0000,1984.0000,1984.0000,1984.0000,1984.0000,1984.0000,1984.0000,1984.0000,1984.0000,1984.0000,1984.0000,1984.0000,1984.0000,1984.0000
2024-12-05 14:28:03, , , ,46.9000,1984.0000,1984.0000,1984.0000,1984.0000,1984.0000,1984.0000,1984.0000,1984.0000,1984.0000,1984.0000,1984.0000,1984.0000,1984.0000,1984.0000
2024-12-05 14:28:03, , , ,46.9000,1984.0000,1984.0000,1984.0000,1984.0000,1984.0000,1984.0000,1984.0000,1984.0000,1984.0000,1984.0000,1984.0000,1984.0000,1984.0000,1984.0000
2024-12-05 14:28:04, , , ,46.9000,1984.0000,1984.0000,1984.0000,1984.0000,1984.0000,1984.0000,1984.0000,1984.0000,1984.0000,1984.0000,1984.0000,1984.0000,1984.0000,1984.0000
2024-12-05 14:28:04, , , ,46.9000,1984.0000,1984.0000,1984.0000,1984.0000,1984.0000,1984.0000,1984.0000,1984.0000,1984.0000,1984.0000,1984.0000,1984.0000,1984.0000,1984.0000
2024-12-05 14:28:04, , , ,46.9000,1984.0000,1984.0000,1984.0000,1984.0000,1984.0000,1984.0000,1984.0000,1984.0000,1984.0000,1984.0000,1984.0000,1984.0000,1984.0000,1984.0000
2024-12-05 14:28:04, , , ,46.9000,1984.0000,1984.0000,1984.0000,1984.0000,1984.0000,1984.0000,1984.0000,1984.0000,1984.0000,1984.0000,1984.0000,1984.0000,1984.0000,1984.0000
2024-12-05 14:28:04, , , ,46.9000,1984.0000,1984.0000,1984.0000,1984.0000,1984.0000,1984.0000,1984.0000,1984.0000,1984.0000,1984.0000,1984.0000,1984.0000,1984.0000,1984.0000
2024-12-05 14:28:04, , , ,46.9000,1984.0000,1984.0000,1984.0000,1984.0000,1984.0000,1984.0000,1984.0000,1984.0000,1984.0000,1984.0000,1984.0000,1984.0000,1984.0000,1984.0000
2024-12-05 14:28:05, , , ,46.9000,1984.0000,1984.0000,1984.0000,1984.0000,1984.0000,1984.0000,1984.0000,1984.0000,1984.0000,1984.0000,1984.0000,1984.0000,1984.0000,1984.0000
2024-12-05 14:28:05, , , ,46.9000,1984.0000,1984.0000,1984.0000,1984.0000,1984.0000,1984.0000,1984.0000,1984.0000,1984.0000,1984.0000,1984.0000,1984.0000,1984.0000,1984.0000
2024-12-05 14:28:05, , , ,46.9000,1984.0000,1984.0000,1984.0000,1984.0000,1984.0000,1984.0000,1984.0000,1984.0000,1984.0000,1984.0000,1984.0000,1984.0000,1984.0000,1984.0000
2024-12-05 14:28:05, , , ,46.9000,1984.0000,1984.0000,1984.0000,1984.0000,1984.0000,1984.0000,1984.0000,1984.0000,1984.0000,1984.0000,1984.0000,1984.0000,1984.0000,1984.0000
2024-12-05 14:28:05, , , ,46.9000,1984.0000,1984.0000,1984.0000,1984.0000,1984.0000,1984.0000,1984.0000,1984.0000,1984.0000,1984.0000,1984.0000,1984.0000,1984.0000,1984.0000
2024-12-05 14:28:05, , , ,46.9000,1984.0000,1984.0000,1984.0000,1984.0000,1984.0000,1984.0000,1984.0000,1984.0000,1984.0000,1984.0000,1984.0000,1984.0000,1984.0000,1984.0000
2024-12-05 14:28:06, , , ,46.9000,1984.0000,1984.0000,1984.0000,1984.0000,1984.0000,1984.0000,1984.0000,1984.0000,1984.0000,1984.0000,1984.0000,1984.0000,1984.0000,1984.0000
2024-12-05 14:28:06, , , ,46.8000,1984.0000,1984.0000,1984.0000,1984.0000,1984.0000,1984.0000,1984.0000,1984.0000,1984.0000,1984.0000,1984.0000,1984.0000,1984.0000,1984.0000
2024-12-05 14:28:06, , , ,46.8000,1984.0000,1984.0000,1984.0000,1984.0000,1984.0000,1984.0000,1984.0000,1984.0000,1984.0000,1984.0000,1984.0000,1984.0000,1984.0000,1984.0000
2024-12-05 14:28:06, , , ,46.8000,1984.0000,1984.0000,1984.0000,1984.0000,1984.0000,1984.0000,1984.0000,1984.0000,1984.0000,1984.0000,1984.0000,1984.0000,1984.0000,1984.0000
2024-12-05 14:28:06, , , ,46.7000,1984.0000,1984.0000,1984.0000,1984.0000,1984.0000,1984.0000,1984.0000,1984.0000,1984.0000,1984.0000,1984.0000,1984.0000,1984.0000,1984.0000
2024-12-05 14:28:06, , , ,46.7000,1984.0000,1984.0000,1984.0000,1984.0000,1984.0000,1984.0000,1984.0000,1984.0000,1984.0000,1984.0000,1984.0000,1984.0000,1984.0000,1984.0000
2024-12-05 14:28:07, , , ,46.7000,1984.0000,1984.0000,1984.0000,1984.0000,1984.0000,1984.0000,1984.0000,1984.0000,1984.0000,1984.0000,1984.0000,1984.0000,1984.0000,1984.0000
2024-12-05 14:28:07, , , ,46.6000,1984.0000,1984.0000,1984.0000,1984.0000,1984.0000,1984.0000,1984.0000,1984.0000,1984.0000,1984.0000,1984.0000,1984.0000,1984.0000,1984.0000
2024-12-05 14:28:07, , , ,46.6000,1984.0000,1984.0000,1984.0000,1984.0000,1984.0000,1984.0000,1984.0000,1984.0000,1984.0000,1984.0000,1984.0000,1984.0000,1984.0000,1984.0000
2024-12-05 14:28:07, , , ,46.6000,1984.0000,1984.0000,1984.0000,1984.0000,1984.0000,1984.0000,1984.0000,1984.0000,1984.0000,1984.0000,1984.0000,1984.0000,1984.0000,1984.0000
2024-12-05 14:28:07, , , ,46.6000,1984.0000,1984.0000,1984.0000,1984.0000,1984.0000,1984.0000,1984.0000,1984.0000,1984.0000,1984.0000,1984.0000,1984.0000,1984.0000,1984.0000
2024-12-05 14:28:07, , , ,46.6000,1984.0000,1984.0000,1984.0000,1984.0000,1984.0000,1984.0000,1984.0000,1984.0000,1984.0000,1984.0000,1984.0000,1984.0000,1984.0000,1984.0000
2024-12-05 14:28:08, , , ,46.6000,1984.0000,1984.0000,1984.0000,1984.0000,1984.0000,1984.0000,1984.0000,1984.0000,1984.0000,1984.0000,1984.0000,1984.0000,1984.0000,1984.0000
2024-12-05 14:28:08, , , ,46.6000,1984.0000,1984.0000,1984.0000,1984.0000,1984.0000,1984.0000,1984.0000,1984.0000,1984.0000,1984.0000,1984.0000,1984.0000,1984.0000,1984.0000
2024-12-05 14:28:08, , , ,46.6000,1984.0000,1984.0000,1984.0000,1984.0000,1984.0000,1984.0000,1984.0000,1984.0000,1984.0000,1984.0000,1984.0000,1984.0000,1984.0000,1984.0000
2024-12-05 14:28:08, , , ,46.6000,1984.0000,1984.0000,1984.0000,1984.0000,1984.0000,1984.0000,1984.0000,1984.0000,1984.0000,1984.0000,1984.0000,1984.0000,1984.0000,1984.0000
2024-12-05 14:28:08, , , ,46.6000,1984.0000,1984.0000,1984.0000,1984.0000,1984.0000,1984.0000,1984.0000,1984.0000,1984.0000,1984.0000,1984.0000,1984.0000,1984.0000,1984.0000
2024-12-05 14:28:08, , , ,46.6000,1984.0000,1984.0000,1984.0000,1984.0000,1984.0000,1984.0000,1984.0000,1984.0000,1984.0000,1984.0000,1984.0000,1984.0000,1984.0000,1984.0000
2024-12-05 14:28:09, , , ,46.6000,1984.0000,1984.0000,1984.0000,1984.0000,1984.0000,1984.0000,1984.0000,1984.0000,1984.0000,1984.0000,1984.0000,1984.0000,1984.0000,1984.0000
2024-12-05 14:28:09, , , ,46.6000,1984.0000,1984.0000,1984.0000,1984.0000,1984.0000,1984.0000,1984.0000,1984.0000,1984.0000,1984.0000,1984.0000,1984.0000,1984.0000,1984.0000
2024-12-05 14:28:09, , , ,46.6000,1984.0000,1984.0000,1984.0000,1984.0000,1984.0000,1984.0000,1984.0000,1984.0000,1984.0000,1984.0000,1984.0000,1984.0000,1984.0000,1984.0000
2024-12-05 14:28:09, , , ,46.6000,1984.0000,1984.0000,1984.0000,1984.0000,1984.0000,1984.0000,1984.0000,1984.0000,1984.0000,1984.0000,1984.0000,1984.0000,1984.0000,1984.0000
2024-12-05 14:28:09, , , ,46.6000,1984.0000,1984.0000,1984.0000,1984.0000,1984.0000,1984.0000,1984.0000,1984.0000,1984.0000,1984.0000,1984.0000,1984.0000,1984.0000,1984.0000
2024-12-05 14:28:09, , , ,46.6000,1984.0000,1984.0000,1984.0000,1984.0000,1984.0000,1984.0000,1984.0000,1984.0000,1984.0000,1984.0000,1984.0000,1984.0000,1984.0000,1984.0000
2024-12-05 14:28:10, , , ,46.6000,1984.0000,1984.0000,1984.0000,1984.0000,1984.0000,1984.0000,1984.0000,1984.0000,1984.0000,1984.0000,1984.0000,1984.0000,1984.0000,1984.0000
2024-12-05 14:28:10, , , ,46.6000,1984.0000,1984.0000,1984.0000,1984.0000,1984.0000,1984.0000,1984.0000,1984.0000,1984.0000,1984.0000,1984.0000,1984.0000,1984.0000,1984.0000
2024-12-05 14:28:10, , , ,46.6000,1984.0000,1984.0000,1984.0000,1984.0000,1984.0000,1984.0000,1984.0000,1984.0000,1984.0000,1984.0000,1984.0000,1984.0000,1984.0000,1984.0000
2024-12-05 14:28:10, , , ,46.6000,1984.0000,1984.0000,1984.0000,1984.0000,1984.0000,1984.0000,1984.0000,1984.0000,1984.0000,1984.0000,1984.0000,1984.0000,1984.0000,1984.0000
2024-12-05 14:28:10, , , ,46.6000,1984.0000,1984.0000,1984.0000,1984.0000,1984.0000,1984.0000,1984.0000,1984.0000,1984.0000,1984.0000,1984.0000,1984.0000,1984.0000,1984.0000
2024-12-05 14:28:10, , , ,46.6000,1984.0000,1984.0000,1984.0000,1984.0000,1984.0000,1984.0000,1984.0000,1984.0000,1984.0000,1984.0000,1984.0000,1984.0000,1984.0000,1984.0000
2024-12-05 14:28:11, , , ,46.6000,1984.0000,1984.0000,1984.0000,1984.0000,1984.0000,1984.0000,1984.0000,1984.0000,1984.0000,1984.0000,1984.0000,1984.0000,1984.0000,1984.0000
2024-12-05 14:28:11, , , ,46.6000,1984.0000,1984.0000,1984.0000,1984.0000,1984.0000,1984.0000,1984.0000,1984.0000,1984.0000,1984.0000,1984.0000,1984.0000,1984.0000,1984.0000
2024-12-05 14:28:11, , , ,46.6000,1984.0000,1984.0000,1984.0000,1984.0000,1984.0000,1984.0000,1984.0000,1984.0000,1984.0000,1984.0000,1984.0000,1984.0000,1984.0000,1984.0000
2024-12-05 14:28:11, , , ,46.6000,1984.0000,1984.0000,1984.0000,1984.0000,1984.0000,1984.0000,1984.0000,1984.0000,1984.0000,1984.0000,1984.0000,1984.0000,1984.0000,1984.0000
2024-12-05 14:28:11, , , ,46.6000,1984.0000,1984.0000,1984.0000,1984.0000,1984.0000,1984.0000,1984.0000,1984.0000,1984.0000,1984.0000,1984.0000,1984.0000,1984.0000,1984.0000
2024-12-05 14:28:11, , , ,46.6000,1984.0000,1984.0000,1984.0000,1984.0000,1984.0000,1984.0000,1984.0000,1984.0000,1984.0000,1984.0000,1984.0000,1984.0000,1984.0000,1984.0000
2024-12-05 14:28:12, , , ,46.6000,1984.0000,1984.0000,1984.0000,1984.0000,1984.0000,1984.0000,1984.0000,1984.0000,1984.0000,1984.0000,1984.0000,1984.0000,1984.0000,1984.0000
2024-12-05 14:28:12, , , ,46.6000,1984.0000,1984.0000,1984.0000,1984.0000,1984.0000,1984.0000,1984.0000,1984.0000,1984.0000,1984.0000,1984.0000,1984.0000,1984.0000,1984.0000
2024-12-05 14:28:12, , , ,46.5000,1984.0000,1984.0000,1984.0000,1984.0000,1984.0000,1984.0000,1984.0000,1984.0000,1984.0000,1984.0000,1984.0000,1984.0000,1984.0000,1984.0000
2024-12-05 14:28:12, , , ,46.5000,1984.0000,1984.0000,1984.0000,1984.0000,1984.0000,1984.0000,1984.0000,1984.0000,1984.0000,1984.0000,1984.0000,1984.0000,1984.0000,1984.0000
2024-12-05 14:28:12, , , ,46.5000,1984.0000,1984.0000,1984.0000,1984.0000,1984.0000,1984.0000,1984.0000,1984.0000,1984.0000,1984.0000,1984.0000,1984.0000,1984.0000,1984.0000
2024-12-05 14:28:12, , , ,46.5000,1984.0000,1984.0000,1984.0000,1984.0000,1984.0000,1984.0000,1984.0000,1984.0000,1984.0000,1984.0000,1984.0000,1984.0000,1984.0000,1984.0000
2024-12-05 14:28:13, , , ,46.5000,1984.0000,1984.0000,1984.0000,1984.0000,1984.0000,1984.0000,1984.0000,1984.0000,1984.0000,1984.0000,1984.0000,1984.0000,1984.0000,1984.0000
2024-12-05 14:28:13, , , ,46.5000,1984.0000,1984.0000,1984.0000,1984.0000,1984.0000,1984.0000,1984.0000,1984.0000,1984.0000,1984.0000,1984.0000,1984.0000,1984.0000,1984.0000
2024-12-05 14:28:13, , , ,46.5000,1984.0000,1984.0000,1984.0000,1984.0000,1984.0000,1984.0000,1984.0000,1984.0000,1984.0000,1984.0000,1984.0000,1984.0000,1984.0000,1984.0000
2024-12-05 14:28:13, , , ,46.5000,1984.0000,1984.0000,1984.0000,1984.0000,1984.0000,1984.0000,1984.0000,1984.0000,1984.0000,1984.0000,1984.0000,1984.0000,1984.0000,1984.0000
2024-12-05 14:28:13, , , ,46.7000,1984.0000,1984.0000,1984.0000,1984.0000,1984.0000,1984.0000,1984.0000,1984.0000,1984.0000,1984.0000,1984.0000,1984.0000,1984.0000,1984.0000
2024-12-05 14:28:13, , , ,47.0000,1984.0000,1984.0000,1984.0000,1984.0000,1984.0000,1984.0000,1984.0000,1984.0000,1984.0000,1984.0000,1984.0000,1984.0000,1984.0000,1984.0000
2024-12-05 14:28:14, , , ,47.2000,1984.0000,1984.0000,1984.0000,1984.0000,1984.0000,1984.0000,1984.0000,1984.0000,1984.0000,1984.0000,1984.0000,1984.0000,1984.0000,1984.0000
2024-12-05 14:28:14, , , ,47.5000,1984.0000,1984.0000,1984.0000,1984.0000,1984.0000,1984.0000,1984.0000,1984.0000,1984.0000,1984.0000,1984.0000,1984.0000,1984.0000,1984.0000
2024-12-05 14:28:14, , , ,47.5000,1984.0000,1984.0000,1984.0000,1984.0000,1984.0000,1984.0000,1984.0000,1984.0000,1984.0000,1984.0000,1984.0000,1984.0000,1984.0000,1984.0000
2024-12-05 14:28:14, , , ,47.5000,1984.0000,1984.0000,1984.0000,1984.0000,1984.0000,1984.0000,1984.0000,1984.0000,1984.0000,1984.0000,1984.0000,1984.0000,1984.0000,1984.0000
2024-12-05 14:28:14, , , ,47.5000,1984.0000,1984.0000,1984.0000,1984.0000,1984.0000,1984.0000,1984.0000,1984.0000,1984.0000,1984.0000,1984.0000,1984.0000,1984.0000,1984.0000
2024-12-05 14:28:14, , , ,47.5000,1984.0000,1984.0000,1984.0000,1984.0000,1984.0000,1984.0000,1984.0000,1984.0000,1984.0000,1984.0000,1984.0000,1984.0000,1984.0000,1984.0000
2024-12-05 14:28:15, , , ,47.4000,1984.0000,1984.0000,1984.0000,1984.0000,1984.0000,1984.0000,1984.0000,1984.0000,1984.0000,1984.0000,1984.0000,1984.0000,1984.0000,1984.0000
2024-12-05 14:28:15, , , ,47.4000,1984.0000,1984.0000,1984.0000,1984.0000,1984.0000,1984.0000,1984.0000,1984.0000,1984.0000,1984.0000,1984.0000,1984.0000,1984.0000,1984.0000
2024-12-05 14:28:15, , , ,47.3000,1984.0000,1984.0000,1984.0000,1984.0000,1984.0000,1984.0000,1984.0000,1984.0000,1984.0000,1984.0000,1984.0000,1984.0000,1984.0000,1984.0000
2024-12-05 14:28:15, , , ,47.3000,1984.0000,1984.0000,1984.0000,1984.0000,1984.0000,1984.0000,1984.0000,1984.0000,1984.0000,1984.0000,1984.0000,1984.0000,1984.0000,1984.0000
2024-12-05 14:28:15, , , ,47.3000,1984.0000,1984.0000,1984.0000,1984.0000,1984.0000,1984.0000,1984.0000,1984.0000,1984.0000,1984.0000,1984.0000,1984.0000,1984.0000,1984.0000
2024-12-05 14:28:15, , , ,47.3000,1984.0000,1984.0000,1984.0000,1984.0000,1984.0000,1984.0000,1984.0000,1984.0000,1984.0000,1984.0000,1984.0000,1984.0000,1984.0000,1984.0000
2024-12-05 14:28:16, , , ,47.3000,1984.0000,1984.0000,1984.0000,1984.0000,1984.0000,1984.0000,1984.0000,1984.0000,1984.0000,1984.0000,1984.0000,1984.0000,1984.0000,1984.0000
2024-12-05 14:28:16, , , ,47.3000,1984.0000,1984.0000,1984.0000,1984.0000,1984.0000,1984.0000,1984.0000,1984.0000,1984.0000,1984.0000,1984.0000,1984.0000,1984.0000,1984.0000
2024-12-05 14:28:16, , , ,47.3000,1984.0000,1984.0000,1984.0000,1984.0000,1984.0000,1984.0000,1984.0000,1984.0000,1984.0000,1984.0000,1984.0000,1984.0000,1984.0000,1984.0000
2024-12-05 14:28:16, , , ,47.2000,1984.0000,1984.0000,1984.0000,1984.0000,1984.0000,1984.0000,1984.0000,1984.0000,1984.0000,1984.0000,1984.0000,1984.0000,1984.0000,1984.0000
2024-12-05 14:28:16, , , ,47.2000,1984.0000,1984.0000,1984.0000,1984.0000,1984.0000,1984.0000,1984.0000,1984.0000,1984.0000,1984.0000,1984.0000,1984.0000,1984.0000,1984.0000
2024-12-05 14:28:16, , , ,47.2000,1984.0000,1984.0000,1984.0000,1984.0000,1984.0000,1984.0000,1984.0000,1984.0000,1984.0000,1984.0000,1984.0000,1984.0000,1984.0000,1984.0000
2024-12-05 14:28:17, , , ,47.1000,1984.0000,1984.0000,1984.0000,1984.0000,1984.0000,1984.0000,1984.0000,1984.0000,1984.0000,1984.0000,1984.0000,1984.0000,1984.0000,1984.0000
2024-12-05 14:28:17, , , ,47.1000,1984.0000,1984.0000,1984.0000,1984.0000,1984.0000,1984.0000,1984.0000,1984.0000,1984.0000,1984.0000,1984.0000,1984.0000,1984.0000,1984.0000
2024-12-05 14:28:17, , , ,47.1000,1984.0000,1984.0000,1984.0000,1984.0000,1984.0000,1984.0000,1984.0000,1984.0000,1984.0000,1984.0000,1984.0000,1984.0000,1984.0000,1984.0000
2024-12-05 14:28:17, , , ,47.1000,1984.0000,1984.0000,1984.0000,1984.0000,1984.0000,1984.0000,1984.0000,1984.0000,1984.0000,1984.0000,1984.0000,1984.0000,1984.0000,1984.0000
2024-12-05 14:28:17, , , ,47.1000,1984.0000,1984.0000,1984.0000,1984.0000,1984.0000,1984.0000,1984.0000,1984.0000,1984.0000,1984.0000,1984.0000,1984.0000,1984.0000,1984.0000
2024-12-05 14:28:17, , , ,47.2000,1984.0000,1984.0000,1984.0000,1984.0000,1984.0000,1984.0000,1984.0000,1984.0000,1984.0000,1984.0000,1984.0000,1984.0000,1984.0000,1984.0000
2024-12-05 14:28:18, , , ,47.1000,1984.0000,1984.0000,1984.0000,1984.0000,1984.0000,1984.0000,1984.0000,1984.0000,1984.0000,1984.0000,1984.0000,1984.0000,1984.0000,1984.0000
2024-12-05 14:28:18, , , ,47.1000,1984.0000,1984.0000,1984.0000,1984.0000,1984.0000,1984.0000,1984.0000,1984.0000,1984.0000,1984.0000,1984.0000,1984.0000,1984.0000,1984.0000
2024-12-05 14:28:18, , , ,47.0000,1984.0000,1984.0000,1984.0000,1984.0000,1984.0000,1984.0000,1984.0000,1984.0000,1984.0000,1984.0000,1984.0000,1984.0000,1984.0000,1984.0000
2024-12-05 14:28:18, , , ,46.9000,1984.0000,1984.0000,1984.0000,1984.0000,1984.0000,1984.0000,1984.0000,1984.0000,1984.0000,1984.0000,1984.0000,1984.0000,1984.0000,1984.0000
2024-12-05 14:28:18, , , ,46.9000,1984.0000,1984.0000,1984.0000,1984.0000,1984.0000,1984.0000,1984.0000,1984.0000,1984.0000,1984.0000,1984.0000,1984.0000,1984.0000,1984.0000
2024-12-05 14:28:18, , , ,46.9000,1984.0000,1984.0000,1984.0000,1984.0000,1984.0000,1984.0000,1984.0000,1984.0000,1984.0000,1984.0000,1984.0000,1984.0000,1984.0000,1984.0000
2024-12-05 14:28:19, , , ,46.9000,1984.0000,1984.0000,1984.0000,1984.0000,1984.0000,1984.0000,1984.0000,1984.0000,1984.0000,1984.0000,1984.0000,1984.0000,1984.0000,1984.0000
2024-12-05 14:28:19, , , ,46.9000,1984.0000,1984.0000,1984.0000,1984.0000,1984.0000,1984.0000,1984.0000,1984.0000,1984.0000,1984.0000,1984.0000,1984.0000,1984.0000,1984.0000
2024-12-05 14:28:19, , , ,46.9000,1984.0000,1984.0000,1984.0000,1984.0000,1984.0000,1984.0000,1984.0000,1984.0000,1984.0000,1984.0000,1984.0000,1984.0000,1984.0000,1984.0000
2024-12-05 14:28:19, , , ,46.9000,1984.0000,1984.0000,1984.0000,1984.0000,1984.0000,1984.0000,1984.0000,1984.0000,1984.0000,1984.0000,1984.0000,1984.0000,1984.0000,1984.0000
2024-12-05 14:28:19, , , ,46.9000,1984.0000,1984.0000,1984.0000,1984.0000,1984.0000,1984.0000,1984.0000,1984.0000,1984.0000,1984.0000,1984.0000,1984.0000,1984.0000,1984.0000
2024-12-05 14:28:19, , , ,46.9000,1984.0000,1984.0000,1984.0000,1984.0000,1984.0000,1984.0000,1984.0000,1984.0000,1984.0000,1984.0000,1984.0000,1984.0000,1984.0000,1984.0000
2024-12-05 14:28:20, , , ,46.8000,1984.0000,1984.0000,1984.0000,1984.0000,1984.0000,1984.0000,1984.0000,1984.0000,1984.0000,1984.0000,1984.0000,1984.0000,1984.0000,1984.0000
2024-12-05 14:28:20, , , ,46.8000,1984.0000,1984.0000,1984.0000,1984.0000,1984.0000,1984.0000,1984.0000,1984.0000,1984.0000,1984.0000,1984.0000,1984.0000,1984.0000,1984.0000
2024-12-05 14:28:20, , , ,46.8000,1984.0000,1984.0000,1984.0000,1984.0000,1984.0000,1984.0000,1984.0000,1984.0000,1984.0000,1984.0000,1984.0000,1984.0000,1984.0000,1984.0000
2024-12-05 14:28:20, , , ,46.7000,1984.0000,1984.0000,1984.0000,1984.0000,1984.0000,1984.0000,1984.0000,1984.0000,1984.0000,1984.0000,1984.0000,1984.0000,1984.0000,1984.0000
2024-12-05 14:28:20, , , ,46.7000,1984.0000,1984.0000,1984.0000,1984.0000,1984.0000,1984.0000,1984.0000,1984.0000,1984.0000,1984.0000,1984.0000,1984.0000,1984.0000,1984.0000
2024-12-05 14:28:20, , , ,46.6000,1984.0000,1984.0000,1984.0000,1984.0000,1984.0000,1984.0000,1984.0000,1984.0000,1984.0000,1984.0000,1984.0000,1984.0000,1984.0000,1984.0000
2024-12-05 14:28:21, , , ,46.6000,1984.0000,1984.0000,1984.0000,1984.0000,1984.0000,1984.0000,1984.0000,1984.0000,1984.0000,1984.0000,1984.0000,1984.0000,1984.0000,1984.0000
2024-12-05 14:28:21, , , ,46.6000,1984.0000,1984.0000,1984.0000,1984.0000,1984.0000,1984.0000,1984.0000,1984.0000,1984.0000,1984.0000,1984.0000,1984.0000,1984.0000,1984.0000
2024-12-05 14:28:21, , , ,46.6000,1984.0000,1984.0000,1984.0000,1984.0000,1984.0000,1984.0000,1984.0000,1984.0000,1984.0000,1984.0000,1984.0000,1984.0000,1984.0000,1984.0000
2024-12-05 14:28:21, , , ,46.6000,1984.0000,1984.0000,1984.0000,1984.0000,1984.0000,1984.0000,1984.0000,1984.0000,1984.0000,1984.0000,1984.0000,1984.0000,1984.0000,1984.0000
2024-12-05 14:28:21, , , ,46.6000,1984.0000,1984.0000,1984.0000,1984.0000,1984.0000,1984.0000,1984.0000,1984.0000,1984.0000,1984.0000,1984.0000,1984.0000,1984.0000,1984.0000
2024-12-05 14:28:21, , , ,46.6000,1984.0000,1984.0000,1984.0000,1984.0000,1984.0000,1984.0000,1984.0000,1984.0000,1984.0000,1984.0000,1984.0000,1984.0000,1984.0000,1984.0000
2024-12-05 14:28:22, , , ,46.6000,1984.0000,1984.0000,1984.0000,1984.0000,1984.0000,1984.0000,1984.0000,1984.0000,1984.0000,1984.0000,1984.0000,1984.0000,1984.0000,1984.0000
2024-12-05 14:28:22, , , ,46.6000,1984.0000,1984.0000,1984.0000,1984.0000,1984.0000,1984.0000,1984.0000,1984.0000,1984.0000,1984.0000,1984.0000,1984.0000,1984.0000,1984.0000
2024-12-05 14:28:22, , , ,46.6000,1984.0000,1984.0000,1984.0000,1984.0000,1984.0000,1984.0000,1984.0000,1984.0000,1984.0000,1984.0000,1984.0000,1984.0000,1984.0000,1984.0000
2024-12-05 14:28:22, , , ,46.6000,1984.0000,1984.0000,1984.0000,1984.0000,1984.0000,1984.0000,1984.0000,1984.0000,1984.0000,1984.0000,1984.0000,1984.0000,1984.0000,1984.0000
2024-12-05 14:28:22, , , ,46.6000,1984.0000,1984.0000,1984.0000,1984.0000,1984.0000,1984.0000,1984.0000,1984.0000,1984.0000,1984.0000,1984.0000,1984.0000,1984.0000,1984.0000
2024-12-05 14:28:22, , , ,46.6000,1984.0000,1984.0000,1984.0000,1984.0000,1984.0000,1984.0000,1984.0000,1984.0000,1984.0000,1984.0000,1984.0000,1984.0000,1984.0000,1984.0000
2024-12-05 14:28:23, , , ,46.6000,1984.0000,1984.0000,1984.0000,1984.0000,1984.0000,1984.0000,1984.0000,1984.0000,1984.0000,1984.0000,1984.0000,1984.0000,1984.0000,1984.0000
2024-12-05 14:28:23, , , ,46.6000,1984.0000,1984.0000,1984.0000,1984.0000,1984.0000,1984.0000,1984.0000,1984.0000,1984.0000,1984.0000,1984.0000,1984.0000,1984.0000,1984.0000
2024-12-05 14:28:23, , , ,46.5000,1984.0000,1984.0000,1984.0000,1984.0000,1984.0000,1984.0000,1984.0000,1984.0000,1984.0000,1984.0000,1984.0000,1984.0000,1984.0000,1984.0000
2024-12-05 14:28:23, , , ,46.4000,1984.0000,1984.0000,1984.0000,1984.0000,1984.0000,1984.0000,1984.0000,1984.0000,1984.0000,1984.0000,1984.0000,1984.0000,1984.0000,1984.0000
2024-12-05 14:28:23, , , ,46.4000,1984.0000,1984.0000,1984.0000,1984.0000,1984.0000,1984.0000,1984.0000,1984.0000,1984.0000,1984.0000,1984.0000,1984.0000,1984.0000,1984.0000
2024-12-05 14:28:23, , , ,46.4000,1984.0000,1984.0000,1984.0000,1984.0000,1984.0000,1984.0000,1984.0000,1984.0000,1984.0000,1984.0000,1984.0000,1984.0000,1984.0000,1984.0000
2024-12-05 14:28:23, , , ,46.4000,1984.0000,1984.0000,1984.0000,1984.0000,1984.0000,1984.0000,1984.0000,1984.0000,1984.0000,1984.0000,1984.0000,1984.0000,1984.0000,1984.0000
2024-12-05 14:28:24, , , ,46.4000,1984.0000,1984.0000,1984.0000,1984.0000,1984.0000,1984.0000,1984.0000,1984.0000,1984.0000,1984.0000,1984.0000,1984.0000,1984.0000,1984.0000
2024-12-05 14:28:24, , , ,46.4000,1984.0000,1984.0000,1984.0000,1984.0000,1984.0000,1984.0000,1984.0000,1984.0000,1984.0000,1984.0000,1984.0000,1984.0000,1984.0000,1984.0000
2024-12-05 14:28:24, , , ,46.4000,1984.0000,1984.0000,1984.0000,1984.0000,1984.0000,1984.0000,1984.0000,1984.0000,1984.0000,1984.0000,1984.0000,1984.0000,1984.0000,1984.0000
2024-12-05 14:28:24, , , ,46.4000,1984.0000,1984.0000,1984.0000,1984.0000,1984.0000,1984.0000,1984.0000,1984.0000,1984.0000,1984.0000,1984.0000,1984.0000,1984.0000,1984.0000
2024-12-05 14:28:24, , , ,46.4000,1984.0000,1984.0000,1984.0000,1984.0000,1984.0000,1984.0000,1984.0000,1984.0000,1984.0000,1984.0000,1984.0000,1984.0000,1984.0000,1984.0000
2024-12-05 14:28:24, , , ,46.5000,1984.0000,1984.0000,1984.0000,1984.0000,1984.0000,1984.0000,1984.0000,1984.0000,1984.0000,1984.0000,1984.0000,1984.0000,1984.0000,1984.0000
2024-12-05 14:28:25, , , ,47.0000,1984.0000,1984.0000,1984.0000,1984.0000,1984.0000,1984.0000,1984.0000,1984.0000,1984.0000,1984.0000,1984.0000,1984.0000,1984.0000,1984.0000
2024-12-05 14:28:25, , , ,47.2000,1984.0000,1984.0000,1984.0000,1984.0000,1984.0000,1984.0000,1984.0000,1984.0000,1984.0000,1984.0000,1984.0000,1984.0000,1984.0000,1984.0000
2024-12-05 14:28:25, , , ,47.3000,1984.0000,1984.0000,1984.0000,1984.0000,1984.0000,1984.0000,1984.0000,1984.0000,1984.0000,1984.0000,1984.0000,1984.0000,1984.0000,1984.0000
2024-12-05 14:28:25, , , ,47.3000,1984.0000,1984.0000,1984.0000,1984.0000,1984.0000,1984.0000,1984.0000,1984.0000,1984.0000,1984.0000,1984.0000,1984.0000,1984.0000,1984.0000
2024-12-05 14:28:25, , , ,47.3000,1984.0000,1984.0000,1984.0000,1984.0000,1984.0000,1984.0000,1984.0000,1984.0000,1984.0000,1984.0000,1984.0000,1984.0000,1984.0000,1984.0000
2024-12-05 14:28:25, , , ,47.3000,1984.0000,1984.0000,1984.0000,1984.0000,1984.0000,1984.0000,1984.0000,1984.0000,1984.0000,1984.0000,1984.0000,1984.0000,1984.0000,1984.0000
2024-12-05 14:28:26, , , ,47.3000,1984.0000,1984.0000,1984.0000,1984.0000,1984.0000,1984.0000,1984.0000,1984.0000,1984.0000,1984.0000,1984.0000,1984.0000,1984.0000,1984.0000
2024-12-05 14:28:26, , , ,47.3000,1984.0000,1984.0000,1984.0000,1984.0000,1984.0000,1984.0000,1984.0000,1984.0000,1984.0000,1984.0000,1984.0000,1984.0000,1984.0000,1984.0000
2024-12-05 14:28:26, , , ,47.3000,1984.0000,1984.0000,1984.0000,1984.0000,1984.0000,1984.0000,1984.0000,1984.0000,1984.0000,1984.0000,1984.0000,1984.0000,1984.0000,1984.0000
2024-12-05 14:28:26, , , ,47.3000,1984.0000,1984.0000,1984.0000,1984.0000,1984.0000,1984.0000,1984.0000,1984.0000,1984.0000,1984.0000,1984.0000,1984.0000,1984.0000,1984.0000
2024-12-05 14:28:26, , , ,47.3000,1984.0000,1984.0000,1984.0000,1984.0000,1984.0000,1984.0000,1984.0000,1984.0000,1984.0000,1984.0000,1984.0000,1984.0000,1984.0000,1984.0000
2024-12-05 14:28:26, , , ,47.3000,1984.0000,1984.0000,1984.0000,1984.0000,1984.0000,1984.0000,1984.0000,1984.0000,1984.0000,1984.0000,1984.0000,1984.0000,1984.0000,1984.0000
2024-12-05 14:28:27, , , ,47.3000,1984.0000,1984.0000,1984.0000,1984.0000,1984.0000,1984.0000,1984.0000,1984.0000,1984.0000,1984.0000,1984.0000,1984.0000,1984.0000,1984.0000
2024-12-05 14:28:27, , , ,47.2000,1984.0000,1984.0000,1984.0000,1984.0000,1984.0000,1984.0000,1984.0000,1984.0000,1984.0000,1984.0000,1984.0000,1984.0000,1984.0000,1984.0000
2024-12-05 14:28:27, , , ,47.2000,1984.0000,1984.0000,1984.0000,1984.0000,1984.0000,1984.0000,1984.0000,1984.0000,1984.0000,1984.0000,1984.0000,1984.0000,1984.0000,1984.0000
2024-12-05 14:28:27, , , ,47.1000,1984.0000,1984.0000,1984.0000,1984.0000,1984.0000,1984.0000,1984.0000,1984.0000,1984.0000,1984.0000,1984.0000,1984.0000,1984.0000,1984.0000
2024-12-05 14:28:27, , , ,47.1000,1984.0000,1984.0000,1984.0000,1984.0000,1984.0000,1984.0000,1984.0000,1984.0000,1984.0000,1984.0000,1984.0000,1984.0000,1984.0000,1984.0000
2024-12-05 14:28:27, , , ,47.1000,1984.0000,1984.0000,1984.0000,1984.0000,1984.0000,1984.0000,1984.0000,1984.0000,1984.0000,1984.0000,1984.0000,1984.0000,1984.0000,1984.0000
2024-12-05 14:28:28, , , ,47.1000,1984.0000,1984.0000,1984.0000,1984.0000,1984.0000,1984.0000,1984.0000,1984.0000,1984.0000,1984.0000,1984.0000,1984.0000,1984.0000,1984.0000
2024-12-05 14:28:28, , , ,47.1000,1984.0000,1984.0000,1984.0000,1984.0000,1984.0000,1984.0000,1984.0000,1984.0000,1984.0000,1984.0000,1984.0000,1984.0000,1984.0000,1984.0000
2024-12-05 14:28:28, , , ,47.0000,1984.0000,1984.0000,1984.0000,1984.0000,1984.0000,1984.0000,1984.0000,1984.0000,1984.0000,1984.0000,1984.0000,1984.0000,1984.0000,1984.0000
2024-12-05 14:28:28, , , ,47.1000,1984.0000,1984.0000,1984.0000,1984.0000,1984.0000,1984.0000,1984.0000,1984.0000,1984.0000,1984.0000,1984.0000,1984.0000,1984.0000,1984.0000
2024-12-05 14:28:28, , , ,47.1000,1984.0000,1984.0000,1984.0000,1984.0000,1984.0000,1984.0000,1984.0000,1984.0000,1984.0000,1984.0000,1984.0000,1984.0000,1984.0000,1984.0000
2024-12-05 14:28:28, , , ,47.0000,1984.0000,1984.0000,1984.0000,1984.0000,1984.0000,1984.0000,1984.0000,1984.0000,1984.0000,1984.0000,1984.0000,1984.0000,1984.0000,1984.0000
2024-12-05 14:28:29, , , ,47.0000,1984.0000,1984.0000,1984.0000,1984.0000,1984.0000,1984.0000,1984.0000,1984.0000,1984.0000,1984.0000,1984.0000,1984.0000,1984.0000,1984.0000
2024-12-05 14:28:29, , , ,46.9000,1984.0000,1984.0000,1984.0000,1984.0000,1984.0000,1984.0000,1984.0000,1984.0000,1984.0000,1984.0000,1984.0000,1984.0000,1984.0000,1984.0000
2024-12-05 14:28:29, , , ,46.9000,1984.0000,1984.0000,1984.0000,1984.0000,1984.0000,1984.0000,1984.0000,1984.0000,1984.0000,1984.0000,1984.0000,1984.0000,1984.0000,1984.0000
2024-12-05 14:28:29, , , ,46.9000,1984.0000,1984.0000,1984.0000,1984.0000,1984.0000,1984.0000,1984.0000,1984.0000,1984.0000,1984.0000,1984.0000,1984.0000,1984.0000,1984.0000
2024-12-05 14:28:29, , , ,46.9000,1984.0000,1984.0000,1984.0000,1984.0000,1984.0000,1984.0000,1984.0000,1984.0000,1984.0000,1984.0000,1984.0000,1984.0000,1984.0000,1984.0000
2024-12-05 14:28:29, , , ,46.9000,1984.0000,1984.0000,1984.0000,1984.0000,1984.0000,1984.0000,1984.0000,1984.0000,1984.0000,1984.0000,1984.0000,1984.0000,1984.0000,1984.0000
2024-12-05 14:28:30, , , ,46.9000,1984.0000,1984.0000,1984.0000,1984.0000,1984.0000,1984.0000,1984.0000,1984.0000,1984.0000,1984.0000,1984.0000,1984.0000,1984.0000,1984.0000
2024-12-05 14:28:30, , , ,46.9000,1984.0000,1984.0000,1984.0000,1984.0000,1984.0000,1984.0000,1984.0000,1984.0000,1984.0000,1984.0000,1984.0000,1984.0000,1984.0000,1984.0000
2024-12-05 14:28:30, , , ,46.8000,1984.0000,1984.0000,1984.0000,1984.0000,1984.0000,1984.0000,1984.0000,1984.0000,1984.0000,1984.0000,1984.0000,1984.0000,1984.0000,1984.0000
2024-12-05 14:28:30, , , ,46.8000,1984.0000,1984.0000,1984.0000,1984.0000,1984.0000,1984.0000,1984.0000,1984.0000,1984.0000,1984.0000,1984.0000,1984.0000,1984.0000,1984.0000
2024-12-05 14:28:30, , , ,46.8000,1984.0000,1984.0000,1984.0000,1984.0000,1984.0000,1984.0000,1984.0000,1984.0000,1984.0000,1984.0000,1984.0000,1984.0000,1984.0000,1984.0000
2024-12-05 14:28:30, , , ,46.8000,1984.0000,1984.0000,1984.0000,1984.0000,1984.0000,1984.0000,1984.0000,1984.0000,1984.0000,1984.0000,1984.0000,1984.0000,1984.0000,1984.0000
2024-12-05 14:28:31, , , ,46.8000,1984.0000,1984.0000,1984.0000,1984.0000,1984.0000,1984.0000,1984.0000,1984.0000,1984.0000,1984.0000,1984.0000,1984.0000,1984.0000,1984.0000
2024-12-05 14:28:31, , , ,46.7000,1984.0000,1984.0000,1984.0000,1984.0000,1984.0000,1984.0000,1984.0000,1984.0000,1984.0000,1984.0000,1984.0000,1984.0000,1984.0000,1984.0000
2024-12-05 14:28:31, , , ,46.7000,1984.0000,1984.0000,1984.0000,1984.0000,1984.0000,1984.0000,1984.0000,1984.0000,1984.0000,1984.0000,1984.0000,1984.0000,1984.0000,1984.0000
2024-12-05 14:28:31, , , ,46.7000,1984.0000,1984.0000,1984.0000,1984.0000,1984.0000,1984.0000,1984.0000,1984.0000,1984.0000,1984.0000,1984.0000,1984.0000,1984.0000,1984.0000
2024-12-05 14:28:31, , , ,46.7000,1984.0000,1984.0000,1984.0000,1984.0000,1984.0000,1984.0000,1984.0000,1984.0000,1984.0000,1984.0000,1984.0000,1984.0000,1984.0000,1984.0000
2024-12-05 14:28:31, , , ,46.6000,1984.0000,1984.0000,1984.0000,1984.0000,1984.0000,1984.0000,1984.0000,1984.0000,1984.0000,1984.0000,1984.0000,1984.0000,1984.0000,1984.0000
2024-12-05 14:28:32, , , ,46.6000,1984.0000,1984.0000,1984.0000,1984.0000,1984.0000,1984.0000,1984.0000,1984.0000,1984.0000,1984.0000,1984.0000,1984.0000,1984.0000,1984.0000
2024-12-05 14:28:32, , , ,46.6000,1984.0000,1984.0000,1984.0000,1984.0000,1984.0000,1984.0000,1984.0000,1984.0000,1984.0000,1984.0000,1984.0000,1984.0000,1984.0000,1984.0000
2024-12-05 14:28:32, , , ,46.6000,1984.0000,1984.0000,1984.0000,1984.0000,1984.0000,1984.0000,1984.0000,1984.0000,1984.0000,1984.0000,1984.0000,1984.0000,1984.0000,1984.0000
2024-12-05 14:28:32, , , ,46.6000,1984.0000,1984.0000,1984.0000,1984.0000,1984.0000,1984.0000,1984.0000,1984.0000,1984.0000,1984.0000,1984.0000,1984.0000,1984.0000,1984.0000
2024-12-05 14:28:32, , , ,46.6000,1984.0000,1984.0000,1984.0000,1984.0000,1984.0000,1984.0000,1984.0000,1984.0000,1984.0000,1984.0000,1984.0000,1984.0000,1984.0000,1984.0000
2024-12-05 14:28:32, , , ,46.6000,1984.0000,1984.0000,1984.0000,1984.0000,1984.0000,1984.0000,1984.0000,1984.0000,1984.0000,1984.0000,1984.0000,1984.0000,1984.0000,1984.0000
2024-12-05 14:28:33, , , ,46.6000,1984.0000,1984.0000,1984.0000,1984.0000,1984.0000,1984.0000,1984.0000,1984.0000,1984.0000,1984.0000,1984.0000,1984.0000,1984.0000,1984.0000
2024-12-05 14:28:33, , , ,46.6000,1984.0000,1984.0000,1984.0000,1984.0000,1984.0000,1984.0000,1984.0000,1984.0000,1984.0000,1984.0000,1984.0000,1984.0000,1984.0000,1984.0000
2024-12-05 14:28:33, , , ,46.6000,1984.0000,1984.0000,1984.0000,1984.0000,1984.0000,1984.0000,1984.0000,1984.0000,1984.0000,1984.0000,1984.0000,1984.0000,1984.0000,1984.0000
2024-12-05 14:28:33, , , ,46.6000,1984.0000,1984.0000,1984.0000,1984.0000,1984.0000,1984.0000,1984.0000,1984.0000,1984.0000,1984.0000,1984.0000,1984.0000,1984.0000,1984.0000
2024-12-05 14:28:33, , , ,46.5000,1984.0000,1984.0000,1984.0000,1984.0000,1984.0000,1984.0000,1984.0000,1984.0000,1984.0000,1984.0000,1984.0000,1984.0000,1984.0000,1984.0000
2024-12-05 14:28:33, , , ,46.4000,1984.0000,1984.0000,1984.0000,1984.0000,1984.0000,1984.0000,1984.0000,1984.0000,1984.0000,1984.0000,1984.0000,1984.0000,1984.0000,1984.0000
2024-12-05 14:28:34, , , ,46.4000,1984.0000,1984.0000,1984.0000,1984.0000,1984.0000,1984.0000,1984.0000,1984.0000,1984.0000,1984.0000,1984.0000,1984.0000,1984.0000,1984.0000
2024-12-05 14:28:34, , , ,46.3000,1984.0000,1984.0000,1984.0000,1984.0000,1984.0000,1984.0000,1984.0000,1984.0000,1984.0000,1984.0000,1984.0000,1984.0000,1984.0000,1984.0000
2024-12-05 14:28:34, , , ,46.3000,1984.0000,1984.0000,1984.0000,1984.0000,1984.0000,1984.0000,1984.0000,1984.0000,1984.0000,1984.0000,1984.0000,1984.0000,1984.0000,1984.0000
2024-12-05 14:28:34, , , ,46.3000,1984.0000,1984.0000,1984.0000,1984.0000,1984.0000,1984.0000,1984.0000,1984.0000,1984.0000,1984.0000,1984.0000,1984.0000,1984.0000,1984.0000
2024-12-05 14:28:34, , , ,46.3000,1984.0000,1984.0000,1984.0000,1984.0000,1984.0000,1984.0000,1984.0000,1984.0000,1984.0000,1984.0000,1984.0000,1984.0000,1984.0000,1984.0000
2024-12-05 14:28:34, , , ,46.3000,1984.0000,1984.0000,1984.0000,1984.0000,1984.0000,1984.0000,1984.0000,1984.0000,1984.0000,1984.0000,1984.0000,1984.0000,1984.0000,1984.0000
2024-12-05 14:28:35, , , ,46.3000,1984.0000,1984.0000,1984.0000,1984.0000,1984.0000,1984.0000,1984.0000,1984.0000,1984.0000,1984.0000,1984.0000,1984.0000,1984.0000,1984.0000
2024-12-05 14:28:35, , , ,46.2000,1984.0000,1984.0000,1984.0000,1984.0000,1984.0000,1984.0000,1984.0000,1984.0000,1984.0000,1984.0000,1984.0000,1984.0000,1984.0000,1984.0000
2024-12-05 14:28:35, , , ,46.2000,1984.0000,1984.0000,1984.0000,1984.0000,1984.0000,1984.0000,1984.0000,1984.0000,1984.0000,1984.0000,1984.0000,1984.0000,1984.0000,1984.0000
2024-12-05 14:28:35, , , ,46.2000,1984.0000,1984.0000,1984.0000,1984.0000,1984.0000,1984.0000,1984.0000,1984.0000,1984.0000,1984.0000,1984.0000,1984.0000,1984.0000,1984.0000
2024-12-05 14:28:35, , , ,46.2000,1984.0000,1984.0000,1984.0000,1984.0000,1984.0000,1984.0000,1984.0000,1984.0000,1984.0000,1984.0000,1984.0000,1984.0000,1984.0000,1984.0000
2024-12-05 14:28:35, , , ,46.2000,1984.0000,1984.0000,1984.0000,1984.0000,1984.0000,1984.0000,1984.0000,1984.0000,1984.0000,1984.0000,1984.0000,1984.0000,1984.0000,1984.0000
2024-12-05 14:28:36, , , ,46.4000,1984.0000,1984.0000,1984.0000,1984.0000,1984.0000,1984.0000,1984.0000,1984.0000,1984.0000,1984.0000,1984.0000,1984.0000,1984.0000,1984.0000
2024-12-05 14:28:36, , , ,46.8000,1984.0000,1984.0000,1984.0000,1984.0000,1984.0000,1984.0000,1984.0000,1984.0000,1984.0000,1984.0000,1984.0000,1984.0000,1984.0000,1984.0000
2024-12-05 14:28:36, , , ,47.1000,1984.0000,1984.0000,1984.0000,1984.0000,1984.0000,1984.0000,1984.0000,1984.0000,1984.0000,1984.0000,1984.0000,1984.0000,1984.0000,1984.0000
2024-12-05 14:28:36, , , ,47.1000,1984.0000,1984.0000,1984.0000,1984.0000,1984.0000,1984.0000,1984.0000,1984.0000,1984.0000,1984.0000,1984.0000,1984.0000,1984.0000,1984.0000
2024-12-05 14:28:36, , , ,47.2000,1984.0000,1984.0000,1984.0000,1984.0000,1984.0000,1984.0000,1984.0000,1984.0000,1984.0000,1984.0000,1984.0000,1984.0000,1984.0000,1984.0000
2024-12-05 14:28:36, , , ,47.2000,1984.0000,1984.0000,1984.0000,1984.0000,1984.0000,1984.0000,1984.0000,1984.0000,1984.0000,1984.0000,1984.0000,1984.0000,1984.0000,1984.0000
2024-12-05 14:28:37, , , ,47.1000,1984.0000,1984.0000,1984.0000,1984.0000,1984.0000,1984.0000,1984.0000,1984.0000,1984.0000,1984.0000,1984.0000,1984.0000,1984.0000,1984.0000
2024-12-05 14:28:37, , , ,47.1000,1984.0000,1984.0000,1984.0000,1984.0000,1984.0000,1984.0000,1984.0000,1984.0000,1984.0000,1984.0000,1984.0000,1984.0000,1984.0000,1984.0000
2024-12-05 14:28:37, , , ,47.1000,1984.0000,1984.0000,1984.0000,1984.0000,1984.0000,1984.0000,1984.0000,1984.0000,1984.0000,1984.0000,1984.0000,1984.0000,1984.0000,1984.0000
2024-12-05 14:28:37, , , ,47.0000,1984.0000,1984.0000,1984.0000,1984.0000,1984.0000,1984.0000,1984.0000,1984.0000,1984.0000,1984.0000,1984.0000,1984.0000,1984.0000,1984.0000
2024-12-05 14:28:37, , , ,47.0000,1984.0000,1984.0000,1984.0000,1984.0000,1984.0000,1984.0000,1984.0000,1984.0000,1984.0000,1984.0000,1984.0000,1984.0000,1984.0000,1984.0000
2024-12-05 14:28:37, , , ,47.0000,1984.0000,1984.0000,1984.0000,1984.0000,1984.0000,1984.0000,1984.0000,1984.0000,1984.0000,1984.0000,1984.0000,1984.0000,1984.0000,1984.0000
2024-12-05 14:28:38, , , ,47.0000,1984.0000,1984.0000,1984.0000,1984.0000,1984.0000,1984.0000,1984.0000,1984.0000,1984.0000,1984.0000,1984.0000,1984.0000,1984.0000,1984.0000
2024-12-05 14:28:38, , , ,46.9000,1984.0000,1984.0000,1984.0000,1984.0000,1984.0000,1984.0000,1984.0000,1984.0000,1984.0000,1984.0000,1984.0000,1984.0000,1984.0000,1984.0000
2024-12-05 14:28:38, , , ,46.9000,1984.0000,1984.0000,1984.0000,1984.0000,1984.0000,1984.0000,1984.0000,1984.0000,1984.0000,1984.0000,1984.0000,1984.0000,1984.0000,1984.0000
2024-12-05 14:28:38, , , ,46.9000,1984.0000,1984.0000,1984.0000,1984.0000,1984.0000,1984.0000,1984.0000,1984.0000,1984.0000,1984.0000,1984.0000,1984.0000,1984.0000,1984.0000
2024-12-05 14:28:38, , , ,46.8000,1984.0000,1984.0000,1984.0000,1984.0000,1984.0000,1984.0000,1984.0000,1984.0000,1984.0000,1984.0000,1984.0000,1984.0000,1984.0000,1984.0000
2024-12-05 14:28:38, , , ,46.8000,1984.0000,1984.0000,1984.0000,1984.0000,1984.0000,1984.0000,1984.0000,1984.0000,1984.0000,1984.0000,1984.0000,1984.0000,1984.0000,1984.0000
2024-12-05 14:28:39, , , ,46.8000,1984.0000,1984.0000,1984.0000,1984.0000,1984.0000,1984.0000,1984.0000,1984.0000,1984.0000,1984.0000,1984.0000,1984.0000,1984.0000,1984.0000
2024-12-05 14:28:39, , , ,46.8000,1984.0000,1984.0000,1984.0000,1984.0000,1984.0000,1984.0000,1984.0000,1984.0000,1984.0000,1984.0000,1984.0000,1984.0000,1984.0000,1984.0000
2024-12-05 14:28:39, , , ,46.7000,1984.0000,1984.0000,1984.0000,1984.0000,1984.0000,1984.0000,1984.0000,1984.0000,1984.0000,1984.0000,1984.0000,1984.0000,1984.0000,1984.0000
2024-12-05 14:28:39, , , ,46.7000,1984.0000,1984.0000,1984.0000,1984.0000,1984.0000,1984.0000,1984.0000,1984.0000,1984.0000,1984.0000,1984.0000,1984.0000,1984.0000,1984.0000
2024-12-05 14:28:39, , , ,46.7000,1984.0000,1984.0000,1984.0000,1984.0000,1984.0000,1984.0000,1984.0000,1984.0000,1984.0000,1984.0000,1984.0000,1984.0000,1984.0000,1984.0000
2024-12-05 14:28:39, , , ,46.7000,1984.0000,1984.0000,1984.0000,1984.0000,1984.0000,1984.0000,1984.0000,1984.0000,1984.0000,1984.0000,1984.0000,1984.0000,1984.0000,1984.0000
2024-12-05 14:28:40, , , ,46.7000,1984.0000,1984.0000,1984.0000,1984.0000,1984.0000,1984.0000,1984.0000,1984.0000,1984.0000,1984.0000,1984.0000,1984.0000,1984.0000,1984.0000
2024-12-05 14:28:40, , , ,46.7000,1984.0000,1984.0000,1984.0000,1984.0000,1984.0000,1984.0000,1984.0000,1984.0000,1984.0000,1984.0000,1984.0000,1984.0000,1984.0000,1984.0000
2024-12-05 14:28:40, , , ,46.7000,1984.0000,1984.0000,1984.0000,1984.0000,1984.0000,1984.0000,1984.0000,1984.0000,1984.0000,1984.0000,1984.0000,1984.0000,1984.0000,1984.0000
2024-12-05 14:28:40, , , ,46.7000,1984.0000,1984.0000,1984.0000,1984.0000,1984.0000,1984.0000,1984.0000,1984.0000,1984.0000,1984.0000,1984.0000,1984.0000,1984.0000,1984.0000
2024-12-05 14:28:40, , , ,46.7000,1984.0000,1984.0000,1984.0000,1984.0000,1984.0000,1984.0000,1984.0000,1984.0000,1984.0000,1984.0000,1984.0000,1984.0000,1984.0000,1984.0000
2024-12-05 14:28:40, , , ,46.6000,1984.0000,1984.0000,1984.0000,1984.0000,1984.0000,1984.0000,1984.0000,1984.0000,1984.0000,1984.0000,1984.0000,1984.0000,1984.0000,1984.0000
2024-12-05 14:28:41, , , ,46.6000,1984.0000,1984.0000,1984.0000,1984.0000,1984.0000,1984.0000,1984.0000,1984.0000,1984.0000,1984.0000,1984.0000,1984.0000,1984.0000,1984.0000
2024-12-05 14:28:41, , , ,46.6000,1984.0000,1984.0000,1984.0000,1984.0000,1984.0000,1984.0000,1984.0000,1984.0000,1984.0000,1984.0000,1984.0000,1984.0000,1984.0000,1984.0000
2024-12-05 14:28:41, , , ,46.6000,1984.0000,1984.0000,1984.0000,1984.0000,1984.0000,1984.0000,1984.0000,1984.0000,1984.0000,1984.0000,1984.0000,1984.0000,1984.0000,1984.0000
2024-12-05 14:28:41, , , ,46.6000,1984.0000,1984.0000,1984.0000,1984.0000,1984.0000,1984.0000,1984.0000,1984.0000,1984.0000,1984.0000,1984.0000,1984.0000,1984.0000,1984.0000
2024-12-05 14:28:41, , , ,46.6000,1984.0000,1984.0000,1984.0000,1984.0000,1984.0000,1984.0000,1984.0000,1984.0000,1984.0000,1984.0000,1984.0000,1984.0000,1984.0000,1984.0000
2024-12-05 14:28:41, , , ,46.6000,1984.0000,1984.0000,1984.0000,1984.0000,1984.0000,1984.0000,1984.0000,1984.0000,1984.0000,1984.0000,1984.0000,1984.0000,1984.0000,1984.0000
2024-12-05 14:28:42, , , ,46.6000,1984.0000,1984.0000,1984.0000,1984.0000,1984.0000,1984.0000,1984.0000,1984.0000,1984.0000,1984.0000,1984.0000,1984.0000,1984.0000,1984.0000
2024-12-05 14:28:42, , , ,46.6000,1984.0000,1984.0000,1984.0000,1984.0000,1984.0000,1984.0000,1984.0000,1984.0000,1984.0000,1984.0000,1984.0000,1984.0000,1984.0000,1984.0000
2024-12-05 14:28:42, , , ,46.6000,1984.0000,1984.0000,1984.0000,1984.0000,1984.0000,1984.0000,1984.0000,1984.0000,1984.0000,1984.0000,1984.0000,1984.0000,1984.0000,1984.0000
2024-12-05 14:28:42, , , ,46.6000,1984.0000,1984.0000,1984.0000,1984.0000,1984.0000,1984.0000,1984.0000,1984.0000,1984.0000,1984.0000,1984.0000,1984.0000,1984.0000,1984.0000
2024-12-05 14:28:42, , , ,46.6000,1984.0000,1984.0000,1984.0000,1984.0000,1984.0000,1984.0000,1984.0000,1984.0000,1984.0000,1984.0000,1984.0000,1984.0000,1984.0000,1984.0000
2024-12-05 14:28:42, , , ,46.6000,1984.0000,1984.0000,1984.0000,1984.0000,1984.0000,1984.0000,1984.0000,1984.0000,1984.0000,1984.0000,1984.0000,1984.0000,1984.0000,1984.0000
2024-12-05 14:28:43, , , ,46.5000,1984.0000,1984.0000,1984.0000,1984.0000,1984.0000,1984.0000,1984.0000,1984.0000,1984.0000,1984.0000,1984.0000,1984.0000,1984.0000,1984.0000
2024-12-05 14:28:43, , , ,46.5000,1984.0000,1984.0000,1984.0000,1984.0000,1984.0000,1984.0000,1984.0000,1984.0000,1984.0000,1984.0000,1984.0000,1984.0000,1984.0000,1984.0000
2024-12-05 14:28:43, , , ,46.5000,1984.0000,1984.0000,1984.0000,1984.0000,1984.0000,1984.0000,1984.0000,1984.0000,1984.0000,1984.0000,1984.0000,1984.0000,1984.0000,1984.0000
2024-12-05 14:28:43, , , ,46.5000,1984.0000,1984.0000,1984.0000,1984.0000,1984.0000,1984.0000,1984.0000,1984.0000,1984.0000,1984.0000,1984.0000,1984.0000,1984.0000,1984.0000
2024-12-05 14:28:43, , , ,46.5000,1984.0000,1984.0000,1984.0000,1984.0000,1984.0000,1984.0000,1984.0000,1984.0000,1984.0000,1984.0000,1984.0000,1984.0000,1984.0000,1984.0000
2024-12-05 14:28:43, , , ,46.5000,1984.0000,1984.0000,1984.0000,1984.0000,1984.0000,1984.0000,1984.0000,1984.0000,1984.0000,1984.0000,1984.0000,1984.0000,1984.0000,1984.0000
2024-12-05 14:28:44, , , ,46.4000,1984.0000,1984.0000,1984.0000,1984.0000,1984.0000,1984.0000,1984.0000,1984.0000,1984.0000,1984.0000,1984.0000,1984.0000,1984.0000,1984.0000
2024-12-05 14:28:44, , , ,46.4000,1984.0000,1984.0000,1984.0000,1984.0000,1984.0000,1984.0000,1984.0000,1984.0000,1984.0000,1984.0000,1984.0000,1984.0000,1984.0000,1984.0000
2024-12-05 14:28:44, , , ,46.4000,1984.0000,1984.0000,1984.0000,1984.0000,1984.0000,1984.0000,1984.0000,1984.0000,1984.0000,1984.0000,1984.0000,1984.0000,1984.0000,1984.0000
2024-12-05 14:28:44, , , ,46.4000,1984.0000,1984.0000,1984.0000,1984.0000,1984.0000,1984.0000,1984.0000,1984.0000,1984.0000,1984.0000,1984.0000,1984.0000,1984.0000,1984.0000
2024-12-05 14:28:44, , , ,46.4000,1984.0000,1984.0000,1984.0000,1984.0000,1984.0000,1984.0000,1984.0000,1984.0000,1984.0000,1984.0000,1984.0000,1984.0000,1984.0000,1984.0000
2024-12-05 14:28:44, , , ,46.4000,1984.0000,1984.0000,1984.0000,1984.0000,1984.0000,1984.0000,1984.0000,1984.0000,1984.0000,1984.0000,1984.0000,1984.0000,1984.0000,1984.0000
2024-12-05 14:28:45, , , ,46.4000,1984.0000,1984.0000,1984.0000,1984.0000,1984.0000,1984.0000,1984.0000,1984.0000,1984.0000,1984.0000,1984.0000,1984.0000,1984.0000,1984.0000
2024-12-05 14:28:45, , , ,46.4000,1984.0000,1984.0000,1984.0000,1984.0000,1984.0000,1984.0000,1984.0000,1984.0000,1984.0000,1984.0000,1984.0000,1984.0000,1984.0000,1984.0000
2024-12-05 14:28:45, , , ,46.4000,1984.0000,1984.0000,1984.0000,1984.0000,1984.0000,1984.0000,1984.0000,1984.0000,1984.0000,1984.0000,1984.0000,1984.0000,1984.0000,1984.0000
2024-12-05 14:28:45, , , ,46.4000,1984.0000,1984.0000,1984.0000,1984.0000,1984.0000,1984.0000,1984.0000,1984.0000,1984.0000,1984.0000,1984.0000,1984.0000,1984.0000,1984.0000
2024-12-05 14:28:45, , , ,46.4000,1984.0000,1984.0000,1984.0000,1984.0000,1984.0000,1984.0000,1984.0000,1984.0000,1984.0000,1984.0000,1984.0000,1984.0000,1984.0000,1984.0000
2024-12-05 14:28:45, , , ,46.4000,1984.0000,1984.0000,1984.0000,1984.0000,1984.0000,1984.0000,1984.0000,1984.0000,1984.0000,1984.0000,1984.0000,1984.0000,1984.0000,1984.0000
2024-12-05 14:28:46, , , ,46.4000,1984.0000,1984.0000,1984.0000,1984.0000,1984.0000,1984.0000,1984.0000,1984.0000,1984.0000,1984.0000,1984.0000,1984.0000,1984.0000,1984.0000
2024-12-05 14:28:46, , , ,46.3000,1984.0000,1984.0000,1984.0000,1984.0000,1984.0000,1984.0000,1984.0000,1984.0000,1984.0000,1984.0000,1984.0000,1984.0000,1984.0000,1984.0000
2024-12-05 14:28:46, , , ,46.3000,1984.0000,1984.0000,1984.0000,1984.0000,1984.0000,1984.0000,1984.0000,1984.0000,1984.0000,1984.0000,1984.0000,1984.0000,1984.0000,1984.0000
2024-12-05 14:28:46, , , ,46.3000,1984.0000,1984.0000,1984.0000,1984.0000,1984.0000,1984.0000,1984.0000,1984.0000,1984.0000,1984.0000,1984.0000,1984.0000,1984.0000,1984.0000
2024-12-05 14:28:46, , , ,46.3000,1984.0000,1984.0000,1984.0000,1984.0000,1984.0000,1984.0000,1984.0000,1984.0000,1984.0000,1984.0000,1984.0000,1984.0000,1984.0000,1984.0000
2024-12-05 14:28:46, , , ,46.3000,1984.0000,1984.0000,1984.0000,1984.0000,1984.0000,1984.0000,1984.0000,1984.0000,1984.0000,1984.0000,1984.0000,1984.0000,1984.0000,1984.0000
2024-12-05 14:28:47, , , ,46.3000,1984.0000,1984.0000,1984.0000,1984.0000,1984.0000,1984.0000,1984.0000,1984.0000,1984.0000,1984.0000,1984.0000,1984.0000,1984.0000,1984.0000
2024-12-05 14:28:47, , , ,46.7000,1984.0000,1984.0000,1984.0000,1984.0000,1984.0000,1984.0000,1984.0000,1984.0000,1984.0000,1984.0000,1984.0000,1984.0000,1984.0000,1984.0000
2024-12-05 14:28:47, , , ,46.9000,1984.0000,1984.0000,1984.0000,1984.0000,1984.0000,1984.0000,1984.0000,1984.0000,1984.0000,1984.0000,1984.0000,1984.0000,1984.0000,1984.0000
2024-12-05 14:28:47, , , ,47.2000,1984.0000,1984.0000,1984.0000,1984.0000,1984.0000,1984.0000,1984.0000,1984.0000,1984.0000,1984.0000,1984.0000,1984.0000,1984.0000,1984.0000
2024-12-05 14:28:47, , , ,47.3000,1984.0000,1984.0000,1984.0000,1984.0000,1984.0000,1984.0000,1984.0000,1984.0000,1984.0000,1984.0000,1984.0000,1984.0000,1984.0000,1984.0000
2024-12-05 14:28:47, , , ,47.3000,1984.0000,1984.0000,1984.0000,1984.0000,1984.0000,1984.0000,1984.0000,1984.0000,1984.0000,1984.0000,1984.0000,1984.0000,1984.0000,1984.0000
2024-12-05 14:28:48, , , ,47.3000,1984.0000,1984.0000,1984.0000,1984.0000,1984.0000,1984.0000,1984.0000,1984.0000,1984.0000,1984.0000,1984.0000,1984.0000,1984.0000,1984.0000
2024-12-05 14:28:48, , , ,47.3000,1984.0000,1984.0000,1984.0000,1984.0000,1984.0000,1984.0000,1984.0000,1984.0000,1984.0000,1984.0000,1984.0000,1984.0000,1984.0000,1984.0000
2024-12-05 14:28:48, , , ,47.3000,1984.0000,1984.0000,1984.0000,1984.0000,1984.0000,1984.0000,1984.0000,1984.0000,1984.0000,1984.0000,1984.0000,1984.0000,1984.0000,1984.0000
2024-12-05 14:28:48, , , ,47.3000,1984.0000,1984.0000,1984.0000,1984.0000,1984.0000,1984.0000,1984.0000,1984.0000,1984.0000,1984.0000,1984.0000,1984.0000,1984.0000,1984.0000
2024-12-05 14:28:48, , , ,47.3000,1984.0000,1984.0000,1984.0000,1984.0000,1984.0000,1984.0000,1984.0000,1984.0000,1984.0000,1984.0000,1984.0000,1984.0000,1984.0000,1984.0000
2024-12-05 14:28:48, , , ,47.3000,1984.0000,1984.0000,1984.0000,1984.0000,1984.0000,1984.0000,1984.0000,1984.0000,1984.0000,1984.0000,1984.0000,1984.0000,1984.0000,1984.0000
2024-12-05 14:28:49, , , ,47.3000,1984.0000,1984.0000,1984.0000,1984.0000,1984.0000,1984.0000,1984.0000,1984.0000,1984.0000,1984.0000,1984.0000,1984.0000,1984.0000,1984.0000
2024-12-05 14:28:49, , , ,47.2000,1984.0000,1984.0000,1984.0000,1984.0000,1984.0000,1984.0000,1984.0000,1984.0000,1984.0000,1984.0000,1984.0000,1984.0000,1984.0000,1984.0000
2024-12-05 14:28:49, , , ,47.2000,1984.0000,1984.0000,1984.0000,1984.0000,1984.0000,1984.0000,1984.0000,1984.0000,1984.0000,1984.0000,1984.0000,1984.0000,1984.0000,1984.0000
2024-12-05 14:28:49, , , ,47.1000,1984.0000,1984.0000,1984.0000,1984.0000,1984.0000,1984.0000,1984.0000,1984.0000,1984.0000,1984.0000,1984.0000,1984.0000,1984.0000,1984.0000
2024-12-05 14:28:49, , , ,47.1000,1984.0000,1984.0000,1984.0000,1984.0000,1984.0000,1984.0000,1984.0000,1984.0000,1984.0000,1984.0000,1984.0000,1984.0000,1984.0000,1984.0000
2024-12-05 14:28:49, , , ,47.1000,1984.0000,1984.0000,1984.0000,1984.0000,1984.0000,1984.0000,1984.0000,1984.0000,1984.0000,1984.0000,1984.0000,1984.0000,1984.0000,1984.0000
2024-12-05 14:28:50, , , ,47.1000,1984.0000,1984.0000,1984.0000,1984.0000,1984.0000,1984.0000,1984.0000,1984.0000,1984.0000,1984.0000,1984.0000,1984.0000,1984.0000,1984.0000
2024-12-05 14:28:50, , , ,47.0000,1984.0000,1984.0000,1984.0000,1984.0000,1984.0000,1984.0000,1984.0000,1984.0000,1984.0000,1984.0000,1984.0000,1984.0000,1984.0000,1984.0000
2024-12-05 14:28:50, , , ,46.9000,1984.0000,1984.0000,1984.0000,1984.0000,1984.0000,1984.0000,1984.0000,1984.0000,1984.0000,1984.0000,1984.0000,1984.0000,1984.0000,1984.0000
2024-12-05 14:28:50, , , ,46.9000,1984.0000,1984.0000,1984.0000,1984.0000,1984.0000,1984.0000,1984.0000,1984.0000,1984.0000,1984.0000,1984.0000,1984.0000,1984.0000,1984.0000
2024-12-05 14:28:50, , , ,46.9000,1984.0000,1984.0000,1984.0000,1984.0000,1984.0000,1984.0000,1984.0000,1984.0000,1984.0000,1984.0000,1984.0000,1984.0000,1984.0000,1984.0000
2024-12-05 14:28:50, , , ,46.9000,1984.0000,1984.0000,1984.0000,1984.0000,1984.0000,1984.0000,1984.0000,1984.0000,1984.0000,1984.0000,1984.0000,1984.0000,1984.0000,1984.0000
2024-12-05 14:28:51, , , ,46.9000,1984.0000,1984.0000,1984.0000,1984.0000,1984.0000,1984.0000,1984.0000,1984.0000,1984.0000,1984.0000,1984.0000,1984.0000,1984.0000,1984.0000
2024-12-05 14:28:51, , , ,46.9000,1984.0000,1984.0000,1984.0000,1984.0000,1984.0000,1984.0000,1984.0000,1984.0000,1984.0000,1984.0000,1984.0000,1984.0000,1984.0000,1984.0000
2024-12-05 14:28:51, , , ,46.9000,1984.0000,1984.0000,1984.0000,1984.0000,1984.0000,1984.0000,1984.0000,1984.0000,1984.0000,1984.0000,1984.0000,1984.0000,1984.0000,1984.0000
2024-12-05 14:28:51, , , ,46.9000,1984.0000,1984.0000,1984.0000,1984.0000,1984.0000,1984.0000,1984.0000,1984.0000,1984.0000,1984.0000,1984.0000,1984.0000,1984.0000,1984.0000
2024-12-05 14:28:51, , , ,46.9000,1984.0000,1984.0000,1984.0000,1984.0000,1984.0000,1984.0000,1984.0000,1984.0000,1984.0000,1984.0000,1984.0000,1984.0000,1984.0000,1984.0000
2024-12-05 14:28:51, , , ,46.9000,1984.0000,1984.0000,1984.0000,1984.0000,1984.0000,1984.0000,1984.0000,1984.0000,1984.0000,1984.0000,1984.0000,1984.0000,1984.0000,1984.0000
2024-12-05 14:28:52, , , ,46.9000,1984.0000,1984.0000,1984.0000,1984.0000,1984.0000,1984.0000,1984.0000,1984.0000,1984.0000,1984.0000,1984.0000,1984.0000,1984.0000,1984.0000
2024-12-05 14:28:52, , , ,46.9000,1984.0000,1984.0000,1984.0000,1984.0000,1984.0000,1984.0000,1984.0000,1984.0000,1984.0000,1984.0000,1984.0000,1984.0000,1984.0000,1984.0000
2024-12-05 14:28:52, , , ,46.9000,1984.0000,1984.0000,1984.0000,1984.0000,1984.0000,1984.0000,1984.0000,1984.0000,1984.0000,1984.0000,1984.0000,1984.0000,1984.0000,1984.0000
2024-12-05 14:28:52, , , ,46.9000,1984.0000,1984.0000,1984.0000,1984.0000,1984.0000,1984.0000,1984.0000,1984.0000,1984.0000,1984.0000,1984.0000,1984.0000,1984.0000,1984.0000
2024-12-05 14:28:52, , , ,46.9000,1984.0000,1984.0000,1984.0000,1984.0000,1984.0000,1984.0000,1984.0000,1984.0000,1984.0000,1984.0000,1984.0000,1984.0000,1984.0000,1984.0000
2024-12-05 14:28:52, , , ,46.9000,1984.0000,1984.0000,1984.0000,1984.0000,1984.0000,1984.0000,1984.0000,1984.0000,1984.0000,1984.0000,1984.0000,1984.0000,1984.0000,1984.0000
2024-12-05 14:28:53, , , ,46.8000,1984.0000,1984.0000,1984.0000,1984.0000,1984.0000,1984.0000,1984.0000,1984.0000,1984.0000,1984.0000,1984.0000,1984.0000,1984.0000,1984.0000
2024-12-05 14:28:53, , , ,46.7000,1984.0000,1984.0000,1984.0000,1984.0000,1984.0000,1984.0000,1984.0000,1984.0000,1984.0000,1984.0000,1984.0000,1984.0000,1984.0000,1984.0000
2024-12-05 14:28:53, , , ,46.7000,1984.0000,1984.0000,1984.0000,1984.0000,1984.0000,1984.0000,1984.0000,1984.0000,1984.0000,1984.0000,1984.0000,1984.0000,1984.0000,1984.0000
2024-12-05 14:28:53, , , ,46.7000,1984.0000,1984.0000,1984.0000,1984.0000,1984.0000,1984.0000,1984.0000,1984.0000,1984.0000,1984.0000,1984.0000,1984.0000,1984.0000,1984.0000
2024-12-05 14:28:53, , , ,46.7000,1984.0000,1984.0000,1984.0000,1984.0000,1984.0000,1984.0000,1984.0000,1984.0000,1984.0000,1984.0000,1984.0000,1984.0000,1984.0000,1984.0000
2024-12-05 14:28:53, , , ,46.7000,1984.0000,1984.0000,1984.0000,1984.0000,1984.0000,1984.0000,1984.0000,1984.0000,1984.0000,1984.0000,1984.0000,1984.0000,1984.0000,1984.0000
2024-12-05 14:28:54, , , ,46.6000,1984.0000,1984.0000,1984.0000,1984.0000,1984.0000,1984.0000,1984.0000,1984.0000,1984.0000,1984.0000,1984.0000,1984.0000,1984.0000,1984.0000
2024-12-05 14:28:54, , , ,46.6000,1984.0000,1984.0000,1984.0000,1984.0000,1984.0000,1984.0000,1984.0000,1984.0000,1984.0000,1984.0000,1984.0000,1984.0000,1984.0000,1984.0000
2024-12-05 14:28:54, , , ,46.6000,1984.0000,1984.0000,1984.0000,1984.0000,1984.0000,1984.0000,1984.0000,1984.0000,1984.0000,1984.0000,1984.0000,1984.0000,1984.0000,1984.0000
2024-12-05 14:28:54, , , ,46.6000,1984.0000,1984.0000,1984.0000,1984.0000,1984.0000,1984.0000,1984.0000,1984.0000,1984.0000,1984.0000,1984.0000,1984.0000,1984.0000,1984.0000
2024-12-05 14:28:54, , , ,46.6000,1984.0000,1984.0000,1984.0000,1984.0000,1984.0000,1984.0000,1984.0000,1984.0000,1984.0000,1984.0000,1984.0000,1984.0000,1984.0000,1984.0000
2024-12-05 14:28:54, , , ,46.6000,1984.0000,1984.0000,1984.0000,1984.0000,1984.0000,1984.0000,1984.0000,1984.0000,1984.0000,1984.0000,1984.0000,1984.0000,1984.0000,1984.0000
2024-12-05 14:28:55, , , ,46.6000,1984.0000,1984.0000,1984.0000,1984.0000,1984.0000,1984.0000,1984.0000,1984.0000,1984.0000,1984.0000,1984.0000,1984.0000,1984.0000,1984.0000
2024-12-05 14:28:55, , , ,46.6000,1984.0000,1984.0000,1984.0000,1984.0000,1984.0000,1984.0000,1984.0000,1984.0000,1984.0000,1984.0000,1984.0000,1984.0000,1984.0000,1984.0000
2024-12-05 14:28:55, , , ,46.6000,1984.0000,1984.0000,1984.0000,1984.0000,1984.0000,1984.0000,1984.0000,1984.0000,1984.0000,1984.0000,1984.0000,1984.0000,1984.0000,1984.0000
2024-12-05 14:28:55, , , ,46.6000,1984.0000,1984.0000,1984.0000,1984.0000,1984.0000,1984.0000,1984.0000,1984.0000,1984.0000,1984.0000,1984.0000,1984.0000,1984.0000,1984.0000
2024-12-05 14:28:55, , , ,46.6000,1984.0000,1984.0000,1984.0000,1984.0000,1984.0000,1984.0000,1984.0000,1984.0000,1984.0000,1984.0000,1984.0000,1984.0000,1984.0000,1984.0000
2024-12-05 14:28:55, , , ,46.6000,1984.0000,1984.0000,1984.0000,1984.0000,1984.0000,1984.0000,1984.0000,1984.0000,1984.0000,1984.0000,1984.0000,1984.0000,1984.0000,1984.0000
2024-12-05 14:28:56, , , ,46.6000,1984.0000,1984.0000,1984.0000,1984.0000,1984.0000,1984.0000,1984.0000,1984.0000,1984.0000,1984.0000,1984.0000,1984.0000,1984.0000,1984.0000
2024-12-05 14:28:56, , , ,46.6000,1984.0000,1984.0000,1984.0000,1984.0000,1984.0000,1984.0000,1984.0000,1984.0000,1984.0000,1984.0000,1984.0000,1984.0000,1984.0000,1984.0000
2024-12-05 14:28:56, , , ,46.6000,1984.0000,1984.0000,1984.0000,1984.0000,1984.0000,1984.0000,1984.0000,1984.0000,1984.0000,1984.0000,1984.0000,1984.0000,1984.0000,1984.0000
2024-12-05 14:28:56, , , ,46.6000,1984.0000,1984.0000,1984.0000,1984.0000,1984.0000,1984.0000,1984.0000,1984.0000,1984.0000,1984.0000,1984.0000,1984.0000,1984.0000,1984.0000
2024-12-05 14:28:56, , , ,46.6000,1984.0000,1984.0000,1984.0000,1984.0000,1984.0000,1984.0000,1984.0000,1984.0000,1984.0000,1984.0000,1984.0000,1984.0000,1984.0000,1984.0000
2024-12-05 14:28:56, , , ,46.5000,1984.0000,1984.0000,1984.0000,1984.0000,1984.0000,1984.0000,1984.0000,1984.0000,1984.0000,1984.0000,1984.0000,1984.0000,1984.0000,1984.0000
2024-12-05 14:28:57, , , ,46.4000,1984.0000,1984.0000,1984.0000,1984.0000,1984.0000,1984.0000,1984.0000,1984.0000,1984.0000,1984.0000,1984.0000,1984.0000,1984.0000,1984.0000
2024-12-05 14:28:57, , , ,46.4000,1984.0000,1984.0000,1984.0000,1984.0000,1984.0000,1984.0000,1984.0000,1984.0000,1984.0000,1984.0000,1984.0000,1984.0000,1984.0000,1984.0000
2024-12-05 14:28:57, , , ,46.4000,1984.0000,1984.0000,1984.0000,1984.0000,1984.0000,1984.0000,1984.0000,1984.0000,1984.0000,1984.0000,1984.0000,1984.0000,1984.0000,1984.0000
2024-12-05 14:28:57, , , ,46.4000,1984.0000,1984.0000,1984.0000,1984.0000,1984.0000,1984.0000,1984.0000,1984.0000,1984.0000,1984.0000,1984.0000,1984.0000,1984.0000,1984.0000
2024-12-05 14:28:57, , , ,46.4000,1984.0000,1984.0000,1984.0000,1984.0000,1984.0000,1984.0000,1984.0000,1984.0000,1984.0000,1984.0000,1984.0000,1984.0000,1984.0000,1984.0000
2024-12-05 14:28:57, , , ,46.3000,1984.0000,1984.0000,1984.0000,1984.0000,1984.0000,1984.0000,1984.0000,1984.0000,1984.0000,1984.0000,1984.0000,1984.0000,1984.0000,1984.0000
2024-12-05 14:28:58, , , ,46.3000,1984.0000,1984.0000,1984.0000,1984.0000,1984.0000,1984.0000,1984.0000,1984.0000,1984.0000,1984.0000,1984.0000,1984.0000,1984.0000,1984.0000
2024-12-05 14:28:58, , , ,46.5000,1984.0000,1984.0000,1984.0000,1984.0000,1984.0000,1984.0000,1984.0000,1984.0000,1984.0000,1984.0000,1984.0000,1984.0000,1984.0000,1984.0000
2024-12-05 14:28:58, , , ,46.7000,1984.0000,1984.0000,1984.0000,1984.0000,1984.0000,1984.0000,1984.0000,1984.0000,1984.0000,1984.0000,1984.0000,1984.0000,1984.0000,1984.0000
2024-12-05 14:28:58, , , ,46.9000,1984.0000,1984.0000,1984.0000,1984.0000,1984.0000,1984.0000,1984.0000,1984.0000,1984.0000,1984.0000,1984.0000,1984.0000,1984.0000,1984.0000
2024-12-05 14:28:58, , , ,47.2000,1984.0000,1984.0000,1984.0000,1984.0000,1984.0000,1984.0000,1984.0000,1984.0000,1984.0000,1984.0000,1984.0000,1984.0000,1984.0000,1984.0000
2024-12-05 14:28:58, , , ,47.3000,1984.0000,1984.0000,1984.0000,1984.0000,1984.0000,1984.0000,1984.0000,1984.0000,1984.0000,1984.0000,1984.0000,1984.0000,1984.0000,1984.0000
2024-12-05 14:28:59, , , ,47.3000,1984.0000,1984.0000,1984.0000,1984.0000,1984.0000,1984.0000,1984.0000,1984.0000,1984.0000,1984.0000,1984.0000,1984.0000,1984.0000,1984.0000
2024-12-05 14:28:59, , , ,47.3000,1984.0000,1984.0000,1984.0000,1984.0000,1984.0000,1984.0000,1984.0000,1984.0000,1984.0000,1984.0000,1984.0000,1984.0000,1984.0000,1984.0000
2024-12-05 14:28:59, , , ,47.3000,1984.0000,1984.0000,1984.0000,1984.0000,1984.0000,1984.0000,1984.0000,1984.0000,1984.0000,1984.0000,1984.0000,1984.0000,1984.0000,1984.0000
2024-12-05 14:28:59, , , ,47.3000,1984.0000,1984.0000,1984.0000,1984.0000,1984.0000,1984.0000,1984.0000,1984.0000,1984.0000,1984.0000,1984.0000,1984.0000,1984.0000,1984.0000
2024-12-05 14:28:59, , , ,47.3000,1984.0000,1984.0000,1984.0000,1984.0000,1984.0000,1984.0000,1984.0000,1984.0000,1984.0000,1984.0000,1984.0000,1984.0000,1984.0000,1984.0000
2024-12-05 14:28:59, , , ,47.3000,1984.0000,1984.0000,1984.0000,1984.0000,1984.0000,1984.0000,1984.0000,1984.0000,1984.0000,1984.0000,1984.0000,1984.0000,1984.0000,1984.0000
2024-12-05 14:28:59, , , ,47.3000,1984.0000,1984.0000,1984.0000,1984.0000,1984.0000,1984.0000,1984.0000,1984.0000,1984.0000,1984.0000,1984.0000,1984.0000,1984.0000,1984.0000
2024-12-05 14:29:00, , , ,47.3000,1984.0000,1984.0000,1984.0000,1984.0000,1984.0000,1984.0000,1984.0000,1984.0000,1984.0000,1984.0000,1984.0000,1984.0000,1984.0000,1984.0000
2024-12-05 14:29:00, , , ,47.3000,1984.0000,1984.0000,1984.0000,1984.0000,1984.0000,1984.0000,1984.0000,1984.0000,1984.0000,1984.0000,1984.0000,1984.0000,1984.0000,1984.0000
2024-12-05 14:29:00, , , ,47.3000,1984.0000,1984.0000,1984.0000,1984.0000,1984.0000,1984.0000,1984.0000,1984.0000,1984.0000,1984.0000,1984.0000,1984.0000,1984.0000,1984.0000
2024-12-05 14:29:00, , , ,47.3000,1984.0000,1984.0000,1984.0000,1984.0000,1984.0000,1984.0000,1984.0000,1984.0000,1984.0000,1984.0000,1984.0000,1984.0000,1984.0000,1984.0000
2024-12-05 14:29:00, , , ,47.2000,1984.0000,1984.0000,1984.0000,1984.0000,1984.0000,1984.0000,1984.0000,1984.0000,1984.0000,1984.0000,1984.0000,1984.0000,1984.0000,1984.0000
2024-12-05 14:29:00, , , ,47.2000,1984.0000,1984.0000,1984.0000,1984.0000,1984.0000,1984.0000,1984.0000,1984.0000,1984.0000,1984.0000,1984.0000,1984.0000,1984.0000,1984.0000
2024-12-05 14:29:01, , , ,47.2000,1984.0000,1984.0000,1984.0000,1984.0000,1984.0000,1984.0000,1984.0000,1984.0000,1984.0000,1984.0000,1984.0000,1984.0000,1984.0000,1984.0000
2024-12-05 14:29:01, , , ,47.2000,1984.0000,1984.0000,1984.0000,1984.0000,1984.0000,1984.0000,1984.0000,1984.0000,1984.0000,1984.0000,1984.0000,1984.0000,1984.0000,1984.0000
2024-12-05 14:29:01, , , ,47.1000,1984.0000,1984.0000,1984.0000,1984.0000,1984.0000,1984.0000,1984.0000,1984.0000,1984.0000,1984.0000,1984.0000,1984.0000,1984.0000,1984.0000
2024-12-05 14:29:01, , , ,47.0000,1984.0000,1984.0000,1984.0000,1984.0000,1984.0000,1984.0000,1984.0000,1984.0000,1984.0000,1984.0000,1984.0000,1984.0000,1984.0000,1984.0000
2024-12-05 14:29:01, , , ,46.9000,1984.0000,1984.0000,1984.0000,1984.0000,1984.0000,1984.0000,1984.0000,1984.0000,1984.0000,1984.0000,1984.0000,1984.0000,1984.0000,1984.0000
2024-12-05 14:29:01, , , ,46.9000,1984.0000,1984.0000,1984.0000,1984.0000,1984.0000,1984.0000,1984.0000,1984.0000,1984.0000,1984.0000,1984.0000,1984.0000,1984.0000,1984.0000
2024-12-05 14:29:02, , , ,46.9000,1984.0000,1984.0000,1984.0000,1984.0000,1984.0000,1984.0000,1984.0000,1984.0000,1984.0000,1984.0000,1984.0000,1984.0000,1984.0000,1984.0000
2024-12-05 14:29:02, , , ,46.9000,1984.0000,1984.0000,1984.0000,1984.0000,1984.0000,1984.0000,1984.0000,1984.0000,1984.0000,1984.0000,1984.0000,1984.0000,1984.0000,1984.0000
2024-12-05 14:29:02, , , ,46.9000,1984.0000,1984.0000,1984.0000,1984.0000,1984.0000,1984.0000,1984.0000,1984.0000,1984.0000,1984.0000,1984.0000,1984.0000,1984.0000,1984.0000
2024-12-05 14:29:02, , , ,46.9000,1984.0000,1984.0000,1984.0000,1984.0000,1984.0000,1984.0000,1984.0000,1984.0000,1984.0000,1984.0000,1984.0000,1984.0000,1984.0000,1984.0000
2024-12-05 14:29:02, , , ,46.9000,1984.0000,1984.0000,1984.0000,1984.0000,1984.0000,1984.0000,1984.0000,1984.0000,1984.0000,1984.0000,1984.0000,1984.0000,1984.0000,1984.0000
2024-12-05 14:29:02, , , ,46.9000,1984.0000,1984.0000,1984.0000,1984.0000,1984.0000,1984.0000,1984.0000,1984.0000,1984.0000,1984.0000,1984.0000,1984.0000,1984.0000,1984.0000
2024-12-05 14:29:03, , , ,46.9000,1984.0000,1984.0000,1984.0000,1984.0000,1984.0000,1984.0000,1984.0000,1984.0000,1984.0000,1984.0000,1984.0000,1984.0000,1984.0000,1984.0000
2024-12-05 14:29:03, , , ,46.8000,1984.0000,1984.0000,1984.0000,1984.0000,1984.0000,1984.0000,1984.0000,1984.0000,1984.0000,1984.0000,1984.0000,1984.0000,1984.0000,1984.0000
2024-12-05 14:29:03, , , ,46.8000,1984.0000,1984.0000,1984.0000,1984.0000,1984.0000,1984.0000,1984.0000,1984.0000,1984.0000,1984.0000,1984.0000,1984.0000,1984.0000,1984.0000
2024-12-05 14:29:03, , , ,46.8000,1984.0000,1984.0000,1984.0000,1984.0000,1984.0000,1984.0000,1984.0000,1984.0000,1984.0000,1984.0000,1984.0000,1984.0000,1984.0000,1984.0000
2024-12-05 14:29:03, , , ,46.7000,1984.0000,1984.0000,1984.0000,1984.0000,1984.0000,1984.0000,1984.0000,1984.0000,1984.0000,1984.0000,1984.0000,1984.0000,1984.0000,1984.0000
2024-12-05 14:29:03, , , ,46.7000,1984.0000,1984.0000,1984.0000,1984.0000,1984.0000,1984.0000,1984.0000,1984.0000,1984.0000,1984.0000,1984.0000,1984.0000,1984.0000,1984.0000
2024-12-05 14:29:04, , , ,46.7000,1984.0000,1984.0000,1984.0000,1984.0000,1984.0000,1984.0000,1984.0000,1984.0000,1984.0000,1984.0000,1984.0000,1984.0000,1984.0000,1984.0000
2024-12-05 14:29:04, , , ,46.7000,1984.0000,1984.0000,1984.0000,1984.0000,1984.0000,1984.0000,1984.0000,1984.0000,1984.0000,1984.0000,1984.0000,1984.0000,1984.0000,1984.0000
2024-12-05 14:29:04, , , ,46.6000,1984.0000,1984.0000,1984.0000,1984.0000,1984.0000,1984.0000,1984.0000,1984.0000,1984.0000,1984.0000,1984.0000,1984.0000,1984.0000,1984.0000
2024-12-05 14:29:04, , , ,46.6000,1984.0000,1984.0000,1984.0000,1984.0000,1984.0000,1984.0000,1984.0000,1984.0000,1984.0000,1984.0000,1984.0000,1984.0000,1984.0000,1984.0000
2024-12-05 14:29:04, , , ,46.6000,1984.0000,1984.0000,1984.0000,1984.0000,1984.0000,1984.0000,1984.0000,1984.0000,1984.0000,1984.0000,1984.0000,1984.0000,1984.0000,1984.0000
2024-12-05 14:29:04, , , ,46.6000,1984.0000,1984.0000,1984.0000,1984.0000,1984.0000,1984.0000,1984.0000,1984.0000,1984.0000,1984.0000,1984.0000,1984.0000,1984.0000,1984.0000
2024-12-05 14:29:05, , , ,46.6000,1984.0000,1984.0000,1984.0000,1984.0000,1984.0000,1984.0000,1984.0000,1984.0000,1984.0000,1984.0000,1984.0000,1984.0000,1984.0000,1984.0000
2024-12-05 14:29:05, , , ,46.6000,1984.0000,1984.0000,1984.0000,1984.0000,1984.0000,1984.0000,1984.0000,1984.0000,1984.0000,1984.0000,1984.0000,1984.0000,1984.0000,1984.0000
2024-12-05 14:29:05, , , ,46.6000,1984.0000,1984.0000,1984.0000,1984.0000,1984.0000,1984.0000,1984.0000,1984.0000,1984.0000,1984.0000,1984.0000,1984.0000,1984.0000,1984.0000
2024-12-05 14:29:05, , , ,46.6000,1984.0000,1984.0000,1984.0000,1984.0000,1984.0000,1984.0000,1984.0000,1984.0000,1984.0000,1984.0000,1984.0000,1984.0000,1984.0000,1984.0000
2024-12-05 14:29:05, , , ,46.6000,1984.0000,1984.0000,1984.0000,1984.0000,1984.0000,1984.0000,1984.0000,1984.0000,1984.0000,1984.0000,1984.0000,1984.0000,1984.0000,1984.0000
2024-12-05 14:29:05, , , ,46.6000,1984.0000,1984.0000,1984.0000,1984.0000,1984.0000,1984.0000,1984.0000,1984.0000,1984.0000,1984.0000,1984.0000,1984.0000,1984.0000,1984.0000
2024-12-05 14:29:06, , , ,46.6000,1984.0000,1984.0000,1984.0000,1984.0000,1984.0000,1984.0000,1984.0000,1984.0000,1984.0000,1984.0000,1984.0000,1984.0000,1984.0000,1984.0000
2024-12-05 14:29:06, , , ,46.6000,1984.0000,1984.0000,1984.0000,1984.0000,1984.0000,1984.0000,1984.0000,1984.0000,1984.0000,1984.0000,1984.0000,1984.0000,1984.0000,1984.0000
2024-12-05 14:29:06, , , ,46.5000,1984.0000,1984.0000,1984.0000,1984.0000,1984.0000,1984.0000,1984.0000,1984.0000,1984.0000,1984.0000,1984.0000,1984.0000,1984.0000,1984.0000
2024-12-05 14:29:06, , , ,46.4000,1984.0000,1984.0000,1984.0000,1984.0000,1984.0000,1984.0000,1984.0000,1984.0000,1984.0000,1984.0000,1984.0000,1984.0000,1984.0000,1984.0000
2024-12-05 14:29:06, , , ,46.4000,1984.0000,1984.0000,1984.0000,1984.0000,1984.0000,1984.0000,1984.0000,1984.0000,1984.0000,1984.0000,1984.0000,1984.0000,1984.0000,1984.0000
2024-12-05 14:29:06, , , ,46.4000,1984.0000,1984.0000,1984.0000,1984.0000,1984.0000,1984.0000,1984.0000,1984.0000,1984.0000,1984.0000,1984.0000,1984.0000,1984.0000,1984.0000
2024-12-05 14:29:07, , , ,46.4000,1984.0000,1984.0000,1984.0000,1984.0000,1984.0000,1984.0000,1984.0000,1984.0000,1984.0000,1984.0000,1984.0000,1984.0000,1984.0000,1984.0000
2024-12-05 14:29:07, , , ,46.3000,1984.0000,1984.0000,1984.0000,1984.0000,1984.0000,1984.0000,1984.0000,1984.0000,1984.0000,1984.0000,1984.0000,1984.0000,1984.0000,1984.0000
2024-12-05 14:29:07, , , ,46.3000,1984.0000,1984.0000,1984.0000,1984.0000,1984.0000,1984.0000,1984.0000,1984.0000,1984.0000,1984.0000,1984.0000,1984.0000,1984.0000,1984.0000
2024-12-05 14:29:07, , , ,46.3000,1984.0000,1984.0000,1984.0000,1984.0000,1984.0000,1984.0000,1984.0000,1984.0000,1984.0000,1984.0000,1984.0000,1984.0000,1984.0000,1984.0000
2024-12-05 14:29:07, , , ,46.3000,1984.0000,1984.0000,1984.0000,1984.0000,1984.0000,1984.0000,1984.0000,1984.0000,1984.0000,1984.0000,1984.0000,1984.0000,1984.0000,1984.0000
2024-12-05 14:29:07, , , ,46.3000,1984.0000,1984.0000,1984.0000,1984.0000,1984.0000,1984.0000,1984.0000,1984.0000,1984.0000,1984.0000,1984.0000,1984.0000,1984.0000,1984.0000
2024-12-05 14:29:08, , , ,46.3000,1984.0000,1984.0000,1984.0000,1984.0000,1984.0000,1984.0000,1984.0000,1984.0000,1984.0000,1984.0000,1984.0000,1984.0000,1984.0000,1984.0000
2024-12-05 14:29:08, , , ,46.2000,1984.0000,1984.0000,1984.0000,1984.0000,1984.0000,1984.0000,1984.0000,1984.0000,1984.0000,1984.0000,1984.0000,1984.0000,1984.0000,1984.0000
2024-12-05 14:29:08, , , ,46.2000,1984.0000,1984.0000,1984.0000,1984.0000,1984.0000,1984.0000,1984.0000,1984.0000,1984.0000,1984.0000,1984.0000,1984.0000,1984.0000,1984.0000
2024-12-05 14:29:08, , , ,46.2000,1984.0000,1984.0000,1984.0000,1984.0000,1984.0000,1984.0000,1984.0000,1984.0000,1984.0000,1984.0000,1984.0000,1984.0000,1984.0000,1984.0000
2024-12-05 14:29:08, , , ,46.2000,1984.0000,1984.0000,1984.0000,1984.0000,1984.0000,1984.0000,1984.0000,1984.0000,1984.0000,1984.0000,1984.0000,1984.0000,1984.0000,1984.0000
2024-12-05 14:29:08, , , ,46.2000,1984.0000,1984.0000,1984.0000,1984.0000,1984.0000,1984.0000,1984.0000,1984.0000,1984.0000,1984.0000,1984.0000,1984.0000,1984.0000,1984.0000
2024-12-05 14:29:09, , , ,46.2000,1984.0000,1984.0000,1984.0000,1984.0000,1984.0000,1984.0000,1984.0000,1984.0000,1984.0000,1984.0000,1984.0000,1984.0000,1984.0000,1984.0000
2024-12-05 14:29:09, , , ,46.2000,1984.0000,1984.0000,1984.0000,1984.0000,1984.0000,1984.0000,1984.0000,1984.0000,1984.0000,1984.0000,1984.0000,1984.0000,1984.0000,1984.0000
2024-12-05 14:29:09, , , ,46.4000,1984.0000,1984.0000,1984.0000,1984.0000,1984.0000,1984.0000,1984.0000,1984.0000,1984.0000,1984.0000,1984.0000,1984.0000,1984.0000,1984.0000
2024-12-05 14:29:09, , , ,46.7000,1984.0000,1984.0000,1984.0000,1984.0000,1984.0000,1984.0000,1984.0000,1984.0000,1984.0000,1984.0000,1984.0000,1984.0000,1984.0000,1984.0000
2024-12-05 14:29:09, , , ,46.9000,1984.0000,1984.0000,1984.0000,1984.0000,1984.0000,1984.0000,1984.0000,1984.0000,1984.0000,1984.0000,1984.0000,1984.0000,1984.0000,1984.0000
2024-12-05 14:29:09, , , ,47.1000,1984.0000,1984.0000,1984.0000,1984.0000,1984.0000,1984.0000,1984.0000,1984.0000,1984.0000,1984.0000,1984.0000,1984.0000,1984.0000,1984.0000
2024-12-05 14:29:10, , , ,47.1000,1984.0000,1984.0000,1984.0000,1984.0000,1984.0000,1984.0000,1984.0000,1984.0000,1984.0000,1984.0000,1984.0000,1984.0000,1984.0000,1984.0000
2024-12-05 14:29:10, , , ,47.2000,1984.0000,1984.0000,1984.0000,1984.0000,1984.0000,1984.0000,1984.0000,1984.0000,1984.0000,1984.0000,1984.0000,1984.0000,1984.0000,1984.0000
2024-12-05 14:29:10, , , ,47.2000,1984.0000,1984.0000,1984.0000,1984.0000,1984.0000,1984.0000,1984.0000,1984.0000,1984.0000,1984.0000,1984.0000,1984.0000,1984.0000,1984.0000
2024-12-05 14:29:10, , , ,47.2000,1984.0000,1984.0000,1984.0000,1984.0000,1984.0000,1984.0000,1984.0000,1984.0000,1984.0000,1984.0000,1984.0000,1984.0000,1984.0000,1984.0000
2024-12-05 14:29:10, , , ,47.2000,1984.0000,1984.0000,1984.0000,1984.0000,1984.0000,1984.0000,1984.0000,1984.0000,1984.0000,1984.0000,1984.0000,1984.0000,1984.0000,1984.0000
2024-12-05 14:29:10, , , ,47.2000,1984.0000,1984.0000,1984.0000,1984.0000,1984.0000,1984.0000,1984.0000,1984.0000,1984.0000,1984.0000,1984.0000,1984.0000,1984.0000,1984.0000
2024-12-05 14:29:11, , , ,47.2000,1984.0000,1984.0000,1984.0000,1984.0000,1984.0000,1984.0000,1984.0000,1984.0000,1984.0000,1984.0000,1984.0000,1984.0000,1984.0000,1984.0000
2024-12-05 14:29:11, , , ,47.2000,1984.0000,1984.0000,1984.0000,1984.0000,1984.0000,1984.0000,1984.0000,1984.0000,1984.0000,1984.0000,1984.0000,1984.0000,1984.0000,1984.0000
2024-12-05 14:29:11, , , ,47.2000,1984.0000,1984.0000,1984.0000,1984.0000,1984.0000,1984.0000,1984.0000,1984.0000,1984.0000,1984.0000,1984.0000,1984.0000,1984.0000,1984.0000
2024-12-05 14:29:11, , , ,47.2000,1984.0000,1984.0000,1984.0000,1984.0000,1984.0000,1984.0000,1984.0000,1984.0000,1984.0000,1984.0000,1984.0000,1984.0000,1984.0000,1984.0000
2024-12-05 14:29:11, , , ,47.1000,1984.0000,1984.0000,1984.0000,1984.0000,1984.0000,1984.0000,1984.0000,1984.0000,1984.0000,1984.0000,1984.0000,1984.0000,1984.0000,1984.0000
2024-12-05 14:29:11, , , ,47.1000,1984.0000,1984.0000,1984.0000,1984.0000,1984.0000,1984.0000,1984.0000,1984.0000,1984.0000,1984.0000,1984.0000,1984.0000,1984.0000,1984.0000
2024-12-05 14:29:12, , , ,47.0000,1984.0000,1984.0000,1984.0000,1984.0000,1984.0000,1984.0000,1984.0000,1984.0000,1984.0000,1984.0000,1984.0000,1984.0000,1984.0000,1984.0000
2024-12-05 14:29:12, , , ,47.0000,1984.0000,1984.0000,1984.0000,1984.0000,1984.0000,1984.0000,1984.0000,1984.0000,1984.0000,1984.0000,1984.0000,1984.0000,1984.0000,1984.0000
2024-12-05 14:29:12, , , ,47.0000,1984.0000,1984.0000,1984.0000,1984.0000,1984.0000,1984.0000,1984.0000,1984.0000,1984.0000,1984.0000,1984.0000,1984.0000,1984.0000,1984.0000
2024-12-05 14:29:12, , , ,47.0000,1984.0000,1984.0000,1984.0000,1984.0000,1984.0000,1984.0000,1984.0000,1984.0000,1984.0000,1984.0000,1984.0000,1984.0000,1984.0000,1984.0000
2024-12-05 14:29:12, , , ,47.0000,1984.0000,1984.0000,1984.0000,1984.0000,1984.0000,1984.0000,1984.0000,1984.0000,1984.0000,1984.0000,1984.0000,1984.0000,1984.0000,1984.0000
2024-12-05 14:29:12, , , ,46.9000,1984.0000,1984.0000,1984.0000,1984.0000,1984.0000,1984.0000,1984.0000,1984.0000,1984.0000,1984.0000,1984.0000,1984.0000,1984.0000,1984.0000
2024-12-05 14:29:13, , , ,46.9000,1984.0000,1984.0000,1984.0000,1984.0000,1984.0000,1984.0000,1984.0000,1984.0000,1984.0000,1984.0000,1984.0000,1984.0000,1984.0000,1984.0000
2024-12-05 14:29:13, , , ,46.9000,1984.0000,1984.0000,1984.0000,1984.0000,1984.0000,1984.0000,1984.0000,1984.0000,1984.0000,1984.0000,1984.0000,1984.0000,1984.0000,1984.0000
2024-12-05 14:29:13, , , ,46.9000,1984.0000,1984.0000,1984.0000,1984.0000,1984.0000,1984.0000,1984.0000,1984.0000,1984.0000,1984.0000,1984.0000,1984.0000,1984.0000,1984.0000
2024-12-05 14:29:13, , , ,46.9000,1984.0000,1984.0000,1984.0000,1984.0000,1984.0000,1984.0000,1984.0000,1984.0000,1984.0000,1984.0000,1984.0000,1984.0000,1984.0000,1984.0000
2024-12-05 14:29:13, , , ,46.9000,1984.0000,1984.0000,1984.0000,1984.0000,1984.0000,1984.0000,1984.0000,1984.0000,1984.0000,1984.0000,1984.0000,1984.0000,1984.0000,1984.0000
